Variable Name;.;.;.;Fiscal income  | tax unit | Average | Adults | constant 2015 local currency;Fiscal income  | tax unit | Total | Adults | constant 2015 local currency;Fiscal income  | tax unit | Share | Adults | share of total (ratio);Pre-tax national income  | tax unit | Share | Adults | share of total (ratio)
Variable Category;.;.;.;Income inequality;Income inequality;Income inequality;Income inequality
Variable Description;.;.;.;Average Fiscal income within a given percentile group. Fiscal income is defined as the sum of all income items reported on income tax returns, before any deduction. It includes labour income, capital income and mixed income. The concept of fiscal income varies with national tax legislations, so in order to make international comparisons it is preferable to use the concept of national income. The population is comprised of individuals over age 20. The base unit is the tax unit defined by national fiscal administrations to measure personal income taxes.;Total Fiscal income  within a given percentile group. Fiscal income is defined as the sum of all income items reported on income tax returns, before any deduction. It includes labour income, capital income and mixed income. The concept of fiscal income varies with national tax legislations, so in order to make international comparisons it is preferable to use the concept of national income. The population is comprised of individuals over age 20.;Fiscal income share held by a given percentile group. Fiscal income is defined as the sum of all income items reported on income tax returns, before any deduction. It includes labour income, capital income and mixed income. The concept of fiscal income varies with national tax legislations, so in order to make international comparisons it is preferable to use the concept of national income. The population is comprised of individuals over age 20. The base unit is the tax unit defined by national fiscal administrations to measure personal income taxes.;Pre-tax national income share held by a given percentile group. Pre-tax national income  is the sum of all pre-tax personal income flows accruing to the owners of the production factors, labor and capital, before taking into account the operation of the tax/transfer system, but after taking into account the operation of pension system. The central difference between personal factor income and pre-tax income is the treatment of pensions, which are counted on a contribution basis by factor income and on a distribution basis by pre-tax income. The population is comprised of individuals over age 20. The base unit is the tax unit defined by national fiscal administrations to measure personal income taxes.
Variable Decomposition;.;.;.;[Fiscal income ]=[Fiscal labour income ]+[Fiscal capital income ];[Fiscal income ]=[Fiscal labour income ]+[Fiscal capital income ];[Fiscal income ]=[Fiscal labour income ]+[Fiscal capital income ];Pre-tax national income =Pre-tax labor income [total pre-tax income ranking]+Pre-tax capital income [total pre-tax income ranking]
Variable Unit;.;.;.;"USD; United States dollar | local currency | market";"USD; United States dollar | local currency | market";share;share
Methodological Notes;.;.;.;;;;Assuming the same distribution as fiscal income.
Sources;.;.;.;Frank, Sommeiller, Price & Saez (2015);Frank, Sommeiller, Price & Saez (2015);Frank, Sommeiller, Price & Saez (2015);WID.world computations using: Frank, Sommeiller, Price & Saez (2015)
Variable Code;country;year;perc;afiinc992t;mfiinc992t;sfiinc992t;sptinc992t
;US-WV;2015;p0p100;42128.398;41542844463.0;1.0;1.0
;US-WV;2015;p99p100;592453.63;;0.1406;0.1406
;US-WV;2015;p99.9p100;2053747.8;;0.048700001;0.048700001
;US-WV;2015;p99.99p100;6863313.5;;0.0163;0.0163
;US-WV;2015;p90p100;190446.8;;0.45210001;0.45210001
;US-WV;2015;p90p95;124424.3;;0.1477;0.1477
;US-WV;2015;p95p99;170502.09;;0.1619;0.1619
;US-WV;2015;p99.5p99.9;564226.0;;0.053599998;0.053599998
;US-WV;2015;p99.9p99.99;1558648.1;;0.033300001;0.033300001
;US-WV;2015;p99p99.5;320483.69;;0.037999999;0.037999999
;US-WV;2015;p95p100;255370.2;;0.30309999;0.30309999
;US-WV;2015;p0p90;25709.6;;0.5492;0.5492
;US-WV;2015;p0p99;36569.5;;0.85939997;0.85939997
;US-WV;2015;p99.5p100;862315.0;;0.1023;0.1023
;US-WV;2014;p0p100;41095.5;40428246384.0;1.0;1.0
;US-WV;2014;p99p100;592354.81;;0.1445;0.1445
;US-WV;2014;p99.9p100;2237615.8;;0.0546;0.0546
;US-WV;2014;p99.99p100;9105404.0;;0.0222;0.0222
;US-WV;2014;p90p100;186544.41;;0.45500001;0.45500001
;US-WV;2014;p90p95;122692.6;;0.1496;0.1496
;US-WV;2014;p95p99;164429.09;;0.1604;0.1604
;US-WV;2014;p99.5p99.9;536239.88;;0.052299999;0.052299999
;US-WV;2014;p99.9p99.99;1487585.3;;0.032699998;0.032699998
;US-WV;2014;p99p99.5;309211.81;;0.037700001;0.037700001
;US-WV;2014;p95p100;249930.41;;0.3048;0.3048
;US-WV;2014;p0p90;24828.801;;0.54500002;0.54500002
;US-WV;2014;p0p99;35428.801;;0.85549998;0.85549998
;US-WV;2014;p99.5p100;875423.63;;0.1068;0.1068
;US-WV;2013;p0p100;42006.5;39543217196.0;1.0;1.0
;US-WV;2013;p99p100;513704.69;;0.1266;0.1266
;US-WV;2013;p99.9p100;1665322.0;;0.041000001;0.041000001
;US-WV;2013;p99.99p100;5507556.0;;0.0136;0.0136
;US-WV;2013;p90p100;174361.59;;0.42969999;0.42969999
;US-WV;2013;p90p95;112033.0;;0.138;0.138
;US-WV;2013;p95p99;166644.0;;0.16429999;0.16429999
;US-WV;2013;p99.5p99.9;502155.69;;0.0495;0.0495
;US-WV;2013;p99.9p99.99;1245167.3;;0.0276;0.0276
;US-WV;2013;p99p99.5;292971.69;;0.0361;0.0361
;US-WV;2013;p95p100;236160.2;;0.29100001;0.29100001
;US-WV;2013;p0p90;25741.5;;0.57090002;0.57090002
;US-WV;2013;p0p99;35800.602;;0.87339997;0.87339997
;US-WV;2013;p99.5p100;734998.19;;0.090599999;0.090599999
;US-WV;2012;p0p100;44170.199;41176769653.0;1.0;1.0
;US-WV;2012;p99p100;588952.5;;0.14210001;0.14210001
;US-WV;2012;p99.9p100;2179608.5;;0.0526;0.0526
;US-WV;2012;p99.99p100;7658225.5;;0.0185;0.0185
;US-WV;2012;p90p100;183788.3;;0.4434;0.4434
;US-WV;2012;p90p95;113396.3;;0.13680001;0.13680001
;US-WV;2012;p95p99;169718.5;;0.1638;0.1638
;US-WV;2012;p99.5p99.9;550838.81;;0.053199999;0.053199999
;US-WV;2012;p99.9p99.99;1603494.5;;0.0348;0.0348
;US-WV;2012;p99p99.5;302106.69;;0.036400001;0.036400001
;US-WV;2012;p95p100;253440.91;;0.3057;0.3057
;US-WV;2012;p0p90;25628.199;;0.55650002;0.55650002
;US-WV;2012;p0p99;35916.5;;0.85790002;0.85790002
;US-WV;2012;p99.5p100;876040.63;;0.1057;0.1057
;US-WV;2011;p0p100;46215.5;39690608845.0;1.0;1.0
;US-WV;2011;p99p100;625897.31;;0.1504;0.1504
;US-WV;2011;p99.9p100;2603917.5;;0.062600002;0.062600002
;US-WV;2011;p99.99p100;11736221.0;;0.028200001;0.028200001
;US-WV;2011;p90p100;187795.3;;0.45120001;0.45120001
;US-WV;2011;p90p95;113909.6;;0.13680001;0.13680001
;US-WV;2011;p95p99;169915.09;;0.16329999;0.16329999
;US-WV;2011;p99.5p99.9;530348.63;;0.050999999;0.050999999
;US-WV;2011;p99.9p99.99;1591259.0;;0.034400001;0.034400001
;US-WV;2011;p99p99.5;306744.91;;0.036800001;0.036800001
;US-WV;2011;p95p100;261054.5;;0.3136;0.3136
;US-WV;2011;p0p90;25413.801;;0.54949999;0.54949999
;US-WV;2011;p0p99;35723.602;;0.84960002;0.84960002
;US-WV;2011;p99.5p100;945463.81;;0.1136;0.1136
;US-WV;2010;p0p100;48493.301;38774545689.0;1.0;1.0
;US-WV;2010;p99p100;573695.38;;0.1398;0.1398
;US-WV;2010;p99.9p100;2225594.8;;0.054200001;0.054200001
;US-WV;2010;p99.99p100;9464567.0;;0.0231;0.0231
;US-WV;2010;p90p100;180811.5;;0.44049999;0.44049999
;US-WV;2010;p90p95;111051.0;;0.1353;0.1353
;US-WV;2010;p95p99;168760.59;;0.1645;0.1645
;US-WV;2010;p99.5p99.9;500296.31;;0.048799999;0.048799999
;US-WV;2010;p99.9p99.99;1419993.3;;0.031099999;0.031099999
;US-WV;2010;p99p99.5;301945.5;;0.036800001;0.036800001
;US-WV;2010;p95p100;249677.41;;0.30419999;0.30419999
;US-WV;2010;p0p90;25562.9;;0.56050003;0.56050003
;US-WV;2010;p0p99;35664.602;;0.86019999;0.86019999
;US-WV;2010;p99.5p100;846554.13;;0.1031;0.1031
;US-WV;2009;p0p100;48711.102;37574812768.0;1.0;1.0
;US-WV;2009;p99p100;606076.38;;0.15189999;0.15189999
;US-WV;2009;p99.9p100;2647699.5;;0.066299997;0.066299997
;US-WV;2009;p99.99p100;11860621.0;;0.0297;0.0297
;US-WV;2009;p90p100;181173.7;;0.454;0.454
;US-WV;2009;p90p95;108824.8;;0.1363;0.1363
;US-WV;2009;p95p99;164294.09;;0.1647;0.1647
;US-WV;2009;p99.5p99.9;500193.19;;0.050099999;0.050099999
;US-WV;2009;p99.9p99.99;1608243.0;;0.0363;0.0363
;US-WV;2009;p99p99.5;277047.91;;0.034699999;0.034699999
;US-WV;2009;p95p100;252917.41;;0.31690001;0.31690001
;US-WV;2009;p0p90;24307.5;;0.54820001;0.54820001
;US-WV;2009;p0p99;34190.398;;0.84810001;0.84810001
;US-WV;2009;p99.5p100;933507.38;;0.117;0.117
;US-WV;2008;p0p100;52159.398;39611099487.0;1.0;1.0
;US-WV;2008;p99p100;657651.63;;0.15279999;0.15279999
;US-WV;2008;p99.9p100;2863899.3;;0.066500001;0.066500001
;US-WV;2008;p99.99p100;12158142.0;;0.028200001;0.028200001
;US-WV;2008;p90p100;189871.09;;0.4411;0.4411
;US-WV;2008;p90p95;112343.6;;0.1305;0.1305
;US-WV;2008;p95p99;166020.09;;0.1543;0.1543
;US-WV;2008;p99.5p99.9;540624.31;;0.0502;0.0502
;US-WV;2008;p99.9p99.99;1792436.5;;0.037500001;0.037500001
;US-WV;2008;p99p99.5;290138.41;;0.0337;0.0337
;US-WV;2008;p95p100;266122.09;;0.30919999;0.30919999
;US-WV;2008;p0p90;27044.4;;0.56550002;0.56550002
;US-WV;2008;p0p99;36832.0;;0.84719998;0.84719998
;US-WV;2008;p99.5p100;1018152.5;;0.1183;0.1183
;US-WV;2007;p0p100;58521.398;41200260170.0;1.0;1.0
;US-WV;2007;p99p100;686471.69;;0.1533;0.1533
;US-WV;2007;p99.9p100;2938108.3;;0.0656;0.0656
;US-WV;2007;p99.99p100;11839748.0;;0.0264;0.0264
;US-WV;2007;p90p100;193755.0;;0.43259999;0.43259999
;US-WV;2007;p90p95;112691.8;;0.1258;0.1258
;US-WV;2007;p95p99;166120.5;;0.14839999;0.14839999
;US-WV;2007;p99.5p99.9;571622.31;;0.051100001;0.051100001
;US-WV;2007;p99.9p99.99;1915359.1;;0.0385;0.0385
;US-WV;2007;p99p99.5;298908.19;;0.033399999;0.033399999
;US-WV;2007;p95p100;273113.0;;0.30489999;0.30489999
;US-WV;2007;p0p90;28685.0;;0.5765;0.5765
;US-WV;2007;p0p99;38303.102;;0.84670001;0.84670001
;US-WV;2007;p99.5p100;1062616.6;;0.1186;0.1186
;US-WV;2006;p0p100;59004.5;40079863039.0;1.0;1.0
;US-WV;2006;p99p100;605941.88;;0.1419;0.1419
;US-WV;2006;p99.9p100;2409993.8;;0.056400001;0.056400001
;US-WV;2006;p99.99p100;8895068.0;;0.0208;0.0208
;US-WV;2006;p90p100;181290.7;;0.42460001;0.42460001
;US-WV;2006;p90p95;108091.5;;0.1266;0.1266
;US-WV;2006;p95p99;161923.09;;0.1517;0.1517
;US-WV;2006;p99.5p99.9;527806.81;;0.049400002;0.049400002
;US-WV;2006;p99.9p99.99;1677762.1;;0.035399999;0.035399999
;US-WV;2006;p99p99.5;283637.09;;0.033199999;0.033199999
;US-WV;2006;p95p100;252890.7;;0.29609999;0.29609999
;US-WV;2006;p0p90;27652.4;;0.58289999;0.58289999
;US-WV;2006;p0p99;37008.199;;0.8581;0.8581
;US-WV;2006;p99.5p100;918389.31;;0.1075;0.1075
;US-WV;2005;p0p100;60852.301;38395269745.0;1.0;1.0
;US-WV;2005;p99p100;618185.19;;0.1497;0.1497
;US-WV;2005;p99.9p100;2599692.0;;0.063000001;0.063000001
;US-WV;2005;p99.99p100;10183886.0;;0.024700001;0.024700001
;US-WV;2005;p90p100;179287.8;;0.43430001;0.43430001
;US-WV;2005;p90p95;103902.9;;0.1258;0.1258
;US-WV;2005;p95p99;160258.09;;0.15530001;0.15530001
;US-WV;2005;p99.5p99.9;525984.0;;0.050999999;0.050999999
;US-WV;2005;p99.9p99.99;1748874.9;;0.0381;0.0381
;US-WV;2005;p99p99.5;279141.81;;0.033799998;0.033799998
;US-WV;2005;p95p100;252973.2;;0.3064;0.3064
;US-WV;2005;p0p90;26206.301;;0.57130003;0.57130003
;US-WV;2005;p0p99;35455.898;;0.85030001;0.85030001
;US-WV;2005;p99.5p100;950959.19;;0.1152;0.1152
;US-WV;2004;p0p100;61061.301;36340084454.0;1.0;1.0
;US-WV;2004;p99p100;509654.0;;0.1314;0.1314
;US-WV;2004;p99.9p100;1897099.5;;0.048900001;0.048900001
;US-WV;2004;p99.99p100;6760618.5;;0.0174;0.0174
;US-WV;2004;p90p100;165448.7;;0.42660001;0.42660001
;US-WV;2004;p90p95;100853.5;;0.13;0.13
;US-WV;2004;p95p99;157124.59;;0.1621;0.1621
;US-WV;2004;p99.5p99.9;452435.0;;0.046700001;0.046700001
;US-WV;2004;p99.9p99.99;1337676.3;;0.030999999;0.030999999
;US-WV;2004;p99p99.5;260336.5;;0.033599999;0.033599999
;US-WV;2004;p95p100;228226.0;;0.2942;0.2942
;US-WV;2004;p0p90;24957.801;;0.57920003;0.57920003
;US-WV;2004;p0p99;34024.801;;0.86860001;0.86860001
;US-WV;2004;p99.5p100;752865.63;;0.097099997;0.097099997
;US-WV;2003;p0p100;62551.199;34422298390.0;1.0;1.0
;US-WV;2003;p99p100;473687.91;;0.1258;0.1258
;US-WV;2003;p99.9p100;1696227.3;;0.045000002;0.045000002
;US-WV;2003;p99.99p100;6007089.0;;0.015900001;0.015900001
;US-WV;2003;p90p100;160120.3;;0.4251;0.4251
;US-WV;2003;p90p95;103649.5;;0.1376;0.1376
;US-WV;2003;p95p99;150508.3;;0.15979999;0.15979999
;US-WV;2003;p99.5p99.9;427978.09;;0.045499999;0.045499999
;US-WV;2003;p99.9p99.99;1194740.1;;0.0285;0.0285
;US-WV;2003;p99p99.5;252832.41;;0.033599999;0.033599999
;US-WV;2003;p95p100;215848.3;;0.28650001;0.28650001
;US-WV;2003;p0p90;24232.301;;0.579;0.579
;US-WV;2003;p0p99;33259.699;;0.87419999;0.87419999
;US-WV;2003;p99.5p100;690340.88;;0.091600001;0.091600001
;US-WV;2002;p0p100;66985.0;35052841532.0;1.0;1.0
;US-WV;2002;p99p100;468109.0;;0.1213;0.1213
;US-WV;2002;p99.9p100;1639081.1;;0.0425;0.0425
;US-WV;2002;p99.99p100;5643337.5;;0.0146;0.0146
;US-WV;2002;p90p100;159314.41;;0.41280001;0.41280001
;US-WV;2002;p90p95;104354.8;;0.13519999;0.13519999
;US-WV;2002;p95p99;149538.3;;0.155;0.155
;US-WV;2002;p99.5p99.9;428989.91;;0.044500001;0.044500001
;US-WV;2002;p99.9p99.99;1178897.9;;0.0275;0.0275
;US-WV;2002;p99p99.5;255178.91;;0.033100002;0.033100002
;US-WV;2002;p95p100;213716.2;;0.27689999;0.27689999
;US-WV;2002;p0p90;25304.801;;0.59009999;0.59009999
;US-WV;2002;p0p99;34252.301;;0.87870002;0.87870002
;US-WV;2002;p99.5p100;677875.0;;0.087800004;0.087800004
;US-WV;2001;p0p100;71408.297;35926641789.0;1.0;1.0
;US-WV;2001;p99p100;507676.09;;0.1274;0.1274
;US-WV;2001;p99.9p100;1784421.9;;0.044799998;0.044799998
;US-WV;2001;p99.99p100;6636828.5;;0.0167;0.0167
;US-WV;2001;p90p100;164962.59;;0.414;0.414
;US-WV;2001;p90p95;105212.5;;0.132;0.132
;US-WV;2001;p95p99;152741.8;;0.1533;0.1533
;US-WV;2001;p99.5p99.9;470233.5;;0.047200002;0.047200002
;US-WV;2001;p99.9p99.99;1250964.5;;0.0283;0.0283
;US-WV;2001;p99p99.5;280597.69;;0.0352;0.0352
;US-WV;2001;p95p100;224071.7;;0.28119999;0.28119999
;US-WV;2001;p0p90;25997.5;;0.5873;0.5873
;US-WV;2001;p0p99;35115.898;;0.87260002;0.87260002
;US-WV;2001;p99.5p100;735577.63;;0.092299998;0.092299998
;US-WV;2000;p0p100;78684.398;37292491698.0;1.0;1.0
;US-WV;2000;p99p100;529609.38;;0.1275;0.1275
;US-WV;2000;p99.9p100;1828085.4;;0.044;0.044
;US-WV;2000;p99.99p100;6011184.5;;0.0145;0.0145
;US-WV;2000;p90p100;169606.8;;0.40830001;0.40830001
;US-WV;2000;p90p95;105896.8;;0.1275;0.1275
;US-WV;2000;p95p99;156150.5;;0.1504;0.1504
;US-WV;2000;p99.5p99.9;491416.0;;0.0473;0.0473
;US-WV;2000;p99.9p99.99;1381550.4;;0.029899999;0.029899999
;US-WV;2000;p99p99.5;288542.09;;0.034699999;0.034699999
;US-WV;2000;p95p100;232019.41;;0.2793;0.2793
;US-WV;2000;p0p90;27491.699;;0.59570003;0.59570003
;US-WV;2000;p0p99;36606.199;;0.8725;0.8725
;US-WV;2000;p99.5p100;767768.13;;0.092399999;0.092399999
;US-WV;1999;p0p100;80146.703;36164411941.0;1.0;1.0
;US-WV;1999;p99p100;512115.91;;0.1293;0.1293
;US-WV;1999;p99.9p100;1757629.5;;0.044399999;0.044399999
;US-WV;1999;p99.99p100;5349907.5;;0.0135;0.0135
;US-WV;1999;p90p100;165371.3;;0.41749999;0.41749999
;US-WV;1999;p90p95;103250.2;;0.1303;0.1303
;US-WV;1999;p95p99;155239.59;;0.1568;0.1568
;US-WV;1999;p99.5p99.9;483296.0;;0.048799999;0.048799999
;US-WV;1999;p99.9p99.99;1394648.8;;0.0317;0.0317
;US-WV;1999;p99p99.5;283281.5;;0.035799999;0.035799999
;US-WV;1999;p95p100;226878.41;;0.28639999;0.28639999
;US-WV;1999;p0p90;25663.5;;0.58310002;0.58310002
;US-WV;1999;p0p99;34836.301;;0.8707;0.8707
;US-WV;1999;p99.5p100;740806.13;;0.093500003;0.093500003
;US-WV;1998;p0p100;79918.102;34824660835.0;1.0;1.0
;US-WV;1998;p99p100;498478.41;;0.13150001;0.13150001
;US-WV;1998;p99.9p100;1684043.3;;0.044399999;0.044399999
;US-WV;1998;p99.99p100;4988046.5;;0.0132;0.0132
;US-WV;1998;p90p100;160541.3;;0.42359999;0.42359999
;US-WV;1998;p90p95;100107.5;;0.1321;0.1321
;US-WV;1998;p95p99;150406.91;;0.1587;0.1587
;US-WV;1998;p99.5p99.9;476963.91;;0.050299998;0.050299998
;US-WV;1998;p99.9p99.99;1346337.5;;0.032000002;0.032000002
;US-WV;1998;p99p99.5;276239.31;;0.036400001;0.036400001
;US-WV;1998;p95p100;220449.3;;0.29080001;0.29080001
;US-WV;1998;p0p90;24308.1;;0.57730001;0.57730001
;US-WV;1998;p0p99;33246.199;;0.86849999;0.86849999
;US-WV;1998;p99.5p100;720588.31;;0.095100001;0.095100001
;US-WV;1997;p0p100;78911.297;33471072700.0;1.0;1.0
;US-WV;1997;p99p100;470555.5;;0.1293;0.1293
;US-WV;1997;p99.9p100;1576563.3;;0.043299999;0.043299999
;US-WV;1997;p99.99p100;5012701.5;;0.0138;0.0138
;US-WV;1997;p90p100;155871.2;;0.42820001;0.42820001
;US-WV;1997;p90p95;100579.3;;0.1382;0.1382
;US-WV;1997;p95p99;145677.0;;0.1601;0.1601
;US-WV;1997;p99.5p99.9;453360.31;;0.049800001;0.049800001
;US-WV;1997;p99.9p99.99;1208263.6;;0.029899999;0.029899999
;US-WV;1997;p99p99.5;261089.41;;0.0359;0.0359
;US-WV;1997;p95p100;210831.91;;0.28960001;0.28960001
;US-WV;1997;p0p90;23149.1;;0.57239997;0.57239997
;US-WV;1997;p0p99;32012.4;;0.8707;0.8707
;US-WV;1997;p99.5p100;679586.0;;0.093400002;0.093400002
;US-WV;1996;p0p100;77962.102;31752474185.0;1.0;1.0
;US-WV;1996;p99p100;432523.91;;0.12549999;0.12549999
;US-WV;1996;p99.9p100;1453062.3;;0.042199999;0.042199999
;US-WV;1996;p99.99p100;4752225.5;;0.0138;0.0138
;US-WV;1996;p90p100;149078.2;;0.43270001;0.43270001
;US-WV;1996;p90p95;98795.0;;0.1434;0.1434
;US-WV;1996;p95p99;140720.0;;0.16339999;0.16339999
;US-WV;1996;p99.5p99.9;406350.0;;0.047200002;0.047200002
;US-WV;1996;p99.9p99.99;1083923.9;;0.0283;0.0283
;US-WV;1996;p99p99.5;244357.5;;0.035500001;0.035500001
;US-WV;1996;p95p100;199164.0;;0.289;0.289
;US-WV;1996;p0p90;21764.9;;0.56849998;0.56849998
;US-WV;1996;p0p99;30434.0;;0.87449998;0.87449998
;US-WV;1996;p99.5p100;619507.88;;0.089900002;0.089900002
;US-WV;1995;p0p100;81273.203;30761570854.0;1.0;1.0
;US-WV;1995;p99p100;426286.0;;0.1251;0.1251
;US-WV;1995;p99.9p100;1455293.9;;0.0427;0.0427
;US-WV;1995;p99.99p100;4840109.0;;0.0142;0.0142
;US-WV;1995;p90p100;146850.3;;0.43090001;0.43090001
;US-WV;1995;p90p95;97718.5;;0.1434;0.1434
;US-WV;1995;p95p99;138310.59;;0.16230001;0.16230001
;US-WV;1995;p99.5p99.9;401481.5;;0.0471;0.0471
;US-WV;1995;p99.9p99.99;1079545.8;;0.0285;0.0285
;US-WV;1995;p99p99.5;238259.2;;0.035;0.035
;US-WV;1995;p95p100;195867.7;;0.28740001;0.28740001
;US-WV;1995;p0p90;21565.0;;0.56950003;0.56950003
;US-WV;1995;p0p99;30118.0;;0.87489998;0.87489998
;US-WV;1995;p99.5p100;613969.69;;0.090099998;0.090099998
;US-WV;1994;p0p100;83645.602;30024534867.0;1.0;1.0
;US-WV;1994;p99p100;393307.0;;0.1176;0.1176
;US-WV;1994;p99.9p100;1286434.4;;0.0385;0.0385
;US-WV;1994;p99.99p100;4178111.8;;0.0125;0.0125
;US-WV;1994;p90p100;140274.91;;0.41940001;0.41940001
;US-WV;1994;p90p95;95404.297;;0.1426;0.1426
;US-WV;1994;p95p99;133045.7;;0.1591;0.1591
;US-WV;1994;p99.5p99.9;378216.59;;0.045200001;0.045200001
;US-WV;1994;p99.9p99.99;958780.63;;0.025800001;0.025800001
;US-WV;1994;p99p99.5;223938.7;;0.033500001;0.033500001
;US-WV;1994;p95p100;185061.09;;0.27669999;0.27669999
;US-WV;1994;p0p90;21599.0;;0.5812;0.5812
;US-WV;1994;p0p99;29809.5;;0.88239998;0.88239998
;US-WV;1994;p99.5p100;562325.13;;0.084100001;0.084100001
;US-WV;1993;p0p100;86555.898;29287792548.0;1.0;1.0
;US-WV;1993;p99p100;392289.0;;0.1182;0.1182
;US-WV;1993;p99.9p100;1296933.6;;0.039099999;0.039099999
;US-WV;1993;p99.99p100;4269765.0;;0.0129;0.0129
;US-WV;1993;p90p100;138496.09;;0.41749999;0.41749999
;US-WV;1993;p90p95;93757.398;;0.14129999;0.14129999
;US-WV;1993;p95p99;130908.2;;0.1578;0.1578
;US-WV;1993;p99.5p99.9;377236.5;;0.045499999;0.045499999
;US-WV;1993;p99.9p99.99;960465.19;;0.0261;0.0261
;US-WV;1993;p99p99.5;220716.41;;0.033300001;0.033300001
;US-WV;1993;p95p100;183130.8;;0.27599999;0.27599999
;US-WV;1993;p0p90;21498.301;;0.58319998;0.58319998
;US-WV;1993;p0p99;29549.199;;0.8818;0.8818
;US-WV;1993;p99.5p100;563290.5;;0.084899999;0.084899999
;US-WV;1992;p0p100;92788.398;29595852218.0;1.0;1.0
;US-WV;1992;p99p100;409455.91;;0.1209;0.1209
;US-WV;1992;p99.9p100;1427373.8;;0.042100001;0.042100001
;US-WV;1992;p99.99p100;4900972.5;;0.0145;0.0145
;US-WV;1992;p90p100;140825.8;;0.41580001;0.41580001
;US-WV;1992;p90p95;97367.203;;0.1437;0.1437
;US-WV;1992;p95p99;128151.9;;0.1513;0.1513
;US-WV;1992;p99.5p99.9;389949.5;;0.046100002;0.046100002
;US-WV;1992;p99.9p99.99;1040260.9;;0.0276;0.0276
;US-WV;1992;p99p99.5;220374.91;;0.032499999;0.032499999
;US-WV;1992;p95p100;184427.09;;0.2723;0.2723
;US-WV;1992;p0p90;21986.0;;0.58420002;0.58420002
;US-WV;1992;p0p99;30076.0;;0.87910002;0.87910002
;US-WV;1992;p99.5p100;598359.31;;0.088299997;0.088299997
;US-WV;1991;p0p100;97380.703;29009030478.0;1.0;1.0
;US-WV;1991;p99p100;383326.31;;0.1134;0.1134
;US-WV;1991;p99.9p100;1264081.4;;0.0374;0.0374
;US-WV;1991;p99.99p100;4118428.0;;0.0122;0.0122
;US-WV;1991;p90p100;138008.8;;0.4082;0.4082
;US-WV;1991;p90p95;98826.0;;0.1461;0.1461
;US-WV;1991;p95p99;126118.4;;0.14920001;0.14920001
;US-WV;1991;p99.5p99.9;371864.0;;0.044;0.044
;US-WV;1991;p99.9p99.99;946389.19;;0.0252;0.0252
;US-WV;1991;p99p99.5;215872.3;;0.0319;0.0319
;US-WV;1991;p95p100;177533.91;;0.26249999;0.26249999
;US-WV;1991;p0p90;22215.1;;0.59140003;0.59140003
;US-WV;1991;p0p99;30279.5;;0.88660002;0.88660002
;US-WV;1991;p99.5p100;550798.81;;0.081500001;0.081500001
;US-WV;1990;p0p100;107720.2;29721734427.0;1.0;1.0
;US-WV;1990;p99p100;407170.69;;0.1168;0.1168
;US-WV;1990;p99.9p100;1467142.3;;0.042100001;0.042100001
;US-WV;1990;p99.99p100;5211794.0;;0.015;0.015
;US-WV;1990;p90p100;139988.59;;0.4016;0.4016
;US-WV;1990;p90p95;99490.602;;0.1427;0.1427
;US-WV;1990;p95p99;123810.7;;0.14210001;0.14210001
;US-WV;1990;p99.5p99.9;382803.91;;0.043900002;0.043900002
;US-WV;1990;p99.9p99.99;1052481.5;;0.0272;0.0272
;US-WV;1990;p99p99.5;214402.7;;0.0308;0.0308
;US-WV;1990;p95p100;180516.09;;0.259;0.259
;US-WV;1990;p0p90;23174.1;;0.5984;0.5984
;US-WV;1990;p0p99;31094.5;;0.88319999;0.88319999
;US-WV;1990;p99.5p100;599711.13;;0.086000003;0.086000003
;US-WV;1989;p0p100;114729.7;29267392978.0;1.0;1.0
;US-WV;1989;p99p100;405487.19;;0.1204;0.1204
;US-WV;1989;p99.9p100;1376231.6;;0.040899999;0.040899999
;US-WV;1989;p99.99p100;4614753.5;;0.0137;0.0137
;US-WV;1989;p90p100;136906.2;;0.40650001;0.40650001
;US-WV;1989;p90p95;89472.0;;0.1328;0.1328
;US-WV;1989;p95p99;124439.8;;0.1478;0.1478
;US-WV;1989;p99.5p99.9;368402.69;;0.0438;0.0438
;US-WV;1989;p99.9p99.99;975054.5;;0.0261;0.0261
;US-WV;1989;p99p99.5;216577.91;;0.032200001;0.032200001
;US-WV;1989;p95p100;183667.09;;0.2726;0.2726
;US-WV;1989;p0p90;22594.9;;0.60369998;0.60369998
;US-WV;1989;p0p99;29926.6;;0.87959999;0.87959999
;US-WV;1989;p99.5p100;584150.0;;0.0867;0.0867
;US-WV;1988;p0p100;128089.6;29430586435.0;1.0;1.0
;US-WV;1988;p99p100;434167.59;;0.1256;0.1256
;US-WV;1988;p99.9p100;1571328.6;;0.045499999;0.045499999
;US-WV;1988;p99.99p100;5456118.5;;0.015799999;0.015799999
;US-WV;1988;p90p100;138050.5;;0.39950001;0.39950001
;US-WV;1988;p90p95;87467.5;;0.1266;0.1266
;US-WV;1988;p95p99;121760.8;;0.1409;0.1409
;US-WV;1988;p99.5p99.9;385225.81;;0.044599999;0.044599999
;US-WV;1988;p99.9p99.99;1091932.3;;0.0284;0.0284
;US-WV;1988;p99p99.5;216413.8;;0.031300001;0.031300001
;US-WV;1988;p95p100;187824.0;;0.27169999;0.27169999
;US-WV;1988;p0p90;23514.6;;0.6124;0.6124
;US-WV;1988;p0p99;30521.801;;0.87440002;0.87440002
;US-WV;1988;p99.5p100;639480.31;;0.092500001;0.092500001
;US-WV;1987;p0p100;126813.0;27862586569.0;1.0;1.0
;US-WV;1987;p99p100;345663.91;;0.1086;0.1086
;US-WV;1987;p99.9p100;1095398.4;;0.034400001;0.034400001
;US-WV;1987;p99.99p100;3493902.0;;0.011;0.011
;US-WV;1987;p90p100;127471.8;;0.40040001;0.40040001
;US-WV;1987;p90p95;87924.203;;0.1381;0.1381
;US-WV;1987;p95p99;118947.9;;0.1495;0.1495
;US-WV;1987;p99.5p99.9;319401.69;;0.040100001;0.040100001
;US-WV;1987;p99.9p99.99;796546.88;;0.022500001;0.022500001
;US-WV;1987;p99p99.5;197694.3;;0.031099999;0.031099999
;US-WV;1987;p95p100;166590.0;;0.2617;0.2617
;US-WV;1987;p0p90;21497.801;;0.60780001;0.60780001
;US-WV;1987;p0p99;28664.5;;0.89139998;0.89139998
;US-WV;1987;p99.5p100;485781.0;;0.076300003;0.076300003
;US-WV;1986;p0p100;143969.7;29653966701.0;1.0;1.0
;US-WV;1986;p99p100;481088.31;;0.14229999;0.14229999
;US-WV;1986;p99.9p100;1933135.4;;0.0572;0.0572
;US-WV;1986;p99.99p100;7541634.0;;0.022299999;0.022299999
;US-WV;1986;p90p100;143360.2;;0.42390001;0.42390001
;US-WV;1986;p90p95;87556.203;;0.1295;0.1295
;US-WV;1986;p95p99;124228.7;;0.1469;0.1469
;US-WV;1986;p99.5p99.9;409653.19;;0.048500001;0.048500001
;US-WV;1986;p99.9p99.99;1249470.5;;0.033300001;0.033300001
;US-WV;1986;p99p99.5;221797.59;;0.0328;0.0328
;US-WV;1986;p95p100;198435.3;;0.29339999;0.29339999
;US-WV;1986;p0p90;22049.199;;0.58679998;0.58679998
;US-WV;1986;p0p99;29299.699;;0.85769999;0.85769999
;US-WV;1986;p99.5p100;729462.69;;0.1079;0.1079
;US-WV;1985;p0p100;145014.91;28451092402.0;1.0;1.0
;US-WV;1985;p99p100;387075.09;;0.1178;0.1178
;US-WV;1985;p99.9p100;1436129.3;;0.043699998;0.043699998
;US-WV;1985;p99.99p100;5257296.5;;0.016000001;0.016000001
;US-WV;1985;p90p100;130713.6;;0.3978;0.3978
;US-WV;1985;p90p95;86361.297;;0.1314;0.1314
;US-WV;1985;p95p99;119344.9;;0.1453;0.1453
;US-WV;1985;p99.5p99.9;334164.0;;0.0407;0.0407
;US-WV;1985;p99.9p99.99;955432.0;;0.0262;0.0262
;US-WV;1985;p99p99.5;200804.2;;0.0306;0.0306
;US-WV;1985;p95p100;174675.0;;0.2658;0.2658
;US-WV;1985;p0p90;22271.301;;0.6099;0.6099
;US-WV;1985;p0p99;29284.4;;0.8822;0.8822
;US-WV;1985;p99.5p100;566174.88;;0.086099997;0.086099997
;US-WV;1984;p0p100;150034.2;28066379021.0;1.0;1.0
;US-WV;1984;p99p100;354660.31;;0.1116;0.1116
;US-WV;1984;p99.9p100;1304316.8;;0.041000001;0.041000001
;US-WV;1984;p99.99p100;4919253.5;;0.0155;0.0155
;US-WV;1984;p90p100;128801.2;;0.40529999;0.40529999
;US-WV;1984;p90p95;93696.102;;0.14740001;0.14740001
;US-WV;1984;p95p99;114190.7;;0.1437;0.1437
;US-WV;1984;p99.5p99.9;305152.91;;0.038400002;0.038400002
;US-WV;1984;p99.9p99.99;850646.38;;0.0241;0.0241
;US-WV;1984;p99p99.5;188512.7;;0.0297;0.0297
;US-WV;1984;p95p100;163687.91;;0.25749999;0.25749999
;US-WV;1984;p0p90;21230.1;;0.60119998;0.60119998
;US-WV;1984;p0p99;28518.801;;0.88840002;0.88840002
;US-WV;1984;p99.5p100;515016.31;;0.081;0.081
;US-WV;1983;p0p100;168746.8;27206404760.0;1.0;1.0
;US-WV;1983;p99p100;335093.91;;0.1059;0.1059
;US-WV;1983;p99.9p100;1196356.0;;0.037799999;0.037799999
;US-WV;1983;p99.99p100;4591983.5;;0.0145;0.0145
;US-WV;1983;p90p100;119221.1;;0.3768;0.3768
;US-WV;1983;p90p95;81860.5;;0.1294;0.1294
;US-WV;1983;p95p99;111699.7;;0.14120001;0.14120001
;US-WV;1983;p99.5p99.9;299010.69;;0.037799999;0.037799999
;US-WV;1983;p99.9p99.99;802225.13;;0.0228;0.0228
;US-WV;1983;p99p99.5;185531.3;;0.029300001;0.029300001
;US-WV;1983;p95p100;156819.2;;0.24779999;0.24779999
;US-WV;1983;p0p90;21968.4;;0.62489998;0.62489998
;US-WV;1983;p0p99;28572.199;;0.89410001;0.89410001
;US-WV;1983;p99.5p100;482430.91;;0.076200001;0.076200001
;US-WV;1982;p0p100;182500.41;28219361179.0;1.0;1.0
;US-WV;1982;p99p100;361135.41;;0.1101;0.1101
;US-WV;1982;p99.9p100;1396856.8;;0.042599998;0.042599998
;US-WV;1982;p99.99p100;5799794.5;;0.0177;0.0177
;US-WV;1982;p90p100;119362.7;;0.3637;0.3637
;US-WV;1982;p90p95;77478.898;;0.1181;0.1181
;US-WV;1982;p95p99;111043.2;;0.1354;0.1354
;US-WV;1982;p99.5p99.9;316891.59;;0.038600001;0.038600001
;US-WV;1982;p99.9p99.99;907641.5;;0.024900001;0.024900001
;US-WV;1982;p99p99.5;189386.2;;0.028899999;0.028899999
;US-WV;1982;p95p100;161212.2;;0.2456;0.2456
;US-WV;1982;p0p90;23209.301;;0.6365;0.6365
;US-WV;1982;p0p99;29499.0;;0.88990003;0.88990003
;US-WV;1982;p99.5p100;532884.63;;0.081200004;0.081200004
;US-WV;1981;p0p100;212383.59;28618908508.0;1.0;1.0
;US-WV;1981;p99p100;339253.91;;0.0999;0.0999
;US-WV;1981;p99.9p100;1149262.5;;0.033799998;0.033799998
;US-WV;1981;p99.99p100;4430930.0;;0.013;0.013
;US-WV;1981;p90p100;128162.1;;0.37729999;0.37729999
;US-WV;1981;p90p95;96196.0;;0.1416;0.1416
;US-WV;1981;p95p99;115914.7;;0.1365;0.1365
;US-WV;1981;p99.5p99.9;316991.41;;0.037300002;0.037300002
;US-WV;1981;p99.9p99.99;784678.88;;0.0208;0.0208
;US-WV;1981;p99p99.5;194639.5;;0.0287;0.0287
;US-WV;1981;p95p100;160631.09;;0.23649999;0.23649999
;US-WV;1981;p0p90;23476.5;;0.6221;0.6221
;US-WV;1981;p0p99;30882.0;;0.90009999;0.90009999
;US-WV;1981;p99.5p100;483782.59;;0.071199998;0.071199998
;US-WV;1980;p0p100;265713.59;29336210994.0;1.0;1.0
;US-WV;1980;p99p100;338459.41;;0.0955;0.0955
;US-WV;1980;p99.9p100;1047713.8;;0.0296;0.0296
;US-WV;1980;p99.99p100;3491966.3;;0.0098999999;0.0098999999
;US-WV;1980;p90p100;129611.2;;0.36579999;0.36579999
;US-WV;1980;p90p95;96801.703;;0.1366;0.1366
;US-WV;1980;p95p99;118206.8;;0.13349999;0.13349999
;US-WV;1980;p99.5p99.9;334202.31;;0.037700001;0.037700001
;US-WV;1980;p99.9p99.99;775683.5;;0.0197;0.0197
;US-WV;1980;p99p99.5;199739.3;;0.028200001;0.028200001
;US-WV;1980;p95p100;162280.0;;0.229;0.229
;US-WV;1980;p0p90;24974.199;;0.63440001;0.63440001
;US-WV;1980;p0p99;32367.0;;0.90450001;0.90450001
;US-WV;1980;p99.5p100;477165.41;;0.067299999;0.067299999
;US-WV;1979;p0p100;332283.59;29506108614.0;1.0;1.0
;US-WV;1979;p99p100;340823.31;;0.094999999;0.094999999
;US-WV;1979;p99.9p100;1033921.7;;0.0288;0.0288
;US-WV;1979;p99.99p100;3587968.8;;0.0099999998;0.0099999998
;US-WV;1979;p90p100;130427.5;;0.36340001;0.36340001
;US-WV;1979;p90p95;91161.602;;0.127;0.127
;US-WV;1979;p95p99;126720.8;;0.14120001;0.14120001
;US-WV;1979;p99.5p99.9;330532.19;;0.036800001;0.036800001
;US-WV;1979;p99.9p99.99;749751.38;;0.0188;0.0188
;US-WV;1979;p99p99.5;210487.59;;0.029300001;0.029300001
;US-WV;1979;p95p100;169521.2;;0.2362;0.2362
;US-WV;1979;p0p90;25397.0;;0.63679999;0.63679999
;US-WV;1979;p0p99;32812.199;;0.90499997;0.90499997
;US-WV;1979;p99.5p100;471412.91;;0.065700002;0.065700002
;US-WV;1978;p0p100;396414.41;28444644553.0;1.0;1.0
;US-WV;1978;p99p100;319098.19;;0.089500003;0.089500003
;US-WV;1978;p99.9p100;855289.5;;0.024;0.024
;US-WV;1978;p99.99p100;2363812.0;;0.0066;0.0066
;US-WV;1978;p90p100;125055.6;;0.35069999;0.35069999
;US-WV;1978;p90p95;86982.297;;0.122;0.122
;US-WV;1978;p95p99;124138.1;;0.1392;0.1392
;US-WV;1978;p99.5p99.9;318626.0;;0.035700001;0.035700001
;US-WV;1978;p99.9p99.99;687263.31;;0.0173;0.0173
;US-WV;1978;p99p99.5;212169.2;;0.0297;0.0297
;US-WV;1978;p95p100;163068.3;;0.2286;0.2286
;US-WV;1978;p0p90;25728.801;;0.64929998;0.64929998
;US-WV;1978;p0p99;32797.801;;0.91049999;0.91049999
;US-WV;1978;p99.5p100;426139.59;;0.059700001;0.059700001
;US-WV;1977;p0p100;452537.19;27527545978.0;1.0;1.0
;US-WV;1977;p99p100;341433.5;;0.097099997;0.097099997
;US-WV;1977;p99.9p100;962552.88;;0.0274;0.0274
;US-WV;1977;p99.99p100;2992876.8;;0.0085000005;0.0085000005
;US-WV;1977;p90p100;127883.7;;0.36359999;0.36359999
;US-WV;1977;p90p95;89836.203;;0.1277;0.1277
;US-WV;1977;p95p99;122069.4;;0.1388;0.1388
;US-WV;1977;p99.5p99.9;341466.59;;0.038800001;0.038800001
;US-WV;1977;p99.9p99.99;736558.19;;0.0188;0.0188
;US-WV;1977;p99p99.5;217084.41;;0.0309;0.0309
;US-WV;1977;p95p100;165939.41;;0.2359;0.2359
;US-WV;1977;p0p90;24866.5;;0.63639998;0.63639998
;US-WV;1977;p0p99;32074.301;;0.90289998;0.90289998
;US-WV;1977;p99.5p100;465810.5;;0.066200003;0.066200003
;US-WV;1976;p0p100;495740.81;26105157929.0;1.0;1.0
;US-WV;1976;p99p100;340009.5;;0.1001;0.1001
;US-WV;1976;p99.9p100;1022970.2;;0.030099999;0.030099999
;US-WV;1976;p99.99p100;3270672.5;;0.0096000005;0.0096000005
;US-WV;1976;p90p100;125313.4;;0.36899999;0.36899999
;US-WV;1976;p90p95;88232.602;;0.12989999;0.12989999
;US-WV;1976;p95p99;118006.5;;0.139;0.139
;US-WV;1976;p99.5p99.9;340014.09;;0.039999999;0.039999999
;US-WV;1976;p99.9p99.99;773271.0;;0.020500001;0.020500001
;US-WV;1976;p99p99.5;203459.8;;0.029999999;0.029999999
;US-WV;1976;p95p100;162408.2;;0.23909999;0.23909999
;US-WV;1976;p0p90;23813.699;;0.63099998;0.63099998
;US-WV;1976;p0p99;30873.199;;0.89990002;0.89990002
;US-WV;1976;p99.5p100;476592.31;;0.070200004;0.070200004
;US-WV;1975;p0p100;525919.31;24326866622.0;1.0;1.0
;US-WV;1975;p99p100;328677.09;;0.102;0.102
;US-WV;1975;p99.9p100;1019360.2;;0.031599998;0.031599998
;US-WV;1975;p99.99p100;3461516.8;;0.0107;0.0107
;US-WV;1975;p90p100;119526.9;;0.37110001;0.37110001
;US-WV;1975;p90p95;84097.398;;0.1305;0.1305
;US-WV;1975;p95p99;111546.7;;0.13850001;0.13850001
;US-WV;1975;p99.5p99.9;320441.59;;0.039799999;0.039799999
;US-WV;1975;p99.9p99.99;747897.13;;0.0209;0.0209
;US-WV;1975;p99p99.5;197441.41;;0.0306;0.0306
;US-WV;1975;p95p100;154976.8;;0.2406;0.2406
;US-WV;1975;p0p90;22508.9;;0.62889999;0.62889999
;US-WV;1975;p0p99;29218.4;;0.898;0.898
;US-WV;1975;p99.5p100;460033.19;;0.071400002;0.071400002
;US-WV;1974;p0p100;631489.63;24093236733.0;1.0;1.0
;US-WV;1974;p99p100;309185.91;;0.095200002;0.095200002
;US-WV;1974;p99.9p100;861975.5;;0.0265;0.0265
;US-WV;1974;p99.99p100;2595641.5;;0.0080000004;0.0080000004
;US-WV;1974;p90p100;121170.1;;0.37310001;0.37310001
;US-WV;1974;p90p95;84824.602;;0.13060001;0.13060001
;US-WV;1974;p95p99;119272.9;;0.1469;0.1469
;US-WV;1974;p99.5p99.9;306198.0;;0.037700001;0.037700001
;US-WV;1974;p99.9p99.99;665330.88;;0.0184;0.0184
;US-WV;1974;p99p99.5;198953.0;;0.0306;0.0306
;US-WV;1974;p95p100;157536.91;;0.24250001;0.24250001
;US-WV;1974;p0p90;22654.699;;0.62779999;0.62779999
;US-WV;1974;p0p99;29684.301;;0.9048;0.9048
;US-WV;1974;p99.5p100;418578.09;;0.064400002;0.064400002
;US-WV;1973;p0p100;779949.88;23727210452.0;1.0;1.0
;US-WV;1973;p99p100;319226.59;;0.098099999;0.098099999
;US-WV;1973;p99.9p100;866781.19;;0.0266;0.0266
;US-WV;1973;p99.99p100;2653745.5;;0.0082;0.0082
;US-WV;1973;p90p100;120322.3;;0.3698;0.3698
;US-WV;1973;p90p95;84365.0;;0.1296;0.1296
;US-WV;1973;p95p99;115559.8;;0.14210001;0.14210001
;US-WV;1973;p99.5p99.9;332119.5;;0.040800001;0.040800001
;US-WV;1973;p99.9p99.99;667986.31;;0.0185;0.0185
;US-WV;1973;p99p99.5;199406.7;;0.0306;0.0306
;US-WV;1973;p95p100;156293.8;;0.2402;0.2402
;US-WV;1973;p0p90;22782.699;;0.63020003;0.63020003
;US-WV;1973;p0p99;29641.301;;0.90189999;0.90189999
;US-WV;1973;p99.5p100;439041.31;;0.067500003;0.067500003
;US-WV;1972;p0p100;883968.0;23422668813.0;1.0;1.0
;US-WV;1972;p99p100;311309.0;;0.095200002;0.095200002
;US-WV;1972;p99.9p100;860436.5;;0.0263;0.0263
;US-WV;1972;p99.99p100;2434255.5;;0.0074;0.0074
;US-WV;1972;p90p100;116071.9;;0.35510001;0.35510001
;US-WV;1972;p90p95;81199.898;;0.1242;0.1242
;US-WV;1972;p95p99;110872.7;;0.1357;0.1357
;US-WV;1972;p99.5p99.9;312489.41;;0.038199998;0.038199998
;US-WV;1972;p99.9p99.99;685362.63;;0.0189;0.0189
;US-WV;1972;p99p99.5;200226.8;;0.0306;0.0306
;US-WV;1972;p95p100;150961.09;;0.2309;0.2309
;US-WV;1972;p0p90;23419.801;;0.64490002;0.64490002
;US-WV;1972;p0p99;29869.699;;0.9048;0.9048
;US-WV;1972;p99.5p100;422391.09;;0.064599998;0.064599998
;US-WV;1971;p0p100;902586.38;22039603987.0;1.0;1.0
;US-WV;1971;p99p100;305180.81;;0.097400002;0.097400002
;US-WV;1971;p99.9p100;913312.38;;0.029200001;0.029200001
;US-WV;1971;p99.99p100;3097148.8;;0.0098999999;0.0098999999
;US-WV;1971;p90p100;113075.9;;0.36090001;0.36090001
;US-WV;1971;p90p95;77565.297;;0.1238;0.1238
;US-WV;1971;p95p99;109461.8;;0.1398;0.1398
;US-WV;1971;p99.5p99.9;306660.31;;0.0392;0.0392
;US-WV;1971;p99.9p99.99;670786.0;;0.019300001;0.019300001
;US-WV;1971;p99p99.5;182229.91;;0.029100001;0.029100001
;US-WV;1971;p95p100;148603.5;;0.23720001;0.23720001
;US-WV;1971;p0p90;22245.5;;0.63910002;0.63910002
;US-WV;1971;p0p99;28562.801;;0.90259999;0.90259999
;US-WV;1971;p99.5p100;428142.91;;0.068300001;0.068300001
;US-WV;1970;p0p100;970804.63;21318006774.0;1.0;1.0
;US-WV;1970;p99p100;288621.91;;0.0933;0.0933
;US-WV;1970;p99.9p100;841411.31;;0.0272;0.0272
;US-WV;1970;p99.99p100;2547742.3;;0.0082;0.0082
;US-WV;1970;p90p100;109965.0;;0.3556;0.3556
;US-WV;1970;p90p95;77221.602;;0.1248;0.1248
;US-WV;1970;p95p99;106280.3;;0.1375;0.1375
;US-WV;1970;p99.5p99.9;296072.91;;0.0383;0.0383
;US-WV;1970;p99.9p99.99;651386.19;;0.018999999;0.018999999
;US-WV;1970;p99p99.5;172001.8;;0.027799999;0.027799999
;US-WV;1970;p95p100;142740.41;;0.2308;0.2308
;US-WV;1970;p0p90;22144.1;;0.6444;0.6444
;US-WV;1970;p0p99;28324.301;;0.90670002;0.90670002
;US-WV;1970;p99.5p100;405286.41;;0.065499999;0.065499999
;US-WV;1969;p0p100;1052958.3;20668042882.0;1.0;1.0
;US-WV;1969;p99p100;291630.41;;0.097199999;0.097199999
;US-WV;1969;p99.9p100;881314.31;;0.0294;0.0294
;US-WV;1969;p99.99p100;3006742.5;;0.0099999998;0.0099999998
;US-WV;1969;p90p100;107854.0;;0.3594;0.3594
;US-WV;1969;p90p95;73402.602;;0.1223;0.1223
;US-WV;1969;p95p99;105036.3;;0.14;0.14
;US-WV;1969;p99.5p99.9;293216.59;;0.039099999;0.039099999
;US-WV;1969;p99.9p99.99;646778.5;;0.019400001;0.019400001
;US-WV;1969;p99p99.5;172272.09;;0.0287;0.0287
;US-WV;1969;p95p100;142325.91;;0.23710001;0.23710001
;US-WV;1969;p0p90;21359.0;;0.64050001;0.64050001
;US-WV;1969;p0p99;27369.1;;0.90280002;0.90280002
;US-WV;1969;p99.5p100;411038.09;;0.068499997;0.068499997
;US-WV;1968;p0p100;1188674.1;20998160271.0;1.0;1.0
;US-WV;1968;p99p100;306406.31;;0.1006;0.1006
;US-WV;1968;p99.9p100;906445.38;;0.0298;0.0298
;US-WV;1968;p99.99p100;3057869.5;;0.0099999998;0.0099999998
;US-WV;1968;p90p100;109978.7;;0.361;0.361
;US-WV;1968;p90p95;74080.703;;0.1216;0.1216
;US-WV;1968;p95p99;105675.5;;0.1388;0.1388
;US-WV;1968;p99.5p99.9;300018.69;;0.0394;0.0394
;US-WV;1968;p99.9p99.99;669416.69;;0.0198;0.0198
;US-WV;1968;p99p99.5;191534.3;;0.031399999;0.031399999
;US-WV;1968;p95p100;145835.3;;0.2394;0.2394
;US-WV;1968;p0p90;21628.5;;0.639;0.639
;US-WV;1968;p0p99;27675.4;;0.8994;0.8994
;US-WV;1968;p99.5p100;421165.5;;0.0691;0.0691
;US-WV;1967;p0p100;1265256.3;20602790351.0;1.0;1.0
;US-WV;1967;p99p100;285608.41;;0.095600002;0.095600002
;US-WV;1967;p99.9p100;800724.13;;0.026799999;0.026799999
;US-WV;1967;p99.99p100;2157423.3;;0.0071999999;0.0071999999
;US-WV;1967;p90p100;106403.8;;0.35620001;0.35620001
;US-WV;1967;p90p95;73504.898;;0.123;0.123
;US-WV;1967;p95p99;102881.3;;0.13779999;0.13779999
;US-WV;1967;p99.5p99.9;300882.91;;0.0403;0.0403
;US-WV;1967;p99.9p99.99;650698.31;;0.0196;0.0196
;US-WV;1967;p99p99.5;170349.09;;0.0285;0.0285
;US-WV;1967;p95p100;139385.91;;0.2333;0.2333
;US-WV;1967;p0p90;21357.4;;0.64349997;0.64349997
;US-WV;1967;p0p99;27285.6;;0.90439999;0.90439999
;US-WV;1967;p99.5p100;400889.31;;0.067100003;0.067100003
;US-WV;1966;p0p100;1293142.0;19809640699.0;1.0;1.0
;US-WV;1966;p99p100;277782.09;;0.096699998;0.096699998
;US-WV;1966;p99.9p100;823857.63;;0.0287;0.0287
;US-WV;1966;p99.99p100;2604219.5;;0.0091000004;0.0091000004
;US-WV;1966;p90p100;103429.1;;0.36000001;0.36000001
;US-WV;1966;p90p95;73700.5;;0.1283;0.1283
;US-WV;1966;p95p99;97404.0;;0.1356;0.1356
;US-WV;1966;p99.5p99.9;277427.19;;0.038600001;0.038600001
;US-WV;1966;p99.9p99.99;626317.88;;0.0196;0.0196
;US-WV;1966;p99p99.5;168345.59;;0.029300001;0.029300001
;US-WV;1966;p95p100;133461.41;;0.2323;0.2323
;US-WV;1966;p0p90;20410.9;;0.63950002;0.63950002
;US-WV;1966;p0p99;26210.801;;0.90329999;0.90329999
;US-WV;1966;p99.5p100;387134.31;;0.067400001;0.067400001
;US-WV;1965;p0p100;1327828.3;19208092035.0;1.0;1.0
;US-WV;1965;p99p100;291192.69;;0.1044;0.1044
;US-WV;1965;p99.9p100;799993.0;;0.0287;0.0287
;US-WV;1965;p99.99p100;1991795.4;;0.0071;0.0071
;US-WV;1965;p90p100;101947.7;;0.36570001;0.36570001
;US-WV;1965;p90p95;72228.703;;0.1295;0.1295
;US-WV;1965;p95p99;91764.203;;0.13169999;0.13169999
;US-WV;1965;p99.5p99.9;312413.09;;0.044799998;0.044799998
;US-WV;1965;p99.9p99.99;665970.88;;0.021500001;0.021500001
;US-WV;1965;p99p99.5;172185.7;;0.0309;0.0309
;US-WV;1965;p95p100;131653.2;;0.2361;0.2361
;US-WV;1965;p0p90;19655.5;;0.63450003;0.63450003
;US-WV;1965;p0p99;25221.4;;0.89560002;0.89560002
;US-WV;1965;p99.5p100;410186.19;;0.073600002;0.073600002
;US-WV;1964;p0p100;1307136.6;18277481335.0;1.0;1.0
;US-WV;1964;p99p100;262635.09;;0.098800004;0.098800004
;US-WV;1964;p99.9p100;731073.69;;0.0275;0.0275
;US-WV;1964;p99.99p100;2166835.3;;0.0082;0.0082
;US-WV;1964;p90p100;95942.0;;0.36090001;0.36090001
;US-WV;1964;p90p95;67016.5;;0.1261;0.1261
;US-WV;1964;p95p99;90410.0;;0.13600001;0.13600001
;US-WV;1964;p99.5p99.9;263187.81;;0.0396;0.0396
;US-WV;1964;p99.9p99.99;571214.13;;0.019300001;0.019300001
;US-WV;1964;p99p99.5;168215.8;;0.031599998;0.031599998
;US-WV;1964;p95p100;124826.8;;0.2348;0.2348
;US-WV;1964;p0p90;18878.199;;0.63919997;0.63919997
;US-WV;1964;p0p99;24197.801;;0.9012;0.9012
;US-WV;1964;p99.5p100;356841.09;;0.067100003;0.067100003
;US-WV;1963;p0p100;1262486.1;17142448745.0;1.0;1.0
;US-WV;1963;p99p100;233178.5;;0.093199998;0.093199998
;US-WV;1963;p99.9p100;668768.69;;0.026699999;0.026699999
;US-WV;1963;p99.99p100;1920631.5;;0.0077;0.0077
;US-WV;1963;p90p100;89871.203;;0.35929999;0.35929999
;US-WV;1963;p90p95;63713.699;;0.12729999;0.12729999
;US-WV;1963;p95p99;86742.297;;0.13869999;0.13869999
;US-WV;1963;p99.5p99.9;234208.7;;0.0374;0.0374
;US-WV;1963;p99.9p99.99;530478.13;;0.019099999;0.019099999
;US-WV;1963;p99p99.5;145073.09;;0.028999999;0.028999999
;US-WV;1963;p95p100;116029.5;;0.23190001;0.23190001
;US-WV;1963;p0p90;17809.801;;0.64069998;0.64069998
;US-WV;1963;p0p99;22913.301;;0.90679997;0.90679997
;US-WV;1963;p99.5p100;321280.5;;0.064199999;0.064199999
;US-WV;1962;p0p100;1249893.4;16465970271.0;1.0;1.0
;US-WV;1962;p99p100;216369.8;;0.089699998;0.089699998
;US-WV;1962;p99.9p100;632481.88;;0.0262;0.0262
;US-WV;1962;p99.99p100;1723114.8;;0.0071;0.0071
;US-WV;1962;p90p100;85059.797;;0.35260001;0.35260001
;US-WV;1962;p90p95;60344.699;;0.1251;0.1251
;US-WV;1962;p95p99;83126.703;;0.13779999;0.13779999
;US-WV;1962;p99.5p99.9;221819.5;;0.036800001;0.036800001
;US-WV;1962;p99.9p99.99;512763.69;;0.019099999;0.019099999
;US-WV;1962;p99p99.5;128525.9;;0.0266;0.0266
;US-WV;1962;p95p100;109775.5;;0.22750001;0.22750001
;US-WV;1962;p0p90;17352.4;;0.64740002;0.64740002
;US-WV;1962;p0p99;22181.199;;0.91030002;0.91030002
;US-WV;1962;p99.5p100;304212.5;;0.063100003;0.063100003
;US-WV;1961;p0p100;1264911.3;16253845046.0;1.0;1.0
;US-WV;1961;p99p100;214463.2;;0.089599997;0.089599997
;US-WV;1961;p99.9p100;607692.88;;0.0254;0.0254
;US-WV;1961;p99.99p100;1710740.1;;0.0071;0.0071
;US-WV;1961;p90p100;84703.0;;0.354;0.354
;US-WV;1961;p90p95;59984.398;;0.12530001;0.12530001
;US-WV;1961;p95p99;83168.5;;0.139;0.139
;US-WV;1961;p99.5p99.9;218266.09;;0.036499999;0.036499999
;US-WV;1961;p99.9p99.99;485558.31;;0.018300001;0.018300001
;US-WV;1961;p99p99.5;132684.2;;0.0277;0.0277
;US-WV;1961;p95p100;109423.8;;0.2286;0.2286
;US-WV;1961;p0p90;17177.6;;0.64600003;0.64600003
;US-WV;1961;p0p99;22005.801;;0.91039997;0.91039997
;US-WV;1961;p99.5p100;296245.69;;0.061900001;0.061900001
;US-WV;1960;p0p100;1292828.8;16180517188.0;1.0;1.0
;US-WV;1960;p99p100;213969.59;;0.089299999;0.089299999
;US-WV;1960;p99.9p100;616700.69;;0.025699999;0.025699999
;US-WV;1960;p99.99p100;1607730.3;;0.0066999998;0.0066999998
;US-WV;1960;p90p100;84245.797;;0.3515;0.3515
;US-WV;1960;p90p95;59790.602;;0.1247;0.1247
;US-WV;1960;p95p99;82385.5;;0.1375;0.1375
;US-WV;1960;p99.5p99.9;213287.09;;0.035599999;0.035599999
;US-WV;1960;p99.9p99.99;508162.19;;0.019099999;0.019099999
;US-WV;1960;p99p99.5;133719.5;;0.027899999;0.027899999
;US-WV;1960;p95p100;108700.5;;0.22669999;0.22669999
;US-WV;1960;p0p90;17272.6;;0.64850003;0.64850003
;US-WV;1960;p0p99;22051.0;;0.91070002;0.91070002
;US-WV;1960;p99.5p100;294215.81;;0.0614;0.0614
;US-WV;1959;p0p100;1334286.9;16354796644.0;1.0;1.0
;US-WV;1959;p99p100;221723.0;;0.092699997;0.092699997
;US-WV;1959;p99.9p100;629939.69;;0.0263;0.0263
;US-WV;1959;p99.99p100;1669678.6;;0.0070000002;0.0070000002
;US-WV;1959;p90p100;83904.602;;0.35089999;0.35089999
;US-WV;1959;p90p95;57779.602;;0.1208;0.1208
;US-WV;1959;p95p99;82112.102;;0.1374;0.1374
;US-WV;1959;p99.5p99.9;221354.7;;0.037;0.037
;US-WV;1959;p99.9p99.99;514996.31;;0.019400001;0.019400001
;US-WV;1959;p99p99.5;140286.2;;0.029300001;0.029300001
;US-WV;1959;p95p100;110031.2;;0.23010001;0.23010001
;US-WV;1959;p0p90;17243.699;;0.64910001;0.64910001
;US-WV;1959;p0p99;21912.0;;0.9073;0.9073
;US-WV;1959;p99.5p100;303167.41;;0.0634;0.0634
;US-WV;1958;p0p100;1278604.5;15646110221.0;1.0;1.0
;US-WV;1958;p99p100;219372.41;;0.097099997;0.097099997
;US-WV;1958;p99.9p100;644237.69;;0.0285;0.0285
;US-WV;1958;p99.99p100;1446500.6;;0.0063999998;0.0063999998
;US-WV;1958;p90p100;79672.703;;0.35260001;0.35260001
;US-WV;1958;p90p95;53941.699;;0.1193;0.1193
;US-WV;1958;p95p99;76913.5;;0.13609999;0.13609999
;US-WV;1958;p99.5p99.9;222324.91;;0.0394;0.0394
;US-WV;1958;p99.9p99.99;556458.88;;0.0222;0.0222
;US-WV;1958;p99p99.5;131907.5;;0.029200001;0.029200001
;US-WV;1958;p95p100;105404.8;;0.2332;0.2332
;US-WV;1958;p0p90;16256.1;;0.64740002;0.64740002
;US-WV;1958;p0p99;20610.801;;0.90289998;0.90289998
;US-WV;1958;p99.5p100;306836.5;;0.067900002;0.067900002
;US-WV;1957;p0p100;1420281.6;16665959501.0;1.0;1.0
;US-WV;1957;p99p100;227574.59;;0.095700003;0.095700003
;US-WV;1957;p99.9p100;586119.5;;0.024599999;0.024599999
;US-WV;1957;p99.99p100;1280193.0;;0.0054000001;0.0054000001
;US-WV;1957;p90p100;83235.602;;0.34990001;0.34990001
;US-WV;1957;p90p95;57538.602;;0.1209;0.1209
;US-WV;1957;p95p99;79274.5;;0.13330001;0.13330001
;US-WV;1957;p99.5p99.9;241588.2;;0.040600002;0.040600002
;US-WV;1957;p99.9p99.99;509914.19;;0.019300001;0.019300001
;US-WV;1957;p99p99.5;144396.59;;0.030400001;0.030400001
;US-WV;1957;p95p100;108933.6;;0.229;0.229
;US-WV;1957;p0p90;17181.801;;0.65009999;0.65009999
;US-WV;1957;p0p99;21728.4;;0.90429997;0.90429997
;US-WV;1957;p99.5p100;310750.19;;0.065300003;0.065300003
;US-WV;1956;p0p100;1475774.4;16313324613.0;1.0;1.0
;US-WV;1956;p99p100;230944.8;;0.1002;0.1002
;US-WV;1956;p99.9p100;735575.19;;0.0319;0.0319
;US-WV;1956;p99.99p100;2258871.5;;0.0098000001;0.0098000001
;US-WV;1956;p90p100;77785.5;;0.33750001;0.33750001
;US-WV;1956;p90p95;49851.699;;0.1082;0.1082
;US-WV;1956;p95p99;74532.102;;0.1294;0.1294
;US-WV;1956;p99.5p99.9;227386.91;;0.039500002;0.039500002
;US-WV;1956;p99.9p99.99;566940.13;;0.0221;0.0221
;US-WV;1956;p99p99.5;132823.7;;0.0288;0.0288
;US-WV;1956;p95p100;105815.0;;0.2296;0.2296
;US-WV;1956;p0p90;16957.0;;0.66219997;0.66219997
;US-WV;1956;p0p99;20944.9;;0.8998;0.8998
;US-WV;1956;p99.5p100;329065.0;;0.071400002;0.071400002
;US-WV;1955;p0p100;1390021.1;15071666029.0;1.0;1.0
;US-WV;1955;p99p100;212107.59;;0.1007;0.1007
;US-WV;1955;p99.9p100;689999.88;;0.032699998;0.032699998
;US-WV;1955;p99.99p100;2153668.0;;0.0102;0.0102
;US-WV;1955;p90p100;77791.703;;0.36919999;0.36919999
;US-WV;1955;p90p95;58030.5;;0.13770001;0.13770001
;US-WV;1955;p95p99;70007.797;;0.1329;0.1329
;US-WV;1955;p99.5p99.9;200175.0;;0.037999999;0.037999999
;US-WV;1955;p99.9p99.99;527410.5;;0.022500001;0.022500001
;US-WV;1955;p99p99.5;126075.6;;0.029899999;0.029899999
;US-WV;1955;p95p100;98415.0;;0.2335;0.2335
;US-WV;1955;p0p90;14719.6;;0.62870002;0.62870002
;US-WV;1955;p0p99;19140.9;;0.89929998;0.89929998
;US-WV;1955;p99.5p100;298139.81;;0.070699997;0.070699997
;US-WV;1954;p0p100;1276246.3;14085667633.0;1.0;1.0
;US-WV;1954;p99p100;199569.7;;0.1024;0.1024
;US-WV;1954;p99.9p100;583414.13;;0.029899999;0.029899999
;US-WV;1954;p99.99p100;1599890.9;;0.0082;0.0082
;US-WV;1954;p90p100;74106.898;;0.3802;0.3802
;US-WV;1954;p90p95;55606.102;;0.1426;0.1426
;US-WV;1954;p95p99;67262.797;;0.138;0.138
;US-WV;1954;p99.5p99.9;198791.09;;0.040800001;0.040800001
;US-WV;1954;p99.9p99.99;470488.41;;0.0217;0.0217
;US-WV;1954;p99p99.5;123424.8;;0.0317;0.0317
;US-WV;1954;p95p100;93692.797;;0.2403;0.2403
;US-WV;1954;p0p90;13360.5;;0.61690003;0.61690003
;US-WV;1954;p0p99;17672.0;;0.8976;0.8976
;US-WV;1954;p99.5p100;275715.09;;0.070699997;0.070699997
;US-WV;1953;p0p100;1376367.5;15193295291.0;1.0;1.0
;US-WV;1953;p99p100;173812.0;;0.083499998;0.083499998
;US-WV;1953;p99.9p100;422019.19;;0.020300001;0.020300001
;US-WV;1953;p99.99p100;1127847.4;;0.0054000001;0.0054000001
;US-WV;1953;p90p100;72858.602;;0.35010001;0.35010001
;US-WV;1953;p90p95;59863.699;;0.14380001;0.14380001
;US-WV;1953;p95p99;65864.0;;0.1266;0.1266
;US-WV;1953;p99.5p99.9;183449.8;;0.035300002;0.035300002
;US-WV;1953;p99.9p99.99;344140.31;;0.0149;0.0149
;US-WV;1953;p99p99.5;116632.4;;0.028000001;0.028000001
;US-WV;1953;p95p100;87390.703;;0.20999999;0.20999999
;US-WV;1953;p0p90;14938.2;;0.64600003;0.64600003
;US-WV;1953;p0p99;19266.199;;0.91649997;0.91649997
;US-WV;1953;p99.5p100;231044.8;;0.055500001;0.055500001
;US-WV;1952;p0p100;1369142.3;15051788916.0;1.0;1.0
;US-WV;1952;p99p100;202605.2;;0.099299997;0.099299997
;US-WV;1952;p99.9p100;578958.5;;0.0284;0.0284
;US-WV;1952;p99.99p100;1341551.3;;0.0066;0.0066
;US-WV;1952;p90p100;76101.297;;0.3732;0.3732
;US-WV;1952;p90p95;64747.0;;0.1587;0.1587
;US-WV;1952;p95p99;61505.398;;0.1206;0.1206
;US-WV;1952;p99.5p99.9;214498.91;;0.042100001;0.042100001
;US-WV;1952;p99.9p99.99;495677.31;;0.0219;0.0219
;US-WV;1952;p99p99.5;117927.1;;0.028899999;0.028899999
;US-WV;1952;p95p100;89698.703;;0.2199;0.2199
;US-WV;1952;p0p90;14075.5;;0.62120003;0.62120003
;US-WV;1952;p0p99;18552.9;;0.90069997;0.90069997
;US-WV;1952;p99.5p100;287295.5;;0.0704;0.0704
;US-WV;1951;p0p100;1490364.5;15851740877.0;1.0;1.0
;US-WV;1951;p99p100;222842.5;;0.1048;0.1048
;US-WV;1951;p99.9p100;708925.63;;0.033300001;0.033300001
;US-WV;1951;p99.99p100;1603085.0;;0.0074999998;0.0074999998
;US-WV;1951;p90p100;70518.102;;0.3317;0.3317
;US-WV;1951;p90p95;48579.5;;0.1143;0.1143
;US-WV;1951;p95p99;58357.602;;0.1098;0.1098
;US-WV;1951;p99.5p99.9;227248.41;;0.042800002;0.042800002
;US-WV;1951;p99.9p99.99;613894.0;;0.026000001;0.026000001
;US-WV;1951;p99p99.5;120730.7;;0.0284;0.0284
;US-WV;1951;p95p100;91379.797;;0.2149;0.2149
;US-WV;1951;p0p99;14415.2;;0.67129999;0.67129999
;US-WV;1951;p99.5p100;324876.19;;0.076399997;0.076399997
;US-WV;1950;p0p100;1605064.8;14811036447.0;1.0;1.0
;US-WV;1950;p99p100;208215.3;;0.1059;0.1059
;US-WV;1950;p99.9p100;631248.19;;0.032099999;0.032099999
;US-WV;1950;p99.99p100;1283372.6;;0.0065000001;0.0065000001
;US-WV;1950;p90p100;68552.398;;0.3486;0.3486
;US-WV;1950;p90p95;44071.5;;0.1121;0.1121
;US-WV;1950;p95p99;64177.602;;0.1305;0.1305
;US-WV;1950;p99.5p99.9;215597.7;;0.043900002;0.043900002
;US-WV;1950;p99.9p99.99;578285.69;;0.0265;0.0265
;US-WV;1950;p99p99.5;117870.1;;0.029999999;0.029999999
;US-WV;1950;p95p100;92876.898;;0.2362;0.2362
;US-WV;1950;p0p90;14214.1;;0.65060002;0.65060002
;US-WV;1950;p0p99;17759.301;;0.89410001;0.89410001
;US-WV;1950;p99.5p100;298588.41;;0.075900003;0.075900003
;US-WV;1949;p0p100;1540551.9;13817357320.0;1.0;1.0
;US-WV;1949;p99p100;192495.2;;0.104;0.104
;US-WV;1949;p99.9p100;565541.88;;0.0306;0.0306
;US-WV;1949;p99.99p100;1399879.8;;0.0076000001;0.0076000001
;US-WV;1949;p90p100;63608.102;;0.34369999;0.34369999
;US-WV;1949;p90p95;40292.199;;0.1088;0.1088
;US-WV;1949;p95p99;60497.0;;0.13070001;0.13070001
;US-WV;1949;p99.5p99.9;200426.5;;0.043299999;0.043299999
;US-WV;1949;p99.9p99.99;472862.59;;0.023;0.023
;US-WV;1949;p99p99.5;111539.2;;0.030099999;0.030099999
;US-WV;1949;p95p100;86843.102;;0.23459999;0.23459999
;US-WV;1949;p0p90;13499.3;;0.65640002;0.65640002
;US-WV;1949;p0p99;16751.4;;0.89600003;0.89600003
;US-WV;1949;p99.5p100;273449.81;;0.073899999;0.073899999
;US-WV;1948;p0p100;1646560.6;14969593617.0;1.0;1.0
;US-WV;1948;p99p100;213171.8;;0.1057;0.1057
;US-WV;1948;p99.9p100;660785.31;;0.0328;0.0328
;US-WV;1948;p99.99p100;1834933.1;;0.0091000004;0.0091000004
;US-WV;1948;p90p100;67570.203;;0.33500001;0.33500001
;US-WV;1948;p90p95;43172.398;;0.107;0.107
;US-WV;1948;p95p99;61626.301;;0.1222;0.1222
;US-WV;1948;p99.5p99.9;218294.41;;0.043299999;0.043299999
;US-WV;1948;p99.9p99.99;530342.31;;0.023700001;0.023700001
;US-WV;1948;p99p99.5;119553.6;;0.0296;0.0296
;US-WV;1948;p95p100;91921.203;;0.2278;0.2278
;US-WV;1948;p0p90;14907.6;;0.66509998;0.66509998
;US-WV;1948;p0p99;18222.801;;0.89429998;0.89429998
;US-WV;1948;p99.5p100;306791.19;;0.075999998;0.075999998
;US-WV;1947;p0p100;1854713.8;14428768705.0;1.0;1.0
;US-WV;1947;p99p100;199368.8;;0.1019;0.1019
;US-WV;1947;p99.9p100;604372.81;;0.0309;0.0309
;US-WV;1947;p99.99p100;1673360.3;;0.0086000003;0.0086000003
;US-WV;1947;p90p100;65252.0;;0.3335;0.3335
;US-WV;1947;p90p95;43097.199;;0.1101;0.1101
;US-WV;1947;p95p99;59433.301;;0.1215;0.1215
;US-WV;1947;p99.5p99.9;202431.2;;0.0414;0.0414
;US-WV;1947;p99.9p99.99;485654.19;;0.022299999;0.022299999
;US-WV;1947;p99p99.5;115911.3;;0.0296;0.0296
;US-WV;1947;p95p100;87411.797;;0.2234;0.2234
;US-WV;1947;p0p90;14485.7;;0.66640002;0.66640002
;US-WV;1947;p0p99;17746.801;;0.89810002;0.89810002
;US-WV;1947;p99.5p100;282818.5;;0.072300002;0.072300002
;US-WV;1946;p0p100;2262592.0;13348114683.0;1.0;1.0
;US-WV;1946;p99p100;216628.8;;0.1187;0.1187
;US-WV;1946;p99.9p100;714687.81;;0.0392;0.0392
;US-WV;1946;p99.99p100;2596084.3;;0.0142;0.0142
;US-WV;1946;p90p100;65782.0;;0.36050001;0.36050001
;US-WV;1946;p90p95;39756.199;;0.1089;0.1089
;US-WV;1946;p95p99;60610.0;;0.1329;0.1329
;US-WV;1946;p99.5p99.9;214167.59;;0.0469;0.0469
;US-WV;1946;p99.9p99.99;505629.91;;0.024900001;0.024900001
;US-WV;1946;p99p99.5;118987.5;;0.032600001;0.032600001
;US-WV;1946;p95p100;91809.398;;0.2516;0.2516
;US-WV;1946;p0p90;12966.6;;0.63950002;0.63950002
;US-WV;1946;p0p99;16244.6;;0.88129997;0.88129997
;US-WV;1946;p99.5p100;314271.59;;0.086099997;0.086099997
;US-WV;1945;p0p100;2662994.0;13340752834.0;1.0;1.0
;US-WV;1945;p99p100;189057.7;;0.1037;0.1037
;US-WV;1945;p99.9p100;571718.88;;0.031399999;0.031399999
;US-WV;1945;p99.99p100;1381323.4;;0.0076000001;0.0076000001
;US-WV;1945;p90p100;60632.699;;0.33250001;0.33250001
;US-WV;1945;p90p95;40114.102;;0.11;0.11
;US-WV;1945;p95p99;54194.898;;0.1189;0.1189
;US-WV;1945;p99.5p99.9;194033.0;;0.042599998;0.042599998
;US-WV;1945;p99.9p99.99;484484.19;;0.0239;0.0239
;US-WV;1945;p99p99.5;108540.5;;0.0298;0.0298
;US-WV;1945;p95p100;81155.898;;0.2226;0.2226
;US-WV;1945;p0p90;13518.2;;0.66729999;0.66729999
;US-WV;1945;p0p99;16507.301;;0.89630002;0.89630002
;US-WV;1945;p99.5p100;269553.09;;0.073899999;0.073899999
;US-WV;1944;p0p100;2659856.5;12731695232.0;1.0;1.0
;US-WV;1944;p99p100;167525.5;;0.096199997;0.096199997
;US-WV;1944;p99.9p100;515237.41;;0.0296;0.0296
;US-WV;1944;p99.99p100;1248915.3;;0.0071999999;0.0071999999
;US-WV;1944;p90p100;49353.0;;0.28349999;0.28349999
;US-WV;1944;p90p95;29862.1;;0.0858;0.0858
;US-WV;1944;p95p99;44307.602;;0.1018;0.1018
;US-WV;1944;p99.5p99.9;175938.09;;0.040399998;0.040399998
;US-WV;1944;p99.9p99.99;434261.19;;0.022399999;0.022399999
;US-WV;1944;p99p99.5;91237.297;;0.0262;0.0262
;US-WV;1944;p95p100;68909.0;;0.1979;0.1979
;US-WV;1944;p0p90;13853.8;;0.71619999;0.71619999
;US-WV;1944;p0p99;15893.2;;0.90380001;0.90380001
;US-WV;1944;p99.5p100;243836.7;;0.07;0.07
;US-WV;1943;p0p100;2748962.5;12690132144.0;1.0;1.0
;US-WV;1943;p99p100;183514.8;;0.1056;0.1056
;US-WV;1943;p99.9p100;577610.69;;0.033199999;0.033199999
;US-WV;1943;p99.99p100;1365029.0;;0.0078999996;0.0078999996
;US-WV;1943;p90p100;61744.602;;0.35519999;0.35519999
;US-WV;1943;p90p95;43008.102;;0.1237;0.1237
;US-WV;1943;p95p99;54641.5;;0.1257;0.1257
;US-WV;1943;p99.5p99.9;190021.8;;0.043699998;0.043699998
;US-WV;1943;p99.9p99.99;494159.0;;0.025599999;0.025599999
;US-WV;1943;p99p99.5;99453.0;;0.0286;0.0286
;US-WV;1943;p95p100;80443.102;;0.2314;0.2314
;US-WV;1943;p0p90;12454.2;;0.64480001;0.64480001
;US-WV;1943;p0p99;15705.3;;0.8944;0.8944
;US-WV;1943;p99.5p100;267566.09;;0.077;0.077
;US-WV;1942;p0p100;2763383.8;11279444789.0;1.0;1.0
;US-WV;1942;p99p100;170729.0;;0.1101;0.1101
;US-WV;1942;p99.9p100;544726.31;;0.035100002;0.035100002
;US-WV;1942;p99.99p100;1407120.6;;0.0091000004;0.0091000004
;US-WV;1942;p90p100;55037.102;;0.3549;0.3549
;US-WV;1942;p90p95;34798.5;;0.1122;0.1122
;US-WV;1942;p95p99;51362.199;;0.13249999;0.13249999
;US-WV;1942;p99.5p99.9;174495.91;;0.045000002;0.045000002
;US-WV;1942;p99.9p99.99;448481.59;;0.026000001;0.026000001
;US-WV;1942;p99p99.5;92847.0;;0.029899999;0.029899999
;US-WV;1942;p95p100;75271.602;;0.2427;0.2427
;US-WV;1942;p0p90;11120.2;;0.64529997;0.64529997
;US-WV;1942;p0p99;13941.3;;0.88990003;0.88990003
;US-WV;1942;p99.5p100;248586.3;;0.0801;0.0801
;US-WV;1941;p0p100;3060920.0;10193340600.0;1.0;1.0
;US-WV;1941;p99p100;182121.7;;0.12980001;0.12980001
;US-WV;1941;p99.9p100;581622.31;;0.041499998;0.041499998
;US-WV;1941;p99.99p100;1541060.4;;0.011;0.011
;US-WV;1941;p90p100;57430.5;;0.40939999;0.40939999
;US-WV;1941;p90p95;37115.0;;0.1323;0.1323
;US-WV;1941;p95p99;51747.5;;0.14749999;0.14749999
;US-WV;1941;p99.5p99.9;185706.5;;0.052900001;0.052900001
;US-WV;1941;p99.9p99.99;474220.5;;0.030400001;0.030400001
;US-WV;1941;p99p99.5;99150.102;;0.035300002;0.035300002
;US-WV;1941;p95p100;77878.703;;0.27759999;0.27759999
;US-WV;1941;p0p90;9204.5996;;0.5905;0.5905
;US-WV;1941;p0p99;12331.4;;0.87019998;0.87019998
;US-WV;1941;p99.5p100;265020.81;;0.094499998;0.094499998
;US-WV;1940;p0p100;2977018.5;8992858929.0;1.0;1.0
;US-WV;1940;p99p100;166257.91;;0.13429999;0.13429999
;US-WV;1940;p99.9p100;526175.0;;0.0425;0.0425
;US-WV;1940;p99.99p100;1373952.1;;0.0111;0.0111
;US-WV;1940;p90p100;57176.801;;0.46200001;0.46200001
;US-WV;1940;p90p95;36775.301;;0.1486;0.1486
;US-WV;1940;p95p99;55263.602;;0.1786;0.1786
;US-WV;1940;p99.5p99.9;169124.91;;0.054699998;0.054699998
;US-WV;1940;p99.9p99.99;431239.31;;0.031399999;0.031399999
;US-WV;1940;p99p99.5;91771.398;;0.037099998;0.037099998
;US-WV;1940;p95p100;77544.5;;0.31330001;0.31330001
;US-WV;1940;p0p90;7406.7002;;0.53860003;0.53860003
;US-WV;1940;p0p99;10821.8;;0.86570001;0.86570001
;US-WV;1940;p99.5p100;240657.41;;0.097199999;0.097199999
;US-WV;1939;p0p100;2919079.3;8493091482.0;1.0;1.0
;US-WV;1939;p99p100;157287.09;;0.1321;0.1321
;US-WV;1939;p99.9p100;496829.81;;0.041700002;0.041700002
;US-WV;1939;p99.99p100;1304094.3;;0.011;0.011
;US-WV;1939;p90p100;48342.301;;0.4061;0.4061
;US-WV;1939;p90p95;25407.699;;0.1067;0.1067
;US-WV;1939;p95p99;49352.0;;0.16580001;0.16580001
;US-WV;1939;p99.5p99.9;156835.91;;0.052700002;0.052700002
;US-WV;1939;p99.9p99.99;406829.81;;0.0308;0.0308
;US-WV;1939;p99p99.5;89568.0;;0.037599999;0.037599999
;US-WV;1939;p95p100;70993.398;;0.29820001;0.29820001
;US-WV;1939;p0p90;7876.7002;;0.59549999;0.59549999
;US-WV;1939;p0p99;10436.8;;0.86790001;0.86790001
;US-WV;1939;p99.5p100;224918.41;;0.094499998;0.094499998
;US-WV;1938;p0p100;2625579.3;7728708365.0;1.0;1.0
;US-WV;1938;p99p100;147366.5;;0.1337;0.1337
;US-WV;1938;p99.9p100;487381.41;;0.044199999;0.044199999
;US-WV;1938;p99.99p100;1569132.1;;0.0142;0.0142
;US-WV;1938;p90p100;44083.699;;0.40009999;0.40009999
;US-WV;1938;p90p95;22977.301;;0.1043;0.1043
;US-WV;1938;p95p99;43813.398;;0.15899999;0.15899999
;US-WV;1938;p99.5p99.9;143164.0;;0.052000001;0.052000001
;US-WV;1938;p99.9p99.99;366328.09;;0.029899999;0.029899999
;US-WV;1938;p99p99.5;82440.0;;0.0374;0.0374
;US-WV;1938;p95p100;64568.199;;0.29300001;0.29300001
;US-WV;1938;p0p90;7385.0;;0.60320002;0.60320002
;US-WV;1938;p0p99;9642.0996;;0.86629999;0.86629999
;US-WV;1938;p99.5p100;212172.59;;0.096299998;0.096299998
;US-WV;1937;p0p100;2862679.0;8605243841.0;1.0;1.0
;US-WV;1937;p99p100;168334.41;;0.1349;0.1349
;US-WV;1937;p99.9p100;570266.38;;0.045699999;0.045699999
;US-WV;1937;p99.99p100;1537010.6;;0.0123;0.0123
;US-WV;1937;p90p100;48298.0;;0.3872;0.3872
;US-WV;1937;p90p95;25351.9;;0.1016;0.1016
;US-WV;1937;p95p99;46769.301;;0.15000001;0.15000001
;US-WV;1937;p99.5p99.9;167014.0;;0.053599998;0.053599998
;US-WV;1937;p99.9p99.99;462891.69;;0.033399999;0.033399999
;US-WV;1937;p99p99.5;89007.297;;0.035700001;0.035700001
;US-WV;1937;p95p100;71073.0;;0.28490001;0.28490001
;US-WV;1937;p0p90;8502.7998;;0.6135;0.6135
;US-WV;1937;p0p99;10900.0;;0.86510003;0.86510003
;US-WV;1937;p99.5p100;247663.8;;0.099299997;0.099299997
;US-WV;1936;p0p100;3003153.3;8284960344.0;1.0;1.0
;US-WV;1936;p99p100;176346.7;;0.14470001;0.14470001
;US-WV;1936;p99.9p100;613038.0;;0.050299998;0.050299998
;US-WV;1936;p99.99p100;1698264.3;;0.0139;0.0139
;US-WV;1936;p90p100;46840.801;;0.38429999;0.38429999
;US-WV;1936;p90p95;24097.801;;0.098800004;0.098800004
;US-WV;1936;p95p99;42904.898;;0.1408;0.1408
;US-WV;1936;p99.5p99.9;174471.41;;0.057300001;0.057300001
;US-WV;1936;p99.9p99.99;492486.59;;0.036400001;0.036400001
;US-WV;1936;p99p99.5;90515.102;;0.037099998;0.037099998
;US-WV;1936;p95p100;69602.797;;0.28549999;0.28549999
;US-WV;1936;p0p90;8338.5996;;0.61570001;0.61570001
;US-WV;1936;p0p99;10531.2;;0.85530001;0.85530001
;US-WV;1936;p99.5p100;262182.91;;0.1075;0.1075
;US-WV;1935;p0p100;2691951.8;7175046274.0;1.0;1.0
;US-WV;1935;p99p100;137228.7;;0.12809999;0.12809999
;US-WV;1935;p99.9p100;438196.31;;0.040899999;0.040899999
;US-WV;1935;p99.99p100;1144662.3;;0.0107;0.0107
;US-WV;1935;p90p100;39578.699;;0.36930001;0.36930001
;US-WV;1935;p90p95;22019.801;;0.1027;0.1027
;US-WV;1935;p95p99;37336.398;;0.13940001;0.13940001
;US-WV;1935;p99.5p99.9;135981.2;;0.050799999;0.050799999
;US-WV;1935;p99.9p99.99;359728.19;;0.030200001;0.030200001
;US-WV;1935;p99p99.5;78048.398;;0.036400001;0.036400001
;US-WV;1935;p95p100;57250.0;;0.26710001;0.26710001
;US-WV;1935;p0p90;7499.7998;;0.62980002;0.62980002
;US-WV;1935;p0p99;9438.7002;;0.87190002;0.87190002
;US-WV;1935;p99.5p100;196418.09;;0.091600001;0.091600001
;US-WV;1934;p0p100;2655241.8;6632387291.0;1.0;1.0
;US-WV;1934;p99p100;125489.5;;0.1247;0.1247
;US-WV;1934;p99.9p100;389428.19;;0.038699999;0.038699999
;US-WV;1934;p99.99p100;988260.13;;0.0098000001;0.0098000001
;US-WV;1934;p90p100;36710.699;;0.36480001;0.36480001
;US-WV;1934;p90p95;19743.4;;0.098099999;0.098099999
;US-WV;1934;p95p99;36053.699;;0.1433;0.1433
;US-WV;1934;p99.5p99.9;124106.0;;0.0493;0.0493
;US-WV;1934;p99.9p99.99;322922.09;;0.028899999;0.028899999
;US-WV;1934;p99p99.5;73800.898;;0.036699999;0.036699999
;US-WV;1934;p95p100;53814.0;;0.2674;0.2674
;US-WV;1934;p0p90;7086.7998;;0.63389999;0.63389999
;US-WV;1934;p0p99;8896.4004;;0.87529999;0.87529999
;US-WV;1934;p99.5p100;177163.5;;0.088;0.088
;US-WV;1933;p0p100;2461016.5;5669369816.0;1.0;1.0
;US-WV;1933;p99p100;109728.5;;0.1257;0.1257
;US-WV;1933;p99.9p100;344610.5;;0.039500002;0.039500002
;US-WV;1933;p99.99p100;988821.0;;0.0113;0.0113
;US-WV;1933;p90p100;32548.699;;0.37279999;0.37279999
;US-WV;1933;p90p95;19724.699;;0.113;0.113
;US-WV;1933;p95p99;30356.9;;0.1391;0.1391
;US-WV;1933;p99.5p99.9;105572.5;;0.0484;0.0484
;US-WV;1933;p99.9p99.99;273031.59;;0.028100001;0.028100001
;US-WV;1933;p99p99.5;66076.797;;0.037799999;0.037799999
;US-WV;1933;p95p100;46151.602;;0.26429999;0.26429999
;US-WV;1933;p0p90;6037.3999;;0.62230003;0.62230003
;US-WV;1933;p0p99;7711.2002;;0.8743;0.8743
;US-WV;1933;p99.5p100;153380.09;;0.087800004;0.087800004
;US-WV;1932;p0p100;2130526.0;5374835633.0;1.0;1.0
;US-WV;1932;p99p100;108174.8;;0.1288;0.1288
;US-WV;1932;p99.9p100;321247.69;;0.038199998;0.038199998
;US-WV;1932;p99.99p100;873111.88;;0.0104;0.0104
;US-WV;1932;p90p100;34273.898;;0.40810001;0.40810001
;US-WV;1932;p90p95;21574.5;;0.1284;0.1284
;US-WV;1932;p95p99;32506.4;;0.1548;0.1548
;US-WV;1932;p99.5p99.9;105670.2;;0.050299998;0.050299998
;US-WV;1932;p99.9p99.99;259929.3;;0.027899999;0.027899999
;US-WV;1932;p99p99.5;67563.797;;0.040199999;0.040199999
;US-WV;1932;p95p100;47544.898;;0.28299999;0.28299999
;US-WV;1932;p0p90;5487.2002;;0.588;0.588
;US-WV;1932;p0p99;7391.3999;;0.87120003;0.87120003
;US-WV;1932;p99.5p100;148785.7;;0.088600002;0.088600002
;US-WV;1931;p0p100;2138260.8;6605074298.0;1.0;1.0
;US-WV;1931;p99p100;122591.5;;0.117;0.117
;US-WV;1931;p99.9p100;354176.41;;0.033799998;0.033799998
;US-WV;1931;p99.99p100;865173.38;;0.0082999999;0.0082999999
;US-WV;1931;p90p100;35151.699;;0.3355;0.3355
;US-WV;1931;p90p95;22278.9;;0.1063;0.1063
;US-WV;1931;p95p99;30256.6;;0.1155;0.1155
;US-WV;1931;p99.5p99.9;124376.5;;0.047499999;0.047499999
;US-WV;1931;p99.9p99.99;297398.91;;0.0255;0.0255
;US-WV;1931;p99p99.5;74846.5;;0.035700001;0.035700001
;US-WV;1931;p95p100;48764.102;;0.23270001;0.23270001
;US-WV;1931;p0p90;7698.1001;;0.66119999;0.66119999
;US-WV;1931;p0p99;9346.0;;0.88300002;0.88300002
;US-WV;1931;p99.5p100;170336.5;;0.081299998;0.081299998
;US-WV;1930;p0p100;1929766.9;7050379920.0;1.0;1.0
;US-WV;1930;p99p100;145036.2;;0.1276;0.1276
;US-WV;1930;p99.9p100;467682.91;;0.041099999;0.041099999
;US-WV;1930;p99.99p100;1220775.8;;0.0107;0.0107
;US-WV;1930;p90p100;38062.898;;0.3348;0.3348
;US-WV;1930;p90p95;19479.1;;0.085699998;0.085699998
;US-WV;1930;p95p99;34016.398;;0.1197;0.1197
;US-WV;1930;p99.5p99.9;144476.2;;0.050799999;0.050799999
;US-WV;1930;p99.9p99.99;384005.91;;0.030400001;0.030400001
;US-WV;1930;p99p99.5;80954.898;;0.035599999;0.035599999
;US-WV;1930;p95p100;56133.0;;0.24690001;0.24690001
;US-WV;1930;p0p90;8427.5;;0.66710001;0.66710001
;US-WV;1930;p0p99;10019.6;;0.87239999;0.87239999
;US-WV;1930;p99.5p100;209117.5;;0.092;0.092
;US-WV;1929;p0p100;2092517.5;7959123302.0;1.0;1.0
;US-WV;1929;p99p100;179057.41;;0.138;0.138
;US-WV;1929;p99.9p100;655075.0;;0.050500002;0.050500002
;US-WV;1929;p99.99p100;1894646.3;;0.0146;0.0146
;US-WV;1929;p90p100;40991.0;;0.31580001;0.31580001
;US-WV;1929;p90p95;17272.6;;0.066500001;0.066500001
;US-WV;1929;p95p99;35898.0;;0.1106;0.1106
;US-WV;1929;p99.5p99.9;172062.09;;0.052999999;0.052999999
;US-WV;1929;p99.9p99.99;517345.09;;0.0359;0.0359
;US-WV;1929;p99p99.5;89450.102;;0.034499999;0.034499999
;US-WV;1929;p95p100;64411.199;;0.2482;0.2482
;US-WV;1929;p0p90;9875.5;;0.68480003;0.68480003
;US-WV;1929;p0p99;11300.5;;0.86199999;0.86199999
;US-WV;1929;p99.5p100;268664.59;;0.1035;0.1035
;US-WV;1928;p0p100;2068639.8;7783290230.0;1.0;1.0
;US-WV;1928;p99p100;182599.5;;0.14229999;0.14229999
;US-WV;1928;p99.9p100;696989.19;;0.054299999;0.054299999
;US-WV;1928;p99.99p100;2224322.8;;0.0173;0.0173
;US-WV;1928;p90p100;42077.699;;0.32800001;0.32800001
;US-WV;1928;p90p95;17508.301;;0.0682;0.0682
;US-WV;1928;p95p99;37419.398;;0.1167;0.1167
;US-WV;1928;p99.5p99.9;172034.2;;0.053599998;0.053599998
;US-WV;1928;p99.9p99.99;527285.5;;0.037;0.037
;US-WV;1928;p99p99.5;88173.898;;0.034400001;0.034400001
;US-WV;1928;p95p100;66303.297;;0.25839999;0.25839999
;US-WV;1928;p0p90;9590.9004;;0.6728;0.6728
;US-WV;1928;p0p99;11115.1;;0.85769999;0.85769999
;US-WV;1928;p99.5p100;277025.19;;0.108;0.108
;US-WV;1927;p0p100;1954538.8;7459251444.0;1.0;1.0
;US-WV;1927;p99p100;175939.7;;0.14129999;0.14129999
;US-WV;1927;p99.9p100;642497.69;;0.051600002;0.051600002
;US-WV;1927;p99.99p100;1960657.4;;0.015699999;0.015699999
;US-WV;1927;p90p100;42138.699;;0.33829999;0.33829999
;US-WV;1927;p90p95;18201.301;;0.073100001;0.073100001
;US-WV;1927;p95p99;37912.699;;0.1218;0.1218
;US-WV;1927;p99.5p99.9;170268.7;;0.054699998;0.054699998
;US-WV;1927;p99.9p99.99;496035.5;;0.035799999;0.035799999
;US-WV;1927;p99p99.5;87165.0;;0.035;0.035
;US-WV;1927;p95p100;65399.5;;0.26249999;0.26249999
;US-WV;1927;p0p90;9188.2998;;0.66390002;0.66390002
;US-WV;1927;p0p99;10804.0;;0.85869998;0.85869998
;US-WV;1927;p99.5p100;264714.5;;0.1063;0.1063
;US-WV;1926;p0p100;1883798.9;7360584546.0;1.0;1.0
;US-WV;1926;p99p100;168052.09;;0.1348;0.1348
;US-WV;1926;p99.9p100;604237.38;;0.048500001;0.048500001
;US-WV;1926;p99.99p100;1942848.3;;0.0156;0.0156
;US-WV;1926;p90p100;42116.898;;0.33770001;0.33770001
;US-WV;1926;p90p95;17526.0;;0.070299998;0.070299998
;US-WV;1926;p95p99;40080.199;;0.1286;0.1286
;US-WV;1926;p99.5p99.9;160536.2;;0.0515;0.0515
;US-WV;1926;p99.9p99.99;455502.91;;0.032900002;0.032900002
;US-WV;1926;p99p99.5;86827.797;;0.0348;0.0348
;US-WV;1926;p95p100;65548.5;;0.26280001;0.26280001
;US-WV;1926;p0p90;9234.0996;;0.66640002;0.66640002
;US-WV;1926;p0p99;10899.2;;0.86519998;0.86519998
;US-WV;1926;p99.5p100;249276.5;;0.0999;0.0999
;US-WV;1925;p0p100;1944253.3;7348725290.0;1.0;1.0
;US-WV;1925;p99p100;162959.91;;0.12899999;0.12899999
;US-WV;1925;p99.9p100;581607.19;;0.046100002;0.046100002
;US-WV;1925;p99.99p100;1694276.9;;0.0134;0.0134
;US-WV;1925;p90p100;43026.801;;0.3407;0.3407
;US-WV;1925;p90p95;20522.9;;0.081299998;0.081299998
;US-WV;1925;p95p99;41120.102;;0.1302;0.1302
;US-WV;1925;p99.5p99.9;159044.5;;0.0504;0.0504
;US-WV;1925;p99.9p99.99;457977.19;;0.032600001;0.032600001
;US-WV;1925;p99p99.5;82362.703;;0.032600001;0.032600001
;US-WV;1925;p95p100;65326.102;;0.2586;0.2586
;US-WV;1925;p0p90;9254.0996;;0.6595;0.6595
;US-WV;1925;p0p99;11110.8;;0.87099999;0.87099999
;US-WV;1925;p99.5p100;243557.0;;0.0964;0.0964
;US-WV;1924;p0p100;1985943.3;7026837050.0;1.0;1.0
;US-WV;1924;p99p100;161259.8;;0.1314;0.1314
;US-WV;1924;p99.9p100;576157.5;;0.046999998;0.046999998
;US-WV;1924;p99.99p100;1596411.8;;0.013;0.013
;US-WV;1924;p90p100;51841.699;;0.42250001;0.42250001
;US-WV;1924;p90p95;32498.9;;0.13240001;0.13240001
;US-WV;1924;p95p99;49067.301;;0.16;0.16
;US-WV;1924;p99.5p99.9;156855.09;;0.051100001;0.051100001
;US-WV;1924;p99.9p99.99;462795.91;;0.0339;0.0339
;US-WV;1924;p99p99.5;81803.898;;0.033300001;0.033300001
;US-WV;1924;p95p100;71505.797;;0.29139999;0.29139999
;US-WV;1924;p0p90;7854.2998;;0.57620001;0.57620001
;US-WV;1924;p0p99;10764.2;;0.86860001;0.86860001
;US-WV;1924;p99.5p100;240715.59;;0.098099999;0.098099999
;US-WV;1923;p0p100;2032819.3;7021867959.0;1.0;1.0
;US-WV;1923;p99p100;168980.0;;0.13510001;0.13510001
;US-WV;1923;p99.9p100;606959.31;;0.048500001;0.048500001
;US-WV;1923;p99.99p100;1898236.9;;0.0152;0.0152
;US-WV;1923;p90p100;53871.801;;0.43059999;0.43059999
;US-WV;1923;p90p95;34386.0;;0.1374;0.1374
;US-WV;1923;p95p99;49676.602;;0.15880001;0.15880001
;US-WV;1923;p99.5p99.9;163901.09;;0.0524;0.0524
;US-WV;1923;p99.9p99.99;463484.91;;0.033300001;0.033300001
;US-WV;1923;p99p99.5;85447.398;;0.034200002;0.034200002
;US-WV;1923;p95p100;73537.203;;0.29390001;0.29390001
;US-WV;1923;p0p90;7903.8999;;0.5686;0.5686
;US-WV;1923;p0p99;10929.2;;0.86489999;0.86489999
;US-WV;1923;p99.5p100;252512.7;;0.1009;0.1009
;US-WV;1922;p0p100;1943290.5;6361427164.0;1.0;1.0
;US-WV;1922;p99p100;162382.5;;0.1407;0.1407
;US-WV;1922;p99.9p100;566983.88;;0.0491;0.0491
;US-WV;1922;p99.99p100;1604713.3;;0.0139;0.0139
;US-WV;1922;p90p100;48383.102;;0.4192;0.4192
;US-WV;1922;p90p95;28720.0;;0.1244;0.1244
;US-WV;1922;p95p99;44647.898;;0.1547;0.1547
;US-WV;1922;p99.5p99.9;159744.8;;0.055399999;0.055399999
;US-WV;1922;p99.9p99.99;451680.59;;0.0352;0.0352
;US-WV;1922;p99p99.5;83572.5;;0.036200002;0.036200002
;US-WV;1922;p95p100;68194.898;;0.29539999;0.29539999
;US-WV;1922;p0p90;7439.3999;;0.5801;0.5801
;US-WV;1922;p0p99;10017.6;;0.85930002;0.85930002
;US-WV;1922;p99.5p100;241192.59;;0.1045;0.1045
;US-WV;1921;p0p100;1504630.9;5531543973.0;1.0;1.0
;US-WV;1921;p99p100;141717.0;;0.1391;0.1391
;US-WV;1921;p99.9p100;465073.0;;0.045699999;0.045699999
;US-WV;1921;p99.99p100;1207729.3;;0.0119;0.0119
;US-WV;1921;p90p100;45380.898;;0.44549999;0.44549999
;US-WV;1921;p90p95;29249.9;;0.1436;0.1436
;US-WV;1921;p95p99;41694.5;;0.1637;0.1637
;US-WV;1921;p99.5p99.9;140707.41;;0.055199999;0.055199999
;US-WV;1921;p99.9p99.99;382555.59;;0.033799998;0.033799998
;US-WV;1921;p99p99.5;77853.398;;0.038199998;0.038199998
;US-WV;1921;p95p100;61699.0;;0.3028;0.3028
;US-WV;1921;p0p90;6266.7002;;0.55360001;0.55360001
;US-WV;1921;p0p99;8858.9004;;0.86089998;0.86089998
;US-WV;1921;p99.5p100;205580.5;;0.1009;0.1009
;US-WV;1920;p0p100;1461995.0;6597576356.0;1.0;1.0
;US-WV;1920;p99p100;160598.41;;0.1295;0.1295
;US-WV;1920;p99.9p100;556824.38;;0.0449;0.0449
;US-WV;1920;p99.99p100;1271866.8;;0.0103;0.0103
;US-WV;1920;p90p100;47246.5;;0.3809;0.3809
;US-WV;1920;p90p95;29351.6;;0.1183;0.1183
;US-WV;1920;p95p99;41504.5;;0.1338;0.1338
;US-WV;1920;p99.5p99.9;159953.0;;0.051600002;0.051600002
;US-WV;1920;p99.9p99.99;477375.09;;0.034600001;0.034600001
;US-WV;1920;p99p99.5;81869.5;;0.033;0.033
;US-WV;1920;p95p100;65323.301;;0.2633;0.2633
;US-WV;1920;p0p90;8522.2998;;0.61839998;0.61839998
;US-WV;1920;p0p99;10906.9;;0.87050003;0.87050003
;US-WV;1920;p99.5p100;239327.3;;0.096500002;0.096500002
;US-WV;1919;p0p100;1893135.3;6216193972.0;1.0;1.0
;US-WV;1919;p99p100;147347.91;;0.1231;0.1231
;US-WV;1919;p99.9p100;533265.38;;0.044500001;0.044500001
;US-WV;1919;p99.99p100;1520888.1;;0.0127;0.0127
;US-WV;1919;p90p100;40568.199;;0.3389;0.3389
;US-WV;1919;p90p95;19917.199;;0.0832;0.0832
;US-WV;1919;p95p99;39637.199;;0.13240001;0.13240001
;US-WV;1919;p99.5p99.9;137526.3;;0.046;0.046
;US-WV;1919;p99.9p99.99;424000.5;;0.0319;0.0319
;US-WV;1919;p99p99.5;77894.797;;0.032499999;0.032499999
;US-WV;1919;p95p100;61179.301;;0.25549999;0.25549999
;US-WV;1919;p0p90;8796.5;;0.6613;0.6613
;US-WV;1919;p0p99;10604.0;;0.87690002;0.87690002
;US-WV;1919;p99.5p100;216801.0;;0.090499997;0.090499997
;US-WV;1918;p0p100;2470801.0;6038802886.0;1.0;1.0
;US-WV;1918;p99p100;156055.59;;0.1318;0.1318
;US-WV;1918;p99.9p100;562662.69;;0.047499999;0.047499999
;US-WV;1918;p99.99p100;1808455.3;;0.0153;0.0153
;US-WV;1918;p90p100;49084.301;;0.41440001;0.41440001
;US-WV;1918;p90p95;28408.801;;0.1199;0.1199
;US-WV;1918;p95p99;48597.398;;0.16410001;0.16410001
;US-WV;1918;p99.5p99.9;145952.7;;0.0493;0.0493
;US-WV;1918;p99.9p99.99;424245.69;;0.032200001;0.032200001
;US-WV;1918;p99p99.5;82817.5;;0.035;0.035
;US-WV;1918;p95p100;70088.898;;0.29589999;0.29589999
;US-WV;1918;p0p90;7687.8999;;0.58420002;0.58420002
;US-WV;1918;p0p99;10387.3;;0.8682;0.8682
;US-WV;1918;p99.5p100;229294.09;;0.096799999;0.096799999
;US-WV;1917;p0p100;3564274.5;6282873257.0;1.0;1.0
;US-WV;1917;p99p100;197663.7;;0.1596;0.1596
;US-WV;1917;p99.9p100;865358.38;;0.069899999;0.069899999
;US-WV;1917;p99.99p100;2791390.0;;0.022500001;0.022500001
;US-WV;1917;p90p100;45636.699;;0.36840001;0.36840001
;US-WV;1917;p90p95;20060.9;;0.081;0.081
