Variable Name;.;.;.;Fiscal income  | tax unit | Average | Adults | constant 2015 local currency;Fiscal income  | tax unit | Total | Adults | constant 2015 local currency;Fiscal income  | tax unit | Share | Adults | share of total (ratio);Pre-tax national income  | tax unit | Share | Adults | share of total (ratio)
Variable Category;.;.;.;Income inequality;Income inequality;Income inequality;Income inequality
Variable Description;.;.;.;Average Fiscal income within a given percentile group. Fiscal income is defined as the sum of all income items reported on income tax returns, before any deduction. It includes labour income, capital income and mixed income. The concept of fiscal income varies with national tax legislations, so in order to make international comparisons it is preferable to use the concept of national income. The population is comprised of individuals over age 20. The base unit is the tax unit defined by national fiscal administrations to measure personal income taxes.;Total Fiscal income  within a given percentile group. Fiscal income is defined as the sum of all income items reported on income tax returns, before any deduction. It includes labour income, capital income and mixed income. The concept of fiscal income varies with national tax legislations, so in order to make international comparisons it is preferable to use the concept of national income. The population is comprised of individuals over age 20.;Fiscal income share held by a given percentile group. Fiscal income is defined as the sum of all income items reported on income tax returns, before any deduction. It includes labour income, capital income and mixed income. The concept of fiscal income varies with national tax legislations, so in order to make international comparisons it is preferable to use the concept of national income. The population is comprised of individuals over age 20. The base unit is the tax unit defined by national fiscal administrations to measure personal income taxes.;Pre-tax national income share held by a given percentile group. Pre-tax national income  is the sum of all pre-tax personal income flows accruing to the owners of the production factors, labor and capital, before taking into account the operation of the tax/transfer system, but after taking into account the operation of pension system. The central difference between personal factor income and pre-tax income is the treatment of pensions, which are counted on a contribution basis by factor income and on a distribution basis by pre-tax income. The population is comprised of individuals over age 20. The base unit is the tax unit defined by national fiscal administrations to measure personal income taxes.
Variable Decomposition;.;.;.;[Fiscal income ]=[Fiscal labour income ]+[Fiscal capital income ];[Fiscal income ]=[Fiscal labour income ]+[Fiscal capital income ];[Fiscal income ]=[Fiscal labour income ]+[Fiscal capital income ];Pre-tax national income =Pre-tax labor income [total pre-tax income ranking]+Pre-tax capital income [total pre-tax income ranking]
Variable Unit;.;.;.;"USD; United States dollar | local currency | market";"USD; United States dollar | local currency | market";share;share
Methodological Notes;.;.;.;;;;Assuming the same distribution as fiscal income.
Sources;.;.;.;Frank, Sommeiller, Price & Saez (2015);Frank, Sommeiller, Price & Saez (2015);Frank, Sommeiller, Price & Saez (2015);WID.world computations using: Frank, Sommeiller, Price & Saez (2015)
Variable Code;country;year;perc;afiinc992t;mfiinc992t;sfiinc992t;sptinc992t
;US-HI;2015;p0p100;68867.297;49726579185.0;1.0;1.0
;US-HI;2015;p99p100;881522.31;;0.12800001;0.12800001
;US-HI;2015;p99.9p100;3748135.0;;0.054400001;0.054400001
;US-HI;2015;p99.99p100;15572908.0;;0.022600001;0.022600001
;US-HI;2015;p90p100;259900.5;;0.37740001;0.37740001
;US-HI;2015;p90p95;153590.2;;0.1115;0.1115
;US-HI;2015;p95p99;235450.59;;0.13680001;0.13680001
;US-HI;2015;p99.5p99.9;752852.31;;0.043699998;0.043699998
;US-HI;2015;p99.9p99.99;2462601.5;;0.032200001;0.032200001
;US-HI;2015;p99p99.5;409480.0;;0.0297;0.0297
;US-HI;2015;p95p100;365229.19;;0.26519999;0.26519999
;US-HI;2015;p0p90;47708.102;;0.62349999;0.62349999
;US-HI;2015;p0p99;60658.699;;0.87199998;0.87199998
;US-HI;2015;p99.5p100;1352035.6;;0.098200001;0.098200001
;US-HI;2014;p0p100;65204.898;46970550385.0;1.0;1.0
;US-HI;2014;p99p100;784608.88;;0.1206;0.1206
;US-HI;2014;p99.9p100;3231636.3;;0.049699999;0.049699999
;US-HI;2014;p99.99p100;13428261.0;;0.0206;0.0206
;US-HI;2014;p90p100;240639.41;;0.36989999;0.36989999
;US-HI;2014;p90p95;146317.09;;0.1125;0.1125
;US-HI;2014;p95p99;222158.91;;0.1366;0.1366
;US-HI;2014;p99.5p99.9;683695.88;;0.041999999;0.041999999
;US-HI;2014;p99.9p99.99;2115324.5;;0.029300001;0.029300001
;US-HI;2014;p99p99.5;376890.69;;0.028999999;0.028999999
;US-HI;2014;p95p100;334530.69;;0.25709999;0.25709999
;US-HI;2014;p0p90;45535.898;;0.63;0.63
;US-HI;2014;p0p99;57782.102;;0.87940001;0.87940001
;US-HI;2014;p99.5p100;1192261.9;;0.091600001;0.091600001
;US-HI;2013;p0p100;63267.398;44902767742.0;1.0;1.0
;US-HI;2013;p99p100;725479.38;;0.1187;0.1187
;US-HI;2013;p99.9p100;2904022.8;;0.047499999;0.047499999
;US-HI;2013;p99.99p100;12310084.0;;0.020099999;0.020099999
;US-HI;2013;p90p100;230111.91;;0.37650001;0.37650001
;US-HI;2013;p90p95;142638.5;;0.1167;0.1167
;US-HI;2013;p95p99;214737.91;;0.14049999;0.14049999
;US-HI;2013;p99.5p99.9;638569.88;;0.0418;0.0418
;US-HI;2013;p99.9p99.99;1863002.4;;0.0274;0.0274
;US-HI;2013;p99p99.5;359557.09;;0.0294;0.0294
;US-HI;2013;p95p100;316998.09;;0.25929999;0.25929999
;US-HI;2013;p0p90;42374.801;;0.62400001;0.62400001
;US-HI;2013;p0p99;54407.801;;0.88129997;0.88129997
;US-HI;2013;p99.5p100;1091800.5;;0.089299999;0.089299999
;US-HI;2012;p0p100;69005.5;45538760955.0;1.0;1.0
;US-HI;2012;p99p100;843685.13;;0.1303;0.1303
;US-HI;2012;p99.9p100;3755506.0;;0.057999998;0.057999998
;US-HI;2012;p99.99p100;16680363.0;;0.025800001;0.025800001
;US-HI;2012;p90p100;241398.0;;0.37279999;0.37279999
;US-HI;2012;p90p95;143247.59;;0.1106;0.1106
;US-HI;2012;p95p99;212640.91;;0.1314;0.1314
;US-HI;2012;p99.5p99.9;702232.31;;0.043400001;0.043400001
;US-HI;2012;p99.9p99.99;2339595.8;;0.032499999;0.032499999
;US-HI;2012;p99p99.5;375023.41;;0.028999999;0.028999999
;US-HI;2012;p95p100;338728.5;;0.26159999;0.26159999
;US-HI;2012;p0p90;45139.0;;0.62739998;0.62739998
;US-HI;2012;p0p99;56882.801;;0.86970001;0.86970001
;US-HI;2012;p99.5p100;1312526.0;;0.1014;0.1014
;US-HI;2011;p0p100;70673.797;42566449783.0;1.0;1.0
;US-HI;2011;p99p100;708917.13;;0.1114;0.1114
;US-HI;2011;p99.9p100;2740109.0;;0.043000001;0.043000001
;US-HI;2011;p99.99p100;10782547.0;;0.016899999;0.016899999
;US-HI;2011;p90p100;226027.5;;0.35510001;0.35510001
;US-HI;2011;p90p95;142229.2;;0.1117;0.1117
;US-HI;2011;p95p99;209001.8;;0.1313;0.1313
;US-HI;2011;p99.5p99.9;635514.0;;0.039900001;0.039900001
;US-HI;2011;p99.9p99.99;1856470.8;;0.0262;0.0262
;US-HI;2011;p99p99.5;361224.19;;0.0284;0.0284
;US-HI;2011;p95p100;308896.91;;0.24259999;0.24259999
;US-HI;2011;p0p90;45650.801;;0.64539999;0.64539999
;US-HI;2011;p0p99;57136.699;;0.88859999;0.88859999
;US-HI;2011;p99.5p100;1057204.3;;0.082999997;0.082999997
;US-HI;2010;p0p100;76488.398;43315806408.0;1.0;1.0
;US-HI;2010;p99p100;735472.88;;0.1136;0.1136
;US-HI;2010;p99.9p100;3113838.0;;0.048099998;0.048099998
;US-HI;2010;p99.99p100;13763150.0;;0.021299999;0.021299999
;US-HI;2010;p90p100;226799.8;;0.35030001;0.35030001
;US-HI;2010;p90p95;141253.5;;0.1091;0.1091
;US-HI;2010;p95p99;205142.2;;0.1267;0.1267
;US-HI;2010;p99.5p99.9;624583.63;;0.038600001;0.038600001
;US-HI;2010;p99.9p99.99;1929230.6;;0.026799999;0.026799999
;US-HI;2010;p99p99.5;348255.59;;0.026900001;0.026900001
;US-HI;2010;p95p100;311133.09;;0.2403;0.2403
;US-HI;2010;p0p90;46799.301;;0.65060002;0.65060002
;US-HI;2010;p0p99;57964.898;;0.88639998;0.88639998
;US-HI;2010;p99.5p100;1123487.0;;0.086800002;0.086800002
;US-HI;2009;p0p100;77139.602;42502714147.0;1.0;1.0
;US-HI;2009;p99p100;812268.19;;0.1285;0.1285
;US-HI;2009;p99.9p100;3517368.5;;0.0557;0.0557
;US-HI;2009;p99.99p100;15618297.0;;0.024700001;0.024700001
;US-HI;2009;p90p100;230952.8;;0.36539999;0.36539999
;US-HI;2009;p90p95;142942.7;;0.1131;0.1131
;US-HI;2009;p95p99;194248.8;;0.1229;0.1229
;US-HI;2009;p99.5p99.9;672841.63;;0.042599998;0.042599998
;US-HI;2009;p99.9p99.99;2147997.0;;0.0306;0.0306
;US-HI;2009;p99p99.5;374213.5;;0.0296;0.0296
;US-HI;2009;p95p100;317983.69;;0.2516;0.2516
;US-HI;2009;p0p90;44695.898;;0.6365;0.6365
;US-HI;2009;p0p99;55634.5;;0.87150002;0.87150002
;US-HI;2009;p99.5p100;1247782.9;;0.098700002;0.098700002
;US-HI;2008;p0p100;81246.898;44773516092.0;1.0;1.0
;US-HI;2008;p99p100;892087.81;;0.1331;0.1331
;US-HI;2008;p99.9p100;3808078.5;;0.0568;0.0568
;US-HI;2008;p99.99p100;15847173.0;;0.023600001;0.023600001
;US-HI;2008;p90p100;245818.0;;0.36669999;0.36669999
;US-HI;2008;p90p95;144319.5;;0.1076;0.1076
;US-HI;2008;p95p99;207056.09;;0.1235;0.1235
;US-HI;2008;p99.5p99.9;739191.31;;0.044100001;0.044100001
;US-HI;2008;p99.9p99.99;2411586.8;;0.032400001;0.032400001
;US-HI;2008;p99p99.5;400420.31;;0.029899999;0.029899999
;US-HI;2008;p95p100;345735.09;;0.25780001;0.25780001
;US-HI;2008;p0p90;47588.801;;0.63889998;0.63889998
;US-HI;2008;p0p99;58708.398;;0.86690003;0.86690003
;US-HI;2008;p99.5p100;1372829.4;;0.1024;0.1024
;US-HI;2007;p0p100;94214.203;47469780861.0;1.0;1.0
;US-HI;2007;p99p100;1117161.8;;0.1549;0.1549
;US-HI;2007;p99.9p100;5110305.5;;0.070900001;0.070900001
;US-HI;2007;p99.99p100;22009350.0;;0.0305;0.0305
;US-HI;2007;p90p100;277248.19;;0.3845;0.3845
;US-HI;2007;p90p95;149527.8;;0.1037;0.1037
;US-HI;2007;p95p99;222056.09;;0.1232;0.1232
;US-HI;2007;p99.5p99.9;902742.69;;0.050099999;0.050099999
;US-HI;2007;p99.9p99.99;3192347.0;;0.039799999;0.039799999
;US-HI;2007;p99p99.5;457554.5;;0.0317;0.0317
;US-HI;2007;p95p100;403285.19;;0.27970001;0.27970001
;US-HI;2007;p0p90;49742.301;;0.62089998;0.62089998
;US-HI;2007;p0p99;61543.301;;0.84509999;0.84509999
;US-HI;2007;p99.5p100;1764271.8;;0.1223;0.1223
;US-HI;2006;p0p100;94783.398;45553432530.0;1.0;1.0
;US-HI;2006;p99p100;1072779.4;;0.1564;0.1564
;US-HI;2006;p99.9p100;4817796.0;;0.070200004;0.070200004
;US-HI;2006;p99.99p100;20078662.0;;0.029300001;0.029300001
;US-HI;2006;p90p100;268340.19;;0.39120001;0.39120001
;US-HI;2006;p90p95;145165.2;;0.1058;0.1058
;US-HI;2006;p95p99;217692.09;;0.127;0.127
;US-HI;2006;p99.5p99.9;886666.38;;0.0517;0.0517
;US-HI;2006;p99.9p99.99;3109710.8;;0.040800001;0.040800001
;US-HI;2006;p99p99.5;450127.19;;0.0328;0.0328
;US-HI;2006;p95p100;390078.81;;0.28439999;0.28439999
;US-HI;2006;p0p90;46687.102;;0.61260003;0.61260003
;US-HI;2006;p0p99;58444.898;;0.84359998;0.84359998
;US-HI;2006;p99.5p100;1686500.6;;0.1229;0.1229
;US-HI;2005;p0p100;101009.0;43499017549.0;1.0;1.0
;US-HI;2005;p99p100;1098274.4;;0.1603;0.1603
;US-HI;2005;p99.9p100;4949863.5;;0.0722;0.0722
;US-HI;2005;p99.99p100;20780876.0;;0.030300001;0.030300001
;US-HI;2005;p90p100;272116.09;;0.3971;0.3971
;US-HI;2005;p90p95;141815.0;;0.1035;0.1035
;US-HI;2005;p95p99;225900.7;;0.1319;0.1319
;US-HI;2005;p99.5p99.9;904499.19;;0.0528;0.0528
;US-HI;2005;p99.9p99.99;3181172.3;;0.0418;0.0418
;US-HI;2005;p99p99.5;464659.0;;0.0339;0.0339
;US-HI;2005;p95p100;401123.31;;0.29269999;0.29269999
;US-HI;2005;p0p90;46130.0;;0.60589999;0.60589999
;US-HI;2005;p0p99;58124.699;;0.83969998;0.83969998
;US-HI;2005;p99.5p100;1725078.6;;0.1259;0.1259
;US-HI;2004;p0p100;101237.7;40252546626.0;1.0;1.0
;US-HI;2004;p99p100;893928.63;;0.139;0.139
;US-HI;2004;p99.9p100;3727231.3;;0.057999998;0.057999998
;US-HI;2004;p99.99p100;14878238.0;;0.0231;0.0231
;US-HI;2004;p90p100;244276.41;;0.37990001;0.37990001
;US-HI;2004;p90p95;138245.59;;0.1075;0.1075
;US-HI;2004;p95p99;211806.0;;0.1318;0.1318
;US-HI;2004;p99.5p99.9;761252.0;;0.047400001;0.047400001
;US-HI;2004;p99.9p99.99;2466474.3;;0.034499999;0.034499999
;US-HI;2004;p99p99.5;415463.19;;0.032299999;0.032299999
;US-HI;2004;p95p100;348632.31;;0.27110001;0.27110001
;US-HI;2004;p0p90;44537.0;;0.62339997;0.62339997
;US-HI;2004;p0p99;55917.699;;0.861;0.861
;US-HI;2004;p99.5p100;1366395.0;;0.1063;0.1063
;US-HI;2003;p0p100;103601.2;37070978354.0;1.0;1.0
;US-HI;2003;p99p100;768140.88;;0.1231;0.1231
;US-HI;2003;p99.9p100;3011110.8;;0.048300002;0.048300002
;US-HI;2003;p99.99p100;11673494.0;;0.0187;0.0187
;US-HI;2003;p90p100;226799.91;;0.36359999;0.36359999
;US-HI;2003;p90p95;134431.5;;0.1077;0.1077
;US-HI;2003;p95p99;205499.8;;0.1318;0.1318
;US-HI;2003;p99.5p99.9;673975.69;;0.043200001;0.043200001
;US-HI;2003;p99.9p99.99;2023606.6;;0.029200001;0.029200001
;US-HI;2003;p99p99.5;381762.59;;0.0306;0.0306
;US-HI;2003;p95p100;318598.81;;0.2554;0.2554
;US-HI;2003;p0p90;44273.898;;0.63880002;0.63880002
;US-HI;2003;p0p99;55252.5;;0.87690002;0.87690002
;US-HI;2003;p99.5p100;1150379.0;;0.092200004;0.092200004
;US-HI;2002;p0p100;106080.3;36191797839.0;1.0;1.0
;US-HI;2002;p99p100;679164.31;;0.1111;0.1111
;US-HI;2002;p99.9p100;2510341.3;;0.041099999;0.041099999
;US-HI;2002;p99.99p100;9123736.0;;0.0149;0.0149
;US-HI;2002;p90p100;212938.3;;0.3484;0.3484
;US-HI;2002;p90p95;130992.4;;0.1072;0.1072
;US-HI;2002;p95p99;197609.0;;0.1293;0.1293
;US-HI;2002;p99.5p99.9;612303.88;;0.040100001;0.040100001
;US-HI;2002;p99.9p99.99;1757487.0;;0.025900001;0.025900001
;US-HI;2002;p99p99.5;355189.91;;0.029100001;0.029100001
;US-HI;2002;p95p100;294389.09;;0.24089999;0.24089999
;US-HI;2002;p0p90;44378.699;;0.65350002;0.65350002
;US-HI;2002;p0p99;54871.102;;0.88889998;0.88889998
;US-HI;2002;p99.5p100;999661.69;;0.081799999;0.081799999
;US-HI;2001;p0p100;110848.6;36342519970.0;1.0;1.0
;US-HI;2001;p99p100;737608.19;;0.1193;0.1193
;US-HI;2001;p99.9p100;2993262.0;;0.0484;0.0484
;US-HI;2001;p99.99p100;12300008.0;;0.0199;0.0199
;US-HI;2001;p90p100;221760.3;;0.35859999;0.35859999
;US-HI;2001;p90p95;133376.2;;0.1078;0.1078
;US-HI;2001;p95p99;202068.7;;0.13070001;0.13070001
;US-HI;2001;p99.5p99.9;608432.0;;0.0394;0.0394
;US-HI;2001;p99.9p99.99;1963427.3;;0.0286;0.0286
;US-HI;2001;p99p99.5;389532.91;;0.031500001;0.031500001
;US-HI;2001;p95p100;309531.09;;0.2502;0.2502
;US-HI;2001;p0p90;44129.801;;0.64219999;0.64219999
;US-HI;2001;p0p99;55021.0;;0.88069999;0.88069999
;US-HI;2001;p99.5p100;1086644.1;;0.087800004;0.087800004
;US-HI;2000;p0p100;123066.9;37986921386.0;1.0;1.0
;US-HI;2000;p99p100;845429.31;;0.1301;0.1301
;US-HI;2000;p99.9p100;3648735.0;;0.056200001;0.056200001
;US-HI;2000;p99.99p100;15027595.0;;0.0231;0.0231
;US-HI;2000;p90p100;239494.5;;0.3687;0.3687
;US-HI;2000;p90p95;136879.8;;0.1053;0.1053
;US-HI;2000;p95p99;213223.3;;0.1313;0.1313
;US-HI;2000;p99.5p99.9;681702.13;;0.041999999;0.041999999
;US-HI;2000;p99.9p99.99;2398860.8;;0.033199999;0.033199999
;US-HI;2000;p99p99.5;407402.81;;0.031399999;0.031399999
;US-HI;2000;p95p100;340873.81;;0.2624;0.2624
;US-HI;2000;p0p90;45740.699;;0.63370001;0.63370001
;US-HI;2000;p0p99;57081.602;;0.86989999;0.86989999
;US-HI;2000;p99.5p100;1280562.8;;0.0986;0.0986
;US-HI;1999;p0p100;130485.8;36856280774.0;1.0;1.0
;US-HI;1999;p99p100;781111.5;;0.1211;0.1211
;US-HI;1999;p99.9p100;3151008.5;;0.048900001;0.048900001
;US-HI;1999;p99.99p100;12066014.0;;0.0187;0.0187
;US-HI;1999;p90p100;231922.91;;0.35960001;0.35960001
;US-HI;1999;p90p95;137818.2;;0.1069;0.1069
;US-HI;1999;p95p99;211054.5;;0.1309;0.1309
;US-HI;1999;p99.5p99.9;671770.19;;0.041700002;0.041700002
;US-HI;1999;p99.9p99.99;2187160.5;;0.0305;0.0305
;US-HI;1999;p99p99.5;392421.91;;0.030400001;0.030400001
;US-HI;1999;p95p100;325351.59;;0.25229999;0.25229999
;US-HI;1999;p0p90;45921.898;;0.64090002;0.64090002
;US-HI;1999;p0p99;57248.398;;0.87889999;0.87889999
;US-HI;1999;p99.5p100;1169654.1;;0.090700001;0.090700001
;US-HI;1998;p0p100;131076.5;35263945174.0;1.0;1.0
;US-HI;1998;p99p100;688960.38;;0.1108;0.1108
;US-HI;1998;p99.9p100;2616947.0;;0.042100001;0.042100001
;US-HI;1998;p99.99p100;9376805.0;;0.0151;0.0151
;US-HI;1998;p90p100;214854.3;;0.3457;0.3457
;US-HI;1998;p90p95;132253.59;;0.1064;0.1064
;US-HI;1998;p95p99;198115.09;;0.1275;0.1275
;US-HI;1998;p99.5p99.9;593950.0;;0.038199998;0.038199998
;US-HI;1998;p99.9p99.99;1891256.3;;0.0274;0.0274
;US-HI;1998;p99p99.5;377501.91;;0.030400001;0.030400001
;US-HI;1998;p95p100;296796.19;;0.2387;0.2387
;US-HI;1998;p0p90;45242.5;;0.65509999;0.65509999
;US-HI;1998;p0p99;55827.398;;0.88919997;0.88919997
;US-HI;1998;p99.5p100;1000248.0;;0.080499999;0.080499999
;US-HI;1997;p0p100;133377.7;34664915435.0;1.0;1.0
;US-HI;1997;p99p100;648578.88;;0.1054;0.1054
;US-HI;1997;p99.9p100;2422945.5;;0.0394;0.0394
;US-HI;1997;p99.99p100;9127794.0;;0.0148;0.0148
;US-HI;1997;p90p100;208236.91;;0.33849999;0.33849999
;US-HI;1997;p90p95;131063.9;;0.1065;0.1065
;US-HI;1997;p95p99;193856.7;;0.126;0.126
;US-HI;1997;p99.5p99.9;567196.63;;0.036899999;0.036899999
;US-HI;1997;p99.9p99.99;1687898.5;;0.024700001;0.024700001
;US-HI;1997;p99p99.5;357035.0;;0.028999999;0.028999999
;US-HI;1997;p95p100;285021.69;;0.2316;0.2316
;US-HI;1997;p0p90;45252.301;;0.662;0.662
;US-HI;1997;p0p99;55590.5;;0.89459997;0.89459997
;US-HI;1997;p99.5p100;939543.0;;0.076399997;0.076399997
;US-HI;1996;p0p100;135102.09;33243036547.0;1.0;1.0
;US-HI;1996;p99p100;617740.88;;0.1035;0.1035
;US-HI;1996;p99.9p100;2201285.0;;0.036899999;0.036899999
;US-HI;1996;p99.99p100;7636331.5;;0.0128;0.0128
;US-HI;1996;p90p100;202026.8;;0.33840001;0.33840001
;US-HI;1996;p90p95;129376.5;;0.1083;0.1083
;US-HI;1996;p95p99;188518.91;;0.12630001;0.12630001
;US-HI;1996;p99.5p99.9;570026.88;;0.038199998;0.038199998
;US-HI;1996;p99.9p99.99;1594314.6;;0.024;0.024
;US-HI;1996;p99p99.5;333537.0;;0.027899999;0.027899999
;US-HI;1996;p95p100;274458.09;;0.2298;0.2298
;US-HI;1996;p0p90;43946.398;;0.66240001;0.66240001
;US-HI;1996;p0p99;54070.898;;0.89649999;0.89649999
;US-HI;1996;p99.5p100;900633.81;;0.075400002;0.075400002
;US-HI;1995;p0p100;147540.7;33481252489.0;1.0;1.0
;US-HI;1995;p99p100;572315.31;;0.092500001;0.092500001
;US-HI;1995;p99.9p100;1877262.8;;0.030300001;0.030300001
;US-HI;1995;p99.99p100;5998871.5;;0.0097000003;0.0097000003
;US-HI;1995;p90p100;198236.3;;0.3204;0.3204
;US-HI;1995;p90p95;130550.4;;0.1055;0.1055
;US-HI;1995;p95p99;189213.09;;0.1223;0.1223
;US-HI;1995;p99.5p99.9;545264.5;;0.035300002;0.035300002
;US-HI;1995;p99.9p99.99;1419837.5;;0.0207;0.0207
;US-HI;1995;p99p99.5;329636.19;;0.0266;0.0266
;US-HI;1995;p95p100;265778.5;;0.2148;0.2148
;US-HI;1995;p0p90;46738.0;;0.67989999;0.67989999
;US-HI;1995;p0p99;56711.199;;0.90750003;0.90750003
;US-HI;1995;p99.5p100;814433.13;;0.065800004;0.065800004
;US-HI;1994;p0p100;154063.7;33478544903.0;1.0;1.0
;US-HI;1994;p99p100;568747.88;;0.092299998;0.092299998
;US-HI;1994;p99.9p100;1924244.8;;0.031199999;0.031199999
;US-HI;1994;p99.99p100;6534918.0;;0.0106;0.0106
;US-HI;1994;p90p100;195004.3;;0.31659999;0.31659999
;US-HI;1994;p90p95;128421.7;;0.1042;0.1042
;US-HI;1994;p95p99;184738.09;;0.12;0.12
;US-HI;1994;p99.5p99.9;534453.81;;0.034699999;0.034699999
;US-HI;1994;p99.9p99.99;1404258.3;;0.020500001;0.020500001
;US-HI;1994;p99p99.5;321729.5;;0.0261;0.0261
;US-HI;1994;p95p100;261495.59;;0.2123;0.2123
;US-HI;1994;p0p90;46806.301;;0.6839;0.6839
;US-HI;1994;p0p99;56477.398;;0.9077;0.9077
;US-HI;1994;p99.5p100;815283.88;;0.066200003;0.066200003
;US-HI;1993;p0p100;166411.7;33828388197.0;1.0;1.0
;US-HI;1993;p99p100;626736.81;;0.098300003;0.098300003
;US-HI;1993;p99.9p100;2277836.5;;0.035700001;0.035700001
;US-HI;1993;p99.99p100;8319165.5;;0.013;0.013
;US-HI;1993;p90p100;202957.2;;0.31819999;0.31819999
;US-HI;1993;p90p95;129859.5;;0.1018;0.1018
;US-HI;1993;p95p99;188330.09;;0.1181;0.1181
;US-HI;1993;p99.5p99.9;578444.0;;0.0363;0.0363
;US-HI;1993;p99.9p99.99;1600939.3;;0.022600001;0.022600001
;US-HI;1993;p99p99.5;332839.59;;0.0261;0.0261
;US-HI;1993;p95p100;275962.59;;0.2163;0.2163
;US-HI;1993;p0p90;48342.398;;0.6821;0.6821
;US-HI;1993;p0p99;58098.699;;0.90170002;0.90170002
;US-HI;1993;p99.5p100;920097.81;;0.072099999;0.072099999
;US-HI;1992;p0p100;177089.09;34100974570.0;1.0;1.0
;US-HI;1992;p99p100;667729.0;;0.1033;0.1033
;US-HI;1992;p99.9p100;2434004.0;;0.037700001;0.037700001
;US-HI;1992;p99.99p100;8813026.0;;0.0136;0.0136
;US-HI;1992;p90p100;209784.2;;0.32449999;0.32449999
;US-HI;1992;p90p95;133645.3;;0.1034;0.1034
;US-HI;1992;p95p99;190594.91;;0.1179;0.1179
;US-HI;1992;p99.5p99.9;619117.31;;0.0383;0.0383
;US-HI;1992;p99.9p99.99;1723818.6;;0.024;0.024
;US-HI;1992;p99p99.5;352048.81;;0.0272;0.0272
;US-HI;1992;p95p100;286035.59;;0.2212;0.2212
;US-HI;1992;p0p90;48517.801;;0.67549998;0.67549998
;US-HI;1992;p0p99;58549.699;;0.89670002;0.89670002
;US-HI;1992;p99.5p100;983168.5;;0.075999998;0.075999998
;US-HI;1991;p0p100;185464.59;33041625440.0;1.0;1.0
;US-HI;1991;p99p100;677611.63;;0.1052;0.1052
;US-HI;1991;p99.9p100;2450350.0;;0.0381;0.0381
;US-HI;1991;p99.99p100;8828422.0;;0.0137;0.0137
;US-HI;1991;p90p100;212094.5;;0.3294;0.3294
;US-HI;1991;p90p95;135045.41;;0.1049;0.1049
;US-HI;1991;p95p99;192257.0;;0.1194;0.1194
;US-HI;1991;p99.5p99.9;630966.19;;0.0392;0.0392
;US-HI;1991;p99.9p99.99;1741268.8;;0.0243;0.0243
;US-HI;1991;p99p99.5;360056.81;;0.028000001;0.028000001
;US-HI;1991;p95p100;289316.41;;0.2247;0.2247
;US-HI;1991;p0p90;47972.801;;0.67049998;0.67049998
;US-HI;1991;p0p99;58198.102;;0.89480001;0.89480001
;US-HI;1991;p99.5p100;995181.0;;0.077299997;0.077299997
;US-HI;1990;p0p100;199716.09;32763458965.0;1.0;1.0
;US-HI;1990;p99p100;854882.88;;0.1323;0.1323
;US-HI;1990;p99.9p100;3488042.0;;0.054000001;0.054000001
;US-HI;1990;p99.99p100;14027662.0;;0.0217;0.0217
;US-HI;1990;p90p100;232230.2;;0.3594;0.3594
;US-HI;1990;p90p95;133081.2;;0.103;0.103
;US-HI;1990;p95p99;200517.2;;0.1241;0.1241
;US-HI;1990;p99.5p99.9;762155.0;;0.047200002;0.047200002
;US-HI;1990;p99.9p99.99;2316860.5;;0.032299999;0.032299999
;US-HI;1990;p99p99.5;402451.5;;0.031099999;0.031099999
;US-HI;1990;p95p100;331377.09;;0.25639999;0.25639999
;US-HI;1990;p0p90;45998.898;;0.64060003;0.64060003
;US-HI;1990;p0p99;56640.199;;0.86769998;0.86769998
;US-HI;1990;p99.5p100;1307329.6;;0.1012;0.1012
;US-HI;1989;p0p100;219799.09;31434764064.0;1.0;1.0
;US-HI;1989;p99p100;758180.5;;0.1175;0.1175
;US-HI;1989;p99.9p100;2981786.8;;0.0462;0.0462
;US-HI;1989;p99.99p100;11585726.0;;0.017999999;0.017999999
;US-HI;1989;p90p100;220916.91;;0.34240001;0.34240001
;US-HI;1989;p90p95;131732.09;;0.1021;0.1021
;US-HI;1989;p95p99;195983.3;;0.1215;0.1215
;US-HI;1989;p99.5p99.9;672313.81;;0.041700002;0.041700002
;US-HI;1989;p99.9p99.99;2000796.3;;0.027899999;0.027899999
;US-HI;1989;p99p99.5;369494.91;;0.0286;0.0286
;US-HI;1989;p95p100;309813.31;;0.2401;0.2401
;US-HI;1989;p0p90;47340.398;;0.66030002;0.66030002
;US-HI;1989;p0p99;57521.699;;0.88249999;0.88249999
;US-HI;1989;p99.5p100;1141780.4;;0.088500001;0.088500001
;US-HI;1988;p0p100;238011.5;29982140076.0;1.0;1.0
;US-HI;1988;p99p100;774664.88;;0.1206;0.1206
;US-HI;1988;p99.9p100;3167407.5;;0.0493;0.0493
;US-HI;1988;p99.99p100;12425135.0;;0.019300001;0.019300001
;US-HI;1988;p90p100;218028.91;;0.33950001;0.33950001
;US-HI;1988;p90p95;127845.8;;0.0995;0.0995
;US-HI;1988;p95p99;188194.3;;0.1172;0.1172
;US-HI;1988;p99.5p99.9;672658.69;;0.041900001;0.041900001
;US-HI;1988;p99.9p99.99;2101276.5;;0.0295;0.0295
;US-HI;1988;p99p99.5;357359.31;;0.027799999;0.027799999
;US-HI;1988;p95p100;307734.31;;0.2396;0.2396
;US-HI;1988;p0p90;47426.398;;0.66469997;0.66469997
;US-HI;1988;p0p99;57038.602;;0.87940001;0.87940001
;US-HI;1988;p99.5p100;1183674.8;;0.092200004;0.092200004
;US-HI;1987;p0p100;244892.7;27571813764.0;1.0;1.0
;US-HI;1987;p99p100;574530.69;;0.093500003;0.093500003
;US-HI;1987;p99.9p100;2021779.3;;0.032900002;0.032900002
;US-HI;1987;p99.99p100;7161017.5;;0.0116;0.0116
;US-HI;1987;p90p100;190796.8;;0.31040001;0.31040001
;US-HI;1987;p90p95;123945.7;;0.1008;0.1008
;US-HI;1987;p95p99;175853.3;;0.1144;0.1144
;US-HI;1987;p99.5p99.9;524364.63;;0.0341;0.0341
;US-HI;1987;p99.9p99.99;1420898.3;;0.0208;0.0208
;US-HI;1987;p99p99.5;309470.69;;0.0252;0.0252
;US-HI;1987;p95p100;257337.7;;0.2093;0.2093
;US-HI;1987;p0p90;47339.398;;0.69300002;0.69300002
;US-HI;1987;p0p99;56294.199;;0.90649998;0.90649998
;US-HI;1987;p99.5p100;833292.31;;0.0678;0.0678
;US-HI;1986;p0p100;263438.09;28115399798.0;1.0;1.0
;US-HI;1986;p99p100;670999.63;;0.1084;0.1084
;US-HI;1986;p99.9p100;2737355.8;;0.044199999;0.044199999
;US-HI;1986;p99.99p100;10843624.0;;0.0175;0.0175
;US-HI;1986;p90p100;196763.0;;0.31799999;0.31799999
;US-HI;1986;p90p95;118927.0;;0.096100003;0.096100003
;US-HI;1986;p95p99;169971.91;;0.1099;0.1099
;US-HI;1986;p99.5p99.9;569550.31;;0.036800001;0.036800001
;US-HI;1986;p99.9p99.99;1759302.8;;0.025599999;0.025599999
;US-HI;1986;p99p99.5;306139.59;;0.024700001;0.024700001
;US-HI;1986;p95p100;273700.09;;0.2212;0.2212
;US-HI;1986;p0p90;47397.801;;0.68940002;0.68940002
;US-HI;1986;p0p99;55727.199;;0.89160001;0.89160001
;US-HI;1986;p99.5p100;1022185.1;;0.082599998;0.082599998
;US-HI;1985;p0p100;251450.59;25745918283.0;1.0;1.0
;US-HI;1985;p99p100;486347.0;;0.0854;0.0854
;US-HI;1985;p99.9p100;1752113.4;;0.0307;0.0307
;US-HI;1985;p99.99p100;6197820.0;;0.0109;0.0109
;US-HI;1985;p90p100;169380.09;;0.29730001;0.29730001
;US-HI;1985;p90p95;113913.5;;0.1;0.1
;US-HI;1985;p95p99;155188.3;;0.1089;0.1089
;US-HI;1985;p99.5p99.9;421007.69;;0.0296;0.0296
;US-HI;1985;p99.9p99.99;1174147.3;;0.0185;0.0185
;US-HI;1985;p99p99.5;256622.5;;0.022500001;0.022500001
;US-HI;1985;p95p100;224223.41;;0.19670001;0.19670001
;US-HI;1985;p0p90;44928.102;;0.70959997;0.70959997
;US-HI;1985;p0p99;52645.102;;0.91460001;0.91460001
;US-HI;1985;p99.5p100;704970.19;;0.061900001;0.061900001
;US-HI;1984;p0p100;267573.09;24817302464.0;1.0;1.0
;US-HI;1984;p99p100;478728.5;;0.0845;0.0845
;US-HI;1984;p99.9p100;1772495.4;;0.031300001;0.031300001
;US-HI;1984;p99.99p100;6727521.5;;0.0119;0.0119
;US-HI;1984;p90p100;165713.09;;0.2924;0.2924
;US-HI;1984;p90p95;111468.5;;0.098300003;0.098300003
;US-HI;1984;p95p99;152870.91;;0.1079;0.1079
;US-HI;1984;p99.5p99.9;411625.0;;0.029100001;0.029100001
;US-HI;1984;p99.9p99.99;1154329.6;;0.018300001;0.018300001
;US-HI;1984;p99p99.5;253417.8;;0.022399999;0.022399999
;US-HI;1984;p95p100;219824.59;;0.1939;0.1939
;US-HI;1984;p0p90;44848.602;;0.71219999;0.71219999
;US-HI;1984;p0p99;52414.102;;0.91549999;0.91549999
;US-HI;1984;p99.5p100;696652.81;;0.061500002;0.061500002
;US-HI;1983;p0p100;319096.19;24422761556.0;1.0;1.0
;US-HI;1983;p99p100;393398.59;;0.065800004;0.065800004
;US-HI;1983;p99.9p100;1247356.8;;0.0208;0.0208
;US-HI;1983;p99.99p100;4262041.5;;0.0071;0.0071
;US-HI;1983;p90p100;158355.09;;0.2647;0.2647
;US-HI;1983;p90p95;116797.3;;0.097599998;0.097599998
;US-HI;1983;p95p99;150825.59;;0.1008;0.1008
;US-HI;1983;p99.5p99.9;357455.5;;0.0239;0.0239
;US-HI;1983;p99.9p99.99;871249.38;;0.0131;0.0131
;US-HI;1983;p99p99.5;234336.41;;0.0196;0.0196
;US-HI;1983;p95p100;200679.91;;0.16769999;0.16769999
;US-HI;1983;p0p90;49045.5;;0.7378;0.7378
;US-HI;1983;p0p99;56456.301;;0.93419999;0.93419999
;US-HI;1983;p99.5p100;546096.0;;0.045600001;0.045600001
;US-HI;1982;p0p100;315033.0;23124745634.0;1.0;1.0
;US-HI;1982;p99p100;442267.69;;0.078100003;0.078100003
;US-HI;1982;p99.9p100;1710673.3;;0.030200001;0.030200001
;US-HI;1982;p99.99p100;7102770.0;;0.0125;0.0125
;US-HI;1982;p90p100;169390.0;;0.29899999;0.29899999
;US-HI;1982;p90p95;117994.5;;0.1042;0.1042
;US-HI;1982;p95p99;164022.8;;0.1158;0.1158
;US-HI;1982;p99.5p99.9;388084.09;;0.0274;0.0274
;US-HI;1982;p99.9p99.99;1111551.3;;0.0177;0.0177
;US-HI;1982;p99p99.5;231933.5;;0.020500001;0.020500001
;US-HI;1982;p95p100;221932.3;;0.19589999;0.19589999
;US-HI;1982;p0p90;44180.801;;0.70200002;0.70200002
;US-HI;1982;p0p99;52750.898;;0.92189997;0.92189997
;US-HI;1982;p99.5p100;652601.88;;0.057599999;0.057599999
;US-HI;1981;p0p100;337222.5;23415345414.0;1.0;1.0
;US-HI;1981;p99p100;403136.31;;0.0748;0.0748
;US-HI;1981;p99.9p100;1306356.0;;0.0242;0.0242
;US-HI;1981;p99.99p100;4687059.5;;0.0087000001;0.0087000001
;US-HI;1981;p90p100;158035.0;;0.29300001;0.29300001
;US-HI;1981;p90p95;114744.6;;0.1064;0.1064
;US-HI;1981;p95p99;151206.5;;0.1121;0.1121
;US-HI;1981;p99.5p99.9;386423.09;;0.0287;0.0287
;US-HI;1981;p99.9p99.99;930222.63;;0.0155;0.0155
;US-HI;1981;p99p99.5;234918.59;;0.0218;0.0218
;US-HI;1981;p95p100;201765.3;;0.18709999;0.18709999
;US-HI;1981;p0p90;42354.5;;0.70679998;0.70679998
;US-HI;1981;p0p99;50403.398;;0.92519999;0.92519999
;US-HI;1981;p99.5p100;571201.19;;0.052999999;0.052999999
;US-HI;1980;p0p100;419915.0;24203346744.0;1.0;1.0
;US-HI;1980;p99p100;415367.09;;0.074199997;0.074199997
;US-HI;1980;p99.9p100;1352234.0;;0.0242;0.0242
;US-HI;1980;p99.99p100;4909362.0;;0.0088;0.0088
;US-HI;1980;p90p100;160263.7;;0.28619999;0.28619999
;US-HI;1980;p90p95;111231.5;;0.099299997;0.099299997
;US-HI;1980;p95p99;157612.09;;0.1126;0.1126
;US-HI;1980;p99.5p99.9;393792.31;;0.028100001;0.028100001
;US-HI;1980;p99.9p99.99;956838.63;;0.0154;0.0154
;US-HI;1980;p99p99.5;245108.5;;0.0219;0.0219
;US-HI;1980;p95p100;209230.41;;0.1869;0.1869
;US-HI;1980;p0p90;44409.898;;0.71390003;0.71390003
;US-HI;1980;p0p99;52357.699;;0.92580003;0.92580003
;US-HI;1980;p99.5p100;585608.5;;0.052299999;0.052299999
;US-HI;1979;p0p100;568968.88;23212970701.0;1.0;1.0
;US-HI;1979;p99p100;443021.91;;0.072099999;0.072099999
;US-HI;1979;p99.9p100;1484089.1;;0.0241;0.0241
;US-HI;1979;p99.99p100;5813712.5;;0.0094999997;0.0094999997
;US-HI;1979;p90p100;169003.91;;0.27500001;0.27500001
;US-HI;1979;p90p95;117367.4;;0.0955;0.0955
;US-HI;1979;p95p99;164830.8;;0.1073;0.1073
;US-HI;1979;p99.5p99.9;405038.19;;0.0264;0.0264
;US-HI;1979;p99.9p99.99;1002940.5;;0.0147;0.0147
;US-HI;1979;p99p99.5;265355.81;;0.021600001;0.021600001
;US-HI;1979;p95p100;220442.59;;0.1793;0.1793
;US-HI;1979;p0p90;49517.699;;0.72509998;0.72509998
;US-HI;1979;p0p99;57604.301;;0.92790002;0.92790002
;US-HI;1979;p99.5p100;620882.38;;0.050500002;0.050500002
;US-HI;1978;p0p100;629228.31;22016269597.0;1.0;1.0
;US-HI;1978;p99p100;382655.19;;0.067599997;0.067599997
;US-HI;1978;p99.9p100;1094379.1;;0.019300001;0.019300001
;US-HI;1978;p99.99p100;3391997.8;;0.0060000001;0.0060000001
;US-HI;1978;p90p100;158774.8;;0.28049999;0.28049999
;US-HI;1978;p90p95;114008.1;;0.1007;0.1007
;US-HI;1978;p95p99;158674.59;;0.1121;0.1121
;US-HI;1978;p99.5p99.9;383476.69;;0.027100001;0.027100001
;US-HI;1978;p99.9p99.99;838937.0;;0.0133;0.0133
;US-HI;1978;p99p99.5;239556.2;;0.021199999;0.021199999
;US-HI;1978;p95p100;203315.7;;0.1796;0.1796
;US-HI;1978;p0p90;45256.801;;0.71960002;0.71960002
;US-HI;1978;p0p99;53311.0;;0.93239999;0.93239999
;US-HI;1978;p99.5p100;525763.19;;0.046399999;0.046399999
;US-HI;1977;p0p100;743169.0;21304212786.0;1.0;1.0
;US-HI;1977;p99p100;379202.91;;0.065700002;0.065700002
;US-HI;1977;p99.9p100;1092855.8;;0.0189;0.0189
;US-HI;1977;p99.99p100;3747184.3;;0.0065000001;0.0065000001
;US-HI;1977;p90p100;156786.7;;0.27149999;0.27149999
;US-HI;1977;p90p95;118954.5;;0.103;0.103
;US-HI;1977;p95p99;148500.5;;0.1029;0.1029
;US-HI;1977;p99.5p99.9;361504.31;;0.025;0.025
;US-HI;1977;p99.9p99.99;797957.69;;0.0124;0.0124
;US-HI;1977;p99p99.5;250688.3;;0.0217;0.0217
;US-HI;1977;p95p100;194657.5;;0.16850001;0.16850001
;US-HI;1977;p0p90;46748.398;;0.72850001;0.72850001
;US-HI;1977;p0p99;54506.699;;0.93430001;0.93430001
;US-HI;1977;p99.5p100;507806.5;;0.044;0.044
;US-HI;1976;p0p100;876415.19;21019704898.0;1.0;1.0
;US-HI;1976;p99p100;370756.0;;0.061700001;0.061700001
;US-HI;1976;p99.9p100;1027673.7;;0.017100001;0.017100001
;US-HI;1976;p99.99p100;3315682.5;;0.0055;0.0055
;US-HI;1976;p90p100;154904.2;;0.25799999;0.25799999
;US-HI;1976;p90p95;110578.8;;0.092100002;0.092100002
;US-HI;1976;p95p99;156384.09;;0.1042;0.1042
;US-HI;1976;p99.5p99.9;368372.81;;0.024499999;0.024499999
;US-HI;1976;p99.9p99.99;773484.81;;0.0116;0.0116
;US-HI;1976;p99p99.5;241124.5;;0.020099999;0.020099999
;US-HI;1976;p95p100;199255.8;;0.16590001;0.16590001
;US-HI;1976;p0p90;49505.0;;0.74199998;0.74199998
;US-HI;1976;p0p99;56907.102;;0.93830001;0.93830001
;US-HI;1976;p99.5p100;500364.59;;0.041700002;0.041700002
;US-HI;1975;p0p100;1006957.9;20502357494.0;1.0;1.0
;US-HI;1975;p99p100;386992.91;;0.062700003;0.062700003
;US-HI;1975;p99.9p100;1137826.4;;0.0184;0.0184
;US-HI;1975;p99.99p100;3378898.5;;0.0055;0.0055
;US-HI;1975;p90p100;155770.59;;0.25260001;0.25260001
;US-HI;1975;p90p95;113753.9;;0.092200004;0.092200004
;US-HI;1975;p95p99;150570.8;;0.0977;0.0977
;US-HI;1975;p99.5p99.9;366182.91;;0.023700001;0.023700001
;US-HI;1975;p99.9p99.99;889257.63;;0.013;0.013
;US-HI;1975;p99p99.5;253526.7;;0.0206;0.0206
;US-HI;1975;p95p100;197852.09;;0.1604;0.1604
;US-HI;1975;p0p90;51217.602;;0.74739999;0.74739999
;US-HI;1975;p0p99;58390.898;;0.93730003;0.93730003
;US-HI;1975;p99.5p100;520356.19;;0.042199999;0.042199999
;US-HI;1974;p0p100;1302289.6;21136947261.0;1.0;1.0
;US-HI;1974;p99p100;486147.09;;0.0726;0.0726
;US-HI;1974;p99.9p100;1484685.1;;0.0222;0.0222
;US-HI;1974;p99.99p100;4879763.5;;0.0073000002;0.0073000002
;US-HI;1974;p90p100;173799.09;;0.2595;0.2595
;US-HI;1974;p90p95;115307.0;;0.086099997;0.086099997
;US-HI;1974;p95p99;168975.41;;0.1009;0.1009
;US-HI;1974;p99.5p99.9;475156.59;;0.0284;0.0284
;US-HI;1974;p99.9p99.99;1109607.3;;0.0149;0.0149
;US-HI;1974;p99p99.5;296240.91;;0.0221;0.0221
;US-HI;1974;p95p100;232282.0;;0.1734;0.1734
;US-HI;1974;p0p90;55097.398;;0.7403;0.7403
;US-HI;1974;p0p99;62746.5;;0.92739999;0.92739999
;US-HI;1974;p99.5p100;676453.13;;0.050500002;0.050500002
;US-HI;1973;p0p100;1620736.8;20271155531.0;1.0;1.0
;US-HI;1973;p99p100;476681.91;;0.070500001;0.070500001
;US-HI;1973;p99.9p100;1490188.9;;0.022;0.022
;US-HI;1973;p99.99p100;5632746.5;;0.0082999999;0.0082999999
;US-HI;1973;p90p100;177022.09;;0.26179999;0.26179999
;US-HI;1973;p90p95;120720.9;;0.089299999;0.089299999
;US-HI;1973;p95p99;172493.91;;0.102;0.102
;US-HI;1973;p99.5p99.9;438421.19;;0.025900001;0.025900001
;US-HI;1973;p99.9p99.99;1030346.9;;0.0137;0.0137
;US-HI;1973;p99p99.5;304413.5;;0.022500001;0.022500001
;US-HI;1973;p95p100;233332.41;;0.1726;0.1726
;US-HI;1973;p0p90;55455.602;;0.73820001;0.73820001
;US-HI;1973;p0p99;63480.199;;0.92949998;0.92949998
;US-HI;1973;p99.5p100;648782.5;;0.048;0.048
;US-HI;1972;p0p100;1852778.8;19506967682.0;1.0;1.0
;US-HI;1972;p99p100;469179.19;;0.068499997;0.068499997
;US-HI;1972;p99.9p100;1423353.1;;0.0208;0.0208
;US-HI;1972;p99.99p100;5201496.5;;0.0076000001;0.0076000001
;US-HI;1972;p90p100;171593.91;;0.25049999;0.25049999
;US-HI;1972;p90p95;121303.4;;0.088500001;0.088500001
;US-HI;1972;p95p99;160097.41;;0.093500003;0.093500003
;US-HI;1972;p99.5p99.9;421932.5;;0.024599999;0.024599999
;US-HI;1972;p99.9p99.99;1003518.0;;0.0132;0.0132
;US-HI;1972;p99p99.5;316111.31;;0.0231;0.0231
;US-HI;1972;p95p100;221914.3;;0.162;0.162
;US-HI;1972;p0p90;57049.398;;0.74949998;0.74949998
;US-HI;1972;p0p99;64457.898;;0.93150002;0.93150002
;US-HI;1972;p99.5p100;622247.0;;0.045400001;0.045400001
;US-HI;1971;p0p100;1966163.8;18436624493.0;1.0;1.0
;US-HI;1971;p99p100;432965.0;;0.0634;0.0634
;US-HI;1971;p99.9p100;1309996.6;;0.019200001;0.019200001
;US-HI;1971;p99.99p100;4477062.0;;0.0066;0.0066
;US-HI;1971;p90p100;164141.3;;0.2405;0.2405
;US-HI;1971;p90p95;116360.3;;0.085299999;0.085299999
;US-HI;1971;p95p99;156730.3;;0.091899998;0.091899998
;US-HI;1971;p99.5p99.9;414527.09;;0.0243;0.0243
;US-HI;1971;p99.9p99.99;958261.69;;0.0126;0.0126
;US-HI;1971;p99p99.5;272141.0;;0.0199;0.0199
;US-HI;1971;p95p100;211973.7;;0.15530001;0.15530001
;US-HI;1971;p0p90;57588.602;;0.75950003;0.75950003
;US-HI;1971;p0p99;64561.898;;0.93660003;0.93660003
;US-HI;1971;p99.5p100;593723.81;;0.043499999;0.043499999
;US-HI;1970;p0p100;2202758.5;17951828382.0;1.0;1.0
;US-HI;1970;p99p100;422653.81;;0.060199998;0.060199998
;US-HI;1970;p99.9p100;1144723.4;;0.0163;0.0163
;US-HI;1970;p99.99p100;3017583.8;;0.0043000001;0.0043000001
;US-HI;1970;p90p100;169722.5;;0.2419;0.2419
;US-HI;1970;p90p95;120035.4;;0.085500002;0.085500002
;US-HI;1970;p95p99;168711.3;;0.096199997;0.096199997
;US-HI;1970;p99.5p99.9;430672.0;;0.024499999;0.024499999
;US-HI;1970;p99.9p99.99;935628.38;;0.012;0.012
;US-HI;1970;p99p99.5;271408.0;;0.019300001;0.019300001
;US-HI;1970;p95p100;219467.3;;0.1564;0.1564
;US-HI;1970;p0p90;59111.5;;0.75809997;0.75809997
;US-HI;1970;p0p99;66613.703;;0.93980002;0.93980002
;US-HI;1970;p99.5p100;573805.0;;0.040899999;0.040899999
;US-HI;1969;p0p100;2333804.5;16608053196.0;1.0;1.0
;US-HI;1969;p99p100;491902.41;;0.073899999;0.073899999
;US-HI;1969;p99.9p100;1671064.5;;0.0251;0.0251
;US-HI;1969;p99.99p100;7083914.5;;0.0106;0.0106
;US-HI;1969;p90p100;166658.59;;0.25049999;0.25049999
;US-HI;1969;p90p95;114187.3;;0.0858;0.0858
;US-HI;1969;p95p99;150979.91;;0.090800002;0.090800002
;US-HI;1969;p99.5p99.9;456955.69;;0.0275;0.0275
;US-HI;1969;p99.9p99.99;1069557.8;;0.0145;0.0145
;US-HI;1969;p99p99.5;283977.5;;0.021299999;0.021299999
;US-HI;1969;p95p100;219164.91;;0.1647;0.1647
;US-HI;1969;p0p90;55390.398;;0.74940002;0.74940002
;US-HI;1969;p0p99;62221.801;;0.92610002;0.92610002
;US-HI;1969;p99.5p100;699872.31;;0.0526;0.0526
;US-HI;1968;p0p100;2498668.0;15632629671.0;1.0;1.0
;US-HI;1968;p99p100;468195.5;;0.073100001;0.073100001
;US-HI;1968;p99.9p100;1412896.8;;0.0221;0.0221
;US-HI;1968;p99.99p100;3577632.0;;0.0055999998;0.0055999998
;US-HI;1968;p90p100;166914.2;;0.26069999;0.26069999
;US-HI;1968;p90p95;107139.8;;0.083700001;0.083700001
;US-HI;1968;p95p99;166244.2;;0.1038;0.1038
;US-HI;1968;p99.5p99.9;463545.81;;0.028999999;0.028999999
;US-HI;1968;p99.9p99.99;1179646.8;;0.0166;0.0166
;US-HI;1968;p99p99.5;283056.41;;0.0221;0.0221
;US-HI;1968;p95p100;226659.09;;0.177;0.177
;US-HI;1968;p0p90;52598.699;;0.73930001;0.73930001
;US-HI;1968;p0p99;59952.0;;0.92690003;0.92690003
;US-HI;1968;p99.5p100;653208.38;;0.050999999;0.050999999
;US-HI;1967;p0p100;2556678.5;14403488706.0;1.0;1.0
;US-HI;1967;p99p100;447704.19;;0.074199997;0.074199997
;US-HI;1967;p99.9p100;1242001.3;;0.0206;0.0206
;US-HI;1967;p99.99p100;3739893.8;;0.0062000002;0.0062000002
;US-HI;1967;p90p100;157560.7;;0.26109999;0.26109999
;US-HI;1967;p90p95;105080.7;;0.087099999;0.087099999
;US-HI;1967;p95p99;150771.7;;0.0999;0.0999
;US-HI;1967;p99.5p99.9;440982.41;;0.029200001;0.029200001
;US-HI;1967;p99.9p99.99;965267.19;;0.0144;0.0144
;US-HI;1967;p99p99.5;294288.31;;0.0244;0.0244
;US-HI;1967;p95p100;210119.91;;0.1741;0.1741
;US-HI;1967;p0p90;49547.102;;0.73879999;0.73879999
;US-HI;1967;p0p99;56442.699;;0.92580003;0.92580003
;US-HI;1967;p99.5p100;601233.69;;0.049800001;0.049800001
;US-HI;1966;p0p100;2608634.5;13505996997.0;1.0;1.0
;US-HI;1966;p99p100;416312.09;;0.071800001;0.071800001
;US-HI;1966;p99.9p100;1260698.8;;0.0218;0.0218
;US-HI;1966;p99.99p100;4943423.0;;0.0085000005;0.0085000005
;US-HI;1966;p90p100;150954.09;;0.26050001;0.26050001
;US-HI;1966;p90p95;101393.5;;0.087499999;0.087499999
;US-HI;1966;p95p99;146849.3;;0.1014;0.1014
;US-HI;1966;p99.5p99.9;399037.41;;0.0275;0.0275
;US-HI;1966;p99.9p99.99;851434.5;;0.0132;0.0132
;US-HI;1966;p99p99.5;260625.7;;0.022500001;0.022500001
;US-HI;1966;p95p100;200713.0;;0.1732;0.1732
;US-HI;1966;p0p90;47606.699;;0.73940003;0.73940003
;US-HI;1966;p0p99;54329.699;;0.92820001;0.92820001
;US-HI;1966;p99.5p100;571771.13;;0.0493;0.0493
;US-HI;1965;p0p100;2690031.0;12847588314.0;1.0;1.0
;US-HI;1965;p99p100;437315.31;;0.077399999;0.077399999
;US-HI;1965;p99.9p100;1683152.3;;0.0298;0.0298
;US-HI;1965;p99.99p100;9664010.0;;0.017100001;0.017100001
;US-HI;1965;p90p100;144330.41;;0.25549999;0.25549999
;US-HI;1965;p90p95;95150.797;;0.084200002;0.084200002
;US-HI;1965;p95p99;132547.5;;0.093900003;0.093900003
;US-HI;1965;p99.5p99.9;386003.19;;0.0273;0.0273
;US-HI;1965;p99.9p99.99;799930.13;;0.0127;0.0127
;US-HI;1965;p99p99.5;229550.7;;0.020300001;0.020300001
;US-HI;1965;p95p100;193502.5;;0.17129999;0.17129999
;US-HI;1965;p0p90;46718.199;;0.74440002;0.74440002
;US-HI;1965;p0p99;52637.199;;0.92259997;0.92259997
;US-HI;1965;p99.5p100;645196.63;;0.057100002;0.057100002
;US-HI;1964;p0p100;2643604.0;11922100733.0;1.0;1.0
;US-HI;1964;p99p100;375634.41;;0.069899999;0.069899999
;US-HI;1964;p99.9p100;1057915.3;;0.0197;0.0197
;US-HI;1964;p99.99p100;4128369.0;;0.0077;0.0077
;US-HI;1964;p90p100;132251.09;;0.24600001;0.24600001
;US-HI;1964;p90p95;86667.703;;0.080600001;0.080600001
;US-HI;1964;p95p99;128408.6;;0.0955;0.0955
;US-HI;1964;p99.5p99.9;371042.41;;0.0276;0.0276
;US-HI;1964;p99.9p99.99;716775.69;;0.012;0.012
;US-HI;1964;p99p99.5;242423.09;;0.022500001;0.022500001
;US-HI;1964;p95p100;177816.3;;0.1654;0.1654
;US-HI;1964;p0p90;45041.102;;0.75400001;0.75400001
;US-HI;1964;p0p99;50509.699;;0.93010002;0.93010002
;US-HI;1964;p99.5p100;508510.81;;0.0473;0.0473
;US-HI;1963;p0p100;2570144.0;10995214855.0;1.0;1.0
;US-HI;1963;p99p100;337540.41;;0.066299997;0.066299997
;US-HI;1963;p99.9p100;1001066.3;;0.0197;0.0197
;US-HI;1963;p99.99p100;2919913.0;;0.0057000001;0.0057000001
;US-HI;1963;p90p100;124960.7;;0.2454;0.2454
;US-HI;1963;p90p95;86699.0;;0.085100003;0.085100003
;US-HI;1963;p95p99;119644.1;;0.093999997;0.093999997
;US-HI;1963;p99.5p99.9;337394.91;;0.0265;0.0265
;US-HI;1963;p99.9p99.99;788996.38;;0.0139;0.0139
;US-HI;1963;p99p99.5;204781.09;;0.020099999;0.020099999
;US-HI;1963;p95p100;163223.3;;0.1603;0.1603
;US-HI;1963;p0p90;42700.699;;0.75459999;0.75459999
;US-HI;1963;p0p99;48031.801;;0.93370003;0.93370003
;US-HI;1963;p99.5p100;470297.0;;0.0462;0.0462
;US-HI;1962;p0p100;2546572.5;10325459559.0;1.0;1.0
;US-HI;1962;p99p100;351291.69;;0.071500003;0.071500003
;US-HI;1962;p99.9p100;1109910.3;;0.022600001;0.022600001
;US-HI;1962;p99.99p100;4451702.5;;0.0091000004;0.0091000004
;US-HI;1962;p90p100;126495.3;;0.25740001;0.25740001
;US-HI;1962;p90p95;84120.797;;0.085600004;0.085600004
;US-HI;1962;p95p99;123264.7;;0.1003;0.1003
;US-HI;1962;p99.5p99.9;311744.91;;0.0254;0.0254
;US-HI;1962;p99.9p99.99;737535.5;;0.0135;0.0135
;US-HI;1962;p99p99.5;231393.91;;0.023499999;0.023499999
;US-HI;1962;p95p100;168870.2;;0.1718;0.1718
;US-HI;1962;p0p90;40555.199;;0.74260002;0.74260002
;US-HI;1962;p0p99;46097.301;;0.9285;0.9285
;US-HI;1962;p99.5p100;471176.81;;0.047899999;0.047899999
;US-HI;1961;p0p100;2569465.0;9926971509.0;1.0;1.0
;US-HI;1961;p99p100;462277.09;;0.095100001;0.095100001
;US-HI;1961;p99.9p100;1401553.1;;0.0288;0.0288
;US-HI;1961;p99.99p100;4728568.5;;0.0097000003;0.0097000003
;US-HI;1961;p90p100;144508.09;;0.29730001;0.29730001
;US-HI;1961;p90p95;86586.398;;0.089100003;0.089100003
;US-HI;1961;p95p99;137465.8;;0.1131;0.1131
;US-HI;1961;p99.5p99.9;458121.69;;0.037700001;0.037700001
;US-HI;1961;p99.9p99.99;1032301.9;;0.019099999;0.019099999
;US-HI;1961;p99p99.5;277616.81;;0.0286;0.0286
;US-HI;1961;p95p100;202428.5;;0.20819999;0.20819999
;US-HI;1961;p0p90;37955.801;;0.70270002;0.70270002
;US-HI;1961;p0p99;44432.301;;0.90490001;0.90490001
;US-HI;1961;p99.5p100;646942.69;;0.066500001;0.066500001
;US-HI;1960;p0p100;2491561.3;9158829674.0;1.0;1.0
;US-HI;1960;p99p100;392920.91;;0.085100003;0.085100003
;US-HI;1960;p99.9p100;842747.19;;0.018200001;0.018200001
;US-HI;1960;p99.99p100;2574181.3;;0.0055999998;0.0055999998
;US-HI;1960;p90p100;126516.3;;0.2739;0.2739
;US-HI;1960;p90p95;80069.297;;0.0867;0.0867
;US-HI;1960;p95p99;117973.5;;0.1022;0.1022
;US-HI;1960;p99.5p99.9;493882.09;;0.042800002;0.042800002
;US-HI;1960;p99.9p99.99;651564.31;;0.0127;0.0127
;US-HI;1960;p99p99.5;220146.09;;0.023800001;0.023800001
;US-HI;1960;p95p100;172963.5;;0.18719999;0.18719999
;US-HI;1960;p0p90;37281.398;;0.7263;0.7263
;US-HI;1960;p0p99;42693.398;;0.9149;0.9149
;US-HI;1960;p99.5p100;565698.69;;0.0612;0.0612
;US-HI;1959;p0p100;2378525.0;8306279236.0;1.0;1.0
;US-HI;1959;p99p100;342745.59;;0.080399998;0.080399998
;US-HI;1959;p99.9p100;1092159.5;;0.025599999;0.025599999
;US-HI;1959;p99.99p100;3335091.3;;0.0077999998;0.0077999998
;US-HI;1959;p90p100;116643.1;;0.2737;0.2737
;US-HI;1959;p90p95;76794.0;;0.090099998;0.090099998
;US-HI;1959;p95p99;109932.1;;0.1032;0.1032
;US-HI;1959;p99.5p99.9;347824.19;;0.032600001;0.032600001
;US-HI;1959;p99.9p99.99;843453.31;;0.0178;0.0178
;US-HI;1959;p99p99.5;188763.3;;0.0221;0.0221
;US-HI;1959;p95p100;156493.41;;0.18359999;0.18359999
;US-HI;1959;p0p90;34397.699;;0.7263;0.7263
;US-HI;1959;p0p99;39591.102;;0.91960001;0.91960001
;US-HI;1959;p99.5p100;496727.91;;0.0583;0.0583
;US-HI;1958;p0p100;2199137.5;7437231293.0;1.0;1.0
;US-HI;1958;p99p100;298968.59;;0.076899998;0.076899998
;US-HI;1958;p99.9p100;834382.63;;0.021500001;0.021500001
;US-HI;1958;p99.99p100;2103539.0;;0.0054000001;0.0054000001
;US-HI;1958;p90p100;106987.1;;0.2753;0.2753
;US-HI;1958;p90p95;71175.102;;0.091600001;0.091600001
;US-HI;1958;p95p99;103758.7;;0.1068;0.1068
;US-HI;1958;p99.5p99.9;304710.0;;0.031399999;0.031399999
;US-HI;1958;p99.9p99.99;694692.38;;0.016100001;0.016100001
;US-HI;1958;p99p99.5;187013.5;;0.0241;0.0241
;US-HI;1958;p95p100;142800.2;;0.1837;0.1837
;US-HI;1958;p0p90;31299.6;;0.72469997;0.72469997
;US-HI;1958;p0p99;36241.0;;0.92309999;0.92309999
;US-HI;1958;p99.5p100;410921.81;;0.052900001;0.052900001
;US-HI;1957;p0p100;2353339.0;7403123525.0;1.0;1.0
;US-HI;1957;p99p100;273716.31;;0.069399998;0.069399998
;US-HI;1957;p99.9p100;772776.63;;0.0196;0.0196
;US-HI;1957;p99.99p100;2735481.5;;0.0068999999;0.0068999999
;US-HI;1957;p90p100;100364.6;;0.25459999;0.25459999
;US-HI;1957;p90p95;66787.398;;0.084700003;0.084700003
;US-HI;1957;p95p99;99000.898;;0.1005;0.1005
;US-HI;1957;p99.5p99.9;276031.69;;0.028000001;0.028000001
;US-HI;1957;p99.9p99.99;554449.0;;0.0127;0.0127
;US-HI;1957;p99p99.5;171908.59;;0.0218;0.0218
;US-HI;1957;p95p100;133942.59;;0.1699;0.1699
;US-HI;1957;p0p90;32642.199;;0.74540001;0.74540001
;US-HI;1957;p0p99;37046.898;;0.93059999;0.93059999
;US-HI;1957;p99.5p100;375521.59;;0.047600001;0.047600001
;US-HI;1956;p0p100;2535990.0;7290051062.0;1.0;1.0
;US-HI;1956;p99p100;319396.69;;0.080700003;0.080700003
;US-HI;1956;p99.9p100;727241.69;;0.0184;0.0184
;US-HI;1956;p99.99p100;1652477.3;;0.0041999999;0.0041999999
;US-HI;1956;p90p100;107097.4;;0.27039999;0.27039999
;US-HI;1956;p90p95;68065.797;;0.085900001;0.085900001
;US-HI;1956;p95p99;102938.2;;0.104;0.104
;US-HI;1956;p99.5p99.9;357289.59;;0.0361;0.0361
;US-HI;1956;p99.9p99.99;626394.88;;0.0142;0.0142
;US-HI;1956;p99p99.5;206376.91;;0.0261;0.0261
;US-HI;1956;p95p100;146230.41;;0.1846;0.1846
;US-HI;1956;p0p90;32099.801;;0.7295;0.7295
;US-HI;1956;p0p99;36774.5;;0.91930002;0.91930002
;US-HI;1956;p99.5p100;432410.41;;0.0546;0.0546
;US-HI;1955;p0p100;2620757.5;7168249565.0;1.0;1.0
;US-HI;1955;p99p100;274269.59;;0.068999998;0.068999998
;US-HI;1955;p99.9p100;741314.81;;0.0187;0.0187
;US-HI;1955;p99.99p100;1894510.6;;0.0048000002;0.0048000002
;US-HI;1955;p90p100;99182.297;;0.24969999;0.24969999
;US-HI;1955;p90p95;66776.5;;0.083999999;0.083999999
;US-HI;1955;p95p99;96590.5;;0.0973;0.0973
;US-HI;1955;p99.5p99.9;283879.5;;0.0286;0.0286
;US-HI;1955;p99.9p99.99;613283.38;;0.0139;0.0139
;US-HI;1955;p99p99.5;173177.91;;0.0218;0.0218
;US-HI;1955;p95p100;132101.8;;0.1663;0.1663
;US-HI;1955;p0p90;33090.5;;0.74970001;0.74970001
;US-HI;1955;p0p99;37357.602;;0.93099999;0.93099999
;US-HI;1955;p99.5p100;375361.69;;0.047200002;0.047200002
;US-HI;1954;p0p100;2544051.3;6870701126.0;1.0;1.0
;US-HI;1954;p99p100;249659.91;;0.064300001;0.064300001
;US-HI;1954;p99.9p100;658538.63;;0.016899999;0.016899999
;US-HI;1954;p99.99p100;1634175.0;;0.0041999999;0.0041999999
;US-HI;1954;p90p100;93502.797;;0.24070001;0.24070001
;US-HI;1954;p90p95;65313.801;;0.084100001;0.084100001
;US-HI;1954;p95p99;90834.602;;0.093500003;0.093500003
;US-HI;1954;p99.5p99.9;270741.5;;0.027899999;0.027899999
;US-HI;1954;p99.9p99.99;550160.69;;0.0127;0.0127
;US-HI;1954;p99p99.5;151021.41;;0.019400001;0.019400001
;US-HI;1954;p95p100;122537.7;;0.1577;0.1577
;US-HI;1954;p0p90;32730.301;;0.75819999;0.75819999
;US-HI;1954;p0p99;36723.602;;0.9357;0.9357
;US-HI;1954;p99.5p100;348298.91;;0.044799998;0.044799998
;US-HI;1953;p0p100;2614275.3;6849943757.0;1.0;1.0
;US-HI;1953;p99p100;233424.2;;0.059099998;0.059099998
;US-HI;1953;p99.9p100;660283.88;;0.0167;0.0167
;US-HI;1953;p99.99p100;1807529.0;;0.0046000001;0.0046000001
;US-HI;1953;p90p100;92298.398;;0.2335;0.2335
;US-HI;1953;p90p95;66753.0;;0.084399998;0.084399998
;US-HI;1953;p95p99;90200.102;;0.091300003;0.091300003
;US-HI;1953;p99.5p99.9;223384.0;;0.022600001;0.022600001
;US-HI;1953;p99.9p99.99;533554.19;;0.0121;0.0121
;US-HI;1953;p99p99.5;156177.7;;0.0198;0.0198
;US-HI;1953;p95p100;118751.8;;0.15019999;0.15019999
;US-HI;1953;p0p90;33609.602;;0.76520002;0.76520002
;US-HI;1953;p0p99;37571.102;;0.94090003;0.94090003
;US-HI;1953;p99.5p100;310740.81;;0.039299998;0.039299998
;US-HI;1952;p0p100;2649692.5;6707166059.0;1.0;1.0
;US-HI;1952;p99p100;257483.41;;0.065200001;0.065200001
;US-HI;1952;p99.9p100;735594.38;;0.0186;0.0186
;US-HI;1952;p99.99p100;2227517.8;;0.0055999998;0.0055999998
;US-HI;1952;p90p100;95339.297;;0.24160001;0.24160001
;US-HI;1952;p90p95;66456.703;;0.084200002;0.084200002
;US-HI;1952;p95p99;92333.602;;0.093599997;0.093599997
;US-HI;1952;p99.5p99.9;261599.09;;0.0265;0.0265
;US-HI;1952;p99.9p99.99;570140.81;;0.013;0.013
;US-HI;1952;p99p99.5;158706.7;;0.020099999;0.020099999
;US-HI;1952;p95p100;125232.0;;0.1587;0.1587
;US-HI;1952;p0p90;33194.699;;0.75700003;0.75700003
;US-HI;1952;p0p99;37265.0;;0.93480003;0.93480003
;US-HI;1952;p99.5p100;356309.0;;0.0451;0.0451
;US-HI;1951;p0p100;2339456.8;5557626913.0;1.0;1.0
;US-HI;1951;p99p100;305019.31;;0.091399997;0.091399997
;US-HI;1951;p99.9p100;945413.88;;0.0283;0.0283
;US-HI;1951;p99.99p100;2239422.8;;0.0066999998;0.0066999998
;US-HI;1951;p90p100;95096.703;;0.285;0.285
;US-HI;1951;p90p95;55025.699;;0.082400002;0.082400002
;US-HI;1951;p95p99;91684.0;;0.1099;0.1099
;US-HI;1951;p99.5p99.9;310565.19;;0.0372;0.0372
;US-HI;1951;p99.9p99.99;806198.38;;0.0217;0.0217
;US-HI;1951;p99p99.5;169854.8;;0.0254;0.0254
;US-HI;1951;p95p100;134998.3;;0.2023;0.2023
;US-HI;1951;p0p99;24153.699;;0.71649998;0.71649998
;US-HI;1951;p99.5p100;439628.31;;0.065899998;0.065899998
;US-HI;1950;p0p100;2880550.5;5758961687.0;1.0;1.0
;US-HI;1950;p99p100;289059.0;;0.081900001;0.081900001
;US-HI;1950;p99.9p100;919793.0;;0.0261;0.0261
;US-HI;1950;p99.99p100;2165724.5;;0.0060999999;0.0060999999
;US-HI;1950;p90p100;95400.398;;0.2703;0.2703
;US-HI;1950;p90p95;62415.801;;0.088399999;0.088399999
;US-HI;1950;p95p99;88082.0;;0.099799998;0.099799998
;US-HI;1950;p99.5p99.9;284522.0;;0.032200001;0.032200001
;US-HI;1950;p99.9p99.99;797507.5;;0.020300001;0.020300001
;US-HI;1950;p99p99.5;166685.59;;0.023600001;0.023600001
;US-HI;1950;p95p100;128135.9;;0.1815;0.1815
;US-HI;1950;p0p90;28600.199;;0.72939998;0.72939998
;US-HI;1950;p0p99;32726.801;;0.9181;0.9181
;US-HI;1950;p99.5p100;411485.91;;0.0583;0.0583
;US-HI;1949;p0p100;2764729.3;5316930998.0;1.0;1.0
;US-HI;1949;p99p100;252452.09;;0.075999998;0.075999998
;US-HI;1949;p99.9p100;740219.0;;0.022299999;0.022299999
;US-HI;1949;p99.99p100;2047980.9;;0.0062000002;0.0062000002
;US-HI;1949;p90p100;87970.203;;0.26480001;0.26480001
;US-HI;1949;p90p95;55416.898;;0.083400004;0.083400004
;US-HI;1949;p95p99;87568.898;;0.1055;0.1055
;US-HI;1949;p99.5p99.9;251186.7;;0.030200001;0.030200001
;US-HI;1949;p99.9p99.99;594932.38;;0.016100001;0.016100001
;US-HI;1949;p99p99.5;155906.41;;0.023499999;0.023499999
;US-HI;1949;p95p100;120420.6;;0.1813;0.1813
;US-HI;1949;p0p90;27131.699;;0.73509997;0.73509997
;US-HI;1949;p0p99;31002.1;;0.92400002;0.92400002
;US-HI;1949;p99.5p100;348993.41;;0.052499998;0.052499998
;US-HI;1948;p0p100;2796385.0;5394770774.0;1.0;1.0
;US-HI;1948;p99p100;293624.81;;0.085699998;0.085699998
;US-HI;1948;p99.9p100;899249.88;;0.0262;0.0262
;US-HI;1948;p99.99p100;2578738.8;;0.0074999998;0.0074999998
;US-HI;1948;p90p100;94466.602;;0.2757;0.2757
;US-HI;1948;p90p95;55454.898;;0.080899999;0.080899999
;US-HI;1948;p95p99;93471.203;;0.1091;0.1091
;US-HI;1948;p99.5p99.9;291455.91;;0.034000002;0.034000002
;US-HI;1948;p99.9p99.99;712659.31;;0.0187;0.0187
;US-HI;1948;p99p99.5;174241.3;;0.0254;0.0254
;US-HI;1948;p95p100;133461.41;;0.1948;0.1948
;US-HI;1948;p0p90;27567.9;;0.72420001;0.72420001
;US-HI;1948;p0p99;31639.1;;0.91430002;0.91430002
;US-HI;1948;p99.5p100;413013.31;;0.0603;0.0603
;US-HI;1947;p0p100;3144207.5;5136783404.0;1.0;1.0
;US-HI;1947;p99p100;260205.91;;0.078500003;0.078500003
;US-HI;1947;p99.9p100;733725.69;;0.0221;0.0221
;US-HI;1947;p99.99p100;2231967.5;;0.0066999998;0.0066999998
;US-HI;1947;p90p100;89110.602;;0.2687;0.2687
;US-HI;1947;p90p95;51811.398;;0.078100003;0.078100003
;US-HI;1947;p95p99;93002.5;;0.1122;0.1122
;US-HI;1947;p99.5p99.9;255916.5;;0.0309;0.0309
;US-HI;1947;p99.9p99.99;567290.13;;0.0154;0.0154
;US-HI;1947;p99p99.5;168893.59;;0.0255;0.0255
;US-HI;1947;p95p100;126411.2;;0.19059999;0.19059999
;US-HI;1947;p0p90;26946.301;;0.7313;0.7313
;US-HI;1947;p0p99;30870.9;;0.92150003;0.92150003
;US-HI;1947;p99.5p100;351476.59;;0.052999999;0.052999999
;US-HI;1946;p0p100;4213730.5;5166448407.0;1.0;1.0
;US-HI;1946;p99p100;291573.19;;0.0858;0.0858
;US-HI;1946;p99.9p100;787950.81;;0.0232;0.0232
;US-HI;1946;p99.99p100;2052914.8;;0.0060000001;0.0060000001
;US-HI;1946;p90p100;93037.297;;0.27379999;0.27379999
;US-HI;1946;p90p95;53450.801;;0.078599997;0.078599997
;US-HI;1946;p95p99;92906.203;;0.1094;0.1094
;US-HI;1946;p99.5p99.9;299413.41;;0.0352;0.0352
;US-HI;1946;p99.9p99.99;647440.19;;0.017100001;0.017100001
;US-HI;1946;p99p99.5;185961.8;;0.0274;0.0274
;US-HI;1946;p95p100;132624.91;;0.19509999;0.19509999
;US-HI;1946;p0p90;27422.9;;0.72619998;0.72619998
;US-HI;1946;p0p99;31382.9;;0.91420001;0.91420001
;US-HI;1946;p99.5p100;397119.59;;0.058400001;0.058400001
;US-HI;1945;p0p100;5100562.0;5255617979.0;1.0;1.0
;US-HI;1945;p99p100;377393.91;;0.1081;0.1081
;US-HI;1945;p99.9p100;1031349.6;;0.0295;0.0295
;US-HI;1945;p99.99p100;2224758.5;;0.0063999998;0.0063999998
;US-HI;1945;p90p100;118768.1;;0.34009999;0.34009999
;US-HI;1945;p90p95;62584.102;;0.089599997;0.089599997
;US-HI;1945;p95p99;124396.6;;0.1425;0.1425
;US-HI;1945;p99.5p99.9;387747.09;;0.044399999;0.044399999
;US-HI;1945;p99.9p99.99;905703.38;;0.0233;0.0233
;US-HI;1945;p99p99.5;238263.41;;0.0341;0.0341
;US-HI;1945;p95p100;174949.09;;0.25049999;0.25049999
;US-HI;1945;p0p90;25597.0;;0.65969998;0.65969998
;US-HI;1945;p0p99;31462.9;;0.8919;0.8919
;US-HI;1945;p99.5p100;516408.81;;0.073899999;0.073899999
;US-HI;1944;p0p100;5405508.5;5266767279.0;1.0;1.0
;US-HI;1944;p99p100;356595.09;;0.1008;0.1008
;US-HI;1944;p99.9p100;1011649.4;;0.0286;0.0286
;US-HI;1944;p99.99p100;2259333.8;;0.0063999998;0.0063999998
;US-HI;1944;p90p100;114842.5;;0.32460001;0.32460001
;US-HI;1944;p90p95;76177.898;;0.1077;0.1077
;US-HI;1944;p95p99;105408.3;;0.1192;0.1192
;US-HI;1944;p99.5p99.9;367397.59;;0.041499998;0.041499998
;US-HI;1944;p99.9p99.99;874386.0;;0.0222;0.0222
;US-HI;1944;p99p99.5;217243.5;;0.0307;0.0307
;US-HI;1944;p95p100;155276.5;;0.2194;0.2194
;US-HI;1944;p0p90;26429.6;;0.67229998;0.67229998
;US-HI;1944;p0p99;32135.9;;0.89920002;0.89920002
;US-HI;1944;p99.5p100;496363.69;;0.070100002;0.070100002
;US-HI;1943;p0p100;5728154.5;5326912532.0;1.0;1.0
;US-HI;1943;p99p100;443910.69;;0.1226;0.1226
;US-HI;1943;p99.9p100;1343736.4;;0.037099998;0.037099998
;US-HI;1943;p99.99p100;2912601.5;;0.0080000004;0.0080000004
;US-HI;1943;p90p100;116682.4;;0.32210001;0.32210001
;US-HI;1943;p90p95;61661.398;;0.085100003;0.085100003
;US-HI;1943;p95p99;103689.0;;0.1145;0.1145
;US-HI;1943;p99.5p99.9;468515.09;;0.0517;0.0517
;US-HI;1943;p99.9p99.99;1182257.3;;0.0294;0.0294
;US-HI;1943;p99p99.5;244139.2;;0.0337;0.0337
;US-HI;1943;p95p100;171727.3;;0.237;0.237
;US-HI;1943;p0p90;27268.9;;0.67750001;0.67750001
;US-HI;1943;p0p99;32104.6;;0.87739998;0.87739998
;US-HI;1943;p99.5p100;643649.63;;0.088799998;0.088799998
;US-HI;1942;p0p100;5505888.0;4480447252.0;1.0;1.0
;US-HI;1942;p99p100;412193.41;;0.13339999;0.13339999
;US-HI;1942;p99.9p100;1285875.4;;0.0416;0.0416
;US-HI;1942;p99.99p100;3179223.5;;0.0103;0.0103
;US-HI;1942;p90p100;110317.9;;0.35699999;0.35699999
;US-HI;1942;p90p95;63916.602;;0.1034;0.1034
;US-HI;1942;p95p99;92857.102;;0.1202;0.1202
;US-HI;1942;p99.5p99.9;434786.41;;0.056299999;0.056299999
;US-HI;1942;p99.9p99.99;1074328.8;;0.031300001;0.031300001
;US-HI;1942;p99p99.5;219195.59;;0.035500001;0.035500001
;US-HI;1942;p95p100;156718.0;;0.2536;0.2536
;US-HI;1942;p0p90;22078.9;;0.64310002;0.64310002
;US-HI;1942;p0p99;27049.6;;0.86659998;0.86659998
;US-HI;1942;p99.5p100;605148.19;;0.097900003;0.097900003
;US-HI;1941;p0p100;5725706.5;3762054250.0;1.0;1.0
;US-HI;1941;p99p100;340064.5;;0.1296;0.1296
;US-HI;1941;p99.9p100;1121362.1;;0.0427;0.0427
;US-HI;1941;p99.99p100;2828643.8;;0.0108;0.0108
;US-HI;1941;p90p100;93706.898;;0.35710001;0.35710001
;US-HI;1941;p90p95;54904.699;;0.1046;0.1046
;US-HI;1941;p95p99;80651.203;;0.1229;0.1229
;US-HI;1941;p99.5p99.9;345479.69;;0.052700002;0.052700002
;US-HI;1941;p99.9p99.99;929867.81;;0.0319;0.0319
;US-HI;1941;p99p99.5;179183.09;;0.0341;0.0341
;US-HI;1941;p95p100;132555.5;;0.25260001;0.25260001
;US-HI;1941;p0p90;18749.0;;0.64300001;0.64300001
;US-HI;1941;p0p99;23073.1;;0.87040001;0.87040001
;US-HI;1941;p99.5p100;500860.59;;0.095399998;0.095399998
;US-HI;1940;p0p100;5504050.5;3246489711.0;1.0;1.0
;US-HI;1940;p99p100;302339.0;;0.1321;0.1321
;US-HI;1940;p99.9p100;1008106.0;;0.044100001;0.044100001
;US-HI;1940;p99.99p100;2444742.5;;0.0107;0.0107
;US-HI;1940;p90p100;85585.5;;0.37400001;0.37400001
;US-HI;1940;p90p95;47962.801;;0.1048;0.1048
;US-HI;1940;p95p99;78400.898;;0.1371;0.1371
;US-HI;1940;p99.5p99.9;305350.09;;0.053399999;0.053399999
;US-HI;1940;p99.9p99.99;846732.88;;0.033300001;0.033300001
;US-HI;1940;p99p99.5;158548.2;;0.034600001;0.034600001
;US-HI;1940;p95p100;123221.1;;0.26930001;0.26930001
;US-HI;1940;p0p90;15918.7;;0.6261;0.6261
;US-HI;1940;p0p99;20058.9;;0.86790001;0.86790001
;US-HI;1940;p99.5p100;446060.91;;0.097499996;0.097499996
;US-HI;1939;p0p100;5335740.0;3047731194.0;1.0;1.0
;US-HI;1939;p99p100;277717.09;;0.1276;0.1276
;US-HI;1939;p99.9p100;951263.19;;0.043699998;0.043699998
;US-HI;1939;p99.99p100;2297605.0;;0.0106;0.0106
;US-HI;1939;p90p100;81040.398;;0.37239999;0.37239999
;US-HI;1939;p90p95;47601.0;;0.1094;0.1094
;US-HI;1939;p95p99;73699.898;;0.1355;0.1355
;US-HI;1939;p99.5p99.9;274696.41;;0.050500002;0.050500002
;US-HI;1939;p99.9p99.99;800918.0;;0.033100002;0.033100002
;US-HI;1939;p99p99.5;145310.3;;0.033399999;0.033399999
;US-HI;1939;p95p100;114527.7;;0.2631;0.2631
;US-HI;1939;p0p90;15175.0;;0.62760001;0.62760001
;US-HI;1939;p0p99;19176.0;;0.87239999;0.87239999
;US-HI;1939;p99.5p100;410087.59;;0.0942;0.0942
;US-HI;1938;p0p100;4868274.5;2828561478.0;1.0;1.0
;US-HI;1938;p99p100;287269.19;;0.1406;0.1406
;US-HI;1938;p99.9p100;1026296.9;;0.0502;0.0502
;US-HI;1938;p99.99p100;2626291.5;;0.0129;0.0129
;US-HI;1938;p90p100;79779.898;;0.39050001;0.39050001
;US-HI;1938;p90p95;48546.199;;0.1188;0.1188
;US-HI;1938;p95p99;67743.398;;0.13259999;0.13259999
;US-HI;1938;p99.5p99.9;282803.31;;0.055399999;0.055399999
;US-HI;1938;p99.9p99.99;844370.19;;0.0372;0.0372
;US-HI;1938;p99p99.5;142868.0;;0.035;0.035
;US-HI;1938;p95p100;111628.6;;0.27320001;0.27320001
;US-HI;1938;p0p90;13807.4;;0.60820001;0.60820001
;US-HI;1938;p0p99;17736.5;;0.85939997;0.85939997
;US-HI;1938;p99.5p100;431704.0;;0.1056;0.1056
;US-HI;1937;p0p100;5039902.5;3006547891.0;1.0;1.0
;US-HI;1937;p99p100;325116.81;;0.148;0.148
;US-HI;1937;p99.9p100;1226067.8;;0.055799998;0.055799998
;US-HI;1937;p99.99p100;2929564.5;;0.0133;0.0133
;US-HI;1937;p90p100;82361.0;;0.375;0.375
;US-HI;1937;p90p95;44693.801;;0.1018;0.1018
;US-HI;1937;p95p99;68792.297;;0.12530001;0.12530001
;US-HI;1937;p99.5p99.9;315985.31;;0.057599999;0.057599999
;US-HI;1937;p99.9p99.99;1036921.1;;0.0425;0.0425
;US-HI;1937;p99p99.5;152230.8;;0.034699999;0.034699999
;US-HI;1937;p95p100;120060.0;;0.27329999;0.27329999
;US-HI;1937;p0p90;15248.9;;0.62489998;0.62489998
;US-HI;1937;p0p99;18899.5;;0.852;0.852
;US-HI;1937;p99.5p100;498001.5;;0.1134;0.1134
;US-HI;1936;p0p100;5246302.5;2887808766.0;1.0;1.0
;US-HI;1936;p99p100;371014.81;;0.1742;0.1742
;US-HI;1936;p99.9p100;1510301.0;;0.070900001;0.070900001
;US-HI;1936;p99.99p100;3625436.0;;0.017000001;0.017000001
;US-HI;1936;p90p100;83477.203;;0.39199999;0.39199999
;US-HI;1936;p90p95;41183.199;;0.096699998;0.096699998
;US-HI;1936;p95p99;63830.602;;0.1199;0.1199
;US-HI;1936;p99.5p99.9;352556.69;;0.066200003;0.066200003
;US-HI;1936;p99.9p99.99;1275404.3;;0.0539;0.0539
;US-HI;1936;p99p99.5;157917.09;;0.037099998;0.037099998
;US-HI;1936;p95p100;125255.2;;0.29409999;0.29409999
;US-HI;1936;p0p90;14412.6;;0.6092;0.6092
;US-HI;1936;p0p99;17761.4;;0.8258;0.8258
;US-HI;1936;p99.5p100;584106.31;;0.1372;0.1372
;US-HI;1935;p0p100;4785906.5;2559001268.0;1.0;1.0
;US-HI;1935;p99p100;294490.09;;0.15459999;0.15459999
;US-HI;1935;p99.9p100;1192180.9;;0.062600002;0.062600002
;US-HI;1935;p99.99p100;3020530.5;;0.015900001;0.015900001
;US-HI;1935;p90p100;72822.5;;0.3822;0.3822
;US-HI;1935;p90p95;37639.602;;0.098800004;0.098800004
;US-HI;1935;p95p99;60154.398;;0.12630001;0.12630001
;US-HI;1935;p99.5p99.9;274722.31;;0.057700001;0.057700001
;US-HI;1935;p99.9p99.99;989114.81;;0.046700001;0.046700001
;US-HI;1935;p99p99.5;130753.3;;0.034299999;0.034299999
;US-HI;1935;p95p100;107130.2;;0.2811;0.2811
;US-HI;1935;p0p90;13132.8;;0.62040001;0.62040001
;US-HI;1935;p0p99;16270.4;;0.84539998;0.84539998
;US-HI;1935;p99.5p100;458217.5;;0.1203;0.1203
;US-HI;1934;p0p100;4571489.0;2303133041.0;1.0;1.0
;US-HI;1934;p99p100;242110.8;;0.1398;0.1398
;US-HI;1934;p99.9p100;947414.38;;0.054699998;0.054699998
;US-HI;1934;p99.99p100;2351664.8;;0.0136;0.0136
;US-HI;1934;p90p100;64283.898;;0.37110001;0.37110001
;US-HI;1934;p90p95;31199.301;;0.090000004;0.090000004
;US-HI;1934;p95p99;59774.398;;0.138;0.138
;US-HI;1934;p99.5p99.9;222851.3;;0.0515;0.0515
;US-HI;1934;p99.9p99.99;791466.31;;0.041099999;0.041099999
;US-HI;1934;p99p99.5;116459.7;;0.033599999;0.033599999
;US-HI;1934;p95p100;96421.602;;0.27829999;0.27829999
;US-HI;1934;p0p90;12169.0;;0.6322;0.6322
;US-HI;1934;p0p99;15053.6;;0.86019999;0.86019999
;US-HI;1934;p99.5p100;367768.0;;0.1061;0.1061
;US-HI;1933;p0p100;4511053.5;2107368467.0;1.0;1.0
;US-HI;1933;p99p100;233292.5;;0.14579999;0.14579999
;US-HI;1933;p99.9p100;922086.13;;0.057599999;0.057599999
;US-HI;1933;p99.99p100;2236527.5;;0.014;0.014
;US-HI;1933;p90p100;61545.102;;0.3845;0.3845
;US-HI;1933;p90p95;31822.699;;0.099399999;0.099399999
;US-HI;1933;p95p99;54759.398;;0.13689999;0.13689999
;US-HI;1933;p99.5p99.9;213748.91;;0.053399999;0.053399999
;US-HI;1933;p99.9p99.99;776037.19;;0.0436;0.0436
;US-HI;1933;p99p99.5;111168.7;;0.034699999;0.034699999
;US-HI;1933;p95p100;90610.602;;0.28310001;0.28310001
;US-HI;1933;p0p90;10989.2;;0.61799997;0.61799997
;US-HI;1933;p0p99;13809.9;;0.85420001;0.85420001
;US-HI;1933;p99.5p100;355416.31;;0.111;0.111
;US-HI;1932;p0p100;4198318.5;2159447461.0;1.0;1.0
;US-HI;1932;p99p100;213043.59;;0.1287;0.1287
;US-HI;1932;p99.9p100;827636.13;;0.050000001;0.050000001
;US-HI;1932;p99.99p100;2219123.8;;0.0134;0.0134
;US-HI;1932;p90p100;64851.199;;0.39179999;0.39179999
;US-HI;1932;p90p95;41250.301;;0.1246;0.1246
;US-HI;1932;p95p99;58901.699;;0.1424;0.1424
;US-HI;1932;p99.5p99.9;191669.41;;0.046300001;0.046300001
;US-HI;1932;p99.9p99.99;673026.13;;0.036600001;0.036600001
;US-HI;1932;p99p99.5;107224.4;;0.032400001;0.032400001
;US-HI;1932;p95p100;89719.297;;0.271;0.271
;US-HI;1932;p0p90;11113.5;;0.60430002;0.60430002
;US-HI;1932;p0p99;14566.4;;0.87129998;0.87129998
;US-HI;1932;p99.5p100;318862.69;;0.096299998;0.096299998
;US-HI;1931;p0p100;3975907.5;2517612449.0;1.0;1.0
;US-HI;1931;p99p100;239277.0;;0.1228;0.1228
;US-HI;1931;p99.9p100;978004.69;;0.0502;0.0502
;US-HI;1931;p99.99p100;2897194.3;;0.0149;0.0149
;US-HI;1931;p90p100;61880.898;;0.31760001;0.31760001
;US-HI;1931;p90p95;30409.199;;0.078000002;0.078000002
;US-HI;1931;p95p99;51528.602;;0.1058;0.1058
;US-HI;1931;p99.5p99.9;216566.8;;0.044500001;0.044500001
;US-HI;1931;p99.9p99.99;764761.31;;0.035300002;0.035300002
;US-HI;1931;p99p99.5;109699.5;;0.028200001;0.028200001
;US-HI;1931;p95p100;89514.797;;0.2297;0.2297
;US-HI;1931;p0p90;15010.4;;0.69340003;0.69340003
;US-HI;1931;p0p99;17263.6;;0.87720001;0.87720001
;US-HI;1931;p99.5p100;368854.41;;0.094700001;0.094700001
;US-HI;1930;p0p100;3628623.8;2732322008.0;1.0;1.0
;US-HI;1930;p99p100;239215.8;;0.1119;0.1119
;US-HI;1930;p99.9p100;1011348.1;;0.0473;0.0473
;US-HI;1930;p99.99p100;2956650.8;;0.0138;0.0138
;US-HI;1930;p90p100;56603.898;;0.26480001;0.26480001
;US-HI;1930;p90p95;24101.0;;0.056400001;0.056400001
;US-HI;1930;p95p99;47344.801;;0.088600002;0.088600002
;US-HI;1930;p99.5p99.9;212841.5;;0.039799999;0.039799999
;US-HI;1930;p99.9p99.99;795203.38;;0.033500001;0.033500001
;US-HI;1930;p99p99.5;105888.7;;0.024800001;0.024800001
;US-HI;1930;p95p100;85850.703;;0.2008;0.2008
;US-HI;1930;p0p90;17653.4;;0.7432;0.7432
;US-HI;1930;p0p99;19178.699;;0.88810003;0.88810003
;US-HI;1930;p99.5p100;372542.81;;0.087099999;0.087099999
;US-HI;1929;p0p100;3920711.5;3081923632.0;1.0;1.0
;US-HI;1929;p99p100;274636.5;;0.1129;0.1129
;US-HI;1929;p99.9p100;1121994.8;;0.046100002;0.046100002
;US-HI;1929;p99.99p100;2682036.5;;0.011;0.011
;US-HI;1929;p90p100;58546.699;;0.24079999;0.24079999
;US-HI;1929;p90p95;22745.6;;0.046799999;0.046799999
;US-HI;1929;p95p99;47768.602;;0.078599997;0.078599997
;US-HI;1929;p99.5p99.9;257076.91;;0.042300001;0.042300001
;US-HI;1929;p99.9p99.99;948657.31;;0.035100002;0.035100002
;US-HI;1929;p99p99.5;119212.6;;0.024499999;0.024499999
;US-HI;1929;p95p100;93074.0;;0.19140001;0.19140001
;US-HI;1929;p0p90;20580.5;;0.76169997;0.76169997
;US-HI;1929;p0p99;21788.301;;0.88709998;0.88709998
;US-HI;1929;p99.5p100;430060.41;;0.088399999;0.088399999
;US-HI;1928;p0p100;3793827.0;2957980490.0;1.0;1.0
;US-HI;1928;p99p100;277821.91;;0.1181;0.1181
;US-HI;1928;p99.9p100;1143961.1;;0.048599999;0.048599999
;US-HI;1928;p99.99p100;2791204.0;;0.0119;0.0119
;US-HI;1928;p90p100;59056.398;;0.25099999;0.25099999
;US-HI;1928;p90p95;22257.6;;0.0473;0.0473
;US-HI;1928;p95p99;48646.0;;0.082699999;0.082699999
;US-HI;1928;p99.5p99.9;260892.09;;0.044399999;0.044399999
;US-HI;1928;p99.9p99.99;960934.31;;0.036800001;0.036800001
;US-HI;1928;p99p99.5;118137.9;;0.0251;0.0251
;US-HI;1928;p95p100;94381.898;;0.2006;0.2006
;US-HI;1928;p0p90;19658.801;;0.75190002;0.75190002
;US-HI;1928;p0p99;20961.199;;0.88190001;0.88190001
;US-HI;1928;p99.5p100;437505.91;;0.093000002;0.093000002
;US-HI;1927;p0p100;3509386.5;2782916393.0;1.0;1.0
;US-HI;1927;p99p100;262007.2;;0.1172;0.1172
;US-HI;1927;p99.9p100;1036082.6;;0.046300001;0.046300001
;US-HI;1927;p99.99p100;2663673.8;;0.0119;0.0119
;US-HI;1927;p90p100;60015.801;;0.26840001;0.26840001
;US-HI;1927;p90p95;27232.699;;0.060899999;0.060899999
;US-HI;1927;p95p99;50064.5;;0.089500003;0.089500003
;US-HI;1927;p99.5p99.9;253205.59;;0.045299999;0.045299999
;US-HI;1927;p99.9p99.99;855239.13;;0.034400001;0.034400001
;US-HI;1927;p99p99.5;114233.3;;0.0255;0.0255
;US-HI;1927;p95p100;92381.297;;0.20649999;0.20649999
;US-HI;1927;p0p90;18199.4;;0.7324;0.7324
;US-HI;1927;p0p99;19943.1;;0.88279998;0.88279998
;US-HI;1927;p99.5p100;409781.0;;0.091600001;0.091600001
;US-HI;1926;p0p100;3312170.8;2696417075.0;1.0;1.0
;US-HI;1926;p99p100;247475.5;;0.1129;0.1129
;US-HI;1926;p99.9p100;983904.19;;0.0449;0.0449
;US-HI;1926;p99.99p100;2668285.0;;0.0122;0.0122
;US-HI;1926;p90p100;57332.301;;0.2615;0.2615
;US-HI;1926;p90p95;25568.1;;0.0583;0.0583
;US-HI;1926;p95p99;48424.699;;0.088299997;0.088299997
;US-HI;1926;p99.5p99.9;237807.3;;0.043400001;0.043400001
;US-HI;1926;p99.9p99.99;796750.81;;0.032699998;0.032699998
;US-HI;1926;p99p99.5;107924.2;;0.024599999;0.024599999
;US-HI;1926;p95p100;88196.898;;0.20110001;0.20110001
;US-HI;1926;p0p90;18040.5;;0.74049997;0.74049997
;US-HI;1926;p0p99;19648.301;;0.88709998;0.88709998
;US-HI;1926;p99.5p100;387026.69;;0.088299997;0.088299997
;US-HI;1925;p0p100;3348258.0;2643950226.0;1.0;1.0
;US-HI;1925;p99p100;232027.0;;0.1067;0.1067
;US-HI;1925;p99.9p100;919863.38;;0.042300001;0.042300001
;US-HI;1925;p99.99p100;2550978.5;;0.0117;0.0117
;US-HI;1925;p90p100;55775.199;;0.25639999;0.25639999
;US-HI;1925;p90p95;26156.801;;0.0601;0.0601
;US-HI;1925;p95p99;48297.398;;0.088799998;0.088799998
;US-HI;1925;p99.5p99.9;220385.0;;0.0405;0.0405
;US-HI;1925;p99.9p99.99;738628.31;;0.0306;0.0306
;US-HI;1925;p99p99.5;103773.3;;0.0239;0.0239
;US-HI;1925;p95p100;84958.203;;0.1953;0.1953
;US-HI;1925;p0p90;17988.0;;0.74440002;0.74440002
;US-HI;1925;p0p99;19625.199;;0.8933;0.8933
;US-HI;1925;p99.5p100;360280.69;;0.082800001;0.082800001
;US-HI;1924;p0p100;3350558.0;2483498618.0;1.0;1.0
;US-HI;1924;p99p100;239494.8;;0.1157;0.1157
;US-HI;1924;p99.9p100;995571.81;;0.048099998;0.048099998
;US-HI;1924;p99.99p100;2615768.5;;0.0126;0.0126
;US-HI;1924;p90p100;55189.699;;0.26660001;0.26660001
;US-HI;1924;p90p95;24026.4;;0.057999998;0.057999998
;US-HI;1924;p95p99;47375.5;;0.091499999;0.091499999
;US-HI;1924;p99.5p99.9;225312.09;;0.043499999;0.043499999
;US-HI;1924;p99.9p99.99;815550.0;;0.035500001;0.035500001
;US-HI;1924;p99p99.5;99625.5;;0.0241;0.0241
;US-HI;1924;p95p100;85799.297;;0.20720001;0.20720001
;US-HI;1924;p0p90;16898.199;;0.73470002;0.73470002
;US-HI;1924;p0p99;18489.6;;0.88429999;0.88429999
;US-HI;1924;p99.5p100;379364.0;;0.091600001;0.091600001
;US-HI;1923;p0p100;3360695.8;2438458615.0;1.0;1.0
;US-HI;1923;p99p100;211002.2;;0.102;0.102
;US-HI;1923;p99.9p100;890977.38;;0.043099999;0.043099999
;US-HI;1923;p99.99p100;2499179.3;;0.0121;0.0121
;US-HI;1923;p90p100;50961.102;;0.2464;0.2464
;US-HI;1923;p90p95;22543.301;;0.054499999;0.054499999
;US-HI;1923;p95p99;46128.0;;0.089199997;0.089199997
;US-HI;1923;p99.5p99.9;189348.41;;0.036600001;0.036600001
;US-HI;1923;p99.9p99.99;712291.13;;0.030999999;0.030999999
;US-HI;1923;p99p99.5;92330.0;;0.022299999;0.022299999
;US-HI;1923;p95p100;79102.898;;0.1912;0.1912
;US-HI;1923;p0p90;17332.199;;0.7543;0.7543
;US-HI;1923;p0p99;18758.9;;0.898;0.898
;US-HI;1923;p99.5p100;329674.41;;0.079700001;0.079700001
;US-HI;1922;p0p100;3148790.8;2171058520.0;1.0;1.0
;US-HI;1922;p99p100;186938.91;;0.1;0.1
;US-HI;1922;p99.9p100;784099.31;;0.041900001;0.041900001
;US-HI;1922;p99.99p100;2785003.5;;0.0149;0.0149
;US-HI;1922;p90p100;46893.699;;0.25080001;0.25080001
;US-HI;1922;p90p95;22056.801;;0.059;0.059
;US-HI;1922;p95p99;42704.0;;0.091300003;0.091300003
;US-HI;1922;p99.5p99.9;164717.59;;0.0352;0.0352
;US-HI;1922;p99.9p99.99;561776.63;;0.027000001;0.027000001
;US-HI;1922;p99p99.5;85283.797;;0.0228;0.0228
;US-HI;1922;p95p100;71551.0;;0.1913;0.1913
;US-HI;1922;p0p90;15578.1;;0.74970001;0.74970001
;US-HI;1922;p0p99;17001.301;;0.89999998;0.89999998
;US-HI;1922;p99.5p100;288594.0;;0.077200003;0.077200003
;US-HI;1921;p0p100;2390049.5;1855721375.0;1.0;1.0
;US-HI;1921;p99p100;174981.0;;0.1081;0.1081
;US-HI;1921;p99.9p100;693337.5;;0.042800002;0.042800002
;US-HI;1921;p99.99p100;1711767.9;;0.0106;0.0106
;US-HI;1921;p90p100;45073.801;;0.27849999;0.27849999
;US-HI;1921;p90p95;21338.6;;0.065899998;0.065899998
;US-HI;1921;p95p99;41940.699;;0.1037;0.1037
;US-HI;1921;p99.5p99.9;164218.59;;0.040600002;0.040600002
;US-HI;1921;p99.9p99.99;580178.5;;0.032299999;0.032299999
;US-HI;1921;p99p99.5;79919.602;;0.024700001;0.024700001
;US-HI;1921;p95p100;68548.797;;0.21179999;0.21179999
;US-HI;1921;p0p90;12986.7;;0.72229999;0.72229999
;US-HI;1921;p0p99;14578.4;;0.8919;0.8919
;US-HI;1921;p99.5p100;270042.41;;0.083400004;0.083400004
;US-HI;1920;p0p100;2119139.3;2025191565.0;1.0;1.0
;US-HI;1920;p99p100;240010.59;;0.13349999;0.13349999
;US-HI;1920;p99.9p100;1106607.1;;0.061500002;0.061500002
;US-HI;1920;p99.99p100;3522842.5;;0.0196;0.0196
;US-HI;1920;p90p100;55200.398;;0.30700001;0.30700001
;US-HI;1920;p90p95;26702.6;;0.074299999;0.074299999
;US-HI;1920;p95p99;44386.801;;0.098800004;0.098800004
;US-HI;1920;p99.5p99.9;210723.7;;0.0469;0.0469
;US-HI;1920;p99.9p99.99;838136.5;;0.041999999;0.041999999
;US-HI;1920;p99p99.5;90120.898;;0.0251;0.0251
;US-HI;1920;p95p100;83511.602;;0.2322;0.2322
;US-HI;1920;p0p90;13853.8;;0.69349998;0.69349998
;US-HI;1920;p0p99;15736.4;;0.86650002;0.86650002
;US-HI;1920;p99.5p100;389900.41;;0.1084;0.1084
;US-HI;1919;p0p100;3175848.0;2216628874.0;1.0;1.0
;US-HI;1919;p99p100;201138.8;;0.1002;0.1002
;US-HI;1919;p99.9p100;924930.69;;0.046100002;0.046100002
;US-HI;1919;p99.99p100;2509115.5;;0.0125;0.0125
;US-HI;1919;p90p100;44487.0;;0.22149999;0.22149999
;US-HI;1919;p90p95;16625.301;;0.0414;0.0414
;US-HI;1919;p95p99;39583.398;;0.0788;0.0788
;US-HI;1919;p99.5p99.9;174235.7;;0.034699999;0.034699999
;US-HI;1919;p99.9p99.99;749917.63;;0.033599999;0.033599999
;US-HI;1919;p99p99.5;78171.297;;0.0195;0.0195
;US-HI;1919;p95p100;71894.5;;0.17900001;0.17900001
;US-HI;1919;p0p90;17394.0;;0.77950001;0.77950001
;US-HI;1919;p0p99;18254.0;;0.8998;0.8998
;US-HI;1919;p99.5p100;324106.19;;0.080700003;0.080700003
;US-HI;1918;p0p100;4166901.8;2172896075.0;1.0;1.0
;US-HI;1918;p99p100;197046.3;;0.0986;0.0986
;US-HI;1918;p99.9p100;959378.88;;0.048;0.048
;US-HI;1918;p99.99p100;2882466.8;;0.0144;0.0144
;US-HI;1918;p90p100;36334.102;;0.18189999;0.18189999
;US-HI;1918;p90p95;10463.5;;0.0262;0.0262
;US-HI;1918;p95p99;27009.9;;0.054099999;0.054099999
;US-HI;1918;p99.5p99.9;162239.8;;0.032499999;0.032499999
;US-HI;1918;p99.9p99.99;745713.31;;0.033599999;0.033599999
;US-HI;1918;p99p99.5;72423.398;;0.018100001;0.018100001
;US-HI;1918;p95p100;61017.301;;0.15270001;0.15270001
;US-HI;1918;p0p90;18222.6;;0.8211;0.8211
;US-HI;1918;p0p99;18185.801;;0.90140003;0.90140003
;US-HI;1918;p99.5p100;321668.69;;0.080499999;0.080499999
;US-HI;1917;p0p100;6083822.5;2296669929.0;1.0;1.0
;US-HI;1917;p99p100;257297.91;;0.1217;0.1217
;US-HI;1917;p99.9p100;1223912.6;;0.0579;0.0579
;US-HI;1917;p99.99p100;3260568.0;;0.0154;0.0154
;US-HI;1917;p90p100;44430.398;;0.2102;0.2102
;US-HI;1917;p90p95;11061.2;;0.0262;0.0262
