Variable Name;.;.;.;Fiscal income  | tax unit | Average | Adults | constant 2015 local currency;Fiscal income  | tax unit | Total | Adults | constant 2015 local currency;Fiscal income  | tax unit | Share | Adults | share of total (ratio);Pre-tax national income  | tax unit | Share | Adults | share of total (ratio)
Variable Category;.;.;.;Income inequality;Income inequality;Income inequality;Income inequality
Variable Description;.;.;.;Average Fiscal income within a given percentile group. Fiscal income is defined as the sum of all income items reported on income tax returns, before any deduction. It includes labour income, capital income and mixed income. The concept of fiscal income varies with national tax legislations, so in order to make international comparisons it is preferable to use the concept of national income. The population is comprised of individuals over age 20. The base unit is the tax unit defined by national fiscal administrations to measure personal income taxes.;Total Fiscal income  within a given percentile group. Fiscal income is defined as the sum of all income items reported on income tax returns, before any deduction. It includes labour income, capital income and mixed income. The concept of fiscal income varies with national tax legislations, so in order to make international comparisons it is preferable to use the concept of national income. The population is comprised of individuals over age 20.;Fiscal income share held by a given percentile group. Fiscal income is defined as the sum of all income items reported on income tax returns, before any deduction. It includes labour income, capital income and mixed income. The concept of fiscal income varies with national tax legislations, so in order to make international comparisons it is preferable to use the concept of national income. The population is comprised of individuals over age 20. The base unit is the tax unit defined by national fiscal administrations to measure personal income taxes.;Pre-tax national income share held by a given percentile group. Pre-tax national income  is the sum of all pre-tax personal income flows accruing to the owners of the production factors, labor and capital, before taking into account the operation of the tax/transfer system, but after taking into account the operation of pension system. The central difference between personal factor income and pre-tax income is the treatment of pensions, which are counted on a contribution basis by factor income and on a distribution basis by pre-tax income. The population is comprised of individuals over age 20. The base unit is the tax unit defined by national fiscal administrations to measure personal income taxes.
Variable Decomposition;.;.;.;[Fiscal income ]=[Fiscal labour income ]+[Fiscal capital income ];[Fiscal income ]=[Fiscal labour income ]+[Fiscal capital income ];[Fiscal income ]=[Fiscal labour income ]+[Fiscal capital income ];Pre-tax national income =Pre-tax labor income [total pre-tax income ranking]+Pre-tax capital income [total pre-tax income ranking]
Variable Unit;.;.;.;"USD; United States dollar | local currency | market";"USD; United States dollar | local currency | market";share;share
Methodological Notes;.;.;.;;;;Assuming the same distribution as fiscal income.
Sources;.;.;.;Frank, Sommeiller, Price & Saez (2015);Frank, Sommeiller, Price & Saez (2015);Frank, Sommeiller, Price & Saez (2015);WID.world computations using: Frank, Sommeiller, Price & Saez (2015)
Variable Code;country;year;perc;afiinc992t;mfiinc992t;sfiinc992t;sptinc992t
;US-SC;2015;p0p100;48319.699;1.23642211138e+11;1.0;1.0
;US-SC;2015;p99p100;841907.81;;0.1742;0.1742
;US-SC;2015;p99.9p100;3239131.0;;0.067000002;0.067000002
;US-SC;2015;p99.99p100;11719882.0;;0.0243;0.0243
;US-SC;2015;p90p100;236379.8;;0.4892;0.4892
;US-SC;2015;p90p95;133707.7;;0.1384;0.1384
;US-SC;2015;p95p99;211917.41;;0.1754;0.1754
;US-SC;2015;p99.5p99.9;772257.19;;0.063900001;0.063900001
;US-SC;2015;p99.9p99.99;2346057.0;;0.043699998;0.043699998
;US-SC;2015;p99p99.5;415928.31;;0.043000001;0.043000001
;US-SC;2015;p95p100;338350.31;;0.35010001;0.35010001
;US-SC;2015;p0p90;27450.5;;0.51130003;0.51130003
;US-SC;2015;p0p99;40303.602;;0.8258;0.8258
;US-SC;2015;p99.5p100;1265833.9;;0.131;0.131
;US-SC;2014;p0p100;45711.0;1.1668973984e+11;1.0;1.0
;US-SC;2014;p99p100;741573.31;;0.1626;0.1626
;US-SC;2014;p99.9p100;2881862.0;;0.063199997;0.063199997
;US-SC;2014;p99.99p100;11130105.0;;0.0244;0.0244
;US-SC;2014;p90p100;216135.3;;0.47400001;0.47400001
;US-SC;2014;p90p95;126767.5;;0.139;0.139
;US-SC;2014;p95p99;196195.59;;0.17209999;0.17209999
;US-SC;2014;p99.5p99.9;672773.13;;0.059;0.059
;US-SC;2014;p99.9p99.99;1986955.1;;0.0392;0.0392
;US-SC;2014;p99p99.5;369777.09;;0.0405;0.0405
;US-SC;2014;p95p100;305182.19;;0.3346;0.3346
;US-SC;2014;p0p90;26639.1;;0.52569997;0.52569997
;US-SC;2014;p0p99;38572.602;;0.83740002;0.83740002
;US-SC;2014;p99.5p100;1113294.3;;0.1221;0.1221
;US-SC;2013;p0p100;47303.398;1.10582171612e+11;1.0;1.0
;US-SC;2013;p99p100;703050.63;;0.1539;0.1539
;US-SC;2013;p99.9p100;2623554.0;;0.057399999;0.057399999
;US-SC;2013;p99.99p100;9748627.0;;0.021299999;0.021299999
;US-SC;2013;p90p100;210699.5;;0.46110001;0.46110001
;US-SC;2013;p90p95;126072.5;;0.13789999;0.13789999
;US-SC;2013;p95p99;192742.7;;0.16869999;0.16869999
;US-SC;2013;p99.5p99.9;645852.19;;0.056499999;0.056499999
;US-SC;2013;p99.9p99.99;1839482.3;;0.036200002;0.036200002
;US-SC;2013;p99p99.5;365023.31;;0.039900001;0.039900001
;US-SC;2013;p95p100;294886.59;;0.32269999;0.32269999
;US-SC;2013;p0p90;27382.801;;0.53930002;0.53930002
;US-SC;2013;p0p99;39056.801;;0.84609997;0.84609997
;US-SC;2013;p99.5p100;1041584.5;;0.114;0.114
;US-SC;2012;p0p100;49335.602;1.12689150937e+11;1.0;1.0
;US-SC;2012;p99p100;793291.13;;0.1714;0.1714
;US-SC;2012;p99.9p100;3335782.0;;0.072099999;0.072099999
;US-SC;2012;p99.99p100;13542989.0;;0.029300001;0.029300001
;US-SC;2012;p90p100;218606.8;;0.47220001;0.47220001
;US-SC;2012;p90p95;127233.2;;0.1374;0.1374
;US-SC;2012;p95p99;188423.09;;0.1628;0.1628
;US-SC;2012;p99.5p99.9;690974.81;;0.059700001;0.059700001
;US-SC;2012;p99.9p99.99;2232736.0;;0.043400001;0.043400001
;US-SC;2012;p99p99.5;367338.69;;0.039700001;0.039700001
;US-SC;2012;p95p100;309304.19;;0.33410001;0.33410001
;US-SC;2012;p0p90;27145.4;;0.52770001;0.52770001
;US-SC;2012;p0p99;38748.398;;0.82859999;0.82859999
;US-SC;2012;p99.5p100;1219454.8;;0.13169999;0.13169999
;US-SC;2011;p0p100;48854.102;1.04374507639e+11;1.0;1.0
;US-SC;2011;p99p100;658665.0;;0.1497;0.1497
;US-SC;2011;p99.9p100;2401094.0;;0.0546;0.0546
;US-SC;2011;p99.99p100;8556366.0;;0.019400001;0.019400001
;US-SC;2011;p90p100;201964.59;;0.45899999;0.45899999
;US-SC;2011;p90p95;124517.1;;0.1415;0.1415
;US-SC;2011;p95p99;183754.8;;0.167;0.167
;US-SC;2011;p99.5p99.9;609657.13;;0.055399999;0.055399999
;US-SC;2011;p99.9p99.99;1730357.1;;0.035399999;0.035399999
;US-SC;2011;p99p99.5;349147.19;;0.039700001;0.039700001
;US-SC;2011;p95p100;278669.81;;0.31670001;0.31670001
;US-SC;2011;p0p90;26476.1;;0.54149997;0.54149997
;US-SC;2011;p0p99;37793.199;;0.85030001;0.85030001
;US-SC;2011;p99.5p100;968858.19;;0.1101;0.1101
;US-SC;2010;p0p100;51788.801;1.02511675133e+11;1.0;1.0
;US-SC;2010;p99p100;678578.63;;0.1548;0.1548
;US-SC;2010;p99.9p100;2635325.5;;0.0601;0.0601
;US-SC;2010;p99.99p100;10655169.0;;0.0243;0.0243
;US-SC;2010;p90p100;202788.09;;0.46259999;0.46259999
;US-SC;2010;p90p95;118239.2;;0.1349;0.1349
;US-SC;2010;p95p99;188724.0;;0.17219999;0.17219999
;US-SC;2010;p99.5p99.9;601130.5;;0.054900002;0.054900002
;US-SC;2010;p99.9p99.99;1742273.3;;0.035799999;0.035799999
;US-SC;2010;p99p99.5;348875.19;;0.039799999;0.039799999
;US-SC;2010;p95p100;286626.31;;0.32690001;0.32690001
;US-SC;2010;p0p90;26212.0;;0.53820002;0.53820002
;US-SC;2010;p0p99;37422.602;;0.8452;0.8452
;US-SC;2010;p99.5p100;1009460.4;;0.1151;0.1151
;US-SC;2009;p0p100;53329.398;99687793976.0;1.0;1.0
;US-SC;2009;p99p100;640398.38;;0.14659999;0.14659999
;US-SC;2009;p99.9p100;2523906.8;;0.057799999;0.057799999
;US-SC;2009;p99.99p100;10199849.0;;0.0233;0.0233
;US-SC;2009;p90p100;196721.59;;0.45019999;0.45019999
;US-SC;2009;p90p95;117251.0;;0.13420001;0.13420001
;US-SC;2009;p95p99;183910.41;;0.1684;0.1684
;US-SC;2009;p99.5p99.9;549286.63;;0.050299998;0.050299998
;US-SC;2009;p99.9p99.99;1625234.1;;0.033500001;0.033500001
;US-SC;2009;p99p99.5;319213.59;;0.036499999;0.036499999
;US-SC;2009;p95p100;275580.0;;0.3154;0.3154
;US-SC;2009;p0p90;26886.9;;0.55379999;0.55379999
;US-SC;2009;p0p99;37665.699;;0.85339999;0.85339999
;US-SC;2009;p99.5p100;956266.81;;0.1094;0.1094
;US-SC;2008;p0p100;59781.602;1.09718052589e+11;1.0;1.0
;US-SC;2008;p99p100;786535.0;;0.1594;0.1594
;US-SC;2008;p99.9p100;3318725.8;;0.067299999;0.067299999
;US-SC;2008;p99.99p100;13651247.0;;0.0277;0.0277
;US-SC;2008;p90p100;219336.09;;0.44459999;0.44459999
;US-SC;2008;p90p95;129878.6;;0.13160001;0.13160001
;US-SC;2008;p95p99;185513.5;;0.1504;0.1504
;US-SC;2008;p99.5p99.9;654635.19;;0.053100001;0.053100001
;US-SC;2008;p99.9p99.99;2115782.8;;0.038600001;0.038600001
;US-SC;2008;p99p99.5;356544.91;;0.0361;0.0361
;US-SC;2008;p95p100;307312.5;;0.31150001;0.31150001
;US-SC;2008;p0p90;30827.4;;0.56239998;0.56239998
;US-SC;2008;p0p99;41883.199;;0.84060001;0.84060001
;US-SC;2008;p99.5p100;1206169.4;;0.1223;0.1223
;US-SC;2007;p0p100;70340.297;1.17801572411e+11;1.0;1.0
;US-SC;2007;p99p100;1041961.2;;0.1936;0.1936
;US-SC;2007;p99.9p100;4855237.0;;0.0902;0.0902
;US-SC;2007;p99.99p100;21300944.0;;0.0396;0.0396
;US-SC;2007;p90p100;253454.41;;0.47080001;0.47080001
;US-SC;2007;p90p95;134219.59;;0.1247;0.1247
;US-SC;2007;p95p99;201446.3;;0.1497;0.1497
;US-SC;2007;p99.5p99.9;834235.13;;0.061999999;0.061999999
;US-SC;2007;p99.9p99.99;2994698.5;;0.050099999;0.050099999
;US-SC;2007;p99p99.5;419170.31;;0.038899999;0.038899999
;US-SC;2007;p95p100;371309.91;;0.34490001;0.34490001
;US-SC;2007;p0p90;32002.801;;0.53509998;0.53509998
;US-SC;2007;p0p99;43848.301;;0.8064;0.8064
;US-SC;2007;p99.5p100;1654693.9;;0.15369999;0.15369999
;US-SC;2006;p0p100;70478.602;1.10806503167e+11;1.0;1.0
;US-SC;2006;p99p100;986785.31;;0.1935;0.1935
;US-SC;2006;p99.9p100;4448922.5;;0.087200001;0.087200001
;US-SC;2006;p99.99p100;18613816.0;;0.036499999;0.036499999
;US-SC;2006;p90p100;244830.3;;0.48010001;0.48010001
;US-SC;2006;p90p95;126035.2;;0.1236;0.1236
;US-SC;2006;p95p99;204917.09;;0.16069999;0.16069999
;US-SC;2006;p99.5p99.9;813998.5;;0.0638;0.0638
;US-SC;2006;p99.9p99.99;2863908.0;;0.050500002;0.050500002
;US-SC;2006;p99p99.5;412478.59;;0.040399998;0.040399998
;US-SC;2006;p95p100;362717.09;;0.3556;0.3556
;US-SC;2006;p0p90;29716.5;;0.5244;0.5244
;US-SC;2006;p0p99;41548.199;;0.80650002;0.80650002
;US-SC;2006;p99.5p100;1553133.4;;0.1523;0.1523
;US-SC;2005;p0p100;75983.203;1.05581144844e+11;1.0;1.0
;US-SC;2005;p99p100;929523.69;;0.1803;0.1803
;US-SC;2005;p99.9p100;4120808.3;;0.079899997;0.079899997
;US-SC;2005;p99.99p100;17017376.0;;0.033;0.033
;US-SC;2005;p90p100;235676.09;;0.45719999;0.45719999
;US-SC;2005;p90p95;120809.2;;0.1172;0.1172
;US-SC;2005;p95p99;203481.09;;0.15790001;0.15790001
;US-SC;2005;p99.5p99.9;771871.69;;0.059900001;0.059900001
;US-SC;2005;p99.9p99.99;2678611.8;;0.046799999;0.046799999
;US-SC;2005;p99p99.5;399613.59;;0.038800001;0.038800001
;US-SC;2005;p95p100;349585.59;;0.3391;0.3391
;US-SC;2005;p0p90;31300.6;;0.54650003;0.54650003
;US-SC;2005;p0p99;42679.801;;0.8197;0.8197
;US-SC;2005;p99.5p100;1452790.5;;0.1409;0.1409
;US-SC;2004;p0p100;77462.203;99794152095.0;1.0;1.0
;US-SC;2004;p99p100;781503.5;;0.15889999;0.15889999
;US-SC;2004;p99.9p100;3275237.3;;0.066600002;0.066600002
;US-SC;2004;p99.99p100;13141236.0;;0.026699999;0.026699999
;US-SC;2004;p90p100;215109.0;;0.43720001;0.43720001
;US-SC;2004;p90p95;116607.5;;0.1185;0.1185
;US-SC;2004;p95p99;194839.8;;0.1584;0.1584
;US-SC;2004;p99.5p99.9;664070.5;;0.054000001;0.054000001
;US-SC;2004;p99.9p99.99;2160556.0;;0.039500002;0.039500002
;US-SC;2004;p99p99.5;361555.5;;0.036699999;0.036699999
;US-SC;2004;p95p100;312621.19;;0.3177;0.3177
;US-SC;2004;p0p90;30945.5;;0.5661;0.5661
;US-SC;2004;p0p99;41800.5;;0.84109998;0.84109998
;US-SC;2004;p99.5p100;1196396.5;;0.1216;0.1216
;US-SC;2003;p0p100;77018.5;93837426919.0;1.0;1.0
;US-SC;2003;p99p100;654239.5;;0.1411;0.1411
;US-SC;2003;p99.9p100;2501775.5;;0.0539;0.0539
;US-SC;2003;p99.99p100;9461243.0;;0.020400001;0.020400001
;US-SC;2003;p90p100;197593.5;;0.42609999;0.42609999
;US-SC;2003;p90p95;117383.5;;0.1266;0.1266
;US-SC;2003;p95p99;182318.7;;0.1573;0.1573
;US-SC;2003;p99.5p99.9;579063.31;;0.049899999;0.049899999
;US-SC;2003;p99.9p99.99;1704202.6;;0.033100002;0.033100002
;US-SC;2003;p99p99.5;331813.5;;0.035799999;0.035799999
;US-SC;2003;p95p100;277296.91;;0.29899999;0.29899999
;US-SC;2003;p0p90;29731.1;;0.57700002;0.57700002
;US-SC;2003;p0p99;40235.102;;0.85890001;0.85890001
;US-SC;2003;p99.5p100;972508.69;;0.1049;0.1049
;US-SC;2002;p0p100;81794.703;93208232348.0;1.0;1.0
;US-SC;2002;p99p100;638971.31;;0.1356;0.1356
;US-SC;2002;p99.9p100;2403744.3;;0.050999999;0.050999999
;US-SC;2002;p99.99p100;8891546.0;;0.0189;0.0189
;US-SC;2002;p90p100;195919.3;;0.41580001;0.41580001
;US-SC;2002;p90p95;117989.0;;0.1252;0.1252
;US-SC;2002;p95p99;181598.2;;0.1541;0.1541
;US-SC;2002;p99.5p99.9;572715.0;;0.048599999;0.048599999
;US-SC;2002;p99.9p99.99;1667337.9;;0.031800002;0.031800002
;US-SC;2002;p99p99.5;329514.81;;0.035;0.035
;US-SC;2002;p95p100;273468.69;;0.2902;0.2902
;US-SC;2002;p0p90;30701.5;;0.58639997;0.58639997
;US-SC;2002;p0p99;41144.602;;0.86440003;0.86440003
;US-SC;2002;p99.5p100;945501.31;;0.1003;0.1003
;US-SC;2001;p0p100;89068.0;95980689191.0;1.0;1.0
;US-SC;2001;p99p100;688140.88;;0.13850001;0.13850001
;US-SC;2001;p99.9p100;2483956.5;;0.050000001;0.050000001
;US-SC;2001;p99.99p100;8498051.0;;0.017100001;0.017100001
;US-SC;2001;p90p100;205235.0;;0.41299999;0.41299999
;US-SC;2001;p90p95;120674.2;;0.1214;0.1214
;US-SC;2001;p95p99;189187.09;;0.1523;0.1523
;US-SC;2001;p99.5p99.9;639975.69;;0.0515;0.0515
;US-SC;2001;p99.9p99.99;1827027.1;;0.033100002;0.033100002
;US-SC;2001;p99p99.5;365179.59;;0.036699999;0.036699999
;US-SC;2001;p95p100;289313.5;;0.2911;0.2911
;US-SC;2001;p0p90;32459.4;;0.58789998;0.58789998
;US-SC;2001;p0p99;43245.699;;0.86150002;0.86150002
;US-SC;2001;p99.5p100;1012021.4;;0.1018;0.1018
;US-SC;2000;p0p100;103788.9;1.02143738505e+11;1.0;1.0
;US-SC;2000;p99p100;815105.88;;0.1488;0.1488
;US-SC;2000;p99.9p100;3242706.0;;0.0592;0.0592
;US-SC;2000;p99.99p100;12083203.0;;0.0221;0.0221
;US-SC;2000;p90p100;225004.3;;0.41069999;0.41069999
;US-SC;2000;p90p95;124477.3;;0.1136;0.1136
;US-SC;2000;p95p99;200588.09;;0.1464;0.1464
;US-SC;2000;p99.5p99.9;709499.19;;0.051800001;0.051800001
;US-SC;2000;p99.9p99.99;2282498.3;;0.037500001;0.037500001
;US-SC;2000;p99p99.5;401791.41;;0.036699999;0.036699999
;US-SC;2000;p95p100;324564.91;;0.29620001;0.29620001
;US-SC;2000;p0p90;36035.102;;0.59189999;0.59189999
;US-SC;2000;p0p99;47108.5;;0.85119998;0.85119998
;US-SC;2000;p99.5p100;1225335.3;;0.1118;0.1118
;US-SC;1999;p0p100;107120.6;98311109611.0;1.0;1.0
;US-SC;1999;p99p100;813448.81;;0.15369999;0.15369999
;US-SC;1999;p99.9p100;3259064.0;;0.0616;0.0616
;US-SC;1999;p99.99p100;11981895.0;;0.022600001;0.022600001
;US-SC;1999;p90p100;223070.8;;0.42140001;0.42140001
;US-SC;1999;p90p95;123704.2;;0.1168;0.1168
;US-SC;1999;p95p99;198911.0;;0.1503;0.1503
;US-SC;1999;p99.5p99.9;715374.69;;0.054099999;0.054099999
;US-SC;1999;p99.9p99.99;2325153.3;;0.039500002;0.039500002
;US-SC;1999;p99p99.5;400255.59;;0.037799999;0.037799999
;US-SC;1999;p95p100;322021.81;;0.30410001;0.30410001
;US-SC;1999;p0p90;34049.398;;0.57889998;0.57889998
;US-SC;1999;p0p99;45257.801;;0.84630001;0.84630001
;US-SC;1999;p99.5p100;1226504.3;;0.1158;0.1158
;US-SC;1998;p0p100;106385.5;93031561207.0;1.0;1.0
;US-SC;1998;p99p100;785185.5;;0.1556;0.1556
;US-SC;1998;p99.9p100;3251293.0;;0.064400002;0.064400002
;US-SC;1998;p99.99p100;12698980.0;;0.0252;0.0252
;US-SC;1998;p90p100;213371.41;;0.42289999;0.42289999
;US-SC;1998;p90p95;119055.9;;0.118;0.118
;US-SC;1998;p95p99;187555.0;;0.1487;0.1487
;US-SC;1998;p99.5p99.9;674740.0;;0.0535;0.0535
;US-SC;1998;p99.9p99.99;2220015.5;;0.0396;0.0396
;US-SC;1998;p99p99.5;378851.31;;0.037500001;0.037500001
;US-SC;1998;p95p100;307352.41;;0.3046;0.3046
;US-SC;1998;p0p90;32370.699;;0.57749999;0.57749999
;US-SC;1998;p0p99;43028.199;;0.84439999;0.84439999
;US-SC;1998;p99.5p100;1191417.1;;0.1181;0.1181
;US-SC;1997;p0p100;105397.9;86829863503.0;1.0;1.0
;US-SC;1997;p99p100;695321.19;;0.14300001;0.14300001
;US-SC;1997;p99.9p100;2652416.0;;0.0546;0.0546
;US-SC;1997;p99.99p100;9311989.0;;0.019200001;0.019200001
;US-SC;1997;p90p100;199263.91;;0.40990001;0.40990001
;US-SC;1997;p90p95;115561.7;;0.1189;0.1189
;US-SC;1997;p95p99;179454.2;;0.1477;0.1477
;US-SC;1997;p99.5p99.9;633828.31;;0.052200001;0.052200001
;US-SC;1997;p99.9p99.99;1928500.8;;0.035700001;0.035700001
;US-SC;1997;p99p99.5;351271.41;;0.0361;0.0361
;US-SC;1997;p95p100;282755.59;;0.29080001;0.29080001
;US-SC;1997;p0p90;31888.801;;0.59039998;0.59039998
;US-SC;1997;p0p99;42082.301;;0.85699999;0.85699999
;US-SC;1997;p99.5p100;1038979.4;;0.1069;0.1069
;US-SC;1996;p0p100;103949.2;80882887936.0;1.0;1.0
;US-SC;1996;p99p100;628827.13;;0.13689999;0.13689999
;US-SC;1996;p99.9p100;2393258.5;;0.052099999;0.052099999
;US-SC;1996;p99.99p100;8867202.0;;0.019300001;0.019300001
;US-SC;1996;p90p100;186584.91;;0.40619999;0.40619999
;US-SC;1996;p90p95;111066.7;;0.1209;0.1209
;US-SC;1996;p95p99;170214.0;;0.14820001;0.14820001
;US-SC;1996;p99.5p99.9;566768.81;;0.0493;0.0493
;US-SC;1996;p99.9p99.99;1671633.0;;0.032699998;0.032699998
;US-SC;1996;p99p99.5;321611.91;;0.035;0.035
;US-SC;1996;p95p100;261991.2;;0.28510001;0.28510001
;US-SC;1996;p0p90;30346.199;;0.59450001;0.59450001
;US-SC;1996;p0p99;40052.0;;0.86309999;0.86309999
;US-SC;1996;p99.5p100;935145.38;;0.1018;0.1018
;US-SC;1995;p0p100;105517.9;76535031256.0;1.0;1.0
;US-SC;1995;p99p100;577419.31;;0.1305;0.1305
;US-SC;1995;p99.9p100;2145029.8;;0.048500001;0.048500001
;US-SC;1995;p99.99p100;7763010.0;;0.0175;0.0175
;US-SC;1995;p90p100;176752.5;;0.39950001;0.39950001
;US-SC;1995;p90p95;106986.4;;0.1209;0.1209
;US-SC;1995;p95p99;163754.8;;0.148;0.148
;US-SC;1995;p99.5p99.9;528464.81;;0.047800001;0.047800001
;US-SC;1995;p99.9p99.99;1521084.3;;0.0309;0.0309
;US-SC;1995;p99p99.5;301526.91;;0.0341;0.0341
;US-SC;1995;p95p100;246463.09;;0.27849999;0.27849999
;US-SC;1995;p0p90;29533.1;;0.60070002;0.60070002
;US-SC;1995;p0p99;38860.5;;0.86949998;0.86949998
;US-SC;1995;p99.5p100;853066.13;;0.0964;0.0964
;US-SC;1994;p0p100;106119.9;73047161772.0;1.0;1.0
;US-SC;1994;p99p100;515622.91;;0.1215;0.1215
;US-SC;1994;p99.9p100;1885821.6;;0.044399999;0.044399999
;US-SC;1994;p99.99p100;6923224.0;;0.0163;0.0163
;US-SC;1994;p90p100;165890.41;;0.391;0.391
;US-SC;1994;p90p95;105059.0;;0.1238;0.1238
;US-SC;1994;p95p99;154463.41;;0.14560001;0.14560001
;US-SC;1994;p99.5p99.9;472528.81;;0.044500001;0.044500001
;US-SC;1994;p99.9p99.99;1321881.1;;0.028000001;0.028000001
;US-SC;1994;p99p99.5;274340.31;;0.032299999;0.032299999
;US-SC;1994;p95p100;226670.09;;0.26710001;0.26710001
;US-SC;1994;p0p90;28728.0;;0.60939997;0.60939997
;US-SC;1994;p0p99;37650.801;;0.87849998;0.87849998
;US-SC;1994;p99.5p100;756666.38;;0.089199997;0.089199997
;US-SC;1993;p0p100;110448.7;70945648619.0;1.0;1.0
;US-SC;1993;p99p100;485907.91;;0.1148;0.1148
;US-SC;1993;p99.9p100;1723748.6;;0.0407;0.0407
;US-SC;1993;p99.99p100;6144883.5;;0.0145;0.0145
;US-SC;1993;p90p100;161130.2;;0.38060001;0.38060001
;US-SC;1993;p90p95;103685.3;;0.1225;0.1225
;US-SC;1993;p95p99;151704.2;;0.1433;0.1433
;US-SC;1993;p99.5p99.9;452178.31;;0.0427;0.0427
;US-SC;1993;p99.9p99.99;1227294.9;;0.0261;0.0261
;US-SC;1993;p99p99.5;263134.81;;0.031099999;0.031099999
;US-SC;1993;p95p100;218497.09;;0.2581;0.2581
;US-SC;1993;p0p90;29154.199;;0.61979997;0.61979997
;US-SC;1993;p0p99;37854.102;;0.88520002;0.88520002
;US-SC;1993;p99.5p100;708168.69;;0.0836;0.0836
;US-SC;1992;p0p100;117401.3;70378158954.0;1.0;1.0
;US-SC;1992;p99p100;491820.91;;0.1148;0.1148
;US-SC;1992;p99.9p100;1767545.5;;0.041200001;0.041200001
;US-SC;1992;p99.99p100;6309819.0;;0.0147;0.0147
;US-SC;1992;p90p100;161539.7;;0.377;0.377
;US-SC;1992;p90p95;105355.8;;0.1229;0.1229
;US-SC;1992;p95p99;149315.7;;0.13940001;0.13940001
;US-SC;1992;p99.5p99.9;458363.59;;0.042800002;0.042800002
;US-SC;1992;p99.9p99.99;1261715.5;;0.0265;0.0265
;US-SC;1992;p99p99.5;262367.91;;0.0306;0.0306
;US-SC;1992;p95p100;217831.7;;0.25420001;0.25420001
;US-SC;1992;p0p90;29668.699;;0.62309998;0.62309998
;US-SC;1992;p0p99;38319.102;;0.88520002;0.88520002
;US-SC;1992;p99.5p100;721076.13;;0.084100001;0.084100001
;US-SC;1991;p0p100;122371.5;69103275844.0;1.0;1.0
;US-SC;1991;p99p100;445877.5;;0.1049;0.1049
;US-SC;1991;p99.9p100;1492370.6;;0.035100002;0.035100002
;US-SC;1991;p99.99p100;4976745.5;;0.0117;0.0117
;US-SC;1991;p90p100;155668.09;;0.3664;0.3664
;US-SC;1991;p90p95;105625.3;;0.1243;0.1243
;US-SC;1991;p95p99;146035.41;;0.1375;0.1375
;US-SC;1991;p99.5p99.9;426010.69;;0.040100001;0.040100001
;US-SC;1991;p99.9p99.99;1104664.8;;0.023399999;0.023399999
;US-SC;1991;p99p99.5;252003.5;;0.0297;0.0297
;US-SC;1991;p95p100;205974.2;;0.24240001;0.24240001
;US-SC;1991;p0p90;29897.801;;0.63330001;0.63330001
;US-SC;1991;p0p99;38412.0;;0.8951;0.8951
;US-SC;1991;p99.5p100;639773.69;;0.075300001;0.075300001
;US-SC;1990;p0p100;135338.59;70260951401.0;1.0;1.0
;US-SC;1990;p99p100;474479.81;;0.1083;0.1083
;US-SC;1990;p99.9p100;1661561.8;;0.037900001;0.037900001
;US-SC;1990;p99.99p100;5703110.0;;0.013;0.013
;US-SC;1990;p90p100;159147.5;;0.36340001;0.36340001
;US-SC;1990;p90p95;105356.7;;0.1203;0.1203
;US-SC;1990;p95p99;147525.0;;0.1348;0.1348
;US-SC;1990;p99.5p99.9;454147.41;;0.041499998;0.041499998
;US-SC;1990;p99.9p99.99;1214522.1;;0.025;0.025
;US-SC;1990;p99p99.5;252973.3;;0.028899999;0.028899999
;US-SC;1990;p95p100;212959.5;;0.2431;0.2431
;US-SC;1990;p0p90;30975.699;;0.63660002;0.63660002
;US-SC;1990;p0p99;39441.398;;0.89170003;0.89170003
;US-SC;1990;p99.5p100;695688.63;;0.079400003;0.079400003
;US-SC;1989;p0p100;149418.7;68797303628.0;1.0;1.0
;US-SC;1989;p99p100;505311.91;;0.1152;0.1152
;US-SC;1989;p99.9p100;1816201.8;;0.0414;0.0414
;US-SC;1989;p99.99p100;6449280.5;;0.0147;0.0147
;US-SC;1989;p90p100;161107.41;;0.3673;0.3673
;US-SC;1989;p90p95;101750.2;;0.116;0.116
;US-SC;1989;p95p99;145261.91;;0.13249999;0.13249999
;US-SC;1989;p99.5p99.9;455412.81;;0.041499998;0.041499998
;US-SC;1989;p99.9p99.99;1261471.8;;0.025900001;0.025900001
;US-SC;1989;p99p99.5;260827.0;;0.0297;0.0297
;US-SC;1989;p95p100;219895.5;;0.25060001;0.25060001
;US-SC;1989;p0p90;31180.1;;0.6397;0.6397
;US-SC;1989;p0p99;39205.102;;0.88480002;0.88480002
;US-SC;1989;p99.5p100;740626.81;;0.084399998;0.084399998
;US-SC;1988;p0p100;169337.0;67956256062.0;1.0;1.0
;US-SC;1988;p99p100;517453.59;;0.1133;0.1133
;US-SC;1988;p99.9p100;1919597.4;;0.041999999;0.041999999
;US-SC;1988;p99.99p100;6832128.0;;0.015;0.015
;US-SC;1988;p90p100;160517.7;;0.3513;0.3513
;US-SC;1988;p90p95;100189.9;;0.1096;0.1096
;US-SC;1988;p95p99;141052.59;;0.1235;0.1235
;US-SC;1988;p99.5p99.9;457423.19;;0.039999999;0.039999999
;US-SC;1988;p99.9p99.99;1322289.1;;0.026000001;0.026000001
;US-SC;1988;p99p99.5;254092.3;;0.027799999;0.027799999
;US-SC;1988;p95p100;220021.91;;0.24079999;0.24079999
;US-SC;1988;p0p90;33401.801;;0.65799999;0.65799999
;US-SC;1988;p0p99;40921.398;;0.88669997;0.88669997
;US-SC;1988;p99.5p100;767840.5;;0.083999999;0.083999999
;US-SC;1987;p0p100;169677.09;63166588783.0;1.0;1.0
;US-SC;1987;p99p100;439742.69;;0.1032;0.1032
;US-SC;1987;p99.9p100;1503972.3;;0.035300002;0.035300002
;US-SC;1987;p99.99p100;5177278.5;;0.0122;0.0122
;US-SC;1987;p90p100;150257.3;;0.35280001;0.35280001
;US-SC;1987;p90p95;99269.797;;0.1165;0.1165
;US-SC;1987;p95p99;139026.59;;0.13060001;0.13060001
;US-SC;1987;p99.5p99.9;402904.0;;0.037799999;0.037799999
;US-SC;1987;p99.9p99.99;1067344.3;;0.022600001;0.022600001
;US-SC;1987;p99p99.5;240894.09;;0.0283;0.0283
;US-SC;1987;p95p100;200928.5;;0.2359;0.2359
;US-SC;1987;p0p90;30862.1;;0.65210003;0.65210003
;US-SC;1987;p0p99;38583.301;;0.89679998;0.89679998
;US-SC;1987;p99.5p100;632348.13;;0.074199997;0.074199997
;US-SC;1986;p0p100;184914.59;63884077541.0;1.0;1.0
;US-SC;1986;p99p100;589267.13;;0.1357;0.1357
;US-SC;1986;p99.9p100;2504472.8;;0.057700001;0.057700001
;US-SC;1986;p99.99p100;10340937.0;;0.023800001;0.023800001
;US-SC;1986;p90p100;165432.09;;0.3809;0.3809
;US-SC;1986;p90p95;97128.898;;0.1118;0.1118
;US-SC;1986;p95p99;141587.41;;0.1304;0.1304
;US-SC;1986;p99.5p99.9;495516.91;;0.045600001;0.045600001
;US-SC;1986;p99.9p99.99;1584185.4;;0.0328;0.0328
;US-SC;1986;p99p99.5;261140.8;;0.030099999;0.030099999
;US-SC;1986;p95p100;233213.09;;0.2685;0.2685
;US-SC;1986;p0p90;30186.301;;0.62550002;0.62550002
;US-SC;1986;p0p99;37921.801;;0.86430001;0.86430001
;US-SC;1986;p99.5p100;909105.38;;0.1047;0.1047
;US-SC;1985;p0p100;183170.2;58132215711.0;1.0;1.0
;US-SC;1985;p99p100;446656.91;;0.1076;0.1076
;US-SC;1985;p99.9p100;1710831.4;;0.041200001;0.041200001
;US-SC;1985;p99.99p100;6490231.5;;0.0156;0.0156
;US-SC;1985;p90p100;145849.7;;0.35139999;0.35139999
;US-SC;1985;p90p95;94458.102;;0.1138;0.1138
;US-SC;1985;p95p99;132594.5;;0.1278;0.1278
;US-SC;1985;p99.5p99.9;384325.19;;0.037;0.037
;US-SC;1985;p99.9p99.99;1129253.8;;0.024499999;0.024499999
;US-SC;1985;p99p99.5;227363.41;;0.0274;0.0274
;US-SC;1985;p95p100;196916.2;;0.23720001;0.23720001
;US-SC;1985;p0p90;30158.6;;0.65390003;0.65390003
;US-SC;1985;p0p99;37416.5;;0.89240003;0.89240003
;US-SC;1985;p99.5p100;659782.13;;0.079499997;0.079499997
;US-SC;1984;p0p100;189127.3;55798981460.0;1.0;1.0
;US-SC;1984;p99p100;409052.81;;0.1021;0.1021
;US-SC;1984;p99.9p100;1562940.3;;0.039000001;0.039000001
;US-SC;1984;p99.99p100;6152501.5;;0.0154;0.0154
;US-SC;1984;p90p100;136978.41;;0.34189999;0.34189999
;US-SC;1984;p90p95;90331.203;;0.1127;0.1127
;US-SC;1984;p95p99;125798.2;;0.1256;0.1256
;US-SC;1984;p99.5p99.9;350400.09;;0.035;0.035
;US-SC;1984;p99.9p99.99;1009295.3;;0.022700001;0.022700001
;US-SC;1984;p99p99.5;212439.2;;0.0265;0.0265
;US-SC;1984;p95p100;183544.91;;0.2291;0.2291
;US-SC;1984;p0p90;29472.199;;0.66210002;0.66210002
;US-SC;1984;p0p99;36333.699;;0.89789999;0.89789999
;US-SC;1984;p99.5p100;601052.63;;0.075000003;0.075000003
;US-SC;1983;p0p100;215320.09;52495063477.0;1.0;1.0
;US-SC;1983;p99p100;365704.69;;0.090599999;0.090599999
;US-SC;1983;p99.9p100;1314607.8;;0.032600001;0.032600001
;US-SC;1983;p99.99p100;5079828.0;;0.0126;0.0126
;US-SC;1983;p90p100;129187.5;;0.31999999;0.31999999
;US-SC;1983;p90p95;88315.797;;0.1094;0.1094
;US-SC;1983;p95p99;120893.9;;0.1198;0.1198
;US-SC;1983;p99.5p99.9;325908.31;;0.032299999;0.032299999
;US-SC;1983;p99.9p99.99;879270.0;;0.0196;0.0196
;US-SC;1983;p99p99.5;201576.2;;0.025;0.025
;US-SC;1983;p95p100;170294.8;;0.21089999;0.21089999
;US-SC;1983;p0p90;30563.199;;0.6814;0.6814
;US-SC;1983;p0p99;37083.0;;0.90939999;0.90939999
;US-SC;1983;p99.5p100;527609.38;;0.065300003;0.065300003
;US-SC;1982;p0p100;215138.91;50303783135.0;1.0;1.0
;US-SC;1982;p99p100;362958.81;;0.093800001;0.093800001
;US-SC;1982;p99.9p100;1403909.8;;0.0363;0.0363
;US-SC;1982;p99.99p100;5829078.5;;0.0151;0.0151
;US-SC;1982;p90p100;122138.5;;0.31569999;0.31569999
;US-SC;1982;p90p95;79936.797;;0.1033;0.1033
;US-SC;1982;p95p99;114322.8;;0.1182;0.1182
;US-SC;1982;p99.5p99.9;318491.59;;0.032900002;0.032900002
;US-SC;1982;p99.9p99.99;912224.31;;0.021199999;0.021199999
;US-SC;1982;p99p99.5;190342.5;;0.024599999;0.024599999
;US-SC;1982;p95p100;164402.7;;0.21250001;0.21250001
;US-SC;1982;p0p90;29427.5;;0.6846;0.6846
;US-SC;1982;p0p99;35408.602;;0.90619999;0.90619999
;US-SC;1982;p99.5p100;535575.19;;0.069200002;0.069200002
;US-SC;1981;p0p100;260585.8;50664542364.0;1.0;1.0
;US-SC;1981;p99p100;339160.31;;0.0814;0.0814
;US-SC;1981;p99.9p100;991423.13;;0.023800001;0.023800001
;US-SC;1981;p99.99p100;3089587.5;;0.0074;0.0074
;US-SC;1981;p90p100;130865.0;;0.31400001;0.31400001
;US-SC;1981;p90p95;93505.203;;0.1122;0.1122
;US-SC;1981;p95p99;125692.8;;0.1206;0.1206
;US-SC;1981;p99.5p99.9;337045.41;;0.032400001;0.032400001
;US-SC;1981;p99.9p99.99;757175.81;;0.0164;0.0164
;US-SC;1981;p99p99.5;208828.0;;0.0251;0.0251
;US-SC;1981;p95p100;168518.8;;0.2022;0.2022
;US-SC;1981;p0p90;31765.301;;0.68599999;0.68599999
;US-SC;1981;p0p99;38669.602;;0.91860002;0.91860002
;US-SC;1981;p99.5p100;469206.59;;0.056299999;0.056299999
;US-SC;1980;p0p100;315438.0;50105636254.0;1.0;1.0
;US-SC;1980;p99p100;338558.09;;0.080499999;0.080499999
;US-SC;1980;p99.9p100;950735.81;;0.022600001;0.022600001
;US-SC;1980;p99.99p100;2948022.5;;0.0070000002;0.0070000002
;US-SC;1980;p90p100;129928.1;;0.3089;0.3089
;US-SC;1980;p90p95;92724.703;;0.1102;0.1102
;US-SC;1980;p95p99;124116.2;;0.118;0.118
;US-SC;1980;p99.5p99.9;332154.69;;0.031599998;0.031599998
;US-SC;1980;p99.9p99.99;728180.69;;0.0156;0.0156
;US-SC;1980;p99p99.5;220782.5;;0.0262;0.0262
;US-SC;1980;p95p100;167045.7;;0.19859999;0.19859999
;US-SC;1980;p0p90;32304.6;;0.69129997;0.69129997
;US-SC;1980;p0p99;39062.801;;0.91949999;0.91949999
;US-SC;1980;p99.5p100;456268.19;;0.054200001;0.054200001
;US-SC;1979;p0p100;383393.91;49454104030.0;1.0;1.0
;US-SC;1979;p99p100;341875.59;;0.082599998;0.082599998
;US-SC;1979;p99.9p100;1031180.2;;0.024900001;0.024900001
;US-SC;1979;p99.99p100;3340445.8;;0.0081000002;0.0081000002
;US-SC;1979;p90p100;131871.09;;0.3184;0.3184
;US-SC;1979;p90p95;90228.102;;0.1089;0.1089
;US-SC;1979;p95p99;131319.41;;0.1268;0.1268
;US-SC;1979;p99.5p99.9;325640.41;;0.031500001;0.031500001
;US-SC;1979;p99.9p99.99;774038.0;;0.016799999;0.016799999
;US-SC;1979;p99p99.5;217169.2;;0.0262;0.0262
;US-SC;1979;p95p100;173405.09;;0.2094;0.2094
;US-SC;1979;p0p90;31366.5;;0.68169999;0.68169999
;US-SC;1979;p0p99;38378.199;;0.9174;0.9174
;US-SC;1979;p99.5p100;466935.81;;0.056400001;0.056400001
;US-SC;1978;p0p100;463377.69;47176306114.0;1.0;1.0
;US-SC;1978;p99p100;306719.5;;0.073600002;0.073600002
;US-SC;1978;p99.9p100;820410.81;;0.0197;0.0197
;US-SC;1978;p99.99p100;2175772.5;;0.0052;0.0052
;US-SC;1978;p90p100;124395.1;;0.29840001;0.29840001
;US-SC;1978;p90p95;86387.398;;0.1036;0.1036
;US-SC;1978;p95p99;126402.4;;0.1213;0.1213
;US-SC;1978;p99.5p99.9;306610.19;;0.0294;0.0294
;US-SC;1978;p99.9p99.99;669325.31;;0.0145;0.0145
;US-SC;1978;p99p99.5;203998.7;;0.024499999;0.024499999
;US-SC;1978;p95p100;162348.0;;0.1947;0.1947
;US-SC;1978;p0p90;32492.1;;0.7015;0.7015
;US-SC;1978;p0p99;39007.602;;0.92640001;0.92640001
;US-SC;1978;p99.5p100;409548.91;;0.0491;0.0491
;US-SC;1977;p0p100;523058.59;44831053452.0;1.0;1.0
;US-SC;1977;p99p100;316926.09;;0.078000002;0.078000002
;US-SC;1977;p99.9p100;877428.13;;0.021600001;0.021600001
;US-SC;1977;p99.99p100;3032851.8;;0.0074999998;0.0074999998
;US-SC;1977;p90p100;122738.8;;0.30199999;0.30199999
;US-SC;1977;p90p95;85135.5;;0.1047;0.1047
;US-SC;1977;p95p99;121189.8;;0.1193;0.1193
;US-SC;1977;p99.5p99.9;314896.31;;0.030999999;0.030999999
;US-SC;1977;p99.9p99.99;637992.19;;0.0141;0.0141
;US-SC;1977;p99p99.5;206373.91;;0.0254;0.0254
;US-SC;1977;p95p100;160346.41;;0.1972;0.1972
;US-SC;1977;p0p90;31527.801;;0.69809997;0.69809997
;US-SC;1977;p0p99;37857.602;;0.92199999;0.92199999
;US-SC;1977;p99.5p100;427533.69;;0.0526;0.0526
;US-SC;1976;p0p100;592752.5;43675530046.0;1.0;1.0
;US-SC;1976;p99p100;308185.59;;0.075900003;0.075900003
;US-SC;1976;p99.9p100;824350.63;;0.020300001;0.020300001
;US-SC;1976;p99.99p100;2094602.6;;0.0052;0.0052
;US-SC;1976;p90p100;120004.9;;0.29550001;0.29550001
;US-SC;1976;p90p95;86149.297;;0.1061;0.1061
;US-SC;1976;p95p99;115308.2;;0.1136;0.1136
;US-SC;1976;p99.5p99.9;313587.5;;0.0309;0.0309
;US-SC;1976;p99.9p99.99;683454.0;;0.0151;0.0151
;US-SC;1976;p99p99.5;200408.8;;0.024700001;0.024700001
;US-SC;1976;p95p100;153883.5;;0.1895;0.1895
;US-SC;1976;p0p90;31789.301;;0.70450002;0.70450002
;US-SC;1976;p0p99;37908.301;;0.92409998;0.92409998
;US-SC;1976;p99.5p100;415943.5;;0.051199999;0.051199999
;US-SC;1975;p0p100;629013.38;40429449992.0;1.0;1.0
;US-SC;1975;p99p100;289097.81;;0.075000003;0.075000003
;US-SC;1975;p99.9p100;725749.13;;0.0188;0.0188
;US-SC;1975;p99.99p100;1962282.1;;0.0051000002;0.0051000002
;US-SC;1975;p90p100;118668.5;;0.308;0.308
;US-SC;1975;p90p95;84949.898;;0.1102;0.1102
;US-SC;1975;p95p99;118257.3;;0.1228;0.1228
;US-SC;1975;p99.5p99.9;298459.0;;0.030999999;0.030999999
;US-SC;1975;p99.9p99.99;588861.19;;0.0138;0.0138
;US-SC;1975;p99p99.5;193799.41;;0.0252;0.0252
;US-SC;1975;p95p100;152420.7;;0.1978;0.1978
;US-SC;1975;p0p90;29623.0;;0.69199997;0.69199997
;US-SC;1975;p0p99;35996.5;;0.92500001;0.92500001
;US-SC;1975;p99.5p100;384267.91;;0.049899999;0.049899999
;US-SC;1974;p0p100;804871.5;42374452253.0;1.0;1.0
;US-SC;1974;p99p100;306095.09;;0.073899999;0.073899999
;US-SC;1974;p99.9p100;830538.88;;0.020099999;0.020099999
;US-SC;1974;p99.99p100;2436668.8;;0.0059000002;0.0059000002
;US-SC;1974;p90p100;123279.4;;0.2978;0.2978
;US-SC;1974;p90p95;87618.398;;0.1058;0.1058
;US-SC;1974;p95p99;121701.9;;0.1176;0.1176
;US-SC;1974;p99.5p99.9;304087.41;;0.0294;0.0294
;US-SC;1974;p99.9p99.99;646785.38;;0.0141;0.0141
;US-SC;1974;p99p99.5;200012.8;;0.0242;0.0242
;US-SC;1974;p95p100;158970.3;;0.192;0.192
;US-SC;1974;p0p90;32339.6;;0.70310003;0.70310003
;US-SC;1974;p0p99;38723.102;;0.92610002;0.92610002
;US-SC;1974;p99.5p100;411028.81;;0.049600001;0.049600001
;US-SC;1973;p0p100;987093.5;41149504081.0;1.0;1.0
;US-SC;1973;p99p100;340779.5;;0.082800001;0.082800001
;US-SC;1973;p99.9p100;911027.88;;0.0221;0.0221
;US-SC;1973;p99.99p100;2673564.0;;0.0065000001;0.0065000001
;US-SC;1973;p90p100;125481.9;;0.30469999;0.30469999
;US-SC;1973;p90p95;85170.5;;0.1034;0.1034
;US-SC;1973;p95p99;122052.7;;0.1186;0.1186
;US-SC;1973;p99.5p99.9;353179.19;;0.034299999;0.034299999
;US-SC;1973;p99.9p99.99;714841.81;;0.0156;0.0156
;US-SC;1973;p99p99.5;216723.59;;0.0263;0.0263
;US-SC;1973;p95p100;165798.3;;0.2013;0.2013
;US-SC;1973;p0p90;31812.1;;0.69529998;0.69529998
;US-SC;1973;p0p99;38152.301;;0.91720003;0.91720003
;US-SC;1973;p99.5p100;464737.09;;0.056400001;0.056400001
;US-SC;1972;p0p100;1075578.8;38783414954.0;1.0;1.0
;US-SC;1972;p99p100;328567.41;;0.082599998;0.082599998
;US-SC;1972;p99.9p100;895692.0;;0.022500001;0.022500001
;US-SC;1972;p99.99p100;2564042.5;;0.0063999998;0.0063999998
;US-SC;1972;p90p100;123632.5;;0.3109;0.3109
;US-SC;1972;p90p95;85094.102;;0.107;0.107
;US-SC;1972;p95p99;120585.9;;0.1213;0.1213
;US-SC;1972;p99.5p99.9;338264.19;;0.034000002;0.034000002
;US-SC;1972;p99.9p99.99;710113.88;;0.016100001;0.016100001
;US-SC;1972;p99p99.5;206993.59;;0.026000001;0.026000001
;US-SC;1972;p95p100;162184.09;;0.20389999;0.20389999
;US-SC;1972;p0p90;30452.301;;0.68919998;0.68919998
;US-SC;1972;p0p99;36851.602;;0.9174;0.9174
;US-SC;1972;p99.5p100;450141.19;;0.056600001;0.056600001
;US-SC;1971;p0p100;1084331.6;35781529377.0;1.0;1.0
;US-SC;1971;p99p100;290015.91;;0.077100001;0.077100001
;US-SC;1971;p99.9p100;789022.31;;0.021;0.021
;US-SC;1971;p99.99p100;2290020.5;;0.0060999999;0.0060999999
;US-SC;1971;p90p100;114110.3;;0.30320001;0.30320001
;US-SC;1971;p90p95;81622.5;;0.1084;0.1084
;US-SC;1971;p95p99;110800.6;;0.1178;0.1178
;US-SC;1971;p99.5p99.9;307013.59;;0.032600001;0.032600001
;US-SC;1971;p99.9p99.99;622503.31;;0.0149;0.0149
;US-SC;1971;p99p99.5;176285.2;;0.023399999;0.023399999
;US-SC;1971;p95p100;146638.91;;0.1948;0.1948
;US-SC;1971;p0p90;29139.4;;0.69679999;0.69679999
;US-SC;1971;p0p99;35088.102;;0.92290002;0.92290002
;US-SC;1971;p99.5p100;403738.81;;0.053599998;0.053599998
;US-SC;1970;p0p100;1165148.8;34336469882.0;1.0;1.0
;US-SC;1970;p99p100;275339.59;;0.074199997;0.074199997
;US-SC;1970;p99.9p100;714005.69;;0.019200001;0.019200001
;US-SC;1970;p99.99p100;1891589.8;;0.0051000002;0.0051000002
;US-SC;1970;p90p100;110756.1;;0.29840001;0.29840001
;US-SC;1970;p90p95;79455.102;;0.107;0.107
;US-SC;1970;p95p99;108821.3;;0.1173;0.1173
;US-SC;1970;p99.5p99.9;291941.5;;0.031500001;0.031500001
;US-SC;1970;p99.9p99.99;582548.31;;0.0141;0.0141
;US-SC;1970;p99p99.5;173980.91;;0.023399999;0.023399999
;US-SC;1970;p95p100;142105.5;;0.19140001;0.19140001
;US-SC;1970;p0p90;28935.4;;0.70160002;0.70160002
;US-SC;1970;p0p99;34712.301;;0.92580003;0.92580003
;US-SC;1970;p99.5p100;376659.81;;0.050700001;0.050700001
;US-SC;1969;p0p100;1295191.8;33618753461.0;1.0;1.0
;US-SC;1969;p99p100;312525.31;;0.084700003;0.084700003
;US-SC;1969;p99.9p100;860514.31;;0.0233;0.0233
;US-SC;1969;p99.99p100;2894153.5;;0.0077999998;0.0077999998
;US-SC;1969;p90p100;112643.8;;0.30509999;0.30509999
;US-SC;1969;p90p95;75504.0;;0.1023;0.1023
;US-SC;1969;p95p99;109149.1;;0.1183;0.1183
;US-SC;1969;p99.5p99.9;321707.19;;0.034899998;0.034899998
;US-SC;1969;p99.9p99.99;636233.88;;0.0155;0.0155
;US-SC;1969;p99p99.5;195396.7;;0.0265;0.0265
;US-SC;1969;p95p100;149799.5;;0.20290001;0.20290001
;US-SC;1969;p0p90;28498.699;;0.69480002;0.69480002
;US-SC;1969;p0p99;34131.898;;0.91530001;0.91530001
;US-SC;1969;p99.5p100;429768.91;;0.058200002;0.058200002
;US-SC;1968;p0p100;1414050.6;32549369474.0;1.0;1.0
;US-SC;1968;p99p100;323609.09;;0.089299999;0.089299999
;US-SC;1968;p99.9p100;892985.38;;0.024599999;0.024599999
;US-SC;1968;p99.99p100;2776718.5;;0.0077;0.0077
;US-SC;1968;p90p100;114289.2;;0.3154;0.3154
;US-SC;1968;p90p95;76057.898;;0.1049;0.1049
;US-SC;1968;p95p99;109685.5;;0.1211;0.1211
;US-SC;1968;p99.5p99.9;334619.31;;0.036899999;0.036899999
;US-SC;1968;p99.9p99.99;686489.19;;0.017000001;0.017000001
;US-SC;1968;p99p99.5;201028.41;;0.0277;0.0277
;US-SC;1968;p95p100;152483.09;;0.2104;0.2104
;US-SC;1968;p0p90;27565.6;;0.6846;0.6846
;US-SC;1968;p0p99;33335.801;;0.91070002;0.91070002
;US-SC;1968;p99.5p100;446076.69;;0.061500002;0.061500002
;US-SC;1967;p0p100;1457389.4;30470683071.0;1.0;1.0
;US-SC;1967;p99p100;298567.0;;0.086800002;0.086800002
;US-SC;1967;p99.9p100;796711.13;;0.0232;0.0232
;US-SC;1967;p99.99p100;2454180.8;;0.0071;0.0071
;US-SC;1967;p90p100;108810.9;;0.3163;0.3163
;US-SC;1967;p90p95;74454.602;;0.1082;0.1082
;US-SC;1967;p95p99;104457.0;;0.1214;0.1214
;US-SC;1967;p99.5p99.9;322364.69;;0.037500001;0.037500001
;US-SC;1967;p99.9p99.99;613024.31;;0.016000001;0.016000001
;US-SC;1967;p99p99.5;179879.3;;0.0261;0.0261
;US-SC;1967;p95p100;143243.91;;0.20819999;0.20819999
;US-SC;1967;p0p90;26130.6;;0.68360001;0.68360001
;US-SC;1967;p0p99;31736.199;;0.91320002;0.91320002
;US-SC;1967;p99.5p100;417282.59;;0.060600001;0.060600001
;US-SC;1966;p0p100;1481034.1;28704786004.0;1.0;1.0
;US-SC;1966;p99p100;292408.5;;0.0889;0.0889
;US-SC;1966;p99.9p100;797766.38;;0.0242;0.0242
;US-SC;1966;p99.99p100;2684966.5;;0.0082;0.0082
;US-SC;1966;p90p100;105185.4;;0.3197;0.3197
;US-SC;1966;p90p95;75477.797;;0.1147;0.1147
;US-SC;1966;p95p99;95936.102;;0.1166;0.1166
;US-SC;1966;p99.5p99.9;308467.09;;0.037500001;0.037500001
;US-SC;1966;p99.9p99.99;588262.0;;0.016100001;0.016100001
;US-SC;1966;p99p99.5;177609.3;;0.027000001;0.027000001
;US-SC;1966;p95p100;135222.91;;0.20550001;0.20550001
;US-SC;1966;p0p90;24854.699;;0.67989999;0.67989999
;US-SC;1966;p0p99;30279.199;;0.91109997;0.91109997
;US-SC;1966;p99.5p100;407114.19;;0.061900001;0.061900001
;US-SC;1965;p0p100;1456681.1;26270326738.0;1.0;1.0
;US-SC;1965;p99p100;274196.69;;0.089599997;0.089599997
;US-SC;1965;p99.9p100;806910.81;;0.0264;0.0264
;US-SC;1965;p99.99p100;2656535.5;;0.0087000001;0.0087000001
;US-SC;1965;p90p100;98718.5;;0.32269999;0.32269999
;US-SC;1965;p90p95;68779.5;;0.1124;0.1124
;US-SC;1965;p95p99;92250.0;;0.1206;0.1206
;US-SC;1965;p99.5p99.9;286323.5;;0.0374;0.0374
;US-SC;1965;p99.9p99.99;600600.38;;0.0177;0.0177
;US-SC;1965;p99p99.5;157783.59;;0.025800001;0.025800001
;US-SC;1965;p95p100;128646.3;;0.2103;0.2103
;US-SC;1965;p0p90;23019.199;;0.67729998;0.67729998
;US-SC;1965;p0p99;28126.0;;0.91039997;0.91039997
;US-SC;1965;p99.5p100;390617.81;;0.063900001;0.063900001
;US-SC;1964;p0p100;1406658.8;24162545019.0;1.0;1.0
;US-SC;1964;p99p100;265369.5;;0.092799999;0.092799999
;US-SC;1964;p99.9p100;831920.13;;0.029100001;0.029100001
;US-SC;1964;p99.99p100;3395038.5;;0.0119;0.0119
;US-SC;1964;p90p100;94528.0;;0.33039999;0.33039999
;US-SC;1964;p90p95;63940.0;;0.1118;0.1118
;US-SC;1964;p95p99;90050.102;;0.1259;0.1259
;US-SC;1964;p99.5p99.9;238228.09;;0.033300001;0.033300001
;US-SC;1964;p99.9p99.99;547221.31;;0.017200001;0.017200001
;US-SC;1964;p99p99.5;173514.7;;0.030300001;0.030300001
;US-SC;1964;p95p100;125089.6;;0.2186;0.2186
;US-SC;1964;p0p90;21282.9;;0.66960001;0.66960001
;US-SC;1964;p0p99;26214.6;;0.90719998;0.90719998
;US-SC;1964;p99.5p100;356951.09;;0.062399998;0.062399998
;US-SC;1963;p0p100;1374864.8;22597718308.0;1.0;1.0
;US-SC;1963;p99p100;228935.09;;0.083999999;0.083999999
;US-SC;1963;p99.9p100;652644.81;;0.024;0.024
;US-SC;1963;p99.99p100;1921562.1;;0.0071;0.0071
;US-SC;1963;p90p100;85829.898;;0.31510001;0.31510001
;US-SC;1963;p90p95;59775.5;;0.1097;0.1097
;US-SC;1963;p95p99;82622.297;;0.1213;0.1213
;US-SC;1963;p99.5p99.9;235049.0;;0.034499999;0.034499999
;US-SC;1963;p99.9p99.99;512366.09;;0.016899999;0.016899999
;US-SC;1963;p99p99.5;139109.0;;0.0255;0.0255
;US-SC;1963;p95p100;111884.8;;0.2053;0.2053
;US-SC;1963;p0p90;20733.301;;0.685;0.685
;US-SC;1963;p0p99;25205.4;;0.91600001;0.91600001
;US-SC;1963;p99.5p100;318759.31;;0.058499999;0.058499999
;US-SC;1962;p0p100;1366338.5;21469941225.0;1.0;1.0
;US-SC;1962;p99p100;220675.7;;0.083700001;0.083700001
;US-SC;1962;p99.9p100;635678.31;;0.0241;0.0241
;US-SC;1962;p99.99p100;1877518.8;;0.0071;0.0071
;US-SC;1962;p90p100;84871.297;;0.32179999;0.32179999
;US-SC;1962;p90p95;59629.102;;0.1131;0.1131
;US-SC;1962;p95p99;82473.602;;0.1251;0.1251
;US-SC;1962;p99.5p99.9;225294.41;;0.034200002;0.034200002
;US-SC;1962;p99.9p99.99;498796.0;;0.017000001;0.017000001
;US-SC;1962;p99p99.5;133696.0;;0.0253;0.0253
;US-SC;1962;p95p100;110114.2;;0.2088;0.2088
;US-SC;1962;p0p90;19870.9;;0.67820001;0.67820001
;US-SC;1962;p0p99;24407.9;;0.9163;0.9163
;US-SC;1962;p99.5p100;307653.0;;0.0583;0.0583
;US-SC;1961;p0p100;1361928.3;20568769999.0;1.0;1.0
;US-SC;1961;p99p100;211648.5;;0.082099997;0.082099997
;US-SC;1961;p99.9p100;610311.81;;0.023700001;0.023700001
;US-SC;1961;p99.99p100;1934839.4;;0.0074999998;0.0074999998
;US-SC;1961;p90p100;81206.203;;0.3152;0.3152
;US-SC;1961;p90p95;56323.398;;0.1093;0.1093
;US-SC;1961;p95p99;79705.297;;0.1237;0.1237
;US-SC;1961;p99.5p99.9;210909.41;;0.032699998;0.032699998
;US-SC;1961;p99.9p99.99;463413.5;;0.0162;0.0162
;US-SC;1961;p99p99.5;132431.5;;0.025699999;0.025699999
;US-SC;1961;p95p100;106090.9;;0.2059;0.2059
;US-SC;1961;p0p90;19605.6;;0.68480003;0.68480003
;US-SC;1961;p0p99;23888.199;;0.91790003;0.91790003
;US-SC;1961;p99.5p100;290869.41;;0.056400001;0.056400001
;US-SC;1960;p0p100;1353633.4;19620514575.0;1.0;1.0
;US-SC;1960;p99p100;204464.0;;0.081500001;0.081500001
;US-SC;1960;p99.9p100;565385.13;;0.022500001;0.022500001
;US-SC;1960;p99.99p100;1640340.8;;0.0065000001;0.0065000001
;US-SC;1960;p90p100;77922.0;;0.3105;0.3105
;US-SC;1960;p90p95;54172.199;;0.1079;0.1079
;US-SC;1960;p95p99;75975.102;;0.1211;0.1211
;US-SC;1960;p99.5p99.9;211307.3;;0.0337;0.0337
;US-SC;1960;p99.9p99.99;446969.09;;0.016000001;0.016000001
;US-SC;1960;p99p99.5;126443.4;;0.0252;0.0252
;US-SC;1960;p95p100;101671.5;;0.2026;0.2026
;US-SC;1960;p0p90;19229.1;;0.68959999;0.68959999
;US-SC;1960;p0p99;23285.801;;0.91850001;0.91850001
;US-SC;1960;p99.5p100;282481.31;;0.056299999;0.056299999
;US-SC;1959;p0p100;1374376.6;19212215695.0;1.0;1.0
;US-SC;1959;p99p100;209362.2;;0.085000001;0.085000001
;US-SC;1959;p99.9p100;542386.19;;0.022;0.022
;US-SC;1959;p99.99p100;1367970.8;;0.0055999998;0.0055999998
;US-SC;1959;p90p100;78437.203;;0.31850001;0.31850001
;US-SC;1959;p90p95;53697.301;;0.109;0.109
;US-SC;1959;p95p99;76636.0;;0.1245;0.1245
;US-SC;1959;p99.5p99.9;221579.2;;0.035999998;0.035999998
;US-SC;1959;p99.9p99.99;451236.19;;0.0165;0.0165
;US-SC;1959;p99p99.5;132797.2;;0.027000001;0.027000001
;US-SC;1959;p95p100;103178.5;;0.2095;0.2095
;US-SC;1959;p0p90;18650.0;;0.68150002;0.68150002
;US-SC;1959;p0p99;22762.5;;0.91500002;0.91500002
;US-SC;1959;p99.5p100;285934.59;;0.057999998;0.057999998
;US-SC;1958;p0p100;1284273.1;17649042871.0;1.0;1.0
;US-SC;1958;p99p100;181872.91;;0.0801;0.0801
;US-SC;1958;p99.9p100;538689.63;;0.023700001;0.023700001
;US-SC;1958;p99.99p100;1415664.1;;0.0062000002;0.0062000002
;US-SC;1958;p90p100;70143.0;;0.30899999;0.30899999
;US-SC;1958;p90p95;48436.398;;0.1067;0.1067
;US-SC;1958;p95p99;69346.203;;0.1222;0.1222
;US-SC;1958;p99.5p99.9;176634.7;;0.031099999;0.031099999
;US-SC;1958;p99.9p99.99;441995.69;;0.0175;0.0175
;US-SC;1958;p99p99.5;114651.8;;0.0253;0.0253
;US-SC;1958;p95p100;91850.898;;0.2023;0.2023
;US-SC;1958;p0p90;17426.5;;0.69099998;0.69099998
;US-SC;1958;p0p99;21090.801;;0.9199;0.9199
;US-SC;1958;p99.5p100;249092.8;;0.054900002;0.054900002
;US-SC;1957;p0p100;1361407.3;17666699157.0;1.0;1.0
;US-SC;1957;p99p100;189830.5;;0.083300002;0.083300002
;US-SC;1957;p99.9p100;530537.69;;0.0233;0.0233
;US-SC;1957;p99.99p100;1486786.0;;0.0065000001;0.0065000001
;US-SC;1957;p90p100;71143.0;;0.31200001;0.31200001
;US-SC;1957;p90p95;49652.102;;0.1089;0.1089
;US-SC;1957;p95p99;68337.297;;0.1199;0.1199
;US-SC;1957;p99.5p99.9;191892.59;;0.0337;0.0337
;US-SC;1957;p99.9p99.99;424659.91;;0.016799999;0.016799999
;US-SC;1957;p99p99.5;119929.8;;0.0263;0.0263
;US-SC;1957;p95p100;92635.0;;0.2031;0.2031
;US-SC;1957;p0p90;17429.6;;0.68800002;0.68800002
;US-SC;1957;p0p99;21113.6;;0.91670001;0.91670001
;US-SC;1957;p99.5p100;259729.41;;0.057;0.057
;US-SC;1956;p0p100;1473487.0;17737735065.0;1.0;1.0
;US-SC;1956;p99p100;200450.09;;0.087099999;0.087099999
;US-SC;1956;p99.9p100;567703.38;;0.024700001;0.024700001
;US-SC;1956;p99.99p100;1482475.9;;0.0063999998;0.0063999998
;US-SC;1956;p90p100;73829.797;;0.32089999;0.32089999
;US-SC;1956;p90p95;54117.602;;0.1176;0.1176
;US-SC;1956;p95p99;67379.797;;0.1171;0.1171
;US-SC;1956;p99.5p99.9;205038.91;;0.035599999;0.035599999
;US-SC;1956;p99.9p99.99;467144.31;;0.018300001;0.018300001
;US-SC;1956;p99p99.5;123051.6;;0.026699999;0.026699999
;US-SC;1956;p95p100;93994.203;;0.2043;0.2043
;US-SC;1956;p0p90;17337.801;;0.67820001;0.67820001
;US-SC;1956;p0p99;21216.9;;0.91289997;0.91289997
;US-SC;1956;p99.5p100;277846.19;;0.060400002;0.060400002
;US-SC;1955;p0p100;1514987.3;17615545400.0;1.0;1.0
;US-SC;1955;p99p100;198339.3;;0.086400002;0.086400002
;US-SC;1955;p99.9p100;608516.88;;0.0265;0.0265
;US-SC;1955;p99.99p100;1671592.8;;0.0073000002;0.0073000002
;US-SC;1955;p90p100;72684.5;;0.31650001;0.31650001
;US-SC;1955;p90p95;55416.602;;0.1207;0.1207
;US-SC;1955;p95p99;63996.301;;0.1115;0.1115
;US-SC;1955;p99.5p99.9;196321.7;;0.034200002;0.034200002
;US-SC;1955;p99.9p99.99;490464.41;;0.019200001;0.019200001
;US-SC;1955;p99p99.5;117919.4;;0.025699999;0.025699999
;US-SC;1955;p95p100;90854.797;;0.1978;0.1978
;US-SC;1955;p0p90;17389.699;;0.68150002;0.68150002
;US-SC;1955;p0p99;21193.4;;0.91360003;0.91360003
;US-SC;1955;p99.5p100;278759.31;;0.060699999;0.060699999
;US-SC;1954;p0p100;1425673.3;16616060089.0;1.0;1.0
;US-SC;1954;p99p100;182745.2;;0.083899997;0.083899997
;US-SC;1954;p99.9p100;513911.09;;0.023600001;0.023600001
;US-SC;1954;p99.99p100;1418686.6;;0.0065000001;0.0065000001
;US-SC;1954;p90p100;69930.898;;0.32120001;0.32120001
;US-SC;1954;p90p95;54226.898;;0.1245;0.1245
;US-SC;1954;p95p99;62915.398;;0.1156;0.1156
;US-SC;1954;p99.5p99.9;185671.91;;0.0341;0.0341
;US-SC;1954;p99.9p99.99;413394.31;;0.017100001;0.017100001
;US-SC;1954;p99p99.5;114172.0;;0.0262;0.0262
;US-SC;1954;p95p100;86848.102;;0.19939999;0.19939999
;US-SC;1954;p0p90;16352.9;;0.676;0.676
;US-SC;1954;p0p99;20147.0;;0.91610003;0.91610003
;US-SC;1954;p99.5p100;251318.91;;0.057700001;0.057700001
;US-SC;1953;p0p100;1541216.5;17691480191.0;1.0;1.0
;US-SC;1953;p99p100;178730.59;;0.076700002;0.076700002
;US-SC;1953;p99.9p100;476245.0;;0.020400001;0.020400001
;US-SC;1953;p99.99p100;1339309.5;;0.0057000001;0.0057000001
;US-SC;1953;p90p100;71395.0;;0.3064;0.3064
;US-SC;1953;p90p95;58979.102;;0.1265;0.1265
;US-SC;1953;p95p99;62055.199;;0.1065;0.1065
;US-SC;1953;p99.5p99.9;180215.2;;0.0309;0.0309
;US-SC;1953;p99.9p99.99;380790.5;;0.0147;0.0147
;US-SC;1953;p99p99.5;118154.4;;0.0254;0.0254
;US-SC;1953;p95p100;85353.703;;0.1831;0.1831
;US-SC;1953;p0p90;17872.0;;0.69019997;0.69019997
;US-SC;1953;p0p99;21734.301;;0.92330003;0.92330003
;US-SC;1953;p99.5p100;239355.59;;0.051399998;0.051399998
;US-SC;1952;p0p100;1547202.4;17417568495.0;1.0;1.0
;US-SC;1952;p99p100;235147.0;;0.102;0.102
;US-SC;1952;p99.9p100;828888.31;;0.035999998;0.035999998
;US-SC;1952;p99.99p100;3217660.0;;0.014;0.014
;US-SC;1952;p90p100;75613.703;;0.3281;0.3281
;US-SC;1952;p90p95;60418.5;;0.1311;0.1311
;US-SC;1952;p95p99;56822.801;;0.0986;0.0986
;US-SC;1952;p99.5p99.9;233679.59;;0.040600002;0.040600002
;US-SC;1952;p99.9p99.99;561757.31;;0.0219;0.0219
;US-SC;1952;p99p99.5;117435.3;;0.0255;0.0255
;US-SC;1952;p95p100;92557.0;;0.2008;0.2008
;US-SC;1952;p0p90;17113.9;;0.66829997;0.66829997
;US-SC;1952;p0p99;20903.199;;0.898;0.898
;US-SC;1952;p99.5p100;352799.5;;0.076499999;0.076499999
;US-SC;1951;p0p100;1525177.1;16357745094.0;1.0;1.0
;US-SC;1951;p99p100;221345.59;;0.1017;0.1017
;US-SC;1951;p99.9p100;713425.38;;0.0328;0.0328
;US-SC;1951;p99.99p100;2000341.8;;0.0092000002;0.0092000002
;US-SC;1951;p90p100;69238.898;;0.31819999;0.31819999
;US-SC;1951;p90p95;42851.898;;0.098499998;0.098499998
;US-SC;1951;p95p99;63196.5;;0.1162;0.1162
;US-SC;1951;p99.5p99.9;217937.2;;0.040100001;0.040100001
;US-SC;1951;p99.9p99.99;570219.63;;0.023600001;0.023600001
;US-SC;1951;p99p99.5;124373.7;;0.0286;0.0286
;US-SC;1951;p95p100;95161.5;;0.21870001;0.21870001
;US-SC;1951;p0p99;15029.3;;0.6839;0.6839
;US-SC;1951;p99.5p100;317805.81;;0.072999999;0.072999999
;US-SC;1950;p0p100;1524436.3;13968145359.0;1.0;1.0
;US-SC;1950;p99p100;204682.41;;0.1096;0.1096
;US-SC;1950;p99.9p100;618298.38;;0.033100002;0.033100002
;US-SC;1950;p99.99p100;1650598.5;;0.0088;0.0088
;US-SC;1950;p90p100;66146.398;;0.35420001;0.35420001
;US-SC;1950;p90p95;41593.199;;0.1114;0.1114
;US-SC;1950;p95p99;62172.0;;0.1332;0.1332
;US-SC;1950;p99.5p99.9;213661.41;;0.0458;0.0458
;US-SC;1950;p99.9p99.99;506383.5;;0.0244;0.0244
;US-SC;1950;p99p99.5;114945.0;;0.0308;0.0308
;US-SC;1950;p95p100;90575.602;;0.24250001;0.24250001
;US-SC;1950;p0p90;13399.3;;0.64569998;0.64569998
;US-SC;1950;p0p99;16797.301;;0.89039999;0.89039999
;US-SC;1950;p99.5p100;294442.91;;0.0788;0.0788
;US-SC;1949;p0p100;1416021.8;12591841881.0;1.0;1.0
;US-SC;1949;p99p100;172001.5;;0.1011;0.1011
;US-SC;1949;p99.9p100;552772.38;;0.032499999;0.032499999
;US-SC;1949;p99.99p100;1791861.3;;0.0105;0.0105
;US-SC;1949;p90p100;55969.801;;0.329;0.329
;US-SC;1949;p90p95;36159.5;;0.1063;0.1063
;US-SC;1949;p95p99;51650.102;;0.1214;0.1214
;US-SC;1949;p99.5p99.9;173601.41;;0.040800001;0.040800001
;US-SC;1949;p99.9p99.99;415095.91;;0.022;0.022
;US-SC;1949;p99p99.5;94567.703;;0.027799999;0.027799999
;US-SC;1949;p95p100;75688.602;;0.22239999;0.22239999
;US-SC;1949;p0p90;12687.4;;0.67119998;0.67119998
;US-SC;1949;p0p99;15447.1;;0.89889997;0.89889997
;US-SC;1949;p99.5p100;249435.59;;0.073299997;0.073299997
;US-SC;1948;p0p100;1453172.5;13078390724.0;1.0;1.0
;US-SC;1948;p99p100;184179.41;;0.1035;0.1035
;US-SC;1948;p99.9p100;580675.63;;0.032600001;0.032600001
;US-SC;1948;p99.99p100;1684173.1;;0.0094999997;0.0094999997
;US-SC;1948;p90p100;56457.801;;0.31709999;0.31709999
;US-SC;1948;p90p95;35184.102;;0.098800004;0.098800004
;US-SC;1948;p95p99;51090.398;;0.1148;0.1148
;US-SC;1948;p99.5p99.9;187754.41;;0.042199999;0.042199999
;US-SC;1948;p99.9p99.99;458076.0;;0.0232;0.0232
;US-SC;1948;p99p99.5;102021.5;;0.0287;0.0287
;US-SC;1948;p95p100;77701.102;;0.2182;0.2182
;US-SC;1948;p0p90;13509.4;;0.68290001;0.68290001
;US-SC;1948;p0p99;16122.5;;0.89649999;0.89649999
;US-SC;1948;p99.5p100;266337.69;;0.0748;0.0748
;US-SC;1947;p0p100;1534885.1;11802315133.0;1.0;1.0
;US-SC;1947;p99p100;183116.59;;0.1131;0.1131
;US-SC;1947;p99.9p100;611185.19;;0.037799999;0.037799999
;US-SC;1947;p99.99p100;1970912.3;;0.0122;0.0122
;US-SC;1947;p90p100;56301.102;;0.34779999;0.34779999
;US-SC;1947;p90p95;35112.801;;0.1084;0.1084
;US-SC;1947;p95p99;51090.102;;0.12620001;0.12620001
;US-SC;1947;p99.5p99.9;181463.2;;0.044799998;0.044799998
;US-SC;1947;p99.9p99.99;460115.09;;0.025599999;0.025599999
;US-SC;1947;p99p99.5;98831.898;;0.0305;0.0305
;US-SC;1947;p95p100;77492.203;;0.2393;0.2393
;US-SC;1947;p0p90;11732.3;;0.65219998;0.65219998
;US-SC;1947;p0p99;14503.4;;0.88690001;0.88690001
;US-SC;1947;p99.5p100;267407.69;;0.082599998;0.082599998
;US-SC;1946;p0p100;2115125.3;12314673580.0;1.0;1.0
;US-SC;1946;p99p100;206105.7;;0.1208;0.1208
;US-SC;1946;p99.9p100;656664.69;;0.0385;0.0385
;US-SC;1946;p99.99p100;2036144.8;;0.0119;0.0119
;US-SC;1946;p90p100;61121.199;;0.3583;0.3583
;US-SC;1946;p90p95;35885.602;;0.1052;0.1052
;US-SC;1946;p95p99;56424.898;;0.1323;0.1323
;US-SC;1946;p99.5p99.9;210582.5;;0.049400002;0.049400002
;US-SC;1946;p99.9p99.99;503400.69;;0.0266;0.0266
;US-SC;1946;p99p99.5;112416.3;;0.032900002;0.032900002
;US-SC;1946;p95p100;86357.898;;0.25310001;0.25310001
;US-SC;1946;p0p90;12163.0;;0.64170003;0.64170003
;US-SC;1946;p0p99;15149.5;;0.87919998;0.87919998
;US-SC;1946;p99.5p100;299798.59;;0.087899998;0.087899998
;US-SC;1945;p0p100;2626922.3;12967748692.0;1.0;1.0
;US-SC;1945;p99p100;179917.7;;0.1;0.1
;US-SC;1945;p99.9p100;595256.5;;0.033100002;0.033100002
;US-SC;1945;p99.99p100;1763533.3;;0.0098000001;0.0098000001
;US-SC;1945;p90p100;56441.0;;0.31380001;0.31380001
;US-SC;1945;p90p95;36423.398;;0.1013;0.1013
;US-SC;1945;p95p99;50610.199;;0.1126;0.1126
;US-SC;1945;p99.5p99.9;179237.0;;0.039900001;0.039900001
;US-SC;1945;p99.9p99.99;465789.69;;0.0233;0.0233
;US-SC;1945;p99p99.5;97394.398;;0.027100001;0.027100001
;US-SC;1945;p95p100;76462.203;;0.21259999;0.21259999
;US-SC;1945;p0p90;13712.0;;0.68610001;0.68610001
;US-SC;1945;p0p99;16350.2;;0.89999998;0.89999998
;US-SC;1945;p99.5p100;262440.09;;0.072999999;0.072999999
;US-SC;1944;p0p100;2818854.0;13275226469.0;1.0;1.0
;US-SC;1944;p99p100;151225.41;;0.082000002;0.082000002
;US-SC;1944;p99.9p100;501322.0;;0.0272;0.0272
;US-SC;1944;p99.99p100;1443711.3;;0.0077999998;0.0077999998
;US-SC;1944;p90p100;46447.699;;0.25170001;0.25170001
;US-SC;1944;p90p95;29817.5;;0.080799997;0.080799997
;US-SC;1944;p95p99;41737.898;;0.090499997;0.090499997
;US-SC;1944;p99.5p99.9;151714.2;;0.032900002;0.032900002
;US-SC;1944;p99.9p99.99;396784.31;;0.019400001;0.019400001
;US-SC;1944;p99p99.5;80808.398;;0.0219;0.0219
;US-SC;1944;p95p100;63553.5;;0.17219999;0.17219999
;US-SC;1944;p0p90;15308.2;;0.74669999;0.74669999
;US-SC;1944;p0p99;17109.0;;0.91799998;0.91799998
;US-SC;1944;p99.5p100;221638.41;;0.0601;0.0601
;US-SC;1943;p0p100;2876055.5;13042777913.0;1.0;1.0
;US-SC;1943;p99p100;170873.2;;0.093999997;0.093999997
;US-SC;1943;p99.9p100;583629.63;;0.032099999;0.032099999
;US-SC;1943;p99.99p100;1535235.8;;0.0083999997;0.0083999997
;US-SC;1943;p90p100;55978.199;;0.30779999;0.30779999
;US-SC;1943;p90p95;36481.5;;0.1003;0.1003
;US-SC;1943;p95p99;51564.102;;0.1134;0.1134
;US-SC;1943;p99.5p99.9;170792.0;;0.037599999;0.037599999
;US-SC;1943;p99.9p99.99;479934.81;;0.023700001;0.023700001
;US-SC;1943;p99p99.5;88381.797;;0.0243;0.0243
;US-SC;1943;p95p100;75452.602;;0.20739999;0.20739999
;US-SC;1943;p0p90;13988.8;;0.69220001;0.69220001
;US-SC;1943;p0p99;16644.801;;0.90600002;0.90600002
;US-SC;1943;p99.5p100;253363.41;;0.069700003;0.069700003
;US-SC;1942;p0p100;2943700.3;11785546229.0;1.0;1.0
;US-SC;1942;p99p100;158018.8;;0.095600002;0.095600002
;US-SC;1942;p99.9p100;560948.81;;0.034000002;0.034000002
;US-SC;1942;p99.99p100;1699313.5;;0.0103;0.0103
;US-SC;1942;p90p100;48593.602;;0.29409999;0.29409999
;US-SC;1942;p90p95;27763.801;;0.083999999;0.083999999
;US-SC;1942;p95p99;47234.102;;0.1144;0.1144
;US-SC;1942;p99.5p99.9;154007.3;;0.037300002;0.037300002
;US-SC;1942;p99.9p99.99;434337.0;;0.023700001;0.023700001
;US-SC;1942;p99p99.5;80635.5;;0.0244;0.0244
;US-SC;1942;p95p100;69423.5;;0.2101;0.2101
;US-SC;1942;p0p90;12959.5;;0.70599997;0.70599997
;US-SC;1942;p0p99;15091.9;;0.90439999;0.90439999
;US-SC;1942;p99.5p100;235397.0;;0.071199998;0.071199998
;US-SC;1941;p0p100;2717846.5;8864070626.0;1.0;1.0
;US-SC;1941;p99p100;152631.91;;0.1225;0.1225
;US-SC;1941;p99.9p100;533448.0;;0.042800002;0.042800002
;US-SC;1941;p99.99p100;1696254.8;;0.0136;0.0136
;US-SC;1941;p90p100;42946.398;;0.3448;0.3448
;US-SC;1941;p90p95;21769.4;;0.087399997;0.087399997
;US-SC;1941;p95p99;41846.398;;0.1344;0.1344
;US-SC;1941;p99.5p99.9;147646.5;;0.047400001;0.047400001
;US-SC;1941;p99.9p99.99;404029.0;;0.029200001;0.029200001
;US-SC;1941;p99p99.5;80386.0;;0.032299999;0.032299999
;US-SC;1941;p95p100;64042.699;;0.25709999;0.25709999
;US-SC;1941;p0p90;9076.4004;;0.65579998;0.65579998
;US-SC;1941;p0p99;11041.0;;0.8775;0.8775
;US-SC;1941;p99.5p100;224839.8;;0.0902;0.0902
;US-SC;1940;p0p100;2335140.5;6897744642.0;1.0;1.0
;US-SC;1940;p99p100;125485.4;;0.1293;0.1293
;US-SC;1940;p99.9p100;409362.5;;0.042199999;0.042199999
;US-SC;1940;p99.99p100;1235241.3;;0.0127;0.0127
;US-SC;1940;p90p100;37163.898;;0.38280001;0.38280001
;US-SC;1940;p90p95;17035.301;;0.087700002;0.087700002
;US-SC;1940;p95p99;40226.0;;0.1657;0.1657
;US-SC;1940;p99.5p99.9;123918.4;;0.051100001;0.051100001
;US-SC;1940;p99.9p99.99;317318.5;;0.0294;0.0294
;US-SC;1940;p99p99.5;69827.5;;0.035999998;0.035999998
;US-SC;1940;p95p100;57332.0;;0.29530001;0.29530001
;US-SC;1940;p0p90;6658.8999;;0.61729997;0.61729997
;US-SC;1940;p0p99;8538.2998;;0.8707;0.8707
;US-SC;1940;p99.5p100;181071.7;;0.0933;0.0933
;US-SC;1939;p0p100;2107618.8;5996417874.0;1.0;1.0
;US-SC;1939;p99p100;114954.0;;0.1337;0.1337
;US-SC;1939;p99.9p100;355330.41;;0.041299999;0.041299999
;US-SC;1939;p99.99p100;1009138.9;;0.0117;0.0117
;US-SC;1939;p90p100;29724.1;;0.34580001;0.34580001
;US-SC;1939;p90p95;12718.6;;0.074000001;0.074000001
;US-SC;1939;p95p99;29073.5;;0.1353;0.1353
;US-SC;1939;p99.5p99.9;113188.0;;0.052700002;0.052700002
;US-SC;1939;p99.9p99.99;282532.59;;0.0296;0.0296
;US-SC;1939;p99p99.5;68139.297;;0.0396;0.0396
;US-SC;1939;p95p100;46252.102;;0.26899999;0.26899999
;US-SC;1939;p0p90;6275.8999;;0.65710002;0.65710002
;US-SC;1939;p0p99;7521.5;;0.86629999;0.86629999
;US-SC;1939;p99.5p100;161679.59;;0.093999997;0.093999997
;US-SC;1938;p0p100;1825106.4;5253538073.0;1.0;1.0
;US-SC;1938;p99p100;101917.3;;0.1331;0.1331
;US-SC;1938;p99.9p100;309125.69;;0.040399998;0.040399998
;US-SC;1938;p99.99p100;924020.31;;0.0121;0.0121
;US-SC;1938;p90p100;26837.0;;0.3504;0.3504
;US-SC;1938;p90p95;13154.7;;0.085900001;0.085900001
;US-SC;1938;p95p99;24441.9;;0.1276;0.1276
;US-SC;1938;p99.5p99.9;99925.203;;0.052200001;0.052200001
;US-SC;1938;p99.9p99.99;240013.5;;0.028200001;0.028200001
;US-SC;1938;p99p99.5;61738.898;;0.0403;0.0403
;US-SC;1938;p95p100;39932.301;;0.26069999;0.26069999
;US-SC;1938;p0p90;5564.0;;0.65369999;0.65369999
;US-SC;1938;p0p99;6707.7002;;0.86690003;0.86690003
;US-SC;1938;p99.5p100;141941.3;;0.092699997;0.092699997
;US-SC;1937;p0p100;1878891.8;5523015511.0;1.0;1.0
;US-SC;1937;p99p100;111382.6;;0.13600001;0.13600001
;US-SC;1937;p99.9p100;357535.5;;0.043699998;0.043699998
;US-SC;1937;p99.99p100;999130.63;;0.0122;0.0122
;US-SC;1937;p90p100;26785.4;;0.3272;0.3272
;US-SC;1937;p90p95;11776.6;;0.071900003;0.071900003
;US-SC;1937;p95p99;23645.5;;0.1155;0.1155
;US-SC;1937;p99.5p99.9;110321.3;;0.0539;0.0539
;US-SC;1937;p99.9p99.99;286269.19;;0.031500001;0.031500001
;US-SC;1937;p99p99.5;63004.398;;0.0385;0.0385
;US-SC;1937;p95p100;41193.801;;0.2516;0.2516
;US-SC;1937;p0p90;6154.2998;;0.67650002;0.67650002
;US-SC;1937;p0p99;7145.0;;0.86400002;0.86400002
;US-SC;1937;p99.5p100;159763.59;;0.097599998;0.097599998
;US-SC;1936;p0p100;1961244.5;5290913282.0;1.0;1.0
;US-SC;1936;p99p100;111511.1;;0.1401;0.1401
;US-SC;1936;p99.9p100;355840.19;;0.0447;0.0447
;US-SC;1936;p99.99p100;931478.31;;0.0117;0.0117
;US-SC;1936;p90p100;26258.301;;0.3299;0.3299
;US-SC;1936;p90p95;12462.6;;0.078299999;0.078299999
;US-SC;1936;p95p99;21795.699;;0.1095;0.1095
;US-SC;1936;p99.5p99.9;111612.8;;0.0561;0.0561
;US-SC;1936;p99.9p99.99;291901.91;;0.033;0.033
;US-SC;1936;p99p99.5;62571.199;;0.039299998;0.039299998
;US-SC;1936;p95p100;39738.301;;0.24959999;0.24959999
;US-SC;1936;p0p90;5944.7002;;0.67210001;0.67210001
;US-SC;1936;p0p99;6914.3999;;0.8599;0.8599
;US-SC;1936;p99.5p100;160456.59;;0.1008;0.1008
;US-SC;1935;p0p100;1832386.8;4775981083.0;1.0;1.0
;US-SC;1935;p99p100;90258.602;;0.1237;0.1237
;US-SC;1935;p99.9p100;266168.41;;0.036499999;0.036499999
;US-SC;1935;p99.99p100;705944.5;;0.0097000003;0.0097000003
;US-SC;1935;p90p100;23097.9;;0.31659999;0.31659999
;US-SC;1935;p90p95;12853.5;;0.088100001;0.088100001
;US-SC;1935;p95p99;19166.301;;0.1051;0.1051
;US-SC;1935;p99.5p99.9;90563.297;;0.049699999;0.049699999
;US-SC;1935;p99.9p99.99;217320.59;;0.026799999;0.026799999
;US-SC;1935;p99p99.5;54847.0;;0.037599999;0.037599999
;US-SC;1935;p95p100;33409.0;;0.229;0.229
;US-SC;1935;p0p90;5536.2998;;0.68309999;0.68309999
;US-SC;1935;p0p99;6456.7002;;0.87629998;0.87629998
;US-SC;1935;p99.5p100;125679.0;;0.086099997;0.086099997
;US-SC;1934;p0p100;1780575.1;4349267538.0;1.0;1.0
;US-SC;1934;p99p100;86667.602;;0.1284;0.1284
;US-SC;1934;p99.9p100;262532.69;;0.038899999;0.038899999
;US-SC;1934;p99.99p100;702014.5;;0.0104;0.0104
;US-SC;1934;p90p100;22350.199;;0.3312;0.3312
;US-SC;1934;p90p95;12297.4;;0.0911;0.0911
;US-SC;1934;p95p99;18843.0;;0.1117;0.1117
;US-SC;1934;p99.5p99.9;86677.602;;0.051399998;0.051399998
;US-SC;1934;p99.9p99.99;213718.8;;0.0285;0.0285
;US-SC;1934;p99p99.5;51481.398;;0.0381;0.0381
;US-SC;1934;p95p100;32583.199;;0.2414;0.2414
;US-SC;1934;p0p90;5013.7998;;0.66869998;0.66869998
;US-SC;1934;p0p99;5940.3999;;0.87159997;0.87159997
;US-SC;1934;p99.5p100;121843.1;;0.090300001;0.090300001
;US-SC;1933;p0p100;1670980.3;3764294793.0;1.0;1.0
;US-SC;1933;p99p100;74834.898;;0.12620001;0.12620001
;US-SC;1933;p99.9p100;212383.41;;0.035799999;0.035799999
;US-SC;1933;p99.99p100;569439.31;;0.0096000005;0.0096000005
;US-SC;1933;p90p100;20042.1;;0.33809999;0.33809999
;US-SC;1933;p90p95;12393.4;;0.1045;0.1045
;US-SC;1933;p95p99;16525.0;;0.1115;0.1115
;US-SC;1933;p99.5p99.9;74172.398;;0.050000001;0.050000001
;US-SC;1933;p99.9p99.99;172710.5;;0.0262;0.0262
;US-SC;1933;p99p99.5;47855.102;;0.040399998;0.040399998
;US-SC;1933;p95p100;28266.699;;0.2384;0.2384
;US-SC;1933;p0p90;4332.7002;;0.6577;0.6577
;US-SC;1933;p0p99;5232.3999;;0.87379998;0.87379998
;US-SC;1933;p99.5p100;101814.6;;0.085900001;0.085900001
;US-SC;1932;p0p100;1315468.1;3245284241.0;1.0;1.0
;US-SC;1932;p99p100;68275.5;;0.13169999;0.13169999
;US-SC;1932;p99.9p100;182696.0;;0.0352;0.0352
;US-SC;1932;p99.99p100;498326.41;;0.0096000005;0.0096000005
;US-SC;1932;p90p100;19194.199;;0.37009999;0.37009999
;US-SC;1932;p90p95;12838.6;;0.1238;0.1238
;US-SC;1932;p95p99;15538.6;;0.1199;0.1199
;US-SC;1932;p99.5p99.9;67905.297;;0.0524;0.0524
;US-SC;1932;p99.9p99.99;147625.91;;0.025599999;0.025599999
;US-SC;1932;p99p99.5;45687.602;;0.044;0.044
;US-SC;1932;p95p100;26197.801;;0.25260001;0.25260001
;US-SC;1932;p0p90;3599.8;;0.62470001;0.62470001
;US-SC;1932;p0p99;4548.7002;;0.86830002;0.86830002
;US-SC;1932;p99.5p100;90863.5;;0.0876;0.0876
;US-SC;1931;p0p100;1240393.0;3746902974.0;1.0;1.0
;US-SC;1931;p99p100;75818.703;;0.1247;0.1247
;US-SC;1931;p99.9p100;220493.59;;0.0363;0.0363
;US-SC;1931;p99.99p100;580917.19;;0.0096000005;0.0096000005
;US-SC;1931;p90p100;19379.0;;0.3188;0.3188
;US-SC;1931;p90p95;13439.9;;0.1106;0.1106
;US-SC;1931;p95p99;13719.0;;0.090300001;0.090300001
;US-SC;1931;p99.5p99.9;77732.398;;0.051199999;0.051199999
;US-SC;1931;p99.9p99.99;180446.5;;0.026699999;0.026699999
;US-SC;1931;p99p99.5;45352.801;;0.037300002;0.037300002
;US-SC;1931;p95p100;26401.1;;0.2172;0.2172
;US-SC;1931;p0p90;4555.0;;0.67439997;0.67439997
;US-SC;1931;p0p99;5374.0;;0.87529999;0.87529999
;US-SC;1931;p99.5p100;106284.6;;0.087399997;0.087399997
;US-SC;1930;p0p100;1162259.3;4152491598.0;1.0;1.0
;US-SC;1930;p99p100;81063.602;;0.1184;0.1184
;US-SC;1930;p99.9p100;235195.09;;0.034299999;0.034299999
;US-SC;1930;p99.99p100;590863.63;;0.0086000003;0.0086000003
;US-SC;1930;p90p100;19129.0;;0.2793;0.2793
;US-SC;1930;p90p95;10982.0;;0.080200002;0.080200002
;US-SC;1930;p95p99;14139.1;;0.082599998;0.082599998
;US-SC;1930;p99.5p99.9;81341.898;;0.047499999;0.047499999
;US-SC;1930;p99.9p99.99;195676.41;;0.025699999;0.025699999
;US-SC;1930;p99p99.5;50014.699;;0.036499999;0.036499999
;US-SC;1930;p95p100;27628.6;;0.2017;0.2017
;US-SC;1930;p0p90;5469.3999;;0.71880001;0.71880001
;US-SC;1930;p0p99;6098.1001;;0.88160002;0.88160002
;US-SC;1930;p99.5p100;112112.6;;0.081900001;0.081900001
;US-SC;1929;p0p100;1243193.8;4689770242.0;1.0;1.0
;US-SC;1929;p99p100;93244.297;;0.1209;0.1209
;US-SC;1929;p99.9p100;316684.41;;0.041099999;0.041099999
;US-SC;1929;p99.99p100;869516.13;;0.0113;0.0113
;US-SC;1929;p90p100;19301.5;;0.25029999;0.25029999
;US-SC;1929;p90p95;9578.5996;;0.062100001;0.062100001
;US-SC;1929;p95p99;13567.4;;0.0704;0.0704
;US-SC;1929;p99.5p99.9;92802.602;;0.048099998;0.048099998
;US-SC;1929;p99.9p99.99;255258.8;;0.0298;0.0298
;US-SC;1929;p99p99.5;48909.602;;0.0317;0.0317
;US-SC;1929;p95p100;29521.0;;0.19140001;0.19140001
;US-SC;1929;p0p90;6396.0;;0.74659997;0.74659997
;US-SC;1929;p0p99;6846.5;;0.87910002;0.87910002
;US-SC;1929;p99.5p100;137579.0;;0.089199997;0.089199997
;US-SC;1928;p0p100;1216722.8;4604740115.0;1.0;1.0
;US-SC;1928;p99p100;97701.5;;0.1295;0.1295
;US-SC;1928;p99.9p100;323022.91;;0.042800002;0.042800002
;US-SC;1928;p99.99p100;962102.38;;0.0127;0.0127
;US-SC;1928;p90p100;20524.6;;0.27200001;0.27200001
;US-SC;1928;p90p95;9443.0996;;0.062600002;0.062600002
;US-SC;1928;p95p99;15364.5;;0.0814;0.0814
;US-SC;1928;p99.5p99.9;95106.898;;0.0504;0.0504
;US-SC;1928;p99.9p99.99;252014.09;;0.030099999;0.030099999
;US-SC;1928;p99p99.5;54712.801;;0.0363;0.0363
;US-SC;1928;p95p100;31824.801;;0.21089999;0.21089999
;US-SC;1928;p0p90;6091.7002;;0.72649997;0.72649997
;US-SC;1928;p0p99;6635.6001;;0.87050003;0.87050003
;US-SC;1928;p99.5p100;140690.09;;0.093199998;0.093199998
;US-SC;1927;p0p100;1138120.1;4430907784.0;1.0;1.0
;US-SC;1927;p99p100;93104.0;;0.1284;0.1284
;US-SC;1927;p99.9p100;290807.0;;0.040100001;0.040100001
;US-SC;1927;p99.99p100;729206.19;;0.0101;0.0101
;US-SC;1927;p90p100;20481.1;;0.28240001;0.28240001
;US-SC;1927;p90p95;9577.2998;;0.066;0.066
;US-SC;1927;p95p99;15918.4;;0.087800004;0.087800004
;US-SC;1927;p99.5p99.9;92059.0;;0.050799999;0.050799999
;US-SC;1927;p99.9p99.99;242096.0;;0.029999999;0.029999999
;US-SC;1927;p99p99.5;54399.301;;0.037500001;0.037500001
;US-SC;1927;p95p100;31360.699;;0.21619999;0.21619999
;US-SC;1927;p0p90;5784.5;;0.71780002;0.71780002
;US-SC;1927;p0p99;6385.5;;0.87159997;0.87159997
;US-SC;1927;p99.5p100;131808.59;;0.090899996;0.090899996
;US-SC;1926;p0p100;1085964.0;4390008241.0;1.0;1.0
;US-SC;1926;p99p100;87245.703;;0.1214;0.1214
;US-SC;1926;p99.9p100;252615.41;;0.035100002;0.035100002
;US-SC;1926;p99.99p100;629346.63;;0.0088;0.0088
;US-SC;1926;p90p100;19544.699;;0.2719;0.2719
;US-SC;1926;p90p95;9013.5;;0.062700003;0.062700003
;US-SC;1926;p95p99;15537.6;;0.086499996;0.086499996
;US-SC;1926;p99.5p99.9;84656.602;;0.0471;0.0471
;US-SC;1926;p99.9p99.99;210756.3;;0.0264;0.0264
;US-SC;1926;p99p99.5;56243.0;;0.039099999;0.039099999
;US-SC;1926;p95p100;29887.199;;0.2079;0.2079
;US-SC;1926;p0p90;5827.2002;;0.7295;0.7295
;US-SC;1926;p0p99;6380.3999;;0.8786;0.8786
;US-SC;1926;p99.5p100;118248.3;;0.082199998;0.082199998
;US-SC;1925;p0p100;1109611.0;4400688297.0;1.0;1.0
;US-SC;1925;p99p100;88256.703;;0.1224;0.1224
;US-SC;1925;p99.9p100;260958.41;;0.036200002;0.036200002
;US-SC;1925;p99.99p100;621412.0;;0.0086000003;0.0086000003
;US-SC;1925;p90p100;20878.6;;0.2897;0.2897
;US-SC;1925;p90p95;9816.0;;0.068099998;0.068099998
;US-SC;1925;p95p99;17698.801;;0.098200001;0.098200001
;US-SC;1925;p99.5p99.9;83811.5;;0.046500001;0.046500001
;US-SC;1925;p99.9p99.99;220908.0;;0.0276;0.0276
;US-SC;1925;p99p99.5;57272.398;;0.039700001;0.039700001
;US-SC;1925;p95p100;31787.6;;0.22050001;0.22050001
;US-SC;1925;p0p90;5696.0;;0.7112;0.7112
;US-SC;1925;p0p99;6389.0;;0.87760001;0.87760001
;US-SC;1925;p99.5p100;119240.9;;0.082699999;0.082699999
;US-SC;1924;p0p100;1122074.8;4224974026.0;1.0;1.0
;US-SC;1924;p99p100;89521.898;;0.12909999;0.12909999
;US-SC;1924;p99.9p100;272268.59;;0.039299998;0.039299998
;US-SC;1924;p99.99p100;707293.31;;0.0102;0.0102
;US-SC;1924;p90p100;24295.5;;0.35049999;0.35049999
;US-SC;1924;p90p95;10307.0;;0.074299999;0.074299999
;US-SC;1924;p95p99;25141.301;;0.1451;0.1451
;US-SC;1924;p99.5p99.9;87267.703;;0.0504;0.0504
;US-SC;1924;p99.9p99.99;223932.59;;0.029100001;0.029100001
;US-SC;1924;p99p99.5;54775.898;;0.039500002;0.039500002
;US-SC;1924;p95p100;38017.398;;0.27419999;0.27419999
;US-SC;1924;p0p90;5017.7002;;0.65140003;0.65140003
;US-SC;1924;p0p99;6097.8999;;0.87089998;0.87089998
;US-SC;1924;p99.5p100;124267.9;;0.089599997;0.089599997
;US-SC;1923;p0p100;1137079.4;4239087537.0;1.0;1.0
;US-SC;1923;p99p100;104175.1;;0.1489;0.1489
;US-SC;1923;p99.9p100;387676.19;;0.055399999;0.055399999
;US-SC;1923;p99.99p100;1544843.4;;0.0221;0.0221
;US-SC;1923;p90p100;25869.5;;0.36970001;0.36970001
;US-SC;1923;p90p95;9918.0;;0.070900001;0.070900001
;US-SC;1923;p95p99;25972.301;;0.1485;0.1485
;US-SC;1923;p99.5p99.9;91133.898;;0.052099999;0.052099999
;US-SC;1923;p99.9p99.99;259100.8;;0.033300001;0.033300001
;US-SC;1923;p99p99.5;57907.801;;0.0414;0.0414
;US-SC;1923;p95p100;41612.801;;0.29730001;0.29730001
;US-SC;1923;p0p90;4912.1001;;0.6318;0.6318
;US-SC;1923;p0p99;6015.7998;;0.85110003;0.85110003
;US-SC;1923;p99.5p100;150442.41;;0.1075;0.1075
;US-SC;1922;p0p100;1076135.1;3855936300.0;1.0;1.0
;US-SC;1922;p99p100;85123.102;;0.1332;0.1332
;US-SC;1922;p99.9p100;263725.59;;0.041299999;0.041299999
;US-SC;1922;p99.99p100;681772.69;;0.0107;0.0107
;US-SC;1922;p90p100;23514.5;;0.36790001;0.36790001
;US-SC;1922;p90p95;10157.7;;0.079499997;0.079499997
;US-SC;1922;p95p99;24632.801;;0.1542;0.1542
;US-SC;1922;p99.5p99.9;81619.203;;0.051100001;0.051100001
;US-SC;1922;p99.9p99.99;217275.91;;0.0306;0.0306
;US-SC;1922;p99p99.5;52205.602;;0.040800001;0.040800001
;US-SC;1922;p95p100;36730.801;;0.28740001;0.28740001
;US-SC;1922;p0p90;4496.3999;;0.63319999;0.63319999
;US-SC;1922;p0p99;5595.8999;;0.86680001;0.86680001
;US-SC;1922;p99.5p100;118040.5;;0.092299998;0.092299998
;US-SC;1921;p0p100;824890.13;3366489205.0;1.0;1.0
;US-SC;1921;p99p100;74613.102;;0.1336;0.1336
;US-SC;1921;p99.9p100;224159.59;;0.040100001;0.040100001
;US-SC;1921;p99.99p100;625589.81;;0.0112;0.0112
;US-SC;1921;p90p100;21077.699;;0.37740001;0.37740001
;US-SC;1921;p90p95;9169.7002;;0.082099997;0.082099997
;US-SC;1921;p95p99;22368.199;;0.1602;0.1602
;US-SC;1921;p99.5p99.9;71984.102;;0.051600002;0.051600002
;US-SC;1921;p99.9p99.99;179556.2;;0.028899999;0.028899999
;US-SC;1921;p99p99.5;46807.0;;0.041900001;0.041900001
;US-SC;1921;p95p100;32817.199;;0.2938;0.2938
;US-SC;1921;p0p90;3873.1001;;0.62410003;0.62410003
;US-SC;1921;p0p99;4887.8999;;0.8664;0.8664
;US-SC;1921;p99.5p100;102419.2;;0.091700003;0.091700003
;US-SC;1920;p0p100;858525.13;4361890812.0;1.0;1.0
;US-SC;1920;p99p100;95180.5;;0.13070001;0.13070001
;US-SC;1920;p99.9p100;314782.19;;0.043200001;0.043200001
;US-SC;1920;p99.99p100;820270.19;;0.0113;0.0113
;US-SC;1920;p90p100;25696.1;;0.35280001;0.35280001
;US-SC;1920;p90p95;9770.0996;;0.067100003;0.067100003
;US-SC;1920;p95p99;27949.0;;0.15350001;0.15350001
;US-SC;1920;p99.5p99.9;91662.297;;0.050299998;0.050299998
;US-SC;1920;p99.9p99.99;258616.8;;0.032000002;0.032000002
;US-SC;1920;p99p99.5;54074.699;;0.037099998;0.037099998
;US-SC;1920;p95p100;41395.301;;0.28420001;0.28420001
;US-SC;1920;p0p90;5250.7002;;0.64880002;0.64880002
;US-SC;1920;p0p99;6396.0;;0.86930001;0.86930001
;US-SC;1920;p99.5p100;136286.3;;0.093599997;0.093599997
;US-SC;1919;p0p100;1676620.8;6272529487.0;1.0;1.0
;US-SC;1919;p99p100;136466.8;;0.1287;0.1287
;US-SC;1919;p99.9p100;428596.31;;0.040399998;0.040399998
;US-SC;1919;p99.99p100;1079560.8;;0.0102;0.0102
;US-SC;1919;p90p100;37159.699;;0.35049999;0.35049999
;US-SC;1919;p90p95;14056.1;;0.066299997;0.066299997
;US-SC;1919;p95p99;40754.898;;0.1538;0.1538
;US-SC;1919;p99.5p99.9;134114.5;;0.0506;0.0506
;US-SC;1919;p99.9p99.99;356856.69;;0.030300001;0.030300001
;US-SC;1919;p99p99.5;79641.703;;0.037599999;0.037599999
;US-SC;1919;p95p100;59897.301;;0.2825;0.2825
;US-SC;1919;p0p90;7672.7998;;0.65130001;0.65130001
;US-SC;1919;p0p99;9331.0;;0.87129998;0.87129998
;US-SC;1919;p99.5p100;193292.0;;0.091200002;0.091200002
;US-SC;1918;p0p100;2147382.8;6051585683.0;1.0;1.0
;US-SC;1918;p99p100;109924.0;;0.1068;0.1068
;US-SC;1918;p99.9p100;316478.5;;0.0307;0.0307
;US-SC;1918;p99.99p100;801460.88;;0.0077999998;0.0077999998
;US-SC;1918;p90p100;26748.5;;0.2599;0.2599
;US-SC;1918;p90p95;9936.2998;;0.048300002;0.048300002
;US-SC;1918;p95p99;26255.301;;0.102;0.102
;US-SC;1918;p99.5p99.9;110050.4;;0.042800002;0.042800002
;US-SC;1918;p99.9p99.99;262597.69;;0.023;0.023
;US-SC;1918;p99p99.5;68513.703;;0.033300001;0.033300001
;US-SC;1918;p95p100;42989.0;;0.2088;0.2088
;US-SC;1918;p0p90;8497.0996;;0.74290001;0.74290001
;US-SC;1918;p0p99;9287.2998;;0.89319998;0.89319998
;US-SC;1918;p99.5p100;151334.91;;0.0735;0.0735
;US-SC;1917;p0p100;3039914.3;6252832727.0;1.0;1.0
;US-SC;1917;p99p100;113891.2;;0.1078;0.1078
;US-SC;1917;p99.9p100;381908.69;;0.036200002;0.036200002
;US-SC;1917;p99.99p100;1212269.1;;0.0115;0.0115
;US-SC;1917;p90p100;30272.301;;0.28659999;0.28659999
;US-SC;1917;p90p95;15538.3;;0.0735;0.0735
