Variable Name;.;.;.;Fiscal income  | tax unit | Average | Adults | constant 2015 local currency;Fiscal income  | tax unit | Total | Adults | constant 2015 local currency;Fiscal income  | tax unit | Share | Adults | share of total (ratio);Pre-tax national income  | tax unit | Share | Adults | share of total (ratio)
Variable Category;.;.;.;Income inequality;Income inequality;Income inequality;Income inequality
Variable Description;.;.;.;Average Fiscal income within a given percentile group. Fiscal income is defined as the sum of all income items reported on income tax returns, before any deduction. It includes labour income, capital income and mixed income. The concept of fiscal income varies with national tax legislations, so in order to make international comparisons it is preferable to use the concept of national income. The population is comprised of individuals over age 20. The base unit is the tax unit defined by national fiscal administrations to measure personal income taxes.;Total Fiscal income  within a given percentile group. Fiscal income is defined as the sum of all income items reported on income tax returns, before any deduction. It includes labour income, capital income and mixed income. The concept of fiscal income varies with national tax legislations, so in order to make international comparisons it is preferable to use the concept of national income. The population is comprised of individuals over age 20.;Fiscal income share held by a given percentile group. Fiscal income is defined as the sum of all income items reported on income tax returns, before any deduction. It includes labour income, capital income and mixed income. The concept of fiscal income varies with national tax legislations, so in order to make international comparisons it is preferable to use the concept of national income. The population is comprised of individuals over age 20. The base unit is the tax unit defined by national fiscal administrations to measure personal income taxes.;Pre-tax national income share held by a given percentile group. Pre-tax national income  is the sum of all pre-tax personal income flows accruing to the owners of the production factors, labor and capital, before taking into account the operation of the tax/transfer system, but after taking into account the operation of pension system. The central difference between personal factor income and pre-tax income is the treatment of pensions, which are counted on a contribution basis by factor income and on a distribution basis by pre-tax income. The population is comprised of individuals over age 20. The base unit is the tax unit defined by national fiscal administrations to measure personal income taxes.
Variable Decomposition;.;.;.;[Fiscal income ]=[Fiscal labour income ]+[Fiscal capital income ];[Fiscal income ]=[Fiscal labour income ]+[Fiscal capital income ];[Fiscal income ]=[Fiscal labour income ]+[Fiscal capital income ];Pre-tax national income =Pre-tax labor income [total pre-tax income ranking]+Pre-tax capital income [total pre-tax income ranking]
Variable Unit;.;.;.;"USD; United States dollar | local currency | market";"USD; United States dollar | local currency | market";share;share
Methodological Notes;.;.;.;;;;Assuming the same distribution as fiscal income.
Sources;.;.;.;Frank, Sommeiller, Price & Saez (2015);Frank, Sommeiller, Price & Saez (2015);Frank, Sommeiller, Price & Saez (2015);WID.world computations using: Frank, Sommeiller, Price & Saez (2015)
Variable Code;country;year;perc;afiinc992t;mfiinc992t;sfiinc992t;sptinc992t
;US-AR;2015;p0p100;49230.199;73931219794.0;1.0;1.0
;US-AR;2015;p99p100;956480.69;;0.1943;0.1943
;US-AR;2015;p99.9p100;5070688.5;;0.103;0.103
;US-AR;2015;p99.99p100;27201716.0;;0.055300001;0.055300001
;US-AR;2015;p90p100;238267.2;;0.484;0.484
;US-AR;2015;p90p95;127964.1;;0.13;0.13
;US-AR;2015;p95p99;195814.91;;0.1591;0.1591
;US-AR;2015;p99.5p99.9;690634.81;;0.0561;0.0561
;US-AR;2015;p99.9p99.99;2562676.8;;0.046799999;0.046799999
;US-AR;2015;p99p99.5;347056.09;;0.0352;0.0352
;US-AR;2015;p95p100;348081.09;;0.35350001;0.35350001
;US-AR;2015;p0p90;28305.6;;0.51749998;0.51749998
;US-AR;2015;p0p99;40066.102;;0.8057;0.8057
;US-AR;2015;p99.5p100;1566567.9;;0.1591;0.1591
;US-AR;2014;p0p100;48231.199;72259304560.0;1.0;1.0
;US-AR;2014;p99p100;891830.0;;0.18529999;0.18529999
;US-AR;2014;p99.9p100;4730400.0;;0.098300003;0.098300003
;US-AR;2014;p99.99p100;26514538.0;;0.055100001;0.055100001
;US-AR;2014;p90p100;226587.7;;0.4709;0.4709
;US-AR;2014;p90p95;124336.3;;0.1292;0.1292
;US-AR;2014;p95p99;187856.8;;0.15620001;0.15620001
;US-AR;2014;p99.5p99.9;640405.31;;0.053199999;0.053199999
;US-AR;2014;p99.9p99.99;2279748.3;;0.042599998;0.042599998
;US-AR;2014;p99p99.5;324581.81;;0.0337;0.0337
;US-AR;2014;p95p100;328624.41;;0.34150001;0.34150001
;US-AR;2014;p0p90;28331.199;;0.52990001;0.52990001
;US-AR;2014;p0p99;39594.5;;0.81470001;0.81470001
;US-AR;2014;p99.5p100;1459108.9;;0.1516;0.1516
;US-AR;2013;p0p100;47387.699;69360206393.0;1.0;1.0
;US-AR;2013;p99p100;788587.5;;0.1723;0.1723
;US-AR;2013;p99.9p100;3924254.0;;0.085699998;0.085699998
;US-AR;2013;p99.99p100;21363634.0;;0.046700001;0.046700001
;US-AR;2013;p90p100;212358.7;;0.4639;0.4639
;US-AR;2013;p90p95;120850.1;;0.132;0.132
;US-AR;2013;p95p99;182257.09;;0.1593;0.1593
;US-AR;2013;p99.5p99.9;599693.38;;0.0524;0.0524
;US-AR;2013;p99.9p99.99;1978642.4;;0.038899999;0.038899999
;US-AR;2013;p99p99.5;312495.41;;0.0341;0.0341
;US-AR;2013;p95p100;303557.69;;0.33160001;0.33160001
;US-AR;2013;p0p90;27296.6;;0.53670001;0.53670001
;US-AR;2013;p0p99;38275.0;;0.82770002;0.82770002
;US-AR;2013;p99.5p100;1264545.3;;0.1381;0.1381
;US-AR;2012;p0p100;51260.602;71656732670.0;1.0;1.0
;US-AR;2012;p99p100;980706.19;;0.20389999;0.20389999
;US-AR;2012;p99.9p100;5580550.0;;0.116;0.116
;US-AR;2012;p99.99p100;32239610.0;;0.067000002;0.067000002
;US-AR;2012;p90p100;231442.91;;0.48120001;0.48120001
;US-AR;2012;p90p95;115494.0;;0.1201;0.1201
;US-AR;2012;p95p99;188846.8;;0.15700001;0.15700001
;US-AR;2012;p99.5p99.9;658045.81;;0.054699998;0.054699998
;US-AR;2012;p99.9p99.99;2571390.0;;0.048099998;0.048099998
;US-AR;2012;p99p99.5;318347.19;;0.033100002;0.033100002
;US-AR;2012;p95p100;347186.81;;0.36090001;0.36090001
;US-AR;2012;p0p90;27788.1;;0.51990002;0.51990002
;US-AR;2012;p0p99;38679.801;;0.79610002;0.79610002
;US-AR;2012;p99.5p100;1642932.0;;0.1708;0.1708
;US-AR;2011;p0p100;48725.801;64753842742.0;1.0;1.0
;US-AR;2011;p99p100;779946.81;;0.1777;0.1777
;US-AR;2011;p99.9p100;3812097.8;;0.086900003;0.086900003
;US-AR;2011;p99.99p100;20372866.0;;0.046399999;0.046399999
;US-AR;2011;p90p100;206010.8;;0.46939999;0.46939999
;US-AR;2011;p90p95;111894.3;;0.1275;0.1275
;US-AR;2011;p95p99;179903.41;;0.164;0.164
;US-AR;2011;p99.5p99.9;577721.88;;0.052700002;0.052700002
;US-AR;2011;p99.9p99.99;1959086.3;;0.040199999;0.040199999
;US-AR;2011;p99p99.5;335696.81;;0.038199998;0.038199998
;US-AR;2011;p95p100;299885.69;;0.34169999;0.34169999
;US-AR;2011;p0p90;25895.1;;0.53100002;0.53100002
;US-AR;2011;p0p99;36451.398;;0.82230002;0.82230002
;US-AR;2011;p99.5p100;1224289.3;;0.13950001;0.13950001
;US-AR;2010;p0p100;51469.602;62998938702.0;1.0;1.0
;US-AR;2010;p99p100;763597.13;;0.1753;0.1753
;US-AR;2010;p99.9p100;3653562.0;;0.083899997;0.083899997
;US-AR;2010;p99.99p100;20349744.0;;0.046700001;0.046700001
;US-AR;2010;p90p100;204003.91;;0.46830001;0.46830001
;US-AR;2010;p90p95;111026.7;;0.1274;0.1274
;US-AR;2010;p95p99;179935.8;;0.1652;0.1652
;US-AR;2010;p99.5p99.9;571664.63;;0.052499998;0.052499998
;US-AR;2010;p99.9p99.99;1800295.6;;0.0372;0.0372
;US-AR;2010;p99p99.5;339724.69;;0.039000001;0.039000001
;US-AR;2010;p95p100;296633.5;;0.3405;0.3405
;US-AR;2010;p0p90;25749.699;;0.53200001;0.53200001
;US-AR;2010;p0p99;36291.0;;0.8247;0.8247
;US-AR;2010;p99.5p100;1187945.3;;0.1363;0.1363
;US-AR;2009;p0p100;53108.398;61503976154.0;1.0;1.0
;US-AR;2009;p99p100;761336.0;;0.175;0.175
;US-AR;2009;p99.9p100;3625691.8;;0.083300002;0.083300002
;US-AR;2009;p99.99p100;17705278.0;;0.0407;0.0407
;US-AR;2009;p90p100;201545.59;;0.4632;0.4632
;US-AR;2009;p90p95;110544.0;;0.127;0.127
;US-AR;2009;p95p99;175078.8;;0.1609;0.1609
;US-AR;2009;p99.5p99.9;603290.13;;0.055500001;0.055500001
;US-AR;2009;p99.9p99.99;2080317.8;;0.043000001;0.043000001
;US-AR;2009;p99p99.5;320881.0;;0.036899999;0.036899999
;US-AR;2009;p95p100;292392.0;;0.336;0.336
;US-AR;2009;p0p90;25912.5;;0.53600001;0.53600001
;US-AR;2009;p0p99;36261.199;;0.82499999;0.82499999
;US-AR;2009;p99.5p100;1203503.4;;0.1383;0.1383
;US-AR;2008;p0p100;57592.199;66749435839.0;1.0;1.0
;US-AR;2008;p99p100;821887.0;;0.17290001;0.17290001
;US-AR;2008;p99.9p100;3837411.0;;0.080700003;0.080700003
;US-AR;2008;p99.99p100;17466752.0;;0.036800001;0.036800001
;US-AR;2008;p90p100;211668.7;;0.4454;0.4454
;US-AR;2008;p90p95;113637.0;;0.1196;0.1196
;US-AR;2008;p95p99;179441.2;;0.15099999;0.15099999
;US-AR;2008;p99.5p99.9;655023.31;;0.055100001;0.055100001
;US-AR;2008;p99.9p99.99;2297839.0;;0.043499999;0.043499999
;US-AR;2008;p99p99.5;340232.81;;0.035799999;0.035799999
;US-AR;2008;p95p100;309012.09;;0.3251;0.3251
;US-AR;2008;p0p90;29475.1;;0.5582;0.5582
;US-AR;2008;p0p99;39701.199;;0.82709998;0.82709998
;US-AR;2008;p99.5p100;1299390.1;;0.1367;0.1367
;US-AR;2007;p0p100;67437.703;71324737180.0;1.0;1.0
;US-AR;2007;p99p100;904864.0;;0.1753;0.1753
;US-AR;2007;p99.9p100;4254833.0;;0.082400002;0.082400002
;US-AR;2007;p99.99p100;18836980.0;;0.036499999;0.036499999
;US-AR;2007;p90p100;223658.2;;0.43340001;0.43340001
;US-AR;2007;p90p95;116695.5;;0.1131;0.1131
;US-AR;2007;p95p99;183222.2;;0.142;0.142
;US-AR;2007;p99.5p99.9;721083.19;;0.0559;0.0559
;US-AR;2007;p99.9p99.99;2607664.0;;0.045499999;0.045499999
;US-AR;2007;p99p99.5;360771.19;;0.035;0.035
;US-AR;2007;p95p100;329516.41;;0.31920001;0.31920001
;US-AR;2007;p0p90;32806.398;;0.57209998;0.57209998
;US-AR;2007;p0p99;42989.398;;0.8247;0.8247
;US-AR;2007;p99.5p100;1440905.8;;0.13959999;0.13959999
;US-AR;2006;p0p100;67646.797;67269082290.0;1.0;1.0
;US-AR;2006;p99p100;812150.63;;0.16590001;0.16590001
;US-AR;2006;p99.9p100;3570448.5;;0.072899997;0.072899997
;US-AR;2006;p99.99p100;14566572.0;;0.0298;0.0298
;US-AR;2006;p90p100;211312.59;;0.43169999;0.43169999
;US-AR;2006;p90p95;112837.8;;0.1153;0.1153
;US-AR;2006;p95p99;180885.41;;0.1478;0.1478
;US-AR;2006;p99.5p99.9;678241.63;;0.055399999;0.055399999
;US-AR;2006;p99.9p99.99;2337955.3;;0.043000001;0.043000001
;US-AR;2006;p99p99.5;347783.09;;0.035500001;0.035500001
;US-AR;2006;p95p100;308749.0;;0.3154;0.3154
;US-AR;2006;p0p90;31179.301;;0.5733;0.5733
;US-AR;2006;p0p99;41242.301;;0.83410001;0.83410001
;US-AR;2006;p99.5p100;1268608.4;;0.1296;0.1296
;US-AR;2005;p0p100;71691.797;65295980351.0;1.0;1.0
;US-AR;2005;p99p100;812025.31;;0.167;0.167
;US-AR;2005;p99.9p100;3656099.8;;0.075199999;0.075199999
;US-AR;2005;p99.99p100;15333976.0;;0.031500001;0.031500001
;US-AR;2005;p90p100;208522.5;;0.4287;0.4287
;US-AR;2005;p90p95;108641.9;;0.1117;0.1117
;US-AR;2005;p95p99;180217.09;;0.14820001;0.14820001
;US-AR;2005;p99.5p99.9;669095.81;;0.055;0.055
;US-AR;2005;p99.9p99.99;2351337.0;;0.043499999;0.043499999
;US-AR;2005;p99p99.5;343889.31;;0.035399999;0.035399999
;US-AR;2005;p95p100;307414.09;;0.31600001;0.31600001
;US-AR;2005;p0p90;31056.301;;0.5747;0.5747
;US-AR;2005;p0p99;40925.898;;0.833;0.833
;US-AR;2005;p99.5p100;1275078.6;;0.1311;0.1311
;US-AR;2004;p0p100;72725.203;61804371793.0;1.0;1.0
;US-AR;2004;p99p100;724351.81;;0.1568;0.1568
;US-AR;2004;p99.9p100;3166775.5;;0.068599999;0.068599999
;US-AR;2004;p99.99p100;13254602.0;;0.0287;0.0287
;US-AR;2004;p90p100;195881.2;;0.42410001;0.42410001
;US-AR;2004;p90p95;104949.3;;0.1136;0.1136
;US-AR;2004;p95p99;175986.7;;0.1524;0.1524
;US-AR;2004;p99.5p99.9;603959.13;;0.052299999;0.052299999
;US-AR;2004;p99.9p99.99;2033433.8;;0.0396;0.0396
;US-AR;2004;p99p99.5;322373.59;;0.034899998;0.034899998
;US-AR;2004;p95p100;286029.19;;0.3096;0.3096
;US-AR;2004;p0p90;29687.6;;0.57849997;0.57849997
;US-AR;2004;p0p99;39338.898;;0.84320003;0.84320003
;US-AR;2004;p99.5p100;1123102.5;;0.1216;0.1216
;US-AR;2003;p0p100;73689.898;57988511528.0;1.0;1.0
;US-AR;2003;p99p100;639572.19;;0.1441;0.1441
;US-AR;2003;p99.9p100;2659118.8;;0.059900001;0.059900001
;US-AR;2003;p99.99p100;10933877.0;;0.024599999;0.024599999
;US-AR;2003;p90p100;184355.91;;0.41549999;0.41549999
;US-AR;2003;p90p95;106870.2;;0.1204;0.1204
;US-AR;2003;p95p99;166439.7;;0.15000001;0.15000001
;US-AR;2003;p99.5p99.9;548429.31;;0.049400002;0.049400002
;US-AR;2003;p99.9p99.99;1726848.1;;0.035;0.035
;US-AR;2003;p99p99.5;302223.59;;0.0341;0.0341
;US-AR;2003;p95p100;261472.41;;0.29460001;0.29460001
;US-AR;2003;p0p90;28908.199;;0.58639997;0.58639997
;US-AR;2003;p0p99;38358.699;;0.85589999;0.85589999
;US-AR;2003;p99.5p100;974955.19;;0.1099;0.1099
;US-AR;2002;p0p100;76740.297;55971723187.0;1.0;1.0
;US-AR;2002;p99p100;639023.31;;0.1445;0.1445
;US-AR;2002;p99.9p100;2641868.0;;0.059799999;0.059799999
;US-AR;2002;p99.99p100;10739588.0;;0.0243;0.0243
;US-AR;2002;p90p100;183449.5;;0.4149;0.4149
;US-AR;2002;p90p95;106913.8;;0.1209;0.1209
;US-AR;2002;p95p99;164640.0;;0.149;0.149
;US-AR;2002;p99.5p99.9;552480.0;;0.050000001;0.050000001
;US-AR;2002;p99.9p99.99;1735803.9;;0.035300002;0.035300002
;US-AR;2002;p99p99.5;304170.69;;0.034400001;0.034400001
;US-AR;2002;p95p100;259733.8;;0.29370001;0.29370001
;US-AR;2002;p0p90;28791.9;;0.58609998;0.58609998
;US-AR;2002;p0p99;38202.801;;0.85549998;0.85549998
;US-AR;2002;p99.5p100;972827.69;;0.11;0.11
;US-AR;2001;p0p100;83680.5;58005450376.0;1.0;1.0
;US-AR;2001;p99p100;659471.69;;0.14120001;0.14120001
;US-AR;2001;p99.9p100;2703017.5;;0.0579;0.0579
;US-AR;2001;p99.99p100;12548452.0;;0.026900001;0.026900001
;US-AR;2001;p90p100;188015.3;;0.40270001;0.40270001
;US-AR;2001;p90p95;108539.1;;0.1162;0.1162
;US-AR;2001;p95p99;168733.5;;0.1446;0.1446
;US-AR;2001;p99.5p99.9;545114.0;;0.046700001;0.046700001
;US-AR;2001;p99.9p99.99;1606357.9;;0.030999999;0.030999999
;US-AR;2001;p99p99.5;341971.5;;0.036600001;0.036600001
;US-AR;2001;p95p100;267111.59;;0.2861;0.2861
;US-AR;2001;p0p90;31023.9;;0.59799999;0.59799999
;US-AR;2001;p0p99;40499.0;;0.85879999;0.85879999
;US-AR;2001;p99.5p100;977749.0;;0.1047;0.1047
;US-AR;2000;p0p100;92550.203;60546405933.0;1.0;1.0
;US-AR;2000;p99p100;746579.13;;0.15279999;0.15279999
;US-AR;2000;p99.9p100;3339749.0;;0.068400003;0.068400003
;US-AR;2000;p99.99p100;15525282.0;;0.031800002;0.031800002
;US-AR;2000;p90p100;200261.8;;0.40990001;0.40990001
;US-AR;2000;p90p95;109834.7;;0.1124;0.1124
;US-AR;2000;p95p99;174678.8;;0.14300001;0.14300001
;US-AR;2000;p99.5p99.9;577105.81;;0.047200002;0.047200002
;US-AR;2000;p99.9p99.99;1986172.4;;0.036600001;0.036600001
;US-AR;2000;p99p99.5;358000.5;;0.036600001;0.036600001
;US-AR;2000;p95p100;289873.81;;0.2967;0.2967
;US-AR;2000;p0p90;32153.801;;0.5923;0.5923
;US-AR;2000;p0p99;41808.102;;0.84719998;0.84719998
;US-AR;2000;p99.5p100;1132661.1;;0.1159;0.1159
;US-AR;1999;p0p100;97654.297;59240026708.0;1.0;1.0
;US-AR;1999;p99p100;713643.31;;0.1479;0.1479
;US-AR;1999;p99.9p100;2980714.5;;0.061799999;0.061799999
;US-AR;1999;p99.99p100;12727900.0;;0.0264;0.0264
;US-AR;1999;p90p100;196529.8;;0.40720001;0.40720001
;US-AR;1999;p90p95;110142.2;;0.1141;0.1141
;US-AR;1999;p95p99;174517.0;;0.1446;0.1446
;US-AR;1999;p99.5p99.9;594970.0;;0.0493;0.0493
;US-AR;1999;p99.9p99.99;1902719.6;;0.035500001;0.035500001
;US-AR;1999;p99p99.5;353678.19;;0.036600001;0.036600001
;US-AR;1999;p95p100;282520.5;;0.29269999;0.29269999
;US-AR;1999;p0p90;31822.4;;0.5934;0.5934
;US-AR;1999;p0p99;41540.398;;0.85210001;0.85210001
;US-AR;1999;p99.5p100;1073482.8;;0.1112;0.1112
;US-AR;1998;p0p100;96919.602;56340905455.0;1.0;1.0
;US-AR;1998;p99p100;692103.5;;0.1506;0.1506
;US-AR;1998;p99.9p100;2972383.0;;0.0647;0.0647
;US-AR;1998;p99.99p100;12971982.0;;0.028200001;0.028200001
;US-AR;1998;p90p100;188502.0;;0.41010001;0.41010001
;US-AR;1998;p90p95;105166.5;;0.1144;0.1144
;US-AR;1998;p95p99;166095.0;;0.1446;0.1446
;US-AR;1998;p99.5p99.9;574451.19;;0.050000001;0.050000001
;US-AR;1998;p99.9p99.99;1861192.5;;0.036400001;0.036400001
;US-AR;1998;p99p99.5;329337.0;;0.035799999;0.035799999
;US-AR;1998;p95p100;271542.19;;0.29539999;0.29539999
;US-AR;1998;p0p90;30157.801;;0.5905;0.5905
;US-AR;1998;p0p99;39434.199;;0.84939998;0.84939998
;US-AR;1998;p99.5p100;1054787.8;;0.1147;0.1147
;US-AR;1997;p0p100;95426.898;52935096000.0;1.0;1.0
;US-AR;1997;p99p100;597387.63;;0.1357;0.1357
;US-AR;1997;p99.9p100;2300087.0;;0.052299999;0.052299999
;US-AR;1997;p99.99p100;9349743.0;;0.021199999;0.021199999
;US-AR;1997;p90p100;174823.59;;0.39719999;0.39719999
;US-AR;1997;p90p95;101717.9;;0.1155;0.1155
;US-AR;1997;p95p99;160161.0;;0.1455;0.1455
;US-AR;1997;p99.5p99.9;534780.63;;0.048599999;0.048599999
;US-AR;1997;p99.9p99.99;1521030.0;;0.031099999;0.031099999
;US-AR;1997;p99p99.5;305469.09;;0.034699999;0.034699999
;US-AR;1997;p95p100;247739.2;;0.2814;0.2814
;US-AR;1997;p0p90;29503.199;;0.60329998;0.60329998
;US-AR;1997;p0p99;38426.0;;0.86430001;0.86430001
;US-AR;1997;p99.5p100;888942.88;;0.101;0.101
;US-AR;1996;p0p100;94112.0;50174144053.0;1.0;1.0
;US-AR;1996;p99p100;557486.19;;0.134;0.134
;US-AR;1996;p99.9p100;2140851.8;;0.0515;0.0515
;US-AR;1996;p99.99p100;8003457.0;;0.019200001;0.019200001
;US-AR;1996;p90p100;167387.3;;0.40239999;0.40239999
;US-AR;1996;p90p95;100372.5;;0.1207;0.1207
;US-AR;1996;p95p99;153429.09;;0.1476;0.1476
;US-AR;1996;p99.5p99.9;500706.91;;0.0482;0.0482
;US-AR;1996;p99.9p99.99;1487527.3;;0.032200001;0.032200001
;US-AR;1996;p99p99.5;282937.41;;0.034000002;0.034000002
;US-AR;1996;p95p100;234293.8;;0.28169999;0.28169999
;US-AR;1996;p0p90;27644.301;;0.59820002;0.59820002
;US-AR;1996;p0p99;36381.199;;0.866;0.866
;US-AR;1996;p99.5p100;831293.19;;0.0999;0.0999
;US-AR;1995;p0p100;97876.398;47426676348.0;1.0;1.0
;US-AR;1995;p99p100;553391.88;;0.1348;0.1348
;US-AR;1995;p99.9p100;2165794.5;;0.0528;0.0528
;US-AR;1995;p99.99p100;8257650.5;;0.020099999;0.020099999
;US-AR;1995;p90p100;164776.5;;0.40149999;0.40149999
;US-AR;1995;p90p95;99173.102;;0.1208;0.1208
;US-AR;1995;p95p99;149586.91;;0.14579999;0.14579999
;US-AR;1995;p99.5p99.9;495983.81;;0.048300002;0.048300002
;US-AR;1995;p99.9p99.99;1489045.1;;0.032699998;0.032699998
;US-AR;1995;p99p99.5;276179.5;;0.033599999;0.033599999
;US-AR;1995;p95p100;230332.59;;0.28060001;0.28060001
;US-AR;1995;p0p90;27298.9;;0.59859997;0.59859997
;US-AR;1995;p0p99;35866.602;;0.86519998;0.86519998
;US-AR;1995;p99.5p100;830501.13;;0.1012;0.1012
;US-AR;1994;p0p100;99472.398;45137369823.0;1.0;1.0
;US-AR;1994;p99p100;520880.0;;0.131;0.131
;US-AR;1994;p99.9p100;2096478.9;;0.052700002;0.052700002
;US-AR;1994;p99.99p100;8469985.0;;0.021299999;0.021299999
;US-AR;1994;p90p100;157367.2;;0.39570001;0.39570001
;US-AR;1994;p90p95;95925.102;;0.1206;0.1206
;US-AR;1994;p95p99;143272.5;;0.1441;0.1441
;US-AR;1994;p99.5p99.9;459390.09;;0.0462;0.0462
;US-AR;1994;p99.9p99.99;1388539.4;;0.031399999;0.031399999
;US-AR;1994;p99p99.5;255036.91;;0.032099999;0.032099999
;US-AR;1994;p95p100;218783.41;;0.27500001;0.27500001
;US-AR;1994;p0p90;26706.6;;0.60430002;0.60430002
;US-AR;1994;p0p99;34912.898;;0.86900002;0.86900002
;US-AR;1994;p99.5p100;786734.38;;0.098899998;0.098899998
;US-AR;1993;p0p100;102163.6;43507283512.0;1.0;1.0
;US-AR;1993;p99p100;482293.5;;0.1232;0.1232
;US-AR;1993;p99.9p100;1811764.8;;0.046300001;0.046300001
;US-AR;1993;p99.99p100;6839304.5;;0.0175;0.0175
;US-AR;1993;p90p100;151302.0;;0.38640001;0.38640001
;US-AR;1993;p90p95;94226.0;;0.1203;0.1203
;US-AR;1993;p95p99;139874.5;;0.1429;0.1429
;US-AR;1993;p99.5p99.9;439782.91;;0.0449;0.0449
;US-AR;1993;p99.9p99.99;1250065.8;;0.0287;0.0287
;US-AR;1993;p99p99.5;249183.3;;0.031800002;0.031800002
;US-AR;1993;p95p100;208329.59;;0.266;0.266
;US-AR;1993;p0p90;26709.699;;0.61390001;0.61390001
;US-AR;1993;p0p99;34682.898;;0.8768;0.8768
;US-AR;1993;p99.5p100;715123.31;;0.091300003;0.091300003
;US-AR;1992;p0p100;108362.0;43114634769.0;1.0;1.0
;US-AR;1992;p99p100;507368.09;;0.1283;0.1283
;US-AR;1992;p99.9p100;2020364.4;;0.051100001;0.051100001
;US-AR;1992;p99.99p100;7991328.0;;0.020199999;0.020199999
;US-AR;1992;p90p100;153918.7;;0.38909999;0.38909999
;US-AR;1992;p90p95;96528.703;;0.122;0.122
;US-AR;1992;p95p99;137371.91;;0.1389;0.1389
;US-AR;1992;p99.5p99.9;453616.69;;0.045899998;0.045899998
;US-AR;1992;p99.9p99.99;1356600.8;;0.0309;0.0309
;US-AR;1992;p99p99.5;247491.5;;0.031300001;0.031300001
;US-AR;1992;p95p100;211377.91;;0.26719999;0.26719999
;US-AR;1992;p0p90;26845.9;;0.61080003;0.61080003
;US-AR;1992;p0p99;34829.199;;0.87169999;0.87169999
;US-AR;1992;p99.5p100;767195.5;;0.097000003;0.097000003
;US-AR;1991;p0p100;108203.0;41128126933.0;1.0;1.0
;US-AR;1991;p99p100;440816.0;;0.1173;0.1173
;US-AR;1991;p99.9p100;1610383.9;;0.0429;0.0429
;US-AR;1991;p99.99p100;5863573.5;;0.0156;0.0156
;US-AR;1991;p90p100;143859.5;;0.3829;0.3829
;US-AR;1991;p90p95;95683.398;;0.12729999;0.12729999
;US-AR;1991;p95p99;130110.5;;0.13850001;0.13850001
;US-AR;1991;p99.5p99.9;408723.81;;0.043499999;0.043499999
;US-AR;1991;p99.9p99.99;1137587.0;;0.0273;0.0273
;US-AR;1991;p99p99.5;232402.7;;0.0309;0.0309
;US-AR;1991;p95p100;192238.5;;0.2559;0.2559
;US-AR;1991;p0p90;25746.4;;0.61680001;0.61680001
;US-AR;1991;p0p99;33494.199;;0.88270003;0.88270003
;US-AR;1991;p99.5p100;649237.31;;0.086400002;0.086400002
;US-AR;1990;p0p100;116919.3;41096442485.0;1.0;1.0
;US-AR;1990;p99p100;463177.0;;0.1224;0.1224
;US-AR;1990;p99.9p100;1785147.8;;0.047200002;0.047200002
;US-AR;1990;p99.99p100;6815790.5;;0.017999999;0.017999999
;US-AR;1990;p90p100;144605.5;;0.3822;0.3822
;US-AR;1990;p90p95;94802.703;;0.12530001;0.12530001
;US-AR;1990;p95p99;127214.8;;0.1345;0.1345
;US-AR;1990;p99.5p99.9;420965.81;;0.044500001;0.044500001
;US-AR;1990;p99.9p99.99;1226900.0;;0.029200001;0.029200001
;US-AR;1990;p99p99.5;232392.91;;0.0307;0.0307
;US-AR;1990;p95p100;194426.09;;0.257;0.257
;US-AR;1990;p0p90;25968.301;;0.6178;0.6178
;US-AR;1990;p0p99;33535.398;;0.87760001;0.87760001
;US-AR;1990;p99.5p100;693820.88;;0.091700003;0.091700003
;US-AR;1989;p0p100;125836.4;41121949647.0;1.0;1.0
;US-AR;1989;p99p100;452468.0;;0.1225;0.1225
;US-AR;1989;p99.9p100;1682726.5;;0.045499999;0.045499999
;US-AR;1989;p99.99p100;6182752.0;;0.0167;0.0167
;US-AR;1989;p90p100;139419.2;;0.37740001;0.37740001
;US-AR;1989;p90p95;86204.398;;0.1167;0.1167
;US-AR;1989;p95p99;125003.4;;0.1353;0.1353
;US-AR;1989;p99.5p99.9;405505.19;;0.043900002;0.043900002
;US-AR;1989;p99.9p99.99;1154155.0;;0.028100001;0.028100001
;US-AR;1989;p99p99.5;228648.09;;0.0309;0.0309
;US-AR;1989;p95p100;192258.41;;0.26019999;0.26019999
;US-AR;1989;p0p90;25789.199;;0.62830001;0.62830001
;US-AR;1989;p0p99;32745.699;;0.8775;0.8775
;US-AR;1989;p99.5p100;670022.5;;0.090700001;0.090700001
;US-AR;1988;p0p100;143262.91;41110820693.0;1.0;1.0
;US-AR;1988;p99p100;524494.69;;0.1357;0.1357
;US-AR;1988;p99.9p100;2159263.8;;0.0559;0.0559
;US-AR;1988;p99.99p100;8528594.0;;0.0221;0.0221
;US-AR;1988;p90p100;146611.09;;0.3793;0.3793
;US-AR;1988;p90p95;85572.203;;0.1107;0.1107
;US-AR;1988;p95p99;126363.2;;0.13079999;0.13079999
;US-AR;1988;p99.5p99.9;454761.31;;0.0471;0.0471
;US-AR;1988;p99.9p99.99;1428397.1;;0.033300001;0.033300001
;US-AR;1988;p99p99.5;240838.41;;0.031199999;0.031199999
;US-AR;1988;p95p100;207359.5;;0.26820001;0.26820001
;US-AR;1988;p0p90;26841.301;;0.625;0.625
;US-AR;1988;p0p99;33744.398;;0.86430001;0.86430001
;US-AR;1988;p99.5p100;803073.0;;0.1039;0.1039
;US-AR;1987;p0p100;146352.41;38667553822.0;1.0;1.0
;US-AR;1987;p99p100;416112.69;;0.1133;0.1133
;US-AR;1987;p99.9p100;1504621.6;;0.041000001;0.041000001
;US-AR;1987;p99.99p100;5476008.0;;0.0149;0.0149
;US-AR;1987;p90p100;134484.7;;0.366;0.366
;US-AR;1987;p90p95;85937.0;;0.117;0.117
;US-AR;1987;p95p99;123447.5;;0.1344;0.1344
;US-AR;1987;p99.5p99.9;378234.41;;0.041200001;0.041200001
;US-AR;1987;p99.9p99.99;1047288.6;;0.025699999;0.025699999
;US-AR;1987;p99p99.5;220477.5;;0.029999999;0.029999999
;US-AR;1987;p95p100;182875.8;;0.2489;0.2489
;US-AR;1987;p0p90;25999.199;;0.63690001;0.63690001
;US-AR;1987;p0p99;32907.5;;0.88669997;0.88669997
;US-AR;1987;p99.5p100;608479.63;;0.082800001;0.082800001
;US-AR;1986;p0p100;165789.59;40486107217.0;1.0;1.0
;US-AR;1986;p99p100;567101.31;;0.14560001;0.14560001
;US-AR;1986;p99.9p100;2543176.3;;0.065300003;0.065300003
;US-AR;1986;p99.99p100;11087772.0;;0.0285;0.0285
;US-AR;1986;p90p100;150375.0;;0.38609999;0.38609999
;US-AR;1986;p90p95;84822.602;;0.1089;0.1089
;US-AR;1986;p95p99;126908.3;;0.1304;0.1304
;US-AR;1986;p99.5p99.9;470243.0;;0.048300002;0.048300002
;US-AR;1986;p99.9p99.99;1573092.4;;0.036400001;0.036400001
;US-AR;1986;p99p99.5;241456.3;;0.030999999;0.030999999
;US-AR;1986;p95p100;215735.5;;0.27700001;0.27700001
;US-AR;1986;p0p90;26680.699;;0.61659998;0.61659998
;US-AR;1986;p0p99;33608.0;;0.85439998;0.85439998
;US-AR;1986;p99.5p100;889530.31;;0.1142;0.1142
;US-AR;1985;p0p100;159481.7;37562506999.0;1.0;1.0
;US-AR;1985;p99p100;446854.81;;0.1236;0.1236
;US-AR;1985;p99.9p100;1852160.0;;0.051199999;0.051199999
;US-AR;1985;p99.99p100;7690983.0;;0.021299999;0.021299999
;US-AR;1985;p90p100;137618.2;;0.38080001;0.38080001
;US-AR;1985;p90p95;88949.898;;0.1231;0.1231
;US-AR;1985;p95p99;120514.5;;0.13339999;0.13339999
;US-AR;1985;p99.5p99.9;380508.59;;0.042100001;0.042100001
;US-AR;1985;p99.9p99.99;1196423.0;;0.0298;0.0298
;US-AR;1985;p99p99.5;216526.3;;0.029999999;0.029999999
;US-AR;1985;p95p100;185989.8;;0.25729999;0.25729999
;US-AR;1985;p0p90;24913.4;;0.62040001;0.62040001
;US-AR;1985;p0p99;31992.1;;0.87639999;0.87639999
;US-AR;1985;p99.5p100;676308.63;;0.093599997;0.093599997
;US-AR;1984;p0p100;166435.91;36143050533.0;1.0;1.0
;US-AR;1984;p99p100;411180.91;;0.1166;0.1166
;US-AR;1984;p99.9p100;1688748.5;;0.047899999;0.047899999
;US-AR;1984;p99.99p100;7219620.5;;0.020500001;0.020500001
;US-AR;1984;p90p100;131942.7;;0.3743;0.3743
;US-AR;1984;p90p95;88818.898;;0.126;0.126
;US-AR;1984;p95p99;115715.2;;0.1313;0.1313
;US-AR;1984;p99.5p99.9;348566.0;;0.039500002;0.039500002
;US-AR;1984;p99.9p99.99;1068315.6;;0.0273;0.0273
;US-AR;1984;p99p99.5;203933.7;;0.028899999;0.028899999
;US-AR;1984;p95p100;174959.41;;0.2481;0.2481
;US-AR;1984;p0p90;24541.6;;0.62650001;0.62650001
;US-AR;1984;p0p99;31457.1;;0.88340002;0.88340002
;US-AR;1984;p99.5p100;617774.13;;0.0876;0.0876
;US-AR;1983;p0p100;185269.09;33880382560.0;1.0;1.0
;US-AR;1983;p99p100;389199.09;;0.112;0.112
;US-AR;1983;p99.9p100;1557737.0;;0.044799998;0.044799998
;US-AR;1983;p99.99p100;6688602.0;;0.019300001;0.019300001
;US-AR;1983;p90p100;122915.5;;0.35389999;0.35389999
;US-AR;1983;p90p95;78121.102;;0.1125;0.1125
;US-AR;1983;p95p99;112466.5;;0.1295;0.1295
;US-AR;1983;p99.5p99.9;338652.19;;0.039000001;0.039000001
;US-AR;1983;p99.9p99.99;997548.31;;0.025800001;0.025800001
;US-AR;1983;p99p99.5;199160.59;;0.0287;0.0287
;US-AR;1983;p95p100;167603.5;;0.2413;0.2413
;US-AR;1983;p0p90;24903.699;;0.64529997;0.64529997
;US-AR;1983;p0p99;31154.699;;0.88800001;0.88800001
;US-AR;1983;p99.5p100;580359.88;;0.083499998;0.083499998
;US-AR;1982;p0p100;190408.7;33394877841.0;1.0;1.0
;US-AR;1982;p99p100;366912.0;;0.1072;0.1072
;US-AR;1982;p99.9p100;1419200.5;;0.041499998;0.041499998
;US-AR;1982;p99.99p100;5892566.0;;0.017200001;0.017200001
;US-AR;1982;p90p100;113523.8;;0.33160001;0.33160001
;US-AR;1982;p90p95;71426.703;;0.1043;0.1043
;US-AR;1982;p95p99;103050.2;;0.1204;0.1204
;US-AR;1982;p99.5p99.9;321960.5;;0.037599999;0.037599999
;US-AR;1982;p99.9p99.99;922159.88;;0.0242;0.0242
;US-AR;1982;p99p99.5;192415.59;;0.028100001;0.028100001
;US-AR;1982;p95p100;155252.0;;0.22669999;0.22669999
;US-AR;1982;p0p90;25416.6;;0.6681;0.6681
;US-AR;1982;p0p99;30877.0;;0.89279997;0.89279997
;US-AR;1982;p99.5p100;541408.5;;0.079099998;0.079099998
;US-AR;1981;p0p100;218224.3;34065332392.0;1.0;1.0
;US-AR;1981;p99p100;335114.31;;0.096000001;0.096000001
;US-AR;1981;p99.9p100;1087705.0;;0.031199999;0.031199999
;US-AR;1981;p99.99p100;3785640.8;;0.0108;0.0108
;US-AR;1981;p90p100;124697.1;;0.35730001;0.35730001
;US-AR;1981;p90p95;90421.297;;0.1295;0.1295
;US-AR;1981;p95p99;115296.1;;0.1321;0.1321
;US-AR;1981;p99.5p99.9;318652.09;;0.036499999;0.036499999
;US-AR;1981;p99.9p99.99;787333.63;;0.020300001;0.020300001
;US-AR;1981;p99p99.5;197004.0;;0.028200001;0.028200001
;US-AR;1981;p95p100;159314.59;;0.2282;0.2282
;US-AR;1981;p0p90;24911.199;;0.64240003;0.64240003
;US-AR;1981;p0p99;31867.301;;0.90399998;0.90399998
;US-AR;1981;p99.5p100;473073.31;;0.0678;0.0678
;US-AR;1980;p0p100;260920.3;33371407318.0;1.0;1.0
;US-AR;1980;p99p100;338277.31;;0.097199999;0.097199999
;US-AR;1980;p99.9p100;992644.31;;0.0285;0.0285
;US-AR;1980;p99.99p100;2858327.5;;0.0082;0.0082
;US-AR;1980;p90p100;125619.0;;0.36109999;0.36109999
;US-AR;1980;p90p95;85485.102;;0.1229;0.1229
;US-AR;1980;p95p99;122539.1;;0.1409;0.1409
;US-AR;1980;p99.5p99.9;349318.5;;0.040199999;0.040199999
;US-AR;1980;p99.9p99.99;784456.0;;0.020300001;0.020300001
;US-AR;1980;p99p99.5;198131.7;;0.0285;0.0285
;US-AR;1980;p95p100;165723.2;;0.23819999;0.23819999
;US-AR;1980;p0p90;24703.6;;0.63910002;0.63910002
;US-AR;1980;p0p99;31723.301;;0.90280002;0.90280002
;US-AR;1980;p99.5p100;478412.41;;0.068800002;0.068800002
;US-AR;1979;p0p100;332865.69;34390268551.0;1.0;1.0
;US-AR;1979;p99p100;353020.41;;0.098200001;0.098200001
;US-AR;1979;p99.9p100;1052478.8;;0.029300001;0.029300001
;US-AR;1979;p99.99p100;3648911.5;;0.0101;0.0101
;US-AR;1979;p90p100;126187.7;;0.35100001;0.35100001
;US-AR;1979;p90p95;84023.398;;0.1168;0.1168
;US-AR;1979;p95p99;122162.6;;0.13590001;0.13590001
;US-AR;1979;p99.5p99.9;353387.69;;0.039299998;0.039299998
;US-AR;1979;p99.9p99.99;763589.38;;0.019099999;0.019099999
;US-AR;1979;p99p99.5;212741.91;;0.0296;0.0296
;US-AR;1979;p95p100;168324.91;;0.2341;0.2341
;US-AR;1979;p0p90;25931.301;;0.64910001;0.64910001
;US-AR;1979;p0p99;32752.5;;0.90179998;0.90179998
;US-AR;1979;p99.5p100;493475.09;;0.068599999;0.068599999
;US-AR;1978;p0p100;407661.69;33686475728.0;1.0;1.0
;US-AR;1978;p99p100;328260.59;;0.089500003;0.089500003
;US-AR;1978;p99.9p100;861248.13;;0.023499999;0.023499999
;US-AR;1978;p99.99p100;2536068.8;;0.0068999999;0.0068999999
;US-AR;1978;p90p100;123411.0;;0.33649999;0.33649999
;US-AR;1978;p90p95;82199.602;;0.1121;0.1121
;US-AR;1978;p95p99;123867.2;;0.13510001;0.13510001
;US-AR;1978;p99.5p99.9;346420.31;;0.037799999;0.037799999
;US-AR;1978;p99.9p99.99;674901.19;;0.0166;0.0166
;US-AR;1978;p99p99.5;206839.91;;0.028200001;0.028200001
;US-AR;1978;p95p100;164713.8;;0.2246;0.2246
;US-AR;1978;p0p90;27030.1;;0.66339999;0.66339999
;US-AR;1978;p0p99;33727.301;;0.91049999;0.91049999
;US-AR;1978;p99.5p100;449700.5;;0.061299998;0.061299998
;US-AR;1977;p0p100;444063.59;31015370310.0;1.0;1.0
;US-AR;1977;p99p100;339408.81;;0.098399997;0.098399997
;US-AR;1977;p99.9p100;926635.19;;0.026900001;0.026900001
;US-AR;1977;p99.99p100;2809454.8;;0.0081000002;0.0081000002
;US-AR;1977;p90p100;122373.3;;0.35460001;0.35460001
;US-AR;1977;p90p95;81366.102;;0.1179;0.1179
;US-AR;1977;p95p99;119372.0;;0.1384;0.1384
;US-AR;1977;p99.5p99.9;350067.5;;0.040600002;0.040600002
;US-AR;1977;p99.9p99.99;716945.31;;0.0187;0.0187
;US-AR;1977;p99p99.5;213235.59;;0.0309;0.0309
;US-AR;1977;p95p100;163373.59;;0.2367;0.2367
;US-AR;1977;p0p90;24748.4;;0.64539999;0.64539999
;US-AR;1977;p0p99;31429.6;;0.9016;0.9016
;US-AR;1977;p99.5p100;465594.31;;0.067500003;0.067500003
;US-AR;1976;p0p100;491019.69;29600787381.0;1.0;1.0
;US-AR;1976;p99p100;331314.0;;0.098499998;0.098499998
;US-AR;1976;p99.9p100;865960.5;;0.025699999;0.025699999
;US-AR;1976;p99.99p100;2320984.0;;0.0068999999;0.0068999999
;US-AR;1976;p90p100;122874.6;;0.3653;0.3653
;US-AR;1976;p90p95;83403.398;;0.124;0.124
;US-AR;1976;p95p99;120098.2;;0.1428;0.1428
;US-AR;1976;p99.5p99.9;347318.69;;0.041299999;0.041299999
;US-AR;1976;p99.9p99.99;704500.0;;0.0188;0.0188
;US-AR;1976;p99p99.5;211263.09;;0.031399999;0.031399999
;US-AR;1976;p95p100;162341.7;;0.2413;0.2413
;US-AR;1976;p0p90;23728.1;;0.63480002;0.63480002
;US-AR;1976;p0p99;30634.301;;0.90149999;0.90149999
;US-AR;1976;p99.5p100;451357.41;;0.067100003;0.067100003
;US-AR;1975;p0p100;528115.38;27883205288.0;1.0;1.0
;US-AR;1975;p99p100;329234.09;;0.1018;0.1018
;US-AR;1975;p99.9p100;926665.81;;0.0286;0.0286
;US-AR;1975;p99.99p100;3003274.3;;0.0093;0.0093
;US-AR;1975;p90p100;115620.0;;0.3574;0.3574
;US-AR;1975;p90p95;77566.5;;0.1199;0.1199
;US-AR;1975;p95p99;109758.4;;0.1357;0.1357
;US-AR;1975;p99.5p99.9;334923.59;;0.0414;0.0414
;US-AR;1975;p99.9p99.99;695996.5;;0.019400001;0.019400001
;US-AR;1975;p99p99.5;205103.7;;0.0317;0.0317
;US-AR;1975;p95p100;153658.41;;0.2375;0.2375
;US-AR;1975;p0p90;23096.5;;0.6426;0.6426
;US-AR;1975;p0p99;29348.6;;0.89819998;0.89819998
;US-AR;1975;p99.5p100;453400.0;;0.070100002;0.070100002
;US-AR;1974;p0p100;661554.63;28724704189.0;1.0;1.0
;US-AR;1974;p99p100;348903.59;;0.1025;0.1025
;US-AR;1974;p99.9p100;1083929.8;;0.0319;0.0319
;US-AR;1974;p99.99p100;3621594.0;;0.0106;0.0106
;US-AR;1974;p90p100;122603.4;;0.3603;0.3603
;US-AR;1974;p90p95;80486.102;;0.1183;0.1183
;US-AR;1974;p95p99;118867.3;;0.1397;0.1397
;US-AR;1974;p99.5p99.9;340009.09;;0.039999999;0.039999999
;US-AR;1974;p99.9p99.99;804847.38;;0.021299999;0.021299999
;US-AR;1974;p99p99.5;210339.8;;0.0309;0.0309
;US-AR;1974;p95p100;164708.91;;0.242;0.242
;US-AR;1974;p0p90;24164.9;;0.63919997;0.63919997
;US-AR;1974;p0p99;30845.1;;0.89749998;0.89749998
;US-AR;1974;p99.5p100;487989.91;;0.071699999;0.071699999
;US-AR;1973;p0p100;820280.69;28315056587.0;1.0;1.0
;US-AR;1973;p99p100;361248.31;;0.1056;0.1056
;US-AR;1973;p99.9p100;938585.38;;0.0274;0.0274
;US-AR;1973;p99.99p100;2521024.8;;0.0074;0.0074
;US-AR;1973;p90p100;124136.6;;0.3628;0.3628
;US-AR;1973;p90p95;79936.297;;0.1168;0.1168
;US-AR;1973;p95p99;120100.0;;0.14040001;0.14040001
;US-AR;1973;p99.5p99.9;379351.59;;0.044300001;0.044300001
;US-AR;1973;p99.9p99.99;762211.88;;0.02;0.02
;US-AR;1973;p99p99.5;231174.8;;0.033799998;0.033799998
;US-AR;1973;p95p100;168327.0;;0.24600001;0.24600001
;US-AR;1973;p0p90;24230.5;;0.63730001;0.63730001
;US-AR;1973;p0p99;30916.301;;0.8944;0.8944
;US-AR;1973;p99.5p100;491183.19;;0.071800001;0.071800001
;US-AR;1972;p0p100;851242.88;25517748928.0;1.0;1.0
;US-AR;1972;p99p100;325151.41;;0.1033;0.1033
;US-AR;1972;p99.9p100;897911.63;;0.0285;0.0285
;US-AR;1972;p99.99p100;2781736.5;;0.0088;0.0088
;US-AR;1972;p90p100;113655.8;;0.36109999;0.36109999
;US-AR;1972;p90p95;74819.0;;0.1189;0.1189
;US-AR;1972;p95p99;109327.3;;0.1389;0.1389
;US-AR;1972;p99.5p99.9;325536.81;;0.0414;0.0414
;US-AR;1972;p99.9p99.99;688444.88;;0.0197;0.0197
;US-AR;1972;p99p99.5;209968.0;;0.033399999;0.033399999
;US-AR;1972;p95p100;152492.2;;0.2423;0.2423
;US-AR;1972;p0p90;22344.699;;0.63889998;0.63889998
;US-AR;1972;p0p99;28507.6;;0.89670002;0.89670002
;US-AR;1972;p99.5p100;440334.69;;0.07;0.07
;US-AR;1971;p0p100;847930.31;23354916268.0;1.0;1.0
;US-AR;1971;p99p100;296471.81;;0.1007;0.1007
;US-AR;1971;p99.9p100;810395.88;;0.0275;0.0275
;US-AR;1971;p99.99p100;2548178.8;;0.0087000001;0.0087000001
;US-AR;1971;p90p100;108658.0;;0.36919999;0.36919999
;US-AR;1971;p90p95;73470.797;;0.1248;0.1248
;US-AR;1971;p95p99;105701.8;;0.1437;0.1437
;US-AR;1971;p99.5p99.9;296719.19;;0.0403;0.0403
;US-AR;1971;p99.9p99.99;617496.69;;0.0189;0.0189
;US-AR;1971;p99p99.5;193156.41;;0.0328;0.0328
;US-AR;1971;p95p100;143854.0;;0.24439999;0.24439999
;US-AR;1971;p0p90;20630.0;;0.63080001;0.63080001
;US-AR;1971;p0p99;26734.4;;0.89929998;0.89929998
;US-AR;1971;p99.5p100;399701.91;;0.067900002;0.067900002
;US-AR;1970;p0p100;894795.88;22098152999.0;1.0;1.0
;US-AR;1970;p99p100;274371.09;;0.096299998;0.096299998
;US-AR;1970;p99.9p100;740756.81;;0.026000001;0.026000001
;US-AR;1970;p99.99p100;2221352.3;;0.0077999998;0.0077999998
;US-AR;1970;p90p100;103705.2;;0.36379999;0.36379999
;US-AR;1970;p90p95;71580.297;;0.1256;0.1256
;US-AR;1970;p95p99;101227.8;;0.142;0.142
;US-AR;1970;p99.5p99.9;282322.09;;0.0396;0.0396
;US-AR;1970;p99.9p99.99;575845.38;;0.018200001;0.018200001
;US-AR;1970;p99p99.5;174460.59;;0.0306;0.0306
;US-AR;1970;p95p100;135848.3;;0.2383;0.2383
;US-AR;1970;p0p90;20150.801;;0.63620001;0.63620001
;US-AR;1970;p0p99;26022.4;;0.90369999;0.90369999
;US-AR;1970;p99.5p100;374234.19;;0.0656;0.0656
;US-AR;1969;p0p100;991947.0;21651725505.0;1.0;1.0
;US-AR;1969;p99p100;307060.0;;0.1086;0.1086
;US-AR;1969;p99.9p100;1024228.4;;0.036200002;0.036200002
;US-AR;1969;p99.99p100;4692755.5;;0.0166;0.0166
;US-AR;1969;p90p100;106705.4;;0.37740001;0.37740001
;US-AR;1969;p90p95;71134.797;;0.1258;0.1258
;US-AR;1969;p95p99;101112.7;;0.14309999;0.14309999
;US-AR;1969;p99.5p99.9;293879.41;;0.0416;0.0416
;US-AR;1969;p99.9p99.99;615765.13;;0.0196;0.0196
;US-AR;1969;p99p99.5;174082.41;;0.0308;0.0308
;US-AR;1969;p95p100;142289.41;;0.2516;0.2516
;US-AR;1969;p0p90;19557.801;;0.62260002;0.62260002
;US-AR;1969;p0p99;25456.699;;0.89139998;0.89139998
;US-AR;1969;p99.5p100;440047.5;;0.077799998;0.077799998
;US-AR;1968;p0p100;1076959.3;20918584699.0;1.0;1.0
;US-AR;1968;p99p100;311030.69;;0.1127;0.1127
;US-AR;1968;p99.9p100;889467.88;;0.032200001;0.032200001
;US-AR;1968;p99.99p100;3057652.0;;0.0111;0.0111
;US-AR;1968;p90p100;105274.2;;0.38139999;0.38139999
;US-AR;1968;p90p95;67591.398;;0.1224;0.1224
;US-AR;1968;p95p99;100904.0;;0.1462;0.1462
;US-AR;1968;p99.5p99.9;323637.59;;0.0469;0.0469
;US-AR;1968;p99.9p99.99;650340.88;;0.021199999;0.021199999
;US-AR;1968;p99p99.5;185382.09;;0.033599999;0.033599999
;US-AR;1968;p95p100;142938.2;;0.25889999;0.25889999
;US-AR;1968;p0p90;18968.301;;0.61849999;0.61849999
;US-AR;1968;p0p99;24736.801;;0.88730001;0.88730001
;US-AR;1968;p99.5p100;436608.31;;0.079099998;0.079099998
;US-AR;1967;p0p100;1135029.3;20094065635.0;1.0;1.0
;US-AR;1967;p99p100;289586.5;;0.1081;0.1081
;US-AR;1967;p99.9p100;778659.5;;0.029100001;0.029100001
;US-AR;1967;p99.99p100;2061437.9;;0.0077;0.0077
;US-AR;1967;p90p100;101262.8;;0.3779;0.3779
;US-AR;1967;p90p95;66677.898;;0.1244;0.1244
;US-AR;1967;p95p99;97495.0;;0.1455;0.1455
;US-AR;1967;p99.5p99.9;302886.91;;0.045200001;0.045200001
;US-AR;1967;p99.9p99.99;636855.69;;0.021400001;0.021400001
;US-AR;1967;p99p99.5;181136.3;;0.033799998;0.033799998
;US-AR;1967;p95p100;135888.59;;0.2536;0.2536
;US-AR;1967;p0p90;18515.9;;0.62190002;0.62190002
;US-AR;1967;p0p99;24140.1;;0.8919;0.8919
;US-AR;1967;p99.5p100;398083.31;;0.074299999;0.074299999
;US-AR;1966;p0p100;1178228.8;19403132327.0;1.0;1.0
;US-AR;1966;p99p100;283000.19;;0.1081;0.1081
;US-AR;1966;p99.9p100;820043.19;;0.031300001;0.031300001
;US-AR;1966;p99.99p100;2605786.5;;0.0099999998;0.0099999998
;US-AR;1966;p90p100;97931.5;;0.37419999;0.37419999
;US-AR;1966;p90p95;66152.898;;0.12639999;0.12639999
;US-AR;1966;p95p99;91573.398;;0.1399;0.1399
;US-AR;1966;p99.5p99.9;286596.5;;0.0438;0.0438
;US-AR;1966;p99.9p99.99;621897.13;;0.021400001;0.021400001
;US-AR;1966;p99p99.5;172102.91;;0.032900002;0.032900002
;US-AR;1966;p95p100;129853.6;;0.2481;0.2481
;US-AR;1966;p0p90;18195.6;;0.6257;0.6257
;US-AR;1966;p0p99;23579.6;;0.8919;0.8919
;US-AR;1966;p99.5p100;393804.5;;0.075199999;0.075199999
;US-AR;1965;p0p100;1167463.4;17951305863.0;1.0;1.0
;US-AR;1965;p99p100;296512.09;;0.121;0.121
;US-AR;1965;p99.9p100;871953.5;;0.035599999;0.035599999
;US-AR;1965;p99.99p100;3278421.8;;0.0134;0.0134
;US-AR;1965;p90p100;96586.602;;0.39399999;0.39399999
;US-AR;1965;p90p95;61029.602;;0.1245;0.1245
;US-AR;1965;p95p99;91048.297;;0.1486;0.1486
;US-AR;1965;p99.5p99.9;281203.41;;0.045899998;0.045899998
;US-AR;1965;p99.9p99.99;604221.81;;0.0222;0.0222
;US-AR;1965;p99p99.5;193461.41;;0.039500002;0.039500002
;US-AR;1965;p95p100;132142.8;;0.26949999;0.26949999
;US-AR;1965;p0p90;16507.4;;0.60610002;0.60610002
;US-AR;1965;p0p99;21766.4;;0.87900001;0.87900001
;US-AR;1965;p99.5p100;399463.69;;0.081500001;0.081500001
;US-AR;1964;p0p100;1182697.3;17381134181.0;1.0;1.0
;US-AR;1964;p99p100;270702.81;;0.1126;0.1126
;US-AR;1964;p99.9p100;725521.88;;0.030200001;0.030200001
;US-AR;1964;p99.99p100;2061370.8;;0.0086000003;0.0086000003
;US-AR;1964;p90p100;92830.297;;0.38600001;0.38600001
;US-AR;1964;p90p95;58667.898;;0.122;0.122
;US-AR;1964;p95p99;91095.203;;0.1515;0.1515
;US-AR;1964;p99.5p99.9;283740.81;;0.047200002;0.047200002
;US-AR;1964;p99.9p99.99;576721.31;;0.021600001;0.021600001
;US-AR;1964;p99p99.5;169046.0;;0.035100002;0.035100002
;US-AR;1964;p95p100;126994.4;;0.264;0.264
;US-AR;1964;p0p90;16410.0;;0.61409998;0.61409998
;US-AR;1964;p0p99;21560.199;;0.88739997;0.88739997
;US-AR;1964;p99.5p100;372210.09;;0.077399999;0.077399999
;US-AR;1963;p0p100;1138155.9;16060379928.0;1.0;1.0
;US-AR;1963;p99p100;248031.59;;0.11;0.11
;US-AR;1963;p99.9p100;733282.13;;0.032499999;0.032499999
;US-AR;1963;p99.99p100;2270297.8;;0.0101;0.0101
;US-AR;1963;p90p100;86277.898;;0.38260001;0.38260001
;US-AR;1963;p90p95;56371.199;;0.125;0.125
;US-AR;1963;p95p99;83222.898;;0.1476;0.1476
;US-AR;1963;p99.5p99.9;244940.91;;0.043400001;0.043400001
;US-AR;1963;p99.9p99.99;563129.13;;0.022500001;0.022500001
;US-AR;1963;p99p99.5;153340.0;;0.034000002;0.034000002
;US-AR;1963;p95p100;116184.6;;0.25760001;0.25760001
;US-AR;1963;p0p90;15471.7;;0.61739999;0.61739999
;US-AR;1963;p0p99;20274.801;;0.88999999;0.88999999
;US-AR;1963;p99.5p100;342720.09;;0.075999998;0.075999998
;US-AR;1962;p0p100;1126306.5;15246753149.0;1.0;1.0
;US-AR;1962;p99p100;236238.8;;0.1087;0.1087
;US-AR;1962;p99.9p100;731640.81;;0.0337;0.0337
;US-AR;1962;p99.99p100;2434719.3;;0.0112;0.0112
;US-AR;1962;p90p100;81881.797;;0.37670001;0.37670001
;US-AR;1962;p90p95;53191.602;;0.1223;0.1223
;US-AR;1962;p95p99;79155.297;;0.14569999;0.14569999
;US-AR;1962;p99.5p99.9;237076.8;;0.0436;0.0436
;US-AR;1962;p99.9p99.99;542979.38;;0.022500001;0.022500001
;US-AR;1962;p99p99.5;136353.09;;0.031399999;0.031399999
;US-AR;1962;p95p100;110572.0;;0.2543;0.2543
;US-AR;1962;p0p90;15055.4;;0.62330002;0.62330002
;US-AR;1962;p0p99;19571.199;;0.89130002;0.89130002
;US-AR;1962;p99.5p100;336125.09;;0.077299997;0.077299997
;US-AR;1961;p0p100;1122301.1;14652460495.0;1.0;1.0
;US-AR;1961;p99p100;224738.91;;0.1058;0.1058
;US-AR;1961;p99.9p100;703414.88;;0.033100002;0.033100002
;US-AR;1961;p99.99p100;2253235.5;;0.0106;0.0106
;US-AR;1961;p90p100;77823.602;;0.36649999;0.36649999
;US-AR;1961;p90p95;50984.398;;0.1201;0.1201
;US-AR;1961;p95p99;74646.5;;0.1406;0.1406
;US-AR;1961;p99.5p99.9;225324.7;;0.042399999;0.042399999
;US-AR;1961;p99.9p99.99;531508.69;;0.022500001;0.022500001
;US-AR;1961;p99p99.5;128476.5;;0.030300001;0.030300001
;US-AR;1961;p95p100;104663.6;;0.2465;0.2465
;US-AR;1961;p0p90;14944.4;;0.63349998;0.63349998
;US-AR;1961;p0p99;19176.801;;0.89420003;0.89420003
;US-AR;1961;p99.5p100;321002.0;;0.075599998;0.075599998
;US-AR;1960;p0p100;1070774.3;13463348518.0;1.0;1.0
;US-AR;1960;p99p100;208603.8;;0.1051;0.1051
;US-AR;1960;p99.9p100;651943.88;;0.0328;0.0328
;US-AR;1960;p99.99p100;1920614.9;;0.0097000003;0.0097000003
;US-AR;1960;p90p100;73543.203;;0.37040001;0.37040001
;US-AR;1960;p90p95;47671.199;;0.1201;0.1201
;US-AR;1960;p95p99;72119.0;;0.1453;0.1453
;US-AR;1960;p99.5p99.9;203079.2;;0.040899999;0.040899999
;US-AR;1960;p99.9p99.99;512086.91;;0.0232;0.0232
;US-AR;1960;p99p99.5;124282.8;;0.031300001;0.031300001
;US-AR;1960;p95p100;99415.102;;0.25040001;0.25040001
;US-AR;1960;p0p90;13886.8;;0.62949997;0.62949997
;US-AR;1960;p0p99;17946.5;;0.89490002;0.89490002
;US-AR;1960;p99.5p100;292923.31;;0.073799998;0.073799998
;US-AR;1959;p0p100;1118170.1;13778951745.0;1.0;1.0
;US-AR;1959;p99p100;220929.09;;0.1103;0.1103
;US-AR;1959;p99.9p100;669268.31;;0.033399999;0.033399999
;US-AR;1959;p99.99p100;2187424.5;;0.0109;0.0109
;US-AR;1959;p90p100;75236.898;;0.37549999;0.37549999
;US-AR;1959;p90p95;47802.898;;0.1193;0.1193
;US-AR;1959;p95p99;73108.398;;0.1459;0.1459
;US-AR;1959;p99.5p99.9;227028.09;;0.045299999;0.045299999
;US-AR;1959;p99.9p99.99;500731.81;;0.022500001;0.022500001
;US-AR;1959;p99p99.5;126311.4;;0.031500001;0.031500001
;US-AR;1959;p95p100;102671.2;;0.25619999;0.25619999
;US-AR;1959;p0p90;13904.2;;0.62449998;0.62449998
;US-AR;1959;p0p99;18008.199;;0.8897;0.8897
;US-AR;1959;p99.5p100;315548.59;;0.078699999;0.078699999
;US-AR;1958;p0p100;1016154.0;12509808808.0;1.0;1.0
;US-AR;1958;p99p100;196995.41;;0.1097;0.1097
;US-AR;1958;p99.9p100;599836.0;;0.033399999;0.033399999
;US-AR;1958;p99.99p100;2100842.0;;0.0117;0.0117
;US-AR;1958;p90p100;69290.5;;0.3858;0.3858
;US-AR;1958;p90p95;45976.199;;0.12800001;0.12800001
;US-AR;1958;p95p99;66508.203;;0.1481;0.1481
;US-AR;1958;p99.5p99.9;199563.91;;0.044399999;0.044399999
;US-AR;1958;p99.9p99.99;432895.91;;0.0217;0.0217
;US-AR;1958;p99p99.5;114300.9;;0.031800002;0.031800002
;US-AR;1958;p95p100;92605.398;;0.25780001;0.25780001
;US-AR;1958;p0p90;12256.9;;0.6142;0.6142
;US-AR;1958;p0p99;16151.4;;0.89029998;0.89029998
;US-AR;1958;p99.5p100;279689.69;;0.0779;0.0779
;US-AR;1957;p0p100;1056103.4;12476475195.0;1.0;1.0
;US-AR;1957;p99p100;178629.5;;0.101;0.101
;US-AR;1957;p99.9p100;522034.81;;0.0295;0.0295
;US-AR;1957;p99.99p100;1601185.0;;0.0091000004;0.0091000004
;US-AR;1957;p90p100;64989.398;;0.36739999;0.36739999
;US-AR;1957;p90p95;43528.0;;0.123;0.123
;US-AR;1957;p95p99;63407.898;;0.1434;0.1434
;US-AR;1957;p99.5p99.9;178368.0;;0.0403;0.0403
;US-AR;1957;p99.9p99.99;402303.31;;0.020500001;0.020500001
;US-AR;1957;p99p99.5;110098.6;;0.031099999;0.031099999
;US-AR;1957;p95p100;86451.398;;0.24439999;0.24439999
;US-AR;1957;p0p90;12431.9;;0.63260001;0.63260001
;US-AR;1957;p0p99;16061.9;;0.89899999;0.89899999
;US-AR;1957;p99.5p100;247159.2;;0.069899999;0.069899999
;US-AR;1956;p0p100;1144722.4;12748553045.0;1.0;1.0
;US-AR;1956;p99p100;201264.59;;0.1126;0.1126
;US-AR;1956;p99.9p100;578147.0;;0.032299999;0.032299999
;US-AR;1956;p99.99p100;1489804.8;;0.0082999999;0.0082999999
;US-AR;1956;p90p100;69651.797;;0.3897;0.3897
;US-AR;1956;p90p95;51085.102;;0.1429;0.1429
;US-AR;1956;p95p99;60492.0;;0.1354;0.1354
;US-AR;1956;p99.5p99.9;208865.2;;0.046700001;0.046700001
;US-AR;1956;p99.9p99.99;478000.0;;0.0241;0.0241
;US-AR;1956;p99p99.5;119526.1;;0.033399999;0.033399999
;US-AR;1956;p95p100;88646.602;;0.248;0.248
;US-AR;1956;p0p90;12099.1;;0.6092;0.6092
;US-AR;1956;p0p99;16023.0;;0.88739997;0.88739997
;US-AR;1956;p99.5p100;283001.41;;0.0792;0.0792
;US-AR;1955;p0p100;1161389.4;12695931557.0;1.0;1.0
;US-AR;1955;p99p100;198913.59;;0.113;0.113
;US-AR;1955;p99.9p100;591338.5;;0.033599999;0.033599999
;US-AR;1955;p99.99p100;1893532.5;;0.0108;0.0108
;US-AR;1955;p90p100;66090.297;;0.37540001;0.37540001
;US-AR;1955;p90p95;45511.602;;0.1293;0.1293
;US-AR;1955;p95p99;59143.398;;0.1344;0.1344
;US-AR;1955;p99.5p99.9;209267.7;;0.047499999;0.047499999
;US-AR;1955;p99.9p99.99;446678.19;;0.0228;0.0228
;US-AR;1955;p99p99.5;112148.1;;0.0319;0.0319
;US-AR;1955;p95p100;87093.797;;0.2474;0.2474
;US-AR;1955;p0p90;12193.8;;0.62339997;0.62339997
;US-AR;1955;p0p99;15773.5;;0.88700002;0.88700002
;US-AR;1955;p99.5p100;285679.19;;0.081100002;0.081100002
;US-AR;1954;p0p100;1050827.3;11701181549.0;1.0;1.0
;US-AR;1954;p99p100;202064.91;;0.1259;0.1259
;US-AR;1954;p99.9p100;698428.81;;0.043499999;0.043499999
;US-AR;1954;p99.99p100;2946408.8;;0.0184;0.0184
;US-AR;1954;p90p100;66390.203;;0.41370001;0.41370001
;US-AR;1954;p90p95;44754.5;;0.13940001;0.13940001
;US-AR;1954;p95p99;60053.898;;0.1497;0.1497
;US-AR;1954;p99.5p99.9;197875.59;;0.0493;0.0493
;US-AR;1954;p99.9p99.99;448625.41;;0.0252;0.0252
;US-AR;1954;p99p99.5;106142.7;;0.033100002;0.033100002
;US-AR;1954;p95p100;88451.602;;0.27559999;0.27559999
;US-AR;1954;p0p90;10430.9;;0.58499998;0.58499998
;US-AR;1954;p0p99;14169.4;;0.87410003;0.87410003
;US-AR;1954;p99.5p100;297986.59;;0.092799999;0.092799999
;US-AR;1953;p0p100;1069163.5;11915870370.0;1.0;1.0
;US-AR;1953;p99p100;167142.8;;0.1034;0.1034
;US-AR;1953;p99.9p100;502722.81;;0.031099999;0.031099999
;US-AR;1953;p99.99p100;1543670.8;;0.0094999997;0.0094999997
;US-AR;1953;p90p100;61433.102;;0.38;0.38
;US-AR;1953;p90p95;44260.699;;0.13689999;0.13689999
;US-AR;1953;p95p99;57240.301;;0.1416;0.1416
;US-AR;1953;p99.5p99.9;168249.0;;0.0416;0.0416
;US-AR;1953;p99.9p99.99;387186.0;;0.021600001;0.021600001
;US-AR;1953;p99p99.5;99161.5;;0.0307;0.0307
;US-AR;1953;p95p100;79190.5;;0.2449;0.2449
;US-AR;1953;p0p90;11102.5;;0.61809999;0.61809999
;US-AR;1953;p0p99;14641.5;;0.89660001;0.89660001
;US-AR;1953;p99.5p100;235130.91;;0.072700001;0.072700001
;US-AR;1952;p0p100;1083539.9;12035306795.0;1.0;1.0
;US-AR;1952;p99p100;167898.0;;0.104;0.104
;US-AR;1952;p99.9p100;505610.91;;0.031300001;0.031300001
;US-AR;1952;p99.99p100;1265403.9;;0.0077999998;0.0077999998
;US-AR;1952;p90p100;57857.699;;0.3585;0.3585
;US-AR;1952;p90p95;40482.398;;0.12540001;0.12540001
;US-AR;1952;p95p99;52900.602;;0.1311;0.1311
;US-AR;1952;p99.5p99.9;172706.91;;0.042800002;0.042800002
;US-AR;1952;p99.9p99.99;422182.81;;0.023499999;0.023499999
;US-AR;1952;p99p99.5;96554.398;;0.029899999;0.029899999
;US-AR;1952;p95p100;75864.602;;0.235;0.235
;US-AR;1952;p0p90;11465.7;;0.63940001;0.63940001
;US-AR;1952;p0p99;14606.4;;0.89600003;0.89600003
;US-AR;1952;p99.5p100;239247.2;;0.074100003;0.074100003
;US-AR;1951;p0p100;1142168.0;12282754095.0;1.0;1.0
;US-AR;1951;p99p100;194387.59;;0.1193;0.1193
;US-AR;1951;p99.9p100;633329.13;;0.038899999;0.038899999
;US-AR;1951;p99.99p100;1452294.9;;0.0088999998;0.0088999998
;US-AR;1951;p90p100;62102.898;;0.38119999;0.38119999
;US-AR;1951;p90p95;37444.199;;0.1149;0.1149
;US-AR;1951;p95p99;58944.5;;0.14470001;0.14470001
;US-AR;1951;p99.5p99.9;195793.7;;0.048099998;0.048099998
;US-AR;1951;p99.9p99.99;545954.19;;0.030200001;0.030200001
;US-AR;1951;p99p99.5;104670.3;;0.032099999;0.032099999
;US-AR;1951;p95p100;86466.297;;0.26539999;0.26539999
;US-AR;1951;p0p99;10221.9;;0.62110001;0.62110001
;US-AR;1951;p99.5p100;284099.69;;0.087200001;0.087200001
;US-AR;1950;p0p100;1184007.0;11054449547.0;1.0;1.0
;US-AR;1950;p99p100;189971.8;;0.131;0.131
;US-AR;1950;p99.9p100;634789.63;;0.0438;0.0438
;US-AR;1950;p99.99p100;1462277.8;;0.0101;0.0101
;US-AR;1950;p90p100;57692.602;;0.39770001;0.39770001
;US-AR;1950;p90p95;34636.398;;0.1194;0.1194
;US-AR;1950;p95p99;53435.398;;0.14740001;0.14740001
;US-AR;1950;p99.5p99.9;190296.7;;0.052499998;0.052499998
;US-AR;1950;p99.9p99.99;555335.38;;0.034499999;0.034499999
;US-AR;1950;p99p99.5;100780.6;;0.034699999;0.034699999
;US-AR;1950;p95p100;80688.102;;0.27810001;0.27810001
;US-AR;1950;p0p90;9694.5996;;0.60149997;0.60149997
;US-AR;1950;p0p99;12733.1;;0.86900002;0.86900002
;US-AR;1950;p99.5p100;279156.0;;0.096199997;0.096199997
;US-AR;1949;p0p100;1128392.1;10339619092.0;1.0;1.0
;US-AR;1949;p99p100;167453.0;;0.1235;0.1235
;US-AR;1949;p99.9p100;515842.5;;0.037999999;0.037999999
;US-AR;1949;p99.99p100;1383790.6;;0.0102;0.0102
;US-AR;1949;p90p100;52706.0;;0.3888;0.3888
;US-AR;1949;p90p95;31703.199;;0.1169;0.1169
;US-AR;1949;p95p99;50288.898;;0.14839999;0.14839999
;US-AR;1949;p99.5p99.9;172074.59;;0.050799999;0.050799999
;US-AR;1949;p99.9p99.99;419420.41;;0.027799999;0.027799999
;US-AR;1949;p99p99.5;94077.398;;0.034699999;0.034699999
;US-AR;1949;p95p100;73690.703;;0.27180001;0.27180001
;US-AR;1949;p0p90;9206.4004;;0.61119998;0.61119998
;US-AR;1949;p0p99;12002.5;;0.87650001;0.87650001
;US-AR;1949;p99.5p100;240828.3;;0.088799998;0.088799998
;US-AR;1948;p0p100;1185433.6;11117606199.0;1.0;1.0
;US-AR;1948;p99p100;181388.59;;0.1249;0.1249
;US-AR;1948;p99.9p100;605639.13;;0.041700002;0.041700002
;US-AR;1948;p99.99p100;1724952.9;;0.0119;0.0119
;US-AR;1948;p90p100;53145.602;;0.36590001;0.36590001
;US-AR;1948;p90p95;31335.4;;0.1079;0.1079
;US-AR;1948;p95p99;48336.699;;0.1331;0.1331
;US-AR;1948;p99.5p99.9;181852.09;;0.050099999;0.050099999
;US-AR;1948;p99.9p99.99;481284.59;;0.0298;0.0298
;US-AR;1948;p99p99.5;96166.703;;0.033100002;0.033100002
;US-AR;1948;p95p100;74944.898;;0.25799999;0.25799999
;US-AR;1948;p0p90;10232.0;;0.63410002;0.63410002
;US-AR;1948;p0p99;12837.4;;0.87510002;0.87510002
;US-AR;1948;p99.5p100;266609.41;;0.091799997;0.091799997
;US-AR;1947;p0p100;1200234.8;9725820468.0;1.0;1.0
;US-AR;1947;p99p100;176264.41;;0.1392;0.1392
;US-AR;1947;p99.9p100;563124.69;;0.044500001;0.044500001
;US-AR;1947;p99.99p100;1484490.5;;0.0117;0.0117
;US-AR;1947;p90p100;52070.898;;0.4113;0.4113
;US-AR;1947;p90p95;31324.699;;0.1237;0.1237
;US-AR;1947;p95p99;46957.5;;0.14839999;0.14839999
;US-AR;1947;p99.5p99.9;178509.5;;0.056400001;0.056400001
;US-AR;1947;p99.9p99.99;460817.31;;0.0328;0.0328
;US-AR;1947;p99p99.5;97099.297;;0.0383;0.0383
;US-AR;1947;p95p100;72818.797;;0.28760001;0.28760001
;US-AR;1947;p0p90;8280.5996;;0.5887;0.5887
;US-AR;1947;p0p99;11007.2;;0.86080003;0.86080003
;US-AR;1947;p99.5p100;255432.09;;0.1009;0.1009
;US-AR;1946;p0p100;1714039.6;10635260374.0;1.0;1.0
;US-AR;1946;p99p100;192600.91;;0.1393;0.1393
;US-AR;1946;p99.9p100;605751.69;;0.0438;0.0438
;US-AR;1946;p99.99p100;1634213.6;;0.0118;0.0118
;US-AR;1946;p90p100;54488.602;;0.3942;0.3942
;US-AR;1946;p90p95;31503.6;;0.1139;0.1139
;US-AR;1946;p95p99;48692.5;;0.1409;0.1409
;US-AR;1946;p99.5p99.9;198311.91;;0.057399999;0.057399999
;US-AR;1946;p99.9p99.99;491505.81;;0.032000002;0.032000002
;US-AR;1946;p99p99.5;105404.8;;0.0381;0.0381
;US-AR;1946;p95p100;77474.398;;0.2802;0.2802
;US-AR;1946;p0p90;9305.7998;;0.60579997;0.60579997
;US-AR;1946;p0p99;12018.4;;0.86070001;0.86070001
;US-AR;1946;p99.5p100;279799.5;;0.1012;0.1012
;US-AR;1945;p0p100;2161148.5;11497786745.0;1.0;1.0
;US-AR;1945;p99p100;166783.09;;0.1127;0.1127
;US-AR;1945;p99.9p100;563433.19;;0.0381;0.0381
;US-AR;1945;p99.99p100;1541177.3;;0.0104;0.0104
;US-AR;1945;p90p100;50423.5;;0.34079999;0.34079999
;US-AR;1945;p90p95;30237.6;;0.1022;0.1022
;US-AR;1945;p95p99;46578.398;;0.1259;0.1259
;US-AR;1945;p99.5p99.9;168652.41;;0.045600001;0.045600001
;US-AR;1945;p99.9p99.99;456099.31;;0.0277;0.0277
;US-AR;1945;p99p99.5;85971.102;;0.029100001;0.029100001
;US-AR;1945;p95p100;70611.0;;0.2386;0.2386
;US-AR;1945;p0p90;10836.4;;0.6591;0.6591
;US-AR;1945;p0p99;13261.6;;0.88730001;0.88730001
;US-AR;1945;p99.5p100;247608.59;;0.083700001;0.083700001
;US-AR;1944;p0p100;2167314.5;11124366972.0;1.0;1.0
;US-AR;1944;p99p100;156629.8;;0.1104;0.1104
;US-AR;1944;p99.9p100;520747.09;;0.036699999;0.036699999
;US-AR;1944;p99.99p100;1413011.3;;0.0099999998;0.0099999998
;US-AR;1944;p90p100;44410.602;;0.31310001;0.31310001
;US-AR;1944;p90p95;26554.199;;0.093599997;0.093599997
;US-AR;1944;p95p99;38614.398;;0.1089;0.1089
;US-AR;1944;p99.5p99.9;156629.7;;0.044199999;0.044199999
;US-AR;1944;p99.9p99.99;421920.81;;0.026799999;0.026799999
;US-AR;1944;p99p99.5;83802.898;;0.0295;0.0295
;US-AR;1944;p95p100;62249.0;;0.2194;0.2194
;US-AR;1944;p0p90;10829.8;;0.68709999;0.68709999
;US-AR;1944;p0p99;12746.8;;0.88959998;0.88959998
;US-AR;1944;p99.5p100;229454.2;;0.080899999;0.080899999
;US-AR;1943;p0p100;2047342.3;10233379506.0;1.0;1.0
;US-AR;1943;p99p100;171684.0;;0.13259999;0.13259999
;US-AR;1943;p99.9p100;597170.0;;0.046100002;0.046100002
;US-AR;1943;p99.99p100;1512725.8;;0.0117;0.0117
;US-AR;1943;p90p100;50522.602;;0.39019999;0.39019999
;US-AR;1943;p90p95;31719.699;;0.1225;0.1225
;US-AR;1943;p95p99;43709.801;;0.13500001;0.13500001
;US-AR;1943;p99.5p99.9;172566.91;;0.053300001;0.053300001
;US-AR;1943;p99.9p99.99;498289.19;;0.034600001;0.034600001
;US-AR;1943;p99p99.5;85883.5;;0.033199999;0.033199999
;US-AR;1943;p95p100;69311.297;;0.26769999;0.26769999
;US-AR;1943;p0p90;8769.7998;;0.60960001;0.60960001
;US-AR;1943;p0p99;11343.2;;0.86739999;0.86739999
;US-AR;1943;p99.5p100;257489.2;;0.099399999;0.099399999
;US-AR;1942;p0p100;2187654.0;9762529289.0;1.0;1.0
;US-AR;1942;p99p100;168262.59;;0.13699999;0.13699999
;US-AR;1942;p99.9p100;583101.88;;0.047499999;0.047499999
;US-AR;1942;p99.99p100;1629772.3;;0.0133;0.0133
;US-AR;1942;p90p100;45775.898;;0.37279999;0.37279999
;US-AR;1942;p90p95;24252.699;;0.098800004;0.098800004
;US-AR;1942;p95p99;42048.801;;0.13699999;0.13699999
;US-AR;1942;p99.5p99.9;171177.7;;0.055799998;0.055799998
;US-AR;1942;p99.9p99.99;466504.69;;0.034200002;0.034200002
;US-AR;1942;p99p99.5;82946.5;;0.033799998;0.033799998
;US-AR;1942;p95p100;67301.398;;0.27410001;0.27410001
;US-AR;1942;p0p90;8556.7002;;0.62720001;0.62720001
;US-AR;1942;p0p99;10702.3;;0.86299998;0.86299998
;US-AR;1942;p99.5p100;253583.09;;0.1033;0.1033
;US-AR;1941;p0p100;1986149.6;7301626148.0;1.0;1.0
;US-AR;1941;p99p100;165167.09;;0.1814;0.1814
;US-AR;1941;p99.9p100;571382.38;;0.062799998;0.062799998
;US-AR;1941;p99.99p100;1511715.0;;0.0166;0.0166
;US-AR;1941;p90p100;42114.102;;0.46259999;0.46259999
;US-AR;1941;p90p95;18113.699;;0.0995;0.0995
;US-AR;1941;p95p99;41105.0;;0.1806;0.1806
;US-AR;1941;p99.5p99.9;166815.5;;0.073299997;0.073299997
;US-AR;1941;p99.9p99.99;466113.41;;0.046100002;0.046100002
;US-AR;1941;p99p99.5;82533.102;;0.045299999;0.045299999
;US-AR;1941;p95p100;65938.0;;0.36219999;0.36219999
;US-AR;1941;p0p90;5447.5;;0.53860003;0.53860003
;US-AR;1941;p0p99;7526.7998;;0.8186;0.8186
;US-AR;1941;p99.5p100;247797.5;;0.13609999;0.13609999
;US-AR;1940;p0p100;1704763.8;5740231979.0;1.0;1.0
;US-AR;1940;p99p100;119469.1;;0.16859999;0.16859999
;US-AR;1940;p99.9p100;390669.81;;0.055100001;0.055100001
;US-AR;1940;p99.99p100;1011446.3;;0.0143;0.0143
;US-AR;1940;p90p100;32705.4;;0.46149999;0.46149999
;US-AR;1940;p90p95;13441.1;;0.094800003;0.094800003
;US-AR;1940;p95p99;35112.301;;0.1982;0.1982
;US-AR;1940;p99.5p99.9;119550.6;;0.067500003;0.067500003
;US-AR;1940;p99.9p99.99;321131.09;;0.040800001;0.040800001
;US-AR;1940;p99p99.5;65044.301;;0.045899998;0.045899998
;US-AR;1940;p95p100;52018.398;;0.36700001;0.36700001
;US-AR;1940;p0p90;4241.1001;;0.53860003;0.53860003
;US-AR;1940;p0p99;5951.8999;;0.83139998;0.83139998
;US-AR;1940;p99.5p100;173841.2;;0.1226;0.1226
;US-AR;1939;p0p100;1710117.4;5574556977.0;1.0;1.0
;US-AR;1939;p99p100;112129.1;;0.1608;0.1608
;US-AR;1939;p99.9p100;353312.41;;0.050700001;0.050700001
;US-AR;1939;p99.99p100;915663.13;;0.0131;0.0131
;US-AR;1939;p90p100;25411.9;;0.36430001;0.36430001
;US-AR;1939;p90p95;9588.5996;;0.068700001;0.068700001
;US-AR;1939;p95p99;22867.301;;0.1311;0.1311
;US-AR;1939;p99.5p99.9;111523.1;;0.064000003;0.064000003
;US-AR;1939;p99.9p99.99;290602.81;;0.037500001;0.037500001
;US-AR;1939;p99p99.5;64251.398;;0.046100002;0.046100002
;US-AR;1939;p95p100;40692.801;;0.29170001;0.29170001
;US-AR;1939;p0p90;4955.6001;;0.63950002;0.63950002
;US-AR;1939;p0p99;5912.3999;;0.83920002;0.83920002
;US-AR;1939;p99.5p100;159940.41;;0.1147;0.1147
;US-AR;1938;p0p100;1524622.3;5053869695.0;1.0;1.0
;US-AR;1938;p99p100;101627.2;;0.15880001;0.15880001
;US-AR;1938;p99.9p100;328258.0;;0.0513;0.0513
;US-AR;1938;p99.99p100;952077.5;;0.0149;0.0149
;US-AR;1938;p90p100;23423.1;;0.36610001;0.36610001
;US-AR;1938;p90p95;10091.0;;0.078900002;0.078900002
;US-AR;1938;p95p99;19504.801;;0.1219;0.1219
;US-AR;1938;p99.5p99.9;98826.797;;0.061799999;0.061799999
;US-AR;1938;p99.9p99.99;258004.59;;0.0363;0.0363
;US-AR;1938;p99p99.5;58306.5;;0.045600001;0.045600001
;US-AR;1938;p95p100;35895.5;;0.28049999;0.28049999
;US-AR;1938;p0p90;4555.2998;;0.64069998;0.64069998
;US-AR;1938;p0p99;5436.7998;;0.84119999;0.84119999
;US-AR;1938;p99.5p100;144843.09;;0.1132;0.1132
;US-AR;1937;p0p100;1585760.0;5395398705.0;1.0;1.0
;US-AR;1937;p99p100;103164.5;;0.14929999;0.14929999
;US-AR;1937;p99.9p100;333076.59;;0.0482;0.0482
;US-AR;1937;p99.99p100;901443.5;;0.013;0.013
;US-AR;1937;p90p100;22460.801;;0.32499999;0.32499999
;US-AR;1937;p90p95;8892.0;;0.064300001;0.064300001
;US-AR;1937;p95p99;18339.199;;0.1062;0.1062
;US-AR;1937;p99.5p99.9;101537.7;;0.058800001;0.058800001
;US-AR;1937;p99.9p99.99;269948.5;;0.0352;0.0352
;US-AR;1937;p99p99.5;58486.602;;0.042300001;0.042300001
;US-AR;1937;p95p100;35308.5;;0.25549999;0.25549999
;US-AR;1937;p0p90;5222.3999;;0.68019998;0.68019998
;US-AR;1937;p0p99;5937.7998;;0.85070002;0.85070002
;US-AR;1937;p99.5p100;147844.91;;0.107;0.107
;US-AR;1936;p0p100;1679130.9;5269974864.0;1.0;1.0
;US-AR;1936;p99p100;112041.7;;0.1644;0.1644
;US-AR;1936;p99.9p100;375361.69;;0.055100001;0.055100001
;US-AR;1936;p99.99p100;990774.69;;0.0145;0.0145
;US-AR;1936;p90p100;23192.0;;0.34029999;0.34029999
;US-AR;1936;p90p95;9456.9004;;0.069399998;0.069399998
;US-AR;1936;p95p99;17203.0;;0.101;0.101
;US-AR;1936;p99.5p99.9;110992.0;;0.065099999;0.065099999
;US-AR;1936;p99.9p99.99;307004.41;;0.0405;0.0405
;US-AR;1936;p99p99.5;60223.199;;0.044199999;0.044199999
;US-AR;1936;p95p100;36164.5;;0.26530001;0.26530001
;US-AR;1936;p0p90;5037.7002;;0.66530001;0.66530001
;US-AR;1936;p0p99;5752.3999;;0.83560002;0.83560002
;US-AR;1936;p99.5p100;163864.5;;0.1202;0.1202
;US-AR;1935;p0p100;1482427.3;4518116461.0;1.0;1.0
;US-AR;1935;p99p100;84117.0;;0.1425;0.1425
;US-AR;1935;p99.9p100;248688.0;;0.042100001;0.042100001
;US-AR;1935;p99.99p100;653768.38;;0.0111;0.0111
;US-AR;1935;p90p100;19491.5;;0.3303;0.3303
;US-AR;1935;p90p95;10001.5;;0.084700003;0.084700003
;US-AR;1935;p95p99;14794.7;;0.1003;0.1003
;US-AR;1935;p99.5p99.9;82895.0;;0.056200001;0.056200001
;US-AR;1935;p99.9p99.99;203694.7;;0.031099999;0.031099999
;US-AR;1935;p99p99.5;52194.102;;0.044199999;0.044199999
;US-AR;1935;p95p100;28719.9;;0.24330001;0.24330001
;US-AR;1935;p0p90;4409.2998;;0.6724;0.6724
;US-AR;1935;p0p99;5111.5;;0.85750002;0.85750002
;US-AR;1935;p99.5p100;116048.9;;0.098300003;0.098300003
;US-AR;1934;p0p100;1399480.6;4017674686.0;1.0;1.0
;US-AR;1934;p99p100;79234.797;;0.1494;0.1494
;US-AR;1934;p99.9p100;232014.7;;0.043699998;0.043699998
;US-AR;1934;p99.99p100;606170.69;;0.0114;0.0114
;US-AR;1934;p90p100;19218.5;;0.3624;0.3624
;US-AR;1934;p90p95;10099.6;;0.095200002;0.095200002
;US-AR;1934;p95p99;15293.1;;0.1153;0.1153
;US-AR;1934;p99.5p99.9;78801.797;;0.0594;0.0594
;US-AR;1934;p99.9p99.99;190458.5;;0.032299999;0.032299999
;US-AR;1934;p99p99.5;49018.301;;0.0462;0.0462
;US-AR;1934;p95p100;28325.6;;0.26699999;0.26699999
;US-AR;1934;p0p90;3771.6001;;0.63999999;0.63999999
;US-AR;1934;p0p99;4556.7002;;0.8506;0.8506
;US-AR;1934;p99.5p100;109439.0;;0.1032;0.1032
;US-AR;1933;p0p100;1296036.6;3449015597.0;1.0;1.0
;US-AR;1933;p99p100;66067.898;;0.1437;0.1437
;US-AR;1933;p99.9p100;170541.7;;0.037099998;0.037099998
;US-AR;1933;p99.99p100;435191.19;;0.0094999997;0.0094999997
;US-AR;1933;p90p100;16981.801;;0.36930001;0.36930001
;US-AR;1933;p90p95;10401.3;;0.1131;0.1131
;US-AR;1933;p95p99;13360.2;;0.1162;0.1162
;US-AR;1933;p99.5p99.9;67052.0;;0.0583;0.0583
;US-AR;1933;p99.9p99.99;141136.3;;0.0276;0.0276
;US-AR;1933;p99p99.5;44385.699;;0.048300002;0.048300002
;US-AR;1933;p95p100;24011.5;;0.26109999;0.26109999
;US-AR;1933;p0p90;3203.3999;;0.62699997;0.62699997
;US-AR;1933;p0p99;3977.3;;0.8563;0.8563
;US-AR;1933;p99.5p100;87750.0;;0.095399998;0.095399998
;US-AR;1932;p0p100;1100882.0;3224721817.0;1.0;1.0
;US-AR;1932;p99p100;57262.801;;0.1319;0.1319
;US-AR;1932;p99.9p100;137356.7;;0.031599998;0.031599998
;US-AR;1932;p99.99p100;322323.0;;0.0074;0.0074
;US-AR;1932;p90p100;15527.4;;0.35780001;0.35780001
;US-AR;1932;p90p95;10441.0;;0.1203;0.1203
;US-AR;1932;p95p99;11973.8;;0.1104;0.1104
;US-AR;1932;p99.5p99.9;60411.102;;0.0557;0.0557
;US-AR;1932;p99.9p99.99;116804.8;;0.0242;0.0242
;US-AR;1932;p99p99.5;38725.301;;0.044599999;0.044599999
;US-AR;1932;p95p100;21161.801;;0.2438;0.2438
;US-AR;1932;p0p90;3073.8;;0.63739997;0.63739997
;US-AR;1932;p0p99;3805.5;;0.86809999;0.86809999
;US-AR;1932;p99.5p100;75800.203;;0.087300003;0.087300003
;US-AR;1931;p0p100;1093807.3;3943178656.0;1.0;1.0
;US-AR;1931;p99p100;62343.0;;0.1163;0.1163
;US-AR;1931;p99.9p100;164592.5;;0.0307;0.0307
;US-AR;1931;p99.99p100;380341.0;;0.0071;0.0071
;US-AR;1931;p90p100;15564.7;;0.2904;0.2904
;US-AR;1931;p90p95;11233.3;;0.1048;0.1048
;US-AR;1931;p95p99;10367.9;;0.077399999;0.077399999
;US-AR;1931;p99.5p99.9;66417.102;;0.049600001;0.049600001
;US-AR;1931;p99.9p99.99;140620.41;;0.023600001;0.023600001
;US-AR;1931;p99p99.5;38633.898;;0.035999998;0.035999998
;US-AR;1931;p95p100;21021.9;;0.1961;0.1961
;US-AR;1931;p0p90;4178.2002;;0.7015;0.7015
;US-AR;1931;p0p99;4784.6001;;0.88370001;0.88370001
;US-AR;1931;p99.5p100;86052.203;;0.080300003;0.080300003
;US-AR;1930;p0p100;954396.81;4090164755.0;1.0;1.0
;US-AR;1930;p99p100;73713.398;;0.1311;0.1311
;US-AR;1930;p99.9p100;204726.91;;0.036400001;0.036400001
;US-AR;1930;p99.99p100;533283.19;;0.0094999997;0.0094999997
;US-AR;1930;p90p100;16947.301;;0.30140001;0.30140001
;US-AR;1930;p90p95;9788.5996;;0.086999997;0.086999997
;US-AR;1930;p95p99;11979.0;;0.085199997;0.085199997
;US-AR;1930;p99.5p99.9;74890.602;;0.053300001;0.053300001
;US-AR;1930;p99.9p99.99;168220.59;;0.026900001;0.026900001
;US-AR;1930;p99p99.5;46568.898;;0.0414;0.0414
;US-AR;1930;p95p100;24448.6;;0.2174;0.2174
;US-AR;1930;p0p90;4352.6001;;0.69669998;0.69669998
;US-AR;1930;p0p99;4935.2998;;0.8689;0.8689
;US-AR;1930;p99.5p100;100857.9;;0.089699998;0.089699998
;US-AR;1929;p0p100;1248797.8;5612099075.0;1.0;1.0
;US-AR;1929;p99p100;101736.4;;0.1314;0.1314
;US-AR;1929;p99.9p100;306153.19;;0.039500002;0.039500002
;US-AR;1929;p99.99p100;859544.81;;0.0111;0.0111
;US-AR;1929;p90p100;21099.301;;0.27239999;0.27239999
;US-AR;1929;p90p95;9241.2998;;0.059700001;0.059700001
;US-AR;1929;p95p99;15757.5;;0.0814;0.0814
;US-AR;1929;p99.5p99.9;101924.0;;0.0526;0.0526
;US-AR;1929;p99.9p99.99;244665.3;;0.0284;0.0284
;US-AR;1929;p99p99.5;60703.0;;0.0392;0.0392
;US-AR;1929;p95p100;32958.301;;0.2128;0.2128
;US-AR;1929;p0p90;6261.7002;;0.72759998;0.72759998
;US-AR;1929;p0p99;6795.7998;;0.86860001;0.86860001
;US-AR;1929;p99.5p100;142769.8;;0.092200004;0.092200004
;US-AR;1928;p0p100;1225897.3;5489116331.0;1.0;1.0
;US-AR;1928;p99p100;103186.4;;0.1357;0.1357
;US-AR;1928;p99.9p100;322513.59;;0.042399999;0.042399999
;US-AR;1928;p99.99p100;895142.38;;0.0118;0.0118
;US-AR;1928;p90p100;21805.9;;0.2868;0.2868
;US-AR;1928;p90p95;9490.0996;;0.062399998;0.062399998
;US-AR;1928;p95p99;16878.0;;0.088799998;0.088799998
;US-AR;1928;p99.5p99.9;101930.2;;0.053599998;0.053599998
;US-AR;1928;p99.9p99.99;258888.2;;0.0306;0.0306
;US-AR;1928;p99p99.5;60325.801;;0.039700001;0.039700001
;US-AR;1928;p95p100;34121.801;;0.2244;0.2244
;US-AR;1928;p0p90;6024.1001;;0.71310002;0.71310002
;US-AR;1928;p0p99;6637.7002;;0.86430001;0.86430001
;US-AR;1928;p99.5p100;146046.91;;0.096000001;0.096000001
;US-AR;1927;p0p100;1150163.8;5261548403.0;1.0;1.0
;US-AR;1927;p99p100;108183.0;;0.1476;0.1476
;US-AR;1927;p99.9p100;387374.69;;0.052900001;0.052900001
;US-AR;1927;p99.99p100;1422591.1;;0.019400001;0.019400001
;US-AR;1927;p90p100;22776.199;;0.3107;0.3107
;US-AR;1927;p90p95;9544.7998;;0.065099999;0.065099999
;US-AR;1927;p95p99;17322.4;;0.094499998;0.094499998
;US-AR;1927;p99.5p99.9;99477.703;;0.054299999;0.054299999
;US-AR;1927;p99.9p99.99;272350.59;;0.033399999;0.033399999
;US-AR;1927;p99p99.5;59308.898;;0.0405;0.0405
;US-AR;1927;p95p100;35519.801;;0.2423;0.2423
;US-AR;1927;p0p90;5641.7002;;0.69279999;0.69279999
;US-AR;1927;p0p99;6310.7998;;0.8524;0.8524
;US-AR;1927;p99.5p100;157057.09;;0.1071;0.1071
;US-AR;1926;p0p100;1100768.9;5192897397.0;1.0;1.0
;US-AR;1926;p99p100;112149.9;;0.1539;0.1539
;US-AR;1926;p99.9p100;385462.0;;0.052900001;0.052900001
;US-AR;1926;p99.99p100;1297199.4;;0.0178;0.0178
;US-AR;1926;p90p100;24490.5;;0.33610001;0.33610001
;US-AR;1926;p90p95;9946.7002;;0.0682;0.0682
;US-AR;1926;p95p99;19775.301;;0.1085;0.1085
;US-AR;1926;p99.5p99.9;104833.9;;0.057500001;0.057500001
;US-AR;1926;p99.9p99.99;284157.81;;0.035100002;0.035100002
;US-AR;1926;p99p99.5;63340.301;;0.043499999;0.043499999
;US-AR;1926;p95p100;38263.199;;0.26249999;0.26249999
;US-AR;1926;p0p90;5419.2002;;0.66930002;0.66930002
;US-AR;1926;p0p99;6227.8999;;0.84609997;0.84609997
;US-AR;1926;p99.5p100;160959.59;;0.1104;0.1104
;US-AR;1925;p0p100;1128133.8;5185475208.0;1.0;1.0
;US-AR;1925;p99p100;111699.1;;0.1524;0.1524
;US-AR;1925;p99.9p100;383924.69;;0.0524;0.0524
;US-AR;1925;p99.99p100;1199701.4;;0.0164;0.0164
;US-AR;1925;p90p100;24726.1;;0.33739999;0.33739999
;US-AR;1925;p90p95;10455.9;;0.0713;0.0713
;US-AR;1925;p95p99;20030.9;;0.1093;0.1093
;US-AR;1925;p99.5p99.9;106993.3;;0.058400001;0.058400001
;US-AR;1925;p99.9p99.99;293282.91;;0.035999998;0.035999998
;US-AR;1925;p99p99.5;61018.602;;0.0416;0.0416
;US-AR;1925;p95p100;38369.301;;0.26179999;0.26179999
;US-AR;1925;p0p90;5430.0;;0.66689998;0.66689998
;US-AR;1925;p0p99;6273.7998;;0.84759998;0.84759998
;US-AR;1925;p99.5p100;162379.59;;0.1108;0.1108
;US-AR;1924;p0p100;1144249.8;4959244782.0;1.0;1.0
;US-AR;1924;p99p100;103418.2;;0.1463;0.1463
;US-AR;1924;p99.9p100;344857.81;;0.048799999;0.048799999
;US-AR;1924;p99.99p100;1032102.4;;0.0146;0.0146
;US-AR;1924;p90p100;27806.699;;0.39340001;0.39340001
;US-AR;1924;p90p95;10926.0;;0.077299997;0.077299997
;US-AR;1924;p95p99;29531.0;;0.1671;0.1671
;US-AR;1924;p99.5p99.9;96702.398;;0.054699998;0.054699998
;US-AR;1924;p99.9p99.99;268497.31;;0.034200002;0.034200002
;US-AR;1924;p99p99.5;60503.0;;0.042800002;0.042800002
;US-AR;1924;p95p100;44308.398;;0.3134;0.3134
;US-AR;1924;p0p90;4786.0;;0.60930002;0.60930002
;US-AR;1924;p0p99;6095.8999;;0.85369998;0.85369998
;US-AR;1924;p99.5p100;146333.5;;0.1035;0.1035
;US-AR;1923;p0p100;1163051.5;4956640651.0;1.0;1.0
;US-AR;1923;p99p100;102998.7;;0.14390001;0.14390001
;US-AR;1923;p99.9p100;349150.81;;0.048799999;0.048799999
;US-AR;1923;p99.99p100;1050278.0;;0.0147;0.0147
;US-AR;1923;p90p100;27656.699;;0.38640001;0.38640001
;US-AR;1923;p90p95;10668.5;;0.074500002;0.074500002
;US-AR;1923;p95p99;29781.801;;0.1664;0.1664
;US-AR;1923;p99.5p99.9;91623.602;;0.051199999;0.051199999
;US-AR;1923;p99.9p99.99;271248.5;;0.0341;0.0341
;US-AR;1923;p99p99.5;62868.5;;0.043900002;0.043900002
;US-AR;1923;p95p100;44425.199;;0.31040001;0.31040001
;US-AR;1923;p0p90;4891.7998;;0.61510003;0.61510003
;US-AR;1923;p0p99;6189.2002;;0.85610002;0.85610002
;US-AR;1923;p99.5p100;143129.09;;0.1;0.1
;US-AR;1922;p0p100;1104038.3;4491262593.0;1.0;1.0
;US-AR;1922;p99p100;101455.6;;0.1547;0.1547
;US-AR;1922;p99.9p100;329040.0;;0.0502;0.0502
;US-AR;1922;p99.99p100;912088.31;;0.0139;0.0139
;US-AR;1922;p90p100;26084.301;;0.3978;0.3978
;US-AR;1922;p90p95;10343.7;;0.078900002;0.078900002
;US-AR;1922;p95p99;26657.6;;0.1626;0.1626
;US-AR;1922;p99.5p99.9;98046.203;;0.059799999;0.059799999
;US-AR;1922;p99.9p99.99;264256.81;;0.0363;0.0363
;US-AR;1922;p99p99.5;58666.199;;0.0447;0.0447
;US-AR;1922;p95p100;41617.199;;0.31740001;0.31740001
;US-AR;1922;p0p90;4398.7002;;0.6038;0.6038
;US-AR;1922;p0p99;5598.2998;;0.84530002;0.84530002
;US-AR;1922;p99.5p100;144244.91;;0.11;0.11
;US-AR;1921;p0p100;848833.5;3906064148.0;1.0;1.0
;US-AR;1921;p99p100;83058.898;;0.1445;0.1445
;US-AR;1921;p99.9p100;250748.8;;0.0436;0.0436
;US-AR;1921;p99.99p100;611745.81;;0.0106;0.0106
;US-AR;1921;p90p100;23749.5;;0.41319999;0.41319999
;US-AR;1921;p90p95;10255.1;;0.089199997;0.089199997
;US-AR;1921;p95p99;25547.199;;0.1778;0.1778
;US-AR;1921;p99.5p99.9;81310.102;;0.056600001;0.056600001
;US-AR;1921;p99.9p99.99;210638.09;;0.033;0.033
;US-AR;1921;p99p99.5;50920.0;;0.044300001;0.044300001
;US-AR;1921;p95p100;37049.5;;0.32229999;0.32229999
;US-AR;1921;p0p90;3757.8;;0.58850002;0.58850002
;US-AR;1921;p0p99;4966.2998;;0.85549998;0.85549998
;US-AR;1921;p99.5p100;115197.8;;0.1002;0.1002
;US-AR;1920;p0p100;780839.31;4442563026.0;1.0;1.0
;US-AR;1920;p99p100;85660.602;;0.1293;0.1293
;US-AR;1920;p99.9p100;269634.19;;0.0407;0.0407
;US-AR;1920;p99.99p100;755810.0;;0.0114;0.0114
;US-AR;1920;p90p100;24814.0;;0.37459999;0.37459999
;US-AR;1920;p90p95;10040.0;;0.075800002;0.075800002
;US-AR;1920;p95p99;27836.1;;0.1681;0.1681
;US-AR;1920;p99.5p99.9;82786.602;;0.050000001;0.050000001
;US-AR;1920;p99.9p99.99;215614.7;;0.029300001;0.029300001
;US-AR;1920;p99p99.5;51165.199;;0.038600001;0.038600001
;US-AR;1920;p95p100;39401.0;;0.2974;0.2974
;US-AR;1920;p0p90;4614.1001;;0.6268;0.6268
;US-AR;1920;p0p99;5826.3999;;0.8707;0.8707
;US-AR;1920;p99.5p100;120156.1;;0.090700001;0.090700001
;US-AR;1919;p0p100;1412452.0;5883691548.0;1.0;1.0
;US-AR;1919;p99p100;121372.0;;0.13590001;0.13590001
;US-AR;1919;p99.9p100;362466.41;;0.040600002;0.040600002
;US-AR;1919;p99.99p100;909024.0;;0.0102;0.0102
;US-AR;1919;p90p100;30855.9;;0.34549999;0.34549999
;US-AR;1919;p90p95;10852.9;;0.060800001;0.060800001
;US-AR;1919;p95p99;32770.102;;0.1468;0.1468
;US-AR;1919;p99.5p99.9;121994.1;;0.0546;0.0546
;US-AR;1919;p99.9p99.99;302242.41;;0.0305;0.0305
;US-AR;1919;p99p99.5;72352.5;;0.0405;0.0405
;US-AR;1919;p95p100;50490.5;;0.28259999;0.28259999
;US-AR;1919;p0p90;6517.5;;0.65670002;0.65670002
;US-AR;1919;p0p99;7796.1001;;0.86409998;0.86409998
;US-AR;1919;p99.5p100;170391.5;;0.095399998;0.095399998
;US-AR;1918;p0p100;1840694.1;5742855400.0;1.0;1.0
;US-AR;1918;p99p100;111416.6;;0.12630001;0.12630001
;US-AR;1918;p99.9p100;333216.09;;0.037799999;0.037799999
;US-AR;1918;p99.99p100;836497.69;;0.0094999997;0.0094999997
;US-AR;1918;p90p100;25484.801;;0.2888;0.2888
;US-AR;1918;p90p95;9321.0;;0.0528;0.0528
;US-AR;1918;p95p99;23501.199;;0.1065;0.1065
;US-AR;1918;p99.5p99.9;112848.1;;0.051199999;0.051199999
;US-AR;1918;p99.9p99.99;277302.5;;0.0283;0.0283
;US-AR;1918;p99p99.5;65913.102;;0.0374;0.0374
;US-AR;1918;p95p100;41084.301;;0.23280001;0.23280001
;US-AR;1918;p0p90;7003.6001;;0.71439999;0.71439999
;US-AR;1918;p0p99;7787.2002;;0.87370002;0.87370002
;US-AR;1918;p99.5p100;156920.59;;0.0889;0.0889
;US-AR;1917;p0p100;2651348.3;6003258087.0;1.0;1.0
;US-AR;1917;p99p100;118511.6;;0.1286;0.1286
;US-AR;1917;p99.9p100;386799.91;;0.041999999;0.041999999
;US-AR;1917;p99.99p100;1020603.8;;0.0111;0.0111
;US-AR;1917;p90p100;27279.6;;0.29609999;0.29609999
;US-AR;1917;p90p95;11850.8;;0.064300001;0.064300001
