Variable Name;.;.;.;PPP conversion factor, LCU per EUR | individuals | Exchange rates | All Ages | local currency per foreign currency;Market exchange rate, LCU per EUR | individuals | Exchange rates | All Ages | local currency per foreign currency;PPP conversion factor, LCU per USD | individuals | Exchange rates | All Ages | local currency per foreign currency;Market exchange rate, LCU per USD | individuals | Exchange rates | All Ages | local currency per foreign currency;PPP conversion factor, LCU per CNY | individuals | Exchange rates | All Ages | local currency per foreign currency;Market exchange rate, LCU per CNY | individuals | Exchange rates | All Ages | local currency per foreign currency
Variable Category;.;.;.;Other macro;Other macro;Other macro;Other macro;Other macro;Other macro
Variable Description;.;.;.;PPP conversion factor of curent local currency to current PPP EUR.;Official exchange rate of the local currency to EUR.;PPP conversion factor of current local currency to current USD.;Official exchange rate of the local currency to USD.;PPP conversion factor of current local currency to current PPP CNY.;Official exchange rate of the local currency to CNY.
Variable Decomposition;.;.;.;;;;;;
Variable Unit;.;.;.;local currency per foreign currency;local currency per foreign currency;local currency per foreign currency;local currency per foreign currency;local currency per foreign currency;local currency per foreign currency
Methodological Notes;.;.;.;Using the evolution of the price index relative to the reference country, we extrapolate the PPP from the 2011 ICP.;;Using the evolution of the price index relative to the reference country, we extrapolate the PPP from the 2011 ICP.;;Using the evolution of the price index relative to the reference country, we extrapolate the PPP from the 2011 ICP.;
Sources;.;.;.;WID.world computations using:  http://data.worldbank.org/ (World Bank);;WID.world computations using:  http://data.worldbank.org/ (World Bank);;WID.world computations using:  http://data.worldbank.org/ (World Bank);
Variable Code;country;year;perc;xlceup999i;xlceux999i;xlcusp999i;xlcusx999i;xlcyup999i;xlcyux999i
;YE;2018;p0p100;225.59816;306.18842;170.15009;249.7814;53.691044;39.131805
;YE;2017;p0p100;155.40199;242.15756;118.22189;214.89;36.260403;31.794315
;YE;2016;p0p100;131.24939;237.70093;100.68213;214.89;30.120392;32.341141
;YE;2015;p0p100;121.02504;238.32736;93.031097;214.89;27.363022;34.506687
;YE;2014;p0p100;106.62341;285.10181;81.718941;214.89;23.628189;34.978809
;YE;2013;p0p100;100.61313;285.31818;77.736763;214.89;22.197392;34.683407
;YE;2012;p0p100;97.12394;275.41125;75.336487;214.35083;21.576866;33.957466
;YE;2011;p0p100;97.154289;297.2106;75.818138;213.8;21.628115;33.08849
;YE;2010;p0p100;85.110893;290.83035;67.177605;219.59;20.271811;32.434456
;YE;2009;p0p100;75.290901;281.79279;59.982601;202.84666;19.046707;29.693209
;YE;2008;p0p100;83.26461;292.61984;66.458778;199.76416;20.564455;28.748608
;YE;2007;p0p100;74.232559;272.30103;59.230366;198.95334;19.366808;26.152151
;YE;2006;p0p100;69.367958;247.19492;55.503639;197.04916;18.991632;24.7132
;YE;2005;p0p100;60.041157;238.15994;48.512394;191.50917;16.668266;23.370974
;YE;2004;p0p100;50.911121;229.43117;41.592918;184.77583;14.456531;22.324547
;YE;2003;p0p100;46.786175;207.04431;38.554718;183.44833;13.900542;22.163528
;YE;2002;p0p100;43.742081;165.28609;36.045547;175.625;13.154327;21.218546
;YE;2001;p0p100;41.501976;150.93526;33.968937;168.67166;12.186359;20.378189
;YE;2000;p0p100;41.739471;148.99413;34.18499;161.71834;12.177617;19.534729
;YE;1999;p0p100;35.099178;165.90007;29.012054;155.71834;10.77991;18.810539
;YE;1998;p0p100;27.131563;;22.41687;135.88167;8.2934141;16.412895
;YE;1997;p0p100;29.379404;;24.334362;129.28084;8.951582;15.595138
