Variable Name;.;.;.;Fiscal income  | tax unit | Average | Adults | constant 2015 local currency;Fiscal income  | tax unit | Total | Adults | constant 2015 local currency;Fiscal income  | tax unit | Share | Adults | share of total (ratio);Pre-tax national income  | tax unit | Share | Adults | share of total (ratio)
Variable Category;.;.;.;Income inequality;Income inequality;Income inequality;Income inequality
Variable Description;.;.;.;Average Fiscal income within a given percentile group. Fiscal income is defined as the sum of all income items reported on income tax returns, before any deduction. It includes labour income, capital income and mixed income. The concept of fiscal income varies with national tax legislations, so in order to make international comparisons it is preferable to use the concept of national income. The population is comprised of individuals over age 20. The base unit is the tax unit defined by national fiscal administrations to measure personal income taxes.;Total Fiscal income  within a given percentile group. Fiscal income is defined as the sum of all income items reported on income tax returns, before any deduction. It includes labour income, capital income and mixed income. The concept of fiscal income varies with national tax legislations, so in order to make international comparisons it is preferable to use the concept of national income. The population is comprised of individuals over age 20.;Fiscal income share held by a given percentile group. Fiscal income is defined as the sum of all income items reported on income tax returns, before any deduction. It includes labour income, capital income and mixed income. The concept of fiscal income varies with national tax legislations, so in order to make international comparisons it is preferable to use the concept of national income. The population is comprised of individuals over age 20. The base unit is the tax unit defined by national fiscal administrations to measure personal income taxes.;Pre-tax national income share held by a given percentile group. Pre-tax national income  is the sum of all pre-tax personal income flows accruing to the owners of the production factors, labor and capital, before taking into account the operation of the tax/transfer system, but after taking into account the operation of pension system. The central difference between personal factor income and pre-tax income is the treatment of pensions, which are counted on a contribution basis by factor income and on a distribution basis by pre-tax income. The population is comprised of individuals over age 20. The base unit is the tax unit defined by national fiscal administrations to measure personal income taxes.
Variable Decomposition;.;.;.;[Fiscal income ]=[Fiscal labour income ]+[Fiscal capital income ];[Fiscal income ]=[Fiscal labour income ]+[Fiscal capital income ];[Fiscal income ]=[Fiscal labour income ]+[Fiscal capital income ];Pre-tax national income =Pre-tax labor income [total pre-tax income ranking]+Pre-tax capital income [total pre-tax income ranking]
Variable Unit;.;.;.;"USD; United States dollar | local currency | market";"USD; United States dollar | local currency | market";share;share
Methodological Notes;.;.;.;;;;Assuming the same distribution as fiscal income.
Sources;.;.;.;Frank, Sommeiller, Price & Saez (2015);Frank, Sommeiller, Price & Saez (2015);Frank, Sommeiller, Price & Saez (2015);WID.world computations using: Frank, Sommeiller, Price & Saez (2015)
Variable Code;country;year;perc;afiinc992t;mfiinc992t;sfiinc992t;sptinc992t
;US-MD;2015;p0p100;78346.898;2.47120113194e+11;1.0;1.0
;US-MD;2015;p99p100;1256160.6;;0.1603;0.1603
;US-MD;2015;p99.9p100;5226459.5;;0.066699997;0.066699997
;US-MD;2015;p99.99p100;20481522.0;;0.0261;0.0261
;US-MD;2015;p90p100;339765.41;;0.4337;0.4337
;US-MD;2015;p90p95;184613.09;;0.1178;0.1178
;US-MD;2015;p95p99;302971.0;;0.1547;0.1547
;US-MD;2015;p99.5p99.9;1099483.5;;0.0561;0.0561
;US-MD;2015;p99.9p99.99;3588520.5;;0.041200001;0.041200001
;US-MD;2015;p99p99.5;585013.31;;0.037300002;0.037300002
;US-MD;2015;p95p100;494151.59;;0.3154;0.3154
;US-MD;2015;p0p90;49329.5;;0.56669998;0.56669998
;US-MD;2015;p0p99;66449.797;;0.83969998;0.83969998
;US-MD;2015;p99.5p100;1925093.3;;0.1229;0.1229
;US-MD;2014;p0p100;74775.898;2.35297622832e+11;1.0;1.0
;US-MD;2014;p99p100;1154425.9;;0.1548;0.1548
;US-MD;2014;p99.9p100;4774235.0;;0.064000003;0.064000003
;US-MD;2014;p99.99p100;19324452.0;;0.025900001;0.025900001
;US-MD;2014;p90p100;317320.09;;0.42539999;0.42539999
;US-MD;2014;p90p95;174290.7;;0.1168;0.1168
;US-MD;2014;p95p99;286585.5;;0.15369999;0.15369999
;US-MD;2014;p99.5p99.9;1009162.7;;0.054099999;0.054099999
;US-MD;2014;p99.9p99.99;3186223.0;;0.038400002;0.038400002
;US-MD;2014;p99p99.5;548089.69;;0.036699999;0.036699999
;US-MD;2014;p95p100;460046.5;;0.30829999;0.30829999
;US-MD;2014;p0p90;47604.0;;0.57429999;0.57429999
;US-MD;2014;p0p99;63691.301;;0.8452;0.8452
;US-MD;2014;p99.5p100;1760672.8;;0.118;0.118
;US-MD;2013;p0p100;75930.5;2.29176923853e+11;1.0;1.0
;US-MD;2013;p99p100;1076655.0;;0.1468;0.1468
;US-MD;2013;p99.9p100;4276484.0;;0.0583;0.0583
;US-MD;2013;p99.99p100;17053034.0;;0.0232;0.0232
;US-MD;2013;p90p100;306259.41;;0.41749999;0.41749999
;US-MD;2013;p90p95;171751.41;;0.1171;0.1171
;US-MD;2013;p95p99;281178.0;;0.1533;0.1533
;US-MD;2013;p99.5p99.9;951532.69;;0.051899999;0.051899999
;US-MD;2013;p99.9p99.99;2865957.0;;0.0352;0.0352
;US-MD;2013;p99p99.5;537187.81;;0.036600001;0.036600001
;US-MD;2013;p95p100;440375.59;;0.30019999;0.30019999
;US-MD;2013;p0p90;47489.0;;0.58270001;0.58270001
;US-MD;2013;p0p99;63217.102;;0.85320002;0.85320002
;US-MD;2013;p99.5p100;1616739.9;;0.1102;0.1102
;US-MD;2012;p0p100;83655.0;2.37873228909e+11;1.0;1.0
;US-MD;2012;p99p100;1270011.0;;0.1618;0.1618
;US-MD;2012;p99.9p100;5584963.0;;0.071099997;0.071099997
;US-MD;2012;p99.99p100;23673920.0;;0.030200001;0.030200001
;US-MD;2012;p90p100;327296.31;;0.417;0.417
;US-MD;2012;p90p95;169600.7;;0.108;0.108
;US-MD;2012;p95p99;288320.31;;0.1469;0.1469
;US-MD;2012;p99.5p99.9;1075428.3;;0.0548;0.0548
;US-MD;2012;p99.9p99.99;3616798.0;;0.041499998;0.041499998
;US-MD;2012;p99p99.5;563565.19;;0.0359;0.0359
;US-MD;2012;p95p100;484535.31;;0.30860001;0.30860001
;US-MD;2012;p0p90;50824.801;;0.58270001;0.58270001
;US-MD;2012;p0p99;66461.703;;0.83819997;0.83819997
;US-MD;2012;p99.5p100;1976723.8;;0.1259;0.1259
;US-MD;2011;p0p100;84493.602;2.27343264453e+11;1.0;1.0
;US-MD;2011;p99p100;1124791.8;;0.1478;0.1478
;US-MD;2011;p99.9p100;4731951.0;;0.062199999;0.062199999
;US-MD;2011;p99.99p100;19641862.0;;0.025800001;0.025800001
;US-MD;2011;p90p100;310021.19;;0.40740001;0.40740001
;US-MD;2011;p90p95;168228.41;;0.1105;0.1105
;US-MD;2011;p95p99;283211.19;;0.1489;0.1489
;US-MD;2011;p99.5p99.9;965082.81;;0.050700001;0.050700001
;US-MD;2011;p99.9p99.99;3087411.5;;0.036499999;0.036499999
;US-MD;2011;p99p99.5;530951.0;;0.034899998;0.034899998
;US-MD;2011;p95p100;451455.81;;0.29660001;0.29660001
;US-MD;2011;p0p90;50115.398;;0.5927;0.5927
;US-MD;2011;p0p99;65508.898;;0.85219997;0.85219997
;US-MD;2011;p99.5p100;1719191.8;;0.113;0.113
;US-MD;2010;p0p100;90476.797;2.26867395622e+11;1.0;1.0
;US-MD;2010;p99p100;1116284.8;;0.14579999;0.14579999
;US-MD;2010;p99.9p100;4708902.0;;0.061500002;0.061500002
;US-MD;2010;p99.99p100;20004322.0;;0.0261;0.0261
;US-MD;2010;p90p100;307346.81;;0.40130001;0.40130001
;US-MD;2010;p90p95;165189.0;;0.1079;0.1079
;US-MD;2010;p95p99;282370.69;;0.14749999;0.14749999
;US-MD;2010;p99.5p99.9;953904.38;;0.049800001;0.049800001
;US-MD;2010;p99.9p99.99;3006704.0;;0.035300002;0.035300002
;US-MD;2010;p99p99.5;527183.13;;0.034400001;0.034400001
;US-MD;2010;p95p100;449077.5;;0.29319999;0.29319999
;US-MD;2010;p0p90;50964.0;;0.59899998;0.59899998
;US-MD;2010;p0p99;66077.797;;0.85420001;0.85420001
;US-MD;2010;p99.5p100;1706573.1;;0.1114;0.1114
;US-MD;2009;p0p100;91726.5;2.1781743578e+11;1.0;1.0
;US-MD;2009;p99p100;1016780.5;;0.1353;0.1353
;US-MD;2009;p99.9p100;3879913.0;;0.051600002;0.051600002
;US-MD;2009;p99.99p100;15181482.0;;0.020199999;0.020199999
;US-MD;2009;p90p100;298947.19;;0.3978;0.3978
;US-MD;2009;p90p95;162884.3;;0.1084;0.1084
;US-MD;2009;p95p99;288644.59;;0.15360001;0.15360001
;US-MD;2009;p99.5p99.9;881037.0;;0.0469;0.0469
;US-MD;2009;p99.9p99.99;2539946.8;;0.030400001;0.030400001
;US-MD;2009;p99p99.5;519746.5;;0.034600001;0.034600001
;US-MD;2009;p95p100;434833.09;;0.28929999;0.28929999
;US-MD;2009;p0p90;50594.398;;0.60589999;0.60589999
;US-MD;2009;p0p99;65640.5;;0.86470002;0.86470002
;US-MD;2009;p99.5p100;1503602.8;;0.1;0.1
;US-MD;2008;p0p100;96481.297;2.29225597756e+11;1.0;1.0
;US-MD;2008;p99p100;1214105.5;;0.1525;0.1525
;US-MD;2008;p99.9p100;4995211.5;;0.062700003;0.062700003
;US-MD;2008;p99.99p100;20035446.0;;0.0252;0.0252
;US-MD;2008;p90p100;324982.91;;0.4082;0.4082
;US-MD;2008;p90p95;166597.7;;0.1046;0.1046
;US-MD;2008;p95p99;296400.31;;0.1489;0.1489
;US-MD;2008;p99.5p99.9;1019874.2;;0.051199999;0.051199999
;US-MD;2008;p99.9p99.99;3229819.5;;0.036499999;0.036499999
;US-MD;2008;p99p99.5;562044.19;;0.035300002;0.035300002
;US-MD;2008;p95p100;482810.09;;0.30320001;0.30320001
;US-MD;2008;p0p90;52919.0;;0.59820002;0.59820002
;US-MD;2008;p0p99;68153.5;;0.84750003;0.84750003
;US-MD;2008;p99.5p100;1847773.1;;0.116;0.116
;US-MD;2007;p0p100;110926.6;2.42878935445e+11;1.0;1.0
;US-MD;2007;p99p100;1588868.3;;0.18719999;0.18719999
;US-MD;2007;p99.9p100;7269729.5;;0.085600004;0.085600004
;US-MD;2007;p99.99p100;31316856.0;;0.036899999;0.036899999
;US-MD;2007;p90p100;371407.69;;0.4375;0.4375
;US-MD;2007;p90p95;169098.41;;0.099600002;0.099600002
;US-MD;2007;p95p99;315708.59;;0.1488;0.1488
;US-MD;2007;p99.5p99.9;1283769.8;;0.0605;0.0605
;US-MD;2007;p99.9p99.99;4540608.5;;0.048099998;0.048099998
;US-MD;2007;p99p99.5;650607.69;;0.0383;0.0383
;US-MD;2007;p95p100;573475.13;;0.3378;0.3378
;US-MD;2007;p0p90;53554.898;;0.56779999;0.56779999
;US-MD;2007;p0p99;69697.297;;0.81279999;0.81279999
;US-MD;2007;p99.5p100;2509384.8;;0.1478;0.1478
;US-MD;2006;p0p100;115014.9;2.35745115683e+11;1.0;1.0
;US-MD;2006;p99p100;1493751.3;;0.1795;0.1795
;US-MD;2006;p99.9p100;6685901.0;;0.080300003;0.080300003
;US-MD;2006;p99.99p100;27770904.0;;0.033399999;0.033399999
;US-MD;2006;p90p100;361905.09;;0.4348;0.4348
;US-MD;2006;p90p95;178530.41;;0.1073;0.1073
;US-MD;2006;p95p99;304642.31;;0.1464;0.1464
;US-MD;2006;p99.5p99.9;1236663.4;;0.0594;0.0594
;US-MD;2006;p99.9p99.99;4325426.0;;0.046799999;0.046799999
;US-MD;2006;p99p99.5;628798.5;;0.037799999;0.037799999
;US-MD;2006;p95p100;544425.13;;0.32710001;0.32710001
;US-MD;2006;p0p90;52617.398;;0.56900001;0.56900001
;US-MD;2006;p0p99;68980.797;;0.82050002;0.82050002
;US-MD;2006;p99.5p100;2345935.0;;0.1409;0.1409
;US-MD;2005;p0p100;119314.0;2.26527492823e+11;1.0;1.0
;US-MD;2005;p99p100;1421520.1;;0.17560001;0.17560001
;US-MD;2005;p99.9p100;6336746.0;;0.078299999;0.078299999
;US-MD;2005;p99.99p100;26312850.0;;0.032499999;0.032499999
;US-MD;2005;p90p100;348416.0;;0.43040001;0.43040001
;US-MD;2005;p90p95;172710.3;;0.1067;0.1067
;US-MD;2005;p95p99;297258.19;;0.1469;0.1469
;US-MD;2005;p99.5p99.9;1177213.8;;0.058200002;0.058200002
;US-MD;2005;p99.9p99.99;4103564.8;;0.045600001;0.045600001
;US-MD;2005;p99p99.5;607891.0;;0.037500001;0.037500001
;US-MD;2005;p95p100;523182.81;;0.32319999;0.32319999
;US-MD;2005;p0p90;51495.5;;0.57260001;0.57260001
;US-MD;2005;p0p99;67403.398;;0.82440001;0.82440001
;US-MD;2005;p99.5p100;2225437.5;;0.1375;0.1375
;US-MD;2004;p0p100;123861.0;2.14966839525e+11;1.0;1.0
;US-MD;2004;p99p100;1292793.3;;0.16429999;0.16429999
;US-MD;2004;p99.9p100;5629700.5;;0.071599998;0.071599998
;US-MD;2004;p99.99p100;23470544.0;;0.0298;0.0298
;US-MD;2004;p90p100;330033.09;;0.41949999;0.41949999
;US-MD;2004;p90p95;170261.41;;0.1082;0.1082
;US-MD;2004;p95p99;287691.59;;0.1463;0.1463
;US-MD;2004;p99.5p99.9;1079916.3;;0.054900002;0.054900002
;US-MD;2004;p99.9p99.99;3624304.3;;0.041499998;0.041499998
;US-MD;2004;p99p99.5;577491.81;;0.036699999;0.036699999
;US-MD;2004;p95p100;489105.31;;0.3109;0.3109
;US-MD;2004;p0p90;50921.699;;0.5826;0.5826
;US-MD;2004;p0p99;66402.398;;0.83569998;0.83569998
;US-MD;2004;p99.5p100;2002090.8;;0.12729999;0.12729999
;US-MD;2003;p0p100;121696.5;1.98612016819e+11;1.0;1.0
;US-MD;2003;p99p100;1071742.4;;0.1463;0.1463
;US-MD;2003;p99.9p100;4328053.0;;0.059099998;0.059099998
;US-MD;2003;p99.99p100;17285542.0;;0.023600001;0.023600001
;US-MD;2003;p90p100;298976.31;;0.40799999;0.40799999
;US-MD;2003;p90p95;173172.59;;0.1182;0.1182
;US-MD;2003;p95p99;261763.91;;0.1429;0.1429
;US-MD;2003;p99.5p99.9;929898.63;;0.050799999;0.050799999
;US-MD;2003;p99.9p99.99;2859861.5;;0.035100002;0.035100002
;US-MD;2003;p99p99.5;519465.81;;0.035399999;0.035399999
;US-MD;2003;p95p100;424186.59;;0.28940001;0.28940001
;US-MD;2003;p0p90;48365.102;;0.59399998;0.59399998
;US-MD;2003;p0p99;63191.602;;0.85369998;0.85369998
;US-MD;2003;p99.5p100;1619491.6;;0.1105;0.1105
;US-MD;2002;p0p100;128291.8;1.95460862321e+11;1.0;1.0
;US-MD;2002;p99p100;1025579.9;;0.1388;0.1388
;US-MD;2002;p99.9p100;4012475.0;;0.054299999;0.054299999
;US-MD;2002;p99.99p100;15436088.0;;0.0209;0.0209
;US-MD;2002;p90p100;293854.59;;0.3976;0.3976
;US-MD;2002;p90p95;174605.2;;0.1181;0.1181
;US-MD;2002;p95p99;258991.5;;0.1402;0.1402
;US-MD;2002;p99.5p99.9;906483.19;;0.0491;0.0491
;US-MD;2002;p99.9p99.99;2723851.5;;0.033199999;0.033199999
;US-MD;2002;p99p99.5;512103.5;;0.034600001;0.034600001
;US-MD;2002;p95p100;412602.5;;0.2791;0.2791
;US-MD;2002;p0p90;49598.801;;0.60399997;0.60399997
;US-MD;2002;p0p99;64297.602;;0.86119998;0.86119998
;US-MD;2002;p99.5p100;1535601.8;;0.1039;0.1039
;US-MD;2001;p0p100;135554.5;1.98659118822e+11;1.0;1.0
;US-MD;2001;p99p100;1122236.4;;0.14839999;0.14839999
;US-MD;2001;p99.9p100;4791784.5;;0.0634;0.0634
;US-MD;2001;p99.99p100;19925784.0;;0.0263;0.0263
;US-MD;2001;p90p100;305685.0;;0.40419999;0.40419999
;US-MD;2001;p90p95;169583.8;;0.1121;0.1121
;US-MD;2001;p95p99;270824.41;;0.1432;0.1432
;US-MD;2001;p99.5p99.9;954288.0;;0.050500002;0.050500002
;US-MD;2001;p99.9p99.99;3115959.0;;0.037099998;0.037099998
;US-MD;2001;p99p99.5;521553.91;;0.034499999;0.034499999
;US-MD;2001;p95p100;441380.69;;0.29179999;0.29179999
;US-MD;2001;p0p90;50108.102;;0.59630001;0.59630001
;US-MD;2001;p0p99;65059.602;;0.85159999;0.85159999
;US-MD;2001;p99.5p100;1723458.4;;0.1139;0.1139
;US-MD;2000;p0p100;149908.2;2.04951067397e+11;1.0;1.0
;US-MD;2000;p99p100;1405338.8;;0.1776;0.1776
;US-MD;2000;p99.9p100;6791738.5;;0.0858;0.0858
;US-MD;2000;p99.99p100;30698886.0;;0.038800001;0.038800001
;US-MD;2000;p90p100;340884.0;;0.43079999;0.43079999
;US-MD;2000;p90p95;172603.09;;0.1091;0.1091
;US-MD;2000;p95p99;283371.59;;0.1432;0.1432
;US-MD;2000;p99.5p99.9;1098651.8;;0.055500001;0.055500001
;US-MD;2000;p99.9p99.99;4142484.5;;0.0471;0.0471
;US-MD;2000;p99p99.5;569143.0;;0.035999998;0.035999998
;US-MD;2000;p95p100;508454.59;;0.3213;0.3213
;US-MD;2000;p0p90;50145.199;;0.57029998;0.57029998
;US-MD;2000;p0p99;65738.203;;0.82239997;0.82239997
;US-MD;2000;p99.5p100;2240280.5;;0.1415;0.1415
;US-MD;1999;p0p100;150971.7;1.93542417994e+11;1.0;1.0
;US-MD;1999;p99p100;1217979.0;;0.16320001;0.16320001
;US-MD;1999;p99.9p100;5481393.0;;0.0735;0.0735
;US-MD;1999;p99.99p100;22617402.0;;0.030300001;0.030300001
;US-MD;1999;p90p100;314786.5;;0.4219;0.4219
;US-MD;1999;p90p95;168633.5;;0.113;0.113
;US-MD;1999;p95p99;270914.81;;0.1452;0.1452
;US-MD;1999;p99.5p99.9;1015369.4;;0.054400001;0.054400001
;US-MD;1999;p99.9p99.99;3598780.5;;0.043400001;0.043400001
;US-MD;1999;p99p99.5;525897.81;;0.0352;0.0352
;US-MD;1999;p95p100;460510.31;;0.30860001;0.30860001
;US-MD;1999;p0p90;47946.0;;0.5783;0.5783
;US-MD;1999;p0p99;63062.102;;0.83679998;0.83679998
;US-MD;1999;p99.5p100;1909988.9;;0.12800001;0.12800001
;US-MD;1998;p0p100;146113.2;1.80469723233e+11;1.0;1.0
;US-MD;1998;p99p100;1099415.6;;0.1587;0.1587
;US-MD;1998;p99.9p100;4876156.0;;0.0704;0.0704
;US-MD;1998;p99.99p100;20127766.0;;0.028999999;0.028999999
;US-MD;1998;p90p100;291552.59;;0.4208;0.4208
;US-MD;1998;p90p95;161107.09;;0.1163;0.1163
;US-MD;1998;p95p99;251759.41;;0.1453;0.1453
;US-MD;1998;p99.5p99.9;924232.0;;0.053399999;0.053399999
;US-MD;1998;p99.9p99.99;3195716.5;;0.041499998;0.041499998
;US-MD;1998;p99p99.5;483138.59;;0.034899998;0.034899998
;US-MD;1998;p95p100;421581.91;;0.30419999;0.30419999
;US-MD;1998;p0p90;44624.5;;0.57959998;0.57959998
;US-MD;1998;p0p99;58884.0;;0.84130001;0.84130001
;US-MD;1998;p99.5p100;1715633.8;;0.1238;0.1238
;US-MD;1997;p0p100;143584.5;1.67393210181e+11;1.0;1.0
;US-MD;1997;p99p100;1007139.2;;0.1521;0.1521
;US-MD;1997;p99.9p100;4264362.5;;0.064400002;0.064400002
;US-MD;1997;p99.99p100;17443878.0;;0.0263;0.0263
;US-MD;1997;p90p100;282349.09;;0.42629999;0.42629999
;US-MD;1997;p90p95;163782.2;;0.1236;0.1236
;US-MD;1997;p95p99;248808.0;;0.1503;0.1503
;US-MD;1997;p99.5p99.9;867281.13;;0.0524;0.0524
;US-MD;1997;p99.9p99.99;2806999.5;;0.0381;0.0381
;US-MD;1997;p99p99.5;466469.91;;0.0352;0.0352
;US-MD;1997;p95p100;400617.19;;0.30250001;0.30250001
;US-MD;1997;p0p90;42238.5;;0.574;0.574
;US-MD;1997;p0p99;56724.102;;0.84789997;0.84789997
;US-MD;1997;p99.5p100;1547550.5;;0.1168;0.1168
;US-MD;1996;p0p100;141144.2;1.56955865294e+11;1.0;1.0
;US-MD;1996;p99p100;834807.5;;0.1338;0.1338
;US-MD;1996;p99.9p100;3115223.5;;0.049899999;0.049899999
;US-MD;1996;p99.99p100;11316983.0;;0.018100001;0.018100001
;US-MD;1996;p90p100;252031.0;;0.40400001;0.40400001
;US-MD;1996;p90p95;155193.2;;0.1244;0.1244
;US-MD;1996;p95p99;227032.5;;0.14560001;0.14560001
;US-MD;1996;p99.5p99.9;758046.13;;0.048599999;0.048599999
;US-MD;1996;p99.9p99.99;2200508.0;;0.0317;0.0317
;US-MD;1996;p99p99.5;434125.31;;0.0348;0.0348
;US-MD;1996;p95p100;348662.0;;0.27950001;0.27950001
;US-MD;1996;p0p90;41357.801;;0.59670001;0.59670001
;US-MD;1996;p0p99;54575.602;;0.86619997;0.86619997
;US-MD;1996;p99.5p100;1234123.8;;0.098899998;0.098899998
;US-MD;1995;p0p100;145688.3;1.50952703465e+11;1.0;1.0
;US-MD;1995;p99p100;746953.88;;0.1223;0.1223
;US-MD;1995;p99.9p100;2666596.5;;0.0436;0.0436
;US-MD;1995;p99.99p100;9274182.0;;0.0152;0.0152
;US-MD;1995;p90p100;236402.8;;0.38699999;0.38699999
;US-MD;1995;p90p95;146678.41;;0.1201;0.1201
;US-MD;1995;p95p99;220845.8;;0.1446;0.1446
;US-MD;1995;p99.5p99.9;693438.38;;0.045400001;0.045400001
;US-MD;1995;p99.9p99.99;1932899.4;;0.0285;0.0285
;US-MD;1995;p99p99.5;403060.81;;0.033;0.033
;US-MD;1995;p95p100;326025.31;;0.26679999;0.26679999
;US-MD;1995;p0p90;41629.602;;0.61330003;0.61330003
;US-MD;1995;p0p99;54162.602;;0.87769997;0.87769997
;US-MD;1995;p99.5p100;1090395.0;;0.089199997;0.089199997
;US-MD;1994;p0p100;149790.91;1.46065885274e+11;1.0;1.0
;US-MD;1994;p99p100;687910.5;;0.1149;0.1149
;US-MD;1994;p99.9p100;2417989.8;;0.040399998;0.040399998
;US-MD;1994;p99.99p100;8531322.0;;0.0142;0.0142
;US-MD;1994;p90p100;224733.2;;0.3752;0.3752
;US-MD;1994;p90p95;142439.7;;0.1189;0.1189
;US-MD;1994;p95p99;211767.59;;0.14139999;0.14139999
;US-MD;1994;p99.5p99.9;638929.69;;0.0427;0.0427
;US-MD;1994;p99.9p99.99;1731105.3;;0.026000001;0.026000001
;US-MD;1994;p99p99.5;377867.0;;0.031500001;0.031500001
;US-MD;1994;p95p100;306956.0;;0.2563;0.2563
;US-MD;1994;p0p90;41603.102;;0.62519997;0.62519997
;US-MD;1994;p0p99;53548.102;;0.88510001;0.88510001
;US-MD;1994;p99.5p100;997499.5;;0.083300002;0.083300002
;US-MD;1993;p0p100;154494.3;1.43269152603e+11;1.0;1.0
;US-MD;1993;p99p100;672409.13;;0.1135;0.1135
;US-MD;1993;p99.9p100;2342598.3;;0.0396;0.0396
;US-MD;1993;p99.99p100;8201284.5;;0.0138;0.0138
;US-MD;1993;p90p100;220945.3;;0.37310001;0.37310001
;US-MD;1993;p90p95;140040.09;;0.1182;0.1182
;US-MD;1993;p95p99;209179.8;;0.14129999;0.14129999
;US-MD;1993;p99.5p99.9;629394.5;;0.0425;0.0425
;US-MD;1993;p99.9p99.99;1683600.3;;0.025599999;0.025599999
;US-MD;1993;p99p99.5;369353.41;;0.031199999;0.031199999
;US-MD;1993;p95p100;301760.69;;0.25479999;0.25479999
;US-MD;1993;p0p90;41275.898;;0.62730002;0.62730002
;US-MD;1993;p0p99;53023.398;;0.8865;0.8865
;US-MD;1993;p99.5p100;974656.38;;0.0823;0.0823
;US-MD;1992;p0p100;162147.5;1.43096421194e+11;1.0;1.0
;US-MD;1992;p99p100;684584.0;;0.1157;0.1157
;US-MD;1992;p99.9p100;2397690.5;;0.0405;0.0405
;US-MD;1992;p99.99p100;8341461.5;;0.0141;0.0141
;US-MD;1992;p90p100;221784.7;;0.37470001;0.37470001
;US-MD;1992;p90p95;141720.2;;0.1197;0.1197
;US-MD;1992;p95p99;206293.91;;0.13940001;0.13940001
;US-MD;1992;p99.5p99.9;643707.13;;0.043499999;0.043499999
;US-MD;1992;p99.9p99.99;1735463.0;;0.0264;0.0264
;US-MD;1992;p99p99.5;372908.09;;0.031500001;0.031500001
;US-MD;1992;p95p100;301971.91;;0.25510001;0.25510001
;US-MD;1992;p0p90;41127.0;;0.62540001;0.62540001
;US-MD;1992;p0p99;52870.301;;0.88429999;0.88429999
;US-MD;1992;p99.5p100;995933.13;;0.084100001;0.084100001
;US-MD;1991;p0p100;172185.5;1.4224569117e+11;1.0;1.0
;US-MD;1991;p99p100;650240.5;;0.1088;0.1088
;US-MD;1991;p99.9p100;2205451.0;;0.036899999;0.036899999
;US-MD;1991;p99.99p100;7452954.0;;0.0125;0.0125
;US-MD;1991;p90p100;218134.5;;0.36489999;0.36489999
;US-MD;1991;p90p95;143304.2;;0.1199;0.1199
;US-MD;1991;p95p99;204025.09;;0.1365;0.1365
;US-MD;1991;p99.5p99.9;618748.5;;0.0414;0.0414
;US-MD;1991;p99.9p99.99;1621652.5;;0.0244;0.0244
;US-MD;1991;p99p99.5;363769.31;;0.030400001;0.030400001
;US-MD;1991;p95p100;293235.09;;0.24529999;0.24529999
;US-MD;1991;p0p90;42174.398;;0.63489997;0.63489997
;US-MD;1991;p0p99;53817.602;;0.89120001;0.89120001
;US-MD;1991;p99.5p100;936740.81;;0.078299999;0.078299999
;US-MD;1990;p0p100;191209.3;1.44653132655e+11;1.0;1.0
;US-MD;1990;p99p100;728299.13;;0.1177;0.1177
;US-MD;1990;p99.9p100;2600704.5;;0.041999999;0.041999999
;US-MD;1990;p99.99p100;9153786.0;;0.0148;0.0148
;US-MD;1990;p90p100;226875.41;;0.36669999;0.36669999
;US-MD;1990;p90p95;142574.59;;0.1152;0.1152
;US-MD;1990;p95p99;206868.8;;0.1337;0.1337
;US-MD;1990;p99.5p99.9;687157.38;;0.044399999;0.044399999
;US-MD;1990;p99.9p99.99;1875266.4;;0.0273;0.0273
;US-MD;1990;p99p99.5;386220.19;;0.031199999;0.031199999
;US-MD;1990;p95p100;311194.19;;0.25150001;0.25150001
;US-MD;1990;p0p90;43537.5;;0.63330001;0.63330001
;US-MD;1990;p0p99;55138.398;;0.88230002;0.88230002
;US-MD;1990;p99.5p100;1069942.5;;0.086499996;0.086499996
;US-MD;1989;p0p100;213378.7;1.43358883844e+11;1.0;1.0
;US-MD;1989;p99p100;798842.13;;0.1275;0.1275
;US-MD;1989;p99.9p100;3122133.5;;0.049800001;0.049800001
;US-MD;1989;p99.99p100;12055485.0;;0.019200001;0.019200001
;US-MD;1989;p90p100;234223.7;;0.3739;0.3739
;US-MD;1989;p90p95;140247.5;;0.1119;0.1119
;US-MD;1989;p95p99;208053.91;;0.1328;0.1328
;US-MD;1989;p99.5p99.9;709276.13;;0.045299999;0.045299999
;US-MD;1989;p99.9p99.99;2100291.3;;0.030200001;0.030200001
;US-MD;1989;p99p99.5;390929.41;;0.031199999;0.031199999
;US-MD;1989;p95p100;327857.41;;0.2617;0.2617
;US-MD;1989;p0p90;43801.5;;0.6293;0.6293
;US-MD;1989;p0p99;55207.102;;0.8725;0.8725
;US-MD;1989;p99.5p100;1200754.3;;0.095799997;0.095799997
;US-MD;1988;p0p100;237987.7;1.41720362467e+11;1.0;1.0
;US-MD;1988;p99p100;847231.81;;0.132;0.132
;US-MD;1988;p99.9p100;3454086.3;;0.053800002;0.053800002
;US-MD;1988;p99.99p100;13510495.0;;0.021;0.021
;US-MD;1988;p90p100;239145.2;;0.3725;0.3725
;US-MD;1988;p90p95;140500.91;;0.1094;0.1094
;US-MD;1988;p95p99;206547.59;;0.1287;0.1287
;US-MD;1988;p99.5p99.9;736121.5;;0.045899998;0.045899998
;US-MD;1988;p99.9p99.99;2294204.0;;0.032200001;0.032200001
;US-MD;1988;p99p99.5;391596.5;;0.0305;0.0305
;US-MD;1988;p95p100;337244.09;;0.2626;0.2626
;US-MD;1988;p0p90;45114.699;;0.63239998;0.63239998
;US-MD;1988;p0p99;56299.199;;0.86799997;0.86799997
;US-MD;1988;p99.5p100;1293426.4;;0.1007;0.1007
;US-MD;1987;p0p100;241289.8;1.30331967224e+11;1.0;1.0
;US-MD;1987;p99p100;665760.5;;0.1099;0.1099
;US-MD;1987;p99.9p100;2409991.5;;0.039799999;0.039799999
;US-MD;1987;p99.99p100;8780788.0;;0.0145;0.0145
;US-MD;1987;p90p100;214930.91;;0.35479999;0.35479999
;US-MD;1987;p90p95;137249.41;;0.1133;0.1133
;US-MD;1987;p95p99;197257.0;;0.1303;0.1303
;US-MD;1987;p99.5p99.9;605051.38;;0.039999999;0.039999999
;US-MD;1987;p99.9p99.99;1676796.6;;0.024900001;0.024900001
;US-MD;1987;p99p99.5;352513.41;;0.029100001;0.029100001
;US-MD;1987;p95p100;292366.0;;0.2413;0.2413
;US-MD;1987;p0p90;43610.5;;0.648;0.648
;US-MD;1987;p0p99;54459.102;;0.8901;0.8901
;US-MD;1987;p99.5p100;973863.13;;0.080399998;0.080399998
;US-MD;1986;p0p100;270817.31;1.31233173925e+11;1.0;1.0
;US-MD;1986;p99p100;846229.69;;0.133;0.133
;US-MD;1986;p99.9p100;3622651.0;;0.056899998;0.056899998
;US-MD;1986;p99.99p100;15067152.0;;0.023700001;0.023700001
;US-MD;1986;p90p100;235749.2;;0.37059999;0.37059999
;US-MD;1986;p90p95;137684.8;;0.1082;0.1082
;US-MD;1986;p95p99;201415.09;;0.1266;0.1266
;US-MD;1986;p99.5p99.9;710346.69;;0.0447;0.0447
;US-MD;1986;p99.9p99.99;2284858.5;;0.032299999;0.032299999
;US-MD;1986;p99p99.5;373050.19;;0.029300001;0.029300001
;US-MD;1986;p95p100;333128.81;;0.26179999;0.26179999
;US-MD;1986;p0p90;44891.898;;0.63510001;0.63510001
;US-MD;1986;p0p99;55708.0;;0.86699998;0.86699998
;US-MD;1986;p99.5p100;1308456.3;;0.1028;0.1028
;US-MD;1985;p0p100;253640.0;1.18221882161e+11;1.0;1.0
;US-MD;1985;p99p100;620180.13;;0.1079;0.1079
;US-MD;1985;p99.9p100;2381935.8;;0.0414;0.0414
;US-MD;1985;p99.99p100;9047973.0;;0.015699999;0.015699999
;US-MD;1985;p90p100;201870.09;;0.35120001;0.35120001
;US-MD;1985;p90p95;130484.9;;0.1135;0.1135
;US-MD;1985;p95p99;183448.91;;0.1277;0.1277
;US-MD;1985;p99.5p99.9;533514.19;;0.037099998;0.037099998
;US-MD;1985;p99.9p99.99;1571759.0;;0.024599999;0.024599999
;US-MD;1985;p99p99.5;315143.59;;0.0274;0.0274
;US-MD;1985;p95p100;272820.0;;0.23729999;0.23729999
;US-MD;1985;p0p90;41763.199;;0.65390003;0.65390003
;US-MD;1985;p0p99;51794.398;;0.89209998;0.89209998
;US-MD;1985;p99.5p100;916917.69;;0.079800002;0.079800002
;US-MD;1984;p0p100;263014.0;1.11391256011e+11;1.0;1.0
;US-MD;1984;p99p100;557939.69;;0.1001;0.1001
;US-MD;1984;p99.9p100;2079635.3;;0.037300002;0.037300002
;US-MD;1984;p99.99p100;7946627.0;;0.0143;0.0143
;US-MD;1984;p90p100;191741.41;;0.34419999;0.34419999
;US-MD;1984;p90p95;128423.8;;0.1153;0.1153
;US-MD;1984;p95p99;176721.0;;0.1269;0.1269
;US-MD;1984;p99.5p99.9;479393.41;;0.034400001;0.034400001
;US-MD;1984;p99.9p99.99;1352279.8;;0.0218;0.0218
;US-MD;1984;p99p99.5;294149.0;;0.0264;0.0264
;US-MD;1984;p95p100;254913.91;;0.2288;0.2288
;US-MD;1984;p0p90;40912.699;;0.6609;0.6609
;US-MD;1984;p0p99;50638.5;;0.89990002;0.89990002
;US-MD;1984;p99.5p100;813619.13;;0.072999999;0.072999999
;US-MD;1983;p0p100;291118.09;1.05545573207e+11;1.0;1.0
;US-MD;1983;p99p100;488481.31;;0.089500003;0.089500003
;US-MD;1983;p99.9p100;1659543.0;;0.030400001;0.030400001
;US-MD;1983;p99.99p100;6067307.0;;0.0111;0.0111
;US-MD;1983;p90p100;183007.41;;0.3353;0.3353
;US-MD;1983;p90p95;129601.9;;0.1187;0.1187
;US-MD;1983;p95p99;172803.7;;0.1266;0.1266
;US-MD;1983;p99.5p99.9;439595.41;;0.032200001;0.032200001
;US-MD;1983;p99.9p99.99;1132859.9;;0.0187;0.0187
;US-MD;1983;p99p99.5;279130.69;;0.025599999;0.025599999
;US-MD;1983;p95p100;236998.2;;0.21709999;0.21709999
;US-MD;1983;p0p90;40452.898;;0.667;0.667
;US-MD;1983;p0p99;50197.398;;0.91049999;0.91049999
;US-MD;1983;p99.5p100;692618.0;;0.0634;0.0634
;US-MD;1982;p0p100;295893.81;1.02885562463e+11;1.0;1.0
;US-MD;1982;p99p100;528516.0;;0.099299997;0.099299997
;US-MD;1982;p99.9p100;2044277.8;;0.038400002;0.038400002
;US-MD;1982;p99.99p100;8487907.0;;0.016000001;0.016000001
;US-MD;1982;p90p100;191484.2;;0.3599;0.3599
;US-MD;1982;p90p95;131476.0;;0.1236;0.1236
;US-MD;1982;p95p99;181471.41;;0.1364;0.1364
;US-MD;1982;p99.5p99.9;463765.81;;0.034899998;0.034899998
;US-MD;1982;p99.9p99.99;1328319.0;;0.022500001;0.022500001
;US-MD;1982;p99p99.5;277163.69;;0.026000001;0.026000001
;US-MD;1982;p95p100;252504.91;;0.23729999;0.23729999
;US-MD;1982;p0p90;37874.301;;0.64069998;0.64069998
;US-MD;1982;p0p99;48403.5;;0.90069997;0.90069997
;US-MD;1982;p99.5p100;779868.19;;0.073299997;0.073299997
;US-MD;1981;p0p100;332772.5;1.01418025173e+11;1.0;1.0
;US-MD;1981;p99p100;443534.91;;0.083300002;0.083300002
;US-MD;1981;p99.9p100;1462710.4;;0.0275;0.0275
;US-MD;1981;p99.99p100;5239103.0;;0.0098000001;0.0098000001
;US-MD;1981;p90p100;173664.91;;0.3263;0.3263
;US-MD;1981;p90p95;125704.1;;0.1181;0.1181
;US-MD;1981;p95p99;166490.7;;0.1251;0.1251
;US-MD;1981;p99.5p99.9;414578.41;;0.031199999;0.031199999
;US-MD;1981;p99.9p99.99;1042537.5;;0.0176;0.0176
;US-MD;1981;p99p99.5;262043.41;;0.024599999;0.024599999
;US-MD;1981;p95p100;222090.91;;0.2087;0.2087
;US-MD;1981;p0p90;39826.102;;0.6735;0.6735
;US-MD;1981;p0p99;49276.398;;0.91670001;0.91670001
;US-MD;1981;p99.5p100;624807.88;;0.058699999;0.058699999
;US-MD;1980;p0p100;408305.69;1.01472369364e+11;1.0;1.0
;US-MD;1980;p99p100;436732.81;;0.080200002;0.080200002
;US-MD;1980;p99.9p100;1388888.3;;0.0255;0.0255
;US-MD;1980;p99.99p100;4798267.0;;0.0088;0.0088
;US-MD;1980;p90p100;170746.5;;0.3136;0.3136
;US-MD;1980;p90p95;118010.3;;0.1084;0.1084
;US-MD;1980;p95p99;169985.5;;0.1249;0.1249
;US-MD;1980;p99.5p99.9;405732.59;;0.0298;0.0298
;US-MD;1980;p99.9p99.99;1009651.8;;0.0167;0.0167
;US-MD;1980;p99p99.5;270913.09;;0.024900001;0.024900001
;US-MD;1980;p95p100;223419.09;;0.2052;0.2052
;US-MD;1980;p0p90;41526.602;;0.68650001;0.68650001
;US-MD;1980;p0p99;50578.398;;0.91979998;0.91979998
;US-MD;1980;p99.5p100;602502.13;;0.055300001;0.055300001
;US-MD;1979;p0p100;508930.5;1.00307853655e+11;1.0;1.0
;US-MD;1979;p99p100;454765.19;;0.082699999;0.082699999
;US-MD;1979;p99.9p100;1490288.3;;0.027100001;0.027100001
;US-MD;1979;p99.99p100;5822517.5;;0.0106;0.0106
;US-MD;1979;p90p100;175755.2;;0.3197;0.3197
;US-MD;1979;p90p95;122488.3;;0.1114;0.1114
;US-MD;1979;p95p99;172350.0;;0.12540001;0.12540001
;US-MD;1979;p99.5p99.9;431053.0;;0.031399999;0.031399999
;US-MD;1979;p99.9p99.99;1008838.8;;0.0165;0.0165
;US-MD;1979;p99p99.5;266610.69;;0.0242;0.0242
;US-MD;1979;p95p100;228802.0;;0.20810001;0.20810001
;US-MD;1979;p0p90;41563.699;;0.68049997;0.68049997
;US-MD;1979;p0p99;50935.0;;0.91729999;0.91729999
;US-MD;1979;p99.5p100;643024.38;;0.058499999;0.058499999
;US-MD;1978;p0p100;609115.19;97460738765.0;1.0;1.0
;US-MD;1978;p99p100;398402.19;;0.072700001;0.072700001
;US-MD;1978;p99.9p100;1092839.5;;0.0199;0.0199
;US-MD;1978;p99.99p100;3404046.0;;0.0062000002;0.0062000002
;US-MD;1978;p90p100;169540.0;;0.30939999;0.30939999
;US-MD;1978;p90p95;120674.1;;0.1101;0.1101
;US-MD;1978;p95p99;173447.59;;0.1266;0.1266
;US-MD;1978;p99.5p99.9;398039.0;;0.029100001;0.029100001
;US-MD;1978;p99.9p99.99;835905.19;;0.0137;0.0137
;US-MD;1978;p99p99.5;259717.8;;0.023700001;0.023700001
;US-MD;1978;p95p100;218209.2;;0.1991;0.1991
;US-MD;1978;p0p90;42044.398;;0.69059998;0.69059998
;US-MD;1978;p0p99;51324.301;;0.92729998;0.92729998
;US-MD;1978;p99.5p100;537183.19;;0.048999999;0.048999999
;US-MD;1977;p0p100;699199.13;94394525576.0;1.0;1.0
;US-MD;1977;p99p100;395907.69;;0.072899997;0.072899997
;US-MD;1977;p99.9p100;1037576.5;;0.019099999;0.019099999
;US-MD;1977;p99.99p100;2888933.3;;0.0052999998;0.0052999998
;US-MD;1977;p90p100;168352.0;;0.3098;0.3098
;US-MD;1977;p90p95;126090.1;;0.116;0.116
;US-MD;1977;p95p99;164296.59;;0.1209;0.1209
;US-MD;1977;p99.5p99.9;398644.0;;0.029300001;0.029300001
;US-MD;1977;p99.9p99.99;830967.31;;0.0138;0.0138
;US-MD;1977;p99p99.5;265231.81;;0.0244;0.0244
;US-MD;1977;p95p100;210650.09;;0.1938;0.1938
;US-MD;1977;p0p90;41669.801;;0.69019997;0.69019997
;US-MD;1977;p0p99;50886.398;;0.9271;0.9271
;US-MD;1977;p99.5p100;526697.81;;0.048500001;0.048500001
;US-MD;1976;p0p100;800158.63;93075209640.0;1.0;1.0
;US-MD;1976;p99p100;382275.5;;0.069700003;0.069700003
;US-MD;1976;p99.9p100;1007683.4;;0.0184;0.0184
;US-MD;1976;p99.99p100;2864273.3;;0.0052;0.0052
;US-MD;1976;p90p100;161763.91;;0.2951;0.2951
;US-MD;1976;p90p95;117708.2;;0.1074;0.1074
;US-MD;1976;p95p99;161759.3;;0.118;0.118
;US-MD;1976;p99.5p99.9;380657.41;;0.027799999;0.027799999
;US-MD;1976;p99.9p99.99;801576.5;;0.0132;0.0132
;US-MD;1976;p99p99.5;258201.2;;0.023499999;0.023499999
;US-MD;1976;p95p100;205859.7;;0.18780001;0.18780001
;US-MD;1976;p0p90;42937.5;;0.70490003;0.70490003
;US-MD;1976;p0p99;51513.398;;0.9303;0.9303
;US-MD;1976;p99.5p100;506296.69;;0.0462;0.0462
;US-MD;1975;p0p100;875870.81;89073178151.0;1.0;1.0
;US-MD;1975;p99p100;375133.41;;0.069899999;0.069899999
;US-MD;1975;p99.9p100;972427.0;;0.018100001;0.018100001
;US-MD;1975;p99.99p100;2811097.5;;0.0052;0.0052
;US-MD;1975;p90p100;160445.3;;0.29910001;0.29910001
;US-MD;1975;p90p95;117876.0;;0.1099;0.1099
;US-MD;1975;p95p99;160087.59;;0.1194;0.1194
;US-MD;1975;p99.5p99.9;382000.0;;0.0285;0.0285
;US-MD;1975;p99.9p99.99;768594.81;;0.0129;0.0129
;US-MD;1975;p99p99.5;249689.91;;0.0233;0.0233
;US-MD;1975;p95p100;203087.91;;0.1893;0.1893
;US-MD;1975;p0p90;41779.0;;0.70090002;0.70090002
;US-MD;1975;p0p99;50400.398;;0.93010002;0.93010002
;US-MD;1975;p99.5p100;500431.41;;0.046599999;0.046599999
;US-MD;1974;p0p100;1104187.8;92186074733.0;1.0;1.0
;US-MD;1974;p99p100;500701.59;;0.088200003;0.088200003
;US-MD;1974;p99.9p100;1543349.4;;0.0272;0.0272
;US-MD;1974;p99.99p100;5117828.0;;0.0089999996;0.0089999996
;US-MD;1974;p90p100;177341.0;;0.3123;0.3123
;US-MD;1974;p90p95;116988.1;;0.103;0.103
;US-MD;1974;p95p99;172161.41;;0.1213;0.1213
;US-MD;1974;p99.5p99.9;488610.31;;0.034400001;0.034400001
;US-MD;1974;p99.9p99.99;1149426.8;;0.018200001;0.018200001
;US-MD;1974;p99p99.5;303349.69;;0.026699999;0.026699999
;US-MD;1974;p95p100;237680.2;;0.2093;0.2093
;US-MD;1974;p0p90;43375.801;;0.68739998;0.68739998
;US-MD;1974;p0p99;52307.602;;0.91180003;0.91180003
;US-MD;1974;p99.5p100;698647.88;;0.061500002;0.061500002
;US-MD;1973;p0p100;1391073.0;92167305068.0;1.0;1.0
;US-MD;1973;p99p100;432280.31;;0.074500002;0.074500002
;US-MD;1973;p99.9p100;1215953.6;;0.021;0.021
;US-MD;1973;p99.99p100;3735804.0;;0.0063999998;0.0063999998
;US-MD;1973;p90p100;176948.5;;0.30489999;0.30489999
;US-MD;1973;p90p95;124647.0;;0.1074;0.1074
;US-MD;1973;p95p99;178511.5;;0.123;0.123
;US-MD;1973;p99.5p99.9;430296.31;;0.0297;0.0297
;US-MD;1973;p99.9p99.99;935639.38;;0.0145;0.0145
;US-MD;1973;p99p99.5;276966.69;;0.0239;0.0239
;US-MD;1973;p95p100;229272.91;;0.19750001;0.19750001
;US-MD;1973;p0p90;44818.699;;0.69510001;0.69510001
;US-MD;1973;p0p99;54251.102;;0.92549998;0.92549998
;US-MD;1973;p99.5p100;587420.0;;0.0506;0.0506
;US-MD;1972;p0p100;1553775.9;89245994697.0;1.0;1.0
;US-MD;1972;p99p100;443046.19;;0.077100001;0.077100001
;US-MD;1972;p99.9p100;1298563.4;;0.022600001;0.022600001
;US-MD;1972;p99.99p100;4227849.0;;0.0074;0.0074
;US-MD;1972;p90p100;172605.5;;0.30039999;0.30039999
;US-MD;1972;p90p95;120806.7;;0.1051;0.1051
;US-MD;1972;p95p99;169771.3;;0.1182;0.1182
;US-MD;1972;p99.5p99.9;422074.0;;0.0294;0.0294
;US-MD;1972;p99.9p99.99;972918.13;;0.0152;0.0152
;US-MD;1972;p99p99.5;288502.69;;0.0251;0.0251
;US-MD;1972;p95p100;224430.0;;0.1953;0.1953
;US-MD;1972;p0p90;44654.801;;0.69959998;0.69959998
;US-MD;1972;p0p99;53554.801;;0.92290002;0.92290002
;US-MD;1972;p99.5p100;597589.69;;0.052000001;0.052000001
;US-MD;1971;p0p100;1604385.8;84523583675.0;1.0;1.0
;US-MD;1971;p99p100;410190.0;;0.073700003;0.073700003
;US-MD;1971;p99.9p100;1159987.9;;0.0208;0.0208
;US-MD;1971;p99.99p100;3612776.0;;0.0065000001;0.0065000001
;US-MD;1971;p90p100;164990.2;;0.29629999;0.29629999
;US-MD;1971;p90p95;116940.8;;0.105;0.105
;US-MD;1971;p95p99;163828.3;;0.1177;0.1177
;US-MD;1971;p99.5p99.9;401987.41;;0.028899999;0.028899999
;US-MD;1971;p99.9p99.99;887738.38;;0.0143;0.0143
;US-MD;1971;p99p99.5;266429.09;;0.0239;0.0239
;US-MD;1971;p95p100;213091.09;;0.1913;0.1913
;US-MD;1971;p0p90;43542.199;;0.70370001;0.70370001
;US-MD;1971;p0p99;52107.699;;0.92629999;0.92629999
;US-MD;1971;p99.5p100;553837.88;;0.049699999;0.049699999
;US-MD;1970;p0p100;1711357.3;80698055828.0;1.0;1.0
;US-MD;1970;p99p100;391002.59;;0.071699999;0.071699999
;US-MD;1970;p99.9p100;1063611.3;;0.0195;0.0195
;US-MD;1970;p99.99p100;3209226.8;;0.0059000002;0.0059000002
;US-MD;1970;p90p100;159159.3;;0.29190001;0.29190001
;US-MD;1970;p90p95;113400.4;;0.104;0.104
;US-MD;1970;p95p99;158517.09;;0.1163;0.1163
;US-MD;1970;p99.5p99.9;388695.81;;0.0285;0.0285
;US-MD;1970;p99.9p99.99;824652.13;;0.0136;0.0136
;US-MD;1970;p99p99.5;257934.09;;0.023700001;0.023700001
;US-MD;1970;p95p100;204980.41;;0.18799999;0.18799999
;US-MD;1970;p0p90;42890.102;;0.708;0.708
;US-MD;1970;p0p99;51120.602;;0.92830002;0.92830002
;US-MD;1970;p99.5p100;523927.59;;0.048;0.048
;US-MD;1969;p0p100;1893488.3;77763037220.0;1.0;1.0
;US-MD;1969;p99p100;479634.31;;0.0889;0.0889
;US-MD;1969;p99.9p100;1548749.5;;0.0287;0.0287
;US-MD;1969;p99.99p100;6394273.0;;0.0118;0.0118
;US-MD;1969;p90p100;169790.5;;0.31459999;0.31459999
;US-MD;1969;p90p95;114380.7;;0.106;0.106
;US-MD;1969;p95p99;161658.91;;0.1198;0.1198
;US-MD;1969;p99.5p99.9;455097.91;;0.0337;0.0337
;US-MD;1969;p99.9p99.99;1010675.4;;0.016899999;0.016899999
;US-MD;1969;p99p99.5;285353.5;;0.0264;0.0264
;US-MD;1969;p95p100;225227.0;;0.2087;0.2087
;US-MD;1969;p0p90;41096.699;;0.68529999;0.68529999
;US-MD;1969;p0p99;49669.0;;0.91109997;0.91109997
;US-MD;1969;p99.5p100;674008.0;;0.062399998;0.062399998
;US-MD;1968;p0p100;2031308.9;73152909348.0;1.0;1.0
;US-MD;1968;p99p100;492426.09;;0.094599999;0.094599999
;US-MD;1968;p99.9p100;1585197.0;;0.0305;0.0305
;US-MD;1968;p99.99p100;5606776.0;;0.0108;0.0108
;US-MD;1968;p90p100;171509.3;;0.32949999;0.32949999
;US-MD;1968;p90p95;112305.6;;0.1079;0.1079
;US-MD;1968;p95p99;165206.3;;0.1269;0.1269
;US-MD;1968;p99.5p99.9;470926.31;;0.036200002;0.036200002
;US-MD;1968;p99.9p99.99;1140984.3;;0.0197;0.0197
;US-MD;1968;p99p99.5;291103.69;;0.028000001;0.028000001
;US-MD;1968;p95p100;230668.59;;0.2216;0.2216
;US-MD;1968;p0p90;38785.5;;0.67049998;0.67049998
;US-MD;1968;p0p99;47609.102;;0.90539998;0.90539998
;US-MD;1968;p99.5p100;693647.38;;0.066600002;0.066600002
;US-MD;1967;p0p100;2126128.3;68768403013.0;1.0;1.0
;US-MD;1967;p99p100;437152.31;;0.087099999;0.087099999
;US-MD;1967;p99.9p100;1333346.3;;0.0266;0.0266
;US-MD;1967;p99.99p100;4608468.5;;0.0092000002;0.0092000002
;US-MD;1967;p90p100;160624.2;;0.31999999;0.31999999
;US-MD;1967;p90p95;108545.5;;0.1081;0.1081
;US-MD;1967;p95p99;156788.41;;0.125;0.125
;US-MD;1967;p99.5p99.9;418430.0;;0.033300001;0.033300001
;US-MD;1967;p99.9p99.99;969852.81;;0.0174;0.0174
;US-MD;1967;p99p99.5;272934.5;;0.0272;0.0272
;US-MD;1967;p95p100;212800.41;;0.212;0.212
;US-MD;1967;p0p90;37911.602;;0.67979997;0.67979997
;US-MD;1967;p0p99;46282.699;;0.91289997;0.91289997
;US-MD;1967;p99.5p100;601439.0;;0.059900001;0.059900001
;US-MD;1966;p0p100;2165855.0;64213510175.0;1.0;1.0
;US-MD;1966;p99p100;412370.59;;0.085699998;0.085699998
;US-MD;1966;p99.9p100;1210689.9;;0.0252;0.0252
;US-MD;1966;p99.99p100;4053210.8;;0.0083999997;0.0083999997
;US-MD;1966;p90p100;155021.7;;0.3222;0.3222
;US-MD;1966;p90p95;107797.6;;0.112;0.112
;US-MD;1966;p95p99;150197.3;;0.1249;0.1249
;US-MD;1966;p99.5p99.9;400128.69;;0.033300001;0.033300001
;US-MD;1966;p99.9p99.99;895145.5;;0.0167;0.0167
;US-MD;1966;p99p99.5;261685.5;;0.0272;0.0272
;US-MD;1966;p95p100;202595.2;;0.2105;0.2105
;US-MD;1966;p0p90;36217.5;;0.67750001;0.67750001
;US-MD;1966;p0p99;44434.0;;0.91430002;0.91430002
;US-MD;1966;p99.5p100;562787.69;;0.058499999;0.058499999
;US-MD;1965;p0p100;2196327.8;59912975402.0;1.0;1.0
;US-MD;1965;p99p100;436732.41;;0.094700001;0.094700001
;US-MD;1965;p99.9p100;1342941.9;;0.029100001;0.029100001
;US-MD;1965;p99.99p100;5587570.5;;0.0121;0.0121
;US-MD;1965;p90p100;154006.91;;0.3339;0.3339
;US-MD;1965;p90p95;102807.8;;0.1115;0.1115
;US-MD;1965;p95p99;147297.5;;0.1278;0.1278
;US-MD;1965;p99.5p99.9;417218.59;;0.036200002;0.036200002
;US-MD;1965;p99.9p99.99;871462.31;;0.017000001;0.017000001
;US-MD;1965;p99p99.5;270897.31;;0.0294;0.0294
;US-MD;1965;p95p100;205195.8;;0.2225;0.2225
;US-MD;1965;p0p90;34131.898;;0.66610003;0.66610003
;US-MD;1965;p0p99;42171.801;;0.90530002;0.90530002
;US-MD;1965;p99.5p100;602487.63;;0.065300003;0.065300003
;US-MD;1964;p0p100;2176375.8;55914628825.0;1.0;1.0
;US-MD;1964;p99p100;404935.31;;0.091499999;0.091499999
;US-MD;1964;p99.9p100;1182779.3;;0.026699999;0.026699999
;US-MD;1964;p99.99p100;4417948.0;;0.0099999998;0.0099999998
;US-MD;1964;p90p100;144055.5;;0.32550001;0.32550001
;US-MD;1964;p90p95;96711.102;;0.1093;0.1093
;US-MD;1964;p95p99;138021.0;;0.1247;0.1247
;US-MD;1964;p99.5p99.9;401178.91;;0.0363;0.0363
;US-MD;1964;p99.9p99.99;823240.88;;0.0167;0.0167
;US-MD;1964;p99p99.5;252078.59;;0.0285;0.0285
;US-MD;1964;p95p100;191364.7;;0.21619999;0.21619999
;US-MD;1964;p0p90;33172.301;;0.67449999;0.67449999
;US-MD;1964;p0p99;40616.102;;0.90850002;0.90850002
;US-MD;1964;p99.5p100;557581.13;;0.063000001;0.063000001
;US-MD;1963;p0p100;2118681.0;51501841193.0;1.0;1.0
;US-MD;1963;p99p100;337808.41;;0.080499999;0.080499999
;US-MD;1963;p99.9p100;944642.63;;0.022500001;0.022500001
;US-MD;1963;p99.99p100;2767492.3;;0.0066;0.0066
;US-MD;1963;p90p100;131695.0;;0.31369999;0.31369999
;US-MD;1963;p90p95;90995.203;;0.1084;0.1084
;US-MD;1963;p95p99;131042.3;;0.1249;0.1249
;US-MD;1963;p99.5p99.9;347189.5;;0.033100002;0.033100002
;US-MD;1963;p99.9p99.99;743156.0;;0.015900001;0.015900001
;US-MD;1963;p99p99.5;208618.0;;0.024800001;0.024800001
;US-MD;1963;p95p100;172395.5;;0.2053;0.2053
;US-MD;1963;p0p90;32013.699;;0.68629998;0.68629998
;US-MD;1963;p0p99;38993.102;;0.91949999;0.91949999
;US-MD;1963;p99.5p100;466994.59;;0.055599999;0.055599999
;US-MD;1962;p0p100;2097766.5;48205565680.0;1.0;1.0
;US-MD;1962;p99p100;338835.59;;0.083700001;0.083700001
;US-MD;1962;p99.9p100;1011989.8;;0.025;0.025
;US-MD;1962;p99.99p100;3080549.3;;0.0076000001;0.0076000001
;US-MD;1962;p90p100;127789.9;;0.31560001;0.31560001
;US-MD;1962;p90p95;86739.203;;0.1071;0.1071
;US-MD;1962;p95p99;126342.1;;0.1248;0.1248
;US-MD;1962;p99.5p99.9;333108.69;;0.032900002;0.032900002
;US-MD;1962;p99.9p99.99;783668.13;;0.0174;0.0174
;US-MD;1962;p99p99.5;208549.2;;0.025800001;0.025800001
;US-MD;1962;p95p100;168841.0;;0.2085;0.2085
;US-MD;1962;p0p90;30786.699;;0.68440002;0.68440002
;US-MD;1962;p0p99;37473.602;;0.9163;0.9163
;US-MD;1962;p99.5p100;469116.5;;0.0579;0.0579
;US-MD;1961;p0p100;2095415.3;45762173556.0;1.0;1.0
;US-MD;1961;p99p100;355627.59;;0.089699998;0.089699998
;US-MD;1961;p99.9p100;1080195.8;;0.0272;0.0272
;US-MD;1961;p99.99p100;3513024.5;;0.0088999998;0.0088999998
;US-MD;1961;p90p100;131562.3;;0.3319;0.3319
;US-MD;1961;p90p95;88520.898;;0.1116;0.1116
;US-MD;1961;p95p99;129355.5;;0.1305;0.1305
;US-MD;1961;p99.5p99.9;351160.91;;0.035399999;0.035399999
;US-MD;1961;p99.9p99.99;810297.88;;0.0184;0.0184
;US-MD;1961;p99p99.5;214191.09;;0.027000001;0.027000001
;US-MD;1961;p95p100;174605.7;;0.2202;0.2202
;US-MD;1961;p0p90;29428.801;;0.6681;0.6681
;US-MD;1961;p0p99;36450.602;;0.91030002;0.91030002
;US-MD;1961;p99.5p100;497068.19;;0.062700003;0.062700003
;US-MD;1960;p0p100;2074035.8;42985590702.0;1.0;1.0
;US-MD;1960;p99p100;317666.5;;0.082599998;0.082599998
;US-MD;1960;p99.9p100;932778.63;;0.0243;0.0243
;US-MD;1960;p99.99p100;3053109.0;;0.0078999996;0.0078999996
;US-MD;1960;p90p100;119420.1;;0.3105;0.3105
;US-MD;1960;p90p95;81144.797;;0.1055;0.1055
;US-MD;1960;p95p99;117705.0;;0.1224;0.1224
;US-MD;1960;p99.5p99.9;305112.59;;0.0317;0.0317
;US-MD;1960;p99.9p99.99;697996.63;;0.0163;0.0163
;US-MD;1960;p99p99.5;204454.41;;0.0266;0.0266
;US-MD;1960;p95p100;157695.09;;0.205;0.205
;US-MD;1960;p0p90;29458.6;;0.68949997;0.68949997
;US-MD;1960;p0p99;35634.102;;0.9174;0.9174
;US-MD;1960;p99.5p100;430870.31;;0.056000002;0.056000002
;US-MD;1959;p0p100;2130757.3;42007218701.0;1.0;1.0
;US-MD;1959;p99p100;366674.0;;0.096000001;0.096000001
;US-MD;1959;p99.9p100;972508.31;;0.0255;0.0255
;US-MD;1959;p99.99p100;3078695.0;;0.0081000002;0.0081000002
;US-MD;1959;p90p100;124663.2;;0.3265;0.3265
;US-MD;1959;p90p95;80514.297;;0.1054;0.1054
;US-MD;1959;p95p99;119350.1;;0.125;0.125
;US-MD;1959;p99.5p99.9;410946.09;;0.043099999;0.043099999
;US-MD;1959;p99.9p99.99;738815.81;;0.0174;0.0174
;US-MD;1959;p99p99.5;209695.8;;0.0275;0.0275
;US-MD;1959;p95p100;168813.0;;0.2211;0.2211
;US-MD;1959;p0p90;28575.5;;0.6735;0.6735
;US-MD;1959;p0p99;34864.602;;0.90399998;0.90399998
;US-MD;1959;p99.5p100;523655.5;;0.068599999;0.068599999
;US-MD;1958;p0p100;2065207.4;39479044506.0;1.0;1.0
;US-MD;1958;p99p100;291520.69;;0.079899997;0.079899997
;US-MD;1958;p99.9p100;815007.19;;0.022299999;0.022299999
;US-MD;1958;p99.99p100;2183879.0;;0.0060000001;0.0060000001
;US-MD;1958;p90p100;109946.5;;0.3012;0.3012
;US-MD;1958;p90p95;77234.297;;0.1058;0.1058
;US-MD;1958;p95p99;105447.2;;0.1156;0.1156
;US-MD;1958;p99.5p99.9;293879.19;;0.032200001;0.032200001
;US-MD;1958;p99.9p99.99;663961.81;;0.0164;0.0164
;US-MD;1958;p99p99.5;184688.3;;0.0253;0.0253
;US-MD;1958;p95p100;142661.2;;0.1954;0.1954
;US-MD;1958;p0p90;28340.699;;0.69880003;0.69880003
;US-MD;1958;p0p99;33925.199;;0.92009997;0.92009997
;US-MD;1958;p99.5p100;398351.0;;0.0546;0.0546
;US-MD;1957;p0p100;2265400.3;40334104106.0;1.0;1.0
;US-MD;1957;p99p100;305596.69;;0.080499999;0.080499999
;US-MD;1957;p99.9p100;831573.19;;0.0219;0.0219
;US-MD;1957;p99.99p100;2340204.8;;0.0062000002;0.0062000002
;US-MD;1957;p90p100;110653.5;;0.29159999;0.29159999
;US-MD;1957;p90p95;74290.102;;0.097900003;0.097900003
;US-MD;1957;p95p99;107374.9;;0.1132;0.1132
;US-MD;1957;p99.5p99.9;313061.09;;0.033;0.033
;US-MD;1957;p99.9p99.99;664516.88;;0.015799999;0.015799999
;US-MD;1957;p99p99.5;194201.09;;0.025599999;0.025599999
;US-MD;1957;p95p100;147018.0;;0.1937;0.1937
;US-MD;1957;p0p90;29862.199;;0.70840001;0.70840001
;US-MD;1957;p0p99;35237.199;;0.91949999;0.91949999
;US-MD;1957;p99.5p100;416989.19;;0.055;0.055
;US-MD;1956;p0p100;2436777.8;39696188685.0;1.0;1.0
;US-MD;1956;p99p100;318485.41;;0.083700001;0.083700001
;US-MD;1956;p99.9p100;936203.13;;0.024599999;0.024599999
;US-MD;1956;p99.99p100;2580107.5;;0.0068000001;0.0068000001
;US-MD;1956;p90p100;112823.8;;0.2965;0.2965
;US-MD;1956;p90p95;77007.898;;0.1012;0.1012
;US-MD;1956;p95p99;106663.3;;0.1121;0.1121
;US-MD;1956;p99.5p99.9;317469.09;;0.033399999;0.033399999
;US-MD;1956;p99.9p99.99;755018.63;;0.017899999;0.017899999
;US-MD;1956;p99p99.5;195468.5;;0.025699999;0.025699999
;US-MD;1956;p95p100;149028.3;;0.19580001;0.19580001
;US-MD;1956;p0p90;29722.0;;0.70300001;0.70300001
;US-MD;1956;p0p99;35218.801;;0.9163;0.9163
;US-MD;1956;p99.5p100;441498.31;;0.057999998;0.057999998
;US-MD;1955;p0p100;2412506.5;37441869703.0;1.0;1.0
;US-MD;1955;p99p100;322737.0;;0.088299997;0.088299997
;US-MD;1955;p99.9p100;961606.69;;0.0263;0.0263
;US-MD;1955;p99.99p100;2674496.0;;0.0073000002;0.0073000002
;US-MD;1955;p90p100;110929.2;;0.30329999;0.30329999
;US-MD;1955;p90p95;75292.203;;0.1029;0.1029
;US-MD;1955;p95p99;103322.5;;0.113;0.113
;US-MD;1955;p99.5p99.9;331804.0;;0.0363;0.0363
;US-MD;1955;p99.9p99.99;771387.13;;0.018999999;0.018999999
;US-MD;1955;p99p99.5;187713.41;;0.025699999;0.025699999
;US-MD;1955;p95p100;147190.09;;0.20119999;0.20119999
;US-MD;1955;p0p90;28272.1;;0.69580001;0.69580001
;US-MD;1955;p0p99;33679.301;;0.91170001;0.91170001
;US-MD;1955;p99.5p100;457760.69;;0.062600002;0.062600002
;US-MD;1954;p0p100;2268737.3;34810887062.0;1.0;1.0
;US-MD;1954;p99p100;312788.09;;0.090300001;0.090300001
;US-MD;1954;p99.9p100;934622.31;;0.027000001;0.027000001
;US-MD;1954;p99.99p100;2719757.3;;0.0077999998;0.0077999998
;US-MD;1954;p90p100;107740.3;;0.31099999;0.31099999
;US-MD;1954;p90p95;71915.703;;0.1038;0.1038
;US-MD;1954;p95p99;102073.7;;0.1178;0.1178
;US-MD;1954;p99.5p99.9;317535.5;;0.036699999;0.036699999
;US-MD;1954;p99.9p99.99;736292.81;;0.019099999;0.019099999
;US-MD;1954;p99p99.5;184624.7;;0.0266;0.0266
;US-MD;1954;p95p100;144178.7;;0.20810001;0.20810001
;US-MD;1954;p0p90;26490.801;;0.68809998;0.68809998
;US-MD;1954;p0p99;31838.9;;0.90969998;0.90969998
;US-MD;1954;p99.5p100;440951.91;;0.063600004;0.063600004
;US-MD;1953;p0p100;2341810.3;34905673390.0;1.0;1.0
;US-MD;1953;p99p100;292623.09;;0.082599998;0.082599998
;US-MD;1953;p99.9p100;784200.88;;0.0221;0.0221
;US-MD;1953;p99.99p100;2032112.8;;0.0057000001;0.0057000001
;US-MD;1953;p90p100;107657.0;;0.30399999;0.30399999
;US-MD;1953;p90p95;74820.703;;0.1056;0.1056
;US-MD;1953;p95p99;103436.1;;0.1168;0.1168
;US-MD;1953;p99.5p99.9;297952.59;;0.0337;0.0337
;US-MD;1953;p99.9p99.99;646727.0;;0.0164;0.0164
;US-MD;1953;p99p99.5;190223.7;;0.026900001;0.026900001
;US-MD;1953;p95p100;141204.5;;0.19939999;0.19939999
;US-MD;1953;p0p90;27336.801;;0.69480002;0.69480002
;US-MD;1953;p0p99;32811.699;;0.9174;0.9174
;US-MD;1953;p99.5p100;395091.19;;0.055799998;0.055799998
;US-MD;1952;p0p100;2309924.3;33304496293.0;1.0;1.0
;US-MD;1952;p99p100;319563.0;;0.092900001;0.092900001
;US-MD;1952;p99.9p100;904038.81;;0.0263;0.0263
;US-MD;1952;p99.99p100;2451219.3;;0.0071;0.0071
;US-MD;1952;p90p100;111600.9;;0.32440001;0.32440001
;US-MD;1952;p90p95;75457.102;;0.1097;0.1097
;US-MD;1952;p95p99;106040.1;;0.1233;0.1233
;US-MD;1952;p99.5p99.9;320872.09;;0.037300002;0.037300002
;US-MD;1952;p99.9p99.99;733354.69;;0.019200001;0.019200001
;US-MD;1952;p99p99.5;201807.3;;0.029300001;0.029300001
;US-MD;1952;p95p100;148640.3;;0.21600001;0.21600001
;US-MD;1952;p0p90;25771.4;;0.67409998;0.67409998
;US-MD;1952;p0p99;31526.0;;0.90710002;0.90710002
;US-MD;1952;p99.5p100;437397.69;;0.063600004;0.063600004
;US-MD;1951;p0p100;2216930.5;30035916428.0;1.0;1.0
;US-MD;1951;p99p100;362692.81;;0.1147;0.1147
;US-MD;1951;p99.9p100;1076130.8;;0.034000002;0.034000002
;US-MD;1951;p99.99p100;2368404.5;;0.0074999998;0.0074999998
;US-MD;1951;p90p100;108433.4;;0.34290001;0.34290001
;US-MD;1951;p90p95;59798.898;;0.094499998;0.094499998
;US-MD;1951;p95p99;105105.5;;0.1329;0.1329
;US-MD;1951;p99.5p99.9;363933.5;;0.046;0.046
;US-MD;1951;p99.9p99.99;939868.13;;0.026699999;0.026699999
;US-MD;1951;p99p99.5;214257.7;;0.0339;0.0339
;US-MD;1951;p95p100;157234.8;;0.24860001;0.24860001
;US-MD;1951;p0p99;21030.5;;0.6584;0.6584
;US-MD;1951;p99.5p100;509269.41;;0.080499999;0.080499999
;US-MD;1950;p0p100;2540044.5;28998621176.0;1.0;1.0
;US-MD;1950;p99p100;343933.69;;0.1105;0.1105
;US-MD;1950;p99.9p100;1042471.8;;0.033500001;0.033500001
;US-MD;1950;p99.99p100;2380426.8;;0.0076000001;0.0076000001
;US-MD;1950;p90p100;102025.2;;0.32789999;0.32789999
;US-MD;1950;p90p95;56511.699;;0.090800002;0.090800002
;US-MD;1950;p95p99;98621.203;;0.1268;0.1268
;US-MD;1950;p99.5p99.9;347241.31;;0.044599999;0.044599999
;US-MD;1950;p99.9p99.99;915189.0;;0.0265;0.0265
;US-MD;1950;p99p99.5;201857.5;;0.032400001;0.032400001
;US-MD;1950;p95p100;147568.7;;0.23710001;0.23710001
;US-MD;1950;p0p90;23209.0;;0.67119998;0.67119998
;US-MD;1950;p0p99;27958.699;;0.88950002;0.88950002
;US-MD;1950;p99.5p100;486090.81;;0.078100003;0.078100003
;US-MD;1949;p0p100;2373542.8;25902138014.0;1.0;1.0
;US-MD;1949;p99p100;291651.31;;0.1023;0.1023
;US-MD;1949;p99.9p100;826047.31;;0.028999999;0.028999999
;US-MD;1949;p99.99p100;2070814.9;;0.0073000002;0.0073000002
;US-MD;1949;p90p100;95961.797;;0.33649999;0.33649999
;US-MD;1949;p90p95;58896.898;;0.1033;0.1033
;US-MD;1949;p95p99;93402.602;;0.131;0.131
;US-MD;1949;p99.5p99.9;300341.41;;0.042100001;0.042100001
;US-MD;1949;p99.9p99.99;687774.63;;0.0217;0.0217
;US-MD;1949;p99p99.5;177815.3;;0.031199999;0.031199999
;US-MD;1949;p95p100;132959.59;;0.2331;0.2331
;US-MD;1949;p0p90;21021.4;;0.66339999;0.66339999
;US-MD;1949;p0p99;25858.801;;0.89770001;0.89770001
;US-MD;1949;p99.5p100;405482.91;;0.071099997;0.071099997
;US-MD;1948;p0p100;2339744.0;25452904515.0;1.0;1.0
;US-MD;1948;p99p100;311837.59;;0.1088;0.1088
;US-MD;1948;p99.9p100;934835.5;;0.032600001;0.032600001
;US-MD;1948;p99.99p100;2510493.5;;0.0088;0.0088
;US-MD;1948;p90p100;94709.5;;0.33039999;0.33039999
;US-MD;1948;p90p95;55830.398;;0.097400002;0.097400002
;US-MD;1948;p95p99;89024.797;;0.1242;0.1242
;US-MD;1948;p99.5p99.9;318569.19;;0.044500001;0.044500001
;US-MD;1948;p99.9p99.99;759792.69;;0.0239;0.0239
;US-MD;1948;p99p99.5;181859.5;;0.0317;0.0317
;US-MD;1948;p95p100;133569.2;;0.233;0.233
;US-MD;1948;p0p90;21326.301;;0.66960001;0.66960001
;US-MD;1948;p0p99;25804.199;;0.89120001;0.89120001
;US-MD;1948;p99.5p100;441819.91;;0.077100001;0.077100001
;US-MD;1947;p0p100;2573827.8;23562172120.0;1.0;1.0
;US-MD;1947;p99p100;304603.69;;0.1122;0.1122
;US-MD;1947;p99.9p100;922542.63;;0.034000002;0.034000002
;US-MD;1947;p99.99p100;2737695.8;;0.0101;0.0101
;US-MD;1947;p90p100;93622.797;;0.34490001;0.34490001
;US-MD;1947;p90p95;54384.0;;0.1002;0.1002
;US-MD;1947;p95p99;89942.797;;0.13249999;0.13249999
;US-MD;1947;p99.5p99.9;305563.31;;0.045000002;0.045000002
;US-MD;1947;p99.9p99.99;720915.69;;0.0239;0.0239
;US-MD;1947;p99p99.5;180231.8;;0.033199999;0.033199999
;US-MD;1947;p95p100;132863.0;;0.2447;0.2447
;US-MD;1947;p0p90;19761.199;;0.65509999;0.65509999
;US-MD;1947;p0p99;24345.5;;0.88779998;0.88779998
;US-MD;1947;p99.5p100;428957.81;;0.079000004;0.079000004
;US-MD;1946;p0p100;3576230.3;24415714361.0;1.0;1.0
;US-MD;1946;p99p100;349480.19;;0.1212;0.1212
;US-MD;1946;p99.9p100;1070190.4;;0.037099998;0.037099998
;US-MD;1946;p99.99p100;3101584.5;;0.0108;0.0108
;US-MD;1946;p90p100;100067.2;;0.34689999;0.34689999
;US-MD;1946;p90p95;54380.801;;0.094300002;0.094300002
;US-MD;1946;p95p99;94827.898;;0.13150001;0.13150001
;US-MD;1946;p99.5p99.9;354863.09;;0.049199998;0.049199998
;US-MD;1946;p99.9p99.99;844513.81;;0.0264;0.0264
;US-MD;1946;p99p99.5;201011.41;;0.0348;0.0348
;US-MD;1946;p95p100;145753.59;;0.2527;0.2527
;US-MD;1946;p0p90;20929.301;;0.65310001;0.65310001
;US-MD;1946;p0p99;25604.5;;0.87879997;0.87879997
;US-MD;1946;p99.5p100;497927.81;;0.086300001;0.086300001
;US-MD;1945;p0p100;4454382.0;25396545971.0;1.0;1.0
;US-MD;1945;p99p100;345645.41;;0.1133;0.1133
;US-MD;1945;p99.9p100;1100541.8;;0.0361;0.0361
;US-MD;1945;p99.99p100;3057859.5;;0.0099999998;0.0099999998
;US-MD;1945;p90p100;95670.102;;0.31369999;0.31369999
;US-MD;1945;p90p95;53384.801;;0.087499999;0.087499999
;US-MD;1945;p95p99;86035.0;;0.1128;0.1128
;US-MD;1945;p99.5p99.9;354934.59;;0.046599999;0.046599999
;US-MD;1945;p99.9p99.99;885246.0;;0.0261;0.0261
;US-MD;1945;p99p99.5;187251.5;;0.0307;0.0307
;US-MD;1945;p95p100;137955.2;;0.2262;0.2262
;US-MD;1945;p0p90;23254.301;;0.68620002;0.68620002
;US-MD;1945;p0p99;27314.699;;0.88669997;0.88669997
;US-MD;1945;p99.5p100;504037.0;;0.082599998;0.082599998
;US-MD;1944;p0p100;4944681.0;26490497545.0;1.0;1.0
;US-MD;1944;p99p100;329593.19;;0.1018;0.1018
;US-MD;1944;p99.9p100;1054579.8;;0.032600001;0.032600001
;US-MD;1944;p99.99p100;2938832.5;;0.0091000004;0.0091000004
;US-MD;1944;p90p100;99393.0;;0.3071;0.3071
;US-MD;1944;p90p95;62510.5;;0.096600004;0.096600004
;US-MD;1944;p95p99;88987.5;;0.11;0.11
;US-MD;1944;p99.5p99.9;337279.81;;0.041700002;0.041700002
;US-MD;1944;p99.9p99.99;845733.88;;0.023499999;0.023499999
;US-MD;1944;p99p99.5;178436.5;;0.0276;0.0276
;US-MD;1944;p95p100;136980.0;;0.21160001;0.21160001
;US-MD;1944;p0p90;24869.9;;0.69160002;0.69160002
;US-MD;1944;p0p99;29362.0;;0.89819998;0.89819998
;US-MD;1944;p99.5p100;480778.0;;0.074299999;0.074299999
;US-MD;1943;p0p100;5347181.5;27170201061.0;1.0;1.0
;US-MD;1943;p99p100;383386.41;;0.1134;0.1134
;US-MD;1943;p99.9p100;1269978.1;;0.037599999;0.037599999
;US-MD;1943;p99.99p100;3371443.5;;0.0099999998;0.0099999998
;US-MD;1943;p90p100;104820.3;;0.31;0.31
;US-MD;1943;p90p95;58696.199;;0.086800002;0.086800002
;US-MD;1943;p95p99;92836.797;;0.1098;0.1098
;US-MD;1943;p99.5p99.9;387166.5;;0.0458;0.0458
;US-MD;1943;p99.9p99.99;1040516.6;;0.0277;0.0277
;US-MD;1943;p99p99.5;203006.41;;0.029999999;0.029999999
;US-MD;1943;p95p100;150949.59;;0.22319999;0.22319999
;US-MD;1943;p0p90;25920.0;;0.68989998;0.68989998
;US-MD;1943;p0p99;30282.5;;0.88660002;0.88660002
;US-MD;1943;p99.5p100;563754.0;;0.083400004;0.083400004
;US-MD;1942;p0p100;5293261.5;23387686851.0;1.0;1.0
;US-MD;1942;p99p100;361081.5;;0.1215;0.1215
;US-MD;1942;p99.9p100;1155876.1;;0.038899999;0.038899999
;US-MD;1942;p99.99p100;3070490.5;;0.0103;0.0103
;US-MD;1942;p90p100;97722.797;;0.32890001;0.32890001
;US-MD;1942;p90p95;53981.199;;0.090899996;0.090899996
;US-MD;1942;p95p99;86550.398;;0.1165;0.1165
;US-MD;1942;p99.5p99.9;372566.09;;0.0502;0.0502
;US-MD;1942;p99.9p99.99;942347.81;;0.0285;0.0285
;US-MD;1942;p99p99.5;192796.5;;0.032400001;0.032400001
;US-MD;1942;p95p100;141466.7;;0.23810001;0.23810001
;US-MD;1942;p0p90;22152.5;;0.67110002;0.67110002
;US-MD;1942;p0p99;26360.5;;0.87849998;0.87849998
;US-MD;1942;p99.5p100;529326.13;;0.089100003;0.089100003
;US-MD;1941;p0p100;5258254.0;18641045619.0;1.0;1.0
;US-MD;1941;p99p100;368758.81;;0.153;0.153
;US-MD;1941;p99.9p100;1250487.0;;0.051899999;0.051899999
;US-MD;1941;p99.99p100;3704697.3;;0.0154;0.0154
;US-MD;1941;p90p100;98762.398;;0.40979999;0.40979999
;US-MD;1941;p90p95;55258.898;;0.1146;0.1146
;US-MD;1941;p95p99;85588.602;;0.14210001;0.14210001
;US-MD;1941;p99.5p99.9;370333.31;;0.061500002;0.061500002
;US-MD;1941;p99.9p99.99;976792.69;;0.036499999;0.036499999
;US-MD;1941;p99p99.5;190918.91;;0.0396;0.0396
;US-MD;1941;p95p100;142236.41;;0.2951;0.2951
;US-MD;1941;p0p90;15809.4;;0.59039998;0.59039998
;US-MD;1941;p0p99;20619.1;;0.847;0.847
;US-MD;1941;p99.5p100;546534.63;;0.1134;0.1134
;US-MD;1940;p0p100;4847315.5;15329517921.0;1.0;1.0
;US-MD;1940;p99p100;331574.91;;0.1645;0.1645
;US-MD;1940;p99.9p100;1143107.3;;0.056699999;0.056699999
;US-MD;1940;p99.99p100;3505003.8;;0.0174;0.0174
;US-MD;1940;p90p100;90237.0;;0.44780001;0.44780001
;US-MD;1940;p90p95;49067.398;;0.1217;0.1217
;US-MD;1940;p95p99;81383.898;;0.16150001;0.16150001
;US-MD;1940;p99.5p99.9;327318.41;;0.064999998;0.064999998
;US-MD;1940;p99.9p99.99;879991.88;;0.039299998;0.039299998
;US-MD;1940;p99p99.5;172507.59;;0.042800002;0.042800002
;US-MD;1940;p95p100;131433.59;;0.32609999;0.32609999
;US-MD;1940;p0p90;12364.9;;0.55220002;0.55220002
;US-MD;1940;p0p99;17005.801;;0.8355;0.8355
;US-MD;1940;p99.5p100;490581.19;;0.1217;0.1217
;US-MD;1939;p0p100;4632073.5;14086437051.0;1.0;1.0
;US-MD;1939;p99p100;317378.91;;0.168;0.168
;US-MD;1939;p99.9p100;1100316.5;;0.058200002;0.058200002
;US-MD;1939;p99.99p100;3420178.5;;0.018100001;0.018100001
;US-MD;1939;p90p100;93227.398;;0.49349999;0.49349999
;US-MD;1939;p90p95;57568.102;;0.1524;0.1524
;US-MD;1939;p95p99;82178.0;;0.17399999;0.17399999
;US-MD;1939;p99.5p99.9;312253.41;;0.066100001;0.066100001
;US-MD;1939;p99.9p99.99;842333.63;;0.040100001;0.040100001
;US-MD;1939;p99p99.5;164789.91;;0.0436;0.0436
;US-MD;1939;p95p100;129235.2;;0.34200001;0.34200001
;US-MD;1939;p0p90;10614.4;;0.50569999;0.50569999
;US-MD;1939;p0p99;15876.6;;0.83200002;0.83200002
;US-MD;1939;p99.5p100;469938.31;;0.1244;0.1244
;US-MD;1938;p0p100;4253482.0;13065530702.0;1.0;1.0
;US-MD;1938;p99p100;294612.91;;0.16500001;0.16500001
;US-MD;1938;p99.9p100;1032056.6;;0.057799999;0.057799999
;US-MD;1938;p99.99p100;3530337.5;;0.0198;0.0198
;US-MD;1938;p90p100;88963.5;;0.4984;0.4984
;US-MD;1938;p90p95;61554.102;;0.1724;0.1724
;US-MD;1938;p95p99;74972.602;;0.168;0.168
;US-MD;1938;p99.5p99.9;285729.91;;0.064000003;0.064000003
;US-MD;1938;p99.9p99.99;753368.38;;0.037999999;0.037999999
;US-MD;1938;p99p99.5;153940.0;;0.043099999;0.043099999
;US-MD;1938;p95p100;118913.2;;0.33309999;0.33309999
;US-MD;1938;p0p90;9812.5;;0.49470001;0.49470001
;US-MD;1938;p0p99;15056.0;;0.83499998;0.83499998
;US-MD;1938;p99.5p100;435208.81;;0.1219;0.1219
;US-MD;1937;p0p100;4272394.0;13380038684.0;1.0;1.0
;US-MD;1937;p99p100;336883.19;;0.18099999;0.18099999
;US-MD;1937;p99.9p100;1197565.3;;0.064300001;0.064300001
;US-MD;1937;p99.99p100;3696112.5;;0.0199;0.0199
;US-MD;1937;p90p100;94565.703;;0.5079;0.5079
;US-MD;1937;p90p95;61058.0;;0.164;0.164
;US-MD;1937;p95p99;78617.703;;0.1689;0.1689
;US-MD;1937;p99.5p99.9;329865.69;;0.070900001;0.070900001
;US-MD;1937;p99.9p99.99;919983.69;;0.044500001;0.044500001
;US-MD;1937;p99p99.5;170364.0;;0.0458;0.0458
;US-MD;1937;p95p100;130266.6;;0.34990001;0.34990001
;US-MD;1937;p0p90;10056.4;;0.48609999;0.48609999
;US-MD;1937;p0p99;15402.4;;0.81900001;0.81900001
;US-MD;1937;p99.5p100;503404.81;;0.13519999;0.13519999
;US-MD;1936;p0p100;4479944.0;12855112603.0;1.0;1.0
;US-MD;1936;p99p100;361697.09;;0.1989;0.1989
;US-MD;1936;p99.9p100;1307996.8;;0.071900003;0.071900003
;US-MD;1936;p99.99p100;3854378.5;;0.021199999;0.021199999
;US-MD;1936;p90p100;96405.5;;0.5302;0.5302
;US-MD;1936;p90p95;61491.102;;0.1691;0.1691
;US-MD;1936;p95p99;78403.203;;0.1725;0.1725
;US-MD;1936;p99.5p99.9;354222.91;;0.0779;0.0779
;US-MD;1936;p99.9p99.99;1025109.1;;0.050700001;0.050700001
;US-MD;1936;p99p99.5;178425.3;;0.0491;0.0491
;US-MD;1936;p95p100;135069.91;;0.3714;0.3714
;US-MD;1936;p0p90;9284.0996;;0.45950001;0.45950001
;US-MD;1936;p0p99;14713.6;;0.80110002;0.80110002
;US-MD;1936;p99.5p100;544975.0;;0.1499;0.1499
;US-MD;1935;p0p100;4120421.0;11404710403.0;1.0;1.0
;US-MD;1935;p99p100;290859.0;;0.17730001;0.17730001
;US-MD;1935;p99.9p100;1019492.7;;0.062199999;0.062199999
;US-MD;1935;p99.99p100;3134199.0;;0.019099999;0.019099999
;US-MD;1935;p90p100;85744.102;;0.52270001;0.52270001
;US-MD;1935;p90p95;60180.398;;0.18340001;0.18340001
;US-MD;1935;p95p99;72664.297;;0.1772;0.1772
;US-MD;1935;p99.5p99.9;285279.5;;0.069600001;0.069600001
;US-MD;1935;p99.9p99.99;784553.38;;0.043000001;0.043000001
;US-MD;1935;p99p99.5;149610.41;;0.045600001;0.045600001
;US-MD;1935;p95p100;116246.1;;0.35429999;0.35429999
;US-MD;1935;p0p90;8421.2002;;0.46200001;0.46200001
;US-MD;1935;p0p99;13631.0;;0.82270002;0.82270002
;US-MD;1935;p99.5p100;432114.5;;0.13169999;0.13169999
;US-MD;1934;p0p100;4189439.0;10849301312.0;1.0;1.0
;US-MD;1934;p99p100;272092.31;;0.1714;0.1714
;US-MD;1934;p99.9p100;974353.0;;0.0614;0.0614
;US-MD;1934;p99.99p100;3277941.5;;0.0206;0.0206
;US-MD;1934;p90p100;83605.297;;0.5266;0.5266
;US-MD;1934;p90p95;56929.398;;0.1793;0.1793
;US-MD;1934;p95p99;75677.703;;0.19069999;0.19069999
;US-MD;1934;p99.5p99.9;261882.2;;0.066;0.066
;US-MD;1934;p99.9p99.99;718400.38;;0.0407;0.0407
;US-MD;1934;p99p99.5;139807.8;;0.044;0.044
;US-MD;1934;p95p100;114794.0;;0.36149999;0.36149999
;US-MD;1934;p0p90;8091.0;;0.4587;0.4587
;US-MD;1934;p0p99;13288.3;;0.82859999;0.82859999
;US-MD;1934;p99.5p100;404371.91;;0.1274;0.1274
;US-MD;1933;p0p100;4249216.5;10132208116.0;1.0;1.0
;US-MD;1933;p99p100;256489.41;;0.1701;0.1701
;US-MD;1933;p99.9p100;1009730.2;;0.067000002;0.067000002
;US-MD;1933;p99.99p100;3821308.8;;0.0253;0.0253
;US-MD;1933;p90p100;77344.297;;0.51300001;0.51300001
;US-MD;1933;p90p95;51607.602;;0.17120001;0.17120001
;US-MD;1933;p95p99;69520.398;;0.18449999;0.18449999
;US-MD;1933;p99.5p99.9;232028.0;;0.0616;0.0616
;US-MD;1933;p99.9p99.99;697332.63;;0.0416;0.0416
;US-MD;1933;p99p99.5;125410.5;;0.0416;0.0416
;US-MD;1933;p95p100;106774.4;;0.35409999;0.35409999
;US-MD;1933;p0p90;7944.1001;;0.47420001;0.47420001
;US-MD;1933;p0p99;12637.2;;0.82990003;0.82990003
;US-MD;1933;p99.5p100;387568.41;;0.1285;0.1285
;US-MD;1932;p0p100;4076556.0;10627755668.0;1.0;1.0
;US-MD;1932;p99p100;256373.2;;0.1595;0.1595
;US-MD;1932;p99.9p100;945970.13;;0.058899999;0.058899999
;US-MD;1932;p99.99p100;3052723.8;;0.018999999;0.018999999
;US-MD;1932;p90p100;83320.703;;0.51840001;0.51840001
;US-MD;1932;p90p95;63716.801;;0.1982;0.1982
;US-MD;1932;p95p99;72489.0;;0.1804;0.1804
;US-MD;1932;p99.5p99.9;239099.2;;0.059500001;0.059500001
;US-MD;1932;p99.9p99.99;711886.31;;0.039900001;0.039900001
;US-MD;1932;p99p99.5;132273.09;;0.041200001;0.041200001
;US-MD;1932;p95p100;109197.4;;0.33970001;0.33970001
;US-MD;1932;p0p90;8246.7002;;0.46180001;0.46180001
;US-MD;1932;p0p99;13643.8;;0.8405;0.8405
;US-MD;1932;p99.5p100;380473.41;;0.1184;0.1184
;US-MD;1931;p0p100;3631364.3;11573147934.0;1.0;1.0
;US-MD;1931;p99p100;295581.31;;0.1661;0.1661
;US-MD;1931;p99.9p100;1110043.8;;0.062399998;0.062399998
;US-MD;1931;p99.99p100;4385371.0;;0.024599999;0.024599999
;US-MD;1931;p90p100;90578.203;;0.509;0.509
;US-MD;1931;p90p95;66389.797;;0.1865;0.1865
;US-MD;1931;p95p99;78714.703;;0.1769;0.1769
;US-MD;1931;p99.5p99.9;271040.81;;0.060899999;0.060899999
;US-MD;1931;p99.9p99.99;746118.5;;0.037700001;0.037700001
;US-MD;1931;p99p99.5;152321.3;;0.042800002;0.042800002
;US-MD;1931;p95p100;121912.2;;0.3425;0.3425
;US-MD;1931;p0p90;9301.5996;;0.47040001;0.47040001
;US-MD;1931;p0p99;14989.4;;0.83389997;0.83389997
;US-MD;1931;p99.5p100;438841.41;;0.1233;0.1233
;US-MD;1930;p0p100;3139261.8;11813938714.0;1.0;1.0
;US-MD;1930;p99p100;351026.69;;0.18979999;0.18979999
;US-MD;1930;p99.9p100;1422604.8;;0.076899998;0.076899998
;US-MD;1930;p99.99p100;6033476.0;;0.032600001;0.032600001
;US-MD;1930;p90p100;95801.5;;0.51800001;0.51800001
;US-MD;1930;p90p95;67771.5;;0.1832;0.1832
;US-MD;1930;p95p99;77488.797;;0.16760001;0.16760001
;US-MD;1930;p99.5p99.9;311342.31;;0.067299999;0.067299999
;US-MD;1930;p99.9p99.99;910285.81;;0.044300001;0.044300001
;US-MD;1930;p99p99.5;168458.5;;0.045499999;0.045499999
;US-MD;1930;p95p100;132137.3;;0.3572;0.3572
;US-MD;1930;p0p90;9441.5996;;0.4594;0.4594
;US-MD;1930;p0p99;15137.0;;0.81019998;0.81019998
;US-MD;1930;p99.5p100;533594.81;;0.1442;0.1442
;US-MD;1929;p0p100;3244444.3;12732508449.0;1.0;1.0
;US-MD;1929;p99p100;470124.91;;0.23360001;0.23360001
;US-MD;1929;p99.9p100;2082729.6;;0.1035;0.1035
;US-MD;1929;p99.99p100;8917027.0;;0.044300001;0.044300001
;US-MD;1929;p90p100;105122.1;;0.52240002;0.52240002
;US-MD;1929;p90p95;57328.199;;0.1424;0.1424
;US-MD;1929;p95p99;79947.203;;0.15889999;0.15889999
;US-MD;1929;p99.5p99.9;403474.69;;0.080200002;0.080200002
;US-MD;1929;p99.9p99.99;1323363.4;;0.0592;0.0592
;US-MD;1929;p99p99.5;200924.2;;0.049899999;0.049899999
;US-MD;1929;p95p100;157894.5;;0.39230001;0.39230001
;US-MD;1929;p0p90;10396.6;;0.465;0.465
;US-MD;1929;p0p99;15577.0;;0.76639998;0.76639998
;US-MD;1929;p99.5p100;739325.69;;0.1837;0.1837
;US-MD;1928;p0p100;3155776.8;12271004884.0;1.0;1.0
;US-MD;1928;p99p100;449202.5;;0.2295;0.2295
;US-MD;1928;p99.9p100;1851935.3;;0.094599999;0.094599999
;US-MD;1928;p99.99p100;7116511.0;;0.036400001;0.036400001
;US-MD;1928;p90p100;102332.5;;0.52280003;0.52280003
;US-MD;1928;p90p95;56873.5;;0.1453;0.1453
;US-MD;1928;p95p99;79250.703;;0.162;0.162
;US-MD;1928;p99.5p99.9;410859.5;;0.083999999;0.083999999
;US-MD;1928;p99.9p99.99;1266982.5;;0.0583;0.0583
;US-MD;1928;p99p99.5;199330.41;;0.050900001;0.050900001
;US-MD;1928;p95p100;153071.09;;0.391;0.391
;US-MD;1928;p0p90;10074.3;;0.4632;0.4632
;US-MD;1928;p0p99;15232.9;;0.7705;0.7705
;US-MD;1928;p99.5p100;699074.63;;0.1786;0.1786
;US-MD;1927;p0p100;2933701.0;11589916698.0;1.0;1.0
;US-MD;1927;p99p100;423360.81;;0.2265;0.2265
;US-MD;1927;p99.9p100;1779432.1;;0.095200002;0.095200002
;US-MD;1927;p99.99p100;7856917.0;;0.041999999;0.041999999
;US-MD;1927;p90p100;98323.797;;0.52590001;0.52590001
;US-MD;1927;p90p95;55635.898;;0.1488;0.1488
;US-MD;1927;p95p99;75344.0;;0.1612;0.1612
;US-MD;1927;p99.5p99.9;376047.59;;0.080499999;0.080499999
;US-MD;1927;p99.9p99.99;1104156.0;;0.053199999;0.053199999
;US-MD;1927;p99p99.5;189997.2;;0.050799999;0.050799999
;US-MD;1927;p95p100;144922.5;;0.3876;0.3876
;US-MD;1927;p0p90;9628.9004;;0.46349999;0.46349999
;US-MD;1927;p0p99;14607.6;;0.77350003;0.77350003
;US-MD;1927;p99.5p100;656724.5;;0.17560001;0.17560001
;US-MD;1926;p0p100;2781994.5;11271080111.0;1.0;1.0
;US-MD;1926;p99p100;373164.69;;0.2026;0.2026
;US-MD;1926;p99.9p100;1472260.6;;0.079899997;0.079899997
;US-MD;1926;p99.99p100;5643317.5;;0.0306;0.0306
;US-MD;1926;p90p100;93036.297;;0.50520003;0.50520003
;US-MD;1926;p90p95;55177.5;;0.1498;0.1498
;US-MD;1926;p95p99;75402.398;;0.1638;0.1638
;US-MD;1926;p99.5p99.9;343014.59;;0.074500002;0.074500002
;US-MD;1926;p99.9p99.99;1008809.8;;0.0493;0.0493
;US-MD;1926;p99p99.5;177465.5;;0.0482;0.0482
;US-MD;1926;p95p100;134864.3;;0.36610001;0.36610001
;US-MD;1926;p0p90;9900.2002;;0.48379999;0.48379999
;US-MD;1926;p0p99;14833.5;;0.7974;0.7974
;US-MD;1926;p99.5p100;568863.81;;0.15440001;0.15440001
;US-MD;1925;p0p100;2825040.8;11090047533.0;1.0;1.0
;US-MD;1925;p99p100;377266.81;;0.20559999;0.20559999
;US-MD;1925;p99.9p100;1492458.8;;0.081299998;0.081299998
;US-MD;1925;p99.99p100;5489474.0;;0.029899999;0.029899999
;US-MD;1925;p90p100;90884.898;;0.49529999;0.49529999
;US-MD;1925;p90p95;54611.199;;0.1488;0.1488
;US-MD;1925;p95p99;69461.602;;0.1514;0.1514
;US-MD;1925;p99.5p99.9;353985.59;;0.077200003;0.077200003
;US-MD;1925;p99.9p99.99;1048346.0;;0.051399998;0.051399998
;US-MD;1925;p99p99.5;172853.5;;0.0471;0.0471
;US-MD;1925;p95p100;131013.1;;0.35699999;0.35699999
;US-MD;1925;p0p90;10076.5;;0.49419999;0.49419999
;US-MD;1925;p0p99;14725.2;;0.79439998;0.79439998
;US-MD;1925;p99.5p100;581680.19;;0.1585;0.1585
;US-MD;1924;p0p100;2839153.8;10450797695.0;1.0;1.0
;US-MD;1924;p99p100;319881.5;;0.1824;0.1824
;US-MD;1924;p99.9p100;1117586.9;;0.063699998;0.063699998
;US-MD;1924;p99.99p100;3384010.5;;0.019300001;0.019300001
;US-MD;1924;p90p100;83721.0;;0.47729999;0.47729999
;US-MD;1924;p90p95;48309.301;;0.13770001;0.13770001
;US-MD;1924;p95p99;69152.102;;0.1577;0.1577
;US-MD;1924;p99.5p99.9;322164.31;;0.0735;0.0735
;US-MD;1924;p99.9p99.99;865762.13;;0.044399999;0.044399999
;US-MD;1924;p99p99.5;158514.2;;0.045200001;0.045200001
;US-MD;1924;p95p100;119298.0;;0.34009999;0.34009999
;US-MD;1924;p0p90;10177.6;;0.52219999;0.52219999
;US-MD;1924;p0p99;14486.3;;0.81760001;0.81760001
;US-MD;1924;p99.5p100;481248.81;;0.1372;0.1372
;US-MD;1923;p0p100;2859374.3;10292251275.0;1.0;1.0
;US-MD;1923;p99p100;290983.09;;0.1654;0.1654
;US-MD;1923;p99.9p100;958878.31;;0.054499999;0.054499999
;US-MD;1923;p99.99p100;2899991.3;;0.0165;0.0165
;US-MD;1923;p90p100;74024.5;;0.42070001;0.42070001
;US-MD;1923;p90p95;37668.5;;0.107;0.107
;US-MD;1923;p95p99;65003.602;;0.1478;0.1478
;US-MD;1923;p99.5p99.9;299744.59;;0.068099998;0.068099998
;US-MD;1923;p99.9p99.99;743201.0;;0.037999999;0.037999999
;US-MD;1923;p99p99.5;150395.41;;0.0427;0.0427
;US-MD;1923;p95p100;110199.5;;0.31310001;0.31310001
;US-MD;1923;p0p90;11336.5;;0.57980001;0.57980001
;US-MD;1923;p0p99;14834.7;;0.83459997;0.83459997
;US-MD;1923;p99.5p100;431571.0;;0.1226;0.1226
;US-MD;1922;p0p100;2689429.3;9189257990.0;1.0;1.0
;US-MD;1922;p99p100;292475.09;;0.1831;0.1831
;US-MD;1922;p99.9p100;997274.63;;0.062399998;0.062399998
;US-MD;1922;p99.99p100;3004689.5;;0.0188;0.0188
;US-MD;1922;p90p100;77572.797;;0.48570001;0.48570001
;US-MD;1922;p90p95;42096.5;;0.1318;0.1318
;US-MD;1922;p95p99;68214.0;;0.1708;0.1708
;US-MD;1922;p99.5p99.9;293355.0;;0.0735;0.0735
;US-MD;1922;p99.9p99.99;774228.38;;0.0436;0.0436
;US-MD;1922;p99p99.5;150811.41;;0.047200002;0.047200002
;US-MD;1922;p95p100;113066.2;;0.35389999;0.35389999
;US-MD;1922;p0p90;9127.0996;;0.51429999;0.51429999
;US-MD;1922;p0p99;13179.6;;0.81690001;0.81690001
;US-MD;1922;p99.5p100;434138.91;;0.13590001;0.13590001
;US-MD;1921;p0p100;2048813.9;7874816060.0;1.0;1.0
;US-MD;1921;p99p100;242981.41;;0.1752;0.1752
;US-MD;1921;p99.9p100;796826.69;;0.057399999;0.057399999
;US-MD;1921;p99.99p100;2221450.3;;0.016000001;0.016000001
;US-MD;1921;p90p100;68691.102;;0.49520001;0.49520001
;US-MD;1921;p90p95;37998.801;;0.13699999;0.13699999
;US-MD;1921;p95p99;63384.301;;0.18279999;0.18279999
;US-MD;1921;p99.5p99.9;244754.5;;0.070600003;0.070600003
;US-MD;1921;p99.9p99.99;638535.19;;0.0414;0.0414
;US-MD;1921;p99p99.5;130793.8;;0.0471;0.0471
;US-MD;1921;p95p100;99303.703;;0.35789999;0.35789999
;US-MD;1921;p0p90;7785.3999;;0.50510001;0.50510001
;US-MD;1921;p0p99;11557.8;;0.82480001;0.82480001
;US-MD;1921;p99.5p100;355169.0;;0.12800001;0.12800001
;US-MD;1920;p0p100;1832121.3;8658292690.0;1.0;1.0
;US-MD;1920;p99p100;258789.7;;0.1665;0.1665
;US-MD;1920;p99.9p100;850064.81;;0.054699998;0.054699998
;US-MD;1920;p99.99p100;2217957.5;;0.0143;0.0143
;US-MD;1920;p90p100;66844.797;;0.43000001;0.43000001
;US-MD;1920;p90p95;36071.898;;0.116;0.116
;US-MD;1920;p95p99;57288.0;;0.14740001;0.14740001
;US-MD;1920;p99.5p99.9;264763.5;;0.068099998;0.068099998
;US-MD;1920;p99.9p99.99;698076.69;;0.040399998;0.040399998
;US-MD;1920;p99p99.5;135755.59;;0.043699998;0.043699998
;US-MD;1920;p95p100;97588.398;;0.31389999;0.31389999
;US-MD;1920;p0p90;9845.5996;;0.57010001;0.57010001
;US-MD;1920;p0p99;13087.0;;0.83350003;0.83350003
;US-MD;1920;p99.5p100;381823.81;;0.1228;0.1228
;US-MD;1919;p0p100;2631263.0;9097436826.0;1.0;1.0
;US-MD;1919;p99p100;310320.19;;0.1865;0.1865
;US-MD;1919;p99.9p100;1134721.6;;0.0682;0.0682
;US-MD;1919;p99.99p100;3468364.3;;0.0208;0.0208
;US-MD;1919;p90p100;75165.203;;0.4517;0.4517
;US-MD;1919;p90p95;38881.398;;0.1168;0.1168
;US-MD;1919;p95p99;61833.699;;0.1486;0.1486
;US-MD;1919;p99.5p99.9;300326.91;;0.0722;0.0722
;US-MD;1919;p99.9p99.99;876086.63;;0.047400001;0.047400001
;US-MD;1919;p99p99.5;153106.2;;0.046;0.046
;US-MD;1919;p95p100;111531.0;;0.3351;0.3351
;US-MD;1919;p0p90;10132.8;;0.54809999;0.54809999
;US-MD;1919;p0p99;13672.6;;0.81349999;0.81349999
;US-MD;1919;p99.5p100;467534.19;;0.14049999;0.14049999
;US-MD;1918;p0p100;3484578.5;9016699118.0;1.0;1.0
;US-MD;1918;p99p100;292073.41;;0.1749;0.1749
;US-MD;1918;p99.9p100;1119997.1;;0.067100003;0.067100003
;US-MD;1918;p99.99p100;3833173.3;;0.0229;0.0229
;US-MD;1918;p90p100;74103.203;;0.4436;0.4436
;US-MD;1918;p90p95;42215.898;;0.12639999;0.12639999
;US-MD;1918;p95p99;59976.801;;0.1436;0.1436
;US-MD;1918;p99.5p99.9;279253.31;;0.0669;0.0669
;US-MD;1918;p99.9p99.99;818537.63;;0.044100001;0.044100001
;US-MD;1918;p99p99.5;136746.09;;0.040899999;0.040899999
;US-MD;1918;p95p100;106396.2;;0.31850001;0.31850001
;US-MD;1918;p0p90;10303.3;;0.55510002;0.55510002
;US-MD;1918;p0p99;13922.1;;0.8251;0.8251
;US-MD;1918;p99.5p100;447401.09;;0.1339;0.1339
;US-MD;1917;p0p100;5100509.0;9570998671.0;1.0;1.0
;US-MD;1917;p99p100;364036.0;;0.2054;0.2054
;US-MD;1917;p99.9p100;1481130.1;;0.0836;0.0836
;US-MD;1917;p99.99p100;4955531.5;;0.028000001;0.028000001
;US-MD;1917;p90p100;84573.398;;0.47710001;0.47710001
;US-MD;1917;p90p95;41452.602;;0.1169;0.1169
