Variable Name;.;.;.;Market exchange rate, LCU per EUR | individuals | Exchange rates | All Ages | local currency per foreign currency;Market exchange rate, LCU per USD | individuals | Exchange rates | All Ages | local currency per foreign currency;Market exchange rate, LCU per CNY | individuals | Exchange rates | All Ages | local currency per foreign currency
Variable Category;.;.;.;Other macro;Other macro;Other macro
Variable Description;.;.;.;Official exchange rate of the local currency to EUR.;Official exchange rate of the local currency to USD.;Official exchange rate of the local currency to CNY.
Variable Decomposition;.;.;.;;;
Variable Unit;.;.;.;local currency per foreign currency;local currency per foreign currency;local currency per foreign currency
Methodological Notes;.;.;.;;;
Sources;.;.;.;;;
Variable Code;country;year;perc;xlceux999i;xlcusx999i;xlcyux999i
