Variable Name;.;.;.;Fiscal income  | tax unit | Average | Adults | constant 2015 local currency;Fiscal income  | tax unit | Total | Adults | constant 2015 local currency;Fiscal income  | tax unit | Share | Adults | share of total (ratio);Pre-tax national income  | tax unit | Share | Adults | share of total (ratio)
Variable Category;.;.;.;Income inequality;Income inequality;Income inequality;Income inequality
Variable Description;.;.;.;Average Fiscal income within a given percentile group. Fiscal income is defined as the sum of all income items reported on income tax returns, before any deduction. It includes labour income, capital income and mixed income. The concept of fiscal income varies with national tax legislations, so in order to make international comparisons it is preferable to use the concept of national income. The population is comprised of individuals over age 20. The base unit is the tax unit defined by national fiscal administrations to measure personal income taxes.;Total Fiscal income  within a given percentile group. Fiscal income is defined as the sum of all income items reported on income tax returns, before any deduction. It includes labour income, capital income and mixed income. The concept of fiscal income varies with national tax legislations, so in order to make international comparisons it is preferable to use the concept of national income. The population is comprised of individuals over age 20.;Fiscal income share held by a given percentile group. Fiscal income is defined as the sum of all income items reported on income tax returns, before any deduction. It includes labour income, capital income and mixed income. The concept of fiscal income varies with national tax legislations, so in order to make international comparisons it is preferable to use the concept of national income. The population is comprised of individuals over age 20. The base unit is the tax unit defined by national fiscal administrations to measure personal income taxes.;Pre-tax national income share held by a given percentile group. Pre-tax national income  is the sum of all pre-tax personal income flows accruing to the owners of the production factors, labor and capital, before taking into account the operation of the tax/transfer system, but after taking into account the operation of pension system. The central difference between personal factor income and pre-tax income is the treatment of pensions, which are counted on a contribution basis by factor income and on a distribution basis by pre-tax income. The population is comprised of individuals over age 20. The base unit is the tax unit defined by national fiscal administrations to measure personal income taxes.
Variable Decomposition;.;.;.;[Fiscal income ]=[Fiscal labour income ]+[Fiscal capital income ];[Fiscal income ]=[Fiscal labour income ]+[Fiscal capital income ];[Fiscal income ]=[Fiscal labour income ]+[Fiscal capital income ];Pre-tax national income =Pre-tax labor income [total pre-tax income ranking]+Pre-tax capital income [total pre-tax income ranking]
Variable Unit;.;.;.;"USD; United States dollar | local currency | market";"USD; United States dollar | local currency | market";share;share
Methodological Notes;.;.;.;;;;Assuming the same distribution as fiscal income.
Sources;.;.;.;Frank, Sommeiller, Price & Saez (2015);Frank, Sommeiller, Price & Saez (2015);Frank, Sommeiller, Price & Saez (2015);WID.world computations using: Frank, Sommeiller, Price & Saez (2015)
Variable Code;country;year;perc;afiinc992t;mfiinc992t;sfiinc992t;sptinc992t
;US-MT;2015;p0p100;56150.199;29959442947.0;1.0;1.0
;US-MT;2015;p99p100;946752.19;;0.16859999;0.16859999
;US-MT;2015;p99.9p100;4098929.3;;0.072999999;0.072999999
;US-MT;2015;p99.99p100;17159372.0;;0.0306;0.0306
;US-MT;2015;p90p100;253167.7;;0.45089999;0.45089999
;US-MT;2015;p90p95;137968.91;;0.1229;0.1229
;US-MT;2015;p95p99;222586.7;;0.1586;0.1586
;US-MT;2015;p99.5p99.9;807486.69;;0.057500001;0.057500001
;US-MT;2015;p99.9p99.99;2676914.0;;0.0429;0.0429
;US-MT;2015;p99p99.5;426282.81;;0.037999999;0.037999999
;US-MT;2015;p95p100;367782.59;;0.32749999;0.32749999
;US-MT;2015;p0p90;34290.801;;0.54960001;0.54960001
;US-MT;2015;p0p99;47154.199;;0.83139998;0.83139998
;US-MT;2015;p99.5p100;1465901.8;;0.1305;0.1305
;US-MT;2014;p0p100;53810.699;28643150407.0;1.0;1.0
;US-MT;2014;p99p100;920505.81;;0.1715;0.1715
;US-MT;2014;p99.9p100;4055709.3;;0.075499997;0.075499997
;US-MT;2014;p99.99p100;17855030.0;;0.033300001;0.033300001
;US-MT;2014;p90p100;244321.59;;0.4551;0.4551
;US-MT;2014;p90p95;133237.59;;0.1241;0.1241
;US-MT;2014;p95p99;213932.3;;0.1594;0.1594
;US-MT;2014;p99.5p99.9;775493.81;;0.057799999;0.057799999
;US-MT;2014;p99.9p99.99;2535367.5;;0.0425;0.0425
;US-MT;2014;p99p99.5;410209.31;;0.038199998;0.038199998
;US-MT;2014;p95p100;355185.81;;0.3308;0.3308
;US-MT;2014;p0p90;32493.0;;0.54470003;0.54470003
;US-MT;2014;p0p99;44927.398;;0.82849997;0.82849997
;US-MT;2014;p99.5p100;1430758.3;;0.13330001;0.13330001
;US-MT;2013;p0p100;54733.699;27744370571.0;1.0;1.0
;US-MT;2013;p99p100;768363.13;;0.1453;0.1453
;US-MT;2013;p99.9p100;3077634.0;;0.058200002;0.058200002
;US-MT;2013;p99.99p100;12885896.0;;0.0244;0.0244
;US-MT;2013;p90p100;221492.3;;0.41890001;0.41890001
;US-MT;2013;p90p95;128254.0;;0.1213;0.1213
;US-MT;2013;p95p99;200768.09;;0.15189999;0.15189999
;US-MT;2013;p99.5p99.9;676620.19;;0.051199999;0.051199999
;US-MT;2013;p99.9p99.99;1992624.9;;0.0339;0.0339
;US-MT;2013;p99p99.5;380172.59;;0.035999998;0.035999998
;US-MT;2013;p95p100;314360.19;;0.29730001;0.29730001
;US-MT;2013;p0p90;34157.699;;0.58139998;0.58139998
;US-MT;2013;p0p99;45647.5;;0.85470003;0.85470003
;US-MT;2013;p99.5p100;1156971.3;;0.1094;0.1094
;US-MT;2012;p0p100;57812.699;28572720730.0;1.0;1.0
;US-MT;2012;p99p100;1008028.6;;0.1858;0.1858
;US-MT;2012;p99.9p100;4835343.0;;0.089100003;0.089100003
;US-MT;2012;p99.99p100;23045896.0;;0.0425;0.0425
;US-MT;2012;p90p100;245747.0;;0.45300001;0.45300001
;US-MT;2012;p90p95;129860.7;;0.1197;0.1197
;US-MT;2012;p95p99;199575.91;;0.1472;0.1472
;US-MT;2012;p99.5p99.9;794493.81;;0.058600001;0.058600001
;US-MT;2012;p99.9p99.99;2821715.8;;0.046799999;0.046799999
;US-MT;2012;p99p99.5;413710.41;;0.0381;0.0381
;US-MT;2012;p95p100;361223.41;;0.33289999;0.33289999
;US-MT;2012;p0p90;32979.398;;0.54710001;0.54710001
;US-MT;2012;p0p99;44614.102;;0.81419998;0.81419998
;US-MT;2012;p99.5p100;1602461.1;;0.1477;0.1477
;US-MT;2011;p0p100;56641.801;26438340692.0;1.0;1.0
;US-MT;2011;p99p100;751165.88;;0.1472;0.1472
;US-MT;2011;p99.9p100;3124581.8;;0.0612;0.0612
;US-MT;2011;p99.99p100;13756806.0;;0.027000001;0.027000001
;US-MT;2011;p90p100;211366.5;;0.41429999;0.41429999
;US-MT;2011;p90p95;125102.6;;0.1226;0.1226
;US-MT;2011;p95p99;183547.3;;0.14390001;0.14390001
;US-MT;2011;p99.5p99.9;648133.38;;0.050799999;0.050799999
;US-MT;2011;p99.9p99.99;1947299.8;;0.034400001;0.034400001
;US-MT;2011;p99p99.5;358786.0;;0.0352;0.0352
;US-MT;2011;p95p100;297031.09;;0.2911;0.2911
;US-MT;2011;p0p90;33227.102;;0.5862;0.5862
;US-MT;2011;p0p99;43943.898;;0.85280001;0.85280001
;US-MT;2011;p99.5p100;1143957.6;;0.1121;0.1121
;US-MT;2010;p0p100;59145.602;25515204588.0;1.0;1.0
;US-MT;2010;p99p100;777892.31;;0.15539999;0.15539999
;US-MT;2010;p99.9p100;3488142.0;;0.069700003;0.069700003
;US-MT;2010;p99.99p100;17140896.0;;0.034200002;0.034200002
;US-MT;2010;p90p100;211108.2;;0.4217;0.4217
;US-MT;2010;p90p95;117696.5;;0.1176;0.1176
;US-MT;2010;p95p99;185612.59;;0.14830001;0.14830001
;US-MT;2010;p99.5p99.9;632150.88;;0.050500002;0.050500002
;US-MT;2010;p99.9p99.99;1971071.4;;0.035399999;0.035399999
;US-MT;2010;p99p99.5;352401.41;;0.0352;0.0352
;US-MT;2010;p95p100;304030.31;;0.3037;0.3037
;US-MT;2010;p0p90;32192.199;;0.57880002;0.57880002
;US-MT;2010;p0p99;42709.102;;0.84460002;0.84460002
;US-MT;2010;p99.5p100;1203969.5;;0.1203;0.1203
;US-MT;2009;p0p100;59962.301;24382071048.0;1.0;1.0
;US-MT;2009;p99p100;810737.63;;0.16500001;0.16500001
;US-MT;2009;p99.9p100;3870808.3;;0.0788;0.0788
;US-MT;2009;p99.99p100;18950488.0;;0.038600001;0.038600001
;US-MT;2009;p90p100;210790.0;;0.42910001;0.42910001
;US-MT;2009;p90p95;115174.4;;0.1172;0.1172
;US-MT;2009;p95p99;180133.41;;0.14669999;0.14669999
;US-MT;2009;p99.5p99.9;641579.81;;0.052200001;0.052200001
;US-MT;2009;p99.9p99.99;2216939.0;;0.040600002;0.040600002
;US-MT;2009;p99p99.5;340837.19;;0.034699999;0.034699999
;US-MT;2009;p95p100;306264.91;;0.31169999;0.31169999
;US-MT;2009;p0p90;31113.9;;0.56999999;0.56999999
;US-MT;2009;p0p99;41434.301;;0.83499998;0.83499998
;US-MT;2009;p99.5p100;1282580.0;;0.1305;0.1305
;US-MT;2008;p0p100;64313.0;26519385232.0;1.0;1.0
;US-MT;2008;p99p100;857324.63;;0.16150001;0.16150001
;US-MT;2008;p99.9p100;3831129.0;;0.0722;0.0722
;US-MT;2008;p99.99p100;16689984.0;;0.031399999;0.031399999
;US-MT;2008;p90p100;223568.09;;0.42129999;0.42129999
;US-MT;2008;p90p95;121202.3;;0.1142;0.1142
;US-MT;2008;p95p99;190505.2;;0.1436;0.1436
;US-MT;2008;p99.5p99.9;697140.13;;0.052499998;0.052499998
;US-MT;2008;p99.9p99.99;2360187.8;;0.039999999;0.039999999
;US-MT;2008;p99p99.5;369638.31;;0.0348;0.0348
;US-MT;2008;p95p100;325132.5;;0.30630001;0.30630001
;US-MT;2008;p0p90;34398.5;;0.58340001;0.58340001
;US-MT;2008;p0p99;44945.102;;0.83850002;0.83850002
;US-MT;2008;p99.5p100;1337641.4;;0.126;0.126
;US-MT;2007;p0p100;73917.203;27869620642.0;1.0;1.0
;US-MT;2007;p99p100;1017573.6;;0.17990001;0.17990001
;US-MT;2007;p99.9p100;4678555.0;;0.082699999;0.082699999
;US-MT;2007;p99.99p100;20252900.0;;0.035799999;0.035799999
;US-MT;2007;p90p100;247814.2;;0.43810001;0.43810001
;US-MT;2007;p90p95;128432.7;;0.1135;0.1135
;US-MT;2007;p95p99;200728.2;;0.1419;0.1419
;US-MT;2007;p99.5p99.9;820209.5;;0.057999998;0.057999998
;US-MT;2007;p99.9p99.99;2912519.8;;0.046300001;0.046300001
;US-MT;2007;p99p99.5;414726.69;;0.036699999;0.036699999
;US-MT;2007;p95p100;366027.59;;0.32350001;0.32350001
;US-MT;2007;p0p90;35683.199;;0.56770003;0.56770003
;US-MT;2007;p0p99;46859.602;;0.82010001;0.82010001
;US-MT;2007;p99.5p100;1609466.9;;0.14229999;0.14229999
;US-MT;2006;p0p100;74972.297;25926540245.0;1.0;1.0
;US-MT;2006;p99p100;956051.19;;0.1762;0.1762
;US-MT;2006;p99.9p100;4203429.5;;0.077500001;0.077500001
;US-MT;2006;p99.99p100;17150420.0;;0.031599998;0.031599998
;US-MT;2006;p90p100;237508.2;;0.43779999;0.43779999
;US-MT;2006;p90p95;120020.0;;0.1106;0.1106
;US-MT;2006;p95p99;201928.7;;0.1489;0.1489
;US-MT;2006;p99.5p99.9;798383.81;;0.058899999;0.058899999
;US-MT;2006;p99.9p99.99;2752282.8;;0.045699999;0.045699999
;US-MT;2006;p99p99.5;409372.5;;0.037700001;0.037700001
;US-MT;2006;p95p100;354256.31;;0.3265;0.3265
;US-MT;2006;p0p90;34157.398;;0.56660002;0.56660002
;US-MT;2006;p0p99;45143.301;;0.82380003;0.82380003
;US-MT;2006;p99.5p100;1493424.0;;0.1376;0.1376
;US-MT;2005;p0p100;77560.5;24565225645.0;1.0;1.0
;US-MT;2005;p99p100;850646.63;;0.1617;0.1617
;US-MT;2005;p99.9p100;3640554.5;;0.069200002;0.069200002
;US-MT;2005;p99.99p100;14513567.0;;0.0276;0.0276
;US-MT;2005;p90p100;220090.7;;0.4183;0.4183
;US-MT;2005;p90p95;113382.6;;0.1077;0.1077
;US-MT;2005;p95p99;193443.8;;0.1471;0.1471
;US-MT;2005;p99.5p99.9;718190.69;;0.0546;0.0546
;US-MT;2005;p99.9p99.99;2422108.3;;0.0414;0.0414
;US-MT;2005;p99p99.5;378026.5;;0.0359;0.0359
;US-MT;2005;p95p100;325859.19;;0.3096;0.3096
;US-MT;2005;p0p90;34241.398;;0.58569998;0.58569998
;US-MT;2005;p0p99;44557.398;;0.83829999;0.83829999
;US-MT;2005;p99.5p100;1315481.8;;0.125;0.125
;US-MT;2004;p0p100;77273.297;22813401443.0;1.0;1.0
;US-MT;2004;p99p100;737303.13;;0.15019999;0.15019999
;US-MT;2004;p99.9p100;3131142.0;;0.0638;0.0638
;US-MT;2004;p99.99p100;12730372.0;;0.025900001;0.025900001
;US-MT;2004;p90p100;199505.09;;0.40650001;0.40650001
;US-MT;2004;p90p95;106600.4;;0.1086;0.1086
;US-MT;2004;p95p99;179745.0;;0.14650001;0.14650001
;US-MT;2004;p99.5p99.9;622938.31;;0.050799999;0.050799999
;US-MT;2004;p99.9p99.99;2048553.3;;0.037599999;0.037599999
;US-MT;2004;p99p99.5;337065.41;;0.034299999;0.034299999
;US-MT;2004;p95p100;291638.91;;0.29710001;0.29710001
;US-MT;2004;p0p90;32515.5;;0.59630001;0.59630001
;US-MT;2004;p0p99;42125.801;;0.84979999;0.84979999
;US-MT;2004;p99.5p100;1133234.1;;0.1155;0.1155
;US-MT;2003;p0p100;78070.203;21013244242.0;1.0;1.0
;US-MT;2003;p99p100;660186.63;;0.14040001;0.14040001
;US-MT;2003;p99.9p100;2704894.0;;0.057500001;0.057500001
;US-MT;2003;p99.99p100;10960292.0;;0.0233;0.0233
;US-MT;2003;p90p100;188320.8;;0.40059999;0.40059999
;US-MT;2003;p90p95;108706.3;;0.1156;0.1156
;US-MT;2003;p95p99;168952.0;;0.14380001;0.14380001
;US-MT;2003;p99.5p99.9;569530.81;;0.048500001;0.048500001
;US-MT;2003;p99.9p99.99;1772161.3;;0.0339;0.0339
;US-MT;2003;p99p99.5;316011.41;;0.033599999;0.033599999
;US-MT;2003;p95p100;267576.0;;0.28459999;0.28459999
;US-MT;2003;p0p90;31406.5;;0.6013;0.6013
;US-MT;2003;p0p99;40814.699;;0.85960001;0.85960001
;US-MT;2003;p99.5p100;1001949.5;;0.1066;0.1066
;US-MT;2002;p0p100;78789.797;20074358844.0;1.0;1.0
;US-MT;2002;p99p100;642041.69;;0.14139999;0.14139999
;US-MT;2002;p99.9p100;2610190.3;;0.057500001;0.057500001
;US-MT;2002;p99.99p100;10434296.0;;0.023;0.023
;US-MT;2002;p90p100;184828.5;;0.40720001;0.40720001
;US-MT;2002;p90p95;107815.0;;0.1188;0.1188
;US-MT;2002;p95p99;166189.0;;0.1464;0.1464
;US-MT;2002;p99.5p99.9;559008.81;;0.0493;0.0493
;US-MT;2002;p99.9p99.99;1732639.4;;0.034400001;0.034400001
;US-MT;2002;p99p99.5;310191.41;;0.034200002;0.034200002
;US-MT;2002;p95p100;261585.8;;0.2881;0.2881
;US-MT;2002;p0p90;29959.5;;0.59399998;0.59399998
;US-MT;2002;p0p99;39364.898;;0.85860002;0.85860002
;US-MT;2002;p99.5p100;972499.31;;0.1071;0.1071
;US-MT;2001;p0p100;83254.5;20388866726.0;1.0;1.0
;US-MT;2001;p99p100;637391.19;;0.1372;0.1372
;US-MT;2001;p99.9p100;2387877.3;;0.051399998;0.051399998
;US-MT;2001;p99.99p100;9521040.0;;0.020500001;0.020500001
;US-MT;2001;p90p100;187621.41;;0.4039;0.4039
;US-MT;2001;p90p95;109662.6;;0.118;0.118
;US-MT;2001;p95p99;171744.5;;0.1479;0.1479
;US-MT;2001;p99.5p99.9;563375.13;;0.048500001;0.048500001
;US-MT;2001;p99.9p99.99;1600018.3;;0.030999999;0.030999999
;US-MT;2001;p99p99.5;345174.5;;0.0372;0.0372
;US-MT;2001;p95p100;265159.41;;0.2854;0.2854
;US-MT;2001;p0p90;30807.4;;0.59689999;0.59689999
;US-MT;2001;p0p99;40481.898;;0.8628;0.8628
;US-MT;2001;p99.5p100;930548.88;;0.1002;0.1002
;US-MT;2000;p0p100;95493.797;21289378274.0;1.0;1.0
;US-MT;2000;p99p100;751525.13;;0.14910001;0.14910001
;US-MT;2000;p99.9p100;3043239.8;;0.060400002;0.060400002
;US-MT;2000;p99.99p100;12081797.0;;0.024;0.024
;US-MT;2000;p90p100;206332.8;;0.4093;0.4093
;US-MT;2000;p90p95;113495.8;;0.1126;0.1126
;US-MT;2000;p95p99;183801.41;;0.14579999;0.14579999
;US-MT;2000;p99.5p99.9;641940.5;;0.050900001;0.050900001
;US-MT;2000;p99.9p99.99;2054283.0;;0.036699999;0.036699999
;US-MT;2000;p99p99.5;370381.5;;0.036699999;0.036699999
;US-MT;2000;p95p100;298314.5;;0.29589999;0.29589999
;US-MT;2000;p0p90;33229.0;;0.59329998;0.59329998
;US-MT;2000;p0p99;43327.699;;0.85089999;0.85089999
;US-MT;2000;p99.5p100;1129826.4;;0.1121;0.1121
;US-MT;1999;p0p100;98108.703;20748383303.0;1.0;1.0
;US-MT;1999;p99p100;672306.0;;0.13869999;0.13869999
;US-MT;1999;p99.9p100;2504327.0;;0.0517;0.0517
;US-MT;1999;p99.99p100;8296509.0;;0.017100001;0.017100001
;US-MT;1999;p90p100;194269.09;;0.4007;0.4007
;US-MT;1999;p90p95;111038.6;;0.1145;0.1145
;US-MT;1999;p95p99;177949.7;;0.1468;0.1468
;US-MT;1999;p99.5p99.9;610179.88;;0.050299998;0.050299998
;US-MT;1999;p99.9p99.99;1901896.6;;0.035300002;0.035300002
;US-MT;1999;p99p99.5;352771.09;;0.036400001;0.036400001
;US-MT;1999;p95p100;277050.09;;0.28569999;0.28569999
;US-MT;1999;p0p90;32300.199;;0.59960002;0.59960002
;US-MT;1999;p0p99;42184.801;;0.86129999;0.86129999
;US-MT;1999;p99.5p100;991686.63;;0.1023;0.1023
;US-MT;1998;p0p100;99801.203;19948575012.0;1.0;1.0
;US-MT;1998;p99p100;641842.0;;0.1356;0.1356
;US-MT;1998;p99.9p100;2519188.5;;0.053199999;0.053199999
;US-MT;1998;p99.99p100;10024432.0;;0.021199999;0.021199999
;US-MT;1998;p90p100;186844.41;;0.39480001;0.39480001
;US-MT;1998;p90p95;107935.4;;0.114;0.114
;US-MT;1998;p95p99;170789.8;;0.1443;0.1443
;US-MT;1998;p99.5p99.9;559442.38;;0.0473;0.0473
;US-MT;1998;p99.9p99.99;1697272.3;;0.032299999;0.032299999
;US-MT;1998;p99p99.5;330680.59;;0.034899998;0.034899998
;US-MT;1998;p95p100;265364.81;;0.28029999;0.28029999
;US-MT;1998;p0p90;31864.301;;0.60589999;0.60589999
;US-MT;1998;p0p99;41322.199;;0.86440003;0.86440003
;US-MT;1998;p99.5p100;952881.81;;0.1007;0.1007
;US-MT;1997;p0p100;96269.102;18634207967.0;1.0;1.0
;US-MT;1997;p99p100;566806.13;;0.1276;0.1276
;US-MT;1997;p99.9p100;2073147.4;;0.046700001;0.046700001
;US-MT;1997;p99.99p100;7544087.0;;0.017000001;0.017000001
;US-MT;1997;p90p100;172001.2;;0.3874;0.3874
;US-MT;1997;p90p95;101933.7;;0.1148;0.1148
;US-MT;1997;p95p99;160414.7;;0.1445;0.1445
;US-MT;1997;p99.5p99.9;516088.59;;0.046500001;0.046500001
;US-MT;1997;p99.9p99.99;1475784.1;;0.029899999;0.029899999
;US-MT;1997;p99p99.5;304342.81;;0.034299999;0.034299999
;US-MT;1997;p95p100;241851.41;;0.2723;0.2723
;US-MT;1997;p0p90;30246.801;;0.61309999;0.61309999
;US-MT;1997;p0p99;39127.301;;0.87239999;0.87239999
;US-MT;1997;p99.5p100;828818.69;;0.0933;0.0933
;US-MT;1996;p0p100;95527.398;17696020472.0;1.0;1.0
;US-MT;1996;p99p100;505753.91;;0.1198;0.1198
;US-MT;1996;p99.9p100;1787105.8;;0.042300001;0.042300001
;US-MT;1996;p99.99p100;6147519.0;;0.0146;0.0146
;US-MT;1996;p90p100;163058.3;;0.38620001;0.38620001
;US-MT;1996;p90p95;101740.2;;0.1205;0.1205
;US-MT;1996;p95p99;153751.5;;0.14569999;0.14569999
;US-MT;1996;p99.5p99.9;467969.41;;0.044300001;0.044300001
;US-MT;1996;p99.9p99.99;1300021.8;;0.0277;0.0277
;US-MT;1996;p99p99.5;274895.0;;0.032600001;0.032600001
;US-MT;1996;p95p100;224228.41;;0.2656;0.2656
;US-MT;1996;p0p90;28832.9;;0.61470002;0.61470002
;US-MT;1996;p0p99;37535.602;;0.88020003;0.88020003
;US-MT;1996;p99.5p100;735494.88;;0.087099999;0.087099999
;US-MT;1995;p0p100;100274.9;16944293008.0;1.0;1.0
;US-MT;1995;p99p100;503532.59;;0.1198;0.1198
;US-MT;1995;p99.9p100;1866311.3;;0.044399999;0.044399999
;US-MT;1995;p99.99p100;6738998.5;;0.016000001;0.016000001
;US-MT;1995;p90p100;160764.3;;0.38229999;0.38229999
;US-MT;1995;p90p95;100544.4;;0.1196;0.1196
;US-MT;1995;p95p99;150290.3;;0.14300001;0.14300001
;US-MT;1995;p99.5p99.9;461234.91;;0.043900002;0.043900002
;US-MT;1995;p99.9p99.99;1325146.1;;0.0284;0.0284
;US-MT;1995;p99p99.5;263446.31;;0.031300001;0.031300001
;US-MT;1995;p95p100;220908.8;;0.26269999;0.26269999
;US-MT;1995;p0p90;28866.699;;0.61790001;0.61790001
;US-MT;1995;p0p99;37386.102;;0.88020003;0.88020003
;US-MT;1995;p99.5p100;743399.63;;0.088399999;0.088399999
;US-MT;1994;p0p100;103079.5;16253215555.0;1.0;1.0
;US-MT;1994;p99p100;493174.91;;0.1197;0.1197
;US-MT;1994;p99.9p100;1919514.3;;0.046599999;0.046599999
;US-MT;1994;p99.99p100;7499307.0;;0.018200001;0.018200001
;US-MT;1994;p90p100;157589.41;;0.38240001;0.38240001
;US-MT;1994;p90p95;98712.102;;0.1198;0.1198
;US-MT;1994;p95p99;147266.09;;0.1429;0.1429
;US-MT;1994;p99.5p99.9;441291.59;;0.042800002;0.042800002
;US-MT;1994;p99.9p99.99;1298116.1;;0.0283;0.0283
;US-MT;1994;p99p99.5;248868.2;;0.030200001;0.030200001
;US-MT;1994;p95p100;216424.41;;0.2626;0.2626
;US-MT;1994;p0p90;28289.801;;0.6178;0.6178
;US-MT;1994;p0p99;36649.602;;0.88029999;0.88029999
;US-MT;1994;p99.5p100;737407.69;;0.089500003;0.089500003
;US-MT;1993;p0p100;111195.3;16268311970.0;1.0;1.0
;US-MT;1993;p99p100;469599.41;;0.1102;0.1102
;US-MT;1993;p99.9p100;1661257.5;;0.039000001;0.039000001
;US-MT;1993;p99.99p100;5905629.0;;0.0139;0.0139
;US-MT;1993;p90p100;154660.59;;0.36289999;0.36289999
;US-MT;1993;p90p95;98601.602;;0.1157;0.1157
;US-MT;1993;p95p99;145971.59;;0.13699999;0.13699999
;US-MT;1993;p99.5p99.9;437402.59;;0.041099999;0.041099999
;US-MT;1993;p99.9p99.99;1184529.3;;0.025;0.025
;US-MT;1993;p99p99.5;254866.5;;0.029899999;0.029899999
;US-MT;1993;p95p100;210652.0;;0.2471;0.2471
;US-MT;1993;p0p90;30190.301;;0.63749999;0.63749999
;US-MT;1993;p0p99;38307.898;;0.88980001;0.88980001
;US-MT;1993;p99.5p100;683826.38;;0.080200002;0.080200002
;US-MT;1992;p0p100;115198.0;15607844912.0;1.0;1.0
;US-MT;1992;p99p100;462208.81;;0.1099;0.1099
;US-MT;1992;p99.9p100;1616990.5;;0.0385;0.0385
;US-MT;1992;p99.99p100;5619004.5;;0.0134;0.0134
;US-MT;1992;p90p100;153351.59;;0.36469999;0.36469999
;US-MT;1992;p90p95;100018.7;;0.1189;0.1189
;US-MT;1992;p95p99;142912.41;;0.13590001;0.13590001
;US-MT;1992;p99.5p99.9;434775.81;;0.0414;0.0414
;US-MT;1992;p99.9p99.99;1171094.6;;0.0251;0.0251
;US-MT;1992;p99p99.5;252005.59;;0.029999999;0.029999999
;US-MT;1992;p95p100;206787.09;;0.24590001;0.24590001
;US-MT;1992;p0p90;29686.0;;0.6354;0.6354
;US-MT;1992;p0p99;37805.801;;0.8901;0.8901
;US-MT;1992;p99.5p100;672190.0;;0.079899997;0.079899997
;US-MT;1991;p0p100;119739.2;15264460079.0;1.0;1.0
;US-MT;1991;p99p100;426044.81;;0.1025;0.1025
;US-MT;1991;p99.9p100;1481652.1;;0.035599999;0.035599999
;US-MT;1991;p99.99p100;5203986.5;;0.0125;0.0125
;US-MT;1991;p90p100;146664.41;;0.35280001;0.35280001
;US-MT;1991;p90p95;100045.4;;0.1203;0.1203
;US-MT;1991;p95p99;135446.7;;0.1303;0.1303
;US-MT;1991;p99.5p99.9;394927.09;;0.037999999;0.037999999
;US-MT;1991;p99.9p99.99;1067711.1;;0.0231;0.0231
;US-MT;1991;p99p99.5;239541.59;;0.0288;0.0288
;US-MT;1991;p95p100;193542.59;;0.23280001;0.23280001
;US-MT;1991;p0p90;29882.0;;0.6469;0.6469
;US-MT;1991;p0p99;37689.199;;0.89749998;0.89749998
;US-MT;1991;p99.5p100;612568.13;;0.073700003;0.073700003
;US-MT;1990;p0p100;125596.2;14918197855.0;1.0;1.0
;US-MT;1990;p99p100;440668.0;;0.1084;0.1084
;US-MT;1990;p99.9p100;1595868.1;;0.039299998;0.039299998
;US-MT;1990;p99.99p100;5783884.0;;0.0142;0.0142
;US-MT;1990;p90p100;145895.8;;0.359;0.359
;US-MT;1990;p90p95;98434.203;;0.1211;0.1211
;US-MT;1990;p95p99;131516.8;;0.1294;0.1294
;US-MT;1990;p99.5p99.9;405052.41;;0.039900001;0.039900001
;US-MT;1990;p99.9p99.99;1131825.3;;0.0251;0.0251
;US-MT;1990;p99p99.5;237779.09;;0.029300001;0.029300001
;US-MT;1990;p95p100;193379.8;;0.2379;0.2379
;US-MT;1990;p0p90;28945.5;;0.64099997;0.64099997
;US-MT;1990;p0p99;36598.699;;0.89160001;0.89160001
;US-MT;1990;p99.5p100;643251.13;;0.079099998;0.079099998
;US-MT;1989;p0p100;140566.59;14958743949.0;1.0;1.0
;US-MT;1989;p99p100;488003.41;;0.1183;0.1183
;US-MT;1989;p99.9p100;1828114.5;;0.044300001;0.044300001
;US-MT;1989;p99.99p100;6765915.5;;0.0164;0.0164
;US-MT;1989;p90p100;149280.41;;0.3617;0.3617
;US-MT;1989;p90p95;91877.703;;0.1113;0.1113
;US-MT;1989;p95p99;133674.09;;0.1296;0.1296
;US-MT;1989;p99.5p99.9;436794.09;;0.042300001;0.042300001
;US-MT;1989;p99.9p99.99;1250425.3;;0.0273;0.0273
;US-MT;1989;p99p99.5;245472.8;;0.0297;0.0297
;US-MT;1989;p95p100;206307.5;;0.25;0.25
;US-MT;1989;p0p90;29500.0;;0.64340001;0.64340001
;US-MT;1989;p0p99;36754.801;;0.88169998;0.88169998
;US-MT;1989;p99.5p100;724225.88;;0.087700002;0.087700002
;US-MT;1988;p0p100;149462.91;14453181840.0;1.0;1.0
;US-MT;1988;p99p100;490064.19;;0.1215;0.1215
;US-MT;1988;p99.9p100;1884101.8;;0.046700001;0.046700001
;US-MT;1988;p99.99p100;6949649.0;;0.017200001;0.017200001
;US-MT;1988;p90p100;146687.09;;0.36379999;0.36379999
;US-MT;1988;p90p95;89540.5;;0.111;0.111
;US-MT;1988;p95p99;128135.9;;0.12710001;0.12710001
;US-MT;1988;p99.5p99.9;430646.09;;0.0427;0.0427
;US-MT;1988;p99.9p99.99;1280785.8;;0.0286;0.0286
;US-MT;1988;p99p99.5;235342.2;;0.029200001;0.029200001
;US-MT;1988;p95p100;203237.8;;0.252;0.252
;US-MT;1988;p0p90;28861.4;;0.64420003;0.64420003
;US-MT;1988;p0p99;35781.898;;0.87849998;0.87849998
;US-MT;1988;p99.5p100;735059.19;;0.0911;0.0911
;US-MT;1987;p0p100;159323.91;14331590199.0;1.0;1.0
;US-MT;1987;p99p100;378391.19;;0.094599999;0.094599999
;US-MT;1987;p99.9p100;1263451.3;;0.031599998;0.031599998
;US-MT;1987;p99.99p100;4246161.0;;0.0106;0.0106
;US-MT;1987;p90p100;132434.7;;0.33109999;0.33109999
;US-MT;1987;p90p95;88716.898;;0.1109;0.1109
;US-MT;1987;p95p99;122898.9;;0.1229;0.1229
;US-MT;1987;p99.5p99.9;347718.41;;0.0348;0.0348
;US-MT;1987;p99.9p99.99;903788.0;;0.020300001;0.020300001
;US-MT;1987;p99p99.5;210180.0;;0.0263;0.0263
;US-MT;1987;p95p100;175820.59;;0.2198;0.2198
;US-MT;1987;p0p90;29960.301;;0.6742;0.6742
;US-MT;1987;p0p99;36577.699;;0.90539998;0.90539998
;US-MT;1987;p99.5p100;540207.69;;0.067500003;0.067500003
;US-MT;1986;p0p100;180331.41;15257137595.0;1.0;1.0
;US-MT;1986;p99p100;475617.91;;0.1123;0.1123
;US-MT;1986;p99.9p100;1899994.3;;0.0449;0.0449
;US-MT;1986;p99.99p100;7368611.5;;0.0174;0.0174
;US-MT;1986;p90p100;142614.3;;0.33669999;0.33669999
;US-MT;1986;p90p95;87448.203;;0.1032;0.1032
;US-MT;1986;p95p99;123727.3;;0.1168;0.1168
;US-MT;1986;p99.5p99.9;405478.69;;0.0383;0.0383
;US-MT;1986;p99.9p99.99;1230700.1;;0.0261;0.0261
;US-MT;1986;p99p99.5;220154.09;;0.026000001;0.026000001
;US-MT;1986;p95p100;197026.8;;0.2326;0.2326
;US-MT;1986;p0p90;31633.301;;0.67210001;0.67210001
;US-MT;1986;p0p99;37982.301;;0.88770002;0.88770002
;US-MT;1986;p99.5p100;719865.31;;0.085000001;0.085000001
;US-MT;1985;p0p100;174697.5;14354070741.0;1.0;1.0
;US-MT;1985;p99p100;399671.81;;0.101;0.101
;US-MT;1985;p99.9p100;1499522.1;;0.037900001;0.037900001
;US-MT;1985;p99.99p100;5558831.5;;0.014;0.014
;US-MT;1985;p90p100;133388.3;;0.3369;0.3369
;US-MT;1985;p90p95;87521.0;;0.1105;0.1105
;US-MT;1985;p95p99;121611.6;;0.1229;0.1229
;US-MT;1985;p99.5p99.9;344655.0;;0.0348;0.0348
;US-MT;1985;p99.9p99.99;994876.31;;0.022600001;0.022600001
;US-MT;1985;p99p99.5;205979.2;;0.026000001;0.026000001
;US-MT;1985;p95p100;178892.2;;0.22589999;0.22589999
;US-MT;1985;p0p90;29431.699;;0.66909999;0.66909999
;US-MT;1985;p0p99;35951.602;;0.89899999;0.89899999
;US-MT;1985;p99.5p100;586618.38;;0.074100003;0.074100003
;US-MT;1984;p0p100;192563.09;14612357686.0;1.0;1.0
;US-MT;1984;p99p100;396878.69;;0.0973;0.0973
;US-MT;1984;p99.9p100;1488798.9;;0.036499999;0.036499999
;US-MT;1984;p99.99p100;5740190.5;;0.0141;0.0141
;US-MT;1984;p90p100;135513.59;;0.33219999;0.33219999
;US-MT;1984;p90p95;90419.297;;0.1108;0.1108
;US-MT;1984;p95p99;124787.6;;0.1224;0.1224
;US-MT;1984;p99.5p99.9;340727.91;;0.033399999;0.033399999
;US-MT;1984;p99.9p99.99;966097.88;;0.021299999;0.021299999
;US-MT;1984;p99p99.5;208449.09;;0.025599999;0.025599999
;US-MT;1984;p95p100;180511.0;;0.22130001;0.22130001
;US-MT;1984;p0p90;30475.0;;0.6724;0.6724
;US-MT;1984;p0p99;37191.801;;0.90270001;0.90270001
;US-MT;1984;p99.5p100;579865.0;;0.071099997;0.071099997
;US-MT;1983;p0p100;229771.91;14618436330.0;1.0;1.0
;US-MT;1983;p99p100;360705.5;;0.083700001;0.083700001
;US-MT;1983;p99.9p100;1255333.8;;0.029100001;0.029100001
;US-MT;1983;p99.99p100;4699222.5;;0.0109;0.0109
;US-MT;1983;p90p100;131789.59;;0.30590001;0.30590001
;US-MT;1983;p90p95;91957.203;;0.1067;0.1067
;US-MT;1983;p95p99;123992.9;;0.1151;0.1151
;US-MT;1983;p99.5p99.9;323327.91;;0.029999999;0.029999999
;US-MT;1983;p99.9p99.99;849665.31;;0.0178;0.0178
;US-MT;1983;p99p99.5;203018.59;;0.023600001;0.023600001
;US-MT;1983;p95p100;171966.59;;0.1996;0.1996
;US-MT;1983;p0p90;33309.0;;0.69590002;0.69590002
;US-MT;1983;p0p99;39870.398;;0.9163;0.9163
;US-MT;1983;p99.5p100;515245.69;;0.059799999;0.059799999
;US-MT;1982;p0p100;238941.8;14579539067.0;1.0;1.0
;US-MT;1982;p99p100;374895.09;;0.087300003;0.087300003
;US-MT;1982;p99.9p100;1450078.8;;0.033799998;0.033799998
;US-MT;1982;p99.99p100;6020774.0;;0.014;0.014
;US-MT;1982;p90p100;129861.8;;0.30230001;0.30230001
;US-MT;1982;p90p95;86167.797;;0.1003;0.1003
;US-MT;1982;p95p99;122644.8;;0.1142;0.1142
;US-MT;1982;p99.5p99.9;328965.5;;0.0306;0.0306
;US-MT;1982;p99.9p99.99;942223.81;;0.0197;0.0197
;US-MT;1982;p99p99.5;196602.09;;0.0229;0.0229
;US-MT;1982;p95p100;173797.0;;0.2023;0.2023
;US-MT;1982;p0p90;33334.398;;0.6983;0.6983
;US-MT;1982;p0p99;39611.301;;0.9127;0.9127
;US-MT;1982;p99.5p100;553188.19;;0.064400002;0.064400002
;US-MT;1981;p0p100;262907.41;14875313342.0;1.0;1.0
;US-MT;1981;p99p100;318738.0;;0.075800002;0.075800002
;US-MT;1981;p99.9p100;941888.19;;0.022399999;0.022399999
;US-MT;1981;p99.99p100;2763982.0;;0.0066;0.0066
;US-MT;1981;p90p100;136652.41;;0.32499999;0.32499999
;US-MT;1981;p90p95;103476.1;;0.1231;0.1231
;US-MT;1981;p95p99;133009.59;;0.1265;0.1265
;US-MT;1981;p99.5p99.9;308853.19;;0.0294;0.0294
;US-MT;1981;p99.9p99.99;738100.81;;0.015799999;0.015799999
;US-MT;1981;p99p99.5;200641.5;;0.0239;0.0239
;US-MT;1981;p95p100;170407.09;;0.2026;0.2026
;US-MT;1981;p0p90;31524.699;;0.67479998;0.67479998
;US-MT;1981;p0p99;39250.898;;0.9242;0.9242
;US-MT;1981;p99.5p100;436504.0;;0.051899999;0.051899999
;US-MT;1980;p0p100;313215.69;14563066938.0;1.0;1.0
;US-MT;1980;p99p100;328537.31;;0.078699999;0.078699999
;US-MT;1980;p99.9p100;983225.5;;0.023499999;0.023499999
;US-MT;1980;p99.99p100;3388082.8;;0.0081000002;0.0081000002
;US-MT;1980;p90p100;135353.91;;0.32409999;0.32409999
;US-MT;1980;p90p95;95999.5;;0.1149;0.1149
;US-MT;1980;p95p99;136037.7;;0.1303;0.1303
;US-MT;1980;p99.5p99.9;319470.5;;0.0306;0.0306
;US-MT;1980;p99.9p99.99;715715.19;;0.0154;0.0154
;US-MT;1980;p99p99.5;204536.09;;0.024499999;0.024499999
;US-MT;1980;p95p100;174626.59;;0.20909999;0.20909999
;US-MT;1980;p0p90;31373.801;;0.67610002;0.67610002
;US-MT;1980;p0p99;38864.699;;0.92129999;0.92129999
;US-MT;1980;p99.5p100;452498.69;;0.054200001;0.054200001
;US-MT;1979;p0p100;394880.19;14616601929.0;1.0;1.0
;US-MT;1979;p99p100;356501.19;;0.0836;0.0836
;US-MT;1979;p99.9p100;1096405.8;;0.025699999;0.025699999
;US-MT;1979;p99.99p100;4625471.0;;0.0108;0.0108
;US-MT;1979;p90p100;136182.09;;0.3193;0.3193
;US-MT;1979;p90p95;93117.5;;0.1092;0.1092
;US-MT;1979;p95p99;134824.8;;0.12639999;0.12639999
;US-MT;1979;p99.5p99.9;328406.69;;0.0308;0.0308
;US-MT;1979;p99.9p99.99;704466.31;;0.0149;0.0149
;US-MT;1979;p99p99.5;231311.3;;0.027100001;0.027100001
;US-MT;1979;p95p100;179136.09;;0.20999999;0.20999999
;US-MT;1979;p0p90;32264.699;;0.68080002;0.68080002
;US-MT;1979;p0p99;39483.699;;0.91640002;0.91640002
;US-MT;1979;p99.5p100;482139.81;;0.056499999;0.056499999
;US-MT;1978;p0p100;488107.69;14577534437.0;1.0;1.0
;US-MT;1978;p99p100;316129.69;;0.071999997;0.071999997
;US-MT;1978;p99.9p100;778915.88;;0.0177;0.0177
;US-MT;1978;p99.99p100;1635666.3;;0.0037;0.0037
;US-MT;1978;p90p100;134053.09;;0.3053;0.3053
;US-MT;1978;p90p95;93355.203;;0.1063;0.1063
;US-MT;1978;p95p99;139566.41;;0.12710001;0.12710001
;US-MT;1978;p99.5p99.9;323112.0;;0.0294;0.0294
;US-MT;1978;p99.9p99.99;682815.31;;0.014;0.014
;US-MT;1978;p99p99.5;217827.41;;0.024800001;0.024800001
;US-MT;1978;p95p100;174681.09;;0.1989;0.1989
;US-MT;1978;p0p90;33888.102;;0.69459999;0.69459999
;US-MT;1978;p0p99;41159.699;;0.92799997;0.92799997
;US-MT;1978;p99.5p100;414608.09;;0.047200002;0.047200002
;US-MT;1977;p0p100;527643.38;13280676001.0;1.0;1.0
;US-MT;1977;p99p100;310788.09;;0.075800002;0.075800002
;US-MT;1977;p99.9p100;803514.31;;0.0196;0.0196
;US-MT;1977;p99.99p100;2165483.5;;0.0052999998;0.0052999998
;US-MT;1977;p90p100;132422.41;;0.3229;0.3229
;US-MT;1977;p90p95;92749.398;;0.1131;0.1131
;US-MT;1977;p95p99;137385.2;;0.134;0.134
;US-MT;1977;p99.5p99.9;352202.59;;0.034400001;0.034400001
;US-MT;1977;p99.9p99.99;651385.5;;0.0143;0.0143
;US-MT;1977;p99p99.5;178628.91;;0.0218;0.0218
;US-MT;1977;p95p100;172103.09;;0.20990001;0.20990001
;US-MT;1977;p0p90;30852.199;;0.67720002;0.67720002
;US-MT;1977;p0p99;38279.5;;0.9242;0.9242
;US-MT;1977;p99.5p100;442857.91;;0.054000001;0.054000001
;US-MT;1976;p0p100;606843.0;13145090250.0;1.0;1.0
;US-MT;1976;p99p100;315941.69;;0.075999998;0.075999998
;US-MT;1976;p99.9p100;757200.5;;0.018200001;0.018200001
;US-MT;1976;p99.99p100;1904578.8;;0.0046000001;0.0046000001
;US-MT;1976;p90p100;132976.59;;0.31979999;0.31979999
;US-MT;1976;p90p95;93199.898;;0.1121;0.1121
;US-MT;1976;p95p99;136975.2;;0.1318;0.1318
;US-MT;1976;p99.5p99.9;316653.59;;0.0305;0.0305
;US-MT;1976;p99.9p99.99;629944.13;;0.0136;0.0136
;US-MT;1976;p99p99.5;226694.59;;0.0273;0.0273
;US-MT;1976;p95p100;172765.7;;0.2078;0.2078
;US-MT;1976;p0p90;31422.199;;0.68019998;0.68019998
;US-MT;1976;p0p99;38805.102;;0.92400002;0.92400002
;US-MT;1976;p99.5p100;405104.31;;0.048700001;0.048700001
;US-MT;1975;p0p100;677774.0;12820847698.0;1.0;1.0
;US-MT;1975;p99p100;316343.91;;0.076200001;0.076200001
;US-MT;1975;p99.9p100;753262.63;;0.018100001;0.018100001
;US-MT;1975;p99.99p100;2099414.3;;0.0051000002;0.0051000002
;US-MT;1975;p90p100;129303.1;;0.31150001;0.31150001
;US-MT;1975;p90p95;90160.203;;0.1086;0.1086
;US-MT;1975;p95p99;131497.41;;0.1267;0.1267
;US-MT;1975;p99.5p99.9;304489.0;;0.029300001;0.029300001
;US-MT;1975;p99.9p99.99;604141.0;;0.0131;0.0131
;US-MT;1975;p99p99.5;237678.41;;0.0286;0.0286
;US-MT;1975;p95p100;168460.59;;0.20290001;0.20290001
;US-MT;1975;p0p90;31762.5;;0.6886;0.6886
;US-MT;1975;p0p99;38738.102;;0.92379999;0.92379999
;US-MT;1975;p99.5p100;394571.19;;0.047499999;0.047499999
;US-MT;1974;p0p100;840314.5;13034210377.0;1.0;1.0
;US-MT;1974;p99p100;362198.81;;0.083800003;0.083800003
;US-MT;1974;p99.9p100;1055971.5;;0.0244;0.0244
;US-MT;1974;p99.99p100;3319439.0;;0.0077;0.0077
;US-MT;1974;p90p100;135689.5;;0.31400001;0.31400001
;US-MT;1974;p90p95;92569.398;;0.1071;0.1071
;US-MT;1974;p95p99;132826.09;;0.1229;0.1229
;US-MT;1974;p99.5p99.9;356577.59;;0.033;0.033
;US-MT;1974;p99.9p99.99;802652.5;;0.0167;0.0167
;US-MT;1974;p99p99.5;227045.59;;0.0263;0.0263
;US-MT;1974;p95p100;178818.41;;0.2069;0.2069
;US-MT;1974;p0p90;32958.199;;0.68629998;0.68629998
;US-MT;1974;p0p99;39997.801;;0.91619998;0.91619998
;US-MT;1974;p99.5p100;496992.19;;0.057500001;0.057500001
;US-MT;1973;p0p100;1069083.9;13144826030.0;1.0;1.0
;US-MT;1973;p99p100;348153.0;;0.078100003;0.078100003
;US-MT;1973;p99.9p100;907221.69;;0.020300001;0.020300001
;US-MT;1973;p99.99p100;2716053.5;;0.0060999999;0.0060999999
;US-MT;1973;p90p100;137305.59;;0.30790001;0.30790001
;US-MT;1973;p90p95;94243.297;;0.1057;0.1057
;US-MT;1973;p95p99;138427.41;;0.1242;0.1242
;US-MT;1973;p99.5p99.9;344686.19;;0.0309;0.0309
;US-MT;1973;p99.9p99.99;705936.19;;0.0142;0.0142
;US-MT;1973;p99p99.5;238609.0;;0.026799999;0.026799999
;US-MT;1973;p95p100;180377.0;;0.2022;0.2022
;US-MT;1973;p0p90;34301.0;;0.69220001;0.69220001
;US-MT;1973;p0p99;41532.699;;0.92189997;0.92189997
;US-MT;1973;p99.5p100;457182.91;;0.0513;0.0513
;US-MT;1972;p0p100;1132787.3;12060363937.0;1.0;1.0
;US-MT;1972;p99p100;280157.69;;0.0669;0.0669
;US-MT;1972;p99.9p100;774779.0;;0.0185;0.0185
;US-MT;1972;p99.99p100;2254955.5;;0.0054000001;0.0054000001
;US-MT;1972;p90p100;116810.0;;0.2789;0.2789
;US-MT;1972;p90p95;84709.703;;0.1011;0.1011
;US-MT;1972;p95p99;116128.8;;0.1109;0.1109
;US-MT;1972;p99.5p99.9;280827.41;;0.026799999;0.026799999
;US-MT;1972;p99.9p99.99;610146.19;;0.0131;0.0131
;US-MT;1972;p99p99.5;180419.2;;0.021500001;0.021500001
;US-MT;1972;p95p100;148938.41;;0.1778;0.1778
;US-MT;1972;p0p90;33559.199;;0.72109997;0.72109997
;US-MT;1972;p0p99;39477.199;;0.93309999;0.93309999
;US-MT;1972;p99.5p100;379896.09;;0.045400001;0.045400001
;US-MT;1971;p0p100;1099137.9;10720833235.0;1.0;1.0
;US-MT;1971;p99p100;278017.81;;0.072899997;0.072899997
;US-MT;1971;p99.9p100;674120.31;;0.0177;0.0177
;US-MT;1971;p99.99p100;1761250.1;;0.0046000001;0.0046000001
;US-MT;1971;p90p100;114440.0;;0.30000001;0.30000001
;US-MT;1971;p90p95;79027.602;;0.1036;0.1036
;US-MT;1971;p95p99;117848.9;;0.1236;0.1236
;US-MT;1971;p99.5p99.9;278605.5;;0.029200001;0.029200001
;US-MT;1971;p99.9p99.99;553626.63;;0.0131;0.0131
;US-MT;1971;p99p99.5;197797.2;;0.025900001;0.025900001
;US-MT;1971;p95p100;149873.41;;0.1964;0.1964
;US-MT;1971;p0p90;29675.699;;0.7001;0.7001
;US-MT;1971;p0p99;35728.398;;0.9271;0.9271
;US-MT;1971;p99.5p100;358059.19;;0.0469;0.0469
;US-MT;1970;p0p100;1211493.1;10564433650.0;1.0;1.0
;US-MT;1970;p99p100;266444.41;;0.068999998;0.068999998
;US-MT;1970;p99.9p100;652956.13;;0.016899999;0.016899999
;US-MT;1970;p99.99p100;2737918.0;;0.0071;0.0071
;US-MT;1970;p90p100;110921.6;;0.28740001;0.28740001
;US-MT;1970;p90p95;79481.203;;0.103;0.103
;US-MT;1970;p95p99;111436.5;;0.1155;0.1155
;US-MT;1970;p99.5p99.9;278878.81;;0.028899999;0.028899999
;US-MT;1970;p99.9p99.99;421654.31;;0.0098000001;0.0098000001
;US-MT;1970;p99p99.5;178739.91;;0.0232;0.0232
;US-MT;1970;p95p100;142409.59;;0.18449999;0.18449999
;US-MT;1970;p0p90;30556.699;;0.71259999;0.71259999
;US-MT;1970;p0p99;36293.5;;0.93099999;0.93099999
;US-MT;1970;p99.5p100;354026.81;;0.045899998;0.045899998
;US-MT;1969;p0p100;1313288.1;10213127768.0;1.0;1.0
;US-MT;1969;p99p100;290881.19;;0.077699997;0.077699997
;US-MT;1969;p99.9p100;748035.69;;0.02;0.02
;US-MT;1969;p99.99p100;2812494.0;;0.0074999998;0.0074999998
;US-MT;1969;p90p100;115947.1;;0.3098;0.3098
;US-MT;1969;p90p95;79247.602;;0.1059;0.1059
;US-MT;1969;p95p99;118185.9;;0.12630001;0.12630001
;US-MT;1969;p99.5p99.9;305688.19;;0.032699998;0.032699998
;US-MT;1969;p99.9p99.99;519434.5;;0.0125;0.0125
;US-MT;1969;p99p99.5;187407.0;;0.025;0.025
;US-MT;1969;p95p100;152670.2;;0.20389999;0.20389999
;US-MT;1969;p0p90;28703.699;;0.69010001;0.69010001
;US-MT;1969;p0p99;34871.5;;0.92229998;0.92229998
;US-MT;1969;p99.5p100;394494.5;;0.052700002;0.052700002
;US-MT;1968;p0p100;1421806.3;9928176928.0;1.0;1.0
;US-MT;1968;p99p100;297351.91;;0.081600003;0.081600003
;US-MT;1968;p99.9p100;795207.38;;0.0218;0.0218
;US-MT;1968;p99.99p100;2555545.5;;0.0070000002;0.0070000002
;US-MT;1968;p90p100;113825.4;;0.31240001;0.31240001
;US-MT;1968;p90p95;76252.398;;0.1046;0.1046
;US-MT;1968;p95p99;114831.1;;0.1261;0.1261
;US-MT;1968;p99.5p99.9;309119.91;;0.0339;0.0339
;US-MT;1968;p99.9p99.99;601826.38;;0.0149;0.0149
;US-MT;1968;p99p99.5;188459.41;;0.025900001;0.025900001
;US-MT;1968;p95p100;151358.2;;0.2077;0.2077
;US-MT;1968;p0p90;27839.4;;0.68760002;0.68760002
;US-MT;1968;p0p99;33801.801;;0.91839999;0.91839999
;US-MT;1968;p99.5p100;406122.59;;0.0557;0.0557
;US-MT;1967;p0p100;1536381.5;9866367604.0;1.0;1.0
;US-MT;1967;p99p100;299310.09;;0.082500003;0.082500003
;US-MT;1967;p99.9p100;718329.69;;0.0198;0.0198
;US-MT;1967;p99.99p100;2933587.8;;0.0081000002;0.0081000002
;US-MT;1967;p90p100;112761.7;;0.3109;0.3109
;US-MT;1967;p90p95;74100.602;;0.1022;0.1022
;US-MT;1967;p95p99;114579.9;;0.12639999;0.12639999
;US-MT;1967;p99.5p99.9;314381.69;;0.034699999;0.034699999
;US-MT;1967;p99.9p99.99;472060.69;;0.0117;0.0117
;US-MT;1967;p99p99.5;203489.91;;0.028100001;0.028100001
;US-MT;1967;p95p100;151466.59;;0.2088;0.2088
;US-MT;1967;p0p90;27764.301;;0.68900001;0.68900001
;US-MT;1967;p0p99;33612.301;;0.91750002;0.91750002
;US-MT;1967;p99.5p100;395226.0;;0.054499999;0.054499999
;US-MT;1966;p0p100;1641835.1;9896249454.0;1.0;1.0
;US-MT;1966;p99p100;263775.5;;0.072300002;0.072300002
;US-MT;1966;p99.9p100;682349.88;;0.0187;0.0187
;US-MT;1966;p99.99p100;2214603.3;;0.0060999999;0.0060999999
;US-MT;1966;p90p100;108242.9;;0.29679999;0.29679999
;US-MT;1966;p90p95;78361.102;;0.1074;0.1074
;US-MT;1966;p95p99;107224.2;;0.1176;0.1176
;US-MT;1966;p99.5p99.9;254862.0;;0.028000001;0.028000001
;US-MT;1966;p99.9p99.99;512300.0;;0.0126;0.0126
;US-MT;1966;p99p99.5;186203.59;;0.0255;0.0255
;US-MT;1966;p95p100;138491.41;;0.1899;0.1899
;US-MT;1966;p0p90;28480.6;;0.70279998;0.70279998
;US-MT;1966;p0p99;34176.602;;0.92769998;0.92769998
;US-MT;1966;p99.5p100;340947.31;;0.046700001;0.046700001
;US-MT;1965;p0p100;1671782.8;9493642745.0;1.0;1.0
;US-MT;1965;p99p100;272244.31;;0.077600002;0.077600002
;US-MT;1965;p99.9p100;746266.5;;0.021299999;0.021299999
;US-MT;1965;p99.99p100;2765985.3;;0.0078999996;0.0078999996
;US-MT;1965;p90p100;108978.6;;0.3105;0.3105
;US-MT;1965;p90p95;76548.703;;0.109;0.109
;US-MT;1965;p95p99;108660.0;;0.1238;0.1238
;US-MT;1965;p99.5p99.9;272347.41;;0.030999999;0.030999999
;US-MT;1965;p99.9p99.99;521506.59;;0.0134;0.0134
;US-MT;1965;p99p99.5;177083.8;;0.0252;0.0252
;US-MT;1965;p95p100;141395.0;;0.2014;0.2014
;US-MT;1965;p0p90;26898.5;;0.68959999;0.68959999
;US-MT;1965;p0p99;32707.9;;0.9224;0.9224
;US-MT;1965;p99.5p100;367316.31;;0.052299999;0.052299999
;US-MT;1964;p0p100;1639127.3;8976744054.0;1.0;1.0
;US-MT;1964;p99p100;255793.7;;0.076700002;0.076700002
;US-MT;1964;p99.9p100;701592.0;;0.021;0.021
;US-MT;1964;p99.99p100;2221023.5;;0.0066999998;0.0066999998
;US-MT;1964;p90p100;100484.4;;0.30149999;0.30149999
;US-MT;1964;p90p95;72761.5;;0.1091;0.1091
;US-MT;1964;p95p99;96303.398;;0.1156;0.1156
;US-MT;1964;p99.5p99.9;248059.09;;0.0298;0.0298
;US-MT;1964;p99.9p99.99;532520.31;;0.0144;0.0144
;US-MT;1964;p99p99.5;172409.09;;0.025900001;0.025900001
;US-MT;1964;p95p100;128147.6;;0.19220001;0.19220001
;US-MT;1964;p0p90;25875.301;;0.69859999;0.69859999
;US-MT;1964;p0p99;31086.6;;0.92330003;0.92330003
;US-MT;1964;p99.5p100;338831.19;;0.050799999;0.050799999
;US-MT;1963;p0p100;1668952.8;8855256549.0;1.0;1.0
;US-MT;1963;p99p100;226000.41;;0.068300001;0.068300001
;US-MT;1963;p99.9p100;591366.81;;0.017899999;0.017899999
;US-MT;1963;p99.99p100;1683043.8;;0.0051000002;0.0051000002
;US-MT;1963;p90p100;95051.5;;0.28740001;0.28740001
;US-MT;1963;p90p95;68329.297;;0.1033;0.1033
;US-MT;1963;p95p99;95718.102;;0.1158;0.1158
;US-MT;1963;p99.5p99.9;225129.5;;0.0272;0.0272
;US-MT;1963;p99.9p99.99;470805.31;;0.0128;0.0128
;US-MT;1963;p99p99.5;153376.09;;0.0232;0.0232
;US-MT;1963;p95p100;121774.6;;0.1841;0.1841
;US-MT;1963;p0p90;26183.699;;0.71259999;0.71259999
;US-MT;1963;p0p99;31121.199;;0.93169999;0.93169999
;US-MT;1963;p99.5p100;298615.91;;0.0451;0.0451
;US-MT;1962;p0p100;1744214.0;8958287491.0;1.0;1.0
;US-MT;1962;p99p100;228259.59;;0.0678;0.0678
;US-MT;1962;p99.9p100;598591.5;;0.0178;0.0178
;US-MT;1962;p99.99p100;2032812.3;;0.0060000001;0.0060000001
;US-MT;1962;p90p100;92507.898;;0.2748;0.2748
;US-MT;1962;p90p95;64896.0;;0.0964;0.0964
;US-MT;1962;p95p99;93085.398;;0.1106;0.1106
;US-MT;1962;p99.5p99.9;223160.7;;0.0265;0.0265
;US-MT;1962;p99.9p99.99;439595.81;;0.0118;0.0118
;US-MT;1962;p99p99.5;157901.59;;0.023499999;0.023499999
;US-MT;1962;p95p100;120120.4;;0.17839999;0.17839999
;US-MT;1962;p0p90;27127.0;;0.7252;0.7252
;US-MT;1962;p0p99;31698.0;;0.93220001;0.93220001
;US-MT;1962;p99.5p100;298605.69;;0.044399999;0.044399999
;US-MT;1961;p0p100;1554645.5;7770310722.0;1.0;1.0
;US-MT;1961;p99p100;245186.91;;0.083400004;0.083400004
;US-MT;1961;p99.9p100;695110.0;;0.023600001;0.023600001
;US-MT;1961;p99.99p100;1835312.3;;0.0062000002;0.0062000002
;US-MT;1961;p90p100;93297.398;;0.31720001;0.31720001
;US-MT;1961;p90p95;62690.801;;0.1066;0.1066
;US-MT;1961;p95p99;93589.797;;0.12729999;0.12729999
;US-MT;1961;p99.5p99.9;242139.2;;0.032900002;0.032900002
;US-MT;1961;p99.9p99.99;568996.19;;0.0174;0.0174
;US-MT;1961;p99p99.5;157552.09;;0.026799999;0.026799999
;US-MT;1961;p95p100;123905.4;;0.2106;0.2106
;US-MT;1961;p0p90;22312.9;;0.68279999;0.68279999
;US-MT;1961;p0p99;27232.199;;0.91659999;0.91659999
;US-MT;1961;p99.5p100;332827.5;;0.056600001;0.056600001
;US-MT;1960;p0p100;1600546.3;7773751649.0;1.0;1.0
;US-MT;1960;p99p100;222313.59;;0.074900001;0.074900001
;US-MT;1960;p99.9p100;538728.5;;0.018200001;0.018200001
;US-MT;1960;p99.99p100;1253352.1;;0.0041999999;0.0041999999
;US-MT;1960;p90p100;88349.602;;0.29769999;0.29769999
;US-MT;1960;p90p95;61227.102;;0.1032;0.1032
;US-MT;1960;p95p99;88763.898;;0.1196;0.1196
;US-MT;1960;p99.5p99.9;233577.0;;0.031500001;0.031500001
;US-MT;1960;p99.9p99.99;461085.19;;0.014;0.014
;US-MT;1960;p99p99.5;149398.0;;0.0252;0.0252
;US-MT;1960;p95p100;115471.6;;0.1946;0.1946
;US-MT;1960;p0p90;23157.801;;0.70230001;0.70230001
;US-MT;1960;p0p99;27729.699;;0.92510003;0.92510003
;US-MT;1960;p99.5p100;295220.81;;0.049699999;0.049699999
;US-MT;1959;p0p100;1630151.8;7649051956.0;1.0;1.0
;US-MT;1959;p99p100;247200.0;;0.084600002;0.084600002
;US-MT;1959;p99.9p100;526054.63;;0.017999999;0.017999999
;US-MT;1959;p99.99p100;1045791.1;;0.0035999999;0.0035999999
;US-MT;1959;p90p100;98779.297;;0.33809999;0.33809999
;US-MT;1959;p90p95;66361.5;;0.1136;0.1136
;US-MT;1959;p95p99;102205.0;;0.1399;0.1399
;US-MT;1959;p99.5p99.9;271141.19;;0.037099998;0.037099998
;US-MT;1959;p99.9p99.99;469190.91;;0.0145;0.0145
;US-MT;1959;p99p99.5;171900.59;;0.0294;0.0294
;US-MT;1959;p95p100;131198.5;;0.2246;0.2246
;US-MT;1959;p0p90;21483.1;;0.66189998;0.66189998
;US-MT;1959;p0p99;27010.1;;0.91540003;0.91540003
;US-MT;1959;p99.5p100;322514.31;;0.055199999;0.055199999
;US-MT;1958;p0p100;1685423.4;7788170964.0;1.0;1.0
;US-MT;1958;p99p100;224391.7;;0.075300001;0.075300001
;US-MT;1958;p99.9p100;471133.69;;0.015799999;0.015799999
;US-MT;1958;p99.99p100;1195904.1;;0.0040000002;0.0040000002
;US-MT;1958;p90p100;87293.398;;0.29300001;0.29300001
;US-MT;1958;p90p95;59852.699;;0.1005;0.1005
;US-MT;1958;p95p99;87322.602;;0.1173;0.1173
;US-MT;1958;p99.5p99.9;252715.5;;0.0339;0.0339
;US-MT;1958;p99.9p99.99;391337.59;;0.0118;0.0118
;US-MT;1958;p99p99.5;151695.2;;0.0255;0.0255
;US-MT;1958;p95p100;114735.5;;0.1926;0.1926
;US-MT;1958;p0p90;23402.199;;0.70700002;0.70700002
;US-MT;1958;p0p99;27823.0;;0.92470002;0.92470002
;US-MT;1958;p99.5p100;297085.5;;0.049899999;0.049899999
;US-MT;1957;p0p100;1783603.8;7796204369.0;1.0;1.0
;US-MT;1957;p99p100;231903.2;;0.077600002;0.077600002
;US-MT;1957;p99.9p100;557226.5;;0.0187;0.0187
;US-MT;1957;p99.99p100;1434846.3;;0.0048000002;0.0048000002
;US-MT;1957;p90p100;91063.102;;0.3048;0.3048
;US-MT;1957;p90p95;62520.898;;0.1046;0.1046
;US-MT;1957;p95p99;91534.703;;0.1226;0.1226
;US-MT;1957;p99.5p99.9;230272.7;;0.0308;0.0308
;US-MT;1957;p99.9p99.99;460279.69;;0.0139;0.0139
;US-MT;1957;p99p99.5;167891.09;;0.028100001;0.028100001
;US-MT;1957;p95p100;119606.5;;0.20020001;0.20020001
;US-MT;1957;p0p90;23073.301;;0.69520003;0.69520003
;US-MT;1957;p0p99;27831.0;;0.9224;0.9224
;US-MT;1957;p99.5p100;295909.41;;0.0495;0.0495
;US-MT;1956;p0p100;1926582.3;7825492576.0;1.0;1.0
;US-MT;1956;p99p100;217081.91;;0.0722;0.0722
;US-MT;1956;p99.9p100;561335.63;;0.0187;0.0187
;US-MT;1956;p99.99p100;1334943.5;;0.0044;0.0044
;US-MT;1956;p90p100;86175.797;;0.28639999;0.28639999
;US-MT;1956;p90p95;60305.301;;0.1002;0.1002
;US-MT;1956;p95p99;86255.797;;0.1147;0.1147
;US-MT;1956;p99.5p99.9;216504.0;;0.0288;0.0288
;US-MT;1956;p99.9p99.99;476752.31;;0.0143;0.0143
;US-MT;1956;p99p99.5;148303.0;;0.024599999;0.024599999
;US-MT;1956;p95p100;112422.0;;0.1868;0.1868
;US-MT;1956;p0p90;23832.1;;0.713;0.713
;US-MT;1956;p0p99;28195.699;;0.9278;0.9278
;US-MT;1956;p99.5p100;285854.91;;0.047499999;0.047499999
;US-MT;1955;p0p100;1955720.5;7686364114.0;1.0;1.0
;US-MT;1955;p99p100;218861.8;;0.073799998;0.073799998
;US-MT;1955;p99.9p100;445110.41;;0.015;0.015
;US-MT;1955;p99.99p100;784947.63;;0.0026;0.0026
;US-MT;1955;p90p100;86700.797;;0.29249999;0.29249999
;US-MT;1955;p90p95;59790.199;;0.1008;0.1008
;US-MT;1955;p95p99;88046.102;;0.1188;0.1188
;US-MT;1955;p99.5p99.9;235459.41;;0.031800002;0.031800002
;US-MT;1955;p99.9p99.99;407460.31;;0.0124;0.0124
;US-MT;1955;p99p99.5;160341.91;;0.027000001;0.027000001
;US-MT;1955;p95p100;114175.5;;0.1926;0.1926
;US-MT;1955;p0p90;23272.9;;0.70649999;0.70649999
;US-MT;1955;p0p99;27734.5;;0.92619997;0.92619997
;US-MT;1955;p99.5p100;277382.41;;0.046799999;0.046799999
;US-MT;1954;p0p100;1789416.0;7061568786.0;1.0;1.0
;US-MT;1954;p99p100;206209.8;;0.075499997;0.075499997
;US-MT;1954;p99.9p100;484622.0;;0.0177;0.0177
;US-MT;1954;p99.99p100;1299476.3;;0.0048000002;0.0048000002
;US-MT;1954;p90p100;86076.5;;0.315;0.315
;US-MT;1954;p90p95;62902.602;;0.1151;0.1151
;US-MT;1954;p95p99;86471.0;;0.1266;0.1266
;US-MT;1954;p99.5p99.9;211957.91;;0.030999999;0.030999999
;US-MT;1954;p99.9p99.99;394097.5;;0.013;0.013
;US-MT;1954;p99p99.5;145932.09;;0.026699999;0.026699999
;US-MT;1954;p95p100;110328.8;;0.20190001;0.20190001
;US-MT;1954;p0p90;20735.6;;0.68290001;0.68290001
;US-MT;1954;p0p99;25521.199;;0.92449999;0.92449999
;US-MT;1954;p99.5p100;266488.91;;0.048799999;0.048799999
;US-MT;1953;p0p100;1833380.8;7138218248.0;1.0;1.0
;US-MT;1953;p99p100;192621.5;;0.069499999;0.069499999
;US-MT;1953;p99.9p100;413556.59;;0.0149;0.0149
;US-MT;1953;p99.99p100;948987.38;;0.0034;0.0034
;US-MT;1953;p90p100;83672.602;;0.30180001;0.30180001
;US-MT;1953;p90p95;64156.5;;0.1157;0.1157
;US-MT;1953;p95p99;82526.5;;0.1191;0.1191
;US-MT;1953;p99.5p99.9;204875.8;;0.0296;0.0296
;US-MT;1953;p99.9p99.99;355011.09;;0.0115;0.0115
;US-MT;1953;p99p99.5;138904.0;;0.0251;0.0251
;US-MT;1953;p95p100;104428.6;;0.1883;0.1883
;US-MT;1953;p0p90;21427.4;;0.69559997;0.69559997
;US-MT;1953;p0p99;26056.301;;0.93049997;0.93049997
;US-MT;1953;p99.5p100;246431.2;;0.044399999;0.044399999
;US-MT;1952;p0p100;1851196.8;7080834096.0;1.0;1.0
;US-MT;1952;p99p100;232604.59;;0.084399998;0.084399998
;US-MT;1952;p99.9p100;530731.69;;0.019200001;0.019200001
;US-MT;1952;p99.99p100;1174954.1;;0.0043000001;0.0043000001
;US-MT;1952;p90p100;86994.5;;0.31549999;0.31549999
;US-MT;1952;p90p95;61297.398;;0.1112;0.1112
;US-MT;1952;p95p99;84121.102;;0.122;0.122
;US-MT;1952;p99.5p99.9;265690.59;;0.0385;0.0385
;US-MT;1952;p99.9p99.99;460642.09;;0.015;0.015
;US-MT;1952;p99p99.5;146857.0;;0.0266;0.0266
;US-MT;1952;p95p100;113694.0;;0.2062;0.2062
;US-MT;1952;p0p90;20905.301;;0.68229997;0.68229997
;US-MT;1952;p0p99;25502.6;;0.9156;0.9156
;US-MT;1952;p99.5p100;318409.41;;0.057700001;0.057700001
;US-MT;1951;p0p100;2001937.0;7308021098.0;1.0;1.0
;US-MT;1951;p99p100;258121.2;;0.090400003;0.090400003
;US-MT;1951;p99.9p100;664077.0;;0.0233;0.0233
;US-MT;1951;p99.99p100;1358586.9;;0.0048000002;0.0048000002
;US-MT;1951;p90p100;90428.703;;0.31670001;0.31670001
;US-MT;1951;p90p95;54975.0;;0.096299998;0.096299998
;US-MT;1951;p95p99;90862.5;;0.12729999;0.12729999
;US-MT;1951;p99.5p99.9;259123.91;;0.0363;0.0363
;US-MT;1951;p99.9p99.99;592641.69;;0.0187;0.0187
;US-MT;1951;p99p99.5;169643.8;;0.0297;0.0297
;US-MT;1951;p95p100;125397.0;;0.21960001;0.21960001
;US-MT;1951;p0p99;19818.199;;0.68699998;0.68699998
;US-MT;1951;p99.5p100;343603.19;;0.060199998;0.060199998
;US-MT;1950;p0p100;2280807.0;7125560702.0;1.0;1.0
;US-MT;1950;p99p100;240264.91;;0.086000003;0.086000003
;US-MT;1950;p99.9p100;620253.31;;0.0222;0.0222
;US-MT;1950;p99.99p100;1454131.9;;0.0052;0.0052
;US-MT;1950;p90p100;86039.898;;0.30790001;0.30790001
;US-MT;1950;p90p95;51815.602;;0.092699997;0.092699997
;US-MT;1950;p95p99;90478.203;;0.1295;0.1295
;US-MT;1950;p99.5p99.9;245510.0;;0.035100002;0.035100002
;US-MT;1950;p99.9p99.99;538752.88;;0.0174;0.0174
;US-MT;1950;p99p99.5;160486.5;;0.0287;0.0287
;US-MT;1950;p95p100;120169.2;;0.215;0.215
;US-MT;1950;p0p90;21464.301;;0.69129997;0.69129997
;US-MT;1950;p0p99;25797.9;;0.91399997;0.91399997
;US-MT;1950;p99.5p100;320193.59;;0.057300001;0.057300001
;US-MT;1949;p0p100;1900444.1;5805793562.0;1.0;1.0
;US-MT;1949;p99p100;214040.41;;0.093699999;0.093699999
;US-MT;1949;p99.9p100;516099.5;;0.022600001;0.022600001
;US-MT;1949;p99.99p100;1108857.6;;0.0049000001;0.0049000001
;US-MT;1949;p90p100;77585.602;;0.3398;0.3398
;US-MT;1949;p90p95;46745.602;;0.1024;0.1024
;US-MT;1949;p95p99;82184.203;;0.14399999;0.14399999
;US-MT;1949;p99.5p99.9;226166.41;;0.0396;0.0396
;US-MT;1949;p99.9p99.99;450269.81;;0.0177;0.0177
;US-MT;1949;p99p99.5;143920.59;;0.031500001;0.031500001
;US-MT;1949;p95p100;108396.8;;0.2374;0.2374
;US-MT;1949;p0p90;16741.9;;0.65990001;0.65990001
;US-MT;1949;p0p99;20901.4;;0.90630001;0.90630001
;US-MT;1949;p99.5p100;284153.5;;0.062199999;0.062199999
;US-MT;1948;p0p100;2042905.6;6364418005.0;1.0;1.0
;US-MT;1948;p99p100;236366.2;;0.094400004;0.094400004
;US-MT;1948;p99.9p100;555879.5;;0.0222;0.0222
;US-MT;1948;p99.99p100;1492912.6;;0.0060000001;0.0060000001
;US-MT;1948;p90p100;85822.5;;0.34290001;0.34290001
;US-MT;1948;p90p95;49092.0;;0.098099999;0.098099999
;US-MT;1948;p95p99;94194.898;;0.1505;0.1505
;US-MT;1948;p99.5p99.9;241415.09;;0.038600001;0.038600001
;US-MT;1948;p99.9p99.99;451782.69;;0.0162;0.0162
;US-MT;1948;p99p99.5;168443.3;;0.0337;0.0337
;US-MT;1948;p95p100;122550.3;;0.2448;0.2448
;US-MT;1948;p0p90;18268.699;;0.65689999;0.65689999
;US-MT;1948;p0p99;22893.199;;0.90560001;0.90560001
;US-MT;1948;p99.5p100;304303.09;;0.060800001;0.060800001
;US-MT;1947;p0p100;2193173.0;5881980755.0;1.0;1.0
;US-MT;1947;p99p100;214288.0;;0.092600003;0.092600003
;US-MT;1947;p99.9p100;506457.81;;0.0219;0.0219
;US-MT;1947;p99.99p100;1348438.0;;0.0057999999;0.0057999999
;US-MT;1947;p90p100;79968.602;;0.3457;0.3457
;US-MT;1947;p90p95;48414.0;;0.1046;0.1046
;US-MT;1947;p95p99;85883.898;;0.1485;0.1485
;US-MT;1947;p99.5p99.9;218327.91;;0.037799999;0.037799999
;US-MT;1947;p99.9p99.99;412962.09;;0.016100001;0.016100001
;US-MT;1947;p99p99.5;152567.09;;0.033;0.033
;US-MT;1947;p95p100;111525.9;;0.2411;0.2411
;US-MT;1947;p0p90;16815.9;;0.65420002;0.65420002
;US-MT;1947;p0p99;21202.1;;0.90740001;0.90740001
;US-MT;1947;p99.5p100;275950.69;;0.059599999;0.059599999
;US-MT;1946;p0p100;2640867.3;5403546336.0;1.0;1.0
;US-MT;1946;p99p100;207915.2;;0.097599998;0.097599998
;US-MT;1946;p99.9p100;501980.41;;0.023600001;0.023600001
;US-MT;1946;p99.99p100;1239160.3;;0.0057999999;0.0057999999
;US-MT;1946;p90p100;75863.797;;0.35620001;0.35620001
;US-MT;1946;p90p95;48530.699;;0.1139;0.1139
;US-MT;1946;p95p99;77044.203;;0.14470001;0.14470001
;US-MT;1946;p99.5p99.9;218014.2;;0.040899999;0.040899999
;US-MT;1946;p99.9p99.99;420102.41;;0.0178;0.0178
;US-MT;1946;p99p99.5;140956.3;;0.033100002;0.033100002
;US-MT;1946;p95p100;103199.6;;0.2423;0.2423
;US-MT;1946;p0p90;15235.7;;0.64380002;0.64380002
;US-MT;1946;p0p99;19414.301;;0.90240002;0.90240002
;US-MT;1946;p99.5p100;274806.09;;0.064499997;0.064499997
;US-MT;1945;p0p100;2877642.8;5030207162.0;1.0;1.0
;US-MT;1945;p99p100;190412.2;;0.096600004;0.096600004
;US-MT;1945;p99.9p100;487867.81;;0.024800001;0.024800001
;US-MT;1945;p99.99p100;1071926.1;;0.0054000001;0.0054000001
;US-MT;1945;p90p100;68277.398;;0.34650001;0.34650001
;US-MT;1945;p90p95;44279.398;;0.1124;0.1124
;US-MT;1945;p95p99;67785.797;;0.1376;0.1376
;US-MT;1945;p99.5p99.9;197126.7;;0.039999999;0.039999999
;US-MT;1945;p99.9p99.99;426112.81;;0.0195;0.0195
;US-MT;1945;p99p99.5;125511.4;;0.0319;0.0319
;US-MT;1945;p95p100;92280.0;;0.2342;0.2342
;US-MT;1945;p0p90;14300.4;;0.65319997;0.65319997
;US-MT;1945;p0p99;17978.1;;0.9034;0.9034
;US-MT;1945;p99.5p100;255236.91;;0.064800002;0.064800002
;US-MT;1944;p0p100;2980335.0;5007860279.0;1.0;1.0
;US-MT;1944;p99p100;171111.91;;0.087700002;0.087700002
;US-MT;1944;p99.9p100;454269.19;;0.0233;0.0233
;US-MT;1944;p99.99p100;1216699.4;;0.0062000002;0.0062000002
;US-MT;1944;p90p100;64822.398;;0.33230001;0.33230001
;US-MT;1944;p90p95;47904.398;;0.1228;0.1228
;US-MT;1944;p95p99;62733.102;;0.1286;0.1286
;US-MT;1944;p99.5p99.9;176911.2;;0.0363;0.0363
;US-MT;1944;p99.9p99.99;369853.59;;0.017100001;0.017100001
;US-MT;1944;p99p99.5;110060.5;;0.028200001;0.028200001
;US-MT;1944;p95p100;83925.602;;0.21510001;0.21510001
;US-MT;1944;p0p90;14322.3;;0.66079998;0.66079998
;US-MT;1944;p0p99;17975.801;;0.91229999;0.91229999
;US-MT;1944;p99.5p100;232456.3;;0.059599999;0.059599999
;US-MT;1943;p0p100;3327970.5;5425704642.0;1.0;1.0
;US-MT;1943;p99p100;212468.7;;0.101;0.101
;US-MT;1943;p99.9p100;598219.38;;0.0284;0.0284
;US-MT;1943;p99.99p100;1728735.8;;0.0082;0.0082
;US-MT;1943;p90p100;72424.203;;0.3441;0.3441
;US-MT;1943;p90p95;45733.102;;0.1087;0.1087
;US-MT;1943;p95p99;70687.797;;0.1344;0.1344
;US-MT;1943;p99.5p99.9;215944.2;;0.041000001;0.041000001
;US-MT;1943;p99.9p99.99;472666.0;;0.020199999;0.020199999
;US-MT;1943;p99p99.5;132442.91;;0.031500001;0.031500001
;US-MT;1943;p95p100;99093.703;;0.23540001;0.23540001
;US-MT;1943;p0p90;15340.5;;0.65600002;0.65600002
;US-MT;1943;p0p99;19111.301;;0.89899999;0.89899999
;US-MT;1943;p99.5p100;292447.31;;0.069499999;0.069499999
;US-MT;1942;p0p100;3226765.0;4679651232.0;1.0;1.0
;US-MT;1942;p99p100;224348.8;;0.1239;0.1239
;US-MT;1942;p99.9p100;792479.0;;0.0438;0.0438
;US-MT;1942;p99.99p100;4031533.0;;0.022299999;0.022299999
;US-MT;1942;p90p100;70420.703;;0.38890001;0.38890001
;US-MT;1942;p90p95;43579.801;;0.1203;0.1203
;US-MT;1942;p95p99;65433.102;;0.1445;0.1445
;US-MT;1942;p99.5p99.9;206771.0;;0.045699999;0.045699999
;US-MT;1942;p99.9p99.99;434417.59;;0.021600001;0.021600001
;US-MT;1942;p99p99.5;124759.7;;0.034400001;0.034400001
;US-MT;1942;p95p100;97257.398;;0.2685;0.2685
;US-MT;1942;p0p90;12298.3;;0.61119998;0.61119998
;US-MT;1942;p0p99;16026.6;;0.8761;0.8761
;US-MT;1942;p99.5p100;323896.0;;0.089400001;0.089400001
;US-MT;1941;p0p100;3465924.0;4125755232.0;1.0;1.0
;US-MT;1941;p99p100;185044.2;;0.1165;0.1165
;US-MT;1941;p99.9p100;489219.0;;0.0308;0.0308
;US-MT;1941;p99.99p100;1353286.8;;0.0085000005;0.0085000005
;US-MT;1941;p90p100;64288.199;;0.40470001;0.40470001
;US-MT;1941;p90p95;42538.102;;0.1339;0.1339
;US-MT;1941;p95p99;61380.699;;0.15459999;0.15459999
;US-MT;1941;p99.5p99.9;190720.3;;0.048;0.048
;US-MT;1941;p99.9p99.99;392644.19;;0.0222;0.0222
;US-MT;1941;p99p99.5;119196.0;;0.037500001;0.037500001
;US-MT;1941;p95p100;86216.602;;0.2714;0.2714
;US-MT;1941;p0p90;10506.5;;0.5952;0.5952
;US-MT;1941;p0p99;14176.9;;0.88349998;0.88349998
;US-MT;1941;p99.5p100;250663.09;;0.078900002;0.078900002
;US-MT;1940;p0p100;3308518.5;3594098047.0;1.0;1.0
;US-MT;1940;p99p100;166312.8;;0.1209;0.1209
;US-MT;1940;p99.9p100;442241.41;;0.032200001;0.032200001
;US-MT;1940;p99.99p100;1105857.1;;0.0080000004;0.0080000004
;US-MT;1940;p90p100;60214.398;;0.43779999;0.43779999
;US-MT;1940;p90p95;40463.699;;0.1471;0.1471
;US-MT;1940;p95p99;58192.301;;0.1692;0.1692
;US-MT;1940;p99.5p99.9;172291.59;;0.050099999;0.050099999
;US-MT;1940;p99.9p99.99;367799.19;;0.0241;0.0241
;US-MT;1940;p99p99.5;105882.7;;0.0385;0.0385
;US-MT;1940;p95p100;79913.898;;0.29049999;0.29049999
;US-MT;1940;p0p90;8603.5996;;0.56300002;0.56300002
;US-MT;1940;p0p99;12213.3;;0.87910002;0.87910002
;US-MT;1940;p99.5p100;226505.5;;0.0823;0.0823
;US-MT;1939;p0p100;3251111.0;3406029414.0;1.0;1.0
;US-MT;1939;p99p100;154895.09;;0.1168;0.1168
;US-MT;1939;p99.9p100;421045.91;;0.031800002;0.031800002
;US-MT;1939;p99.99p100;1176429.4;;0.0088999998;0.0088999998
;US-MT;1939;p90p100;58495.602;;0.44119999;0.44119999
;US-MT;1939;p90p95;41056.102;;0.1548;0.1548
;US-MT;1939;p95p99;56989.898;;0.1719;0.1719
;US-MT;1939;p99.5p99.9;158100.5;;0.047699999;0.047699999
;US-MT;1939;p99.9p99.99;336917.41;;0.0229;0.0229
;US-MT;1939;p99p99.5;98764.297;;0.0372;0.0372
;US-MT;1939;p95p100;76669.203;;0.28909999;0.28909999
;US-MT;1939;p0p90;8199.9004;;0.55659997;0.55659997
;US-MT;1939;p0p99;11828.8;;0.88319999;0.88319999
;US-MT;1939;p99.5p100;210841.59;;0.079499997;0.079499997
;US-MT;1938;p0p100;3062930.0;3250664404.0;1.0;1.0
;US-MT;1938;p99p100;135664.8;;0.1055;0.1055
;US-MT;1938;p99.9p100;377946.59;;0.0294;0.0294
;US-MT;1938;p99.99p100;1155489.4;;0.0089999996;0.0089999996
;US-MT;1938;p90p100;52015.199;;0.40459999;0.40459999
;US-MT;1938;p90p95;37264.801;;0.14489999;0.14489999
;US-MT;1938;p95p99;51660.102;;0.16069999;0.16069999
;US-MT;1938;p99.5p99.9;136247.09;;0.042399999;0.042399999
;US-MT;1938;p99.9p99.99;290675.19;;0.020400001;0.020400001
;US-MT;1938;p99p99.5;86152.297;;0.033500001;0.033500001
;US-MT;1938;p95p100;68569.703;;0.2667;0.2667
;US-MT;1938;p0p90;8413.7002;;0.5891;0.5891
;US-MT;1938;p0p99;11614.4;;0.89450002;0.89450002
;US-MT;1938;p99.5p100;184912.0;;0.071900003;0.071900003
;US-MT;1937;p0p100;2926090.5;3175324698.0;1.0;1.0
;US-MT;1937;p99p100;141794.0;;0.1112;0.1112
;US-MT;1937;p99.9p100;392686.19;;0.0308;0.0308
;US-MT;1937;p99.99p100;933746.38;;0.0073000002;0.0073000002
;US-MT;1937;p90p100;53566.199;;0.4201;0.4201
;US-MT;1937;p90p95;39394.301;;0.15449999;0.15449999
;US-MT;1937;p95p99;52132.898;;0.1635;0.1635
;US-MT;1937;p99.5p99.9;144480.41;;0.045299999;0.045299999
;US-MT;1937;p99.9p99.99;332610.69;;0.023499999;0.023499999
;US-MT;1937;p99p99.5;89473.797;;0.035100002;0.035100002
;US-MT;1937;p95p100;70045.0;;0.27469999;0.27469999
;US-MT;1937;p0p90;8086.2002;;0.57080001;0.57080001
;US-MT;1937;p0p99;11447.2;;0.88880002;0.88880002
;US-MT;1937;p99.5p100;194120.3;;0.076099999;0.076099999
;US-MT;1936;p0p100;3078810.3;3070168975.0;1.0;1.0
;US-MT;1936;p99p100;158800.7;;0.12710001;0.12710001
;US-MT;1936;p99.9p100;456649.31;;0.036499999;0.036499999
;US-MT;1936;p99.99p100;1153590.1;;0.0092000002;0.0092000002
;US-MT;1936;p90p100;54507.301;;0.43619999;0.43619999
;US-MT;1936;p90p95;37349.898;;0.1494;0.1494
;US-MT;1936;p95p99;53504.801;;0.17129999;0.17129999
;US-MT;1936;p99.5p99.9;161982.09;;0.051800001;0.051800001
;US-MT;1936;p99.9p99.99;379242.5;;0.0273;0.0273
;US-MT;1936;p99p99.5;96701.0;;0.038699999;0.038699999
;US-MT;1936;p95p100;74590.797;;0.29840001;0.29840001
;US-MT;1936;p0p90;7667.3999;;0.55220002;0.55220002
;US-MT;1936;p0p99;11018.6;;0.87290001;0.87290001
;US-MT;1936;p99.5p100;220912.0;;0.088399999;0.088399999
;US-MT;1935;p0p100;3167804.0;3055897295.0;1.0;1.0
;US-MT;1935;p99p100;140798.2;;0.1116;0.1116
;US-MT;1935;p99.9p100;388220.0;;0.0308;0.0308
;US-MT;1935;p99.99p100;1078426.0;;0.0086000003;0.0086000003
;US-MT;1935;p90p100;50554.898;;0.40090001;0.40090001
;US-MT;1935;p90p95;34295.102;;0.13600001;0.13600001
;US-MT;1935;p95p99;51690.602;;0.164;0.164
;US-MT;1935;p99.5p99.9;142100.0;;0.0451;0.0451
;US-MT;1935;p99.9p99.99;311550.19;;0.0222;0.0222
;US-MT;1935;p99p99.5;90299.797;;0.035799999;0.035799999
;US-MT;1935;p95p100;69279.398;;0.27469999;0.27469999
;US-MT;1935;p0p90;8244.9004;;0.58840001;0.58840001
;US-MT;1935;p0p99;11316.2;;0.88840002;0.88840002
;US-MT;1935;p99.5p100;191314.09;;0.075900003;0.075900003
;US-MT;1934;p0p100;2589137.5;2343691865.0;1.0;1.0
;US-MT;1934;p99p100;126521.0;;0.12890001;0.12890001
;US-MT;1934;p99.9p100;341108.59;;0.0348;0.0348
;US-MT;1934;p99.99p100;911563.0;;0.0093;0.0093
;US-MT;1934;p90p100;46703.801;;0.47600001;0.47600001
;US-MT;1934;p90p95;29130.301;;0.14839999;0.14839999
;US-MT;1934;p95p99;51686.199;;0.21070001;0.21070001
;US-MT;1934;p99.5p99.9;126844.5;;0.0517;0.0517
;US-MT;1934;p99.9p99.99;277747.5;;0.0255;0.0255
;US-MT;1934;p99p99.5;83329.102;;0.0425;0.0425
;US-MT;1934;p95p100;65859.797;;0.33559999;0.33559999
;US-MT;1934;p0p90;5580.7998;;0.51190001;0.51190001
;US-MT;1934;p0p99;8633.0;;0.87110001;0.87110001
;US-MT;1934;p99.5p100;169686.5;;0.086499996;0.086499996
;US-MT;1933;p0p100;2373472.5;1983995354.0;1.0;1.0
;US-MT;1933;p99p100;103094.1;;0.1224;0.1224
;US-MT;1933;p99.9p100;286551.09;;0.034000002;0.034000002
;US-MT;1933;p99.99p100;930423.31;;0.011;0.011
;US-MT;1933;p90p100;36304.301;;0.43110001;0.43110001
;US-MT;1933;p90p95;23638.1;;0.14040001;0.14040001
;US-MT;1933;p95p99;37786.5;;0.1795;0.1795
;US-MT;1933;p99.5p99.9;99720.0;;0.047400001;0.047400001
;US-MT;1933;p99.9p99.99;215009.7;;0.023;0.023
;US-MT;1933;p99p99.5;69101.898;;0.041000001;0.041000001
;US-MT;1933;p95p100;50476.199;;0.29969999;0.29969999
;US-MT;1933;p0p90;5218.2998;;0.55769998;0.55769998
;US-MT;1933;p0p99;7464.5;;0.87760001;0.87760001
;US-MT;1933;p99.5p100;137086.3;;0.0814;0.0814
;US-MT;1932;p0p100;2340545.3;2145300538.0;1.0;1.0
;US-MT;1932;p99p100;105852.6;;0.1147;0.1147
;US-MT;1932;p99.9p100;325131.69;;0.0352;0.0352
;US-MT;1932;p99.99p100;1162331.8;;0.0126;0.0126
;US-MT;1932;p90p100;35731.898;;0.3872;0.3872
;US-MT;1932;p90p95;23069.4;;0.125;0.125
;US-MT;1932;p95p99;35356.801;;0.1533;0.1533
;US-MT;1932;p99.5p99.9;98250.203;;0.042599998;0.042599998
;US-MT;1932;p99.9p99.99;232109.5;;0.022600001;0.022600001
;US-MT;1932;p99p99.5;68078.703;;0.036899999;0.036899999
;US-MT;1932;p95p100;49240.398;;0.26679999;0.26679999
;US-MT;1932;p0p90;6223.2998;;0.60699999;0.60699999
;US-MT;1932;p0p99;8251.2002;;0.88529998;0.88529998
;US-MT;1932;p99.5p100;143626.5;;0.077799998;0.077799998
;US-MT;1931;p0p100;1959379.9;2201836228.0;1.0;1.0
;US-MT;1931;p99p100;121805.5;;0.1269;0.1269
;US-MT;1931;p99.9p100;347764.19;;0.036200002;0.036200002
;US-MT;1931;p99.99p100;1098936.8;;0.0114;0.0114
;US-MT;1931;p90p100;39836.102;;0.4149;0.4149
;US-MT;1931;p90p95;26550.699;;0.1383;0.1383
;US-MT;1931;p95p99;38392.301;;0.15989999;0.15989999
;US-MT;1931;p99.5p99.9;119880.8;;0.049899999;0.049899999
;US-MT;1931;p99.9p99.99;264300.5;;0.024800001;0.024800001
;US-MT;1931;p99p99.5;78153.602;;0.0407;0.0407
;US-MT;1931;p95p100;54719.699;;0.28490001;0.28490001
;US-MT;1931;p0p90;6134.0;;0.57489997;0.57489997
;US-MT;1931;p0p99;8468.5;;0.87309998;0.87309998
;US-MT;1931;p99.5p100;165457.41;;0.086199999;0.086199999
;US-MT;1930;p0p100;2022123.3;2691046511.0;1.0;1.0
;US-MT;1930;p99p100;137269.41;;0.1152;0.1152
;US-MT;1930;p99.9p100;408419.41;;0.034299999;0.034299999
;US-MT;1930;p99.99p100;1290196.4;;0.0108;0.0108
;US-MT;1930;p90p100;41478.0;;0.34810001;0.34810001
;US-MT;1930;p90p95;22653.801;;0.095100001;0.095100001
;US-MT;1930;p95p99;41753.602;;0.1402;0.1402
;US-MT;1930;p99.5p99.9;134789.7;;0.045299999;0.045299999
;US-MT;1930;p99.9p99.99;310444.19;;0.023499999;0.023499999
;US-MT;1930;p99p99.5;85023.102;;0.035700001;0.035700001
;US-MT;1930;p95p100;60473.199;;0.2538;0.2538
;US-MT;1930;p0p90;8598.2002;;0.64950001;0.64950001
;US-MT;1930;p0p99;10647.7;;0.88480002;0.88480002
;US-MT;1930;p99.5p100;189515.7;;0.079499997;0.079499997
;US-MT;1929;p0p100;2214015.0;3133845616.0;1.0;1.0
;US-MT;1929;p99p100;187390.09;;0.1365;0.1365
;US-MT;1929;p99.9p100;652168.13;;0.047499999;0.047499999
;US-MT;1929;p99.99p100;2637827.5;;0.019200001;0.019200001
;US-MT;1929;p90p100;52430.5;;0.3818;0.3818
;US-MT;1929;p90p95;31649.199;;0.1152;0.1152
;US-MT;1929;p95p99;49849.5;;0.1452;0.1452
;US-MT;1929;p99.5p99.9;174939.0;;0.050999999;0.050999999
;US-MT;1929;p99.9p99.99;431539.31;;0.0283;0.0283
;US-MT;1929;p99p99.5;104395.4;;0.037999999;0.037999999
;US-MT;1929;p95p100;77041.703;;0.28049999;0.28049999
;US-MT;1929;p0p90;9201.4004;;0.6031;0.6031
;US-MT;1929;p0p99;11977.5;;0.8635;0.8635
;US-MT;1929;p99.5p100;270384.81;;0.098499998;0.098499998
;US-MT;1928;p0p100;2179179.0;3117217872.0;1.0;1.0
;US-MT;1928;p99p100;189720.3;;0.14040001;0.14040001
;US-MT;1928;p99.9p100;658718.13;;0.048700001;0.048700001
;US-MT;1928;p99.99p100;2857428.5;;0.0211;0.0211
;US-MT;1928;p90p100;52952.301;;0.39179999;0.39179999
;US-MT;1928;p90p95;30485.1;;0.1128;0.1128
;US-MT;1928;p95p99;51268.602;;0.1517;0.1517
;US-MT;1928;p99.5p99.9;175110.09;;0.051800001;0.051800001
;US-MT;1928;p99.9p99.99;414416.91;;0.0276;0.0276
;US-MT;1928;p99p99.5;107609.0;;0.039799999;0.039799999
;US-MT;1928;p95p100;78603.297;;0.29080001;0.29080001
;US-MT;1928;p0p90;8937.0996;;0.59509999;0.59509999
;US-MT;1928;p0p99;11735.7;;0.85960001;0.85960001
;US-MT;1928;p99.5p100;271831.69;;0.1006;0.1006
;US-MT;1927;p0p100;2049976.4;3038720439.0;1.0;1.0
;US-MT;1927;p99p100;161077.0;;0.1233;0.1233
;US-MT;1927;p99.9p100;526145.31;;0.0403;0.0403
;US-MT;1927;p99.99p100;1837590.9;;0.0141;0.0141
;US-MT;1927;p90p100;49498.699;;0.37889999;0.37889999
;US-MT;1927;p90p95;32150.699;;0.1231;0.1231
;US-MT;1927;p95p99;48323.5;;0.148;0.148
;US-MT;1927;p99.5p99.9;155425.09;;0.047600001;0.047600001
;US-MT;1927;p99.9p99.99;380429.19;;0.0262;0.0262
;US-MT;1927;p99p99.5;92584.898;;0.035399999;0.035399999
;US-MT;1927;p95p100;70542.5;;0.27000001;0.27000001
;US-MT;1927;p0p90;8791.5;;0.60570002;0.60570002
;US-MT;1927;p0p99;11568.5;;0.87669998;0.87669998
;US-MT;1927;p99.5p100;229569.09;;0.087899998;0.087899998
;US-MT;1926;p0p100;1967141.8;3049996725.0;1.0;1.0
;US-MT;1926;p99p100;137578.41;;0.1056;0.1056
;US-MT;1926;p99.9p100;407187.41;;0.031300001;0.031300001
;US-MT;1926;p99.99p100;1137295.0;;0.0087000001;0.0087000001
;US-MT;1926;p90p100;42676.0;;0.32769999;0.32769999
;US-MT;1926;p90p95;25326.9;;0.097199999;0.097199999
;US-MT;1926;p95p99;43231.398;;0.1328;0.1328
;US-MT;1926;p99.5p99.9;137805.3;;0.042300001;0.042300001
;US-MT;1926;p99.9p99.99;326064.31;;0.022500001;0.022500001
;US-MT;1926;p99p99.5;83475.102;;0.032099999;0.032099999
;US-MT;1926;p95p100;61852.398;;0.2375;0.2375
;US-MT;1926;p0p90;9612.2998;;0.66430002;0.66430002
;US-MT;1926;p0p99;11764.4;;0.8944;0.8944
;US-MT;1926;p99.5p100;191681.7;;0.073600002;0.073600002
;US-MT;1925;p0p100;2021391.8;3097352600.0;1.0;1.0
;US-MT;1925;p99p100;129801.9;;0.098899998;0.098899998
;US-MT;1925;p99.9p100;419455.0;;0.0319;0.0319
;US-MT;1925;p99.99p100;1354510.8;;0.0103;0.0103
;US-MT;1925;p90p100;45761.0;;0.34850001;0.34850001
;US-MT;1925;p90p95;30727.0;;0.117;0.117
;US-MT;1925;p95p99;47937.0;;0.146;0.146
;US-MT;1925;p99.5p99.9;126158.5;;0.038400002;0.038400002
;US-MT;1925;p99.9p99.99;315559.91;;0.021600001;0.021600001
;US-MT;1925;p99p99.5;74786.0;;0.0285;0.0285
;US-MT;1925;p95p100;63965.398;;0.2436;0.2436
;US-MT;1925;p0p90;9309.4004;;0.63810003;0.63810003
;US-MT;1925;p0p99;11951.8;;0.90109998;0.90109998
;US-MT;1925;p99.5p100;184817.8;;0.0704;0.0704
;US-MT;1924;p0p100;2055706.4;3012521014.0;1.0;1.0
;US-MT;1924;p99p100;110832.2;;0.087300003;0.087300003
;US-MT;1924;p99.9p100;365855.81;;0.0288;0.0288
;US-MT;1924;p99.99p100;1081414.3;;0.0085000005;0.0085000005
;US-MT;1924;p90p100;47427.199;;0.3734;0.3734
;US-MT;1924;p90p95;35485.102;;0.1397;0.1397
;US-MT;1924;p95p99;47480.602;;0.1495;0.1495
;US-MT;1924;p99.5p99.9;107335.2;;0.033799998;0.033799998
;US-MT;1924;p99.9p99.99;286349.31;;0.020300001;0.020300001
;US-MT;1924;p99p99.5;62625.0;;0.024700001;0.024700001
;US-MT;1924;p95p100;60150.898;;0.2368;0.2368
;US-MT;1924;p0p90;8798.0996;;0.62349999;0.62349999
;US-MT;1924;p0p99;11708.9;;0.9127;0.9127
;US-MT;1924;p99.5p100;159039.3;;0.062600002;0.062600002
;US-MT;1923;p0p100;2095026.8;3062065163.0;1.0;1.0
;US-MT;1923;p99p100;100841.7;;0.078199998;0.078199998
;US-MT;1923;p99.9p100;278265.91;;0.021600001;0.021600001
;US-MT;1923;p99.99p100;728024.63;;0.0055999998;0.0055999998
;US-MT;1923;p90p100;43642.398;;0.33849999;0.33849999
;US-MT;1923;p90p95;32219.699;;0.125;0.125
;US-MT;1923;p95p99;44046.398;;0.1367;0.1367
;US-MT;1923;p99.5p99.9;98784.898;;0.0306;0.0306
;US-MT;1923;p99.9p99.99;228293.91;;0.015900001;0.015900001
;US-MT;1923;p99p99.5;67002.703;;0.026000001;0.026000001
;US-MT;1923;p95p100;55405.398;;0.2149;0.2149
;US-MT;1923;p0p90;9457.0;;0.6602;0.6602
;US-MT;1923;p0p99;12004.2;;0.92180002;0.92180002
;US-MT;1923;p99.5p100;134680.91;;0.052200001;0.052200001
;US-MT;1922;p0p100;1993999.8;2821680888.0;1.0;1.0
;US-MT;1922;p99p100;102459.3;;0.086499996;0.086499996
;US-MT;1922;p99.9p100;294862.59;;0.024900001;0.024900001
;US-MT;1922;p99.99p100;848130.88;;0.0071999999;0.0071999999
;US-MT;1922;p90p100;41520.898;;0.3506;0.3506
;US-MT;1922;p90p95;29934.9;;0.12639999;0.12639999
;US-MT;1922;p95p99;41298.801;;0.13950001;0.13950001
;US-MT;1922;p99.5p99.9;96718.398;;0.032699998;0.032699998
;US-MT;1922;p99.9p99.99;233388.3;;0.0177;0.0177
;US-MT;1922;p99p99.5;68571.398;;0.028999999;0.028999999
;US-MT;1922;p95p100;53530.898;;0.226;0.226
;US-MT;1922;p0p90;8521.2002;;0.6476;0.6476
;US-MT;1922;p0p99;10927.1;;0.91350001;0.91350001
;US-MT;1922;p99.5p100;136347.2;;0.057599999;0.057599999
;US-MT;1921;p0p100;1537141.6;2495693651.0;1.0;1.0
;US-MT;1921;p99p100;90006.203;;0.086499996;0.086499996
;US-MT;1921;p99.9p100;255280.09;;0.024499999;0.024499999
;US-MT;1921;p99.99p100;709715.13;;0.0068000001;0.0068000001
;US-MT;1921;p90p100;37815.898;;0.3633;0.3633
;US-MT;1921;p90p95;28311.9;;0.13600001;0.13600001
;US-MT;1921;p95p99;37127.898;;0.1427;0.1427
;US-MT;1921;p99.5p99.9;86394.297;;0.033199999;0.033199999
;US-MT;1921;p99.9p99.99;204787.3;;0.0177;0.0177
;US-MT;1921;p99p99.5;59841.0;;0.0287;0.0287
;US-MT;1921;p95p100;47703.602;;0.22920001;0.22920001
;US-MT;1921;p0p90;7340.8999;;0.63480002;0.63480002
;US-MT;1921;p0p99;9603.5996;;0.91350001;0.91350001
;US-MT;1921;p99.5p100;120171.4;;0.057700001;0.057700001
;US-MT;1920;p0p100;1339570.6;2727471131.0;1.0;1.0
;US-MT;1920;p99p100;92382.602;;0.081299998;0.081299998
;US-MT;1920;p99.9p100;268819.09;;0.023700001;0.023700001
;US-MT;1920;p99.99p100;908349.19;;0.0080000004;0.0080000004
;US-MT;1920;p90p100;36245.898;;0.31889999;0.31889999
;US-MT;1920;p90p95;27055.1;;0.119;0.119
;US-MT;1920;p95p99;34172.898;;0.1203;0.1203
;US-MT;1920;p99.5p99.9;91138.703;;0.032099999;0.032099999
;US-MT;1920;p99.9p99.99;197760.3;;0.015699999;0.015699999
;US-MT;1920;p99p99.5;58090.5;;0.025599999;0.025599999
;US-MT;1920;p95p100;45814.898;;0.2016;0.2016
;US-MT;1920;p0p90;8579.5996;;0.67940003;0.67940003
;US-MT;1920;p0p99;10546.8;;0.91869998;0.91869998
;US-MT;1920;p99.5p100;126674.8;;0.0557;0.0557
;US-MT;1919;p0p100;2224872.8;3212122799.0;1.0;1.0
;US-MT;1919;p99p100;127042.8;;0.090300001;0.090300001
;US-MT;1919;p99.9p100;387433.91;;0.0275;0.0275
;US-MT;1919;p99.99p100;1237616.0;;0.0088;0.0088
;US-MT;1919;p90p100;46478.102;;0.33039999;0.33039999
;US-MT;1919;p90p95;32140.9;;0.1142;0.1142
;US-MT;1919;p95p99;45118.699;;0.1283;0.1283
;US-MT;1919;p99.5p99.9;124568.2;;0.035399999;0.035399999
;US-MT;1919;p99.9p99.99;293115.09;;0.0188;0.0188
;US-MT;1919;p99p99.5;76664.602;;0.0272;0.0272
;US-MT;1919;p95p100;61503.5;;0.2186;0.2186
;US-MT;1919;p0p90;10431.5;;0.66729999;0.66729999
;US-MT;1919;p0p99;12928.1;;0.90969998;0.90969998
;US-MT;1919;p99.5p100;177420.91;;0.063100003;0.063100003
;US-MT;1918;p0p100;3066890.5;3211762731.0;1.0;1.0
;US-MT;1918;p99p100;153266.2;;0.1043;0.1043
;US-MT;1918;p99.9p100;495032.69;;0.0337;0.0337
;US-MT;1918;p99.99p100;1810998.1;;0.0123;0.0123
;US-MT;1918;p90p100;51612.699;;0.3511;0.3511
;US-MT;1918;p90p95;37483.801;;0.1275;0.1275
;US-MT;1918;p95p99;45581.801;;0.124;0.124
;US-MT;1918;p99.5p99.9;147728.3;;0.040199999;0.040199999
;US-MT;1918;p99.9p99.99;348814.31;;0.021400001;0.021400001
;US-MT;1918;p99p99.5;89345.0;;0.030400001;0.030400001
;US-MT;1918;p95p100;67118.5;;0.22830001;0.22830001
;US-MT;1918;p0p90;10523.6;;0.64420003;0.64420003
;US-MT;1918;p0p99;13301.7;;0.89569998;0.89569998
;US-MT;1918;p99.5p100;217188.09;;0.073899999;0.073899999
;US-MT;1917;p0p100;4672708.0;3439346391.0;1.0;1.0
;US-MT;1917;p99p100;189302.91;;0.1166;0.1166
;US-MT;1917;p99.9p100;623890.0;;0.038400002;0.038400002
;US-MT;1917;p99.99p100;1981412.4;;0.0122;0.0122
;US-MT;1917;p90p100;63400.699;;0.39039999;0.39039999
;US-MT;1917;p90p95;46564.0;;0.1434;0.1434
