Variable Name;.;.;.;Fiscal income  | tax unit | Average | Adults | constant 2015 local currency;Fiscal income  | tax unit | Total | Adults | constant 2015 local currency;Fiscal income  | tax unit | Share | Adults | share of total (ratio);Pre-tax national income  | tax unit | Share | Adults | share of total (ratio)
Variable Category;.;.;.;Income inequality;Income inequality;Income inequality;Income inequality
Variable Description;.;.;.;Average Fiscal income within a given percentile group. Fiscal income is defined as the sum of all income items reported on income tax returns, before any deduction. It includes labour income, capital income and mixed income. The concept of fiscal income varies with national tax legislations, so in order to make international comparisons it is preferable to use the concept of national income. The population is comprised of individuals over age 20. The base unit is the tax unit defined by national fiscal administrations to measure personal income taxes.;Total Fiscal income  within a given percentile group. Fiscal income is defined as the sum of all income items reported on income tax returns, before any deduction. It includes labour income, capital income and mixed income. The concept of fiscal income varies with national tax legislations, so in order to make international comparisons it is preferable to use the concept of national income. The population is comprised of individuals over age 20.;Fiscal income share held by a given percentile group. Fiscal income is defined as the sum of all income items reported on income tax returns, before any deduction. It includes labour income, capital income and mixed income. The concept of fiscal income varies with national tax legislations, so in order to make international comparisons it is preferable to use the concept of national income. The population is comprised of individuals over age 20. The base unit is the tax unit defined by national fiscal administrations to measure personal income taxes.;Pre-tax national income share held by a given percentile group. Pre-tax national income  is the sum of all pre-tax personal income flows accruing to the owners of the production factors, labor and capital, before taking into account the operation of the tax/transfer system, but after taking into account the operation of pension system. The central difference between personal factor income and pre-tax income is the treatment of pensions, which are counted on a contribution basis by factor income and on a distribution basis by pre-tax income. The population is comprised of individuals over age 20. The base unit is the tax unit defined by national fiscal administrations to measure personal income taxes.
Variable Decomposition;.;.;.;[Fiscal income ]=[Fiscal labour income ]+[Fiscal capital income ];[Fiscal income ]=[Fiscal labour income ]+[Fiscal capital income ];[Fiscal income ]=[Fiscal labour income ]+[Fiscal capital income ];Pre-tax national income =Pre-tax labor income [total pre-tax income ranking]+Pre-tax capital income [total pre-tax income ranking]
Variable Unit;.;.;.;"USD; United States dollar | local currency | market";"USD; United States dollar | local currency | market";share;share
Methodological Notes;.;.;.;;;;Assuming the same distribution as fiscal income.
Sources;.;.;.;Frank, Sommeiller, Price & Saez (2015);Frank, Sommeiller, Price & Saez (2015);Frank, Sommeiller, Price & Saez (2015);WID.world computations using: Frank, Sommeiller, Price & Saez (2015)
Variable Code;country;year;perc;afiinc992t;mfiinc992t;sfiinc992t;sptinc992t
;US-VA;2015;p0p100;77229.797;3.21833728697e+11;1.0;1.0
;US-VA;2015;p99p100;1227696.8;;0.15899999;0.15899999
;US-VA;2015;p99.9p100;5285583.5;;0.068400003;0.068400003
;US-VA;2015;p99.99p100;21638562.0;;0.028000001;0.028000001
;US-VA;2015;p90p100;334792.81;;0.43349999;0.43349999
;US-VA;2015;p90p95;182895.3;;0.1184;0.1184
;US-VA;2015;p95p99;299756.19;;0.15530001;0.15530001
;US-VA;2015;p99.5p99.9;1038772.4;;0.053800002;0.053800002
;US-VA;2015;p99.9p99.99;3513124.0;;0.040899999;0.040899999
;US-VA;2015;p99p99.5;565092.31;;0.036600001;0.036600001
;US-VA;2015;p95p100;485904.0;;0.31459999;0.31459999
;US-VA;2015;p0p90;48653.898;;0.56699997;0.56699997
;US-VA;2015;p0p99;65608.898;;0.84100002;0.84100002
;US-VA;2015;p99.5p100;1888295.9;;0.1223;0.1223
;US-VA;2014;p0p100;73562.797;3.05826296373e+11;1.0;1.0
;US-VA;2014;p99p100;1161858.0;;0.1583;0.1583
;US-VA;2014;p99.9p100;5053512.5;;0.068899997;0.068899997
;US-VA;2014;p99.99p100;21795240.0;;0.0297;0.0297
;US-VA;2014;p90p100;319865.19;;0.4359;0.4359
;US-VA;2014;p90p95;176481.2;;0.1202;0.1202
;US-VA;2014;p95p99;288335.59;;0.15719999;0.15719999
;US-VA;2014;p99.5p99.9;975063.31;;0.053100001;0.053100001
;US-VA;2014;p99.9p99.99;3213014.5;;0.0394;0.0394
;US-VA;2014;p99p99.5;533914.69;;0.036400001;0.036400001
;US-VA;2014;p95p100;462932.5;;0.3154;0.3154
;US-VA;2014;p0p90;45988.801;;0.56400001;0.56400001
;US-VA;2014;p0p99;62393.898;;0.84170002;0.84170002
;US-VA;2014;p99.5p100;1789729.3;;0.1219;0.1219
;US-VA;2013;p0p100;72001.0;2.94333294915e+11;1.0;1.0
;US-VA;2013;p99p100;1038279.3;;0.14929999;0.14929999
;US-VA;2013;p99.9p100;4125192.5;;0.059300002;0.059300002
;US-VA;2013;p99.99p100;16434943.0;;0.023600001;0.023600001
;US-VA;2013;p90p100;302877.69;;0.43540001;0.43540001
;US-VA;2013;p90p95;172723.7;;0.1242;0.1242
;US-VA;2013;p95p99;281014.09;;0.16159999;0.16159999
;US-VA;2013;p99.5p99.9;917009.69;;0.052700002;0.052700002
;US-VA;2013;p99.9p99.99;2766252.3;;0.035799999;0.035799999
;US-VA;2013;p99p99.5;518301.59;;0.037300002;0.037300002
;US-VA;2013;p95p100;432582.41;;0.31099999;0.31099999
;US-VA;2013;p0p90;43651.102;;0.56480002;0.56480002
;US-VA;2013;p0p99;59770.398;;0.85070002;0.85070002
;US-VA;2013;p99.5p100;1558854.8;;0.1121;0.1121
;US-VA;2012;p0p100;80558.102;3.06397531017e+11;1.0;1.0
;US-VA;2012;p99p100;1272094.3;;0.1683;0.1683
;US-VA;2012;p99.9p100;5896618.0;;0.078000002;0.078000002
;US-VA;2012;p99.99p100;26646302.0;;0.035300002;0.035300002
;US-VA;2012;p90p100;327124.31;;0.43279999;0.43279999
;US-VA;2012;p90p95;169685.3;;0.1122;0.1122
;US-VA;2012;p95p99;287254.81;;0.152;0.152
;US-VA;2012;p99.5p99.9;1028564.8;;0.054400001;0.054400001
;US-VA;2012;p99.9p99.99;3618076.5;;0.043099999;0.043099999
;US-VA;2012;p99p99.5;542606.88;;0.0359;0.0359
;US-VA;2012;p95p100;484102.19;;0.3202;0.3202
;US-VA;2012;p0p90;47631.801;;0.56709999;0.56709999
;US-VA;2012;p0p99;63505.398;;0.83170003;0.83170003
;US-VA;2012;p99.5p100;2001785.6;;0.13240001;0.13240001
;US-VA;2011;p0p100;80251.0;2.87880193276e+11;1.0;1.0
;US-VA;2011;p99p100;1095530.8;;0.1516;0.1516
;US-VA;2011;p99.9p100;4710910.5;;0.065200001;0.065200001
;US-VA;2011;p99.99p100;20276594.0;;0.028100001;0.028100001
;US-VA;2011;p90p100;307540.81;;0.42550001;0.42550001
;US-VA;2011;p90p95;169196.41;;0.117;0.117
;US-VA;2011;p95p99;283030.69;;0.1566;0.1566
;US-VA;2011;p99.5p99.9;921276.0;;0.050999999;0.050999999
;US-VA;2011;p99.9p99.99;2989852.5;;0.0372;0.0372
;US-VA;2011;p99p99.5;511800.91;;0.035399999;0.035399999
;US-VA;2011;p95p100;445451.0;;0.30809999;0.30809999
;US-VA;2011;p0p90;46152.0;;0.5747;0.5747
;US-VA;2011;p0p99;61944.602;;0.8484;0.8484
;US-VA;2011;p99.5p100;1679757.0;;0.1162;0.1162
;US-VA;2010;p0p100;86306.0;2.85883016903e+11;1.0;1.0
;US-VA;2010;p99p100;1147422.8;;0.15710001;0.15710001
;US-VA;2010;p99.9p100;5345598.5;;0.073200002;0.073200002
;US-VA;2010;p99.99p100;25894212.0;;0.035399999;0.035399999
;US-VA;2010;p90p100;310124.81;;0.42449999;0.42449999
;US-VA;2010;p90p95;164548.59;;0.1126;0.1126
;US-VA;2010;p95p99;282440.19;;0.1547;0.1547
;US-VA;2010;p99.5p99.9;904927.63;;0.049600001;0.049600001
;US-VA;2010;p99.9p99.99;3061961.5;;0.037700001;0.037700001
;US-VA;2010;p99p99.5;501938.5;;0.034400001;0.034400001
;US-VA;2010;p95p100;455368.91;;0.31169999;0.31169999
;US-VA;2010;p0p90;46722.199;;0.57560003;0.57560003
;US-VA;2010;p0p99;62197.398;;0.84289998;0.84289998
;US-VA;2010;p99.5p100;1793484.1;;0.1228;0.1228
;US-VA;2009;p0p100;87578.398;2.72650313172e+11;1.0;1.0
;US-VA;2009;p99p100;967210.38;;0.1348;0.1348
;US-VA;2009;p99.9p100;3573130.0;;0.049800001;0.049800001
;US-VA;2009;p99.99p100;13535493.0;;0.0189;0.0189
;US-VA;2009;p90p100;293734.59;;0.40939999;0.40939999
;US-VA;2009;p90p95;163995.2;;0.1143;0.1143
;US-VA;2009;p95p99;286284.0;;0.1596;0.1596
;US-VA;2009;p99.5p99.9;845981.63;;0.047200002;0.047200002
;US-VA;2009;p99.9p99.99;2376247.0;;0.0298;0.0298
;US-VA;2009;p99p99.5;506613.5;;0.035300002;0.035300002
;US-VA;2009;p95p100;423105.59;;0.29480001;0.29480001
;US-VA;2009;p0p90;47436.801;;0.59500003;0.59500003
;US-VA;2009;p0p99;62708.398;;0.86519998;0.86519998
;US-VA;2009;p99.5p100;1416420.9;;0.098700002;0.098700002
;US-VA;2008;p0p100;93768.602;2.92407067007e+11;1.0;1.0
;US-VA;2008;p99p100;1185127.1;;0.1532;0.1532
;US-VA;2008;p99.9p100;4802164.0;;0.062100001;0.062100001
;US-VA;2008;p99.99p100;18969534.0;;0.024499999;0.024499999
;US-VA;2008;p90p100;322102.69;;0.4163;0.4163
;US-VA;2008;p90p95;167183.2;;0.108;0.108
;US-VA;2008;p95p99;295336.41;;0.15270001;0.15270001
;US-VA;2008;p99.5p99.9;1000828.2;;0.0517;0.0517
;US-VA;2008;p99.9p99.99;3130765.5;;0.036400001;0.036400001
;US-VA;2008;p99p99.5;555480.31;;0.0359;0.0359
;US-VA;2008;p95p100;476338.59;;0.30779999;0.30779999
;US-VA;2008;p0p90;50785.199;;0.59069997;0.59069997
;US-VA;2008;p0p99;66185.203;;0.84680003;0.84680003
;US-VA;2008;p99.5p100;1795406.1;;0.116;0.116
;US-VA;2007;p0p100;111222.5;3.14404823536e+11;1.0;1.0
;US-VA;2007;p99p100;1437932.1;;0.1689;0.1689
;US-VA;2007;p99.9p100;6186596.0;;0.072700001;0.072700001
;US-VA;2007;p99.99p100;25060786.0;;0.0294;0.0294
;US-VA;2007;p90p100;357452.5;;0.41999999;0.41999999
;US-VA;2007;p90p95;172258.09;;0.1012;0.1012
;US-VA;2007;p95p99;312458.0;;0.1468;0.1468
;US-VA;2007;p99.5p99.9;1194745.6;;0.0561;0.0561
;US-VA;2007;p99.9p99.99;4020236.3;;0.0425;0.0425
;US-VA;2007;p99p99.5;623221.31;;0.036600001;0.036600001
;US-VA;2007;p95p100;541800.5;;0.31830001;0.31830001
;US-VA;2007;p0p90;55538.602;;0.5873;0.5873
;US-VA;2007;p0p99;71450.602;;0.83109999;0.83109999
;US-VA;2007;p99.5p100;2229334.0;;0.131;0.131
;US-VA;2006;p0p100;111219.0;2.99133020731e+11;1.0;1.0
;US-VA;2006;p99p100;1398242.3;;0.1737;0.1737
;US-VA;2006;p99.9p100;6013312.0;;0.074699998;0.074699998
;US-VA;2006;p99.99p100;23999016.0;;0.0298;0.0298
;US-VA;2006;p90p100;350907.69;;0.43599999;0.43599999
;US-VA;2006;p90p95;176713.91;;0.1098;0.1098
;US-VA;2006;p95p99;302432.5;;0.1503;0.1503
;US-VA;2006;p99.5p99.9;1179612.6;;0.058600001;0.058600001
;US-VA;2006;p99.9p99.99;3994345.0;;0.0447;0.0447
;US-VA;2006;p99p99.5;611150.88;;0.037999999;0.037999999
;US-VA;2006;p95p100;524046.41;;0.3256;0.3256
;US-VA;2006;p0p90;50866.199;;0.56879997;0.56879997
;US-VA;2006;p0p99;67170.898;;0.82630002;0.82630002
;US-VA;2006;p99.5p100;2169687.3;;0.1348;0.1348
;US-VA;2005;p0p100;117041.6;2.87113458594e+11;1.0;1.0
;US-VA;2005;p99p100;1340133.9;;0.1688;0.1688
;US-VA;2005;p99.9p100;5750076.0;;0.072400004;0.072400004
;US-VA;2005;p99.99p100;22981968.0;;0.028899999;0.028899999
;US-VA;2005;p90p100;339066.19;;0.42699999;0.42699999
;US-VA;2005;p90p95;170452.2;;0.1073;0.1073
;US-VA;2005;p95p99;296486.09;;0.1494;0.1494
;US-VA;2005;p99.5p99.9;1130154.6;;0.056899998;0.056899998
;US-VA;2005;p99.9p99.99;3819343.0;;0.043299999;0.043299999
;US-VA;2005;p99p99.5;594156.69;;0.0374;0.0374
;US-VA;2005;p95p100;506574.31;;0.31900001;0.31900001
;US-VA;2005;p0p90;50882.102;;0.57669997;0.57669997
;US-VA;2005;p0p99;66668.297;;0.8312;0.8312
;US-VA;2005;p99.5p100;2074039.9;;0.13060001;0.13060001
;US-VA;2004;p0p100;118512.0;2.66110308405e+11;1.0;1.0
;US-VA;2004;p99p100;1167352.1;;0.1551;0.1551
;US-VA;2004;p99.9p100;4796231.0;;0.063699998;0.063699998
;US-VA;2004;p99.99p100;18866006.0;;0.0251;0.0251
;US-VA;2004;p90p100;313938.69;;0.41710001;0.41710001
;US-VA;2004;p90p95;166785.0;;0.1108;0.1108
;US-VA;2004;p95p99;282395.81;;0.15009999;0.15009999
;US-VA;2004;p99.5p99.9;1000145.6;;0.053199999;0.053199999
;US-VA;2004;p99.9p99.99;3202188.3;;0.0383;0.0383
;US-VA;2004;p99p99.5;549610.5;;0.036499999;0.036499999
;US-VA;2004;p95p100;459970.31;;0.30559999;0.30559999
;US-VA;2004;p0p90;49018.602;;0.58609998;0.58609998
;US-VA;2004;p0p99;64237.801;;0.84490001;0.84490001
;US-VA;2004;p99.5p100;1776450.6;;0.118;0.118
;US-VA;2003;p0p100;118748.1;2.4626386658e+11;1.0;1.0
;US-VA;2003;p99p100;1000406.0;;0.1399;0.1399
;US-VA;2003;p99.9p100;3898102.0;;0.054499999;0.054499999
;US-VA;2003;p99.99p100;15021676.0;;0.021;0.021
;US-VA;2003;p90p100;288352.19;;0.40329999;0.40329999
;US-VA;2003;p90p95;170043.7;;0.1189;0.1189
;US-VA;2003;p95p99;256636.0;;0.1436;0.1436
;US-VA;2003;p99.5p99.9;879666.63;;0.049199998;0.049199998
;US-VA;2003;p99.9p99.99;2628424.8;;0.033100002;0.033100002
;US-VA;2003;p99p99.5;499670.09;;0.034899998;0.034899998
;US-VA;2003;p95p100;405970.5;;0.28389999;0.28389999
;US-VA;2003;p0p90;47610.5;;0.59930003;0.59930003
;US-VA;2003;p0p99;62118.898;;0.86009997;0.86009997
;US-VA;2003;p99.5p100;1495515.8;;0.1046;0.1046
;US-VA;2002;p0p100;122488.4;2.38500907676e+11;1.0;1.0
;US-VA;2002;p99p100;953045.5;;0.13510001;0.13510001
;US-VA;2002;p99.9p100;3601656.0;;0.050999999;0.050999999
;US-VA;2002;p99.99p100;13383598.0;;0.018999999;0.018999999
;US-VA;2002;p90p100;281940.31;;0.39950001;0.39950001
;US-VA;2002;p90p95;170487.7;;0.1208;0.1208
;US-VA;2002;p95p99;252275.7;;0.14300001;0.14300001
;US-VA;2002;p99.5p99.9;852894.81;;0.048300002;0.048300002
;US-VA;2002;p99.9p99.99;2492167.8;;0.031800002;0.031800002
;US-VA;2002;p99p99.5;489676.69;;0.034699999;0.034699999
;US-VA;2002;p95p100;392824.41;;0.27829999;0.27829999
;US-VA;2002;p0p90;47233.602;;0.6024;0.6024
;US-VA;2002;p0p99;61653.0;;0.86489999;0.86489999
;US-VA;2002;p99.5p100;1412183.0;;0.1001;0.1001
;US-VA;2001;p0p100;131030.4;2.45216634128e+11;1.0;1.0
;US-VA;2001;p99p100;1012572.5;;0.13850001;0.13850001
;US-VA;2001;p99.9p100;4224841.5;;0.057799999;0.057799999
;US-VA;2001;p99.99p100;17087350.0;;0.023399999;0.023399999
;US-VA;2001;p90p100;290914.0;;0.39789999;0.39789999
;US-VA;2001;p90p95;165652.3;;0.1133;0.1133
;US-VA;2001;p95p99;265925.41;;0.1455;0.1455
;US-VA;2001;p99.5p99.9;871768.13;;0.047699999;0.047699999
;US-VA;2001;p99.9p99.99;2802914.8;;0.034499999;0.034499999
;US-VA;2001;p99p99.5;481417.59;;0.032900002;0.032900002
;US-VA;2001;p95p100;415658.41;;0.2843;0.2843
;US-VA;2001;p0p90;48957.801;;0.6027;0.6027
;US-VA;2001;p0p99;63617.602;;0.86150002;0.86150002
;US-VA;2001;p99.5p100;1544354.8;;0.1056;0.1056
;US-VA;2000;p0p100;145417.91;2.53758944981e+11;1.0;1.0
;US-VA;2000;p99p100;1247946.8;;0.1626;0.1626
;US-VA;2000;p99.9p100;5798980.0;;0.075499997;0.075499997
;US-VA;2000;p99.99p100;25239898.0;;0.032900002;0.032900002
;US-VA;2000;p90p100;321486.09;;0.4188;0.4188
;US-VA;2000;p90p95;169263.7;;0.1102;0.1102
;US-VA;2000;p95p99;277561.69;;0.1446;0.1446
;US-VA;2000;p99.5p99.9;1001367.7;;0.052200001;0.052200001
;US-VA;2000;p99.9p99.99;3651989.0;;0.042800002;0.042800002
;US-VA;2000;p99p99.5;527922.81;;0.034400001;0.034400001
;US-VA;2000;p95p100;472732.91;;0.30790001;0.30790001
;US-VA;2000;p0p90;49713.699;;0.58289999;0.58289999
;US-VA;2000;p0p99;64933.699;;0.83740002;0.83740002
;US-VA;2000;p99.5p100;1966116.6;;0.12809999;0.12809999
;US-VA;1999;p0p100;149824.09;2.40764534789e+11;1.0;1.0
;US-VA;1999;p99p100;1210243.4;;0.16339999;0.16339999
;US-VA;1999;p99.9p100;5768829.0;;0.0779;0.0779
;US-VA;1999;p99.99p100;25577312.0;;0.034499999;0.034499999
;US-VA;1999;p90p100;312366.31;;0.4219;0.4219
;US-VA;1999;p90p95;166278.8;;0.1123;0.1123
;US-VA;1999;p95p99;269779.0;;0.14569999;0.14569999
;US-VA;1999;p99.5p99.9;964027.69;;0.052099999;0.052099999
;US-VA;1999;p99.9p99.99;3563074.0;;0.043299999;0.043299999
;US-VA;1999;p99p99.5;495440.91;;0.033500001;0.033500001
;US-VA;1999;p95p100;458056.0;;0.30930001;0.30930001
;US-VA;1999;p0p90;47601.398;;0.57859999;0.57859999
;US-VA;1999;p0p99;62567.398;;0.83660001;0.83660001
;US-VA;1999;p99.5p100;1925024.9;;0.13;0.13
;US-VA;1998;p0p100;144511.8;2.22323703085e+11;1.0;1.0
;US-VA;1998;p99p100;1057520.5;;0.1543;0.1543
;US-VA;1998;p99.9p100;4782240.5;;0.069799997;0.069799997
;US-VA;1998;p99.99p100;20672782.0;;0.030200001;0.030200001
;US-VA;1998;p90p100;284001.41;;0.41440001;0.41440001
;US-VA;1998;p90p95;158425.3;;0.1156;0.1156
;US-VA;1998;p95p99;246640.59;;0.14399999;0.14399999
;US-VA;1998;p99.5p99.9;865968.5;;0.050500002;0.050500002
;US-VA;1998;p99.9p99.99;3018893.5;;0.0396;0.0396
;US-VA;1998;p99p99.5;465239.5;;0.0339;0.0339
;US-VA;1998;p95p100;409133.31;;0.2985;0.2985
;US-VA;1998;p0p90;44631.898;;0.58609998;0.58609998
;US-VA;1998;p0p99;58540.199;;0.84570003;0.84570003
;US-VA;1998;p99.5p100;1649743.9;;0.1204;0.1204
;US-VA;1997;p0p100;140285.5;2.07540465933e+11;1.0;1.0
;US-VA;1997;p99p100;873483.63;;0.13500001;0.13500001
;US-VA;1997;p99.9p100;3632295.3;;0.0561;0.0561
;US-VA;1997;p99.99p100;15027896.0;;0.0232;0.0232
;US-VA;1997;p90p100;251204.2;;0.38820001;0.38820001
;US-VA;1997;p90p95;144998.41;;0.112;0.112
;US-VA;1997;p95p99;227861.41;;0.1409;0.1409
;US-VA;1997;p99.5p99.9;742739.81;;0.045899998;0.045899998
;US-VA;1997;p99.9p99.99;2370817.0;;0.033;0.033
;US-VA;1997;p99p99.5;425177.0;;0.032900002;0.032900002
;US-VA;1997;p95p100;357156.0;;0.27599999;0.27599999
;US-VA;1997;p0p90;44009.898;;0.61210001;0.61210001
;US-VA;1997;p0p99;56537.102;;0.86500001;0.86500001
;US-VA;1997;p99.5p100;1321415.9;;0.1021;0.1021
;US-VA;1996;p0p100;136805.8;1.92948796452e+11;1.0;1.0
;US-VA;1996;p99p100;802768.13;;0.1328;0.1328
;US-VA;1996;p99.9p100;3186864.5;;0.052700002;0.052700002
;US-VA;1996;p99.99p100;12316171.0;;0.020400001;0.020400001
;US-VA;1996;p90p100;239134.3;;0.3955;0.3955
;US-VA;1996;p90p95;141923.5;;0.1174;0.1174
;US-VA;1996;p95p99;219473.3;;0.1452;0.1452
;US-VA;1996;p99.5p99.9;711197.63;;0.0471;0.0471
;US-VA;1996;p99.9p99.99;2170378.3;;0.032299999;0.032299999
;US-VA;1996;p99p99.5;395685.0;;0.032699998;0.032699998
;US-VA;1996;p95p100;336206.09;;0.278;0.278
;US-VA;1996;p0p90;40641.398;;0.60500002;0.60500002
;US-VA;1996;p0p99;52962.5;;0.86720002;0.86720002
;US-VA;1996;p99.5p100;1209069.8;;0.1;0.1
;US-VA;1995;p0p100;138770.2;1.84687215033e+11;1.0;1.0
;US-VA;1995;p99p100;676899.31;;0.1163;0.1163
;US-VA;1995;p99.9p100;2407150.0;;0.0414;0.0414
;US-VA;1995;p99.99p100;8339442.5;;0.0143;0.0143
;US-VA;1995;p90p100;220583.8;;0.37909999;0.37909999
;US-VA;1995;p90p95;138454.5;;0.119;0.119
;US-VA;1995;p95p99;209092.7;;0.1437;0.1437
;US-VA;1995;p99.5p99.9;629229.63;;0.043299999;0.043299999
;US-VA;1995;p99.9p99.99;1748450.6;;0.027000001;0.027000001
;US-VA;1995;p99p99.5;366400.09;;0.031500001;0.031500001
;US-VA;1995;p95p100;302605.69;;0.25999999;0.25999999
;US-VA;1995;p0p90;40162.898;;0.62120003;0.62120003
;US-VA;1995;p0p99;51939.898;;0.88370001;0.88370001
;US-VA;1995;p99.5p100;986977.13;;0.084799998;0.084799998
;US-VA;1994;p0p100;146835.3;1.78235229959e+11;1.0;1.0
;US-VA;1994;p99p100;630410.13;;0.1074;0.1074
;US-VA;1994;p99.9p100;2205775.8;;0.037599999;0.037599999
;US-VA;1994;p99.99p100;7747094.5;;0.0132;0.0132
;US-VA;1994;p90p100;212215.7;;0.36149999;0.36149999
;US-VA;1994;p90p95;135985.59;;0.1158;0.1158
;US-VA;1994;p95p99;202918.59;;0.1383;0.1383
;US-VA;1994;p99.5p99.9;586378.0;;0.039999999;0.039999999
;US-VA;1994;p99.9p99.99;1582891.4;;0.0243;0.0243
;US-VA;1994;p99p99.5;347524.5;;0.0296;0.0296
;US-VA;1994;p95p100;288369.81;;0.2456;0.2456
;US-VA;1994;p0p90;41679.398;;0.63889998;0.63889998
;US-VA;1994;p0p99;52935.199;;0.8926;0.8926
;US-VA;1994;p99.5p100;912865.13;;0.077699997;0.077699997
;US-VA;1993;p0p100;152154.0;1.74008436853e+11;1.0;1.0
;US-VA;1993;p99p100;619164.81;;0.1062;0.1062
;US-VA;1993;p99.9p100;2155371.3;;0.037;0.037
;US-VA;1993;p99.99p100;7539763.5;;0.0129;0.0129
;US-VA;1993;p90p100;209362.59;;0.359;0.359
;US-VA;1993;p90p95;134332.3;;0.1152;0.1152
;US-VA;1993;p95p99;200669.7;;0.1376;0.1376
;US-VA;1993;p99.5p99.9;579702.69;;0.039799999;0.039799999
;US-VA;1993;p99.9p99.99;1549676.3;;0.0239;0.0239
;US-VA;1993;p99p99.5;340319.09;;0.029200001;0.029200001
;US-VA;1993;p95p100;284294.69;;0.2437;0.2437
;US-VA;1993;p0p90;41564.102;;0.64139998;0.64139998
;US-VA;1993;p0p99;52655.102;;0.89380002;0.89380002
;US-VA;1993;p99.5p100;897262.13;;0.076899998;0.076899998
;US-VA;1992;p0p100;159601.59;1.72002839898e+11;1.0;1.0
;US-VA;1992;p99p100;636136.19;;0.1092;0.1092
;US-VA;1992;p99.9p100;2294311.5;;0.0394;0.0394
;US-VA;1992;p99.99p100;8219347.5;;0.0141;0.0141
;US-VA;1992;p90p100;210126.3;;0.36070001;0.36070001
;US-VA;1992;p90p95;135634.7;;0.1164;0.1164
;US-VA;1992;p95p99;196872.0;;0.13519999;0.13519999
;US-VA;1992;p99.5p99.9;592111.19;;0.0407;0.0407
;US-VA;1992;p99.9p99.99;1634539.9;;0.0253;0.0253
;US-VA;1992;p99p99.5;338366.09;;0.028999999;0.028999999
;US-VA;1992;p95p100;284746.09;;0.24439999;0.24439999
;US-VA;1992;p0p90;41387.0;;0.63940001;0.63940001
;US-VA;1992;p0p99;52421.0;;0.8908;0.8908
;US-VA;1992;p99.5p100;933657.13;;0.0801;0.0801
;US-VA;1991;p0p100;169138.2;1.68354530313e+11;1.0;1.0
;US-VA;1991;p99p100;584037.81;;0.0995;0.0995
;US-VA;1991;p99.9p100;1977244.9;;0.0337;0.0337
;US-VA;1991;p99.99p100;6669413.5;;0.0114;0.0114
;US-VA;1991;p90p100;204574.2;;0.3484;0.3484
;US-VA;1991;p90p95;137074.09;;0.1167;0.1167
;US-VA;1991;p95p99;194523.7;;0.13249999;0.13249999
;US-VA;1991;p99.5p99.9;556072.0;;0.037900001;0.037900001
;US-VA;1991;p99.9p99.99;1455217.8;;0.022299999;0.022299999
;US-VA;1991;p99p99.5;327202.09;;0.027899999;0.027899999
;US-VA;1991;p95p100;272384.09;;0.23190001;0.23190001
;US-VA;1991;p0p90;42502.398;;0.65140003;0.65140003
;US-VA;1991;p0p99;53417.602;;0.9005;0.9005
;US-VA;1991;p99.5p100;840900.13;;0.071599998;0.071599998
;US-VA;1990;p0p100;186480.2;1.69722404706e+11;1.0;1.0
;US-VA;1990;p99p100;641170.88;;0.1063;0.1063
;US-VA;1990;p99.9p100;2305749.3;;0.038199998;0.038199998
;US-VA;1990;p99.99p100;8172949.5;;0.0135;0.0135
;US-VA;1990;p90p100;209983.2;;0.34799999;0.34799999
;US-VA;1990;p90p95;136141.41;;0.1128;0.1128
;US-VA;1990;p95p99;194452.8;;0.12890001;0.12890001
;US-VA;1990;p99.5p99.9;603409.63;;0.039999999;0.039999999
;US-VA;1990;p99.9p99.99;1656094.5;;0.024700001;0.024700001
;US-VA;1990;p99p99.5;338038.09;;0.028000001;0.028000001
;US-VA;1990;p95p100;283848.41;;0.2352;0.2352
;US-VA;1990;p0p90;43714.5;;0.65200001;0.65200001
;US-VA;1990;p0p99;54472.801;;0.8937;0.8937
;US-VA;1990;p99.5p100;943940.81;;0.078199998;0.078199998
;US-VA;1989;p0p100;207632.0;1.69700504973e+11;1.0;1.0
;US-VA;1989;p99p100;718529.13;;0.1179;0.1179
;US-VA;1989;p99.9p100;2736477.5;;0.0449;0.0449
;US-VA;1989;p99.99p100;10296320.0;;0.016899999;0.016899999
;US-VA;1989;p90p100;216200.8;;0.3547;0.3547
;US-VA;1989;p90p95;131665.59;;0.108;0.108
;US-VA;1989;p95p99;193016.09;;0.1267;0.1267
;US-VA;1989;p99.5p99.9;641194.69;;0.042100001;0.042100001
;US-VA;1989;p99.9p99.99;1859874.3;;0.0275;0.0275
;US-VA;1989;p99p99.5;357628.81;;0.029300001;0.029300001
;US-VA;1989;p95p100;300280.41;;0.2463;0.2463
;US-VA;1989;p0p90;43995.5;;0.64960003;0.64960003
;US-VA;1989;p0p99;54314.199;;0.88209999;0.88209999
;US-VA;1989;p99.5p100;1071650.3;;0.087899998;0.087899998
;US-VA;1988;p0p100;230673.41;1.67671227144e+11;1.0;1.0
;US-VA;1988;p99p100;772257.69;;0.1241;0.1241
;US-VA;1988;p99.9p100;3094292.3;;0.049699999;0.049699999
;US-VA;1988;p99.99p100;11895086.0;;0.019099999;0.019099999
;US-VA;1988;p90p100;221795.8;;0.35640001;0.35640001
;US-VA;1988;p90p95;131819.09;;0.1059;0.1059
;US-VA;1988;p95p99;192246.7;;0.1236;0.1236
;US-VA;1988;p99.5p99.9;673374.0;;0.043299999;0.043299999
;US-VA;1988;p99.9p99.99;2069780.8;;0.029899999;0.029899999
;US-VA;1988;p99p99.5;361082.19;;0.028999999;0.028999999
;US-VA;1988;p95p100;311149.31;;0.25;0.25
;US-VA;1988;p0p90;44892.301;;0.64920002;0.64920002
;US-VA;1988;p0p99;55063.199;;0.87589997;0.87589997
;US-VA;1988;p99.5p100;1172828.3;;0.0942;0.0942
;US-VA;1987;p0p100;240530.09;1.54838872794e+11;1.0;1.0
;US-VA;1987;p99p100;608355.38;;0.1008;0.1008
;US-VA;1987;p99.9p100;2148849.0;;0.035599999;0.035599999
;US-VA;1987;p99.99p100;7639675.5;;0.0127;0.0127
;US-VA;1987;p90p100;201273.8;;0.33329999;0.33329999
;US-VA;1987;p90p95;130458.0;;0.108;0.108
;US-VA;1987;p95p99;185409.5;;0.1228;0.1228
;US-VA;1987;p99.5p99.9;554936.13;;0.036800001;0.036800001
;US-VA;1987;p99.9p99.99;1508224.4;;0.022500001;0.022500001
;US-VA;1987;p99p99.5;326954.09;;0.027100001;0.027100001
;US-VA;1987;p95p100;271775.09;;0.22499999;0.22499999
;US-VA;1987;p0p90;44962.5;;0.67019999;0.67019999
;US-VA;1987;p0p99;54846.301;;0.89920002;0.89920002
;US-VA;1987;p99.5p100;883347.63;;0.073100001;0.073100001
;US-VA;1986;p0p100;256841.0;1.55769381767e+11;1.0;1.0
;US-VA;1986;p99p100;768773.81;;0.1274;0.1274
;US-VA;1986;p99.9p100;3243061.5;;0.053800002;0.053800002
;US-VA;1986;p99.99p100;13289394.0;;0.022;0.022
;US-VA;1986;p90p100;217546.0;;0.36059999;0.36059999
;US-VA;1986;p90p95;128414.6;;0.1064;0.1064
;US-VA;1986;p95p99;186522.09;;0.1237;0.1237
;US-VA;1986;p99.5p99.9;647625.19;;0.0429;0.0429
;US-VA;1986;p99.9p99.99;2057505.0;;0.0307;0.0307
;US-VA;1986;p99p99.5;342535.09;;0.0284;0.0284
;US-VA;1986;p95p100;305934.41;;0.25350001;0.25350001
;US-VA;1986;p0p90;43294.301;;0.64590001;0.64590001
;US-VA;1986;p0p99;53174.301;;0.87260002;0.87260002
;US-VA;1986;p99.5p100;1183309.9;;0.098099999;0.098099999
;US-VA;1985;p0p100;242616.7;1.40393722591e+11;1.0;1.0
;US-VA;1985;p99p100;564939.0;;0.1028;0.1028
;US-VA;1985;p99.9p100;2137286.0;;0.038899999;0.038899999
;US-VA;1985;p99.99p100;7985167.5;;0.0145;0.0145
;US-VA;1985;p90p100;186850.3;;0.3398;0.3398
;US-VA;1985;p90p95;121941.0;;0.1109;0.1109
;US-VA;1985;p95p99;170161.09;;0.1238;0.1238
;US-VA;1985;p99.5p99.9;486785.69;;0.035399999;0.035399999
;US-VA;1985;p99.9p99.99;1415568.3;;0.0232;0.0232
;US-VA;1985;p99p99.5;289692.91;;0.0263;0.0263
;US-VA;1985;p95p100;251288.8;;0.22849999;0.22849999
;US-VA;1985;p0p90;40676.199;;0.66589999;0.66589999
;US-VA;1985;p0p99;49829.199;;0.89719999;0.89719999
;US-VA;1985;p99.5p100;831356.88;;0.075599998;0.075599998
;US-VA;1984;p0p100;253498.2;1.32867857876e+11;1.0;1.0
;US-VA;1984;p99p100;506825.81;;0.094400004;0.094400004
;US-VA;1984;p99.9p100;1857133.1;;0.034600001;0.034600001
;US-VA;1984;p99.99p100;6964383.5;;0.013;0.013
;US-VA;1984;p90p100;177369.7;;0.3303;0.3303
;US-VA;1984;p90p95;120077.4;;0.1118;0.1118
;US-VA;1984;p95p99;163847.2;;0.1221;0.1221
;US-VA;1984;p99.5p99.9;436278.09;;0.032499999;0.032499999
;US-VA;1984;p99.9p99.99;1212728.5;;0.020300001;0.020300001
;US-VA;1984;p99p99.5;269956.0;;0.0251;0.0251
;US-VA;1984;p95p100;234507.0;;0.2184;0.2184
;US-VA;1984;p0p90;40283.699;;0.67519999;0.67519999
;US-VA;1984;p0p99;49118.801;;0.90560001;0.90560001
;US-VA;1984;p99.5p100;735185.69;;0.068499997;0.068499997
;US-VA;1983;p0p100;281059.0;1.25476661204e+11;1.0;1.0
;US-VA;1983;p99p100;431070.69;;0.081799999;0.081799999
;US-VA;1983;p99.9p100;1417402.9;;0.026900001;0.026900001
;US-VA;1983;p99.99p100;5018689.5;;0.0094999997;0.0094999997
;US-VA;1983;p90p100;167085.2;;0.31709999;0.31709999
;US-VA;1983;p90p95;120665.6;;0.1145;0.1145
;US-VA;1983;p95p99;158465.09;;0.1203;0.1203
;US-VA;1983;p99.5p99.9;389820.81;;0.0296;0.0296
;US-VA;1983;p99.9p99.99;978388.31;;0.0167;0.0167
;US-VA;1983;p99p99.5;251301.8;;0.023800001;0.023800001
;US-VA;1983;p95p100;214170.0;;0.2032;0.2032
;US-VA;1983;p0p90;40138.0;;0.68550003;0.68550003
;US-VA;1983;p0p99;48872.301;;0.91820002;0.91820002
;US-VA;1983;p99.5p100;605108.5;;0.057399999;0.057399999
;US-VA;1982;p0p100;282883.09;1.21121237094e+11;1.0;1.0
;US-VA;1982;p99p100;461006.59;;0.090599999;0.090599999
;US-VA;1982;p99.9p100;1783154.4;;0.035100002;0.035100002
;US-VA;1982;p99.99p100;7403714.0;;0.0146;0.0146
;US-VA;1982;p90p100;172261.3;;0.3387;0.3387
;US-VA;1982;p90p95;119054.5;;0.117;0.117
;US-VA;1982;p95p99;165433.91;;0.1301;0.1301
;US-VA;1982;p99.5p99.9;404527.19;;0.031800002;0.031800002
;US-VA;1982;p99.9p99.99;1158647.8;;0.020500001;0.020500001
;US-VA;1982;p99p99.5;241760.59;;0.023800001;0.023800001
;US-VA;1982;p95p100;226494.59;;0.2226;0.2226
;US-VA;1982;p0p90;37427.801;;0.66219997;0.66219997
;US-VA;1982;p0p99;46722.398;;0.90939999;0.90939999
;US-VA;1982;p99.5p100;680252.63;;0.0669;0.0669
;US-VA;1981;p0p100;315523.69;1.19509201853e+11;1.0;1.0
;US-VA;1981;p99p100;390357.31;;0.077399999;0.077399999
;US-VA;1981;p99.9p100;1295258.1;;0.025699999;0.025699999
;US-VA;1981;p99.99p100;4178487.8;;0.0082999999;0.0082999999
;US-VA;1981;p90p100;161445.0;;0.31990001;0.31990001
;US-VA;1981;p90p95;118629.1;;0.1175;0.1175
;US-VA;1981;p95p99;158046.8;;0.12530001;0.12530001
;US-VA;1981;p99.5p99.9;364366.31;;0.028899999;0.028899999
;US-VA;1981;p99.9p99.99;973663.19;;0.0174;0.0174
;US-VA;1981;p99p99.5;229502.41;;0.022700001;0.022700001
;US-VA;1981;p95p100;204775.8;;0.20290001;0.20290001
;US-VA;1981;p0p90;38120.0;;0.67989999;0.67989999
;US-VA;1981;p0p99;47027.199;;0.92259997;0.92259997
;US-VA;1981;p99.5p100;551035.69;;0.0546;0.0546
;US-VA;1980;p0p100;387998.31;1.18388410706e+11;1.0;1.0
;US-VA;1980;p99p100;403348.81;;0.078000002;0.078000002
;US-VA;1980;p99.9p100;1265647.9;;0.024499999;0.024499999
;US-VA;1980;p99.99p100;4452296.5;;0.0086000003;0.0086000003
;US-VA;1980;p90p100;159277.59;;0.30790001;0.30790001
;US-VA;1980;p90p95;109038.9;;0.1054;0.1054
;US-VA;1980;p95p99;160888.5;;0.1244;0.1244
;US-VA;1980;p99.5p99.9;382804.31;;0.0296;0.0296
;US-VA;1980;p99.9p99.99;911279.0;;0.015900001;0.015900001
;US-VA;1980;p99p99.5;247086.91;;0.0239;0.0239
;US-VA;1980;p95p100;209470.5;;0.2025;0.2025
;US-VA;1980;p0p90;39792.0;;0.69230002;0.69230002
;US-VA;1980;p0p99;48180.602;;0.92199999;0.92199999
;US-VA;1980;p99.5p100;559571.88;;0.054099999;0.054099999
;US-VA;1979;p0p100;477085.5;1.15178133567e+11;1.0;1.0
;US-VA;1979;p99p100;394913.81;;0.0766;0.0766
;US-VA;1979;p99.9p100;1226325.6;;0.023800001;0.023800001
;US-VA;1979;p99.99p100;4177216.5;;0.0081000002;0.0081000002
;US-VA;1979;p90p100;158825.5;;0.3082;0.3082
;US-VA;1979;p90p95;109491.9;;0.1062;0.1062
;US-VA;1979;p95p99;161324.2;;0.1252;0.1252
;US-VA;1979;p99.5p99.9;377000.41;;0.029300001;0.029300001
;US-VA;1979;p99.9p99.99;897933.13;;0.015699999;0.015699999
;US-VA;1979;p99p99.5;243057.7;;0.023600001;0.023600001
;US-VA;1979;p95p100;208000.2;;0.2018;0.2018
;US-VA;1979;p0p90;39618.602;;0.69190001;0.69190001
;US-VA;1979;p0p99;48065.0;;0.92339998;0.92339998
;US-VA;1979;p99.5p100;547050.38;;0.053100001;0.053100001
;US-VA;1978;p0p100;566231.5;1.10419981286e+11;1.0;1.0
;US-VA;1978;p99p100;362009.0;;0.071099997;0.071099997
;US-VA;1978;p99.9p100;977923.13;;0.019200001;0.019200001
;US-VA;1978;p99.99p100;3086462.0;;0.0060999999;0.0060999999
;US-VA;1978;p90p100;156156.0;;0.3066;0.3066
;US-VA;1978;p90p95;112845.3;;0.1108;0.1108
;US-VA;1978;p95p99;158789.09;;0.1247;0.1247
;US-VA;1978;p99.5p99.9;367986.59;;0.028899999;0.028899999
;US-VA;1978;p99.9p99.99;743562.81;;0.0131;0.0131
;US-VA;1978;p99p99.5;233888.3;;0.023;0.023
;US-VA;1978;p95p100;199214.91;;0.1955;0.1955
;US-VA;1978;p0p90;39249.199;;0.69349998;0.69349998
;US-VA;1978;p0p99;47795.199;;0.9289;0.9289
;US-VA;1978;p99.5p100;490199.69;;0.048099998;0.048099998
;US-VA;1977;p0p100;637899.81;1.04574288624e+11;1.0;1.0
;US-VA;1977;p99p100;357279.09;;0.072099999;0.072099999
;US-VA;1977;p99.9p100;984985.5;;0.0199;0.0199
;US-VA;1977;p99.99p100;3185150.5;;0.0063999998;0.0063999998
;US-VA;1977;p90p100;150904.5;;0.3044;0.3044
;US-VA;1977;p90p95;110056.9;;0.111;0.111
;US-VA;1977;p95p99;150359.59;;0.1213;0.1213
;US-VA;1977;p99.5p99.9;354183.31;;0.0286;0.0286
;US-VA;1977;p99.9p99.99;740280.38;;0.0134;0.0134
;US-VA;1977;p99p99.5;234135.91;;0.023600001;0.023600001
;US-VA;1977;p95p100;191775.0;;0.1934;0.1934
;US-VA;1977;p0p90;38315.0;;0.69559997;0.69559997
;US-VA;1977;p0p99;46464.801;;0.92790002;0.92790002
;US-VA;1977;p99.5p100;480493.69;;0.048500001;0.048500001
;US-VA;1976;p0p100;715735.69;1.00725698354e+11;1.0;1.0
;US-VA;1976;p99p100;352681.81;;0.071900003;0.071900003
;US-VA;1976;p99.9p100;991668.0;;0.020199999;0.020199999
;US-VA;1976;p99.99p100;3085417.5;;0.0063;0.0063
;US-VA;1976;p90p100;151372.3;;0.3087;0.3087
;US-VA;1976;p90p95;109757.0;;0.1119;0.1119
;US-VA;1976;p95p99;153112.2;;0.1249;0.1249
;US-VA;1976;p99.5p99.9;347384.41;;0.0283;0.0283
;US-VA;1976;p99.9p99.99;759105.63;;0.0139;0.0139
;US-VA;1976;p99p99.5;229018.41;;0.023399999;0.023399999
;US-VA;1976;p95p100;193023.0;;0.19679999;0.19679999
;US-VA;1976;p0p90;37664.801;;0.69129997;0.69129997
;US-VA;1976;p0p99;45969.898;;0.92809999;0.92809999
;US-VA;1976;p99.5p100;476324.5;;0.048599999;0.048599999
;US-VA;1975;p0p100;775027.38;95007267404.0;1.0;1.0
;US-VA;1975;p99p100;353167.19;;0.0744;0.0744
;US-VA;1975;p99.9p100;1025826.1;;0.021600001;0.021600001
;US-VA;1975;p99.99p100;3443632.0;;0.0073000002;0.0073000002
;US-VA;1975;p90p100;146740.0;;0.3091;0.3091
;US-VA;1975;p90p95;104939.9;;0.1105;0.1105
;US-VA;1975;p95p99;147442.7;;0.1242;0.1242
;US-VA;1975;p99.5p99.9;336320.69;;0.0283;0.0283
;US-VA;1975;p99.9p99.99;757114.38;;0.0144;0.0144
;US-VA;1975;p99p99.5;232107.3;;0.0244;0.0244
;US-VA;1975;p95p100;188580.59;;0.19859999;0.19859999
;US-VA;1975;p0p90;36438.602;;0.69080001;0.69080001
;US-VA;1975;p0p99;44383.199;;0.92559999;0.92559999
;US-VA;1975;p99.5p100;474124.5;;0.049899999;0.049899999
;US-VA;1974;p0p100;967827.38;97041230305.0;1.0;1.0
;US-VA;1974;p99p100;436603.41;;0.087700002;0.087700002
;US-VA;1974;p99.9p100;1321935.8;;0.0266;0.0266
;US-VA;1974;p99.99p100;4309065.0;;0.0087000001;0.0087000001
;US-VA;1974;p90p100;157449.2;;0.3163;0.3163
;US-VA;1974;p90p95;105011.5;;0.1055;0.1055
;US-VA;1974;p95p99;153286.3;;0.1232;0.1232
;US-VA;1974;p99.5p99.9;427342.59;;0.034299999;0.034299999
;US-VA;1974;p99.9p99.99;991156.13;;0.017899999;0.017899999
;US-VA;1974;p99p99.5;267476.69;;0.026900001;0.026900001
;US-VA;1974;p95p100;209882.0;;0.21080001;0.21080001
;US-VA;1974;p0p90;37807.102;;0.68360001;0.68360001
;US-VA;1974;p0p99;45870.801;;0.91229999;0.91229999
;US-VA;1974;p99.5p100;605941.0;;0.060899999;0.060899999
;US-VA;1973;p0p100;1206891.1;95682865666.0;1.0;1.0
;US-VA;1973;p99p100;381323.69;;0.0757;0.0757
;US-VA;1973;p99.9p100;1050420.0;;0.0209;0.0209
;US-VA;1973;p99.99p100;3063416.5;;0.0060999999;0.0060999999
;US-VA;1973;p90p100;157809.59;;0.3134;0.3134
;US-VA;1973;p90p95;110189.7;;0.1094;0.1094
;US-VA;1973;p95p99;161467.09;;0.1283;0.1283
;US-VA;1973;p99.5p99.9;381561.69;;0.030300001;0.030300001
;US-VA;1973;p99.9p99.99;826336.19;;0.0148;0.0148
;US-VA;1973;p99p99.5;247102.41;;0.024499999;0.024499999
;US-VA;1973;p95p100;205446.41;;0.204;0.204
;US-VA;1973;p0p90;38408.699;;0.68660003;0.68660003
;US-VA;1973;p0p99;47004.602;;0.92430001;0.92430001
;US-VA;1973;p99.5p100;515324.69;;0.051199999;0.051199999
;US-VA;1972;p0p100;1334102.5;91354899193.0;1.0;1.0
;US-VA;1972;p99p100;383489.41;;0.077699997;0.077699997
;US-VA;1972;p99.9p100;1107049.9;;0.022399999;0.022399999
;US-VA;1972;p99.99p100;3336745.3;;0.0068000001;0.0068000001
;US-VA;1972;p90p100;155822.5;;0.3159;0.3159
;US-VA;1972;p90p95;108700.9;;0.1102;0.1102
;US-VA;1972;p95p99;157828.7;;0.12800001;0.12800001
;US-VA;1972;p99.5p99.9;375927.19;;0.0305;0.0305
;US-VA;1972;p99.9p99.99;859094.13;;0.015699999;0.015699999
;US-VA;1972;p99p99.5;244559.0;;0.024800001;0.024800001
;US-VA;1972;p95p100;202965.91;;0.2057;0.2057
;US-VA;1972;p0p90;37495.398;;0.68409997;0.68409997
;US-VA;1972;p0p99;45952.102;;0.92229998;0.92229998
;US-VA;1972;p99.5p100;522419.81;;0.052999999;0.052999999
;US-VA;1971;p0p100;1365364.3;85440360587.0;1.0;1.0
;US-VA;1971;p99p100;360565.09;;0.076099999;0.076099999
;US-VA;1971;p99.9p100;1015479.4;;0.021400001;0.021400001
;US-VA;1971;p99.99p100;3336349.5;;0.0070000002;0.0070000002
;US-VA;1971;p90p100;147274.5;;0.31079999;0.31079999
;US-VA;1971;p90p95;104305.5;;0.11;0.11
;US-VA;1971;p95p99;147732.09;;0.1247;0.1247
;US-VA;1971;p99.5p99.9;354560.5;;0.029899999;0.029899999
;US-VA;1971;p99.9p99.99;757783.31;;0.0144;0.0144
;US-VA;1971;p99p99.5;234056.2;;0.024700001;0.024700001
;US-VA;1971;p95p100;190288.8;;0.2008;0.2008
;US-VA;1971;p0p90;36292.602;;0.68919998;0.68919998
;US-VA;1971;p0p99;44228.699;;0.92390001;0.92390001
;US-VA;1971;p99.5p100;486975.59;;0.051399998;0.051399998
;US-VA;1970;p0p100;1456049.0;81254425311.0;1.0;1.0
;US-VA;1970;p99p100;337520.41;;0.072800003;0.072800003
;US-VA;1970;p99.9p100;914758.81;;0.0197;0.0197
;US-VA;1970;p99.99p100;2935062.5;;0.0063;0.0063
;US-VA;1970;p90p100;142881.41;;0.308;0.308
;US-VA;1970;p90p95;102331.2;;0.1103;0.1103
;US-VA;1970;p95p99;145038.2;;0.1251;0.1251
;US-VA;1970;p99.5p99.9;337665.31;;0.029100001;0.029100001
;US-VA;1970;p99.9p99.99;689961.38;;0.0134;0.0134
;US-VA;1970;p99p99.5;221612.3;;0.0239;0.0239
;US-VA;1970;p95p100;183492.5;;0.1978;0.1978
;US-VA;1970;p0p90;35660.699;;0.69190001;0.69190001
;US-VA;1970;p0p99;43445.199;;0.92720002;0.92720002
;US-VA;1970;p99.5p100;453313.0;;0.048900001;0.048900001
;US-VA;1969;p0p100;1647354.3;80460684941.0;1.0;1.0
;US-VA;1969;p99p100;368998.59;;0.078599997;0.078599997
;US-VA;1969;p99.9p100;1154466.0;;0.024599999;0.024599999
;US-VA;1969;p99.99p100;4415087.5;;0.0093999999;0.0093999999
;US-VA;1969;p90p100;142289.8;;0.303;0.303
;US-VA;1969;p90p95;97559.102;;0.1039;0.1039
;US-VA;1969;p95p99;141630.8;;0.1207;0.1207
;US-VA;1969;p99.5p99.9;346102.09;;0.0295;0.0295
;US-VA;1969;p99.9p99.99;793213.13;;0.0152;0.0152
;US-VA;1969;p99p99.5;230201.2;;0.024499999;0.024499999
;US-VA;1969;p95p100;187050.59;;0.1992;0.1992
;US-VA;1969;p0p90;36354.801;;0.69679999;0.69679999
;US-VA;1969;p0p99;43700.301;;0.92140001;0.92140001
;US-VA;1969;p99.5p100;507928.91;;0.054099999;0.054099999
;US-VA;1968;p0p100;1788893.8;76995227912.0;1.0;1.0
;US-VA;1968;p99p100;391301.5;;0.0854;0.0854
;US-VA;1968;p99.9p100;1202502.0;;0.0262;0.0262
;US-VA;1968;p99.99p100;4433150.5;;0.0097000003;0.0097000003
;US-VA;1968;p90p100;143200.8;;0.31240001;0.31240001
;US-VA;1968;p90p95;95183.398;;0.1038;0.1038
;US-VA;1968;p95p99;141112.2;;0.1231;0.1231
;US-VA;1968;p99.5p99.9;377915.5;;0.033;0.033
;US-VA;1968;p99.9p99.99;844910.38;;0.0166;0.0166
;US-VA;1968;p99p99.5;239792.2;;0.0262;0.0262
;US-VA;1968;p95p100;191172.3;;0.2085;0.2085
;US-VA;1968;p0p90;35029.699;;0.68769997;0.68769997
;US-VA;1968;p0p99;42355.301;;0.91460001;0.91460001
;US-VA;1968;p99.5p100;542689.81;;0.0592;0.0592
;US-VA;1967;p0p100;1857975.9;72177309765.0;1.0;1.0
;US-VA;1967;p99p100;369085.81;;0.084100001;0.084100001
;US-VA;1967;p99.9p100;1228153.5;;0.028000001;0.028000001
;US-VA;1967;p99.99p100;5405467.0;;0.0123;0.0123
;US-VA;1967;p90p100;136977.3;;0.3123;0.3123
;US-VA;1967;p90p95;91948.602;;0.1048;0.1048
;US-VA;1967;p95p99;135404.3;;0.1235;0.1235
;US-VA;1967;p99.5p99.9;349360.91;;0.0319;0.0319
;US-VA;1967;p99.9p99.99;763484.5;;0.015699999;0.015699999
;US-VA;1967;p99p99.5;213052.41;;0.0243;0.0243
;US-VA;1967;p95p100;182081.8;;0.2076;0.2076
;US-VA;1967;p0p90;33507.898;;0.68760002;0.68760002
;US-VA;1967;p0p99;40576.0;;0.91589999;0.91589999
;US-VA;1967;p99.5p100;525126.63;;0.059900001;0.059900001
;US-VA;1966;p0p100;1871308.5;66963951701.0;1.0;1.0
;US-VA;1966;p99p100;350939.41;;0.084399998;0.084399998
;US-VA;1966;p99.9p100;1181127.3;;0.0284;0.0284
;US-VA;1966;p99.99p100;5145191.0;;0.0124;0.0124
;US-VA;1966;p90p100;131384.59;;0.3161;0.3161
;US-VA;1966;p90p95;89319.102;;0.1074;0.1074
;US-VA;1966;p95p99;129389.2;;0.1245;0.1245
;US-VA;1966;p99.5p99.9;331421.41;;0.0319;0.0319
;US-VA;1966;p99.9p99.99;740340.31;;0.016000001;0.016000001
;US-VA;1966;p99p99.5;200585.09;;0.0241;0.0241
;US-VA;1966;p95p100;173665.2;;0.2089;0.2089
;US-VA;1966;p0p90;31576.9;;0.68360001;0.68360001
;US-VA;1966;p0p99;38445.301;;0.9156;0.9156
;US-VA;1966;p99.5p100;501334.31;;0.0603;0.0603
;US-VA;1965;p0p100;1925507.1;63709616989.0;1.0;1.0
;US-VA;1965;p99p100;355256.0;;0.087899998;0.087899998
;US-VA;1965;p99.9p100;1131994.6;;0.028000001;0.028000001
;US-VA;1965;p99.99p100;4791017.0;;0.0118;0.0118
;US-VA;1965;p90p100;129015.9;;0.31909999;0.31909999
;US-VA;1965;p90p95;85719.398;;0.106;0.106
;US-VA;1965;p95p99;126549.7;;0.1252;0.1252
;US-VA;1965;p99.5p99.9;345000.09;;0.0341;0.0341
;US-VA;1965;p99.9p99.99;725661.69;;0.0162;0.0162
;US-VA;1965;p99p99.5;208020.5;;0.025699999;0.025699999
;US-VA;1965;p95p100;172304.5;;0.2131;0.2131
;US-VA;1965;p0p90;30589.6;;0.68089998;0.68089998
;US-VA;1965;p0p99;37250.801;;0.91210002;0.91210002
;US-VA;1965;p99.5p100;502484.59;;0.062100001;0.062100001
;US-VA;1964;p0p100;1918082.4;60066519322.0;1.0;1.0
;US-VA;1964;p99p100;330465.5;;0.084700003;0.084700003
;US-VA;1964;p99.9p100;1012237.9;;0.026000001;0.026000001
;US-VA;1964;p99.99p100;3600934.5;;0.0092000002;0.0092000002
;US-VA;1964;p90p100;121930.4;;0.31259999;0.31259999
;US-VA;1964;p90p95;81678.0;;0.1047;0.1047
;US-VA;1964;p95p99;120146.5;;0.1232;0.1232
;US-VA;1964;p99.5p99.9;316490.0;;0.032499999;0.032499999
;US-VA;1964;p99.9p99.99;724449.88;;0.0167;0.0167
;US-VA;1964;p99p99.5;205103.8;;0.0263;0.0263
;US-VA;1964;p95p100;162154.41;;0.2079;0.2079
;US-VA;1964;p0p90;29792.4;;0.68739998;0.68739998
;US-VA;1964;p0p99;36062.5;;0.91530001;0.91530001
;US-VA;1964;p99.5p100;455665.19;;0.058400001;0.058400001
;US-VA;1963;p0p100;1834770.3;54632371471.0;1.0;1.0
;US-VA;1963;p99p100;304394.59;;0.083700001;0.083700001
;US-VA;1963;p99.9p100;1001021.3;;0.0275;0.0275
;US-VA;1963;p99.99p100;4048443.8;;0.0111;0.0111
;US-VA;1963;p90p100;113164.4;;0.31130001;0.31130001
;US-VA;1963;p90p95;76651.703;;0.1054;0.1054
;US-VA;1963;p95p99;110998.2;;0.1221;0.1221
;US-VA;1963;p99.5p99.9;286403.0;;0.031500001;0.031500001
;US-VA;1963;p99.9p99.99;661793.38;;0.0164;0.0164
;US-VA;1963;p99p99.5;179570.8;;0.024700001;0.024700001
;US-VA;1963;p95p100;149677.5;;0.2059;0.2059
;US-VA;1963;p0p90;27821.301;;0.68870002;0.68870002
;US-VA;1963;p0p99;33648.102;;0.9163;0.9163
;US-VA;1963;p99.5p100;429218.19;;0.059;0.059
;US-VA;1962;p0p100;1802757.9;50994823623.0;1.0;1.0
;US-VA;1962;p99p100;282143.5;;0.081100002;0.081100002
;US-VA;1962;p99.9p100;849399.5;;0.0244;0.0244
;US-VA;1962;p99.99p100;2903497.8;;0.0082999999;0.0082999999
;US-VA;1962;p90p100;106912.8;;0.3073;0.3073
;US-VA;1962;p90p95;73436.398;;0.1055;0.1055
;US-VA;1962;p95p99;104951.0;;0.1207;0.1207
;US-VA;1962;p99.5p99.9;276412.0;;0.031800002;0.031800002
;US-VA;1962;p99.9p99.99;621632.13;;0.016100001;0.016100001
;US-VA;1962;p99p99.5;173106.0;;0.024900001;0.024900001
;US-VA;1962;p95p100;140389.7;;0.2017;0.2017
;US-VA;1962;p0p90;26780.699;;0.69270003;0.69270003
;US-VA;1962;p0p99;32295.0;;0.91890001;0.91890001
;US-VA;1962;p99.5p100;391176.91;;0.056200001;0.056200001
;US-VA;1961;p0p100;1794359.8;48476606020.0;1.0;1.0
;US-VA;1961;p99p100;279681.0;;0.082400002;0.082400002
;US-VA;1961;p99.9p100;862137.13;;0.0254;0.0254
;US-VA;1961;p99.99p100;2846289.0;;0.0083999997;0.0083999997
;US-VA;1961;p90p100;105066.9;;0.30950001;0.30950001
;US-VA;1961;p90p95;71397.203;;0.1052;0.1052
;US-VA;1961;p95p99;103507.6;;0.122;0.122
;US-VA;1961;p99.5p99.9;273994.5;;0.032299999;0.032299999
;US-VA;1961;p99.9p99.99;641977.5;;0.017000001;0.017000001
;US-VA;1961;p99p99.5;167673.5;;0.024700001;0.024700001
;US-VA;1961;p95p100;138738.59;;0.2043;0.2043
;US-VA;1961;p0p90;26044.301;;0.69050002;0.69050002
;US-VA;1961;p0p99;31464.6;;0.91759998;0.91759998
;US-VA;1961;p99.5p100;391691.69;;0.057700001;0.057700001
;US-VA;1960;p0p100;1765543.8;45489253109.0;1.0;1.0
;US-VA;1960;p99p100;266995.91;;0.081600003;0.081600003
;US-VA;1960;p99.9p100;796411.13;;0.0243;0.0243
;US-VA;1960;p99.99p100;2550864.5;;0.0077999998;0.0077999998
;US-VA;1960;p90p100;100972.0;;0.30849999;0.30849999
;US-VA;1960;p90p95;68795.102;;0.1051;0.1051
;US-VA;1960;p95p99;99689.0;;0.1218;0.1218
;US-VA;1960;p99.5p99.9;262754.41;;0.032099999;0.032099999
;US-VA;1960;p99.9p99.99;602305.19;;0.0166;0.0166
;US-VA;1960;p99p99.5;164291.5;;0.0251;0.0251
;US-VA;1960;p95p100;133148.5;;0.2034;0.2034
;US-VA;1960;p0p90;25153.1;;0.69160002;0.69160002
;US-VA;1960;p0p99;30368.5;;0.91839999;0.91839999
;US-VA;1960;p99.5p100;369696.41;;0.056499999;0.056499999
;US-VA;1959;p0p100;1837933.9;45309500668.0;1.0;1.0
;US-VA;1959;p99p100;263658.81;;0.0801;0.0801
;US-VA;1959;p99.9p100;809939.13;;0.024599999;0.024599999
;US-VA;1959;p99.99p100;2551123.3;;0.0077;0.0077
;US-VA;1959;p90p100;98280.797;;0.29840001;0.29840001
;US-VA;1959;p90p95;67287.5;;0.1022;0.1022
;US-VA;1959;p95p99;95684.203;;0.1162;0.1162
;US-VA;1959;p99.5p99.9;259377.0;;0.031500001;0.031500001
;US-VA;1959;p99.9p99.99;616762.38;;0.016899999;0.016899999
;US-VA;1959;p99p99.5;157801.0;;0.024;0.024
;US-VA;1959;p95p100;129275.8;;0.1963;0.1963
;US-VA;1959;p0p90;25674.4;;0.70160002;0.70160002
;US-VA;1959;p0p99;30604.801;;0.9199;0.9199
;US-VA;1959;p99.5p100;369521.81;;0.0561;0.0561
;US-VA;1958;p0p100;1752609.8;42140861069.0;1.0;1.0
;US-VA;1958;p99p100;242961.91;;0.078400001;0.078400001
;US-VA;1958;p99.9p100;772409.88;;0.024900001;0.024900001
;US-VA;1958;p99.99p100;2576417.8;;0.0082999999;0.0082999999
;US-VA;1958;p90p100;92743.297;;0.2994;0.2994
;US-VA;1958;p90p95;63604.398;;0.1027;0.1027
;US-VA;1958;p95p99;91615.102;;0.1183;0.1183
;US-VA;1958;p99.5p99.9;230162.59;;0.0297;0.0297
;US-VA;1958;p99.9p99.99;572000.69;;0.0166;0.0166
;US-VA;1958;p99p99.5;147395.0;;0.023800001;0.023800001
;US-VA;1958;p95p100;121883.6;;0.19670001;0.19670001
;US-VA;1958;p0p90;24112.5;;0.70060003;0.70060003
;US-VA;1958;p0p99;28834.9;;0.92159998;0.92159998
;US-VA;1958;p99.5p100;338527.91;;0.0546;0.0546
;US-VA;1957;p0p100;1880608.3;42363005386.0;1.0;1.0
;US-VA;1957;p99p100;249035.5;;0.079099998;0.079099998
;US-VA;1957;p99.9p100;785827.19;;0.024900001;0.024900001
;US-VA;1957;p99.99p100;2655003.0;;0.0083999997;0.0083999997
;US-VA;1957;p90p100;91305.398;;0.2899;0.2899
;US-VA;1957;p90p95;61826.801;;0.098099999;0.098099999
;US-VA;1957;p95p99;88723.703;;0.1127;0.1127
;US-VA;1957;p99.5p99.9;238940.5;;0.030300001;0.030300001
;US-VA;1957;p99.9p99.99;578063.38;;0.0165;0.0165
;US-VA;1957;p99p99.5;149801.59;;0.023800001;0.023800001
;US-VA;1957;p95p100;120784.9;;0.1917;0.1917
;US-VA;1957;p0p90;24850.6;;0.7101;0.7101
;US-VA;1957;p0p99;29299.0;;0.92089999;0.92089999
;US-VA;1957;p99.5p100;348268.19;;0.055300001;0.055300001
;US-VA;1956;p0p100;2030276.1;42091533507.0;1.0;1.0
;US-VA;1956;p99p100;275356.5;;0.086900003;0.086900003
;US-VA;1956;p99.9p100;889080.0;;0.028000001;0.028000001
;US-VA;1956;p99.99p100;3138029.5;;0.0098999999;0.0098999999
;US-VA;1956;p90p100;94228.602;;0.29719999;0.29719999
;US-VA;1956;p90p95;61893.5;;0.097599998;0.097599998
;US-VA;1956;p95p99;89609.898;;0.1131;0.1131
;US-VA;1956;p99.5p99.9;267869.0;;0.033799998;0.033799998
;US-VA;1956;p99.9p99.99;639002.63;;0.018100001;0.018100001
;US-VA;1956;p99p99.5;158609.3;;0.025;0.025
;US-VA;1956;p95p100;126759.6;;0.1999;0.1999
;US-VA;1956;p0p90;24745.801;;0.70249999;0.70249999
;US-VA;1956;p0p99;29242.6;;0.9131;0.9131
;US-VA;1956;p99.5p100;392102.59;;0.061799999;0.061799999
;US-VA;1955;p0p100;2018315.9;40098739652.0;1.0;1.0
;US-VA;1955;p99p100;259223.91;;0.084700003;0.084700003
;US-VA;1955;p99.9p100;859086.0;;0.028100001;0.028100001
;US-VA;1955;p99.99p100;3103070.8;;0.0101;0.0101
;US-VA;1955;p90p100;91733.297;;0.29980001;0.29980001
;US-VA;1955;p90p95;62162.199;;0.1016;0.1016
;US-VA;1955;p95p99;87482.0;;0.1144;0.1144
;US-VA;1955;p99.5p99.9;245090.59;;0.032000002;0.032000002
;US-VA;1955;p99.9p99.99;609746.19;;0.017899999;0.017899999
;US-VA;1955;p99p99.5;150558.3;;0.024599999;0.024599999
;US-VA;1955;p95p100;121812.2;;0.1991;0.1991
;US-VA;1955;p0p90;23772.199;;0.69929999;0.69929999
;US-VA;1955;p0p99;28285.199;;0.91530001;0.91530001
;US-VA;1955;p99.5p100;367889.69;;0.0601;0.0601
;US-VA;1954;p0p100;1928648.1;38105020770.0;1.0;1.0
;US-VA;1954;p99p100;248022.59;;0.084200002;0.084200002
;US-VA;1954;p99.9p100;758574.88;;0.025800001;0.025800001
;US-VA;1954;p99.99p100;2619092.5;;0.0088999998;0.0088999998
;US-VA;1954;p90p100;86356.0;;0.29319999;0.29319999
;US-VA;1954;p90p95;57622.898;;0.097800002;0.097800002
;US-VA;1954;p95p99;82512.398;;0.1121;0.1121
;US-VA;1954;p99.5p99.9;246139.59;;0.033399999;0.033399999
;US-VA;1954;p99.9p99.99;551847.13;;0.016899999;0.016899999
;US-VA;1954;p99p99.5;147419.41;;0.025;0.025
;US-VA;1954;p95p100;115579.1;;0.1962;0.1962
;US-VA;1954;p0p90;23102.9;;0.70590001;0.70590001
;US-VA;1954;p0p99;27246.699;;0.91579998;0.91579998
;US-VA;1954;p99.5p100;348626.19;;0.0592;0.0592
;US-VA;1953;p0p100;1950354.6;37653207160.0;1.0;1.0
;US-VA;1953;p99p100;223931.5;;0.075900003;0.075900003
;US-VA;1953;p99.9p100;691059.13;;0.023399999;0.023399999
;US-VA;1953;p99.99p100;2321560.5;;0.0078999996;0.0078999996
;US-VA;1953;p90p100;83174.297;;0.28200001;0.28200001
;US-VA;1953;p90p95;58050.801;;0.098399997;0.098399997
;US-VA;1953;p95p99;80183.703;;0.1088;0.1088
;US-VA;1953;p99.5p99.9;218214.91;;0.0296;0.0296
;US-VA;1953;p99.9p99.99;509537.41;;0.0156;0.0156
;US-VA;1953;p99p99.5;135080.3;;0.0229;0.0229
;US-VA;1953;p95p100;108875.3;;0.1846;0.1846
;US-VA;1953;p0p90;23490.9;;0.71689999;0.71689999
;US-VA;1953;p0p99;27526.699;;0.92409998;0.92409998
;US-VA;1953;p99.5p100;312799.41;;0.052999999;0.052999999
;US-VA;1952;p0p100;1969259.3;36991151592.0;1.0;1.0
;US-VA;1952;p99p100;243994.8;;0.0832;0.0832
;US-VA;1952;p99.9p100;755619.5;;0.025800001;0.025800001
;US-VA;1952;p99.99p100;2451981.8;;0.0083999997;0.0083999997
;US-VA;1952;p90p100;88301.398;;0.301;0.301
;US-VA;1952;p90p95;66089.5;;0.1127;0.1127
;US-VA;1952;p95p99;79092.602;;0.1079;0.1079
;US-VA;1952;p99.5p99.9;242509.3;;0.033100002;0.033100002
;US-VA;1952;p99.9p99.99;566980.38;;0.0174;0.0174
;US-VA;1952;p99p99.5;142891.2;;0.0244;0.0244
;US-VA;1952;p95p100;112006.2;;0.1909;0.1909
;US-VA;1952;p0p90;22693.301;;0.69630003;0.69630003
;US-VA;1952;p0p99;27163.801;;0.91680002;0.91680002
;US-VA;1952;p99.5p100;345116.41;;0.058800001;0.058800001
;US-VA;1951;p0p100;1854527.4;32927417635.0;1.0;1.0
;US-VA;1951;p99p100;281462.09;;0.1064;0.1064
;US-VA;1951;p99.9p100;946504.88;;0.035799999;0.035799999
;US-VA;1951;p99.99p100;2784897.3;;0.0105;0.0105
;US-VA;1951;p90p100;84022.102;;0.31760001;0.31760001
;US-VA;1951;p90p95;51663.699;;0.097599998;0.097599998
;US-VA;1951;p95p99;74233.0;;0.1122;0.1122
;US-VA;1951;p99.5p99.9;272952.41;;0.041299999;0.041299999
;US-VA;1951;p99.9p99.99;740409.5;;0.0252;0.0252
;US-VA;1951;p99p99.5;154719.59;;0.029200001;0.029200001
;US-VA;1951;p95p100;115858.1;;0.219;0.219
;US-VA;1951;p0p99;18274.4;;0.6839;0.6839
;US-VA;1951;p99.5p100;407888.5;;0.077100001;0.077100001
;US-VA;1950;p0p100;2105867.3;31691908055.0;1.0;1.0
;US-VA;1950;p99p100;261630.7;;0.1014;0.1014
;US-VA;1950;p99.9p100;882605.81;;0.034200002;0.034200002
;US-VA;1950;p99.99p100;2565827.5;;0.0098999999;0.0098999999
;US-VA;1950;p90p100;79837.797;;0.30950001;0.30950001
;US-VA;1950;p90p95;49950.199;;0.096799999;0.096799999
;US-VA;1950;p95p99;71644.203;;0.1111;0.1111
;US-VA;1950;p99.5p99.9;252953.7;;0.0392;0.0392
;US-VA;1950;p99.9p99.99;690868.63;;0.0241;0.0241
;US-VA;1950;p99p99.5;144404.91;;0.028000001;0.028000001
;US-VA;1950;p95p100;109583.1;;0.2124;0.2124
;US-VA;1950;p0p90;19804.301;;0.69090003;0.69090003
;US-VA;1950;p0p99;23417.199;;0.89859998;0.89859998
;US-VA;1950;p99.5p100;378873.91;;0.073399998;0.073399998
;US-VA;1949;p0p100;1958672.4;28238275648.0;1.0;1.0
;US-VA;1949;p99p100;224024.41;;0.095200002;0.095200002
;US-VA;1949;p99.9p100;700070.81;;0.0297;0.0297
;US-VA;1949;p99.99p100;2233935.8;;0.0094999997;0.0094999997
;US-VA;1949;p90p100;71793.398;;0.30509999;0.30509999
;US-VA;1949;p90p95;43517.398;;0.092500001;0.092500001
;US-VA;1949;p95p99;69104.898;;0.1175;0.1175
;US-VA;1949;p99.5p99.9;224280.7;;0.0381;0.0381
;US-VA;1949;p99.9p99.99;529643.38;;0.020300001;0.020300001
;US-VA;1949;p99p99.5;128608.8;;0.0273;0.0273
;US-VA;1949;p95p100;100035.1;;0.21250001;0.21250001
;US-VA;1949;p0p90;18168.9;;0.69489998;0.69489998
;US-VA;1949;p0p99;21507.199;;0.9048;0.9048
;US-VA;1949;p99.5p100;319438.81;;0.067900002;0.067900002
;US-VA;1948;p0p100;1936865.1;27897325174.0;1.0;1.0
;US-VA;1948;p99p100;233618.3;;0.098499998;0.098499998
;US-VA;1948;p99.9p100;763467.13;;0.032200001;0.032200001
;US-VA;1948;p99.99p100;2451483.5;;0.0103;0.0103
;US-VA;1948;p90p100;72263.797;;0.30450001;0.30450001
;US-VA;1948;p90p95;43678.898;;0.092;0.092
;US-VA;1948;p95p99;67644.398;;0.114;0.114
;US-VA;1948;p99.5p99.9;233892.7;;0.0394;0.0394
;US-VA;1948;p99.9p99.99;575910.13;;0.0218;0.0218
;US-VA;1948;p99p99.5;127429.4;;0.026900001;0.026900001
;US-VA;1948;p95p100;100823.3;;0.2124;0.2124
;US-VA;1948;p0p90;18336.6;;0.69550002;0.69550002
;US-VA;1948;p0p99;21608.699;;0.90149999;0.90149999
;US-VA;1948;p99.5p100;339807.19;;0.071599998;0.071599998
;US-VA;1947;p0p100;2129514.0;25868243884.0;1.0;1.0
;US-VA;1947;p99p100;224934.8;;0.1001;0.1001
;US-VA;1947;p99.9p100;753171.19;;0.033500001;0.033500001
;US-VA;1947;p99.99p100;2362285.5;;0.0105;0.0105
;US-VA;1947;p90p100;70949.703;;0.3159;0.3159
;US-VA;1947;p90p95;36415.602;;0.081100002;0.081100002
;US-VA;1947;p95p99;75644.102;;0.1347;0.1347
;US-VA;1947;p99.5p99.9;218653.5;;0.038899999;0.038899999
;US-VA;1947;p99.9p99.99;574405.31;;0.023;0.023
;US-VA;1947;p99p99.5;124314.7;;0.0277;0.0277
;US-VA;1947;p95p100;105481.0;;0.2348;0.2348
;US-VA;1947;p0p90;17072.9;;0.68409997;0.68409997
;US-VA;1947;p0p99;20416.301;;0.89990002;0.89990002
;US-VA;1947;p99.5p100;325557.41;;0.072499998;0.072499998
;US-VA;1946;p0p100;3174964.8;28826366593.0;1.0;1.0
;US-VA;1946;p99p100;255342.09;;0.099699996;0.099699996
;US-VA;1946;p99.9p100;835768.0;;0.032600001;0.032600001
;US-VA;1946;p99.99p100;2938560.0;;0.0115;0.0115
;US-VA;1946;p90p100;73009.297;;0.28510001;0.28510001
;US-VA;1946;p90p95;41089.699;;0.080200002;0.080200002
;US-VA;1946;p95p99;67328.703;;0.1052;0.1052
;US-VA;1946;p99.5p99.9;253380.41;;0.0396;0.0396
;US-VA;1946;p99.9p99.99;602115.0;;0.021199999;0.021199999
;US-VA;1946;p99p99.5;140826.7;;0.0275;0.0275
;US-VA;1946;p95p100;104929.4;;0.2049;0.2049
;US-VA;1946;p0p90;20339.9;;0.71490002;0.71490002
;US-VA;1946;p0p99;23286.4;;0.90030003;0.90030003
;US-VA;1946;p99.5p100;369857.81;;0.0722;0.0722
;US-VA;1945;p0p100;4083836.0;31032654470.0;1.0;1.0
;US-VA;1945;p99p100;241178.2;;0.086300001;0.086300001
;US-VA;1945;p99.9p100;780052.0;;0.027899999;0.027899999
;US-VA;1945;p99.99p100;2445702.8;;0.0087000001;0.0087000001
;US-VA;1945;p90p100;71119.203;;0.25440001;0.25440001
;US-VA;1945;p90p95;42531.602;;0.076099999;0.076099999
;US-VA;1945;p95p99;64351.102;;0.092100002;0.092100002
;US-VA;1945;p99.5p99.9;241703.7;;0.034600001;0.034600001
;US-VA;1945;p99.9p99.99;594395.88;;0.019099999;0.019099999
;US-VA;1945;p99p99.5;132979.8;;0.023800001;0.023800001
;US-VA;1945;p95p100;99708.898;;0.17829999;0.17829999
;US-VA;1945;p0p90;23165.699;;0.7457;0.7457
;US-VA;1945;p0p99;25807.301;;0.91369998;0.91369998
;US-VA;1945;p99.5p100;349367.19;;0.0625;0.0625
;US-VA;1944;p0p100;4329104.0;30979167099.0;1.0;1.0
;US-VA;1944;p99p100;224917.41;;0.079400003;0.079400003
;US-VA;1944;p99.9p100;746816.81;;0.0264;0.0264
;US-VA;1944;p99.99p100;2486041.8;;0.0088;0.0088
;US-VA;1944;p90p100;67215.0;;0.23720001;0.23720001
;US-VA;1944;p90p95;41222.0;;0.072700001;0.072700001
;US-VA;1944;p95p99;60666.5;;0.085600004;0.085600004
;US-VA;1944;p99.5p99.9;221326.0;;0.031199999;0.031199999
;US-VA;1944;p99.9p99.99;553302.81;;0.0176;0.0176
;US-VA;1944;p99p99.5;123461.5;;0.0218;0.0218
;US-VA;1944;p95p100;93430.398;;0.1649;0.1649
;US-VA;1944;p0p90;23998.0;;0.7622;0.7622
;US-VA;1944;p0p99;26349.5;;0.9206;0.9206
;US-VA;1944;p99.5p100;326419.69;;0.057599999;0.057599999
;US-VA;1943;p0p100;4491378.0;30550885416.0;1.0;1.0
;US-VA;1943;p99p100;256294.3;;0.0902;0.0902
;US-VA;1943;p99.9p100;894835.13;;0.031500001;0.031500001
;US-VA;1943;p99.99p100;2948641.5;;0.0104;0.0104
;US-VA;1943;p90p100;75678.703;;0.2665;0.2665
;US-VA;1943;p90p95;46349.5;;0.081600003;0.081600003
;US-VA;1943;p95p99;67148.398;;0.094599999;0.094599999
;US-VA;1943;p99.5p99.9;250096.41;;0.0352;0.0352
;US-VA;1943;p99.9p99.99;661974.63;;0.021;0.021
;US-VA;1943;p99p99.5;133547.41;;0.023499999;0.023499999
;US-VA;1943;p95p100;104992.2;;0.1848;0.1848
;US-VA;1943;p0p90;23155.1;;0.73369998;0.73369998
;US-VA;1943;p0p99;26099.9;;0.90979999;0.90979999
;US-VA;1943;p99.5p100;379037.41;;0.066699997;0.066699997
;US-VA;1942;p0p100;4775244.0;28306888680.0;1.0;1.0
;US-VA;1942;p99p100;238913.5;;0.089100003;0.089100003
;US-VA;1942;p99.9p100;849109.31;;0.0317;0.0317
;US-VA;1942;p99.99p100;2999249.0;;0.0112;0.0112
;US-VA;1942;p90p100;70137.0;;0.2617;0.2617
;US-VA;1942;p90p95;42695.199;;0.079700001;0.079700001
;US-VA;1942;p95p99;62214.102;;0.092900001;0.092900001
;US-VA;1942;p99.5p99.9;230976.59;;0.034499999;0.034499999
;US-VA;1942;p99.9p99.99;610539.81;;0.020500001;0.020500001
;US-VA;1942;p99p99.5;123213.4;;0.023;0.023
;US-VA;1942;p95p100;97575.5;;0.182;0.182
;US-VA;1942;p0p90;21986.4;;0.73830003;0.73830003
;US-VA;1942;p0p99;24657.9;;0.9109;0.9109
;US-VA;1942;p99.5p100;354601.59;;0.066200003;0.066200003
;US-VA;1941;p0p100;4180553.5;19927444149.0;1.0;1.0
;US-VA;1941;p99p100;246026.91;;0.1284;0.1284
;US-VA;1941;p99.9p100;916068.69;;0.047800001;0.047800001
;US-VA;1941;p99.99p100;3683481.8;;0.019200001;0.019200001
;US-VA;1941;p90p100;69369.297;;0.36199999;0.36199999
;US-VA;1941;p90p95;41553.898;;0.1084;0.1084
;US-VA;1941;p95p99;60020.699;;0.12530001;0.12530001
;US-VA;1941;p99.5p99.9;230913.09;;0.0482;0.0482
;US-VA;1941;p99.9p99.99;609602.38;;0.0286;0.0286
;US-VA;1941;p99p99.5;124124.7;;0.032400001;0.032400001
;US-VA;1941;p95p100;97246.398;;0.2538;0.2538
;US-VA;1941;p0p90;13579.1;;0.63779998;0.63779998
;US-VA;1941;p0p99;16869.4;;0.87159997;0.87159997
;US-VA;1941;p99.5p100;367913.69;;0.096000001;0.096000001
;US-VA;1940;p0p100;3540270.3;15087216111.0;1.0;1.0
;US-VA;1940;p99p100;217988.0;;0.1481;0.1481
;US-VA;1940;p99.9p100;835116.69;;0.056699999;0.056699999
;US-VA;1940;p99.99p100;3653058.5;;0.024800001;0.024800001
;US-VA;1940;p90p100;64308.199;;0.43689999;0.43689999
;US-VA;1940;p90p95;38001.0;;0.12909999;0.12909999
;US-VA;1940;p95p99;58718.5;;0.1596;0.1596
;US-VA;1940;p99.5p99.9;199081.59;;0.054099999;0.054099999
;US-VA;1940;p99.9p99.99;523449.09;;0.032000002;0.032000002
;US-VA;1940;p99p99.5;109770.2;;0.037300002;0.037300002
;US-VA;1940;p95p100;90607.5;;0.30779999;0.30779999
;US-VA;1940;p0p90;9208.2002;;0.56309998;0.56309998
;US-VA;1940;p0p99;12664.5;;0.85189998;0.85189998
;US-VA;1940;p99.5p100;326204.59;;0.1108;0.1108
;US-VA;1939;p0p100;3277526.0;13457037256.0;1.0;1.0
;US-VA;1939;p99p100;193806.2;;0.145;0.145
;US-VA;1939;p99.9p100;703381.88;;0.0526;0.0526
;US-VA;1939;p99.99p100;2742381.5;;0.020500001;0.020500001
;US-VA;1939;p90p100;54434.602;;0.40720001;0.40720001
;US-VA;1939;p90p95;26339.0;;0.098499998;0.098499998
;US-VA;1939;p95p99;53977.602;;0.16150001;0.16150001
;US-VA;1939;p99.5p99.9;180897.3;;0.054099999;0.054099999
;US-VA;1939;p99.9p99.99;477158.5;;0.032099999;0.032099999
;US-VA;1939;p99p99.5;102199.6;;0.038199998;0.038199998
;US-VA;1939;p95p100;81973.898;;0.3066;0.3066
;US-VA;1939;p0p90;8836.5;;0.59500003;0.59500003
;US-VA;1939;p0p99;11544.6;;0.85500002;0.85500002
;US-VA;1939;p99.5p100;285380.19;;0.1067;0.1067
;US-VA;1938;p0p100;2889640.0;12007036425.0;1.0;1.0
;US-VA;1938;p99p100;171237.7;;0.14120001;0.14120001
;US-VA;1938;p99.9p100;607454.88;;0.050099999;0.050099999
;US-VA;1938;p99.99p100;2209133.3;;0.018200001;0.018200001
;US-VA;1938;p90p100;48828.102;;0.40259999;0.40259999
;US-VA;1938;p90p95;23796.801;;0.098099999;0.098099999
;US-VA;1938;p95p99;48094.102;;0.1586;0.1586
;US-VA;1938;p99.5p99.9;161222.91;;0.053199999;0.053199999
;US-VA;1938;p99.9p99.99;429295.59;;0.0319;0.0319
;US-VA;1938;p99p99.5;91854.0;;0.037900001;0.037900001
;US-VA;1938;p95p100;72757.203;;0.30000001;0.30000001
;US-VA;1938;p0p90;8114.0;;0.60210001;0.60210001
;US-VA;1938;p0p99;10520.4;;0.85879999;0.85879999
;US-VA;1938;p99.5p100;250540.7;;0.1033;0.1033
;US-VA;1937;p0p100;2947117.5;12509074819.0;1.0;1.0
;US-VA;1937;p99p100;190900.91;;0.1487;0.1487
;US-VA;1937;p99.9p100;734312.31;;0.0572;0.0572
;US-VA;1937;p99.99p100;2739583.5;;0.021299999;0.021299999
;US-VA;1937;p90p100;50338.301;;0.39199999;0.39199999
;US-VA;1937;p90p95;22730.199;;0.088500001;0.088500001
;US-VA;1937;p95p99;48470.398;;0.15099999;0.15099999
;US-VA;1937;p99.5p99.9;176421.5;;0.055;0.055
;US-VA;1937;p99.9p99.99;511473.09;;0.035799999;0.035799999
;US-VA;1937;p99p99.5;93802.5;;0.036499999;0.036499999
;US-VA;1937;p95p100;76950.398;;0.29960001;0.29960001
;US-VA;1937;p0p90;8731.0;;0.61189997;0.61189997
;US-VA;1937;p0p99;11043.7;;0.8513;0.8513
;US-VA;1937;p99.5p100;287999.91;;0.1121;0.1121
;US-VA;1936;p0p100;3013178.0;11740912339.0;1.0;1.0
;US-VA;1936;p99p100;198741.2;;0.16249999;0.16249999
;US-VA;1936;p99.9p100;783803.31;;0.064099997;0.064099997
;US-VA;1936;p99.99p100;2839649.0;;0.0232;0.0232
;US-VA;1936;p90p100;50256.801;;0.4109;0.4109
;US-VA;1936;p90p95;22920.1;;0.093699999;0.093699999
;US-VA;1936;p95p99;46177.199;;0.15099999;0.15099999
;US-VA;1936;p99.5p99.9;182010.59;;0.059500001;0.059500001
;US-VA;1936;p99.9p99.99;555358.69;;0.040899999;0.040899999
;US-VA;1936;p99p99.5;95114.703;;0.038899999;0.038899999
;US-VA;1936;p95p100;76698.102;;0.3136;0.3136
;US-VA;1936;p0p90;8055.0;;0.59280002;0.59280002
;US-VA;1936;p0p99;10346.1;;0.83749998;0.83749998
;US-VA;1936;p99.5p100;302369.59;;0.1236;0.1236
;US-VA;1935;p0p100;2814580.5;10598933688.0;1.0;1.0
;US-VA;1935;p99p100;154930.91;;0.1383;0.1383
;US-VA;1935;p99.9p100;558925.13;;0.049899999;0.049899999
;US-VA;1935;p99.99p100;1818063.8;;0.0162;0.0162
;US-VA;1935;p90p100;43631.199;;0.38940001;0.38940001
;US-VA;1935;p90p95;22225.9;;0.099200003;0.099200003
;US-VA;1935;p95p99;41841.102;;0.1494;0.1494
;US-VA;1935;p99.5p99.9;143337.5;;0.051199999;0.051199999
;US-VA;1935;p99.9p99.99;419028.41;;0.0337;0.0337
;US-VA;1935;p99p99.5;83414.797;;0.0372;0.0372
;US-VA;1935;p95p100;64389.699;;0.28729999;0.28729999
;US-VA;1935;p0p90;7633.8999;;0.61320001;0.61320001
;US-VA;1935;p0p99;9753.0;;0.8617;0.8617
;US-VA;1935;p99.5p100;226453.59;;0.1011;0.1011
;US-VA;1934;p0p100;2728527.5;9631902981.0;1.0;1.0
;US-VA;1934;p99p100;138211.8;;0.1337;0.1337
;US-VA;1934;p99.9p100;479403.09;;0.046399999;0.046399999
;US-VA;1934;p99.99p100;1467970.8;;0.0142;0.0142
;US-VA;1934;p90p100;39851.699;;0.3854;0.3854
;US-VA;1934;p90p95;21105.699;;0.1021;0.1021
;US-VA;1934;p95p99;38863.699;;0.1503;0.1503
;US-VA;1934;p99.5p99.9;132104.41;;0.051100001;0.051100001
;US-VA;1934;p99.9p99.99;369576.59;;0.032200001;0.032200001
;US-VA;1934;p99p99.5;74855.0;;0.036200002;0.036200002
;US-VA;1934;p95p100;58630.398;;0.28349999;0.28349999
;US-VA;1934;p0p90;7053.5;;0.61390001;0.61390001
;US-VA;1934;p0p99;9048.4004;;0.86629999;0.86629999
;US-VA;1934;p99.5p100;201561.09;;0.097499996;0.097499996
;US-VA;1933;p0p100;2719895.5;8857626624.0;1.0;1.0
;US-VA;1933;p99p100;122564.3;;0.127;0.127
;US-VA;1933;p99.9p100;424477.0;;0.044;0.044
;US-VA;1933;p99.99p100;1322021.0;;0.0137;0.0137
;US-VA;1933;p90p100;36595.0;;0.37920001;0.37920001
;US-VA;1933;p90p95;21550.0;;0.1117;0.1117
;US-VA;1933;p95p99;34847.301;;0.1444;0.1444
;US-VA;1933;p99.5p99.9;114763.4;;0.047600001;0.047600001
;US-VA;1933;p99.9p99.99;324749.91;;0.030300001;0.030300001
;US-VA;1933;p99p99.5;68422.5;;0.035500001;0.035500001
;US-VA;1933;p95p100;52271.699;;0.27079999;0.27079999
;US-VA;1933;p0p90;6614.2998;;0.61690003;0.61690003
;US-VA;1933;p0p99;8509.2998;;0.87300003;0.87300003
;US-VA;1933;p99.5p100;176706.09;;0.091600001;0.091600001
;US-VA;1932;p0p100;2368585.5;8449659996.0;1.0;1.0
;US-VA;1932;p99p100;121215.4;;0.12980001;0.12980001
;US-VA;1932;p99.9p100;394680.31;;0.042300001;0.042300001
;US-VA;1932;p99.99p100;1241113.3;;0.0133;0.0133
;US-VA;1932;p90p100;38135.5;;0.4084;0.4084
;US-VA;1932;p90p95;22995.699;;0.1231;0.1231
;US-VA;1932;p95p99;36683.0;;0.15710001;0.15710001
;US-VA;1932;p99.5p99.9;115328.9;;0.049400002;0.049400002
;US-VA;1932;p99.9p99.99;300632.09;;0.028999999;0.028999999
;US-VA;1932;p99p99.5;71231.5;;0.0381;0.0381
;US-VA;1932;p95p100;53473.898;;0.2863;0.2863
;US-VA;1932;p0p90;6120.6001;;0.58990002;0.58990002
;US-VA;1932;p0p99;8207.7002;;0.87019998;0.87019998
;US-VA;1932;p99.5p100;171199.2;;0.091700003;0.091700003
;US-VA;1931;p0p100;2219581.5;9698103698.0;1.0;1.0
;US-VA;1931;p99p100;134624.8;;0.1238;0.1238
;US-VA;1931;p99.9p100;428899.5;;0.0394;0.0394
;US-VA;1931;p99.99p100;1296378.3;;0.0119;0.0119
;US-VA;1931;p90p100;38664.0;;0.35550001;0.35550001
;US-VA;1931;p90p95;23887.4;;0.1098;0.1098
;US-VA;1931;p95p99;33682.398;;0.1239;0.1239
;US-VA;1931;p99.5p99.9;131133.7;;0.0482;0.0482
;US-VA;1931;p99.9p99.99;332512.91;;0.0275;0.0275
;US-VA;1931;p99p99.5;78562.703;;0.0361;0.0361
;US-VA;1931;p95p100;53893.801;;0.24770001;0.24770001
;US-VA;1931;p0p90;7765.6001;;0.6426;0.6426
;US-VA;1931;p0p99;9627.0;;0.87620002;0.87620002
;US-VA;1931;p99.5p100;190686.8;;0.087700002;0.087700002
;US-VA;1930;p0p100;1810207.6;9357539813.0;1.0;1.0
;US-VA;1930;p99p100;143863.41;;0.1349;0.1349
;US-VA;1930;p99.9p100;483246.09;;0.045299999;0.045299999
;US-VA;1930;p99.99p100;1522401.9;;0.0143;0.0143
;US-VA;1930;p90p100;38005.5;;0.3563;0.3563
;US-VA;1930;p90p95;19353.6;;0.090700001;0.090700001
;US-VA;1930;p95p99;34282.898;;0.1286;0.1286
;US-VA;1930;p99.5p99.9;140208.2;;0.0526;0.0526
;US-VA;1930;p99.9p99.99;367784.41;;0.030999999;0.030999999
;US-VA;1930;p99p99.5;78911.102;;0.037;0.037
;US-VA;1930;p95p100;56095.301;;0.26300001;0.26300001
;US-VA;1930;p0p90;7653.0;;0.64579999;0.64579999
;US-VA;1930;p0p99;9319.9004;;0.86510003;0.86510003
;US-VA;1930;p99.5p100;208815.8;;0.097900003;0.097900003
;US-VA;1929;p0p100;1959487.0;10648024766.0;1.0;1.0
;US-VA;1929;p99p100;168958.3;;0.139;0.139
;US-VA;1929;p99.9p100;626810.63;;0.051600002;0.051600002
;US-VA;1929;p99.99p100;2134576.3;;0.0176;0.0176
;US-VA;1929;p90p100;38337.898;;0.31549999;0.31549999
;US-VA;1929;p90p95;16030.4;;0.066;0.066
;US-VA;1929;p95p99;33278.602;;0.1095;0.1095
;US-VA;1929;p99.5p99.9;160348.09;;0.0528;0.0528
;US-VA;1929;p99.9p99.99;459281.19;;0.034000002;0.034000002
;US-VA;1929;p99p99.5;84276.102;;0.034699999;0.034699999
;US-VA;1929;p95p100;60311.801;;0.2481;0.2481
;US-VA;1929;p0p90;9256.4004;;0.68550003;0.68550003
;US-VA;1929;p0p99;10569.1;;0.861;0.861
;US-VA;1929;p99.5p100;253640.59;;0.1044;0.1044
;US-VA;1928;p0p100;1907662.6;10354170620.0;1.0;1.0
;US-VA;1928;p99p100;177815.59;;0.1503;0.1503
;US-VA;1928;p99.9p100;699871.19;;0.0592;0.0592
;US-VA;1928;p99.99p100;2559799.5;;0.021600001;0.021600001
;US-VA;1928;p90p100;38856.199;;0.32839999;0.32839999
;US-VA;1928;p90p95;15385.0;;0.064999998;0.064999998
;US-VA;1928;p95p99;32751.199;;0.1107;0.1107
;US-VA;1928;p99.5p99.9;164213.91;;0.055500001;0.055500001
;US-VA;1928;p99.9p99.99;493212.5;;0.037500001;0.037500001
;US-VA;1928;p99p99.5;84285.797;;0.035599999;0.035599999
;US-VA;1928;p95p100;61674.801;;0.2606;0.2606
;US-VA;1928;p0p90;8860.0996;;0.67400002;0.67400002
;US-VA;1928;p0p99;10155.0;;0.84969997;0.84969997
;US-VA;1928;p99.5p100;271345.31;;0.1147;0.1147
;US-VA;1927;p0p100;1775024.6;9867238177.0;1.0;1.0
;US-VA;1927;p99p100;166071.2;;0.1468;0.1468
;US-VA;1927;p99.9p100;618245.81;;0.054699998;0.054699998
;US-VA;1927;p99.99p100;2014026.6;;0.0178;0.0178
;US-VA;1927;p90p100;37235.0;;0.3292;0.3292
;US-VA;1927;p90p95;15065.6;;0.066600002;0.066600002
;US-VA;1927;p95p99;31512.5;;0.1114;0.1114
;US-VA;1927;p99.5p99.9;158302.09;;0.056000002;0.056000002
;US-VA;1927;p99.9p99.99;463159.0;;0.036899999;0.036899999
;US-VA;1927;p99p99.5;81851.5;;0.036200002;0.036200002
;US-VA;1927;p95p100;58382.398;;0.2581;0.2581
;US-VA;1927;p0p90;8485.5;;0.67519999;0.67519999
;US-VA;1927;p0p99;9748.2002;;0.85320002;0.85320002
;US-VA;1927;p99.5p100;250290.8;;0.1106;0.1106
;US-VA;1926;p0p100;1684759.9;9681907791.0;1.0;1.0
;US-VA;1926;p99p100;161171.09;;0.1445;0.1445
;US-VA;1926;p99.9p100;600313.5;;0.053800002;0.053800002
;US-VA;1926;p99.99p100;1958365.4;;0.0176;0.0176
;US-VA;1926;p90p100;37227.5;;0.33379999;0.33379999
;US-VA;1926;p90p95;14528.3;;0.065099999;0.065099999
;US-VA;1926;p95p99;32912.102;;0.118;0.118
;US-VA;1926;p99.5p99.9;152727.09;;0.0548;0.0548
;US-VA;1926;p99.9p99.99;449418.91;;0.0363;0.0363
;US-VA;1926;p99p99.5;80097.797;;0.0359;0.0359
;US-VA;1926;p95p100;58520.0;;0.26230001;0.26230001
;US-VA;1926;p0p90;8331.7002;;0.67229998;0.67229998
;US-VA;1926;p0p99;9637.7998;;0.85549998;0.85549998
;US-VA;1926;p99.5p100;242244.41;;0.1086;0.1086
;US-VA;1925;p0p100;1712378.3;9611892872.0;1.0;1.0
;US-VA;1925;p99p100;151791.8;;0.1365;0.1365
;US-VA;1925;p99.9p100;549736.0;;0.049400002;0.049400002
;US-VA;1925;p99.99p100;1659144.3;;0.0149;0.0149
;US-VA;1925;p90p100;36391.699;;0.3272;0.3272
;US-VA;1925;p90p95;14282.1;;0.064199999;0.064199999
;US-VA;1925;p95p99;33603.801;;0.1208;0.1208
;US-VA;1925;p99.5p99.9;145617.41;;0.0524;0.0524
;US-VA;1925;p99.9p99.99;426468.41;;0.034499999;0.034499999
;US-VA;1925;p99p99.5;77142.602;;0.034699999;0.034699999
;US-VA;1925;p95p100;57157.301;;0.25690001;0.25690001
;US-VA;1925;p0p90;8385.4004;;0.6785;0.6785
;US-VA;1925;p0p99;9702.2002;;0.8635;0.8635
;US-VA;1925;p99.5p100;226441.09;;0.1018;0.1018
;US-VA;1924;p0p100;1722491.6;9139134392.0;1.0;1.0
;US-VA;1924;p99p100;141369.41;;0.1328;0.1328
;US-VA;1924;p99.9p100;479454.81;;0.0451;0.0451
;US-VA;1924;p99.99p100;1400083.6;;0.0132;0.0132
;US-VA;1924;p90p100;40611.0;;0.38159999;0.38159999
;US-VA;1924;p90p95;18711.4;;0.087899998;0.087899998
;US-VA;1924;p95p99;42395.801;;0.1594;0.1594
;US-VA;1924;p99.5p99.9;139551.41;;0.052499998;0.052499998
;US-VA;1924;p99.9p99.99;377162.81;;0.0319;0.0319
;US-VA;1924;p99p99.5;75206.703;;0.035300002;0.035300002
;US-VA;1924;p95p100;62190.602;;0.2922;0.2922
;US-VA;1924;p0p90;7329.3999;;0.61989999;0.61989999
;US-VA;1924;p0p99;9321.0;;0.86720002;0.86720002
;US-VA;1924;p99.5p100;207532.09;;0.097499996;0.097499996
;US-VA;1923;p0p100;1736330.8;9081260047.0;1.0;1.0
;US-VA;1923;p99p100;131306.09;;0.1229;0.1229
;US-VA;1923;p99.9p100;421801.5;;0.039500002;0.039500002
;US-VA;1923;p99.99p100;1102654.8;;0.0103;0.0103
;US-VA;1923;p90p100;41438.602;;0.38780001;0.38780001
;US-VA;1923;p90p95;21189.801;;0.099200003;0.099200003
;US-VA;1923;p95p99;44161.898;;0.1653;0.1653
;US-VA;1923;p99.5p99.9;133405.3;;0.049899999;0.049899999
;US-VA;1923;p99.9p99.99;346152.91;;0.029200001;0.029200001
;US-VA;1923;p99p99.5;71527.898;;0.033500001;0.033500001
;US-VA;1923;p95p100;61590.699;;0.28819999;0.28819999
;US-VA;1923;p0p90;7273.5;;0.61260003;0.61260003
;US-VA;1923;p0p99;9466.7998;;0.87709999;0.87709999
;US-VA;1923;p99.5p100;191084.41;;0.089400001;0.089400001
;US-VA;1922;p0p100;1634612.4;8180809596.0;1.0;1.0
;US-VA;1922;p99p100;133350.0;;0.1374;0.1374
;US-VA;1922;p99.9p100;441885.5;;0.045499999;0.045499999
;US-VA;1922;p99.99p100;1233613.3;;0.0127;0.0127
;US-VA;1922;p90p100;37923.199;;0.3906;0.3906
;US-VA;1922;p90p95;18646.5;;0.096000001;0.096000001
;US-VA;1922;p95p99;38037.398;;0.1567;0.1567
;US-VA;1922;p99.5p99.9;130606.5;;0.053800002;0.053800002
;US-VA;1922;p99.9p99.99;353915.69;;0.0328;0.0328
;US-VA;1922;p99p99.5;73837.703;;0.037999999;0.037999999
;US-VA;1922;p95p100;57099.898;;0.29409999;0.29409999
;US-VA;1922;p0p90;6578.5;;0.6099;0.6099
;US-VA;1922;p0p99;8459.0996;;0.86260003;0.86260003
;US-VA;1922;p99.5p100;192862.3;;0.099299997;0.099299997
;US-VA;1921;p0p100;1246379.8;7073532727.0;1.0;1.0
;US-VA;1921;p99p100;111645.7;;0.1323;0.1323
;US-VA;1921;p99.9p100;338362.09;;0.040100001;0.040100001
;US-VA;1921;p99.99p100;819820.88;;0.0097000003;0.0097000003
;US-VA;1921;p90p100;35030.199;;0.41510001;0.41510001
;US-VA;1921;p90p95;18877.801;;0.1118;0.1118
;US-VA;1921;p95p99;35979.898;;0.1705;0.1705
;US-VA;1921;p99.5p99.9;112522.0;;0.053300001;0.053300001
;US-VA;1921;p99.9p99.99;284866.59;;0.030400001;0.030400001
;US-VA;1921;p99p99.5;65601.398;;0.038899999;0.038899999
;US-VA;1921;p95p100;51113.0;;0.3028;0.3028
;US-VA;1921;p0p90;5488.2002;;0.58530003;0.58530003
;US-VA;1921;p0p99;7396.3999;;0.86769998;0.86769998
;US-VA;1921;p99.5p100;157690.0;;0.093400002;0.093400002
;US-VA;1920;p0p100;1101340.0;7747014807.0;1.0;1.0
;US-VA;1920;p99p100;124024.6;;0.1327;0.1327
;US-VA;1920;p99.9p100;389823.09;;0.041700002;0.041700002
;US-VA;1920;p99.99p100;929272.19;;0.0098999999;0.0098999999
;US-VA;1920;p90p100;37216.5;;0.39829999;0.39829999
;US-VA;1920;p90p95;22106.5;;0.1183;0.1183
;US-VA;1920;p95p99;34514.5;;0.1478;0.1478
;US-VA;1920;p99.5p99.9;127265.4;;0.054499999;0.054499999
;US-VA;1920;p99.9p99.99;329884.19;;0.031800002;0.031800002
;US-VA;1920;p99p99.5;68272.297;;0.036499999;0.036499999
;US-VA;1920;p95p100;52416.5;;0.28049999;0.28049999
;US-VA;1920;p0p90;6242.0;;0.60119998;0.60119998
;US-VA;1920;p0p99;8185.6001;;0.86729997;0.86729997
;US-VA;1920;p99.5p100;179777.0;;0.096199997;0.096199997
;US-VA;1919;p0p100;1739259.9;8973120434.0;1.0;1.0
;US-VA;1919;p99p100;151656.8;;0.13789999;0.13789999
;US-VA;1919;p99.9p100;500157.91;;0.045499999;0.045499999
;US-VA;1919;p99.99p100;1350693.9;;0.0123;0.0123
;US-VA;1919;p90p100;42316.801;;0.38479999;0.38479999
;US-VA;1919;p90p95;21758.199;;0.098899998;0.098899998
;US-VA;1919;p95p99;40724.801;;0.1481;0.1481
;US-VA;1919;p99.5p99.9;151688.41;;0.055199999;0.055199999
;US-VA;1919;p99.9p99.99;406207.69;;0.033199999;0.033199999
;US-VA;1919;p99p99.5;81639.797;;0.037099998;0.037099998
;US-VA;1919;p95p100;62911.199;;0.28600001;0.28600001
;US-VA;1919;p0p90;7517.7002;;0.61519998;0.61519998
;US-VA;1919;p0p99;9577.5996;;0.86210001;0.86210001
;US-VA;1919;p99.5p100;221673.8;;0.1008;0.1008
;US-VA;1918;p0p100;2279203.0;8822543696.0;1.0;1.0
;US-VA;1918;p99p100;146558.41;;0.13410001;0.13410001
;US-VA;1918;p99.9p100;502817.31;;0.046;0.046
;US-VA;1918;p99.99p100;1441000.1;;0.0132;0.0132
;US-VA;1918;p90p100;38887.5;;0.35589999;0.35589999
;US-VA;1918;p90p95;16618.1;;0.076099999;0.076099999
;US-VA;1918;p95p99;39135.699;;0.1433;0.1433
;US-VA;1918;p99.5p99.9;142851.09;;0.052299999;0.052299999
;US-VA;1918;p99.9p99.99;398581.69;;0.0328;0.0328
;US-VA;1918;p99p99.5;78273.797;;0.035799999;0.035799999
;US-VA;1918;p95p100;60620.102;;0.27739999;0.27739999
;US-VA;1918;p0p90;7848.5;;0.64649999;0.64649999
;US-VA;1918;p0p99;9555.5;;0.86589998;0.86589998
;US-VA;1918;p99.5p100;214843.41;;0.098300003;0.098300003
;US-VA;1917;p0p100;3301252.8;9290204803.0;1.0;1.0
;US-VA;1917;p99p100;150709.2;;0.1314;0.1314
;US-VA;1917;p99.9p100;585825.19;;0.051100001;0.051100001
;US-VA;1917;p99.99p100;1871772.5;;0.0163;0.0163
;US-VA;1917;p90p100;37346.0;;0.32550001;0.32550001
;US-VA;1917;p90p95;17848.4;;0.077799998;0.077799998
