Variable Name;.;.;.;Fiscal income  | tax unit | Average | Adults | constant 2015 local currency;Fiscal income  | tax unit | Total | Adults | constant 2015 local currency;Fiscal income  | tax unit | Share | Adults | share of total (ratio);Pre-tax national income  | tax unit | Share | Adults | share of total (ratio)
Variable Category;.;.;.;Income inequality;Income inequality;Income inequality;Income inequality
Variable Description;.;.;.;Average Fiscal income within a given percentile group. Fiscal income is defined as the sum of all income items reported on income tax returns, before any deduction. It includes labour income, capital income and mixed income. The concept of fiscal income varies with national tax legislations, so in order to make international comparisons it is preferable to use the concept of national income. The population is comprised of individuals over age 20. The base unit is the tax unit defined by national fiscal administrations to measure personal income taxes.;Total Fiscal income  within a given percentile group. Fiscal income is defined as the sum of all income items reported on income tax returns, before any deduction. It includes labour income, capital income and mixed income. The concept of fiscal income varies with national tax legislations, so in order to make international comparisons it is preferable to use the concept of national income. The population is comprised of individuals over age 20.;Fiscal income share held by a given percentile group. Fiscal income is defined as the sum of all income items reported on income tax returns, before any deduction. It includes labour income, capital income and mixed income. The concept of fiscal income varies with national tax legislations, so in order to make international comparisons it is preferable to use the concept of national income. The population is comprised of individuals over age 20. The base unit is the tax unit defined by national fiscal administrations to measure personal income taxes.;Pre-tax national income share held by a given percentile group. Pre-tax national income  is the sum of all pre-tax personal income flows accruing to the owners of the production factors, labor and capital, before taking into account the operation of the tax/transfer system, but after taking into account the operation of pension system. The central difference between personal factor income and pre-tax income is the treatment of pensions, which are counted on a contribution basis by factor income and on a distribution basis by pre-tax income. The population is comprised of individuals over age 20. The base unit is the tax unit defined by national fiscal administrations to measure personal income taxes.
Variable Decomposition;.;.;.;[Fiscal income ]=[Fiscal labour income ]+[Fiscal capital income ];[Fiscal income ]=[Fiscal labour income ]+[Fiscal capital income ];[Fiscal income ]=[Fiscal labour income ]+[Fiscal capital income ];Pre-tax national income =Pre-tax labor income [total pre-tax income ranking]+Pre-tax capital income [total pre-tax income ranking]
Variable Unit;.;.;.;"USD; United States dollar | local currency | market";"USD; United States dollar | local currency | market";share;share
Methodological Notes;.;.;.;;;;Assuming the same distribution as fiscal income.
Sources;.;.;.;Frank, Sommeiller, Price & Saez (2015);Frank, Sommeiller, Price & Saez (2015);Frank, Sommeiller, Price & Saez (2015);WID.world computations using: Frank, Sommeiller, Price & Saez (2015)
Variable Code;country;year;perc;afiinc992t;mfiinc992t;sfiinc992t;sptinc992t
;US-GA;2015;p0p100;56525.699;2.89172876861e+11;1.0;1.0
;US-GA;2015;p99p100;1101155.9;;0.1948;0.1948
;US-GA;2015;p99.9p100;4761936.5;;0.084200002;0.084200002
;US-GA;2015;p99.99p100;19451034.0;;0.034400001;0.034400001
;US-GA;2015;p90p100;281902.19;;0.49869999;0.49869999
;US-GA;2015;p90p95;145391.5;;0.1286;0.1286
;US-GA;2015;p95p99;246837.2;;0.17470001;0.17470001
;US-GA;2015;p99.5p99.9;944296.81;;0.066799998;0.066799998
;US-GA;2015;p99.9p99.99;3170563.8;;0.050500002;0.050500002
;US-GA;2015;p99p99.5;492870.41;;0.0436;0.0436
;US-GA;2015;p95p100;418026.0;;0.3698;0.3698
;US-GA;2015;p0p90;31491.6;;0.50139999;0.50139999
;US-GA;2015;p0p99;45973.898;;0.80519998;0.80519998
;US-GA;2015;p99.5p100;1707976.5;;0.15109999;0.15109999
;US-GA;2014;p0p100;53464.199;2.72862950363e+11;1.0;1.0
;US-GA;2014;p99p100;1019840.4;;0.1912;0.1912
;US-GA;2014;p99.9p100;4476347.5;;0.083899997;0.083899997
;US-GA;2014;p99.99p100;19461606.0;;0.036499999;0.036499999
;US-GA;2014;p90p100;264369.5;;0.4957;0.4957
;US-GA;2014;p90p95;138816.0;;0.1301;0.1301
;US-GA;2014;p95p99;232316.59;;0.1742;0.1742
;US-GA;2014;p99.5p99.9;861166.63;;0.064599998;0.064599998
;US-GA;2014;p99.9p99.99;2827525.8;;0.047699999;0.047699999
;US-GA;2014;p99p99.5;456318.5;;0.042800002;0.042800002
;US-GA;2014;p95p100;389761.41;;0.36539999;0.36539999
;US-GA;2014;p0p90;29874.301;;0.50410002;0.50410002
;US-GA;2014;p0p99;43574.898;;0.80879998;0.80879998
;US-GA;2014;p99.5p100;1583311.5;;0.14839999;0.14839999
;US-GA;2013;p0p100;52574.898;2.58369817585e+11;1.0;1.0
;US-GA;2013;p99p100;901736.88;;0.17749999;0.17749999
;US-GA;2013;p99.9p100;3588571.5;;0.070699997;0.070699997
;US-GA;2013;p99.99p100;14220508.0;;0.028000001;0.028000001
;US-GA;2013;p90p100;249081.7;;0.49039999;0.49039999
;US-GA;2013;p90p95;136745.5;;0.1346;0.1346
;US-GA;2013;p95p99;225932.41;;0.1779;0.1779
;US-GA;2013;p99.5p99.9;804661.19;;0.0634;0.0634
;US-GA;2013;p99.9p99.99;2415126.5;;0.042800002;0.042800002
;US-GA;2013;p99p99.5;442304.91;;0.043499999;0.043499999
;US-GA;2013;p95p100;361162.59;;0.3556;0.3556
;US-GA;2013;p0p90;28765.301;;0.5097;0.5097
;US-GA;2013;p0p99;42193.699;;0.82249999;0.82249999
;US-GA;2013;p99.5p100;1361631.1;;0.134;0.134
;US-GA;2012;p0p100;57185.301;2.62113125219e+11;1.0;1.0
;US-GA;2012;p99p100;1028268.9;;0.19159999;0.19159999
;US-GA;2012;p99.9p100;4548975.5;;0.084799998;0.084799998
;US-GA;2012;p99.99p100;19562722.0;;0.036499999;0.036499999
;US-GA;2012;p90p100;261549.3;;0.4874;0.4874
;US-GA;2012;p90p95;136977.09;;0.1276;0.1276
;US-GA;2012;p95p99;225185.91;;0.1679;0.1679
;US-GA;2012;p99.5p99.9;866587.31;;0.064599998;0.064599998
;US-GA;2012;p99.9p99.99;2911865.5;;0.048799999;0.048799999
;US-GA;2012;p99p99.5;454158.41;;0.042300001;0.042300001
;US-GA;2012;p95p100;385718.19;;0.3594;0.3594
;US-GA;2012;p0p90;30543.4;;0.51230001;0.51230001
;US-GA;2012;p0p99;43814.898;;0.80839998;0.80839998
;US-GA;2012;p99.5p100;1602589.4;;0.14929999;0.14929999
;US-GA;2011;p0p100;58032.801;2.53926574348e+11;1.0;1.0
;US-GA;2011;p99p100;860479.81;;0.1646;0.1646
;US-GA;2011;p99.9p100;3502904.3;;0.067000002;0.067000002
;US-GA;2011;p99.99p100;14220487.0;;0.0272;0.0272
;US-GA;2011;p90p100;240319.7;;0.4598;0.4598
;US-GA;2011;p90p95;134481.3;;0.1286;0.1286
;US-GA;2011;p95p99;217126.09;;0.1662;0.1662
;US-GA;2011;p99.5p99.9;752936.31;;0.057599999;0.057599999
;US-GA;2011;p99.9p99.99;2322626.5;;0.039999999;0.039999999
;US-GA;2011;p99p99.5;417845.81;;0.039999999;0.039999999
;US-GA;2011;p95p100;345741.5;;0.33070001;0.33070001
;US-GA;2011;p0p90;31385.0;;0.54040003;0.54040003
;US-GA;2011;p0p99;44105.199;;0.83539999;0.83539999
;US-GA;2011;p99.5p100;1303647.8;;0.1247;0.1247
;US-GA;2010;p0p100;61561.398;2.49638261475e+11;1.0;1.0
;US-GA;2010;p99p100;864567.88;;0.16590001;0.16590001
;US-GA;2010;p99.9p100;3580971.5;;0.068700001;0.068700001
;US-GA;2010;p99.99p100;15255111.0;;0.029300001;0.029300001
;US-GA;2010;p90p100;239145.5;;0.45899999;0.45899999
;US-GA;2010;p90p95;134214.2;;0.1288;0.1288
;US-GA;2010;p95p99;213273.8;;0.1637;0.1637
;US-GA;2010;p99.5p99.9;746285.31;;0.057300001;0.057300001
;US-GA;2010;p99.9p99.99;2281821.3;;0.0394;0.0394
;US-GA;2010;p99p99.5;415506.19;;0.039900001;0.039900001
;US-GA;2010;p95p100;343480.91;;0.32960001;0.32960001
;US-GA;2010;p0p90;31358.1;;0.54159999;0.54159999
;US-GA;2010;p0p99;43899.0;;0.83410001;0.83410001
;US-GA;2010;p99.5p100;1314664.8;;0.12620001;0.12620001
;US-GA;2009;p0p100;62534.5;2.4477584162e+11;1.0;1.0
;US-GA;2009;p99p100;813725.0;;0.15880001;0.15880001
;US-GA;2009;p99.9p100;3354331.3;;0.065499999;0.065499999
;US-GA;2009;p99.99p100;14178544.0;;0.0277;0.0277
;US-GA;2009;p90p100;232079.5;;0.45300001;0.45300001
;US-GA;2009;p90p95;133941.09;;0.13070001;0.13070001
;US-GA;2009;p95p99;208393.5;;0.1627;0.1627
;US-GA;2009;p99.5p99.9;687145.0;;0.053599998;0.053599998
;US-GA;2009;p99.9p99.99;2108083.0;;0.037;0.037
;US-GA;2009;p99p99.5;391064.09;;0.038199998;0.038199998
;US-GA;2009;p95p100;329711.59;;0.32179999;0.32179999
;US-GA;2009;p0p90;31314.4;;0.55010003;0.55010003
;US-GA;2009;p0p99;43532.898;;0.84119999;0.84119999
;US-GA;2009;p99.5p100;1231624.1;;0.1202;0.1202
;US-GA;2008;p0p100;67626.703;2.63110591772e+11;1.0;1.0
;US-GA;2008;p99p100;991705.0;;0.1777;0.1777
;US-GA;2008;p99.9p100;4366411.0;;0.078199998;0.078199998
;US-GA;2008;p99.99p100;18741932.0;;0.033599999;0.033599999
;US-GA;2008;p90p100;258400.7;;0.46309999;0.46309999
;US-GA;2008;p90p95;139778.8;;0.1252;0.1252
;US-GA;2008;p95p99;220390.5;;0.15800001;0.15800001
;US-GA;2008;p99.5p99.9;811531.5;;0.058200002;0.058200002
;US-GA;2008;p99.9p99.99;2714689.0;;0.0438;0.0438
;US-GA;2008;p99p99.5;433289.5;;0.038800001;0.038800001
;US-GA;2008;p95p100;376115.69;;0.33700001;0.33700001
;US-GA;2008;p0p90;33631.898;;0.5424;0.5424
;US-GA;2008;p0p99;46349.699;;0.82230002;0.82230002
;US-GA;2008;p99.5p100;1540417.5;;0.138;0.138
;US-GA;2007;p0p100;82443.102;2.92792786511e+11;1.0;1.0
;US-GA;2007;p99p100;1278617.4;;0.2027;0.2027
;US-GA;2007;p99.9p100;6054296.0;;0.096000001;0.096000001
;US-GA;2007;p99.99p100;26990830.0;;0.042800002;0.042800002
;US-GA;2007;p90p100;298289.19;;0.47279999;0.47279999
;US-GA;2007;p90p95;145212.3;;0.1151;0.1151
;US-GA;2007;p95p99;241244.5;;0.1529;0.1529
;US-GA;2007;p99.5p99.9;1015198.1;;0.064400002;0.064400002
;US-GA;2007;p99.9p99.99;3692113.0;;0.052700002;0.052700002
;US-GA;2007;p99p99.5;506258.81;;0.040100001;0.040100001
;US-GA;2007;p95p100;450565.31;;0.35710001;0.35710001
;US-GA;2007;p0p90;37296.5;;0.53200001;0.53200001
;US-GA;2007;p0p99;50813.301;;0.79729998;0.79729998
;US-GA;2007;p99.5p100;2040342.8;;0.1617;0.1617
;US-GA;2006;p0p100;86419.102;2.81819335658e+11;1.0;1.0
;US-GA;2006;p99p100;1261244.9;;0.2017;0.2017
;US-GA;2006;p99.9p100;5922550.0;;0.094700001;0.094700001
;US-GA;2006;p99.99p100;25808718.0;;0.041299999;0.041299999
;US-GA;2006;p90p100;294876.91;;0.47150001;0.47150001
;US-GA;2006;p90p95;144582.41;;0.1156;0.1156
;US-GA;2006;p95p99;239090.8;;0.1529;0.1529
;US-GA;2006;p99.5p99.9;1018244.0;;0.065099999;0.065099999
;US-GA;2006;p99.9p99.99;3703030.8;;0.053300001;0.053300001
;US-GA;2006;p99p99.5;506174.09;;0.0405;0.0405
;US-GA;2006;p95p100;444530.41;;0.3554;0.3554
;US-GA;2006;p0p90;36917.102;;0.53130001;0.53130001
;US-GA;2006;p0p99;50427.398;;0.79830003;0.79830003
;US-GA;2006;p99.5p100;2009587.3;;0.16069999;0.16069999
;US-GA;2005;p0p100;92580.898;2.70698816711e+11;1.0;1.0
;US-GA;2005;p99p100;1189236.0;;0.1893;0.1893
;US-GA;2005;p99.9p100;5493924.5;;0.087499999;0.087499999
;US-GA;2005;p99.99p100;23642074.0;;0.037599999;0.037599999
;US-GA;2005;p90p100;284195.41;;0.45249999;0.45249999
;US-GA;2005;p90p95;140729.5;;0.112;0.112
;US-GA;2005;p95p99;235555.2;;0.15000001;0.15000001
;US-GA;2005;p99.5p99.9;966752.81;;0.0616;0.0616
;US-GA;2005;p99.9p99.99;3469110.3;;0.049699999;0.049699999
;US-GA;2005;p99p99.5;490890.91;;0.039099999;0.039099999
;US-GA;2005;p95p100;426907.31;;0.3398;0.3398
;US-GA;2005;p0p90;38379.898;;0.55000001;0.55000001
;US-GA;2005;p0p99;51430.398;;0.8107;0.8107
;US-GA;2005;p99.5p100;1881901.1;;0.1498;0.1498
;US-GA;2004;p0p100;93692.0;2.53999983679e+11;1.0;1.0
;US-GA;2004;p99p100;1002019.2;;0.1684;0.1684
;US-GA;2004;p99.9p100;4313511.5;;0.072499998;0.072499998
;US-GA;2004;p99.99p100;17777372.0;;0.029899999;0.029899999
;US-GA;2004;p90p100;259887.5;;0.43669999;0.43669999
;US-GA;2004;p90p95;136805.7;;0.115;0.115
;US-GA;2004;p95p99;226766.3;;0.1524;0.1524
;US-GA;2004;p99.5p99.9;841472.81;;0.056600001;0.056600001
;US-GA;2004;p99.9p99.99;2797825.0;;0.042300001;0.042300001
;US-GA;2004;p99p99.5;452421.5;;0.037999999;0.037999999
;US-GA;2004;p95p100;382159.91;;0.3211;0.3211
;US-GA;2004;p0p90;37411.898;;0.56580001;0.56580001
;US-GA;2004;p0p99;49985.102;;0.83160001;0.83160001
;US-GA;2004;p99.5p100;1546411.9;;0.12989999;0.12989999
;US-GA;2003;p0p100;96947.602;2.39632275808e+11;1.0;1.0
;US-GA;2003;p99p100;890804.19;;0.15260001;0.15260001
;US-GA;2003;p99.9p100;3632442.3;;0.062199999;0.062199999
;US-GA;2003;p99.99p100;14648850.0;;0.0251;0.0251
;US-GA;2003;p90p100;246074.41;;0.4215;0.4215
;US-GA;2003;p90p95;136169.91;;0.1166;0.1166
;US-GA;2003;p95p99;221456.5;;0.1517;0.1517
;US-GA;2003;p99.5p99.9;769951.81;;0.0528;0.0528
;US-GA;2003;p99.9p99.99;2386594.0;;0.036800001;0.036800001
;US-GA;2003;p99p99.5;428169.19;;0.036699999;0.036699999
;US-GA;2003;p95p100;355738.5;;0.30469999;0.30469999
;US-GA;2003;p0p90;37638.699;;0.58029997;0.58029997
;US-GA;2003;p0p99;49966.699;;0.84740001;0.84740001
;US-GA;2003;p99.5p100;1350016.8;;0.1156;0.1156
;US-GA;2002;p0p100;101550.2;2.35941022826e+11;1.0;1.0
;US-GA;2002;p99p100;871402.88;;0.1489;0.1489
;US-GA;2002;p99.9p100;3448405.0;;0.058899999;0.058899999
;US-GA;2002;p99.99p100;13418367.0;;0.0229;0.0229
;US-GA;2002;p90p100;245592.7;;0.41980001;0.41980001
;US-GA;2002;p90p95;137732.2;;0.1177;0.1177
;US-GA;2002;p95p99;223388.7;;0.15270001;0.15270001
;US-GA;2002;p99.5p99.9;766884.5;;0.0524;0.0524
;US-GA;2002;p99.9p99.99;2325710.8;;0.035799999;0.035799999
;US-GA;2002;p99p99.5;430937.5;;0.036800001;0.036800001
;US-GA;2002;p95p100;353275.81;;0.3019;0.3019
;US-GA;2002;p0p90;37805.5;;0.58160001;0.58160001
;US-GA;2002;p0p99;50293.199;;0.85110003;0.85110003
;US-GA;2002;p99.5p100;1309242.6;;0.1119;0.1119
;US-GA;2001;p0p100;109655.5;2.44046227196e+11;1.0;1.0
;US-GA;2001;p99p100;968264.19;;0.1583;0.1583
;US-GA;2001;p99.9p100;3945715.8;;0.064499997;0.064499997
;US-GA;2001;p99.99p100;15601849.0;;0.0255;0.0255
;US-GA;2001;p90p100;261031.0;;0.4267;0.4267
;US-GA;2001;p90p95;141953.41;;0.116;0.116
;US-GA;2001;p95p99;232462.59;;0.152;0.152
;US-GA;2001;p99.5p99.9;843576.5;;0.055199999;0.055199999
;US-GA;2001;p99.9p99.99;2658975.0;;0.039099999;0.039099999
;US-GA;2001;p99p99.5;470937.19;;0.0385;0.0385
;US-GA;2001;p95p100;379850.5;;0.31040001;0.31040001
;US-GA;2001;p0p90;39003.102;;0.57380003;0.57380003
;US-GA;2001;p0p99;52018.699;;0.84170002;0.84170002
;US-GA;2001;p99.5p100;1466328.3;;0.1198;0.1198
;US-GA;2000;p0p100;123714.1;2.53476187575e+11;1.0;1.0
;US-GA;2000;p99p100;1179758.9;;0.1806;0.1806
;US-GA;2000;p99.9p100;5149191.0;;0.0788;0.0788
;US-GA;2000;p99.99p100;20697006.0;;0.0317;0.0317
;US-GA;2000;p90p100;289884.0;;0.44389999;0.44389999
;US-GA;2000;p90p95;145692.09;;0.1115;0.1115
;US-GA;2000;p95p99;246050.91;;0.1507;0.1507
;US-GA;2000;p99.5p99.9;991245.88;;0.060699999;0.060699999
;US-GA;2000;p99.9p99.99;3445743.3;;0.047499999;0.047499999
;US-GA;2000;p99p99.5;525150.13;;0.040199999;0.040199999
;US-GA;2000;p95p100;433523.09;;0.3319;0.3319
;US-GA;2000;p0p90;40464.898;;0.55769998;0.55769998
;US-GA;2000;p0p99;54049.602;;0.81940001;0.81940001
;US-GA;2000;p99.5p100;1831757.1;;0.1402;0.1402
;US-GA;1999;p0p100;131031.6;2.41167569222e+11;1.0;1.0
;US-GA;1999;p99p100;1114735.5;;0.17209999;0.17209999
;US-GA;1999;p99.9p100;4694058.0;;0.072499998;0.072499998
;US-GA;1999;p99.99p100;18075612.0;;0.027899999;0.027899999
;US-GA;1999;p90p100;283317.69;;0.4375;0.4375
;US-GA;1999;p90p95;147023.5;;0.1135;0.1135
;US-GA;1999;p95p99;245311.5;;0.1515;0.1515
;US-GA;1999;p99.5p99.9;965668.81;;0.059599999;0.059599999
;US-GA;1999;p99.9p99.99;3245452.3;;0.0451;0.0451
;US-GA;1999;p99p99.5;515449.81;;0.039799999;0.039799999
;US-GA;1999;p95p100;419351.5;;0.3238;0.3238
;US-GA;1999;p0p90;40471.898;;0.5625;0.5625
;US-GA;1999;p0p99;54150.898;;0.82789999;0.82789999
;US-GA;1999;p99.5p100;1713893.3;;0.1323;0.1323
;US-GA;1998;p0p100;127472.6;2.23903643095e+11;1.0;1.0
;US-GA;1998;p99p100;1026690.2;;0.1698;0.1698
;US-GA;1998;p99.9p100;4336389.0;;0.071699999;0.071699999
;US-GA;1998;p99.99p100;17008162.0;;0.028100001;0.028100001
;US-GA;1998;p90p100;263979.09;;0.43669999;0.43669999
;US-GA;1998;p90p95;138626.5;;0.1147;0.1147
;US-GA;1998;p95p99;229474.2;;0.15180001;0.15180001
;US-GA;1998;p99.5p99.9;890702.0;;0.058899999;0.058899999
;US-GA;1998;p99.9p99.99;2952156.8;;0.044;0.044
;US-GA;1998;p99p99.5;471735.09;;0.039000001;0.039000001
;US-GA;1998;p95p100;389143.41;;0.32190001;0.32190001
;US-GA;1998;p0p90;37844.602;;0.56339997;0.56339997
;US-GA;1998;p0p99;50689.699;;0.83020002;0.83020002
;US-GA;1998;p99.5p100;1581553.4;;0.13079999;0.13079999
;US-GA;1997;p0p100;122023.5;2.02948529935e+11;1.0;1.0
;US-GA;1997;p99p100;911286.38;;0.1619;0.1619
;US-GA;1997;p99.9p100;3702813.0;;0.065800004;0.065800004
;US-GA;1997;p99.99p100;14319675.0;;0.0254;0.0254
;US-GA;1997;p90p100;244097.3;;0.4337;0.4337
;US-GA;1997;p90p95;132246.7;;0.1175;0.1175
;US-GA;1997;p95p99;216859.2;;0.1541;0.1541
;US-GA;1997;p99.5p99.9;809006.13;;0.057500001;0.057500001
;US-GA;1997;p99.9p99.99;2535537.5;;0.0405;0.0405
;US-GA;1997;p99p99.5;433214.69;;0.0385;0.0385
;US-GA;1997;p95p100;355842.41;;0.3161;0.3161
;US-GA;1997;p0p90;35422.801;;0.56639999;0.56639999
;US-GA;1997;p0p99;47646.898;;0.83810002;0.83810002
;US-GA;1997;p99.5p100;1389043.3;;0.1234;0.1234
;US-GA;1996;p0p100;123190.5;1.88412823321e+11;1.0;1.0
;US-GA;1996;p99p100;815014.0;;0.1497;0.1497
;US-GA;1996;p99.9p100;3221753.0;;0.0592;0.0592
;US-GA;1996;p99.99p100;12398182.0;;0.0228;0.0228
;US-GA;1996;p90p100;228914.3;;0.42050001;0.42050001
;US-GA;1996;p90p95;128944.2;;0.1184;0.1184
;US-GA;1996;p95p99;207222.41;;0.1522;0.1522
;US-GA;1996;p99.5p99.9;723359.31;;0.053100001;0.053100001
;US-GA;1996;p99.9p99.99;2199909.8;;0.036400001;0.036400001
;US-GA;1996;p99p99.5;403253.41;;0.037;0.037
;US-GA;1996;p95p100;328825.59;;0.30199999;0.30199999
;US-GA;1996;p0p90;35086.398;;0.57999998;0.57999998
;US-GA;1996;p0p99;46760.801;;0.85030001;0.85030001
;US-GA;1996;p99.5p100;1225943.8;;0.1126;0.1126
;US-GA;1995;p0p100;121050.5;1.74710739126e+11;1.0;1.0
;US-GA;1995;p99p100;714728.88;;0.1408;0.1408
;US-GA;1995;p99.9p100;2683522.5;;0.052900001;0.052900001
;US-GA;1995;p99.99p100;9815760.0;;0.019300001;0.019300001
;US-GA;1995;p90p100;210673.91;;0.41499999;0.41499999
;US-GA;1995;p90p95;123160.4;;0.1213;0.1213
;US-GA;1995;p95p99;194037.3;;0.1529;0.1529
;US-GA;1995;p99.5p99.9;651484.38;;0.0513;0.0513
;US-GA;1995;p99.9p99.99;1891357.1;;0.033500001;0.033500001
;US-GA;1995;p99p99.5;369876.0;;0.036400001;0.036400001
;US-GA;1995;p95p100;298154.91;;0.29370001;0.29370001
;US-GA;1995;p0p90;33000.699;;0.5851;0.5851
;US-GA;1995;p0p99;44052.5;;0.8592;0.8592
;US-GA;1995;p99.5p100;1059312.5;;0.1043;0.1043
;US-GA;1994;p0p100;120969.2;1.63340034978e+11;1.0;1.0
;US-GA;1994;p99p100;645759.0;;0.13349999;0.13349999
;US-GA;1994;p99.9p100;2414612.0;;0.049899999;0.049899999
;US-GA;1994;p99.99p100;9062825.0;;0.0187;0.0187
;US-GA;1994;p90p100;195963.7;;0.4052;0.4052
;US-GA;1994;p90p95;117803.6;;0.1218;0.1218
;US-GA;1994;p95p99;181209.2;;0.1499;0.1499
;US-GA;1994;p99.5p99.9;587029.81;;0.048500001;0.048500001
;US-GA;1994;p99.9p99.99;1671770.6;;0.031099999;0.031099999
;US-GA;1994;p99p99.5;337319.19;;0.034899998;0.034899998
;US-GA;1994;p95p100;274101.81;;0.2834;0.2834
;US-GA;1994;p0p90;31981.801;;0.59509999;0.59509999
;US-GA;1994;p0p99;42333.5;;0.86650002;0.86650002
;US-GA;1994;p99.5p100;953971.0;;0.0986;0.0986
;US-GA;1993;p0p100;123864.9;1.55503113488e+11;1.0;1.0
;US-GA;1993;p99p100;638235.88;;0.1344;0.1344
;US-GA;1993;p99.9p100;2402079.8;;0.0506;0.0506
;US-GA;1993;p99.99p100;9084758.0;;0.019099999;0.019099999
;US-GA;1993;p90p100;192838.8;;0.40619999;0.40619999
;US-GA;1993;p90p95;114930.4;;0.121;0.121
;US-GA;1993;p95p99;178883.0;;0.1507;0.1507
;US-GA;1993;p99.5p99.9;581562.81;;0.048999999;0.048999999
;US-GA;1993;p99.9p99.99;1655579.3;;0.031399999;0.031399999
;US-GA;1993;p99p99.5;329227.69;;0.034699999;0.034699999
;US-GA;1993;p95p100;270726.59;;0.28510001;0.28510001
;US-GA;1993;p0p90;31338.1;;0.5941;0.5941
;US-GA;1993;p0p99;41509.801;;0.86559999;0.86559999
;US-GA;1993;p99.5p100;946883.0;;0.099699996;0.099699996
;US-GA;1992;p0p100;129875.9;1.52285850301e+11;1.0;1.0
;US-GA;1992;p99p100;633286.81;;0.1336;0.1336
;US-GA;1992;p99.9p100;2350837.0;;0.049600001;0.049600001
;US-GA;1992;p99.99p100;8668168.0;;0.018300001;0.018300001
;US-GA;1992;p90p100;191088.8;;0.40310001;0.40310001
;US-GA;1992;p90p95;115131.8;;0.1214;0.1214
;US-GA;1992;p95p99;175528.0;;0.1481;0.1481
;US-GA;1992;p99.5p99.9;583167.69;;0.049199998;0.049199998
;US-GA;1992;p99.9p99.99;1647749.1;;0.031300001;0.031300001
;US-GA;1992;p99p99.5;328803.0;;0.034699999;0.034699999
;US-GA;1992;p95p100;267090.31;;0.28169999;0.28169999
;US-GA;1992;p0p90;31448.199;;0.597;0.597
;US-GA;1992;p0p99;41489.602;;0.8664;0.8664
;US-GA;1992;p99.5p100;937576.31;;0.098899998;0.098899998
;US-GA;1991;p0p100;134949.2;1.46231212559e+11;1.0;1.0
;US-GA;1991;p99p100;577182.0;;0.1232;0.1232
;US-GA;1991;p99.9p100;2044746.1;;0.0436;0.0436
;US-GA;1991;p99.99p100;7217281.0;;0.0154;0.0154
;US-GA;1991;p90p100;185190.8;;0.3953;0.3953
;US-GA;1991;p90p95;117602.0;;0.12549999;0.12549999
;US-GA;1991;p95p99;171883.09;;0.14669999;0.14669999
;US-GA;1991;p99.5p99.9;541407.19;;0.0462;0.0462
;US-GA;1991;p99.9p99.99;1469566.3;;0.028200001;0.028200001
;US-GA;1991;p99p99.5;311922.09;;0.033300001;0.033300001
;US-GA;1991;p95p100;252924.0;;0.26989999;0.26989999
;US-GA;1991;p0p90;31476.199;;0.60460001;0.60460001
;US-GA;1991;p0p99;41496.699;;0.8768;0.8768
;US-GA;1991;p99.5p100;842458.81;;0.089900002;0.089900002
;US-GA;1990;p0p100;149338.3;1.47661514463e+11;1.0;1.0
;US-GA;1990;p99p100;642526.38;;0.133;0.133
;US-GA;1990;p99.9p100;2485832.5;;0.051399998;0.051399998
;US-GA;1990;p99.99p100;9479409.0;;0.0196;0.0196
;US-GA;1990;p90p100;191498.3;;0.39629999;0.39629999
;US-GA;1990;p90p95;116034.0;;0.1201;0.1201
;US-GA;1990;p95p99;173055.41;;0.1433;0.1433
;US-GA;1990;p99.5p99.9;587233.13;;0.048599999;0.048599999
;US-GA;1990;p99.9p99.99;1709785.3;;0.031800002;0.031800002
;US-GA;1990;p99p99.5;317924.81;;0.032900002;0.032900002
;US-GA;1990;p95p100;266971.0;;0.2762;0.2762
;US-GA;1990;p0p90;32413.9;;0.60369998;0.60369998
;US-GA;1990;p0p99;42319.699;;0.86699998;0.86699998
;US-GA;1990;p99.5p100;966979.81;;0.1001;0.1001
;US-GA;1989;p0p100;162724.2;1.45412453209e+11;1.0;1.0
;US-GA;1989;p99p100;648390.69;;0.1357;0.1357
;US-GA;1989;p99.9p100;2542476.5;;0.053199999;0.053199999
;US-GA;1989;p99.99p100;9849628.0;;0.0206;0.0206
;US-GA;1989;p90p100;189485.91;;0.39660001;0.39660001
;US-GA;1989;p90p95;113212.3;;0.1185;0.1185
;US-GA;1989;p95p99;168201.91;;0.1408;0.1408
;US-GA;1989;p99.5p99.9;575307.5;;0.0482;0.0482
;US-GA;1989;p99.9p99.99;1708070.3;;0.032200001;0.032200001
;US-GA;1989;p99p99.5;316611.31;;0.033100002;0.033100002
;US-GA;1989;p95p100;265498.19;;0.27790001;0.27790001
;US-GA;1989;p0p90;32196.801;;0.60659999;0.60659999
;US-GA;1989;p0p99;41705.5;;0.86430001;0.86430001
;US-GA;1989;p99.5p100;975574.19;;0.1021;0.1021
;US-GA;1988;p0p100;182215.91;1.44371734061e+11;1.0;1.0
;US-GA;1988;p99p100;723733.13;;0.1472;0.1472
;US-GA;1988;p99.9p100;3041612.8;;0.061900001;0.061900001
;US-GA;1988;p99.99p100;12264123.0;;0.024900001;0.024900001
;US-GA;1988;p90p100;198172.5;;0.40310001;0.40310001
;US-GA;1988;p90p95;114046.6;;0.116;0.116
;US-GA;1988;p95p99;170018.3;;0.1383;0.1383
;US-GA;1988;p99.5p99.9;624625.13;;0.050799999;0.050799999
;US-GA;1988;p99.9p99.99;1994574.8;;0.036499999;0.036499999
;US-GA;1988;p99p99.5;327669.81;;0.033300001;0.033300001
;US-GA;1988;p95p100;282031.69;;0.2868;0.2868
;US-GA;1988;p0p90;32777.699;;0.60009998;0.60009998
;US-GA;1988;p0p99;42347.5;;0.85280001;0.85280001
;US-GA;1988;p99.5p100;1115038.6;;0.1134;0.1134
;US-GA;1987;p0p100;188773.8;1.33992259085e+11;1.0;1.0
;US-GA;1987;p99p100;560052.81;;0.1182;0.1182
;US-GA;1987;p99.9p100;2045703.4;;0.043200001;0.043200001
;US-GA;1987;p99.99p100;7521021.5;;0.015900001;0.015900001
;US-GA;1987;p90p100;179181.7;;0.37810001;0.37810001
;US-GA;1987;p90p95;113785.9;;0.1201;0.1201
;US-GA;1987;p95p99;164210.09;;0.13860001;0.13860001
;US-GA;1987;p99.5p99.9;508248.41;;0.0429;0.0429
;US-GA;1987;p99.9p99.99;1418664.4;;0.026900001;0.026900001
;US-GA;1987;p99p99.5;294896.69;;0.031099999;0.031099999
;US-GA;1987;p95p100;244399.59;;0.2579;0.2579
;US-GA;1987;p0p90;32883.0;;0.62449998;0.62449998
;US-GA;1987;p0p99;42210.398;;0.8818;0.8818
;US-GA;1987;p99.5p100;821462.5;;0.0867;0.0867
;US-GA;1986;p0p100;211237.7;1.3534603285e+11;1.0;1.0
;US-GA;1986;p99p100;749562.63;;0.15109999;0.15109999
;US-GA;1986;p99.9p100;3343178.8;;0.067400001;0.067400001
;US-GA;1986;p99.99p100;14494998.0;;0.029200001;0.029200001
;US-GA;1986;p90p100;199906.3;;0.40290001;0.40290001
;US-GA;1986;p90p95;113230.1;;0.1141;0.1141
;US-GA;1986;p95p99;168967.41;;0.1362;0.1362
;US-GA;1986;p99.5p99.9;622486.81;;0.0502;0.0502
;US-GA;1986;p99.9p99.99;2072823.8;;0.037599999;0.037599999
;US-GA;1986;p99p99.5;320473.09;;0.032299999;0.032299999
;US-GA;1986;p95p100;286289.19;;0.28850001;0.28850001
;US-GA;1986;p0p90;33100.898;;0.60039997;0.60039997
;US-GA;1986;p0p99;42548.199;;0.84890002;0.84890002
;US-GA;1986;p99.5p100;1173759.6;;0.1183;0.1183
;US-GA;1985;p0p100;203266.8;1.20465982709e+11;1.0;1.0
;US-GA;1985;p99p100;569758.63;;0.1237;0.1237
;US-GA;1985;p99.9p100;2318889.0;;0.050299998;0.050299998
;US-GA;1985;p99.99p100;9416111.0;;0.020400001;0.020400001
;US-GA;1985;p90p100;174509.5;;0.3788;0.3788
;US-GA;1985;p90p95;108611.8;;0.1179;0.1179
;US-GA;1985;p95p99;157110.8;;0.1364;0.1364
;US-GA;1985;p99.5p99.9;486508.31;;0.042199999;0.042199999
;US-GA;1985;p99.9p99.99;1506279.3;;0.0294;0.0294
;US-GA;1985;p99p99.5;279306.41;;0.030300001;0.030300001
;US-GA;1985;p95p100;240274.7;;0.2608;0.2608
;US-GA;1985;p0p90;31898.0;;0.6232;0.6232
;US-GA;1985;p0p99;40773.199;;0.87629998;0.87629998
;US-GA;1985;p99.5p100;857533.38;;0.093099996;0.093099996
;US-GA;1984;p0p100;207638.5;1.12477514099e+11;1.0;1.0
;US-GA;1984;p99p100;503276.31;;0.1144;0.1144
;US-GA;1984;p99.9p100;1997634.4;;0.045400001;0.045400001
;US-GA;1984;p99.99p100;8203779.5;;0.0187;0.0187
;US-GA;1984;p90p100;161845.41;;0.368;0.368
;US-GA;1984;p90p95;104084.9;;0.1183;0.1183
;US-GA;1984;p95p99;147718.5;;0.13429999;0.13429999
;US-GA;1984;p99.5p99.9;428918.69;;0.039000001;0.039000001
;US-GA;1984;p99.9p99.99;1276790.3;;0.0261;0.0261
;US-GA;1984;p99p99.5;255180.59;;0.028999999;0.028999999
;US-GA;1984;p95p100;219553.7;;0.24959999;0.24959999
;US-GA;1984;p0p90;31008.699;;0.63450003;0.63450003
;US-GA;1984;p0p99;39342.602;;0.88559997;0.88559997
;US-GA;1984;p99.5p100;748262.63;;0.085100003;0.085100003
;US-GA;1983;p0p100;227089.91;1.040985073e+11;1.0;1.0
;US-GA;1983;p99p100;438497.0;;0.103;0.103
;US-GA;1983;p99.9p100;1606969.4;;0.037700001;0.037700001
;US-GA;1983;p99.99p100;6328062.0;;0.0149;0.0149
;US-GA;1983;p90p100;151819.0;;0.35659999;0.35659999
;US-GA;1983;p90p95;102496.6;;0.1204;0.1204
;US-GA;1983;p95p99;141577.3;;0.133;0.133
;US-GA;1983;p99.5p99.9;389315.5;;0.036600001;0.036600001
;US-GA;1983;p99.9p99.99;1066964.3;;0.022600001;0.022600001
;US-GA;1983;p99p99.5;238633.8;;0.028000001;0.028000001
;US-GA;1983;p95p100;201346.09;;0.23649999;0.23649999
;US-GA;1983;p0p90;30493.9;;0.64459997;0.64459997
;US-GA;1983;p0p99;38576.699;;0.89700001;0.89700001
;US-GA;1983;p99.5p100;636389.88;;0.074699998;0.074699998
;US-GA;1982;p0p100;225008.41;98922036227.0;1.0;1.0
;US-GA;1982;p99p100;436529.5;;0.1079;0.1079
;US-GA;1982;p99.9p100;1688478.1;;0.041700002;0.041700002
;US-GA;1982;p99.99p100;7010615.5;;0.0173;0.0173
;US-GA;1982;p90p100;145838.09;;0.36050001;0.36050001
;US-GA;1982;p90p95;95612.102;;0.1182;0.1182
;US-GA;1982;p95p99;135707.0;;0.13420001;0.13420001
;US-GA;1982;p99.5p99.9;383048.91;;0.037900001;0.037900001
;US-GA;1982;p99.9p99.99;1097129.6;;0.0244;0.0244
;US-GA;1982;p99p99.5;228924.3;;0.0283;0.0283
;US-GA;1982;p95p100;196163.2;;0.24240001;0.24240001
;US-GA;1982;p0p90;28760.6;;0.63980001;0.63980001
;US-GA;1982;p0p99;36458.0;;0.89209998;0.89209998
;US-GA;1982;p99.5p100;644134.81;;0.079599999;0.079599999
;US-GA;1981;p0p100;269302.69;97447072891.0;1.0;1.0
;US-GA;1981;p99p100;382508.69;;0.088799998;0.088799998
;US-GA;1981;p99.9p100;1180780.3;;0.0274;0.0274
;US-GA;1981;p99.99p100;4283992.0;;0.0098999999;0.0098999999
;US-GA;1981;p90p100;147182.2;;0.34169999;0.34169999
;US-GA;1981;p90p95;108922.8;;0.1265;0.1265
;US-GA;1981;p95p99;136674.2;;0.1269;0.1269
;US-GA;1981;p99.5p99.9;375708.41;;0.034899998;0.034899998
;US-GA;1981;p99.9p99.99;835602.19;;0.0175;0.0175
;US-GA;1981;p99p99.5;226963.59;;0.0263;0.0263
;US-GA;1981;p95p100;185947.09;;0.2159;0.2159
;US-GA;1981;p0p90;31485.9;;0.65799999;0.65799999
;US-GA;1981;p0p99;39639.898;;0.91119999;0.91119999
;US-GA;1981;p99.5p100;537851.69;;0.062399998;0.062399998
;US-GA;1980;p0p100;326112.69;95583564167.0;1.0;1.0
;US-GA;1980;p99p100;384516.59;;0.088399999;0.088399999
;US-GA;1980;p99.9p100;1166810.0;;0.026799999;0.026799999
;US-GA;1980;p99.99p100;3957967.8;;0.0091000004;0.0091000004
;US-GA;1980;p90p100;144935.41;;0.33329999;0.33329999
;US-GA;1980;p90p95;98652.5;;0.1134;0.1134
;US-GA;1980;p95p99;142785.09;;0.1314;0.1314
;US-GA;1980;p99.5p99.9;377284.41;;0.034699999;0.034699999
;US-GA;1980;p99.9p99.99;856255.5;;0.0177;0.0177
;US-GA;1980;p99p99.5;233492.7;;0.026799999;0.026799999
;US-GA;1980;p95p100;191183.91;;0.2198;0.2198
;US-GA;1980;p0p90;32215.5;;0.66680002;0.66680002
;US-GA;1980;p0p99;40036.199;;0.91159999;0.91159999
;US-GA;1980;p99.5p100;535508.31;;0.0616;0.0616
;US-GA;1979;p0p100;400853.5;94617036192.0;1.0;1.0
;US-GA;1979;p99p100;408074.19;;0.0942;0.0942
;US-GA;1979;p99.9p100;1273595.8;;0.0294;0.0294
;US-GA;1979;p99.99p100;5087111.0;;0.0117;0.0117
;US-GA;1979;p90p100;147549.5;;0.34079999;0.34079999
;US-GA;1979;p90p95;101415.5;;0.1171;0.1171
;US-GA;1979;p95p99;139925.2;;0.1293;0.1293
;US-GA;1979;p99.5p99.9;389186.59;;0.035999998;0.035999998
;US-GA;1979;p99.9p99.99;849874.19;;0.0177;0.0177
;US-GA;1979;p99p99.5;250170.3;;0.028899999;0.028899999
;US-GA;1979;p95p100;193546.0;;0.2235;0.2235
;US-GA;1979;p0p90;31722.301;;0.65939999;0.65939999
;US-GA;1979;p0p99;39614.5;;0.90579998;0.90579998
;US-GA;1979;p99.5p100;566251.81;;0.065399997;0.065399997
;US-GA;1978;p0p100;479224.69;90214009163.0;1.0;1.0
;US-GA;1978;p99p100;355645.31;;0.082500003;0.082500003
;US-GA;1978;p99.9p100;936405.63;;0.0217;0.0217
;US-GA;1978;p99.99p100;2360125.0;;0.0055;0.0055
;US-GA;1978;p90p100;139126.2;;0.32269999;0.32269999
;US-GA;1978;p90p95;95090.102;;0.1103;0.1103
;US-GA;1978;p95p99;140149.0;;0.13;0.13
;US-GA;1978;p99.5p99.9;365019.81;;0.0339;0.0339
;US-GA;1978;p99.9p99.99;777529.13;;0.0162;0.0162
;US-GA;1978;p99p99.5;231797.59;;0.026900001;0.026900001
;US-GA;1978;p95p100;183164.5;;0.2124;0.2124
;US-GA;1978;p0p90;32438.9;;0.67720002;0.67720002
;US-GA;1978;p0p99;39953.398;;0.91750002;0.91750002
;US-GA;1978;p99.5p100;479578.81;;0.055599999;0.055599999
;US-GA;1977;p0p100;537126.5;85212380220.0;1.0;1.0
;US-GA;1977;p99p100;341652.0;;0.081799999;0.081799999
;US-GA;1977;p99.9p100;913393.31;;0.0219;0.0219
;US-GA;1977;p99.99p100;2468886.3;;0.0059000002;0.0059000002
;US-GA;1977;p90p100;135520.09;;0.3247;0.3247
;US-GA;1977;p90p95;95385.898;;0.1143;0.1143
;US-GA;1977;p95p99;134147.3;;0.1286;0.1286
;US-GA;1977;p99.5p99.9;349311.5;;0.033500001;0.033500001
;US-GA;1977;p99.9p99.99;739662.69;;0.015900001;0.015900001
;US-GA;1977;p99p99.5;220998.5;;0.0265;0.0265
;US-GA;1977;p95p100;175663.7;;0.2104;0.2104
;US-GA;1977;p0p90;31323.9;;0.67540002;0.67540002
;US-GA;1977;p0p99;38712.199;;0.91820002;0.91820002
;US-GA;1977;p99.5p100;462356.19;;0.055399999;0.055399999
;US-GA;1976;p0p100;599582.38;81858294817.0;1.0;1.0
;US-GA;1976;p99p100;329910.5;;0.080300003;0.080300003
;US-GA;1976;p99.9p100;839512.63;;0.020400001;0.020400001
;US-GA;1976;p99.99p100;2292404.0;;0.0055999998;0.0055999998
;US-GA;1976;p90p100;132015.91;;0.32139999;0.32139999
;US-GA;1976;p90p95;91766.703;;0.1117;0.1117
;US-GA;1976;p95p99;132865.5;;0.1294;0.1294
;US-GA;1976;p99.5p99.9;358354.31;;0.034899998;0.034899998
;US-GA;1976;p99.9p99.99;678266.63;;0.0149;0.0149
;US-GA;1976;p99p99.5;204826.7;;0.024900001;0.024900001
;US-GA;1976;p95p100;172273.0;;0.2097;0.2097
;US-GA;1976;p0p90;30976.5;;0.67869997;0.67869997
;US-GA;1976;p0p99;38161.5;;0.91970003;0.91970003
;US-GA;1976;p99.5p100;455003.69;;0.055399999;0.055399999
;US-GA;1975;p0p100;640331.88;76338507029.0;1.0;1.0
;US-GA;1975;p99p100;329552.19;;0.083999999;0.083999999
;US-GA;1975;p99.9p100;858841.19;;0.0219;0.0219
;US-GA;1975;p99.99p100;2345277.3;;0.0060000001;0.0060000001
;US-GA;1975;p90p100;130693.2;;0.33320001;0.33320001
;US-GA;1975;p90p95;90957.0;;0.116;0.116
;US-GA;1975;p95p99;130669.8;;0.13330001;0.13330001
;US-GA;1975;p99.5p99.9;345278.69;;0.0352;0.0352
;US-GA;1975;p99.9p99.99;694252.0;;0.015900001;0.015900001
;US-GA;1975;p99p99.5;210725.3;;0.026900001;0.026900001
;US-GA;1975;p95p100;170442.59;;0.2173;0.2173
;US-GA;1975;p0p90;29057.9;;0.66680002;0.66680002
;US-GA;1975;p0p99;36288.199;;0.91600001;0.91600001
;US-GA;1975;p99.5p100;448351.5;;0.0572;0.0572
;US-GA;1974;p0p100;820763.31;80231988899.0;1.0;1.0
;US-GA;1974;p99p100;375154.09;;0.0889;0.0889
;US-GA;1974;p99.9p100;1104098.9;;0.0262;0.0262
;US-GA;1974;p99.99p100;3502275.3;;0.0082999999;0.0082999999
;US-GA;1974;p90p100;139214.5;;0.32980001;0.32980001
;US-GA;1974;p90p95;94446.898;;0.1119;0.1119
;US-GA;1974;p95p99;136100.41;;0.12899999;0.12899999
;US-GA;1974;p99.5p99.9;368824.0;;0.034899998;0.034899998
;US-GA;1974;p99.9p99.99;836428.69;;0.0178;0.0178
;US-GA;1974;p99p99.5;233842.3;;0.0277;0.0277
;US-GA;1974;p95p100;183987.8;;0.21789999;0.21789999
;US-GA;1974;p0p90;31444.801;;0.67040002;0.67040002
;US-GA;1974;p0p99;38851.199;;0.91109997;0.91109997
;US-GA;1974;p99.5p100;516230.81;;0.061099999;0.061099999
;US-GA;1973;p0p100;1039646.9;80555600869.0;1.0;1.0
;US-GA;1973;p99p100;407427.69;;0.093900003;0.093900003
;US-GA;1973;p99.9p100;1162855.3;;0.026799999;0.026799999
;US-GA;1973;p99.99p100;3865165.5;;0.0088999998;0.0088999998
;US-GA;1973;p90p100;149311.91;;0.3443;0.3443
;US-GA;1973;p90p95;97294.203;;0.1122;0.1122
;US-GA;1973;p95p99;149793.3;;0.1382;0.1382
;US-GA;1973;p99.5p99.9;416012.81;;0.038400002;0.038400002
;US-GA;1973;p99.9p99.99;862517.38;;0.017899999;0.017899999
;US-GA;1973;p99p99.5;249593.91;;0.0288;0.0288
;US-GA;1973;p95p100;201321.59;;0.2321;0.2321
;US-GA;1973;p0p90;31599.6;;0.65570003;0.65570003
;US-GA;1973;p0p99;39693.602;;0.90609998;0.90609998
;US-GA;1973;p99.5p100;565373.0;;0.065200001;0.065200001
;US-GA;1972;p0p100;1131983.6;75944986414.0;1.0;1.0
;US-GA;1972;p99p100;409593.19;;0.097900003;0.097900003
;US-GA;1972;p99.9p100;1208645.8;;0.028899999;0.028899999
;US-GA;1972;p99.99p100;3850359.5;;0.0092000002;0.0092000002
;US-GA;1972;p90p100;143378.3;;0.34259999;0.34259999
;US-GA;1972;p90p95;92947.5;;0.111;0.111
;US-GA;1972;p95p99;139855.5;;0.1337;0.1337
;US-GA;1972;p99.5p99.9;408539.19;;0.039000001;0.039000001
;US-GA;1972;p99.9p99.99;914943.31;;0.0197;0.0197
;US-GA;1972;p99p99.5;250342.8;;0.029899999;0.029899999
;US-GA;1972;p95p100;193803.5;;0.2315;0.2315
;US-GA;1972;p0p90;30575.9;;0.65750003;0.65750003
;US-GA;1972;p0p99;38139.699;;0.90210003;0.90210003
;US-GA;1972;p99.5p100;568843.5;;0.068000004;0.068000004
;US-GA;1971;p0p100;1140704.4;70109437459.0;1.0;1.0
;US-GA;1971;p99p100;373607.69;;0.094400004;0.094400004
;US-GA;1971;p99.9p100;1086565.8;;0.0274;0.0274
;US-GA;1971;p99.99p100;3580649.5;;0.0089999996;0.0089999996
;US-GA;1971;p90p100;133277.2;;0.33660001;0.33660001
;US-GA;1971;p90p95;89087.398;;0.1125;0.1125
;US-GA;1971;p95p99;128436.7;;0.12980001;0.12980001
;US-GA;1971;p99.5p99.9;368824.69;;0.037300002;0.037300002
;US-GA;1971;p99.9p99.99;809631.88;;0.0184;0.0184
;US-GA;1971;p99p99.5;234588.41;;0.0296;0.0296
;US-GA;1971;p95p100;177470.59;;0.22409999;0.22409999
;US-GA;1971;p0p90;29185.801;;0.66339999;0.66339999
;US-GA;1971;p0p99;36220.199;;0.90560001;0.90560001
;US-GA;1971;p99.5p100;512572.31;;0.0647;0.0647
;US-GA;1970;p0p100;1216015.3;66814598129.0;1.0;1.0
;US-GA;1970;p99p100;348024.69;;0.0898;0.0898
;US-GA;1970;p99.9p100;947736.0;;0.024499999;0.024499999
;US-GA;1970;p99.99p100;2895969.0;;0.0074999998;0.0074999998
;US-GA;1970;p90p100;128723.7;;0.33230001;0.33230001
;US-GA;1970;p90p95;87170.0;;0.1125;0.1125
;US-GA;1970;p95p99;125856.5;;0.13;0.13
;US-GA;1970;p99.5p99.9;349978.0;;0.0361;0.0361
;US-GA;1970;p99.9p99.99;730802.31;;0.017000001;0.017000001
;US-GA;1970;p99p99.5;226182.0;;0.029200001;0.029200001
;US-GA;1970;p95p100;170283.8;;0.2198;0.2198
;US-GA;1970;p0p90;28742.4;;0.66780001;0.66780001
;US-GA;1970;p0p99;35615.0;;0.9102;0.9102
;US-GA;1970;p99.5p100;469767.41;;0.060600001;0.060600001
;US-GA;1969;p0p100;1373081.3;66118990973.0;1.0;1.0
;US-GA;1969;p99p100;417756.09;;0.1067;0.1067
;US-GA;1969;p99.9p100;1366927.4;;0.034899998;0.034899998
;US-GA;1969;p99.99p100;6057071.5;;0.0155;0.0155
;US-GA;1969;p90p100;136585.2;;0.34900001;0.34900001
;US-GA;1969;p90p95;87357.703;;0.1116;0.1116
;US-GA;1969;p95p99;127825.6;;0.13060001;0.13060001
;US-GA;1969;p99.5p99.9;395860.31;;0.0405;0.0405
;US-GA;1969;p99.9p99.99;845136.69;;0.019400001;0.019400001
;US-GA;1969;p99p99.5;245359.2;;0.031300001;0.031300001
;US-GA;1969;p95p100;185812.91;;0.2374;0.2374
;US-GA;1969;p0p90;28309.301;;0.65100002;0.65100002
;US-GA;1969;p0p99;35311.398;;0.8933;0.8933
;US-GA;1969;p99.5p100;590215.5;;0.075400002;0.075400002
;US-GA;1968;p0p100;1508413.8;64092169376.0;1.0;1.0
;US-GA;1968;p99p100;397389.09;;0.1028;0.1028
;US-GA;1968;p99.9p100;1251520.3;;0.032400001;0.032400001
;US-GA;1968;p99.99p100;4362457.5;;0.0113;0.0113
;US-GA;1968;p90p100;131040.7;;0.33899999;0.33899999
;US-GA;1968;p90p95;82035.398;;0.1061;0.1061
;US-GA;1968;p95p99;125686.6;;0.1301;0.1301
;US-GA;1968;p99.5p99.9;388795.59;;0.040199999;0.040199999
;US-GA;1968;p99.9p99.99;908159.19;;0.0211;0.0211
;US-GA;1968;p99p99.5;233502.41;;0.030200001;0.030200001
;US-GA;1968;p95p100;180035.91;;0.23289999;0.23289999
;US-GA;1968;p0p90;28390.301;;0.66100001;0.66100001
;US-GA;1968;p0p99;35033.199;;0.89719999;0.89719999
;US-GA;1968;p99.5p100;561201.0;;0.0726;0.0726
;US-GA;1967;p0p100;1571943.3;60363527604.0;1.0;1.0
;US-GA;1967;p99p100;365528.69;;0.098499998;0.098499998
;US-GA;1967;p99.9p100;1046873.9;;0.028200001;0.028200001
;US-GA;1967;p99.99p100;3068403.5;;0.0082999999;0.0082999999
;US-GA;1967;p90p100;124879.0;;0.33649999;0.33649999
;US-GA;1967;p90p95;82238.102;;0.1108;0.1108
;US-GA;1967;p95p99;118104.8;;0.12729999;0.12729999
;US-GA;1967;p99.5p99.9;360291.69;;0.038800001;0.038800001
;US-GA;1967;p99.9p99.99;823006.81;;0.02;0.02
;US-GA;1967;p99p99.5;233487.5;;0.031500001;0.031500001
;US-GA;1967;p95p100;167570.59;;0.22579999;0.22579999
;US-GA;1967;p0p90;27351.699;;0.66339999;0.66339999
;US-GA;1967;p0p99;33791.398;;0.90149999;0.90149999
;US-GA;1967;p99.5p100;497642.91;;0.067100003;0.067100003
;US-GA;1966;p0p100;1593754.4;56450291896.0;1.0;1.0
;US-GA;1966;p99p100;348516.31;;0.098399997;0.098399997
;US-GA;1966;p99.9p100;1009043.0;;0.0285;0.0285
;US-GA;1966;p99.99p100;3315512.8;;0.0093999999;0.0093999999
;US-GA;1966;p90p100;120336.0;;0.33989999;0.33989999
;US-GA;1966;p90p95;80167.797;;0.1132;0.1132
;US-GA;1966;p95p99;113675.7;;0.1284;0.1284
;US-GA;1966;p99.5p99.9;343342.41;;0.038800001;0.038800001
;US-GA;1966;p99.9p99.99;753043.88;;0.019099999;0.019099999
;US-GA;1966;p99p99.5;219790.59;;0.030999999;0.030999999
;US-GA;1966;p95p100;160635.91;;0.2269;0.2269
;US-GA;1966;p0p90;25963.801;;0.66000003;0.66000003
;US-GA;1966;p0p99;32241.699;;0.9016;0.9016
;US-GA;1966;p99.5p100;477032.09;;0.067400001;0.067400001
;US-GA;1965;p0p100;1606010.9;52665886215.0;1.0;1.0
;US-GA;1965;p99p100;349302.5;;0.1036;0.1036
;US-GA;1965;p99.9p100;995373.63;;0.0295;0.0295
;US-GA;1965;p99.99p100;3033222.8;;0.0089999996;0.0089999996
;US-GA;1965;p90p100;117864.3;;0.3495;0.3495
;US-GA;1965;p90p95;76287.898;;0.1131;0.1131
;US-GA;1965;p95p99;111963.9;;0.1328;0.1328
;US-GA;1965;p99.5p99.9;351305.69;;0.041700002;0.041700002
;US-GA;1965;p99.9p99.99;767655.81;;0.020500001;0.020500001
;US-GA;1965;p99p99.5;218201.91;;0.032400001;0.032400001
;US-GA;1965;p95p100;159436.8;;0.23639999;0.23639999
;US-GA;1965;p0p90;24376.5;;0.65060002;0.65060002
;US-GA;1965;p0p99;30534.6;;0.89639997;0.89639997
;US-GA;1965;p99.5p100;480332.0;;0.071199998;0.071199998
;US-GA;1964;p0p100;1561586.8;48531564466.0;1.0;1.0
;US-GA;1964;p99p100;318780.81;;0.1004;0.1004
;US-GA;1964;p99.9p100;921160.88;;0.028999999;0.028999999
;US-GA;1964;p99.99p100;2770712.3;;0.0087000001;0.0087000001
;US-GA;1964;p90p100;110635.3;;0.3484;0.3484
;US-GA;1964;p90p95;72666.898;;0.1144;0.1144
;US-GA;1964;p95p99;106067.1;;0.1336;0.1336
;US-GA;1964;p99.5p99.9;327842.81;;0.041299999;0.041299999
;US-GA;1964;p99.9p99.99;715259.0;;0.020300001;0.020300001
;US-GA;1964;p99p99.5;190921.91;;0.030099999;0.030099999
;US-GA;1964;p95p100;148587.41;;0.2339;0.2339
;US-GA;1964;p0p90;22993.301;;0.6516;0.6516
;US-GA;1964;p0p99;28857.5;;0.89960003;0.89960003
;US-GA;1964;p99.5p100;446596.09;;0.070299998;0.070299998
;US-GA;1963;p0p100;1520106.8;44978744578.0;1.0;1.0
;US-GA;1963;p99p100;284662.19;;0.094499998;0.094499998
;US-GA;1963;p99.9p100;823932.63;;0.0274;0.0274
;US-GA;1963;p99.99p100;2564259.5;;0.0085000005;0.0085000005
;US-GA;1963;p90p100;100623.4;;0.33410001;0.33410001
;US-GA;1963;p90p95;66876.398;;0.111;0.111
;US-GA;1963;p95p99;96797.602;;0.1285;0.1285
;US-GA;1963;p99.5p99.9;284168.31;;0.037700001;0.037700001
;US-GA;1963;p99.9p99.99;631246.19;;0.0189;0.0189
;US-GA;1963;p99p99.5;177026.0;;0.0294;0.0294
;US-GA;1963;p95p100;134370.5;;0.22310001;0.22310001
;US-GA;1963;p0p90;22287.301;;0.66589999;0.66589999
;US-GA;1963;p0p99;27549.5;;0.90549999;0.90549999
;US-GA;1963;p99.5p100;392294.31;;0.065099999;0.065099999
;US-GA;1962;p0p100;1474045.0;41489317492.0;1.0;1.0
;US-GA;1962;p99p100;270165.81;;0.094999999;0.094999999
;US-GA;1962;p99.9p100;757976.69;;0.0266;0.0266
;US-GA;1962;p99.99p100;2054269.8;;0.0071999999;0.0071999999
;US-GA;1962;p90p100;97897.203;;0.3441;0.3441
;US-GA;1962;p90p95;65080.301;;0.1144;0.1144
;US-GA;1962;p95p99;95851.297;;0.1348;0.1348
;US-GA;1962;p99.5p99.9;279200.81;;0.039299998;0.039299998
;US-GA;1962;p99.9p99.99;615724.88;;0.0195;0.0195
;US-GA;1962;p99p99.5;164946.2;;0.028999999;0.028999999
;US-GA;1962;p95p100;130714.3;;0.2297;0.2297
;US-GA;1962;p0p90;20733.5;;0.6559;0.6559
;US-GA;1962;p0p99;26007.699;;0.90499997;0.90499997
;US-GA;1962;p99.5p100;375381.69;;0.066;0.066
;US-GA;1961;p0p100;1467973.6;39513883061.0;1.0;1.0
;US-GA;1961;p99p100;279571.91;;0.1007;0.1007
;US-GA;1961;p99.9p100;880503.13;;0.0317;0.0317
;US-GA;1961;p99.99p100;3055656.3;;0.011;0.011
;US-GA;1961;p90p100;95292.398;;0.34310001;0.34310001
;US-GA;1961;p90p95;61731.699;;0.1111;0.1111
;US-GA;1961;p95p99;91175.797;;0.1313;0.1313
;US-GA;1961;p99.5p99.9;275677.91;;0.039700001;0.039700001
;US-GA;1961;p99.9p99.99;639020.0;;0.0207;0.0207
;US-GA;1961;p99p99.5;162440.09;;0.029200001;0.029200001
;US-GA;1961;p95p100;128853.7;;0.23199999;0.23199999
;US-GA;1961;p0p90;20269.801;;0.65689999;0.65689999
;US-GA;1961;p0p99;25228.6;;0.89929998;0.89929998
;US-GA;1961;p99.5p100;396705.41;;0.071400002;0.071400002
;US-GA;1960;p0p100;1475896.8;37937349082.0;1.0;1.0
;US-GA;1960;p99p100;273948.0;;0.1001;0.1001
;US-GA;1960;p99.9p100;811992.5;;0.0297;0.0297
;US-GA;1960;p99.99p100;2082411.6;;0.0076000001;0.0076000001
;US-GA;1960;p90p100;92752.5;;0.33899999;0.33899999
;US-GA;1960;p90p95;59243.602;;0.1082;0.1082
;US-GA;1960;p95p99;89340.398;;0.13060001;0.13060001
;US-GA;1960;p99.5p99.9;279361.0;;0.040800001;0.040800001
;US-GA;1960;p99.9p99.99;672997.13;;0.0221;0.0221
;US-GA;1960;p99p99.5;161696.0;;0.0295;0.0295
;US-GA;1960;p95p100;126261.5;;0.2307;0.2307
;US-GA;1960;p0p90;20098.6;;0.66100001;0.66100001
;US-GA;1960;p0p99;24873.699;;0.89990002;0.89990002
;US-GA;1960;p99.5p100;386198.81;;0.070600003;0.070600003
;US-GA;1959;p0p100;1507671.6;37278042390.0;1.0;1.0
;US-GA;1959;p99p100;258470.59;;0.095700003;0.095700003
;US-GA;1959;p99.9p100;776520.38;;0.0287;0.0287
;US-GA;1959;p99.99p100;2205964.5;;0.0082;0.0082
;US-GA;1959;p90p100;89942.102;;0.33289999;0.33289999
;US-GA;1959;p90p95;58603.5;;0.1085;0.1085
;US-GA;1959;p95p99;86986.5;;0.1288;0.1288
;US-GA;1959;p99.5p99.9;262891.59;;0.038899999;0.038899999
;US-GA;1959;p99.9p99.99;618243.38;;0.0206;0.0206
;US-GA;1959;p99p99.5;151245.41;;0.028000001;0.028000001
;US-GA;1959;p95p100;121281.5;;0.2245;0.2245
;US-GA;1959;p0p90;20025.199;;0.66710001;0.66710001
;US-GA;1959;p0p99;24679.199;;0.90429997;0.90429997
;US-GA;1959;p99.5p100;365699.5;;0.067699999;0.067699999
;US-GA;1958;p0p100;1431761.0;34712182630.0;1.0;1.0
;US-GA;1958;p99p100;242323.7;;0.095799997;0.095799997
;US-GA;1958;p99.9p100;685416.5;;0.027100001;0.027100001
;US-GA;1958;p99.99p100;1861122.0;;0.0074;0.0074
;US-GA;1958;p90p100;85185.703;;0.33660001;0.33660001
;US-GA;1958;p90p95;55894.0;;0.1104;0.1104
;US-GA;1958;p95p99;82517.102;;0.1304;0.1304
;US-GA;1958;p99.5p99.9;247200.91;;0.039099999;0.039099999
;US-GA;1958;p99.9p99.99;555620.38;;0.0198;0.0198
;US-GA;1958;p99p99.5;149594.8;;0.0296;0.0296
;US-GA;1958;p95p100;114478.0;;0.2262;0.2262
;US-GA;1958;p0p90;18652.301;;0.66339999;0.66339999
;US-GA;1958;p0p99;23113.301;;0.90420002;0.90420002
;US-GA;1958;p99.5p100;335051.41;;0.066200003;0.066200003
;US-GA;1957;p0p100;1512444.4;34535627730.0;1.0;1.0
;US-GA;1957;p99p100;249429.3;;0.098499998;0.098499998
;US-GA;1957;p99.9p100;676719.38;;0.026699999;0.026699999
;US-GA;1957;p99.99p100;1678296.4;;0.0066;0.0066
;US-GA;1957;p90p100;84040.602;;0.33180001;0.33180001
;US-GA;1957;p90p95;53583.801;;0.1058;0.1058
;US-GA;1957;p95p99;80765.102;;0.1275;0.1275
;US-GA;1957;p99.5p99.9;261497.8;;0.041299999;0.041299999
;US-GA;1957;p99.9p99.99;566210.31;;0.020099999;0.020099999
;US-GA;1957;p99p99.5;154100.0;;0.030400001;0.030400001
;US-GA;1957;p95p100;114497.5;;0.226;0.226
;US-GA;1957;p0p90;18807.4;;0.66820002;0.66820002
;US-GA;1957;p0p99;23066.699;;0.90149999;0.90149999
;US-GA;1957;p99.5p100;344756.91;;0.068099998;0.068099998
;US-GA;1956;p0p100;1655125.5;34968446705.0;1.0;1.0
;US-GA;1956;p99p100;255116.2;;0.098700002;0.098700002
;US-GA;1956;p99.9p100;718260.13;;0.027799999;0.027799999
;US-GA;1956;p99.99p100;1776225.6;;0.0068999999;0.0068999999
;US-GA;1956;p90p100;85700.602;;0.33160001;0.33160001
;US-GA;1956;p90p95;57858.0;;0.1119;0.1119
;US-GA;1956;p95p99;78476.297;;0.1215;0.1215
;US-GA;1956;p99.5p99.9;271763.19;;0.042100001;0.042100001
;US-GA;1956;p99.9p99.99;602307.69;;0.021;0.021
;US-GA;1956;p99p99.5;148719.59;;0.0288;0.0288
;US-GA;1956;p95p100;113804.5;;0.2202;0.2202
;US-GA;1956;p0p90;19181.4;;0.66790003;0.66790003
;US-GA;1956;p0p99;23529.699;;0.90130001;0.90130001
;US-GA;1956;p99.5p100;361511.41;;0.069899999;0.069899999
;US-GA;1955;p0p100;1654571.8;33677452233.0;1.0;1.0
;US-GA;1955;p99p100;250932.09;;0.1;0.1
;US-GA;1955;p99.9p100;722608.81;;0.0288;0.0288
;US-GA;1955;p99.99p100;1838843.8;;0.0073000002;0.0073000002
;US-GA;1955;p90p100;84920.297;;0.33860001;0.33860001
;US-GA;1955;p90p95;58417.5;;0.1165;0.1165
;US-GA;1955;p95p99;77231.602;;0.1232;0.1232
;US-GA;1955;p99.5p99.9;256782.8;;0.041000001;0.041000001
;US-GA;1955;p99.9p99.99;598682.63;;0.021500001;0.021500001
;US-GA;1955;p99p99.5;151919.91;;0.030300001;0.030300001
;US-GA;1955;p95p100;111963.8;;0.22319999;0.22319999
;US-GA;1955;p0p90;18401.301;;0.66030002;0.66030002
;US-GA;1955;p0p99;22799.5;;0.89999998;0.89999998
;US-GA;1955;p99.5p100;349944.59;;0.069799997;0.069799997
;US-GA;1954;p0p100;1503297.6;30590915178.0;1.0;1.0
;US-GA;1954;p99p100;246562.91;;0.1074;0.1074
;US-GA;1954;p99.9p100;694950.69;;0.030300001;0.030300001
;US-GA;1954;p99.99p100;1689910.3;;0.0074;0.0074
;US-GA;1954;p90p100;82248.297;;0.35820001;0.35820001
;US-GA;1954;p90p95;58020.898;;0.12639999;0.12639999
;US-GA;1954;p95p99;72464.102;;0.12630001;0.12630001
;US-GA;1954;p99.5p99.9;258491.59;;0.045000002;0.045000002
;US-GA;1954;p99.9p99.99;584428.81;;0.0229;0.0229
;US-GA;1954;p99p99.5;147344.2;;0.032099999;0.032099999
;US-GA;1954;p95p100;107281.1;;0.23360001;0.23360001
;US-GA;1954;p0p90;16325.8;;0.63999999;0.63999999
;US-GA;1954;p0p99;20699.9;;0.8926;0.8926
;US-GA;1954;p99.5p100;345782.0;;0.075300001;0.075300001
;US-GA;1953;p0p100;1542809.3;30840766933.0;1.0;1.0
;US-GA;1953;p99p100;217927.7;;0.093400002;0.093400002
;US-GA;1953;p99.9p100;638276.19;;0.0274;0.0274
;US-GA;1953;p99.99p100;1610352.3;;0.0068999999;0.0068999999
;US-GA;1953;p90p100;77337.703;;0.33149999;0.33149999
;US-GA;1953;p90p95;56999.199;;0.1222;0.1222
;US-GA;1953;p95p99;68729.797;;0.1178;0.1178
;US-GA;1953;p99.5p99.9;219887.41;;0.037700001;0.037700001
;US-GA;1953;p99.9p99.99;531345.38;;0.020500001;0.020500001
;US-GA;1953;p99p99.5;132341.8;;0.0284;0.0284
;US-GA;1953;p95p100;98559.0;;0.2112;0.2112
;US-GA;1953;p0p90;17276.301;;0.66649997;0.66649997
;US-GA;1953;p0p99;21362.699;;0.9066;0.9066
;US-GA;1953;p99.5p100;303532.69;;0.065099999;0.065099999
;US-GA;1952;p0p100;1558234.8;30469033902.0;1.0;1.0
;US-GA;1952;p99p100;235144.7;;0.1013;0.1013
;US-GA;1952;p99.9p100;697932.69;;0.030099999;0.030099999
;US-GA;1952;p99.99p100;1914258.6;;0.0082;0.0082
;US-GA;1952;p90p100;80738.102;;0.3479;0.3479
;US-GA;1952;p90p95;59714.699;;0.1286;0.1286
;US-GA;1952;p95p99;70039.602;;0.1207;0.1207
;US-GA;1952;p99.5p99.9;241000.8;;0.041499998;0.041499998
;US-GA;1952;p99.9p99.99;563667.0;;0.0219;0.0219
;US-GA;1952;p99p99.5;137984.09;;0.0297;0.0297
;US-GA;1952;p95p100;103038.9;;0.222;0.222
;US-GA;1952;p0p90;16744.4;;0.64929998;0.64929998
;US-GA;1952;p0p99;21069.199;;0.8987;0.8987
;US-GA;1952;p99.5p100;332323.59;;0.071599998;0.071599998
;US-GA;1951;p0p100;1548072.8;28764236223.0;1.0;1.0
;US-GA;1951;p99p100;266188.59;;0.1205;0.1205
;US-GA;1951;p99.9p100;854870.5;;0.038699999;0.038699999
;US-GA;1951;p99.99p100;1911323.8;;0.0087000001;0.0087000001
;US-GA;1951;p90p100;76989.102;;0.3486;0.3486
;US-GA;1951;p90p95;45880.199;;0.1039;0.1039
;US-GA;1951;p95p99;68094.602;;0.1233;0.1233
;US-GA;1951;p99.5p99.9;272413.59;;0.0493;0.0493
;US-GA;1951;p99.9p99.99;742952.19;;0.030300001;0.030300001
;US-GA;1951;p99p99.5;142105.8;;0.032200001;0.032200001
;US-GA;1951;p95p100;107797.9;;0.2441;0.2441
;US-GA;1951;p0p99;14550.7;;0.6523;0.6523
;US-GA;1951;p99.5p100;390383.69;;0.088399999;0.088399999
;US-GA;1950;p0p100;1676841.8;26549285432.0;1.0;1.0
;US-GA;1950;p99p100;234113.59;;0.114;0.114
;US-GA;1950;p99.9p100;755893.0;;0.036800001;0.036800001
;US-GA;1950;p99.99p100;1722933.1;;0.0083999997;0.0083999997
;US-GA;1950;p90p100;70174.102;;0.3416;0.3416
;US-GA;1950;p90p95;42002.301;;0.1022;0.1022
;US-GA;1950;p95p99;64384.699;;0.12540001;0.12540001
;US-GA;1950;p99.5p99.9;243353.5;;0.047400001;0.047400001
;US-GA;1950;p99.9p99.99;664074.63;;0.029100001;0.029100001
;US-GA;1950;p99p99.5;122459.2;;0.0298;0.0298
;US-GA;1950;p95p100;98275.797;;0.2392;0.2392
;US-GA;1950;p0p90;15013.4;;0.6577;0.6577
;US-GA;1950;p0p99;18386.0;;0.88599998;0.88599998
;US-GA;1950;p99.5p100;345750.91;;0.084200002;0.084200002
;US-GA;1949;p0p100;1501454.3;23072762404.0;1.0;1.0
;US-GA;1949;p99p100;207701.3;;0.1151;0.1151
;US-GA;1949;p99.9p100;668592.31;;0.037099998;0.037099998
;US-GA;1949;p99.99p100;1911575.8;;0.0106;0.0106
;US-GA;1949;p90p100;64527.398;;0.35769999;0.35769999
;US-GA;1949;p90p95;39314.199;;0.109;0.109
;US-GA;1949;p95p99;60235.0;;0.1336;0.1336
;US-GA;1949;p99.5p99.9;209737.2;;0.046500001;0.046500001
;US-GA;1949;p99.9p99.99;530497.81;;0.0265;0.0265
;US-GA;1949;p99p99.5;113894.6;;0.031599998;0.031599998
;US-GA;1949;p95p100;89704.0;;0.24860001;0.24860001
;US-GA;1949;p0p90;12874.4;;0.64230001;0.64230001
;US-GA;1949;p0p99;16123.3;;0.88489997;0.88489997
;US-GA;1949;p99.5p100;301508.31;;0.0836;0.0836
;US-GA;1948;p0p100;1479230.5;23007952470.0;1.0;1.0
;US-GA;1948;p99p100;226616.59;;0.125;0.125
;US-GA;1948;p99.9p100;758872.69;;0.041900001;0.041900001
;US-GA;1948;p99.99p100;2298001.5;;0.0127;0.0127
;US-GA;1948;p90p100;65231.398;;0.36000001;0.36000001
;US-GA;1948;p90p95;38052.398;;0.105;0.105
;US-GA;1948;p95p99;58845.801;;0.12989999;0.12989999
;US-GA;1948;p99.5p99.9;229882.3;;0.050700001;0.050700001
;US-GA;1948;p99.9p99.99;587867.31;;0.029200001;0.029200001
;US-GA;1948;p99p99.5;117550.8;;0.032400001;0.032400001
;US-GA;1948;p95p100;92401.102;;0.25490001;0.25490001
;US-GA;1948;p0p90;12888.5;;0.6401;0.6401
;US-GA;1948;p0p99;16016.3;;0.875;0.875
;US-GA;1948;p99.5p100;335680.19;;0.092600003;0.092600003
;US-GA;1947;p0p100;1623976.3;21583049401.0;1.0;1.0
;US-GA;1947;p99p100;237231.2;;0.13850001;0.13850001
;US-GA;1947;p99.9p100;818587.69;;0.047800001;0.047800001
;US-GA;1947;p99.99p100;3001845.0;;0.0175;0.0175
;US-GA;1947;p90p100;64115.301;;0.3743;0.3743
;US-GA;1947;p90p95;35970.0;;0.105;0.105
;US-GA;1947;p95p99;56005.801;;0.13079999;0.13079999
;US-GA;1947;p99.5p99.9;233338.3;;0.054499999;0.054499999
;US-GA;1947;p99.9p99.99;575955.81;;0.030300001;0.030300001
;US-GA;1947;p99p99.5;124088.8;;0.036200002;0.036200002
;US-GA;1947;p95p100;92260.5;;0.26930001;0.26930001
;US-GA;1947;p0p90;11909.1;;0.6257;0.6257
;US-GA;1947;p0p99;14906.0;;0.86150002;0.86150002
;US-GA;1947;p99.5p100;350388.69;;0.1023;0.1023
;US-GA;1946;p0p100;2212851.3;22269869967.0;1.0;1.0
;US-GA;1946;p99p100;259829.8;;0.14560001;0.14560001
;US-GA;1946;p99.9p100;841412.0;;0.0471;0.0471
;US-GA;1946;p99.99p100;2414219.5;;0.0135;0.0135
;US-GA;1946;p90p100;70975.602;;0.39770001;0.39770001
;US-GA;1946;p90p95;39630.5;;0.111;0.111
;US-GA;1946;p95p99;62941.0;;0.1411;0.1411
;US-GA;1946;p99.5p99.9;264863.5;;0.0594;0.0594
;US-GA;1946;p99.9p99.99;666683.88;;0.033599999;0.033599999
;US-GA;1946;p99p99.5;139497.0;;0.039099999;0.039099999
;US-GA;1946;p95p100;102321.1;;0.28670001;0.28670001
;US-GA;1946;p0p90;11944.1;;0.60229999;0.60229999
;US-GA;1946;p0p99;15403.0;;0.85439998;0.85439998
;US-GA;1946;p99.5p100;380172.91;;0.1065;0.1065
;US-GA;1945;p0p100;2846295.5;24289179757.0;1.0;1.0
;US-GA;1945;p99p100;239617.3;;0.123;0.123
;US-GA;1945;p99.9p100;757732.81;;0.038899999;0.038899999
;US-GA;1945;p99.99p100;1947783.1;;0.0099999998;0.0099999998
;US-GA;1945;p90p100;66937.398;;0.34349999;0.34349999
;US-GA;1945;p90p95;38161.199;;0.097900003;0.097900003
;US-GA;1945;p95p99;59740.199;;0.1226;0.1226
;US-GA;1945;p99.5p99.9;247729.8;;0.050799999;0.050799999
;US-GA;1945;p99.9p99.99;628215.5;;0.028999999;0.028999999
;US-GA;1945;p99p99.5;129519.1;;0.033199999;0.033199999
;US-GA;1945;p95p100;95714.203;;0.2456;0.2456
;US-GA;1945;p0p90;14212.8;;0.65640002;0.65640002
;US-GA;1945;p0p99;17264.301;;0.87699997;0.87699997
;US-GA;1945;p99.5p100;349714.81;;0.089699998;0.089699998
;US-GA;1944;p0p100;2990058.0;24344526366.0;1.0;1.0
;US-GA;1944;p99p100;214996.5;;0.1099;0.1099
;US-GA;1944;p99.9p100;702931.0;;0.0359;0.0359
;US-GA;1944;p99.99p100;1898364.1;;0.0097000003;0.0097000003
;US-GA;1944;p90p100;59885.898;;0.30599999;0.30599999
;US-GA;1944;p90p95;34920.602;;0.089199997;0.089199997
;US-GA;1944;p95p99;51928.5;;0.1061;0.1061
;US-GA;1944;p99.5p99.9;219040.41;;0.044799998;0.044799998
;US-GA;1944;p99.9p99.99;570543.19;;0.0262;0.0262
;US-GA;1944;p99p99.5;114141.8;;0.029200001;0.029200001
;US-GA;1944;p95p100;84612.398;;0.21619999;0.21619999
;US-GA;1944;p0p90;15108.2;;0.69480002;0.69480002
;US-GA;1944;p0p99;17596.801;;0.8901;0.8901
;US-GA;1944;p99.5p100;315833.59;;0.080700003;0.080700003
;US-GA;1943;p0p100;3032553.0;23777729132.0;1.0;1.0
;US-GA;1943;p99p100;248418.7;;0.1295;0.1295
;US-GA;1943;p99.9p100;860871.88;;0.0449;0.0449
;US-GA;1943;p99.99p100;2268780.3;;0.0118;0.0118
;US-GA;1943;p90p100;65916.203;;0.34369999;0.34369999
;US-GA;1943;p90p95;35836.0;;0.093400002;0.093400002
;US-GA;1943;p95p99;57906.199;;0.1208;0.1208
;US-GA;1943;p99.5p99.9;250868.3;;0.052299999;0.052299999
;US-GA;1943;p99.9p99.99;707389.88;;0.033199999;0.033199999
;US-GA;1943;p99p99.5;123971.1;;0.032299999;0.032299999
;US-GA;1943;p95p100;96005.0;;0.25029999;0.25029999
;US-GA;1943;p0p90;13979.8;;0.65609998;0.65609998
;US-GA;1943;p0p99;16861.199;;0.87050003;0.87050003
;US-GA;1943;p99.5p100;372873.59;;0.097199999;0.097199999
;US-GA;1942;p0p100;2761318.5;19116072246.0;1.0;1.0
;US-GA;1942;p99p100;224700.3;;0.145;0.145
;US-GA;1942;p99.9p100;833876.81;;0.053800002;0.053800002
;US-GA;1942;p99.99p100;2805589.0;;0.018100001;0.018100001
;US-GA;1942;p90p100;55938.102;;0.36090001;0.36090001
;US-GA;1942;p90p95;27031.801;;0.087200001;0.087200001
;US-GA;1942;p95p99;49895.102;;0.1288;0.1288
;US-GA;1942;p99.5p99.9;218810.3;;0.056499999;0.056499999
;US-GA;1942;p99.9p99.99;614954.0;;0.035700001;0.035700001
;US-GA;1942;p99p99.5;107608.8;;0.034699999;0.034699999
;US-GA;1942;p95p100;84850.602;;0.27379999;0.27379999
;US-GA;1942;p0p90;11003.2;;0.639;0.639
;US-GA;1942;p0p99;13384.4;;0.85500002;0.85500002
;US-GA;1942;p99.5p100;341808.31;;0.1103;0.1103
;US-GA;1941;p0p100;2648701.3;14938401812.0;1.0;1.0
;US-GA;1941;p99p100;211396.5;;0.1741;0.1741
;US-GA;1941;p99.9p100;741632.0;;0.061099999;0.061099999
;US-GA;1941;p99.99p100;2209710.0;;0.018200001;0.018200001
;US-GA;1941;p90p100;55295.199;;0.45550001;0.45550001
;US-GA;1941;p90p95;28363.301;;0.1168;0.1168
;US-GA;1941;p95p99;49802.801;;0.16410001;0.16410001
;US-GA;1941;p99.5p99.9;209810.91;;0.0691;0.0691
;US-GA;1941;p99.9p99.99;577939.31;;0.042800002;0.042800002
;US-GA;1941;p99p99.5;106542.3;;0.043900002;0.043900002
;US-GA;1941;p95p100;82133.203;;0.33829999;0.33829999
;US-GA;1941;p0p90;7351.7998;;0.54500002;0.54500002
;US-GA;1941;p0p99;10127.3;;0.82590002;0.82590002
;US-GA;1941;p99.5p100;316238.41;;0.1302;0.1302
;US-GA;1940;p0p100;2377942.0;12147727872.0;1.0;1.0
;US-GA;1940;p99p100;182680.41;;0.1848;0.1848
;US-GA;1940;p99.9p100;639406.88;;0.0647;0.0647
;US-GA;1940;p99.99p100;2062540.6;;0.0209;0.0209
;US-GA;1940;p90p100;51165.602;;0.5176;0.5176
;US-GA;1940;p90p95;26211.5;;0.13259999;0.13259999
;US-GA;1940;p95p99;49478.102;;0.20020001;0.20020001
;US-GA;1940;p99.5p99.9;178989.59;;0.072400004;0.072400004
;US-GA;1940;p99.9p99.99;481080.0;;0.0438;0.0438
;US-GA;1940;p99p99.5;94220.5;;0.047699999;0.047699999
;US-GA;1940;p95p100;76149.398;;0.38519999;0.38519999
;US-GA;1940;p0p90;5299.7002;;0.48249999;0.48249999
;US-GA;1940;p0p99;8140.2998;;0.81519997;0.81519997
;US-GA;1940;p99.5p100;271115.41;;0.1371;0.1371
;US-GA;1939;p0p100;2275028.3;11229586750.0;1.0;1.0
;US-GA;1939;p99p100;166045.2;;0.17900001;0.17900001
;US-GA;1939;p99.9p100;569494.31;;0.0614;0.0614
;US-GA;1939;p99.99p100;1804741.3;;0.0195;0.0195
;US-GA;1939;p90p100;42485.0;;0.45789999;0.45789999
;US-GA;1939;p90p95;15610.0;;0.084100001;0.084100001
;US-GA;1939;p95p99;43982.398;;0.18960001;0.18960001
;US-GA;1939;p99.5p99.9;160941.91;;0.069399998;0.069399998
;US-GA;1939;p99.9p99.99;432159.91;;0.041900001;0.041900001
;US-GA;1939;p99p99.5;89358.102;;0.0482;0.0482
;US-GA;1939;p95p100;68409.102;;0.36860001;0.36860001
;US-GA;1939;p0p90;5643.1001;;0.5474;0.5474
;US-GA;1939;p0p99;7695.0;;0.82099998;0.82099998
;US-GA;1939;p99.5p100;242687.59;;0.13079999;0.13079999
;US-GA;1938;p0p100;2059306.3;10316662896.0;1.0;1.0
;US-GA;1938;p99p100;150038.8;;0.1736;0.1736
;US-GA;1938;p99.9p100;527665.5;;0.061099999;0.061099999
;US-GA;1938;p99.99p100;1842628.8;;0.021299999;0.021299999
;US-GA;1938;p90p100;38628.898;;0.447;0.447
;US-GA;1938;p90p95;16257.9;;0.094099998;0.094099998
;US-GA;1938;p95p99;36849.898;;0.1705;0.1705
;US-GA;1938;p99.5p99.9;141368.8;;0.065399997;0.065399997
;US-GA;1938;p99.9p99.99;381125.41;;0.039700001;0.039700001
;US-GA;1938;p99p99.5;81294.398;;0.046999998;0.046999998
;US-GA;1938;p95p100;59486.102;;0.3441;0.3441
;US-GA;1938;p0p90;5396.2998;;0.56190002;0.56190002
;US-GA;1938;p0p99;7214.5;;0.82639998;0.82639998
;US-GA;1938;p99.5p100;218700.5;;0.1265;0.1265
;US-GA;1937;p0p100;2089874.3;10725727193.0;1.0;1.0
;US-GA;1937;p99p100;159424.3;;0.1751;0.1751
;US-GA;1937;p99.9p100;559406.88;;0.0614;0.0614
;US-GA;1937;p99.99p100;1662103.6;;0.018300001;0.018300001
;US-GA;1937;p90p100;38807.801;;0.42609999;0.42609999
;US-GA;1937;p90p95;14953.6;;0.082099997;0.082099997
;US-GA;1937;p95p99;36802.602;;0.16159999;0.16159999
;US-GA;1937;p99.5p99.9;154887.0;;0.068000004;0.068000004
;US-GA;1937;p99.9p99.99;436908.5;;0.043200001;0.043200001
;US-GA;1937;p99p99.5;83059.797;;0.045600001;0.045600001
;US-GA;1937;p95p100;61325.301;;0.33669999;0.33669999
;US-GA;1937;p0p90;5880.7998;;0.5812;0.5812
;US-GA;1937;p0p99;7588.3999;;0.82489997;0.82489997
;US-GA;1937;p99.5p100;235790.59;;0.1295;0.1295
;US-GA;1936;p0p100;2205841.0;10422758183.0;1.0;1.0
;US-GA;1936;p99p100;168128.3;;0.18780001;0.18780001
;US-GA;1936;p99.9p100;617890.63;;0.068999998;0.068999998
;US-GA;1936;p99.99p100;1859821.5;;0.0208;0.0208
;US-GA;1936;p90p100;38333.0;;0.42809999;0.42809999
;US-GA;1936;p90p95;15872.0;;0.088600002;0.088600002
;US-GA;1936;p95p99;32480.301;;0.1451;0.1451
;US-GA;1936;p99.5p99.9;163706.59;;0.073100001;0.073100001
;US-GA;1936;p99.9p99.99;479915.69;;0.0482;0.0482
;US-GA;1936;p99p99.5;81716.5;;0.045600001;0.045600001
;US-GA;1936;p95p100;59608.699;;0.33289999;0.33289999
;US-GA;1936;p0p90;5754.5;;0.57849997;0.57849997
;US-GA;1936;p0p99;7345.2998;;0.81220001;0.81220001
;US-GA;1936;p99.5p100;254542.41;;0.14219999;0.14219999
;US-GA;1935;p0p100;2044620.8;9363650488.0;1.0;1.0
;US-GA;1935;p99p100;132695.09;;0.163;0.163
;US-GA;1935;p99.9p100;455571.81;;0.056000002;0.056000002
;US-GA;1935;p99.99p100;1355650.5;;0.0167;0.0167
;US-GA;1935;p90p100;35010.602;;0.43009999;0.43009999
;US-GA;1935;p90p95;17574.0;;0.108;0.108
;US-GA;1935;p95p99;31622.699;;0.15539999;0.15539999
;US-GA;1935;p99.5p99.9;126326.3;;0.062100001;0.062100001
;US-GA;1935;p99.9p99.99;355579.19;;0.039299998;0.039299998
;US-GA;1935;p99p99.5;73225.102;;0.045000002;0.045000002
;US-GA;1935;p95p100;51830.102;;0.3184;0.3184
;US-GA;1935;p0p90;5187.7002;;0.57359999;0.57359999
;US-GA;1935;p0p99;6881.5;;0.83700001;0.83700001
;US-GA;1935;p99.5p100;192172.2;;0.118;0.118
;US-GA;1934;p0p100;1981036.1;8529285843.0;1.0;1.0
;US-GA;1934;p99p100;122016.4;;0.16249999;0.16249999
;US-GA;1934;p99.9p100;407205.91;;0.054200001;0.054200001
;US-GA;1934;p99.99p100;1177039.3;;0.015699999;0.015699999
;US-GA;1934;p90p100;31890.199;;0.42480001;0.42480001
;US-GA;1934;p90p95;15617.9;;0.104;0.104
;US-GA;1934;p95p99;28999.1;;0.15449999;0.15449999
;US-GA;1934;p99.5p99.9;117744.2;;0.062700003;0.062700003
;US-GA;1934;p99.9p99.99;321687.59;;0.038600001;0.038600001
;US-GA;1934;p99p99.5;68390.703;;0.045499999;0.045499999
;US-GA;1934;p95p100;47742.102;;0.31799999;0.31799999
;US-GA;1934;p0p90;4829.2998;;0.57889998;0.57889998
;US-GA;1934;p0p99;6350.7002;;0.83749998;0.83749998
;US-GA;1934;p99.5p100;175632.5;;0.117;0.117
;US-GA;1933;p0p100;1871919.4;7456609159.0;1.0;1.0
;US-GA;1933;p99p100;104861.2;;0.15790001;0.15790001
;US-GA;1933;p99.9p100;344438.19;;0.051899999;0.051899999
;US-GA;1933;p99.99p100;1095327.8;;0.0165;0.0165
;US-GA;1933;p90p100;27807.1;;0.41870001;0.41870001
;US-GA;1933;p90p95;15495.6;;0.1167;0.1167
;US-GA;1933;p95p99;23999.6;;0.1445;0.1445
;US-GA;1933;p99.5p99.9;98589.102;;0.0594;0.0594
;US-GA;1933;p99.9p99.99;261006.0;;0.035399999;0.035399999
;US-GA;1933;p99p99.5;61963.5;;0.046599999;0.046599999
;US-GA;1933;p95p100;40256.5;;0.30309999;0.30309999
;US-GA;1933;p0p90;4286.7002;;0.58090001;0.58090001
;US-GA;1933;p0p99;5649.2002;;0.84210002;0.84210002
;US-GA;1933;p99.5p100;147759.0;;0.1112;0.1112
;US-GA;1932;p0p100;1580516.0;6916568542.0;1.0;1.0
;US-GA;1932;p99p100;100190.0;;0.1608;0.1608
;US-GA;1932;p99.9p100;333157.5;;0.0535;0.0535
;US-GA;1932;p99.99p100;1146998.6;;0.0184;0.0184
;US-GA;1932;p90p100;27678.6;;0.44420001;0.44420001
;US-GA;1932;p90p95;16268.2;;0.1305;0.1305
;US-GA;1932;p95p99;23594.6;;0.1515;0.1515
;US-GA;1932;p99.5p99.9;91557.5;;0.058800001;0.058800001
;US-GA;1932;p99.9p99.99;242730.7;;0.035100002;0.035100002
;US-GA;1932;p99p99.5;60502.5;;0.048599999;0.048599999
;US-GA;1932;p95p100;39050.301;;0.3134;0.3134
;US-GA;1932;p0p90;3857.6001;;0.55720001;0.55720001
;US-GA;1932;p0p99;5281.7998;;0.83920002;0.83920002
;US-GA;1932;p99.5p100;139877.5;;0.1122;0.1122
;US-GA;1931;p0p100;1466006.1;7880353873.0;1.0;1.0
;US-GA;1931;p99p100;111800.4;;0.1556;0.1556
;US-GA;1931;p99.9p100;353085.69;;0.0491;0.0491
;US-GA;1931;p99.99p100;1060693.9;;0.0148;0.0148
;US-GA;1931;p90p100;27915.6;;0.38859999;0.38859999
;US-GA;1931;p90p95;16190.5;;0.1127;0.1127
;US-GA;1931;p95p99;20789.4;;0.1158;0.1158
;US-GA;1931;p99.5p99.9;106618.5;;0.0594;0.0594
;US-GA;1931;p99.9p99.99;274462.5;;0.034400001;0.034400001
;US-GA;1931;p99p99.5;67688.898;;0.0471;0.0471
;US-GA;1931;p95p100;39351.602;;0.2739;0.2739
;US-GA;1931;p0p90;4916.7002;;0.61589998;0.61589998
;US-GA;1931;p0p99;6127.3999;;0.84439999;0.84439999
;US-GA;1931;p99.5p100;155911.91;;0.1085;0.1085
;US-GA;1930;p0p100;1380814.9;8806747295.0;1.0;1.0
;US-GA;1930;p99p100;119753.9;;0.1472;0.1472
;US-GA;1930;p99.9p100;394867.69;;0.048500001;0.048500001
;US-GA;1930;p99.99p100;1171960.3;;0.0144;0.0144
;US-GA;1930;p90p100;27779.5;;0.34150001;0.34150001
;US-GA;1930;p90p95;13200.7;;0.081100002;0.081100002
;US-GA;1930;p95p99;21730.699;;0.1068;0.1068
;US-GA;1930;p99.5p99.9;115963.5;;0.057;0.057
;US-GA;1930;p99.9p99.99;308524.09;;0.0341;0.0341
;US-GA;1930;p99p99.5;67763.5;;0.0416;0.0416
;US-GA;1930;p95p100;41463.301;;0.25479999;0.25479999
;US-GA;1930;p0p90;6009.6001;;0.66479999;0.66479999
;US-GA;1930;p0p99;7008.0;;0.85280001;0.85280001
;US-GA;1930;p99.5p100;171744.3;;0.1056;0.1056
;US-GA;1929;p0p100;1495631.0;10080407802.0;1.0;1.0
;US-GA;1929;p99p100;144693.7;;0.156;0.156
;US-GA;1929;p99.9p100;525309.0;;0.056600001;0.056600001
;US-GA;1929;p99.99p100;1675051.8;;0.018100001;0.018100001
;US-GA;1929;p90p100;30031.801;;0.3238;0.3238
;US-GA;1929;p90p95;11576.0;;0.062399998;0.062399998
;US-GA;1929;p95p99;23582.9;;0.1017;0.1017
;US-GA;1929;p99.5p99.9;137407.09;;0.059300002;0.059300002
;US-GA;1929;p99.9p99.99;397560.0;;0.038600001;0.038600001
;US-GA;1929;p99p99.5;74400.0;;0.040100001;0.040100001
;US-GA;1929;p95p100;47793.898;;0.25760001;0.25760001
;US-GA;1929;p0p90;7007.7998;;0.67989999;0.67989999
;US-GA;1929;p0p99;7908.2998;;0.84399998;0.84399998
;US-GA;1929;p99.5p100;214987.41;;0.1159;0.1159
;US-GA;1928;p0p100;1445710.6;9783682850.0;1.0;1.0
;US-GA;1928;p99p100;149600.3;;0.16680001;0.16680001
;US-GA;1928;p99.9p100;572154.19;;0.0638;0.0638
;US-GA;1928;p99.99p100;1921960.8;;0.021400001;0.021400001
;US-GA;1928;p90p100;30485.1;;0.34;0.34
;US-GA;1928;p90p95;11488.5;;0.064099997;0.064099997
;US-GA;1928;p95p99;23514.199;;0.1049;0.1049
;US-GA;1928;p99.5p99.9;139382.09;;0.062199999;0.062199999
;US-GA;1928;p99.9p99.99;422175.69;;0.042399999;0.042399999
;US-GA;1928;p99p99.5;73264.0;;0.040899999;0.040899999
;US-GA;1928;p95p100;48720.801;;0.27169999;0.27169999
;US-GA;1928;p0p90;6617.2002;;0.66420001;0.66420001
;US-GA;1928;p0p99;7546.0;;0.83319998;0.83319998
;US-GA;1928;p99.5p100;225936.5;;0.126;0.126
;US-GA;1927;p0p100;1335617.0;9305948824.0;1.0;1.0
;US-GA;1927;p99p100;145068.7;;0.17039999;0.17039999
;US-GA;1927;p99.9p100;543618.13;;0.063900001;0.063900001
;US-GA;1927;p99.99p100;1788701.8;;0.021;0.021
;US-GA;1927;p90p100;30469.1;;0.35800001;0.35800001
;US-GA;1927;p90p95;11463.5;;0.067299999;0.067299999
;US-GA;1927;p95p99;24054.801;;0.113;0.113
;US-GA;1927;p99.5p99.9;136570.91;;0.064199999;0.064199999
;US-GA;1927;p99.9p99.99;405275.5;;0.0429;0.0429
;US-GA;1927;p99p99.5;72157.102;;0.042399999;0.042399999
;US-GA;1927;p95p100;48278.0;;0.2836;0.2836
;US-GA;1927;p0p90;6139.1001;;0.64920002;0.64920002
;US-GA;1927;p0p99;7131.8999;;0.82959998;0.82959998
;US-GA;1927;p99.5p100;217980.41;;0.12809999;0.12809999
;US-GA;1926;p0p100;1258674.3;9113894360.0;1.0;1.0
;US-GA;1926;p99p100;137653.3;;0.1652;0.1652
;US-GA;1926;p99.9p100;472292.31;;0.056699999;0.056699999
;US-GA;1926;p99.99p100;1259970.9;;0.0151;0.0151
;US-GA;1926;p90p100;30360.199;;0.3644;0.3644
;US-GA;1926;p90p95;11747.3;;0.070500001;0.070500001
;US-GA;1926;p95p99;25317.1;;0.1215;0.1215
;US-GA;1926;p99.5p99.9;136635.7;;0.0656;0.0656
;US-GA;1926;p99.9p99.99;384772.41;;0.0416;0.0416
;US-GA;1926;p99p99.5;71539.602;;0.0429;0.0429
;US-GA;1926;p95p100;47785.699;;0.28670001;0.28670001
;US-GA;1926;p0p90;5950.8999;;0.64279997;0.64279997
;US-GA;1926;p0p99;7026.2002;;0.8348;0.8348
;US-GA;1926;p99.5p100;203767.0;;0.1223;0.1223
;US-GA;1925;p0p100;1270201.9;9030877881.0;1.0;1.0
;US-GA;1925;p99p100;141404.91;;0.1714;0.1714
;US-GA;1925;p99.9p100;519617.31;;0.063000001;0.063000001
;US-GA;1925;p99.99p100;1562721.0;;0.0189;0.0189
;US-GA;1925;p90p100;31237.5;;0.3786;0.3786
;US-GA;1925;p90p95;11641.3;;0.070500001;0.070500001
;US-GA;1925;p95p99;26466.801;;0.1283;0.1283
;US-GA;1925;p99.5p99.9;136217.0;;0.066;0.066
;US-GA;1925;p99.9p99.99;403716.91;;0.044;0.044
;US-GA;1925;p99p99.5;69912.703;;0.042399999;0.042399999
;US-GA;1925;p95p100;49444.699;;0.29960001;0.29960001
;US-GA;1925;p0p90;5773.3999;;0.62980002;0.62980002
;US-GA;1925;p0p99;6905.7998;;0.82859999;0.82859999
;US-GA;1925;p99.5p100;212897.0;;0.12899999;0.12899999
;US-GA;1924;p0p100;1268609.5;8570459583.0;1.0;1.0
;US-GA;1924;p99p100;122933.0;;0.1569;0.1569
;US-GA;1924;p99.9p100;425508.5;;0.054299999;0.054299999
;US-GA;1924;p99.99p100;1175653.3;;0.015;0.015
;US-GA;1924;p90p100;32435.0;;0.4138;0.4138
;US-GA;1924;p90p95;12025.7;;0.076700002;0.076700002
;US-GA;1924;p95p99;34693.398;;0.1771;0.1771
;US-GA;1924;p99.5p99.9;117600.5;;0.059999999;0.059999999
;US-GA;1924;p99.9p99.99;342159.19;;0.039299998;0.039299998
;US-GA;1924;p99p99.5;66683.898;;0.0425;0.0425
;US-GA;1924;p95p100;52341.301;;0.3339;0.3339
;US-GA;1924;p0p90;5132.2998;;0.58939999;0.58939999
;US-GA;1924;p0p99;6674.8999;;0.84310001;0.84310001
;US-GA;1924;p99.5p100;179182.09;;0.1143;0.1143
;US-GA;1923;p0p100;1269699.8;8500082858.0;1.0;1.0
;US-GA;1923;p99p100;118201.6;;0.1513;0.1513
;US-GA;1923;p99.9p100;406321.19;;0.052000001;0.052000001
;US-GA;1923;p99.99p100;1060657.8;;0.0136;0.0136
;US-GA;1923;p90p100;33051.801;;0.42300001;0.42300001
;US-GA;1923;p90p95;13506.2;;0.086400002;0.086400002
;US-GA;1923;p95p99;35910.602;;0.1838;0.1838
;US-GA;1923;p99.5p99.9;113684.4;;0.058200002;0.058200002
;US-GA;1923;p99.9p99.99;333618.81;;0.038400002;0.038400002
;US-GA;1923;p99p99.5;64191.602;;0.041099999;0.041099999
;US-GA;1923;p95p100;52368.801;;0.3351;0.3351
;US-GA;1923;p0p90;5022.0;;0.57849997;0.57849997
;US-GA;1923;p0p99;6698.5;;0.84869999;0.84869999
;US-GA;1923;p99.5p100;172211.7;;0.1102;0.1102
;US-GA;1922;p0p100;1186809.9;7642779527.0;1.0;1.0
;US-GA;1922;p99p100;110672.9;;0.15700001;0.15700001
;US-GA;1922;p99.9p100;378542.81;;0.0537;0.0537
;US-GA;1922;p99.99p100;1074256.0;;0.0152;0.0152
;US-GA;1922;p90p100;31253.0;;0.4434;0.4434
;US-GA;1922;p90p95;13179.4;;0.093500003;0.093500003
;US-GA;1922;p95p99;33733.898;;0.19140001;0.19140001
;US-GA;1922;p99.5p99.9;104576.4;;0.059300002;0.059300002
;US-GA;1922;p99.9p99.99;301241.41;;0.0385;0.0385
;US-GA;1922;p99p99.5;61976.102;;0.044;0.044
;US-GA;1922;p95p100;49121.699;;0.34850001;0.34850001
;US-GA;1922;p0p90;4370.5;;0.55809999;0.55809999
;US-GA;1922;p0p99;6001.7998;;0.84299999;0.84299999
;US-GA;1922;p99.5p100;159369.7;;0.1131;0.1131
;US-GA;1921;p0p100;898492.69;6595829392.0;1.0;1.0
;US-GA;1921;p99p100;90997.0;;0.1496;0.1496
;US-GA;1921;p99.9p100;297651.91;;0.048900001;0.048900001
;US-GA;1921;p99.99p100;833815.0;;0.0137;0.0137
;US-GA;1921;p90p100;26909.5;;0.44229999;0.44229999
;US-GA;1921;p90p95;11746.0;;0.096500002;0.096500002
;US-GA;1921;p95p99;29575.9;;0.1945;0.1945
;US-GA;1921;p99.5p99.9;85943.0;;0.056499999;0.056499999
;US-GA;1921;p99.9p99.99;238078.2;;0.0352;0.0352
;US-GA;1921;p99p99.5;53709.301;;0.044100001;0.044100001
;US-GA;1921;p95p100;41860.102;;0.34400001;0.34400001
;US-GA;1921;p0p90;3781.3;;0.55940002;0.55940002
;US-GA;1921;p0p99;5225.7002;;0.85039997;0.85039997
;US-GA;1921;p99.5p100;128284.7;;0.1054;0.1054
;US-GA;1920;p0p100;847373.5;7750629874.0;1.0;1.0
;US-GA;1920;p99p100;102776.9;;0.14300001;0.14300001
;US-GA;1920;p99.9p100;361705.81;;0.050299998;0.050299998
;US-GA;1920;p99.99p100;997304.63;;0.0139;0.0139
;US-GA;1920;p90p100;28212.801;;0.3924;0.3924
;US-GA;1920;p90p95;12771.5;;0.088799998;0.088799998
;US-GA;1920;p95p99;28696.801;;0.15970001;0.15970001
;US-GA;1920;p99.5p99.9;98883.5;;0.055;0.055
;US-GA;1920;p99.9p99.99;291083.69;;0.036400001;0.036400001
;US-GA;1920;p99p99.5;54105.801;;0.037599999;0.037599999
;US-GA;1920;p95p100;43512.801;;0.3026;0.3026
;US-GA;1920;p0p90;4861.2002;;0.60860002;0.60860002
;US-GA;1920;p0p99;6223.7002;;0.85699999;0.85699999
;US-GA;1920;p99.5p100;151447.91;;0.1053;0.1053
;US-GA;1919;p0p100;1560772.9;10485471718.0;1.0;1.0
;US-GA;1919;p99p100;133777.7;;0.1355;0.1355
;US-GA;1919;p99.9p100;458114.41;;0.046399999;0.046399999
;US-GA;1919;p99.99p100;1239200.4;;0.0126;0.0126
;US-GA;1919;p90p100;33139.199;;0.33579999;0.33579999
;US-GA;1919;p90p95;11539.9;;0.058499999;0.058499999
;US-GA;1919;p95p99;34472.699;;0.1397;0.1397
;US-GA;1919;p99.5p99.9;130231.5;;0.0528;0.0528
;US-GA;1919;p99.9p99.99;371831.31;;0.0339;0.0339
;US-GA;1919;p99p99.5;71546.5;;0.036200002;0.036200002
;US-GA;1919;p95p100;54333.699;;0.2753;0.2753
;US-GA;1919;p0p90;7307.2998;;0.6663;0.6663
;US-GA;1919;p0p99;8618.0996;;0.86449999;0.86449999
;US-GA;1919;p99.5p100;196009.0;;0.099299997;0.099299997
;US-GA;1918;p0p100;2017627.8;10184534953.0;1.0;1.0
;US-GA;1918;p99p100;125344.5;;0.1296;0.1296
;US-GA;1918;p99.9p100;430343.09;;0.044500001;0.044500001
;US-GA;1918;p99.99p100;1193913.9;;0.0123;0.0123
;US-GA;1918;p90p100;29122.301;;0.30109999;0.30109999
;US-GA;1918;p90p95;10418.7;;0.0539;0.0539
;US-GA;1918;p95p99;27600.699;;0.1142;0.1142
;US-GA;1918;p99.5p99.9;119443.7;;0.049400002;0.049400002
;US-GA;1918;p99.9p99.99;345508.5;;0.032200001;0.032200001
;US-GA;1918;p99p99.5;69066.5;;0.035700001;0.035700001
;US-GA;1918;p95p100;47149.398;;0.2438;0.2438
;US-GA;1918;p0p90;7548.0;;0.70240003;0.70240003
;US-GA;1918;p0p99;8503.2002;;0.87040001;0.87040001
;US-GA;1918;p99.5p100;181622.91;;0.093900003;0.093900003
;US-GA;1917;p0p100;2882834.0;10594380868.0;1.0;1.0
;US-GA;1917;p99p100;129533.5;;0.1293;0.1293
;US-GA;1917;p99.9p100;454487.5;;0.045400001;0.045400001
;US-GA;1917;p99.99p100;1450436.1;;0.0145;0.0145
;US-GA;1917;p90p100;32085.801;;0.32030001;0.32030001
;US-GA;1917;p90p95;14723.3;;0.0735;0.0735
