Variable Name;.;.;.;PPP conversion factor, LCU per EUR | individuals | Exchange rates | All Ages | local currency per foreign currency;Market exchange rate, LCU per EUR | individuals | Exchange rates | All Ages | local currency per foreign currency;PPP conversion factor, LCU per USD | individuals | Exchange rates | All Ages | local currency per foreign currency;Market exchange rate, LCU per USD | individuals | Exchange rates | All Ages | local currency per foreign currency;PPP conversion factor, LCU per CNY | individuals | Exchange rates | All Ages | local currency per foreign currency;Market exchange rate, LCU per CNY | individuals | Exchange rates | All Ages | local currency per foreign currency
Variable Category;.;.;.;Other macro;Other macro;Other macro;Other macro;Other macro;Other macro
Variable Description;.;.;.;PPP conversion factor of curent local currency to current PPP EUR.;Official exchange rate of the local currency to EUR.;PPP conversion factor of current local currency to current USD.;Official exchange rate of the local currency to USD.;PPP conversion factor of current local currency to current PPP CNY.;Official exchange rate of the local currency to CNY.
Variable Decomposition;.;.;.;;;;;;
Variable Unit;.;.;.;local currency per foreign currency;local currency per foreign currency;local currency per foreign currency;local currency per foreign currency;local currency per foreign currency;local currency per foreign currency
Methodological Notes;.;.;.;Using the evolution of the price index relative to the reference country, we extrapolate the PPP from the 2011 ICP.;;Using the evolution of the price index relative to the reference country, we extrapolate the PPP from the 2011 ICP.;;Using the evolution of the price index relative to the reference country, we extrapolate the PPP from the 2011 ICP.;
Sources;.;.;.;WID.world computations using:  http://data.worldbank.org/ (World Bank);;WID.world computations using:  http://data.worldbank.org/ (World Bank);;WID.world computations using:  http://data.worldbank.org/ (World Bank);
Variable Code;country;year;perc;xlceup999i;xlceux999i;xlcusp999i;xlcusx999i;xlcyup999i;xlcyux999i
;UY;2018;p0p100;29.670866;34.722992;22.378286;28.32621;7.0614924;4.4377031
;UY;2017;p0p100;28.496571;32.31517;21.678734;28.676399;6.6491885;4.2428522
;UY;2016;p0p100;27.683453;33.36441;21.236128;30.1626;6.3530688;4.5394988
;UY;2015;p0p100;26.017273;30.307875;19.999294;27.327366;5.8823462;4.3881841
;UY;2014;p0p100;24.200956;30.841288;18.548239;23.246025;5.3630319;3.7838812
;UY;2013;p0p100;22.328451;27.194262;17.25164;20.481607;4.9261303;3.3057466
;UY;2012;p0p100;20.898674;26.096291;16.210552;20.310575;4.6428089;3.2176023
;UY;2011;p0p100;19.58213;26.849335;15.28168;19.314209;4.3592992;2.9891393
;UY;2010;p0p100;18.298775;26.566994;14.443131;20.059275;4.3584228;2.9628475
;UY;2009;p0p100;17.262915;31.351242;13.752984;22.567984;4.367084;3.3035586
;UY;2008;p0p100;16.176083;30.687113;12.91116;20.949316;3.9951229;3.0148735
;UY;2007;p0p100;15.282158;32.124035;12.193676;23.471025;3.9870186;3.0852349
;UY;2006;p0p100;14.31005;30.199631;11.449953;24.073359;3.9178205;3.0191941
;UY;2005;p0p100;13.696491;30.441475;11.066568;24.4786;3.8023379;2.9872653
;UY;2004;p0p100;13.865159;35.640652;11.327435;28.703733;3.9370985;3.4679742
;UY;2003;p0p100;12.833574;31.837013;10.575664;28.208683;3.8129563;3.4080656
;UY;2002;p0p100;11.255079;20.005587;9.2747183;21.256968;3.384681;2.5682104
;UY;2001;p0p100;10.240845;11.918567;8.3820248;13.319117;3.0070522;1.6091588
;UY;2000;p0p100;10.00838;11.147579;8.19695;12.099591;2.919975;1.4615673
;UY;1999;p0p100;9.8035221;12.080727;8.1033325;11.3393;3.0109277;1.3697703
;UY;1998;p0p100;9.5495625;;7.8901205;10.471916;2.9190533;1.2648833
;UY;1997;p0p100;8.5863237;;7.111877;9.4418335;2.6161585;1.1389676
;UY;1996;p0p100;7.1752315;;6.0715265;7.9718332;2.3329473;0.95882434
;UY;1995;p0p100;5.8220081;;4.901031;6.349;2.0376005;0.7602303
;UY;1994;p0p100;;;3.546356;5.0439167;1.7299843;0.58522648
;UY;1993;p0p100;;;2.6083159;3.9410918;1.5774019;0.68398482
;UY;1992;p0p100;;;1.8078352;3.0248117;1.3530108;0.54851055
;UY;1991;p0p100;;;1.053188;2.0176632;0.84151518;0.3790184
;UY;1990;p0p100;;;0.54325593;1.1694841;0.43457457;0.24449785
;UY;1989;p0p100;;;0.28201491;0.62117833;0.24577588;0.16498286
;UY;1988;p0p100;;;0.16751403;0.35850751;0.16617036;0.09631861
;UY;1987;p0p100;;;0.10578284;0.22552167;0.11709995;0.060589898
;UY;1986;p0p100;;;0.06278462;0.15143417;0.07247144;0.043858472
;UY;1985;p0p100;;;0.037490539;0.10115583;0.044747017;0.034445897
;UY;1984;p0p100;;;0.022295432;0.055893332;0.026314668;0.024091521
;UY;1983;p0p100;;;0.014828377;0.034375831;0.016629249;0.017399538
;UY;1982;p0p100;;;0.010140129;0.013853333;0.011009615;0.0073199621
;UY;1981;p0p100;;;0.0092767151;0.010793333;0.0096235601;0.0063321027
;UY;1980;p0p100;;;0.0077846162;0.0090725003;0.0074887592;0.0060548484
;UY;1979;p0p100;;;0.0056161056;0.007838333;0.0052769142;0.0050409269
;UY;1978;p0p100;;;0.0034622927;0.0060233334;0.0031516938;0.0035776736
;UY;1977;p0p100;;;0.0025084966;0.0046466668;0.0021873629;0.0025011348
;UY;1976;p0p100;;;0.0017081626;0.0033024999;0.0014226045;0.0017010785
;UY;1975;p0p100;;;0.0012102809;0.0022358333;0.0009955595;0.0012021752
;UY;1974;p0p100;;;0.0007770211;0.0011821325;0.0005938086;0.0006027883
;UY;1973;p0p100;;;0.0004905052;0.0008571508;0.0003478352;0.0004308556
;UY;1972;p0p100;;;0.0002518064;0.0005308258;0.0001725517;0.000236441
;UY;1971;p0p100;;;0.0001503873;0.000248;9.90003e-05;0.0001007389
;UY;1970;p0p100;;;0.0001316924;0.000248;8.51768e-05;0.0001007389
;UY;1969;p0p100;;;0.0001331228;0.000248;8.34561e-05;0.0001007389
;UY;1968;p0p100;;;0.0001099416;0.0002318542;6.54332e-05;9.41804e-05
