Variable Name;.;.;.;Fiscal income  | individuals | Threshold | Adults | constant 2015 local currency;Pre-tax national income  | individuals | Threshold | Adults | constant 2015 local currency
Variable Category;.;.;.;Income inequality;Income inequality
Variable Description;.;.;.;Fiscal income threshold value at a given percentile.  Fiscal income is defined as the sum of all income items reported on income tax returns, before any deduction. It includes labour income, capital income and mixed income. The concept of fiscal income varies with national tax legislations, so in order to make international comparisons it is preferable to use the concept of national income. The population is comprised of individuals over age 20. The base unit is the individual (rather than the household). This is equivalent to assuming no sharing of resources within couples.;Pre-tax national income threshold value at a given percentile.  Pre-tax national income  is the sum of all pre-tax personal income flows accruing to the owners of the production factors, labor and capital, before taking into account the operation of the tax/transfer system, but after taking into account the operation of pension system. The central difference between personal factor income and pre-tax income is the treatment of pensions, which are counted on a contribution basis by factor income and on a distribution basis by pre-tax income. The population is comprised of individuals over age 20. The base unit is the individual (rather than the household). This is equivalent to assuming no sharing of resources within couples.
Variable Decomposition;.;.;.;[Fiscal income ]=[Fiscal labour income ]+[Fiscal capital income ];Pre-tax national income =Pre-tax labor income [total pre-tax income ranking]+Pre-tax capital income [total pre-tax income ranking]
Variable Unit;.;.;.;"UYU; Uruguayan peso | local currency | market";"UYU; Uruguayan peso | local currency | market"
Methodological Notes;.;.;.;Individuals aged 20+. Excludes capital gains.;Fiscal income rescaled to match the macroeconomic aggregates.
Sources;.;.;.;"Burd�n, Gabriel; Esponda, Fernando and Vigorito, Andrea (2013). Inequality and Top Incomes in Uruguay: A comparison between household surveys and income tax micro-data. WTID Working Paper 2014/1. Series updated by G. Burd�n, M. de Rosa, and A. Vigorito.";WID.world computations using fiscal income series and the net national income.
Variable Code;country;year;perc;tfiinc992i;tptinc992i
;UY;2012;p99p100;2194529.0;4013215.8
;UY;2012;p99.9p100;6594997.5;12060514.0
;UY;2012;p99.99p100;23105270.0;42253456.0
;UY;2012;p90p100;696673.69;1274032.8
;UY;2012;p90p95;696673.69;1274032.8
;UY;2012;p95p99;1028439.5;1880745.1
;UY;2012;p99.5p99.9;3017966.3;5519065.5
;UY;2012;p99.95p99.99;9395714.0;17182288.0
;UY;2012;p99.9p99.95;6594997.5;12060514.0
;UY;2012;p99.9p99.99;6594997.5;12060514.0
;UY;2012;p99p99.5;2194529.0;4013215.8
;UY;2012;p95p100;1028439.5;1880745.1
;UY;2012;p99.5p100;3017966.3;5519065.5
;UY;2012;p99.95p100;9395714.0;17182288.0
;UY;2011;p99p100;2128979.8;4091581.3
;UY;2011;p99.9p100;6515588.5;12521988.0
;UY;2011;p99.99p100;21778852.0;41855700.0
;UY;2011;p90p100;674215.13;1295740.8
;UY;2011;p90p95;674215.13;1295740.8
;UY;2011;p95p99;992838.81;1908087.9
;UY;2011;p99.5p99.9;2939343.0;5648978.5
;UY;2011;p99.95p99.99;9146006.0;17577258.0
;UY;2011;p99.9p99.95;6515588.5;12521988.0
;UY;2011;p99.9p99.99;6515588.5;12521988.0
;UY;2011;p99p99.5;2128979.8;4091581.3
;UY;2011;p95p100;992838.81;1908087.9
;UY;2011;p99.5p100;2939343.0;5648978.5
;UY;2011;p99.95p100;9146006.0;17577258.0
;UY;2010;p99p100;2047495.6;4070765.3
;UY;2010;p99.9p100;6318915.0;12563064.0
;UY;2010;p99.99p100;20994878.0;41741344.0
;UY;2010;p90p100;629221.38;1250997.8
;UY;2010;p90p95;629221.38;1250997.8
;UY;2010;p95p99;939207.69;1867302.5
;UY;2010;p99.5p99.9;2823571.0;5613733.0
;UY;2010;p99.95p99.99;9027279.0;17947746.0
;UY;2010;p99.9p99.95;6318915.0;12563064.0
;UY;2010;p99.9p99.99;6318915.0;12563064.0
;UY;2010;p99p99.5;2047495.6;4070765.3
;UY;2010;p95p100;939207.69;1867302.5
;UY;2010;p99.5p100;2823571.0;5613733.0
;UY;2010;p99.95p100;9027279.0;17947746.0
;UY;2009;p99p100;1932759.6;3926268.5
;UY;2009;p99.9p100;5569615.5;11314292.0
;UY;2009;p99.99p100;17041662.0;34618964.0
;UY;2009;p90p100;596104.0;1210944.4
;UY;2009;p90p95;596104.0;1210944.4
;UY;2009;p95p99;894806.0;1817737.0
