Variable Name;.;.;.;Fiscal income  | tax unit | Average | Adults | constant 2015 local currency;Fiscal income  | tax unit | Total | Adults | constant 2015 local currency;Fiscal income  | tax unit | Share | Adults | share of total (ratio);Pre-tax national income  | tax unit | Share | Adults | share of total (ratio)
Variable Category;.;.;.;Income inequality;Income inequality;Income inequality;Income inequality
Variable Description;.;.;.;Average Fiscal income within a given percentile group. Fiscal income is defined as the sum of all income items reported on income tax returns, before any deduction. It includes labour income, capital income and mixed income. The concept of fiscal income varies with national tax legislations, so in order to make international comparisons it is preferable to use the concept of national income. The population is comprised of individuals over age 20. The base unit is the tax unit defined by national fiscal administrations to measure personal income taxes.;Total Fiscal income  within a given percentile group. Fiscal income is defined as the sum of all income items reported on income tax returns, before any deduction. It includes labour income, capital income and mixed income. The concept of fiscal income varies with national tax legislations, so in order to make international comparisons it is preferable to use the concept of national income. The population is comprised of individuals over age 20.;Fiscal income share held by a given percentile group. Fiscal income is defined as the sum of all income items reported on income tax returns, before any deduction. It includes labour income, capital income and mixed income. The concept of fiscal income varies with national tax legislations, so in order to make international comparisons it is preferable to use the concept of national income. The population is comprised of individuals over age 20. The base unit is the tax unit defined by national fiscal administrations to measure personal income taxes.;Pre-tax national income share held by a given percentile group. Pre-tax national income  is the sum of all pre-tax personal income flows accruing to the owners of the production factors, labor and capital, before taking into account the operation of the tax/transfer system, but after taking into account the operation of pension system. The central difference between personal factor income and pre-tax income is the treatment of pensions, which are counted on a contribution basis by factor income and on a distribution basis by pre-tax income. The population is comprised of individuals over age 20. The base unit is the tax unit defined by national fiscal administrations to measure personal income taxes.
Variable Decomposition;.;.;.;[Fiscal income ]=[Fiscal labour income ]+[Fiscal capital income ];[Fiscal income ]=[Fiscal labour income ]+[Fiscal capital income ];[Fiscal income ]=[Fiscal labour income ]+[Fiscal capital income ];Pre-tax national income =Pre-tax labor income [total pre-tax income ranking]+Pre-tax capital income [total pre-tax income ranking]
Variable Unit;.;.;.;"USD; United States dollar | local currency | market";"USD; United States dollar | local currency | market";share;share
Methodological Notes;.;.;.;;;;Assuming the same distribution as fiscal income.
Sources;.;.;.;Frank, Sommeiller, Price & Saez (2015);Frank, Sommeiller, Price & Saez (2015);Frank, Sommeiller, Price & Saez (2015);WID.world computations using: Frank, Sommeiller, Price & Saez (2015)
Variable Code;country;year;perc;afiinc992t;mfiinc992t;sfiinc992t;sptinc992t
;US-TN;2015;p0p100;56089.102;1.88362251664e+11;1.0;1.0
;US-TN;2015;p99p100;1047451.5;;0.1867;0.1867
;US-TN;2015;p99.9p100;4809365.0;;0.085699998;0.085699998
;US-TN;2015;p99.99p100;21244726.0;;0.037900001;0.037900001
;US-TN;2015;p90p100;260167.7;;0.46380001;0.46380001
;US-TN;2015;p90p95;133792.3;;0.1193;0.1193
;US-TN;2015;p95p99;220640.8;;0.1574;0.1574
;US-TN;2015;p99.5p99.9;859502.63;;0.061299998;0.061299998
;US-TN;2015;p99.9p99.99;3001588.0;;0.0482;0.0482
;US-TN;2015;p99p99.5;444532.69;;0.0396;0.0396
;US-TN;2015;p95p100;386198.5;;0.3443;0.3443
;US-TN;2015;p0p90;33430.301;;0.53640002;0.53640002
;US-TN;2015;p0p99;46075.301;;0.81330001;0.81330001
;US-TN;2015;p99.5p100;1649556.8;;0.147;0.147
;US-TN;2014;p0p100;52820.898;1.76966623776e+11;1.0;1.0
;US-TN;2014;p99p100;982613.63;;0.1865;0.1865
;US-TN;2014;p99.9p100;4597712.5;;0.087300003;0.087300003
;US-TN;2014;p99.99p100;21585208.0;;0.041000001;0.041000001
;US-TN;2014;p90p100;246176.5;;0.46720001;0.46720001
;US-TN;2014;p90p95;128774.1;;0.1222;0.1222
;US-TN;2014;p95p99;208681.59;;0.1584;0.1584
;US-TN;2014;p99.5p99.9;791914.13;;0.0601;0.0601
;US-TN;2014;p99.9p99.99;2714163.5;;0.046399999;0.046399999
;US-TN;2014;p99p99.5;412481.91;;0.039099999;0.039099999
;US-TN;2014;p95p100;363435.41;;0.3448;0.3448
;US-TN;2014;p0p90;31198.301;;0.53280002;0.53280002
;US-TN;2014;p0p99;43302.699;;0.81349999;0.81349999
;US-TN;2014;p99.5p100;1552723.8;;0.1473;0.1473
;US-TN;2013;p0p100;52219.398;1.68541245273e+11;1.0;1.0
;US-TN;2013;p99p100;862464.81;;0.171;0.171
;US-TN;2013;p99.9p100;3708651.5;;0.0735;0.0735
;US-TN;2013;p99.99p100;16368475.0;;0.032400001;0.032400001
;US-TN;2013;p90p100;229664.59;;0.4553;0.4553
;US-TN;2013;p90p95;125500.4;;0.1244;0.1244
;US-TN;2013;p95p99;201339.8;;0.1596;0.1596
;US-TN;2013;p99.5p99.9;731137.88;;0.057999998;0.057999998
;US-TN;2013;p99.9p99.99;2305397.0;;0.041099999;0.041099999
;US-TN;2013;p99p99.5;398453.91;;0.039500002;0.039500002
;US-TN;2013;p95p100;333606.0;;0.33070001;0.33070001
;US-TN;2013;p0p90;30542.9;;0.5449;0.5449
;US-TN;2013;p0p99;42243.5;;0.829;0.829
;US-TN;2013;p99.5p100;1326739.5;;0.13150001;0.13150001
;US-TN;2012;p0p100;55681.0;1.72590142439e+11;1.0;1.0
;US-TN;2012;p99p100;1013148.3;;0.1939;0.1939
;US-TN;2012;p99.9p100;4798845.0;;0.091799997;0.091799997
;US-TN;2012;p99.99p100;22107952.0;;0.042300001;0.042300001
;US-TN;2012;p90p100;245116.7;;0.4691;0.4691
;US-TN;2012;p90p95;126688.6;;0.1212;0.1212
;US-TN;2012;p95p99;200781.7;;0.15369999;0.15369999
;US-TN;2012;p99.5p99.9;815149.0;;0.062399998;0.062399998
;US-TN;2012;p99.9p99.99;2893201.5;;0.049800001;0.049800001
;US-TN;2012;p99p99.5;414785.19;;0.039700001;0.039700001
;US-TN;2012;p95p100;363211.41;;0.34760001;0.34760001
;US-TN;2012;p0p90;30814.5;;0.53079998;0.53079998
;US-TN;2012;p0p99;42541.898;;0.80610001;0.80610001
;US-TN;2012;p99.5p100;1611623.4;;0.1542;0.1542
;US-TN;2011;p0p100;55161.0;1.62057606767e+11;1.0;1.0
;US-TN;2011;p99p100;819696.13;;0.16500001;0.16500001
;US-TN;2011;p99.9p100;3462353.5;;0.069700003;0.069700003
;US-TN;2011;p99.99p100;14642062.0;;0.0295;0.0295
;US-TN;2011;p90p100;221606.3;;0.44600001;0.44600001
;US-TN;2011;p90p95;123710.1;;0.1245;0.1245
;US-TN;2011;p95p99;194030.0;;0.15620001;0.15620001
;US-TN;2011;p99.5p99.9;702564.19;;0.056600001;0.056600001
;US-TN;2011;p99.9p99.99;2227682.5;;0.040399998;0.040399998
;US-TN;2011;p99p99.5;384735.91;;0.038699999;0.038699999
;US-TN;2011;p95p100;319128.5;;0.32120001;0.32120001
;US-TN;2011;p0p90;30591.801;;0.55419999;0.55419999
;US-TN;2011;p0p99;41904.5;;0.83499998;0.83499998
;US-TN;2011;p99.5p100;1255044.0;;0.12630001;0.12630001
;US-TN;2010;p0p100;59093.199;1.6018944353e+11;1.0;1.0
;US-TN;2010;p99p100;854891.63;;0.1709;0.1709
;US-TN;2010;p99.9p100;3905494.0;;0.078100003;0.078100003
;US-TN;2010;p99.99p100;18614146.0;;0.0372;0.0372
;US-TN;2010;p90p100;224346.41;;0.44850001;0.44850001
;US-TN;2010;p90p95;124398.1;;0.1244;0.1244
;US-TN;2010;p95p99;191065.59;;0.15279999;0.15279999
;US-TN;2010;p99.5p99.9;694205.69;;0.055500001;0.055500001
;US-TN;2010;p99.9p99.99;2270615.3;;0.040899999;0.040899999
;US-TN;2010;p99p99.5;373154.59;;0.037300002;0.037300002
;US-TN;2010;p95p100;323805.81;;0.32370001;0.32370001
;US-TN;2010;p0p90;30673.9;;0.55190003;0.55190003
;US-TN;2010;p0p99;41886.602;;0.82910001;0.82910001
;US-TN;2010;p99.5p100;1337045.5;;0.1337;0.1337
;US-TN;2009;p0p100;59787.199;1.53911529679e+11;1.0;1.0
;US-TN;2009;p99p100;774995.88;;0.1582;0.1582
;US-TN;2009;p99.9p100;3372087.0;;0.068800002;0.068800002
;US-TN;2009;p99.99p100;15045115.0;;0.0307;0.0307
;US-TN;2009;p90p100;212942.2;;0.43470001;0.43470001
;US-TN;2009;p90p95;117307.4;;0.1197;0.1197
;US-TN;2009;p95p99;191512.0;;0.1564;0.1564
;US-TN;2009;p99.5p99.9;640684.88;;0.052299999;0.052299999
;US-TN;2009;p99.9p99.99;2053283.0;;0.037700001;0.037700001
;US-TN;2009;p99p99.5;355530.69;;0.0363;0.0363
;US-TN;2009;p95p100;308387.69;;0.31479999;0.31479999
;US-TN;2009;p0p90;30850.199;;0.5668;0.5668
;US-TN;2009;p0p99;41650.398;;0.84179997;0.84179997
;US-TN;2009;p99.5p100;1192244.8;;0.1217;0.1217
;US-TN;2008;p0p100;63937.699;1.64669086808e+11;1.0;1.0
;US-TN;2008;p99p100;940667.31;;0.17829999;0.17829999
;US-TN;2008;p99.9p100;4352041.5;;0.082500003;0.082500003
;US-TN;2008;p99.99p100;19628974.0;;0.0372;0.0372
;US-TN;2008;p90p100;236961.8;;0.44909999;0.44909999
;US-TN;2008;p90p95;128457.4;;0.1217;0.1217
;US-TN;2008;p95p99;194603.09;;0.14749999;0.14749999
;US-TN;2008;p99.5p99.9;752969.19;;0.057100002;0.057100002
;US-TN;2008;p99.9p99.99;2621924.0;;0.0447;0.0447
;US-TN;2008;p99p99.5;392791.0;;0.0372;0.0372
;US-TN;2008;p95p100;344617.09;;0.32659999;0.32659999
;US-TN;2008;p0p90;32504.199;;0.55449998;0.55449998
;US-TN;2008;p0p99;43790.398;;0.82169998;0.82169998
;US-TN;2008;p99.5p100;1483093.8;;0.1406;0.1406
;US-TN;2007;p0p100;75491.5;1.75842128913e+11;1.0;1.0
;US-TN;2007;p99p100;1234199.1;;0.21359999;0.21359999
;US-TN;2007;p99.9p100;6234317.0;;0.1079;0.1079
;US-TN;2007;p99.99p100;29649820.0;;0.0513;0.0513
;US-TN;2007;p90p100;274779.0;;0.4756;0.4756
;US-TN;2007;p90p95;133164.09;;0.1153;0.1153
;US-TN;2007;p95p99;210327.8;;0.14560001;0.14560001
;US-TN;2007;p99.5p99.9;944214.31;;0.065399997;0.065399997
;US-TN;2007;p99.9p99.99;3619599.5;;0.056400001;0.056400001
;US-TN;2007;p99p99.5;456698.09;;0.039500002;0.039500002
;US-TN;2007;p95p100;415695.09;;0.35980001;0.35980001
;US-TN;2007;p0p90;33796.898;;0.52649999;0.52649999
;US-TN;2007;p0p99;45888.398;;0.78640002;0.78640002
;US-TN;2007;p99.5p100;2008171.8;;0.17380001;0.17380001
;US-TN;2006;p0p100;76796.102;1.69516996552e+11;1.0;1.0
;US-TN;2006;p99p100;1161325.3;;0.20900001;0.20900001
;US-TN;2006;p99.9p100;5707926.0;;0.1027;0.1027
;US-TN;2006;p99.99p100;26034618.0;;0.046799999;0.046799999
;US-TN;2006;p90p100;263213.41;;0.4736;0.4736
;US-TN;2006;p90p95;125229.5;;0.1127;0.1127
;US-TN;2006;p95p99;210040.3;;0.1512;0.1512
;US-TN;2006;p99.5p99.9;912814.19;;0.065700002;0.065700002
;US-TN;2006;p99.9p99.99;3445327.0;;0.055799998;0.055799998
;US-TN;2006;p99p99.5;444084.31;;0.039999999;0.039999999
;US-TN;2006;p95p100;400865.41;;0.36070001;0.36070001
;US-TN;2006;p0p90;32592.4;;0.52780002;0.52780002
;US-TN;2006;p0p99;44402.898;;0.79100001;0.79100001
;US-TN;2006;p99.5p100;1875971.5;;0.1688;0.1688
;US-TN;2005;p0p100;82259.203;1.62996350532e+11;1.0;1.0
;US-TN;2005;p99p100;1057979.8;;0.18960001;0.18960001
;US-TN;2005;p99.9p100;5005935.5;;0.089699998;0.089699998
;US-TN;2005;p99.99p100;22063856.0;;0.039500002;0.039500002
;US-TN;2005;p90p100;249689.59;;0.4474;0.4474
;US-TN;2005;p90p95;119930.6;;0.1075;0.1075
;US-TN;2005;p95p99;208701.2;;0.1496;0.1496
;US-TN;2005;p99.5p99.9;848642.19;;0.060800001;0.060800001
;US-TN;2005;p99.9p99.99;3105171.5;;0.050099999;0.050099999
;US-TN;2005;p99p99.5;426077.91;;0.038199998;0.038199998
;US-TN;2005;p95p100;379086.59;;0.3396;0.3396
;US-TN;2005;p0p90;34372.699;;0.55430001;0.55430001
;US-TN;2005;p0p99;45683.0;;0.81040001;0.81040001
;US-TN;2005;p99.5p100;1686299.8;;0.15109999;0.15109999
;US-TN;2004;p0p100;84053.703;1.55538377423e+11;1.0;1.0
;US-TN;2004;p99p100;959584.31;;0.1798;0.1798
;US-TN;2004;p99.9p100;4478024.0;;0.083899997;0.083899997
;US-TN;2004;p99.99p100;20006508.0;;0.037500001;0.037500001
;US-TN;2004;p90p100;235974.2;;0.442;0.442
;US-TN;2004;p90p95;117136.5;;0.1097;0.1097
;US-TN;2004;p95p99;203301.91;;0.1523;0.1523
;US-TN;2004;p99.5p99.9;773890.63;;0.057999998;0.057999998
;US-TN;2004;p99.9p99.99;2747383.3;;0.046300001;0.046300001
;US-TN;2004;p99p99.5;400583.59;;0.037500001;0.037500001
;US-TN;2004;p95p100;354747.19;;0.33230001;0.33230001
;US-TN;2004;p0p90;33137.0;;0.55870003;0.55870003
;US-TN;2004;p0p99;44230.398;;0.82020003;0.82020003
;US-TN;2004;p99.5p100;1517339.9;;0.14210001;0.14210001
;US-TN;2003;p0p100;85123.297;1.46040576536e+11;1.0;1.0
;US-TN;2003;p99p100;819083.5;;0.15979999;0.15979999
;US-TN;2003;p99.9p100;3549954.0;;0.069300003;0.069300003
;US-TN;2003;p99.99p100;15216178.0;;0.0297;0.0297
;US-TN;2003;p90p100;218679.7;;0.42660001;0.42660001
;US-TN;2003;p90p95;119121.0;;0.1162;0.1162
;US-TN;2003;p95p99;192582.5;;0.1503;0.1503
;US-TN;2003;p99.5p99.9;689609.81;;0.053800002;0.053800002
;US-TN;2003;p99.9p99.99;2245703.8;;0.0394;0.0394
;US-TN;2003;p99p99.5;372693.19;;0.036400001;0.036400001
;US-TN;2003;p95p100;318098.41;;0.31029999;0.31029999
;US-TN;2003;p0p90;32701.4;;0.57419997;0.57419997
;US-TN;2003;p0p99;43499.398;;0.84020001;0.84020001
;US-TN;2003;p99.5p100;1264316.4;;0.1233;0.1233
;US-TN;2002;p0p100;89566.398;1.43945669953e+11;1.0;1.0
;US-TN;2002;p99p100;767725.31;;0.1488;0.1488
;US-TN;2002;p99.9p100;3144481.0;;0.060899999;0.060899999
;US-TN;2002;p99.99p100;12664095.0;;0.024499999;0.024499999
;US-TN;2002;p90p100;213497.3;;0.4138;0.4138
;US-TN;2002;p90p95;119512.7;;0.1158;0.1158
;US-TN;2002;p95p99;191987.0;;0.1488;0.1488
;US-TN;2002;p99.5p99.9;666377.38;;0.0517;0.0517
;US-TN;2002;p99.9p99.99;2077906.1;;0.036200002;0.036200002
;US-TN;2002;p99p99.5;368483.41;;0.035700001;0.035700001
;US-TN;2002;p95p100;307334.31;;0.2978;0.2978
;US-TN;2002;p0p90;33667.398;;0.58719999;0.58719999
;US-TN;2002;p0p99;44366.699;;0.85119998;0.85119998
;US-TN;2002;p99.5p100;1165481.9;;0.1129;0.1129
;US-TN;2001;p0p100;96390.102;1.48341540416e+11;1.0;1.0
;US-TN;2001;p99p100;835296.19;;0.15530001;0.15530001
;US-TN;2001;p99.9p100;3481273.8;;0.0647;0.0647
;US-TN;2001;p99.99p100;14151460.0;;0.0263;0.0263
;US-TN;2001;p90p100;223213.5;;0.41510001;0.41510001
;US-TN;2001;p90p95;121173.0;;0.1127;0.1127
;US-TN;2001;p95p99;197260.09;;0.14669999;0.14669999
;US-TN;2001;p99.5p99.9;711754.69;;0.052900001;0.052900001
;US-TN;2001;p99.9p99.99;2301338.5;;0.0385;0.0385
;US-TN;2001;p99p99.5;404023.69;;0.037599999;0.037599999
;US-TN;2001;p95p100;325039.91;;0.30219999;0.30219999
;US-TN;2001;p0p90;34974.801;;0.58530003;0.58530003
;US-TN;2001;p0p99;45885.801;;0.84469998;0.84469998
;US-TN;2001;p99.5p100;1267175.4;;0.1178;0.1178
;US-TN;2000;p0p100;111026.8;1.58550125386e+11;1.0;1.0
;US-TN;2000;p99p100;967386.63;;0.16509999;0.16509999
;US-TN;2000;p99.9p100;4311559.5;;0.073600002;0.073600002
;US-TN;2000;p99.99p100;18120600.0;;0.0309;0.0309
;US-TN;2000;p90p100;242241.3;;0.41330001;0.41330001
;US-TN;2000;p90p95;124103.2;;0.1059;0.1059
;US-TN;2000;p95p99;207039.8;;0.14129999;0.14129999
;US-TN;2000;p99.5p99.9;794624.88;;0.054200001;0.054200001
;US-TN;2000;p99.9p99.99;2791653.5;;0.0429;0.0429
;US-TN;2000;p99p99.5;428696.59;;0.036600001;0.036600001
;US-TN;2000;p95p100;359806.41;;0.30700001;0.30700001
;US-TN;2000;p0p90;38306.602;;0.58819997;0.58819997
;US-TN;2000;p0p99;49429.699;;0.83490002;0.83490002
;US-TN;2000;p99.5p100;1503999.0;;0.1283;0.1283
;US-TN;1999;p0p100;118486.4;1.54592351316e+11;1.0;1.0
;US-TN;1999;p99p100;975734.0;;0.1666;0.1666
;US-TN;1999;p99.9p100;4255512.0;;0.072700001;0.072700001
;US-TN;1999;p99.99p100;17127790.0;;0.029200001;0.029200001
;US-TN;1999;p90p100;244535.59;;0.41760001;0.41760001
;US-TN;1999;p90p95;125548.7;;0.1072;0.1072
;US-TN;1999;p95p99;210089.8;;0.1435;0.1435
;US-TN;1999;p99.5p99.9;824504.88;;0.056299999;0.056299999
;US-TN;1999;p99.9p99.99;2848508.0;;0.0438;0.0438
;US-TN;1999;p99p99.5;439070.69;;0.037500001;0.037500001
;US-TN;1999;p95p100;363333.5;;0.31020001;0.31020001
;US-TN;1999;p0p90;37895.5;;0.58240002;0.58240002
;US-TN;1999;p0p99;49292.398;;0.83340001;0.83340001
;US-TN;1999;p99.5p100;1512307.5;;0.12909999;0.12909999
;US-TN;1998;p0p100;118402.0;1.47447446941e+11;1.0;1.0
;US-TN;1998;p99p100;939768.63;;0.1674;0.1674
;US-TN;1998;p99.9p100;4077539.0;;0.0726;0.0726
;US-TN;1998;p99.99p100;16229612.0;;0.028899999;0.028899999
;US-TN;1998;p90p100;234437.09;;0.41749999;0.41749999
;US-TN;1998;p90p95;121079.4;;0.1078;0.1078
;US-TN;1998;p95p99;199507.3;;0.14210001;0.14210001
;US-TN;1998;p99.5p99.9;801668.88;;0.057100002;0.057100002
;US-TN;1998;p99.9p99.99;2746679.3;;0.044;0.044
;US-TN;1998;p99p99.5;421439.31;;0.037500001;0.037500001
;US-TN;1998;p95p100;347680.41;;0.3096;0.3096
;US-TN;1998;p0p90;36339.0;;0.58249998;0.58249998
;US-TN;1998;p0p99;47222.801;;0.8326;0.8326
;US-TN;1998;p99.5p100;1458032.4;;0.12980001;0.12980001
;US-TN;1997;p0p100;110560.5;1.33920259766e+11;1.0;1.0
;US-TN;1997;p99p100;871967.19;;0.171;0.171
;US-TN;1997;p99.9p100;3784519.8;;0.074199997;0.074199997
;US-TN;1997;p99.99p100;15646784.0;;0.0307;0.0307
;US-TN;1997;p90p100;221470.7;;0.43430001;0.43430001
;US-TN;1997;p90p95;116787.8;;0.1145;0.1145
;US-TN;1997;p95p99;189614.41;;0.1487;0.1487
;US-TN;1997;p99.5p99.9;736974.31;;0.057799999;0.057799999
;US-TN;1997;p99.9p99.99;2471469.8;;0.0436;0.0436
;US-TN;1997;p99p99.5;396834.91;;0.038899999;0.038899999
;US-TN;1997;p95p100;326110.09;;0.3197;0.3197
;US-TN;1997;p0p90;32056.6;;0.56569999;0.56569999
;US-TN;1997;p0p99;42703.301;;0.829;0.829
;US-TN;1997;p99.5p100;1346927.5;;0.1321;0.1321
;US-TN;1996;p0p100;109338.8;1.25260881609e+11;1.0;1.0
;US-TN;1996;p99p100;790908.0;;0.1637;0.1637
;US-TN;1996;p99.9p100;3378283.3;;0.069899999;0.069899999
;US-TN;1996;p99.99p100;14047685.0;;0.029100001;0.029100001
;US-TN;1996;p90p100;208345.5;;0.4312;0.4312
;US-TN;1996;p90p95;113969.9;;0.1179;0.1179
;US-TN;1996;p95p99;180647.91;;0.1495;0.1495
;US-TN;1996;p99.5p99.9;676997.13;;0.056000002;0.056000002
;US-TN;1996;p99.9p99.99;2192384.3;;0.040800001;0.040800001
;US-TN;1996;p99p99.5;363926.69;;0.037700001;0.037700001
;US-TN;1996;p95p100;302703.91;;0.3132;0.3132
;US-TN;1996;p0p90;30546.4;;0.56889999;0.56889999
;US-TN;1996;p0p99;40820.801;;0.83630002;0.83630002
;US-TN;1996;p99.5p100;1217752.3;;0.126;0.126
;US-TN;1995;p0p100;112762.4;1.1901163762e+11;1.0;1.0
;US-TN;1995;p99p100;707514.81;;0.1496;0.1496
;US-TN;1995;p99.9p100;2823152.5;;0.059700001;0.059700001
;US-TN;1995;p99.99p100;10974581.0;;0.0232;0.0232
;US-TN;1995;p90p100;196269.2;;0.41510001;0.41510001
;US-TN;1995;p90p95;110592.6;;0.1169;0.1169
;US-TN;1995;p95p99;175558.09;;0.1485;0.1485
;US-TN;1995;p99.5p99.9;628762.0;;0.053199999;0.053199999
;US-TN;1995;p99.9p99.99;1917522.3;;0.036499999;0.036499999
;US-TN;1995;p99p99.5;346949.69;;0.036699999;0.036699999
;US-TN;1995;p95p100;281947.69;;0.29809999;0.29809999
;US-TN;1995;p0p90;30732.1;;0.58499998;0.58499998
;US-TN;1995;p0p99;40614.898;;0.85039997;0.85039997
;US-TN;1995;p99.5p100;1068011.6;;0.1129;0.1129
;US-TN;1994;p0p100;111117.8;1.12237654743e+11;1.0;1.0
;US-TN;1994;p99p100;631120.19;;0.14210001;0.14210001
;US-TN;1994;p99.9p100;2503925.5;;0.056400001;0.056400001
;US-TN;1994;p99.99p100;9971719.0;;0.022399999;0.022399999
;US-TN;1994;p90p100;182518.8;;0.41080001;0.41080001
;US-TN;1994;p90p95;106979.8;;0.1204;0.1204
;US-TN;1994;p95p99;164791.09;;0.14839999;0.14839999
;US-TN;1994;p99.5p99.9;560159.5;;0.0504;0.0504
;US-TN;1994;p99.9p99.99;1673522.5;;0.0339;0.0339
;US-TN;1994;p99p99.5;313083.41;;0.0352;0.0352
;US-TN;1994;p95p100;258054.3;;0.2904;0.2904
;US-TN;1994;p0p90;29087.5;;0.58920002;0.58920002
;US-TN;1994;p0p99;38502.602;;0.85790002;0.85790002
;US-TN;1994;p99.5p100;949124.31;;0.1068;0.1068
;US-TN;1993;p0p100;114477.1;1.0802195564e+11;1.0;1.0
;US-TN;1993;p99p100;624563.5;;0.14229999;0.14229999
;US-TN;1993;p99.9p100;2518868.5;;0.057399999;0.057399999
;US-TN;1993;p99.99p100;10208317.0;;0.0233;0.0233
;US-TN;1993;p90p100;179151.7;;0.40830001;0.40830001
;US-TN;1993;p90p95;104691.3;;0.1193;0.1193
;US-TN;1993;p95p99;160872.91;;0.14669999;0.14669999
;US-TN;1993;p99.5p99.9;552931.81;;0.0504;0.0504
;US-TN;1993;p99.9p99.99;1664609.3;;0.0341;0.0341
;US-TN;1993;p99p99.5;303053.91;;0.034499999;0.034499999
;US-TN;1993;p95p100;253609.59;;0.289;0.289
;US-TN;1993;p0p90;28848.1;;0.59170002;0.59170002
;US-TN;1993;p0p99;38013.199;;0.85769999;0.85769999
;US-TN;1993;p99.5p100;946083.38;;0.1078;0.1078
;US-TN;1992;p0p100;119996.0;1.05577486243e+11;1.0;1.0
;US-TN;1992;p99p100;652367.13;;0.1489;0.1489
;US-TN;1992;p99.9p100;2738315.0;;0.0625;0.0625
;US-TN;1992;p99.99p100;11417143.0;;0.0261;0.0261
;US-TN;1992;p90p100;181028.8;;0.41330001;0.41330001
;US-TN;1992;p90p95;105683.2;;0.1206;0.1206
;US-TN;1992;p95p99;157393.3;;0.1437;0.1437
;US-TN;1992;p99.5p99.9;568447.0;;0.051899999;0.051899999
;US-TN;1992;p99.9p99.99;1774293.6;;0.036499999;0.036499999
;US-TN;1992;p99p99.5;302553.59;;0.034499999;0.034499999
;US-TN;1992;p95p100;256386.7;;0.29269999;0.29269999
;US-TN;1992;p0p90;28551.4;;0.58670002;0.58670002
;US-TN;1992;p0p99;37654.102;;0.85110003;0.85110003
;US-TN;1992;p99.5p100;1002222.1;;0.1144;0.1144
;US-TN;1991;p0p100;121498.6;1.00482927161e+11;1.0;1.0
;US-TN;1991;p99p100;549296.88;;0.1302;0.1302
;US-TN;1991;p99.9p100;2067203.3;;0.048999999;0.048999999
;US-TN;1991;p99.99p100;7751163.5;;0.0184;0.0184
;US-TN;1991;p90p100;168243.59;;0.39879999;0.39879999
;US-TN;1991;p90p95;105335.9;;0.1249;0.1249
;US-TN;1991;p95p99;151744.91;;0.14390001;0.14390001
;US-TN;1991;p99.5p99.9;503685.59;;0.047800001;0.047800001
;US-TN;1991;p99.9p99.99;1435540.8;;0.0306;0.0306
;US-TN;1991;p99p99.5;282118.91;;0.033399999;0.033399999
;US-TN;1991;p95p100;231250.7;;0.27410001;0.27410001
;US-TN;1991;p0p90;28171.699;;0.60110003;0.60110003
;US-TN;1991;p0p99;37061.199;;0.86979997;0.86979997
;US-TN;1991;p99.5p100;816478.81;;0.096799999;0.096799999
;US-TN;1990;p0p100;135439.59;1.01276124619e+11;1.0;1.0
;US-TN;1990;p99p100;568135.5;;0.1296;0.1296
;US-TN;1990;p99.9p100;2133792.5;;0.048700001;0.048700001
;US-TN;1990;p99.99p100;7899161.0;;0.017999999;0.017999999
;US-TN;1990;p90p100;170397.7;;0.3888;0.3888
;US-TN;1990;p90p95;105171.3;;0.12;0.12
;US-TN;1990;p95p99;152486.5;;0.1392;0.1392
;US-TN;1990;p99.5p99.9;525785.63;;0.048;0.048
;US-TN;1990;p99.9p99.99;1494572.8;;0.0307;0.0307
;US-TN;1990;p99p99.5;288637.81;;0.032900002;0.032900002
;US-TN;1990;p95p100;235634.5;;0.26879999;0.26879999
;US-TN;1990;p0p90;29761.199;;0.61119998;0.61119998
;US-TN;1990;p0p99;38528.398;;0.87040001;0.87040001
;US-TN;1990;p99.5p100;847424.19;;0.096699998;0.096699998
;US-TN;1989;p0p100;145892.3;1.00354153029e+11;1.0;1.0
;US-TN;1989;p99p100;601637.13;;0.14049999;0.14049999
;US-TN;1989;p99.9p100;2412150.0;;0.056299999;0.056299999
;US-TN;1989;p99.99p100;9554692.0;;0.022299999;0.022299999
;US-TN;1989;p90p100;171959.09;;0.40149999;0.40149999
;US-TN;1989;p90p95;101219.6;;0.1182;0.1182
;US-TN;1989;p95p99;151928.3;;0.1419;0.1419
;US-TN;1989;p99.5p99.9;531321.31;;0.049600001;0.049600001
;US-TN;1989;p99.9p99.99;1605728.5;;0.0337;0.0337
;US-TN;1989;p99p99.5;289432.31;;0.033799998;0.033799998
;US-TN;1989;p95p100;242557.5;;0.2832;0.2832
;US-TN;1989;p0p90;28577.4;;0.60049999;0.60049999
;US-TN;1989;p0p99;37186.301;;0.85949999;0.85949999
;US-TN;1989;p99.5p100;911303.31;;0.1064;0.1064
;US-TN;1988;p0p100;162091.59;1.00052193536e+11;1.0;1.0
;US-TN;1988;p99p100;669000.88;;0.153;0.153
;US-TN;1988;p99.9p100;2897073.5;;0.066200003;0.066200003
;US-TN;1988;p99.99p100;12036479.0;;0.0275;0.0275
;US-TN;1988;p90p100;177780.5;;0.40650001;0.40650001
;US-TN;1988;p90p95;100185.1;;0.1145;0.1145
;US-TN;1988;p95p99;151431.09;;0.13850001;0.13850001
;US-TN;1988;p99.5p99.9;573253.0;;0.0524;0.0524
;US-TN;1988;p99.9p99.99;1874955.6;;0.038600001;0.038600001
;US-TN;1988;p99p99.5;296595.5;;0.0339;0.0339
;US-TN;1988;p95p100;255302.2;;0.29190001;0.29190001
;US-TN;1988;p0p90;28887.0;;0.59450001;0.59450001
;US-TN;1988;p0p99;37416.102;;0.847;0.847
;US-TN;1988;p99.5p100;1040048.9;;0.1189;0.1189
;US-TN;1987;p0p100;165795.59;93033740186.0;1.0;1.0
;US-TN;1987;p99p100;511402.59;;0.1229;0.1229
;US-TN;1987;p99.9p100;1916008.0;;0.046;0.046
;US-TN;1987;p99.99p100;7225238.0;;0.0174;0.0174
;US-TN;1987;p90p100;159517.0;;0.38330001;0.38330001
;US-TN;1987;p90p95;99699.203;;0.1198;0.1198
;US-TN;1987;p95p99;145561.09;;0.1399;0.1399
;US-TN;1987;p99.5p99.9;462106.41;;0.044399999;0.044399999
;US-TN;1987;p99.9p99.99;1316195.3;;0.0285;0.0285
;US-TN;1987;p99p99.5;265029.31;;0.031800002;0.031800002
;US-TN;1987;p95p100;219245.91;;0.26339999;0.26339999
;US-TN;1987;p0p90;28591.5;;0.61830002;0.61830002
;US-TN;1987;p0p99;36875.199;;0.87709999;0.87709999
;US-TN;1987;p99.5p100;755856.38;;0.090800002;0.090800002
;US-TN;1986;p0p100;182287.0;93851871714.0;1.0;1.0
;US-TN;1986;p99p100;699805.5;;0.16339999;0.16339999
;US-TN;1986;p99.9p100;3276358.5;;0.076499999;0.076499999
;US-TN;1986;p99.99p100;14922394.0;;0.034899998;0.034899998
;US-TN;1986;p90p100;177249.3;;0.414;0.414
;US-TN;1986;p90p95;96644.602;;0.1129;0.1129
;US-TN;1986;p95p99;147667.7;;0.13789999;0.13789999
;US-TN;1986;p99.5p99.9;572902.5;;0.0535;0.0535
;US-TN;1986;p99.9p99.99;1987936.3;;0.0418;0.0418
;US-TN;1986;p99p99.5;288049.5;;0.033599999;0.033599999
;US-TN;1986;p95p100;257900.3;;0.3012;0.3012
;US-TN;1986;p0p90;27851.0;;0.58539999;0.58539999
;US-TN;1986;p0p99;36181.801;;0.83660001;0.83660001
;US-TN;1986;p99.5p100;1112375.8;;0.12989999;0.12989999
;US-TN;1985;p0p100;173932.0;85411941094.0;1.0;1.0
;US-TN;1985;p99p100;510905.41;;0.1296;0.1296
;US-TN;1985;p99.9p100;2143738.5;;0.054400001;0.054400001
;US-TN;1985;p99.99p100;9021338.0;;0.0229;0.0229
;US-TN;1985;p90p100;151575.3;;0.38460001;0.38460001
;US-TN;1985;p90p95;92405.898;;0.1172;0.1172
;US-TN;1985;p95p99;135687.2;;0.13770001;0.13770001
;US-TN;1985;p99.5p99.9;434236.59;;0.044100001;0.044100001
;US-TN;1985;p99.9p99.99;1380071.8;;0.031500001;0.031500001
;US-TN;1985;p99p99.5;245584.3;;0.031199999;0.031199999
;US-TN;1985;p95p100;210742.2;;0.26730001;0.26730001
;US-TN;1985;p0p90;26953.9;;0.61549997;0.61549997
;US-TN;1985;p0p99;34652.801;;0.87040001;0.87040001
;US-TN;1985;p99.5p100;776184.63;;0.098499998;0.098499998
;US-TN;1984;p0p100;180096.3;81725894697.0;1.0;1.0
;US-TN;1984;p99p100;474785.69;;0.1245;0.1245
;US-TN;1984;p99.9p100;2005172.5;;0.0526;0.0526
;US-TN;1984;p99.99p100;8844735.0;;0.0232;0.0232
;US-TN;1984;p90p100;146922.8;;0.38510001;0.38510001
;US-TN;1984;p90p95;95869.703;;0.1257;0.1257
;US-TN;1984;p95p99;128980.9;;0.13519999;0.13519999
;US-TN;1984;p99.5p99.9;400575.19;;0.041999999;0.041999999
;US-TN;1984;p99.9p99.99;1257904.3;;0.0297;0.0297
;US-TN;1984;p99p99.5;231116.91;;0.030300001;0.030300001
;US-TN;1984;p95p100;197906.09;;0.25940001;0.25940001
;US-TN;1984;p0p90;26023.0;;0.61390001;0.61390001
;US-TN;1984;p0p99;33737.398;;0.87550002;0.87550002
;US-TN;1984;p99.5p100;719507.81;;0.094300002;0.094300002
;US-TN;1983;p0p100;198930.8;76831855393.0;1.0;1.0
;US-TN;1983;p99p100;422556.09;;0.1133;0.1133
;US-TN;1983;p99.9p100;1669781.6;;0.044799998;0.044799998
;US-TN;1983;p99.99p100;7080290.0;;0.018999999;0.018999999
;US-TN;1983;p90p100;135240.91;;0.3626;0.3626
;US-TN;1983;p90p95;86739.898;;0.1163;0.1163
;US-TN;1983;p95p99;124125.7;;0.1331;0.1331
;US-TN;1983;p99.5p99.9;368871.09;;0.0396;0.0396
;US-TN;1983;p99.9p99.99;1075222.8;;0.025900001;0.025900001
;US-TN;1983;p99p99.5;218242.7;;0.029300001;0.029300001
;US-TN;1983;p95p100;183668.7;;0.2462;0.2462
;US-TN;1983;p0p90;26391.199;;0.63679999;0.63679999
;US-TN;1983;p0p99;33405.0;;0.88669997;0.88669997
;US-TN;1983;p99.5p100;627631.0;;0.084100001;0.084100001
;US-TN;1982;p0p100;203125.8;75240558420.0;1.0;1.0
;US-TN;1982;p99p100;412614.81;;0.113;0.113
;US-TN;1982;p99.9p100;1595976.9;;0.043699998;0.043699998
;US-TN;1982;p99.99p100;6626547.5;;0.018100001;0.018100001
;US-TN;1982;p90p100;129197.4;;0.35370001;0.35370001
;US-TN;1982;p90p95;81885.898;;0.1121;0.1121
;US-TN;1982;p95p99;117702.6;;0.12890001;0.12890001
;US-TN;1982;p99.5p99.9;362064.0;;0.039700001;0.039700001
;US-TN;1982;p99.9p99.99;1037024.6;;0.025599999;0.025599999
;US-TN;1982;p99p99.5;216383.0;;0.0296;0.0296
;US-TN;1982;p95p100;176177.91;;0.2412;0.2412
;US-TN;1982;p0p90;26217.199;;0.64600003;0.64600003
;US-TN;1982;p0p99;32725.1;;0.88700002;0.88700002
;US-TN;1982;p99.5p100;608846.63;;0.083300002;0.083300002
;US-TN;1981;p0p100;233883.5;75801080292.0;1.0;1.0
;US-TN;1981;p99p100;381892.59;;0.1021;0.1021
;US-TN;1981;p99.9p100;1236989.3;;0.033100002;0.033100002
;US-TN;1981;p99.99p100;4376971.0;;0.0117;0.0117
;US-TN;1981;p90p100;136174.3;;0.36410001;0.36410001
;US-TN;1981;p90p95;98819.602;;0.1321;0.1321
;US-TN;1981;p95p99;121931.8;;0.1304;0.1304
;US-TN;1981;p99.5p99.9;368136.81;;0.0394;0.0394
;US-TN;1981;p99.9p99.99;887532.63;;0.021400001;0.021400001
;US-TN;1981;p99p99.5;220970.91;;0.0295;0.0295
;US-TN;1981;p95p100;173905.5;;0.2325;0.2325
;US-TN;1981;p0p90;26413.301;;0.63550001;0.63550001
;US-TN;1981;p0p99;33924.398;;0.89789999;0.89789999
;US-TN;1981;p99.5p100;542691.69;;0.072499998;0.072499998
;US-TN;1980;p0p100;288440.0;75732291211.0;1.0;1.0
;US-TN;1980;p99p100;388854.19;;0.1011;0.1011
;US-TN;1980;p99.9p100;1200630.0;;0.031199999;0.031199999
;US-TN;1980;p99.99p100;3657750.8;;0.0094999997;0.0094999997
;US-TN;1980;p90p100;136653.91;;0.35530001;0.35530001
;US-TN;1980;p90p95;96328.102;;0.1252;0.1252
;US-TN;1980;p95p99;123931.6;;0.12890001;0.12890001
;US-TN;1980;p99.5p99.9;383473.09;;0.039900001;0.039900001
;US-TN;1980;p99.9p99.99;926748.0;;0.0217;0.0217
;US-TN;1980;p99p99.5;230483.7;;0.029999999;0.029999999
;US-TN;1980;p95p100;176904.8;;0.23;0.23
;US-TN;1980;p0p90;27553.6;;0.64480001;0.64480001
;US-TN;1980;p0p99;34918.699;;0.89889997;0.89889997
;US-TN;1980;p99.5p100;547206.13;;0.071099997;0.071099997
;US-TN;1979;p0p100;367347.5;76072438981.0;1.0;1.0
;US-TN;1979;p99p100;383759.69;;0.096699998;0.096699998
;US-TN;1979;p99.9p100;1156525.3;;0.029100001;0.029100001
;US-TN;1979;p99.99p100;3821552.5;;0.0096000005;0.0096000005
;US-TN;1979;p90p100;138263.0;;0.3484;0.3484
;US-TN;1979;p90p95;91577.898;;0.1154;0.1154
;US-TN;1979;p95p99;135244.91;;0.1363;0.1363
;US-TN;1979;p99.5p99.9;380893.59;;0.038400002;0.038400002
;US-TN;1979;p99.9p99.99;859840.19;;0.0195;0.0195
;US-TN;1979;p99p99.5;231425.41;;0.029200001;0.029200001
;US-TN;1979;p95p100;184934.7;;0.233;0.233
;US-TN;1979;p0p90;28727.199;;0.6516;0.6516
;US-TN;1979;p0p99;36204.301;;0.90329999;0.90329999
;US-TN;1979;p99.5p100;536288.31;;0.067599997;0.067599997
;US-TN;1978;p0p100;434523.5;73115041680.0;1.0;1.0
;US-TN;1978;p99p100;368714.91;;0.094300002;0.094300002
;US-TN;1978;p99.9p100;992472.38;;0.0254;0.0254
;US-TN;1978;p99.99p100;2849410.8;;0.0073000002;0.0073000002
;US-TN;1978;p90p100;136298.41;;0.34869999;0.34869999
;US-TN;1978;p90p95;89960.703;;0.1151;0.1151
;US-TN;1978;p95p99;136301.2;;0.13950001;0.13950001
;US-TN;1978;p99.5p99.9;369520.41;;0.037799999;0.037799999
;US-TN;1978;p99.9p99.99;785776.31;;0.018100001;0.018100001
;US-TN;1978;p99p99.5;243223.8;;0.031099999;0.031099999
;US-TN;1978;p95p100;182771.2;;0.23379999;0.23379999
;US-TN;1978;p0p90;28280.699;;0.65109998;0.65109998
;US-TN;1978;p0p99;35759.5;;0.90570003;0.90570003
;US-TN;1978;p99.5p100;494319.59;;0.063199997;0.063199997
;US-TN;1977;p0p100;484981.59;68696452419.0;1.0;1.0
;US-TN;1977;p99p100;353997.69;;0.093900003;0.093900003
;US-TN;1977;p99.9p100;998598.81;;0.0265;0.0265
;US-TN;1977;p99.99p100;2861721.0;;0.0076000001;0.0076000001
;US-TN;1977;p90p100;130401.0;;0.34599999;0.34599999
;US-TN;1977;p90p95;86738.5;;0.1151;0.1151
;US-TN;1977;p95p99;129069.7;;0.13699999;0.13699999
;US-TN;1977;p99.5p99.9;357911.09;;0.037999999;0.037999999
;US-TN;1977;p99.9p99.99;790829.13;;0.0189;0.0189
;US-TN;1977;p99p99.5;221809.0;;0.0294;0.0294
;US-TN;1977;p95p100;174056.2;;0.2309;0.2309
;US-TN;1977;p0p90;27389.9;;0.6541;0.6541
;US-TN;1977;p0p99;34494.199;;0.90609998;0.90609998
;US-TN;1977;p99.5p100;486195.69;;0.064499997;0.064499997
;US-TN;1976;p0p100;540865.5;65858275106.0;1.0;1.0
;US-TN;1976;p99p100;351336.09;;0.094800003;0.094800003
;US-TN;1976;p99.9p100;992857.69;;0.026799999;0.026799999
;US-TN;1976;p99.99p100;3308943.0;;0.0088999998;0.0088999998
;US-TN;1976;p90p100;128218.2;;0.34599999;0.34599999
;US-TN;1976;p90p95;88478.797;;0.1194;0.1194
;US-TN;1976;p95p99;122116.7;;0.1318;0.1318
;US-TN;1976;p99.5p99.9;365535.69;;0.039500002;0.039500002
;US-TN;1976;p99.9p99.99;735507.88;;0.017899999;0.017899999
;US-TN;1976;p99p99.5;211523.09;;0.0285;0.0285
;US-TN;1976;p95p100;167961.7;;0.22660001;0.22660001
;US-TN;1976;p0p90;26927.699;;0.65399998;0.65399998
;US-TN;1976;p0p99;33881.602;;0.9052;0.9052
;US-TN;1976;p99.5p100;491179.41;;0.066299997;0.066299997
;US-TN;1975;p0p100;575202.88;61092949653.0;1.0;1.0
;US-TN;1975;p99p100;339175.91;;0.096299998;0.096299998
;US-TN;1975;p99.9p100;970537.19;;0.0275;0.0275
;US-TN;1975;p99.99p100;2976006.5;;0.0083999997;0.0083999997
;US-TN;1975;p90p100;125518.6;;0.3563;0.3563
;US-TN;1975;p90p95;85640.898;;0.1215;0.1215
;US-TN;1975;p95p99;121945.6;;0.13850001;0.13850001
;US-TN;1975;p99.5p99.9;340146.09;;0.038600001;0.038600001
;US-TN;1975;p99.9p99.99;747972.5;;0.019099999;0.019099999
;US-TN;1975;p99p99.5;212094.41;;0.030099999;0.030099999
;US-TN;1975;p95p100;165393.09;;0.23469999;0.23469999
;US-TN;1975;p0p90;25199.9;;0.6437;0.6437
;US-TN;1975;p0p99;32161.5;;0.90369999;0.90369999
;US-TN;1975;p99.5p100;466284.5;;0.066200003;0.066200003
;US-TN;1974;p0p100;731555.0;63640323893.0;1.0;1.0
;US-TN;1974;p99p100;350242.31;;0.093099996;0.093099996
;US-TN;1974;p99.9p100;1031425.1;;0.0274;0.0274
;US-TN;1974;p99.99p100;3273714.5;;0.0087000001;0.0087000001
;US-TN;1974;p90p100;129888.7;;0.3452;0.3452
;US-TN;1974;p90p95;88087.5;;0.1171;0.1171
;US-TN;1974;p95p99;126972.1;;0.13500001;0.13500001
;US-TN;1974;p99.5p99.9;344300.5;;0.036600001;0.036600001
;US-TN;1974;p99.9p99.99;781198.63;;0.0187;0.0187
;US-TN;1974;p99p99.5;218232.3;;0.028999999;0.028999999
;US-TN;1974;p95p100;171694.91;;0.2282;0.2282
;US-TN;1974;p0p90;27382.1;;0.65499997;0.65499997
;US-TN;1974;p0p99;34468.199;;0.90689999;0.90689999
;US-TN;1974;p99.5p100;482041.19;;0.064099997;0.064099997
;US-TN;1973;p0p100;918001.31;63231464252.0;1.0;1.0
;US-TN;1973;p99p100;385655.91;;0.1007;0.1007
;US-TN;1973;p99.9p100;1110989.8;;0.028999999;0.028999999
;US-TN;1973;p99.99p100;3653666.0;;0.0094999997;0.0094999997
;US-TN;1973;p90p100;137853.91;;0.36000001;0.36000001
;US-TN;1973;p90p95;88848.0;;0.116;0.116
;US-TN;1973;p95p99;137147.5;;0.1432;0.1432
;US-TN;1973;p99.5p99.9;393751.0;;0.041099999;0.041099999
;US-TN;1973;p99.9p99.99;828361.0;;0.0195;0.0195
;US-TN;1973;p99p99.5;234273.5;;0.0306;0.0306
;US-TN;1973;p95p100;186849.09;;0.244;0.244
;US-TN;1973;p0p90;27234.1;;0.63999999;0.63999999
;US-TN;1973;p0p99;34787.5;;0.89929998;0.89929998
;US-TN;1973;p99.5p100;537191.5;;0.070100002;0.070100002
;US-TN;1972;p0p100;998066.5;59459711651.0;1.0;1.0
;US-TN;1972;p99p100;396185.5;;0.1074;0.1074
;US-TN;1972;p99.9p100;1231774.6;;0.033399999;0.033399999
;US-TN;1972;p99.99p100;4401107.5;;0.0119;0.0119
;US-TN;1972;p90p100;132458.0;;0.35890001;0.35890001
;US-TN;1972;p90p95;86088.398;;0.1166;0.1166
;US-TN;1972;p95p99;124484.3;;0.1349;0.1349
;US-TN;1972;p99.5p99.9;386730.69;;0.041900001;0.041900001
;US-TN;1972;p99.9p99.99;879565.31;;0.021500001;0.021500001
;US-TN;1972;p99p99.5;236494.59;;0.032000002;0.032000002
;US-TN;1972;p95p100;178823.2;;0.2423;0.2423
;US-TN;1972;p0p90;26286.5;;0.64109999;0.64109999
;US-TN;1972;p0p99;33273.602;;0.8926;0.8926
;US-TN;1972;p99.5p100;555876.31;;0.075300001;0.075300001
;US-TN;1971;p0p100;1001169.9;54580789768.0;1.0;1.0
;US-TN;1971;p99p100;369160.09;;0.1062;0.1062
;US-TN;1971;p99.9p100;1127175.0;;0.032400001;0.032400001
;US-TN;1971;p99.99p100;3926794.5;;0.0113;0.0113
;US-TN;1971;p90p100;127811.5;;0.3678;0.3678
;US-TN;1971;p90p95;82888.203;;0.1193;0.1193
;US-TN;1971;p95p99;123608.9;;0.14229999;0.14229999
;US-TN;1971;p99.5p99.9;357991.0;;0.041200001;0.041200001
;US-TN;1971;p99.9p99.99;816215.31;;0.0211;0.0211
;US-TN;1971;p99p99.5;226376.09;;0.032600001;0.032600001
;US-TN;1971;p95p100;172720.2;;0.2485;0.2485
;US-TN;1971;p0p90;24412.1;;0.6322;0.6322
;US-TN;1971;p0p99;31372.9;;0.89380002;0.89380002
;US-TN;1971;p99.5p100;511922.31;;0.073700003;0.073700003
;US-TN;1970;p0p100;1067532.3;51971622958.0;1.0;1.0
;US-TN;1970;p99p100;330695.81;;0.097199999;0.097199999
;US-TN;1970;p99.9p100;943270.88;;0.0277;0.0277
;US-TN;1970;p99.99p100;2936289.0;;0.0086000003;0.0086000003
;US-TN;1970;p90p100;119700.8;;0.352;0.352
;US-TN;1970;p90p95;81507.898;;0.1198;0.1198
;US-TN;1970;p95p99;114703.9;;0.1349;0.1349
;US-TN;1970;p99.5p99.9;336827.59;;0.0396;0.0396
;US-TN;1970;p99.9p99.99;721412.63;;0.019099999;0.019099999
;US-TN;1970;p99p99.5;203091.7;;0.029899999;0.029899999
;US-TN;1970;p95p100;157903.91;;0.2322;0.2322
;US-TN;1970;p0p90;24488.4;;0.64810002;0.64810002
;US-TN;1970;p0p99;31012.0;;0.90280002;0.90280002
;US-TN;1970;p99.5p100;458301.59;;0.067400001;0.067400001
;US-TN;1969;p0p100;1203261.0;51628445436.0;1.0;1.0
;US-TN;1969;p99p100;371546.0;;0.1083;0.1083
;US-TN;1969;p99.9p100;1209319.0;;0.035300002;0.035300002
;US-TN;1969;p99.99p100;4559272.5;;0.0133;0.0133
;US-TN;1969;p90p100;122563.4;;0.3574;0.3574
;US-TN;1969;p90p95;77573.203;;0.1131;0.1131
;US-TN;1969;p95p99;116556.6;;0.13590001;0.13590001
;US-TN;1969;p99.5p99.9;356831.91;;0.0416;0.0416
;US-TN;1969;p99.9p99.99;838339.38;;0.022;0.022
;US-TN;1969;p99p99.5;215658.7;;0.031399999;0.031399999
;US-TN;1969;p95p100;167550.09;;0.24429999;0.24429999
;US-TN;1969;p0p90;24487.4;;0.6426;0.6426
;US-TN;1969;p0p99;30889.1;;0.89170003;0.89170003
;US-TN;1969;p99.5p100;527474.0;;0.076899998;0.076899998
;US-TN;1968;p0p100;1354854.6;51584902046.0;1.0;1.0
;US-TN;1968;p99p100;386453.91;;0.1113;0.1113
;US-TN;1968;p99.9p100;1234635.4;;0.035599999;0.035599999
;US-TN;1968;p99.99p100;4540324.0;;0.0131;0.0131
;US-TN;1968;p90p100;124197.1;;0.35769999;0.35769999
;US-TN;1968;p90p95;76572.703;;0.1103;0.1103
;US-TN;1968;p95p99;118154.2;;0.13609999;0.13609999
;US-TN;1968;p99.5p99.9;379124.91;;0.043699998;0.043699998
;US-TN;1968;p99.9p99.99;868781.88;;0.022500001;0.022500001
;US-TN;1968;p99p99.5;222757.3;;0.032099999;0.032099999
;US-TN;1968;p95p100;171819.41;;0.2474;0.2474
;US-TN;1968;p0p90;24778.301;;0.64230001;0.64230001
;US-TN;1968;p0p99;31168.6;;0.88870001;0.88870001
;US-TN;1968;p99.5p100;550098.31;;0.0792;0.0792
;US-TN;1967;p0p100;1387051.6;47997887027.0;1.0;1.0
;US-TN;1967;p99p100;369463.0;;0.1128;0.1128
;US-TN;1967;p99.9p100;1101881.8;;0.0337;0.0337
;US-TN;1967;p99.99p100;3791362.5;;0.0116;0.0116
;US-TN;1967;p90p100;118914.9;;0.36320001;0.36320001
;US-TN;1967;p90p95;75688.203;;0.1156;0.1156
;US-TN;1967;p95p99;110329.7;;0.1348;0.1348
;US-TN;1967;p99.5p99.9;360354.81;;0.044;0.044
;US-TN;1967;p99.9p99.99;803401.81;;0.0221;0.0221
;US-TN;1967;p99p99.5;230295.0;;0.0352;0.0352
;US-TN;1967;p95p100;162159.3;;0.2476;0.2476
;US-TN;1967;p0p90;23168.199;;0.63679999;0.63679999
;US-TN;1967;p0p99;29342.801;;0.8872;0.8872
;US-TN;1967;p99.5p100;508688.19;;0.077699997;0.077699997
;US-TN;1966;p0p100;1424115.8;45711770877.0;1.0;1.0
;US-TN;1966;p99p100;351998.5;;0.1113;0.1113
;US-TN;1966;p99.9p100;1084874.0;;0.034299999;0.034299999
;US-TN;1966;p99.99p100;4075272.0;;0.0129;0.0129
;US-TN;1966;p90p100;117657.3;;0.37189999;0.37189999
;US-TN;1966;p90p95;76550.0;;0.121;0.121
;US-TN;1966;p95p99;110526.9;;0.1397;0.1397
;US-TN;1966;p99.5p99.9;340736.41;;0.043099999;0.043099999
;US-TN;1966;p99.9p99.99;752637.88;;0.021400001;0.021400001
;US-TN;1966;p99p99.5;213997.91;;0.033799998;0.033799998
;US-TN;1966;p95p100;158820.7;;0.25099999;0.25099999
;US-TN;1966;p0p90;22077.4;;0.62809998;0.62809998
;US-TN;1966;p0p99;28400.1;;0.88870001;0.88870001
;US-TN;1966;p99.5p100;489884.09;;0.077399999;0.077399999
;US-TN;1965;p0p100;1429756.3;42729436949.0;1.0;1.0
;US-TN;1965;p99p100;339731.69;;0.1132;0.1132
;US-TN;1965;p99.9p100;1015599.7;;0.033799998;0.033799998
;US-TN;1965;p99.99p100;3207603.0;;0.0107;0.0107
;US-TN;1965;p90p100;111704.9;;0.3721;0.3721
;US-TN;1965;p90p95;73294.898;;0.1221;0.1221
;US-TN;1965;p95p99;102702.8;;0.13680001;0.13680001
;US-TN;1965;p99.5p99.9;340751.5;;0.045400001;0.045400001
;US-TN;1965;p99.9p99.99;770869.69;;0.0231;0.0231
;US-TN;1965;p99p99.5;203547.7;;0.0339;0.0339
;US-TN;1965;p95p100;150109.59;;0.25;0.25
;US-TN;1965;p0p90;20948.0;;0.62800002;0.62800002
;US-TN;1965;p0p99;26892.9;;0.88679999;0.88679999
;US-TN;1965;p99.5p100;475887.41;;0.079300001;0.079300001
;US-TN;1964;p0p100;1401675.8;39924202146.0;1.0;1.0
;US-TN;1964;p99p100;315631.5;;0.1107;0.1107
;US-TN;1964;p99.9p100;952916.5;;0.033399999;0.033399999
;US-TN;1964;p99.99p100;3608123.8;;0.0127;0.0127
;US-TN;1964;p90p100;104219.0;;0.36559999;0.36559999
;US-TN;1964;p90p95;67228.703;;0.1179;0.1179
;US-TN;1964;p95p99;97592.797;;0.13689999;0.13689999
;US-TN;1964;p99.5p99.9;321690.09;;0.0451;0.0451
;US-TN;1964;p99.9p99.99;657857.63;;0.0208;0.0208
;US-TN;1964;p99p99.5;183313.8;;0.032200001;0.032200001
;US-TN;1964;p95p100;141202.0;;0.24770001;0.24770001
;US-TN;1964;p0p90;20092.699;;0.63440001;0.63440001
;US-TN;1964;p0p99;25604.5;;0.88929999;0.88929999
;US-TN;1964;p99.5p100;447999.0;;0.078599997;0.078599997
;US-TN;1963;p0p100;1367195.4;37285555076.0;1.0;1.0
;US-TN;1963;p99p100;293658.69;;0.1084;0.1084
;US-TN;1963;p99.9p100;854730.31;;0.031599998;0.031599998
;US-TN;1963;p99.99p100;2664243.5;;0.0098000001;0.0098000001
;US-TN;1963;p90p100;99028.703;;0.3655;0.3655
;US-TN;1963;p90p95;63641.398;;0.1175;0.1175
;US-TN;1963;p95p99;94605.203;;0.1397;0.1397
;US-TN;1963;p99.5p99.9;302247.09;;0.044599999;0.044599999
;US-TN;1963;p99.9p99.99;654375.63;;0.0217;0.0217
;US-TN;1963;p99p99.5;174352.91;;0.032200001;0.032200001
;US-TN;1963;p95p100;134415.91;;0.2481;0.2481
;US-TN;1963;p0p90;19098.1;;0.63450003;0.63450003
;US-TN;1963;p0p99;24398.1;;0.89160001;0.89160001
;US-TN;1963;p99.5p100;412963.81;;0.076200001;0.076200001
;US-TN;1962;p0p100;1352230.5;35277623267.0;1.0;1.0
;US-TN;1962;p99p100;284499.59;;0.109;0.109
;US-TN;1962;p99.9p100;815049.81;;0.031199999;0.031199999
;US-TN;1962;p99.99p100;2335037.0;;0.0088999998;0.0088999998
;US-TN;1962;p90p100;97911.0;;0.3752;0.3752
;US-TN;1962;p90p95;64012.0;;0.1226;0.1226
;US-TN;1962;p95p99;93637.5;;0.1435;0.1435
;US-TN;1962;p99.5p99.9;290520.41;;0.044500001;0.044500001
;US-TN;1962;p99.9p99.99;647756.5;;0.022299999;0.022299999
;US-TN;1962;p99p99.5;173193.91;;0.033199999;0.033199999
;US-TN;1962;p95p100;131809.91;;0.2525;0.2525
;US-TN;1962;p0p90;18119.6;;0.62489998;0.62489998
;US-TN;1962;p0p99;23488.1;;0.89099997;0.89099997
;US-TN;1962;p99.5p100;395801.59;;0.075800002;0.075800002
;US-TN;1961;p0p100;1358256.0;34078651263.0;1.0;1.0
;US-TN;1961;p99p100;274793.81;;0.1069;0.1069
;US-TN;1961;p99.9p100;865285.0;;0.0337;0.0337
;US-TN;1961;p99.99p100;2816622.3;;0.011;0.011
;US-TN;1961;p90p100;93174.602;;0.3626;0.3626
;US-TN;1961;p90p95;60088.699;;0.1169;0.1169
;US-TN;1961;p95p99;89129.297;;0.13869999;0.13869999
;US-TN;1961;p99.5p99.9;271133.0;;0.042199999;0.042199999
;US-TN;1961;p99.9p99.99;648801.5;;0.022700001;0.022700001
;US-TN;1961;p99p99.5;159564.0;;0.030999999;0.030999999
;US-TN;1961;p95p100;126261.1;;0.2457;0.2457
;US-TN;1961;p0p90;18198.6;;0.63739997;0.63739997
;US-TN;1961;p0p99;23180.199;;0.89310002;0.89310002
;US-TN;1961;p99.5p100;390025.19;;0.075900003;0.075900003
;US-TN;1960;p0p100;1338403.6;32248809405.0;1.0;1.0
;US-TN;1960;p99p100;269093.59;;0.1084;0.1084
;US-TN;1960;p99.9p100;820486.19;;0.033100002;0.033100002
;US-TN;1960;p99.99p100;2650192.8;;0.0107;0.0107
;US-TN;1960;p90p100;90346.102;;0.36410001;0.36410001
;US-TN;1960;p90p95;57522.301;;0.1159;0.1159
;US-TN;1960;p95p99;86689.5;;0.1397;0.1397
;US-TN;1960;p99.5p99.9;265392.0;;0.042800002;0.042800002
;US-TN;1960;p99.9p99.99;617987.88;;0.022399999;0.022399999
;US-TN;1960;p99p99.5;161601.8;;0.032600001;0.032600001
;US-TN;1960;p95p100;123170.0;;0.2482;0.2482
;US-TN;1960;p0p90;17534.1;;0.63590002;0.63590002
;US-TN;1960;p0p99;22347.699;;0.89160001;0.89160001
;US-TN;1960;p99.5p100;376583.09;;0.075900003;0.075900003
;US-TN;1959;p0p100;1388423.1;32323198341.0;1.0;1.0
;US-TN;1959;p99p100;266071.19;;0.1069;0.1069
;US-TN;1959;p99.9p100;845932.0;;0.034000002;0.034000002
;US-TN;1959;p99.99p100;2786601.0;;0.0112;0.0112
;US-TN;1959;p90p100;88577.398;;0.35600001;0.35600001
;US-TN;1959;p90p95;56097.602;;0.1127;0.1127
;US-TN;1959;p95p99;84805.297;;0.1363;0.1363
;US-TN;1959;p99.5p99.9;264048.69;;0.0425;0.0425
;US-TN;1959;p99.9p99.99;630463.69;;0.0228;0.0228
;US-TN;1959;p99p99.5;151710.2;;0.0305;0.0305
;US-TN;1959;p95p100;121057.5;;0.24330001;0.24330001
;US-TN;1959;p0p90;17802.6;;0.64399999;0.64399999
;US-TN;1959;p0p99;22444.0;;0.89310002;0.89310002
;US-TN;1959;p99.5p100;380434.41;;0.076499999;0.076499999
;US-TN;1958;p0p100;1302966.0;29875914016.0;1.0;1.0
;US-TN;1958;p99p100;255447.41;;0.1109;0.1109
;US-TN;1958;p99.9p100;774932.19;;0.0337;0.0337
;US-TN;1958;p99.99p100;2222802.0;;0.0097000003;0.0097000003
;US-TN;1958;p90p100;83739.203;;0.36359999;0.36359999
;US-TN;1958;p90p95;53550.699;;0.1163;0.1163
;US-TN;1958;p95p99;78547.898;;0.1364;0.1364
;US-TN;1958;p99.5p99.9;260411.2;;0.045200001;0.045200001
;US-TN;1958;p99.9p99.99;614780.19;;0.024;0.024
;US-TN;1958;p99p99.5;147470.09;;0.032000002;0.032000002
;US-TN;1958;p95p100;113927.8;;0.2474;0.2474
;US-TN;1958;p0p90;16283.3;;0.63639998;0.63639998
;US-TN;1958;p0p99;20681.4;;0.88910002;0.88910002
;US-TN;1958;p99.5p100;363424.69;;0.078900002;0.078900002
;US-TN;1957;p0p100;1374132.3;29807379169.0;1.0;1.0
;US-TN;1957;p99p100;240824.59;;0.1046;0.1046
;US-TN;1957;p99.9p100;699548.88;;0.030400001;0.030400001
;US-TN;1957;p99.99p100;1957177.4;;0.0085000005;0.0085000005
;US-TN;1957;p90p100;81460.398;;0.354;0.354
;US-TN;1957;p90p95;52983.801;;0.1151;0.1151
;US-TN;1957;p95p99;77215.797;;0.13420001;0.13420001
;US-TN;1957;p99.5p99.9;248087.2;;0.043099999;0.043099999
;US-TN;1957;p99.9p99.99;560307.38;;0.0219;0.0219
;US-TN;1957;p99p99.5;143149.5;;0.031099999;0.031099999
;US-TN;1957;p95p100;109937.3;;0.2388;0.2388
;US-TN;1957;p0p90;16520.0;;0.64600003;0.64600003
;US-TN;1957;p0p99;20813.801;;0.89539999;0.89539999
;US-TN;1957;p99.5p100;338498.91;;0.0735;0.0735
;US-TN;1956;p0p100;1481907.9;29874762748.0;1.0;1.0
;US-TN;1956;p99p100;248201.09;;0.1073;0.1073
;US-TN;1956;p99.9p100;709350.81;;0.0307;0.0307
;US-TN;1956;p99.99p100;1971070.6;;0.0085000005;0.0085000005
;US-TN;1956;p90p100;81193.203;;0.35089999;0.35089999
;US-TN;1956;p90p95;50357.5;;0.1088;0.1088
;US-TN;1956;p95p99;77999.0;;0.1348;0.1348
;US-TN;1956;p99.5p99.9;257169.5;;0.044500001;0.044500001
;US-TN;1956;p99.9p99.99;570237.31;;0.0222;0.0222
;US-TN;1956;p99p99.5;148443.5;;0.032099999;0.032099999
;US-TN;1956;p95p100;112039.7;;0.2421;0.2421
;US-TN;1956;p0p90;16690.699;;0.64910001;0.64910001
;US-TN;1956;p0p99;20867.4;;0.89270002;0.89270002
;US-TN;1956;p99.5p100;347956.59;;0.075199999;0.075199999
;US-TN;1955;p0p100;1469436.9;28666388968.0;1.0;1.0
;US-TN;1955;p99p100;245686.5;;0.1103;0.1103
;US-TN;1955;p99.9p100;769564.88;;0.034499999;0.034499999
;US-TN;1955;p99.99p100;2183395.8;;0.0098000001;0.0098000001
;US-TN;1955;p90p100;82502.898;;0.37040001;0.37040001
;US-TN;1955;p90p95;59065.398;;0.13259999;0.13259999
;US-TN;1955;p95p99;71898.797;;0.12909999;0.12909999
;US-TN;1955;p99.5p99.9;247104.59;;0.044399999;0.044399999
;US-TN;1955;p99.9p99.99;612547.88;;0.024800001;0.024800001
;US-TN;1955;p99p99.5;139778.09;;0.031399999;0.031399999
;US-TN;1955;p95p100;106653.4;;0.2394;0.2394
;US-TN;1955;p0p90;15542.5;;0.62800002;0.62800002
;US-TN;1955;p0p99;20017.699;;0.8897;0.8897
;US-TN;1955;p99.5p100;351594.91;;0.078900002;0.078900002
;US-TN;1954;p0p100;1387588.1;27183606017.0;1.0;1.0
;US-TN;1954;p99p100;219351.91;;0.1035;0.1035
;US-TN;1954;p99.9p100;670774.69;;0.0317;0.0317
;US-TN;1954;p99.99p100;1746216.4;;0.0082;0.0082
;US-TN;1954;p90p100;77636.297;;0.3664;0.3664
;US-TN;1954;p90p95;59097.199;;0.13940001;0.13940001
;US-TN;1954;p95p99;66929.398;;0.12630001;0.12630001
;US-TN;1954;p99.5p99.9;220136.2;;0.0416;0.0416
;US-TN;1954;p99.9p99.99;551304.13;;0.023399999;0.023399999
;US-TN;1954;p99p99.5;128440.6;;0.030300001;0.030300001
;US-TN;1954;p95p100;97403.102;;0.2298;0.2298
;US-TN;1954;p0p90;14850.9;;0.63069999;0.63069999
;US-TN;1954;p0p99;19189.699;;0.89649999;0.89649999
;US-TN;1954;p99.5p100;310263.41;;0.073200002;0.073200002
;US-TN;1953;p0p100;1404703.3;27153581218.0;1.0;1.0
;US-TN;1953;p99p100;209202.0;;0.098499998;0.098499998
;US-TN;1953;p99.9p100;613837.13;;0.028899999;0.028899999
;US-TN;1953;p99.99p100;1641225.9;;0.0077;0.0077
;US-TN;1953;p90p100;76381.0;;0.35960001;0.35960001
;US-TN;1953;p90p95;60030.301;;0.14129999;0.14129999
;US-TN;1953;p95p99;65246.398;;0.1229;0.1229
;US-TN;1953;p99.5p99.9;215371.91;;0.040600002;0.040600002
;US-TN;1953;p99.9p99.99;500475.69;;0.021199999;0.021199999
;US-TN;1953;p99p99.5;123386.2;;0.028999999;0.028999999
;US-TN;1953;p95p100;94031.203;;0.22139999;0.22139999
;US-TN;1953;p0p90;15039.7;;0.63730001;0.63730001
;US-TN;1953;p0p99;19341.5;;0.90149999;0.90149999
;US-TN;1953;p99.5p100;295023.69;;0.069399998;0.069399998
;US-TN;1952;p0p100;1351807.9;25674435624.0;1.0;1.0
;US-TN;1952;p99p100;222078.59;;0.1103;0.1103
;US-TN;1952;p99.9p100;677073.81;;0.033599999;0.033599999
;US-TN;1952;p99.99p100;1891632.5;;0.0093999999;0.0093999999
;US-TN;1952;p90p100;75135.797;;0.3732;0.3732
;US-TN;1952;p90p95;53958.699;;0.134;0.134
;US-TN;1952;p95p99;66135.297;;0.1314;0.1314
;US-TN;1952;p99.5p99.9;224982.3;;0.0447;0.0447
;US-TN;1952;p99.9p99.99;542877.13;;0.0243;0.0243
;US-TN;1952;p99p99.5;128804.0;;0.032000002;0.032000002
;US-TN;1952;p95p100;97303.5;;0.24160001;0.24160001
;US-TN;1952;p0p90;13966.8;;0.6243;0.6243
;US-TN;1952;p0p99;18095.4;;0.8897;0.8897
;US-TN;1952;p99.5p100;315364.81;;0.078299999;0.078299999
;US-TN;1951;p0p100;1408817.8;25539183897.0;1.0;1.0
;US-TN;1951;p99p100;258158.0;;0.1285;0.1285
;US-TN;1951;p99.9p100;868873.13;;0.043200001;0.043200001
;US-TN;1951;p99.99p100;2118624.5;;0.0105;0.0105
;US-TN;1951;p90p100;75601.5;;0.37619999;0.37619999
;US-TN;1951;p90p95;47699.699;;0.1187;0.1187
;US-TN;1951;p95p99;64063.699;;0.1275;0.1275
;US-TN;1951;p99.5p99.9;258051.5;;0.051399998;0.051399998
;US-TN;1951;p99.9p99.99;733492.63;;0.0328;0.0328
;US-TN;1951;p99p99.5;135827.3;;0.033799998;0.033799998
;US-TN;1951;p95p100;102884.8;;0.25600001;0.25600001
;US-TN;1951;p0p99;12692.6;;0.62529999;0.62529999
;US-TN;1951;p99.5p100;380791.59;;0.094700001;0.094700001
;US-TN;1950;p0p100;1548216.3;24022248305.0;1.0;1.0
;US-TN;1950;p99p100;255559.8;;0.1347;0.1347
;US-TN;1950;p99.9p100;820317.81;;0.043200001;0.043200001
;US-TN;1950;p99.99p100;1957575.8;;0.0103;0.0103
;US-TN;1950;p90p100;73247.898;;0.38620001;0.38620001
;US-TN;1950;p90p95;42290.898;;0.1115;0.1115
;US-TN;1950;p95p99;66363.203;;0.14;0.14
;US-TN;1950;p99.5p99.9;255985.0;;0.054000001;0.054000001
;US-TN;1950;p99.9p99.99;707279.81;;0.033599999;0.033599999
;US-TN;1950;p99p99.5;142380.5;;0.037500001;0.037500001
;US-TN;1950;p95p100;104176.7;;0.2746;0.2746
;US-TN;1950;p0p90;12922.5;;0.61320001;0.61320001
;US-TN;1950;p0p99;16577.6;;0.8653;0.8653
;US-TN;1950;p99.5p100;368762.5;;0.097199999;0.097199999
;US-TN;1949;p0p100;1435826.0;21556434226.0;1.0;1.0
;US-TN;1949;p99p100;208127.3;;0.1206;0.1206
;US-TN;1949;p99.9p100;657552.13;;0.0381;0.0381
;US-TN;1949;p99.99p100;1924439.1;;0.0112;0.0112
;US-TN;1949;p90p100;64773.0;;0.37549999;0.37549999
;US-TN;1949;p90p95;38772.102;;0.1124;0.1124
;US-TN;1949;p95p99;61454.102;;0.1425;0.1425
;US-TN;1949;p99.5p99.9;210581.0;;0.048799999;0.048799999
;US-TN;1949;p99.9p99.99;516798.81;;0.027000001;0.027000001
;US-TN;1949;p99p99.5;116279.0;;0.0337;0.0337
;US-TN;1949;p95p100;90757.102;;0.2631;0.2631
;US-TN;1949;p0p90;11969.5;;0.62449998;0.62449998
;US-TN;1949;p0p99;15322.6;;0.87940001;0.87940001
;US-TN;1949;p99.5p100;299975.31;;0.086900003;0.086900003
;US-TN;1948;p0p100;1440266.0;21819197008.0;1.0;1.0
;US-TN;1948;p99p100;205910.3;;0.1167;0.1167
;US-TN;1948;p99.9p100;682941.69;;0.038699999;0.038699999
;US-TN;1948;p99.99p100;2037480.4;;0.0115;0.0115
;US-TN;1948;p90p100;63738.199;;0.3612;0.3612
;US-TN;1948;p90p95;39176.801;;0.111;0.111
;US-TN;1948;p95p99;58876.102;;0.13349999;0.13349999
;US-TN;1948;p99.5p99.9;205874.91;;0.046700001;0.046700001
;US-TN;1948;p99.9p99.99;532447.19;;0.0272;0.0272
;US-TN;1948;p99p99.5;110531.7;;0.031300001;0.031300001
;US-TN;1948;p95p100;88270.703;;0.25009999;0.25009999
;US-TN;1948;p0p90;12524.4;;0.63880002;0.63880002
;US-TN;1948;p0p99;15743.3;;0.88330001;0.88330001
;US-TN;1948;p99.5p100;301288.09;;0.0854;0.0854
;US-TN;1947;p0p100;1604783.4;20709511896.0;1.0;1.0
;US-TN;1947;p99p100;222352.5;;0.1314;0.1314
;US-TN;1947;p99.9p100;723461.88;;0.0427;0.0427
;US-TN;1947;p99.99p100;2181504.8;;0.0129;0.0129
;US-TN;1947;p90p100;62787.398;;0.37090001;0.37090001
;US-TN;1947;p90p95;35662.199;;0.1053;0.1053
;US-TN;1947;p95p99;56799.102;;0.13420001;0.13420001
;US-TN;1947;p99.5p99.9;223031.91;;0.052700002;0.052700002
;US-TN;1947;p99.9p99.99;561495.69;;0.029899999;0.029899999
;US-TN;1947;p99p99.5;121592.2;;0.0359;0.0359
;US-TN;1947;p95p100;89913.0;;0.2656;0.2656
;US-TN;1947;p0p90;11831.3;;0.62910002;0.62910002
;US-TN;1947;p0p99;14851.8;;0.86860001;0.86860001
;US-TN;1947;p99.5p100;323117.59;;0.095399998;0.095399998
;US-TN;1946;p0p100;2185284.8;21289238027.0;1.0;1.0
;US-TN;1946;p99p100;254338.5;;0.1443;0.1443
;US-TN;1946;p99.9p100;850450.38;;0.048300002;0.048300002
;US-TN;1946;p99.99p100;2732097.3;;0.0155;0.0155
;US-TN;1946;p90p100;68209.797;;0.38699999;0.38699999
;US-TN;1946;p90p95;37765.301;;0.1071;0.1071
;US-TN;1946;p95p99;59728.898;;0.1356;0.1356
;US-TN;1946;p99.5p99.9;256230.5;;0.058200002;0.058200002
;US-TN;1946;p99.9p99.99;641386.81;;0.0328;0.0328
;US-TN;1946;p99p99.5;133620.2;;0.037900001;0.037900001
;US-TN;1946;p95p100;98654.602;;0.27990001;0.27990001
;US-TN;1946;p0p90;12004.4;;0.61299998;0.61299998
;US-TN;1946;p0p99;15233.8;;0.85570002;0.85570002
;US-TN;1946;p99.5p100;375074.41;;0.1064;0.1064
;US-TN;1945;p0p100;2818147.0;23208629654.0;1.0;1.0
;US-TN;1945;p99p100;225956.5;;0.1171;0.1171
;US-TN;1945;p99.9p100;753305.5;;0.039000001;0.039000001
;US-TN;1945;p99.99p100;2061622.5;;0.0107;0.0107
;US-TN;1945;p90p100;62957.398;;0.3263;0.3263
;US-TN;1945;p90p95;37032.0;;0.096000001;0.096000001
;US-TN;1945;p95p99;54614.398;;0.1132;0.1132
;US-TN;1945;p99.5p99.9;231146.91;;0.047899999;0.047899999
;US-TN;1945;p99.9p99.99;609672.5;;0.0284;0.0284
;US-TN;1945;p99p99.5;116357.4;;0.030200001;0.030200001
;US-TN;1945;p95p100;88884.0;;0.23029999;0.23029999
;US-TN;1945;p0p90;14441.9;;0.67360002;0.67360002
;US-TN;1945;p0p99;17207.6;;0.8829;0.8829
;US-TN;1945;p99.5p100;335574.41;;0.086999997;0.086999997
;US-TN;1944;p0p100;2908784.0;22785180796.0;1.0;1.0
;US-TN;1944;p99p100;205268.8;;0.1078;0.1078
;US-TN;1944;p99.9p100;701749.31;;0.036899999;0.036899999
;US-TN;1944;p99.99p100;2001365.9;;0.0105;0.0105
;US-TN;1944;p90p100;56601.602;;0.29730001;0.29730001
;US-TN;1944;p90p95;33076.0;;0.086900003;0.086900003
;US-TN;1944;p95p99;48461.898;;0.1018;0.1018
;US-TN;1944;p99.5p99.9;206417.3;;0.043400001;0.043400001
;US-TN;1944;p99.9p99.99;557619.13;;0.0264;0.0264
;US-TN;1944;p99p99.5;104980.1;;0.0276;0.0276
;US-TN;1944;p95p100;79918.5;;0.20990001;0.20990001
;US-TN;1944;p0p90;14882.2;;0.70349997;0.70349997
;US-TN;1944;p0p99;17157.699;;0.89219999;0.89219999
;US-TN;1944;p99.5p100;305476.69;;0.080200002;0.080200002
;US-TN;1943;p0p100;2837943.3;21342796891.0;1.0;1.0
;US-TN;1943;p99p100;231857.5;;0.1292;0.1292
;US-TN;1943;p99.9p100;852731.19;;0.047499999;0.047499999
;US-TN;1943;p99.99p100;2376233.0;;0.0132;0.0132
;US-TN;1943;p90p100;63866.801;;0.35589999;0.35589999
;US-TN;1943;p90p95;36904.898;;0.1028;0.1028
;US-TN;1943;p95p99;55568.102;;0.1239;0.1239
;US-TN;1943;p99.5p99.9;227447.0;;0.050700001;0.050700001
;US-TN;1943;p99.9p99.99;684690.0;;0.034299999;0.034299999
;US-TN;1943;p99p99.5;111245.2;;0.030999999;0.030999999
;US-TN;1943;p95p100;90826.297;;0.25310001;0.25310001
;US-TN;1943;p0p90;12842.5;;0.64410001;0.64410001
;US-TN;1943;p0p99;15785.4;;0.87080002;0.87080002
;US-TN;1943;p99.5p100;352485.59;;0.098200001;0.098200001
;US-TN;1942;p0p100;2542875.0;16832907320.0;1.0;1.0
;US-TN;1942;p99p100;211997.59;;0.1485;0.1485
;US-TN;1942;p99.9p100;774788.88;;0.054299999;0.054299999
;US-TN;1942;p99.99p100;2402438.5;;0.016799999;0.016799999
;US-TN;1942;p90p100;57710.699;;0.40439999;0.40439999
;US-TN;1942;p90p95;31982.699;;0.1121;0.1121
;US-TN;1942;p95p99;51291.301;;0.14380001;0.14380001
;US-TN;1942;p99.5p99.9;207893.0;;0.0583;0.0583
;US-TN;1942;p99.9p99.99;593832.0;;0.0374;0.0374
;US-TN;1942;p99p99.5;102740.9;;0.035999998;0.035999998
;US-TN;1942;p95p100;83439.898;;0.29229999;0.29229999
;US-TN;1942;p0p90;9445.2998;;0.59560001;0.59560001
;US-TN;1942;p0p99;12274.3;;0.85149997;0.85149997
;US-TN;1942;p99.5p100;321265.81;;0.1126;0.1126
;US-TN;1941;p0p100;2633987.5;14161301400.0;1.0;1.0
;US-TN;1941;p99p100;212354.91;;0.1759;0.1759
;US-TN;1941;p99.9p100;794865.81;;0.065800004;0.065800004
;US-TN;1941;p99.99p100;2561763.5;;0.021199999;0.021199999
;US-TN;1941;p90p100;56524.199;;0.4682;0.4682
;US-TN;1941;p90p95;30203.4;;0.1251;0.1251
;US-TN;1941;p95p99;50375.898;;0.16689999;0.16689999
;US-TN;1941;p99.5p99.9;202455.2;;0.067100003;0.067100003
;US-TN;1941;p99.9p99.99;598280.88;;0.044599999;0.044599999
;US-TN;1941;p99p99.5;103805.7;;0.043000001;0.043000001
;US-TN;1941;p95p100;82785.297;;0.34290001;0.34290001
;US-TN;1941;p0p90;7137.6001;;0.53210002;0.53210002
;US-TN;1941;p0p99;10049.5;;0.82410002;0.82410002
;US-TN;1941;p99.5p100;320919.0;;0.1329;0.1329
;US-TN;1940;p0p100;2343130.0;11375613961.0;1.0;1.0
;US-TN;1940;p99p100;177098.09;;0.18179999;0.18179999
;US-TN;1940;p99.9p100;634161.5;;0.065099999;0.065099999
;US-TN;1940;p99.99p100;1943647.9;;0.02;0.02
;US-TN;1940;p90p100;51035.0;;0.52389997;0.52389997
;US-TN;1940;p90p95;28031.5;;0.14390001;0.14390001
;US-TN;1940;p95p99;48250.301;;0.1981;0.1981
;US-TN;1940;p99.5p99.9;170351.8;;0.07;0.07
;US-TN;1940;p99.9p99.99;488283.0;;0.0451;0.0451
;US-TN;1940;p99p99.5;91048.297;;0.046700001;0.046700001
;US-TN;1940;p95p100;74051.297;;0.38010001;0.38010001
;US-TN;1940;p0p90;5154.2998;;0.47620001;0.47620001
;US-TN;1940;p0p99;8050.5;;0.81819999;0.81819999
;US-TN;1940;p99.5p100;263127.0;;0.13510001;0.13510001
;US-TN;1939;p0p100;2209117.3;10329391134.0;1.0;1.0
;US-TN;1939;p99p100;162008.91;;0.1798;0.1798
;US-TN;1939;p99.9p100;553138.13;;0.0614;0.0614
;US-TN;1939;p99.99p100;1556888.9;;0.0173;0.0173
;US-TN;1939;p90p100;42595.398;;0.47279999;0.47279999
;US-TN;1939;p90p95;16591.801;;0.092100002;0.092100002
;US-TN;1939;p95p99;44152.199;;0.19599999;0.19599999
;US-TN;1939;p99.5p99.9;155743.59;;0.0691;0.0691
;US-TN;1939;p99.9p99.99;441361.09;;0.044100001;0.044100001
;US-TN;1939;p99p99.5;88705.398;;0.049199998;0.049199998
;US-TN;1939;p95p100;67744.0;;0.3759;0.3759
;US-TN;1939;p0p90;5327.3999;;0.53219998;0.53219998
;US-TN;1939;p0p99;7464.2998;;0.82020003;0.82020003
;US-TN;1939;p99.5p100;235254.91;;0.13060001;0.13060001
;US-TN;1938;p0p100;2035122.6;9626805441.0;1.0;1.0
;US-TN;1938;p99p100;146755.41;;0.1718;0.1718
;US-TN;1938;p99.9p100;504308.91;;0.059;0.059
;US-TN;1938;p99.99p100;1564823.8;;0.018300001;0.018300001
;US-TN;1938;p90p100;38611.801;;0.45210001;0.45210001
;US-TN;1938;p90p95;17108.4;;0.1002;0.1002
;US-TN;1938;p95p99;36827.801;;0.1725;0.1725
;US-TN;1938;p99.5p99.9;139625.7;;0.065399997;0.065399997
;US-TN;1938;p99.9p99.99;385382.31;;0.040600002;0.040600002
;US-TN;1938;p99p99.5;80744.602;;0.0473;0.0473
;US-TN;1938;p95p100;58816.5;;0.3443;0.3443
;US-TN;1938;p0p90;5274.6001;;0.55580002;0.55580002
;US-TN;1938;p0p99;7145.2002;;0.82819998;0.82819998
;US-TN;1938;p99.5p100;212666.8;;0.1245;0.1245
;US-TN;1937;p0p100;2168991.8;10476883682.0;1.0;1.0
;US-TN;1937;p99p100;156628.2;;0.1657;0.1657
;US-TN;1937;p99.9p100;544331.81;;0.057599999;0.057599999
;US-TN;1937;p99.99p100;1544248.3;;0.0163;0.0163
;US-TN;1937;p90p100;38888.5;;0.41150001;0.41150001
;US-TN;1937;p90p95;16216.3;;0.0858;0.0858
;US-TN;1937;p95p99;36462.602;;0.1543;0.1543
;US-TN;1937;p99.5p99.9;152637.09;;0.064599998;0.064599998
;US-TN;1937;p99.9p99.99;433260.91;;0.041299999;0.041299999
;US-TN;1937;p99p99.5;82282.703;;0.043499999;0.043499999
;US-TN;1937;p95p100;60493.898;;0.31999999;0.31999999
;US-TN;1937;p0p90;6239.8999;;0.59420002;0.59420002
;US-TN;1937;p0p99;7964.8999;;0.83429998;0.83429998
;US-TN;1937;p99.5p100;230975.59;;0.1222;0.1222
;US-TN;1936;p0p100;2213527.0;9811948317.0;1.0;1.0
;US-TN;1936;p99p100;163298.09;;0.18179999;0.18179999
;US-TN;1936;p99.9p100;578172.69;;0.064400002;0.064400002
;US-TN;1936;p99.99p100;1671697.0;;0.0186;0.0186
;US-TN;1936;p90p100;38679.699;;0.4305;0.4305
;US-TN;1936;p90p95;16235.7;;0.090400003;0.090400003
;US-TN;1936;p95p99;34168.301;;0.1521;0.1521
;US-TN;1936;p99.5p99.9;159158.7;;0.070900001;0.070900001
;US-TN;1936;p99.9p99.99;456691.91;;0.045699999;0.045699999
;US-TN;1936;p99p99.5;83640.398;;0.046500001;0.046500001
;US-TN;1936;p95p100;59996.301;;0.3339;0.3339
;US-TN;1936;p0p90;5747.6001;;0.5758;0.5758
;US-TN;1936;p0p99;7425.6001;;0.81819999;0.81819999
;US-TN;1936;p99.5p100;242960.2;;0.13519999;0.13519999
;US-TN;1935;p0p100;2024472.6;8669630939.0;1.0;1.0
;US-TN;1935;p99p100;129014.5;;0.1601;0.1601
;US-TN;1935;p99.9p100;434518.59;;0.0539;0.0539
;US-TN;1935;p99.99p100;1378186.9;;0.017100001;0.017100001
;US-TN;1935;p90p100;34017.398;;0.42210001;0.42210001
;US-TN;1935;p90p95;17244.0;;0.107;0.107
;US-TN;1935;p95p99;30570.5;;0.1517;0.1517
;US-TN;1935;p99.5p99.9;122729.8;;0.060899999;0.060899999
;US-TN;1935;p99.9p99.99;329675.19;;0.036800001;0.036800001
;US-TN;1935;p99p99.5;72953.297;;0.045299999;0.045299999
;US-TN;1935;p95p100;50254.602;;0.3118;0.3118
;US-TN;1935;p0p90;5204.6001;;0.5812;0.5812
;US-TN;1935;p0p99;6837.6001;;0.83990002;0.83990002
;US-TN;1935;p99.5p100;185084.0;;0.1148;0.1148
;US-TN;1934;p0p100;2002414.0;8035719316.0;1.0;1.0
;US-TN;1934;p99p100;121793.0;;0.1605;0.1605
;US-TN;1934;p99.9p100;416533.91;;0.054900002;0.054900002
;US-TN;1934;p99.99p100;1360379.4;;0.017899999;0.017899999
;US-TN;1934;p90p100;32098.699;;0.42300001;0.42300001
;US-TN;1934;p90p95;16257.7;;0.1071;0.1071
;US-TN;1934;p95p99;29013.1;;0.1529;0.1529
;US-TN;1934;p99.5p99.9;116196.4;;0.0612;0.0612
;US-TN;1934;p99.9p99.99;311666.69;;0.037;0.037
;US-TN;1934;p99p99.5;67316.703;;0.044399999;0.044399999
;US-TN;1934;p95p100;47705.5;;0.3143;0.3143
;US-TN;1934;p0p90;4885.6001;;0.5794;0.5794
;US-TN;1934;p0p99;6434.7998;;0.83950001;0.83950001
;US-TN;1934;p99.5p100;176260.91;;0.1161;0.1161
;US-TN;1933;p0p100;1862144.4;6891480444.0;1.0;1.0
;US-TN;1933;p99p100;104617.5;;0.1584;0.1584
;US-TN;1933;p99.9p100;346044.81;;0.0524;0.0524
;US-TN;1933;p99.99p100;1110858.4;;0.016799999;0.016799999
;US-TN;1933;p90p100;28826.4;;0.43630001;0.43630001
;US-TN;1933;p90p95;16563.301;;0.12540001;0.12540001
;US-TN;1933;p95p99;25589.699;;0.1549;0.1549
;US-TN;1933;p99.5p99.9;97872.297;;0.059300002;0.059300002
;US-TN;1933;p99.9p99.99;261065.5;;0.035599999;0.035599999
;US-TN;1933;p99p99.5;61728.199;;0.046700001;0.046700001
;US-TN;1933;p95p100;41426.898;;0.31349999;0.31349999
;US-TN;1933;p0p90;4120.7998;;0.5614;0.5614
;US-TN;1933;p0p99;5616.7002;;0.8416;0.8416
;US-TN;1933;p99.5p100;147506.8;;0.1116;0.1116
;US-TN;1932;p0p100;1540168.9;6241649676.0;1.0;1.0
;US-TN;1932;p99p100;98460.297;;0.1622;0.1622
;US-TN;1932;p99.9p100;301704.09;;0.049699999;0.049699999
;US-TN;1932;p99.99p100;949813.88;;0.0156;0.0156
;US-TN;1932;p90p100;28202.0;;0.46450001;0.46450001
;US-TN;1932;p90p95;17008.9;;0.1401;0.1401
;US-TN;1932;p95p99;24712.0;;0.1628;0.1628
;US-TN;1932;p99.5p99.9;93568.898;;0.0616;0.0616
;US-TN;1932;p99.9p99.99;229691.91;;0.034000002;0.034000002
;US-TN;1932;p99p99.5;61724.602;;0.050799999;0.050799999
;US-TN;1932;p95p100;39543.301;;0.3256;0.3256
;US-TN;1932;p0p90;3609.3;;0.53500003;0.53500003
;US-TN;1932;p0p99;5138.6001;;0.83780003;0.83780003
;US-TN;1932;p99.5p100;135196.0;;0.1113;0.1113
;US-TN;1931;p0p100;1544248.0;7662325473.0;1.0;1.0
;US-TN;1931;p99p100;116794.6;;0.1543;0.1543
;US-TN;1931;p99.9p100;386412.0;;0.051100001;0.051100001
;US-TN;1931;p99.99p100;1317421.5;;0.0174;0.0174
;US-TN;1931;p90p100;30616.0;;0.40459999;0.40459999
;US-TN;1931;p90p95;18409.699;;0.1216;0.1216
;US-TN;1931;p95p99;24079.1;;0.12729999;0.12729999
;US-TN;1931;p99.5p99.9;110922.0;;0.058600001;0.058600001
;US-TN;1931;p99.9p99.99;282966.5;;0.0337;0.0337
;US-TN;1931;p99p99.5;67569.297;;0.044599999;0.044599999
;US-TN;1931;p95p100;42886.301;;0.2834;0.2834
;US-TN;1931;p0p90;5017.7002;;0.59680003;0.59680003
;US-TN;1931;p0p99;6464.2002;;0.84570003;0.84570003
;US-TN;1931;p99.5p100;166020.0;;0.1097;0.1097
;US-TN;1930;p0p100;1425063.5;8362616476.0;1.0;1.0
;US-TN;1930;p99p100;130421.6;;0.15530001;0.15530001
;US-TN;1930;p99.9p100;432279.59;;0.0515;0.0515
;US-TN;1930;p99.99p100;1297246.4;;0.0155;0.0155
;US-TN;1930;p90p100;31819.5;;0.37900001;0.37900001
;US-TN;1930;p90p95;15534.6;;0.092500001;0.092500001
;US-TN;1930;p95p99;26443.6;;0.126;0.126
;US-TN;1930;p99.5p99.9;127833.8;;0.060899999;0.060899999
;US-TN;1930;p99.9p99.99;336172.09;;0.035999998;0.035999998
;US-TN;1930;p99p99.5;72120.297;;0.0429;0.0429
;US-TN;1930;p95p100;47291.102;;0.2816;0.2816
;US-TN;1930;p0p90;5841.6001;;0.62620002;0.62620002
;US-TN;1930;p0p99;7163.6001;;0.84469998;0.84469998
;US-TN;1930;p99.5p100;188723.0;;0.1124;0.1124
;US-TN;1929;p0p100;1594551.5;9782071872.0;1.0;1.0
;US-TN;1929;p99p100;166930.59;;0.1688;0.1688
;US-TN;1929;p99.9p100;639273.0;;0.064599998;0.064599998
;US-TN;1929;p99.99p100;2409763.5;;0.0244;0.0244
;US-TN;1929;p90p100;34667.5;;0.35049999;0.35049999
;US-TN;1929;p90p95;13232.0;;0.0669;0.0669
;US-TN;1929;p95p99;27341.801;;0.1106;0.1106
;US-TN;1929;p99.5p99.9;155883.2;;0.063000001;0.063000001
;US-TN;1929;p99.9p99.99;442552.0;;0.0403;0.0403
;US-TN;1929;p99p99.5;81300.102;;0.041099999;0.041099999
;US-TN;1929;p95p100;55244.602;;0.2793;0.2793
;US-TN;1929;p0p90;7183.3999;;0.65369999;0.65369999
;US-TN;1929;p0p99;8303.4004;;0.8312;0.8312
;US-TN;1929;p99.5p100;252561.2;;0.1277;0.1277
;US-TN;1928;p0p100;1557112.1;9488339909.0;1.0;1.0
;US-TN;1928;p99p100;184613.2;;0.1912;0.1912
;US-TN;1928;p99.9p100;781586.81;;0.080899999;0.080899999
;US-TN;1928;p99.99p100;3288240.5;;0.034000002;0.034000002
;US-TN;1928;p90p100;36876.199;;0.3818;0.3818
;US-TN;1928;p90p95;13022.2;;0.067400001;0.067400001
;US-TN;1928;p95p99;28140.0;;0.1166;0.1166
;US-TN;1928;p99.5p99.9;163470.0;;0.067699999;0.067699999
;US-TN;1928;p99.9p99.99;503069.69;;0.0469;0.0469
;US-TN;1928;p99p99.5;82133.102;;0.0425;0.0425
;US-TN;1928;p95p100;59435.398;;0.30770001;0.30770001
;US-TN;1928;p0p90;6705.1001;;0.62489998;0.62489998
;US-TN;1928;p0p99;7890.2002;;0.80879998;0.80879998
;US-TN;1928;p99.5p100;287093.31;;0.1486;0.1486
;US-TN;1927;p0p100;1453265.1;9019524634.0;1.0;1.0
;US-TN;1927;p99p100;164369.5;;0.17749999;0.17749999
;US-TN;1927;p99.9p100;618855.0;;0.066799998;0.066799998
;US-TN;1927;p99.99p100;2032650.8;;0.0219;0.0219
;US-TN;1927;p90p100;34362.699;;0.37099999;0.37099999
;US-TN;1927;p90p95;12572.8;;0.067900002;0.067900002
;US-TN;1927;p95p99;27195.699;;0.1175;0.1175
;US-TN;1927;p99.5p99.9;156831.09;;0.067699999;0.067699999
;US-TN;1927;p99.9p99.99;461766.59;;0.0449;0.0449
;US-TN;1927;p99p99.5;79503.102;;0.0429;0.0429
;US-TN;1927;p95p100;54654.602;;0.2951;0.2951
;US-TN;1927;p0p90;6556.5;;0.6372;0.6372
;US-TN;1927;p0p99;7694.2998;;0.82249999;0.82249999
;US-TN;1927;p99.5p100;249235.91;;0.1346;0.1346
;US-TN;1926;p0p100;1383568.4;8827995443.0;1.0;1.0
;US-TN;1926;p99p100;158637.7;;0.1732;0.1732
;US-TN;1926;p99.9p100;576054.88;;0.062899999;0.062899999
;US-TN;1926;p99.99p100;1679632.1;;0.018300001;0.018300001
;US-TN;1926;p90p100;34296.5;;0.37439999;0.37439999
;US-TN;1926;p90p95;12551.6;;0.068499997;0.068499997
;US-TN;1926;p95p99;28342.9;;0.1238;0.1238
;US-TN;1926;p99.5p99.9;154769.8;;0.067599997;0.067599997
;US-TN;1926;p99.9p99.99;453435.19;;0.044599999;0.044599999
;US-TN;1926;p99p99.5;78248.5;;0.0427;0.0427
;US-TN;1926;p95p100;54415.102;;0.29710001;0.29710001
;US-TN;1926;p0p90;6457.2998;;0.63450003;0.63450003
;US-TN;1926;p0p99;7649.2998;;0.82679999;0.82679999
;US-TN;1926;p99.5p100;239026.91;;0.1305;0.1305
;US-TN;1925;p0p100;1410536.9;8742249570.0;1.0;1.0
;US-TN;1925;p99p100;151024.41;;0.1648;0.1648
;US-TN;1925;p99.9p100;521652.41;;0.056899998;0.056899998
;US-TN;1925;p99.99p100;1377389.0;;0.015;0.015
;US-TN;1925;p90p100;33411.801;;0.36469999;0.36469999
;US-TN;1925;p90p95;12173.2;;0.066399999;0.066399999
;US-TN;1925;p95p99;28586.0;;0.1248;0.1248
;US-TN;1925;p99.5p99.9;153074.3;;0.066799998;0.066799998
;US-TN;1925;p99.9p99.99;426570.5;;0.041900001;0.041900001
;US-TN;1925;p99p99.5;75259.0;;0.041099999;0.041099999
;US-TN;1925;p95p100;53058.801;;0.2895;0.2895
;US-TN;1925;p0p90;6555.6001;;0.64389998;0.64389998
;US-TN;1925;p0p99;7729.5;;0.83520001;0.83520001
;US-TN;1925;p99.5p100;226789.91;;0.1238;0.1238
;US-TN;1924;p0p100;1423193.8;8291487736.0;1.0;1.0
;US-TN;1924;p99p100;140722.41;;0.16;0.16
;US-TN;1924;p99.9p100;475877.19;;0.054099999;0.054099999
;US-TN;1924;p99.99p100;1228748.5;;0.014;0.014
;US-TN;1924;p90p100;37594.102;;0.4276;0.4276
;US-TN;1924;p90p95;15636.9;;0.0889;0.0889
;US-TN;1924;p95p99;38709.898;;0.1761;0.1761
;US-TN;1924;p99.5p99.9;141093.0;;0.064199999;0.064199999
;US-TN;1924;p99.9p99.99;392224.91;;0.040100001;0.040100001
;US-TN;1924;p99p99.5;73395.0;;0.041700002;0.041700002
;US-TN;1924;p95p100;59112.398;;0.3362;0.3362
;US-TN;1924;p0p90;5616.7002;;0.57489997;0.57489997
;US-TN;1924;p0p99;7459.7998;;0.83999997;0.83999997
;US-TN;1924;p99.5p100;208049.91;;0.1183;0.1183
;US-TN;1923;p0p100;1439002.4;8218387822.0;1.0;1.0
;US-TN;1923;p99p100;134026.59;;0.1513;0.1513
;US-TN;1923;p99.9p100;456671.59;;0.051600002;0.051600002
;US-TN;1923;p99.99p100;1112915.8;;0.0126;0.0126
;US-TN;1923;p90p100;37594.0;;0.42449999;0.42449999
;US-TN;1923;p90p95;16133.0;;0.0911;0.0911
;US-TN;1923;p95p99;40030.0;;0.18080001;0.18080001
;US-TN;1923;p99.5p99.9;134411.41;;0.060699999;0.060699999
;US-TN;1923;p99.9p99.99;383757.91;;0.039000001;0.039000001
;US-TN;1923;p99p99.5;69189.898;;0.039099999;0.039099999
;US-TN;1923;p95p100;58829.301;;0.33219999;0.33219999
;US-TN;1923;p0p90;5674.7998;;0.57669997;0.57669997
;US-TN;1923;p0p99;7591.1001;;0.84869999;0.84869999
;US-TN;1923;p99.5p100;198863.3;;0.1123;0.1123
;US-TN;1922;p0p100;1358832.8;7384990223.0;1.0;1.0
;US-TN;1922;p99p100;130769.9;;0.162;0.162
;US-TN;1922;p99.9p100;447857.81;;0.055500001;0.055500001
;US-TN;1922;p99.99p100;1160340.8;;0.0144;0.0144
;US-TN;1922;p90p100;34313.102;;0.42519999;0.42519999
;US-TN;1922;p90p95;14473.2;;0.089699998;0.089699998
;US-TN;1922;p95p99;34718.0;;0.17209999;0.17209999
;US-TN;1922;p99.5p99.9;128291.5;;0.063600004;0.063600004
;US-TN;1922;p99.9p99.99;368693.0;;0.041099999;0.041099999
;US-TN;1922;p99p99.5;69335.0;;0.043000001;0.043000001
;US-TN;1922;p95p100;53928.301;;0.33410001;0.33410001
;US-TN;1922;p0p90;5166.7002;;0.57620001;0.57620001
;US-TN;1922;p0p99;6830.7002;;0.838;0.838
;US-TN;1922;p99.5p100;192204.7;;0.1191;0.1191
;US-TN;1921;p0p100;1039259.0;6369467523.0;1.0;1.0
;US-TN;1921;p99p100;105777.6;;0.1503;0.1503
;US-TN;1921;p99.9p100;329035.81;;0.046799999;0.046799999
;US-TN;1921;p99.99p100;770017.38;;0.0109;0.0109
;US-TN;1921;p90p100;29610.1;;0.4208;0.4208
;US-TN;1921;p90p95;12442.5;;0.088399999;0.088399999
;US-TN;1921;p95p99;31700.1;;0.1802;0.1802
;US-TN;1921;p99.5p99.9;106192.6;;0.060400002;0.060400002
;US-TN;1921;p99.9p99.99;280037.81;;0.035799999;0.035799999
;US-TN;1921;p99p99.5;60793.898;;0.043200001;0.043200001
;US-TN;1921;p95p100;46515.602;;0.33050001;0.33050001
;US-TN;1921;p0p90;4542.8999;;0.58109999;0.58109999
;US-TN;1921;p0p99;6039.2002;;0.84969997;0.84969997
;US-TN;1921;p99.5p100;150761.2;;0.1071;0.1071
;US-TN;1920;p0p100;878851.88;6639157652.0;1.0;1.0
;US-TN;1920;p99p100;119980.8;;0.1609;0.1609
;US-TN;1920;p99.9p100;394091.41;;0.052900001;0.052900001
;US-TN;1920;p99.99p100;952887.31;;0.0128;0.0128
;US-TN;1920;p90p100;30954.0;;0.41510001;0.41510001
;US-TN;1920;p90p95;13578.1;;0.0911;0.0911
;US-TN;1920;p95p99;30194.699;;0.162;0.162
;US-TN;1920;p99.5p99.9;120579.8;;0.0647;0.0647
;US-TN;1920;p99.9p99.99;332002.91;;0.040100001;0.040100001
;US-TN;1920;p99p99.5;64679.398;;0.043400001;0.043400001
;US-TN;1920;p95p100;48151.898;;0.3229;0.3229
;US-TN;1920;p0p90;4855.3999;;0.58609998;0.58609998
;US-TN;1920;p0p99;6319.7002;;0.8391;0.8391
;US-TN;1920;p99.5p100;175282.09;;0.1175;0.1175
;US-TN;1919;p0p100;1392282.5;7734641549.0;1.0;1.0
;US-TN;1919;p99p100;149183.0;;0.16940001;0.16940001
;US-TN;1919;p99.9p100;518454.69;;0.058899999;0.058899999
;US-TN;1919;p99.99p100;1379557.8;;0.015699999;0.015699999
;US-TN;1919;p90p100;34948.5;;0.3969;0.3969
;US-TN;1919;p90p95;11877.9;;0.067500003;0.067500003
;US-TN;1919;p95p99;34665.602;;0.1575;0.1575
;US-TN;1919;p99.5p99.9;144880.59;;0.065800004;0.065800004
;US-TN;1919;p99.9p99.99;423381.09;;0.043299999;0.043299999
;US-TN;1919;p99p99.5;78562.297;;0.044599999;0.044599999
;US-TN;1919;p95p100;57569.102;;0.32690001;0.32690001
;US-TN;1919;p0p90;5924.8999;;0.60570002;0.60570002
;US-TN;1919;p0p99;7386.2998;;0.83060002;0.83060002
;US-TN;1919;p99.5p100;219803.7;;0.1248;0.1248
;US-TN;1918;p0p100;1833494.3;7662555805.0;1.0;1.0
;US-TN;1918;p99p100;132736.91;;0.15099999;0.15099999
;US-TN;1918;p99.9p100;467789.41;;0.053199999;0.053199999
;US-TN;1918;p99.99p100;1282841.1;;0.0146;0.0146
;US-TN;1918;p90p100;31839.0;;0.36230001;0.36230001
;US-TN;1918;p90p95;11848.7;;0.067400001;0.067400001
;US-TN;1918;p95p99;30755.699;;0.14;0.14
;US-TN;1918;p99.5p99.9;126908.8;;0.057799999;0.057799999
;US-TN;1918;p99.9p99.99;377235.5;;0.038600001;0.038600001
;US-TN;1918;p99p99.5;70389.898;;0.039999999;0.039999999
;US-TN;1918;p95p100;51151.898;;0.29100001;0.29100001
;US-TN;1918;p0p90;6265.5;;0.64160001;0.64160001
;US-TN;1918;p0p99;7537.0;;0.84899998;0.84899998
;US-TN;1918;p99.5p100;195084.3;;0.111;0.111
;US-TN;1917;p0p100;2668756.5;8129957177.0;1.0;1.0
;US-TN;1917;p99p100;130501.7;;0.1407;0.1407
;US-TN;1917;p99.9p100;479372.09;;0.0517;0.0517
;US-TN;1917;p99.99p100;1225558.0;;0.0132;0.0132
;US-TN;1917;p90p100;31622.4;;0.34099999;0.34099999
;US-TN;1917;p90p95;14669.8;;0.079099998;0.079099998
