Variable Name;.;.;.;Fiscal income  | tax unit | Average | Adults | constant 2015 local currency;Fiscal income  | tax unit | Total | Adults | constant 2015 local currency;Fiscal income  | tax unit | Share | Adults | share of total (ratio);Pre-tax national income  | tax unit | Share | Adults | share of total (ratio)
Variable Category;.;.;.;Income inequality;Income inequality;Income inequality;Income inequality
Variable Description;.;.;.;Average Fiscal income within a given percentile group. Fiscal income is defined as the sum of all income items reported on income tax returns, before any deduction. It includes labour income, capital income and mixed income. The concept of fiscal income varies with national tax legislations, so in order to make international comparisons it is preferable to use the concept of national income. The population is comprised of individuals over age 20. The base unit is the tax unit defined by national fiscal administrations to measure personal income taxes.;Total Fiscal income  within a given percentile group. Fiscal income is defined as the sum of all income items reported on income tax returns, before any deduction. It includes labour income, capital income and mixed income. The concept of fiscal income varies with national tax legislations, so in order to make international comparisons it is preferable to use the concept of national income. The population is comprised of individuals over age 20.;Fiscal income share held by a given percentile group. Fiscal income is defined as the sum of all income items reported on income tax returns, before any deduction. It includes labour income, capital income and mixed income. The concept of fiscal income varies with national tax legislations, so in order to make international comparisons it is preferable to use the concept of national income. The population is comprised of individuals over age 20. The base unit is the tax unit defined by national fiscal administrations to measure personal income taxes.;Pre-tax national income share held by a given percentile group. Pre-tax national income  is the sum of all pre-tax personal income flows accruing to the owners of the production factors, labor and capital, before taking into account the operation of the tax/transfer system, but after taking into account the operation of pension system. The central difference between personal factor income and pre-tax income is the treatment of pensions, which are counted on a contribution basis by factor income and on a distribution basis by pre-tax income. The population is comprised of individuals over age 20. The base unit is the tax unit defined by national fiscal administrations to measure personal income taxes.
Variable Decomposition;.;.;.;[Fiscal income ]=[Fiscal labour income ]+[Fiscal capital income ];[Fiscal income ]=[Fiscal labour income ]+[Fiscal capital income ];[Fiscal income ]=[Fiscal labour income ]+[Fiscal capital income ];Pre-tax national income =Pre-tax labor income [total pre-tax income ranking]+Pre-tax capital income [total pre-tax income ranking]
Variable Unit;.;.;.;"USD; United States dollar | local currency | market";"USD; United States dollar | local currency | market";share;share
Methodological Notes;.;.;.;;;;Assuming the same distribution as fiscal income.
Sources;.;.;.;Frank, Sommeiller, Price & Saez (2015);Frank, Sommeiller, Price & Saez (2015);Frank, Sommeiller, Price & Saez (2015);WID.world computations using: Frank, Sommeiller, Price & Saez (2015)
Variable Code;country;year;perc;afiinc992t;mfiinc992t;sfiinc992t;sptinc992t
;US-ID;2015;p0p100;58507.398;44149375114.0;1.0;1.0
;US-ID;2015;p99p100;917211.81;;0.1568;0.1568
;US-ID;2015;p99.9p100;3942561.0;;0.067400001;0.067400001
;US-ID;2015;p99.99p100;16193111.0;;0.0277;0.0277
;US-ID;2015;p90p100;244376.91;;0.41769999;0.41769999
;US-ID;2015;p90p95;135180.2;;0.1155;0.1155
;US-ID;2015;p95p99;211481.91;;0.1446;0.1446
;US-ID;2015;p99.5p99.9;785365.13;;0.0537;0.0537
;US-ID;2015;p99.9p99.99;2613859.3;;0.040199999;0.040199999
;US-ID;2015;p99p99.5;416137.09;;0.035599999;0.035599999
;US-ID;2015;p95p100;352945.91;;0.30160001;0.30160001
;US-ID;2015;p0p90;37883.602;;0.58279997;0.58279997
;US-ID;2015;p0p99;49833.699;;0.84320003;0.84320003
;US-ID;2015;p99.5p100;1416932.6;;0.1211;0.1211
;US-ID;2014;p0p100;55701.699;41932559700.0;1.0;1.0
;US-ID;2014;p99p100;837891.69;;0.1508;0.1508
;US-ID;2014;p99.9p100;3503615.0;;0.063000001;0.063000001
;US-ID;2014;p99.99p100;14704393.0;;0.0265;0.0265
;US-ID;2014;p90p100;229915.2;;0.41370001;0.41370001
;US-ID;2014;p90p95;130515.4;;0.1174;0.1174
;US-ID;2014;p95p99;201905.5;;0.1453;0.1453
;US-ID;2014;p99.5p99.9;729391.38;;0.052499998;0.052499998
;US-ID;2014;p99.9p99.99;2275970.0;;0.036899999;0.036899999
;US-ID;2014;p99p99.5;392523.41;;0.035300002;0.035300002
;US-ID;2014;p95p100;329035.19;;0.29609999;0.29609999
;US-ID;2014;p0p90;36187.398;;0.58609998;0.58609998
;US-ID;2014;p0p99;47667.398;;0.84920001;0.84920001
;US-ID;2014;p99.5p100;1283200.4;;0.1155;0.1155
;US-ID;2013;p0p100;57389.102;39719630908.0;1.0;1.0
;US-ID;2013;p99p100;776157.38;;0.14;0.14
;US-ID;2013;p99.9p100;3159774.0;;0.057;0.057
;US-ID;2013;p99.99p100;12921541.0;;0.0233;0.0233
;US-ID;2013;p90p100;218835.2;;0.39469999;0.39469999
;US-ID;2013;p90p95;127764.0;;0.1152;0.1152
;US-ID;2013;p95p99;192786.8;;0.1391;0.1391
;US-ID;2013;p99.5p99.9;682311.0;;0.049199998;0.049199998
;US-ID;2013;p99.9p99.99;2080935.3;;0.033799998;0.033799998
;US-ID;2013;p99p99.5;374725.0;;0.033799998;0.033799998
;US-ID;2013;p95p100;309517.81;;0.2791;0.2791
;US-ID;2013;p0p90;37302.602;;0.6056;0.6056
;US-ID;2013;p0p99;48159.898;;0.86000001;0.86000001
;US-ID;2013;p99.5p100;1177944.3;;0.1062;0.1062
;US-ID;2012;p0p100;56955.0;39102656569.0;1.0;1.0
;US-ID;2012;p99p100;936241.38;;0.1752;0.1752
;US-ID;2012;p99.9p100;4456476.5;;0.083400004;0.083400004
;US-ID;2012;p99.99p100;20827516.0;;0.039000001;0.039000001
;US-ID;2012;p90p100;233480.5;;0.43689999;0.43689999
;US-ID;2012;p90p95;130184.5;;0.1218;0.1218
;US-ID;2012;p95p99;186249.3;;0.13940001;0.13940001
;US-ID;2012;p99.5p99.9;750871.63;;0.056200001;0.056200001
;US-ID;2012;p99.9p99.99;2650739.8;;0.044599999;0.044599999
;US-ID;2012;p99p99.5;380817.59;;0.035599999;0.035599999
;US-ID;2012;p95p100;336206.09;;0.3145;0.3145
;US-ID;2012;p0p90;33453.602;;0.56339997;0.56339997
;US-ID;2012;p0p99;44526.301;;0.82480001;0.82480001
;US-ID;2012;p99.5p100;1491761.3;;0.13959999;0.13959999
;US-ID;2011;p0p100;55855.898;36551119512.0;1.0;1.0
;US-ID;2011;p99p100;716401.81;;0.1424;0.1424
;US-ID;2011;p99.9p100;2992998.0;;0.059500001;0.059500001
;US-ID;2011;p99.99p100;12581820.0;;0.025;0.025
;US-ID;2011;p90p100;205890.8;;0.4093;0.4093
;US-ID;2011;p90p95;125051.5;;0.1243;0.1243
;US-ID;2011;p95p99;178500.09;;0.1419;0.1419
;US-ID;2011;p99.5p99.9;621130.69;;0.049400002;0.049400002
;US-ID;2011;p99.9p99.99;1934448.9;;0.034600001;0.034600001
;US-ID;2011;p99p99.5;337132.81;;0.033500001;0.033500001
;US-ID;2011;p95p100;286037.59;;0.2843;0.2843
;US-ID;2011;p0p90;33051.5;;0.59130001;0.59130001
;US-ID;2011;p0p99;43580.102;;0.85759997;0.85759997
;US-ID;2011;p99.5p100;1096017.6;;0.1089;0.1089
;US-ID;2010;p0p100;59728.699;35999539381.0;1.0;1.0
;US-ID;2010;p99p100;717682.69;;0.142;0.142
;US-ID;2010;p99.9p100;2980418.5;;0.059;0.059
;US-ID;2010;p99.99p100;12718266.0;;0.0252;0.0252
;US-ID;2010;p90p100;204641.09;;0.4048;0.4048
;US-ID;2010;p90p95;117650.9;;0.1164;0.1164
;US-ID;2010;p95p99;184384.5;;0.1459;0.1459
;US-ID;2010;p99.5p99.9;616094.31;;0.048700001;0.048700001
;US-ID;2010;p99.9p99.99;1896769.0;;0.033799998;0.033799998
;US-ID;2010;p99p99.5;346126.41;;0.034200002;0.034200002
;US-ID;2010;p95p100;290991.59;;0.28780001;0.28780001
;US-ID;2010;p0p90;33469.699;;0.59579998;0.59579998
;US-ID;2010;p0p99;43815.898;;0.85799998;0.85799998
;US-ID;2010;p99.5p100;1090117.8;;0.1078;0.1078
;US-ID;2009;p0p100;61733.301;35318096655.0;1.0;1.0
;US-ID;2009;p99p100;695819.31;;0.1376;0.1376
;US-ID;2009;p99.9p100;2993506.8;;0.0592;0.0592
;US-ID;2009;p99.99p100;13205699.0;;0.0261;0.0261
;US-ID;2009;p90p100;200010.7;;0.39539999;0.39539999
;US-ID;2009;p90p95;116290.3;;0.115;0.115
;US-ID;2009;p95p99;179824.0;;0.14219999;0.14219999
;US-ID;2009;p99.5p99.9;577931.5;;0.045699999;0.045699999
;US-ID;2009;p99.9p99.99;1835289.8;;0.032699998;0.032699998
;US-ID;2009;p99p99.5;322410.5;;0.0319;0.0319
;US-ID;2009;p95p100;283252.59;;0.28;0.28
;US-ID;2009;p0p90;34083.102;;0.60650003;0.60650003
;US-ID;2009;p0p99;44060.801;;0.8624;0.8624
;US-ID;2009;p99.5p100;1066799.4;;0.1055;0.1055
;US-ID;2008;p0p100;69375.297;39075648673.0;1.0;1.0
;US-ID;2008;p99p100;940971.69;;0.1644;0.1644
;US-ID;2008;p99.9p100;4513635.5;;0.0788;0.0788
;US-ID;2008;p99.99p100;21106878.0;;0.036899999;0.036899999
;US-ID;2008;p90p100;234097.09;;0.40889999;0.40889999
;US-ID;2008;p90p95;130967.2;;0.1144;0.1144
;US-ID;2008;p95p99;184437.59;;0.12890001;0.12890001
;US-ID;2008;p99.5p99.9;739894.63;;0.0517;0.0517
;US-ID;2008;p99.9p99.99;2653088.3;;0.041700002;0.041700002
;US-ID;2008;p99p99.5;379466.91;;0.033100002;0.033100002
;US-ID;2008;p95p100;336130.91;;0.29359999;0.29359999
;US-ID;2008;p0p90;37738.699;;0.59329998;0.59329998
;US-ID;2008;p0p99;48319.602;;0.83560002;0.83560002
;US-ID;2008;p99.5p100;1499799.4;;0.131;0.131
;US-ID;2007;p0p100;83191.203;42532804371.0;1.0;1.0
;US-ID;2007;p99p100;1218314.6;;0.19140001;0.19140001
;US-ID;2007;p99.9p100;6085866.5;;0.095600002;0.095600002
;US-ID;2007;p99.99p100;28622984.0;;0.045000002;0.045000002
;US-ID;2007;p90p100;275493.41;;0.43270001;0.43270001
;US-ID;2007;p90p95;136536.5;;0.1072;0.1072
;US-ID;2007;p95p99;211384.3;;0.1328;0.1328
;US-ID;2007;p99.5p99.9;938439.0;;0.059;0.059
;US-ID;2007;p99.9p99.99;3564913.5;;0.0504;0.0504
;US-ID;2007;p99p99.5;456305.0;;0.035799999;0.035799999
;US-ID;2007;p95p100;413554.31;;0.32480001;0.32480001
;US-ID;2007;p0p90;40306.301;;0.56980002;0.56980002
;US-ID;2007;p0p99;52000.699;;0.80860001;0.80860001
;US-ID;2007;p99.5p100;1975685.8;;0.1552;0.1552
;US-ID;2006;p0p100;83020.703;40184693533.0;1.0;1.0
;US-ID;2006;p99p100;1260677.3;;0.2098;0.2098
;US-ID;2006;p99.9p100;6370824.0;;0.106;0.106
;US-ID;2006;p99.99p100;29876910.0;;0.049699999;0.049699999
;US-ID;2006;p90p100;277681.31;;0.46219999;0.46219999
;US-ID;2006;p90p95;132860.0;;0.1106;0.1106
;US-ID;2006;p95p99;212388.7;;0.14139999;0.14139999
;US-ID;2006;p99.5p99.9;973425.38;;0.064800002;0.064800002
;US-ID;2006;p99.9p99.99;3758368.3;;0.056299999;0.056299999
;US-ID;2006;p99p99.5;467377.81;;0.038899999;0.038899999
;US-ID;2006;p95p100;422105.59;;0.3513;0.3513
;US-ID;2006;p0p90;35930.102;;0.53829998;0.53829998
;US-ID;2006;p0p99;47949.199;;0.7902;0.7902
;US-ID;2006;p99.5p100;2053567.3;;0.1709;0.1709
;US-ID;2005;p0p100;86741.5;37391643803.0;1.0;1.0
;US-ID;2005;p99p100;1091703.1;;0.1855;0.1855
;US-ID;2005;p99.9p100;5304072.0;;0.090099998;0.090099998
;US-ID;2005;p99.99p100;24005048.0;;0.040800001;0.040800001
;US-ID;2005;p90p100;253885.59;;0.4314;0.4314
;US-ID;2005;p90p95;122193.7;;0.1038;0.1038
;US-ID;2005;p95p99;208072.8;;0.14139999;0.14139999
;US-ID;2005;p99.5p99.9;862056.19;;0.058600001;0.058600001
;US-ID;2005;p99.9p99.99;3223032.8;;0.0493;0.0493
;US-ID;2005;p99p99.5;427429.59;;0.0363;0.0363
;US-ID;2005;p95p100;385189.5;;0.32730001;0.32730001
;US-ID;2005;p0p90;37253.0;;0.5697;0.5697
;US-ID;2005;p0p99;48414.0;;0.81449997;0.81449997
;US-ID;2005;p99.5p100;1753973.1;;0.149;0.149
;US-ID;2004;p0p100;85821.602;35138153927.0;1.0;1.0
;US-ID;2004;p99p100;847908.69;;0.1556;0.1556
;US-ID;2004;p99.9p100;3881981.0;;0.071199998;0.071199998
;US-ID;2004;p99.99p100;17015290.0;;0.031199999;0.031199999
;US-ID;2004;p90p100;218744.7;;0.40130001;0.40130001
;US-ID;2004;p90p95;114076.5;;0.1046;0.1046
;US-ID;2004;p95p99;191209.91;;0.14030001;0.14030001
;US-ID;2004;p99.5p99.9;690904.5;;0.050700001;0.050700001
;US-ID;2004;p99.9p99.99;2414953.3;;0.039900001;0.039900001
;US-ID;2004;p99p99.5;360864.69;;0.033100002;0.033100002
;US-ID;2004;p95p100;322833.09;;0.29609999;0.29609999
;US-ID;2004;p0p90;36346.199;;0.60009998;0.60009998
;US-ID;2004;p0p99;46492.602;;0.84439999;0.84439999
;US-ID;2004;p99.5p100;1333062.8;;0.1223;0.1223
;US-ID;2003;p0p100;85913.602;32152949330.0;1.0;1.0
;US-ID;2003;p99p100;689429.19;;0.13330001;0.13330001
;US-ID;2003;p99.9p100;2859236.8;;0.055300001;0.055300001
;US-ID;2003;p99.99p100;11727322.0;;0.022700001;0.022700001
;US-ID;2003;p90p100;197815.09;;0.38240001;0.38240001
;US-ID;2003;p90p95;115039.2;;0.1112;0.1112
;US-ID;2003;p95p99;177359.0;;0.1371;0.1371
;US-ID;2003;p99.5p99.9;591800.19;;0.0458;0.0458
;US-ID;2003;p99.9p99.99;1859638.8;;0.032400001;0.032400001
;US-ID;2003;p99p99.5;326506.59;;0.031599998;0.031599998
;US-ID;2003;p95p100;280180.5;;0.27079999;0.27079999
;US-ID;2003;p0p90;35598.5;;0.61930001;0.61930001
;US-ID;2003;p0p99;45289.699;;0.86669999;0.86669999
;US-ID;2003;p99.5p100;1050164.5;;0.1015;0.1015
;US-ID;2002;p0p100;91160.398;31903689765.0;1.0;1.0
;US-ID;2002;p99p100;654945.31;;0.1247;0.1247
;US-ID;2002;p99.9p100;2612451.5;;0.049699999;0.049699999
;US-ID;2002;p99.99p100;10246453.0;;0.0195;0.0195
;US-ID;2002;p90p100;194708.09;;0.3707;0.3707
;US-ID;2002;p90p95;115953.0;;0.1104;0.1104
;US-ID;2002;p95p99;177277.3;;0.13500001;0.13500001
;US-ID;2002;p99.5p99.9;574617.19;;0.0438;0.0438
;US-ID;2002;p99.9p99.99;1753825.9;;0.030099999;0.030099999
;US-ID;2002;p99p99.5;321702.41;;0.0306;0.0306
;US-ID;2002;p95p100;273123.31;;0.25999999;0.25999999
;US-ID;2002;p0p90;36799.699;;0.63059998;0.63059998
;US-ID;2002;p0p99;46433.398;;0.87529999;0.87529999
;US-ID;2002;p99.5p100;986376.88;;0.093900003;0.093900003
;US-ID;2001;p0p100;100189.4;32645112794.0;1.0;1.0
;US-ID;2001;p99p100;710444.63;;0.12710001;0.12710001
;US-ID;2001;p99.9p100;2793705.3;;0.050000001;0.050000001
;US-ID;2001;p99.99p100;11217454.0;;0.020099999;0.020099999
;US-ID;2001;p90p100;205766.09;;0.36809999;0.36809999
;US-ID;2001;p90p95;119807.6;;0.1072;0.1072
;US-ID;2001;p95p99;186135.8;;0.1332;0.1332
;US-ID;2001;p99.5p99.9;620304.81;;0.044399999;0.044399999
;US-ID;2001;p99.9p99.99;1862892.8;;0.029999999;0.029999999
;US-ID;2001;p99p99.5;364670.09;;0.032600001;0.032600001
;US-ID;2001;p95p100;291277.41;;0.26050001;0.26050001
;US-ID;2001;p0p90;39289.898;;0.63260001;0.63260001
;US-ID;2001;p0p99;49288.102;;0.87290001;0.87290001
;US-ID;2001;p99.5p100;1057008.0;;0.094499998;0.094499998
;US-ID;2000;p0p100;114492.2;34258265187.0;1.0;1.0
;US-ID;2000;p99p100;1035299.1;;0.17129999;0.17129999
;US-ID;2000;p99.9p100;4980669.5;;0.082400002;0.082400002
;US-ID;2000;p99.99p100;22797888.0;;0.037700001;0.037700001
;US-ID;2000;p90p100;249606.0;;0.41299999;0.41299999
;US-ID;2000;p90p95;125643.4;;0.1039;0.1039
;US-ID;2000;p95p99;206936.91;;0.13699999;0.13699999
;US-ID;2000;p99.5p99.9;807439.19;;0.053399999;0.053399999
;US-ID;2000;p99.9p99.99;3004112.8;;0.0447;0.0447
;US-ID;2000;p99p99.5;425115.5;;0.0352;0.0352
;US-ID;2000;p95p100;373083.5;;0.30860001;0.30860001
;US-ID;2000;p0p90;39489.102;;0.588;0.588
;US-ID;2000;p0p99;50591.5;;0.82870001;0.82870001
;US-ID;2000;p99.5p100;1644367.3;;0.13600001;0.13600001
;US-ID;1999;p0p100;117618.4;32660785470.0;1.0;1.0
;US-ID;1999;p99p100;876963.5;;0.15090001;0.15090001
;US-ID;1999;p99.9p100;3832497.0;;0.065899998;0.065899998
;US-ID;1999;p99.99p100;15532905.0;;0.026699999;0.026699999
;US-ID;1999;p90p100;228098.5;;0.3924;0.3924
;US-ID;1999;p90p95;122454.6;;0.1053;0.1053
;US-ID;1999;p95p99;197362.41;;0.1358;0.1358
;US-ID;1999;p99.5p99.9;742927.0;;0.051100001;0.051100001
;US-ID;1999;p99.9p99.99;2551731.3;;0.039500002;0.039500002
;US-ID;1999;p99p99.5;391563.5;;0.0337;0.0337
;US-ID;1999;p95p100;333424.5;;0.2868;0.2868
;US-ID;1999;p0p90;39256.898;;0.60780001;0.60780001
;US-ID;1999;p0p99;49856.801;;0.84909999;0.84909999
;US-ID;1999;p99.5p100;1362288.4;;0.1172;0.1172
;US-ID;1998;p0p100;118432.7;30424903432.0;1.0;1.0
;US-ID;1998;p99p100;787276.19;;0.1402;0.1402
;US-ID;1998;p99.9p100;3410394.5;;0.060699999;0.060699999
;US-ID;1998;p99.99p100;13647608.0;;0.0243;0.0243
;US-ID;1998;p90p100;211819.3;;0.37720001;0.37720001
;US-ID;1998;p90p95;118392.3;;0.1054;0.1054
;US-ID;1998;p95p99;184018.3;;0.1311;0.1311
;US-ID;1998;p99.5p99.9;662341.69;;0.047200002;0.047200002
;US-ID;1998;p99.9p99.99;2288211.3;;0.036699999;0.036699999
;US-ID;1998;p99p99.5;361631.31;;0.032200001;0.032200001
;US-ID;1998;p95p100;304909.0;;0.27149999;0.27149999
;US-ID;1998;p0p90;38889.699;;0.6232;0.6232
;US-ID;1998;p0p99;48777.801;;0.85979998;0.85979998
;US-ID;1998;p99.5p100;1212851.0;;0.108;0.108
;US-ID;1997;p0p100;113525.4;28019712204.0;1.0;1.0
;US-ID;1997;p99p100;734758.19;;0.14030001;0.14030001
;US-ID;1997;p99.9p100;3141560.3;;0.059999999;0.059999999
;US-ID;1997;p99.99p100;13742148.0;;0.0262;0.0262
;US-ID;1997;p90p100;200705.8;;0.38330001;0.38330001
;US-ID;1997;p90p95;114005.7;;0.1089;0.1089
;US-ID;1997;p95p99;175251.3;;0.1339;0.1339
;US-ID;1997;p99.5p99.9;619218.69;;0.0473;0.0473
;US-ID;1997;p99.9p99.99;1962134.3;;0.0337;0.0337
;US-ID;1997;p99p99.5;345165.81;;0.033;0.033
;US-ID;1997;p95p100;287233.09;;0.27430001;0.27430001
;US-ID;1997;p0p90;35900.398;;0.61699998;0.61699998
;US-ID;1997;p0p99;45470.699;;0.85970002;0.85970002
;US-ID;1997;p99.5p100;1124127.0;;0.1073;0.1073
;US-ID;1996;p0p100;115227.4;26645592925.0;1.0;1.0
;US-ID;1996;p99p100;712064.19;;0.1398;0.1398
;US-ID;1996;p99.9p100;3095299.0;;0.060800001;0.060800001
;US-ID;1996;p99.99p100;13098595.0;;0.025699999;0.025699999
;US-ID;1996;p90p100;194233.91;;0.38139999;0.38139999
;US-ID;1996;p90p95;109951.7;;0.108;0.108
;US-ID;1996;p95p99;170037.09;;0.1336;0.1336
;US-ID;1996;p99.5p99.9;603941.81;;0.047400001;0.047400001
;US-ID;1996;p99.9p99.99;1983867.8;;0.035100002;0.035100002
;US-ID;1996;p99p99.5;321985.0;;0.031599998;0.031599998
;US-ID;1996;p95p100;278460.5;;0.27340001;0.27340001
;US-ID;1996;p0p90;35004.398;;0.61860001;0.61860001
;US-ID;1996;p0p99;44245.898;;0.86019999;0.86019999
;US-ID;1996;p99.5p100;1102158.3;;0.1082;0.1082
;US-ID;1995;p0p100;118392.1;25171422216.0;1.0;1.0
;US-ID;1995;p99p100;623808.13;;0.1257;0.1257
;US-ID;1995;p99.9p100;2438293.0;;0.0491;0.0491
;US-ID;1995;p99.99p100;9284864.0;;0.0187;0.0187
;US-ID;1995;p90p100;183867.7;;0.37040001;0.37040001
;US-ID;1995;p90p95;108590.3;;0.1094;0.1094
;US-ID;1995;p95p99;167954.09;;0.1353;0.1353
;US-ID;1995;p99.5p99.9;559397.31;;0.0451;0.0451
;US-ID;1995;p99.9p99.99;1677706.4;;0.030400001;0.030400001
;US-ID;1995;p99p99.5;311674.81;;0.031399999;0.031399999
;US-ID;1995;p95p100;259108.41;;0.26100001;0.26100001
;US-ID;1995;p0p90;34736.102;;0.62970001;0.62970001
;US-ID;1995;p0p99;43844.898;;0.8743;0.8743
;US-ID;1995;p99.5p100;935821.63;;0.094300002;0.094300002
;US-ID;1994;p0p100;122346.7;23715466357.0;1.0;1.0
;US-ID;1994;p99p100;573465.19;;0.1172;0.1172
;US-ID;1994;p99.9p100;2198291.5;;0.0449;0.0449
;US-ID;1994;p99.99p100;8458685.0;;0.0173;0.0173
;US-ID;1994;p90p100;174769.7;;0.35730001;0.35730001
;US-ID;1994;p90p95;104923.9;;0.1072;0.1072
;US-ID;1994;p95p99;162401.0;;0.1328;0.1328
;US-ID;1994;p99.5p99.9;516319.5;;0.042199999;0.042199999
;US-ID;1994;p99.9p99.99;1500237.5;;0.0276;0.0276
;US-ID;1994;p99p99.5;293261.31;;0.029999999;0.029999999
;US-ID;1994;p95p100;244596.8;;0.25;0.25
;US-ID;1994;p0p90;34942.898;;0.64289999;0.64289999
;US-ID;1994;p0p99;43620.102;;0.88279998;0.88279998
;US-ID;1994;p99.5p100;853538.88;;0.087200001;0.087200001
;US-ID;1993;p0p100;125594.7;22712117945.0;1.0;1.0
;US-ID;1993;p99p100;569630.5;;0.1183;0.1183
;US-ID;1993;p99.9p100;2246278.0;;0.046700001;0.046700001
;US-ID;1993;p99.99p100;8901304.0;;0.0185;0.0185
;US-ID;1993;p90p100;173120.7;;0.35960001;0.35960001
;US-ID;1993;p90p95;105069.9;;0.1091;0.1091
;US-ID;1993;p95p99;159043.91;;0.1322;0.1322
;US-ID;1993;p99.5p99.9;509320.81;;0.042300001;0.042300001
;US-ID;1993;p99.9p99.99;1505666.3;;0.028100001;0.028100001
;US-ID;1993;p99p99.5;282107.31;;0.029300001;0.029300001
;US-ID;1993;p95p100;241138.2;;0.25049999;0.25049999
;US-ID;1993;p0p90;34257.5;;0.64050001;0.64050001
;US-ID;1993;p0p99;42872.5;;0.88169998;0.88169998
;US-ID;1993;p99.5p100;857054.38;;0.089000002;0.089000002
;US-ID;1992;p0p100;126978.3;21455580241.0;1.0;1.0
;US-ID;1992;p99p100;579796.38;;0.1251;0.1251
;US-ID;1992;p99.9p100;2393739.0;;0.051600002;0.051600002
;US-ID;1992;p99.99p100;9816593.0;;0.021199999;0.021199999
;US-ID;1992;p90p100;172011.7;;0.37110001;0.37110001
;US-ID;1992;p90p95;105346.6;;0.1136;0.1136
;US-ID;1992;p95p99;153458.2;;0.13240001;0.13240001
;US-ID;1992;p99.5p99.9;509490.31;;0.044;0.044
;US-ID;1992;p99.9p99.99;1569029.1;;0.0305;0.0305
;US-ID;1992;p99p99.5;273295.69;;0.0295;0.0295
;US-ID;1992;p95p100;238731.7;;0.25749999;0.25749999
;US-ID;1992;p0p90;32384.5;;0.62879997;0.62879997
;US-ID;1992;p0p99;40961.602;;0.87489998;0.87489998
;US-ID;1992;p99.5p100;886304.69;;0.095600002;0.095600002
;US-ID;1991;p0p100;129403.2;20282526941.0;1.0;1.0
;US-ID;1991;p99p100;470962.0;;0.1048;0.1048
;US-ID;1991;p99.9p100;1671657.8;;0.0372;0.0372
;US-ID;1991;p99.99p100;5911755.5;;0.0132;0.0132
;US-ID;1991;p90p100;158685.2;;0.35319999;0.35319999
;US-ID;1991;p90p95;104973.9;;0.1168;0.1168
;US-ID;1991;p95p99;148050.3;;0.1318;0.1318
;US-ID;1991;p99.5p99.9;441474.69;;0.039299998;0.039299998
;US-ID;1991;p99.9p99.99;1200173.5;;0.024;0.024
;US-ID;1991;p99p99.5;254120.2;;0.0283;0.0283
;US-ID;1991;p95p100;212608.41;;0.2366;0.2366
;US-ID;1991;p0p90;32277.199;;0.64660001;0.64660001
;US-ID;1991;p0p99;40624.699;;0.89520001;0.89520001
;US-ID;1991;p99.5p100;687817.31;;0.076499999;0.076499999
;US-ID;1990;p0p100;145530.2;20347943169.0;1.0;1.0
;US-ID;1990;p99p100;524931.5;;0.1115;0.1115
;US-ID;1990;p99.9p100;1984502.6;;0.042100001;0.042100001
;US-ID;1990;p99.99p100;7394847.0;;0.015699999;0.015699999
;US-ID;1990;p90p100;163606.5;;0.34740001;0.34740001
;US-ID;1990;p90p95;103721.0;;0.1101;0.1101
;US-ID;1990;p95p99;148116.3;;0.1258;0.1258
;US-ID;1990;p99.5p99.9;484496.41;;0.041200001;0.041200001
;US-ID;1990;p99.9p99.99;1384531.1;;0.0265;0.0265
;US-ID;1990;p99p99.5;265156.59;;0.028200001;0.028200001
;US-ID;1990;p95p100;223506.3;;0.23729999;0.23729999
;US-ID;1990;p0p90;34143.898;;0.65259999;0.65259999
;US-ID;1990;p0p99;42262.801;;0.88849998;0.88849998
;US-ID;1990;p99.5p100;784529.31;;0.083300002;0.083300002
;US-ID;1989;p0p100;158681.7;19661930567.0;1.0;1.0
;US-ID;1989;p99p100;523538.31;;0.1124;0.1124
;US-ID;1989;p99.9p100;1964736.0;;0.042199999;0.042199999
;US-ID;1989;p99.99p100;7284548.0;;0.0156;0.0156
;US-ID;1989;p90p100;159864.91;;0.3432;0.3432
;US-ID;1989;p90p95;98280.5;;0.1055;0.1055
;US-ID;1989;p95p99;143106.5;;0.1229;0.1229
;US-ID;1989;p99.5p99.9;468450.91;;0.040199999;0.040199999
;US-ID;1989;p99.9p99.99;1342959.0;;0.025900001;0.025900001
;US-ID;1989;p99p99.5;263048.41;;0.028200001;0.028200001
;US-ID;1989;p95p100;221054.2;;0.23729999;0.23729999
;US-ID;1989;p0p90;34245.699;;0.66159999;0.66159999
;US-ID;1989;p0p99;41767.898;;0.8876;0.8876
;US-ID;1989;p99.5p100;777379.38;;0.083400004;0.083400004
;US-ID;1988;p0p100;170416.41;18966426057.0;1.0;1.0
;US-ID;1988;p99p100;520031.19;;0.1131;0.1131
;US-ID;1988;p99.9p100;2016825.0;;0.043900002;0.043900002
;US-ID;1988;p99.99p100;7504368.5;;0.0163;0.0163
;US-ID;1988;p90p100;154305.3;;0.33559999;0.33559999
;US-ID;1988;p90p95;93669.398;;0.1019;0.1019
;US-ID;1988;p95p99;134580.91;;0.1171;0.1171
;US-ID;1988;p99.5p99.9;456268.69;;0.039700001;0.039700001
;US-ID;1988;p99.9p99.99;1366452.4;;0.026699999;0.026699999
;US-ID;1988;p99p99.5;248350.59;;0.027000001;0.027000001
;US-ID;1988;p95p100;214355.0;;0.2331;0.2331
;US-ID;1988;p0p90;34293.5;;0.67129999;0.67129999
;US-ID;1988;p0p99;41189.5;;0.88690001;0.88690001
;US-ID;1988;p99.5p100;782057.88;;0.085000001;0.085000001
;US-ID;1987;p0p100;174879.0;17719225769.0;1.0;1.0
;US-ID;1987;p99p100;397488.09;;0.090499997;0.090499997
;US-ID;1987;p99.9p100;1331158.8;;0.030300001;0.030300001
;US-ID;1987;p99.99p100;4487000.5;;0.0102;0.0102
;US-ID;1987;p90p100;138706.41;;0.31600001;0.31600001
;US-ID;1987;p90p95;92760.602;;0.1056;0.1056
;US-ID;1987;p95p99;128673.9;;0.1172;0.1172
;US-ID;1987;p99.5p99.9;365139.31;;0.033300001;0.033300001
;US-ID;1987;p99.9p99.99;951301.69;;0.0195;0.0195
;US-ID;1987;p99p99.5;220412.91;;0.0251;0.0251
;US-ID;1987;p95p100;184311.5;;0.20990001;0.20990001
;US-ID;1987;p0p90;33609.102;;0.68900001;0.68900001
;US-ID;1987;p0p99;40329.102;;0.9095;0.9095
;US-ID;1987;p99.5p100;567978.19;;0.0647;0.0647
;US-ID;1986;p0p100;189628.5;18357177133.0;1.0;1.0
;US-ID;1986;p99p100;523232.31;;0.1175;0.1175
;US-ID;1986;p99.9p100;2172542.0;;0.048799999;0.048799999
;US-ID;1986;p99.99p100;8761196.0;;0.0197;0.0197
;US-ID;1986;p90p100;150582.09;;0.33809999;0.33809999
;US-ID;1986;p90p95;89898.0;;0.1009;0.1009
;US-ID;1986;p95p99;129578.7;;0.1164;0.1164
;US-ID;1986;p99.5p99.9;442397.5;;0.039700001;0.039700001
;US-ID;1986;p99.9p99.99;1386903.3;;0.028000001;0.028000001
;US-ID;1986;p99p99.5;235784.2;;0.0265;0.0265
;US-ID;1986;p95p100;210669.2;;0.23649999;0.23649999
;US-ID;1986;p0p90;33101.801;;0.6688;0.6688
;US-ID;1986;p0p99;39707.301;;0.88249999;0.88249999
;US-ID;1986;p99.5p100;801435.0;;0.090000004;0.090000004
;US-ID;1985;p0p100;191054.41;17555399947.0;1.0;1.0
;US-ID;1985;p99p100;455396.09;;0.1052;0.1052
;US-ID;1985;p99.9p100;1847615.5;;0.0427;0.0427
;US-ID;1985;p99.99p100;7485096.5;;0.0173;0.0173
;US-ID;1985;p90p100;139977.8;;0.3233;0.3233
;US-ID;1985;p90p95;87320.0;;0.1008;0.1008
;US-ID;1985;p95p99;126094.8;;0.1165;0.1165
;US-ID;1985;p99.5p99.9;389003.81;;0.0359;0.0359
;US-ID;1985;p99.9p99.99;1200836.4;;0.025;0.025
;US-ID;1985;p99p99.5;223709.2;;0.025800001;0.025800001
;US-ID;1985;p95p100;192517.8;;0.22229999;0.22229999
;US-ID;1985;p0p90;32646.6;;0.67860001;0.67860001
;US-ID;1985;p0p99;39132.898;;0.89480001;0.89480001
;US-ID;1985;p99.5p100;684717.5;;0.079099998;0.079099998
;US-ID;1984;p0p100;205526.7;17220014647.0;1.0;1.0
;US-ID;1984;p99p100;406445.91;;0.093400002;0.093400002
;US-ID;1984;p99.9p100;1558063.8;;0.035799999;0.035799999
;US-ID;1984;p99.99p100;6156341.5;;0.0141;0.0141
;US-ID;1984;p90p100;135636.8;;0.3116;0.3116
;US-ID;1984;p90p95;89259.0;;0.1025;0.1025
;US-ID;1984;p95p99;124504.2;;0.1144;0.1144
;US-ID;1984;p99.5p99.9;348022.5;;0.032000002;0.032000002
;US-ID;1984;p99.9p99.99;1005251.0;;0.0208;0.0208
;US-ID;1984;p99p99.5;210660.09;;0.0242;0.0242
;US-ID;1984;p95p100;181937.8;;0.20900001;0.20900001
;US-ID;1984;p0p90;33473.0;;0.69199997;0.69199997
;US-ID;1984;p0p99;39868.801;;0.9066;0.9066
;US-ID;1984;p99.5p100;597823.63;;0.068700001;0.068700001
;US-ID;1983;p0p100;232974.41;16930208957.0;1.0;1.0
;US-ID;1983;p99p100;352016.91;;0.080600001;0.080600001
;US-ID;1983;p99.9p100;1221672.8;;0.028000001;0.028000001
;US-ID;1983;p99.99p100;4560689.0;;0.0104;0.0104
;US-ID;1983;p90p100;128990.3;;0.29530001;0.29530001
;US-ID;1983;p90p95;90160.602;;0.1032;0.1032
;US-ID;1983;p95p99;121412.1;;0.1112;0.1112
;US-ID;1983;p99.5p99.9;315689.59;;0.028899999;0.028899999
;US-ID;1983;p99.9p99.99;827711.88;;0.017100001;0.017100001
;US-ID;1983;p99p99.5;198480.5;;0.022700001;0.022700001
;US-ID;1983;p95p100;168166.0;;0.1925;0.1925
;US-ID;1983;p0p90;34287.199;;0.70649999;0.70649999
;US-ID;1983;p0p99;40564.602;;0.91939998;0.91939998
;US-ID;1983;p99.5p100;502402.5;;0.057500001;0.057500001
;US-ID;1982;p0p100;233320.7;16261294284.0;1.0;1.0
;US-ID;1982;p99p100;349915.09;;0.083400004;0.083400004
;US-ID;1982;p99.9p100;1353457.1;;0.032299999;0.032299999
;US-ID;1982;p99.99p100;5619597.0;;0.0134;0.0134
;US-ID;1982;p90p100;121600.2;;0.28979999;0.28979999
;US-ID;1982;p90p95;80625.898;;0.096100003;0.096100003
;US-ID;1982;p95p99;115130.4;;0.1098;0.1098
;US-ID;1982;p99.5p99.9;307045.91;;0.029300001;0.029300001
;US-ID;1982;p99.9p99.99;879441.5;;0.0189;0.0189
;US-ID;1982;p99p99.5;183502.09;;0.0219;0.0219
;US-ID;1982;p95p100;162791.5;;0.19400001;0.19400001
;US-ID;1982;p0p90;33130.801;;0.71069998;0.71069998
;US-ID;1982;p0p99;38842.699;;0.91659999;0.91659999
;US-ID;1982;p99.5p100;516328.09;;0.061500002;0.061500002
;US-ID;1981;p0p100;274558.59;16843718192.0;1.0;1.0
;US-ID;1981;p99p100;348800.5;;0.079400003;0.079400003
;US-ID;1981;p99.9p100;1105348.9;;0.0252;0.0252
;US-ID;1981;p99.99p100;4264673.0;;0.0097000003;0.0097000003
;US-ID;1981;p90p100;136137.2;;0.31;0.31
;US-ID;1981;p90p95;97419.797;;0.1109;0.1109
;US-ID;1981;p95p99;131563.91;;0.1199;0.1199
;US-ID;1981;p99.5p99.9;325891.81;;0.0297;0.0297
;US-ID;1981;p99.9p99.99;754362.13;;0.0155;0.0155
;US-ID;1981;p99p99.5;214869.3;;0.024499999;0.024499999
;US-ID;1981;p95p100;175167.09;;0.19949999;0.19949999
;US-ID;1981;p0p90;33658.102;;0.68989998;0.68989998
;US-ID;1981;p0p99;40829.398;;0.9206;0.9206
;US-ID;1981;p99.5p100;482436.19;;0.054900002;0.054900002
;US-ID;1980;p0p100;347787.41;17016991353.0;1.0;1.0
;US-ID;1980;p99p100;351074.5;;0.0757;0.0757
;US-ID;1980;p99.9p100;1148305.3;;0.024800001;0.024800001
;US-ID;1980;p99.99p100;4937373.5;;0.0106;0.0106
;US-ID;1980;p90p100;135273.0;;0.29170001;0.29170001
;US-ID;1980;p90p95;93004.5;;0.1003;0.1003
;US-ID;1980;p95p99;134028.8;;0.1156;0.1156
;US-ID;1980;p99.5p99.9;327109.91;;0.028200001;0.028200001
;US-ID;1980;p99.9p99.99;727959.81;;0.0141;0.0141
;US-ID;1980;p99p99.5;210708.91;;0.022700001;0.022700001
;US-ID;1980;p95p100;177497.41;;0.19140001;0.19140001
;US-ID;1980;p0p90;36498.5;;0.70840001;0.70840001
;US-ID;1980;p0p99;43293.102;;0.92430001;0.92430001
;US-ID;1980;p99.5p100;491417.0;;0.052999999;0.052999999
;US-ID;1979;p0p100;432049.69;16653241188.0;1.0;1.0
;US-ID;1979;p99p100;353885.19;;0.075800002;0.075800002
;US-ID;1979;p99.9p100;1023450.0;;0.0219;0.0219
;US-ID;1979;p99.99p100;3418453.0;;0.0073000002;0.0073000002
;US-ID;1979;p90p100;136253.8;;0.292;0.292
;US-ID;1979;p90p95;94223.203;;0.1009;0.1009
;US-ID;1979;p95p99;134231.8;;0.1151;0.1151
;US-ID;1979;p99.5p99.9;338492.0;;0.028999999;0.028999999
;US-ID;1979;p99.9p99.99;756859.63;;0.0146;0.0146
;US-ID;1979;p99p99.5;232537.7;;0.024900001;0.024900001
;US-ID;1979;p95p100;178138.2;;0.1909;0.1909
;US-ID;1979;p0p90;36720.801;;0.70819998;0.70819998
;US-ID;1979;p0p99;43565.602;;0.9242;0.9242
;US-ID;1979;p99.5p100;475726.31;;0.050999999;0.050999999
;US-ID;1978;p0p100;522671.19;16284861557.0;1.0;1.0
;US-ID;1978;p99p100;340606.19;;0.072400004;0.072400004
;US-ID;1978;p99.9p100;861905.19;;0.018300001;0.018300001
;US-ID;1978;p99.99p100;2432825.5;;0.0052;0.0052
;US-ID;1978;p90p100;139210.8;;0.29609999;0.29609999
;US-ID;1978;p90p95;95810.297;;0.1019;0.1019
;US-ID;1978;p95p99;143274.41;;0.1219;0.1219
;US-ID;1978;p99.5p99.9;337885.69;;0.0287;0.0287
;US-ID;1978;p99.9p99.99;686994.81;;0.0131;0.0131
;US-ID;1978;p99p99.5;238475.3;;0.0254;0.0254
;US-ID;1978;p95p100;182586.0;;0.19419999;0.19419999
;US-ID;1978;p0p90;36768.602;;0.70380002;0.70380002
;US-ID;1978;p0p99;44053.199;;0.92760003;0.92760003
;US-ID;1978;p99.5p100;442958.81;;0.0471;0.0471
;US-ID;1977;p0p100;577668.38;15102858266.0;1.0;1.0
;US-ID;1977;p99p100;329199.09;;0.073299997;0.073299997
;US-ID;1977;p99.9p100;854946.19;;0.018999999;0.018999999
;US-ID;1977;p99.99p100;2555098.0;;0.0057000001;0.0057000001
;US-ID;1977;p90p100;134279.3;;0.29910001;0.29910001
;US-ID;1977;p90p95;95377.797;;0.1062;0.1062
;US-ID;1977;p95p99;134163.5;;0.1195;0.1195
;US-ID;1977;p99.5p99.9;308158.59;;0.0275;0.0275
;US-ID;1977;p99.9p99.99;665539.0;;0.0133;0.0133
;US-ID;1977;p99p99.5;240967.2;;0.026799999;0.026799999
;US-ID;1977;p95p100;173193.0;;0.1929;0.1929
;US-ID;1977;p0p90;34960.898;;0.70090002;0.70090002
;US-ID;1977;p0p99;42020.398;;0.9267;0.9267
;US-ID;1977;p99.5p100;417649.5;;0.046500001;0.046500001
;US-ID;1976;p0p100;658229.69;14746172921.0;1.0;1.0
;US-ID;1976;p99p100;314917.5;;0.069799997;0.069799997
;US-ID;1976;p99.9p100;833681.19;;0.0185;0.0185
;US-ID;1976;p99.99p100;2061471.4;;0.0046000001;0.0046000001
;US-ID;1976;p90p100;127828.3;;0.28349999;0.28349999
;US-ID;1976;p90p95;91595.102;;0.1016;0.1016
;US-ID;1976;p95p99;126378.6;;0.1121;0.1121
;US-ID;1976;p99.5p99.9;323539.0;;0.0287;0.0287
;US-ID;1976;p99.9p99.99;697526.88;;0.0139;0.0139
;US-ID;1976;p99p99.5;204010.41;;0.022600001;0.022600001
;US-ID;1976;p95p100;164085.0;;0.18189999;0.18189999
;US-ID;1976;p0p90;35904.5;;0.71649998;0.71649998
;US-ID;1976;p0p99;42371.699;;0.93019998;0.93019998
;US-ID;1976;p99.5p100;425807.59;;0.047200002;0.047200002
;US-ID;1975;p0p100;704225.63;13717407159.0;1.0;1.0
;US-ID;1975;p99p100;339865.0;;0.0788;0.0788
;US-ID;1975;p99.9p100;874167.81;;0.020300001;0.020300001
;US-ID;1975;p99.99p100;2654483.5;;0.0062000002;0.0062000002
;US-ID;1975;p90p100;132934.2;;0.3082;0.3082
;US-ID;1975;p90p95;92814.898;;0.1076;0.1076
;US-ID;1975;p95p99;131373.7;;0.1218;0.1218
;US-ID;1975;p99.5p99.9;342838.59;;0.031800002;0.031800002
;US-ID;1975;p99.9p99.99;676624.19;;0.0141;0.0141
;US-ID;1975;p99p99.5;230140.8;;0.026699999;0.026699999
;US-ID;1975;p95p100;173069.59;;0.2006;0.2006
;US-ID;1975;p0p90;33158.0;;0.6918;0.6918
;US-ID;1975;p0p99;40137.102;;0.92119998;0.92119998
;US-ID;1975;p99.5p100;449411.59;;0.052099999;0.052099999
;US-ID;1974;p0p100;902787.31;14357222108.0;1.0;1.0
;US-ID;1974;p99p100;396244.19;;0.085299999;0.085299999
;US-ID;1974;p99.9p100;1203445.0;;0.025900001;0.025900001
;US-ID;1974;p99.99p100;3934473.8;;0.0085000005;0.0085000005
;US-ID;1974;p90p100;142451.59;;0.30680001;0.30680001
;US-ID;1974;p90p95;94830.5;;0.1021;0.1021
;US-ID;1974;p95p99;138618.8;;0.1194;0.1194
;US-ID;1974;p99.5p99.9;387642.81;;0.033399999;0.033399999
;US-ID;1974;p99.9p99.99;901278.63;;0.0175;0.0175
;US-ID;1974;p99p99.5;242288.7;;0.0261;0.0261
;US-ID;1974;p95p100;190067.09;;0.20469999;0.20469999
;US-ID;1974;p0p90;35755.602;;0.69300002;0.69300002
;US-ID;1974;p0p99;42899.5;;0.91469997;0.91469997
;US-ID;1974;p99.5p100;550439.19;;0.059300002;0.059300002
;US-ID;1973;p0p100;1059818.8;13302415001.0;1.0;1.0
;US-ID;1973;p99p100;361760.31;;0.081799999;0.081799999
;US-ID;1973;p99.9p100;976932.0;;0.0221;0.0221
;US-ID;1973;p99.99p100;2846376.8;;0.0063999998;0.0063999998
;US-ID;1973;p90p100;137026.41;;0.30989999;0.30989999
;US-ID;1973;p90p95;91923.398;;0.104;0.104
;US-ID;1973;p95p99;137220.59;;0.1241;0.1241
;US-ID;1973;p99.5p99.9;358863.5;;0.032499999;0.032499999
;US-ID;1973;p99.9p99.99;768825.38;;0.015699999;0.015699999
;US-ID;1973;p99p99.5;240692.41;;0.0272;0.0272
;US-ID;1973;p95p100;182131.2;;0.206;0.206
;US-ID;1973;p0p90;33902.102;;0.69010001;0.69010001
;US-ID;1973;p0p99;41004.898;;0.91820002;0.91820002
;US-ID;1973;p99.5p100;482468.41;;0.0546;0.0546
;US-ID;1972;p0p100;1127982.8;12206301238.0;1.0;1.0
;US-ID;1972;p99p100;296413.69;;0.071099997;0.071099997
;US-ID;1972;p99.9p100;816251.5;;0.0196;0.0196
;US-ID;1972;p99.99p100;2652141.8;;0.0063999998;0.0063999998
;US-ID;1972;p90p100;116934.4;;0.28040001;0.28040001
;US-ID;1972;p90p95;83362.898;;0.0999;0.0999
;US-ID;1972;p95p99;114054.3;;0.1094;0.1094
;US-ID;1972;p99.5p99.9;299811.91;;0.0288;0.0288
;US-ID;1972;p99.9p99.99;612156.13;;0.0132;0.0132
;US-ID;1972;p99p99.5;189414.0;;0.022700001;0.022700001
;US-ID;1972;p95p100;150528.7;;0.1805;0.1805
;US-ID;1972;p0p90;33348.398;;0.71960002;0.71960002
;US-ID;1972;p0p99;39133.5;;0.9289;0.9289
;US-ID;1972;p99.5p100;403413.31;;0.0484;0.0484
;US-ID;1971;p0p100;1120455.5;11059978668.0;1.0;1.0
;US-ID;1971;p99p100;296393.09;;0.076200001;0.076200001
;US-ID;1971;p99.9p100;708310.0;;0.018200001;0.018200001
;US-ID;1971;p99.99p100;1635797.4;;0.0041999999;0.0041999999
;US-ID;1971;p90p100;118139.2;;0.30379999;0.30379999
;US-ID;1971;p90p95;83251.203;;0.107;0.107
;US-ID;1971;p95p99;117235.4;;0.1206;0.1206
;US-ID;1971;p99.5p99.9;280928.69;;0.028899999;0.028899999
;US-ID;1971;p99.9p99.99;605654.88;;0.014;0.014
;US-ID;1971;p99p99.5;225786.7;;0.028999999;0.028999999
;US-ID;1971;p95p100;153060.5;;0.19679999;0.19679999
;US-ID;1971;p0p90;30086.6;;0.69620001;0.69620001
;US-ID;1971;p0p99;36290.199;;0.92379999;0.92379999
;US-ID;1971;p99.5p100;366719.69;;0.0471;0.0471
;US-ID;1970;p0p100;1213051.1;10658630775.0;1.0;1.0
;US-ID;1970;p99p100;280301.31;;0.072499998;0.072499998
;US-ID;1970;p99.9p100;669331.63;;0.0173;0.0173
;US-ID;1970;p99.99p100;2113932.5;;0.0055;0.0055
;US-ID;1970;p90p100;115870.6;;0.29980001;0.29980001
;US-ID;1970;p90p95;81644.102;;0.1056;0.1056
;US-ID;1970;p95p99;117629.7;;0.1218;0.1218
;US-ID;1970;p99.5p99.9;301193.19;;0.031199999;0.031199999
;US-ID;1970;p99.9p99.99;508556.0;;0.0118;0.0118
;US-ID;1970;p99p99.5;185266.59;;0.024;0.024
;US-ID;1970;p95p100;150133.5;;0.19419999;0.19419999
;US-ID;1970;p0p90;30063.4;;0.70020002;0.70020002
;US-ID;1970;p0p99;36203.699;;0.92750001;0.92750001
;US-ID;1970;p99.5p100;375230.19;;0.048500001;0.048500001
;US-ID;1969;p0p100;1329672.1;10367357048.0;1.0;1.0
;US-ID;1969;p99p100;303680.31;;0.0801;0.0801
;US-ID;1969;p99.9p100;844727.5;;0.022299999;0.022299999
;US-ID;1969;p99.99p100;3247597.8;;0.0086000003;0.0086000003
;US-ID;1969;p90p100;115587.5;;0.30500001;0.30500001
;US-ID;1969;p90p95;80114.898;;0.1057;0.1057
;US-ID;1969;p95p99;112987.4;;0.1193;0.1193
;US-ID;1969;p99.5p99.9;293605.69;;0.030999999;0.030999999
;US-ID;1969;p99.9p99.99;578462.81;;0.0137;0.0137
;US-ID;1969;p99p99.5;203490.59;;0.026799999;0.026799999
;US-ID;1969;p95p100;151088.59;;0.19930001;0.19930001
;US-ID;1969;p0p90;29262.4;;0.69489998;0.69489998
;US-ID;1969;p0p99;35214.0;;0.9199;0.9199
;US-ID;1969;p99.5p100;404060.19;;0.053300001;0.053300001
;US-ID;1968;p0p100;1381760.9;9625303552.0;1.0;1.0
;US-ID;1968;p99p100;304463.09;;0.086000003;0.086000003
;US-ID;1968;p99.9p100;797113.19;;0.022500001;0.022500001
;US-ID;1968;p99.99p100;2928625.0;;0.0082999999;0.0082999999
;US-ID;1968;p90p100;114161.6;;0.3224;0.3224
;US-ID;1968;p90p95;78863.898;;0.1114;0.1114
;US-ID;1968;p95p99;110616.4;;0.125;0.125
;US-ID;1968;p99.5p99.9;332076.69;;0.037500001;0.037500001
;US-ID;1968;p99.9p99.99;561221.13;;0.0143;0.0143
;US-ID;1968;p99p99.5;184020.8;;0.026000001;0.026000001
;US-ID;1968;p95p100;149403.7;;0.211;0.211
;US-ID;1968;p0p90;26663.1;;0.67769998;0.67769998
;US-ID;1968;p0p99;32693.301;;0.91399997;0.91399997
;US-ID;1968;p99.5p100;424823.5;;0.059999999;0.059999999
;US-ID;1967;p0p100;1468595.4;9361394569.0;1.0;1.0
;US-ID;1967;p99p100;314073.0;;0.090599999;0.090599999
;US-ID;1967;p99.9p100;953236.63;;0.0275;0.0275
;US-ID;1967;p99.99p100;4439545.5;;0.0128;0.0128
;US-ID;1967;p90p100;114463.4;;0.33019999;0.33019999
;US-ID;1967;p90p95;78625.797;;0.1134;0.1134
;US-ID;1967;p95p99;109508.3;;0.12630001;0.12630001
;US-ID;1967;p99.5p99.9;291887.91;;0.0337;0.0337
;US-ID;1967;p99.9p99.99;565273.81;;0.0147;0.0147
;US-ID;1967;p99p99.5;204045.91;;0.0294;0.0294
;US-ID;1967;p95p100;150385.2;;0.21690001;0.21690001
;US-ID;1967;p0p90;25796.6;;0.66970003;0.66970003
;US-ID;1967;p0p99;31846.801;;0.90939999;0.90939999
;US-ID;1967;p99.5p100;424172.69;;0.0612;0.0612
;US-ID;1966;p0p100;1509259.1;8984890144.0;1.0;1.0
;US-ID;1966;p99p100;261024.2;;0.0779;0.0779
;US-ID;1966;p99.9p100;743593.69;;0.0222;0.0222
;US-ID;1966;p99.99p100;2494403.0;;0.0074;0.0074
;US-ID;1966;p90p100;106238.8;;0.31690001;0.31690001
;US-ID;1966;p90p95;75706.797;;0.1129;0.1129
;US-ID;1966;p95p99;106151.1;;0.1266;0.1266
;US-ID;1966;p99.5p99.9;270450.31;;0.032299999;0.032299999
;US-ID;1966;p99.9p99.99;549235.63;;0.0147;0.0147
;US-ID;1966;p99p99.5;156341.7;;0.0233;0.0233
;US-ID;1966;p95p100;137083.09;;0.2044;0.2044
;US-ID;1966;p0p90;25432.0;;0.68269998;0.68269998
;US-ID;1966;p0p99;31229.5;;0.92210001;0.92210001
;US-ID;1966;p99.5p100;365650.0;;0.054499999;0.054499999
;US-ID;1965;p0p100;1642430.0;9165908237.0;1.0;1.0
;US-ID;1965;p99p100;286202.41;;0.082999997;0.082999997
;US-ID;1965;p99.9p100;758006.63;;0.022;0.022
;US-ID;1965;p99.99p100;2356029.3;;0.0068000001;0.0068000001
;US-ID;1965;p90p100;108761.5;;0.3154;0.3154
;US-ID;1965;p90p95;76244.703;;0.1105;0.1105
;US-ID;1965;p95p99;105014.6;;0.1218;0.1218
;US-ID;1965;p99.5p99.9;273687.41;;0.0317;0.0317
;US-ID;1965;p99.9p99.99;579524.31;;0.0151;0.0151
;US-ID;1965;p99p99.5;201508.5;;0.029200001;0.029200001
;US-ID;1965;p95p100;141265.09;;0.20479999;0.20479999
;US-ID;1965;p0p90;26238.5;;0.68470001;0.68470001
;US-ID;1965;p0p99;31944.4;;0.917;0.917
;US-ID;1965;p99.5p100;370730.91;;0.0537;0.0537
;US-ID;1964;p0p100;1518172.8;8130001582.0;1.0;1.0
;US-ID;1964;p99p100;250397.91;;0.081100002;0.081100002
;US-ID;1964;p99.9p100;639121.63;;0.0207;0.0207
;US-ID;1964;p99.99p100;1908110.4;;0.0062000002;0.0062000002
;US-ID;1964;p90p100;96938.602;;0.31400001;0.31400001
;US-ID;1964;p90p95;69262.797;;0.1122;0.1122
;US-ID;1964;p95p99;93165.703;;0.1207;0.1207
;US-ID;1964;p99.5p99.9;244161.09;;0.031599998;0.031599998
;US-ID;1964;p99.9p99.99;497840.81;;0.0145;0.0145
;US-ID;1964;p99p99.5;177077.8;;0.0287;0.0287
;US-ID;1964;p95p100;124562.9;;0.2017;0.2017
;US-ID;1964;p0p90;23536.9;;0.68610001;0.68610001
;US-ID;1964;p0p99;28656.5;;0.91890001;0.91890001
;US-ID;1964;p99.5p100;323243.19;;0.052299999;0.052299999
;US-ID;1963;p0p100;1533255.9;7915215132.0;1.0;1.0
;US-ID;1963;p99p100;236988.0;;0.078000002;0.078000002
;US-ID;1963;p99.9p100;617072.5;;0.020300001;0.020300001
;US-ID;1963;p99.99p100;1962841.9;;0.0065000001;0.0065000001
;US-ID;1963;p90p100;94981.203;;0.31259999;0.31259999
;US-ID;1963;p90p95;66819.297;;0.11;0.11
;US-ID;1963;p95p99;94682.797;;0.1247;0.1247
;US-ID;1963;p99.5p99.9;236582.5;;0.031099999;0.031099999
;US-ID;1963;p99.9p99.99;467988.09;;0.0139;0.0139
;US-ID;1963;p99p99.5;161027.8;;0.0265;0.0265
;US-ID;1963;p95p100;123143.8;;0.2027;0.2027
;US-ID;1963;p0p90;23204.4;;0.68739998;0.68739998
;US-ID;1963;p0p99;28294.199;;0.92199999;0.92199999
;US-ID;1963;p99.5p100;312938.91;;0.0515;0.0515
;US-ID;1962;p0p100;1563593.3;7774415097.0;1.0;1.0
;US-ID;1962;p99p100;220045.2;;0.072899997;0.072899997
;US-ID;1962;p99.9p100;546477.13;;0.018100001;0.018100001
;US-ID;1962;p99.99p100;1593686.0;;0.0052999998;0.0052999998
;US-ID;1962;p90p100;89480.5;;0.2965;0.2965
;US-ID;1962;p90p95;64592.0;;0.107;0.107
;US-ID;1962;p95p99;87950.703;;0.1166;0.1166
;US-ID;1962;p99.5p99.9;234171.0;;0.030999999;0.030999999
;US-ID;1962;p99.9p99.99;431118.0;;0.0129;0.0129
;US-ID;1962;p99p99.5;142865.09;;0.023700001;0.023700001
;US-ID;1962;p95p100;114369.8;;0.1895;0.1895
;US-ID;1962;p0p90;23590.6;;0.70359999;0.70359999
;US-ID;1962;p0p99;28259.699;;0.9271;0.9271
;US-ID;1962;p99.5p100;297218.31;;0.049199998;0.049199998
;US-ID;1961;p0p100;1546000.3;7443256476.0;1.0;1.0
;US-ID;1961;p99p100;228720.8;;0.078199998;0.078199998
;US-ID;1961;p99.9p100;504866.09;;0.0173;0.0173
;US-ID;1961;p99.99p100;1330369.1;;0.0044999998;0.0044999998
;US-ID;1961;p90p100;92067.0;;0.31479999;0.31479999
;US-ID;1961;p90p95;64630.801;;0.1105;0.1105
;US-ID;1961;p95p99;92207.203;;0.1261;0.1261
;US-ID;1961;p99.5p99.9;250655.41;;0.034299999;0.034299999
;US-ID;1961;p99.9p99.99;413563.41;;0.0127;0.0127
;US-ID;1961;p99p99.5;155747.09;;0.0266;0.0266
;US-ID;1961;p95p100;119505.4;;0.2043;0.2043
;US-ID;1961;p0p90;22268.6;;0.68519998;0.68519998
;US-ID;1961;p0p99;27233.301;;0.92180002;0.92180002
;US-ID;1961;p99.5p100;301702.41;;0.051600002;0.051600002
;US-ID;1960;p0p100;1510728.3;7032712513.0;1.0;1.0
;US-ID;1960;p99p100;218536.59;;0.078000002;0.078000002
;US-ID;1960;p99.9p100;579295.88;;0.0207;0.0207
;US-ID;1960;p99.99p100;816595.0;;0.0029;0.0029
;US-ID;1960;p90p100;88549.703;;0.3161;0.3161
;US-ID;1960;p90p95;62719.0;;0.112;0.112
;US-ID;1960;p95p99;88343.5;;0.12620001;0.12620001
;US-ID;1960;p99.5p99.9;221531.91;;0.031599998;0.031599998
;US-ID;1960;p99.9p99.99;556166.13;;0.017899999;0.017899999
;US-ID;1960;p99p99.5;143571.91;;0.025599999;0.025599999
;US-ID;1960;p95p100;114379.8;;0.2042;0.2042
;US-ID;1960;p0p90;21282.6;;0.68379998;0.68379998
;US-ID;1960;p0p99;26085.699;;0.92199999;0.92199999
;US-ID;1960;p99.5p100;293494.41;;0.0524;0.0524
;US-ID;1959;p0p100;1572918.3;7077812957.0;1.0;1.0
;US-ID;1959;p99p100;235790.09;;0.083700001;0.083700001
;US-ID;1959;p99.9p100;611535.63;;0.0217;0.0217
;US-ID;1959;p99.99p100;1668581.3;;0.0059000002;0.0059000002
;US-ID;1959;p90p100;88144.797;;0.3127;0.3127
;US-ID;1959;p90p95;59789.102;;0.1061;0.1061
;US-ID;1959;p95p99;86683.797;;0.123;0.123
;US-ID;1959;p99.5p99.9;247714.7;;0.0352;0.0352
;US-ID;1959;p99.9p99.99;494597.81;;0.015799999;0.015799999
;US-ID;1959;p99p99.5;150899.0;;0.026799999;0.026799999
;US-ID;1959;p95p100;116501.9;;0.2067;0.2067
;US-ID;1959;p0p90;21524.699;;0.68730003;0.68730003
;US-ID;1959;p0p99;26089.301;;0.9163;0.9163
;US-ID;1959;p99.5p100;320690.0;;0.056899998;0.056899998
;US-ID;1958;p0p100;1499641.1;6649153643.0;1.0;1.0
;US-ID;1958;p99p100;215359.41;;0.081299998;0.081299998
;US-ID;1958;p99.9p100;635696.81;;0.024;0.024
;US-ID;1958;p99.99p100;1772226.0;;0.0066999998;0.0066999998
;US-ID;1958;p90p100;85037.102;;0.32080001;0.32080001
;US-ID;1958;p90p95;58785.602;;0.1109;0.1109
;US-ID;1958;p95p99;85274.0;;0.1287;0.1287
;US-ID;1958;p99.5p99.9;210905.3;;0.031800002;0.031800002
;US-ID;1958;p99.9p99.99;510105.5;;0.0173;0.0173
;US-ID;1958;p99p99.5;134782.2;;0.0254;0.0254
;US-ID;1958;p95p100;111290.2;;0.20990001;0.20990001
;US-ID;1958;p0p90;20001.1;;0.67919999;0.67919999
;US-ID;1958;p0p99;24597.5;;0.91869998;0.91869998
;US-ID;1958;p99.5p100;295935.41;;0.055799998;0.055799998
;US-ID;1957;p0p100;1616182.0;6782142324.0;1.0;1.0
;US-ID;1957;p99p100;259811.5;;0.096000001;0.096000001
;US-ID;1957;p99.9p100;690314.31;;0.0255;0.0255
;US-ID;1957;p99.99p100;1570271.1;;0.0057999999;0.0057999999
;US-ID;1957;p90p100;86348.0;;0.31900001;0.31900001
;US-ID;1957;p90p95;54286.898;;0.1003;0.1003
;US-ID;1957;p95p99;83059.0;;0.1227;0.1227
;US-ID;1957;p99.5p99.9;300558.59;;0.044399999;0.044399999
;US-ID;1957;p99.9p99.99;593531.0;;0.0197;0.0197
;US-ID;1957;p99p99.5;140739.5;;0.026000001;0.026000001
;US-ID;1957;p95p100;118409.2;;0.21870001;0.21870001
;US-ID;1957;p0p90;20482.1;;0.68099999;0.68099999
;US-ID;1957;p0p99;24716.801;;0.90399998;0.90399998
;US-ID;1957;p99.5p100;378885.0;;0.07;0.07
;US-ID;1956;p0p100;1723025.8;6722749357.0;1.0;1.0
;US-ID;1956;p99p100;247366.5;;0.091899998;0.091899998
;US-ID;1956;p99.9p100;615272.31;;0.0229;0.0229
;US-ID;1956;p99.99p100;1950177.3;;0.0071999999;0.0071999999
;US-ID;1956;p90p100;83108.0;;0.3089;0.3089
;US-ID;1956;p90p95;52131.5;;0.096900001;0.096900001
;US-ID;1956;p95p99;80816.297;;0.1201;0.1201
;US-ID;1956;p99.5p99.9;268613.0;;0.039900001;0.039900001
;US-ID;1956;p99.9p99.99;467327.59;;0.0156;0.0156
;US-ID;1956;p99p99.5;156105.0;;0.028999999;0.028999999
;US-ID;1956;p95p100;114126.7;;0.2121;0.2121
;US-ID;1956;p0p90;20662.301;;0.69120002;0.69120002
;US-ID;1956;p0p99;24679.0;;0.90810001;0.90810001
;US-ID;1956;p99.5p100;338624.09;;0.062899999;0.062899999
;US-ID;1955;p0p100;1660253.1;6271316429.0;1.0;1.0
;US-ID;1955;p99p100;204407.91;;0.081200004;0.081200004
;US-ID;1955;p99.9p100;540908.81;;0.021500001;0.021500001
;US-ID;1955;p99.99p100;1629346.8;;0.0065000001;0.0065000001
;US-ID;1955;p90p100;78285.297;;0.31110001;0.31110001
;US-ID;1955;p90p95;55075.102;;0.1094;0.1094
;US-ID;1955;p95p99;76544.602;;0.1217;0.1217
;US-ID;1955;p99.5p99.9;208527.59;;0.033100002;0.033100002
;US-ID;1955;p99.9p99.99;420011.0;;0.015;0.015
;US-ID;1955;p99p99.5;133815.91;;0.0266;0.0266
;US-ID;1955;p95p100;102093.1;;0.20280001;0.20280001
;US-ID;1955;p0p90;19230.301;;0.68769997;0.68769997
;US-ID;1955;p0p99;23356.4;;0.9188;0.9188
;US-ID;1955;p99.5p100;275000.19;;0.0546;0.0546
;US-ID;1954;p0p100;1575832.9;5980115187.0;1.0;1.0
;US-ID;1954;p99p100;193066.7;;0.080200002;0.080200002
;US-ID;1954;p99.9p100;489084.31;;0.020300001;0.020300001
;US-ID;1954;p99.99p100;1043062.1;;0.0043000001;0.0043000001
;US-ID;1954;p90p100;80390.5;;0.33399999;0.33399999
;US-ID;1954;p90p95;62882.801;;0.13060001;0.13060001
;US-ID;1954;p95p99;76007.602;;0.12630001;0.12630001
;US-ID;1954;p99.5p99.9;199231.59;;0.033100002;0.033100002
;US-ID;1954;p99.9p99.99;427558.41;;0.016000001;0.016000001
;US-ID;1954;p99p99.5;128933.6;;0.026799999;0.026799999
;US-ID;1954;p95p100;99352.0;;0.20640001;0.20640001
;US-ID;1954;p0p90;17723.5;;0.66280001;0.66280001
;US-ID;1954;p0p99;22359.199;;0.91979998;0.91979998
;US-ID;1954;p99.5p100;257200.7;;0.053399999;0.053399999
;US-ID;1953;p0p100;1579299.9;5916304282.0;1.0;1.0
;US-ID;1953;p99p100;175283.5;;0.073399998;0.073399998
;US-ID;1953;p99.9p100;391566.91;;0.0164;0.0164
;US-ID;1953;p99.99p100;1073623.0;;0.0044999998;0.0044999998
;US-ID;1953;p90p100;75147.102;;0.31470001;0.31470001
;US-ID;1953;p90p95;60710.102;;0.12710001;0.12710001
;US-ID;1953;p95p99;70095.203;;0.1174;0.1174
;US-ID;1953;p99.5p99.9;184270.2;;0.0309;0.0309
;US-ID;1953;p99.9p99.99;316218.41;;0.0119;0.0119
;US-ID;1953;p99p99.5;125063.1;;0.0262;0.0262
;US-ID;1953;p95p100;91051.297;;0.19059999;0.19059999
;US-ID;1953;p0p90;18096.0;;0.68199998;0.68199998
;US-ID;1953;p0p99;22350.801;;0.92659998;0.92659998
;US-ID;1953;p99.5p100;225583.2;;0.047200002;0.047200002
;US-ID;1952;p0p100;1718763.5;6329012042.0;1.0;1.0
;US-ID;1952;p99p100;250385.91;;0.097800002;0.097800002
;US-ID;1952;p99.9p100;677970.88;;0.0265;0.0265
;US-ID;1952;p99.99p100;1945092.8;;0.0076000001;0.0076000001
;US-ID;1952;p90p100;85139.703;;0.3326;0.3326
;US-ID;1952;p90p95;60710.5;;0.1186;0.1186
;US-ID;1952;p95p99;75740.398;;0.1183;0.1183
;US-ID;1952;p99.5p99.9;270702.81;;0.042300001;0.042300001
;US-ID;1952;p99.9p99.99;537785.88;;0.0189;0.0189
;US-ID;1952;p99p99.5;148810.7;;0.029100001;0.029100001
;US-ID;1952;p95p100;110638.4;;0.21610001;0.21610001
;US-ID;1952;p0p90;18922.801;;0.6652;0.6652
;US-ID;1952;p0p99;23330.5;;0.90219998;0.90219998
;US-ID;1952;p99.5p100;351987.69;;0.068700001;0.068700001
;US-ID;1951;p0p100;1694880.6;5959580305.0;1.0;1.0
;US-ID;1951;p99p100;247746.09;;0.1025;0.1025
;US-ID;1951;p99.9p100;669365.13;;0.0277;0.0277
;US-ID;1951;p99.99p100;1358800.0;;0.0055999998;0.0055999998
;US-ID;1951;p90p100;81791.602;;0.33829999;0.33829999
;US-ID;1951;p90p95;50250.398;;0.1039;0.1039
;US-ID;1951;p95p99;78252.5;;0.1295;0.1295
;US-ID;1951;p99.5p99.9;254017.3;;0.041999999;0.041999999
;US-ID;1951;p99.9p99.99;598664.19;;0.022299999;0.022299999
;US-ID;1951;p99p99.5;153295.91;;0.0317;0.0317
;US-ID;1951;p95p100;112829.5;;0.2333;0.2333
;US-ID;1951;p0p99;16239.7;;0.66500002;0.66500002
;US-ID;1951;p99.5p100;340250.19;;0.0704;0.0704
;US-ID;1950;p0p100;1865969.3;5618253860.0;1.0;1.0
;US-ID;1950;p99p100;234099.7;;0.1024;0.1024
;US-ID;1950;p99.9p100;629949.0;;0.0276;0.0276
;US-ID;1950;p99.99p100;1318545.8;;0.0057999999;0.0057999999
;US-ID;1950;p90p100;76462.0;;0.33450001;0.33450001
;US-ID;1950;p90p95;46165.5;;0.101;0.101
;US-ID;1950;p95p99;74996.102;;0.1312;0.1312
;US-ID;1950;p99.5p99.9;240460.09;;0.042100001;0.042100001
;US-ID;1950;p99.9p99.99;571326.69;;0.022500001;0.022500001
;US-ID;1950;p99p99.5;150193.5;;0.032900002;0.032900002
;US-ID;1950;p95p100;106670.7;;0.2333;0.2333
;US-ID;1950;p0p90;16881.5;;0.66460001;0.66460001
;US-ID;1950;p0p99;20726.6;;0.8976;0.8976
;US-ID;1950;p99.5p100;318122.5;;0.069600001;0.069600001
;US-ID;1949;p0p100;1784881.8;5211095319.0;1.0;1.0
;US-ID;1949;p99p100;188598.5;;0.087899998;0.087899998
;US-ID;1949;p99.9p100;505916.59;;0.023600001;0.023600001
;US-ID;1949;p99.99p100;1090686.9;;0.0051000002;0.0051000002
;US-ID;1949;p90p100;68326.602;;0.3186;0.3186
;US-ID;1949;p90p95;44943.5;;0.1048;0.1048
;US-ID;1949;p95p99;67452.102;;0.1258;0.1258
;US-ID;1949;p99.5p99.9;199112.59;;0.037099998;0.037099998
;US-ID;1949;p99.9p99.99;440973.59;;0.0185;0.0185
;US-ID;1949;p99p99.5;116720.0;;0.0272;0.0272
;US-ID;1949;p95p100;91574.602;;0.21349999;0.21349999
;US-ID;1949;p0p90;16236.8;;0.6814;0.6814
;US-ID;1949;p0p99;19755.9;;0.91210002;0.91210002
;US-ID;1949;p99.5p100;260473.7;;0.060699999;0.060699999
;US-ID;1948;p0p100;1784726.1;5269164032.0;1.0;1.0
;US-ID;1948;p99p100;213870.09;;0.097800002;0.097800002
;US-ID;1948;p99.9p100;532462.5;;0.0244;0.0244
;US-ID;1948;p99.99p100;1156186.9;;0.0052999998;0.0052999998
;US-ID;1948;p90p100;71621.898;;0.3276;0.3276
;US-ID;1948;p90p95;41950.0;;0.095899999;0.095899999
;US-ID;1948;p95p99;73187.297;;0.1339;0.1339
;US-ID;1948;p99.5p99.9;222210.59;;0.0407;0.0407
;US-ID;1948;p99.9p99.99;463193.69;;0.019099999;0.019099999
;US-ID;1948;p99p99.5;143492.8;;0.0328;0.0328
;US-ID;1948;p95p100;101281.9;;0.2316;0.2316
;US-ID;1948;p0p90;16334.6;;0.6724;0.6724
;US-ID;1948;p0p99;19925.5;;0.90219998;0.90219998
;US-ID;1948;p99.5p100;284256.91;;0.064999998;0.064999998
;US-ID;1947;p0p100;1965787.3;4954429287.0;1.0;1.0
;US-ID;1947;p99p100;173834.09;;0.083800003;0.083800003
;US-ID;1947;p99.9p100;431052.91;;0.0208;0.0208
;US-ID;1947;p99.99p100;939894.38;;0.0044999998;0.0044999998
;US-ID;1947;p90p100;61679.398;;0.29750001;0.29750001
;US-ID;1947;p90p95;39889.699;;0.096199997;0.096199997
;US-ID;1947;p95p99;60907.699;;0.1175;0.1175
;US-ID;1947;p99.5p99.9;180524.8;;0.0348;0.0348
;US-ID;1947;p99.9p99.99;374599.59;;0.0163;0.0163
;US-ID;1947;p99p99.5;117005.1;;0.028200001;0.028200001
;US-ID;1947;p95p100;83473.297;;0.2013;0.2013
;US-ID;1947;p0p90;16183.9;;0.70249999;0.70249999
;US-ID;1947;p0p99;19188.1;;0.91619998;0.91619998
;US-ID;1947;p99.5p100;230628.0;;0.055599999;0.055599999
;US-ID;1946;p0p100;2596166.5;4950144763.0;1.0;1.0
;US-ID;1946;p99p100;190243.3;;0.090899996;0.090899996
;US-ID;1946;p99.9p100;512353.19;;0.024499999;0.024499999
;US-ID;1946;p99.99p100;1398018.3;;0.0066999998;0.0066999998
;US-ID;1946;p90p100;63109.801;;0.30140001;0.30140001
;US-ID;1946;p90p95;39515.5;;0.094400004;0.094400004
;US-ID;1946;p95p99;60834.0;;0.1162;0.1162
;US-ID;1946;p99.5p99.9;195849.59;;0.0374;0.0374
;US-ID;1946;p99.9p99.99;413968.19;;0.0178;0.0178
;US-ID;1946;p99p99.5;121294.7;;0.028999999;0.028999999
;US-ID;1946;p95p100;86706.102;;0.207;0.207
;US-ID;1946;p0p90;16252.6;;0.69859999;0.69859999
;US-ID;1946;p0p99;19228.6;;0.9091;0.9091
;US-ID;1946;p99.5p100;259149.5;;0.061900001;0.061900001
;US-ID;1945;p0p100;3036478.3;4904773179.0;1.0;1.0
;US-ID;1945;p99p100;183042.91;;0.088;0.088
;US-ID;1945;p99.9p100;528386.63;;0.0254;0.0254
;US-ID;1945;p99.99p100;1513907.8;;0.0073000002;0.0073000002
;US-ID;1945;p90p100;61790.801;;0.29719999;0.29719999
;US-ID;1945;p90p95;40684.699;;0.097800002;0.097800002
;US-ID;1945;p95p99;57890.0;;0.1114;0.1114
;US-ID;1945;p99.5p99.9;189252.0;;0.036400001;0.036400001
;US-ID;1945;p99.9p99.99;419582.19;;0.018200001;0.018200001
;US-ID;1945;p99p99.5;108995.9;;0.0262;0.0262
;US-ID;1945;p95p100;82901.398;;0.19939999;0.19939999
;US-ID;1945;p0p90;16232.4;;0.70270002;0.70270002
;US-ID;1945;p0p99;19151.1;;0.912;0.912
;US-ID;1945;p99.5p100;257055.8;;0.061799999;0.061799999
;US-ID;1944;p0p100;3344492.0;5149483645.0;1.0;1.0
;US-ID;1944;p99p100;162668.7;;0.074299999;0.074299999
;US-ID;1944;p99.9p100;468381.31;;0.021400001;0.021400001
;US-ID;1944;p99.99p100;1293839.9;;0.0059000002;0.0059000002
;US-ID;1944;p90p100;55606.398;;0.25400001;0.25400001
;US-ID;1944;p90p95;38349.199;;0.0876;0.0876
;US-ID;1944;p95p99;52268.102;;0.0955;0.0955
;US-ID;1944;p99.5p99.9;167168.5;;0.0305;0.0305
;US-ID;1944;p99.9p99.99;376910.5;;0.0155;0.0155
;US-ID;1944;p99p99.5;98051.602;;0.022399999;0.022399999
;US-ID;1944;p95p100;74074.398;;0.1692;0.1692
;US-ID;1944;p0p90;18061.0;;0.74260002;0.74260002
;US-ID;1944;p0p99;20468.6;;0.92570001;0.92570001
;US-ID;1944;p99.5p100;227459.3;;0.052000001;0.052000001
;US-ID;1943;p0p100;3418253.0;5063769590.0;1.0;1.0
;US-ID;1943;p99p100;194370.91;;0.089900002;0.089900002
;US-ID;1943;p99.9p100;573683.63;;0.0265;0.0265
;US-ID;1943;p99.99p100;1472441.8;;0.0068000001;0.0068000001
;US-ID;1943;p90p100;64520.398;;0.2985;0.2985
;US-ID;1943;p90p95;42252.5;;0.0977;0.0977
;US-ID;1943;p95p99;59817.699;;0.1107;0.1107
;US-ID;1943;p99.5p99.9;196559.7;;0.036400001;0.036400001
;US-ID;1943;p99.9p99.99;476305.69;;0.0198;0.0198
;US-ID;1943;p99p99.5;116688.3;;0.027000001;0.027000001
;US-ID;1943;p95p100;86761.703;;0.2007;0.2007
;US-ID;1943;p0p90;16849.801;;0.70160002;0.70160002
;US-ID;1943;p0p99;19870.801;;0.91009998;0.91009998
;US-ID;1943;p99.5p100;272019.31;;0.062899999;0.062899999
;US-ID;1942;p0p100;3384977.0;4423251011.0;1.0;1.0
;US-ID;1942;p99p100;184621.8;;0.097199999;0.097199999
;US-ID;1942;p99.9p100;683784.69;;0.035999998;0.035999998
;US-ID;1942;p99.99p100;3119773.0;;0.0164;0.0164
;US-ID;1942;p90p100;58710.0;;0.30899999;0.30899999
;US-ID;1942;p90p95;38111.199;;0.1003;0.1003
;US-ID;1942;p95p99;52934.5;;0.1115;0.1115
;US-ID;1942;p99.5p99.9;167892.59;;0.035399999;0.035399999
;US-ID;1942;p99.9p99.99;414258.5;;0.0196;0.0196
;US-ID;1942;p99p99.5;98185.703;;0.025800001;0.025800001
;US-ID;1942;p95p100;79303.102;;0.2087;0.2087
;US-ID;1942;p0p90;14586.1;;0.69099998;0.69099998
;US-ID;1942;p0p99;17324.801;;0.90280002;0.90280002
;US-ID;1942;p99.5p100;271038.69;;0.0713;0.0713
;US-ID;1941;p0p100;3009695.8;3201056780.0;1.0;1.0
;US-ID;1941;p99p100;135392.7;;0.098099999;0.098099999
;US-ID;1941;p99.9p100;367361.31;;0.0266;0.0266
;US-ID;1941;p99.99p100;870968.5;;0.0063;0.0063
;US-ID;1941;p90p100;54640.199;;0.39610001;0.39610001
;US-ID;1941;p90p95;37778.699;;0.13689999;0.13689999
;US-ID;1941;p95p99;55615.102;;0.1613;0.1613
;US-ID;1941;p99.5p99.9;140125.3;;0.040600002;0.040600002
;US-ID;1941;p99.9p99.99;310715.31;;0.020300001;0.020300001
;US-ID;1941;p99p99.5;84894.0;;0.0308;0.0308
;US-ID;1941;p95p100;71702.102;;0.2599;0.2599
;US-ID;1941;p0p90;9254.7002;;0.6038;0.6038
;US-ID;1941;p0p99;12566.3;;0.90189999;0.90189999
;US-ID;1941;p99.5p100;185743.09;;0.067299999;0.067299999
;US-ID;1940;p0p100;2834788.3;2728412540.0;1.0;1.0
;US-ID;1940;p99p100;118211.2;;0.1003;0.1003
;US-ID;1940;p99.9p100;303972.19;;0.025800001;0.025800001
;US-ID;1940;p99.99p100;726704.31;;0.0062000002;0.0062000002
;US-ID;1940;p90p100;47508.199;;0.40310001;0.40310001
;US-ID;1940;p90p95;33428.0;;0.1418;0.1418
;US-ID;1940;p95p99;47239.898;;0.1603;0.1603
;US-ID;1940;p99.5p99.9;119998.3;;0.0407;0.0407
;US-ID;1940;p99.9p99.99;256456.8;;0.0196;0.0196
;US-ID;1940;p99p99.5;79257.602;;0.033599999;0.033599999
;US-ID;1940;p95p100;61534.398;;0.26109999;0.26109999
;US-ID;1940;p0p90;7826.7998;;0.5977;0.5977
;US-ID;1940;p0p99;10709.9;;0.89969999;0.89969999
;US-ID;1940;p99.5p100;156953.3;;0.066600002;0.066600002
;US-ID;1939;p0p100;2823377.0;2591877141.0;1.0;1.0
;US-ID;1939;p99p100;114698.8;;0.099600002;0.099600002
;US-ID;1939;p99.9p100;278734.91;;0.0242;0.0242
;US-ID;1939;p99.99p100;762516.0;;0.0066;0.0066
;US-ID;1939;p90p100;38390.102;;0.33340001;0.33340001
;US-ID;1939;p90p95;18907.5;;0.082099997;0.082099997
;US-ID;1939;p95p99;43121.898;;0.1498;0.1498
;US-ID;1939;p99.5p99.9;114049.6;;0.0396;0.0396
;US-ID;1939;p99.9p99.99;224837.09;;0.0176;0.0176
;US-ID;1939;p99p99.5;82061.102;;0.035599999;0.035599999
;US-ID;1939;p95p100;57515.0;;0.24969999;0.24969999
;US-ID;1939;p0p90;8555.0996;;0.66869998;0.66869998
;US-ID;1939;p0p99;10472.7;;0.90039998;0.90039998
;US-ID;1939;p99.5p100;147117.5;;0.063900001;0.063900001
;US-ID;1938;p0p100;2701426.5;2484579869.0;1.0;1.0
;US-ID;1938;p99p100;104069.5;;0.091799997;0.091799997
;US-ID;1938;p99.9p100;240403.2;;0.021199999;0.021199999
;US-ID;1938;p99.99p100;581517.31;;0.0051000002;0.0051000002
;US-ID;1938;p90p100;36062.301;;0.31810001;0.31810001
;US-ID;1938;p90p95;19574.9;;0.086300001;0.086300001
;US-ID;1938;p95p99;39176.301;;0.1382;0.1382
;US-ID;1938;p99.5p99.9;104937.7;;0.037;0.037
;US-ID;1938;p99.9p99.99;201413.41;;0.016000001;0.016000001
;US-ID;1938;p99p99.5;75415.0;;0.033300001;0.033300001
;US-ID;1938;p95p100;52235.602;;0.2304;0.2304
;US-ID;1938;p0p90;8617.4004;;0.68409997;0.68409997
;US-ID;1938;p0p99;10401.0;;0.90820003;0.90820003
;US-ID;1938;p99.5p100;132380.2;;0.058400001;0.058400001
;US-ID;1937;p0p100;2570192.0;2390488285.0;1.0;1.0
;US-ID;1937;p99p100;117882.4;;0.1053;0.1053
;US-ID;1937;p99.9p100;292455.31;;0.0261;0.0261
;US-ID;1937;p99.99p100;669251.5;;0.0060000001;0.0060000001
;US-ID;1937;p90p100;41007.398;;0.36610001;0.36610001
;US-ID;1937;p90p95;21927.301;;0.097900003;0.097900003
;US-ID;1937;p95p99;45592.0;;0.1628;0.1628
;US-ID;1937;p99.5p99.9;117530.9;;0.041999999;0.041999999
;US-ID;1937;p99.9p99.99;250623.5;;0.020099999;0.020099999
;US-ID;1937;p99p99.5;83257.898;;0.0372;0.0372
;US-ID;1937;p95p100;60031.199;;0.26800001;0.26800001
;US-ID;1937;p0p90;7889.7998;;0.634;0.634
;US-ID;1937;p0p99;10122.2;;0.89469999;0.89469999
;US-ID;1937;p99.5p100;152514.59;;0.068099998;0.068099998
;US-ID;1936;p0p100;3169867.0;2679395958.0;1.0;1.0
;US-ID;1936;p99p100;130826.0;;0.1017;0.1017
;US-ID;1936;p99.9p100;336360.81;;0.0261;0.0261
;US-ID;1936;p99.99p100;754782.13;;0.0059000002;0.0059000002
;US-ID;1936;p90p100;43906.5;;0.34130001;0.34130001
;US-ID;1936;p90p95;24450.0;;0.094999999;0.094999999
;US-ID;1936;p95p99;47213.102;;0.1468;0.1468
;US-ID;1936;p99.5p99.9;130246.1;;0.0405;0.0405
;US-ID;1936;p99.9p99.99;289900.19;;0.020300001;0.020300001
;US-ID;1936;p99p99.5;90201.0;;0.035100002;0.035100002
;US-ID;1936;p95p100;63961.602;;0.24860001;0.24860001
;US-ID;1936;p0p90;9385.0996;;0.65649998;0.65649998
;US-ID;1936;p0p99;11674.5;;0.89829999;0.89829999
;US-ID;1936;p99.5p100;171465.7;;0.066600002;0.066600002
;US-ID;1935;p0p100;2757378.5;2229919540.0;1.0;1.0
;US-ID;1935;p99p100;105679.4;;0.096299998;0.096299998
;US-ID;1935;p99.9p100;241902.0;;0.022;0.022
;US-ID;1935;p99.99p100;553075.0;;0.0049999999;0.0049999999
;US-ID;1935;p90p100;36938.898;;0.33649999;0.33649999
;US-ID;1935;p90p95;22448.6;;0.1023;0.1023
;US-ID;1935;p95p99;39113.602;;0.1425;0.1425
;US-ID;1935;p99.5p99.9;108086.7;;0.0394;0.0394
;US-ID;1935;p99.9p99.99;207349.0;;0.017000001;0.017000001
;US-ID;1935;p99p99.5;76539.398;;0.034899998;0.034899998
;US-ID;1935;p95p100;52248.102;;0.23800001;0.23800001
;US-ID;1935;p0p90;8036.7998;;0.65890002;0.65890002
;US-ID;1935;p0p99;10020.5;;0.90369999;0.90369999
;US-ID;1935;p99.5p100;134839.41;;0.0614;0.0614
;US-ID;1934;p0p100;2945169.0;2210364163.0;1.0;1.0
;US-ID;1934;p99p100;98756.703;;0.088500001;0.088500001
;US-ID;1934;p99.9p100;236149.0;;0.021199999;0.021199999
;US-ID;1934;p99.99p100;606558.81;;0.0054000001;0.0054000001
;US-ID;1934;p90p100;33879.602;;0.30360001;0.30360001
;US-ID;1934;p90p95;20484.699;;0.091799997;0.091799997
;US-ID;1934;p95p99;36098.699;;0.1294;0.1294
;US-ID;1934;p99.5p99.9;99820.5;;0.035799999;0.035799999
;US-ID;1934;p99.9p99.99;195010.3;;0.015699999;0.015699999
;US-ID;1934;p99p99.5;70410.203;;0.031500001;0.031500001
;US-ID;1934;p95p100;48195.301;;0.2159;0.2159
;US-ID;1934;p0p90;8561.5;;0.6904;0.6904
;US-ID;1934;p0p99;10276.3;;0.91149998;0.91149998
;US-ID;1934;p99.5p100;127075.5;;0.056899998;0.056899998
;US-ID;1933;p0p100;1907559.8;1307490906.0;1.0;1.0
;US-ID;1933;p99p100;78520.102;;0.116;0.116
;US-ID;1933;p99.9p100;163117.59;;0.0241;0.0241
;US-ID;1933;p99.99p100;392473.31;;0.0057999999;0.0057999999
;US-ID;1933;p90p100;26408.0;;0.39019999;0.39019999
;US-ID;1933;p90p95;18259.0;;0.1349;0.1349
;US-ID;1933;p95p99;25682.801;;0.15180001;0.15180001
;US-ID;1933;p99.5p99.9;79585.703;;0.046999998;0.046999998
;US-ID;1933;p99.9p99.99;137633.7;;0.018300001;0.018300001
;US-ID;1933;p99p99.5;60748.102;;0.0449;0.0449
;US-ID;1933;p95p100;36066.398;;0.2665;0.2665
;US-ID;1933;p0p90;4491.5;;0.59729999;0.59729999
;US-ID;1933;p0p99;6043.0;;0.884;0.884
;US-ID;1933;p99.5p100;96292.102;;0.071099997;0.071099997
;US-ID;1932;p0p100;1974206.9;1467451308.0;1.0;1.0
;US-ID;1932;p99p100;73438.203;;0.094400004;0.094400004
;US-ID;1932;p99.9p100;140343.0;;0.017999999;0.017999999
;US-ID;1932;p99.99p100;279441.59;;0.0035999999;0.0035999999
;US-ID;1932;p90p100;25840.301;;0.33199999;0.33199999
;US-ID;1932;p90p95;18832.199;;0.121;0.121
;US-ID;1932;p95p99;24829.801;;0.1276;0.1276
;US-ID;1932;p99.5p99.9;75324.102;;0.038699999;0.038699999
;US-ID;1932;p99.9p99.99;124887.5;;0.0144;0.0144
;US-ID;1932;p99p99.5;58548.398;;0.037599999;0.037599999
;US-ID;1932;p95p100;34391.5;;0.2209;0.2209
;US-ID;1932;p0p90;5682.0;;0.65700001;0.65700001
;US-ID;1932;p0p99;7119.7998;;0.90560001;0.90560001
;US-ID;1932;p99.5p100;88327.898;;0.056699999;0.056699999
;US-ID;1931;p0p100;1960576.3;1767038035.0;1.0;1.0
;US-ID;1931;p99p100;87632.602;;0.091200002;0.091200002
;US-ID;1931;p99.9p100;176335.7;;0.0184;0.0184
;US-ID;1931;p99.99p100;330155.91;;0.0034;0.0034
;US-ID;1931;p90p100;29586.699;;0.30790001;0.30790001
;US-ID;1931;p90p95;21781.9;;0.1134;0.1134
;US-ID;1931;p95p99;28171.1;;0.1173;0.1173
;US-ID;1931;p99.5p99.9;90132.203;;0.037500001;0.037500001
;US-ID;1931;p99.9p99.99;159244.59;;0.0149;0.0149
;US-ID;1931;p99p99.5;67892.297;;0.035300002;0.035300002
;US-ID;1931;p95p100;39781.699;;0.207;0.207
;US-ID;1931;p0p90;7239.3999;;0.67809999;0.67809999
;US-ID;1931;p0p99;8819.5996;;0.90880001;0.90880001
;US-ID;1931;p99.5p100;107372.9;;0.0559;0.0559
;US-ID;1930;p0p100;2063750.0;2178523792.0;1.0;1.0
;US-ID;1930;p99p100;103352.0;;0.085000001;0.085000001
;US-ID;1930;p99.9p100;235423.41;;0.019400001;0.019400001
;US-ID;1930;p99.99p100;447552.0;;0.0037;0.0037
;US-ID;1930;p90p100;33859.102;;0.27849999;0.27849999
;US-ID;1930;p90p95;20050.6;;0.082500003;0.082500003
;US-ID;1930;p95p99;35436.5;;0.1166;0.1166
;US-ID;1930;p99.5p99.9;106303.9;;0.035;0.035
;US-ID;1930;p99.9p99.99;211853.59;;0.015699999;0.015699999
;US-ID;1930;p99p99.5;74576.203;;0.0307;0.0307
;US-ID;1930;p95p100;48604.898;;0.1999;0.1999
;US-ID;1930;p0p90;9672.9004;;0.71600002;0.71600002
;US-ID;1930;p0p99;11238.0;;0.91500002;0.91500002
;US-ID;1930;p99.5p100;132127.8;;0.054299999;0.054299999
;US-ID;1929;p0p100;2025953.3;2252216209.0;1.0;1.0
;US-ID;1929;p99p100;119499.4;;0.095100001;0.095100001
;US-ID;1929;p99.9p100;305382.81;;0.0243;0.0243
;US-ID;1929;p99.99p100;790527.88;;0.0063;0.0063
;US-ID;1929;p90p100;38987.801;;0.31029999;0.31029999
;US-ID;1929;p90p95;19457.199;;0.077399999;0.077399999
;US-ID;1929;p95p99;45098.699;;0.1436;0.1436
;US-ID;1929;p99.5p99.9;117885.3;;0.037500001;0.037500001
;US-ID;1929;p99.9p99.99;251477.91;;0.017999999;0.017999999
;US-ID;1929;p99p99.5;83614.102;;0.033300001;0.033300001
;US-ID;1929;p95p100;59569.5;;0.237;0.237
;US-ID;1929;p0p90;9548.2998;;0.6839;0.6839
;US-ID;1929;p0p99;11485.1;;0.90490001;0.90490001
;US-ID;1929;p99.5p100;155384.8;;0.061799999;0.061799999
;US-ID;1928;p0p100;2015116.5;2241557988.0;1.0;1.0
;US-ID;1928;p99p100;120220.1;;0.096199997;0.096199997
;US-ID;1928;p99.9p100;309523.81;;0.024800001;0.024800001
;US-ID;1928;p99.99p100;788596.81;;0.0063;0.0063
;US-ID;1928;p90p100;37771.102;;0.30219999;0.30219999
;US-ID;1928;p90p95;19086.1;;0.076399997;0.076399997
;US-ID;1928;p95p99;42411.0;;0.1357;0.1357
;US-ID;1928;p99.5p99.9;121076.3;;0.038800001;0.038800001
;US-ID;1928;p99.9p99.99;256293.5;;0.0185;0.0185
;US-ID;1928;p99p99.5;81674.297;;0.032699998;0.032699998
;US-ID;1928;p95p100;57589.199;;0.2304;0.2304
;US-ID;1928;p0p90;9605.5996;;0.69169998;0.69169998
;US-ID;1928;p0p99;11409.9;;0.90380001;0.90380001
;US-ID;1928;p99.5p100;158765.8;;0.063500002;0.063500002
;US-ID;1927;p0p100;1915642.8;2186371244.0;1.0;1.0
;US-ID;1927;p99p100;112946.8;;0.092500001;0.092500001
;US-ID;1927;p99.9p100;296265.41;;0.0243;0.0243
;US-ID;1927;p99.99p100;848770.31;;0.0070000002;0.0070000002
;US-ID;1927;p90p100;38470.102;;0.31510001;0.31510001
;US-ID;1927;p90p95;21160.0;;0.0867;0.0867
;US-ID;1927;p95p99;43573.801;;0.1428;0.1428
;US-ID;1927;p99.5p99.9;111891.4;;0.036699999;0.036699999
;US-ID;1927;p99.9p99.99;234876.0;;0.0173;0.0173
;US-ID;1927;p99p99.5;77127.398;;0.031599998;0.031599998
;US-ID;1927;p95p100;57056.898;;0.23370001;0.23370001
;US-ID;1927;p0p90;9196.7998;;0.67799997;0.67799997
;US-ID;1927;p0p99;11190.0;;0.90750003;0.90750003
;US-ID;1927;p99.5p100;148766.2;;0.060899999;0.060899999
;US-ID;1926;p0p100;1857632.3;2195749899.0;1.0;1.0
;US-ID;1926;p99p100;105752.8;;0.086000003;0.086000003
;US-ID;1926;p99.9p100;244951.8;;0.0199;0.0199
;US-ID;1926;p99.99p100;514996.81;;0.0041999999;0.0041999999
;US-ID;1926;p90p100;38455.102;;0.3127;0.3127
;US-ID;1926;p90p95;22819.5;;0.092799999;0.092799999
;US-ID;1926;p95p99;43652.5;;0.142;0.142
;US-ID;1926;p99.5p99.9;108049.5;;0.035100002;0.035100002
;US-ID;1926;p99.9p99.99;214946.8;;0.015699999;0.015699999
;US-ID;1926;p99p99.5;76075.703;;0.0309;0.0309
;US-ID;1926;p95p100;55736.301;;0.22660001;0.22660001
;US-ID;1926;p0p90;9281.0;;0.67919999;0.67919999
;US-ID;1926;p0p99;11353.5;;0.91399997;0.91399997
;US-ID;1926;p99.5p100;135429.91;;0.055100001;0.055100001
;US-ID;1925;p0p100;1929003.3;2231127994.0;1.0;1.0
;US-ID;1925;p99p100;105173.1;;0.083899997;0.083899997
;US-ID;1925;p99.9p100;248879.91;;0.0199;0.0199
;US-ID;1925;p99.99p100;498231.5;;0.0040000002;0.0040000002
;US-ID;1925;p90p100;38312.301;;0.30579999;0.30579999
;US-ID;1925;p90p95;24619.9;;0.098200001;0.098200001
;US-ID;1925;p95p99;41907.898;;0.1338;0.1338
;US-ID;1925;p99.5p99.9;108286.0;;0.034600001;0.034600001
;US-ID;1925;p99.9p99.99;221174.2;;0.015900001;0.015900001
;US-ID;1925;p99p99.5;73941.297;;0.0295;0.0295
;US-ID;1925;p95p100;54238.199;;0.2164;0.2164
;US-ID;1925;p0p90;9523.5;;0.68400002;0.68400002
;US-ID;1925;p0p99;11594.4;;0.91610003;0.91610003
;US-ID;1925;p99.5p100;136404.8;;0.054400001;0.054400001
;US-ID;1924;p0p100;1982448.6;2171272147.0;1.0;1.0
;US-ID;1924;p99p100;93770.0;;0.0766;0.0766
;US-ID;1924;p99.9p100;230696.7;;0.0188;0.0188
;US-ID;1924;p99.99p100;520301.0;;0.0041999999;0.0041999999
;US-ID;1924;p90p100;39096.602;;0.31920001;0.31920001
;US-ID;1924;p90p95;25839.1;;0.1055;0.1055
;US-ID;1924;p95p99;42443.898;;0.13860001;0.13860001
;US-ID;1924;p99.5p99.9;91996.5;;0.029999999;0.029999999
;US-ID;1924;p99.9p99.99;198518.5;;0.0146;0.0146
;US-ID;1924;p99p99.5;67803.5;;0.0277;0.0277
;US-ID;1924;p95p100;52709.102;;0.21520001;0.21520001
;US-ID;1924;p0p90;9244.5996;;0.67930001;0.67930001
;US-ID;1924;p0p99;11424.1;;0.92339998;0.92339998
;US-ID;1924;p99.5p100;119736.5;;0.048900001;0.048900001
;US-ID;1923;p0p100;2041685.4;2208253583.0;1.0;1.0
;US-ID;1923;p99p100;90722.297;;0.0722;0.0722
;US-ID;1923;p99.9p100;248508.7;;0.0198;0.0198
;US-ID;1923;p99.99p100;919593.31;;0.0073000002;0.0073000002
;US-ID;1923;p90p100;40027.602;;0.3186;0.3186
;US-ID;1923;p90p95;28714.699;;0.1143;0.1143
;US-ID;1923;p95p99;41838.699;;0.1332;0.1332
;US-ID;1923;p99.5p99.9;82485.5;;0.0263;0.0263
;US-ID;1923;p99.9p99.99;173943.3;;0.0125;0.0125
;US-ID;1923;p99p99.5;65754.797;;0.0262;0.0262
;US-ID;1923;p95p100;51615.398;;0.2054;0.2054
;US-ID;1923;p0p90;9497.5;;0.6803;0.6803
;US-ID;1923;p0p99;11774.8;;0.9278;0.9278
;US-ID;1923;p99.5p100;115690.0;;0.046;0.046
;US-ID;1922;p0p100;1963734.3;2036070213.0;1.0;1.0
;US-ID;1922;p99p100;86734.5;;0.0744;0.0744
;US-ID;1922;p99.9p100;222122.09;;0.018999999;0.018999999
;US-ID;1922;p99.99p100;572251.69;;0.0049000001;0.0049000001
;US-ID;1922;p90p100;37746.898;;0.32370001;0.32370001
;US-ID;1922;p90p95;27441.1;;0.1176;0.1176
;US-ID;1922;p95p99;38880.0;;0.13330001;0.13330001
;US-ID;1922;p99.5p99.9;81502.398;;0.028000001;0.028000001
;US-ID;1922;p99.9p99.99;183218.8;;0.0141;0.0141
;US-ID;1922;p99p99.5;63842.602;;0.0274;0.0274
;US-ID;1922;p95p100;48450.898;;0.2077;0.2077
;US-ID;1922;p0p90;8742.2998;;0.67460001;0.67460001
;US-ID;1922;p0p99;10904.3;;0.92559999;0.92559999
;US-ID;1922;p99.5p100;109626.3;;0.046999998;0.046999998
;US-ID;1921;p0p100;1529783.3;1801882498.0;1.0;1.0
;US-ID;1921;p99p100;75829.5;;0.073200002;0.073200002
;US-ID;1921;p99.9p100;185710.59;;0.017899999;0.017899999
;US-ID;1921;p99.99p100;522844.5;;0.0049999999;0.0049999999
;US-ID;1921;p90p100;34664.898;;0.33469999;0.33469999
;US-ID;1921;p90p95;25709.1;;0.1241;0.1241
;US-ID;1921;p95p99;35990.699;;0.139;0.139
;US-ID;1921;p99.5p99.9;70071.602;;0.027100001;0.027100001
;US-ID;1921;p99.9p99.99;148251.3;;0.0129;0.0129
;US-ID;1921;p99p99.5;58459.602;;0.028200001;0.028200001
;US-ID;1921;p95p100;43958.5;;0.2122;0.2122
;US-ID;1921;p0p90;7638.2002;;0.66369998;0.66369998
;US-ID;1921;p0p99;9696.4004;;0.92680001;0.92680001
;US-ID;1921;p99.5p100;93199.398;;0.045000002;0.045000002
;US-ID;1920;p0p100;1385792.3;2026766845.0;1.0;1.0
;US-ID;1920;p99p100;87908.5;;0.0748;0.0748
;US-ID;1920;p99.9p100;216584.0;;0.0184;0.0184
;US-ID;1920;p99.99p100;484353.31;;0.0041;0.0041
;US-ID;1920;p90p100;36934.602;;0.3141;0.3141
;US-ID;1920;p90p95;26389.6;;0.1122;0.1122
;US-ID;1920;p95p99;37776.602;;0.1285;0.1285
;US-ID;1920;p99.5p99.9;89233.203;;0.030400001;0.030400001
;US-ID;1920;p99.9p99.99;186831.8;;0.0143;0.0143
;US-ID;1920;p99p99.5;61113.699;;0.026000001;0.026000001
;US-ID;1920;p95p100;47803.0;;0.2033;0.2033
;US-ID;1920;p0p90;8941.9004;;0.68449998;0.68449998
;US-ID;1920;p0p99;10988.1;;0.92519999;0.92519999
;US-ID;1920;p99.5p100;114703.4;;0.048799999;0.048799999
;US-ID;1919;p0p100;2378749.8;2508946512.0;1.0;1.0
;US-ID;1919;p99p100;128109.7;;0.085199997;0.085199997
;US-ID;1919;p99.9p100;321445.81;;0.021400001;0.021400001
;US-ID;1919;p99.99p100;806891.13;;0.0054000001;0.0054000001
;US-ID;1919;p90p100;48159.301;;0.3202;0.3202
;US-ID;1919;p90p95;31289.801;;0.104;0.104
;US-ID;1919;p95p99;49951.699;;0.1328;0.1328
;US-ID;1919;p99.5p99.9;129958.3;;0.034600001;0.034600001
;US-ID;1919;p99.9p99.99;267953.91;;0.016000001;0.016000001
;US-ID;1919;p99p99.5;87529.398;;0.029100001;0.029100001
;US-ID;1919;p95p100;65583.297;;0.21799999;0.21799999
;US-ID;1919;p0p90;11333.8;;0.67809999;0.67809999
;US-ID;1919;p0p99;13900.2;;0.91479999;0.91479999
;US-ID;1919;p99.5p100;168689.91;;0.0561;0.0561
;US-ID;1918;p0p100;3093604.3;2407188964.0;1.0;1.0
;US-ID;1918;p99p100;127448.8;;0.085900001;0.085900001
;US-ID;1918;p99.9p100;325080.0;;0.0219;0.0219
;US-ID;1918;p99.99p100;897769.81;;0.0060999999;0.0060999999
;US-ID;1918;p90p100;51004.5;;0.3439;0.3439
;US-ID;1918;p90p95;36185.301;;0.122;0.122
;US-ID;1918;p95p99;51973.5;;0.1402;0.1402
;US-ID;1918;p99.5p99.9;126540.3;;0.0341;0.0341
;US-ID;1918;p99.9p99.99;261452.8;;0.015900001;0.015900001
;US-ID;1918;p99p99.5;88651.797;;0.029899999;0.029899999
;US-ID;1918;p95p100;67068.297;;0.2261;0.2261
;US-ID;1918;p0p90;10740.8;;0.65189999;0.65189999
;US-ID;1918;p0p99;13691.9;;0.91409999;0.91409999
;US-ID;1918;p99.5p100;166246.8;;0.0561;0.0561
;US-ID;1917;p0p100;4446906.5;2473489741.0;1.0;1.0
;US-ID;1917;p99p100;161101.5;;0.1042;0.1042
;US-ID;1917;p99.9p100;545389.69;;0.035300002;0.035300002
;US-ID;1917;p99.99p100;1903605.3;;0.0123;0.0123
;US-ID;1917;p90p100;53627.102;;0.347;0.347
;US-ID;1917;p90p95;37103.801;;0.12;0.12
