Variable Name;.;.;.;Fiscal income  | tax unit | Average | Adults | constant 2015 local currency;Fiscal income  | tax unit | Total | Adults | constant 2015 local currency;Fiscal income  | tax unit | Share | Adults | share of total (ratio);Pre-tax national income  | tax unit | Share | Adults | share of total (ratio)
Variable Category;.;.;.;Income inequality;Income inequality;Income inequality;Income inequality
Variable Description;.;.;.;Average Fiscal income within a given percentile group. Fiscal income is defined as the sum of all income items reported on income tax returns, before any deduction. It includes labour income, capital income and mixed income. The concept of fiscal income varies with national tax legislations, so in order to make international comparisons it is preferable to use the concept of national income. The population is comprised of individuals over age 20. The base unit is the tax unit defined by national fiscal administrations to measure personal income taxes.;Total Fiscal income  within a given percentile group. Fiscal income is defined as the sum of all income items reported on income tax returns, before any deduction. It includes labour income, capital income and mixed income. The concept of fiscal income varies with national tax legislations, so in order to make international comparisons it is preferable to use the concept of national income. The population is comprised of individuals over age 20.;Fiscal income share held by a given percentile group. Fiscal income is defined as the sum of all income items reported on income tax returns, before any deduction. It includes labour income, capital income and mixed income. The concept of fiscal income varies with national tax legislations, so in order to make international comparisons it is preferable to use the concept of national income. The population is comprised of individuals over age 20. The base unit is the tax unit defined by national fiscal administrations to measure personal income taxes.;Pre-tax national income share held by a given percentile group. Pre-tax national income  is the sum of all pre-tax personal income flows accruing to the owners of the production factors, labor and capital, before taking into account the operation of the tax/transfer system, but after taking into account the operation of pension system. The central difference between personal factor income and pre-tax income is the treatment of pensions, which are counted on a contribution basis by factor income and on a distribution basis by pre-tax income. The population is comprised of individuals over age 20. The base unit is the tax unit defined by national fiscal administrations to measure personal income taxes.
Variable Decomposition;.;.;.;[Fiscal income ]=[Fiscal labour income ]+[Fiscal capital income ];[Fiscal income ]=[Fiscal labour income ]+[Fiscal capital income ];[Fiscal income ]=[Fiscal labour income ]+[Fiscal capital income ];Pre-tax national income =Pre-tax labor income [total pre-tax income ranking]+Pre-tax capital income [total pre-tax income ranking]
Variable Unit;.;.;.;"USD; United States dollar | local currency | market";"USD; United States dollar | local currency | market";share;share
Methodological Notes;.;.;.;;;;Assuming the same distribution as fiscal income.
Sources;.;.;.;Frank, Sommeiller, Price & Saez (2015);Frank, Sommeiller, Price & Saez (2015);Frank, Sommeiller, Price & Saez (2015);WID.world computations using: Frank, Sommeiller, Price & Saez (2015)
Variable Code;country;year;perc;afiinc992t;mfiinc992t;sfiinc992t;sptinc992t
;US-CT;2015;p0p100;97220.0;1.8353349865e+11;1.0;1.0
;US-CT;2015;p99p100;2790348.3;;0.287;0.287
;US-CT;2015;p99.9p100;14796442.0;;0.1522;0.1522
;US-CT;2015;p99.99p100;73338320.0;;0.075400002;0.075400002
;US-CT;2015;p90p100;538022.19;;0.55339998;0.55339998
;US-CT;2015;p90p95;203591.7;;0.1047;0.1047
;US-CT;2015;p95p99;396281.19;;0.163;0.163
;US-CT;2015;p99.5p99.9;2082112.6;;0.085699998;0.085699998
;US-CT;2015;p99.9p99.99;8234740.0;;0.076200001;0.076200001
;US-CT;2015;p99p99.5;959100.5;;0.0493;0.0493
;US-CT;2015;p95p100;874077.19;;0.44949999;0.44949999
;US-CT;2015;p0p90;48133.5;;0.4456;0.4456
;US-CT;2015;p0p99;70016.703;;0.713;0.713
;US-CT;2015;p99.5p100;4624803.0;;0.2379;0.2379
;US-CT;2014;p0p100;94049.297;1.77127036778e+11;1.0;1.0
;US-CT;2014;p99p100;2688272.3;;0.28650001;0.28650001
;US-CT;2014;p99.9p100;14536262.0;;0.1549;0.1549
;US-CT;2014;p99.99p100;76227280.0;;0.081200004;0.081200004
;US-CT;2014;p90p100;515774.31;;0.54970002;0.54970002
;US-CT;2014;p90p95;193137.91;;0.1029;0.1029
;US-CT;2014;p95p99;376640.41;;0.16060001;0.16060001
;US-CT;2014;p99.5p99.9;1957234.8;;0.083400004;0.083400004
;US-CT;2014;p99.9p99.99;7630692.0;;0.073200002;0.073200002
;US-CT;2014;p99p99.5;901444.0;;0.048;0.048
;US-CT;2014;p95p100;839200.19;;0.4472;0.4472
;US-CT;2014;p0p90;46974.898;;0.4506;0.4506
;US-CT;2014;p0p99;67619.898;;0.71350002;0.71350002
;US-CT;2014;p99.5p100;4475271.0;;0.2385;0.2385
;US-CT;2013;p0p100;95077.102;1.70356122473e+11;1.0;1.0
;US-CT;2013;p99p100;2525598.3;;0.27500001;0.27500001
;US-CT;2013;p99.9p100;13580938.0;;0.1479;0.1479
;US-CT;2013;p99.99p100;72095488.0;;0.078500003;0.078500003
;US-CT;2013;p90p100;489994.5;;0.53350002;0.53350002
;US-CT;2013;p90p95;185972.3;;0.1012;0.1012
;US-CT;2013;p95p99;363060.69;;0.15809999;0.15809999
;US-CT;2013;p99.5p99.9;1838192.5;;0.0801;0.0801
;US-CT;2013;p99.9p99.99;7057199.0;;0.069200002;0.069200002
;US-CT;2013;p99p99.5;863463.0;;0.046999998;0.046999998
;US-CT;2013;p95p100;795303.5;;0.43290001;0.43290001
;US-CT;2013;p0p90;47550.699;;0.4659;0.4659
;US-CT;2013;p0p99;67264.398;;0.72500002;0.72500002
;US-CT;2013;p99.5p100;4186308.0;;0.2279;0.2279
;US-CT;2012;p0p100;101793.4;1.77702634578e+11;1.0;1.0
;US-CT;2012;p99p100;2937814.8;;0.30759999;0.30759999
;US-CT;2012;p99.9p100;16388103.0;;0.1716;0.1716
;US-CT;2012;p99.99p100;87699120.0;;0.091799997;0.091799997
;US-CT;2012;p90p100;535469.69;;0.56059998;0.56059998
;US-CT;2012;p90p95;183848.91;;0.096199997;0.096199997
;US-CT;2012;p95p99;376264.91;;0.1576;0.1576
;US-CT;2012;p99.5p99.9;2063929.5;;0.086400002;0.086400002
;US-CT;2012;p99.9p99.99;8398627.0;;0.079099998;0.079099998
;US-CT;2012;p99p99.5;945625.38;;0.0495;0.0495
;US-CT;2012;p95p100;888833.13;;0.46529999;0.46529999
;US-CT;2012;p0p90;46624.102;;0.4393;0.4393
;US-CT;2012;p0p99;66807.203;;0.69239998;0.69239998
;US-CT;2012;p99.5p100;4929581.5;;0.25799999;0.25799999
;US-CT;2011;p0p100;104722.8;1.722667246e+11;1.0;1.0
;US-CT;2011;p99p100;2432242.3;;0.2579;0.2579
;US-CT;2011;p99.9p100;12492742.0;;0.13240001;0.13240001
;US-CT;2011;p99.99p100;62464148.0;;0.066200003;0.066200003
;US-CT;2011;p90p100;479469.41;;0.50830001;0.50830001
;US-CT;2011;p90p95;181434.2;;0.096199997;0.096199997
;US-CT;2011;p95p99;366245.5;;0.15530001;0.15530001
;US-CT;2011;p99.5p99.9;1847761.1;;0.078400001;0.078400001
;US-CT;2011;p99.9p99.99;6919450.0;;0.066;0.066
;US-CT;2011;p99p99.5;887782.19;;0.0471;0.0471
;US-CT;2011;p95p100;779636.63;;0.41330001;0.41330001
;US-CT;2011;p0p90;51440.301;;0.49079999;0.49079999
;US-CT;2011;p0p99;70706.398;;0.7421;0.7421
;US-CT;2011;p99.5p100;3975543.8;;0.21070001;0.21070001
;US-CT;2010;p0p100;114799.6;1.75771897848e+11;1.0;1.0
;US-CT;2010;p99p100;2677124.5;;0.2755;0.2755
;US-CT;2010;p99.9p100;14838496.0;;0.15270001;0.15270001
;US-CT;2010;p99.99p100;82224536.0;;0.084600002;0.084600002
;US-CT;2010;p90p100;498390.41;;0.51289999;0.51289999
;US-CT;2010;p90p95;175109.59;;0.090099998;0.090099998
;US-CT;2010;p95p99;362029.0;;0.149;0.149
;US-CT;2010;p99.5p99.9;1877570.3;;0.077299997;0.077299997
;US-CT;2010;p99.9p99.99;7358385.0;;0.0682;0.0682
;US-CT;2010;p99p99.5;885319.5;;0.045600001;0.045600001
;US-CT;2010;p95p100;825280.69;;0.42469999;0.42469999
;US-CT;2010;p0p90;52386.801;;0.48519999;0.48519999
;US-CT;2010;p0p99;71106.5;;0.7245;0.7245
;US-CT;2010;p99.5p100;4465678.0;;0.2298;0.2298
;US-CT;2009;p0p100;114244.2;1.67888339473e+11;1.0;1.0
;US-CT;2009;p99p100;2184845.0;;0.2334;0.2334
;US-CT;2009;p99.9p100;11999388.0;;0.12819999;0.12819999
;US-CT;2009;p99.99p100;67576384.0;;0.0722;0.0722
;US-CT;2009;p90p100;446317.81;;0.47679999;0.47679999
;US-CT;2009;p90p95;171501.5;;0.091600001;0.091600001
;US-CT;2009;p95p99;360615.59;;0.1541;0.1541
;US-CT;2009;p99.5p99.9;1584232.4;;0.067699999;0.067699999
;US-CT;2009;p99.9p99.99;6136585.0;;0.059;0.059
;US-CT;2009;p99p99.5;787633.38;;0.042100001;0.042100001
;US-CT;2009;p95p100;724399.81;;0.38699999;0.38699999
;US-CT;2009;p0p90;53383.801;;0.5133;0.5133
;US-CT;2009;p0p99;72477.102;;0.76660001;0.76660001
;US-CT;2009;p99.5p100;3605226.5;;0.1926;0.1926
;US-CT;2008;p0p100;120468.0;1.78267103667e+11;1.0;1.0
;US-CT;2008;p99p100;2664453.3;;0.26800001;0.26800001
;US-CT;2008;p99.9p100;15247372.0;;0.1534;0.1534
;US-CT;2008;p99.99p100;85060816.0;;0.085600004;0.085600004
;US-CT;2008;p90p100;512770.19;;0.5158;0.5158
;US-CT;2008;p90p95;188055.09;;0.094599999;0.094599999
;US-CT;2008;p95p99;390859.81;;0.1573;0.1573
;US-CT;2008;p99.5p99.9;1870589.1;;0.075300001;0.075300001
;US-CT;2008;p99.9p99.99;7746421.5;;0.070100002;0.070100002
;US-CT;2008;p99p99.5;882421.19;;0.044399999;0.044399999
;US-CT;2008;p95p100;841342.88;;0.42320001;0.42320001
;US-CT;2008;p0p90;52218.398;;0.47279999;0.47279999
;US-CT;2008;p0p99;73496.5;;0.73199999;0.73199999
;US-CT;2008;p99.5p100;4478522.5;;0.2253;0.2253
;US-CT;2007;p0p100;136727.3;1.86226828782e+11;1.0;1.0
;US-CT;2007;p99p100;3608879.0;;0.34490001;0.34490001
;US-CT;2007;p99.9p100;22343212.0;;0.21349999;0.21349999
;US-CT;2007;p99.99p100;130241216.0;;0.1245;0.1245
;US-CT;2007;p90p100;623436.81;;0.59579998;0.59579998
;US-CT;2007;p90p95;197654.41;;0.094499998;0.094499998
;US-CT;2007;p95p99;426041.91;;0.1629;0.1629
;US-CT;2007;p99.5p99.9;2344207.0;;0.089599997;0.089599997
;US-CT;2007;p99.9p99.99;10617640.0;;0.091300003;0.091300003
;US-CT;2007;p99p99.5;1029032.4;;0.049199998;0.049199998
;US-CT;2007;p95p100;1054373.0;;0.50379997;0.50379997
;US-CT;2007;p0p90;45119.0;;0.3881;0.3881
;US-CT;2007;p0p99;69237.102;;0.65509999;0.65509999
;US-CT;2007;p99.5p100;6242950.5;;0.2983;0.2983
;US-CT;2006;p0p100;135118.41;1.74003250271e+11;1.0;1.0
;US-CT;2006;p99p100;3001941.3;;0.30700001;0.30700001
;US-CT;2006;p99.9p100;17271926.0;;0.17659999;0.17659999
;US-CT;2006;p99.99p100;92220560.0;;0.094300002;0.094300002
;US-CT;2006;p90p100;550452.81;;0.56300002;0.56300002
;US-CT;2006;p90p95;186932.7;;0.095600002;0.095600002
;US-CT;2006;p95p99;401468.41;;0.16419999;0.16419999
;US-CT;2006;p99.5p99.9;2094930.6;;0.085699998;0.085699998
;US-CT;2006;p99.9p99.99;8995705.0;;0.082800001;0.082800001
;US-CT;2006;p99p99.5;945566.69;;0.0484;0.0484
;US-CT;2006;p95p100;917982.81;;0.46939999;0.46939999
;US-CT;2006;p0p90;46605.398;;0.42899999;0.42899999
;US-CT;2006;p0p99;68441.0;;0.69300002;0.69300002
;US-CT;2006;p99.5p100;5084746.0;;0.25999999;0.25999999
;US-CT;2005;p0p100;137258.59;1.64690971697e+11;1.0;1.0
;US-CT;2005;p99p100;2801191.5;;0.3008;0.3008
;US-CT;2005;p99.9p100;15891646.0;;0.1707;0.1707
;US-CT;2005;p99.99p100;83981416.0;;0.0902;0.0902
;US-CT;2005;p90p100;521238.5;;0.55980003;0.55980003
;US-CT;2005;p90p95;176621.09;;0.094800003;0.094800003
;US-CT;2005;p95p99;391105.5;;0.168;0.168
;US-CT;2005;p99.5p99.9;1971188.3;;0.084700003;0.084700003
;US-CT;2005;p99.9p99.99;8366862.0;;0.080899999;0.080899999
;US-CT;2005;p99p99.5;907884.63;;0.048700001;0.048700001
;US-CT;2005;p95p100;871068.31;;0.4677;0.4677
;US-CT;2005;p0p90;44767.5;;0.43270001;0.43270001
;US-CT;2005;p0p99;65764.203;;0.69919997;0.69919997
;US-CT;2005;p99.5p100;4715490.5;;0.25319999;0.25319999
;US-CT;2004;p0p100;140553.41;1.54539249942e+11;1.0;1.0
;US-CT;2004;p99p100;2488657.0;;0.27880001;0.27880001
;US-CT;2004;p99.9p100;13631285.0;;0.15270001;0.15270001
;US-CT;2004;p99.99p100;71480936.0;;0.0801;0.0801
;US-CT;2004;p90p100;487709.5;;0.54629999;0.54629999
;US-CT;2004;p90p95;179175.8;;0.1004;0.1004
;US-CT;2004;p95p99;381640.19;;0.171;0.171
;US-CT;2004;p99.5p99.9;1801907.8;;0.080700003;0.080700003
;US-CT;2004;p99.9p99.99;7291235.5;;0.0735;0.0735
;US-CT;2004;p99p99.5;864456.63;;0.0484;0.0484
;US-CT;2004;p95p100;802065.88;;0.4492;0.4492
;US-CT;2004;p0p90;44226.0;;0.44589999;0.44589999
;US-CT;2004;p0p99;65031.602;;0.72119999;0.72119999
;US-CT;2004;p99.5p100;4129590.3;;0.2313;0.2313
;US-CT;2003;p0p100;142117.8;1.46109566125e+11;1.0;1.0
;US-CT;2003;p99p100;2092733.9;;0.2446;0.2446
;US-CT;2003;p99.9p100;10831985.0;;0.1266;0.1266
;US-CT;2003;p99.99p100;55448580.0;;0.064800002;0.064800002
;US-CT;2003;p90p100;438644.91;;0.5126;0.5126
;US-CT;2003;p90p95;182831.0;;0.1068;0.1068
;US-CT;2003;p95p99;349226.69;;0.16320001;0.16320001
;US-CT;2003;p99.5p99.9;1590102.5;;0.074299999;0.074299999
;US-CT;2003;p99.9p99.99;5983506.5;;0.062899999;0.062899999
;US-CT;2003;p99p99.5;790236.63;;0.0462;0.0462
;US-CT;2003;p95p100;696365.5;;0.40689999;0.40689999
;US-CT;2003;p0p90;45801.199;;0.4817;0.4817
;US-CT;2003;p0p99;65299.0;;0.7554;0.7554
;US-CT;2003;p99.5p100;3407617.8;;0.1991;0.1991
;US-CT;2002;p0p100;146674.5;1.47133994018e+11;1.0;1.0
;US-CT;2002;p99p100;1926032.0;;0.2279;0.2279
;US-CT;2002;p99.9p100;9492890.0;;0.1123;0.1123
;US-CT;2002;p99.99p100;46006104.0;;0.054400001;0.054400001
;US-CT;2002;p90p100;420499.0;;0.49759999;0.49759999
;US-CT;2002;p90p95;182892.3;;0.1082;0.1082
;US-CT;2002;p95p99;343883.31;;0.1628;0.1628
;US-CT;2002;p99.5p99.9;1516273.3;;0.071800001;0.071800001
;US-CT;2002;p99.9p99.99;5495679.5;;0.058499999;0.058499999
;US-CT;2002;p99p99.5;768429.63;;0.045499999;0.045499999
;US-CT;2002;p95p100;659363.13;;0.39019999;0.39019999
;US-CT;2002;p0p90;46830.0;;0.49880001;0.49880001
;US-CT;2002;p0p99;65899.5;;0.77209997;0.77209997
;US-CT;2002;p99.5p100;3091459.3;;0.1829;0.1829
;US-CT;2001;p0p100;164810.2;1.54813497912e+11;1.0;1.0
;US-CT;2001;p99p100;2483033.3;;0.27000001;0.27000001
;US-CT;2001;p99.9p100;12498553.0;;0.13590001;0.13590001
;US-CT;2001;p99.99p100;60303040.0;;0.0656;0.0656
;US-CT;2001;p90p100;490802.0;;0.53369999;0.53369999
;US-CT;2001;p90p95;190538.41;;0.1036;0.1036
;US-CT;2001;p95p99;371714.31;;0.1617;0.1617
;US-CT;2001;p99.5p99.9;1927090.3;;0.083800003;0.083800003
;US-CT;2001;p99.9p99.99;7163979.0;;0.070100002;0.070100002
;US-CT;2001;p99p99.5;927804.5;;0.0504;0.0504
;US-CT;2001;p95p100;792934.81;;0.4312;0.4312
;US-CT;2001;p0p90;47481.699;;0.46470001;0.46470001
;US-CT;2001;p0p99;67802.0;;0.73000002;0.73000002
;US-CT;2001;p99.5p100;4036523.3;;0.21950001;0.21950001
;US-CT;2000;p0p100;181139.7;1.59851412897e+11;1.0;1.0
;US-CT;2000;p99p100;2920211.0;;0.30540001;0.30540001
;US-CT;2000;p99.9p100;15442222.0;;0.16150001;0.16150001
;US-CT;2000;p99.99p100;75376848.0;;0.0788;0.0788
;US-CT;2000;p90p100;546216.81;;0.57120001;0.57120001
;US-CT;2000;p90p95;196078.09;;0.1025;0.1025
;US-CT;2000;p95p99;396393.31;;0.16580001;0.16580001
;US-CT;2000;p99.5p99.9;2177037.3;;0.0911;0.0911
;US-CT;2000;p99.9p99.99;8758470.0;;0.082400002;0.082400002
;US-CT;2000;p99p99.5;1019714.9;;0.053300001;0.053300001
;US-CT;2000;p95p100;899013.5;;0.47009999;0.47009999
;US-CT;2000;p0p90;45260.102;;0.426;0.426
;US-CT;2000;p0p99;67089.602;;0.69459999;0.69459999
;US-CT;2000;p99.5p100;4823461.0;;0.25220001;0.25220001
;US-CT;1999;p0p100;186073.3;1.49656262013e+11;1.0;1.0
;US-CT;1999;p99p100;2537369.8;;0.27590001;0.27590001
;US-CT;1999;p99.9p100;12511068.0;;0.13609999;0.13609999
;US-CT;1999;p99.99p100;56117292.0;;0.061000001;0.061000001
;US-CT;1999;p90p100;505150.31;;0.54930001;0.54930001
;US-CT;1999;p90p95;195309.8;;0.1062;0.1062
;US-CT;1999;p95p99;386559.41;;0.1681;0.1681
;US-CT;1999;p99.5p99.9;2026061.5;;0.088100001;0.088100001
;US-CT;1999;p99.9p99.99;7645531.5;;0.0748;0.0748
;US-CT;1999;p99p99.5;952608.63;;0.051800001;0.051800001
;US-CT;1999;p95p100;816298.38;;0.4438;0.4438
;US-CT;1999;p0p90;45967.602;;0.4499;0.4499
;US-CT;1999;p0p99;67257.602;;0.72409999;0.72409999
;US-CT;1999;p99.5p100;4122245.0;;0.22409999;0.22409999
;US-CT;1998;p0p100;182156.41;1.39666140722e+11;1.0;1.0
;US-CT;1998;p99p100;2330949.3;;0.26980001;0.26980001
;US-CT;1998;p99.9p100;11387108.0;;0.1318;0.1318
;US-CT;1998;p99.99p100;51374692.0;;0.059500001;0.059500001
;US-CT;1998;p90p100;469252.5;;0.54320002;0.54320002
;US-CT;1998;p90p95;186112.59;;0.1077;0.1077
;US-CT;1998;p95p99;360295.19;;0.16680001;0.16680001
;US-CT;1998;p99.5p99.9;1872345.9;;0.0867;0.0867
;US-CT;1998;p99.9p99.99;6922605.0;;0.072099999;0.072099999
;US-CT;1998;p99p99.5;887712.13;;0.051399998;0.051399998
;US-CT;1998;p95p100;753626.88;;0.43619999;0.43619999
;US-CT;1998;p0p90;43742.699;;0.4558;0.4558
;US-CT;1998;p0p99;63709.199;;0.73019999;0.73019999
;US-CT;1998;p99.5p100;3774306.5;;0.2185;0.2185
;US-CT;1997;p0p100;173485.41;1.28647045274e+11;1.0;1.0
;US-CT;1997;p99p100;2067616.3;;0.25839999;0.25839999
;US-CT;1997;p99.9p100;9906510.0;;0.1238;0.1238
;US-CT;1997;p99.99p100;44780728.0;;0.056000002;0.056000002
;US-CT;1997;p90p100;429566.69;;0.53680003;0.53680003
;US-CT;1997;p90p95;177794.91;;0.1111;0.1111
;US-CT;1997;p95p99;336126.91;;0.168;0.168
;US-CT;1997;p99.5p99.9;1691831.8;;0.084600002;0.084600002
;US-CT;1997;p99.9p99.99;6015633.0;;0.067699999;0.067699999
;US-CT;1997;p99p99.5;802178.63;;0.050099999;0.050099999
;US-CT;1997;p95p100;682050.63;;0.4262;0.4262
;US-CT;1997;p0p90;41127.699;;0.46259999;0.46259999
;US-CT;1997;p0p99;59943.301;;0.74159998;0.74159998
;US-CT;1997;p99.5p100;3333659.8;;0.20829999;0.20829999
;US-CT;1996;p0p100;169936.0;1.19312233069e+11;1.0;1.0
;US-CT;1996;p99p100;1674407.8;;0.223;0.223
;US-CT;1996;p99.9p100;7864982.0;;0.1047;0.1047
;US-CT;1996;p99.99p100;35964404.0;;0.047899999;0.047899999
;US-CT;1996;p90p100;375973.0;;0.50059998;0.50059998
;US-CT;1996;p90p95;170951.59;;0.1138;0.1138
;US-CT;1996;p95p99;308236.81;;0.16419999;0.16419999
;US-CT;1996;p99.5p99.9;1356964.8;;0.072300002;0.072300002
;US-CT;1996;p99.9p99.99;4747906.5;;0.056899998;0.056899998
;US-CT;1996;p99p99.5;697435.13;;0.046399999;0.046399999
;US-CT;1996;p95p100;581336.13;;0.38699999;0.38699999
;US-CT;1996;p0p90;41600.699;;0.49849999;0.49849999
;US-CT;1996;p0p99;58947.699;;0.77700001;0.77700001
;US-CT;1996;p99.5p100;2652874.0;;0.17659999;0.17659999
;US-CT;1995;p0p100;169336.91;1.13896823077e+11;1.0;1.0
;US-CT;1995;p99p100;1406032.3;;0.198;0.198
;US-CT;1995;p99.9p100;6159487.0;;0.0867;0.0867
;US-CT;1995;p99.99p100;26287462.0;;0.037;0.037
;US-CT;1995;p90p100;336375.0;;0.47369999;0.47369999
;US-CT;1995;p90p95;162992.2;;0.1148;0.1148
;US-CT;1995;p95p99;285864.09;;0.161;0.161
;US-CT;1995;p99.5p99.9;1192246.8;;0.067199998;0.067199998
;US-CT;1995;p99.9p99.99;3922371.3;;0.049699999;0.049699999
;US-CT;1995;p99p99.5;629603.31;;0.044300001;0.044300001
;US-CT;1995;p95p100;509965.91;;0.35910001;0.35910001
;US-CT;1995;p0p90;41496.398;;0.52600002;0.52600002
;US-CT;1995;p0p99;57521.801;;0.80199999;0.80199999
;US-CT;1995;p99.5p100;2182944.0;;0.15369999;0.15369999
;US-CT;1994;p0p100;170145.7;1.09282410127e+11;1.0;1.0
;US-CT;1994;p99p100;1161458.5;;0.1707;0.1707
;US-CT;1994;p99.9p100;4786166.5;;0.0704;0.0704
;US-CT;1994;p99.99p100;19797542.0;;0.029100001;0.029100001
;US-CT;1994;p90p100;299579.19;;0.4404;0.4404
;US-CT;1994;p90p95;155249.59;;0.1141;0.1141
;US-CT;1994;p95p99;264621.91;;0.1556;0.1556
;US-CT;1994;p99.5p99.9;1013257.0;;0.059599999;0.059599999
;US-CT;1994;p99.9p99.99;3121694.0;;0.041299999;0.041299999
;US-CT;1994;p99p99.5;556337.63;;0.040899999;0.040899999
;US-CT;1994;p95p100;444029.19;;0.3263;0.3263
;US-CT;1994;p0p90;42287.699;;0.55940002;0.55940002
;US-CT;1994;p0p99;56985.5;;0.82929999;0.82929999
;US-CT;1994;p99.5p100;1766745.8;;0.12989999;0.12989999
;US-CT;1993;p0p100;178783.59;1.09395455913e+11;1.0;1.0
;US-CT;1993;p99p100;1231619.4;;0.1797;0.1797
;US-CT;1993;p99.9p100;5342358.5;;0.078000002;0.078000002
;US-CT;1993;p99.99p100;23286772.0;;0.034000002;0.034000002
;US-CT;1993;p90p100;304854.69;;0.44490001;0.44490001
;US-CT;1993;p90p95;153332.09;;0.1119;0.1119
;US-CT;1993;p95p99;262691.09;;0.1533;0.1533
;US-CT;1993;p99.5p99.9;1051738.5;;0.0614;0.0614
;US-CT;1993;p99.9p99.99;3359107.5;;0.044100001;0.044100001
;US-CT;1993;p99p99.5;557033.0;;0.040600002;0.040600002
;US-CT;1993;p95p100;456570.19;;0.33309999;0.33309999
;US-CT;1993;p0p90;42232.199;;0.55470002;0.55470002
;US-CT;1993;p0p99;56778.801;;0.82029998;0.82029998
;US-CT;1993;p99.5p100;1906997.9;;0.1391;0.1391
;US-CT;1992;p0p100;187750.5;1.10005432164e+11;1.0;1.0
;US-CT;1992;p99p100;1284193.0;;0.1874;0.1874
;US-CT;1992;p99.9p100;5696804.5;;0.083099999;0.083099999
;US-CT;1992;p99.99p100;25102386.0;;0.036600001;0.036600001
;US-CT;1992;p90p100;309120.69;;0.45109999;0.45109999
;US-CT;1992;p90p95;154519.91;;0.1127;0.1127
;US-CT;1992;p95p99;258381.8;;0.1508;0.1508
;US-CT;1992;p99.5p99.9;1085146.6;;0.063299999;0.063299999
;US-CT;1992;p99.9p99.99;3542921.8;;0.046500001;0.046500001
;US-CT;1992;p99p99.5;562692.38;;0.041099999;0.041099999
;US-CT;1992;p95p100;463514.59;;0.3382;0.3382
;US-CT;1992;p0p90;41798.898;;0.54890001;0.54890001
;US-CT;1992;p0p99;56253.801;;0.81260002;0.81260002
;US-CT;1992;p99.5p100;2005995.0;;0.1464;0.1464
;US-CT;1991;p0p100;190166.7;1.0721547672e+11;1.0;1.0
;US-CT;1991;p99p100;1040040.4;;0.1575;0.1575
;US-CT;1991;p99.9p100;4087483.3;;0.061900001;0.061900001
;US-CT;1991;p99.99p100;16005508.0;;0.0242;0.0242
;US-CT;1991;p90p100;280940.19;;0.42550001;0.42550001
;US-CT;1991;p90p95;154068.09;;0.1167;0.1167
;US-CT;1991;p95p99;249347.7;;0.15109999;0.15109999
;US-CT;1991;p99.5p99.9;936208.63;;0.056699999;0.056699999
;US-CT;1991;p99.9p99.99;2763556.5;;0.037700001;0.037700001
;US-CT;1991;p99p99.5;513838.59;;0.038899999;0.038899999
;US-CT;1991;p95p100;407520.31;;0.30860001;0.30860001
;US-CT;1991;p0p90;42161.801;;0.5747;0.5747
;US-CT;1991;p0p99;56186.199;;0.84249997;0.84249997
;US-CT;1991;p99.5p100;1566232.6;;0.1186;0.1186
;US-CT;1990;p0p100;212908.7;1.12594329254e+11;1.0;1.0
;US-CT;1990;p99p100;1137347.5;;0.16509999;0.16509999
;US-CT;1990;p99.9p100;4680576.0;;0.067900002;0.067900002
;US-CT;1990;p99.99p100;18986018.0;;0.0276;0.0276
;US-CT;1990;p90p100;289426.81;;0.4201;0.4201
;US-CT;1990;p90p95;150661.09;;0.1093;0.1093
;US-CT;1990;p95p99;250919.8;;0.14569999;0.14569999
;US-CT;1990;p99.5p99.9;1009612.0;;0.058600001;0.058600001
;US-CT;1990;p99.9p99.99;3090586.8;;0.040399998;0.040399998
;US-CT;1990;p99p99.5;530969.0;;0.0385;0.0385
;US-CT;1990;p95p100;428165.5;;0.31079999;0.31079999
;US-CT;1990;p0p90;44386.801;;0.57990003;0.57990003
;US-CT;1990;p0p99;58098.898;;0.83490002;0.83490002
;US-CT;1990;p99.5p100;1743792.4;;0.1266;0.1266
;US-CT;1989;p0p100;240991.0;1.15540452354e+11;1.0;1.0
;US-CT;1989;p99p100;1188316.3;;0.168;0.168
;US-CT;1989;p99.9p100;5437644.5;;0.076899998;0.076899998
;US-CT;1989;p99.99p100;24582850.0;;0.034699999;0.034699999
;US-CT;1989;p90p100;297586.81;;0.4206;0.4206
;US-CT;1989;p90p95;159138.7;;0.1125;0.1125
;US-CT;1989;p95p99;253913.59;;0.1436;0.1436
;US-CT;1989;p99.5p99.9;1013476.5;;0.057300001;0.057300001
;US-CT;1989;p99.9p99.99;3405369.0;;0.043299999;0.043299999
;US-CT;1989;p99p99.5;519358.5;;0.036699999;0.036699999
;US-CT;1989;p95p100;436802.31;;0.3087;0.3087
;US-CT;1989;p0p90;44958.301;;0.57190001;0.57190001
;US-CT;1989;p0p99;59461.199;;0.83200002;0.83200002
;US-CT;1989;p99.5p100;1873019.3;;0.13240001;0.13240001
;US-CT;1988;p0p100;261670.41;1.13862825581e+11;1.0;1.0
;US-CT;1988;p99p100;1369170.3;;0.1939;0.1939
;US-CT;1988;p99.9p100;6791933.5;;0.096199997;0.096199997
;US-CT;1988;p99.99p100;32324854.0;;0.0458;0.0458
;US-CT;1988;p90p100;317622.81;;0.4499;0.4499
;US-CT;1988;p90p95;161323.7;;0.1143;0.1143
;US-CT;1988;p95p99;259703.09;;0.1471;0.1471
;US-CT;1988;p99.5p99.9;1126189.5;;0.0638;0.0638
;US-CT;1988;p99.9p99.99;4108508.5;;0.0524;0.0524
;US-CT;1988;p99p99.5;547095.13;;0.038699999;0.038699999
;US-CT;1988;p95p100;475164.19;;0.33649999;0.33649999
;US-CT;1988;p0p90;42192.602;;0.53789997;0.53789997
;US-CT;1988;p0p99;57481.102;;0.80610001;0.80610001
;US-CT;1988;p99.5p100;2217411.0;;0.15700001;0.15700001
;US-CT;1987;p0p100;260788.7;1.04342335489e+11;1.0;1.0
;US-CT;1987;p99p100;1019884.4;;0.1558;0.1558
;US-CT;1987;p99.9p100;4441553.5;;0.0678;0.0678
;US-CT;1987;p99.99p100;19468806.0;;0.0297;0.0297
;US-CT;1987;p90p100;273681.41;;0.41800001;0.41800001
;US-CT;1987;p90p95;154347.91;;0.1179;0.1179
;US-CT;1987;p95p99;241509.09;;0.1476;0.1476
;US-CT;1987;p99.5p99.9;891209.5;;0.054499999;0.054499999
;US-CT;1987;p99.9p99.99;2862910.3;;0.0394;0.0394
;US-CT;1987;p99p99.5;476927.5;;0.036400001;0.036400001
;US-CT;1987;p95p100;393588.19;;0.30059999;0.30059999
;US-CT;1987;p0p90;41795.898;;0.57459998;0.57459998
;US-CT;1987;p0p99;55826.5;;0.84420002;0.84420002
;US-CT;1987;p99.5p100;1577246.3;;0.1205;0.1205
;US-CT;1986;p0p100;280870.81;1.03447511257e+11;1.0;1.0
;US-CT;1986;p99p100;1315210.8;;0.19939999;0.19939999
;US-CT;1986;p99.9p100;6813937.5;;0.1033;0.1033
;US-CT;1986;p99.99p100;34410148.0;;0.052200001;0.052200001
;US-CT;1986;p90p100;299072.41;;0.4533;0.4533
;US-CT;1986;p90p95;149487.41;;0.1133;0.1133
;US-CT;1986;p95p99;240078.3;;0.14560001;0.14560001
;US-CT;1986;p99.5p99.9;1038242.4;;0.062899999;0.062899999
;US-CT;1986;p99.9p99.99;3929802.0;;0.053599998;0.053599998
;US-CT;1986;p99p99.5;496585.91;;0.037599999;0.037599999
;US-CT;1986;p95p100;449844.09;;0.3409;0.3409
;US-CT;1986;p0p90;39203.898;;0.53479999;0.53479999
;US-CT;1986;p0p99;53356.199;;0.80059999;0.80059999
;US-CT;1986;p99.5p100;2156977.5;;0.1635;0.1635
;US-CT;1985;p0p100;262744.0;93390133641.0;1.0;1.0
;US-CT;1985;p99p100;898527.0;;0.15090001;0.15090001
;US-CT;1985;p99.9p100;4168902.3;;0.07;0.07
;US-CT;1985;p99.99p100;19610644.0;;0.032900002;0.032900002
;US-CT;1985;p90p100;239711.3;;0.40259999;0.40259999
;US-CT;1985;p90p95;135707.3;;0.114;0.114
;US-CT;1985;p95p99;209631.5;;0.1408;0.1408
;US-CT;1985;p99.5p99.9;749550.31;;0.0504;0.0504
;US-CT;1985;p99.9p99.99;2602585.5;;0.039299998;0.039299998
;US-CT;1985;p99p99.5;402920.41;;0.033799998;0.033799998
;US-CT;1985;p95p100;344318.5;;0.28909999;0.28909999
;US-CT;1985;p0p90;38949.5;;0.5887;0.5887
;US-CT;1985;p0p99;51066.801;;0.84909999;0.84909999
;US-CT;1985;p99.5p100;1408096.3;;0.1182;0.1182
;US-CT;1984;p0p100;277110.09;89221220384.0;1.0;1.0
;US-CT;1984;p99p100;817338.63;;0.1392;0.1392
;US-CT;1984;p99.9p100;3744486.5;;0.0638;0.0638
;US-CT;1984;p99.99p100;18060030.0;;0.0308;0.0308
;US-CT;1984;p90p100;225758.5;;0.38460001;0.38460001
;US-CT;1984;p90p95;130901.1;;0.1115;0.1115
;US-CT;1984;p95p99;199622.59;;0.13600001;0.13600001
;US-CT;1984;p99.5p99.9;678360.31;;0.0462;0.0462
;US-CT;1984;p99.9p99.99;2289058.5;;0.035100002;0.035100002
;US-CT;1984;p99p99.5;375557.09;;0.032000002;0.032000002
;US-CT;1984;p95p100;320775.81;;0.27320001;0.27320001
;US-CT;1984;p0p90;39677.801;;0.60839999;0.60839999
;US-CT;1984;p0p99;51034.301;;0.86080003;0.86080003
;US-CT;1984;p99.5p100;1270180.5;;0.1082;0.1082
;US-CT;1983;p0p100;303164.09;83486911349.0;1.0;1.0
;US-CT;1983;p99p100;730251.88;;0.1285;0.1285
;US-CT;1983;p99.9p100;3146525.3;;0.055399999;0.055399999
;US-CT;1983;p99.99p100;14526946.0;;0.025599999;0.025599999
;US-CT;1983;p90p100;213526.41;;0.3757;0.3757
;US-CT;1983;p90p95;128443.7;;0.113;0.113
;US-CT;1983;p95p99;191470.91;;0.1347;0.1347
;US-CT;1983;p99.5p99.9;622154.69;;0.0438;0.0438
;US-CT;1983;p99.9p99.99;1947647.9;;0.0308;0.0308
;US-CT;1983;p99p99.5;353324.19;;0.031099999;0.031099999
;US-CT;1983;p95p100;298017.5;;0.2622;0.2622
;US-CT;1983;p0p90;39218.699;;0.62099999;0.62099999
;US-CT;1983;p0p99;50036.5;;0.87150002;0.87150002
;US-CT;1983;p99.5p100;1113908.4;;0.097999997;0.097999997
;US-CT;1982;p0p100;309015.31;81614703327.0;1.0;1.0
;US-CT;1982;p99p100;708803.19;;0.1276;0.1276
;US-CT;1982;p99.9p100;2741621.3;;0.0493;0.0493
;US-CT;1982;p99.99p100;11383299.0;;0.020500001;0.020500001
;US-CT;1982;p90p100;212260.3;;0.382;0.382
;US-CT;1982;p90p95;131523.5;;0.1184;0.1184
;US-CT;1982;p95p99;190022.59;;0.13680001;0.13680001
;US-CT;1982;p99.5p99.9;621965.38;;0.044799998;0.044799998
;US-CT;1982;p99.9p99.99;1781434.8;;0.028899999;0.028899999
;US-CT;1982;p99p99.5;371709.81;;0.033399999;0.033399999
;US-CT;1982;p95p100;292006.19;;0.26280001;0.26280001
;US-CT;1982;p0p90;38109.898;;0.61729997;0.61729997
;US-CT;1982;p0p99;48965.602;;0.87239999;0.87239999
;US-CT;1982;p99.5p100;1045896.6;;0.094099998;0.094099998
;US-CT;1981;p0p100;343169.19;80819226334.0;1.0;1.0
;US-CT;1981;p99p100;634008.38;;0.1155;0.1155
;US-CT;1981;p99.9p100;2353932.0;;0.0429;0.0429
;US-CT;1981;p99.99p100;8564279.0;;0.0156;0.0156
;US-CT;1981;p90p100;202946.3;;0.3698;0.3698
;US-CT;1981;p90p95;127042.0;;0.1157;0.1157
;US-CT;1981;p95p99;189759.8;;0.1383;0.1383
;US-CT;1981;p99.5p99.9;575869.38;;0.041999999;0.041999999
;US-CT;1981;p99.9p99.99;1663180.4;;0.0273;0.0273
;US-CT;1981;p99p99.5;337206.31;;0.0307;0.0307
;US-CT;1981;p95p100;278470.59;;0.25369999;0.25369999
;US-CT;1981;p0p90;38440.5;;0.6304;0.6304
;US-CT;1981;p0p99;49032.0;;0.88450003;0.88450003
;US-CT;1981;p99.5p100;931023.88;;0.084799998;0.084799998
;US-CT;1980;p0p100;412075.69;80049352915.0;1.0;1.0
;US-CT;1980;p99p100;637214.31;;0.116;0.116
;US-CT;1980;p99.9p100;2228406.0;;0.040600002;0.040600002
;US-CT;1980;p99.99p100;8155035.0;;0.0148;0.0148
;US-CT;1980;p90p100;199810.59;;0.3637;0.3637
;US-CT;1980;p90p95;116252.3;;0.1058;0.1058
;US-CT;1980;p95p99;195218.59;;0.14210001;0.14210001
;US-CT;1980;p99.5p99.9;596199.13;;0.043400001;0.043400001
;US-CT;1980;p99.9p99.99;1569696.8;;0.025699999;0.025699999
;US-CT;1980;p99p99.5;351903.31;;0.032000002;0.032000002
;US-CT;1980;p95p100;283574.41;;0.2581;0.2581
;US-CT;1980;p0p90;38831.898;;0.63609999;0.63609999
;US-CT;1980;p0p99;49061.0;;0.884;0.884
;US-CT;1980;p99.5p100;922558.13;;0.083999999;0.083999999
;US-CT;1979;p0p100;496963.59;76968385453.0;1.0;1.0
;US-CT;1979;p99p100;606342.63;;0.113;0.113
;US-CT;1979;p99.9p100;2080618.8;;0.038800001;0.038800001
;US-CT;1979;p99.99p100;7393377.0;;0.0138;0.0138
;US-CT;1979;p90p100;193409.2;;0.3603;0.3603
;US-CT;1979;p90p95;117029.2;;0.109;0.109
;US-CT;1979;p95p99;186072.2;;0.13869999;0.13869999
;US-CT;1979;p99.5p99.9;565055.31;;0.042100001;0.042100001
;US-CT;1979;p99.9p99.99;1489657.4;;0.025;0.025
;US-CT;1979;p99p99.5;344437.91;;0.032099999;0.032099999
;US-CT;1979;p95p100;270140.91;;0.2516;0.2516
;US-CT;1979;p0p90;38137.602;;0.63940001;0.63940001
;US-CT;1979;p0p99;48098.199;;0.88700002;0.88700002
;US-CT;1979;p99.5p100;868205.5;;0.080899999;0.080899999
;US-CT;1978;p0p100;580557.0;72841403297.0;1.0;1.0
;US-CT;1978;p99p100;527255.5;;0.101;0.101
;US-CT;1978;p99.9p100;1574053.6;;0.030099999;0.030099999
;US-CT;1978;p99.99p100;4652784.5;;0.0088999998;0.0088999998
;US-CT;1978;p90p100;183820.7;;0.352;0.352
;US-CT;1978;p90p95;115787.9;;0.1109;0.1109
;US-CT;1978;p95p99;183423.09;;0.14049999;0.14049999
;US-CT;1978;p99.5p99.9;516820.0;;0.0396;0.0396
;US-CT;1978;p99.9p99.99;1231523.3;;0.021199999;0.021199999
;US-CT;1978;p99p99.5;326251.69;;0.031199999;0.031199999
;US-CT;1978;p95p100;252266.09;;0.24150001;0.24150001
;US-CT;1978;p0p90;37586.102;;0.64770001;0.64770001
;US-CT;1978;p0p99;47427.699;;0.89899999;0.89899999
;US-CT;1978;p99.5p100;728239.31;;0.069700003;0.069700003
;US-CT;1977;p0p100;659075.13;69883777860.0;1.0;1.0
;US-CT;1977;p99p100;522084.09;;0.1019;0.1019
;US-CT;1977;p99.9p100;1591184.4;;0.031099999;0.031099999
;US-CT;1977;p99.99p100;5194104.0;;0.0101;0.0101
;US-CT;1977;p90p100;182887.8;;0.35710001;0.35710001
;US-CT;1977;p90p95;117235.4;;0.1144;0.1144
;US-CT;1977;p95p99;180141.41;;0.1407;0.1407
;US-CT;1977;p99.5p99.9;505908.09;;0.039500002;0.039500002
;US-CT;1977;p99.9p99.99;1190536.1;;0.0209;0.0209
;US-CT;1977;p99p99.5;321223.81;;0.031399999;0.031399999
;US-CT;1977;p95p100;248515.8;;0.24259999;0.24259999
;US-CT;1977;p0p90;36589.398;;0.64289999;0.64289999
;US-CT;1977;p0p99;46462.301;;0.89810002;0.89810002
;US-CT;1977;p99.5p100;722922.38;;0.070600003;0.070600003
;US-CT;1976;p0p100;737315.88;67468248001.0;1.0;1.0
;US-CT;1976;p99p100;497032.09;;0.098399997;0.098399997
;US-CT;1976;p99.9p100;1506740.8;;0.0298;0.0298
;US-CT;1976;p99.99p100;4604152.0;;0.0091000004;0.0091000004
;US-CT;1976;p90p100;183111.5;;0.36250001;0.36250001
;US-CT;1976;p90p95;125795.2;;0.1245;0.1245
;US-CT;1976;p95p99;176278.41;;0.13959999;0.13959999
;US-CT;1976;p99.5p99.9;485829.81;;0.0385;0.0385
;US-CT;1976;p99.9p99.99;1162732.1;;0.0207;0.0207
;US-CT;1976;p99p99.5;304180.0;;0.030099999;0.030099999
;US-CT;1976;p95p100;240430.2;;0.23800001;0.23800001
;US-CT;1976;p0p90;35781.699;;0.63749999;0.63749999
;US-CT;1976;p0p99;46005.301;;0.9016;0.9016
;US-CT;1976;p99.5p100;689912.0;;0.068300001;0.068300001
;US-CT;1975;p0p100;811243.13;65003719190.0;1.0;1.0
;US-CT;1975;p99p100;478467.91;;0.096299998;0.096299998
;US-CT;1975;p99.9p100;1426802.8;;0.0287;0.0287
;US-CT;1975;p99.99p100;4677911.0;;0.0093999999;0.0093999999
;US-CT;1975;p90p100;171950.09;;0.3461;0.3461
;US-CT;1975;p90p95;112491.4;;0.1132;0.1132
;US-CT;1975;p95p99;169579.5;;0.1365;0.1365
;US-CT;1975;p99.5p99.9;472536.09;;0.037999999;0.037999999
;US-CT;1975;p99.9p99.99;1065606.0;;0.019300001;0.019300001
;US-CT;1975;p99p99.5;293750.5;;0.0296;0.0296
;US-CT;1975;p95p100;231360.09;;0.23280001;0.23280001
;US-CT;1975;p0p90;36106.398;;0.65399998;0.65399998
;US-CT;1975;p0p99;45358.102;;0.90369999;0.90369999
;US-CT;1975;p99.5p100;663287.13;;0.066699997;0.066699997
;US-CT;1974;p0p100;1041089.5;68593509686.0;1.0;1.0
;US-CT;1974;p99p100;531800.63;;0.099299997;0.099299997
;US-CT;1974;p99.9p100;1698441.6;;0.0317;0.0317
;US-CT;1974;p99.99p100;5827318.5;;0.0109;0.0109
;US-CT;1974;p90p100;181737.91;;0.33939999;0.33939999
;US-CT;1974;p90p95;117242.2;;0.1095;0.1095
;US-CT;1974;p95p99;175343.2;;0.131;0.131
;US-CT;1974;p99.5p99.9;515594.69;;0.0385;0.0385
;US-CT;1974;p99.9p99.99;1247573.3;;0.021;0.021
;US-CT;1974;p99p99.5;314970.59;;0.0294;0.0294
;US-CT;1974;p95p100;246203.09;;0.2299;0.2299
;US-CT;1974;p0p90;39252.898;;0.65979999;0.65979999
;US-CT;1974;p0p99;48715.301;;0.90069997;0.90069997
;US-CT;1974;p99.5p100;750011.69;;0.07;0.07
;US-CT;1973;p0p100;1313987.3;68814991629.0;1.0;1.0
;US-CT;1973;p99p100;541478.31;;0.098800004;0.098800004
;US-CT;1973;p99.9p100;1654757.8;;0.030200001;0.030200001
;US-CT;1973;p99.99p100;5653470.0;;0.0103;0.0103
;US-CT;1973;p90p100;186563.8;;0.34029999;0.34029999
;US-CT;1973;p90p95;117201.9;;0.1069;0.1069
;US-CT;1973;p95p99;184509.5;;0.1346;0.1346
;US-CT;1973;p99.5p99.9;533514.31;;0.038899999;0.038899999
;US-CT;1973;p99.9p99.99;1210464.1;;0.0199;0.0199
;US-CT;1973;p99p99.5;325491.81;;0.0297;0.0297
;US-CT;1973;p95p100;255900.59;;0.2334;0.2334
;US-CT;1973;p0p90;40176.5;;0.65960002;0.65960002
;US-CT;1973;p0p99;49899.801;;0.9012;0.9012
;US-CT;1973;p99.5p100;757762.5;;0.0691;0.0691
;US-CT;1972;p0p100;1477474.9;67185841648.0;1.0;1.0
;US-CT;1972;p99p100;600897.5;;0.11;0.11
;US-CT;1972;p99.9p100;2051198.6;;0.037500001;0.037500001
;US-CT;1972;p99.99p100;8429839.0;;0.0154;0.0154
;US-CT;1972;p90p100;190229.8;;0.34819999;0.34819999
;US-CT;1972;p90p95;115116.3;;0.1054;0.1054
;US-CT;1972;p95p99;181412.41;;0.1328;0.1328
;US-CT;1972;p99.5p99.9;551636.88;;0.040399998;0.040399998
;US-CT;1972;p99.9p99.99;1342637.9;;0.0221;0.0221
;US-CT;1972;p99p99.5;350490.81;;0.032099999;0.032099999
;US-CT;1972;p95p100;265306.09;;0.2428;0.2428
;US-CT;1972;p0p90;39562.102;;0.65179998;0.65179998
;US-CT;1972;p0p99;49110.699;;0.88999999;0.88999999
;US-CT;1972;p99.5p100;851304.31;;0.0779;0.0779
;US-CT;1971;p0p100;1541749.5;64406923626.0;1.0;1.0
;US-CT;1971;p99p100;561928.69;;0.105;0.105
;US-CT;1971;p99.9p100;1840067.3;;0.034400001;0.034400001
;US-CT;1971;p99.99p100;6991709.5;;0.0131;0.0131
;US-CT;1971;p90p100;182891.09;;0.3418;0.3418
;US-CT;1971;p90p95;112828.4;;0.1054;0.1054
;US-CT;1971;p95p99;175624.5;;0.1313;0.1313
;US-CT;1971;p99.5p99.9;526280.88;;0.039299998;0.039299998
;US-CT;1971;p99.9p99.99;1267609.8;;0.021299999;0.021299999
;US-CT;1971;p99p99.5;334954.41;;0.031300001;0.031300001
;US-CT;1971;p95p100;252892.09;;0.23630001;0.23630001
;US-CT;1971;p0p90;39142.301;;0.65829998;0.65829998
;US-CT;1971;p0p99;48378.898;;0.89499998;0.89499998
;US-CT;1971;p99.5p100;788927.31;;0.073700003;0.073700003
;US-CT;1970;p0p100;1731592.3;64850006386.0;1.0;1.0
;US-CT;1970;p99p100;535844.5;;0.097099997;0.097099997
;US-CT;1970;p99.9p100;1679890.1;;0.0305;0.0305
;US-CT;1970;p99.99p100;5985408.0;;0.0109;0.0109
;US-CT;1970;p90p100;181436.5;;0.32890001;0.32890001
;US-CT;1970;p90p95;112880.1;;0.1023;0.1023
;US-CT;1970;p95p99;178402.59;;0.1294;0.1294
;US-CT;1970;p99.5p99.9;513445.31;;0.0372;0.0372
;US-CT;1970;p99.9p99.99;1201458.0;;0.0196;0.0196
;US-CT;1970;p99p99.5;325046.41;;0.0295;0.0295
;US-CT;1970;p95p100;249905.41;;0.2265;0.2265
;US-CT;1970;p0p90;41138.898;;0.67119998;0.67119998
;US-CT;1970;p0p99;50308.699;;0.90289998;0.90289998
;US-CT;1970;p99.5p100;746678.38;;0.067699999;0.067699999
;US-CT;1969;p0p100;1988603.1;65474113576.0;1.0;1.0
;US-CT;1969;p99p100;689199.69;;0.1216;0.1216
;US-CT;1969;p99.9p100;2629264.5;;0.046399999;0.046399999
;US-CT;1969;p99.99p100;10694634.0;;0.0189;0.0189
;US-CT;1969;p90p100;201430.91;;0.3554;0.3554
;US-CT;1969;p90p95;114306.1;;0.1008;0.1008
;US-CT;1969;p95p99;188255.7;;0.1329;0.1329
;US-CT;1969;p99.5p99.9;608306.63;;0.0429;0.0429
;US-CT;1969;p99.9p99.99;1734017.8;;0.0275;0.0275
;US-CT;1969;p99p99.5;365953.19;;0.032299999;0.032299999
;US-CT;1969;p95p100;288489.59;;0.2545;0.2545
;US-CT;1969;p0p90;40601.102;;0.64469999;0.64469999
;US-CT;1969;p0p99;50290.5;;0.87840003;0.87840003
;US-CT;1969;p99.5p100;1012325.3;;0.089299999;0.089299999
;US-CT;1968;p0p100;2109748.8;61484585337.0;1.0;1.0
;US-CT;1968;p99p100;778905.0;;0.1441;0.1441
;US-CT;1968;p99.9p100;2773996.8;;0.0513;0.0513
;US-CT;1968;p99.99p100;11642765.0;;0.021500001;0.021500001
;US-CT;1968;p90p100;210295.5;;0.389;0.389
;US-CT;1968;p90p95;111072.1;;0.1027;0.1027
;US-CT;1968;p95p99;192346.8;;0.14229999;0.14229999
;US-CT;1968;p99.5p99.9;751470.13;;0.055599999;0.055599999
;US-CT;1968;p99.9p99.99;1786817.1;;0.0297;0.0297
;US-CT;1968;p99p99.5;402039.5;;0.0372;0.0372
;US-CT;1968;p95p100;309632.91;;0.2863;0.2863
;US-CT;1968;p0p90;36701.699;;0.61089998;0.61089998
;US-CT;1968;p0p99;46745.898;;0.85589999;0.85589999
;US-CT;1968;p99.5p100;1155890.3;;0.1069;0.1069
;US-CT;1967;p0p100;2285276.0;60379140122.0;1.0;1.0
;US-CT;1967;p99p100;633965.81;;0.1175;0.1175
;US-CT;1967;p99.9p100;2242574.3;;0.0416;0.0416
;US-CT;1967;p99.99p100;8017891.0;;0.0149;0.0149
;US-CT;1967;p90p100;192536.2;;0.35690001;0.35690001
;US-CT;1967;p90p95;110243.0;;0.1022;0.1022
;US-CT;1967;p95p99;184882.0;;0.1371;0.1371
;US-CT;1967;p99.5p99.9;572177.0;;0.042399999;0.042399999
;US-CT;1967;p99.9p99.99;1601353.1;;0.026699999;0.026699999
;US-CT;1967;p99p99.5;361692.41;;0.033500001;0.033500001
;US-CT;1967;p95p100;274714.59;;0.25459999;0.25459999
;US-CT;1967;p0p90;38556.398;;0.64319998;0.64319998
;US-CT;1967;p0p99;48089.602;;0.88249999;0.88249999
;US-CT;1967;p99.5p100;906239.31;;0.083999999;0.083999999
;US-CT;1966;p0p100;2292685.3;56047889181.0;1.0;1.0
;US-CT;1966;p99p100;556153.38;;0.1092;0.1092
;US-CT;1966;p99.9p100;1866356.3;;0.036600001;0.036600001
;US-CT;1966;p99.99p100;6965285.0;;0.0137;0.0137
;US-CT;1966;p90p100;174323.09;;0.3423;0.3423
;US-CT;1966;p90p95;105594.3;;0.1037;0.1037
;US-CT;1966;p95p99;164470.59;;0.1292;0.1292
;US-CT;1966;p99.5p99.9;517555.19;;0.040600002;0.040600002
;US-CT;1966;p99.9p99.99;1299884.6;;0.023;0.023
;US-CT;1966;p99p99.5;325071.5;;0.0319;0.0319
;US-CT;1966;p95p100;242824.09;;0.2384;0.2384
;US-CT;1966;p0p90;37233.699;;0.65799999;0.65799999
;US-CT;1966;p0p99;45827.602;;0.8908;0.8908
;US-CT;1966;p99.5p100;787212.31;;0.077299997;0.077299997
;US-CT;1965;p0p100;2310673.5;52462505949.0;1.0;1.0
;US-CT;1965;p99p100;583648.81;;0.1203;0.1203
;US-CT;1965;p99.9p100;2040883.4;;0.042100001;0.042100001
;US-CT;1965;p99.99p100;8589571.0;;0.0177;0.0177
;US-CT;1965;p90p100;174288.8;;0.3592;0.3592
;US-CT;1965;p90p95;99045.398;;0.1021;0.1021
;US-CT;1965;p95p99;166030.5;;0.13689999;0.13689999
;US-CT;1965;p99.5p99.9;530271.69;;0.043699998;0.043699998
;US-CT;1965;p99.9p99.99;1313596.6;;0.0244;0.0244
;US-CT;1965;p99p99.5;335032.59;;0.034499999;0.034499999
;US-CT;1965;p95p100;249549.0;;0.2572;0.2572
;US-CT;1965;p0p90;34541.602;;0.64069998;0.64069998
;US-CT;1965;p0p99;43113.0;;0.87970001;0.87970001
;US-CT;1965;p99.5p100;832285.63;;0.0858;0.0858
;US-CT;1964;p0p100;2297881.0;49599206300.0;1.0;1.0
;US-CT;1964;p99p100;534236.31;;0.1143;0.1143
;US-CT;1964;p99.9p100;1749604.8;;0.0374;0.0374
;US-CT;1964;p99.99p100;6708118.5;;0.0144;0.0144
;US-CT;1964;p90p100;161875.0;;0.34639999;0.34639999
;US-CT;1964;p90p95;93050.297;;0.099600002;0.099600002
;US-CT;1964;p95p99;154851.3;;0.13249999;0.13249999
;US-CT;1964;p99.5p99.9;495573.09;;0.042399999;0.042399999
;US-CT;1964;p99.9p99.99;1198635.0;;0.0231;0.0231
;US-CT;1964;p99p99.5;322027.81;;0.034499999;0.034499999
;US-CT;1964;p95p100;230763.91;;0.24690001;0.24690001
;US-CT;1964;p0p90;33935.102;;0.65359998;0.65359998
;US-CT;1964;p0p99;41805.898;;0.88569999;0.88569999
;US-CT;1964;p99.5p100;746338.13;;0.079899997;0.079899997
;US-CT;1963;p0p100;2251593.5;46416433355.0;1.0;1.0
;US-CT;1963;p99p100;459667.41;;0.103;0.103
;US-CT;1963;p99.9p100;1515792.8;;0.034000002;0.034000002
;US-CT;1963;p99.99p100;5316307.5;;0.0119;0.0119
;US-CT;1963;p90p100;149661.59;;0.3355;0.3355
;US-CT;1963;p90p95;90491.703;;0.1014;0.1014
;US-CT;1963;p95p99;146121.5;;0.131;0.131
;US-CT;1963;p99.5p99.9;438705.0;;0.039299998;0.039299998
;US-CT;1963;p99.9p99.99;1093836.1;;0.0221;0.0221
;US-CT;1963;p99p99.5;265351.41;;0.0297;0.0297
;US-CT;1963;p95p100;208830.7;;0.234;0.234
;US-CT;1963;p0p90;32942.0;;0.6645;0.6645
;US-CT;1963;p0p99;40422.398;;0.89700001;0.89700001
;US-CT;1963;p99.5p100;653985.63;;0.073299997;0.073299997
;US-CT;1962;p0p100;2245277.0;44167566635.0;1.0;1.0
;US-CT;1962;p99p100;450204.5;;0.1039;0.1039
;US-CT;1962;p99.9p100;1535642.3;;0.035399999;0.035399999
;US-CT;1962;p99.99p100;5427869.0;;0.0125;0.0125
;US-CT;1962;p90p100;143985.5;;0.33230001;0.33230001
;US-CT;1962;p90p95;86160.797;;0.099399999;0.099399999
;US-CT;1962;p95p99;139710.7;;0.12899999;0.12899999
;US-CT;1962;p99.5p99.9;424486.31;;0.0392;0.0392
;US-CT;1962;p99.9p99.99;1103560.3;;0.0229;0.0229
;US-CT;1962;p99p99.5;254031.5;;0.029300001;0.029300001
;US-CT;1962;p95p100;201809.41;;0.23289999;0.23289999
;US-CT;1962;p0p90;32148.5;;0.66769999;0.66769999
;US-CT;1962;p0p99;39224.398;;0.89609998;0.89609998
;US-CT;1962;p99.5p100;646381.19;;0.074600004;0.074600004
;US-CT;1961;p0p100;2238409.0;42241410755.0;1.0;1.0
;US-CT;1961;p99p100;484424.31;;0.1144;0.1144
;US-CT;1961;p99.9p100;1688643.3;;0.039900001;0.039900001
;US-CT;1961;p99.99p100;6056110.0;;0.0143;0.0143
;US-CT;1961;p90p100;145734.0;;0.3441;0.3441
;US-CT;1961;p90p95;83717.0;;0.098800004;0.098800004
;US-CT;1961;p95p99;138577.5;;0.1309;0.1309
;US-CT;1961;p99.5p99.9;458245.09;;0.043299999;0.043299999
;US-CT;1961;p99.9p99.99;1203612.6;;0.025599999;0.025599999
;US-CT;1961;p99p99.5;264530.5;;0.031199999;0.031199999
;US-CT;1961;p95p100;207748.41;;0.24529999;0.24529999
;US-CT;1961;p0p90;30860.1;;0.6559;0.6559
;US-CT;1961;p0p99;37882.199;;0.88559997;0.88559997
;US-CT;1961;p99.5p100;704316.0;;0.0832;0.0832
;US-CT;1960;p0p100;2210165.5;39954238585.0;1.0;1.0
;US-CT;1960;p99p100;446978.31;;0.1091;0.1091
;US-CT;1960;p99.9p100;1607099.0;;0.0392;0.0392
;US-CT;1960;p99.99p100;6257409.0;;0.0153;0.0153
;US-CT;1960;p90p100;137730.3;;0.33610001;0.33610001
;US-CT;1960;p90p95;81041.102;;0.098899998;0.098899998
;US-CT;1960;p95p99;131280.0;;0.12809999;0.12809999
;US-CT;1960;p99.5p99.9;407975.91;;0.039799999;0.039799999
;US-CT;1960;p99.9p99.99;1089269.1;;0.0239;0.0239
;US-CT;1960;p99p99.5;246767.0;;0.030099999;0.030099999
;US-CT;1960;p95p100;194420.59;;0.23720001;0.23720001
;US-CT;1960;p0p90;30225.9;;0.6638;0.6638
;US-CT;1960;p0p99;36877.398;;0.89090002;0.89090002
;US-CT;1960;p99.5p100;647194.5;;0.079000004;0.079000004
;US-CT;1959;p0p100;2287073.5;39400103707.0;1.0;1.0
;US-CT;1959;p99p100;449289.91;;0.1096;0.1096
;US-CT;1959;p99.9p100;1505078.8;;0.036699999;0.036699999
;US-CT;1959;p99.99p100;5115580.0;;0.0125;0.0125
;US-CT;1959;p90p100;137489.5;;0.3355;0.3355
;US-CT;1959;p90p95;79637.203;;0.097199999;0.097199999
;US-CT;1959;p95p99;131851.8;;0.1287;0.1287
;US-CT;1959;p99.5p99.9;429360.91;;0.041900001;0.041900001
;US-CT;1959;p99.9p99.99;1104019.3;;0.0242;0.0242
;US-CT;1959;p99p99.5;254207.41;;0.030999999;0.030999999
;US-CT;1959;p95p100;195339.91;;0.2383;0.2383
;US-CT;1959;p0p90;30260.301;;0.6645;0.6645
;US-CT;1959;p0p99;36859.602;;0.89039999;0.89039999
;US-CT;1959;p99.5p100;644375.19;;0.078599997;0.078599997
;US-CT;1958;p0p100;2173825.3;36379005298.0;1.0;1.0
;US-CT;1958;p99p100;423277.41;;0.1102;0.1102
;US-CT;1958;p99.9p100;1343232.4;;0.035;0.035
;US-CT;1958;p99.99p100;4493565.0;;0.0117;0.0117
;US-CT;1958;p90p100;129653.1;;0.33750001;0.33750001
;US-CT;1958;p90p95;74924.0;;0.097499996;0.097499996
;US-CT;1958;p95p99;124655.1;;0.12980001;0.12980001
;US-CT;1958;p99.5p99.9;408141.41;;0.0425;0.0425
;US-CT;1958;p99.9p99.99;993233.31;;0.0233;0.0233
;US-CT;1958;p99p99.5;251488.8;;0.032699998;0.032699998
;US-CT;1958;p95p100;184379.91;;0.23989999;0.23989999
;US-CT;1958;p0p90;28283.5;;0.66250002;0.66250002
;US-CT;1958;p0p99;34533.398;;0.88980001;0.88980001
;US-CT;1958;p99.5p100;595065.0;;0.077399999;0.077399999
;US-CT;1957;p0p100;2524418.3;39419210325.0;1.0;1.0
;US-CT;1957;p99p100;423918.91;;0.1003;0.1003
;US-CT;1957;p99.9p100;1371187.8;;0.032400001;0.032400001
;US-CT;1957;p99.99p100;4355327.5;;0.0103;0.0103
;US-CT;1957;p90p100;131273.8;;0.3105;0.3105
;US-CT;1957;p90p95;75715.0;;0.089500003;0.089500003
;US-CT;1957;p95p99;127558.8;;0.1207;0.1207
;US-CT;1957;p99.5p99.9;416553.41;;0.0394;0.0394
;US-CT;1957;p99.9p99.99;1039866.3;;0.0221;0.0221
;US-CT;1957;p99p99.5;240446.5;;0.0284;0.0284
;US-CT;1957;p95p100;186831.0;;0.221;0.221
;US-CT;1957;p0p90;32389.9;;0.68949997;0.68949997
;US-CT;1957;p0p99;38423.898;;0.89969999;0.89969999
;US-CT;1957;p99.5p100;607392.0;;0.071800001;0.071800001
;US-CT;1956;p0p100;2706873.5;38745019254.0;1.0;1.0
;US-CT;1956;p99p100;480555.81;;0.1137;0.1137
;US-CT;1956;p99.9p100;1560742.1;;0.036899999;0.036899999
;US-CT;1956;p99.99p100;5219018.5;;0.0123;0.0123
;US-CT;1956;p90p100;137458.91;;0.32519999;0.32519999
;US-CT;1956;p90p95;79154.602;;0.093599997;0.093599997
;US-CT;1956;p95p99;124183.6;;0.1175;0.1175
;US-CT;1956;p99.5p99.9;480651.5;;0.045499999;0.045499999
;US-CT;1956;p99.9p99.99;1154596.5;;0.024599999;0.024599999
;US-CT;1956;p99p99.5;264371.81;;0.031300001;0.031300001
;US-CT;1956;p95p100;195457.41;;0.23119999;0.23119999
;US-CT;1956;p0p90;31709.5;;0.67519999;0.67519999
;US-CT;1956;p0p99;37842.0;;0.88630003;0.88630003
;US-CT;1956;p99.5p100;696740.5;;0.082400002;0.082400002
;US-CT;1955;p0p100;2671790.8;36500806520.0;1.0;1.0
;US-CT;1955;p99p100;459316.31;;0.1134;0.1134
;US-CT;1955;p99.9p100;1551541.8;;0.0383;0.0383
;US-CT;1955;p99.99p100;5754650.5;;0.0142;0.0142
;US-CT;1955;p90p100;131747.5;;0.32530001;0.32530001
;US-CT;1955;p90p95;76525.398;;0.094499998;0.094499998
;US-CT;1955;p95p99;118481.5;;0.117;0.117
;US-CT;1955;p99.5p99.9;451667.41;;0.044599999;0.044599999
;US-CT;1955;p99.9p99.99;1084494.3;;0.0241;0.0241
;US-CT;1955;p99p99.5;246990.8;;0.0305;0.0305
;US-CT;1955;p95p100;186663.7;;0.2304;0.2304
;US-CT;1955;p0p90;30379.6;;0.67510003;0.67510003
;US-CT;1955;p0p99;36269.801;;0.88660002;0.88660002
;US-CT;1955;p99.5p100;671641.69;;0.082900003;0.082900003
;US-CT;1954;p0p100;2517192.5;34060749042.0;1.0;1.0
;US-CT;1954;p99p100;428434.09;;0.1114;0.1114
;US-CT;1954;p99.9p100;1449880.9;;0.037700001;0.037700001
;US-CT;1954;p99.99p100;5045717.0;;0.0131;0.0131
;US-CT;1954;p90p100;125219.3;;0.32570001;0.32570001
;US-CT;1954;p90p95;72667.703;;0.094499998;0.094499998
;US-CT;1954;p95p99;114481.4;;0.1191;0.1191
;US-CT;1954;p99.5p99.9;410884.09;;0.042800002;0.042800002
;US-CT;1954;p99.9p99.99;1050334.8;;0.024599999;0.024599999
;US-CT;1954;p99p99.5;238183.8;;0.030999999;0.030999999
;US-CT;1954;p95p100;177306.0;;0.2306;0.2306
;US-CT;1954;p0p90;28828.699;;0.6749;0.6749
;US-CT;1954;p0p99;34503.5;;0.88859999;0.88859999
;US-CT;1954;p99.5p100;618684.19;;0.080499999;0.080499999
;US-CT;1953;p0p100;2560391.0;33717347242.0;1.0;1.0
;US-CT;1953;p99p100;382444.09;;0.098800004;0.098800004
;US-CT;1953;p99.9p100;1162610.9;;0.029999999;0.029999999
;US-CT;1953;p99.99p100;3738303.8;;0.0097000003;0.0097000003
;US-CT;1953;p90p100;119131.3;;0.30770001;0.30770001
;US-CT;1953;p90p95;72496.898;;0.093599997;0.093599997
;US-CT;1953;p95p99;111070.4;;0.1148;0.1148
;US-CT;1953;p99.5p99.9;386114.41;;0.039900001;0.039900001
;US-CT;1953;p99.9p99.99;876266.38;;0.020400001;0.020400001
;US-CT;1953;p99p99.5;223500.5;;0.028899999;0.028899999
;US-CT;1953;p95p100;165374.2;;0.21359999;0.21359999
;US-CT;1953;p0p90;29803.1;;0.69279999;0.69279999
;US-CT;1953;p0p99;35242.898;;0.9012;0.9012
;US-CT;1953;p99.5p100;541391.38;;0.069899999;0.069899999
;US-CT;1952;p0p100;2476993.3;31610302269.0;1.0;1.0
;US-CT;1952;p99p100;455571.81;;0.1235;0.1235
;US-CT;1952;p99.9p100;1453812.3;;0.0394;0.0394
;US-CT;1952;p99.99p100;4387760.0;;0.0119;0.0119
;US-CT;1952;p90p100;121238.8;;0.32859999;0.32859999
;US-CT;1952;p90p95;64387.5;;0.087300003;0.087300003
;US-CT;1952;p95p99;107042.2;;0.1161;0.1161
;US-CT;1952;p99.5p99.9;445696.09;;0.048300002;0.048300002
;US-CT;1952;p99.9p99.99;1128484.8;;0.0275;0.0275
;US-CT;1952;p99p99.5;263814.19;;0.035799999;0.035799999
;US-CT;1952;p95p100;176903.5;;0.2397;0.2397
;US-CT;1952;p0p90;27597.199;;0.67320001;0.67320001
;US-CT;1952;p0p99;32665.801;;0.87650001;0.87650001
;US-CT;1952;p99.5p100;647351.63;;0.087700002;0.087700002
;US-CT;1951;p0p100;2469308.5;29665982856.0;1.0;1.0
;US-CT;1951;p99p100;453161.59;;0.1287;0.1287
;US-CT;1951;p99.9p100;1547404.6;;0.043900002;0.043900002
;US-CT;1951;p99.99p100;3993653.5;;0.0113;0.0113
;US-CT;1951;p90p100;116714.1;;0.33129999;0.33129999
;US-CT;1951;p90p95;56736.602;;0.080499999;0.080499999
;US-CT;1951;p95p99;109127.8;;0.1239;0.1239
;US-CT;1951;p99.5p99.9;445527.69;;0.0506;0.0506
;US-CT;1951;p99.9p99.99;1279199.1;;0.032699998;0.032699998
;US-CT;1951;p99p99.5;240423.7;;0.0341;0.0341
;US-CT;1951;p95p100;177804.41;;0.25240001;0.25240001
;US-CT;1951;p0p99;23724.6;;0.66680002;0.66680002
;US-CT;1951;p99.5p100;666236.69;;0.094599999;0.094599999
;US-CT;1950;p0p100;2757487.5;27966627434.0;1.0;1.0
;US-CT;1950;p99p100;459283.09;;0.13600001;0.13600001
;US-CT;1950;p99.9p100;1563756.3;;0.046300001;0.046300001
;US-CT;1950;p99.99p100;4402989.0;;0.013;0.013
;US-CT;1950;p90p100;119830.1;;0.3547;0.3547
;US-CT;1950;p90p95;57196.199;;0.084700003;0.084700003
;US-CT;1950;p95p99;113632.7;;0.1345;0.1345
;US-CT;1950;p99.5p99.9;443580.0;;0.052499998;0.052499998
;US-CT;1950;p99.9p99.99;1245863.6;;0.033199999;0.033199999
;US-CT;1950;p99p99.5;250970.0;;0.037099998;0.037099998
;US-CT;1950;p95p100;182764.91;;0.2705;0.2705
;US-CT;1950;p0p90;24207.301;;0.64490002;0.64490002
;US-CT;1950;p0p99;29484.4;;0.86400002;0.86400002
;US-CT;1950;p99.5p100;667614.63;;0.098800004;0.098800004
;US-CT;1949;p0p100;2503551.3;24468726587.0;1.0;1.0
;US-CT;1949;p99p100;365276.91;;0.1214;0.1214
;US-CT;1949;p99.9p100;1211459.3;;0.0403;0.0403
;US-CT;1949;p99.99p100;3767507.5;;0.0125;0.0125
;US-CT;1949;p90p100;99850.102;;0.33199999;0.33199999
;US-CT;1949;p90p95;53216.5;;0.088500001;0.088500001
;US-CT;1949;p95p99;91927.797;;0.1222;0.1222
;US-CT;1949;p99.5p99.9;360904.19;;0.048;0.048
;US-CT;1949;p99.9p99.99;927463.19;;0.027799999;0.027799999
;US-CT;1949;p99p99.5;199539.5;;0.033199999;0.033199999
;US-CT;1949;p95p100;146648.0;;0.2438;0.2438
;US-CT;1949;p0p90;22320.0;;0.66780001;0.66780001
;US-CT;1949;p0p99;26692.9;;0.8786;0.8786
;US-CT;1949;p99.5p100;531015.19;;0.088299997;0.088299997
;US-CT;1948;p0p100;2577487.0;25316727489.0;1.0;1.0
;US-CT;1948;p99p100;388314.5;;0.123;0.123
;US-CT;1948;p99.9p100;1328816.1;;0.042100001;0.042100001
;US-CT;1948;p99.99p100;4098036.0;;0.013;0.013
;US-CT;1948;p90p100;104078.1;;0.32960001;0.32960001
;US-CT;1948;p90p95;54233.199;;0.085900001;0.085900001
;US-CT;1948;p95p99;95367.602;;0.1208;0.1208
;US-CT;1948;p99.5p99.9;380964.59;;0.048300002;0.048300002
;US-CT;1948;p99.9p99.99;1021135.9;;0.029100001;0.029100001
;US-CT;1948;p99p99.5;206091.09;;0.032600001;0.032600001
;US-CT;1948;p95p100;153972.09;;0.2438;0.2438
;US-CT;1948;p0p90;23519.699;;0.67030001;0.67030001
;US-CT;1948;p0p99;27973.801;;0.87699997;0.87699997
;US-CT;1948;p99.5p100;570535.88;;0.090300001;0.090300001
;US-CT;1947;p0p100;3052296.8;25434924510.0;1.0;1.0
;US-CT;1947;p99p100;373878.19;;0.1161;0.1161
;US-CT;1947;p99.9p100;1276682.4;;0.039700001;0.039700001
;US-CT;1947;p99.99p100;4195804.5;;0.013;0.013
;US-CT;1947;p90p100;100863.7;;0.31330001;0.31330001
;US-CT;1947;p90p95;52214.301;;0.081100002;0.081100002
;US-CT;1947;p95p99;93407.0;;0.1161;0.1161
;US-CT;1947;p99.5p99.9;363774.41;;0.045200001;0.045200001
;US-CT;1947;p99.9p99.99;952344.31;;0.0266;0.0266
;US-CT;1947;p99p99.5;201412.91;;0.031300001;0.031300001
;US-CT;1947;p95p100;149509.41;;0.2322;0.2322
;US-CT;1947;p0p90;24565.5;;0.68669999;0.68669999
;US-CT;1947;p0p99;28743.4;;0.88389999;0.88389999
;US-CT;1947;p99.5p100;546356.88;;0.084899999;0.084899999
;US-CT;1946;p0p100;3974780.0;24902943472.0;1.0;1.0
;US-CT;1946;p99p100;420378.41;;0.1311;0.1311
;US-CT;1946;p99.9p100;1431130.3;;0.044599999;0.044599999
;US-CT;1946;p99.99p100;4742583.5;;0.0148;0.0148
;US-CT;1946;p90p100;109462.8;;0.34150001;0.34150001
;US-CT;1946;p90p95;54182.801;;0.0845;0.0845
;US-CT;1946;p95p99;100825.8;;0.1258;0.1258
;US-CT;1946;p99.5p99.9;409000.5;;0.050999999;0.050999999
;US-CT;1946;p99.9p99.99;1063194.9;;0.0298;0.0298
;US-CT;1946;p99p99.5;227342.3;;0.035500001;0.035500001
;US-CT;1946;p95p100;164740.91;;0.25690001;0.25690001
;US-CT;1946;p0p90;23457.4;;0.65859997;0.65859997
;US-CT;1946;p0p99;28135.199;;0.8689;0.8689
;US-CT;1946;p99.5p100;613426.81;;0.095700003;0.095700003
;US-CT;1945;p0p100;4711361.5;24851522986.0;1.0;1.0
;US-CT;1945;p99p100;414585.19;;0.1285;0.1285
;US-CT;1945;p99.9p100;1405211.8;;0.0436;0.0436
;US-CT;1945;p99.99p100;4370751.5;;0.0135;0.0135
;US-CT;1945;p90p100;106630.2;;0.33059999;0.33059999
;US-CT;1945;p90p95;53881.102;;0.083499998;0.083499998
;US-CT;1945;p95p99;95561.203;;0.1185;0.1185
;US-CT;1945;p99.5p99.9;409822.81;;0.050799999;0.050799999
;US-CT;1945;p99.9p99.99;1074923.9;;0.029999999;0.029999999
;US-CT;1945;p99p99.5;220273.59;;0.0341;0.0341
;US-CT;1945;p95p100;159375.0;;0.24699999;0.24699999
;US-CT;1945;p0p90;23995.4;;0.66949999;0.66949999
;US-CT;1945;p0p99;28395.6;;0.87150002;0.87150002
;US-CT;1945;p99.5p100;608908.63;;0.094400004;0.094400004
;US-CT;1944;p0p100;5293023.5;26448487422.0;1.0;1.0
;US-CT;1944;p99p100;403505.91;;0.1165;0.1165
;US-CT;1944;p99.9p100;1373792.8;;0.039700001;0.039700001
;US-CT;1944;p99.99p100;4415719.5;;0.0127;0.0127
;US-CT;1944;p90p100;113795.7;;0.3285;0.3285
;US-CT;1944;p90p95;65133.602;;0.093999997;0.093999997
;US-CT;1944;p95p99;101212.1;;0.1169;0.1169
;US-CT;1944;p99.5p99.9;401742.81;;0.046399999;0.046399999
;US-CT;1944;p99.9p99.99;1035555.9;;0.026900001;0.026900001
;US-CT;1944;p99p99.5;210789.0;;0.030400001;0.030400001
;US-CT;1944;p95p100;161708.2;;0.2334;0.2334
;US-CT;1944;p0p90;25894.0;;0.67269999;0.67269999
;US-CT;1944;p0p99;30918.4;;0.88349998;0.88349998
;US-CT;1944;p99.5p100;596134.88;;0.086000003;0.086000003
;US-CT;1943;p0p100;5974420.0;28545302448.0;1.0;1.0
;US-CT;1943;p99p100;453353.69;;0.12;0.12
;US-CT;1943;p99.9p100;1572591.6;;0.0416;0.0416
;US-CT;1943;p99.99p100;4871671.5;;0.0129;0.0129
;US-CT;1943;p90p100;117290.2;;0.3105;0.3105
;US-CT;1943;p90p95;61867.102;;0.081900001;0.081900001
;US-CT;1943;p95p99;102601.9;;0.1086;0.1086
;US-CT;1943;p99.5p99.9;446952.09;;0.0473;0.0473
;US-CT;1943;p99.9p99.99;1201900.3;;0.0286;0.0286
;US-CT;1943;p99p99.5;234627.8;;0.031099999;0.031099999
;US-CT;1943;p95p100;172737.8;;0.2286;0.2286
;US-CT;1943;p0p90;28947.5;;0.68959999;0.68959999
;US-CT;1943;p0p99;33582.301;;0.88;0.88
;US-CT;1943;p99.5p100;672076.13;;0.0889;0.0889
;US-CT;1942;p0p100;6228932.0;26090009155.0;1.0;1.0
;US-CT;1942;p99p100;458166.31;;0.1311;0.1311
;US-CT;1942;p99.9p100;1639559.1;;0.0469;0.0469
;US-CT;1942;p99.99p100;5628509.5;;0.016100001;0.016100001
;US-CT;1942;p90p100;114225.9;;0.3267;0.3267
;US-CT;1942;p90p95;61074.199;;0.087399997;0.087399997
;US-CT;1942;p95p99;94727.398;;0.1084;0.1084
;US-CT;1942;p99.5p99.9;450245.5;;0.0515;0.0515
;US-CT;1942;p99.9p99.99;1196788.3;;0.0308;0.0308
;US-CT;1942;p99p99.5;228223.91;;0.032600001;0.032600001
;US-CT;1942;p95p100;167382.8;;0.2394;0.2394
;US-CT;1942;p0p90;26149.1;;0.67320001;0.67320001
;US-CT;1942;p0p99;30684.301;;0.8689;0.8689
;US-CT;1942;p99.5p100;688112.63;;0.098399997;0.098399997
;US-CT;1941;p0p100;6539405.5;22155904953.0;1.0;1.0
;US-CT;1941;p99p100;474654.69;;0.1584;0.1584
;US-CT;1941;p99.9p100;1744972.5;;0.058200002;0.058200002
;US-CT;1941;p99.99p100;5933707.0;;0.0198;0.0198
;US-CT;1941;p90p100;112029.0;;0.37380001;0.37380001
;US-CT;1941;p90p95;55796.898;;0.093099996;0.093099996
;US-CT;1941;p95p99;91462.203;;0.1221;0.1221
;US-CT;1941;p99.5p99.9;461002.0;;0.061500002;0.061500002
;US-CT;1941;p99.9p99.99;1279542.8;;0.038400002;0.038400002
;US-CT;1941;p99p99.5;231527.41;;0.038600001;0.038600001
;US-CT;1941;p95p100;168020.5;;0.28029999;0.28029999
;US-CT;1941;p0p90;20863.9;;0.62650001;0.62650001
;US-CT;1941;p0p99;25480.699;;0.8416;0.8416
;US-CT;1941;p99.5p100;717819.38;;0.1197;0.1197
;US-CT;1940;p0p100;6053707.0;18445772274.0;1.0;1.0
;US-CT;1940;p99p100;441765.0;;0.17550001;0.17550001
;US-CT;1940;p99.9p100;1573235.0;;0.0625;0.0625
;US-CT;1940;p99.99p100;4749805.5;;0.0189;0.0189
;US-CT;1940;p90p100;103537.9;;0.41139999;0.41139999
;US-CT;1940;p90p95;50383.102;;0.1001;0.1001
;US-CT;1940;p95p99;85660.602;;0.13609999;0.13609999
;US-CT;1940;p99.5p99.9;439482.59;;0.069899999;0.069899999
;US-CT;1940;p99.9p99.99;1219212.5;;0.0436;0.0436
;US-CT;1940;p99p99.5;217249.91;;0.043200001;0.043200001
;US-CT;1940;p95p100;156776.7;;0.31150001;0.31150001
;US-CT;1940;p0p90;16449.699;;0.58829999;0.58829999
;US-CT;1940;p0p99;20958.699;;0.82450002;0.82450002
;US-CT;1940;p99.5p100;666333.5;;0.13240001;0.13240001
;US-CT;1939;p0p100;5721213.0;16840940553.0;1.0;1.0
;US-CT;1939;p99p100;409269.59;;0.1754;0.1754
;US-CT;1939;p99.9p100;1466758.4;;0.062899999;0.062899999
;US-CT;1939;p99.99p100;4602303.5;;0.0197;0.0197
;US-CT;1939;p90p100;99922.398;;0.42820001;0.42820001
;US-CT;1939;p90p95;52513.602;;0.1125;0.1125
;US-CT;1939;p95p99;81251.297;;0.1393;0.1393
;US-CT;1939;p99.5p99.9;405397.59;;0.069499999;0.069499999
;US-CT;1939;p99.9p99.99;1118107.3;;0.043099999;0.043099999
;US-CT;1939;p99p99.5;200877.5;;0.043000001;0.043000001
;US-CT;1939;p95p100;146745.09;;0.3145;0.3145
;US-CT;1939;p0p90;14850.4;;0.57279998;0.57279998
;US-CT;1939;p0p99;19435.199;;0.82459998;0.82459998
;US-CT;1939;p99.5p100;617731.19;;0.13240001;0.13240001
;US-CT;1938;p0p100;5063910.5;15126038032.0;1.0;1.0
;US-CT;1938;p99p100;352365.69;;0.16580001;0.16580001
;US-CT;1938;p99.9p100;1336024.3;;0.062899999;0.062899999
;US-CT;1938;p99.99p100;4714822.0;;0.0222;0.0222
;US-CT;1938;p90p100;90657.297;;0.42660001;0.42660001
;US-CT;1938;p90p95;53558.898;;0.126;0.126
;US-CT;1938;p95p99;72088.102;;0.1357;0.1357
;US-CT;1938;p99.5p99.9;333650.69;;0.062799998;0.062799998
;US-CT;1938;p99.9p99.99;959676.19;;0.040600002;0.040600002
;US-CT;1938;p99p99.5;170721.59;;0.040199999;0.040199999
;US-CT;1938;p95p100;128053.1;;0.30129999;0.30129999
;US-CT;1938;p0p90;13520.0;;0.57249999;0.57249999
;US-CT;1938;p0p99;17908.301;;0.83420002;0.83420002
;US-CT;1938;p99.5p100;534119.0;;0.1257;0.1257
;US-CT;1937;p0p100;5417601.5;16575019889.0;1.0;1.0
;US-CT;1937;p99p100;454008.41;;0.19230001;0.19230001
;US-CT;1937;p99.9p100;1715590.6;;0.072700001;0.072700001
;US-CT;1937;p99.99p100;5428146.5;;0.023;0.023
;US-CT;1937;p90p100;103220.0;;0.43720001;0.43720001
;US-CT;1937;p90p95;52056.102;;0.1103;0.1103
;US-CT;1937;p95p99;78406.5;;0.1328;0.1328
;US-CT;1937;p99.5p99.9;442613.0;;0.075000003;0.075000003
;US-CT;1937;p99.9p99.99;1303119.5;;0.049699999;0.049699999
;US-CT;1937;p99p99.5;210806.41;;0.044599999;0.044599999
;US-CT;1937;p95p100;153547.7;;0.32519999;0.32519999
;US-CT;1937;p0p90;14809.3;;0.56459999;0.56459999
;US-CT;1937;p0p99;19260.1;;0.80769998;0.80769998
;US-CT;1937;p99.5p100;697208.19;;0.1477;0.1477
;US-CT;1936;p0p100;5731065.0;16140010440.0;1.0;1.0
;US-CT;1936;p99p100;488620.81;;0.2101;0.2101
;US-CT;1936;p99.9p100;1893098.3;;0.0814;0.0814
;US-CT;1936;p99.99p100;6023345.5;;0.025900001;0.025900001
;US-CT;1936;p90p100;107771.3;;0.46329999;0.46329999
;US-CT;1936;p90p95;54680.898;;0.1175;0.1175
;US-CT;1936;p95p99;78707.203;;0.1353;0.1353
;US-CT;1936;p99.5p99.9;475060.41;;0.081699997;0.081699997
;US-CT;1936;p99.9p99.99;1434208.5;;0.055500001;0.055500001
;US-CT;1936;p99p99.5;218572.2;;0.046999998;0.046999998
;US-CT;1936;p95p100;160667.3;;0.34529999;0.34529999
;US-CT;1936;p0p90;13881.1;;0.53710002;0.53710002
;US-CT;1936;p0p99;18560.9;;0.7899;0.7899
;US-CT;1936;p99.5p100;758666.63;;0.1631;0.1631
;US-CT;1935;p0p100;5202815.5;14198761316.0;1.0;1.0
;US-CT;1935;p99p100;363332.91;;0.1754;0.1754
;US-CT;1935;p99.9p100;1341320.3;;0.064800002;0.064800002
;US-CT;1935;p99.99p100;4131780.0;;0.0199;0.0199
;US-CT;1935;p90p100;91675.102;;0.44260001;0.44260001
;US-CT;1935;p90p95;54846.301;;0.13240001;0.13240001
;US-CT;1935;p95p99;71723.203;;0.13850001;0.13850001
;US-CT;1935;p99.5p99.9;357636.59;;0.0691;0.0691
;US-CT;1935;p99.9p99.99;1031305.4;;0.044799998;0.044799998
;US-CT;1935;p99p99.5;172295.8;;0.0416;0.0416
;US-CT;1935;p95p100;130210.1;;0.3143;0.3143
;US-CT;1935;p0p90;12741.9;;0.55369997;0.55369997
;US-CT;1935;p0p99;17251.5;;0.82459998;0.82459998
;US-CT;1935;p99.5p100;554367.0;;0.1338;0.1338
;US-CT;1934;p0p100;5127588.0;13153236563.0;1.0;1.0
;US-CT;1934;p99p100;311766.59;;0.1604;0.1604
;US-CT;1934;p99.9p100;1106552.9;;0.056899998;0.056899998
;US-CT;1934;p99.99p100;3483474.3;;0.017899999;0.017899999
;US-CT;1934;p90p100;84388.203;;0.43430001;0.43430001
;US-CT;1934;p90p95;49760.301;;0.12800001;0.12800001
;US-CT;1934;p95p99;72614.398;;0.1495;0.1495
;US-CT;1934;p99.5p99.9;308706.09;;0.063500002;0.063500002
;US-CT;1934;p99.9p99.99;842474.69;;0.039000001;0.039000001
;US-CT;1934;p99p99.5;155266.8;;0.039999999;0.039999999
;US-CT;1934;p95p100;120865.7;;0.31099999;0.31099999
;US-CT;1934;p0p90;12134.8;;0.56199998;0.56199998
;US-CT;1934;p0p99;16478.699;;0.83960003;0.83960003
;US-CT;1934;p99.5p100;468267.41;;0.1205;0.1205
;US-CT;1933;p0p100;5159187.5;12242055712.0;1.0;1.0
;US-CT;1933;p99p100;296028.41;;0.1617;0.1617
;US-CT;1933;p99.9p100;1168109.1;;0.0638;0.0638
;US-CT;1933;p99.99p100;4306409.0;;0.023499999;0.023499999
;US-CT;1933;p90p100;80287.203;;0.4386;0.4386
;US-CT;1933;p90p95;49243.301;;0.1345;0.1345
;US-CT;1933;p95p99;67537.398;;0.1476;0.1476
;US-CT;1933;p99.5p99.9;272650.69;;0.059599999;0.059599999
;US-CT;1933;p99.9p99.99;819409.13;;0.0403;0.0403
;US-CT;1933;p99p99.5;140314.5;;0.0383;0.0383
;US-CT;1933;p95p100;113481.4;;0.31;0.31
;US-CT;1933;p0p90;11311.4;;0.55620003;0.55620003
;US-CT;1933;p0p99;15498.9;;0.83829999;0.83829999
;US-CT;1933;p99.5p100;451742.41;;0.1234;0.1234
;US-CT;1932;p0p100;4787341.0;12477413686.0;1.0;1.0
;US-CT;1932;p99p100;296974.81;;0.1574;0.1574
;US-CT;1932;p99.9p100;1094373.3;;0.057999998;0.057999998
;US-CT;1932;p99.99p100;3129038.8;;0.0166;0.0166
;US-CT;1932;p90p100;85093.703;;0.45089999;0.45089999
;US-CT;1932;p90p95;58998.801;;0.15629999;0.15629999
;US-CT;1932;p95p99;68909.0;;0.146;0.146
;US-CT;1932;p99.5p99.9;285680.5;;0.0605;0.0605
;US-CT;1932;p99.9p99.99;868299.13;;0.0414;0.0414
;US-CT;1932;p99p99.5;146530.5;;0.038800001;0.038800001
;US-CT;1932;p95p100;114962.7;;0.3046;0.3046
;US-CT;1932;p0p90;11330.3;;0.54030001;0.54030001
;US-CT;1932;p0p99;16064.2;;0.84259999;0.84259999
;US-CT;1932;p99.5p100;447419.0;;0.1185;0.1185
;US-CT;1931;p0p100;4454540.0;14258400183.0;1.0;1.0
;US-CT;1931;p99p100;335111.31;;0.15350001;0.15350001
;US-CT;1931;p99.9p100;1234011.8;;0.056499999;0.056499999
;US-CT;1931;p99.99p100;4021220.5;;0.0184;0.0184
;US-CT;1931;p90p100;98919.703;;0.45320001;0.45320001
;US-CT;1931;p90p95;74045.5;;0.1696;0.1696
;US-CT;1931;p95p99;81641.297;;0.1496;0.1496
;US-CT;1931;p99.5p99.9;317910.81;;0.0583;0.0583
;US-CT;1931;p99.9p99.99;924321.81;;0.0381;0.0381
;US-CT;1931;p99p99.5;169091.59;;0.038699999;0.038699999
;US-CT;1931;p95p100;132496.8;;0.3035;0.3035
;US-CT;1931;p0p90;12789.1;;0.5273;0.5273
;US-CT;1931;p0p99;18664.801;;0.84649998;0.84649998
;US-CT;1931;p99.5p100;501131.0;;0.1148;0.1148
;US-CT;1930;p0p100;3951590.5;15004778435.0;1.0;1.0
;US-CT;1930;p99p100;408394.19;;0.1754;0.1754
;US-CT;1930;p99.9p100;1586645.5;;0.068099998;0.068099998
;US-CT;1930;p99.99p100;5370121.5;;0.0231;0.0231
;US-CT;1930;p90p100;106006.0;;0.4553;0.4553
;US-CT;1930;p90p95;72617.297;;0.156;0.156
;US-CT;1930;p95p99;81874.0;;0.1407;0.1407
;US-CT;1930;p99.5p99.9;385220.59;;0.066200003;0.066200003
;US-CT;1930;p99.9p99.99;1166259.3;;0.0451;0.0451
;US-CT;1930;p99p99.5;191282.7;;0.041099999;0.041099999
;US-CT;1930;p95p100;147369.91;;0.31650001;0.31650001
;US-CT;1930;p0p90;13657.9;;0.528;0.528
;US-CT;1930;p0p99;19391.9;;0.82459998;0.82459998
;US-CT;1930;p99.5p100;625505.63;;0.13429999;0.13429999
;US-CT;1929;p0p100;4227105.0;16654262961.0;1.0;1.0
;US-CT;1929;p99p100;634052.19;;0.2418;0.2418
;US-CT;1929;p99.9p100;2801127.5;;0.1068;0.1068
;US-CT;1929;p99.99p100;11816470.0;;0.0451;0.0451
;US-CT;1929;p90p100;132678.91;;0.5061;0.5061
;US-CT;1929;p90p95;68726.297;;0.1311;0.1311
;US-CT;1929;p95p99;92990.602;;0.1419;0.1419
;US-CT;1929;p99.5p99.9;563011.81;;0.085900001;0.085900001
;US-CT;1929;p99.9p99.99;1799423.1;;0.061799999;0.061799999
;US-CT;1929;p99p99.5;257469.59;;0.0491;0.0491
;US-CT;1929;p95p100;201315.5;;0.38389999;0.38389999
;US-CT;1929;p0p90;14134.0;;0.48519999;0.48519999
;US-CT;1929;p0p99;20077.301;;0.75819999;0.75819999
;US-CT;1929;p99.5p100;1010634.9;;0.1927;0.1927
;US-CT;1928;p0p100;3998807.0;15532139125.0;1.0;1.0
;US-CT;1928;p99p100;589392.63;;0.2376;0.2376
;US-CT;1928;p99.9p100;2464393.0;;0.099399999;0.099399999
;US-CT;1928;p99.99p100;8816534.0;;0.035500001;0.035500001
;US-CT;1928;p90p100;124544.4;;0.50220001;0.50220001
;US-CT;1928;p90p95;65118.199;;0.1313;0.1313
;US-CT;1928;p95p99;88422.898;;0.1426;0.1426
;US-CT;1928;p99.5p99.9;547528.19;;0.088299997;0.088299997
;US-CT;1928;p99.9p99.99;1758599.8;;0.0638;0.0638
;US-CT;1928;p99p99.5;247884.0;;0.050000001;0.050000001
;US-CT;1928;p95p100;188642.0;;0.38029999;0.38029999
;US-CT;1928;p0p90;13460.4;;0.4885;0.4885
;US-CT;1928;p0p99;19098.199;;0.76239997;0.76239997
;US-CT;1928;p99.5p100;930901.13;;0.1877;0.1877
;US-CT;1927;p0p100;3615442.5;14196168840.0;1.0;1.0
;US-CT;1927;p99p100;483015.09;;0.2096;0.2096
;US-CT;1927;p99.9p100;1804025.8;;0.078299999;0.078299999
;US-CT;1927;p99.99p100;5129220.5;;0.022299999;0.022299999
;US-CT;1927;p90p100;109321.4;;0.4745;0.4745
;US-CT;1927;p90p95;59965.0;;0.1301;0.1301
;US-CT;1927;p95p99;81996.0;;0.1424;0.1424
;US-CT;1927;p99.5p99.9;479977.69;;0.083300002;0.083300002
;US-CT;1927;p99.9p99.99;1434559.6;;0.056000002;0.056000002
;US-CT;1927;p99p99.5;221242.91;;0.048;0.048
;US-CT;1927;p95p100;162236.5;;0.35210001;0.35210001
;US-CT;1927;p0p90;13257.1;;0.51789999;0.51789999
;US-CT;1927;p0p99;18393.4;;0.79040003;0.79040003
;US-CT;1927;p99.5p100;744787.31;;0.16159999;0.16159999
;US-CT;1926;p0p100;3334443.5;13359680637.0;1.0;1.0
;US-CT;1926;p99p100;440977.69;;0.1998;0.1998
;US-CT;1926;p99.9p100;1642375.0;;0.0744;0.0744
;US-CT;1926;p99.99p100;4994733.5;;0.022600001;0.022600001
;US-CT;1926;p90p100;102209.9;;0.463;0.463
;US-CT;1926;p90p95;57972.602;;0.1313;0.1313
;US-CT;1926;p95p99;76874.297;;0.1393;0.1393
;US-CT;1926;p99.5p99.9;438036.31;;0.079400003;0.079400003
;US-CT;1926;p99.9p99.99;1269890.8;;0.051800001;0.051800001
;US-CT;1926;p99p99.5;203051.3;;0.046;0.046
;US-CT;1926;p95p100;149758.41;;0.33919999;0.33919999
;US-CT;1926;p0p90;12989.6;;0.52960002;0.52960002
;US-CT;1926;p0p99;17842.699;;0.80019999;0.80019999
;US-CT;1926;p99.5p100;678904.13;;0.1538;0.1538
;US-CT;1925;p0p100;3293163.0;12720484288.0;1.0;1.0
;US-CT;1925;p99p100;435756.69;;0.20370001;0.20370001
;US-CT;1925;p99.9p100;1644063.6;;0.076899998;0.076899998
;US-CT;1925;p99.99p100;4881451.5;;0.0228;0.0228
;US-CT;1925;p90p100;99253.602;;0.46399999;0.46399999
;US-CT;1925;p90p95;54468.102;;0.12729999;0.12729999
;US-CT;1925;p95p99;73810.398;;0.138;0.138
;US-CT;1925;p99.5p99.9;428734.0;;0.080200002;0.080200002
;US-CT;1925;p99.9p99.99;1284353.8;;0.054000001;0.054000001
;US-CT;1925;p99p99.5;199713.5;;0.046700001;0.046700001
;US-CT;1925;p95p100;146279.7;;0.34189999;0.34189999
;US-CT;1925;p0p90;12620.0;;0.53100002;0.53100002
;US-CT;1925;p0p99;17205.9;;0.79629999;0.79629999
;US-CT;1925;p99.5p100;671799.88;;0.15700001;0.15700001
;US-CT;1924;p0p100;3218836.3;11600037081.0;1.0;1.0
;US-CT;1924;p99p100;362933.19;;0.1825;0.1825
;US-CT;1924;p99.9p100;1268907.3;;0.0638;0.0638
;US-CT;1924;p99.99p100;3435524.0;;0.0173;0.0173
;US-CT;1924;p90p100;85055.602;;0.42770001;0.42770001
;US-CT;1924;p90p95;43671.199;;0.1098;0.1098
;US-CT;1924;p95p99;66953.5;;0.1347;0.1347
;US-CT;1924;p99.5p99.9;371404.5;;0.074699998;0.074699998
;US-CT;1924;p99.9p99.99;1028172.1;;0.046500001;0.046500001
;US-CT;1924;p99p99.5;174961.41;;0.044;0.044
;US-CT;1924;p95p100;126149.4;;0.31720001;0.31720001
;US-CT;1924;p0p90;12661.0;;0.57300001;0.57300001
;US-CT;1924;p0p99;16420.801;;0.8175;0.8175
;US-CT;1924;p99.5p100;550905.0;;0.13850001;0.13850001
;US-CT;1923;p0p100;3152843.8;11055032296.0;1.0;1.0
;US-CT;1923;p99p100;322626.0;;0.1663;0.1663
;US-CT;1923;p99.9p100;1131335.8;;0.0583;0.0583
;US-CT;1923;p99.99p100;3497097.5;;0.017999999;0.017999999
;US-CT;1923;p90p100;79516.203;;0.40979999;0.40979999
;US-CT;1923;p90p95;42806.301;;0.1103;0.1103
;US-CT;1923;p95p99;64513.898;;0.133;0.133
;US-CT;1923;p99.5p99.9;325120.31;;0.067000002;0.067000002
;US-CT;1923;p99.9p99.99;868475.13;;0.0403;0.0403
;US-CT;1923;p99p99.5;158888.91;;0.040899999;0.040899999
;US-CT;1923;p95p100;116136.3;;0.29929999;0.29929999
;US-CT;1923;p0p90;12727.8;;0.59039998;0.59039998
;US-CT;1923;p0p99;16339.3;;0.8337;0.8337
;US-CT;1923;p99.5p100;486363.19;;0.12530001;0.12530001
;US-CT;1922;p0p100;2884118.0;9551460371.0;1.0;1.0
;US-CT;1922;p99p100;298460.91;;0.1742;0.1742
;US-CT;1922;p99.9p100;992960.81;;0.057999998;0.057999998
;US-CT;1922;p99.99p100;2518240.0;;0.0147;0.0147
;US-CT;1922;p90p100;75617.0;;0.44150001;0.44150001
;US-CT;1922;p90p95;40290.199;;0.1176;0.1176
;US-CT;1922;p95p99;64033.5;;0.1495;0.1495
;US-CT;1922;p99.5p99.9;310627.31;;0.072499998;0.072499998
;US-CT;1922;p99.9p99.99;823485.19;;0.043299999;0.043299999
;US-CT;1922;p99p99.5;149827.91;;0.043699998;0.043699998
;US-CT;1922;p95p100;110919.0;;0.3238;0.3238
;US-CT;1922;p0p90;10631.5;;0.55860001;0.55860001
;US-CT;1922;p0p99;14287.1;;0.8258;0.8258
;US-CT;1922;p99.5p100;447093.91;;0.1305;0.1305
;US-CT;1921;p0p100;2136864.0;7920807346.0;1.0;1.0
;US-CT;1921;p99p100;238139.5;;0.1646;0.1646
;US-CT;1921;p99.9p100;753988.19;;0.052099999;0.052099999
;US-CT;1921;p99.99p100;1728137.0;;0.0119;0.0119
;US-CT;1921;p90p100;61999.801;;0.4285;0.4285
;US-CT;1921;p90p95;33304.801;;0.1151;0.1151
;US-CT;1921;p95p99;53671.898;;0.14839999;0.14839999
;US-CT;1921;p99.5p99.9;249186.09;;0.068899997;0.068899997
;US-CT;1921;p99.9p99.99;645749.31;;0.040199999;0.040199999
;US-CT;1921;p99p99.5;126132.4;;0.0436;0.0436
;US-CT;1921;p95p100;90565.398;;0.31299999;0.31299999
;US-CT;1921;p0p90;9194.0;;0.57190001;0.57190001
;US-CT;1921;p0p99;12208.8;;0.83539999;0.83539999
;US-CT;1921;p99.5p100;350146.5;;0.121;0.121
;US-CT;1920;p0p100;2051441.3;9302722445.0;1.0;1.0
;US-CT;1920;p99p100;242157.7;;0.1391;0.1391
;US-CT;1920;p99.9p100;777211.19;;0.0447;0.0447
;US-CT;1920;p99.99p100;1895668.4;;0.0109;0.0109
;US-CT;1920;p90p100;62964.102;;0.36179999;0.36179999
;US-CT;1920;p90p95;35111.199;;0.1009;0.1009
;US-CT;1920;p95p99;53021.5;;0.1219;0.1219
;US-CT;1920;p99.5p99.9;253279.5;;0.058200002;0.058200002
;US-CT;1920;p99.9p99.99;652938.13;;0.033799998;0.033799998
;US-CT;1920;p99p99.5;126249.4;;0.0363;0.0363
;US-CT;1920;p95p100;90848.797;;0.26100001;0.26100001
;US-CT;1920;p0p90;12340.9;;0.63810003;0.63810003
;US-CT;1920;p0p99;15134.5;;0.86089998;0.86089998
;US-CT;1920;p99.5p100;358065.91;;0.1029;0.1029
;US-CT;1919;p0p100;2816312.0;9281228083.0;1.0;1.0
;US-CT;1919;p99p100;291253.41;;0.1635;0.1635
;US-CT;1919;p99.9p100;1050105.3;;0.059;0.059
;US-CT;1919;p99.99p100;2775211.5;;0.0156;0.0156
;US-CT;1919;p90p100;68973.5;;0.38730001;0.38730001
;US-CT;1919;p90p95;34409.699;;0.096600004;0.096600004
;US-CT;1919;p95p99;56577.398;;0.12710001;0.12710001
;US-CT;1919;p99.5p99.9;288800.0;;0.064900003;0.064900003
;US-CT;1919;p99.9p99.99;859679.13;;0.043400001;0.043400001
;US-CT;1919;p99p99.5;141059.09;;0.0396;0.0396
;US-CT;1919;p95p100;103512.6;;0.2906;0.2906
;US-CT;1919;p0p90;12126.7;;0.6128;0.6128
;US-CT;1919;p0p99;15047.2;;0.83649999;0.83649999
;US-CT;1919;p99.5p100;441447.59;;0.1239;0.1239
;US-CT;1918;p0p100;3759488.3;9210704656.0;1.0;1.0
;US-CT;1918;p99p100;319315.41;;0.1772;0.1772
;US-CT;1918;p99.9p100;1231469.6;;0.068300001;0.068300001
;US-CT;1918;p99.99p100;3610278.5;;0.02;0.02
;US-CT;1918;p90p100;76085.398;;0.42219999;0.42219999
;US-CT;1918;p90p95;40057.398;;0.1111;0.1111
;US-CT;1918;p95p99;60277.0;;0.1338;0.1338
;US-CT;1918;p99.5p99.9;310860.19;;0.068999998;0.068999998
;US-CT;1918;p99.9p99.99;967173.0;;0.048300002;0.048300002
;US-CT;1918;p99p99.5;143650.09;;0.039900001;0.039900001
;US-CT;1918;p95p100;112084.7;;0.31099999;0.31099999
;US-CT;1918;p0p90;11571.4;;0.57789999;0.57789999
;US-CT;1918;p0p99;14978.0;;0.82279998;0.82279998
;US-CT;1918;p99.5p100;494980.81;;0.1373;0.1373
;US-CT;1917;p0p100;5546946.0;9789520428.0;1.0;1.0
;US-CT;1917;p99p100;379461.0;;0.1969;0.1969
;US-CT;1917;p99.9p100;1637600.1;;0.085000001;0.085000001
;US-CT;1917;p99.99p100;5601289.0;;0.029100001;0.029100001
;US-CT;1917;p90p100;85541.0;;0.4438;0.4438
;US-CT;1917;p90p95;45693.5;;0.1185;0.1185
