Variable Name;.;.;.;PPP conversion factor, LCU per EUR | individuals | Exchange rates | All Ages | local currency per foreign currency;Market exchange rate, LCU per EUR | individuals | Exchange rates | All Ages | local currency per foreign currency;PPP conversion factor, LCU per USD | individuals | Exchange rates | All Ages | local currency per foreign currency;Market exchange rate, LCU per USD | individuals | Exchange rates | All Ages | local currency per foreign currency;PPP conversion factor, LCU per CNY | individuals | Exchange rates | All Ages | local currency per foreign currency;Market exchange rate, LCU per CNY | individuals | Exchange rates | All Ages | local currency per foreign currency
Variable Category;.;.;.;Other macro;Other macro;Other macro;Other macro;Other macro;Other macro
Variable Description;.;.;.;PPP conversion factor of curent local currency to current PPP EUR.;Official exchange rate of the local currency to EUR.;PPP conversion factor of current local currency to current USD.;Official exchange rate of the local currency to USD.;PPP conversion factor of current local currency to current PPP CNY.;Official exchange rate of the local currency to CNY.
Variable Decomposition;.;.;.;;;;;;
Variable Unit;.;.;.;local currency per foreign currency;local currency per foreign currency;local currency per foreign currency;local currency per foreign currency;local currency per foreign currency;local currency per foreign currency
Methodological Notes;.;.;.;;;;;;
Sources;.;.;.;;;;;;
Variable Code;country;year;perc;xlceup999i;xlceux999i;xlcusp999i;xlcusx999i;xlcyup999i;xlcyux999i
;XA-MER;2018;p0p100;0.51534456;1.0;0.38868189;0.81577677;0.12264899;0.12780301
;XA-MER;2016;p0p100;;;;;;
;XA-MER;2015;p0p100;;;;;;
;XA-MER;2014;p0p100;;;;;;
;XA-MER;2013;p0p100;;;;;;
;XA-MER;2012;p0p100;;;;;;
;XA-MER;2011;p0p100;;;;;;
;XA-MER;2010;p0p100;;;;;;
;XA-MER;2009;p0p100;;;;;;
;XA-MER;2008;p0p100;;;;;;
;XA-MER;2007;p0p100;;;;;;
;XA-MER;2006;p0p100;;;;;;
;XA-MER;2005;p0p100;;;;;;
;XA-MER;2004;p0p100;;;;;;
;XA-MER;2003;p0p100;;;;;;
;XA-MER;2002;p0p100;;;;;;
;XA-MER;2001;p0p100;;;;;;
;XA-MER;2000;p0p100;;;;;;
;XA-MER;1999;p0p100;;;;;;
;XA-MER;1998;p0p100;;;;;;
;XA-MER;1997;p0p100;;;;;;
;XA-MER;1996;p0p100;;;;;;
;XA-MER;1995;p0p100;;;;;;
;XA-MER;1994;p0p100;;;;;;
;XA-MER;1993;p0p100;;;;;;
;XA-MER;1992;p0p100;;;;;;
;XA-MER;1991;p0p100;;;;;;
;XA-MER;1990;p0p100;;;;;;
;XA-MER;1989;p0p100;;;;;;
;XA-MER;1988;p0p100;;;;;;
