Variable Name;.;.;.;Fiscal income  | tax unit | Average | Adults | constant 2015 local currency;Fiscal income  | tax unit | Total | Adults | constant 2015 local currency;Fiscal income  | tax unit | Share | Adults | share of total (ratio);Pre-tax national income  | tax unit | Share | Adults | share of total (ratio)
Variable Category;.;.;.;Income inequality;Income inequality;Income inequality;Income inequality
Variable Description;.;.;.;Average Fiscal income within a given percentile group. Fiscal income is defined as the sum of all income items reported on income tax returns, before any deduction. It includes labour income, capital income and mixed income. The concept of fiscal income varies with national tax legislations, so in order to make international comparisons it is preferable to use the concept of national income. The population is comprised of individuals over age 20. The base unit is the tax unit defined by national fiscal administrations to measure personal income taxes.;Total Fiscal income  within a given percentile group. Fiscal income is defined as the sum of all income items reported on income tax returns, before any deduction. It includes labour income, capital income and mixed income. The concept of fiscal income varies with national tax legislations, so in order to make international comparisons it is preferable to use the concept of national income. The population is comprised of individuals over age 20.;Fiscal income share held by a given percentile group. Fiscal income is defined as the sum of all income items reported on income tax returns, before any deduction. It includes labour income, capital income and mixed income. The concept of fiscal income varies with national tax legislations, so in order to make international comparisons it is preferable to use the concept of national income. The population is comprised of individuals over age 20. The base unit is the tax unit defined by national fiscal administrations to measure personal income taxes.;Pre-tax national income share held by a given percentile group. Pre-tax national income  is the sum of all pre-tax personal income flows accruing to the owners of the production factors, labor and capital, before taking into account the operation of the tax/transfer system, but after taking into account the operation of pension system. The central difference between personal factor income and pre-tax income is the treatment of pensions, which are counted on a contribution basis by factor income and on a distribution basis by pre-tax income. The population is comprised of individuals over age 20. The base unit is the tax unit defined by national fiscal administrations to measure personal income taxes.
Variable Decomposition;.;.;.;[Fiscal income ]=[Fiscal labour income ]+[Fiscal capital income ];[Fiscal income ]=[Fiscal labour income ]+[Fiscal capital income ];[Fiscal income ]=[Fiscal labour income ]+[Fiscal capital income ];Pre-tax national income =Pre-tax labor income [total pre-tax income ranking]+Pre-tax capital income [total pre-tax income ranking]
Variable Unit;.;.;.;"USD; United States dollar | local currency | market";"USD; United States dollar | local currency | market";share;share
Methodological Notes;.;.;.;;;;Assuming the same distribution as fiscal income.
Sources;.;.;.;Frank, Sommeiller, Price & Saez (2015);Frank, Sommeiller, Price & Saez (2015);Frank, Sommeiller, Price & Saez (2015);WID.world computations using: Frank, Sommeiller, Price & Saez (2015)
Variable Code;country;year;perc;afiinc992t;mfiinc992t;sfiinc992t;sptinc992t
;US-ND;2015;p0p100;82628.797;31601857747.0;1.0;1.0
;US-ND;2015;p99p100;1195468.3;;0.14470001;0.14470001
;US-ND;2015;p99.9p100;4673973.0;;0.056600001;0.056600001
;US-ND;2015;p99.99p100;17120168.0;;0.0207;0.0207
;US-ND;2015;p90p100;303993.81;;0.36790001;0.36790001
;US-ND;2015;p90p95;149311.0;;0.090400003;0.090400003
;US-ND;2015;p95p99;273756.59;;0.13249999;0.13249999
;US-ND;2015;p99.5p99.9;1087189.3;;0.0526;0.0526
;US-ND;2015;p99.9p99.99;3359130.5;;0.036600001;0.036600001
;US-ND;2015;p99p99.5;583376.5;;0.035300002;0.035300002
;US-ND;2015;p95p100;458498.31;;0.27739999;0.27739999
;US-ND;2015;p0p90;58013.5;;0.63190001;0.63190001
;US-ND;2015;p0p99;71388.0;;0.85530001;0.85530001
;US-ND;2015;p99.5p100;1804816.8;;0.1092;0.1092
;US-ND;2014;p0p100;83840.102;31989128536.0;1.0;1.0
;US-ND;2014;p99p100;1463308.9;;0.175;0.175
;US-ND;2014;p99.9p100;6379696.5;;0.076300003;0.076300003
;US-ND;2014;p99.99p100;26977544.0;;0.032299999;0.032299999
;US-ND;2014;p90p100;339315.41;;0.4057;0.4057
;US-ND;2014;p90p95;153599.8;;0.091799997;0.091799997
;US-ND;2014;p95p99;290658.0;;0.139;0.139
;US-ND;2014;p99.5p99.9;1260556.5;;0.0603;0.0603
;US-ND;2014;p99.9p99.99;4120183.8;;0.044300001;0.044300001
;US-ND;2014;p99p99.5;643644.81;;0.0385;0.0385
;US-ND;2014;p95p100;525173.0;;0.31389999;0.31389999
;US-ND;2014;p0p90;55187.5;;0.59380001;0.59380001
;US-ND;2014;p0p99;69705.398;;0.82499999;0.82499999
;US-ND;2014;p99.5p100;2282911.3;;0.1365;0.1365
;US-ND;2013;p0p100;86165.398;30073857419.0;1.0;1.0
;US-ND;2013;p99p100;1348356.9;;0.162;0.162
;US-ND;2013;p99.9p100;5721101.5;;0.068700001;0.068700001
;US-ND;2013;p99.99p100;23941112.0;;0.0288;0.0288
;US-ND;2013;p90p100;325924.41;;0.39160001;0.39160001
;US-ND;2013;p90p95;152783.59;;0.091799997;0.091799997
;US-ND;2013;p95p99;287007.41;;0.13789999;0.13789999
;US-ND;2013;p99.5p99.9;1172661.0;;0.056400001;0.056400001
;US-ND;2013;p99.9p99.99;3705611.3;;0.040100001;0.040100001
;US-ND;2013;p99p99.5;614521.38;;0.036899999;0.036899999
;US-ND;2013;p95p100;499294.5;;0.2999;0.2999
;US-ND;2013;p0p90;56252.102;;0.60820001;0.60820001
;US-ND;2013;p0p99;70459.797;;0.838;0.838
;US-ND;2013;p99.5p100;2082544.1;;0.1251;0.1251
;US-ND;2012;p0p100;90015.398;30234694206.0;1.0;1.0
;US-ND;2012;p99p100;1714546.0;;0.20299999;0.20299999
;US-ND;2012;p99.9p100;8234451.5;;0.097499996;0.097499996
;US-ND;2012;p99.99p100;38227708.0;;0.045299999;0.045299999
;US-ND;2012;p90p100;365033.09;;0.43220001;0.43220001
;US-ND;2012;p90p95;148964.59;;0.088200003;0.088200003
;US-ND;2012;p95p99;298435.5;;0.14129999;0.14129999
;US-ND;2012;p99.5p99.9;1361390.3;;0.064499997;0.064499997
;US-ND;2012;p99.9p99.99;4929032.0;;0.052499998;0.052499998
;US-ND;2012;p99p99.5;693619.69;;0.041099999;0.041099999
;US-ND;2012;p95p100;581661.0;;0.3443;0.3443
;US-ND;2012;p0p90;53230.199;;0.56720001;0.56720001
;US-ND;2012;p0p99;68000.0;;0.79699999;0.79699999
;US-ND;2012;p99.5p100;2735637.5;;0.1619;0.1619
;US-ND;2011;p0p100;81537.297;24668214668.0;1.0;1.0
;US-ND;2011;p99p100;1188406.5;;0.1618;0.1618
;US-ND;2011;p99.9p100;5086423.0;;0.069300003;0.069300003
;US-ND;2011;p99.99p100;21391552.0;;0.029100001;0.029100001
;US-ND;2011;p90p100;295121.41;;0.40189999;0.40189999
;US-ND;2011;p90p95;146969.8;;0.1001;0.1001
;US-ND;2011;p95p99;257145.5;;0.1401;0.1401
;US-ND;2011;p99.5p99.9;1013616.8;;0.055199999;0.055199999
;US-ND;2011;p99.9p99.99;3286379.3;;0.0403;0.0403
;US-ND;2011;p99p99.5;548428.31;;0.037300002;0.037300002
;US-ND;2011;p95p100;443381.41;;0.3019;0.3019
;US-ND;2011;p0p90;48790.301;;0.59789997;0.59789997
;US-ND;2011;p0p99;62176.801;;0.83819997;0.83819997
;US-ND;2011;p99.5p100;1828861.5;;0.1245;0.1245
;US-ND;2010;p0p100;81101.0;22638300596.0;1.0;1.0
;US-ND;2010;p99p100;1027079.0;;0.1496;0.1496
;US-ND;2010;p99.9p100;4351171.0;;0.0634;0.0634
;US-ND;2010;p99.99p100;18705434.0;;0.0272;0.0272
;US-ND;2010;p90p100;267101.19;;0.38909999;0.38909999
;US-ND;2010;p90p95;140003.7;;0.102;0.102
;US-ND;2010;p95p99;235768.59;;0.1374;0.1374
;US-ND;2010;p99.5p99.9;875819.0;;0.050999999;0.050999999
;US-ND;2010;p99.9p99.99;2753932.8;;0.0361;0.0361
;US-ND;2010;p99p99.5;482828.91;;0.0352;0.0352
;US-ND;2010;p95p100;393992.41;;0.287;0.287
;US-ND;2010;p0p90;46607.398;;0.61110002;0.61110002
;US-ND;2010;p0p99;58962.898;;0.85039997;0.85039997
;US-ND;2010;p99.5p100;1572385.3;;0.1145;0.1145
;US-ND;2009;p0p100;75616.0;20082402907.0;1.0;1.0
;US-ND;2009;p99p100;845198.38;;0.1364;0.1364
;US-ND;2009;p99.9p100;3578448.5;;0.057799999;0.057799999
;US-ND;2009;p99.99p100;15535609.0;;0.0251;0.0251
;US-ND;2009;p90p100;234733.2;;0.37889999;0.37889999
;US-ND;2009;p90p95;132952.7;;0.1073;0.1073
;US-ND;2009;p95p99;208616.09;;0.1347;0.1347
;US-ND;2009;p99.5p99.9;706512.69;;0.045600001;0.045600001
;US-ND;2009;p99.9p99.99;2214789.0;;0.032200001;0.032200001
;US-ND;2009;p99p99.5;397100.91;;0.032000002;0.032000002
;US-ND;2009;p95p100;336125.59;;0.27129999;0.27129999
;US-ND;2009;p0p90;42890.898;;0.62309998;0.62309998
;US-ND;2009;p0p99;54040.898;;0.86360002;0.86360002
;US-ND;2009;p99.5p100;1289595.4;;0.1041;0.1041
;US-ND;2008;p0p100;79802.203;21368180332.0;1.0;1.0
;US-ND;2008;p99p100;1087377.8;;0.16509999;0.16509999
;US-ND;2008;p99.9p100;5137016.0;;0.078000002;0.078000002
;US-ND;2008;p99.99p100;23658602.0;;0.0359;0.0359
;US-ND;2008;p90p100;264325.5;;0.4014;0.4014
;US-ND;2008;p90p95;135601.2;;0.103;0.103
;US-ND;2008;p95p99;218083.59;;0.13249999;0.13249999
;US-ND;2008;p99.5p99.9;861636.38;;0.052299999;0.052299999
;US-ND;2008;p99.9p99.99;3051615.0;;0.041700002;0.041700002
;US-ND;2008;p99p99.5;445085.5;;0.033799998;0.033799998
;US-ND;2008;p95p100;392589.81;;0.29809999;0.29809999
;US-ND;2008;p0p90;43958.102;;0.60079998;0.60079998
;US-ND;2008;p0p99;55531.5;;0.83490002;0.83490002
;US-ND;2008;p99.5p100;1725219.6;;0.131;0.131
;US-ND;2007;p0p100;84684.297;20536487245.0;1.0;1.0
;US-ND;2007;p99p100;1003730.2;;0.1549;0.1549
;US-ND;2007;p99.9p100;4562194.0;;0.0704;0.0704
;US-ND;2007;p99.99p100;19523608.0;;0.030099999;0.030099999
;US-ND;2007;p90p100;249652.59;;0.38519999;0.38519999
;US-ND;2007;p90p95;133879.91;;0.1033;0.1033
;US-ND;2007;p95p99;201410.8;;0.1243;0.1243
;US-ND;2007;p99.5p99.9;813598.19;;0.0502;0.0502
;US-ND;2007;p99.9p99.99;2862233.3;;0.039700001;0.039700001
;US-ND;2007;p99p99.5;413611.69;;0.0319;0.0319
;US-ND;2007;p95p100;363958.81;;0.28080001;0.28080001
;US-ND;2007;p0p90;44672.398;;0.62040001;0.62040001
;US-ND;2007;p0p99;55322.398;;0.84509999;0.84509999
;US-ND;2007;p99.5p100;1582090.5;;0.1221;0.1221
;US-ND;2006;p0p100;79524.797;18390418605.0;1.0;1.0
;US-ND;2006;p99p100;906910.31;;0.1576;0.1576
;US-ND;2006;p99.9p100;4050370.5;;0.0704;0.0704
;US-ND;2006;p99.99p100;16787018.0;;0.029200001;0.029200001
;US-ND;2006;p90p100;228925.09;;0.3978;0.3978
;US-ND;2006;p90p95;120607.5;;0.1048;0.1048
;US-ND;2006;p95p99;191756.2;;0.13330001;0.13330001
;US-ND;2006;p99.5p99.9;751634.88;;0.052200001;0.052200001
;US-ND;2006;p99.9p99.99;2624292.0;;0.041000001;0.041000001
;US-ND;2006;p99p99.5;382573.0;;0.033199999;0.033199999
;US-ND;2006;p95p100;336220.19;;0.29210001;0.29210001
;US-ND;2006;p0p90;38762.301;;0.60619998;0.60619998
;US-ND;2006;p0p99;48967.301;;0.84240001;0.84240001
;US-ND;2006;p99.5p100;1423363.0;;0.1237;0.1237
;US-ND;2005;p0p100;85406.797;18043881291.0;1.0;1.0
;US-ND;2005;p99p100;767661.81;;0.13249999;0.13249999
;US-ND;2005;p99.9p100;3144792.0;;0.054299999;0.054299999
;US-ND;2005;p99.99p100;12000578.0;;0.0207;0.0207
;US-ND;2005;p90p100;210967.7;;0.36410001;0.36410001
;US-ND;2005;p90p95;115014.4;;0.099299997;0.099299997
;US-ND;2005;p95p99;188497.0;;0.1301;0.1301
;US-ND;2005;p99.5p99.9;660375.31;;0.045600001;0.045600001
;US-ND;2005;p99.9p99.99;2149656.0;;0.033399999;0.033399999
;US-ND;2005;p99p99.5;354789.5;;0.0306;0.0306
;US-ND;2005;p95p100;305507.69;;0.26359999;0.26359999
;US-ND;2005;p0p90;41222.898;;0.64029998;0.64029998
;US-ND;2005;p0p99;50772.5;;0.86750001;0.86750001
;US-ND;2005;p99.5p100;1171620.9;;0.1011;0.1011
;US-ND;2004;p0p100;87022.102;16939777183.0;1.0;1.0
;US-ND;2004;p99p100;714511.19;;0.1293;0.1293
;US-ND;2004;p99.9p100;2877665.0;;0.052099999;0.052099999
;US-ND;2004;p99.99p100;11095657.0;;0.020099999;0.020099999
;US-ND;2004;p90p100;202598.09;;0.36660001;0.36660001
;US-ND;2004;p90p95;112011.9;;0.1013;0.1013
;US-ND;2004;p95p99;185819.7;;0.1345;0.1345
;US-ND;2004;p99.5p99.9;617020.31;;0.0447;0.0447
;US-ND;2004;p99.9p99.99;1943922.8;;0.0317;0.0317
;US-ND;2004;p99p99.5;342248.69;;0.030999999;0.030999999
;US-ND;2004;p95p100;292045.69;;0.2642;0.2642
;US-ND;2004;p0p90;39108.301;;0.63679999;0.63679999
;US-ND;2004;p0p99;48610.199;;0.8707;0.8707
;US-ND;2004;p99.5p100;1080814.8;;0.097800002;0.097800002
;US-ND;2003;p0p100;90545.102;16724509898.0;1.0;1.0
;US-ND;2003;p99p100;607808.19;;0.1115;0.1115
;US-ND;2003;p99.9p100;2267046.5;;0.0416;0.0416
;US-ND;2003;p99.99p100;8362624.5;;0.0153;0.0153
;US-ND;2003;p90p100;187033.3;;0.34310001;0.34310001
;US-ND;2003;p90p95;113041.3;;0.1037;0.1037
;US-ND;2003;p95p99;172881.59;;0.1268;0.1268
;US-ND;2003;p99.5p99.9;542407.38;;0.039799999;0.039799999
;US-ND;2003;p99.9p99.99;1564622.9;;0.025800001;0.025800001
;US-ND;2003;p99p99.5;314429.91;;0.0288;0.0288
;US-ND;2003;p95p100;260470.7;;0.23890001;0.23890001
;US-ND;2003;p0p90;39962.602;;0.65969998;0.65969998
;US-ND;2003;p0p99;48931.102;;0.88849998;0.88849998
;US-ND;2003;p99.5p100;896740.5;;0.082199998;0.082199998
;US-ND;2002;p0p100;85250.102;15635651650.0;1.0;1.0
;US-ND;2002;p99p100;553643.88;;0.1127;0.1127
;US-ND;2002;p99.9p100;1939605.9;;0.039500002;0.039500002
;US-ND;2002;p99.99p100;6681570.5;;0.0136;0.0136
;US-ND;2002;p90p100;177237.41;;0.36090001;0.36090001
;US-ND;2002;p90p95;110096.2;;0.1121;0.1121
;US-ND;2002;p95p99;165965.7;;0.13519999;0.13519999
;US-ND;2002;p99.5p99.9;507301.31;;0.041299999;0.041299999
;US-ND;2002;p99.9p99.99;1394695.4;;0.025599999;0.025599999
;US-ND;2002;p99p99.5;301687.5;;0.0307;0.0307
;US-ND;2002;p95p100;243935.09;;0.2483;0.2483
;US-ND;2002;p0p90;35010.102;;0.64160001;0.64160001
;US-ND;2002;p0p99;44017.301;;0.88730001;0.88730001
;US-ND;2002;p99.5p100;801866.81;;0.081600003;0.081600003
;US-ND;2001;p0p100;94279.602;16055239097.0;1.0;1.0
;US-ND;2001;p99p100;577210.38;;0.1097;0.1097
;US-ND;2001;p99.9p100;1937663.0;;0.036800001;0.036800001
;US-ND;2001;p99.99p100;6268598.5;;0.0119;0.0119
;US-ND;2001;p90p100;184408.8;;0.3506;0.3506
;US-ND;2001;p90p95;113428.8;;0.1078;0.1078
;US-ND;2001;p95p99;173711.0;;0.1321;0.1321
;US-ND;2001;p99.5p99.9;514506.0;;0.039099999;0.039099999
;US-ND;2001;p99.9p99.99;1466905.9;;0.0251;0.0251
;US-ND;2001;p99p99.5;353885.69;;0.033599999;0.033599999
;US-ND;2001;p95p100;254801.3;;0.2422;0.2422
;US-ND;2001;p0p90;38008.801;;0.65030003;0.65030003
;US-ND;2001;p0p99;47303.301;;0.89029998;0.89029998
;US-ND;2001;p99.5p100;801922.88;;0.076200001;0.076200001
;US-ND;2000;p0p100;108665.9;17124732569.0;1.0;1.0
;US-ND;2000;p99p100;673210.63;;0.1174;0.1174
;US-ND;2000;p99.9p100;2627349.5;;0.0458;0.0458
;US-ND;2000;p99.99p100;9567847.0;;0.0167;0.0167
;US-ND;2000;p90p100;199274.41;;0.34740001;0.34740001
;US-ND;2000;p90p95;115661.3;;0.1008;0.1008
;US-ND;2000;p95p99;182420.2;;0.12720001;0.12720001
;US-ND;2000;p99.5p99.9;559268.63;;0.039000001;0.039000001
;US-ND;2000;p99.9p99.99;1875678.6;;0.0294;0.0294
;US-ND;2000;p99p99.5;363162.19;;0.0317;0.0317
;US-ND;2000;p95p100;281776.0;;0.2456;0.2456
;US-ND;2000;p0p90;41761.5;;0.6552;0.6552
;US-ND;2000;p0p99;51142.301;;0.88260001;0.88260001
;US-ND;2000;p99.5p100;979680.69;;0.0854;0.0854
;US-ND;1999;p0p100;111479.0;16158238336.0;1.0;1.0
;US-ND;1999;p99p100;617544.0;;0.1121;0.1121
;US-ND;1999;p99.9p100;2123442.8;;0.0385;0.0385
;US-ND;1999;p99.99p100;6513106.5;;0.0118;0.0118
;US-ND;1999;p90p100;192915.3;;0.3502;0.3502
;US-ND;1999;p90p95;115670.1;;0.105;0.105
;US-ND;1999;p95p99;182208.5;;0.1323;0.1323
;US-ND;1999;p99.5p99.9;546375.0;;0.039700001;0.039700001
;US-ND;1999;p99.9p99.99;1678624.0;;0.0274;0.0274
;US-ND;1999;p99p99.5;370399.81;;0.033599999;0.033599999
;US-ND;1999;p95p100;269570.81;;0.2446;0.2446
;US-ND;1999;p0p90;39802.602;;0.65020001;0.65020001
;US-ND;1999;p0p99;49412.398;;0.88789999;0.88789999
;US-ND;1999;p99.5p100;864461.38;;0.078500003;0.078500003
;US-ND;1998;p0p100;115161.1;15905403051.0;1.0;1.0
;US-ND;1998;p99p100;647729.69;;0.1186;0.1186
;US-ND;1998;p99.9p100;2590698.8;;0.047400001;0.047400001
;US-ND;1998;p99.99p100;11210966.0;;0.020500001;0.020500001
;US-ND;1998;p90p100;190663.8;;0.34909999;0.34909999
;US-ND;1998;p90p95;111845.0;;0.1024;0.1024
;US-ND;1998;p95p99;173894.0;;0.1274;0.1274
;US-ND;1998;p99.5p99.9;548275.69;;0.040199999;0.040199999
;US-ND;1998;p99.9p99.99;1633972.6;;0.026900001;0.026900001
;US-ND;1998;p99p99.5;337355.91;;0.0309;0.0309
;US-ND;1998;p95p100;269041.5;;0.2463;0.2463
;US-ND;1998;p0p90;39546.398;;0.65170002;0.65170002
;US-ND;1998;p0p99;48620.199;;0.88139999;0.88139999
;US-ND;1998;p99.5p100;957974.31;;0.087700002;0.087700002
;US-ND;1997;p0p100;106705.9;14344152202.0;1.0;1.0
;US-ND;1997;p99p100;546034.5;;0.1109;0.1109
;US-ND;1997;p99.9p100;1738646.0;;0.035300002;0.035300002
;US-ND;1997;p99.99p100;5638576.5;;0.0115;0.0115
;US-ND;1997;p90p100;177117.2;;0.3599;0.3599
;US-ND;1997;p90p95;108875.0;;0.1106;0.1106
;US-ND;1997;p95p99;169568.41;;0.13779999;0.13779999
;US-ND;1997;p99.5p99.9;523528.81;;0.0425;0.0425
;US-ND;1997;p99.9p99.99;1319362.8;;0.0241;0.0241
;US-ND;1997;p99p99.5;322892.31;;0.0328;0.0328
;US-ND;1997;p95p100;245071.59;;0.249;0.249
;US-ND;1997;p0p90;35035.199;;0.64069998;0.64069998
;US-ND;1997;p0p99;44199.699;;0.88910002;0.88910002
;US-ND;1997;p99.5p100;768525.69;;0.078100003;0.078100003
;US-ND;1996;p0p100;115194.2;14690714590.0;1.0;1.0
;US-ND;1996;p99p100;521678.31;;0.1025;0.1025
;US-ND;1996;p99.9p100;1710084.4;;0.033599999;0.033599999
;US-ND;1996;p99.99p100;5457213.5;;0.0107;0.0107
;US-ND;1996;p90p100;170728.41;;0.33539999;0.33539999
;US-ND;1996;p90p95;105361.8;;0.1035;0.1035
;US-ND;1996;p95p99;164408.3;;0.1292;0.1292
;US-ND;1996;p99.5p99.9;493403.0;;0.038800001;0.038800001
;US-ND;1996;p99.9p99.99;1290467.1;;0.0228;0.0228
;US-ND;1996;p99p99.5;300095.09;;0.0295;0.0295
;US-ND;1996;p95p100;235952.41;;0.2317;0.2317
;US-ND;1996;p0p90;37648.699;;0.6656;0.6656
;US-ND;1996;p0p99;46154.199;;0.89749998;0.89749998
;US-ND;1996;p99.5p100;741704.19;;0.072800003;0.072800003
;US-ND;1995;p0p100;110478.8;13014225392.0;1.0;1.0
;US-ND;1995;p99p100;493403.41;;0.1065;0.1065
;US-ND;1995;p99.9p100;1600668.3;;0.034600001;0.034600001
;US-ND;1995;p99.99p100;5058891.0;;0.0109;0.0109
;US-ND;1995;p90p100;163936.59;;0.35389999;0.35389999
;US-ND;1995;p90p95;102119.8;;0.1102;0.1102
;US-ND;1995;p95p99;158801.8;;0.1371;0.1371
;US-ND;1995;p99.5p99.9;471481.59;;0.0407;0.0407
;US-ND;1995;p99.9p99.99;1216894.8;;0.023600001;0.023600001
;US-ND;1995;p99p99.5;286489.09;;0.0309;0.0309
;US-ND;1995;p95p100;225679.59;;0.2436;0.2436
;US-ND;1995;p0p90;33276.398;;0.64649999;0.64649999
;US-ND;1995;p0p99;41810.398;;0.89349997;0.89349997
;US-ND;1995;p99.5p100;699809.88;;0.075499997;0.075499997
;US-ND;1994;p0p100;116912.1;13222755863.0;1.0;1.0
;US-ND;1994;p99p100;445842.91;;0.095399998;0.095399998
;US-ND;1994;p99.9p100;1373122.4;;0.0294;0.0294
;US-ND;1994;p99.99p100;4244983.5;;0.0091000004;0.0091000004
;US-ND;1994;p90p100;156550.8;;0.33489999;0.33489999
;US-ND;1994;p90p95;102192.6;;0.1093;0.1093
;US-ND;1994;p95p99;152144.91;;0.1302;0.1302
;US-ND;1994;p99.5p99.9;429195.91;;0.036699999;0.036699999
;US-ND;1994;p99.9p99.99;1045873.7;;0.020099999;0.020099999
;US-ND;1994;p99p99.5;269829.59;;0.028899999;0.028899999
;US-ND;1994;p95p100;210841.2;;0.2255;0.2255
;US-ND;1994;p0p90;34576.0;;0.66570002;0.66570002
;US-ND;1994;p0p99;42714.301;;0.90460002;0.90460002
;US-ND;1994;p99.5p100;621276.63;;0.066500001;0.066500001
;US-ND;1993;p0p100;114353.1;12357975820.0;1.0;1.0
;US-ND;1993;p99p100;452586.41;;0.1033;0.1033
;US-ND;1993;p99.9p100;1450224.4;;0.033100002;0.033100002
;US-ND;1993;p99.99p100;4669697.0;;0.0107;0.0107
;US-ND;1993;p90p100;156223.91;;0.35640001;0.35640001
;US-ND;1993;p90p95;101232.5;;0.1155;0.1155
;US-ND;1993;p95p99;150847.91;;0.13770001;0.13770001
;US-ND;1993;p99.5p99.9;433780.69;;0.0396;0.0396
;US-ND;1993;p99.9p99.99;1084963.9;;0.022299999;0.022299999
;US-ND;1993;p99p99.5;264614.59;;0.030200001;0.030200001
;US-ND;1993;p95p100;211134.2;;0.24079999;0.24079999
;US-ND;1993;p0p90;31371.1;;0.64420003;0.64420003
;US-ND;1993;p0p99;39702.398;;0.89670002;0.89670002
;US-ND;1993;p99.5p100;639709.63;;0.072999999;0.072999999
;US-ND;1992;p0p100;124426.2;12766013376.0;1.0;1.0
;US-ND;1992;p99p100;443024.69;;0.097499996;0.097499996
;US-ND;1992;p99.9p100;1390839.0;;0.0306;0.0306
;US-ND;1992;p99.99p100;4337190.5;;0.0094999997;0.0094999997
;US-ND;1992;p90p100;153702.5;;0.33840001;0.33840001
;US-ND;1992;p90p95;101926.2;;0.1122;0.1122
;US-ND;1992;p95p99;146214.8;;0.1288;0.1288
;US-ND;1992;p99.5p99.9;430014.41;;0.037900001;0.037900001
;US-ND;1992;p99.9p99.99;1061792.1;;0.021;0.021
;US-ND;1992;p99p99.5;262069.0;;0.028899999;0.028899999
;US-ND;1992;p95p100;205596.41;;0.2263;0.2263
;US-ND;1992;p0p90;33393.0;;0.66170001;0.66170001
;US-ND;1992;p0p99;41402.102;;0.90249997;0.90249997
;US-ND;1992;p99.5p100;623630.31;;0.068700001;0.068700001
;US-ND;1991;p0p100;125264.2;12090247568.0;1.0;1.0
;US-ND;1991;p99p100;435590.91;;0.1002;0.1002
;US-ND;1991;p99.9p100;1435868.8;;0.033;0.033
;US-ND;1991;p99.99p100;4723148.0;;0.0109;0.0109
;US-ND;1991;p90p100;150707.8;;0.34650001;0.34650001
;US-ND;1991;p90p95;101788.3;;0.117;0.117
;US-ND;1991;p95p99;140976.59;;0.12970001;0.12970001
;US-ND;1991;p99.5p99.9;417225.09;;0.038400002;0.038400002
;US-ND;1991;p99.9p99.99;1070033.5;;0.0221;0.0221
;US-ND;1991;p99p99.5;249729.8;;0.0287;0.0287
;US-ND;1991;p95p100;199872.5;;0.2298;0.2298
;US-ND;1991;p0p90;31566.199;;0.65319997;0.65319997
;US-ND;1991;p0p99;39530.398;;0.8998;0.8998
;US-ND;1991;p99.5p100;621476.5;;0.071400002;0.071400002
;US-ND;1990;p0p100;138533.91;12500708574.0;1.0;1.0
;US-ND;1990;p99p100;423348.5;;0.094400004;0.094400004
;US-ND;1990;p99.9p100;1325817.6;;0.0296;0.0296
;US-ND;1990;p99.99p100;4077621.8;;0.0091000004;0.0091000004
;US-ND;1990;p90p100;148294.3;;0.3308;0.3308
;US-ND;1990;p90p95;100165.8;;0.1117;0.1117
;US-ND;1990;p95p99;139657.3;;0.1246;0.1246
;US-ND;1990;p99.5p99.9;417669.41;;0.037300002;0.037300002
;US-ND;1990;p99.9p99.99;1022676.9;;0.020500001;0.020500001
;US-ND;1990;p99p99.5;246831.09;;0.0275;0.0275
;US-ND;1990;p95p100;196445.7;;0.2191;0.2191
;US-ND;1990;p0p90;33331.301;;0.6692;0.6692
;US-ND;1990;p0p99;41002.301;;0.90560001;0.90560001
;US-ND;1990;p99.5p100;599381.69;;0.0669;0.0669
;US-ND;1989;p0p100;146398.0;12065092705.0;1.0;1.0
;US-ND;1989;p99p100;426717.41;;0.099299997;0.099299997
;US-ND;1989;p99.9p100;1443017.9;;0.033599999;0.033599999
;US-ND;1989;p99.99p100;4821095.5;;0.0112;0.0112
;US-ND;1989;p90p100;144600.3;;0.3364;0.3364
;US-ND;1989;p90p95;94700.398;;0.1102;0.1102
;US-ND;1989;p95p99;131493.5;;0.1224;0.1224
;US-ND;1989;p99.5p99.9;387868.69;;0.0361;0.0361
;US-ND;1989;p99.9p99.99;1023612.2;;0.021400001;0.021400001
;US-ND;1989;p99p99.5;228400.0;;0.0266;0.0266
;US-ND;1989;p95p100;193776.5;;0.2254;0.2254
;US-ND;1989;p0p90;32097.5;;0.67210001;0.67210001
;US-ND;1989;p0p99;39103.199;;0.90069997;0.90069997
;US-ND;1989;p99.5p100;614060.31;;0.071400002;0.071400002
;US-ND;1988;p0p100;149600.59;11407519747.0;1.0;1.0
;US-ND;1988;p99p100;454435.59;;0.1126;0.1126
;US-ND;1988;p99.9p100;1637916.5;;0.040600002;0.040600002
;US-ND;1988;p99.99p100;5663935.5;;0.014;0.014
;US-ND;1988;p90p100;145091.91;;0.35949999;0.35949999
;US-ND;1988;p90p95;92156.0;;0.1142;0.1142
;US-ND;1988;p95p99;128046.6;;0.1269;0.1269
;US-ND;1988;p99.5p99.9;403446.41;;0.039999999;0.039999999
;US-ND;1988;p99.9p99.99;1139840.8;;0.0254;0.0254
;US-ND;1988;p99p99.5;227076.2;;0.028100001;0.028100001
;US-ND;1988;p95p100;197159.3;;0.24420001;0.24420001
;US-ND;1988;p0p90;29212.0;;0.65140003;0.65140003
;US-ND;1988;p0p99;36179.301;;0.88739997;0.88739997
;US-ND;1988;p99.5p100;668502.81;;0.082800001;0.082800001
;US-ND;1987;p0p100;179531.59;12680808463.0;1.0;1.0
;US-ND;1987;p99p100;366358.31;;0.081299998;0.081299998
;US-ND;1987;p99.9p100;1155472.8;;0.025599999;0.025599999
;US-ND;1987;p99.99p100;3668037.3;;0.0081000002;0.0081000002
;US-ND;1987;p90p100;135747.2;;0.3012;0.3012
;US-ND;1987;p90p95;93875.297;;0.1041;0.1041
;US-ND;1987;p95p99;126725.9;;0.1125;0.1125
;US-ND;1987;p99.5p99.9;338673.5;;0.030099999;0.030099999
;US-ND;1987;p99.9p99.99;841440.81;;0.016799999;0.016799999
;US-ND;1987;p99p99.5;210074.0;;0.0233;0.0233
;US-ND;1987;p95p100;177151.2;;0.1965;0.1965
;US-ND;1987;p0p90;35307.5;;0.7051;0.7051
;US-ND;1987;p0p99;41823.301;;0.91869998;0.91869998
;US-ND;1987;p99.5p100;514127.91;;0.057;0.057
;US-ND;1986;p0p100;200080.2;13485865849.0;1.0;1.0
;US-ND;1986;p99p100;511665.69;;0.1089;0.1089
;US-ND;1986;p99.9p100;2045211.1;;0.043499999;0.043499999
;US-ND;1986;p99.99p100;7936560.5;;0.016899999;0.016899999
;US-ND;1986;p90p100;153326.7;;0.32620001;0.32620001
;US-ND;1986;p90p95;93979.102;;0.1;0.1
;US-ND;1986;p95p99;133005.41;;0.1132;0.1132
;US-ND;1986;p99.5p99.9;436158.0;;0.037099998;0.037099998
;US-ND;1986;p99.9p99.99;1324473.8;;0.0254;0.0254
;US-ND;1986;p99p99.5;236744.3;;0.0252;0.0252
;US-ND;1986;p95p100;211867.3;;0.2254;0.2254
;US-ND;1986;p0p90;35627.102;;0.68229997;0.68229997
;US-ND;1986;p0p99;42303.898;;0.89109999;0.89109999
;US-ND;1986;p99.5p100;774566.69;;0.082400002;0.082400002
;US-ND;1985;p0p100;202018.91;13098634550.0;1.0;1.0
;US-ND;1985;p99p100;421707.59;;0.092100002;0.092100002
;US-ND;1985;p99.9p100;1581888.8;;0.034600001;0.034600001
;US-ND;1985;p99.99p100;5861588.0;;0.0128;0.0128
;US-ND;1985;p90p100;140766.41;;0.3075;0.3075
;US-ND;1985;p90p95;92370.898;;0.1009;0.1009
;US-ND;1985;p95p99;128341.4;;0.1121;0.1121
;US-ND;1985;p99.5p99.9;363668.41;;0.031800002;0.031800002
;US-ND;1985;p99.9p99.99;1049624.9;;0.0206;0.0206
;US-ND;1985;p99p99.5;217358.41;;0.023700001;0.023700001
;US-ND;1985;p95p100;188777.8;;0.2062;0.2062
;US-ND;1985;p0p90;35506.398;;0.69800001;0.69800001
;US-ND;1985;p0p99;41983.0;;0.90789998;0.90789998
;US-ND;1985;p99.5p100;618928.0;;0.067599997;0.067599997
;US-ND;1984;p0p100;220242.8;13059061815.0;1.0;1.0
;US-ND;1984;p99p100;402270.5;;0.086199999;0.086199999
;US-ND;1984;p99.9p100;1470878.4;;0.031500001;0.031500001
;US-ND;1984;p99.99p100;5508509.0;;0.0118;0.0118
;US-ND;1984;p90p100;141123.5;;0.30250001;0.30250001
;US-ND;1984;p90p95;95677.602;;0.1025;0.1025
;US-ND;1984;p95p99;130400.2;;0.1118;0.1118
;US-ND;1984;p99.5p99.9;346336.91;;0.0297;0.0297
;US-ND;1984;p99.9p99.99;960787.13;;0.0185;0.0185
;US-ND;1984;p99p99.5;214549.41;;0.023;0.023
;US-ND;1984;p95p100;186443.91;;0.1998;0.1998
;US-ND;1984;p0p90;36420.199;;0.7026;0.7026
;US-ND;1984;p0p99;43059.602;;0.9138;0.9138
;US-ND;1984;p99.5p100;583119.5;;0.0625;0.0625
;US-ND;1983;p0p100;245030.7;12803963367.0;1.0;1.0
;US-ND;1983;p99p100;369418.31;;0.080399998;0.080399998
;US-ND;1983;p99.9p100;1259024.4;;0.0274;0.0274
;US-ND;1983;p99.99p100;4617306.5;;0.0101;0.0101
;US-ND;1983;p90p100;137945.41;;0.3003;0.3003
;US-ND;1983;p90p95;97501.5;;0.1061;0.1061
;US-ND;1983;p95p99;130194.8;;0.1134;0.1134
;US-ND;1983;p99.5p99.9;332281.81;;0.028899999;0.028899999
;US-ND;1983;p99.9p99.99;858505.19;;0.016799999;0.016799999
;US-ND;1983;p99p99.5;210679.41;;0.0229;0.0229
;US-ND;1983;p95p100;178819.91;;0.1946;0.1946
;US-ND;1983;p0p90;35821.898;;0.70179999;0.70179999
;US-ND;1983;p0p99;42672.102;;0.91960001;0.91960001
;US-ND;1983;p99.5p100;524308.63;;0.057100002;0.057100002
;US-ND;1982;p0p100;255317.2;12795336559.0;1.0;1.0
;US-ND;1982;p99p100;434079.31;;0.094599999;0.094599999
;US-ND;1982;p99.9p100;1679000.8;;0.036600001;0.036600001
;US-ND;1982;p99.99p100;6971265.0;;0.0152;0.0152
;US-ND;1982;p90p100;143484.0;;0.3125;0.3125
;US-ND;1982;p90p95;93563.5;;0.1019;0.1019
;US-ND;1982;p95p99;133074.3;;0.1159;0.1159
;US-ND;1982;p99.5p99.9;380898.91;;0.033199999;0.033199999
;US-ND;1982;p99.9p99.99;1090971.4;;0.021400001;0.021400001
;US-ND;1982;p99p99.5;227639.41;;0.024800001;0.024800001
;US-ND;1982;p95p100;193426.7;;0.21070001;0.21070001
;US-ND;1982;p0p90;35074.0;;0.68760002;0.68760002
;US-ND;1982;p0p99;41987.602;;0.90539998;0.90539998
;US-ND;1982;p99.5p100;640519.19;;0.069799997;0.069799997
;US-ND;1981;p0p100;279979.09;12653713820.0;1.0;1.0
;US-ND;1981;p99p100;359538.5;;0.080300003;0.080300003
;US-ND;1981;p99.9p100;929507.69;;0.0208;0.0208
;US-ND;1981;p99.99p100;2351507.8;;0.0052999998;0.0052999998
;US-ND;1981;p90p100;147474.0;;0.3294;0.3294
;US-ND;1981;p90p95;108711.4;;0.1214;0.1214
;US-ND;1981;p95p99;143236.91;;0.12800001;0.12800001
;US-ND;1981;p99.5p99.9;358566.41;;0.032000002;0.032000002
;US-ND;1981;p99.9p99.99;769598.38;;0.0155;0.0155
;US-ND;1981;p99p99.5;243831.7;;0.0272;0.0272
;US-ND;1981;p95p100;186723.0;;0.2085;0.2085
;US-ND;1981;p0p90;33366.398;;0.67070001;0.67070001
;US-ND;1981;p0p99;41596.602;;0.91970003;0.91970003
;US-ND;1981;p99.5p100;474626.09;;0.052999999;0.052999999
;US-ND;1980;p0p100;278270.5;10503772856.0;1.0;1.0
;US-ND;1980;p99p100;355109.91;;0.095700003;0.095700003
;US-ND;1980;p99.9p100;889624.0;;0.024;0.024
;US-ND;1980;p99.99p100;2124885.8;;0.0057000001;0.0057000001
;US-ND;1980;p90p100;136578.91;;0.36809999;0.36809999
;US-ND;1980;p90p95;90874.102;;0.1225;0.1225
;US-ND;1980;p95p99;138981.5;;0.1498;0.1498
;US-ND;1980;p99.5p99.9;363876.0;;0.0392;0.0392
;US-ND;1980;p99.9p99.99;751121.81;;0.018200001;0.018200001
;US-ND;1980;p99p99.5;240437.2;;0.032400001;0.032400001
;US-ND;1980;p95p100;182278.0;;0.2456;0.2456
;US-ND;1980;p0p90;26058.9;;0.63209999;0.63209999
;US-ND;1980;p0p99;33890.0;;0.90429997;0.90429997
;US-ND;1980;p99.5p100;469692.31;;0.063299999;0.063299999
;US-ND;1979;p0p100;420084.59;12350236877.0;1.0;1.0
;US-ND;1979;p99p100;350202.09;;0.077200003;0.077200003
;US-ND;1979;p99.9p100;887064.81;;0.0195;0.0195
;US-ND;1979;p99.99p100;2562387.0;;0.0055999998;0.0055999998
;US-ND;1979;p90p100;138852.7;;0.30599999;0.30599999
;US-ND;1979;p90p95;95365.5;;0.1051;0.1051
;US-ND;1979;p95p99;140257.7;;0.1236;0.1236
;US-ND;1979;p99.5p99.9;356762.81;;0.031399999;0.031399999
;US-ND;1979;p99.9p99.99;700215.0;;0.0139;0.0139
;US-ND;1979;p99p99.5;237749.5;;0.0262;0.0262
;US-ND;1979;p95p100;182213.0;;0.2008;0.2008
;US-ND;1979;p0p90;34995.102;;0.69410002;0.69410002
;US-ND;1979;p0p99;42297.301;;0.9228;0.9228
;US-ND;1979;p99.5p100;463268.41;;0.050999999;0.050999999
;US-ND;1978;p0p100;530204.69;12930129542.0;1.0;1.0
;US-ND;1978;p99p100;321663.59;;0.067400001;0.067400001
;US-ND;1978;p99.9p100;731589.88;;0.0153;0.0153
;US-ND;1978;p99.99p100;1853792.6;;0.0038999999;0.0038999999
;US-ND;1978;p90p100;136115.2;;0.2854;0.2854
;US-ND;1978;p90p95;93478.703;;0.097999997;0.097999997
;US-ND;1978;p95p99;143268.0;;0.1201;0.1201
;US-ND;1978;p99.5p99.9;349844.81;;0.029300001;0.029300001
;US-ND;1978;p99.9p99.99;606375.31;;0.0114;0.0114
;US-ND;1978;p99p99.5;216715.91;;0.022700001;0.022700001
;US-ND;1978;p95p100;178735.3;;0.1874;0.1874
;US-ND;1978;p0p90;37864.102;;0.71450001;0.71450001
;US-ND;1978;p0p99;44929.0;;0.93260002;0.93260002
;US-ND;1978;p99.5p100;426748.91;;0.0447;0.0447
;US-ND;1977;p0p100;528910.31;10902187528.0;1.0;1.0
;US-ND;1977;p99p100;319305.41;;0.077699997;0.077699997
;US-ND;1977;p99.9p100;705032.69;;0.017200001;0.017200001
;US-ND;1977;p99.99p100;1386328.5;;0.0034;0.0034
;US-ND;1977;p90p100;130219.1;;0.3168;0.3168
;US-ND;1977;p90p95;91400.5;;0.1112;0.1112
;US-ND;1977;p95p99;131451.5;;0.1279;0.1279
;US-ND;1977;p99.5p99.9;331021.69;;0.032200001;0.032200001
;US-ND;1977;p99.9p99.99;627918.63;;0.0137;0.0137
;US-ND;1977;p99p99.5;232553.0;;0.0283;0.0283
;US-ND;1977;p95p100;169045.91;;0.20559999;0.20559999
;US-ND;1977;p0p90;31204.801;;0.68330002;0.68330002
;US-ND;1977;p0p99;38292.898;;0.92229998;0.92229998
;US-ND;1977;p99.5p100;406262.69;;0.049400002;0.049400002
;US-ND;1976;p0p100;635761.19;11310824206.0;1.0;1.0
;US-ND;1976;p99p100;344151.31;;0.079000004;0.079000004
;US-ND;1976;p99.9p100;770580.19;;0.0177;0.0177
;US-ND;1976;p99.99p100;1621519.4;;0.0037;0.0037
;US-ND;1976;p90p100;135826.0;;0.3118;0.3118
;US-ND;1976;p90p95;94163.203;;0.1081;0.1081
;US-ND;1976;p95p99;135833.09;;0.1247;0.1247
;US-ND;1976;p99.5p99.9;360078.59;;0.033100002;0.033100002
;US-ND;1976;p99.9p99.99;676386.13;;0.014;0.014
;US-ND;1976;p99p99.5;245484.41;;0.028200001;0.028200001
;US-ND;1976;p95p100;177495.59;;0.20370001;0.20370001
;US-ND;1976;p0p90;33308.5;;0.6882;0.6882
;US-ND;1976;p0p99;40521.398;;0.921;0.921
;US-ND;1976;p99.5p100;442730.59;;0.050799999;0.050799999
;US-ND;1975;p0p100;782276.19;12188940958.0;1.0;1.0
;US-ND;1975;p99p100;370718.0;;0.077399999;0.077399999
;US-ND;1975;p99.9p100;833398.63;;0.0174;0.0174
;US-ND;1975;p99.99p100;1741076.3;;0.0035999999;0.0035999999
;US-ND;1975;p90p100;149390.3;;0.3118;0.3118
;US-ND;1975;p90p95;99497.797;;0.1038;0.1038
;US-ND;1975;p95p99;156401.3;;0.13060001;0.13060001
;US-ND;1975;p99.5p99.9;379805.09;;0.0317;0.0317
;US-ND;1975;p99.9p99.99;733721.5;;0.0138;0.0138
;US-ND;1975;p99p99.5;269839.81;;0.028200001;0.028200001
;US-ND;1975;p95p100;199256.59;;0.2079;0.2079
;US-ND;1975;p0p90;36645.801;;0.68830001;0.68830001
;US-ND;1975;p0p99;44654.398;;0.92259997;0.92259997
;US-ND;1975;p99.5p100;471183.81;;0.049199998;0.049199998
;US-ND;1974;p0p100;1016251.3;13022040492.0;1.0;1.0
;US-ND;1974;p99p100;464016.09;;0.088799998;0.088799998
;US-ND;1974;p99.9p100;1494437.8;;0.0286;0.0286
;US-ND;1974;p99.99p100;5168830.5;;0.0098999999;0.0098999999
;US-ND;1974;p90p100;157238.3;;0.3008;0.3008
;US-ND;1974;p90p95;100892.3;;0.096500002;0.096500002
;US-ND;1974;p95p99;151468.5;;0.1159;0.1159
;US-ND;1974;p99.5p99.9;449137.19;;0.034400001;0.034400001
;US-ND;1974;p99.9p99.99;1094038.3;;0.0188;0.0188
;US-ND;1974;p99p99.5;273324.91;;0.0261;0.0261
;US-ND;1974;p95p100;213554.5;;0.2043;0.2043
;US-ND;1974;p0p90;40556.301;;0.6983;0.6983
;US-ND;1974;p0p99;48109.602;;0.91119999;0.91119999
;US-ND;1974;p99.5p100;656067.81;;0.062799998;0.062799998
;US-ND;1973;p0p100;1419957.1;14464865005.0;1.0;1.0
;US-ND;1973;p99p100;339571.41;;0.057300001;0.057300001
;US-ND;1973;p99.9p100;738639.38;;0.0125;0.0125
;US-ND;1973;p99.99p100;1698268.8;;0.0029;0.0029
;US-ND;1973;p90p100;141900.5;;0.2395;0.2395
;US-ND;1973;p90p95;97847.102;;0.082599998;0.082599998
;US-ND;1973;p95p99;147552.8;;0.099600002;0.099600002
;US-ND;1973;p99.5p99.9;352721.09;;0.023800001;0.023800001
;US-ND;1973;p99.9p99.99;631353.81;;0.0096000005;0.0096000005
;US-ND;1973;p99p99.5;248382.7;;0.021;0.021
;US-ND;1973;p95p100;185964.8;;0.15700001;0.15700001
;US-ND;1973;p0p90;50056.699;;0.76050001;0.76050001
;US-ND;1973;p0p99;56404.602;;0.94270003;0.94270003
;US-ND;1973;p99.5p100;429882.31;;0.0363;0.0363
;US-ND;1972;p0p100;1218302.3;10777652738.0;1.0;1.0
;US-ND;1972;p99p100;263104.0;;0.058400001;0.058400001
;US-ND;1972;p99.9p100;596129.38;;0.0132;0.0132
;US-ND;1972;p99.99p100;1488859.1;;0.0033;0.0033
;US-ND;1972;p90p100;110398.4;;0.24510001;0.24510001
;US-ND;1972;p90p95;79996.203;;0.088799998;0.088799998
;US-ND;1972;p95p99;110252.8;;0.097900003;0.097900003
;US-ND;1972;p99.5p99.9;275406.69;;0.024499999;0.024499999
;US-ND;1972;p99.9p99.99;496745.0;;0.0098999999;0.0098999999
;US-ND;1972;p99p99.5;186138.91;;0.0207;0.0207
;US-ND;1972;p95p100;140826.91;;0.15629999;0.15629999
;US-ND;1972;p0p90;37786.199;;0.755;0.755
;US-ND;1972;p0p99;42843.199;;0.94160002;0.94160002
;US-ND;1972;p99.5p100;340069.09;;0.037700001;0.037700001
;US-ND;1971;p0p100;1144088.1;9299380598.0;1.0;1.0
;US-ND;1971;p99p100;264682.59;;0.066699997;0.066699997
;US-ND;1971;p99.9p100;520618.5;;0.0131;0.0131
;US-ND;1971;p99.99p100;1530901.3;;0.0038999999;0.0038999999
;US-ND;1971;p90p100;109771.4;;0.2764;0.2764
;US-ND;1971;p90p95;77962.297;;0.098200001;0.098200001
;US-ND;1971;p95p99;110859.5;;0.1117;0.1117
;US-ND;1971;p99.5p99.9;287479.41;;0.028999999;0.028999999
;US-ND;1971;p99.9p99.99;408527.59;;0.0093;0.0093
;US-ND;1971;p99p99.5;194450.09;;0.024499999;0.024499999
;US-ND;1971;p95p100;141615.8;;0.17829999;0.17829999
;US-ND;1971;p0p90;31929.0;;0.72359997;0.72359997
;US-ND;1971;p0p99;37439.102;;0.93330002;0.93330002
;US-ND;1971;p99.5p100;334707.91;;0.042100001;0.042100001
;US-ND;1970;p0p100;1159123.4;8447615532.0;1.0;1.0
;US-ND;1970;p99p100;241658.0;;0.065399997;0.065399997
;US-ND;1970;p99.9p100;534254.13;;0.0145;0.0145
;US-ND;1970;p99.99p100;1544355.3;;0.0041999999;0.0041999999
;US-ND;1970;p90p100;105858.7;;0.28670001;0.28670001
;US-ND;1970;p90p95;77203.297;;0.1045;0.1045
;US-ND;1970;p95p99;107846.8;;0.1168;0.1168
;US-ND;1970;p99.5p99.9;257867.09;;0.027899999;0.027899999
;US-ND;1970;p99.9p99.99;421678.69;;0.0103;0.0103
;US-ND;1970;p99p99.5;169594.91;;0.023;0.023
;US-ND;1970;p95p100;134572.59;;0.1822;0.1822
;US-ND;1970;p0p90;29265.801;;0.71329999;0.71329999
;US-ND;1970;p0p99;34858.699;;0.9346;0.9346
;US-ND;1970;p99.5p100;313549.09;;0.0425;0.0425
;US-ND;1969;p0p100;1324461.3;8630142526.0;1.0;1.0
;US-ND;1969;p99p100;252698.8;;0.0669;0.0669
;US-ND;1969;p99.9p100;664037.88;;0.0176;0.0176
;US-ND;1969;p99.99p100;1750557.8;;0.0046000001;0.0046000001
;US-ND;1969;p90p100;106596.5;;0.28240001;0.28240001
;US-ND;1969;p90p95;76045.703;;0.1007;0.1007
;US-ND;1969;p95p99;108377.6;;0.1148;0.1148
;US-ND;1969;p99.5p99.9;263515.31;;0.027899999;0.027899999
;US-ND;1969;p99.9p99.99;545711.5;;0.013;0.013
;US-ND;1969;p99p99.5;161615.7;;0.021400001;0.021400001
;US-ND;1969;p95p100;137183.3;;0.18170001;0.18170001
;US-ND;1969;p0p90;30093.801;;0.71749997;0.71749997
;US-ND;1969;p0p99;35578.898;;0.93309999;0.93309999
;US-ND;1969;p99.5p100;343895.91;;0.045499999;0.045499999
;US-ND;1968;p0p100;1411610.8;8279894068.0;1.0;1.0
;US-ND;1968;p99p100;278822.91;;0.077100001;0.077100001
;US-ND;1968;p99.9p100;633358.63;;0.0175;0.0175
;US-ND;1968;p99.99p100;1516841.8;;0.0041999999;0.0041999999
;US-ND;1968;p90p100;107899.2;;0.2983;0.2983
;US-ND;1968;p90p95;74598.703;;0.1031;0.1031
;US-ND;1968;p95p99;106701.9;;0.118;0.118
;US-ND;1968;p99.5p99.9;286391.0;;0.0317;0.0317
;US-ND;1968;p99.9p99.99;538757.38;;0.0134;0.0134
;US-ND;1968;p99p99.5;201879.3;;0.027899999;0.027899999
;US-ND;1968;p95p100;141146.8;;0.19509999;0.19509999
;US-ND;1968;p0p90;28207.199;;0.70169997;0.70169997
;US-ND;1968;p0p99;33725.0;;0.92290002;0.92290002
;US-ND;1968;p99.5p100;355531.69;;0.0491;0.0491
;US-ND;1967;p0p100;1525348.8;8249143462.0;1.0;1.0
;US-ND;1967;p99p100;268273.09;;0.074500002;0.074500002
;US-ND;1967;p99.9p100;616410.69;;0.017100001;0.017100001
;US-ND;1967;p99.99p100;1471971.3;;0.0041;0.0041
;US-ND;1967;p90p100;106240.0;;0.29499999;0.29499999
;US-ND;1967;p90p95;75380.602;;0.1047;0.1047
;US-ND;1967;p95p99;104510.7;;0.1161;0.1161
;US-ND;1967;p99.5p99.9;284260.5;;0.031599998;0.031599998
;US-ND;1967;p99.9p99.99;522047.91;;0.013;0.013
;US-ND;1967;p99p99.5;185898.09;;0.025800001;0.025800001
;US-ND;1967;p95p100;137205.59;;0.19050001;0.19050001
;US-ND;1967;p0p90;28195.301;;0.70469999;0.70469999
;US-ND;1967;p0p99;33662.699;;0.92549998;0.92549998
;US-ND;1967;p99.5p100;350744.09;;0.048700001;0.048700001
;US-ND;1966;p0p100;1660952.6;8452410546.0;1.0;1.0
;US-ND;1966;p99p100;244199.0;;0.066200003;0.066200003
;US-ND;1966;p99.9p100;578219.81;;0.015699999;0.015699999
;US-ND;1966;p99.99p100;1613861.6;;0.0044;0.0044
;US-ND;1966;p90p100;102525.0;;0.27790001;0.27790001
;US-ND;1966;p90p95;74140.703;;0.1005;0.1005
;US-ND;1966;p95p99;103075.2;;0.1117;0.1117
;US-ND;1966;p99.5p99.9;247661.7;;0.026799999;0.026799999
;US-ND;1966;p99.9p99.99;463455.0;;0.0113;0.0113
;US-ND;1966;p99p99.5;173441.41;;0.023499999;0.023499999
;US-ND;1966;p95p100;131253.5;;0.1779;0.1779
;US-ND;1966;p0p90;29589.801;;0.72180003;0.72180003
;US-ND;1966;p0p99;34803.301;;0.93379998;0.93379998
;US-ND;1966;p99.5p100;314573.41;;0.042599998;0.042599998
;US-ND;1965;p0p100;1797542.8;8640031292.0;1.0;1.0
;US-ND;1965;p99p100;261171.09;;0.069200002;0.069200002
;US-ND;1965;p99.9p100;527450.69;;0.014;0.014
;US-ND;1965;p99.99p100;1191032.4;;0.0031999999;0.0031999999
;US-ND;1965;p90p100;101789.2;;0.26969999;0.26969999
;US-ND;1965;p90p95;68362.797;;0.090599999;0.090599999
;US-ND;1965;p95p99;103696.2;;0.1099;0.1099
;US-ND;1965;p99.5p99.9;274622.5;;0.029100001;0.029100001
;US-ND;1965;p99.9p99.99;452510.5;;0.0108;0.0108
;US-ND;1965;p99p99.5;196577.09;;0.026000001;0.026000001
;US-ND;1965;p95p100;135208.2;;0.17910001;0.17910001
;US-ND;1965;p0p90;30633.6;;0.73049998;0.73049998
;US-ND;1965;p0p99;35487.102;;0.93080002;0.93080002
;US-ND;1965;p99.5p100;325554.19;;0.043099999;0.043099999
;US-ND;1964;p0p100;1617391.6;7516317914.0;1.0;1.0
;US-ND;1964;p99p100;245044.91;;0.074500002;0.074500002
;US-ND;1964;p99.9p100;520186.41;;0.015799999;0.015799999
;US-ND;1964;p99.99p100;1205774.1;;0.0037;0.0037
;US-ND;1964;p90p100;96740.297;;0.29409999;0.29409999
;US-ND;1964;p90p95;67481.203;;0.1026;0.1026
;US-ND;1964;p95p99;96268.0;;0.1171;0.1171
;US-ND;1964;p99.5p99.9;241325.0;;0.029300001;0.029300001
;US-ND;1964;p99.9p99.99;443605.41;;0.0121;0.0121
;US-ND;1964;p99p99.5;192078.59;;0.029200001;0.029200001
;US-ND;1964;p95p100;125958.9;;0.19149999;0.19149999
;US-ND;1964;p0p90;25801.5;;0.70599997;0.70599997
;US-ND;1964;p0p99;30748.699;;0.92549998;0.92549998
;US-ND;1964;p99.5p100;297241.5;;0.045200001;0.045200001
;US-ND;1963;p0p100;1693735.1;7645170203.0;1.0;1.0
;US-ND;1963;p99p100;219098.7;;0.065300003;0.065300003
;US-ND;1963;p99.9p100;488238.5;;0.0145;0.0145
;US-ND;1963;p99.99p100;1010616.1;;0.003;0.003
;US-ND;1963;p90p100;91067.5;;0.27129999;0.27129999
;US-ND;1963;p90p95;64802.301;;0.096500002;0.096500002
;US-ND;1963;p95p99;91892.203;;0.1095;0.1095
;US-ND;1963;p99.5p99.9;232095.09;;0.0277;0.0277
;US-ND;1963;p99.9p99.99;431395.19;;0.0116;0.0116
;US-ND;1963;p99p99.5;154415.09;;0.023;0.023
;US-ND;1963;p95p100;117333.5;;0.17479999;0.17479999
;US-ND;1963;p0p90;27172.699;;0.72869998;0.72869998
;US-ND;1963;p0p99;31686.9;;0.93470001;0.93470001
;US-ND;1963;p99.5p100;283771.5;;0.042300001;0.042300001
;US-ND;1962;p0p100;1896154.3;8305852407.0;1.0;1.0
;US-ND;1962;p99p100;224396.2;;0.061299998;0.061299998
;US-ND;1962;p99.9p100;631674.31;;0.0173;0.0173
;US-ND;1962;p99.99p100;2293153.5;;0.0063;0.0063
;US-ND;1962;p90p100;89127.5;;0.24349999;0.24349999
;US-ND;1962;p90p95;62401.199;;0.085299999;0.085299999
;US-ND;1962;p95p99;88718.898;;0.097000003;0.097000003
;US-ND;1962;p99.5p99.9;221919.91;;0.0243;0.0243
;US-ND;1962;p99.9p99.99;447071.19;;0.011;0.011
;US-ND;1962;p99p99.5;144651.5;;0.0198;0.0198
;US-ND;1962;p95p100;115854.5;;0.1583;0.1583
;US-ND;1962;p0p90;30760.699;;0.75650001;0.75650001
;US-ND;1962;p0p99;34699.102;;0.93870002;0.93870002
;US-ND;1962;p99.5p100;304134.19;;0.0416;0.0416
;US-ND;1961;p0p100;1392727.9;5951951152.0;1.0;1.0
;US-ND;1961;p99p100;188504.5;;0.071500003;0.071500003
;US-ND;1961;p99.9p100;321059.81;;0.0122;0.0122
;US-ND;1961;p99.99p100;754946.19;;0.0029;0.0029
;US-ND;1961;p90p100;79531.898;;0.30180001;0.30180001
;US-ND;1961;p90p95;55804.699;;0.1059;0.1059
;US-ND;1961;p95p99;81956.398;;0.1244;0.1244
;US-ND;1961;p99.5p99.9;219929.3;;0.033399999;0.033399999
;US-ND;1961;p99.9p99.99;273182.91;;0.0093;0.0093
;US-ND;1961;p99p99.5;136621.7;;0.025900001;0.025900001
;US-ND;1961;p95p100;103261.2;;0.19599999;0.19599999
;US-ND;1961;p0p90;20439.801;;0.69819999;0.69819999
;US-ND;1961;p0p99;24710.5;;0.9285;0.9285
;US-ND;1961;p99.5p100;240396.2;;0.045600001;0.045600001
;US-ND;1960;p0p100;1574858.9;6556784538.0;1.0;1.0
;US-ND;1960;p99p100;190673.5;;0.065300003;0.065300003
;US-ND;1960;p99.9p100;443885.19;;0.0152;0.0152
;US-ND;1960;p99.99p100;1417994.0;;0.0049000001;0.0049000001
;US-ND;1960;p90p100;78104.5;;0.26750001;0.26750001
;US-ND;1960;p90p95;53874.699;;0.092299998;0.092299998
;US-ND;1960;p95p99;80252.0;;0.1099;0.1099
;US-ND;1960;p99.5p99.9;194308.7;;0.0266;0.0266
;US-ND;1960;p99.9p99.99;336124.91;;0.0104;0.0104
;US-ND;1960;p99p99.5;136591.3;;0.023399999;0.023399999
;US-ND;1960;p95p100;102333.9;;0.1752;0.1752
;US-ND;1960;p0p90;23767.699;;0.73259997;0.73259997
;US-ND;1960;p0p99;27568.199;;0.93470001;0.93470001
;US-ND;1960;p99.5p100;244745.09;;0.041900001;0.041900001
;US-ND;1959;p0p100;1485960.1;6021771063.0;1.0;1.0
;US-ND;1959;p99p100;201125.2;;0.075499997;0.075499997
;US-ND;1959;p99.9p100;528900.19;;0.0199;0.0199
;US-ND;1959;p99.99p100;917480.38;;0.0034;0.0034
;US-ND;1959;p90p100;79115.297;;0.29710001;0.29710001
;US-ND;1959;p90p95;53351.398;;0.1002;0.1002
;US-ND;1959;p95p99;80824.203;;0.1214;0.1214
;US-ND;1959;p99.5p99.9;205757.09;;0.0309;0.0309
;US-ND;1959;p99.9p99.99;486767.31;;0.0165;0.0165
;US-ND;1959;p99p99.5;131721.5;;0.024700001;0.024700001
;US-ND;1959;p95p100;104880.4;;0.1969;0.1969
;US-ND;1959;p0p90;20795.6;;0.70289999;0.70289999
;US-ND;1959;p0p99;24865.5;;0.92449999;0.92449999
;US-ND;1959;p99.5p100;270537.69;;0.050799999;0.050799999
;US-ND;1958;p0p100;1620566.5;6516006507.0;1.0;1.0
;US-ND;1958;p99p100;206843.8;;0.0722;0.0722
;US-ND;1958;p99.9p100;513684.69;;0.017899999;0.017899999
;US-ND;1958;p99.99p100;900181.5;;0.0031000001;0.0031000001
;US-ND;1958;p90p100;76399.5;;0.2667;0.2667
;US-ND;1958;p90p95;50869.602;;0.088799998;0.088799998
;US-ND;1958;p95p99;75702.398;;0.1057;0.1057
;US-ND;1958;p99.5p99.9;221096.41;;0.0309;0.0309
;US-ND;1958;p99.9p99.99;472306.09;;0.0148;0.0148
;US-ND;1958;p99p99.5;133681.0;;0.0233;0.0233
;US-ND;1958;p95p100;101930.1;;0.1779;0.1779
;US-ND;1958;p0p90;23336.6;;0.73329997;0.73329997
;US-ND;1958;p0p99;26842.4;;0.9278;0.9278
;US-ND;1958;p99.5p100;280004.81;;0.048900001;0.048900001
;US-ND;1957;p0p100;1525857.1;5847059953.0;1.0;1.0
;US-ND;1957;p99p100;187956.3;;0.0735;0.0735
;US-ND;1957;p99.9p100;430075.91;;0.016799999;0.016799999
;US-ND;1957;p99.99p100;1012367.3;;0.0040000002;0.0040000002
;US-ND;1957;p90p100;74166.5;;0.2902;0.2902
;US-ND;1957;p90p95;51167.398;;0.1001;0.1001
;US-ND;1957;p95p99;74471.102;;0.1166;0.1166
;US-ND;1957;p99.5p99.9;201207.8;;0.031500001;0.031500001
;US-ND;1957;p99.9p99.99;365946.09;;0.0129;0.0129
;US-ND;1957;p99p99.5;128629.4;;0.0252;0.0252
;US-ND;1957;p95p100;97166.602;;0.1901;0.1901
;US-ND;1957;p0p90;20154.699;;0.7098;0.7098
;US-ND;1957;p0p99;23914.6;;0.92650002;0.92650002
;US-ND;1957;p99.5p100;247279.59;;0.0484;0.0484
;US-ND;1956;p0p100;1675319.3;6010509008.0;1.0;1.0
;US-ND;1956;p99p100;194750.0;;0.0744;0.0744
;US-ND;1956;p99.9p100;463811.31;;0.0177;0.0177
;US-ND;1956;p99.99p100;1078061.5;;0.0041;0.0041
;US-ND;1956;p90p100;75847.5;;0.2899;0.2899
;US-ND;1956;p90p95;55328.0;;0.1057;0.1057
;US-ND;1956;p95p99;72333.297;;0.1106;0.1106
;US-ND;1956;p99.5p99.9;203607.41;;0.031099999;0.031099999
;US-ND;1956;p99.9p99.99;396753.59;;0.0136;0.0136
;US-ND;1956;p99p99.5;133325.3;;0.0255;0.0255
;US-ND;1956;p95p100;96817.297;;0.185;0.185
;US-ND;1956;p0p90;20616.9;;0.70929998;0.70929998
;US-ND;1956;p0p99;24458.0;;0.92559999;0.92559999
;US-ND;1956;p99.5p100;256169.41;;0.048999999;0.048999999
;US-ND;1955;p0p100;1701719.5;5951717897.0;1.0;1.0
;US-ND;1955;p99p100;196949.91;;0.076399997;0.076399997
;US-ND;1955;p99.9p100;508704.59;;0.0197;0.0197
;US-ND;1955;p99.99p100;1160238.1;;0.0044999998;0.0044999998
;US-ND;1955;p90p100;74307.203;;0.2881;0.2881
;US-ND;1955;p90p95;56790.602;;0.1101;0.1101
;US-ND;1955;p95p99;66727.0;;0.1035;0.1035
;US-ND;1955;p99.5p99.9;212371.41;;0.032900002;0.032900002
;US-ND;1955;p99.9p99.99;436400.91;;0.0152;0.0152
;US-ND;1955;p99p99.5;122266.5;;0.023700001;0.023700001
;US-ND;1955;p95p100;92757.5;;0.1798;0.1798
;US-ND;1955;p0p90;20352.5;;0.7101;0.7101
;US-ND;1955;p0p99;24066.6;;0.92360002;0.92360002
;US-ND;1955;p99.5p100;271633.5;;0.052700002;0.052700002
;US-ND;1954;p0p100;1525888.8;5398879007.0;1.0;1.0
;US-ND;1954;p99p100;169285.0;;0.0726;0.0726
;US-ND;1954;p99.9p100;419532.69;;0.017999999;0.017999999
;US-ND;1954;p99.99p100;1013410.3;;0.0043000001;0.0043000001
;US-ND;1954;p90p100;68836.102;;0.29539999;0.29539999
;US-ND;1954;p90p95;52188.301;;0.112;0.112
;US-ND;1954;p95p99;65936.797;;0.1132;0.1132
;US-ND;1954;p99.5p99.9;174008.0;;0.029899999;0.029899999
;US-ND;1954;p99.9p99.99;353564.19;;0.0137;0.0137
;US-ND;1954;p99p99.5;115459.3;;0.024800001;0.024800001
;US-ND;1954;p95p100;86549.703;;0.1857;0.1857
;US-ND;1954;p0p90;18181.9;;0.7022;0.7022
;US-ND;1954;p0p99;21828.9;;0.92739999;0.92739999
;US-ND;1954;p99.5p100;223111.59;;0.047899999;0.047899999
;US-ND;1953;p0p100;1497825.8;5267929756.0;1.0;1.0
;US-ND;1953;p99p100;173876.7;;0.076800004;0.076800004
;US-ND;1953;p99.9p100;399247.59;;0.0176;0.0176
;US-ND;1953;p99.99p100;790905.31;;0.0035000001;0.0035000001
;US-ND;1953;p90p100;70633.703;;0.31189999;0.31189999
;US-ND;1953;p90p95;55772.398;;0.1231;0.1231
;US-ND;1953;p95p99;65011.898;;0.1148;0.1148
;US-ND;1953;p99.5p99.9;187453.59;;0.033100002;0.033100002
;US-ND;1953;p99.9p99.99;356973.91;;0.0142;0.0142
;US-ND;1953;p99p99.5;118147.4;;0.0261;0.0261
;US-ND;1953;p95p100;86726.297;;0.19149999;0.19149999
;US-ND;1953;p0p90;17242.4;;0.68519998;0.68519998
;US-ND;1953;p0p99;21120.6;;0.92320001;0.92320001
;US-ND;1953;p99.5p100;229664.3;;0.050700001;0.050700001
;US-ND;1952;p0p100;1514121.3;5270899089.0;1.0;1.0
;US-ND;1952;p99p100;192289.7;;0.085299999;0.085299999
;US-ND;1952;p99.9p100;457028.0;;0.020300001;0.020300001
;US-ND;1952;p99.99p100;1048770.6;;0.0046999999;0.0046999999
;US-ND;1952;p90p100;71931.898;;0.31889999;0.31889999
;US-ND;1952;p90p95;48095.801;;0.1066;0.1066
;US-ND;1952;p95p99;72429.102;;0.1285;0.1285
;US-ND;1952;p99.5p99.9;208856.41;;0.037;0.037
;US-ND;1952;p99.9p99.99;392454.41;;0.015699999;0.015699999
;US-ND;1952;p99p99.5;126345.6;;0.028000001;0.028000001
;US-ND;1952;p95p100;96279.0;;0.21349999;0.21349999
;US-ND;1952;p0p90;17028.5;;0.67949998;0.67949998
;US-ND;1952;p0p99;20838.301;;0.91469997;0.91469997
;US-ND;1952;p99.5p100;258299.8;;0.057300001;0.057300001
;US-ND;1951;p0p100;1803536.9;6036945681.0;1.0;1.0
;US-ND;1951;p99p100;219082.09;;0.085199997;0.085199997
;US-ND;1951;p99.9p100;556746.5;;0.021600001;0.021600001
;US-ND;1951;p99.99p100;988208.38;;0.0038000001;0.0038000001
;US-ND;1951;p90p100;78553.703;;0.3053;0.3053
;US-ND;1951;p90p95;50408.5;;0.097999997;0.097999997
;US-ND;1951;p95p99;76550.398;;0.119;0.119
;US-ND;1951;p99.5p99.9;226862.0;;0.035300002;0.035300002
;US-ND;1951;p99.9p99.99;515389.41;;0.017999999;0.017999999
;US-ND;1951;p99p99.5;139793.0;;0.0272;0.0272
;US-ND;1951;p95p100;105952.8;;0.2059;0.2059
;US-ND;1951;p0p99;18157.1;;0.69870001;0.69870001
;US-ND;1951;p99.5p100;296237.5;;0.057599999;0.057599999
;US-ND;1950;p0p100;2136152.8;6165329769.0;1.0;1.0
;US-ND;1950;p99p100;217543.41;;0.083099999;0.083099999
;US-ND;1950;p99.9p100;500070.59;;0.019099999;0.019099999
;US-ND;1950;p99.99p100;811458.63;;0.0031000001;0.0031000001
;US-ND;1950;p90p100;74787.797;;0.28580001;0.28580001
;US-ND;1950;p90p95;45892.699;;0.087700002;0.087700002
;US-ND;1950;p95p99;75313.898;;0.1151;0.1151
;US-ND;1950;p99.5p99.9;231070.59;;0.035300002;0.035300002
;US-ND;1950;p99.9p99.99;489421.59;;0.016799999;0.016799999
;US-ND;1950;p99p99.5;150718.2;;0.0288;0.0288
;US-ND;1950;p95p100;103575.5;;0.1979;0.1979
;US-ND;1950;p0p90;20737.4;;0.71319997;0.71319997
;US-ND;1950;p0p99;24237.301;;0.91689998;0.91689998
;US-ND;1950;p99.5p100;284530.81;;0.054400001;0.054400001
;US-ND;1949;p0p100;1828078.8;5174045812.0;1.0;1.0
;US-ND;1949;p99p100;190310.3;;0.086599998;0.086599998
;US-ND;1949;p99.9p100;451855.0;;0.0206;0.0206
;US-ND;1949;p99.99p100;816322.0;;0.0037;0.0037
;US-ND;1949;p90p100;71174.0;;0.32409999;0.32409999
;US-ND;1949;p90p95;44344.602;;0.101;0.101
;US-ND;1949;p95p99;75033.102;;0.1367;0.1367
;US-ND;1949;p99.5p99.9;204422.7;;0.0372;0.0372
;US-ND;1949;p99.9p99.99;411395.91;;0.016899999;0.016899999
;US-ND;1949;p99p99.5;126705.2;;0.0288;0.0288
;US-ND;1949;p95p100;97934.398;;0.2229;0.2229
;US-ND;1949;p0p90;16490.699;;0.67570001;0.67570001
;US-ND;1949;p0p99;20262.801;;0.91339999;0.91339999
;US-ND;1949;p99.5p100;253909.59;;0.057799999;0.057799999
;US-ND;1948;p0p100;2113913.8;6118738034.0;1.0;1.0
;US-ND;1948;p99p100;230472.2;;0.089000002;0.089000002
;US-ND;1948;p99.9p100;537004.19;;0.0207;0.0207
;US-ND;1948;p99.99p100;1097143.0;;0.0041999999;0.0041999999
;US-ND;1948;p90p100;84358.602;;0.32570001;0.32570001
;US-ND;1948;p90p95;52577.199;;0.1015;0.1015
;US-ND;1948;p95p99;87583.398;;0.1353;0.1353
;US-ND;1948;p99.5p99.9;248879.41;;0.038400002;0.038400002
;US-ND;1948;p99.9p99.99;474805.0;;0.0165;0.0165
;US-ND;1948;p99p99.5;154455.91;;0.0298;0.0298
;US-ND;1948;p95p100;116094.7;;0.22409999;0.22409999
;US-ND;1948;p0p90;19401.0;;0.6742;0.6742
;US-ND;1948;p0p99;23831.5;;0.91100001;0.91100001
;US-ND;1948;p99.5p100;306498.59;;0.0592;0.0592
;US-ND;1947;p0p100;2573325.3;6430503077.0;1.0;1.0
;US-ND;1947;p99p100;209445.7;;0.077200003;0.077200003
;US-ND;1947;p99.9p100;479935.91;;0.0177;0.0177
;US-ND;1947;p99.99p100;984492.88;;0.0035999999;0.0035999999
;US-ND;1947;p90p100;83342.797;;0.3071;0.3071
;US-ND;1947;p90p95;51421.102;;0.094700001;0.094700001
;US-ND;1947;p95p99;91784.297;;0.1353;0.1353
;US-ND;1947;p99.5p99.9;219049.7;;0.032299999;0.032299999
;US-ND;1947;p99.9p99.99;423978.81;;0.0141;0.0141
;US-ND;1947;p99p99.5;147613.91;;0.0272;0.0272
;US-ND;1947;p95p100;115268.2;;0.2123;0.2123
;US-ND;1947;p0p90;20895.6;;0.6929;0.6929
;US-ND;1947;p0p99;25301.301;;0.9228;0.9228
;US-ND;1947;p99.5p100;271223.41;;0.050000001;0.050000001
;US-ND;1946;p0p100;2605867.8;4982181582.0;1.0;1.0
;US-ND;1946;p99p100;204557.91;;0.0973;0.0973
;US-ND;1946;p99.9p100;475454.5;;0.022600001;0.022600001
;US-ND;1946;p99.99p100;1034970.1;;0.0049000001;0.0049000001
;US-ND;1946;p90p100;75065.203;;0.3572;0.3572
;US-ND;1946;p90p95;48009.699;;0.1142;0.1142
;US-ND;1946;p95p99;76538.602;;0.14569999;0.14569999
;US-ND;1946;p99.5p99.9;217054.91;;0.041299999;0.041299999
;US-ND;1946;p99.9p99.99;413324.91;;0.0177;0.0177
;US-ND;1946;p99p99.5;140311.2;;0.033399999;0.033399999
;US-ND;1946;p95p100;102123.4;;0.243;0.243
;US-ND;1946;p0p90;15010.8;;0.64279997;0.64279997
;US-ND;1946;p0p99;19163.1;;0.90270001;0.90270001
;US-ND;1946;p99.5p100;268733.31;;0.063900001;0.063900001
;US-ND;1945;p0p100;3012350.5;4934290778.0;1.0;1.0
;US-ND;1945;p99p100;180260.0;;0.087399997;0.087399997
;US-ND;1945;p99.9p100;431918.81;;0.0209;0.0209
;US-ND;1945;p99.99p100;818276.0;;0.0040000002;0.0040000002
;US-ND;1945;p90p100;66578.5;;0.32280001;0.32280001
;US-ND;1945;p90p95;43458.398;;0.1054;0.1054
;US-ND;1945;p95p99;67106.203;;0.1301;0.1301
;US-ND;1945;p99.5p99.9;190450.5;;0.036899999;0.036899999
;US-ND;1945;p99.9p99.99;392771.59;;0.017100001;0.017100001
;US-ND;1945;p99p99.5;121739.7;;0.0295;0.0295
;US-ND;1945;p95p100;89703.203;;0.2175;0.2175
;US-ND;1945;p0p90;15513.1;;0.67690003;0.67690003
;US-ND;1945;p0p99;19012.301;;0.91259998;0.91259998
;US-ND;1945;p99.5p100;238698.59;;0.0579;0.0579
;US-ND;1944;p0p100;3110670.0;4911867332.0;1.0;1.0
;US-ND;1944;p99p100;158866.2;;0.078000002;0.078000002
;US-ND;1944;p99.9p100;390626.19;;0.019200001;0.019200001
;US-ND;1944;p99.99p100;761227.81;;0.0037;0.0037
;US-ND;1944;p90p100;63767.301;;0.3132;0.3132
;US-ND;1944;p90p95;47958.301;;0.1178;0.1178
;US-ND;1944;p95p99;63416.699;;0.1246;0.1246
;US-ND;1944;p99.5p99.9;170787.2;;0.033599999;0.033599999
;US-ND;1944;p99.9p99.99;350150.09;;0.0155;0.0155
;US-ND;1944;p99p99.5;103168.2;;0.0253;0.0253
;US-ND;1944;p95p100;81927.5;;0.20119999;0.20119999
;US-ND;1944;p0p90;15372.6;;0.67949998;0.67949998
;US-ND;1944;p0p99;18961.1;;0.92199999;0.92199999
;US-ND;1944;p99.5p100;214851.8;;0.0528;0.0528
;US-ND;1943;p0p100;3329247.8;5115212588.0;1.0;1.0
;US-ND;1943;p99p100;176116.8;;0.083700001;0.083700001
;US-ND;1943;p99.9p100;438239.19;;0.0208;0.0208
;US-ND;1943;p99.99p100;880247.13;;0.0041999999;0.0041999999
;US-ND;1943;p90p100;66447.203;;0.31560001;0.31560001
;US-ND;1943;p90p95;43666.898;;0.1037;0.1037
;US-ND;1943;p95p99;67391.102;;0.12800001;0.12800001
;US-ND;1943;p99.5p99.9;184269.91;;0.035;0.035
;US-ND;1943;p99.9p99.99;394226.31;;0.016899999;0.016899999
;US-ND;1943;p99p99.5;117052.6;;0.027799999;0.027799999
;US-ND;1943;p95p100;89199.398;;0.21179999;0.21179999
;US-ND;1943;p0p90;16009.7;;0.68440002;0.68440002
;US-ND;1943;p0p99;19486.6;;0.9163;0.9163
;US-ND;1943;p99.5p100;235127.2;;0.055799998;0.055799998
;US-ND;1942;p0p100;2804008.5;3843276735.0;1.0;1.0
;US-ND;1942;p99p100;147095.0;;0.093500003;0.093500003
;US-ND;1942;p99.9p100;385073.81;;0.024499999;0.024499999
;US-ND;1942;p99.99p100;1038113.3;;0.0066;0.0066
;US-ND;1942;p90p100;55569.102;;0.3531;0.3531
;US-ND;1942;p90p95;36952.398;;0.1174;0.1174
;US-ND;1942;p95p99;55868.199;;0.142;0.142
;US-ND;1942;p99.5p99.9;150132.2;;0.038199998;0.038199998
;US-ND;1942;p99.9p99.99;312268.31;;0.017899999;0.017899999
;US-ND;1942;p99p99.5;96913.797;;0.0308;0.0308
;US-ND;1942;p95p100;74179.297;;0.2357;0.2357
;US-ND;1942;p0p90;11316.5;;0.64719999;0.64719999
;US-ND;1942;p0p99;14410.3;;0.90649998;0.90649998
;US-ND;1942;p99.5p100;197197.91;;0.062700003;0.062700003
;US-ND;1941;p0p100;3074890.0;3469169736.0;1.0;1.0
;US-ND;1941;p99p100;125459.5;;0.089000002;0.089000002
;US-ND;1941;p99.9p100;301904.31;;0.021400001;0.021400001
;US-ND;1941;p99.99p100;661789.38;;0.0046999999;0.0046999999
;US-ND;1941;p90p100;49430.801;;0.35069999;0.35069999
;US-ND;1941;p90p95;34812.199;;0.1235;0.1235
;US-ND;1941;p95p99;48813.0;;0.13850001;0.13850001
;US-ND;1941;p99.5p99.9;130966.8;;0.0372;0.0372
;US-ND;1941;p99.9p99.99;261252.3;;0.0167;0.0167
;US-ND;1941;p99p99.5;85369.797;;0.030300001;0.030300001
;US-ND;1941;p95p100;64249.898;;0.2279;0.2279
;US-ND;1941;p0p90;10164.6;;0.64910001;0.64910001
;US-ND;1941;p0p99;12968.4;;0.91100001;0.91100001
;US-ND;1941;p99.5p100;165355.41;;0.058699999;0.058699999
;US-ND;1940;p0p100;2480913.0;2561620281.0;1.0;1.0
;US-ND;1940;p99p100;105729.0;;0.1025;0.1025
;US-ND;1940;p99.9p100;261908.91;;0.0254;0.0254
;US-ND;1940;p99.99p100;595749.63;;0.0057999999;0.0057999999
;US-ND;1940;p90p100;44427.199;;0.43079999;0.43079999
;US-ND;1940;p90p95;31233.1;;0.1514;0.1514
;US-ND;1940;p95p99;45398.898;;0.1761;0.1761
;US-ND;1940;p99.5p99.9;108503.5;;0.042100001;0.042100001
;US-ND;1940;p99.9p99.99;224291.91;;0.0196;0.0196
;US-ND;1940;p99p99.5;71914.703;;0.034899998;0.034899998
;US-ND;1940;p95p100;57571.199;;0.2791;0.2791
;US-ND;1940;p0p90;6534.6001;;0.57020003;0.57020003
;US-ND;1940;p0p99;9350.0;;0.89749998;0.89749998
;US-ND;1940;p99.5p100;139343.09;;0.067599997;0.067599997
;US-ND;1939;p0p100;2306898.5;2323350356.0;1.0;1.0
;US-ND;1939;p99p100;97226.602;;0.1033;0.1033
;US-ND;1939;p99.9p100;239040.59;;0.0254;0.0254
;US-ND;1939;p99.99p100;525401.81;;0.0055999998;0.0055999998
;US-ND;1939;p90p100;30802.6;;0.3274;0.3274
;US-ND;1939;p90p95;15269.0;;0.081100002;0.081100002
;US-ND;1939;p95p99;33207.699;;0.14120001;0.14120001
;US-ND;1939;p99.5p99.9;101315.5;;0.043099999;0.043099999
;US-ND;1939;p99.9p99.99;206989.59;;0.0198;0.0198
;US-ND;1939;p99p99.5;65322.602;;0.034699999;0.034699999
;US-ND;1939;p95p100;46059.5;;0.2448;0.2448
;US-ND;1939;p0p90;7051.2002;;0.67449999;0.67449999
;US-ND;1939;p0p99;8521.5;;0.89670002;0.89670002
;US-ND;1939;p99.5p100;128984.1;;0.068499997;0.068499997
;US-ND;1938;p0p100;1969775.9;2032563737.0;1.0;1.0
;US-ND;1938;p99p100;91336.297;;0.1105;0.1105
;US-ND;1938;p99.9p100;227414.0;;0.0275;0.0275
;US-ND;1938;p99.99p100;529217.81;;0.0063999998;0.0063999998
;US-ND;1938;p90p100;28819.4;;0.3486;0.3486
;US-ND;1938;p90p95;15872.8;;0.096000001;0.096000001
;US-ND;1938;p95p99;29082.6;;0.1407;0.1407
;US-ND;1938;p99.5p99.9;93303.398;;0.0451;0.0451
;US-ND;1938;p99.9p99.99;192778.7;;0.021;0.021
;US-ND;1938;p99p99.5;62024.199;;0.037500001;0.037500001
;US-ND;1938;p95p100;41572.301;;0.25139999;0.25139999
;US-ND;1938;p0p90;6000.2998;;0.65319997;0.65319997
;US-ND;1938;p0p99;7427.8999;;0.88950002;0.88950002
;US-ND;1938;p99.5p100;120409.5;;0.072800003;0.072800003
;US-ND;1937;p0p100;2163640.5;2308875578.0;1.0;1.0
;US-ND;1937;p99p100;92999.5;;0.0986;0.0986
;US-ND;1937;p99.9p100;235897.2;;0.025;0.025
;US-ND;1937;p99.99p100;567818.88;;0.0060000001;0.0060000001
;US-ND;1937;p90p100;28133.801;;0.29840001;0.29840001
;US-ND;1937;p90p95;14681.0;;0.0779;0.0779
;US-ND;1937;p95p99;28594.4;;0.1213;0.1213
;US-ND;1937;p99.5p99.9;96349.898;;0.040899999;0.040899999
;US-ND;1937;p99.9p99.99;199041.7;;0.018999999;0.018999999
;US-ND;1937;p99p99.5;61745.602;;0.032699998;0.032699998
;US-ND;1937;p95p100;41467.602;;0.2199;0.2199
;US-ND;1937;p0p90;7355.8999;;0.7022;0.7022
;US-ND;1937;p0p99;8584.0;;0.90140003;0.90140003
;US-ND;1937;p99.5p100;124258.3;;0.065899998;0.065899998
;US-ND;1936;p0p100;1772201.3;1757640795.0;1.0;1.0
;US-ND;1936;p99p100;95844.102;;0.1332;0.1332
;US-ND;1936;p99.9p100;261042.91;;0.0363;0.0363
;US-ND;1936;p99.99p100;622100.69;;0.0086000003;0.0086000003
;US-ND;1936;p90p100;28863.699;;0.40130001;0.40130001
;US-ND;1936;p90p95;16515.6;;0.1148;0.1148
;US-ND;1936;p95p99;28204.301;;0.1568;0.1568
;US-ND;1936;p99.5p99.9;96928.5;;0.0539;0.0539
;US-ND;1936;p99.9p99.99;220946.09;;0.0276;0.0276
;US-ND;1936;p99p99.5;61948.0;;0.043099999;0.043099999
;US-ND;1936;p95p100;41743.398;;0.2902;0.2902
;US-ND;1936;p0p90;4756.2998;;0.59509999;0.59509999
;US-ND;1936;p0p99;6297.6001;;0.86680001;0.86680001
;US-ND;1936;p99.5p100;129749.1;;0.0902;0.0902
;US-ND;1935;p0p100;2157524.8;2093614276.0;1.0;1.0
;US-ND;1935;p99p100;82849.203;;0.096500002;0.096500002
;US-ND;1935;p99.9p100;196931.3;;0.0229;0.0229
;US-ND;1935;p99.99p100;432588.69;;0.0049999999;0.0049999999
;US-ND;1935;p90p100;27483.1;;0.31999999;0.31999999
;US-ND;1935;p90p95;18038.699;;0.105;0.105
;US-ND;1935;p95p99;26954.801;;0.12549999;0.12549999
;US-ND;1935;p99.5p99.9;84781.0;;0.039500002;0.039500002
;US-ND;1935;p99.9p99.99;170766.3;;0.017899999;0.017899999
;US-ND;1935;p99p99.5;58509.5;;0.0341;0.0341
;US-ND;1935;p95p100;38039.699;;0.22139999;0.22139999
;US-ND;1935;p0p90;6422.6001;;0.67299998;0.67299998
;US-ND;1935;p0p99;7839.0;;0.90350002;0.90350002
;US-ND;1935;p99.5p100;107203.4;;0.062399998;0.062399998
;US-ND;1934;p0p100;1528969.0;1408079635.0;1.0;1.0
;US-ND;1934;p99p100;85000.602;;0.14669999;0.14669999
;US-ND;1934;p99.9p100;196711.7;;0.0339;0.0339
;US-ND;1934;p99.99p100;403290.09;;0.0070000002;0.0070000002
;US-ND;1934;p90p100;28249.801;;0.4876;0.4876
;US-ND;1934;p90p95;18044.1;;0.1557;0.1557
;US-ND;1934;p95p99;28532.301;;0.197;0.197
;US-ND;1934;p99.5p99.9;89311.297;;0.061700001;0.061700001
;US-ND;1934;p99.9p99.99;173783.0;;0.027000001;0.027000001
;US-ND;1934;p99p99.5;59198.301;;0.051100001;0.051100001
;US-ND;1934;p95p100;39561.699;;0.3414;0.3414
;US-ND;1934;p0p90;3223.0;;0.50059998;0.50059998
;US-ND;1934;p0p99;4994.1001;;0.85329998;0.85329998
;US-ND;1934;p99.5p100;110780.8;;0.095600002;0.095600002
;US-ND;1933;p0p100;1446382.5;1244071857.0;1.0;1.0
;US-ND;1933;p99p100;70971.297;;0.1383;0.1383
;US-ND;1933;p99.9p100;151084.0;;0.0294;0.0294
;US-ND;1933;p99.99p100;300480.31;;0.0059000002;0.0059000002
;US-ND;1933;p90p100;24615.801;;0.4797;0.4797
;US-ND;1933;p90p95;18203.0;;0.17739999;0.17739999
;US-ND;1933;p95p99;23600.4;;0.184;0.184
;US-ND;1933;p99.5p99.9;72710.0;;0.056699999;0.056699999
;US-ND;1933;p99.9p99.99;134484.41;;0.023600001;0.023600001
;US-ND;1933;p99p99.5;53557.898;;0.052200001;0.052200001
;US-ND;1933;p95p100;32896.0;;0.32049999;0.32049999
;US-ND;1933;p0p90;2853.0;;0.50040001;0.50040001
;US-ND;1933;p0p99;4466.6001;;0.8617;0.8617
;US-ND;1933;p99.5p100;88384.797;;0.086099997;0.086099997
;US-ND;1932;p0p100;1491164.1;1422410995.0;1.0;1.0
;US-ND;1932;p99p100;68672.203;;0.1168;0.1168
;US-ND;1932;p99.9p100;148437.0;;0.0253;0.0253
;US-ND;1932;p99.99p100;317942.19;;0.0054000001;0.0054000001
;US-ND;1932;p90p100;25855.1;;0.43979999;0.43979999
;US-ND;1932;p90p95;19877.1;;0.1691;0.1691
;US-ND;1932;p95p99;25394.301;;0.1728;0.1728
;US-ND;1932;p99.5p99.9;69694.602;;0.047400001;0.047400001
;US-ND;1932;p99.9p99.99;129603.1;;0.0198;0.0198
;US-ND;1932;p99p99.5;51901.301;;0.044100001;0.044100001
;US-ND;1932;p95p100;33825.199;;0.2877;0.2877
;US-ND;1932;p0p90;3535.8999;;0.5413;0.5413
;US-ND;1932;p0p99;5244.3999;;0.88319999;0.88319999
;US-ND;1932;p99.5p100;85443.102;;0.072700001;0.072700001
;US-ND;1931;p0p100;1160058.0;1372136533.0;1.0;1.0
;US-ND;1931;p99p100;77528.703;;0.1364;0.1364
;US-ND;1931;p99.9p100;179592.0;;0.031599998;0.031599998
;US-ND;1931;p99.99p100;382755.31;;0.0066999998;0.0066999998
;US-ND;1931;p90p100;24613.4;;0.433;0.433
;US-ND;1931;p90p95;19732.0;;0.1735;0.1735
;US-ND;1931;p95p99;21239.9;;0.1495;0.1495
;US-ND;1931;p99.5p99.9;79611.703;;0.056000002;0.056000002
;US-ND;1931;p99.9p99.99;157018.3;;0.024900001;0.024900001
;US-ND;1931;p99p99.5;55449.602;;0.048799999;0.048799999
;US-ND;1931;p95p100;32423.301;;0.2852;0.2852
;US-ND;1931;p0p90;3414.8;;0.5406;0.5406
;US-ND;1931;p0p99;4959.1001;;0.86360002;0.86360002
;US-ND;1931;p99.5p100;99607.797;;0.0876;0.0876
;US-ND;1930;p0p100;1477597.6;2093359013.0;1.0;1.0
;US-ND;1930;p99p100;82698.797;;0.094999999;0.094999999
;US-ND;1930;p99.9p100;195612.41;;0.022500001;0.022500001
;US-ND;1930;p99.99p100;424271.31;;0.0049000001;0.0049000001
;US-ND;1930;p90p100;25029.699;;0.28749999;0.28749999
;US-ND;1930;p90p95;16703.4;;0.095899999;0.095899999
;US-ND;1930;p95p99;23307.0;;0.1071;0.1071
;US-ND;1930;p99.5p99.9;85176.602;;0.039099999;0.039099999
;US-ND;1930;p99.9p99.99;170205.8;;0.0176;0.0176
;US-ND;1930;p99p99.5;58133.699;;0.033399999;0.033399999
;US-ND;1930;p95p100;35012.5;;0.20110001;0.20110001
;US-ND;1930;p0p90;6790.2998;;0.70200002;0.70200002
;US-ND;1930;p0p99;7958.2998;;0.90499997;0.90499997
;US-ND;1930;p99.5p100;107263.8;;0.0616;0.0616
;US-ND;1929;p0p100;1719505.8;2565469449.0;1.0;1.0
;US-ND;1929;p99p100;98793.797;;0.092600003;0.092600003
;US-ND;1929;p99.9p100;248500.09;;0.0233;0.0233
;US-ND;1929;p99.99p100;498455.5;;0.0046999999;0.0046999999
;US-ND;1929;p90p100;26737.6;;0.2507;0.2507
;US-ND;1929;p90p95;14583.0;;0.068400003;0.068400003
;US-ND;1929;p95p99;25697.301;;0.0964;0.0964
;US-ND;1929;p99.5p99.9;103701.6;;0.038899999;0.038899999
;US-ND;1929;p99.9p99.99;220727.5;;0.0186;0.0186
;US-ND;1929;p99p99.5;64926.398;;0.030400001;0.030400001
;US-ND;1929;p95p100;40159.199;;0.1883;0.1883
;US-ND;1929;p0p90;8799.5996;;0.74260002;0.74260002
;US-ND;1929;p0p99;9774.4004;;0.90740001;0.90740001
;US-ND;1929;p99.5p100;132661.3;;0.062199999;0.062199999
;US-ND;1928;p0p100;1684541.3;2514862653.0;1.0;1.0
;US-ND;1928;p99p100;107349.4;;0.1027;0.1027
;US-ND;1928;p99.9p100;261716.2;;0.025;0.025
;US-ND;1928;p99.99p100;508623.09;;0.0049000001;0.0049000001
;US-ND;1928;p90p100;28988.199;;0.2775;0.2775
;US-ND;1928;p90p95;14874.5;;0.071199998;0.071199998
;US-ND;1928;p95p99;28489.5;;0.1091;0.1091
;US-ND;1928;p99.5p99.9;114045.1;;0.043699998;0.043699998
;US-ND;1928;p99.9p99.99;234282.2;;0.020199999;0.020199999
;US-ND;1928;p99p99.5;71119.398;;0.034000002;0.034000002
;US-ND;1928;p95p100;44068.602;;0.21089999;0.21089999
;US-ND;1928;p0p90;8323.2998;;0.71700001;0.71700001
;US-ND;1928;p0p99;9469.0;;0.8973;0.8973
;US-ND;1928;p99.5p100;143579.3;;0.068700001;0.068700001
;US-ND;1927;p0p100;1577260.1;2415993299.0;1.0;1.0
;US-ND;1927;p99p100;100417.1;;0.0999;0.0999
;US-ND;1927;p99.9p100;253443.7;;0.0252;0.0252
;US-ND;1927;p99.99p100;524633.88;;0.0052;0.0052
;US-ND;1927;p90p100;27940.301;;0.278;0.278
;US-ND;1927;p90p95;14584.7;;0.0726;0.0726
;US-ND;1927;p95p99;27470.4;;0.1093;0.1093
;US-ND;1927;p99.5p99.9;105211.5;;0.041900001;0.041900001
;US-ND;1927;p99.9p99.99;223311.41;;0.02;0.02
;US-ND;1927;p99p99.5;65976.297;;0.0328;0.0328
;US-ND;1927;p95p100;41896.5;;0.2084;0.2084
;US-ND;1927;p0p90;8021.1001;;0.71820003;0.71820003
;US-ND;1927;p0p99;9138.4004;;0.90009999;0.90009999
;US-ND;1927;p99.5p100;134857.91;;0.067100003;0.067100003
;US-ND;1926;p0p100;1506453.8;2389803626.0;1.0;1.0
;US-ND;1926;p99p100;96856.5;;0.097099997;0.097099997
;US-ND;1926;p99.9p100;244951.8;;0.024599999;0.024599999
;US-ND;1926;p99.99p100;502812.0;;0.0049999999;0.0049999999
;US-ND;1926;p90p100;27378.6;;0.27450001;0.27450001
;US-ND;1926;p90p95;14108.3;;0.070699997;0.070699997
;US-ND;1926;p95p99;27162.9;;0.1089;0.1089
;US-ND;1926;p99.5p99.9;100485.4;;0.0403;0.0403
;US-ND;1926;p99.9p99.99;216300.7;;0.0195;0.0195
;US-ND;1926;p99p99.5;64334.398;;0.032299999;0.032299999
;US-ND;1926;p95p100;40972.398;;0.2054;0.2054
;US-ND;1926;p0p90;8013.6001;;0.72320002;0.72320002
;US-ND;1926;p0p99;9095.0996;;0.90289998;0.90289998
;US-ND;1926;p99.5p100;129378.6;;0.064900003;0.064900003
;US-ND;1925;p0p100;1540764.8;2391725617.0;1.0;1.0
;US-ND;1925;p99p100;88947.203;;0.0889;0.0889
;US-ND;1925;p99.9p100;228725.5;;0.0229;0.0229
;US-ND;1925;p99.99p100;506718.91;;0.0051000002;0.0051000002
;US-ND;1925;p90p100;28700.5;;0.2868;0.2868
;US-ND;1925;p90p95;16030.8;;0.0801;0.0801
;US-ND;1925;p95p99;30675.9;;0.1226;0.1226
;US-ND;1925;p99.5p99.9;87420.797;;0.034899998;0.034899998
;US-ND;1925;p99.9p99.99;197837.3;;0.0178;0.0178
;US-ND;1925;p99p99.5;62212.602;;0.031099999;0.031099999
;US-ND;1925;p95p100;42124.898;;0.2104;0.2104
;US-ND;1925;p0p90;7878.1001;;0.70840001;0.70840001
;US-ND;1925;p0p99;9211.0;;0.91109997;0.91109997
;US-ND;1925;p99.5p100;115681.8;;0.057799999;0.057799999
;US-ND;1924;p0p100;1559597.8;2292496370.0;1.0;1.0
;US-ND;1924;p99p100;86705.602;;0.090000004;0.090000004
;US-ND;1924;p99.9p100;217899.7;;0.022600001;0.022600001
;US-ND;1924;p99.99p100;580997.19;;0.0060000001;0.0060000001
;US-ND;1924;p90p100;31664.4;;0.32859999;0.32859999
;US-ND;1924;p90p95;17092.1;;0.088699996;0.088699996
;US-ND;1924;p95p99;36072.699;;0.1498;0.1498
;US-ND;1924;p99.5p99.9;86005.0;;0.035700001;0.035700001
;US-ND;1924;p99.9p99.99;177555.5;;0.0166;0.0166
;US-ND;1924;p99p99.5;61027.199;;0.0317;0.0317
;US-ND;1924;p95p100;46199.199;;0.2397;0.2397
;US-ND;1924;p0p90;7189.6001;;0.67159998;0.67159998
;US-ND;1924;p0p99;8856.7002;;0.91000003;0.91000003
;US-ND;1924;p99.5p100;112384.0;;0.0583;0.0583
;US-ND;1923;p0p100;1582001.0;2296417590.0;1.0;1.0
;US-ND;1923;p99p100;76433.602;;0.078500003;0.078500003
;US-ND;1923;p99.9p100;178592.41;;0.018300001;0.018300001
;US-ND;1923;p99.99p100;365226.0;;0.0038000001;0.0038000001
;US-ND;1923;p90p100;28653.199;;0.29429999;0.29429999
;US-ND;1923;p90p95;15248.9;;0.078299999;0.078299999
;US-ND;1923;p95p99;33413.199;;0.1373;0.1373
;US-ND;1923;p99.5p99.9;75712.203;;0.031099999;0.031099999
;US-ND;1923;p99.9p99.99;157856.59;;0.0146;0.0146
;US-ND;1923;p99p99.5;56579.398;;0.029100001;0.029100001
;US-ND;1923;p95p100;42017.199;;0.2158;0.2158
;US-ND;1923;p0p90;7635.7002;;0.70590001;0.70590001
;US-ND;1923;p0p99;9061.7002;;0.92150003;0.92150003
;US-ND;1923;p99.5p100;96288.0;;0.0495;0.0495
;US-ND;1922;p0p100;1498676.8;2085461599.0;1.0;1.0
;US-ND;1922;p99p100;81266.398;;0.091300003;0.091300003
;US-ND;1922;p99.9p100;196416.91;;0.0221;0.0221
;US-ND;1922;p99.99p100;443109.5;;0.0049999999;0.0049999999
;US-ND;1922;p90p100;29995.301;;0.33700001;0.33700001
;US-ND;1922;p90p95;16328.1;;0.091700003;0.091700003
;US-ND;1922;p95p99;34273.301;;0.154;0.154
;US-ND;1922;p99.5p99.9;81326.102;;0.036499999;0.036499999
;US-ND;1922;p99.9p99.99;169006.59;;0.017100001;0.017100001
;US-ND;1922;p99p99.5;58188.602;;0.032699998;0.032699998
;US-ND;1922;p95p100;43671.898;;0.24529999;0.24529999
;US-ND;1922;p0p90;6556.2998;;0.66289997;0.66289997
;US-ND;1922;p0p99;8169.7002;;0.90869999;0.90869999
;US-ND;1922;p99.5p100;104344.3;;0.058600001;0.058600001
;US-ND;1921;p0p100;1149906.3;1817788867.0;1.0;1.0
;US-ND;1921;p99p100;75681.398;;0.097199999;0.097199999
;US-ND;1921;p99.9p100;182673.7;;0.023499999;0.023499999
;US-ND;1921;p99.99p100;419596.81;;0.0054000001;0.0054000001
;US-ND;1921;p90p100;27731.801;;0.35620001;0.35620001
;US-ND;1921;p90p95;15196.8;;0.097599998;0.097599998
;US-ND;1921;p95p99;31362.4;;0.1611;0.1611
;US-ND;1921;p99.5p99.9;76324.5;;0.0392;0.0392
;US-ND;1921;p99.9p99.99;156348.91;;0.018100001;0.018100001
;US-ND;1921;p99p99.5;53768.398;;0.034499999;0.034499999
;US-ND;1921;p95p100;40226.199;;0.25830001;0.25830001
;US-ND;1921;p0p90;5571.7002;;0.64410001;0.64410001
;US-ND;1921;p0p99;7099.8999;;0.90280002;0.90280002
;US-ND;1921;p99.5p100;97594.297;;0.062700003;0.062700003
;US-ND;1920;p0p100;1181919.8;2319948723.0;1.0;1.0
;US-ND;1920;p99p100;85334.102;;0.085100003;0.085100003
;US-ND;1920;p99.9p100;211605.09;;0.0211;0.0211
;US-ND;1920;p99.99p100;392532.09;;0.0038999999;0.0038999999
;US-ND;1920;p90p100;32811.199;;0.3272;0.3272
;US-ND;1920;p90p95;21137.6;;0.1054;0.1054
;US-ND;1920;p95p99;34480.0;;0.1375;0.1375
;US-ND;1920;p99.5p99.9;88900.797;;0.035500001;0.035500001
;US-ND;1920;p99.9p99.99;191502.09;;0.017200001;0.017200001
;US-ND;1920;p99p99.5;57226.602;;0.0285;0.0285
;US-ND;1920;p95p100;44650.898;;0.2226;0.2226
;US-ND;1920;p0p90;7486.8999;;0.67199999;0.67199999
;US-ND;1920;p0p99;9266.9004;;0.9149;0.9149
;US-ND;1920;p99.5p100;113441.6;;0.056600001;0.056600001
;US-ND;1919;p0p100;2210459.0;3192633860.0;1.0;1.0
;US-ND;1919;p99p100;112143.9;;0.080200002;0.080200002
;US-ND;1919;p99.9p100;267784.09;;0.019200001;0.019200001
;US-ND;1919;p99.99p100;535431.88;;0.0038000001;0.0038000001
;US-ND;1919;p90p100;44639.801;;0.31940001;0.31940001
;US-ND;1919;p90p95;30615.4;;0.1095;0.1095
;US-ND;1919;p95p99;46095.5;;0.1319;0.1319
;US-ND;1919;p99.5p99.9;114991.4;;0.032900002;0.032900002
;US-ND;1919;p99.9p99.99;238619.7;;0.0154;0.0154
;US-ND;1919;p99p99.5;78325.0;;0.028000001;0.028000001
;US-ND;1919;p95p100;59305.102;;0.2121;0.2121
;US-ND;1919;p0p90;10537.4;;0.6785;0.6785
;US-ND;1919;p0p99;12986.5;;0.91979998;0.91979998
;US-ND;1919;p99.5p100;145962.7;;0.052200001;0.052200001
;US-ND;1918;p0p100;2874414.8;3125058401.0;1.0;1.0
;US-ND;1918;p99p100;137180.2;;0.099600002;0.099600002
;US-ND;1918;p99.9p100;308806.69;;0.022399999;0.022399999
;US-ND;1918;p99.99p100;635045.19;;0.0046000001;0.0046000001
;US-ND;1918;p90p100;55880.5;;0.40560001;0.40560001
;US-ND;1918;p90p95;40354.398;;0.1464;0.1464
;US-ND;1918;p95p99;56788.398;;0.1649;0.1649
;US-ND;1918;p99.5p99.9;141922.8;;0.041200001;0.041200001
;US-ND;1918;p99.9p99.99;272566.59;;0.0178;0.0178
;US-ND;1918;p99p99.5;99064.0;;0.0359;0.0359
;US-ND;1918;p95p100;72866.398;;0.26440001;0.26440001
;US-ND;1918;p0p90;9019.5996;;0.5891;0.5891
;US-ND;1918;p0p99;12532.3;;0.90039998;0.90039998
;US-ND;1918;p99.5p100;175297.7;;0.063600004;0.063600004
;US-ND;1917;p0p100;4131366.0;3276033312.0;1.0;1.0
;US-ND;1917;p99p100;133858.0;;0.093199998;0.093199998
;US-ND;1917;p99.9p100;365412.09;;0.0255;0.0255
;US-ND;1917;p99.99p100;884406.19;;0.0062000002;0.0062000002
;US-ND;1917;p90p100;51580.5;;0.35929999;0.35929999
;US-ND;1917;p90p95;36065.5;;0.1256;0.1256
