Variable Name;.;.;.;Fiscal income  | tax unit | Average | Adults | constant 2015 local currency;Fiscal income  | tax unit | Total | Adults | constant 2015 local currency;Fiscal income  | tax unit | Share | Adults | share of total (ratio);Pre-tax national income  | tax unit | Share | Adults | share of total (ratio)
Variable Category;.;.;.;Income inequality;Income inequality;Income inequality;Income inequality
Variable Description;.;.;.;Average Fiscal income within a given percentile group. Fiscal income is defined as the sum of all income items reported on income tax returns, before any deduction. It includes labour income, capital income and mixed income. The concept of fiscal income varies with national tax legislations, so in order to make international comparisons it is preferable to use the concept of national income. The population is comprised of individuals over age 20. The base unit is the tax unit defined by national fiscal administrations to measure personal income taxes.;Total Fiscal income  within a given percentile group. Fiscal income is defined as the sum of all income items reported on income tax returns, before any deduction. It includes labour income, capital income and mixed income. The concept of fiscal income varies with national tax legislations, so in order to make international comparisons it is preferable to use the concept of national income. The population is comprised of individuals over age 20.;Fiscal income share held by a given percentile group. Fiscal income is defined as the sum of all income items reported on income tax returns, before any deduction. It includes labour income, capital income and mixed income. The concept of fiscal income varies with national tax legislations, so in order to make international comparisons it is preferable to use the concept of national income. The population is comprised of individuals over age 20. The base unit is the tax unit defined by national fiscal administrations to measure personal income taxes.;Pre-tax national income share held by a given percentile group. Pre-tax national income  is the sum of all pre-tax personal income flows accruing to the owners of the production factors, labor and capital, before taking into account the operation of the tax/transfer system, but after taking into account the operation of pension system. The central difference between personal factor income and pre-tax income is the treatment of pensions, which are counted on a contribution basis by factor income and on a distribution basis by pre-tax income. The population is comprised of individuals over age 20. The base unit is the tax unit defined by national fiscal administrations to measure personal income taxes.
Variable Decomposition;.;.;.;[Fiscal income ]=[Fiscal labour income ]+[Fiscal capital income ];[Fiscal income ]=[Fiscal labour income ]+[Fiscal capital income ];[Fiscal income ]=[Fiscal labour income ]+[Fiscal capital income ];Pre-tax national income =Pre-tax labor income [total pre-tax income ranking]+Pre-tax capital income [total pre-tax income ranking]
Variable Unit;.;.;.;"USD; United States dollar | local currency | market";"USD; United States dollar | local currency | market";share;share
Methodological Notes;.;.;.;;;;Assuming the same distribution as fiscal income.
Sources;.;.;.;Frank, Sommeiller, Price & Saez (2015);Frank, Sommeiller, Price & Saez (2015);Frank, Sommeiller, Price & Saez (2015);WID.world computations using: Frank, Sommeiller, Price & Saez (2015)
Variable Code;country;year;perc;afiinc992t;mfiinc992t;sfiinc992t;sptinc992t
;US-OH;2015;p0p100;57183.5;3.44858626218e+11;1.0;1.0
;US-OH;2015;p99p100;950057.81;;0.1661;0.1661
;US-OH;2015;p99.9p100;3972767.0;;0.069499999;0.069499999
;US-OH;2015;p99.99p100;15904775.0;;0.027799999;0.027799999
;US-OH;2015;p90p100;253688.3;;0.4436;0.4436
;US-OH;2015;p90p95;137981.59;;0.1206;0.1206
;US-OH;2015;p95p99;223056.59;;0.156;0.156
;US-OH;2015;p99.5p99.9;827658.81;;0.0579;0.0579
;US-OH;2015;p99.9p99.99;2685579.5;;0.042300001;0.042300001
;US-OH;2015;p99p99.5;441623.19;;0.038600001;0.038600001
;US-OH;2015;p95p100;368818.41;;0.32249999;0.32249999
;US-OH;2015;p0p90;35373.199;;0.55669999;0.55669999
;US-OH;2015;p0p99;48164.602;;0.83389997;0.83389997
;US-OH;2015;p99.5p100;1456837.3;;0.1274;0.1274
;US-OH;2014;p0p100;55008.699;3.30956879437e+11;1.0;1.0
;US-OH;2014;p99p100;890462.81;;0.16230001;0.16230001
;US-OH;2014;p99.9p100;3695226.0;;0.067299999;0.067299999
;US-OH;2014;p99.99p100;15277658.0;;0.027799999;0.027799999
;US-OH;2014;p90p100;240805.5;;0.43880001;0.43880001
;US-OH;2014;p90p95;133317.8;;0.1215;0.1215
;US-OH;2014;p95p99;212530.09;;0.1549;0.1549
;US-OH;2014;p99.5p99.9;778109.31;;0.056699999;0.056699999
;US-OH;2014;p99.9p99.99;2427935.5;;0.039799999;0.039799999
;US-OH;2014;p99p99.5;420472.59;;0.0383;0.0383
;US-OH;2014;p95p100;348048.19;;0.31709999;0.31709999
;US-OH;2014;p0p90;34203.898;;0.56089997;0.56089997
;US-OH;2014;p0p99;46438.102;;0.83770001;0.83770001
;US-OH;2014;p99.5p100;1360386.4;;0.1239;0.1239
;US-OH;2013;p0p100;54689.102;3.20244246469e+11;1.0;1.0
;US-OH;2013;p99p100;791195.38;;0.1498;0.1498
;US-OH;2013;p99.9p100;3039728.5;;0.057500001;0.057500001
;US-OH;2013;p99.99p100;11841824.0;;0.022399999;0.022399999
;US-OH;2013;p90p100;224516.2;;0.42500001;0.42500001
;US-OH;2013;p90p95;129135.9;;0.1222;0.1222
;US-OH;2013;p95p99;201542.91;;0.15260001;0.15260001
;US-OH;2013;p99.5p99.9;714565.5;;0.054099999;0.054099999
;US-OH;2013;p99.9p99.99;2068972.9;;0.0352;0.0352
;US-OH;2013;p99p99.5;403116.69;;0.038199998;0.038199998
;US-OH;2013;p95p100;319539.91;;0.30239999;0.30239999
;US-OH;2013;p0p90;33769.898;;0.57529998;0.57529998
;US-OH;2013;p0p99;45373.301;;0.8502;0.8502
;US-OH;2013;p99.5p100;1179788.5;;0.1117;0.1117
;US-OH;2012;p0p100;57208.5;3.25225938325e+11;1.0;1.0
;US-OH;2012;p99p100;933332.19;;0.17389999;0.17389999
;US-OH;2012;p99.9p100;4000699.0;;0.074500002;0.074500002
;US-OH;2012;p99.99p100;16634713.0;;0.030999999;0.030999999
;US-OH;2012;p90p100;240161.2;;0.4474;0.4474
;US-OH;2012;p90p95;131127.09;;0.1221;0.1221
;US-OH;2012;p95p99;202611.8;;0.15099999;0.15099999
;US-OH;2012;p99.5p99.9;804394.0;;0.059900001;0.059900001
;US-OH;2012;p99.9p99.99;2630150.5;;0.044100001;0.044100001
;US-OH;2012;p99p99.5;423752.91;;0.039500002;0.039500002
;US-OH;2012;p95p100;348682.69;;0.32480001;0.32480001
;US-OH;2012;p0p90;32948.301;;0.55239999;0.55239999
;US-OH;2012;p0p99;44795.898;;0.82609999;0.82609999
;US-OH;2012;p99.5p100;1443135.8;;0.1344;0.1344
;US-OH;2011;p0p100;56407.898;3.05572822786e+11;1.0;1.0
;US-OH;2011;p99p100;781076.81;;0.15369999;0.15369999
;US-OH;2011;p99.9p100;3171494.0;;0.062399998;0.062399998
;US-OH;2011;p99.99p100;13096762.0;;0.025800001;0.025800001
;US-OH;2011;p90p100;220200.09;;0.43340001;0.43340001
;US-OH;2011;p90p95;128843.6;;0.1268;0.1268
;US-OH;2011;p95p99;193516.2;;0.1524;0.1524
;US-OH;2011;p99.5p99.9;683116.31;;0.053800002;0.053800002
;US-OH;2011;p99.9p99.99;2077145.8;;0.036800001;0.036800001
;US-OH;2011;p99p99.5;381207.69;;0.037500001;0.037500001
;US-OH;2011;p95p100;310983.09;;0.30610001;0.30610001
;US-OH;2011;p0p90;32005.6;;0.56699997;0.56699997
;US-OH;2011;p0p99;43429.0;;0.84630001;0.84630001
;US-OH;2011;p99.5p100;1181448.3;;0.1163;0.1163
;US-OH;2010;p0p100;59910.5;2.9892183619e+11;1.0;1.0
;US-OH;2010;p99p100;763551.0;;0.1506;0.1506
;US-OH;2010;p99.9p100;3127817.0;;0.061700001;0.061700001
;US-OH;2010;p99.99p100;13454136.0;;0.0265;0.0265
;US-OH;2010;p90p100;216647.7;;0.42719999;0.42719999
;US-OH;2010;p90p95;128229.0;;0.12639999;0.12639999
;US-OH;2010;p95p99;189444.5;;0.1494;0.1494
;US-OH;2010;p99.5p99.9;661454.19;;0.052200001;0.052200001
;US-OH;2010;p99.9p99.99;1978787.1;;0.035100002;0.035100002
;US-OH;2010;p99p99.5;372031.69;;0.036699999;0.036699999
;US-OH;2010;p95p100;304218.69;;0.30000001;0.30000001
;US-OH;2010;p0p90;32318.699;;0.57359999;0.57359999
;US-OH;2010;p0p99;43508.0;;0.84939998;0.84939998
;US-OH;2010;p99.5p100;1156065.9;;0.114;0.114
;US-OH;2009;p0p100;60606.699;2.89829648599e+11;1.0;1.0
;US-OH;2009;p99p100;683546.0;;0.13770001;0.13770001
;US-OH;2009;p99.9p100;2736816.5;;0.055100001;0.055100001
;US-OH;2009;p99.99p100;11236240.0;;0.022600001;0.022600001
;US-OH;2009;p90p100;205303.2;;0.41350001;0.41350001
;US-OH;2009;p90p95;127074.3;;0.12800001;0.12800001
;US-OH;2009;p95p99;182098.91;;0.14669999;0.14669999
;US-OH;2009;p99.5p99.9;583205.13;;0.046999998;0.046999998
;US-OH;2009;p99.9p99.99;1747671.3;;0.0317;0.0317
;US-OH;2009;p99p99.5;336445.59;;0.0339;0.0339
;US-OH;2009;p95p100;282661.41;;0.28459999;0.28459999
;US-OH;2009;p0p90;32562.4;;0.59020001;0.59020001
;US-OH;2009;p0p99;43252.398;;0.86229998;0.86229998
;US-OH;2009;p99.5p100;1025557.7;;0.1033;0.1033
;US-OH;2008;p0p100;66957.5;3.17975974823e+11;1.0;1.0
;US-OH;2008;p99p100;860094.31;;0.1557;0.1557
;US-OH;2008;p99.9p100;3765749.5;;0.0682;0.0682
;US-OH;2008;p99.99p100;16073275.0;;0.029100001;0.029100001
;US-OH;2008;p90p100;230619.09;;0.4174;0.4174
;US-OH;2008;p90p95;132458.0;;0.1199;0.1199
;US-OH;2008;p95p99;192667.09;;0.13950001;0.13950001
;US-OH;2008;p99.5p99.9;705477.69;;0.051100001;0.051100001
;US-OH;2008;p99.9p99.99;2349236.5;;0.0383;0.0383
;US-OH;2008;p99p99.5;377656.09;;0.034200002;0.034200002
;US-OH;2008;p95p100;327482.69;;0.29640001;0.29640001
;US-OH;2008;p0p90;36099.602;;0.588;0.588
;US-OH;2008;p0p99;47121.301;;0.84429997;0.84429997
;US-OH;2008;p99.5p100;1333731.8;;0.1207;0.1207
;US-OH;2007;p0p100;79169.602;3.4435687704e+11;1.0;1.0
;US-OH;2007;p99p100;1043445.9;;0.17219999;0.17219999
;US-OH;2007;p99.9p100;4818026.0;;0.079499997;0.079499997
;US-OH;2007;p99.99p100;20945846.0;;0.034600001;0.034600001
;US-OH;2007;p90p100;256499.7;;0.42340001;0.42340001
;US-OH;2007;p90p95;137293.2;;0.1133;0.1133
;US-OH;2007;p95p99;204521.0;;0.13500001;0.13500001
;US-OH;2007;p99.5p99.9;839281.19;;0.055399999;0.055399999
;US-OH;2007;p99.9p99.99;2990585.5;;0.044399999;0.044399999
;US-OH;2007;p99p99.5;423519.09;;0.035;0.035
;US-OH;2007;p95p100;374216.19;;0.30880001;0.30880001
;US-OH;2007;p0p90;39199.898;;0.58230001;0.58230001
;US-OH;2007;p0p99;50658.398;;0.82779998;0.82779998
;US-OH;2007;p99.5p100;1652509.9;;0.1364;0.1364
;US-OH;2006;p0p100;79468.203;3.3317552702e+11;1.0;1.0
;US-OH;2006;p99p100;966489.13;;0.1681;0.1681
;US-OH;2006;p99.9p100;4338981.0;;0.075499997;0.075499997
;US-OH;2006;p99.99p100;18077022.0;;0.031399999;0.031399999
;US-OH;2006;p90p100;243161.3;;0.4228;0.4228
;US-OH;2006;p90p95;128446.2;;0.1117;0.1117
;US-OH;2006;p95p99;202512.2;;0.1409;0.1409
;US-OH;2006;p99.5p99.9;798951.13;;0.055599999;0.055599999
;US-OH;2006;p99.9p99.99;2801305.0;;0.0438;0.0438
;US-OH;2006;p99p99.5;405662.09;;0.035300002;0.035300002
;US-OH;2006;p95p100;356769.19;;0.31020001;0.31020001
;US-OH;2006;p0p90;37144.398;;0.58130002;0.58130002
;US-OH;2006;p0p99;48324.102;;0.8319;0.8319
;US-OH;2006;p99.5p100;1519248.3;;0.1321;0.1321
;US-OH;2005;p0p100;83735.398;3.25220373891e+11;1.0;1.0
;US-OH;2005;p99p100;907772.31;;0.15979999;0.15979999
;US-OH;2005;p99.9p100;4011298.0;;0.070600003;0.070600003
;US-OH;2005;p99.99p100;16511295.0;;0.029100001;0.029100001
;US-OH;2005;p90p100;233714.2;;0.41139999;0.41139999
;US-OH;2005;p90p95;122682.3;;0.108;0.108
;US-OH;2005;p95p99;201347.2;;0.1418;0.1418
;US-OH;2005;p99.5p99.9;755011.13;;0.053199999;0.053199999
;US-OH;2005;p99.9p99.99;2613186.3;;0.0414;0.0414
;US-OH;2005;p99p99.5;391483.31;;0.034499999;0.034499999
;US-OH;2005;p95p100;343563.5;;0.30239999;0.30239999
;US-OH;2005;p0p90;37376.699;;0.59219998;0.59219998
;US-OH;2005;p0p99;48211.898;;0.84020001;0.84020001
;US-OH;2005;p99.5p100;1417404.5;;0.1248;0.1248
;US-OH;2004;p0p100;87522.102;3.16241231151e+11;1.0;1.0
;US-OH;2004;p99p100;853636.5;;0.15360001;0.15360001
;US-OH;2004;p99.9p100;3725308.5;;0.067000002;0.067000002
;US-OH;2004;p99.99p100;15564430.0;;0.028000001;0.028000001
;US-OH;2004;p90p100;225742.2;;0.4061;0.4061
;US-OH;2004;p90p95;118962.0;;0.107;0.107
;US-OH;2004;p95p99;200887.41;;0.1446;0.1446
;US-OH;2004;p99.5p99.9;712356.0;;0.0513;0.0513
;US-OH;2004;p99.9p99.99;2394905.0;;0.038800001;0.038800001
;US-OH;2004;p99p99.5;380552.59;;0.034200002;0.034200002
;US-OH;2004;p95p100;331807.09;;0.2985;0.2985
;US-OH;2004;p0p90;36821.301;;0.59619999;0.59619999
;US-OH;2004;p0p99;47525.699;;0.84640002;0.84640002
;US-OH;2004;p99.5p100;1322843.6;;0.119;0.119
;US-OH;2003;p0p100;88639.797;3.0144181191e+11;1.0;1.0
;US-OH;2003;p99p100;733823.0;;0.1375;0.1375
;US-OH;2003;p99.9p100;2950507.8;;0.055300001;0.055300001
;US-OH;2003;p99.99p100;11732498.0;;0.022;0.022
;US-OH;2003;p90p100;211875.5;;0.39700001;0.39700001
;US-OH;2003;p90p95;122814.4;;0.1151;0.1151
;US-OH;2003;p95p99;191590.8;;0.1436;0.1436
;US-OH;2003;p99.5p99.9;637782.31;;0.047800001;0.047800001
;US-OH;2003;p99.9p99.99;1954563.1;;0.033;0.033
;US-OH;2003;p99p99.5;357009.5;;0.033399999;0.033399999
;US-OH;2003;p95p100;300512.59;;0.28150001;0.28150001
;US-OH;2003;p0p90;35888.602;;0.60519999;0.60519999
;US-OH;2003;p0p99;46499.398;;0.86250001;0.86250001
;US-OH;2003;p99.5p100;1107410.4;;0.1037;0.1037
;US-OH;2002;p0p100;90990.602;3.00826700847e+11;1.0;1.0
;US-OH;2002;p99p100;729457.63;;0.1392;0.1392
;US-OH;2002;p99.9p100;2907406.5;;0.055500001;0.055500001
;US-OH;2002;p99.99p100;11394455.0;;0.0217;0.0217
;US-OH;2002;p90p100;210594.09;;0.40169999;0.40169999
;US-OH;2002;p90p95;122023.0;;0.1164;0.1164
;US-OH;2002;p95p99;190908.7;;0.14569999;0.14569999
;US-OH;2002;p99.5p99.9;640185.63;;0.048799999;0.048799999
;US-OH;2002;p99.9p99.99;1952724.8;;0.033500001;0.033500001
;US-OH;2002;p99p99.5;358541.41;;0.034200002;0.034200002
;US-OH;2002;p95p100;298897.59;;0.28510001;0.28510001
;US-OH;2002;p0p90;34925.398;;0.59960002;0.59960002
;US-OH;2002;p0p99;45582.0;;0.86080003;0.86080003
;US-OH;2002;p99.5p100;1098338.8;;0.1048;0.1048
;US-OH;2001;p0p100;100554.2;3.13319015568e+11;1.0;1.0
;US-OH;2001;p99p100;756022.19;;0.1348;0.1348
;US-OH;2001;p99.9p100;2874934.8;;0.051199999;0.051199999
;US-OH;2001;p99.99p100;10540585.0;;0.0188;0.0188
;US-OH;2001;p90p100;218409.7;;0.38929999;0.38929999
;US-OH;2001;p90p95;125081.1;;0.1115;0.1115
;US-OH;2001;p95p99;199766.8;;0.1424;0.1424
;US-OH;2001;p99.5p99.9;675938.19;;0.0482;0.0482
;US-OH;2001;p99.9p99.99;2033070.3;;0.032600001;0.032600001
;US-OH;2001;p99p99.5;394531.59;;0.0352;0.0352
;US-OH;2001;p95p100;311327.91;;0.2775;0.2775
;US-OH;2001;p0p90;38109.199;;0.61129999;0.61129999
;US-OH;2001;p0p99;49033.398;;0.86519998;0.86519998
;US-OH;2001;p99.5p100;1118436.1;;0.099699996;0.099699996
;US-OH;2000;p0p100;116196.4;3.34348205697e+11;1.0;1.0
;US-OH;2000;p99p100;892752.69;;0.1455;0.1455
;US-OH;2000;p99.9p100;3591510.0;;0.058600001;0.058600001
;US-OH;2000;p99.99p100;13261915.0;;0.021600001;0.021600001
;US-OH;2000;p90p100;241532.5;;0.39379999;0.39379999
;US-OH;2000;p90p95;130826.7;;0.1066;0.1066
;US-OH;2000;p95p99;214626.09;;0.14;0.14
;US-OH;2000;p99.5p99.9;775927.31;;0.0506;0.0506
;US-OH;2000;p99.9p99.99;2542342.3;;0.037300002;0.037300002
;US-OH;2000;p99p99.5;433528.59;;0.035300002;0.035300002
;US-OH;2000;p95p100;351332.69;;0.28639999;0.28639999
;US-OH;2000;p0p90;41473.602;;0.6085;0.6085
;US-OH;2000;p0p99;52940.102;;0.8545;0.8545
;US-OH;2000;p99.5p100;1348812.8;;0.1099;0.1099
;US-OH;1999;p0p100;120593.5;3.28051849385e+11;1.0;1.0
;US-OH;1999;p99p100;867746.0;;0.14560001;0.14560001
;US-OH;1999;p99.9p100;3387574.8;;0.0568;0.0568
;US-OH;1999;p99.99p100;11957138.0;;0.020099999;0.020099999
;US-OH;1999;p90p100;237381.0;;0.39829999;0.39829999
;US-OH;1999;p90p95;130120.8;;0.1092;0.1092
;US-OH;1999;p95p99;213086.59;;0.14300001;0.14300001
;US-OH;1999;p99.5p99.9;781940.38;;0.052499998;0.052499998
;US-OH;1999;p99.9p99.99;2479744.3;;0.0374;0.0374
;US-OH;1999;p99p99.5;429255.19;;0.035999998;0.035999998
;US-OH;1999;p95p100;344239.31;;0.2888;0.2888
;US-OH;1999;p0p90;39852.301;;0.60180002;0.60180002
;US-OH;1999;p0p99;51435.0;;0.85439998;0.85439998
;US-OH;1999;p99.5p100;1306085.8;;0.1096;0.1096
;US-OH;1998;p0p100;121399.6;3.14930972194e+11;1.0;1.0
;US-OH;1998;p99p100;871459.5;;0.1514;0.1514
;US-OH;1998;p99.9p100;3588872.5;;0.0623;0.0623
;US-OH;1998;p99.99p100;13728474.0;;0.023800001;0.023800001
;US-OH;1998;p90p100;230902.41;;0.40110001;0.40110001
;US-OH;1998;p90p95;125178.8;;0.1087;0.1087
;US-OH;1998;p95p99;202267.91;;0.14049999;0.14049999
;US-OH;1998;p99.5p99.9;761897.13;;0.052900001;0.052900001
;US-OH;1998;p99.9p99.99;2486241.0;;0.038899999;0.038899999
;US-OH;1998;p99p99.5;413815.19;;0.0359;0.0359
;US-OH;1998;p95p100;336359.19;;0.29210001;0.29210001
;US-OH;1998;p0p90;38325.5;;0.59920001;0.59920001
;US-OH;1998;p0p99;49348.602;;0.84859997;0.84859997
;US-OH;1998;p99.5p100;1329001.9;;0.1154;0.1154
;US-OH;1997;p0p100;118488.9;2.972341315e+11;1.0;1.0
;US-OH;1997;p99p100;809082.5;;0.148;0.148
;US-OH;1997;p99.9p100;3323821.8;;0.060800001;0.060800001
;US-OH;1997;p99.99p100;12822247.0;;0.023499999;0.023499999
;US-OH;1997;p90p100;216836.41;;0.39680001;0.39680001
;US-OH;1997;p90p95;119235.7;;0.1091;0.1091
;US-OH;1997;p95p99;190523.91;;0.13940001;0.13940001
;US-OH;1997;p99.5p99.9;710053.0;;0.052000001;0.052000001
;US-OH;1997;p99.9p99.99;2279791.5;;0.037500001;0.037500001
;US-OH;1997;p99p99.5;384092.0;;0.035100002;0.035100002
;US-OH;1997;p95p100;314314.69;;0.28760001;0.28760001
;US-OH;1997;p0p90;36639.398;;0.60339999;0.60339999
;US-OH;1997;p0p99;47032.398;;0.852;0.852
;US-OH;1997;p99.5p100;1233797.5;;0.1129;0.1129
;US-OH;1996;p0p100;115728.3;2.77609313215e+11;1.0;1.0
;US-OH;1996;p99p100;719092.81;;0.1406;0.1406
;US-OH;1996;p99.9p100;2892624.8;;0.056600001;0.056600001
;US-OH;1996;p99.99p100;11327600.0;;0.0221;0.0221
;US-OH;1996;p90p100;200709.5;;0.3924;0.3924
;US-OH;1996;p90p95;114564.0;;0.112;0.112
;US-OH;1996;p95p99;178671.5;;0.1397;0.1397
;US-OH;1996;p99.5p99.9;633406.81;;0.0495;0.0495
;US-OH;1996;p99.9p99.99;1953757.3;;0.034400001;0.034400001
;US-OH;1996;p99p99.5;350231.31;;0.034200002;0.034200002
;US-OH;1996;p95p100;286787.31;;0.28040001;0.28040001
;US-OH;1996;p0p90;34549.5;;0.60799998;0.60799998
;US-OH;1996;p0p99;44398.602;;0.85939997;0.85939997
;US-OH;1996;p99.5p100;1087357.1;;0.1063;0.1063
;US-OH;1995;p0p100;117767.7;2.65495559032e+11;1.0;1.0
;US-OH;1995;p99p100;658866.88;;0.13339999;0.13339999
;US-OH;1995;p99.9p100;2542268.0;;0.0515;0.0515
;US-OH;1995;p99.99p100;9556520.0;;0.019400001;0.019400001
;US-OH;1995;p90p100;190571.5;;0.38589999;0.38589999
;US-OH;1995;p90p95;110738.2;;0.1121;0.1121
;US-OH;1995;p95p99;173275.09;;0.14040001;0.14040001
;US-OH;1995;p99.5p99.9;594048.38;;0.048099998;0.048099998
;US-OH;1995;p99.9p99.99;1763101.8;;0.032099999;0.032099999
;US-OH;1995;p99p99.5;332989.0;;0.0337;0.0337
;US-OH;1995;p95p100;270380.69;;0.27379999;0.27379999
;US-OH;1995;p0p90;33701.398;;0.6142;0.6142
;US-OH;1995;p0p99;43226.301;;0.86659998;0.86659998
;US-OH;1995;p99.5p100;984579.0;;0.099699996;0.099699996
;US-OH;1994;p0p100;120047.5;2.56137627591e+11;1.0;1.0
;US-OH;1994;p99p100;601893.88;;0.12540001;0.12540001
;US-OH;1994;p99.9p100;2297644.0;;0.047899999;0.047899999
;US-OH;1994;p99.99p100;8804098.0;;0.018300001;0.018300001
;US-OH;1994;p90p100;178687.41;;0.3723;0.3723
;US-OH;1994;p90p95;105110.0;;0.1095;0.1095
;US-OH;1994;p95p99;164864.7;;0.1374;0.1374
;US-OH;1994;p99.5p99.9;542814.69;;0.045200001;0.045200001
;US-OH;1994;p99.9p99.99;1571903.8;;0.0295;0.0295
;US-OH;1994;p99p99.5;308913.09;;0.032200001;0.032200001
;US-OH;1994;p95p100;252259.09;;0.26280001;0.26280001
;US-OH;1994;p0p90;33486.898;;0.6279;0.6279
;US-OH;1994;p0p99;42404.301;;0.87459999;0.87459999
;US-OH;1994;p99.5p100;894725.19;;0.093199998;0.093199998
;US-OH;1993;p0p100;122776.2;2.48344846683e+11;1.0;1.0
;US-OH;1993;p99p100;601357.69;;0.1278;0.1278
;US-OH;1993;p99.9p100;2360872.0;;0.0502;0.0502
;US-OH;1993;p99.99p100;9313904.0;;0.0198;0.0198
;US-OH;1993;p90p100;177251.0;;0.37670001;0.37670001
;US-OH;1993;p90p95;105252.9;;0.1118;0.1118
;US-OH;1993;p95p99;161218.0;;0.13699999;0.13699999
;US-OH;1993;p99.5p99.9;538710.0;;0.0458;0.0458
;US-OH;1993;p99.9p99.99;1586827.3;;0.030300001;0.030300001
;US-OH;1993;p99p99.5;299007.59;;0.031800002;0.031800002
;US-OH;1993;p95p100;249233.41;;0.26480001;0.26480001
;US-OH;1993;p0p90;32598.9;;0.62339997;0.62339997
;US-OH;1993;p0p99;41460.801;;0.87220001;0.87220001
;US-OH;1993;p99.5p100;903580.5;;0.096000001;0.096000001
;US-OH;1992;p0p100;129403.6;2.47557515762e+11;1.0;1.0
;US-OH;1992;p99p100;604470.0;;0.12800001;0.12800001
;US-OH;1992;p99.9p100;2360339.5;;0.050000001;0.050000001
;US-OH;1992;p99.99p100;9154968.0;;0.019400001;0.019400001
;US-OH;1992;p90p100;176785.41;;0.3743;0.3743
;US-OH;1992;p90p95;106496.8;;0.1127;0.1127
;US-OH;1992;p95p99;157770.0;;0.1336;0.1336
;US-OH;1992;p99.5p99.9;545184.31;;0.0462;0.0462
;US-OH;1992;p99.9p99.99;1604777.1;;0.0306;0.0306
;US-OH;1992;p99p99.5;300195.31;;0.031800002;0.031800002
;US-OH;1992;p95p100;247114.91;;0.26159999;0.26159999
;US-OH;1992;p0p90;32842.301;;0.62580001;0.62580001
;US-OH;1992;p0p99;41606.602;;0.87199998;0.87199998
;US-OH;1992;p99.5p100;908650.38;;0.096199997;0.096199997
;US-OH;1991;p0p100;133475.59;2.41958455061e+11;1.0;1.0
;US-OH;1991;p99p100;556288.88;;0.12;0.12
;US-OH;1991;p99.9p100;2081174.0;;0.0449;0.0449
;US-OH;1991;p99.99p100;7757539.5;;0.0167;0.0167
;US-OH;1991;p90p100;171162.09;;0.36930001;0.36930001
;US-OH;1991;p90p95;107405.9;;0.1159;0.1159
;US-OH;1991;p95p99;154716.09;;0.13349999;0.13349999
;US-OH;1991;p99.5p99.9;511309.19;;0.044100001;0.044100001
;US-OH;1991;p99.9p99.99;1450319.3;;0.028200001;0.028200001
;US-OH;1991;p99p99.5;287181.81;;0.030999999;0.030999999
;US-OH;1991;p95p100;235024.7;;0.2536;0.2536
;US-OH;1991;p0p90;32467.6;;0.63050002;0.63050002
;US-OH;1991;p0p99;41191.0;;0.88;0.88
;US-OH;1991;p99.5p100;825401.19;;0.089100003;0.089100003
;US-OH;1990;p0p100;150744.7;2.49797681211e+11;1.0;1.0
;US-OH;1990;p99p100;595295.63;;0.122;0.122
;US-OH;1990;p99.9p100;2283381.0;;0.046799999;0.046799999
;US-OH;1990;p99.99p100;8632819.0;;0.0177;0.0177
;US-OH;1990;p90p100;176078.2;;0.361;0.361
;US-OH;1990;p90p95;107842.4;;0.1105;0.1105
;US-OH;1990;p95p99;156562.3;;0.1284;0.1284
;US-OH;1990;p99.5p99.9;546096.69;;0.044799998;0.044799998
;US-OH;1990;p99.9p99.99;1578980.0;;0.029100001;0.029100001
;US-OH;1990;p99p99.5;296847.5;;0.030400001;0.030400001
;US-OH;1990;p95p100;244323.5;;0.25049999;0.25049999
;US-OH;1990;p0p90;34632.5;;0.639;0.639
;US-OH;1990;p0p99;43256.398;;0.87800002;0.87800002
;US-OH;1990;p99.5p100;893582.63;;0.091600001;0.091600001
;US-OH;1989;p0p100;165613.59;2.48917537749e+11;1.0;1.0
;US-OH;1989;p99p100;594875.5;;0.1224;0.1224
;US-OH;1989;p99.9p100;2277149.5;;0.046799999;0.046799999
;US-OH;1989;p99.99p100;8611913.0;;0.0177;0.0177
;US-OH;1989;p90p100;178082.41;;0.36629999;0.36629999
;US-OH;1989;p90p95;108093.7;;0.1112;0.1112
;US-OH;1989;p95p99;158832.2;;0.13070001;0.13070001
;US-OH;1989;p99.5p99.9;530338.31;;0.0436;0.0436
;US-OH;1989;p99.9p99.99;1544597.8;;0.0286;0.0286
;US-OH;1989;p99p99.5;295106.31;;0.030300001;0.030300001
;US-OH;1989;p95p100;247718.5;;0.25470001;0.25470001
;US-OH;1989;p0p90;34460.5;;0.63789999;0.63789999
;US-OH;1989;p0p99;43102.898;;0.87760001;0.87760001
;US-OH;1989;p99.5p100;888592.13;;0.091399997;0.091399997
;US-OH;1988;p0p100;180930.0;2.46411139411e+11;1.0;1.0
;US-OH;1988;p99p100;638868.69;;0.1309;0.1309
;US-OH;1988;p99.9p100;2574194.5;;0.052700002;0.052700002
;US-OH;1988;p99.99p100;9951263.0;;0.020400001;0.020400001
;US-OH;1988;p90p100;182461.91;;0.37380001;0.37380001
;US-OH;1988;p90p95;108041.4;;0.1107;0.1107
;US-OH;1988;p95p99;157974.59;;0.1294;0.1294
;US-OH;1988;p99.5p99.9;556436.0;;0.045600001;0.045600001
;US-OH;1988;p99.9p99.99;1718002.0;;0.0317;0.0317
;US-OH;1988;p99p99.5;297610.81;;0.0305;0.0305
;US-OH;1988;p95p100;256400.7;;0.2626;0.2626
;US-OH;1988;p0p90;34264.801;;0.63169998;0.63169998
;US-OH;1988;p0p99;42854.301;;0.86909997;0.86909997
;US-OH;1988;p99.5p100;971886.31;;0.0995;0.0995
;US-OH;1987;p0p100;185469.2;2.3194708108e+11;1.0;1.0
;US-OH;1987;p99p100;526495.0;;0.1131;0.1131
;US-OH;1987;p99.9p100;1914797.8;;0.041099999;0.041099999
;US-OH;1987;p99.99p100;7009258.5;;0.0151;0.0151
;US-OH;1987;p90p100;169178.0;;0.36340001;0.36340001
;US-OH;1987;p90p95;107722.1;;0.1157;0.1157
;US-OH;1987;p95p99;155151.0;;0.13330001;0.13330001
;US-OH;1987;p99.5p99.9;478129.59;;0.041099999;0.041099999
;US-OH;1987;p99.9p99.99;1329993.3;;0.025699999;0.025699999
;US-OH;1987;p99p99.5;277971.91;;0.029899999;0.029899999
;US-OH;1987;p95p100;230453.59;;0.2475;0.2475
;US-OH;1987;p0p90;33074.199;;0.63929999;0.63929999
;US-OH;1987;p0p99;41711.398;;0.88690001;0.88690001
;US-OH;1987;p99.5p100;771233.0;;0.082800001;0.082800001
;US-OH;1986;p0p100;208825.3;2.41035259883e+11;1.0;1.0
;US-OH;1986;p99p100;660122.31;;0.1346;0.1346
;US-OH;1986;p99.9p100;2817253.5;;0.057399999;0.057399999
;US-OH;1986;p99.99p100;11681159.0;;0.023800001;0.023800001
;US-OH;1986;p90p100;184508.91;;0.37619999;0.37619999
;US-OH;1986;p90p95;108003.4;;0.1101;0.1101
;US-OH;1986;p95p99;157756.2;;0.1286;0.1286
;US-OH;1986;p99.5p99.9;554541.0;;0.045200001;0.045200001
;US-OH;1986;p99.9p99.99;1779077.9;;0.032600001;0.032600001
;US-OH;1986;p99p99.5;291662.31;;0.0297;0.0297
;US-OH;1986;p95p100;260458.59;;0.26550001;0.26550001
;US-OH;1986;p0p90;34328.398;;0.62989998;0.62989998
;US-OH;1986;p0p99;42879.301;;0.86540002;0.86540002
;US-OH;1986;p99.5p100;1019721.9;;0.1039;0.1039
;US-OH;1985;p0p100;201508.5;2.24648114935e+11;1.0;1.0
;US-OH;1985;p99p100;497795.91;;0.109;0.109
;US-OH;1985;p99.9p100;1919534.9;;0.041999999;0.041999999
;US-OH;1985;p99.99p100;7333941.0;;0.016100001;0.016100001
;US-OH;1985;p90p100;161391.5;;0.35339999;0.35339999
;US-OH;1985;p90p95;104072.1;;0.114;0.114
;US-OH;1985;p95p99;146580.5;;0.1284;0.1284
;US-OH;1985;p99.5p99.9;428011.31;;0.037500001;0.037500001
;US-OH;1985;p99.9p99.99;1264968.8;;0.024900001;0.024900001
;US-OH;1985;p99p99.5;252362.7;;0.0276;0.0276
;US-OH;1985;p95p100;218377.3;;0.23909999;0.23909999
;US-OH;1985;p0p90;33057.801;;0.65149999;0.65149999
;US-OH;1985;p0p99;41097.602;;0.89099997;0.89099997
;US-OH;1985;p99.5p100;736854.31;;0.080700003;0.080700003
;US-OH;1984;p0p100;210093.09;2.17247230401e+11;1.0;1.0
;US-OH;1984;p99p100;457657.59;;0.1028;0.1028
;US-OH;1984;p99.9p100;1751953.4;;0.0394;0.0394
;US-OH;1984;p99.99p100;6907629.5;;0.0155;0.0155
;US-OH;1984;p90p100;152933.7;;0.34369999;0.34369999
;US-OH;1984;p90p95;100723.2;;0.1132;0.1132
;US-OH;1984;p95p99;140410.5;;0.12620001;0.12620001
;US-OH;1984;p99.5p99.9;391952.81;;0.0352;0.0352
;US-OH;1984;p99.9p99.99;1130923.3;;0.0229;0.0229
;US-OH;1984;p99p99.5;237397.59;;0.026699999;0.026699999
;US-OH;1984;p95p100;205056.2;;0.2304;0.2304
;US-OH;1984;p0p90;32650.9;;0.66030002;0.66030002
;US-OH;1984;p0p99;40328.5;;0.89719999;0.89719999
;US-OH;1984;p99.5p100;672873.38;;0.075599998;0.075599998
;US-OH;1983;p0p100;228419.7;2.05486403167e+11;1.0;1.0
;US-OH;1983;p99p100;411816.5;;0.096199997;0.096199997
;US-OH;1983;p99.9p100;1496374.1;;0.034899998;0.034899998
;US-OH;1983;p99.99p100;5843477.5;;0.0136;0.0136
;US-OH;1983;p90p100;143855.09;;0.33590001;0.33590001
;US-OH;1983;p90p95;97661.898;;0.114;0.114
;US-OH;1983;p95p99;134361.7;;0.12549999;0.12549999
;US-OH;1983;p99.5p99.9;366245.0;;0.034200002;0.034200002
;US-OH;1983;p99.9p99.99;996784.31;;0.0209;0.0209
;US-OH;1983;p99p99.5;225389.59;;0.0263;0.0263
;US-OH;1983;p95p100;190272.5;;0.22220001;0.22220001
;US-OH;1983;p0p90;31660.301;;0.66540003;0.66540003
;US-OH;1983;p0p99;39098.0;;0.90380001;0.90380001
;US-OH;1983;p99.5p100;596103.38;;0.069600001;0.069600001
;US-OH;1982;p0p100;234995.7;2.02748336449e+11;1.0;1.0
;US-OH;1982;p99p100;437426.59;;0.1035;0.1035
;US-OH;1982;p99.9p100;1691947.8;;0.039999999;0.039999999
;US-OH;1982;p99.99p100;7025021.5;;0.0166;0.0166
;US-OH;1982;p90p100;143445.91;;0.33950001;0.33950001
;US-OH;1982;p90p95;93188.398;;0.1103;0.1103
;US-OH;1982;p95p99;132676.41;;0.1256;0.1256
;US-OH;1982;p99.5p99.9;383836.0;;0.0363;0.0363
;US-OH;1982;p99.9p99.99;1099384.1;;0.023399999;0.023399999
;US-OH;1982;p99p99.5;229394.8;;0.027100001;0.027100001
;US-OH;1982;p95p100;193673.59;;0.22920001;0.22920001
;US-OH;1982;p0p90;31015.4;;0.66060001;0.66060001
;US-OH;1982;p0p99;38262.898;;0.89649999;0.89649999
;US-OH;1982;p99.5p100;645458.38;;0.076399997;0.076399997
;US-OH;1981;p0p100;269357.5;2.10106930681e+11;1.0;1.0
;US-OH;1981;p99p100;394296.09;;0.091499999;0.091499999
;US-OH;1981;p99.9p100;1295934.3;;0.030099999;0.030099999
;US-OH;1981;p99.99p100;4155737.0;;0.0096000005;0.0096000005
;US-OH;1981;p90p100;146739.09;;0.34060001;0.34060001
;US-OH;1981;p90p95;107672.9;;0.125;0.125
;US-OH;1981;p95p99;134193.8;;0.1246;0.1246
;US-OH;1981;p99.5p99.9;372298.91;;0.034600001;0.034600001
;US-OH;1981;p99.9p99.99;976902.38;;0.020400001;0.020400001
;US-OH;1981;p99p99.5;230789.91;;0.026799999;0.026799999
;US-OH;1981;p95p100;186266.2;;0.21619999;0.21619999
;US-OH;1981;p0p90;31542.199;;0.65899998;0.65899998
;US-OH;1981;p0p99;39529.602;;0.90850002;0.90850002
;US-OH;1981;p99.5p100;557638.38;;0.0647;0.0647
;US-OH;1980;p0p100;333795.5;2.14958781578e+11;1.0;1.0
;US-OH;1980;p99p100;410383.5;;0.092200004;0.092200004
;US-OH;1980;p99.9p100;1314348.5;;0.0295;0.0295
;US-OH;1980;p99.99p100;4637437.5;;0.0104;0.0104
;US-OH;1980;p90p100;147834.59;;0.33219999;0.33219999
;US-OH;1980;p90p95;103820.4;;0.1166;0.1166
;US-OH;1980;p95p99;137110.3;;0.1232;0.1232
;US-OH;1980;p99.5p99.9;393495.69;;0.035399999;0.035399999
;US-OH;1980;p99.9p99.99;944822.5;;0.019099999;0.019099999
;US-OH;1980;p99p99.5;242897.8;;0.0273;0.0273
;US-OH;1980;p95p100;191772.8;;0.2154;0.2154
;US-OH;1980;p0p90;33030.398;;0.66799998;0.66799998
;US-OH;1980;p0p99;40809.602;;0.90780002;0.90780002
;US-OH;1980;p99.5p100;577850.31;;0.064900003;0.064900003
;US-OH;1979;p0p100;425992.41;2.19469636565e+11;1.0;1.0
;US-OH;1979;p99p100;427190.59;;0.092799999;0.092799999
;US-OH;1979;p99.9p100;1390012.3;;0.030200001;0.030200001
;US-OH;1979;p99.99p100;5148353.5;;0.0112;0.0112
;US-OH;1979;p90p100;151383.3;;0.329;0.329
;US-OH;1979;p90p95;105748.2;;0.1149;0.1149
;US-OH;1979;p95p99;139228.09;;0.121;0.121
;US-OH;1979;p99.5p99.9;407977.81;;0.035500001;0.035500001
;US-OH;1979;p99.9p99.99;972131.38;;0.018999999;0.018999999
;US-OH;1979;p99p99.5;249948.8;;0.0272;0.0272
;US-OH;1979;p95p100;196820.5;;0.2139;0.2139
;US-OH;1979;p0p90;34318.398;;0.67119998;0.67119998
;US-OH;1979;p0p99;42164.301;;0.90719998;0.90719998
;US-OH;1979;p99.5p100;604522.63;;0.065700002;0.065700002
;US-OH;1978;p0p100;504588.5;2.12465655922e+11;1.0;1.0
;US-OH;1978;p99p100;377244.59;;0.083099999;0.083099999
;US-OH;1978;p99.9p100;1086316.8;;0.0239;0.0239
;US-OH;1978;p99.99p100;3325980.3;;0.0073000002;0.0073000002
;US-OH;1978;p90p100;146372.91;;0.32249999;0.32249999
;US-OH;1978;p90p95;100593.4;;0.1108;0.1108
;US-OH;1978;p95p99;145936.8;;0.1286;0.1286
;US-OH;1978;p99.5p99.9;379915.69;;0.033500001;0.033500001
;US-OH;1978;p99.9p99.99;837273.19;;0.0166;0.0166
;US-OH;1978;p99p99.5;233175.41;;0.025699999;0.025699999
;US-OH;1978;p95p100;192132.0;;0.21160001;0.21160001
;US-OH;1978;p0p90;34170.199;;0.67750001;0.67750001
;US-OH;1978;p0p99;42040.0;;0.91689998;0.91689998
;US-OH;1978;p99.5p100;521297.41;;0.057399999;0.057399999
;US-OH;1977;p0p100;576263.81;2.06320668318e+11;1.0;1.0
;US-OH;1977;p99p100;376406.59;;0.084100001;0.084100001
;US-OH;1977;p99.9p100;1130002.0;;0.0252;0.0252
;US-OH;1977;p99.99p100;3736948.0;;0.0082999999;0.0082999999
;US-OH;1977;p90p100;144251.59;;0.32210001;0.32210001
;US-OH;1977;p90p95;101167.7;;0.113;0.113
;US-OH;1977;p95p99;140072.09;;0.1251;0.1251
;US-OH;1977;p99.5p99.9;371201.41;;0.033199999;0.033199999
;US-OH;1977;p99.9p99.99;840178.38;;0.016899999;0.016899999
;US-OH;1977;p99p99.5;229803.0;;0.025699999;0.025699999
;US-OH;1977;p95p100;187344.3;;0.20919999;0.20919999
;US-OH;1977;p0p90;33731.199;;0.67790002;0.67790002
;US-OH;1977;p0p99;41433.301;;0.91589999;0.91589999
;US-OH;1977;p99.5p100;522983.41;;0.058400001;0.058400001
;US-OH;1976;p0p100;637306.38;1.98123535793e+11;1.0;1.0
;US-OH;1976;p99p100;369914.0;;0.084700003;0.084700003
;US-OH;1976;p99.9p100;1046158.6;;0.024;0.024
;US-OH;1976;p99.99p100;3328690.0;;0.0076000001;0.0076000001
;US-OH;1976;p90p100;140454.0;;0.32170001;0.32170001
;US-OH;1976;p90p95;96753.297;;0.1108;0.1108
;US-OH;1976;p95p99;137719.2;;0.12620001;0.12620001
;US-OH;1976;p99.5p99.9;370340.31;;0.0339;0.0339
;US-OH;1976;p99.9p99.99;792596.63;;0.0163;0.0163
;US-OH;1976;p99p99.5;234211.7;;0.026799999;0.026799999
;US-OH;1976;p95p100;184158.0;;0.21089999;0.21089999
;US-OH;1976;p0p90;32909.5;;0.67830002;0.67830002
;US-OH;1976;p0p99;40368.102;;0.91530001;0.91530001
;US-OH;1976;p99.5p100;505612.91;;0.0579;0.0579
;US-OH;1975;p0p100;684965.31;1.8761160868e+11;1.0;1.0
;US-OH;1975;p99p100;353920.41;;0.084399998;0.084399998
;US-OH;1975;p99.9p100;987674.13;;0.023499999;0.023499999
;US-OH;1975;p99.99p100;3413623.3;;0.0081000002;0.0081000002
;US-OH;1975;p90p100;135526.0;;0.32300001;0.32300001
;US-OH;1975;p90p95;93417.297;;0.1113;0.1113
;US-OH;1975;p95p99;133571.41;;0.12729999;0.12729999
;US-OH;1975;p99.5p99.9;354623.5;;0.033799998;0.033799998
;US-OH;1975;p99.9p99.99;717945.81;;0.0154;0.0154
;US-OH;1975;p99p99.5;226455.8;;0.027000001;0.027000001
;US-OH;1975;p95p100;177640.0;;0.21170001;0.21170001
;US-OH;1975;p0p90;31558.5;;0.67699999;0.67699999
;US-OH;1975;p0p99;38803.5;;0.9156;0.9156
;US-OH;1975;p99.5p100;481353.69;;0.057399999;0.057399999
;US-OH;1974;p0p100;876544.88;1.98625558068e+11;1.0;1.0
;US-OH;1974;p99p100;353793.41;;0.078500003;0.078500003
;US-OH;1974;p99.9p100;976657.63;;0.0217;0.0217
;US-OH;1974;p99.99p100;2913248.3;;0.0065000001;0.0065000001
;US-OH;1974;p90p100;140036.3;;0.31060001;0.31060001
;US-OH;1974;p90p95;98577.797;;0.1093;0.1093
;US-OH;1974;p95p99;137994.7;;0.1224;0.1224
;US-OH;1974;p99.5p99.9;350787.31;;0.031099999;0.031099999
;US-OH;1974;p99.9p99.99;756316.69;;0.0151;0.0151
;US-OH;1974;p99p99.5;228942.2;;0.0254;0.0254
;US-OH;1974;p95p100;181522.91;;0.2013;0.2013
;US-OH;1974;p0p90;34571.801;;0.69019997;0.69019997
;US-OH;1974;p0p99;41964.898;;0.92150003;0.92150003
;US-OH;1974;p99.5p100;477549.19;;0.052999999;0.052999999
;US-OH;1973;p0p100;1098154.5;1.99013881034e+11;1.0;1.0
;US-OH;1973;p99p100;385069.0;;0.084100001;0.084100001
;US-OH;1973;p99.9p100;1071689.1;;0.023399999;0.023399999
;US-OH;1973;p99.99p100;3297458.5;;0.0071999999;0.0071999999
;US-OH;1973;p90p100;145373.3;;0.31729999;0.31729999
;US-OH;1973;p90p95;100006.8;;0.1091;0.1091
;US-OH;1973;p95p99;142168.59;;0.1241;0.1241
;US-OH;1973;p99.5p99.9;393614.91;;0.034400001;0.034400001
;US-OH;1973;p99.9p99.99;824093.69;;0.0162;0.0162
;US-OH;1973;p99p99.5;240902.8;;0.0263;0.0263
;US-OH;1973;p95p100;190750.2;;0.20819999;0.20819999
;US-OH;1973;p0p90;34749.102;;0.68269998;0.68269998
;US-OH;1973;p0p99;42384.801;;0.91589999;0.91589999
;US-OH;1973;p99.5p100;529220.13;;0.057799999;0.057799999
;US-OH;1972;p0p100;1210828.9;1.91703681378e+11;1.0;1.0
;US-OH;1972;p99p100;396894.5;;0.088699996;0.088699996
;US-OH;1972;p99.9p100;1214693.4;;0.027100001;0.027100001
;US-OH;1972;p99.99p100;4146208.5;;0.0093;0.0093
;US-OH;1972;p90p100;141764.59;;0.31670001;0.31670001
;US-OH;1972;p90p95;95196.398;;0.1063;0.1063
;US-OH;1972;p95p99;136199.59;;0.1217;0.1217
;US-OH;1972;p99.5p99.9;384481.81;;0.034400001;0.034400001
;US-OH;1972;p99.9p99.99;888859.88;;0.017899999;0.017899999
;US-OH;1972;p99p99.5;243114.0;;0.0272;0.0272
;US-OH;1972;p95p100;188339.2;;0.2103;0.2103
;US-OH;1972;p0p90;33992.898;;0.68339998;0.68339998
;US-OH;1972;p0p99;41212.699;;0.9113;0.9113
;US-OH;1972;p99.5p100;550674.88;;0.061500002;0.061500002
;US-OH;1971;p0p100;1252338.3;1.83270448749e+11;1.0;1.0
;US-OH;1971;p99p100;383356.19;;0.088200003;0.088200003
;US-OH;1971;p99.9p100;1147247.6;;0.0264;0.0264
;US-OH;1971;p99.99p100;4022101.0;;0.0093;0.0093
;US-OH;1971;p90p100;138222.8;;0.31799999;0.31799999
;US-OH;1971;p90p95;94431.102;;0.1086;0.1086
;US-OH;1971;p95p99;131702.09;;0.1212;0.1212
;US-OH;1971;p99.5p99.9;374860.19;;0.034499999;0.034499999
;US-OH;1971;p99.9p99.99;827920.38;;0.017100001;0.017100001
;US-OH;1971;p99p99.5;237195.5;;0.0273;0.0273
;US-OH;1971;p95p100;182032.59;;0.2094;0.2094
;US-OH;1971;p0p90;32940.5;;0.68199998;0.68199998
;US-OH;1971;p0p99;40035.699;;0.91180003;0.91180003
;US-OH;1971;p99.5p100;529481.69;;0.060899999;0.060899999
;US-OH;1970;p0p100;1376772.8;1.81735912362e+11;1.0;1.0
;US-OH;1970;p99p100;371445.0;;0.084700003;0.084700003
;US-OH;1970;p99.9p100;1137613.0;;0.025900001;0.025900001
;US-OH;1970;p99.99p100;4024303.8;;0.0092000002;0.0092000002
;US-OH;1970;p90p100;136564.8;;0.3114;0.3114
;US-OH;1970;p90p95;93904.297;;0.107;0.107
;US-OH;1970;p95p99;131198.41;;0.1197;0.1197
;US-OH;1970;p99.5p99.9;365655.91;;0.033300001;0.033300001
;US-OH;1970;p99.9p99.99;816815.19;;0.016799999;0.016799999
;US-OH;1970;p99p99.5;222845.3;;0.0254;0.0254
;US-OH;1970;p95p100;179245.91;;0.2043;0.2043
;US-OH;1970;p0p90;33558.699;;0.6886;0.6886
;US-OH;1970;p0p99;40551.5;;0.91530001;0.91530001
;US-OH;1970;p99.5p100;520089.69;;0.059300002;0.059300002
;US-OH;1969;p0p100;1585734.4;1.85359053767e+11;1.0;1.0
;US-OH;1969;p99p100;433054.0;;0.095799997;0.095799997
;US-OH;1969;p99.9p100;1538354.8;;0.034000002;0.034000002
;US-OH;1969;p99.99p100;6574901.0;;0.0145;0.0145
;US-OH;1969;p90p100;145277.0;;0.32139999;0.32139999
;US-OH;1969;p90p95;95870.297;;0.1061;0.1061
;US-OH;1969;p95p99;135112.8;;0.1196;0.1196
;US-OH;1969;p99.5p99.9;397567.19;;0.0352;0.0352
;US-OH;1969;p99.9p99.99;978543.69;;0.0195;0.0195
;US-OH;1969;p99p99.5;240347.2;;0.0266;0.0266
;US-OH;1969;p95p100;194697.3;;0.2154;0.2154
;US-OH;1969;p0p90;34076.398;;0.67860001;0.67860001
;US-OH;1969;p0p99;41279.199;;0.90420002;0.90420002
;US-OH;1969;p99.5p100;625744.81;;0.069200002;0.069200002
;US-OH;1968;p0p100;1754883.5;1.82891442318e+11;1.0;1.0
;US-OH;1968;p99p100;462661.31;;0.1029;0.1029
;US-OH;1968;p99.9p100;1584134.1;;0.0352;0.0352
;US-OH;1968;p99.99p100;6242788.0;;0.0139;0.0139
;US-OH;1968;p90p100;147132.3;;0.3272;0.3272
;US-OH;1968;p90p95;93790.398;;0.1043;0.1043
;US-OH;1968;p95p99;134898.59;;0.12;0.12
;US-OH;1968;p99.5p99.9;430880.0;;0.0383;0.0383
;US-OH;1968;p99.9p99.99;1066910.8;;0.021400001;0.021400001
;US-OH;1968;p99p99.5;263795.5;;0.029300001;0.029300001
;US-OH;1968;p95p100;200452.3;;0.2229;0.2229
;US-OH;1968;p0p90;33623.0;;0.67290002;0.67290002
;US-OH;1968;p0p99;40754.102;;0.89709997;0.89709997
;US-OH;1968;p99.5p100;661478.63;;0.0735;0.0735
;US-OH;1967;p0p100;1805184.0;1.71801564859e+11;1.0;1.0
;US-OH;1967;p99p100;428103.69;;0.1005;0.1005
;US-OH;1967;p99.9p100;1374086.9;;0.032200001;0.032200001
;US-OH;1967;p99.99p100;4930219.5;;0.0116;0.0116
;US-OH;1967;p90p100;139269.59;;0.32679999;0.32679999
;US-OH;1967;p90p95;88380.703;;0.1037;0.1037
;US-OH;1967;p95p99;130698.7;;0.1227;0.1227
;US-OH;1967;p99.5p99.9;408249.81;;0.0383;0.0383
;US-OH;1967;p99.9p99.99;979242.19;;0.0207;0.0207
;US-OH;1967;p99p99.5;254805.09;;0.029899999;0.029899999
;US-OH;1967;p95p100;190176.09;;0.22310001;0.22310001
;US-OH;1967;p0p90;31873.9;;0.67320001;0.67320001
;US-OH;1967;p0p99;38721.0;;0.89950001;0.89950001
;US-OH;1967;p99.5p100;601433.19;;0.070600003;0.070600003
;US-OH;1966;p0p100;1881513.0;1.66888780108e+11;1.0;1.0
;US-OH;1966;p99p100;395976.81;;0.094700001;0.094700001
;US-OH;1966;p99.9p100;1270932.4;;0.030400001;0.030400001
;US-OH;1966;p99.99p100;4577029.5;;0.011;0.011
;US-OH;1966;p90p100;133412.3;;0.31920001;0.31920001
;US-OH;1966;p90p95;86076.898;;0.103;0.103
;US-OH;1966;p95p99;126990.4;;0.1215;0.1215
;US-OH;1966;p99.5p99.9;377926.59;;0.036200002;0.036200002
;US-OH;1966;p99.9p99.99;903726.38;;0.0195;0.0195
;US-OH;1966;p99p99.5;235191.41;;0.028100001;0.028100001
;US-OH;1966;p95p100;180782.41;;0.2163;0.2163
;US-OH;1966;p0p90;31616.301;;0.68080002;0.68080002
;US-OH;1966;p0p99;38219.301;;0.90530002;0.90530002
;US-OH;1966;p99.5p100;556700.31;;0.066600002;0.066600002
;US-OH;1965;p0p100;1895246.8;1.57263898447e+11;1.0;1.0
;US-OH;1965;p99p100;433226.09;;0.1089;0.1089
;US-OH;1965;p99.9p100;1573130.5;;0.039500002;0.039500002
;US-OH;1965;p99.99p100;7682508.5;;0.019300001;0.019300001
;US-OH;1965;p90p100;132621.5;;0.33329999;0.33329999
;US-OH;1965;p90p95;78939.797;;0.099200003;0.099200003
;US-OH;1965;p95p99;124584.9;;0.1252;0.1252
;US-OH;1965;p99.5p99.9;393657.19;;0.0396;0.0396
;US-OH;1965;p99.9p99.99;895916.31;;0.020300001;0.020300001
;US-OH;1965;p99p99.5;237097.0;;0.0298;0.0298
;US-OH;1965;p95p100;186310.09;;0.2341;0.2341
;US-OH;1965;p0p90;29478.199;;0.66670001;0.66670001
;US-OH;1965;p0p99;35821.398;;0.89109999;0.89109999
;US-OH;1965;p99.5p100;629425.13;;0.079099998;0.079099998
;US-OH;1964;p0p100;1858907.8;1.47708558908e+11;1.0;1.0
;US-OH;1964;p99p100;376747.31;;0.099699996;0.099699996
;US-OH;1964;p99.9p100;1185694.3;;0.031399999;0.031399999
;US-OH;1964;p99.99p100;4312409.0;;0.0114;0.0114
;US-OH;1964;p90p100;124632.5;;0.32969999;0.32969999
;US-OH;1964;p90p95;81122.0;;0.1073;0.1073
;US-OH;1964;p95p99;115970.8;;0.1227;0.1227
;US-OH;1964;p99.5p99.9;363556.19;;0.0385;0.0385
;US-OH;1964;p99.9p99.99;838147.69;;0.02;0.02
;US-OH;1964;p99p99.5;225444.41;;0.0298;0.0298
;US-OH;1964;p95p100;168129.5;;0.22239999;0.22239999
;US-OH;1964;p0p90;28156.9;;0.67030001;0.67030001
;US-OH;1964;p0p99;34379.5;;0.90030003;0.90030003
;US-OH;1964;p99.5p100;528001.88;;0.069799997;0.069799997
;US-OH;1963;p0p100;1813227.8;1.38606158187e+11;1.0;1.0
;US-OH;1963;p99p100;340356.81;;0.094700001;0.094700001
;US-OH;1963;p99.9p100;1045951.7;;0.029100001;0.029100001
;US-OH;1963;p99.99p100;3408662.0;;0.0094999997;0.0094999997
;US-OH;1963;p90p100;116875.0;;0.32530001;0.32530001
;US-OH;1963;p90p95;76748.703;;0.1068;0.1068
;US-OH;1963;p95p99;111162.7;;0.1238;0.1238
;US-OH;1963;p99.5p99.9;334032.69;;0.0372;0.0372
;US-OH;1963;p99.9p99.99;784056.38;;0.0196;0.0196
;US-OH;1963;p99p99.5;204220.3;;0.0284;0.0284
;US-OH;1963;p95p100;157001.5;;0.2185;0.2185
;US-OH;1963;p0p90;26934.5;;0.67470002;0.67470002
;US-OH;1963;p0p99;32853.699;;0.90530002;0.90530002
;US-OH;1963;p99.5p100;476491.59;;0.066299997;0.066299997
;US-OH;1962;p0p100;1817220.0;1.33517191315e+11;1.0;1.0
;US-OH;1962;p99p100;326195.69;;0.093000002;0.093000002
;US-OH;1962;p99.9p100;1025195.8;;0.029200001;0.029200001
;US-OH;1962;p99.99p100;3344310.3;;0.0094999997;0.0094999997
;US-OH;1962;p90p100;112249.9;;0.32010001;0.32010001
;US-OH;1962;p90p95;74438.203;;0.1061;0.1061
;US-OH;1962;p95p99;106028.4;;0.1209;0.1209
;US-OH;1962;p99.5p99.9;324740.0;;0.037;0.037
;US-OH;1962;p99.9p99.99;768485.69;;0.0197;0.0197
;US-OH;1962;p99p99.5;187434.7;;0.026699999;0.026699999
;US-OH;1962;p95p100;150061.91;;0.2139;0.2139
;US-OH;1962;p0p90;26497.1;;0.67989999;0.67989999
;US-OH;1962;p0p99;32132.0;;0.90700001;0.90700001
;US-OH;1962;p99.5p100;464957.81;;0.066299997;0.066299997
;US-OH;1961;p0p100;1823085.6;1.29434460961e+11;1.0;1.0
;US-OH;1961;p99p100;342267.19;;0.099200003;0.099200003
;US-OH;1961;p99.9p100;1129322.3;;0.032699998;0.032699998
;US-OH;1961;p99.99p100;3918665.0;;0.0114;0.0114
;US-OH;1961;p90p100;112891.4;;0.32730001;0.32730001
;US-OH;1961;p90p95;72513.602;;0.1051;0.1051
;US-OH;1961;p95p99;106021.0;;0.123;0.123
;US-OH;1961;p99.5p99.9;326504.59;;0.037900001;0.037900001
;US-OH;1961;p99.9p99.99;819653.0;;0.021400001;0.021400001
;US-OH;1961;p99p99.5;197437.2;;0.0286;0.0286
;US-OH;1961;p95p100;153269.7;;0.22220001;0.22220001
;US-OH;1961;p0p90;25778.9;;0.67269999;0.67269999
;US-OH;1961;p0p99;31381.4;;0.90079999;0.90079999
;US-OH;1961;p99.5p100;487098.81;;0.070600003;0.070600003
;US-OH;1960;p0p100;1865298.1;1.2778442778e+11;1.0;1.0
;US-OH;1960;p99p100;328785.0;;0.095100001;0.095100001
;US-OH;1960;p99.9p100;1062386.6;;0.0307;0.0307
;US-OH;1960;p99.99p100;3552729.3;;0.0103;0.0103
;US-OH;1960;p90p100;110782.5;;0.32030001;0.32030001
;US-OH;1960;p90p95;73998.102;;0.107;0.107
;US-OH;1960;p95p99;102262.0;;0.1183;0.1183
;US-OH;1960;p99.5p99.9;320530.5;;0.037099998;0.037099998
;US-OH;1960;p99.9p99.99;786413.88;;0.020500001;0.020500001
;US-OH;1960;p99p99.5;188640.8;;0.0273;0.0273
;US-OH;1960;p95p100;147566.7;;0.2133;0.2133
;US-OH;1960;p0p90;26117.199;;0.67970002;0.67970002
;US-OH;1960;p0p99;31612.5;;0.90490001;0.90490001
;US-OH;1960;p99.5p100;468929.91;;0.0678;0.0678
;US-OH;1959;p0p100;1928317.3;1.26766489802e+11;1.0;1.0
;US-OH;1959;p99p100;326386.59;;0.094499998;0.094499998
;US-OH;1959;p99.9p100;1059285.8;;0.0307;0.0307
;US-OH;1959;p99.99p100;3649373.0;;0.0106;0.0106
;US-OH;1959;p90p100;109701.9;;0.3175;0.3175
;US-OH;1959;p90p95;71645.602;;0.1037;0.1037
;US-OH;1959;p95p99;103103.6;;0.1194;0.1194
;US-OH;1959;p99.5p99.9;315041.09;;0.036499999;0.036499999
;US-OH;1959;p99.9p99.99;771518.0;;0.020099999;0.020099999
;US-OH;1959;p99p99.5;188931.8;;0.0273;0.0273
;US-OH;1959;p95p100;147759.2;;0.2138;0.2138
;US-OH;1959;p0p90;26205.0;;0.6825;0.6825
;US-OH;1959;p0p99;31607.199;;0.90549999;0.90549999
;US-OH;1959;p99.5p100;463845.31;;0.067100003;0.067100003
;US-OH;1958;p0p100;1816005.0;1.16780149891e+11;1.0;1.0
;US-OH;1958;p99p100;307307.0;;0.095700003;0.095700003
;US-OH;1958;p99.9p100;922618.31;;0.0287;0.0287
;US-OH;1958;p99.99p100;2837224.3;;0.0088;0.0088
;US-OH;1958;p90p100;103120.1;;0.3213;0.3213
;US-OH;1958;p90p95;67170.203;;0.1046;0.1046
;US-OH;1958;p95p99;97011.5;;0.1209;0.1209
;US-OH;1958;p99.5p99.9;314054.0;;0.039099999;0.039099999
;US-OH;1958;p99.9p99.99;710382.69;;0.0199;0.0199
;US-OH;1958;p99p99.5;178690.59;;0.027799999;0.027799999
;US-OH;1958;p95p100;139070.5;;0.2166;0.2166
;US-OH;1958;p0p90;24205.5;;0.67869997;0.67869997
;US-OH;1958;p0p99;29316.699;;0.90429997;0.90429997
;US-OH;1958;p99.5p100;435923.31;;0.067900002;0.067900002
;US-OH;1957;p0p100;2046063.8;1.23625678535e+11;1.0;1.0
;US-OH;1957;p99p100;323746.31;;0.094499998;0.094499998
;US-OH;1957;p99.9p100;963389.38;;0.028100001;0.028100001
;US-OH;1957;p99.99p100;2964167.5;;0.0087000001;0.0087000001
;US-OH;1957;p90p100;107365.4;;0.31330001;0.31330001
;US-OH;1957;p90p95;68933.898;;0.1006;0.1006
;US-OH;1957;p95p99;101310.1;;0.1183;0.1183
;US-OH;1957;p99.5p99.9;325687.5;;0.037999999;0.037999999
;US-OH;1957;p99.9p99.99;741389.19;;0.0195;0.0195
;US-OH;1957;p99p99.5;194172.91;;0.0283;0.0283
;US-OH;1957;p95p100;145797.2;;0.21269999;0.21269999
;US-OH;1957;p0p90;26145.6;;0.68669999;0.68669999
;US-OH;1957;p0p99;31343.4;;0.90549999;0.90549999
;US-OH;1957;p99.5p100;453318.41;;0.066100001;0.066100001
;US-OH;1956;p0p100;2214918.8;1.23528091129e+11;1.0;1.0
;US-OH;1956;p99p100;340833.5;;0.098499998;0.098499998
;US-OH;1956;p99.9p100;1099650.0;;0.031800002;0.031800002
;US-OH;1956;p99.99p100;3268112.0;;0.0093999999;0.0093999999
;US-OH;1956;p90p100;109786.5;;0.31740001;0.31740001
;US-OH;1956;p90p95;69681.898;;0.1007;0.1007
;US-OH;1956;p95p99;102279.2;;0.1183;0.1183
;US-OH;1956;p99.5p99.9;333986.09;;0.038600001;0.038600001
;US-OH;1956;p99.9p99.99;859888.63;;0.022399999;0.022399999
;US-OH;1956;p99p99.5;194535.59;;0.028100001;0.028100001
;US-OH;1956;p95p100;149990.2;;0.2168;0.2168
;US-OH;1956;p0p90;26224.9;;0.68239999;0.68239999
;US-OH;1956;p0p99;31493.6;;0.90149999;0.90149999
;US-OH;1956;p99.5p100;487130.41;;0.0704;0.0704
;US-OH;1955;p0p100;2227684.8;1.19407285501e+11;1.0;1.0
;US-OH;1955;p99p100;339205.5;;0.1005;0.1005
;US-OH;1955;p99.9p100;1057281.1;;0.031300001;0.031300001
;US-OH;1955;p99.99p100;3396276.5;;0.0101;0.0101
;US-OH;1955;p90p100;108228.2;;0.32049999;0.32049999
;US-OH;1955;p90p95;68437.398;;0.1013;0.1013
;US-OH;1955;p95p99;100480.8;;0.119;0.119
;US-OH;1955;p99.5p99.9;336690.31;;0.039900001;0.039900001
;US-OH;1955;p99.9p99.99;797441.19;;0.021299999;0.021299999
;US-OH;1955;p99p99.5;197604.91;;0.029300001;0.029300001
;US-OH;1955;p95p100;148220.09;;0.21950001;0.21950001
;US-OH;1955;p0p90;25483.4;;0.67919999;0.67919999
;US-OH;1955;p0p99;30683.1;;0.89950001;0.89950001
;US-OH;1955;p99.5p100;480806.19;;0.071199998;0.071199998
;US-OH;1954;p0p100;2069981.4;1.1066197094e+11;1.0;1.0
;US-OH;1954;p99p100;304981.69;;0.096500002;0.096500002
;US-OH;1954;p99.9p100;933963.81;;0.0295;0.0295
;US-OH;1954;p99.99p100;2728379.5;;0.0086000003;0.0086000003
;US-OH;1954;p90p100;98669.797;;0.31209999;0.31209999
;US-OH;1954;p90p95;62377.898;;0.098700002;0.098700002
;US-OH;1954;p95p99;92706.5;;0.1173;0.1173
;US-OH;1954;p99.5p99.9;305558.91;;0.038699999;0.038699999
;US-OH;1954;p99.9p99.99;734602.63;;0.0209;0.0209
;US-OH;1954;p99p99.5;178724.41;;0.0283;0.0283
;US-OH;1954;p95p100;135147.7;;0.2138;0.2138
;US-OH;1954;p0p90;24151.1;;0.68760002;0.68760002
;US-OH;1954;p0p99;28851.6;;0.90350002;0.90350002
;US-OH;1954;p99.5p100;431239.31;;0.0682;0.0682
;US-OH;1953;p0p100;2127304.0;1.1145201263e+11;1.0;1.0
;US-OH;1953;p99p100;306601.19;;0.095299996;0.095299996
;US-OH;1953;p99.9p100;891094.88;;0.0277;0.0277
;US-OH;1953;p99.99p100;2520451.5;;0.0077999998;0.0077999998
;US-OH;1953;p90p100;100749.2;;0.3132;0.3132
;US-OH;1953;p90p95;64654.801;;0.1005;0.1005
;US-OH;1953;p95p99;94473.297;;0.1175;0.1175
;US-OH;1953;p99.5p99.9;313695.91;;0.039000001;0.039000001
;US-OH;1953;p99.9p99.99;710843.19;;0.0199;0.0199
;US-OH;1953;p99p99.5;184109.0;;0.0286;0.0286
;US-OH;1953;p95p100;136895.3;;0.2128;0.2128
;US-OH;1953;p0p90;24541.699;;0.68669999;0.68669999
;US-OH;1953;p0p99;29394.199;;0.90469998;0.90469998
;US-OH;1953;p99.5p100;429113.19;;0.066699997;0.066699997
;US-OH;1952;p0p100;2018279.0;1.03184239325e+11;1.0;1.0
;US-OH;1952;p99p100;314839.69;;0.1047;0.1047
;US-OH;1952;p99.9p100;967079.0;;0.032200001;0.032200001
;US-OH;1952;p99.99p100;2914604.8;;0.0097000003;0.0097000003
;US-OH;1952;p90p100;97512.398;;0.32440001;0.32440001
;US-OH;1952;p90p95;59457.0;;0.098899998;0.098899998
;US-OH;1952;p95p99;90744.5;;0.1207;0.1207
;US-OH;1952;p99.5p99.9;316144.91;;0.042100001;0.042100001
;US-OH;1952;p99.9p99.99;751142.88;;0.022500001;0.022500001
;US-OH;1952;p99p99.5;183403.3;;0.0305;0.0305
;US-OH;1952;p95p100;135555.41;;0.2255;0.2255
;US-OH;1952;p0p90;22567.301;;0.67559999;0.67559999
;US-OH;1952;p0p99;27185.801;;0.89529997;0.89529997
;US-OH;1952;p99.5p100;446295.69;;0.074199997;0.074199997
;US-OH;1951;p0p100;2065024.5;1.00081556321e+11;1.0;1.0
;US-OH;1951;p99p100;359407.59;;0.122;0.122
;US-OH;1951;p99.9p100;1203677.0;;0.040899999;0.040899999
;US-OH;1951;p99.99p100;3137279.8;;0.0107;0.0107
;US-OH;1951;p90p100;94843.898;;0.322;0.322
;US-OH;1951;p90p95;47691.5;;0.081;0.081
;US-OH;1951;p95p99;88559.102;;0.1203;0.1203
;US-OH;1951;p99.5p99.9;353589.91;;0.048;0.048
;US-OH;1951;p99.9p99.99;991270.19;;0.030300001;0.030300001
;US-OH;1951;p99p99.5;194497.7;;0.033;0.033
;US-OH;1951;p95p100;142706.5;;0.2422;0.2422
;US-OH;1951;p0p99;20138.9;;0.67680001;0.67680001
;US-OH;1951;p99.5p100;524213.0;;0.089000002;0.089000002
;US-OH;1950;p0p100;2243947.0;92448890223.0;1.0;1.0
;US-OH;1950;p99p100;333814.0;;0.1214;0.1214
;US-OH;1950;p99.9p100;1098852.5;;0.039999999;0.039999999
;US-OH;1950;p99.99p100;2784976.3;;0.0101;0.0101
;US-OH;1950;p90p100;93963.703;;0.3418;0.3418
;US-OH;1950;p90p95;55019.102;;0.1001;0.1001
;US-OH;1950;p95p99;82607.203;;0.1202;0.1202
;US-OH;1950;p99.5p99.9;333587.31;;0.048500001;0.048500001
;US-OH;1950;p99.9p99.99;922609.88;;0.030200001;0.030200001
;US-OH;1950;p99p99.5;181078.41;;0.032900002;0.032900002
;US-OH;1950;p95p100;132850.0;;0.24160001;0.24160001
;US-OH;1950;p0p90;20096.801;;0.65789998;0.65789998
;US-OH;1950;p0p99;24396.801;;0.8786;0.8786
;US-OH;1950;p99.5p100;486556.5;;0.088500001;0.088500001
;US-OH;1949;p0p100;2081252.3;82965387800.0;1.0;1.0
;US-OH;1949;p99p100;286273.31;;0.1145;0.1145
;US-OH;1949;p99.9p100;903166.31;;0.0361;0.0361
;US-OH;1949;p99.99p100;2733519.3;;0.0109;0.0109
;US-OH;1949;p90p100;86361.0;;0.34540001;0.34540001
;US-OH;1949;p90p95;51526.301;;0.103;0.103
;US-OH;1949;p95p99;79920.5;;0.1278;0.1278
;US-OH;1949;p99.5p99.9;285738.19;;0.045699999;0.045699999
;US-OH;1949;p99.9p99.99;699805.0;;0.0252;0.0252
;US-OH;1949;p99p99.5;163321.5;;0.032699998;0.032699998
;US-OH;1949;p95p100;121178.2;;0.2423;0.2423
;US-OH;1949;p0p90;18188.0;;0.65460002;0.65460002
;US-OH;1949;p0p99;22366.0;;0.88550001;0.88550001
;US-OH;1949;p99.5p100;409223.91;;0.081799999;0.081799999
;US-OH;1948;p0p100;2143318.0;86212429291.0;1.0;1.0
;US-OH;1948;p99p100;310206.69;;0.1181;0.1181
;US-OH;1948;p99.9p100;1025332.7;;0.039000001;0.039000001
;US-OH;1948;p99.99p100;3301748.8;;0.0126;0.0126
;US-OH;1948;p90p100;89299.898;;0.34009999;0.34009999
;US-OH;1948;p90p95;51401.5;;0.097900003;0.097900003
;US-OH;1948;p95p99;81439.602;;0.1241;0.1241
;US-OH;1948;p99.5p99.9;305792.09;;0.046599999;0.046599999
;US-OH;1948;p99.9p99.99;772397.63;;0.0265;0.0265
;US-OH;1948;p99p99.5;170713.59;;0.032499999;0.032499999
;US-OH;1948;p95p100;127192.4;;0.2422;0.2422
;US-OH;1948;p0p90;19253.801;;0.65990001;0.65990001
;US-OH;1948;p0p99;23390.0;;0.88190001;0.88190001
;US-OH;1948;p99.5p100;449700.31;;0.085600004;0.085600004
;US-OH;1947;p0p100;2384526.3;81702025744.0;1.0;1.0
;US-OH;1947;p99p100;287133.31;;0.1142;0.1142
;US-OH;1947;p99.9p100;914780.38;;0.036400001;0.036400001
;US-OH;1947;p99.99p100;2841189.0;;0.0113;0.0113
;US-OH;1947;p90p100;83231.398;;0.33090001;0.33090001
;US-OH;1947;p90p95;47364.398;;0.0942;0.0942
;US-OH;1947;p95p99;77091.297;;0.1226;0.1226
;US-OH;1947;p99.5p99.9;285388.5;;0.045400001;0.045400001
;US-OH;1947;p99.9p99.99;700769.63;;0.0251;0.0251
;US-OH;1947;p99p99.5;162995.91;;0.032400001;0.032400001
;US-OH;1947;p95p100;119098.8;;0.2368;0.2368
;US-OH;1947;p0p90;18697.9;;0.66909999;0.66909999
;US-OH;1947;p0p99;22505.1;;0.8858;0.8858
;US-OH;1947;p99.5p100;411266.31;;0.081799999;0.081799999
;US-OH;1946;p0p100;3107894.5;80386979278.0;1.0;1.0
;US-OH;1946;p99p100;316713.0;;0.12639999;0.12639999
;US-OH;1946;p99.9p100;1046476.5;;0.041700002;0.041700002
;US-OH;1946;p99.99p100;3703622.3;;0.0148;0.0148
;US-OH;1946;p90p100;89633.797;;0.3576;0.3576
;US-OH;1946;p90p95;50025.0;;0.099799998;0.099799998
;US-OH;1946;p95p99;82377.602;;0.13150001;0.13150001
;US-OH;1946;p99.5p99.9;309711.5;;0.049400002;0.049400002
;US-OH;1946;p99.9p99.99;751224.63;;0.027000001;0.027000001
;US-OH;1946;p99p99.5;176357.5;;0.0352;0.0352
;US-OH;1946;p95p100;129243.2;;0.25780001;0.25780001
;US-OH;1946;p0p90;17891.699;;0.64240003;0.64240003
;US-OH;1946;p0p99;22120.0;;0.87360001;0.87360001
;US-OH;1946;p99.5p100;457064.5;;0.091200002;0.091200002
;US-OH;1945;p0p100;3767331.0;82371519307.0;1.0;1.0
;US-OH;1945;p99p100;301316.5;;0.1168;0.1168
;US-OH;1945;p99.9p100;975842.13;;0.037799999;0.037799999
;US-OH;1945;p99.99p100;2967216.0;;0.0115;0.0115
;US-OH;1945;p90p100;86516.703;;0.33539999;0.33539999
;US-OH;1945;p90p95;50708.801;;0.098300003;0.098300003
;US-OH;1945;p95p99;77585.602;;0.1203;0.1203
;US-OH;1945;p99.5p99.9;301276.91;;0.046700001;0.046700001
;US-OH;1945;p99.9p99.99;754555.31;;0.0263;0.0263
;US-OH;1945;p99p99.5;166437.2;;0.032299999;0.032299999
;US-OH;1945;p95p100;122326.4;;0.23710001;0.23710001
;US-OH;1945;p0p90;19046.6;;0.66460001;0.66460001
;US-OH;1945;p0p99;23010.9;;0.88319999;0.88319999
;US-OH;1945;p99.5p100;436183.09;;0.084600002;0.084600002
;US-OH;1944;p0p100;3994775.0;83077012370.0;1.0;1.0
;US-OH;1944;p99p100;287129.81;;0.1098;0.1098
;US-OH;1944;p99.9p100;940461.81;;0.035999998;0.035999998
;US-OH;1944;p99.99p100;2951117.5;;0.0113;0.0113
;US-OH;1944;p90p100;85773.398;;0.32800001;0.32800001
;US-OH;1944;p90p95;53735.398;;0.1028;0.1028
;US-OH;1944;p95p99;76279.297;;0.1167;0.1167
;US-OH;1944;p99.5p99.9;287064.91;;0.043900002;0.043900002
;US-OH;1944;p99.9p99.99;716999.88;;0.024700001;0.024700001
;US-OH;1944;p99p99.5;156548.0;;0.029899999;0.029899999
;US-OH;1944;p95p100;118368.7;;0.2264;0.2264
;US-OH;1944;p0p90;19486.199;;0.67070001;0.67070001
;US-OH;1944;p0p99;23510.699;;0.89020002;0.89020002
;US-OH;1944;p99.5p100;417753.69;;0.079899997;0.079899997
;US-OH;1943;p0p100;4270305.5;85259775650.0;1.0;1.0
;US-OH;1943;p99p100;319267.5;;0.1182;0.1182
;US-OH;1943;p99.9p100;1105111.8;;0.040899999;0.040899999
;US-OH;1943;p99.99p100;3264867.5;;0.0121;0.0121
;US-OH;1943;p90p100;89916.297;;0.333;0.333
;US-OH;1943;p90p95;53741.801;;0.0995;0.0995
;US-OH;1943;p95p99;77777.0;;0.1152;0.1152
;US-OH;1943;p99.5p99.9;315466.31;;0.046700001;0.046700001
;US-OH;1943;p99.9p99.99;864315.19;;0.0288;0.0288
;US-OH;1943;p99p99.5;165138.5;;0.0306;0.0306
;US-OH;1943;p95p100;126078.7;;0.2334;0.2334
;US-OH;1943;p0p90;20015.199;;0.66710001;0.66710001
;US-OH;1943;p0p99;24051.699;;0.8818;0.8818
;US-OH;1943;p99.5p100;473394.09;;0.087700002;0.087700002
;US-OH;1942;p0p100;4092974.5;71928482481.0;1.0;1.0
;US-OH;1942;p99p100;309629.69;;0.1348;0.1348
;US-OH;1942;p99.9p100;1101830.3;;0.048;0.048
;US-OH;1942;p99.99p100;3578524.5;;0.0156;0.0156
;US-OH;1942;p90p100;84512.0;;0.36790001;0.36790001
;US-OH;1942;p90p95;49385.5;;0.1075;0.1075
;US-OH;1942;p95p99;72136.0;;0.1256;0.1256
;US-OH;1942;p99.5p99.9;303354.5;;0.0528;0.0528
;US-OH;1942;p99.9p99.99;826689.88;;0.032400001;0.032400001
;US-OH;1942;p99p99.5;156201.41;;0.034000002;0.034000002
;US-OH;1942;p95p100;119637.2;;0.2604;0.2604
;US-OH;1942;p0p90;16133.6;;0.63209999;0.63209999
;US-OH;1942;p0p99;20075.801;;0.86519998;0.86519998
;US-OH;1942;p99.5p100;463054.0;;0.1008;0.1008
;US-OH;1941;p0p100;4364806.5;62297734582.0;1.0;1.0
;US-OH;1941;p99p100;311529.0;;0.1557;0.1557
;US-OH;1941;p99.9p100;1113221.3;;0.055599999;0.055599999
;US-OH;1941;p99.99p100;3451427.0;;0.0173;0.0173
;US-OH;1941;p90p100;82290.703;;0.4113;0.4113
;US-OH;1941;p90p95;47380.5;;0.1184;0.1184
;US-OH;1941;p95p99;68647.797;;0.1373;0.1373
;US-OH;1941;p99.5p99.9;304453.59;;0.060899999;0.060899999
;US-OH;1941;p99.9p99.99;852805.0;;0.038400002;0.038400002
;US-OH;1941;p99p99.5;156780.09;;0.0392;0.0392
;US-OH;1941;p95p100;117216.5;;0.29300001;0.29300001
;US-OH;1941;p0p90;13084.6;;0.58859998;0.58859998
;US-OH;1941;p0p99;17060.801;;0.84429997;0.84429997
;US-OH;1941;p99.5p100;466261.81;;0.1165;0.1165
;US-OH;1940;p0p100;4096322.0;52793497678.0;1.0;1.0
;US-OH;1940;p99p100;276156.41;;0.1622;0.1622
;US-OH;1940;p99.9p100;987115.38;;0.057999998;0.057999998
;US-OH;1940;p99.99p100;3147982.0;;0.0185;0.0185
;US-OH;1940;p90p100;75237.398;;0.4418;0.4418
;US-OH;1940;p90p95;43636.602;;0.12809999;0.12809999
;US-OH;1940;p95p99;64515.801;;0.1515;0.1515
;US-OH;1940;p99.5p99.9;269031.09;;0.063199997;0.063199997
;US-OH;1940;p99.9p99.99;746644.81;;0.039500002;0.039500002
;US-OH;1940;p99p99.5;139621.3;;0.041000001;0.041000001
;US-OH;1940;p95p100;106836.3;;0.31369999;0.31369999
;US-OH;1940;p0p90;10562.1;;0.5582;0.5582
;US-OH;1940;p0p99;14412.0;;0.83780003;0.83780003
;US-OH;1940;p99.5p100;412684.0;;0.1212;0.1212
;US-OH;1939;p0p100;3967051.5;49552117801.0;1.0;1.0
;US-OH;1939;p99p100;248399.41;;0.15350001;0.15350001
;US-OH;1939;p99.9p100;870303.0;;0.053800002;0.053800002
;US-OH;1939;p99.99p100;2674042.8;;0.0165;0.0165
;US-OH;1939;p90p100;69965.297;;0.43239999;0.43239999
;US-OH;1939;p90p95;41953.801;;0.12970001;0.12970001
;US-OH;1939;p95p99;60543.398;;0.1497;0.1497
;US-OH;1939;p99.5p99.9;243811.2;;0.0603;0.0603
;US-OH;1939;p99.9p99.99;669686.5;;0.037300002;0.037300002
;US-OH;1939;p99p99.5;127631.5;;0.0394;0.0394
;US-OH;1939;p95p100;98107.797;;0.30320001;0.30320001
;US-OH;1939;p0p90;10196.0;;0.56720001;0.56720001
;US-OH;1939;p0p99;13833.7;;0.84649998;0.84649998
;US-OH;1939;p99.5p100;369156.5;;0.1141;0.1141
;US-OH;1938;p0p100;3502841.8;44543168563.0;1.0;1.0
;US-OH;1938;p99p100;220282.7;;0.1498;0.1498
;US-OH;1938;p99.9p100;790038.88;;0.0537;0.0537
;US-OH;1938;p99.99p100;2767173.0;;0.0188;0.0188
;US-OH;1938;p90p100;61376.801;;0.41749999;0.41749999
;US-OH;1938;p90p95;35200.398;;0.1197;0.1197
;US-OH;1938;p95p99;54292.801;;0.1477;0.1477
;US-OH;1938;p99.5p99.9;211744.3;;0.057599999;0.057599999
;US-OH;1938;p99.9p99.99;569737.63;;0.034899998;0.034899998
;US-OH;1938;p99p99.5;113026.7;;0.038400002;0.038400002
;US-OH;1938;p95p100;87489.5;;0.2976;0.2976
;US-OH;1938;p0p90;9519.7998;;0.58279997;0.58279997
;US-OH;1938;p0p99;12624.6;;0.8502;0.8502
;US-OH;1938;p99.5p100;327512.19;;0.1114;0.1114
;US-OH;1937;p0p100;3828665.8;50028925191.0;1.0;1.0
;US-OH;1937;p99p100;269463.69;;0.16150001;0.16150001
;US-OH;1937;p99.9p100;982457.69;;0.058899999;0.058899999
;US-OH;1937;p99.99p100;3134793.0;;0.0188;0.0188
;US-OH;1937;p90p100;69689.203;;0.41769999;0.41769999
;US-OH;1937;p90p95;39087.301;;0.1171;0.1171
;US-OH;1937;p95p99;58381.898;;0.14;0.14
;US-OH;1937;p99.5p99.9;262879.09;;0.063000001;0.063000001
;US-OH;1937;p99.9p99.99;743326.5;;0.040100001;0.040100001
;US-OH;1937;p99p99.5;132133.7;;0.0396;0.0396
;US-OH;1937;p95p100;100599.2;;0.30149999;0.30149999
;US-OH;1937;p0p90;10777.1;;0.58139998;0.58139998
;US-OH;1937;p0p99;14130.3;;0.83850002;0.83850002
;US-OH;1937;p99.5p100;406794.31;;0.1219;0.1219
;US-OH;1936;p0p100;3936045.0;47496380448.0;1.0;1.0
;US-OH;1936;p99p100;278848.09;;0.1745;0.1745
;US-OH;1936;p99.9p100;1038796.6;;0.064999998;0.064999998
;US-OH;1936;p99.99p100;3277630.5;;0.020500001;0.020500001
;US-OH;1936;p90p100;70396.898;;0.44060001;0.44060001
;US-OH;1936;p90p95;38669.102;;0.121;0.121
;US-OH;1936;p95p99;58930.699;;0.14749999;0.14749999
;US-OH;1936;p99.5p99.9;270834.09;;0.0678;0.0678
;US-OH;1936;p99.9p99.99;790054.19;;0.044500001;0.044500001
;US-OH;1936;p99p99.5;133273.5;;0.041700002;0.041700002
;US-OH;1936;p95p100;102918.4;;0.32210001;0.32210001
;US-OH;1936;p0p90;9885.0996;;0.55690002;0.55690002
;US-OH;1936;p0p99;13320.5;;0.82550001;0.82550001
;US-OH;1936;p99.5p100;424425.19;;0.1328;0.1328
;US-OH;1935;p0p100;3518204.5;41273414205.0;1.0;1.0
;US-OH;1935;p99p100;207025.0;;0.1478;0.1478
;US-OH;1935;p99.9p100;751216.81;;0.053599998;0.053599998
;US-OH;1935;p99.99p100;2394946.0;;0.017100001;0.017100001
;US-OH;1935;p90p100;56257.301;;0.40169999;0.40169999
;US-OH;1935;p90p95;31484.699;;0.1124;0.1124
;US-OH;1935;p95p99;49840.0;;0.14229999;0.14229999
;US-OH;1935;p99.5p99.9;199213.2;;0.056899998;0.056899998
;US-OH;1935;p99.9p99.99;568594.19;;0.036499999;0.036499999
;US-OH;1935;p99p99.5;104442.6;;0.037300002;0.037300002
;US-OH;1935;p95p100;81259.703;;0.29010001;0.29010001
;US-OH;1935;p0p90;9297.5;;0.59740001;0.59740001
;US-OH;1935;p0p99;12056.2;;0.85219997;0.85219997
;US-OH;1935;p99.5p100;309610.59;;0.1105;0.1105
;US-OH;1934;p0p100;3319728.5;36725233983.0;1.0;1.0
;US-OH;1934;p99p100;179743.5;;0.1429;0.1429
;US-OH;1934;p99.9p100;625923.0;;0.049800001;0.049800001
;US-OH;1934;p99.99p100;1957789.6;;0.0156;0.0156
;US-OH;1934;p90p100;51453.801;;0.40900001;0.40900001
;US-OH;1934;p90p95;27340.301;;0.1087;0.1087
;US-OH;1934;p95p99;49739.398;;0.15809999;0.15809999
;US-OH;1934;p99.5p99.9;175014.0;;0.055599999;0.055599999
;US-OH;1934;p99.9p99.99;477952.69;;0.034200002;0.034200002
;US-OH;1934;p99p99.5;94290.203;;0.037500001;0.037500001
;US-OH;1934;p95p100;75641.102;;0.30059999;0.30059999
;US-OH;1934;p0p90;8251.5996;;0.59030002;0.59030002
;US-OH;1934;p0p99;10892.0;;0.85710001;0.85710001
;US-OH;1934;p99.5p100;265191.19;;0.1054;0.1054
;US-OH;1933;p0p100;3169101.5;32535463879.0;1.0;1.0
;US-OH;1933;p99p100;157396.0;;0.14;0.14
;US-OH;1933;p99.9p100;584436.63;;0.052000001;0.052000001
;US-OH;1933;p99.99p100;1994217.8;;0.0177;0.0177
;US-OH;1933;p90p100;45564.801;;0.40529999;0.40529999
;US-OH;1933;p90p95;26212.9;;0.1166;0.1166
;US-OH;1933;p95p99;42583.199;;0.1515;0.1515
;US-OH;1933;p99.5p99.9;145345.5;;0.0517;0.0517
;US-OH;1933;p99.9p99.99;427794.31;;0.034200002;0.034200002
;US-OH;1933;p99p99.5;81628.398;;0.0363;0.0363
;US-OH;1933;p95p100;65462.5;;0.2911;0.2911
;US-OH;1933;p0p90;7395.2002;;0.59200001;0.59200001
;US-OH;1933;p0p99;9767.2998;;0.86000001;0.86000001
;US-OH;1933;p99.5p100;233163.7;;0.1037;0.1037
;US-OH;1932;p0p100;2865705.5;32420134567.0;1.0;1.0
;US-OH;1932;p99p100;160484.91;;0.14210001;0.14210001
;US-OH;1932;p99.9p100;563281.19;;0.049899999;0.049899999
;US-OH;1932;p99.99p100;1690183.8;;0.015;0.015
;US-OH;1932;p90p100;49022.5;;0.4339;0.4339
;US-OH;1932;p90p95;28830.199;;0.1276;0.1276
;US-OH;1932;p95p99;46419.199;;0.1644;0.1644
;US-OH;1932;p99.5p99.9;151180.0;;0.0535;0.0535
;US-OH;1932;p99.9p99.99;438069.69;;0.034899998;0.034899998
;US-OH;1932;p99p99.5;87369.5;;0.038699999;0.038699999
;US-OH;1932;p95p100;69153.5;;0.30610001;0.30610001
;US-OH;1932;p0p90;7104.8999;;0.56599998;0.56599998
;US-OH;1932;p0p99;9790.5996;;0.85790002;0.85790002
;US-OH;1932;p99.5p100;233600.3;;0.1034;0.1034
;US-OH;1931;p0p100;2904575.8;40486386861.0;1.0;1.0
;US-OH;1931;p99p100;194817.5;;0.13689999;0.13689999
;US-OH;1931;p99.9p100;679689.81;;0.047800001;0.047800001
;US-OH;1931;p99.99p100;2223248.3;;0.0156;0.0156
;US-OH;1931;p90p100;57431.5;;0.40349999;0.40349999
;US-OH;1931;p90p95;32352.0;;0.1136;0.1136
;US-OH;1931;p95p99;53217.398;;0.1496;0.1496
;US-OH;1931;p99.5p99.9;187083.2;;0.0526;0.0526
;US-OH;1931;p99.9p99.99;508183.19;;0.032099999;0.032099999
;US-OH;1931;p99p99.5;104030.4;;0.036499999;0.036499999
;US-OH;1931;p95p100;81358.0;;0.28580001;0.28580001
;US-OH;1931;p0p90;9488.0996;;0.59990001;0.59990001
;US-OH;1931;p0p99;12409.7;;0.86309999;0.86309999
;US-OH;1931;p99.5p100;285604.5;;0.1003;0.1003
;US-OH;1930;p0p100;2660742.0;44139158749.0;1.0;1.0
;US-OH;1930;p99p100;249702.91;;0.1593;0.1593
;US-OH;1930;p99.9p100;1001409.8;;0.063900001;0.063900001
;US-OH;1930;p99.99p100;3958770.5;;0.0253;0.0253
;US-OH;1930;p90p100;63479.801;;0.40490001;0.40490001
;US-OH;1930;p90p95;33707.102;;0.1075;0.1075
;US-OH;1930;p95p99;53852.898;;0.1374;0.1374
;US-OH;1930;p99.5p99.9;226029.0;;0.057700001;0.057700001
;US-OH;1930;p99.9p99.99;672814.19;;0.038600001;0.038600001
;US-OH;1930;p99p99.5;118300.7;;0.037700001;0.037700001
;US-OH;1930;p95p100;93020.797;;0.2967;0.2967
;US-OH;1930;p0p90;10377.8;;0.59579998;0.59579998
;US-OH;1930;p0p99;13312.6;;0.84069997;0.84069997
;US-OH;1930;p99.5p100;381105.19;;0.1216;0.1216
;US-OH;1929;p0p100;2991004.5;51678823227.0;1.0;1.0
;US-OH;1929;p99p100;349913.91;;0.1886;0.1886
;US-OH;1929;p99.9p100;1627399.0;;0.087700002;0.087700002
;US-OH;1929;p99.99p100;7045346.5;;0.037999999;0.037999999
;US-OH;1929;p90p100;74550.0;;0.40189999;0.40189999
;US-OH;1929;p90p95;32998.699;;0.0889;0.0889
;US-OH;1929;p95p99;57894.199;;0.1248;0.1248
;US-OH;1929;p99.5p99.9;292361.31;;0.063000001;0.063000001
;US-OH;1929;p99.9p99.99;1025404.9;;0.049699999;0.049699999
;US-OH;1929;p99p99.5;140459.0;;0.037900001;0.037900001
;US-OH;1929;p95p100;116257.6;;0.3134;0.3134
;US-OH;1929;p0p90;12317.5;;0.59759998;0.59759998
;US-OH;1929;p0p99;15203.5;;0.8114;0.8114
;US-OH;1929;p99.5p100;559368.81;;0.1508;0.1508
;US-OH;1928;p0p100;2865860.3;49002532763.0;1.0;1.0
;US-OH;1928;p99p100;373956.81;;0.2104;0.2104
;US-OH;1928;p99.9p100;1782652.1;;0.1003;0.1003
;US-OH;1928;p99.99p100;8070309.5;;0.045400001;0.045400001
;US-OH;1928;p90p100;77465.797;;0.43579999;0.43579999
;US-OH;1928;p90p95;32934.398;;0.092600003;0.092600003
;US-OH;1928;p95p99;58621.199;;0.1319;0.1319
;US-OH;1928;p99.5p99.9;310317.31;;0.069799997;0.069799997
;US-OH;1928;p99.9p99.99;1084023.4;;0.054900002;0.054900002
;US-OH;1928;p99p99.5;143129.3;;0.0403;0.0403
;US-OH;1928;p95p100;121664.2;;0.34220001;0.34220001
;US-OH;1928;p0p90;11159.2;;0.565;0.565
;US-OH;1928;p0p99;14176.7;;0.78960001;0.78960001
;US-OH;1928;p99.5p100;604784.31;;0.1701;0.1701
;US-OH;1927;p0p100;2624439.5;45536376498.0;1.0;1.0
;US-OH;1927;p99p100;305962.69;;0.1829;0.1829
;US-OH;1927;p99.9p100;1264142.6;;0.075599998;0.075599998
;US-OH;1927;p99.99p100;4732899.0;;0.0283;0.0283
;US-OH;1927;p90p100;69280.102;;0.41420001;0.41420001
;US-OH;1927;p90p95;32988.898;;0.0986;0.0986
;US-OH;1927;p95p99;55728.699;;0.13330001;0.13330001
;US-OH;1927;p99.5p99.9;279529.81;;0.0669;0.0669
;US-OH;1927;p99.9p99.99;878725.31;;0.0473;0.0473
;US-OH;1927;p99p99.5;135473.09;;0.0405;0.0405
;US-OH;1927;p95p100;105736.6;;0.3161;0.3161
;US-OH;1927;p0p90;10873.5;;0.5851;0.5851
;US-OH;1927;p0p99;13802.8;;0.81709999;0.81709999
;US-OH;1927;p99.5p100;476452.41;;0.1424;0.1424
;US-OH;1926;p0p100;2451596.5;43569587404.0;1.0;1.0
;US-OH;1926;p99p100;290278.5;;0.1789;0.1789
;US-OH;1926;p99.9p100;1200929.8;;0.074000001;0.074000001
;US-OH;1926;p99.99p100;4672266.5;;0.0288;0.0288
;US-OH;1926;p90p100;67724.703;;0.41729999;0.41729999
;US-OH;1926;p90p95;32965.801;;0.1016;0.1016
;US-OH;1926;p95p99;55611.602;;0.1371;0.1371
;US-OH;1926;p99.5p99.9;262056.0;;0.064599998;0.064599998
;US-OH;1926;p99.9p99.99;815225.69;;0.045200001;0.045200001
;US-OH;1926;p99p99.5;130726.3;;0.0403;0.0403
;US-OH;1926;p95p100;102517.0;;0.31580001;0.31580001
;US-OH;1926;p0p90;10504.5;;0.58249998;0.58249998
;US-OH;1926;p0p99;13461.4;;0.8211;0.8211
;US-OH;1926;p99.5p100;449830.69;;0.13860001;0.13860001
;US-OH;1925;p0p100;2452389.3;42178494503.0;1.0;1.0
;US-OH;1925;p99p100;283119.41;;0.1777;0.1777
;US-OH;1925;p99.9p100;1125819.4;;0.070699997;0.070699997
;US-OH;1925;p99.99p100;4132227.3;;0.025900001;0.025900001
;US-OH;1925;p90p100;68537.898;;0.43020001;0.43020001
;US-OH;1925;p90p95;34091.199;;0.107;0.107
;US-OH;1925;p95p99;58328.602;;0.14650001;0.14650001
;US-OH;1925;p99.5p99.9;264102.5;;0.066299997;0.066299997
;US-OH;1925;p99.9p99.99;791774.0;;0.0447;0.0447
;US-OH;1925;p99p99.5;129793.0;;0.0407;0.0407
;US-OH;1925;p95p100;103191.5;;0.32390001;0.32390001
;US-OH;1925;p0p90;10067.8;;0.56879997;0.56879997
;US-OH;1925;p0p99;13231.1;;0.82230002;0.82230002
;US-OH;1925;p99.5p100;436445.81;;0.13699999;0.13699999
;US-OH;1924;p0p100;2427871.0;39106312228.0;1.0;1.0
;US-OH;1924;p99p100;246987.41;;0.1647;0.1647
;US-OH;1924;p99.9p100;920476.31;;0.0614;0.0614
;US-OH;1924;p99.99p100;3093103.5;;0.0206;0.0206
;US-OH;1924;p90p100;65044.199;;0.43360001;0.43360001
;US-OH;1924;p90p95;36580.301;;0.1219;0.1219
;US-OH;1924;p95p99;55198.0;;0.1472;0.1472
;US-OH;1924;p99.5p99.9;238604.59;;0.063600004;0.063600004
;US-OH;1924;p99.9p99.99;679073.31;;0.0407;0.0407
;US-OH;1924;p99p99.5;118995.9;;0.039700001;0.039700001
;US-OH;1924;p95p100;93555.898;;0.31189999;0.31189999
;US-OH;1924;p0p90;9436.0996;;0.56620002;0.56620002
;US-OH;1924;p0p99;12656.0;;0.83530003;0.83530003
;US-OH;1924;p99.5p100;374979.0;;0.125;0.125
;US-OH;1923;p0p100;2408683.0;37892002656.0;1.0;1.0
;US-OH;1923;p99p100;223648.8;;0.15090001;0.15090001
;US-OH;1923;p99.9p100;804744.38;;0.054299999;0.054299999
;US-OH;1923;p99.99p100;2552999.0;;0.017200001;0.017200001
;US-OH;1923;p90p100;62263.0;;0.4201;0.4201
;US-OH;1923;p90p95;36513.102;;0.1232;0.1232
;US-OH;1923;p95p99;54183.102;;0.1462;0.1462
;US-OH;1923;p99.5p99.9;219058.7;;0.059099998;0.059099998
;US-OH;1923;p99.9p99.99;610494.81;;0.037099998;0.037099998
;US-OH;1923;p99p99.5;111101.9;;0.037500001;0.037500001
;US-OH;1923;p95p100;88076.203;;0.29710001;0.29710001
;US-OH;1923;p0p90;9548.0996;;0.57969999;0.57969999
;US-OH;1923;p0p99;12713.4;;0.84909999;0.84909999
;US-OH;1923;p99.5p100;336195.81;;0.1134;0.1134
;US-OH;1922;p0p100;2231725.5;33285675815.0;1.0;1.0
;US-OH;1922;p99p100;218589.91;;0.1649;0.1649
;US-OH;1922;p99.9p100;819829.13;;0.061900001;0.061900001
;US-OH;1922;p99.99p100;2766132.0;;0.0209;0.0209
;US-OH;1922;p90p100;57871.102;;0.4366;0.4366
;US-OH;1922;p90p95;32230.1;;0.1216;0.1216
;US-OH;1922;p95p99;49816.5;;0.1503;0.1503
;US-OH;1922;p99.5p99.9;209485.7;;0.063199997;0.063199997
;US-OH;1922;p99.9p99.99;603573.19;;0.041000001;0.041000001
;US-OH;1922;p99p99.5;105625.5;;0.039799999;0.039799999
;US-OH;1922;p95p100;83571.203;;0.31529999;0.31529999
;US-OH;1922;p0p90;8293.5;;0.5632;0.5632
;US-OH;1922;p0p99;11180.1;;0.8351;0.8351
;US-OH;1922;p99.5p100;331554.41;;0.1251;0.1251
;US-OH;1921;p0p100;1674769.9;28064487048.0;1.0;1.0
;US-OH;1921;p99p100;178930.59;;0.1578;0.1578
;US-OH;1921;p99.9p100;620043.13;;0.054699998;0.054699998
;US-OH;1921;p99.99p100;1770340.0;;0.0156;0.0156
;US-OH;1921;p90p100;50038.699;;0.4413;0.4413
;US-OH;1921;p90p95;29605.801;;0.1305;0.1305
;US-OH;1921;p95p99;43423.398;;0.1532;0.1532
;US-OH;1921;p99.5p99.9;177869.09;;0.062700003;0.062700003
;US-OH;1921;p99.9p99.99;492232.31;;0.039099999;0.039099999
;US-OH;1921;p99p99.5;91557.203;;0.040399998;0.040399998
;US-OH;1921;p95p100;70524.898;;0.31099999;0.31099999
;US-OH;1921;p0p90;7036.6001;;0.55849999;0.55849999
;US-OH;1921;p0p99;9646.5996;;0.84219998;0.84219998
;US-OH;1921;p99.5p100;266303.91;;0.1174;0.1174
;US-OH;1920;p0p100;1684924.9;34672920423.0;1.0;1.0
;US-OH;1920;p99p100;198480.0;;0.1388;0.1388
;US-OH;1920;p99.9p100;693166.0;;0.048500001;0.048500001
;US-OH;1920;p99.99p100;2061943.6;;0.0144;0.0144
;US-OH;1920;p90p100;51999.398;;0.36379999;0.36379999
;US-OH;1920;p90p95;29035.9;;0.1016;0.1016
;US-OH;1920;p95p99;44119.102;;0.1235;0.1235
;US-OH;1920;p99.5p99.9;198238.59;;0.055500001;0.055500001
;US-OH;1920;p99.9p99.99;541079.63;;0.0341;0.0341
;US-OH;1920;p99p99.5;99736.0;;0.034899998;0.034899998
;US-OH;1920;p95p100;74991.297;;0.26230001;0.26230001
;US-OH;1920;p0p90;10104.2;;0.63609999;0.63609999
;US-OH;1920;p0p99;12434.7;;0.86119998;0.86119998
;US-OH;1920;p99.5p100;297224.09;;0.104;0.104
;US-OH;1919;p0p100;2437007.0;36506085709.0;1.0;1.0
;US-OH;1919;p99p100;228987.8;;0.1486;0.1486
;US-OH;1919;p99.9p100;869471.13;;0.056400001;0.056400001
;US-OH;1919;p99.99p100;2811942.0;;0.018200001;0.018200001
;US-OH;1919;p90p100;57124.699;;0.3707;0.3707
;US-OH;1919;p90p95;29577.801;;0.096000001;0.096000001
;US-OH;1919;p95p99;48673.301;;0.12630001;0.12630001
;US-OH;1919;p99.5p99.9;217543.0;;0.056499999;0.056499999
;US-OH;1919;p99.9p99.99;653917.38;;0.038199998;0.038199998
;US-OH;1919;p99p99.5;109890.9;;0.035700001;0.035700001
;US-OH;1919;p95p100;84736.203;;0.27489999;0.27489999
;US-OH;1919;p0p90;10772.8;;0.62910002;0.62910002
;US-OH;1919;p0p99;13253.4;;0.85140002;0.85140002
;US-OH;1919;p99.5p100;348084.69;;0.1129;0.1129
;US-OH;1918;p0p100;3235076.8;36087558662.0;1.0;1.0
;US-OH;1918;p99p100;228818.91;;0.1476;0.1476
;US-OH;1918;p99.9p100;933348.63;;0.060199998;0.060199998
;US-OH;1918;p99.99p100;3271129.8;;0.0211;0.0211
;US-OH;1918;p90p100;61307.801;;0.3953;0.3953
;US-OH;1918;p90p95;37013.398;;0.1193;0.1193
;US-OH;1918;p95p99;50570.801;;0.1304;0.1304
;US-OH;1918;p99.5p99.9;210283.7;;0.054200001;0.054200001
;US-OH;1918;p99.9p99.99;673597.63;;0.039099999;0.039099999
;US-OH;1918;p99p99.5;102741.5;;0.033100002;0.033100002
;US-OH;1918;p95p100;86220.398;;0.278;0.278
;US-OH;1918;p0p90;10384.3;;0.6027;0.6027
;US-OH;1918;p0p99;13352.9;;0.8524;0.8524
;US-OH;1918;p99.5p100;354896.41;;0.1144;0.1144
;US-OH;1917;p0p100;4746677.0;38205939665.0;1.0;1.0
;US-OH;1917;p99p100;277461.31;;0.1682;0.1682
;US-OH;1917;p99.9p100;1304888.6;;0.079099998;0.079099998
;US-OH;1917;p99.99p100;5306014.5;;0.032200001;0.032200001
;US-OH;1917;p90p100;62348.0;;0.37799999;0.37799999
;US-OH;1917;p90p95;29953.0;;0.090800002;0.090800002
