Variable Name;.;.;.;Fiscal income  | tax unit | Average | Adults | constant 2015 local currency;Fiscal income  | tax unit | Total | Adults | constant 2015 local currency;Fiscal income  | tax unit | Share | Adults | share of total (ratio);Pre-tax national income  | tax unit | Share | Adults | share of total (ratio)
Variable Category;.;.;.;Income inequality;Income inequality;Income inequality;Income inequality
Variable Description;.;.;.;Average Fiscal income within a given percentile group. Fiscal income is defined as the sum of all income items reported on income tax returns, before any deduction. It includes labour income, capital income and mixed income. The concept of fiscal income varies with national tax legislations, so in order to make international comparisons it is preferable to use the concept of national income. The population is comprised of individuals over age 20. The base unit is the tax unit defined by national fiscal administrations to measure personal income taxes.;Total Fiscal income  within a given percentile group. Fiscal income is defined as the sum of all income items reported on income tax returns, before any deduction. It includes labour income, capital income and mixed income. The concept of fiscal income varies with national tax legislations, so in order to make international comparisons it is preferable to use the concept of national income. The population is comprised of individuals over age 20.;Fiscal income share held by a given percentile group. Fiscal income is defined as the sum of all income items reported on income tax returns, before any deduction. It includes labour income, capital income and mixed income. The concept of fiscal income varies with national tax legislations, so in order to make international comparisons it is preferable to use the concept of national income. The population is comprised of individuals over age 20. The base unit is the tax unit defined by national fiscal administrations to measure personal income taxes.;Pre-tax national income share held by a given percentile group. Pre-tax national income  is the sum of all pre-tax personal income flows accruing to the owners of the production factors, labor and capital, before taking into account the operation of the tax/transfer system, but after taking into account the operation of pension system. The central difference between personal factor income and pre-tax income is the treatment of pensions, which are counted on a contribution basis by factor income and on a distribution basis by pre-tax income. The population is comprised of individuals over age 20. The base unit is the tax unit defined by national fiscal administrations to measure personal income taxes.
Variable Decomposition;.;.;.;[Fiscal income ]=[Fiscal labour income ]+[Fiscal capital income ];[Fiscal income ]=[Fiscal labour income ]+[Fiscal capital income ];[Fiscal income ]=[Fiscal labour income ]+[Fiscal capital income ];Pre-tax national income =Pre-tax labor income [total pre-tax income ranking]+Pre-tax capital income [total pre-tax income ranking]
Variable Unit;.;.;.;"USD; United States dollar | local currency | market";"USD; United States dollar | local currency | market";share;share
Methodological Notes;.;.;.;;;;Assuming the same distribution as fiscal income.
Sources;.;.;.;Frank, Sommeiller, Price & Saez (2015);Frank, Sommeiller, Price & Saez (2015);Frank, Sommeiller, Price & Saez (2015);WID.world computations using: Frank, Sommeiller, Price & Saez (2015)
Variable Code;country;year;perc;afiinc992t;mfiinc992t;sfiinc992t;sptinc992t
;US-MN;2015;p0p100;71647.398;2.00612421292e+11;1.0;1.0
;US-MN;2015;p99p100;1311311.3;;0.183;0.183
;US-MN;2015;p99.9p100;5765298.0;;0.080499999;0.080499999
;US-MN;2015;p99.99p100;24169810.0;;0.0337;0.0337
;US-MN;2015;p90p100;327706.5;;0.45739999;0.45739999
;US-MN;2015;p90p95;161873.3;;0.113;0.113
;US-MN;2015;p95p99;288392.09;;0.161;0.161
;US-MN;2015;p99.5p99.9;1090697.6;;0.060899999;0.060899999
;US-MN;2015;p99.9p99.99;3760854.5;;0.047200002;0.047200002
;US-MN;2015;p99p99.5;594925.81;;0.041499998;0.041499998
;US-MN;2015;p95p100;493318.5;;0.3443;0.3443
;US-MN;2015;p0p90;43198.699;;0.54259998;0.54259998
;US-MN;2015;p0p99;59125.5;;0.81699997;0.81699997
;US-MN;2015;p99.5p100;2025761.4;;0.14139999;0.14139999
;US-MN;2014;p0p100;68268.797;1.90699565442e+11;1.0;1.0
;US-MN;2014;p99p100;1216897.3;;0.1787;0.1787
;US-MN;2014;p99.9p100;5418108.0;;0.079599999;0.079599999
;US-MN;2014;p99.99p100;24009392.0;;0.035300002;0.035300002
;US-MN;2014;p90p100;307015.81;;0.4508;0.4508
;US-MN;2014;p90p95;152956.59;;0.1123;0.1123
;US-MN;2014;p95p99;272110.41;;0.15979999;0.15979999
;US-MN;2014;p99.5p99.9;1004227.1;;0.059;0.059
;US-MN;2014;p99.9p99.99;3368420.0;;0.044500001;0.044500001
;US-MN;2014;p99p99.5;547573.69;;0.040199999;0.040199999
;US-MN;2014;p95p100;461004.69;;0.33840001;0.33840001
;US-MN;2014;p0p90;41541.699;;0.54900002;0.54900002
;US-MN;2014;p0p99;56503.102;;0.82130003;0.82130003
;US-MN;2014;p99.5p100;1886157.1;;0.13850001;0.13850001
;US-MN;2013;p0p100;69203.398;1.82591087038e+11;1.0;1.0
;US-MN;2013;p99p100;1089080.0;;0.1629;0.1629
;US-MN;2013;p99.9p100;4501164.0;;0.067299999;0.067299999
;US-MN;2013;p99.99p100;18781072.0;;0.028100001;0.028100001
;US-MN;2013;p90p100;288139.5;;0.43099999;0.43099999
;US-MN;2013;p90p95;148277.0;;0.1109;0.1109
;US-MN;2013;p95p99;262547.59;;0.15710001;0.15710001
;US-MN;2013;p99.5p99.9;939401.13;;0.056200001;0.056200001
;US-MN;2013;p99.9p99.99;2921709.5;;0.039299998;0.039299998
;US-MN;2013;p99p99.5;526741.13;;0.0394;0.0394
;US-MN;2013;p95p100;427920.31;;0.31999999;0.31999999
;US-MN;2013;p0p90;42264.602;;0.56900001;0.56900001
;US-MN;2013;p0p99;56527.301;;0.83710003;0.83710003
;US-MN;2013;p99.5p100;1651923.1;;0.1235;0.1235
;US-MN;2012;p0p100;72566.602;1.86760120309e+11;1.0;1.0
;US-MN;2012;p99p100;1297514.6;;0.19059999;0.19059999
;US-MN;2012;p99.9p100;5948315.0;;0.087399997;0.087399997
;US-MN;2012;p99.99p100;26545118.0;;0.039000001;0.039000001
;US-MN;2012;p90p100;314150.19;;0.4614;0.4614
;US-MN;2012;p90p95;155217.8;;0.114;0.114
;US-MN;2012;p95p99;266770.81;;0.1567;0.1567
;US-MN;2012;p99.5p99.9;1058741.9;;0.062199999;0.062199999
;US-MN;2012;p99.9p99.99;3690457.5;;0.048799999;0.048799999
;US-MN;2012;p99p99.5;559040.69;;0.041099999;0.041099999
;US-MN;2012;p95p100;472845.59;;0.34720001;0.34720001
;US-MN;2012;p0p90;40727.301;;0.53829998;0.53829998
;US-MN;2012;p0p99;55674.0;;0.80940002;0.80940002
;US-MN;2012;p99.5p100;2036212.8;;0.1495;0.1495
;US-MN;2011;p0p100;70609.297;1.71582392118e+11;1.0;1.0
;US-MN;2011;p99p100;1057497.3;;0.1663;0.1663
;US-MN;2011;p99.9p100;4453568.0;;0.07;0.07
;US-MN;2011;p99.99p100;18845048.0;;0.0296;0.0296
;US-MN;2011;p90p100;282326.0;;0.44389999;0.44389999
;US-MN;2011;p90p95;151543.3;;0.1191;0.1191
;US-MN;2011;p95p99;251733.0;;0.1583;0.1583
;US-MN;2011;p99.5p99.9;900662.0;;0.056600001;0.056600001
;US-MN;2011;p99.9p99.99;2864130.0;;0.0405;0.0405
;US-MN;2011;p99p99.5;503660.31;;0.0396;0.0396
;US-MN;2011;p95p100;412839.09;;0.32460001;0.32460001
;US-MN;2011;p0p90;39296.301;;0.55610001;0.55610001
;US-MN;2011;p0p99;53557.0;;0.8337;0.8337
;US-MN;2011;p99.5p100;1611900.9;;0.1267;0.1267
;US-MN;2010;p0p100;73627.898;1.67876846736e+11;1.0;1.0
;US-MN;2010;p99p100;1093977.5;;0.17550001;0.17550001
;US-MN;2010;p99.9p100;4916565.0;;0.078900002;0.078900002
;US-MN;2010;p99.99p100;22801188.0;;0.036600001;0.036600001
;US-MN;2010;p90p100;281565.09;;0.45179999;0.45179999
;US-MN;2010;p90p95;148844.09;;0.1194;0.1194
;US-MN;2010;p95p99;244057.7;;0.1567;0.1567
;US-MN;2010;p99.5p99.9;893684.19;;0.057399999;0.057399999
;US-MN;2010;p99.9p99.99;2928130.8;;0.042300001;0.042300001
;US-MN;2010;p99p99.5;489525.09;;0.039299998;0.039299998
;US-MN;2010;p95p100;414010.19;;0.33219999;0.33219999
;US-MN;2010;p0p90;37974.0;;0.54839998;0.54839998
;US-MN;2010;p0p99;51898.102;;0.82450002;0.82450002
;US-MN;2010;p99.5p100;1699156.8;;0.1363;0.1363
;US-MN;2009;p0p100;73477.898;1.59813759126e+11;1.0;1.0
;US-MN;2009;p99p100;943999.63;;0.1568;0.1568
;US-MN;2009;p99.9p100;3987192.0;;0.066200003;0.066200003
;US-MN;2009;p99.99p100;17268712.0;;0.0287;0.0287
;US-MN;2009;p90p100;261895.91;;0.435;0.435
;US-MN;2009;p90p95;147360.09;;0.1224;0.1224
;US-MN;2009;p95p99;233780.91;;0.15530001;0.15530001
;US-MN;2009;p99.5p99.9;789842.38;;0.052499998;0.052499998
;US-MN;2009;p99.9p99.99;2471223.0;;0.036899999;0.036899999
;US-MN;2009;p99p99.5;444434.31;;0.036899999;0.036899999
;US-MN;2009;p95p100;376047.09;;0.3123;0.3123
;US-MN;2009;p0p90;37943.398;;0.56730002;0.56730002
;US-MN;2009;p0p99;51273.5;;0.84320003;0.84320003
;US-MN;2009;p99.5p100;1439306.6;;0.1195;0.1195
;US-MN;2008;p0p100;81819.0;1.7826333526e+11;1.0;1.0
;US-MN;2008;p99p100;1205826.8;;0.1786;0.1786
;US-MN;2008;p99.9p100;5555962.5;;0.0823;0.0823
;US-MN;2008;p99.99p100;24956362.0;;0.037;0.037
;US-MN;2008;p90p100;298479.31;;0.44209999;0.44209999
;US-MN;2008;p90p95;153393.5;;0.1136;0.1136
;US-MN;2008;p95p99;250968.7;;0.1487;0.1487
;US-MN;2008;p99.5p99.9;967084.31;;0.057300001;0.057300001
;US-MN;2008;p99.9p99.99;3356306.5;;0.0447;0.0447
;US-MN;2008;p99p99.5;505458.91;;0.0374;0.0374
;US-MN;2008;p95p100;443028.5;;0.3281;0.3281
;US-MN;2008;p0p90;42104.301;;0.56129998;0.56129998
;US-MN;2008;p0p99;56016.199;;0.82139999;0.82139999
;US-MN;2008;p99.5p100;1898807.3;;0.1406;0.1406
;US-MN;2007;p0p100;96094.0;1.89213361624e+11;1.0;1.0
;US-MN;2007;p99p100;1424036.4;;0.1936;0.1936
;US-MN;2007;p99.9p100;6747260.5;;0.091799997;0.091799997
;US-MN;2007;p99.99p100;30099786.0;;0.040899999;0.040899999
;US-MN;2007;p90p100;330343.31;;0.4492;0.4492
;US-MN;2007;p90p95;158377.09;;0.1077;0.1077
;US-MN;2007;p95p99;268413.31;;0.146;0.146
;US-MN;2007;p99.5p99.9;1130266.3;;0.061500002;0.061500002
;US-MN;2007;p99.9p99.99;4112778.3;;0.050299998;0.050299998
;US-MN;2007;p99p99.5;563467.69;;0.0383;0.0383
;US-MN;2007;p95p100;501580.0;;0.34099999;0.34099999
;US-MN;2007;p0p90;45369.699;;0.5553;0.5553
;US-MN;2007;p0p99;59896.602;;0.8064;0.8064
;US-MN;2007;p99.5p100;2272840.3;;0.15449999;0.15449999
;US-MN;2006;p0p100;98101.5;1.80680284536e+11;1.0;1.0
;US-MN;2006;p99p100;1321273.3;;0.18610001;0.18610001
;US-MN;2006;p99.9p100;6052880.0;;0.085299999;0.085299999
;US-MN;2006;p99.99p100;25732378.0;;0.036200002;0.036200002
;US-MN;2006;p90p100;314622.41;;0.44319999;0.44319999
;US-MN;2006;p90p95;154725.0;;0.109;0.109
;US-MN;2006;p95p99;260186.09;;0.14659999;0.14659999
;US-MN;2006;p99.5p99.9;1081018.8;;0.060899999;0.060899999
;US-MN;2006;p99.9p99.99;3853050.0;;0.048799999;0.048799999
;US-MN;2006;p99p99.5;543681.88;;0.0383;0.0383
;US-MN;2006;p95p100;473807.0;;0.3337;0.3337
;US-MN;2006;p0p90;44180.301;;0.56010002;0.56010002
;US-MN;2006;p0p99;58360.301;;0.81389999;0.81389999
;US-MN;2006;p99.5p100;2089618.8;;0.1472;0.1472
;US-MN;2005;p0p100;104130.3;1.773554562e+11;1.0;1.0
;US-MN;2005;p99p100;1286225.1;;0.1821;0.1821
;US-MN;2005;p99.9p100;5947938.5;;0.084200002;0.084200002
;US-MN;2005;p99.99p100;25621478.0;;0.0363;0.0363
;US-MN;2005;p90p100;306222.5;;0.43349999;0.43349999
;US-MN;2005;p90p95;150336.91;;0.1064;0.1064
;US-MN;2005;p95p99;254372.8;;0.14399999;0.14399999
;US-MN;2005;p99.5p99.9;1045029.0;;0.0592;0.0592
;US-MN;2005;p99.9p99.99;3753052.8;;0.047800001;0.047800001
;US-MN;2005;p99p99.5;530386.88;;0.037500001;0.037500001
;US-MN;2005;p95p100;461401.0;;0.32659999;0.32659999
;US-MN;2005;p0p90;44644.5;;0.56879997;0.56879997
;US-MN;2005;p0p99;58365.102;;0.8179;0.8179
;US-MN;2005;p99.5p100;2035994.6;;0.1441;0.1441
;US-MN;2004;p0p100;108827.8;1.72296198992e+11;1.0;1.0
;US-MN;2004;p99p100;1147228.8;;0.16599999;0.16599999
;US-MN;2004;p99.9p100;5082100.5;;0.0735;0.0735
;US-MN;2004;p99.99p100;21553516.0;;0.031199999;0.031199999
;US-MN;2004;p90p100;288386.41;;0.4172;0.4172
;US-MN;2004;p90p95;147420.59;;0.1066;0.1066
;US-MN;2004;p95p99;248923.5;;0.1441;0.1441
;US-MN;2004;p99.5p99.9;950529.88;;0.055;0.055
;US-MN;2004;p99.9p99.99;3234693.8;;0.042100001;0.042100001
;US-MN;2004;p99p99.5;504228.59;;0.036499999;0.036499999
;US-MN;2004;p95p100;428869.41;;0.31020001;0.31020001
;US-MN;2004;p0p90;44889.5;;0.58450001;0.58450001
;US-MN;2004;p0p99;58228.398;;0.83399999;0.83399999
;US-MN;2004;p99.5p100;1785843.8;;0.1292;0.1292
;US-MN;2003;p0p100;108809.0;1.6139035711e+11;1.0;1.0
;US-MN;2003;p99p100;1018196.0;;0.15539999;0.15539999
;US-MN;2003;p99.9p100;4337302.0;;0.066200003;0.066200003
;US-MN;2003;p99.99p100;18272428.0;;0.027899999;0.027899999
;US-MN;2003;p90p100;269844.59;;0.41190001;0.41190001
;US-MN;2003;p90p95;151123.2;;0.1153;0.1153
;US-MN;2003;p95p99;230569.3;;0.1408;0.1408
;US-MN;2003;p99.5p99.9;863999.38;;0.052700002;0.052700002
;US-MN;2003;p99.9p99.99;2774467.3;;0.0381;0.0381
;US-MN;2003;p99p99.5;470742.19;;0.0359;0.0359
;US-MN;2003;p95p100;388232.19;;0.29629999;0.29629999
;US-MN;2003;p0p90;42893.602;;0.58920002;0.58920002
;US-MN;2003;p0p99;55894.102;;0.84460002;0.84460002
;US-MN;2003;p99.5p100;1563505.4;;0.1193;0.1193
;US-MN;2002;p0p100;110325.7;1.5757314167e+11;1.0;1.0
;US-MN;2002;p99p100;942101.19;;0.14820001;0.14820001
;US-MN;2002;p99.9p100;3816901.8;;0.0601;0.0601
;US-MN;2002;p99.99p100;15205703.0;;0.0239;0.0239
;US-MN;2002;p90p100;260540.7;;0.40990001;0.40990001
;US-MN;2002;p90p95;150876.8;;0.1187;0.1187
;US-MN;2002;p95p99;226631.41;;0.1426;0.1426
;US-MN;2002;p99.5p99.9;821419.19;;0.0517;0.0517
;US-MN;2002;p99.9p99.99;2538896.8;;0.035999998;0.035999998
;US-MN;2002;p99p99.5;456536.59;;0.0359;0.0359
;US-MN;2002;p95p100;369876.0;;0.29100001;0.29100001
;US-MN;2002;p0p90;41752.102;;0.59119999;0.59119999
;US-MN;2002;p0p99;54685.801;;0.85180002;0.85180002
;US-MN;2002;p99.5p100;1425520.5;;0.1121;0.1121
;US-MN;2001;p0p100;121049.6;1.62198277244e+11;1.0;1.0
;US-MN;2001;p99p100;1037112.5;;0.15360001;0.15360001
;US-MN;2001;p99.9p100;4328089.5;;0.064099997;0.064099997
;US-MN;2001;p99.99p100;17423942.0;;0.025800001;0.025800001
;US-MN;2001;p90p100;276728.41;;0.40970001;0.40970001
;US-MN;2001;p90p95;150741.8;;0.1116;0.1116
;US-MN;2001;p95p99;243508.91;;0.1442;0.1442
;US-MN;2001;p99.5p99.9;895404.63;;0.052999999;0.052999999
;US-MN;2001;p99.9p99.99;2880781.0;;0.038400002;0.038400002
;US-MN;2001;p99p99.5;490838.5;;0.0363;0.0363
;US-MN;2001;p95p100;402433.69;;0.29789999;0.29789999
;US-MN;2001;p0p90;44322.301;;0.59060001;0.59060001
;US-MN;2001;p0p99;57744.699;;0.84640002;0.84640002
;US-MN;2001;p99.5p100;1583999.9;;0.1173;0.1173
;US-MN;2000;p0p100;141073.0;1.7093046975e+11;1.0;1.0
;US-MN;2000;p99p100;1329458.3;;0.1785;0.1785
;US-MN;2000;p99.9p100;6083561.0;;0.081699997;0.081699997
;US-MN;2000;p99.99p100;25687060.0;;0.034499999;0.034499999
;US-MN;2000;p90p100;318283.5;;0.42739999;0.42739999
;US-MN;2000;p90p95;157164.91;;0.1055;0.1055
;US-MN;2000;p95p99;265538.0;;0.1426;0.1426
;US-MN;2000;p99.5p99.9;1088190.1;;0.058400001;0.058400001
;US-MN;2000;p99.9p99.99;3924893.0;;0.047400001;0.047400001
;US-MN;2000;p99p99.5;562607.0;;0.037799999;0.037799999
;US-MN;2000;p95p100;478927.41;;0.32159999;0.32159999
;US-MN;2000;p0p90;47470.602;;0.57370001;0.57370001
;US-MN;2000;p0p99;61793.602;;0.8215;0.8215
;US-MN;2000;p99.5p100;2094327.5;;0.1406;0.1406
;US-MN;1999;p0p100;147805.0;1.62273750002e+11;1.0;1.0
;US-MN;1999;p99p100;1221360.8;;0.1672;0.1672
;US-MN;1999;p99.9p100;5387746.0;;0.073799998;0.073799998
;US-MN;1999;p99.99p100;21601726.0;;0.0296;0.0296
;US-MN;1999;p90p100;304095.0;;0.4163;0.4163
;US-MN;1999;p90p95;155689.0;;0.1066;0.1066
;US-MN;1999;p95p99;259844.91;;0.14229999;0.14229999
;US-MN;1999;p99.5p99.9;1034716.6;;0.056699999;0.056699999
;US-MN;1999;p99.9p99.99;3616908.5;;0.044599999;0.044599999
;US-MN;1999;p99p99.5;535412.63;;0.036600001;0.036600001
;US-MN;1999;p95p100;452277.81;;0.3096;0.3096
;US-MN;1999;p0p90;47374.102;;0.5837;0.5837
;US-MN;1999;p0p99;61447.102;;0.83279997;0.83279997
;US-MN;1999;p99.5p100;1907222.6;;0.1305;0.1305
;US-MN;1998;p0p100;145233.5;1.52972867774e+11;1.0;1.0
;US-MN;1998;p99p100;1164146.8;;0.169;0.169
;US-MN;1998;p99.9p100;5384679.0;;0.078199998;0.078199998
;US-MN;1998;p99.99p100;23337196.0;;0.0339;0.0339
;US-MN;1998;p90p100;285783.81;;0.4149;0.4149
;US-MN;1998;p90p95;146046.3;;0.106;0.106
;US-MN;1998;p95p99;240620.7;;0.1397;0.1397
;US-MN;1998;p99.5p99.9;952456.19;;0.055300001;0.055300001
;US-MN;1998;p99.9p99.99;3391758.3;;0.044300001;0.044300001
;US-MN;1998;p99p99.5;489050.09;;0.035500001;0.035500001
;US-MN;1998;p95p100;425422.31;;0.30880001;0.30880001
;US-MN;1998;p0p90;44781.801;;0.58520001;0.58520001
;US-MN;1998;p0p99;57808.801;;0.83099997;0.83099997
;US-MN;1998;p99.5p100;1839221.3;;0.13349999;0.13349999
;US-MN;1997;p0p100;139120.8;1.40178463818e+11;1.0;1.0
;US-MN;1997;p99p100;1002906.5;;0.15629999;0.15629999
;US-MN;1997;p99.9p100;4270563.5;;0.066600002;0.066600002
;US-MN;1997;p99.99p100;16945930.0;;0.0264;0.0264
;US-MN;1997;p90p100;260711.41;;0.40630001;0.40630001
;US-MN;1997;p90p95;139103.5;;0.1084;0.1084
;US-MN;1997;p95p99;226996.7;;0.1415;0.1415
;US-MN;1997;p99.5p99.9;870236.63;;0.054200001;0.054200001
;US-MN;1997;p99.9p99.99;2873196.5;;0.0403;0.0403
;US-MN;1997;p99p99.5;454456.91;;0.035399999;0.035399999
;US-MN;1997;p95p100;382241.59;;0.2978;0.2978
;US-MN;1997;p0p90;42334.0;;0.59380001;0.59380001
;US-MN;1997;p0p99;54687.199;;0.84369999;0.84369999
;US-MN;1997;p99.5p100;1551172.6;;0.1209;0.1209
;US-MN;1996;p0p100;134238.8;1.31253631913e+11;1.0;1.0
;US-MN;1996;p99p100;969651.19;;0.16339999;0.16339999
;US-MN;1996;p99.9p100;4304957.0;;0.0726;0.0726
;US-MN;1996;p99.99p100;18606330.0;;0.031399999;0.031399999
;US-MN;1996;p90p100;248066.8;;0.4181;0.4181
;US-MN;1996;p90p95;132445.8;;0.1116;0.1116
;US-MN;1996;p95p99;212231.09;;0.14309999;0.14309999
;US-MN;1996;p99.5p99.9;812950.5;;0.0548;0.0548
;US-MN;1996;p99.9p99.99;2716699.3;;0.041200001;0.041200001
;US-MN;1996;p99p99.5;429120.41;;0.036200002;0.036200002
;US-MN;1996;p95p100;363702.19;;0.30649999;0.30649999
;US-MN;1996;p0p90;38346.102;;0.58170003;0.58170003
;US-MN;1996;p0p99;50130.898;;0.83660001;0.83660001
;US-MN;1996;p99.5p100;1510430.5;;0.12729999;0.12729999
;US-MN;1995;p0p100;131169.0;1.21680036222e+11;1.0;1.0
;US-MN;1995;p99p100;801565.63;;0.14569999;0.14569999
;US-MN;1995;p99.9p100;3237117.3;;0.058899999;0.058899999
;US-MN;1995;p99.99p100;12735987.0;;0.0232;0.0232
;US-MN;1995;p90p100;222848.3;;0.4052;0.4052
;US-MN;1995;p90p95;126302.5;;0.1148;0.1148
;US-MN;1995;p95p99;198849.2;;0.1446;0.1446
;US-MN;1995;p99.5p99.9;708460.63;;0.0515;0.0515
;US-MN;1995;p99.9p99.99;2181728.0;;0.035700001;0.035700001
;US-MN;1995;p99p99.5;388728.59;;0.035300002;0.035300002
;US-MN;1995;p95p100;319390.59;;0.29030001;0.29030001
;US-MN;1995;p0p90;36353.801;;0.59490001;0.59490001
;US-MN;1995;p0p99;47461.102;;0.85430002;0.85430002
;US-MN;1995;p99.5p100;1214370.0;;0.1104;0.1104
;US-MN;1994;p0p100;131910.0;1.16015207869e+11;1.0;1.0
;US-MN;1994;p99p100;711341.0;;0.1349;0.1349
;US-MN;1994;p99.9p100;2819337.5;;0.0535;0.0535
;US-MN;1994;p99.99p100;11216454.0;;0.021299999;0.021299999
;US-MN;1994;p90p100;205869.09;;0.39030001;0.39030001
;US-MN;1994;p90p95;120734.8;;0.1145;0.1145
;US-MN;1994;p95p99;185917.41;;0.141;0.141
;US-MN;1994;p99.5p99.9;631637.81;;0.047899999;0.047899999
;US-MN;1994;p99.9p99.99;1885522.3;;0.032200001;0.032200001
;US-MN;1994;p99p99.5;353201.59;;0.033500001;0.033500001
;US-MN;1994;p95p100;290999.0;;0.27590001;0.27590001
;US-MN;1994;p0p90;35730.699;;0.60970002;0.60970002
;US-MN;1994;p0p99;46089.801;;0.86510003;0.86510003
;US-MN;1994;p99.5p100;1069439.8;;0.1014;0.1014
;US-MN;1993;p0p100;132247.09;1.10655821968e+11;1.0;1.0
;US-MN;1993;p99p100;690440.38;;0.1362;0.1362
;US-MN;1993;p99.9p100;2693526.5;;0.053100001;0.053100001
;US-MN;1993;p99.99p100;10559322.0;;0.0208;0.0208
;US-MN;1993;p90p100;201128.5;;0.39680001;0.39680001
;US-MN;1993;p90p95;118288.1;;0.1167;0.1167
;US-MN;1993;p95p99;182352.0;;0.14390001;0.14390001
;US-MN;1993;p99.5p99.9;620160.81;;0.048900001;0.048900001
;US-MN;1993;p99.9p99.99;1817432.3;;0.032299999;0.032299999
;US-MN;1993;p99p99.5;345236.31;;0.0341;0.0341
;US-MN;1993;p95p100;283960.19;;0.28009999;0.28009999
;US-MN;1993;p0p90;33981.102;;0.60329998;0.60329998
;US-MN;1993;p0p99;44227.801;;0.86379999;0.86379999
;US-MN;1993;p99.5p100;1035461.6;;0.1021;0.1021
;US-MN;1992;p0p100;145309.91;1.12004474557e+11;1.0;1.0
;US-MN;1992;p99p100;758646.13;;0.14300001;0.14300001
;US-MN;1992;p99.9p100;3182392.8;;0.059999999;0.059999999
;US-MN;1992;p99.99p100;13260230.0;;0.025;0.025
;US-MN;1992;p90p100;208295.41;;0.39269999;0.39269999
;US-MN;1992;p90p95;119075.7;;0.1122;0.1122
;US-MN;1992;p95p99;182225.0;;0.1374;0.1374
;US-MN;1992;p99.5p99.9;661273.0;;0.049899999;0.049899999
;US-MN;1992;p99.9p99.99;2062962.8;;0.035;0.035
;US-MN;1992;p99p99.5;352065.5;;0.033199999;0.033199999
;US-MN;1992;p95p100;297507.19;;0.28040001;0.28040001
;US-MN;1992;p0p90;35789.398;;0.60729998;0.60729998
;US-MN;1992;p0p99;45914.102;;0.85699999;0.85699999
;US-MN;1992;p99.5p100;1165273.3;;0.1098;0.1098
;US-MN;1991;p0p100;151842.59;1.08127559654e+11;1.0;1.0
;US-MN;1991;p99p100;632411.38;;0.12;0.12
;US-MN;1991;p99.9p100;2350413.8;;0.044599999;0.044599999
;US-MN;1991;p99.99p100;8703554.0;;0.0165;0.0165
;US-MN;1991;p90p100;193282.5;;0.36660001;0.36660001
;US-MN;1991;p90p95;117608.5;;0.1115;0.1115
;US-MN;1991;p95p99;178157.91;;0.13519999;0.13519999
;US-MN;1991;p99.5p99.9;582793.38;;0.044199999;0.044199999
;US-MN;1991;p99.9p99.99;1644299.0;;0.028100001;0.028100001
;US-MN;1991;p99p99.5;328341.69;;0.031099999;0.031099999
;US-MN;1991;p95p100;268999.41;;0.25510001;0.25510001
;US-MN;1991;p0p90;37098.898;;0.63330001;0.63330001
;US-MN;1991;p0p99;46863.398;;0.88;0.88
;US-MN;1991;p99.5p100;936488.38;;0.088799998;0.088799998
;US-MN;1990;p0p100;165417.91;1.10264497907e+11;1.0;1.0
;US-MN;1990;p99p100;651060.31;;0.1216;0.1216
;US-MN;1990;p99.9p100;2474648.5;;0.0462;0.0462
;US-MN;1990;p99.99p100;9271165.0;;0.0173;0.0173
;US-MN;1990;p90p100;193147.5;;0.36090001;0.36090001
;US-MN;1990;p90p95;113626.1;;0.1061;0.1061
;US-MN;1990;p95p99;178042.8;;0.1331;0.1331
;US-MN;1990;p99.5p99.9;599561.13;;0.044799998;0.044799998
;US-MN;1990;p99.9p99.99;1720843.1;;0.028899999;0.028899999
;US-MN;1990;p99p99.5;327302.0;;0.0306;0.0306
;US-MN;1990;p95p100;272671.81;;0.25470001;0.25470001
;US-MN;1990;p0p90;38012.199;;0.63919997;0.63919997
;US-MN;1990;p0p99;47488.898;;0.87840003;0.87840003
;US-MN;1990;p99.5p100;974615.13;;0.090999998;0.090999998
;US-MN;1989;p0p100;179198.2;1.08612032501e+11;1.0;1.0
;US-MN;1989;p99p100;660345.31;;0.12549999;0.12549999
;US-MN;1989;p99.9p100;2546596.5;;0.0484;0.0484
;US-MN;1989;p99.99p100;9702682.0;;0.0184;0.0184
;US-MN;1989;p90p100;196219.59;;0.373;0.373
;US-MN;1989;p90p95;118528.4;;0.1127;0.1127
;US-MN;1989;p95p99;174759.09;;0.1329;0.1329
;US-MN;1989;p99.5p99.9;587865.19;;0.0447;0.0447
;US-MN;1989;p99.9p99.99;1722311.3;;0.0295;0.0295
;US-MN;1989;p99p99.5;326005.0;;0.030999999;0.030999999
;US-MN;1989;p95p100;273558.59;;0.25999999;0.25999999
;US-MN;1989;p0p90;36877.898;;0.63090003;0.63090003
;US-MN;1989;p0p99;46470.0;;0.87449998;0.87449998
;US-MN;1989;p99.5p100;988593.81;;0.093999997;0.093999997
;US-MN;1988;p0p100;195538.5;1.0580278679e+11;1.0;1.0
;US-MN;1988;p99p100;694415.69;;0.13160001;0.13160001
;US-MN;1988;p99.9p100;2794050.0;;0.052999999;0.052999999
;US-MN;1988;p99.99p100;10785889.0;;0.020400001;0.020400001
;US-MN;1988;p90p100;198607.3;;0.37650001;0.37650001
;US-MN;1988;p90p95;117712.0;;0.1116;0.1116
;US-MN;1988;p95p99;172002.59;;0.1304;0.1304
;US-MN;1988;p99.5p99.9;604989.81;;0.045899998;0.045899998
;US-MN;1988;p99.9p99.99;1865801.3;;0.031800002;0.031800002
;US-MN;1988;p99p99.5;323790.5;;0.0307;0.0307
;US-MN;1988;p95p100;278969.81;;0.26440001;0.26440001
;US-MN;1988;p0p90;36881.5;;0.62919998;0.62919998
;US-MN;1988;p0p99;46274.398;;0.86839998;0.86839998
;US-MN;1988;p99.5p100;1055937.6;;0.1001;0.1001
;US-MN;1987;p0p100;206864.0;1.01726955665e+11;1.0;1.0
;US-MN;1987;p99p100;556887.69;;0.1072;0.1072
;US-MN;1987;p99.9p100;2018667.0;;0.038899999;0.038899999
;US-MN;1987;p99.99p100;7365160.0;;0.0142;0.0142
;US-MN;1987;p90p100;179534.91;;0.3457;0.3457
;US-MN;1987;p90p95;114549.2;;0.1103;0.1103
;US-MN;1987;p95p99;164735.7;;0.1269;0.1269
;US-MN;1987;p99.5p99.9;505996.09;;0.039000001;0.039000001
;US-MN;1987;p99.9p99.99;1403822.1;;0.0243;0.0243
;US-MN;1987;p99p99.5;294616.19;;0.0284;0.0284
;US-MN;1987;p95p100;244319.2;;0.2352;0.2352
;US-MN;1987;p0p90;37906.801;;0.65700001;0.65700001
;US-MN;1987;p0p99;46829.5;;0.89279997;0.89279997
;US-MN;1987;p99.5p100;814944.5;;0.078500003;0.078500003
;US-MN;1986;p0p100;226589.09;1.03510159296e+11;1.0;1.0
;US-MN;1986;p99p100;758449.81;;0.1425;0.1425
;US-MN;1986;p99.9p100;3384233.5;;0.063600004;0.063600004
;US-MN;1986;p99.99p100;14679212.0;;0.0276;0.0276
;US-MN;1986;p90p100;202186.09;;0.37990001;0.37990001
;US-MN;1986;p90p95;114484.6;;0.1075;0.1075
;US-MN;1986;p95p99;170874.5;;0.1284;0.1284
;US-MN;1986;p99.5p99.9;629794.5;;0.0473;0.0473
;US-MN;1986;p99.9p99.99;2097901.8;;0.035500001;0.035500001
;US-MN;1986;p99p99.5;324169.09;;0.0305;0.0305
;US-MN;1986;p95p100;289594.0;;0.2721;0.2721
;US-MN;1986;p0p90;36854.5;;0.6232;0.6232
;US-MN;1986;p0p99;46100.801;;0.85750002;0.85750002
;US-MN;1986;p99.5p100;1187829.9;;0.1116;0.1116
;US-MN;1985;p0p100;223039.3;95035863545.0;1.0;1.0
;US-MN;1985;p99p100;552534.5;;0.1093;0.1093
;US-MN;1985;p99.9p100;2203327.5;;0.0436;0.0436
;US-MN;1985;p99.99p100;8741823.0;;0.0173;0.0173
;US-MN;1985;p90p100;172910.2;;0.34209999;0.34209999
;US-MN;1985;p90p95;109091.7;;0.1079;0.1079
;US-MN;1985;p95p99;156219.3;;0.1236;0.1236
;US-MN;1985;p99.5p99.9;473121.5;;0.0374;0.0374
;US-MN;1985;p99.9p99.99;1439271.3;;0.025599999;0.025599999
;US-MN;1985;p99p99.5;274377.59;;0.027100001;0.027100001
;US-MN;1985;p95p100;236511.59;;0.234;0.234
;US-MN;1985;p0p90;37118.301;;0.6609;0.6609
;US-MN;1985;p0p99;45473.102;;0.89069998;0.89069998
;US-MN;1985;p99.5p100;826393.13;;0.081799999;0.081799999
;US-MN;1984;p0p100;235627.7;91966320485.0;1.0;1.0
;US-MN;1984;p99p100;494411.19;;0.099100001;0.099100001
;US-MN;1984;p99.9p100;1903827.8;;0.0381;0.0381
;US-MN;1984;p99.99p100;7553781.5;;0.0151;0.0151
;US-MN;1984;p90p100;164177.09;;0.32890001;0.32890001
;US-MN;1984;p90p95;107711.5;;0.1079;0.1079
;US-MN;1984;p95p99;150596.2;;0.1207;0.1207
;US-MN;1984;p99.5p99.9;423119.31;;0.0339;0.0339
;US-MN;1984;p99.9p99.99;1227121.8;;0.0221;0.0221
;US-MN;1984;p99p99.5;255522.2;;0.025599999;0.025599999
;US-MN;1984;p95p100;220555.09;;0.221;0.221
;US-MN;1984;p0p90;37412.5;;0.67460001;0.67460001
;US-MN;1984;p0p99;45420.602;;0.90090001;0.90090001
;US-MN;1984;p99.5p100;728240.81;;0.072999999;0.072999999
;US-MN;1983;p0p100;248973.8;84694797690.0;1.0;1.0
;US-MN;1983;p99p100;455547.59;;0.097599998;0.097599998
;US-MN;1983;p99.9p100;1680306.0;;0.035999998;0.035999998
;US-MN;1983;p99.99p100;6659019.5;;0.0143;0.0143
;US-MN;1983;p90p100;156660.7;;0.33559999;0.33559999
;US-MN;1983;p90p95;105316.0;;0.1128;0.1128
;US-MN;1983;p95p99;145913.5;;0.125;0.125
;US-MN;1983;p99.5p99.9;403923.81;;0.034600001;0.034600001
;US-MN;1983;p99.9p99.99;1112863.5;;0.021500001;0.021500001
;US-MN;1983;p99p99.5;246838.7;;0.0264;0.0264
;US-MN;1983;p95p100;208191.41;;0.223;0.223
;US-MN;1983;p0p90;34510.102;;0.66540003;0.66540003
;US-MN;1983;p0p99;42548.801;;0.90240002;0.90240002
;US-MN;1983;p99.5p100;662453.5;;0.071000002;0.071000002
;US-MN;1982;p0p100;258407.59;84305553052.0;1.0;1.0
;US-MN;1982;p99p100;464754.0;;0.1;0.1
;US-MN;1982;p99.9p100;1797649.3;;0.038699999;0.038699999
;US-MN;1982;p99.99p100;7463897.5;;0.016100001;0.016100001
;US-MN;1982;p90p100;155532.59;;0.33469999;0.33469999
;US-MN;1982;p90p95;102249.9;;0.11;0.11
;US-MN;1982;p95p99;144614.3;;0.1245;0.1245
;US-MN;1982;p99.5p99.9;407815.5;;0.035100002;0.035100002
;US-MN;1982;p99.9p99.99;1168066.1;;0.022600001;0.022600001
;US-MN;1982;p99p99.5;243725.8;;0.0262;0.0262
;US-MN;1982;p95p100;208962.7;;0.22490001;0.22490001
;US-MN;1982;p0p90;34355.199;;0.66549999;0.66549999
;US-MN;1982;p0p99;42239.102;;0.89999998;0.89999998
;US-MN;1982;p99.5p100;685782.31;;0.073799998;0.073799998
;US-MN;1981;p0p100;280259.5;84491841852.0;1.0;1.0
;US-MN;1981;p99p100;408310.0;;0.0911;0.0911
;US-MN;1981;p99.9p100;1250113.8;;0.027899999;0.027899999
;US-MN;1981;p99.99p100;4034794.0;;0.0089999996;0.0089999996
;US-MN;1981;p90p100;148200.3;;0.33070001;0.33070001
;US-MN;1981;p90p95;101855.4;;0.1136;0.1136
;US-MN;1981;p95p99;141194.3;;0.126;0.126
;US-MN;1981;p99.5p99.9;395353.59;;0.035300002;0.035300002
;US-MN;1981;p99.9p99.99;939514.88;;0.0189;0.0189
;US-MN;1981;p99p99.5;248848.5;;0.027799999;0.027799999
;US-MN;1981;p95p100;194690.3;;0.2172;0.2172
;US-MN;1981;p0p90;33339.5;;0.66949999;0.66949999
;US-MN;1981;p0p99;41149.199;;0.90890002;0.90890002
;US-MN;1981;p99.5p100;567463.13;;0.063299999;0.063299999
;US-MN;1980;p0p100;349825.69;84933293076.0;1.0;1.0
;US-MN;1980;p99p100;438676.5;;0.094099998;0.094099998
;US-MN;1980;p99.9p100;1388791.0;;0.0298;0.0298
;US-MN;1980;p99.99p100;4839282.0;;0.0104;0.0104
;US-MN;1980;p90p100;157963.0;;0.3387;0.3387
;US-MN;1980;p90p95;106916.2;;0.1146;0.1146
;US-MN;1980;p95p99;151525.8;;0.12989999;0.12989999
;US-MN;1980;p99.5p99.9;420833.41;;0.0361;0.0361
;US-MN;1980;p99.9p99.99;1005029.5;;0.019400001;0.019400001
;US-MN;1980;p99p99.5;262678.09;;0.028200001;0.028200001
;US-MN;1980;p95p100;208980.0;;0.22400001;0.22400001
;US-MN;1980;p0p90;34278.5;;0.66140002;0.66140002
;US-MN;1980;p0p99;42682.801;;0.9059;0.9059
;US-MN;1980;p99.5p100;614647.38;;0.065899998;0.065899998
;US-MN;1979;p0p100;437700.69;84406545895.0;1.0;1.0
;US-MN;1979;p99p100;446213.31;;0.094400004;0.094400004
;US-MN;1979;p99.9p100;1521777.1;;0.032200001;0.032200001
;US-MN;1979;p99.99p100;5984285.0;;0.0127;0.0127
;US-MN;1979;p90p100;159010.2;;0.33629999;0.33629999
;US-MN;1979;p90p95;106970.1;;0.1131;0.1131
;US-MN;1979;p95p99;152182.41;;0.1288;0.1288
;US-MN;1979;p99.5p99.9;403439.81;;0.0341;0.0341
;US-MN;1979;p99.9p99.99;1025878.1;;0.0195;0.0195
;US-MN;1979;p99p99.5;265495.31;;0.028100001;0.028100001
;US-MN;1979;p95p100;210979.8;;0.22310001;0.22310001
;US-MN;1979;p0p90;34867.199;;0.66369998;0.66369998
;US-MN;1979;p0p99;43249.602;;0.90560001;0.90560001
;US-MN;1979;p99.5p100;627098.19;;0.066299997;0.066299997
;US-MN;1978;p0p100;516657.81;80844128278.0;1.0;1.0
;US-MN;1978;p99p100;386756.31;;0.0832;0.0832
;US-MN;1978;p99.9p100;1076958.9;;0.0232;0.0232
;US-MN;1978;p99.99p100;3141836.0;;0.0068000001;0.0068000001
;US-MN;1978;p90p100;151835.41;;0.3267;0.3267
;US-MN;1978;p90p95;106332.1;;0.1144;0.1144
;US-MN;1978;p95p99;149942.91;;0.12899999;0.12899999
;US-MN;1978;p99.5p99.9;384416.41;;0.033100002;0.033100002
;US-MN;1978;p99.9p99.99;847178.19;;0.0164;0.0164
;US-MN;1978;p99p99.5;250527.09;;0.027000001;0.027000001
;US-MN;1978;p95p100;197234.8;;0.2122;0.2122
;US-MN;1978;p0p90;34773.898;;0.67339998;0.67339998
;US-MN;1978;p0p99;43040.602;;0.91680002;0.91680002
;US-MN;1978;p99.5p100;523065.69;;0.056299999;0.056299999
;US-MN;1977;p0p100;584582.38;77220484046.0;1.0;1.0
;US-MN;1977;p99p100;380232.31;;0.083700001;0.083700001
;US-MN;1977;p99.9p100;1086130.8;;0.0239;0.0239
;US-MN;1977;p99.99p100;3264856.0;;0.0071999999;0.0071999999
;US-MN;1977;p90p100;146638.3;;0.32280001;0.32280001
;US-MN;1977;p90p95;101243.9;;0.1114;0.1114
;US-MN;1977;p95p99;144974.09;;0.1276;0.1276
;US-MN;1977;p99.5p99.9;380075.69;;0.033500001;0.033500001
;US-MN;1977;p99.9p99.99;843439.31;;0.0167;0.0167
;US-MN;1977;p99p99.5;239072.2;;0.0263;0.0263
;US-MN;1977;p95p100;192036.41;;0.2114;0.2114
;US-MN;1977;p0p90;34185.602;;0.67720002;0.67720002
;US-MN;1977;p0p99;42047.602;;0.9163;0.9163
;US-MN;1977;p99.5p100;521407.31;;0.057399999;0.057399999
;US-MN;1976;p0p100;639183.5;72786370375.0;1.0;1.0
;US-MN;1976;p99p100;388192.09;;0.088600002;0.088600002
;US-MN;1976;p99.9p100;1082860.5;;0.024700001;0.024700001
;US-MN;1976;p99.99p100;3465828.5;;0.0078999996;0.0078999996
;US-MN;1976;p90p100;147627.3;;0.3371;0.3371
;US-MN;1976;p90p95;102679.9;;0.1172;0.1172
;US-MN;1976;p95p99;143681.8;;0.1312;0.1312
;US-MN;1976;p99.5p99.9;372403.19;;0.034000002;0.034000002
;US-MN;1976;p99.9p99.99;818133.0;;0.016799999;0.016799999
;US-MN;1976;p99p99.5;261783.3;;0.029899999;0.029899999
;US-MN;1976;p95p100;192583.91;;0.2199;0.2199
;US-MN;1976;p0p90;32255.0;;0.66289997;0.66289997
;US-MN;1976;p0p99;40313.398;;0.91140002;0.91140002
;US-MN;1976;p99.5p100;514548.41;;0.058699999;0.058699999
;US-MN;1975;p0p100;706051.88;70329223257.0;1.0;1.0
;US-MN;1975;p99p100;354842.69;;0.082099997;0.082099997
;US-MN;1975;p99.9p100;973345.88;;0.022500001;0.022500001
;US-MN;1975;p99.99p100;2749964.5;;0.0063999998;0.0063999998
;US-MN;1975;p90p100;137800.59;;0.3186;0.3186
;US-MN;1975;p90p95;95667.602;;0.1106;0.1106
;US-MN;1975;p95p99;136223.7;;0.126;0.126
;US-MN;1975;p99.5p99.9;349799.09;;0.032400001;0.032400001
;US-MN;1975;p99.9p99.99;776483.13;;0.0162;0.0162
;US-MN;1975;p99p99.5;234933.3;;0.0272;0.0272
;US-MN;1975;p95p100;179945.3;;0.208;0.208
;US-MN;1975;p0p90;32740.199;;0.6814;0.6814
;US-MN;1975;p0p99;40098.801;;0.91790003;0.91790003
;US-MN;1975;p99.5p100;474629.0;;0.054900002;0.054900002
;US-MN;1974;p0p100;891979.19;72978520026.0;1.0;1.0
;US-MN;1974;p99p100;385776.91;;0.084100001;0.084100001
;US-MN;1974;p99.9p100;1107413.0;;0.0241;0.0241
;US-MN;1974;p99.99p100;3429704.3;;0.0074999998;0.0074999998
;US-MN;1974;p90p100;146797.3;;0.31999999;0.31999999
;US-MN;1974;p90p95;101058.1;;0.1101;0.1101
;US-MN;1974;p95p99;143991.7;;0.12549999;0.12549999
;US-MN;1974;p99.5p99.9;380613.41;;0.033199999;0.033199999
;US-MN;1974;p99.9p99.99;846328.5;;0.0166;0.0166
;US-MN;1974;p99p99.5;244057.0;;0.0266;0.0266
;US-MN;1974;p95p100;192551.59;;0.20990001;0.20990001
;US-MN;1974;p0p90;34685.602;;0.68049997;0.68049997
;US-MN;1974;p0p99;42443.699;;0.91589999;0.91589999
;US-MN;1974;p99.5p100;526882.0;;0.057399999;0.057399999
;US-MN;1973;p0p100;1145226.9;74398142659.0;1.0;1.0
;US-MN;1973;p99p100;376676.81;;0.0788;0.0788
;US-MN;1973;p99.9p100;1102357.6;;0.0231;0.0231
;US-MN;1973;p99.99p100;3564197.5;;0.0074999998;0.0074999998
;US-MN;1973;p90p100;145529.09;;0.3046;0.3046
;US-MN;1973;p90p95;101275.2;;0.106;0.106
;US-MN;1973;p95p99;143074.0;;0.1198;0.1198
;US-MN;1973;p99.5p99.9;366488.81;;0.0307;0.0307
;US-MN;1973;p99.9p99.99;828662.63;;0.0156;0.0156
;US-MN;1973;p99p99.5;239584.3;;0.0251;0.0251
;US-MN;1973;p95p100;189797.41;;0.19859999;0.19859999
;US-MN;1973;p0p90;36914.0;;0.6954;0.6954
;US-MN;1973;p0p99;44453.199;;0.92119998;0.92119998
;US-MN;1973;p99.5p100;513660.09;;0.053800002;0.053800002
;US-MN;1972;p0p100;1197767.9;67490443915.0;1.0;1.0
;US-MN;1972;p99p100;389773.81;;0.088;0.088
;US-MN;1972;p99.9p100;1219015.8;;0.0275;0.0275
;US-MN;1972;p99.99p100;4788545.0;;0.0108;0.0108
;US-MN;1972;p90p100;140456.3;;0.31720001;0.31720001
;US-MN;1972;p90p95;96547.5;;0.109;0.109
;US-MN;1972;p95p99;133030.3;;0.1202;0.1202
;US-MN;1972;p99.5p99.9;372379.69;;0.033599999;0.033599999
;US-MN;1972;p99.9p99.99;822450.5;;0.0167;0.0167
;US-MN;1972;p99p99.5;237758.3;;0.026799999;0.026799999
;US-MN;1972;p95p100;184379.5;;0.20819999;0.20819999
;US-MN;1972;p0p90;33600.699;;0.68279999;0.68279999
;US-MN;1972;p0p99;40796.801;;0.912;0.912
;US-MN;1972;p99.5p100;541789.31;;0.0612;0.0612
;US-MN;1971;p0p100;1245493.1;64402894006.0;1.0;1.0
;US-MN;1971;p99p100;365475.19;;0.0845;0.0845
;US-MN;1971;p99.9p100;1073287.0;;0.024800001;0.024800001
;US-MN;1971;p99.99p100;3773180.0;;0.0087000001;0.0087000001
;US-MN;1971;p90p100;135036.41;;0.31240001;0.31240001
;US-MN;1971;p90p95;94108.203;;0.1088;0.1088
;US-MN;1971;p95p99;128627.3;;0.119;0.119
;US-MN;1971;p99.5p99.9;357552.91;;0.033100002;0.033100002
;US-MN;1971;p99.9p99.99;773389.31;;0.016100001;0.016100001
;US-MN;1971;p99p99.5;230027.8;;0.0266;0.0266
;US-MN;1971;p95p100;175995.41;;0.2036;0.2036
;US-MN;1971;p0p90;33030.102;;0.68760002;0.68760002
;US-MN;1971;p0p99;39976.301;;0.91549999;0.91549999
;US-MN;1971;p99.5p100;500865.81;;0.0579;0.0579
;US-MN;1970;p0p100;1374839.8;63664177520.0;1.0;1.0
;US-MN;1970;p99p100;362618.59;;0.082800001;0.082800001
;US-MN;1970;p99.9p100;1117055.3;;0.0255;0.0255
;US-MN;1970;p99.99p100;4207705.5;;0.0096000005;0.0096000005
;US-MN;1970;p90p100;134235.09;;0.30649999;0.30649999
;US-MN;1970;p90p95;91409.898;;0.1044;0.1044
;US-MN;1970;p95p99;130692.4;;0.1194;0.1194
;US-MN;1970;p99.5p99.9;344753.09;;0.031500001;0.031500001
;US-MN;1970;p99.9p99.99;773830.69;;0.015900001;0.015900001
;US-MN;1970;p99p99.5;226020.7;;0.025800001;0.025800001
;US-MN;1970;p95p100;177071.8;;0.20209999;0.20209999
;US-MN;1970;p0p90;33749.199;;0.69349998;0.69349998
;US-MN;1970;p0p99;40578.398;;0.91720003;0.91720003
;US-MN;1970;p99.5p100;499191.31;;0.057;0.057
;US-MN;1969;p0p100;1532751.8;62797185993.0;1.0;1.0
;US-MN;1969;p99p100;419335.41;;0.096000001;0.096000001
;US-MN;1969;p99.9p100;1511659.0;;0.034600001;0.034600001
;US-MN;1969;p99.99p100;6571400.0;;0.015;0.015
;US-MN;1969;p90p100;139261.8;;0.3188;0.3188
;US-MN;1969;p90p95;91926.898;;0.1052;0.1052
;US-MN;1969;p95p99;128427.3;;0.1176;0.1176
;US-MN;1969;p99.5p99.9;381172.31;;0.034899998;0.034899998
;US-MN;1969;p99.9p99.99;949021.63;;0.0196;0.0196
;US-MN;1969;p99p99.5;231385.91;;0.0265;0.0265
;US-MN;1969;p95p100;186609.91;;0.21359999;0.21359999
;US-MN;1969;p0p90;33067.301;;0.68120003;0.68120003
;US-MN;1969;p0p99;39892.398;;0.90399998;0.90399998
;US-MN;1969;p99.5p100;607261.81;;0.069499999;0.069499999
;US-MN;1968;p0p100;1667274.1;60849574017.0;1.0;1.0
;US-MN;1968;p99p100;424658.59;;0.099399999;0.099399999
;US-MN;1968;p99.9p100;1404504.8;;0.032900002;0.032900002
;US-MN;1968;p99.99p100;5278645.0;;0.0124;0.0124
;US-MN;1968;p90p100;138037.5;;0.3231;0.3231
;US-MN;1968;p90p95;88758.797;;0.1039;0.1039
;US-MN;1968;p95p99;127943.5;;0.1198;0.1198
;US-MN;1968;p99.5p99.9;410218.59;;0.038400002;0.038400002
;US-MN;1968;p99.9p99.99;975293.88;;0.020500001;0.020500001
;US-MN;1968;p99p99.5;240309.09;;0.028100001;0.028100001
;US-MN;1968;p95p100;187290.8;;0.2192;0.2192
;US-MN;1968;p0p90;32138.0;;0.67690003;0.67690003
;US-MN;1968;p0p99;38870.102;;0.90060002;0.90060002
;US-MN;1968;p99.5p100;608972.19;;0.0713;0.0713
;US-MN;1967;p0p100;1722085.5;57343770044.0;1.0;1.0
;US-MN;1967;p99p100;398044.31;;0.097900003;0.097900003
;US-MN;1967;p99.9p100;1260918.9;;0.030999999;0.030999999
;US-MN;1967;p99.99p100;4393230.0;;0.0108;0.0108
;US-MN;1967;p90p100;132041.59;;0.32480001;0.32480001
;US-MN;1967;p90p95;82885.797;;0.1019;0.1019
;US-MN;1967;p95p99;127014.4;;0.125;0.125
;US-MN;1967;p99.5p99.9;382373.91;;0.037599999;0.037599999
;US-MN;1967;p99.9p99.99;913243.81;;0.020199999;0.020199999
;US-MN;1967;p99p99.5;238019.5;;0.029300001;0.029300001
;US-MN;1967;p95p100;181203.59;;0.2229;0.2229
;US-MN;1967;p0p90;30497.199;;0.67519999;0.67519999
;US-MN;1967;p0p99;37043.199;;0.90210003;0.90210003
;US-MN;1967;p99.5p100;558101.13;;0.068599999;0.068599999
;US-MN;1966;p0p100;1755575.8;54435954468.0;1.0;1.0
;US-MN;1966;p99p100;375267.41;;0.096199997;0.096199997
;US-MN;1966;p99.9p100;1319651.8;;0.033799998;0.033799998
;US-MN;1966;p99.99p100;5982091.5;;0.0153;0.0153
;US-MN;1966;p90p100;125110.3;;0.32080001;0.32080001
;US-MN;1966;p90p95;82563.602;;0.1059;0.1059
;US-MN;1966;p95p99;115883.1;;0.1189;0.1189
;US-MN;1966;p99.5p99.9;347738.5;;0.035700001;0.035700001
;US-MN;1966;p99.9p99.99;801106.63;;0.0185;0.0185
;US-MN;1966;p99p99.5;208772.91;;0.026799999;0.026799999
;US-MN;1966;p95p100;167762.8;;0.21510001;0.21510001
;US-MN;1966;p0p90;29424.1;;0.67900002;0.67900002
;US-MN;1966;p0p99;35602.602;;0.90380001;0.90380001
;US-MN;1966;p99.5p100;541874.69;;0.069499999;0.069499999
;US-MN;1965;p0p100;1782315.1;51655261439.0;1.0;1.0
;US-MN;1965;p99p100;374149.69;;0.1;0.1
;US-MN;1965;p99.9p100;1268289.5;;0.0339;0.0339
;US-MN;1965;p99.99p100;5049729.0;;0.0135;0.0135
;US-MN;1965;p90p100;122174.4;;0.3265;0.3265
;US-MN;1965;p90p95;79547.297;;0.1063;0.1063
;US-MN;1965;p95p99;112457.7;;0.1202;0.1202
;US-MN;1965;p99.5p99.9;350684.91;;0.037500001;0.037500001
;US-MN;1965;p99.9p99.99;847980.5;;0.020400001;0.020400001
;US-MN;1965;p99p99.5;214116.59;;0.0286;0.0286
;US-MN;1965;p95p100;164796.7;;0.2202;0.2202
;US-MN;1965;p0p90;28007.801;;0.6735;0.6735
;US-MN;1965;p0p99;34022.898;;0.89999998;0.89999998
;US-MN;1965;p99.5p100;534199.0;;0.071400002;0.071400002
;US-MN;1964;p0p100;1712469.0;47485144037.0;1.0;1.0
;US-MN;1964;p99p100;348187.09;;0.1;0.1
;US-MN;1964;p99.9p100;1101412.1;;0.031599998;0.031599998
;US-MN;1964;p99.99p100;4271795.5;;0.0123;0.0123
;US-MN;1964;p90p100;116691.4;;0.3351;0.3351
;US-MN;1964;p90p95;76886.797;;0.1104;0.1104
;US-MN;1964;p95p99;108551.1;;0.1247;0.1247
;US-MN;1964;p99.5p99.9;334141.09;;0.038400002;0.038400002
;US-MN;1964;p99.9p99.99;749156.81;;0.019400001;0.019400001
;US-MN;1964;p99p99.5;208717.41;;0.029999999;0.029999999
;US-MN;1964;p95p100;156477.09;;0.2247;0.2247
;US-MN;1964;p0p90;25730.199;;0.66500002;0.66500002
;US-MN;1964;p0p99;31659.9;;0.89999998;0.89999998
;US-MN;1964;p99.5p100;487606.09;;0.07;0.07
;US-MN;1963;p0p100;1722562.3;45910579163.0;1.0;1.0
;US-MN;1963;p99p100;317589.69;;0.093000002;0.093000002
;US-MN;1963;p99.9p100;1015576.2;;0.0298;0.0298
;US-MN;1963;p99.99p100;3836904.8;;0.0112;0.0112
;US-MN;1963;p90p100;109581.1;;0.32100001;0.32100001
;US-MN;1963;p90p95;72316.398;;0.1059;0.1059
;US-MN;1963;p95p99;104160.0;;0.1221;0.1221
;US-MN;1963;p99.5p99.9;309916.91;;0.0363;0.0363
;US-MN;1963;p99.9p99.99;701882.63;;0.0185;0.0185
;US-MN;1963;p99p99.5;184137.0;;0.027000001;0.027000001
;US-MN;1963;p95p100;146846.0;;0.21510001;0.21510001
;US-MN;1963;p0p90;25749.199;;0.67900002;0.67900002
;US-MN;1963;p0p99;31269.0;;0.90700001;0.90700001
;US-MN;1963;p99.5p100;451043.59;;0.066100001;0.066100001
;US-MN;1962;p0p100;1697429.8;43445981042.0;1.0;1.0
;US-MN;1962;p99p100;309490.41;;0.094499998;0.094499998
;US-MN;1962;p99.9p100;953075.38;;0.029100001;0.029100001
;US-MN;1962;p99.99p100;3242163.3;;0.0098999999;0.0098999999
;US-MN;1962;p90p100;106183.0;;0.32409999;0.32409999
;US-MN;1962;p90p95;69837.0;;0.1066;0.1066
;US-MN;1962;p95p99;100788.8;;0.1231;0.1231
;US-MN;1962;p99.5p99.9;307739.41;;0.037599999;0.037599999
;US-MN;1962;p99.9p99.99;699294.81;;0.019200001;0.019200001
;US-MN;1962;p99p99.5;182005.91;;0.027799999;0.027799999
;US-MN;1962;p95p100;142529.09;;0.2175;0.2175
;US-MN;1962;p0p90;24603.0;;0.67589998;0.67589998
;US-MN;1962;p0p99;29965.4;;0.90549999;0.90549999
;US-MN;1962;p99.5p100;436973.91;;0.066699997;0.066699997
;US-MN;1961;p0p100;1710461.6;42267327183.0;1.0;1.0
;US-MN;1961;p99p100;327238.69;;0.1011;0.1011
;US-MN;1961;p99.9p100;1045809.1;;0.032299999;0.032299999
;US-MN;1961;p99.99p100;3575818.5;;0.0111;0.0111
;US-MN;1961;p90p100;107390.1;;0.3319;0.3319
;US-MN;1961;p90p95;68303.898;;0.1055;0.1055
;US-MN;1961;p95p99;101286.7;;0.1252;0.1252
;US-MN;1961;p99.5p99.9;320828.81;;0.039700001;0.039700001
;US-MN;1961;p99.9p99.99;764974.0;;0.021299999;0.021299999
;US-MN;1961;p99p99.5;188591.91;;0.029100001;0.029100001
;US-MN;1961;p95p100;146476.59;;0.2263;0.2263
;US-MN;1961;p0p90;24022.801;;0.6681;0.6681
;US-MN;1961;p0p99;29381.0;;0.89889997;0.89889997
;US-MN;1961;p99.5p100;465887.0;;0.071999997;0.071999997
;US-MN;1960;p0p100;1689253.9;40243305015.0;1.0;1.0
;US-MN;1960;p99p100;308130.19;;0.098399997;0.098399997
;US-MN;1960;p99.9p100;992143.0;;0.0317;0.0317
;US-MN;1960;p99.99p100;3505039.0;;0.0112;0.0112
;US-MN;1960;p90p100;102465.4;;0.3272;0.3272
;US-MN;1960;p90p95;65745.102;;0.105;0.105
;US-MN;1960;p95p99;96949.797;;0.1238;0.1238
;US-MN;1960;p99.5p99.9;301095.59;;0.0385;0.0385
;US-MN;1960;p99.9p99.99;713141.88;;0.020500001;0.020500001
;US-MN;1960;p99p99.5;176914.91;;0.028200001;0.028200001
;US-MN;1960;p95p100;139185.8;;0.22220001;0.22220001
;US-MN;1960;p0p90;23415.199;;0.6728;0.6728
;US-MN;1960;p0p99;28524.199;;0.9016;0.9016
;US-MN;1960;p99.5p100;439346.19;;0.070100002;0.070100002
;US-MN;1959;p0p100;1692461.9;38882137914.0;1.0;1.0
;US-MN;1959;p99p100;299764.81;;0.098800004;0.098800004
;US-MN;1959;p99.9p100;923652.5;;0.0305;0.0305
;US-MN;1959;p99.99p100;3031420.3;;0.0099999998;0.0099999998
;US-MN;1959;p90p100;100773.0;;0.33230001;0.33230001
;US-MN;1959;p90p95;64485.398;;0.1063;0.1063
;US-MN;1959;p95p99;96386.703;;0.12710001;0.12710001
;US-MN;1959;p99.5p99.9;291497.19;;0.038400002;0.038400002
;US-MN;1959;p99.9p99.99;689645.31;;0.020500001;0.020500001
;US-MN;1959;p99p99.5;181586.8;;0.029899999;0.029899999
;US-MN;1959;p95p100;137061.0;;0.226;0.226
;US-MN;1959;p0p90;22501.199;;0.66769999;0.66769999
;US-MN;1959;p0p99;27607.0;;0.9012;0.9012
;US-MN;1959;p99.5p100;417949.69;;0.068899997;0.068899997
;US-MN;1958;p0p100;1649092.1;37242464237.0;1.0;1.0
;US-MN;1958;p99p100;281264.59;;0.096500002;0.096500002
;US-MN;1958;p99.9p100;857091.31;;0.0294;0.0294
;US-MN;1958;p99.99p100;2850266.0;;0.0098000001;0.0098000001
;US-MN;1958;p90p100;95383.398;;0.32730001;0.32730001
;US-MN;1958;p90p95;61631.398;;0.1057;0.1057
;US-MN;1958;p95p99;91103.703;;0.125;0.125
;US-MN;1958;p99.5p99.9;275091.5;;0.037799999;0.037799999
;US-MN;1958;p99.9p99.99;635683.81;;0.0196;0.0196
;US-MN;1958;p99p99.5;171000.7;;0.029300001;0.029300001
;US-MN;1958;p95p100;129135.7;;0.22149999;0.22149999
;US-MN;1958;p0p90;21787.0;;0.67269999;0.67269999
;US-MN;1958;p0p99;26599.9;;0.90350002;0.90350002
;US-MN;1958;p99.5p100;391527.41;;0.067199998;0.067199998
;US-MN;1957;p0p100;1722912.9;36739274444.0;1.0;1.0
;US-MN;1957;p99p100;275670.31;;0.0955;0.0955
;US-MN;1957;p99.9p100;858207.13;;0.0297;0.0297
;US-MN;1957;p99.99p100;2847347.5;;0.0098999999;0.0098999999
;US-MN;1957;p90p100;93754.898;;0.3249;0.3249
;US-MN;1957;p90p95;61344.0;;0.1063;0.1063
;US-MN;1957;p95p99;88790.703;;0.1231;0.1231
;US-MN;1957;p99.5p99.9;272112.41;;0.037700001;0.037700001
;US-MN;1957;p99.9p99.99;637179.19;;0.0199;0.0199
;US-MN;1957;p99p99.5;162011.41;;0.028100001;0.028100001
;US-MN;1957;p95p100;126166.2;;0.2186;0.2186
;US-MN;1957;p0p90;21644.199;;0.67510003;0.67510003
;US-MN;1957;p0p99;26362.199;;0.90450001;0.90450001
;US-MN;1957;p99.5p100;389328.81;;0.067500003;0.067500003
;US-MN;1956;p0p100;1837730.5;36349942648.0;1.0;1.0
;US-MN;1956;p99p100;288963.81;;0.1007;0.1007
;US-MN;1956;p99.9p100;917481.63;;0.032000002;0.032000002
;US-MN;1956;p99.99p100;2686278.3;;0.0093999999;0.0093999999
;US-MN;1956;p90p100;94482.0;;0.3292;0.3292
;US-MN;1956;p90p95;58989.0;;0.1028;0.1028
;US-MN;1956;p95p99;90269.0;;0.1258;0.1258
;US-MN;1956;p99.5p99.9;279810.81;;0.039000001;0.039000001
;US-MN;1956;p99.9p99.99;722025.63;;0.022600001;0.022600001
;US-MN;1956;p99p99.5;170561.5;;0.0297;0.0297
;US-MN;1956;p95p100;130008.2;;0.2265;0.2265
;US-MN;1956;p0p90;21384.801;;0.67070001;0.67070001
;US-MN;1956;p0p99;26068.1;;0.89929998;0.89929998
;US-MN;1956;p99.5p100;407364.09;;0.071000002;0.071000002
;US-MN;1955;p0p100;1876212.0;35843402602.0;1.0;1.0
;US-MN;1955;p99p100;296011.41;;0.1041;0.1041
;US-MN;1955;p99.9p100;897244.88;;0.031500001;0.031500001
;US-MN;1955;p99.99p100;2811142.3;;0.0098999999;0.0098999999
;US-MN;1955;p90p100;91860.0;;0.32300001;0.32300001
;US-MN;1955;p90p95;55744.699;;0.097999997;0.097999997
;US-MN;1955;p95p99;85945.297;;0.1209;0.1209
;US-MN;1955;p99.5p99.9;294259.09;;0.0414;0.0414
;US-MN;1955;p99.9p99.99;684640.63;;0.0217;0.0217
;US-MN;1955;p99p99.5;177169.3;;0.031099999;0.031099999
;US-MN;1955;p95p100;127955.9;;0.22499999;0.22499999
;US-MN;1955;p0p90;21394.801;;0.67699999;0.67699999
;US-MN;1955;p0p99;25737.801;;0.89590001;0.89590001
;US-MN;1955;p99.5p100;414853.69;;0.072899997;0.072899997
;US-MN;1954;p0p100;1777102.8;34027569302.0;1.0;1.0
;US-MN;1954;p99p100;266201.09;;0.098099999;0.098099999
;US-MN;1954;p99.9p100;805682.38;;0.0297;0.0297
;US-MN;1954;p99.99p100;2262202.5;;0.0082999999;0.0082999999
;US-MN;1954;p90p100;84940.703;;0.31299999;0.31299999
;US-MN;1954;p90p95;52752.0;;0.097199999;0.097199999
;US-MN;1954;p95p99;79944.898;;0.1178;0.1178
;US-MN;1954;p99.5p99.9;267882.19;;0.039500002;0.039500002
;US-MN;1954;p99.9p99.99;643866.81;;0.021400001;0.021400001
;US-MN;1954;p99p99.5;156960.91;;0.028899999;0.028899999
;US-MN;1954;p95p100;117187.4;;0.2159;0.2159
;US-MN;1954;p0p90;20714.0;;0.68690002;0.68690002
;US-MN;1954;p0p99;24725.301;;0.90189999;0.90189999
;US-MN;1954;p99.5p100;375441.5;;0.069200002;0.069200002
;US-MN;1953;p0p100;1764005.5;33264500381.0;1.0;1.0
;US-MN;1953;p99p100;256156.8;;0.096000001;0.096000001
;US-MN;1953;p99.9p100;765009.38;;0.0287;0.0287
;US-MN;1953;p99.99p100;2424601.5;;0.0091000004;0.0091000004
;US-MN;1953;p90p100;83071.602;;0.3114;0.3114
;US-MN;1953;p90p95;52238.699;;0.097900003;0.097900003
;US-MN;1953;p95p99;78240.898;;0.1173;0.1173
;US-MN;1953;p99.5p99.9;259224.3;;0.038899999;0.038899999
;US-MN;1953;p99.9p99.99;580600.13;;0.0196;0.0196
;US-MN;1953;p99p99.5;151970.3;;0.0285;0.0285
;US-MN;1953;p95p100;113824.5;;0.21340001;0.21340001
;US-MN;1953;p0p90;20410.699;;0.68870002;0.68870002
;US-MN;1953;p0p99;24355.0;;0.90399998;0.90399998
;US-MN;1953;p99.5p100;360353.5;;0.067599997;0.067599997
;US-MN;1952;p0p100;1733438.0;32055268472.0;1.0;1.0
;US-MN;1952;p99p100;255133.41;;0.098800004;0.098800004
;US-MN;1952;p99.9p100;809841.0;;0.031399999;0.031399999
;US-MN;1952;p99.99p100;2526404.3;;0.0098000001;0.0098000001
;US-MN;1952;p90p100;87255.0;;0.33790001;0.33790001
;US-MN;1952;p90p95;63805.301;;0.1236;0.1236
;US-MN;1952;p95p99;76242.602;;0.1181;0.1181
;US-MN;1952;p99.5p99.9;252771.41;;0.0392;0.0392
;US-MN;1952;p99.9p99.99;619243.0;;0.021600001;0.021600001
;US-MN;1952;p99p99.5;146082.8;;0.0283;0.0283
;US-MN;1952;p95p100;111995.5;;0.21690001;0.21690001
;US-MN;1952;p0p90;18920.199;;0.6595;0.6595
;US-MN;1952;p0p99;23503.301;;0.9012;0.9012
;US-MN;1952;p99.5p100;364190.19;;0.070500001;0.070500001
;US-MN;1951;p0p100;1825401.0;32157501330.0;1.0;1.0
;US-MN;1951;p99p100;294477.69;;0.1131;0.1131
;US-MN;1951;p99.9p100;966587.5;;0.037099998;0.037099998
;US-MN;1951;p99.99p100;2443344.5;;0.0093999999;0.0093999999
;US-MN;1951;p90p100;86848.703;;0.3335;0.3335
;US-MN;1951;p90p95;51636.102;;0.099200003;0.099200003
;US-MN;1951;p95p99;78286.5;;0.1203;0.1203
;US-MN;1951;p99.5p99.9;291455.5;;0.044799998;0.044799998
;US-MN;1951;p99.9p99.99;805356.63;;0.027799999;0.027799999
;US-MN;1951;p99p99.5;161338.59;;0.030999999;0.030999999
;US-MN;1951;p95p100;121737.3;;0.23379999;0.23379999
;US-MN;1951;p0p99;17559.699;;0.66759998;0.66759998
;US-MN;1951;p99.5p100;427338.41;;0.082099997;0.082099997
;US-MN;1950;p0p100;2034150.1;30612829911.0;1.0;1.0
;US-MN;1950;p99p100;286310.41;;0.1149;0.1149
;US-MN;1950;p99.9p100;925003.19;;0.037099998;0.037099998
;US-MN;1950;p99.99p100;2390158.0;;0.0096000005;0.0096000005
;US-MN;1950;p90p100;84418.703;;0.3387;0.3387
;US-MN;1950;p90p95;50743.699;;0.1018;0.1018
;US-MN;1950;p95p99;75980.203;;0.122;0.122
;US-MN;1950;p99.5p99.9;287182.09;;0.046100002;0.046100002
;US-MN;1950;p99.9p99.99;769658.0;;0.027799999;0.027799999
;US-MN;1950;p99p99.5;157988.09;;0.0317;0.0317
;US-MN;1950;p95p100;118003.2;;0.2368;0.2368
;US-MN;1950;p0p90;18304.4;;0.66109997;0.66109997
;US-MN;1950;p0p99;22280.4;;0.88510001;0.88510001
;US-MN;1950;p99.5p100;414651.5;;0.0832;0.0832
;US-MN;1949;p0p100;1896600.3;27754020507.0;1.0;1.0
;US-MN;1949;p99p100;246237.2;;0.1081;0.1081
;US-MN;1949;p99.9p100;761644.0;;0.033399999;0.033399999
;US-MN;1949;p99.99p100;2220854.8;;0.0097000003;0.0097000003
;US-MN;1949;p90p100;76413.5;;0.3353;0.3353
;US-MN;1949;p90p95;46220.102;;0.1014;0.1014
;US-MN;1949;p95p99;71695.398;;0.1259;0.1259
;US-MN;1949;p99.5p99.9;250253.59;;0.043900002;0.043900002
;US-MN;1949;p99.9p99.99;599523.81;;0.023700001;0.023700001
;US-MN;1949;p99p99.5;139941.7;;0.0307;0.0307
;US-MN;1949;p95p100;106573.1;;0.2339;0.2339
;US-MN;1949;p0p90;16828.199;;0.66469997;0.66469997
;US-MN;1949;p0p99;20529.5;;0.8919;0.8919
;US-MN;1949;p99.5p100;352531.81;;0.077399999;0.077399999
;US-MN;1948;p0p100;2001085.4;29694308084.0;1.0;1.0
;US-MN;1948;p99p100;270367.19;;0.1103;0.1103
;US-MN;1948;p99.9p100;848028.0;;0.034600001;0.034600001
;US-MN;1948;p99.99p100;2577485.5;;0.0105;0.0105
;US-MN;1948;p90p100;80801.398;;0.32960001;0.32960001
;US-MN;1948;p90p95;46362.898;;0.094599999;0.094599999
;US-MN;1948;p95p99;76470.602;;0.1248;0.1248
;US-MN;1948;p99.5p99.9;268886.81;;0.043900002;0.043900002
;US-MN;1948;p99.9p99.99;655875.31;;0.0241;0.0241
;US-MN;1948;p99p99.5;156023.3;;0.031800002;0.031800002
;US-MN;1948;p95p100;115236.0;;0.235;0.235
;US-MN;1948;p0p90;18261.1;;0.67040002;0.67040002
;US-MN;1948;p0p99;22032.301;;0.8897;0.8897
;US-MN;1948;p99.5p100;384714.0;;0.078500003;0.078500003
;US-MN;1947;p0p100;2086674.5;26506734223.0;1.0;1.0
;US-MN;1947;p99p100;253659.7;;0.1152;0.1152
;US-MN;1947;p99.9p100;777133.13;;0.035300002;0.035300002
;US-MN;1947;p99.99p100;2410201.3;;0.011;0.011
;US-MN;1947;p90p100;79828.5;;0.36269999;0.36269999
;US-MN;1947;p90p95;48835.898;;0.1109;0.1109
;US-MN;1947;p95p99;75128.102;;0.1365;0.1365
;US-MN;1947;p99.5p99.9;253504.09;;0.046100002;0.046100002
;US-MN;1947;p99.9p99.99;595711.0;;0.0244;0.0244
;US-MN;1947;p99p99.5;149077.5;;0.0339;0.0339
;US-MN;1947;p95p100;110824.2;;0.2518;0.2518
;US-MN;1947;p0p90;15584.7;;0.63730001;0.63730001
;US-MN;1947;p0p99;19669.801;;0.88480002;0.88480002
;US-MN;1947;p99.5p100;358228.91;;0.0814;0.0814
;US-MN;1946;p0p100;2711346.8;26128938051.0;1.0;1.0
;US-MN;1946;p99p100;273669.19;;0.1251;0.1251
;US-MN;1946;p99.9p100;856683.88;;0.0392;0.0392
;US-MN;1946;p99.99p100;2636368.5;;0.0121;0.0121
;US-MN;1946;p90p100;79776.602;;0.36480001;0.36480001
;US-MN;1946;p90p95;44676.898;;0.1022;0.1022
;US-MN;1946;p95p99;75184.297;;0.1375;0.1375
;US-MN;1946;p99.5p99.9;275233.69;;0.050299998;0.050299998
;US-MN;1946;p99.9p99.99;658957.63;;0.027100001;0.027100001
;US-MN;1946;p99p99.5;155802.8;;0.035599999;0.035599999
;US-MN;1946;p95p100;114876.9;;0.26269999;0.26269999
;US-MN;1946;p0p90;15433.2;;0.63520002;0.63520002
;US-MN;1946;p0p99;19324.301;;0.87489998;0.87489998
;US-MN;1946;p99.5p100;391523.31;;0.089500003;0.089500003
;US-MN;1945;p0p100;3001694.5;24573866017.0;1.0;1.0
;US-MN;1945;p99p100;261562.0;;0.12729999;0.12729999
;US-MN;1945;p99.9p100;867753.13;;0.042199999;0.042199999
;US-MN;1945;p99.99p100;2636821.0;;0.0128;0.0128
;US-MN;1945;p90p100;75905.297;;0.36930001;0.36930001
;US-MN;1945;p90p95;44445.398;;0.1081;0.1081
;US-MN;1945;p95p99;68826.398;;0.134;0.134
;US-MN;1945;p99.5p99.9;262222.31;;0.050999999;0.050999999
;US-MN;1945;p99.9p99.99;671182.88;;0.0294;0.0294
;US-MN;1945;p99p99.5;139802.09;;0.034000002;0.034000002
;US-MN;1945;p95p100;107366.7;;0.26120001;0.26120001
;US-MN;1945;p0p90;14401.0;;0.63059998;0.63059998
;US-MN;1945;p0p99;18117.4;;0.87269998;0.87269998
;US-MN;1945;p99.5p100;383326.59;;0.0933;0.0933
;US-MN;1944;p0p100;2919004.5;22841966133.0;1.0;1.0
;US-MN;1944;p99p100;211643.5;;0.1108;0.1108
;US-MN;1944;p99.9p100;690903.13;;0.036200002;0.036200002
;US-MN;1944;p99.99p100;1956729.1;;0.0102;0.0102
;US-MN;1944;p90p100;67141.5;;0.35139999;0.35139999
;US-MN;1944;p90p95;44874.0;;0.1174;0.1174
;US-MN;1944;p95p99;60453.102;;0.1266;0.1266
;US-MN;1944;p99.5p99.9;213007.8;;0.044599999;0.044599999
;US-MN;1944;p99.9p99.99;550544.5;;0.025900001;0.025900001
;US-MN;1944;p99p99.5;114709.5;;0.029999999;0.029999999
;US-MN;1944;p95p100;90525.102;;0.2369;0.2369
;US-MN;1944;p0p90;13696.8;;0.64520001;0.64520001
;US-MN;1944;p0p99;17160.9;;0.88919997;0.88919997
;US-MN;1944;p99.5p100;308597.59;;0.080799997;0.080799997
;US-MN;1943;p0p100;3149641.5;23779513626.0;1.0;1.0
;US-MN;1943;p99p100;237580.59;;0.1193;0.1193
;US-MN;1943;p99.9p100;783504.38;;0.039299998;0.039299998
;US-MN;1943;p99.99p100;1916744.0;;0.0096000005;0.0096000005
;US-MN;1943;p90p100;72427.297;;0.36359999;0.36359999
;US-MN;1943;p90p95;45003.301;;0.113;0.113
;US-MN;1943;p95p99;65369.602;;0.1313;0.1313
;US-MN;1943;p99.5p99.9;239316.0;;0.048099998;0.048099998
;US-MN;1943;p99.9p99.99;662215.13;;0.029899999;0.029899999
;US-MN;1943;p99p99.5;126981.4;;0.0319;0.0319
;US-MN;1943;p95p100;99833.203;;0.25060001;0.25060001
;US-MN;1943;p0p90;14080.4;;0.63630003;0.63630003
;US-MN;1943;p0p99;17718.5;;0.88069999;0.88069999
;US-MN;1943;p99.5p100;348169.69;;0.087399997;0.087399997
;US-MN;1942;p0p100;3160062.8;21103796881.0;1.0;1.0
;US-MN;1942;p99p100;222294.0;;0.12530001;0.12530001
;US-MN;1942;p99.9p100;780019.81;;0.044;0.044
;US-MN;1942;p99.99p100;2421088.8;;0.0137;0.0137
;US-MN;1942;p90p100;64894.801;;0.36590001;0.36590001
;US-MN;1942;p90p95;38799.102;;0.1094;0.1094
;US-MN;1942;p95p99;58136.102;;0.1311;0.1311
;US-MN;1942;p99.5p99.9;217154.2;;0.048999999;0.048999999
;US-MN;1942;p99.9p99.99;597574.19;;0.030300001;0.030300001
;US-MN;1942;p99p99.5;114841.6;;0.032400001;0.032400001
;US-MN;1942;p95p100;90988.398;;0.25650001;0.25650001
;US-MN;1942;p0p90;12497.0;;0.63419998;0.63419998
;US-MN;1942;p0p99;15669.2;;0.87470001;0.87470001
;US-MN;1942;p99.5p100;329734.5;;0.093000002;0.093000002
;US-MN;1941;p0p100;3282068.0;17889752397.0;1.0;1.0
;US-MN;1941;p99p100;210186.41;;0.1397;0.1397
;US-MN;1941;p99.9p100;716062.69;;0.047600001;0.047600001
;US-MN;1941;p99.99p100;2164305.8;;0.0144;0.0144
;US-MN;1941;p90p100;62640.102;;0.41639999;0.41639999
;US-MN;1941;p90p95;39569.699;;0.13150001;0.13150001
;US-MN;1941;p95p99;54689.699;;0.1454;0.1454
;US-MN;1941;p99.5p99.9;207067.09;;0.055100001;0.055100001
;US-MN;1941;p99.9p99.99;554649.5;;0.033199999;0.033199999
;US-MN;1941;p99p99.5;111370.2;;0.037;0.037
;US-MN;1941;p95p100;85827.797;;0.28529999;0.28529999
;US-MN;1941;p0p90;9751.2002;;0.58340001;0.58340001
;US-MN;1941;p0p99;13071.7;;0.8603;0.8603
;US-MN;1941;p99.5p100;308944.69;;0.1027;0.1027
;US-MN;1940;p0p100;3344176.5;16541370895.0;1.0;1.0
;US-MN;1940;p99p100;199882.5;;0.14380001;0.14380001
;US-MN;1940;p99.9p100;674282.31;;0.048500001;0.048500001
;US-MN;1940;p99.99p100;2019963.6;;0.0145;0.0145
;US-MN;1940;p90p100;60031.398;;0.43180001;0.43180001
;US-MN;1940;p90p95;37774.801;;0.13590001;0.13590001
;US-MN;1940;p95p99;52820.898;;0.152;0.152
;US-MN;1940;p99.5p99.9;197006.59;;0.056699999;0.056699999
;US-MN;1940;p99.9p99.99;524275.5;;0.0339;0.0339
;US-MN;1940;p99p99.5;107155.0;;0.0385;0.0385
;US-MN;1940;p95p100;82260.0;;0.2958;0.2958
;US-MN;1940;p0p90;8781.5;;0.56849998;0.56849998
;US-MN;1940;p0p99;12024.0;;0.85619998;0.85619998
;US-MN;1940;p99.5p100;292539.5;;0.1052;0.1052
;US-MN;1939;p0p100;3456907.0;16453547416.0;1.0;1.0
;US-MN;1939;p99p100;194022.91;;0.1376;0.1376
;US-MN;1939;p99.9p100;660787.69;;0.0469;0.0469
;US-MN;1939;p99.99p100;1996540.3;;0.0142;0.0142
;US-MN;1939;p90p100;55071.398;;0.3906;0.3906
;US-MN;1939;p90p95;29642.4;;0.1051;0.1051
;US-MN;1939;p95p99;51784.0;;0.1469;0.1469
;US-MN;1939;p99.5p99.9;189269.3;;0.0537;0.0537
;US-MN;1939;p99.9p99.99;512189.41;;0.032699998;0.032699998
;US-MN;1939;p99p99.5;104372.0;;0.037;0.037
;US-MN;1939;p95p100;80250.398;;0.28459999;0.28459999
;US-MN;1939;p0p90;9561.9004;;0.61040002;0.61040002
;US-MN;1939;p0p99;12281.3;;0.8624;0.8624
;US-MN;1939;p99.5p100;283622.0;;0.1006;0.1006
;US-MN;1938;p0p100;3206173.5;15424340641.0;1.0;1.0
;US-MN;1938;p99p100;178741.2;;0.1328;0.1328
;US-MN;1938;p99.9p100;606300.69;;0.0451;0.0451
;US-MN;1938;p99.99p100;1872073.1;;0.0139;0.0139
;US-MN;1938;p90p100;51003.102;;0.37900001;0.37900001
;US-MN;1938;p90p95;28214.6;;0.1048;0.1048
;US-MN;1938;p95p99;47142.398;;0.1401;0.1401
;US-MN;1938;p99.5p99.9;174998.5;;0.052000001;0.052000001
;US-MN;1938;p99.9p99.99;464315.0;;0.031099999;0.031099999
;US-MN;1938;p99p99.5;95957.0;;0.035700001;0.035700001
;US-MN;1938;p95p100;73479.703;;0.273;0.273
;US-MN;1938;p0p90;9305.2998;;0.62239999;0.62239999
;US-MN;1938;p0p99;11786.5;;0.86720002;0.86720002
;US-MN;1938;p99.5p100;261440.09;;0.097099997;0.097099997
;US-MN;1937;p0p100;3362701.8;16504508825.0;1.0;1.0
;US-MN;1937;p99p100;201179.7;;0.1373;0.1373
;US-MN;1937;p99.9p100;694071.69;;0.047400001;0.047400001
;US-MN;1937;p99.99p100;1890239.3;;0.0129;0.0129
;US-MN;1937;p90p100;53122.0;;0.36250001;0.36250001
;US-MN;1937;p90p95;27216.5;;0.092900001;0.092900001
;US-MN;1937;p95p99;48073.699;;0.1312;0.1312
;US-MN;1937;p99.5p99.9;199064.59;;0.054299999;0.054299999
;US-MN;1937;p99.9p99.99;561212.38;;0.034499999;0.034499999
;US-MN;1937;p99p99.5;104296.2;;0.035599999;0.035599999
;US-MN;1937;p95p100;78691.297;;0.2685;0.2685
;US-MN;1937;p0p90;10397.3;;0.63859999;0.63859999
;US-MN;1937;p0p99;12769.1;;0.86269999;0.86269999
;US-MN;1937;p99.5p100;298065.31;;0.1017;0.1017
;US-MN;1936;p0p100;3314023.5;14913449633.0;1.0;1.0
;US-MN;1936;p99p100;232863.5;;0.17309999;0.17309999
;US-MN;1936;p99.9p100;817463.69;;0.060800001;0.060800001
;US-MN;1936;p99.99p100;2147183.0;;0.016000001;0.016000001
;US-MN;1936;p90p100;56374.102;;0.41909999;0.41909999
;US-MN;1936;p90p95;26457.4;;0.098300003;0.098300003
;US-MN;1936;p95p99;48680.199;;0.14480001;0.14480001
;US-MN;1936;p99.5p99.9;232126.91;;0.068999998;0.068999998
;US-MN;1936;p99.9p99.99;669765.88;;0.044799998;0.044799998
;US-MN;1936;p99p99.5;116539.7;;0.043299999;0.043299999
;US-MN;1936;p95p100;85519.703;;0.3179;0.3179
;US-MN;1936;p0p90;8724.7998;;0.58380002;0.58380002
;US-MN;1936;p0p99;11234.8;;0.82690001;0.82690001
;US-MN;1936;p99.5p100;349191.91;;0.12980001;0.12980001
;US-MN;1935;p0p100;3300202.3;14334859577.0;1.0;1.0
;US-MN;1935;p99p100;177961.0;;0.1355;0.1355
;US-MN;1935;p99.9p100;601916.38;;0.0458;0.0458
;US-MN;1935;p99.99p100;1613410.8;;0.0123;0.0123
;US-MN;1935;p90p100;47510.199;;0.36160001;0.36160001
;US-MN;1935;p90p95;25057.199;;0.095399998;0.095399998
;US-MN;1935;p95p99;42498.898;;0.1294;0.1294
;US-MN;1935;p99.5p99.9;176924.0;;0.0539;0.0539
;US-MN;1935;p99.9p99.99;489563.5;;0.033500001;0.033500001
;US-MN;1935;p99p99.5;94011.898;;0.035799999;0.035799999
;US-MN;1935;p95p100;69580.602;;0.26480001;0.26480001
;US-MN;1935;p0p90;9339.5;;0.63980001;0.63980001
;US-MN;1935;p0p99;11473.2;;0.86449999;0.86449999
;US-MN;1935;p99.5p100;261916.09;;0.099699996;0.099699996
;US-MN;1934;p0p100;2812147.3;11436290949.0;1.0;1.0
;US-MN;1934;p99p100;162315.8;;0.1523;0.1523
;US-MN;1934;p99.9p100;543920.81;;0.050999999;0.050999999
;US-MN;1934;p99.99p100;1462724.3;;0.0137;0.0137
;US-MN;1934;p90p100;45586.5;;0.4278;0.4278
;US-MN;1934;p90p95;24084.301;;0.113;0.113
;US-MN;1934;p95p99;43328.898;;0.1626;0.1626
;US-MN;1934;p99.5p99.9;161479.59;;0.060600001;0.060600001
;US-MN;1934;p99.9p99.99;441866.81;;0.037300002;0.037300002
;US-MN;1934;p99p99.5;86663.0;;0.0407;0.0407
;US-MN;1934;p95p100;67105.703;;0.31479999;0.31479999
;US-MN;1934;p0p90;6773.7998;;0.57209998;0.57209998
;US-MN;1934;p0p99;9125.0996;;0.8477;0.8477
;US-MN;1934;p99.5p100;237961.3;;0.1116;0.1116
;US-MN;1933;p0p100;2750856.0;10307547712.0;1.0;1.0
;US-MN;1933;p99p100;145993.2;;0.1496;0.1496
;US-MN;1933;p99.9p100;513630.5;;0.0526;0.0526
;US-MN;1933;p99.99p100;1569741.8;;0.016100001;0.016100001
;US-MN;1933;p90p100;41556.699;;0.4258;0.4258
;US-MN;1933;p90p95;24393.9;;0.125;0.125
;US-MN;1933;p95p99;37788.0;;0.1549;0.1549
;US-MN;1933;p99.5p99.9;138104.7;;0.056600001;0.056600001
;US-MN;1933;p99.9p99.99;396284.81;;0.036499999;0.036499999
;US-MN;1933;p99p99.5;78776.5;;0.040399998;0.040399998
;US-MN;1933;p95p100;59406.699;;0.30430001;0.30430001
;US-MN;1933;p0p90;6187.2998;;0.57059997;0.57059997
;US-MN;1933;p0p99;8383.5996;;0.85039997;0.85039997
;US-MN;1933;p99.5p100;213209.91;;0.1092;0.1092
;US-MN;1932;p0p100;2797686.8;11469131660.0;1.0;1.0
;US-MN;1932;p99p100;145986.3;;0.13240001;0.13240001
;US-MN;1932;p99.9p100;483340.19;;0.0438;0.0438
;US-MN;1932;p99.99p100;1318404.8;;0.012;0.012
;US-MN;1932;p90p100;44036.199;;0.39930001;0.39930001
;US-MN;1932;p90p95;26811.5;;0.1215;0.1215
;US-MN;1932;p95p99;40521.898;;0.147;0.147
;US-MN;1932;p99.5p99.9;142584.7;;0.0517;0.0517
;US-MN;1932;p99.9p99.99;390555.09;;0.0319;0.0319
;US-MN;1932;p99p99.5;81236.703;;0.036800001;0.036800001
;US-MN;1932;p95p100;61601.801;;0.2793;0.2793
;US-MN;1932;p0p90;7342.2998;;0.59909999;0.59909999
;US-MN;1932;p0p99;9666.2002;;0.86760002;0.86760002
;US-MN;1932;p99.5p100;210735.8;;0.0955;0.0955
;US-MN;1931;p0p100;2538122.5;12728247359.0;1.0;1.0
;US-MN;1931;p99p100;177391.59;;0.1426;0.1426
;US-MN;1931;p99.9p100;570317.0;;0.045899998;0.045899998
;US-MN;1931;p99.99p100;1576027.8;;0.0127;0.0127
;US-MN;1931;p90p100;51038.199;;0.41029999;0.41029999
;US-MN;1931;p90p95;29153.801;;0.1172;0.1172
;US-MN;1931;p95p99;45869.301;;0.14749999;0.14749999
;US-MN;1931;p99.5p99.9;177266.59;;0.057;0.057
;US-MN;1931;p99.9p99.99;458571.31;;0.033199999;0.033199999
;US-MN;1931;p99p99.5;98906.5;;0.039799999;0.039799999
;US-MN;1931;p95p100;72133.297;;0.28999999;0.28999999
;US-MN;1931;p0p90;8190.6001;;0.5927;0.5927
;US-MN;1931;p0p99;10771.8;;0.8574;0.8574
;US-MN;1931;p99.5p100;255876.7;;0.1029;0.1029
;US-MN;1930;p0p100;2375028.0;14073472163.0;1.0;1.0
;US-MN;1930;p99p100;203334.09;;0.1453;0.1453
;US-MN;1930;p99.9p100;707260.19;;0.050500002;0.050500002
;US-MN;1930;p99.99p100;2155699.8;;0.0154;0.0154
;US-MN;1930;p90p100;52225.0;;0.3732;0.3732
;US-MN;1930;p90p95;23835.301;;0.085199997;0.085199997
;US-MN;1930;p95p99;47342.301;;0.1353;0.1353
;US-MN;1930;p99.5p99.9;197931.8;;0.056600001;0.056600001
;US-MN;1930;p99.9p99.99;546322.5;;0.035100002;0.035100002
;US-MN;1930;p99p99.5;106870.8;;0.038199998;0.038199998
;US-MN;1930;p95p100;78429.102;;0.2802;0.2802
;US-MN;1930;p0p90;9860.4004;;0.63419998;0.63419998
;US-MN;1930;p0p99;12080.6;;0.85470003;0.85470003
;US-MN;1930;p99.5p100;299797.5;;0.1071;0.1071
;US-MN;1929;p0p100;2492955.5;15448412911.0;1.0;1.0
;US-MN;1929;p99p100;271627.5;;0.17569999;0.17569999
;US-MN;1929;p99.9p100;1118919.0;;0.072400004;0.072400004
;US-MN;1929;p99.99p100;3764537.0;;0.0243;0.0243
;US-MN;1929;p90p100;58312.102;;0.37709999;0.37709999
;US-MN;1929;p90p95;22367.301;;0.072300002;0.072300002
;US-MN;1929;p95p99;48274.398;;0.1249;0.1249
;US-MN;1929;p99.5p99.9;247462.0;;0.064000003;0.064000003
;US-MN;1929;p99.9p99.99;824961.81;;0.048;0.048
;US-MN;1929;p99p99.5;121501.7;;0.039299998;0.039299998
;US-MN;1929;p95p100;92861.5;;0.3003;0.3003
;US-MN;1929;p0p90;10773.4;;0.62709999;0.62709999
;US-MN;1929;p0p99;12874.1;;0.82429999;0.82429999
;US-MN;1929;p99.5p100;421753.31;;0.1364;0.1364
;US-MN;1928;p0p100;2426026.5;14938102518.0;1.0;1.0
;US-MN;1928;p99p100;283993.69;;0.18870001;0.18870001
;US-MN;1928;p99.9p100;1299848.8;;0.086400002;0.086400002
;US-MN;1928;p99.99p100;5340174.5;;0.035500001;0.035500001
;US-MN;1928;p90p100;58971.0;;0.3919;0.3919
;US-MN;1928;p90p95;22065.699;;0.073299997;0.073299997
;US-MN;1928;p95p99;46994.898;;0.1249;0.1249
;US-MN;1928;p99.5p99.9;238236.91;;0.063299999;0.063299999
;US-MN;1928;p99.9p99.99;850923.69;;0.050900001;0.050900001
;US-MN;1928;p99p99.5;117428.1;;0.039000001;0.039000001
;US-MN;1928;p95p100;94336.797;;0.31349999;0.31349999
;US-MN;1928;p0p90;10248.4;;0.61299998;0.61299998
;US-MN;1928;p0p99;12329.9;;0.81129998;0.81129998
;US-MN;1928;p99.5p100;450559.31;;0.1497;0.1497
;US-MN;1927;p0p100;2256421.5;14156015578.0;1.0;1.0
;US-MN;1927;p99p100;227181.3;;0.15800001;0.15800001
;US-MN;1927;p99.9p100;885599.5;;0.0616;0.0616
;US-MN;1927;p99.99p100;3000716.8;;0.0209;0.0209
;US-MN;1927;p90p100;52023.199;;0.36179999;0.36179999
;US-MN;1927;p90p95;21959.199;;0.076399997;0.076399997
;US-MN;1927;p95p99;44605.301;;0.1241;0.1241
;US-MN;1927;p99.5p99.9;212095.59;;0.059;0.059
;US-MN;1927;p99.9p99.99;650586.38;;0.0407;0.0407
;US-MN;1927;p99p99.5;107566.1;;0.0374;0.0374
;US-MN;1927;p95p100;81038.703;;0.2818;0.2818
;US-MN;1927;p0p90;10250.2;;0.64160001;0.64160001
;US-MN;1927;p0p99;12229.6;;0.84200001;0.84200001
;US-MN;1927;p99.5p100;346796.41;;0.1206;0.1206
;US-MN;1926;p0p100;2140798.0;13812480082.0;1.0;1.0
;US-MN;1926;p99p100;213422.09;;0.1506;0.1506
;US-MN;1926;p99.9p100;793394.13;;0.056000002;0.056000002
;US-MN;1926;p99.99p100;2342858.5;;0.0165;0.0165
;US-MN;1926;p90p100;51141.699;;0.36090001;0.36090001
;US-MN;1926;p90p95;22496.0;;0.079400003;0.079400003
;US-MN;1926;p95p99;45324.5;;0.1279;0.1279
;US-MN;1926;p99.5p99.9;203804.09;;0.057500001;0.057500001
;US-MN;1926;p99.9p99.99;621231.38;;0.039500002;0.039500002
;US-MN;1926;p99p99.5;105122.2;;0.037099998;0.037099998
;US-MN;1926;p95p100;78861.602;;0.2782;0.2782
;US-MN;1926;p0p90;10111.2;;0.64209998;0.64209998
;US-MN;1926;p0p99;12159.5;;0.84939998;0.84939998
;US-MN;1926;p99.5p100;321722.09;;0.1135;0.1135
;US-MN;1925;p0p100;2174999.8;13635935759.0;1.0;1.0
;US-MN;1925;p99p100;198971.7;;0.1408;0.1408
;US-MN;1925;p99.9p100;781565.81;;0.055300001;0.055300001
;US-MN;1925;p99.99p100;2246307.8;;0.015900001;0.015900001
;US-MN;1925;p90p100;52237.801;;0.36970001;0.36970001
;US-MN;1925;p90p95;26491.9;;0.093800001;0.093800001
;US-MN;1925;p95p99;48390.801;;0.13699999;0.13699999
;US-MN;1925;p99.5p99.9;188450.91;;0.053399999;0.053399999
;US-MN;1925;p99.9p99.99;618816.69;;0.0394;0.0394
;US-MN;1925;p99p99.5;90869.5;;0.032200001;0.032200001
;US-MN;1925;p95p100;78335.0;;0.27720001;0.27720001
;US-MN;1925;p0p90;9864.5996;;0.62840003;0.62840003
;US-MN;1925;p0p99;12261.0;;0.8592;0.8592
;US-MN;1925;p99.5p100;307073.91;;0.1087;0.1087
;US-MN;1924;p0p100;2186948.0;12892774612.0;1.0;1.0
;US-MN;1924;p99p100;176100.3;;0.1303;0.1303
;US-MN;1924;p99.9p100;691904.81;;0.051199999;0.051199999
;US-MN;1924;p99.99p100;1966363.8;;0.0146;0.0146
;US-MN;1924;p90p100;51508.5;;0.38119999;0.38119999
;US-MN;1924;p90p95;30917.4;;0.1144;0.1144
;US-MN;1924;p95p99;46353.199;;0.1372;0.1372
;US-MN;1924;p99.5p99.9;164744.2;;0.048799999;0.048799999
;US-MN;1924;p99.9p99.99;550298.31;;0.036699999;0.036699999
;US-MN;1924;p99p99.5;82024.297;;0.030400001;0.030400001
;US-MN;1924;p95p100;72302.602;;0.2676;0.2676
;US-MN;1924;p0p90;9277.7002;;0.61799997;0.61799997
;US-MN;1924;p0p99;11868.6;;0.86970001;0.86970001
;US-MN;1924;p99.5p100;270176.31;;0.1;0.1
;US-MN;1923;p0p100;2203614.5;12739510498.0;1.0;1.0
;US-MN;1923;p99p100;169483.5;;0.125;0.125
;US-MN;1923;p99.9p100;619812.13;;0.045699999;0.045699999
;US-MN;1923;p99.99p100;1763963.8;;0.013;0.013
;US-MN;1923;p90p100;49520.5;;0.36520001;0.36520001
;US-MN;1923;p90p95;28036.9;;0.1034;0.1034
;US-MN;1923;p95p99;46391.199;;0.13680001;0.13680001
;US-MN;1923;p99.5p99.9;164673.0;;0.048599999;0.048599999
;US-MN;1923;p99.9p99.99;492686.0;;0.032699998;0.032699998
;US-MN;1923;p99p99.5;83266.297;;0.0307;0.0307
;US-MN;1923;p95p100;71009.602;;0.26179999;0.26179999
;US-MN;1923;p0p90;9564.9004;;0.63480002;0.63480002
;US-MN;1923;p0p99;11985.8;;0.875;0.875
;US-MN;1923;p99.5p100;255700.8;;0.094300002;0.094300002
;US-MN;1922;p0p100;2073670.8;11412169562.0;1.0;1.0
;US-MN;1922;p99p100;175802.8;;0.1427;0.1427
;US-MN;1922;p99.9p100;637924.88;;0.051800001;0.051800001
;US-MN;1922;p99.99p100;1711788.3;;0.0139;0.0139
;US-MN;1922;p90p100;49909.602;;0.40529999;0.40529999
;US-MN;1922;p90p95;29270.5;;0.1188;0.1188
;US-MN;1922;p95p99;44402.0;;0.1442;0.1442
;US-MN;1922;p99.5p99.9;169628.59;;0.055100001;0.055100001
;US-MN;1922;p99.9p99.99;518606.69;;0.037900001;0.037900001
;US-MN;1922;p99p99.5;88317.703;;0.0359;0.0359
;US-MN;1922;p95p100;70682.203;;0.287;0.287
;US-MN;1922;p0p90;8131.0;;0.59420002;0.59420002
;US-MN;1922;p0p99;10664.2;;0.85729998;0.85729998
;US-MN;1922;p99.5p100;263287.91;;0.1069;0.1069
;US-MN;1921;p0p100;1580510.3;9812362867.0;1.0;1.0
;US-MN;1921;p99p100;150582.2;;0.1407;0.1407
;US-MN;1921;p99.9p100;511784.09;;0.047800001;0.047800001
;US-MN;1921;p99.99p100;1291426.1;;0.0121;0.0121
;US-MN;1921;p90p100;45229.5;;0.42269999;0.42269999
;US-MN;1921;p90p95;28659.301;;0.1339;0.1339
;US-MN;1921;p95p99;39801.5;;0.1488;0.1488
;US-MN;1921;p99.5p99.9;148889.7;;0.0557;0.0557
;US-MN;1921;p99.9p99.99;425157.09;;0.035799999;0.035799999
;US-MN;1921;p99p99.5;79695.797;;0.0372;0.0372
;US-MN;1921;p95p100;61957.602;;0.2895;0.2895
;US-MN;1921;p0p90;6856.0;;0.57660002;0.57660002
;US-MN;1921;p0p99;9288.2998;;0.85930002;0.85930002
;US-MN;1921;p99.5p100;221468.59;;0.1035;0.1035
;US-MN;1920;p0p100;1408569.9;10782642225.0;1.0;1.0
;US-MN;1920;p99p100;166112.8;;0.139;0.139
;US-MN;1920;p99.9p100;569341.63;;0.047600001;0.047600001
;US-MN;1920;p99.99p100;1563465.6;;0.0131;0.0131
;US-MN;1920;p90p100;46558.0;;0.38960001;0.38960001
;US-MN;1920;p90p95;27633.301;;0.1156;0.1156
;US-MN;1920;p95p99;40464.301;;0.1354;0.1354
;US-MN;1920;p99.5p99.9;162944.41;;0.054499999;0.054499999
;US-MN;1920;p99.9p99.99;458883.31;;0.034600001;0.034600001
;US-MN;1920;p99p99.5;88001.797;;0.036800001;0.036800001
;US-MN;1920;p95p100;65594.0;;0.2744;0.2744
;US-MN;1920;p0p90;8099.1001;;0.6099;0.6099
;US-MN;1920;p0p99;10393.3;;0.861;0.861
;US-MN;1920;p99.5p100;244223.8;;0.1022;0.1022
;US-MN;1919;p0p100;2333178.0;12980027136.0;1.0;1.0
;US-MN;1919;p99p100;188438.41;;0.1277;0.1277
;US-MN;1919;p99.9p100;718819.0;;0.048700001;0.048700001
;US-MN;1919;p99.99p100;2212060.0;;0.015;0.015
;US-MN;1919;p90p100;52581.801;;0.35640001;0.35640001
;US-MN;1919;p90p95;30437.6;;0.1031;0.1031
;US-MN;1919;p95p99;46688.102;;0.1266;0.1266
;US-MN;1919;p99.5p99.9;170311.2;;0.0462;0.0462
;US-MN;1919;p99.9p99.99;553298.5;;0.033799998;0.033799998
;US-MN;1919;p99p99.5;96807.5;;0.0328;0.0328
;US-MN;1919;p95p100;75038.102;;0.2543;0.2543
;US-MN;1919;p0p90;10533.7;;0.6426;0.6426
;US-MN;1919;p0p99;12999.8;;0.87230003;0.87230003
;US-MN;1919;p99.5p100;280069.31;;0.094899997;0.094899997
;US-MN;1918;p0p100;3118700.5;12898762955.0;1.0;1.0
;US-MN;1918;p99p100;187397.3;;0.12540001;0.12540001
;US-MN;1918;p99.9p100;767906.88;;0.051399998;0.051399998
;US-MN;1918;p99.99p100;2702948.0;;0.018100001;0.018100001
;US-MN;1918;p90p100;53662.301;;0.359;0.359
;US-MN;1918;p90p95;30512.6;;0.1021;0.1021
;US-MN;1918;p95p99;49523.102;;0.13249999;0.13249999
;US-MN;1918;p99.5p99.9;164839.8;;0.044100001;0.044100001
;US-MN;1918;p99.9p99.99;552904.19;;0.033300001;0.033300001
;US-MN;1918;p99p99.5;89341.703;;0.029899999;0.029899999
;US-MN;1918;p95p100;77097.797;;0.2579;0.2579
;US-MN;1918;p0p90;10632.4;;0.6401;0.6401
;US-MN;1918;p0p99;13207.8;;0.87459999;0.87459999
;US-MN;1918;p99.5p100;285453.19;;0.0955;0.0955
;US-MN;1917;p0p100;4607620.5;13727823027.0;1.0;1.0
;US-MN;1917;p99p100;230200.41;;0.14380001;0.14380001
;US-MN;1917;p99.9p100;1047659.4;;0.065399997;0.065399997
;US-MN;1917;p99.99p100;3312302.8;;0.0207;0.0207
;US-MN;1917;p90p100;60940.898;;0.38060001;0.38060001
;US-MN;1917;p90p95;35656.699;;0.1113;0.1113
