Variable Name;.;.;.;PPP conversion factor, LCU per EUR | individuals | Exchange rates | All Ages | local currency per foreign currency;Market exchange rate, LCU per EUR | individuals | Exchange rates | All Ages | local currency per foreign currency;PPP conversion factor, LCU per USD | individuals | Exchange rates | All Ages | local currency per foreign currency;Market exchange rate, LCU per USD | individuals | Exchange rates | All Ages | local currency per foreign currency;PPP conversion factor, LCU per CNY | individuals | Exchange rates | All Ages | local currency per foreign currency;Market exchange rate, LCU per CNY | individuals | Exchange rates | All Ages | local currency per foreign currency
Variable Category;.;.;.;Other macro;Other macro;Other macro;Other macro;Other macro;Other macro
Variable Description;.;.;.;PPP conversion factor of curent local currency to current PPP EUR.;Official exchange rate of the local currency to EUR.;PPP conversion factor of current local currency to current USD.;Official exchange rate of the local currency to USD.;PPP conversion factor of current local currency to current PPP CNY.;Official exchange rate of the local currency to CNY.
Variable Decomposition;.;.;.;;;;;;
Variable Unit;.;.;.;local currency per foreign currency;local currency per foreign currency;local currency per foreign currency;local currency per foreign currency;local currency per foreign currency;local currency per foreign currency
Methodological Notes;.;.;.;Using the evolution of the price index relative to the reference country, we extrapolate the PPP from the 2011 ICP for Tanzania.;;Using the evolution of the price index relative to the reference country, we extrapolate the PPP from the 2011 ICP for Tanzania.;;Using the evolution of the price index relative to the reference country, we extrapolate the PPP from the 2011 ICP for Tanzania.;
Sources;.;.;.;WID.world computations using:  http://data.worldbank.org/ (World Bank);;WID.world computations using:  http://data.worldbank.org/ (World Bank);;WID.world computations using:  http://data.worldbank.org/ (World Bank);
Variable Code;country;year;perc;xlceup999i;xlceux999i;xlcusp999i;xlcusx999i;xlcyup999i;xlcyux999i
;ZZ;2018;p0p100;1007.5817;2732.2283;759.93573;2228.8884;239.79854;349.18704
;ZZ;2017;p0p100;982.17316;;747.18713;;229.17336;
;ZZ;2016;p0p100;904.52863;;693.86884;;207.58005;
;ZZ;2015;p0p100;856.33527;;658.25891;;193.61217;
;ZZ;2014;p0p100;854.80145;;655.14191;;189.42752;
;ZZ;2013;p0p100;799.28534;;617.55212;;176.33929;
;ZZ;2012;p0p100;734.13336;;569.44794;;163.09364;
;ZZ;2011;p0p100;669.51636;;522.48322;;149.04517;
;ZZ;2010;p0p100;578.05573;;456.2565;;137.68198;
;ZZ;2009;p0p100;542.422;;432.13562;;137.21913;
;ZZ;2008;p0p100;527.22961;;420.81549;;130.21367;
;ZZ;2007;p0p100;483.9826;;386.17105;;126.26801;
;ZZ;2006;p0p100;458.4519;;366.82281;;125.51544;
;ZZ;2005;p0p100;383.53629;;309.89182;;106.47504;
;ZZ;2004;p0p100;357.4166;;291.99905;;101.49067;
;ZZ;2003;p0p100;323.01227;;266.18222;;95.969505;
;ZZ;2002;p0p100;312.22699;;257.28983;;93.894386;
;ZZ;2001;p0p100;301.75397;;246.9825;;88.604988;
;ZZ;2000;p0p100;289.45602;;237.06702;;84.449677;
;ZZ;1999;p0p100;264.85522;;218.92233;;81.344231;
;ZZ;1998;p0p100;260.27069;;215.04306;;79.557991;
;ZZ;1997;p0p100;243.88049;;202.00124;;74.307701;
;ZZ;1996;p0p100;210.51857;;178.13628;;68.447784;
;ZZ;1995;p0p100;192.13673;;161.74284;;67.244484;
;ZZ;1994;p0p100;;;124.23775;;60.60569;
;ZZ;1993;p0p100;;;104.22256;;63.029503;
;ZZ;1992;p0p100;;;85.793358;;64.209023;
;ZZ;1991;p0p100;;;69.104843;;55.21595;
;ZZ;1990;p0p100;;;59.578323;;47.659351;
;ZZ;1989;p0p100;;;49.779171;;43.382526;
;ZZ;1988;p0p100;;;34.95129;;34.670937;
;ZZ;1987;p0p100;;;20.924152;;23.16271;
;ZZ;1986;p0p100;;;16.359016;;18.882994;
;ZZ;1985;p0p100;;;12.866738;;15.35716;
;ZZ;1984;p0p100;;;11.054534;;13.047354;
;ZZ;1983;p0p100;;;9.4179125;;10.561695;
;ZZ;1982;p0p100;;;7.9276695;;8.6074438;
;ZZ;1981;p0p100;;;7.1362309;;7.4030457;
;ZZ;1980;p0p100;;;6.660953;;6.4078012;
;ZZ;1979;p0p100;;;6.4358096;;6.047111;
;ZZ;1978;p0p100;;;6.379837;;5.807508;
;ZZ;1977;p0p100;;;6.1942925;;5.4013095;
;ZZ;1976;p0p100;;;5.5794649;;4.6467314;
;ZZ;1975;p0p100;;;5.0827246;;4.1809754;
;ZZ;1974;p0p100;;;4.9335732;;3.7702947;
;ZZ;1973;p0p100;;;4.5007949;;3.1916788;
;ZZ;1972;p0p100;;;4.1711359;;2.858294;
;ZZ;1971;p0p100;;;4.0809178;;2.6864781;
;ZZ;1970;p0p100;;;4.1754022;;2.7005928;
;ZZ;1969;p0p100;;;4.249084;;2.6637969;
;ZZ;1968;p0p100;;;3.8306367;;2.279855;
;ZZ;1967;p0p100;;;3.4568202;;1.9922838;
;ZZ;1966;p0p100;;;3.172334;;1.8240912;
;ZZ;1965;p0p100;;;2.9734983;;1.6760875;
;ZZ;1964;p0p100;;;2.6968062;;1.5941637;
;ZZ;1963;p0p100;;;2.7412093;;1.6384715;
;ZZ;1962;p0p100;;;2.8444188;;1.5741519;
;ZZ;1961;p0p100;;;2.8586173;;1.3826799;
;ZZ;1960;p0p100;;;2.893863;;1.7046227;
;ZZ;1959;p0p100;;;2.9615245;;1.7997252;
;ZZ;1958;p0p100;;;3.0007091;;1.8969651;
;ZZ;1957;p0p100;;;2.9996874;;2.0088696;
;ZZ;1956;p0p100;;;2.9188879;;1.8117958;
;ZZ;1955;p0p100;;;3.0363936;;1.8976744;
;ZZ;1954;p0p100;;;3.215724;;2.0070543;
;ZZ;1953;p0p100;;;2.8930616;;1.8303498;
;ZZ;1952;p0p100;;;2.8892469;;1.9874868;
;ZZ;1951;p0p100;;;2.851974;;;
;ZZ;1950;p0p100;;;2.3808095;;;
;ZZ;1949;p0p100;;;2.1825554;;;
;ZZ;1948;p0p100;;;1.977524;;;
;ZZ;1947;p0p100;;;1.4113389;;;
;ZZ;1946;p0p100;;;1.2715039;;;
;ZZ;1945;p0p100;;;1.5052871;;;
;ZZ;1944;p0p100;;;1.8865608;;;
;ZZ;1943;p0p100;;;2.3543258;;;
;ZZ;1942;p0p100;;;1.3796812;;;
;ZZ;1941;p0p100;;;1.365656;;;
;ZZ;1940;p0p100;;;1.2155802;;;
;ZZ;1939;p0p100;;;1.3515621;;;
;ZZ;1938;p0p100;;;1.3306055;;;
;ZZ;1937;p0p100;;;1.2186004;;;
;ZZ;1936;p0p100;;;1.2464861;;;
;ZZ;1935;p0p100;;;1.2808878;;;
;ZZ;1934;p0p100;;;1.5765179;;;
;ZZ;1933;p0p100;;;1.3767139;;;
;ZZ;1932;p0p100;;;1.3129791;;;
;ZZ;1931;p0p100;;;1.2113123;;;
;ZZ;1930;p0p100;;;1.459097;;;
;ZZ;1929;p0p100;;;1.5790813;;;
