Variable Name;.;.;.;Fiscal income  | individuals | Threshold | Adults | constant 2015 local currency
Variable Category;.;.;.;Income inequality
Variable Description;.;.;.;Fiscal income threshold value at a given percentile.  Fiscal income is defined as the sum of all income items reported on income tax returns, before any deduction. It includes labour income, capital income and mixed income. The concept of fiscal income varies with national tax legislations, so in order to make international comparisons it is preferable to use the concept of national income. The population is comprised of individuals over age 20. The base unit is the individual (rather than the household). This is equivalent to assuming no sharing of resources within couples.
Variable Decomposition;.;.;.;[Fiscal income ]=[Fiscal labour income ]+[Fiscal capital income ]
Variable Unit;.;.;.;"TZS; Tanzanian shilling | local currency | market"
Methodological Notes;.;.;.;Excludes capital gains.
Sources;.;.;.;Atkinson, Anthony B. (2015). Top Incomes in East Africa before and after independence. The World Wealth and Income Database WP 2/2015.
Variable Code;country;year;perc;tfiinc992i
;ZZ;1963;p99.9p100;105256368.0
;ZZ;1963;p99.99p100;175707296.0
;ZZ;1963;p99.5p99.9;46814380.0
;ZZ;1963;p99.95p99.99;116961408.0
;ZZ;1963;p99.9p99.95;105256368.0
;ZZ;1963;p99.9p99.99;105256368.0
;ZZ;1963;p99.5p100;46814380.0
;ZZ;1963;p99.95p100;116961408.0
;ZZ;1962;p99.9p100;106871240.0
;ZZ;1962;p99.99p100;179808800.0
;ZZ;1962;p99.5p99.9;47245712.0
;ZZ;1962;p99.95p99.99;126547688.0
;ZZ;1962;p99.9p99.95;106871240.0
;ZZ;1962;p99.9p99.99;106871240.0
;ZZ;1962;p99.5p100;47245712.0
;ZZ;1962;p99.95p100;126547688.0
;ZZ;1961;p99.9p100;103954424.0
;ZZ;1961;p99.99p100;168213072.0
;ZZ;1961;p99.5p99.9;45927308.0
;ZZ;1961;p99.95p99.99;112900632.0
;ZZ;1961;p99.9p99.95;103954424.0
;ZZ;1961;p99.9p99.99;103954424.0
;ZZ;1961;p99.5p100;45927308.0
;ZZ;1961;p99.95p100;112900632.0
;ZZ;1960;p99.9p100;89255624.0
;ZZ;1960;p99.99p100;179084864.0
;ZZ;1960;p99.5p99.9;42313628.0
;ZZ;1960;p99.95p99.99;105406608.0
;ZZ;1960;p99.9p99.95;89255624.0
;ZZ;1960;p99.9p99.99;89255624.0
;ZZ;1960;p99.5p100;42313628.0
;ZZ;1960;p99.95p100;105406608.0
;ZZ;1959;p99.9p100;81880920.0
;ZZ;1959;p99.99p100;163745888.0
;ZZ;1959;p99.5p99.9;39691316.0
;ZZ;1959;p99.95p99.99;98088320.0
;ZZ;1959;p99.9p99.95;81880920.0
;ZZ;1959;p99.9p99.99;81880920.0
;ZZ;1959;p99.5p100;39691316.0
;ZZ;1959;p99.95p100;98088320.0
;ZZ;1958;p99.9p100;78439424.0
;ZZ;1958;p99.99p100;157311360.0
;ZZ;1958;p99.5p99.9;35467260.0
;ZZ;1958;p99.95p99.99;91683920.0
;ZZ;1958;p99.9p99.95;78439424.0
;ZZ;1958;p99.9p99.99;78439424.0
;ZZ;1958;p99.5p100;35467260.0
;ZZ;1958;p99.95p100;91683920.0
