Variable Name;.;.;.;Fiscal income  | tax unit | Average | Adults | constant 2015 local currency;Fiscal income  | tax unit | Total | Adults | constant 2015 local currency;Fiscal income  | tax unit | Share | Adults | share of total (ratio);Pre-tax national income  | tax unit | Share | Adults | share of total (ratio)
Variable Category;.;.;.;Income inequality;Income inequality;Income inequality;Income inequality
Variable Description;.;.;.;Average Fiscal income within a given percentile group. Fiscal income is defined as the sum of all income items reported on income tax returns, before any deduction. It includes labour income, capital income and mixed income. The concept of fiscal income varies with national tax legislations, so in order to make international comparisons it is preferable to use the concept of national income. The population is comprised of individuals over age 20. The base unit is the tax unit defined by national fiscal administrations to measure personal income taxes.;Total Fiscal income  within a given percentile group. Fiscal income is defined as the sum of all income items reported on income tax returns, before any deduction. It includes labour income, capital income and mixed income. The concept of fiscal income varies with national tax legislations, so in order to make international comparisons it is preferable to use the concept of national income. The population is comprised of individuals over age 20.;Fiscal income share held by a given percentile group. Fiscal income is defined as the sum of all income items reported on income tax returns, before any deduction. It includes labour income, capital income and mixed income. The concept of fiscal income varies with national tax legislations, so in order to make international comparisons it is preferable to use the concept of national income. The population is comprised of individuals over age 20. The base unit is the tax unit defined by national fiscal administrations to measure personal income taxes.;Pre-tax national income share held by a given percentile group. Pre-tax national income  is the sum of all pre-tax personal income flows accruing to the owners of the production factors, labor and capital, before taking into account the operation of the tax/transfer system, but after taking into account the operation of pension system. The central difference between personal factor income and pre-tax income is the treatment of pensions, which are counted on a contribution basis by factor income and on a distribution basis by pre-tax income. The population is comprised of individuals over age 20. The base unit is the tax unit defined by national fiscal administrations to measure personal income taxes.
Variable Decomposition;.;.;.;[Fiscal income ]=[Fiscal labour income ]+[Fiscal capital income ];[Fiscal income ]=[Fiscal labour income ]+[Fiscal capital income ];[Fiscal income ]=[Fiscal labour income ]+[Fiscal capital income ];Pre-tax national income =Pre-tax labor income [total pre-tax income ranking]+Pre-tax capital income [total pre-tax income ranking]
Variable Unit;.;.;.;"USD; United States dollar | local currency | market";"USD; United States dollar | local currency | market";share;share
Methodological Notes;.;.;.;;;;Assuming the same distribution as fiscal income.
Sources;.;.;.;Frank, Sommeiller, Price & Saez (2015);Frank, Sommeiller, Price & Saez (2015);Frank, Sommeiller, Price & Saez (2015);WID.world computations using: Frank, Sommeiller, Price & Saez (2015)
Variable Code;country;year;perc;afiinc992t;mfiinc992t;sfiinc992t;sptinc992t
;US-NV;2015;p0p100;57518.398;85684008262.0;1.0;1.0
;US-NV;2015;p99p100;1498454.0;;0.26050001;0.26050001
;US-NV;2015;p99.9p100;8553259.0;;0.1487;0.1487
;US-NV;2015;p99.99p100;45957676.0;;0.079899997;0.079899997
;US-NV;2015;p90p100;307130.81;;0.53399998;0.53399998
;US-NV;2015;p90p95;139278.59;;0.1211;0.1211
;US-NV;2015;p95p99;219964.0;;0.153;0.153
;US-NV;2015;p99.5p99.9;1022557.9;;0.071099997;0.071099997
;US-NV;2015;p99.9p99.99;4313495.5;;0.067500003;0.067500003
;US-NV;2015;p99p99.5;471217.69;;0.041000001;0.041000001
;US-NV;2015;p95p100;475173.09;;0.4131;0.4131
;US-NV;2015;p0p90;29813.0;;0.46650001;0.46650001
;US-NV;2015;p0p99;42963.5;;0.73949999;0.73949999
;US-NV;2015;p99.5p100;2528459.0;;0.2198;0.2198
;US-NV;2014;p0p100;54623.5;81178689478.0;1.0;1.0
;US-NV;2014;p99p100;1356985.3;;0.249;0.249
;US-NV;2014;p99.9p100;7509132.5;;0.13779999;0.13779999
;US-NV;2014;p99.99p100;40336516.0;;0.074000001;0.074000001
;US-NV;2014;p90p100;287364.59;;0.5273;0.5273
;US-NV;2014;p90p95;135584.5;;0.1244;0.1244
;US-NV;2014;p95p99;209630.3;;0.1539;0.1539
;US-NV;2014;p99.5p99.9;960901.81;;0.070500001;0.070500001
;US-NV;2014;p99.9p99.99;3827664.3;;0.063199997;0.063199997
;US-NV;2014;p99p99.5;442063.09;;0.040600002;0.040600002
;US-NV;2014;p95p100;439186.69;;0.403;0.403
;US-NV;2014;p0p90;28663.5;;0.4734;0.4734
;US-NV;2014;p0p99;41337.602;;0.75099999;0.75099999
;US-NV;2014;p99.5p100;2272006.5;;0.2085;0.2085
;US-NV;2013;p0p100;54562.801;77134938376.0;1.0;1.0
;US-NV;2013;p99p100;1457584.0;;0.27649999;0.27649999
;US-NV;2013;p99.9p100;8826597.0;;0.1675;0.1675
;US-NV;2013;p99.99p100;53472080.0;;0.1014;0.1014
;US-NV;2013;p90p100;293008.5;;0.55589998;0.55589998
;US-NV;2013;p90p95;135409.41;;0.1284;0.1284
;US-NV;2013;p95p99;199386.2;;0.1513;0.1513
;US-NV;2013;p99.5p99.9;907015.13;;0.068800002;0.068800002
;US-NV;2013;p99.9p99.99;3832807.8;;0.065399997;0.065399997
;US-NV;2013;p99p99.5;423425.5;;0.040199999;0.040199999
;US-NV;2013;p95p100;450855.69;;0.42770001;0.42770001
;US-NV;2013;p0p90;26024.1;;0.44440001;0.44440001
;US-NV;2013;p0p99;38518.898;;0.72350001;0.72350001
;US-NV;2013;p99.5p100;2490377.0;;0.2362;0.2362
;US-NV;2012;p0p100;58127.199;78946877578.0;1.0;1.0
;US-NV;2012;p99p100;1639012.0;;0.30050001;0.30050001
;US-NV;2012;p99.9p100;10177283.0;;0.1866;0.1866
;US-NV;2012;p99.99p100;60302712.0;;0.1106;0.1106
;US-NV;2012;p90p100;310826.69;;0.56989998;0.56989998
;US-NV;2012;p90p95;136729.91;;0.12530001;0.12530001
;US-NV;2012;p95p99;196456.5;;0.1441;0.1441
;US-NV;2012;p99.5p99.9;1007772.5;;0.073899999;0.073899999
;US-NV;2012;p99.9p99.99;4506423.0;;0.0744;0.0744
;US-NV;2012;p99p99.5;434681.0;;0.039799999;0.039799999
;US-NV;2012;p95p100;485136.91;;0.4447;0.4447
;US-NV;2012;p0p90;26175.6;;0.43189999;0.43189999
;US-NV;2012;p0p99;38538.602;;0.69950002;0.69950002
;US-NV;2012;p99.5p100;2842837.5;;0.2606;0.2606
;US-NV;2011;p0p100;59970.102;74218917366.0;1.0;1.0
;US-NV;2011;p99p100;1217921.8;;0.2255;0.2255
;US-NV;2011;p99.9p100;6591268.0;;0.122;0.122
;US-NV;2011;p99.99p100;34675356.0;;0.064199999;0.064199999
;US-NV;2011;p90p100;267973.09;;0.49610001;0.49610001
;US-NV;2011;p90p95;136690.91;;0.1265;0.1265
;US-NV;2011;p95p99;194473.0;;0.14399999;0.14399999
;US-NV;2011;p99.5p99.9;878022.88;;0.064999998;0.064999998
;US-NV;2011;p99.9p99.99;3451207.8;;0.057500001;0.057500001
;US-NV;2011;p99p99.5;415403.09;;0.0385;0.0385
;US-NV;2011;p95p100;399243.19;;0.3696;0.3696
;US-NV;2011;p0p90;30264.0;;0.5043;0.5043
;US-NV;2011;p0p99;42257.199;;0.77450001;0.77450001
;US-NV;2011;p99.5p100;2019595.3;;0.18700001;0.18700001
;US-NV;2010;p0p100;64940.602;75174985231.0;1.0;1.0
;US-NV;2010;p99p100;1356644.1;;0.24680001;0.24680001
;US-NV;2010;p99.9p100;8100021.0;;0.14740001;0.14740001
;US-NV;2010;p99.99p100;48962220.0;;0.089100003;0.089100003
;US-NV;2010;p90p100;281633.69;;0.51239997;0.51239997
;US-NV;2010;p90p95;138547.09;;0.126;0.126
;US-NV;2010;p95p99;191860.09;;0.13959999;0.13959999
;US-NV;2010;p99.5p99.9;860540.69;;0.062600002;0.062600002
;US-NV;2010;p99.9p99.99;3567069.8;;0.058400001;0.058400001
;US-NV;2010;p99p99.5;406105.5;;0.036899999;0.036899999
;US-NV;2010;p95p100;424923.69;;0.3865;0.3865
;US-NV;2010;p0p90;29761.0;;0.48730001;0.48730001
;US-NV;2010;p0p99;41817.602;;0.75319999;0.75319999
;US-NV;2010;p99.5p100;2304850.8;;0.2097;0.2097
;US-NV;2009;p0p100;66293.398;73332165082.0;1.0;1.0
;US-NV;2009;p99p100;1176311.3;;0.2166;0.2166
;US-NV;2009;p99.9p100;6462519.5;;0.119;0.119
;US-NV;2009;p99.99p100;36406496.0;;0.067000002;0.067000002
;US-NV;2009;p90p100;264787.41;;0.48750001;0.48750001
;US-NV;2009;p90p95;139717.09;;0.1286;0.1286
;US-NV;2009;p95p99;194044.3;;0.1429;0.1429
;US-NV;2009;p99.5p99.9;852739.81;;0.062799998;0.062799998
;US-NV;2009;p99.9p99.99;3303999.3;;0.054699998;0.054699998
;US-NV;2009;p99p99.5;423891.41;;0.039000001;0.039000001
;US-NV;2009;p95p100;389925.19;;0.359;0.359
;US-NV;2009;p0p90;30469.1;;0.50489998;0.50489998
;US-NV;2009;p0p99;42981.199;;0.7834;0.7834
;US-NV;2009;p99.5p100;1941228.5;;0.1787;0.1787
;US-NV;2008;p0p100;73595.703;82970409301.0;1.0;1.0
;US-NV;2008;p99p100;1494341.6;;0.24609999;0.24609999
;US-NV;2008;p99.9p100;8645933.0;;0.1424;0.1424
;US-NV;2008;p99.99p100;48766492.0;;0.080300003;0.080300003
;US-NV;2008;p90p100;306386.81;;0.50449997;0.50449997
;US-NV;2008;p90p95;144776.5;;0.1192;0.1192
;US-NV;2008;p95p99;214913.59;;0.1416;0.1416
;US-NV;2008;p99.5p99.9;1039911.3;;0.068499997;0.068499997
;US-NV;2008;p99.9p99.99;4345443.5;;0.064400002;0.064400002
;US-NV;2008;p99p99.5;487996.91;;0.040199999;0.040199999
;US-NV;2008;p95p100;468249.31;;0.38550001;0.38550001
;US-NV;2008;p0p90;32784.602;;0.48590001;0.48590001
;US-NV;2008;p0p99;46247.699;;0.75389999;0.75389999
;US-NV;2008;p99.5p100;2520078.0;;0.2075;0.2075
;US-NV;2007;p0p100;94232.602;94794157560.0;1.0;1.0
;US-NV;2007;p99p100;2225828.0;;0.3087;0.3087
;US-NV;2007;p99.9p100;14172095.0;;0.1965;0.1965
;US-NV;2007;p99.99p100;84958344.0;;0.1178;0.1178
;US-NV;2007;p90p100;393134.59;;0.54519999;0.54519999
;US-NV;2007;p90p95;150184.2;;0.1041;0.1041
;US-NV;2007;p95p99;247977.3;;0.1375;0.1375
;US-NV;2007;p99.5p99.9;1403216.4;;0.077799998;0.077799998
;US-NV;2007;p99.9p99.99;6504151.5;;0.081200004;0.081200004
;US-NV;2007;p99p99.5;607730.0;;0.042100001;0.042100001
;US-NV;2007;p95p100;637687.19;;0.44209999;0.44209999
;US-NV;2007;p0p90;35204.602;;0.43939999;0.43939999
;US-NV;2007;p0p99;50358.898;;0.69129997;0.69129997
;US-NV;2007;p99.5p100;3883045.3;;0.2692;0.2692
;US-NV;2006;p0p100;101857.9;92282762159.0;1.0;1.0
;US-NV;2006;p99p100;2377297.5;;0.32249999;0.32249999
;US-NV;2006;p99.9p100;15157494.0;;0.20559999;0.20559999
;US-NV;2006;p99.99p100;89684968.0;;0.1217;0.1217
;US-NV;2006;p90p100;411824.59;;0.55870003;0.55870003
;US-NV;2006;p90p95;149438.2;;0.1014;0.1014
;US-NV;2006;p95p99;257669.8;;0.1398;0.1398
;US-NV;2006;p99.5p99.9;1490002.4;;0.080899999;0.080899999
;US-NV;2006;p99.9p99.99;6963291.5;;0.085000001;0.085000001
;US-NV;2006;p99p99.5;640162.81;;0.043400001;0.043400001
;US-NV;2006;p95p100;676609.63;;0.45899999;0.45899999
;US-NV;2006;p0p90;35036.301;;0.4278;0.4278
;US-NV;2006;p0p99;50439.0;;0.67750001;0.67750001
;US-NV;2006;p99.5p100;4153155.3;;0.28169999;0.28169999
;US-NV;2005;p0p100;106623.9;88400611812.0;1.0;1.0
;US-NV;2005;p99p100;2405414.0;;0.33250001;0.33250001
;US-NV;2005;p99.9p100;15554833.0;;0.215;0.215
;US-NV;2005;p99.99p100;93697744.0;;0.1295;0.1295
;US-NV;2005;p90p100;411867.59;;0.56940001;0.56940001
;US-NV;2005;p90p95;144832.3;;0.1001;0.1001
;US-NV;2005;p95p99;256226.2;;0.1417;0.1417
;US-NV;2005;p99.5p99.9;1471997.8;;0.0814;0.0814
;US-NV;2005;p99.9p99.99;6960019.5;;0.086599998;0.086599998
;US-NV;2005;p99p99.5;636647.19;;0.044;0.044
;US-NV;2005;p95p100;682595.13;;0.4718;0.4718
;US-NV;2005;p0p90;33488.602;;0.41670001;0.41670001
;US-NV;2005;p0p99;48769.0;;0.66750002;0.66750002
;US-NV;2005;p99.5p100;4211989.5;;0.2911;0.2911
;US-NV;2004;p0p100;105853.2;77917930346.0;1.0;1.0
;US-NV;2004;p99p100;2083070.8;;0.3098;0.3098
;US-NV;2004;p99.9p100;13126469.0;;0.1952;0.1952
;US-NV;2004;p99.99p100;79190576.0;;0.1178;0.1178
;US-NV;2004;p90p100;373388.0;;0.55540001;0.55540001
;US-NV;2004;p90p95;142073.09;;0.1057;0.1057
;US-NV;2004;p95p99;242100.8;;0.14399999;0.14399999
;US-NV;2004;p99.5p99.9;1315063.8;;0.078199998;0.078199998
;US-NV;2004;p99.9p99.99;5971946.0;;0.079899997;0.079899997
;US-NV;2004;p99p99.5;589903.69;;0.043900002;0.043900002
;US-NV;2004;p95p100;608697.0;;0.45269999;0.45269999
;US-NV;2004;p0p90;32153.199;;0.43040001;0.43040001
;US-NV;2004;p0p99;46867.102;;0.69019997;0.69019997
;US-NV;2004;p99.5p100;3605539.8;;0.26820001;0.26820001
;US-NV;2003;p0p100;108629.2;69278842055.0;1.0;1.0
;US-NV;2003;p99p100;1518508.0;;0.2322;0.2322
;US-NV;2003;p99.9p100;8635454.0;;0.132;0.132
;US-NV;2003;p99.99p100;48567036.0;;0.074299999;0.074299999
;US-NV;2003;p90p100;309237.0;;0.47279999;0.47279999
;US-NV;2003;p90p95;137852.41;;0.1054;0.1054
;US-NV;2003;p95p99;224348.41;;0.1372;0.1372
;US-NV;2003;p99.5p99.9;1070145.5;;0.065399997;0.065399997
;US-NV;2003;p99.9p99.99;4349938.0;;0.059900001;0.059900001
;US-NV;2003;p99p99.5;508496.69;;0.038899999;0.038899999
;US-NV;2003;p95p100;481616.41;;0.3682;0.3682
;US-NV;2003;p0p90;37719.602;;0.51899999;0.51899999
;US-NV;2003;p0p99;50731.102;;0.76779997;0.76779997
;US-NV;2003;p99.5p100;2543655.5;;0.1944;0.1944
;US-NV;2002;p0p100;110473.5;66695185329.0;1.0;1.0
;US-NV;2002;p99p100;1420590.8;;0.22319999;0.22319999
;US-NV;2002;p99.9p100;7977282.5;;0.12530001;0.12530001
;US-NV;2002;p99.99p100;44047684.0;;0.069200002;0.069200002
;US-NV;2002;p90p100;293359.09;;0.46090001;0.46090001
;US-NV;2002;p90p95;131396.8;;0.1032;0.1032
;US-NV;2002;p95p99;216327.41;;0.13600001;0.13600001
;US-NV;2002;p99.5p99.9;1011518.5;;0.063600004;0.063600004
;US-NV;2002;p99.9p99.99;4079659.0;;0.057700001;0.057700001
;US-NV;2002;p99p99.5;481750.69;;0.037799999;0.037799999
;US-NV;2002;p95p100;456086.41;;0.3583;0.3583
;US-NV;2002;p0p90;37656.5;;0.53250003;0.53250003
;US-NV;2002;p0p99;49938.5;;0.77679998;0.77679998
;US-NV;2002;p99.5p100;2371497.5;;0.18629999;0.18629999
;US-NV;2001;p0p100;119948.8;68237190340.0;1.0;1.0
;US-NV;2001;p99p100;1517834.8;;0.22679999;0.22679999
;US-NV;2001;p99.9p100;8144991.5;;0.1217;0.1217
;US-NV;2001;p99.99p100;41737800.0;;0.062399998;0.062399998
;US-NV;2001;p90p100;306608.09;;0.45809999;0.45809999
;US-NV;2001;p90p95;132928.7;;0.099299997;0.099299997
;US-NV;2001;p95p99;222663.2;;0.1331;0.1331
;US-NV;2001;p99.5p99.9;1107825.6;;0.066200003;0.066200003
;US-NV;2001;p99.9p99.99;4386388.5;;0.059;0.059
;US-NV;2001;p99p99.5;524388.31;;0.0392;0.0392
;US-NV;2001;p95p100;481026.69;;0.3594;0.3594
;US-NV;2001;p0p90;40218.398;;0.54089999;0.54089999
;US-NV;2001;p0p99;52268.602;;0.77319998;0.77319998
;US-NV;2001;p99.5p100;2509664.0;;0.1875;0.1875
;US-NV;2000;p0p100;135838.91;70316369731.0;1.0;1.0
;US-NV;2000;p99p100;1970081.3;;0.27469999;0.27469999
;US-NV;2000;p99.9p100;11587790.0;;0.16159999;0.16159999
;US-NV;2000;p99.99p100;62700408.0;;0.087399997;0.087399997
;US-NV;2000;p90p100;359212.09;;0.50089997;0.50089997
;US-NV;2000;p90p95;138058.91;;0.096299998;0.096299998
;US-NV;2000;p95p99;237096.3;;0.1323;0.1323
;US-NV;2000;p99.5p99.9;1320441.1;;0.073700003;0.073700003
;US-NV;2000;p99.9p99.99;5845789.0;;0.073399998;0.073399998
;US-NV;2000;p99p99.5;589447.5;;0.041099999;0.041099999
;US-NV;2000;p95p100;581683.81;;0.40560001;0.40560001
;US-NV;2000;p0p90;39511.301;;0.49590001;0.49590001
;US-NV;2000;p0p99;52531.699;;0.72530001;0.72530001
;US-NV;2000;p99.5p100;3355812.8;;0.234;0.234
;US-NV;1999;p0p100;150551.2;65669860087.0;1.0;1.0
;US-NV;1999;p99p100;1837658.6;;0.24699999;0.24699999
;US-NV;1999;p99.9p100;9908756.0;;0.1332;0.1332
;US-NV;1999;p99.99p100;48313028.0;;0.064900003;0.064900003
;US-NV;1999;p90p100;351022.59;;0.4718;0.4718
;US-NV;1999;p90p95;140946.7;;0.094700001;0.094700001
;US-NV;1999;p95p99;243509.91;;0.1309;0.1309
;US-NV;1999;p99.5p99.9;1356469.4;;0.072899997;0.072899997
;US-NV;1999;p99.9p99.99;5565876.5;;0.067299999;0.067299999
;US-NV;1999;p99p99.5;612708.38;;0.041200001;0.041200001
;US-NV;1999;p95p100;561868.63;;0.37760001;0.37760001
;US-NV;1999;p0p90;43650.801;;0.528;0.528
;US-NV;1999;p0p99;56592.801;;0.75300002;0.75300002
;US-NV;1999;p99.5p100;3062833.5;;0.2058;0.2058
;US-NV;1998;p0p100;146460.3;59651899150.0;1.0;1.0
;US-NV;1998;p99p100;1799925.1;;0.25920001;0.25920001
;US-NV;1998;p99.9p100;10240788.0;;0.14740001;0.14740001
;US-NV;1998;p99.99p100;53316520.0;;0.076800004;0.076800004
;US-NV;1998;p90p100;337699.09;;0.4862;0.4862
;US-NV;1998;p90p95;135123.91;;0.0973;0.0973
;US-NV;1998;p95p99;227720.2;;0.1311;0.1311
;US-NV;1998;p99.5p99.9;1254478.6;;0.0722;0.0722
;US-NV;1998;p99.9p99.99;5346520.0;;0.069300003;0.069300003
;US-NV;1998;p99p99.5;554384.19;;0.039900001;0.039900001
;US-NV;1998;p95p100;541131.81;;0.38960001;0.38960001
;US-NV;1998;p0p90;39617.301;;0.51340002;0.51340002
;US-NV;1998;p0p99;51974.398;;0.74080002;0.74080002
;US-NV;1998;p99.5p100;3045793.5;;0.2193;0.2193
;US-NV;1997;p0p100;141740.59;53651574855.0;1.0;1.0
;US-NV;1997;p99p100;1503976.6;;0.23;0.23
;US-NV;1997;p99.9p100;8009596.5;;0.1225;0.1225
;US-NV;1997;p99.99p100;39445452.0;;0.0603;0.0603
;US-NV;1997;p90p100;302848.31;;0.4632;0.4632
;US-NV;1997;p90p95;130790.1;;0.1;0.1
;US-NV;1997;p95p99;218619.0;;0.1338;0.1338
;US-NV;1997;p99.5p99.9;1136399.3;;0.069499999;0.069499999
;US-NV;1997;p99.9p99.99;4479245.5;;0.061700001;0.061700001
;US-NV;1997;p99p99.5;501067.19;;0.0383;0.0383
;US-NV;1997;p95p100;475319.5;;0.3635;0.3635
;US-NV;1997;p0p90;38963.0;;0.53640002;0.53640002
;US-NV;1997;p0p99;50846.5;;0.76999998;0.76999998
;US-NV;1997;p99.5p100;2507928.5;;0.1918;0.1918
;US-NV;1996;p0p100;139788.91;48599312492.0;1.0;1.0
;US-NV;1996;p99p100;1437318.8;;0.23270001;0.23270001
;US-NV;1996;p99.9p100;8105682.0;;0.1312;0.1312
;US-NV;1996;p99.99p100;44500476.0;;0.071999997;0.071999997
;US-NV;1996;p90p100;290747.09;;0.47060001;0.47060001
;US-NV;1996;p90p95;127706.1;;0.1034;0.1034
;US-NV;1996;p95p99;208576.2;;0.13500001;0.13500001
;US-NV;1996;p99.5p99.9;1003939.5;;0.064999998;0.064999998
;US-NV;1996;p99.9p99.99;4080821.5;;0.0594;0.0594
;US-NV;1996;p99p99.5;472910.81;;0.0383;0.0383
;US-NV;1996;p95p100;454100.59;;0.36750001;0.36750001
;US-NV;1996;p0p90;36163.898;;0.52679998;0.52679998
;US-NV;1996;p0p99;47884.602;;0.76730001;0.76730001
;US-NV;1996;p99.5p100;2406081.3;;0.1947;0.1947
;US-NV;1995;p0p100;136613.8;43970053854.0;1.0;1.0
;US-NV;1995;p99p100;1176164.9;;0.2053;0.2053
;US-NV;1995;p99.9p100;6162919.0;;0.1076;0.1076
;US-NV;1995;p99.99p100;31460060.0;;0.054900002;0.054900002
;US-NV;1995;p90p100;255534.59;;0.4461;0.4461
;US-NV;1995;p90p95;121324.9;;0.1059;0.1059
;US-NV;1995;p95p99;193224.3;;0.1349;0.1349
;US-NV;1995;p99.5p99.9;879477.88;;0.0614;0.0614
;US-NV;1995;p99.9p99.99;3349563.0;;0.0526;0.0526
;US-NV;1995;p99p99.5;426569.91;;0.0372;0.0372
;US-NV;1995;p95p100;389921.59;;0.34029999;0.34029999
;US-NV;1995;p0p90;35198.602;;0.55299997;0.55299997
;US-NV;1995;p0p99;45983.5;;0.79470003;0.79470003
;US-NV;1995;p99.5p100;1927198.1;;0.1682;0.1682
;US-NV;1994;p0p100;139231.59;40351228325.0;1.0;1.0
;US-NV;1994;p99p100;1108803.3;;0.1992;0.1992
;US-NV;1994;p99.9p100;5866041.5;;0.1054;0.1054
;US-NV;1994;p99.99p100;31151224.0;;0.056000002;0.056000002
;US-NV;1994;p90p100;243512.91;;0.43740001;0.43740001
;US-NV;1994;p90p95;117874.1;;0.1059;0.1059
;US-NV;1994;p95p99;184278.91;;0.13240001;0.13240001
;US-NV;1994;p99.5p99.9;821841.19;;0.059099998;0.059099998
;US-NV;1994;p99.9p99.99;3104710.8;;0.0502;0.0502
;US-NV;1994;p99p99.5;400858.69;;0.035999998;0.035999998
;US-NV;1994;p95p100;369301.31;;0.3317;0.3317
;US-NV;1994;p0p90;34670.898;;0.56050003;0.56050003
;US-NV;1994;p0p99;45032.0;;0.80080003;0.80080003
;US-NV;1994;p99.5p100;1818396.6;;0.16329999;0.16329999
;US-NV;1993;p0p100;141484.0;37105035070.0;1.0;1.0
;US-NV;1993;p99p100;1123681.3;;0.20720001;0.20720001
;US-NV;1993;p99.9p100;6116821.0;;0.1128;0.1128
;US-NV;1993;p99.99p100;33460170.0;;0.061700001;0.061700001
;US-NV;1993;p90p100;242331.7;;0.44690001;0.44690001
;US-NV;1993;p90p95;113812.6;;0.1049;0.1049
;US-NV;1993;p95p99;182683.09;;0.1347;0.1347
;US-NV;1993;p99.5p99.9;814828.0;;0.0601;0.0601
;US-NV;1993;p99.9p99.99;3133625.5;;0.052000001;0.052000001
;US-NV;1993;p99p99.5;387411.0;;0.035700001;0.035700001
;US-NV;1993;p95p100;371068.41;;0.34209999;0.34209999
;US-NV;1993;p0p90;33188.699;;0.55080003;0.55080003
;US-NV;1993;p0p99;43427.898;;0.79280001;0.79280001
;US-NV;1993;p99.5p100;1862971.8;;0.1718;0.1718
;US-NV;1992;p0p100;146838.8;35570339655.0;1.0;1.0
;US-NV;1992;p99p100;1166021.4;;0.2175;0.2175
;US-NV;1992;p99.9p100;6463585.0;;0.1206;0.1206
;US-NV;1992;p99.99p100;35589600.0;;0.066399999;0.066399999
;US-NV;1992;p90p100;244123.5;;0.45550001;0.45550001
;US-NV;1992;p90p95;111396.3;;0.1039;0.1039
;US-NV;1992;p95p99;179306.5;;0.1338;0.1338
;US-NV;1992;p99.5p99.9;826464.13;;0.061700001;0.061700001
;US-NV;1992;p99.9p99.99;3238829.0;;0.054400001;0.054400001
;US-NV;1992;p99p99.5;385394.91;;0.035999998;0.035999998
;US-NV;1992;p95p100;376593.91;;0.3513;0.3513
;US-NV;1992;p0p90;32389.6;;0.54390001;0.54390001
;US-NV;1992;p0p99;42362.898;;0.78250003;0.78250003
;US-NV;1992;p99.5p100;1947760.3;;0.18170001;0.18170001
;US-NV;1991;p0p100;151841.8;33321987907.0;1.0;1.0
;US-NV;1991;p99p100;1011501.3;;0.1919;0.1919
;US-NV;1991;p99.9p100;5176221.0;;0.098200001;0.098200001
;US-NV;1991;p99.99p100;26391670.0;;0.050099999;0.050099999
;US-NV;1991;p90p100;227680.0;;0.43189999;0.43189999
;US-NV;1991;p90p95;110346.9;;0.1047;0.1047
;US-NV;1991;p95p99;177581.3;;0.1347;0.1347
;US-NV;1991;p99.5p99.9;771393.38;;0.058499999;0.058499999
;US-NV;1991;p99.9p99.99;2824001.8;;0.0482;0.0482
;US-NV;1991;p99p99.5;373653.19;;0.035399999;0.035399999
;US-NV;1991;p95p100;344471.69;;0.3267;0.3267
;US-NV;1991;p0p90;33292.602;;0.56840003;0.56840003
;US-NV;1991;p0p99;43033.898;;0.80809999;0.80809999
;US-NV;1991;p99.5p100;1649235.8;;0.1564;0.1564
;US-NV;1990;p0p100;165380.0;32121538587.0;1.0;1.0
;US-NV;1990;p99p100;1118094.8;;0.2089;0.2089
;US-NV;1990;p99.9p100;5696276.0;;0.1064;0.1064
;US-NV;1990;p99.99p100;28604342.0;;0.0535;0.0535
;US-NV;1990;p90p100;243604.7;;0.45519999;0.45519999
;US-NV;1990;p90p95;116490.9;;0.1088;0.1088
;US-NV;1990;p95p99;183984.41;;0.1375;0.1375
;US-NV;1990;p99.5p99.9;861310.31;;0.064400002;0.064400002
;US-NV;1990;p99.9p99.99;3138680.8;;0.0528;0.0528
;US-NV;1990;p99p99.5;409371.69;;0.0383;0.0383
;US-NV;1990;p95p100;370679.19;;0.34630001;0.34630001
;US-NV;1990;p0p90;32390.1;;0.54479998;0.54479998
;US-NV;1990;p0p99;42759.0;;0.79110003;0.79110003
;US-NV;1990;p99.5p100;1828048.0;;0.1708;0.1708
;US-NV;1989;p0p100;189483.5;30037650655.0;1.0;1.0
;US-NV;1989;p99p100;1018504.1;;0.1831;0.1831
;US-NV;1989;p99.9p100;4870115.5;;0.087499999;0.087499999
;US-NV;1989;p99.99p100;23006914.0;;0.0414;0.0414
;US-NV;1989;p90p100;244088.2;;0.43880001;0.43880001
;US-NV;1989;p90p95;126038.8;;0.1133;0.1133
;US-NV;1989;p95p99;205255.91;;0.1476;0.1476
;US-NV;1989;p99.5p99.9;856093.5;;0.0616;0.0616
;US-NV;1989;p99.9p99.99;2980240.5;;0.0482;0.0482
;US-NV;1989;p99p99.5;429826.81;;0.038600001;0.038600001
;US-NV;1989;p95p100;363050.41;;0.3263;0.3263
;US-NV;1989;p0p90;33955.199;;0.54939997;0.54939997
;US-NV;1989;p0p99;45902.301;;0.81690001;0.81690001
;US-NV;1989;p99.5p100;1626754.3;;0.1462;0.1462
;US-NV;1988;p0p100;208381.91;28534215044.0;1.0;1.0
;US-NV;1988;p99p100;1231145.0;;0.219;0.219
;US-NV;1988;p99.9p100;6647991.0;;0.1182;0.1182
;US-NV;1988;p99.99p100;34441236.0;;0.061299998;0.061299998
;US-NV;1988;p90p100;262372.5;;0.46669999;0.46669999
;US-NV;1988;p90p95;123840.7;;0.1101;0.1101
;US-NV;1988;p95p99;207425.8;;0.1476;0.1476
;US-NV;1988;p99.5p99.9;979134.5;;0.069700003;0.069700003
;US-NV;1988;p99.9p99.99;3825531.0;;0.0612;0.0612
;US-NV;1988;p99p99.5;457165.5;;0.0407;0.0407
;US-NV;1988;p95p100;402663.09;;0.3581;0.3581
;US-NV;1988;p0p90;31824.801;;0.50950003;0.50950003
;US-NV;1988;p0p99;44353.0;;0.78100002;0.78100002
;US-NV;1988;p99.5p100;2045452.9;;0.18189999;0.18189999
;US-NV;1987;p0p100;208999.5;25319487838.0;1.0;1.0
;US-NV;1987;p99p100;785833.5;;0.1498;0.1498
;US-NV;1987;p99.9p100;3448858.5;;0.065700002;0.065700002
;US-NV;1987;p99.99p100;15234936.0;;0.028999999;0.028999999
;US-NV;1987;p90p100;209249.3;;0.39879999;0.39879999
;US-NV;1987;p90p95;117337.5;;0.1118;0.1118
;US-NV;1987;p95p99;184257.5;;0.14049999;0.14049999
;US-NV;1987;p99.5p99.9;685223.63;;0.052200001;0.052200001
;US-NV;1987;p99.9p99.99;2214918.0;;0.037999999;0.037999999
;US-NV;1987;p99p99.5;365384.0;;0.0348;0.0348
;US-NV;1987;p95p100;301628.59;;0.28749999;0.28749999
;US-NV;1987;p0p90;34604.699;;0.59359998;0.59359998
;US-NV;1987;p0p99;45058.398;;0.8502;0.8502
;US-NV;1987;p99.5p100;1218122.0;;0.1161;0.1161
;US-NV;1986;p0p100;233053.0;25167287414.0;1.0;1.0
;US-NV;1986;p99p100;1112666.8;;0.2033;0.2033
;US-NV;1986;p99.9p100;6095194.0;;0.1113;0.1113
;US-NV;1986;p99.99p100;32591534.0;;0.059500001;0.059500001
;US-NV;1986;p90p100;238433.41;;0.43560001;0.43560001
;US-NV;1986;p90p95;113050.6;;0.1033;0.1033
;US-NV;1986;p95p99;186661.09;;0.1364;0.1364
;US-NV;1986;p99.5p99.9;857230.69;;0.062600002;0.062600002
;US-NV;1986;p99.9p99.99;3405531.0;;0.056000002;0.056000002
;US-NV;1986;p99p99.5;398760.69;;0.036400001;0.036400001
;US-NV;1986;p95p100;365262.41;;0.33360001;0.33360001
;US-NV;1986;p0p90;33196.5;;0.54579997;0.54579997
;US-NV;1986;p0p99;44056.602;;0.7967;0.7967
;US-NV;1986;p99.5p100;1856456.5;;0.1696;0.1696
;US-NV;1985;p0p100;230915.8;22739125139.0;1.0;1.0
;US-NV;1985;p99p100;778018.0;;0.1487;0.1487
;US-NV;1985;p99.9p100;3789036.8;;0.072400004;0.072400004
;US-NV;1985;p99.99p100;18891534.0;;0.0361;0.0361
;US-NV;1985;p90p100;197389.7;;0.37720001;0.37720001
;US-NV;1985;p90p95;107594.2;;0.1028;0.1028
;US-NV;1985;p95p99;170257.3;;0.1301;0.1301
;US-NV;1985;p99.5p99.9;641571.13;;0.048999999;0.048999999
;US-NV;1985;p99.9p99.99;2323481.3;;0.039999999;0.039999999
;US-NV;1985;p99p99.5;336635.69;;0.032200001;0.032200001
;US-NV;1985;p95p100;287923.91;;0.27509999;0.27509999
;US-NV;1985;p0p90;35454.398;;0.60979998;0.60979998
;US-NV;1985;p0p99;44998.5;;0.8513;0.8513
;US-NV;1985;p99.5p100;1237420.1;;0.1182;0.1182
;US-NV;1984;p0p100;236146.2;21435125685.0;1.0;1.0
;US-NV;1984;p99p100;720944.0;;0.1441;0.1441
;US-NV;1984;p99.9p100;3549917.5;;0.071000002;0.071000002
;US-NV;1984;p99.99p100;18649020.0;;0.037300002;0.037300002
;US-NV;1984;p90p100;184661.09;;0.36919999;0.36919999
;US-NV;1984;p90p95;101075.5;;0.101;0.101
;US-NV;1984;p95p99;159794.91;;0.1278;0.1278
;US-NV;1984;p99.5p99.9;587317.13;;0.046999998;0.046999998
;US-NV;1984;p99.9p99.99;2110762.0;;0.037999999;0.037999999
;US-NV;1984;p99p99.5;313593.59;;0.031300001;0.031300001
;US-NV;1984;p95p100;268475.09;;0.26840001;0.26840001
;US-NV;1984;p0p90;34325.5;;0.61760002;0.61760002
;US-NV;1984;p0p99;43243.398;;0.85589999;0.85589999
;US-NV;1984;p99.5p100;1145375.5;;0.1145;0.1145
;US-NV;1983;p0p100;271481.19;20710566999.0;1.0;1.0
;US-NV;1983;p99p100;600988.19;;0.1181;0.1181
;US-NV;1983;p99.9p100;2659878.0;;0.052299999;0.052299999
;US-NV;1983;p99.99p100;12608464.0;;0.024800001;0.024800001
;US-NV;1983;p90p100;170872.3;;0.33570001;0.33570001
;US-NV;1983;p90p95;100633.6;;0.098899998;0.098899998
;US-NV;1983;p95p99;151938.0;;0.1194;0.1194
;US-NV;1983;p99.5p99.9;507578.31;;0.039900001;0.039900001
;US-NV;1983;p99.9p99.99;1624673.8;;0.0287;0.0287
;US-NV;1983;p99p99.5;284598.0;;0.028000001;0.028000001
;US-NV;1983;p95p100;240517.0;;0.23630001;0.23630001
;US-NV;1983;p0p90;37347.801;;0.66039997;0.66039997
;US-NV;1983;p0p99;45342.102;;0.88190001;0.88190001
;US-NV;1983;p99.5p100;924320.19;;0.090800002;0.090800002
;US-NV;1982;p0p100;279212.0;20428383961.0;1.0;1.0
;US-NV;1982;p99p100;481705.69;;0.095899999;0.095899999
;US-NV;1982;p99.9p100;1863217.8;;0.037099998;0.037099998
;US-NV;1982;p99.99p100;7736140.0;;0.0154;0.0154
;US-NV;1982;p90p100;155506.59;;0.30970001;0.30970001
;US-NV;1982;p90p95;100446.8;;0.1;0.1
;US-NV;1982;p95p99;142868.91;;0.1138;0.1138
;US-NV;1982;p99.5p99.9;422690.41;;0.0337;0.0337
;US-NV;1982;p99.9p99.99;1210670.9;;0.0217;0.0217
;US-NV;1982;p99p99.5;252615.59;;0.0252;0.0252
;US-NV;1982;p95p100;210448.41;;0.2096;0.2096
;US-NV;1982;p0p90;38501.0;;0.69019997;0.69019997
;US-NV;1982;p0p99;45846.5;;0.9041;0.9041
;US-NV;1982;p99.5p100;710795.88;;0.070799999;0.070799999
;US-NV;1981;p0p100;372703.19;20440537348.0;1.0;1.0
;US-NV;1981;p99p100;657923.0;;0.1104;0.1104
;US-NV;1981;p99.9p100;3077900.5;;0.051600002;0.051600002
;US-NV;1981;p99.99p100;15004337.0;;0.0252;0.0252
;US-NV;1981;p90p100;184690.8;;0.30989999;0.30989999
;US-NV;1981;p90p95;112514.2;;0.094400004;0.094400004
;US-NV;1981;p95p99;156602.0;;0.1051;0.1051
;US-NV;1981;p99.5p99.9;517915.09;;0.0348;0.0348
;US-NV;1981;p99.9p99.99;1757821.4;;0.0265;0.0265
;US-NV;1981;p99p99.5;291257.41;;0.0244;0.0244
;US-NV;1981;p95p100;256377.3;;0.21510001;0.21510001
;US-NV;1981;p0p90;45672.0;;0.68959999;0.68959999
;US-NV;1981;p0p99;53561.398;;0.88959998;0.88959998
;US-NV;1981;p99.5p100;1025635.5;;0.086000003;0.086000003
;US-NV;1980;p0p100;455862.09;20061979613.0;1.0;1.0
;US-NV;1980;p99p100;666993.63;;0.1097;0.1097
;US-NV;1980;p99.9p100;2856384.3;;0.046999998;0.046999998
;US-NV;1980;p99.99p100;12597553.0;;0.0207;0.0207
;US-NV;1980;p90p100;182577.2;;0.30039999;0.30039999
;US-NV;1980;p90p95;100781.2;;0.082900003;0.082900003
;US-NV;1980;p95p99;164254.41;;0.1081;0.1081
;US-NV;1980;p99.5p99.9;566916.69;;0.037300002;0.037300002
;US-NV;1980;p99.9p99.99;1776007.0;;0.0263;0.0263
;US-NV;1980;p99p99.5;310555.09;;0.0255;0.0255
;US-NV;1980;p95p100;264630.81;;0.2177;0.2177
;US-NV;1980;p0p90;47214.301;;0.69910002;0.69910002
;US-NV;1980;p0p99;54657.301;;0.89029998;0.89029998
;US-NV;1980;p99.5p100;1023607.9;;0.084200002;0.084200002
;US-NV;1979;p0p100;587619.13;19047235321.0;1.0;1.0
;US-NV;1979;p99p100;728990.63;;0.1149;0.1149
;US-NV;1979;p99.9p100;3404306.5;;0.053599998;0.053599998
;US-NV;1979;p99.99p100;17182544.0;;0.027100001;0.027100001
;US-NV;1979;p90p100;199386.91;;0.3141;0.3141
;US-NV;1979;p90p95;114596.8;;0.090300001;0.090300001
;US-NV;1979;p95p99;173577.5;;0.1094;0.1094
;US-NV;1979;p99.5p99.9;563238.88;;0.035500001;0.035500001
;US-NV;1979;p99.9p99.99;1875972.4;;0.0266;0.0266
;US-NV;1979;p99p99.5;326312.91;;0.025699999;0.025699999
;US-NV;1979;p95p100;284742.0;;0.2243;0.2243
;US-NV;1979;p0p90;48343.199;;0.68550003;0.68550003
;US-NV;1979;p0p99;56750.602;;0.88510001;0.88510001
;US-NV;1979;p99.5p100;1130175.3;;0.089000002;0.089000002
;US-NV;1978;p0p100;651280.38;17509745792.0;1.0;1.0
;US-NV;1978;p99p100;612693.38;;0.1046;0.1046
;US-NV;1978;p99.9p100;2375445.3;;0.0405;0.0405
;US-NV;1978;p99.99p100;10066102.0;;0.017200001;0.017200001
;US-NV;1978;p90p100;184463.3;;0.31479999;0.31479999
;US-NV;1978;p90p95;114534.9;;0.0977;0.0977
;US-NV;1978;p95p99;164811.2;;0.1125;0.1125
;US-NV;1978;p99.5p99.9;542765.13;;0.037099998;0.037099998
;US-NV;1978;p99.9p99.99;1523372.8;;0.023399999;0.023399999
;US-NV;1978;p99p99.5;316804.5;;0.027000001;0.027000001
;US-NV;1978;p95p100;254874.8;;0.2175;0.2175
;US-NV;1978;p0p90;44595.801;;0.68510002;0.68510002
;US-NV;1978;p0p99;52991.199;;0.89539999;0.89539999
;US-NV;1978;p99.5p100;908031.31;;0.077500001;0.077500001
;US-NV;1977;p0p100;702030.19;15512618789.0;1.0;1.0
;US-NV;1977;p99p100;560136.69;;0.1027;0.1027
;US-NV;1977;p99.9p100;2212038.8;;0.0405;0.0405
;US-NV;1977;p99.99p100;9680731.0;;0.0177;0.0177
;US-NV;1977;p90p100;173895.0;;0.31869999;0.31869999
;US-NV;1977;p90p95;115580.2;;0.1059;0.1059
;US-NV;1977;p95p99;150316.0;;0.1102;0.1102
;US-NV;1977;p99.5p99.9;493905.91;;0.036200002;0.036200002
;US-NV;1977;p99.9p99.99;1385150.9;;0.0229;0.0229
;US-NV;1977;p99p99.5;283298.41;;0.026000001;0.026000001
;US-NV;1977;p95p100;232199.8;;0.2128;0.2128
;US-NV;1977;p0p90;41286.898;;0.68110001;0.68110001
;US-NV;1977;p0p99;49449.801;;0.8973;0.8973
;US-NV;1977;p99.5p100;836580.19;;0.076700002;0.076700002
;US-NV;1976;p0p100;768732.5;14256681063.0;1.0;1.0
;US-NV;1976;p99p100;479267.19;;0.090999998;0.090999998
;US-NV;1976;p99.9p100;1662203.0;;0.031599998;0.031599998
;US-NV;1976;p99.99p100;6611952.0;;0.0126;0.0126
;US-NV;1976;p90p100;162319.3;;0.3082;0.3082
;US-NV;1976;p90p95;106424.8;;0.101;0.101
;US-NV;1976;p95p99;152912.2;;0.1161;0.1161
;US-NV;1976;p99.5p99.9;441507.31;;0.033500001;0.033500001
;US-NV;1976;p99.9p99.99;1111811.3;;0.018999999;0.018999999
;US-NV;1976;p99p99.5;273595.41;;0.026000001;0.026000001
;US-NV;1976;p95p100;218186.59;;0.2071;0.2071
;US-NV;1976;p0p90;40482.699;;0.6918;0.6918
;US-NV;1976;p0p99;48358.898;;0.90899998;0.90899998
;US-NV;1976;p99.5p100;685026.0;;0.064999998;0.064999998
;US-NV;1975;p0p100;824885.69;13028300867.0;1.0;1.0
;US-NV;1975;p99p100;446665.19;;0.088399999;0.088399999
;US-NV;1975;p99.9p100;1531671.8;;0.030300001;0.030300001
;US-NV;1975;p99.99p100;5612860.5;;0.0111;0.0111
;US-NV;1975;p90p100;154649.5;;0.30610001;0.30610001
;US-NV;1975;p90p95;101962.8;;0.1009;0.1009
;US-NV;1975;p95p99;147449.09;;0.1167;0.1167
;US-NV;1975;p99.5p99.9;425447.0;;0.0337;0.0337
;US-NV;1975;p99.9p99.99;1077558.3;;0.019200001;0.019200001
;US-NV;1975;p99p99.5;247718.8;;0.024499999;0.024499999
;US-NV;1975;p95p100;207299.59;;0.2051;0.2051
;US-NV;1975;p0p90;38952.5;;0.69389999;0.69389999
;US-NV;1975;p0p99;46523.398;;0.91159999;0.91159999
;US-NV;1975;p99.5p100;646014.69;;0.063900001;0.063900001
;US-NV;1974;p0p100;1033146.5;13048879210.0;1.0;1.0
;US-NV;1974;p99p100;454499.31;;0.085500002;0.085500002
;US-NV;1974;p99.9p100;1386973.1;;0.0261;0.0261
;US-NV;1974;p99.99p100;4555278.0;;0.0086000003;0.0086000003
;US-NV;1974;p90p100;162610.41;;0.30599999;0.30599999
;US-NV;1974;p90p95;107934.6;;0.1016;0.1016
;US-NV;1974;p95p99;158116.5;;0.119;0.119
;US-NV;1974;p99.5p99.9;444281.09;;0.033399999;0.033399999
;US-NV;1974;p99.9p99.99;1036876.7;;0.0176;0.0176
;US-NV;1974;p99p99.5;277087.69;;0.0261;0.0261
;US-NV;1974;p95p100;217277.91;;0.2044;0.2044
;US-NV;1974;p0p90;40961.102;;0.69379997;0.69379997
;US-NV;1974;p0p99;49083.5;;0.9145;0.9145
;US-NV;1974;p99.5p100;632271.0;;0.059500001;0.059500001
;US-NV;1973;p0p100;1322545.8;12913038287.0;1.0;1.0
;US-NV;1973;p99p100;544687.31;;0.098700002;0.098700002
;US-NV;1973;p99.9p100;1997122.1;;0.036200002;0.036200002
;US-NV;1973;p99.99p100;7186419.0;;0.013;0.013
;US-NV;1973;p90p100;173668.41;;0.31479999;0.31479999
;US-NV;1973;p90p95;109903.9;;0.099600002;0.099600002
;US-NV;1973;p95p99;160606.41;;0.1164;0.1164
;US-NV;1973;p99.5p99.9;510562.91;;0.037;0.037
;US-NV;1973;p99.9p99.99;1420834.8;;0.0232;0.0232
;US-NV;1973;p99p99.5;282846.31;;0.025599999;0.025599999
;US-NV;1973;p95p100;237412.2;;0.21520001;0.21520001
;US-NV;1973;p0p90;41999.199;;0.68510002;0.68510002
;US-NV;1973;p0p99;50228.0;;0.90130001;0.90130001
;US-NV;1973;p99.5p100;807900.13;;0.073200002;0.073200002
;US-NV;1972;p0p100;1471872.3;12135649707.0;1.0;1.0
;US-NV;1972;p99p100;547409.5;;0.1006;0.1006
;US-NV;1972;p99.9p100;2161290.5;;0.039700001;0.039700001
;US-NV;1972;p99.99p100;8597264.0;;0.015799999;0.015799999
;US-NV;1972;p90p100;163605.91;;0.30059999;0.30059999
;US-NV;1972;p90p95;106134.6;;0.097499996;0.097499996
;US-NV;1972;p95p99;139495.5;;0.1025;0.1025
;US-NV;1972;p99.5p99.9;466821.59;;0.034299999;0.034299999
;US-NV;1972;p99.9p99.99;1446296.9;;0.0239;0.0239
;US-NV;1972;p99p99.5;289947.41;;0.0266;0.0266
;US-NV;1972;p95p100;221071.0;;0.2031;0.2031
;US-NV;1972;p0p90;42284.898;;0.69929999;0.69929999
;US-NV;1972;p0p99;49441.699;;0.8994;0.8994
;US-NV;1972;p99.5p100;804871.69;;0.073899999;0.073899999
;US-NV;1971;p0p100;1533884.6;11299420894.0;1.0;1.0
;US-NV;1971;p99p100;483233.91;;0.090800002;0.090800002
;US-NV;1971;p99.9p100;1673443.3;;0.031399999;0.031399999
;US-NV;1971;p99.99p100;6686032.0;;0.0126;0.0126
;US-NV;1971;p90p100;161691.5;;0.3037;0.3037
;US-NV;1971;p90p95;102255.1;;0.096000001;0.096000001
;US-NV;1971;p95p99;155550.3;;0.1169;0.1169
;US-NV;1971;p99.5p99.9;450146.69;;0.033799998;0.033799998
;US-NV;1971;p99.9p99.99;1116311.0;;0.0189;0.0189
;US-NV;1971;p99p99.5;272008.91;;0.0255;0.0255
;US-NV;1971;p95p100;221091.0;;0.2076;0.2076
;US-NV;1971;p0p90;41191.898;;0.69630003;0.69630003
;US-NV;1971;p0p99;48898.0;;0.90920001;0.90920001
;US-NV;1971;p99.5p100;694575.31;;0.065200001;0.065200001
;US-NV;1970;p0p100;1657859.8;10647961140.0;1.0;1.0
;US-NV;1970;p99p100;447570.19;;0.084700003;0.084700003
;US-NV;1970;p99.9p100;1497313.8;;0.0284;0.0284
;US-NV;1970;p99.99p100;5053296.5;;0.0096000005;0.0096000005
;US-NV;1970;p90p100;148830.3;;0.2818;0.2818
;US-NV;1970;p90p95;98383.898;;0.093099996;0.093099996
;US-NV;1970;p95p99;137145.2;;0.1039;0.1039
;US-NV;1970;p99.5p99.9;422710.91;;0.032000002;0.032000002
;US-NV;1970;p99.9p99.99;1101910.0;;0.0188;0.0188
;US-NV;1970;p99p99.5;257856.3;;0.0244;0.0244
;US-NV;1970;p95p100;199260.8;;0.1886;0.1886
;US-NV;1970;p0p90;42147.699;;0.71820003;0.71820003
;US-NV;1970;p0p99;48827.699;;0.91530001;0.91530001
;US-NV;1970;p99.5p100;637425.69;;0.0603;0.0603
;US-NV;1969;p0p100;1861447.0;10155197119.0;1.0;1.0
;US-NV;1969;p99p100;814463.13;;0.15350001;0.15350001
;US-NV;1969;p99.9p100;5008411.5;;0.094400004;0.094400004
;US-NV;1969;p99.99p100;37030860.0;;0.069799997;0.069799997
;US-NV;1969;p90p100;191629.3;;0.3612;0.3612
;US-NV;1969;p90p95;98960.797;;0.0933;0.0933
;US-NV;1969;p95p99;151385.7;;0.1141;0.1141
;US-NV;1969;p99.5p99.9;465466.91;;0.035100002;0.035100002
;US-NV;1969;p99.9p99.99;1414064.8;;0.024;0.024
;US-NV;1969;p99p99.5;256056.8;;0.0241;0.0241
;US-NV;1969;p95p100;284190.0;;0.2678;0.2678
;US-NV;1969;p0p90;37704.5;;0.63959998;0.63959998
;US-NV;1969;p0p99;45364.398;;0.84649998;0.84649998
;US-NV;1969;p99.5p100;1371708.8;;0.1293;0.1293
;US-NV;1968;p0p100;2069353.9;9654912469.0;1.0;1.0
;US-NV;1968;p99p100;758747.19;;0.14309999;0.14309999
;US-NV;1968;p99.9p100;4224354.0;;0.079700001;0.079700001
;US-NV;1968;p99.99p100;26575018.0;;0.050099999;0.050099999
;US-NV;1968;p90p100;184687.91;;0.34830001;0.34830001
;US-NV;1968;p90p95;100765.5;;0.094999999;0.094999999
;US-NV;1968;p95p99;146247.3;;0.1103;0.1103
;US-NV;1968;p99.5p99.9;495425.31;;0.0374;0.0374
;US-NV;1968;p99.9p99.99;1707535.3;;0.028999999;0.028999999
;US-NV;1968;p99p99.5;275765.59;;0.026000001;0.026000001
;US-NV;1968;p95p100;268690.0;;0.25330001;0.25330001
;US-NV;1968;p0p90;38432.5;;0.65219998;0.65219998
;US-NV;1968;p0p99;45903.801;;0.85689998;0.85689998
;US-NV;1968;p99.5p100;1242400.5;;0.1171;0.1171
;US-NV;1967;p0p100;2096159.6;8566681253.0;1.0;1.0
;US-NV;1967;p99p100;533563.13;;0.1078;0.1078
;US-NV;1967;p99.9p100;2345612.0;;0.047400001;0.047400001
;US-NV;1967;p99.99p100;11571709.0;;0.023399999;0.023399999
;US-NV;1967;p90p100;159025.91;;0.32139999;0.32139999
;US-NV;1967;p90p95;99803.797;;0.1008;0.1008
;US-NV;1967;p95p99;139361.8;;0.1127;0.1127
;US-NV;1967;p99.5p99.9;432711.81;;0.035;0.035
;US-NV;1967;p99.9p99.99;1318523.6;;0.024;0.024
;US-NV;1967;p99p99.5;251774.8;;0.0254;0.0254
;US-NV;1967;p95p100;218255.2;;0.22050001;0.22050001
;US-NV;1967;p0p90;37317.398;;0.67869997;0.67869997
;US-NV;1967;p0p99;44594.199;;0.89219999;0.89219999
;US-NV;1967;p99.5p100;815197.69;;0.082400002;0.082400002
;US-NV;1966;p0p100;2247802.5;8212489889.0;1.0;1.0
;US-NV;1966;p99p100;468542.59;;0.093800001;0.093800001
;US-NV;1966;p99.9p100;1862783.8;;0.037300002;0.037300002
;US-NV;1966;p99.99p100;7984716.5;;0.016000001;0.016000001
;US-NV;1966;p90p100;157034.59;;0.3145;0.3145
;US-NV;1966;p90p95;97401.102;;0.097499996;0.097499996
;US-NV;1966;p95p99;153571.2;;0.123;0.123
;US-NV;1966;p99.5p99.9;413962.31;;0.033199999;0.033199999
;US-NV;1966;p99.9p99.99;1182107.5;;0.021299999;0.021299999
;US-NV;1966;p99p99.5;234893.5;;0.023499999;0.023499999
;US-NV;1966;p95p100;216553.5;;0.2168;0.2168
;US-NV;1966;p0p90;38031.398;;0.68550003;0.68550003
;US-NV;1966;p0p99;45705.5;;0.90619999;0.90619999
;US-NV;1966;p99.5p100;702645.88;;0.0704;0.0704
;US-NV;1965;p0p100;2450203.3;8032973520.0;1.0;1.0
;US-NV;1965;p99p100;512248.0;;0.099600002;0.099600002
;US-NV;1965;p99.9p100;1939390.8;;0.037700001;0.037700001
;US-NV;1965;p99.99p100;8178269.0;;0.015900001;0.015900001
;US-NV;1965;p90p100;156198.91;;0.30360001;0.30360001
;US-NV;1965;p90p95;93732.297;;0.0911;0.0911
;US-NV;1965;p95p99;145284.7;;0.113;0.113
;US-NV;1965;p99.5p99.9;453398.31;;0.035300002;0.035300002
;US-NV;1965;p99.9p99.99;1246530.3;;0.0218;0.0218
;US-NV;1965;p99p99.5;274258.31;;0.026699999;0.026699999
;US-NV;1965;p95p100;218672.5;;0.21250001;0.21250001
;US-NV;1965;p0p90;39806.199;;0.69630003;0.69630003
;US-NV;1965;p0p99;46793.602;;0.90039998;0.90039998
;US-NV;1965;p99.5p100;750349.13;;0.072899997;0.072899997
;US-NV;1964;p0p100;2539441.0;7647350952.0;1.0;1.0
;US-NV;1964;p99p100;502948.09;;0.097400002;0.097400002
;US-NV;1964;p99.9p100;1756015.1;;0.034000002;0.034000002
;US-NV;1964;p99.99p100;6928352.0;;0.0134;0.0134
;US-NV;1964;p90p100;155540.5;;0.3012;0.3012
;US-NV;1964;p90p95;92872.0;;0.089900002;0.089900002
;US-NV;1964;p95p99;147035.5;;0.1139;0.1139
;US-NV;1964;p99.5p99.9;451661.59;;0.035;0.035
;US-NV;1964;p99.9p99.99;1181385.8;;0.0206;0.0206
;US-NV;1964;p99p99.5;293537.5;;0.0284;0.0284
;US-NV;1964;p95p100;218247.59;;0.2113;0.2113
;US-NV;1964;p0p90;40096.898;;0.69880003;0.69880003
;US-NV;1964;p0p99;47084.0;;0.90259999;0.90259999
;US-NV;1964;p99.5p100;712414.63;;0.068999998;0.068999998
;US-NV;1963;p0p100;2562534.0;7120968001.0;1.0;1.0
;US-NV;1963;p99p100;500434.31;;0.0986;0.0986
;US-NV;1963;p99.9p100;1964430.9;;0.038699999;0.038699999
;US-NV;1963;p99.99p100;8511916.0;;0.016799999;0.016799999
;US-NV;1963;p90p100;152479.91;;0.3003;0.3003
;US-NV;1963;p90p95;91135.398;;0.089699998;0.089699998
;US-NV;1963;p95p99;142170.8;;0.112;0.112
;US-NV;1963;p99.5p99.9;446014.31;;0.035100002;0.035100002
;US-NV;1963;p99.9p99.99;1234820.5;;0.0219;0.0219
;US-NV;1963;p99p99.5;252030.59;;0.024800001;0.024800001
;US-NV;1963;p95p100;213823.5;;0.2106;0.2106
;US-NV;1963;p0p90;39473.102;;0.6997;0.6997
;US-NV;1963;p0p99;46234.102;;0.90140003;0.90140003
;US-NV;1963;p99.5p100;748856.19;;0.073700003;0.073700003
;US-NV;1962;p0p100;2479971.0;6353743239.0;1.0;1.0
;US-NV;1962;p99p100;436171.31;;0.0911;0.0911
;US-NV;1962;p99.9p100;1543110.3;;0.032200001;0.032200001
;US-NV;1962;p99.99p100;5305912.0;;0.0111;0.0111
;US-NV;1962;p90p100;138998.5;;0.2904;0.2904
;US-NV;1962;p90p95;89890.602;;0.093900003;0.093900003
;US-NV;1962;p95p99;126090.4;;0.1054;0.1054
;US-NV;1962;p99.5p99.9;403518.5;;0.0337;0.0337
;US-NV;1962;p99.9p99.99;1125787.9;;0.021199999;0.021199999
;US-NV;1962;p99p99.5;241445.0;;0.0252;0.0252
;US-NV;1962;p95p100;188106.41;;0.1965;0.1965
;US-NV;1962;p0p90;37734.0;;0.70950001;0.70950001
;US-NV;1962;p0p99;43941.5;;0.90890002;0.90890002
;US-NV;1962;p99.5p100;630903.31;;0.065899998;0.065899998
;US-NV;1961;p0p100;2281477.5;5417845344.0;1.0;1.0
;US-NV;1961;p99p100;467683.59;;0.1084;0.1084
;US-NV;1961;p99.9p100;1566927.1;;0.0363;0.0363
;US-NV;1961;p99.99p100;5258997.5;;0.0122;0.0122
;US-NV;1961;p90p100;143035.09;;0.33140001;0.33140001
;US-NV;1961;p90p95;85869.398;;0.0995;0.0995
;US-NV;1961;p95p99;133326.41;;0.1236;0.1236
;US-NV;1961;p99.5p99.9;462390.59;;0.0429;0.0429
;US-NV;1961;p99.9p99.99;1157183.4;;0.0241;0.0241
;US-NV;1961;p99p99.5;252006.5;;0.029200001;0.029200001
;US-NV;1961;p95p100;200199.41;;0.23190001;0.23190001
;US-NV;1961;p0p90;32065.4;;0.66860002;0.66860002
;US-NV;1961;p0p99;38874.301;;0.89160001;0.89160001
;US-NV;1961;p99.5p100;683357.63;;0.0792;0.0792
;US-NV;1960;p0p100;2227127.3;4895041757.0;1.0;1.0
;US-NV;1960;p99p100;344222.19;;0.083400004;0.083400004
;US-NV;1960;p99.9p100;1119035.8;;0.027100001;0.027100001
;US-NV;1960;p99.99p100;2711819.8;;0.0066;0.0066
;US-NV;1960;p90p100;120623.0;;0.29210001;0.29210001
;US-NV;1960;p90p95;82301.398;;0.099699996;0.099699996
;US-NV;1960;p95p99;112625.5;;0.1091;0.1091
;US-NV;1960;p99.5p99.9;331834.31;;0.032099999;0.032099999
;US-NV;1960;p99.9p99.99;945439.81;;0.0206;0.0206
;US-NV;1960;p99p99.5;199189.09;;0.0241;0.0241
;US-NV;1960;p95p100;158944.3;;0.1925;0.1925
;US-NV;1960;p0p90;32474.9;;0.70779997;0.70779997
;US-NV;1960;p0p99;38233.0;;0.91659999;0.91659999
;US-NV;1960;p99.5p100;489255.41;;0.0592;0.0592
;US-NV;1959;p0p100;2264455.5;4593174987.0;1.0;1.0
;US-NV;1959;p99p100;329780.81;;0.081299998;0.081299998
;US-NV;1959;p99.9p100;932711.5;;0.023;0.023
;US-NV;1959;p99.99p100;3144002.0;;0.0077;0.0077
;US-NV;1959;p90p100;119901.2;;0.29550001;0.29550001
;US-NV;1959;p90p95;78901.602;;0.097199999;0.097199999
;US-NV;1959;p95p99;118687.1;;0.117;0.117
;US-NV;1959;p99.5p99.9;348794.0;;0.034400001;0.034400001
;US-NV;1959;p99.9p99.99;687109.0;;0.0152;0.0152
;US-NV;1959;p99p99.5;193771.5;;0.0239;0.0239
;US-NV;1959;p95p100;160901.91;;0.1983;0.1983
;US-NV;1959;p0p90;31765.699;;0.70450002;0.70450002
;US-NV;1959;p0p99;37657.301;;0.91869998;0.91869998
;US-NV;1959;p99.5p100;465795.09;;0.057399999;0.057399999
;US-NV;1958;p0p100;2174004.0;4148365453.0;1.0;1.0
;US-NV;1958;p99p100;387136.59;;0.1008;0.1008
;US-NV;1958;p99.9p100;1451610.1;;0.037799999;0.037799999
;US-NV;1958;p99.99p100;5990375.0;;0.0156;0.0156
;US-NV;1958;p90p100;117446.9;;0.3057;0.3057
;US-NV;1958;p90p95;80994.297;;0.1054;0.1054
;US-NV;1958;p95p99;95591.102;;0.0995;0.0995
;US-NV;1958;p99.5p99.9;348547.41;;0.0363;0.0363
;US-NV;1958;p99.9p99.99;945193.81;;0.0221;0.0221
;US-NV;1958;p99p99.5;205825.3;;0.026799999;0.026799999
;US-NV;1958;p95p100;153901.5;;0.20029999;0.20029999
;US-NV;1958;p0p90;29641.801;;0.6943;0.6943
;US-NV;1958;p0p99;34901.699;;0.89920002;0.89920002
;US-NV;1958;p99.5p100;568450.13;;0.074000001;0.074000001
;US-NV;1957;p0p100;2365130.5;4078033987.0;1.0;1.0
;US-NV;1957;p99p100;398035.0;;0.1005;0.1005
;US-NV;1957;p99.9p100;1347911.9;;0.034000002;0.034000002
;US-NV;1957;p99.99p100;3841726.5;;0.0097000003;0.0097000003
;US-NV;1957;p90p100;123219.4;;0.31110001;0.31110001
;US-NV;1957;p90p95;74841.703;;0.094499998;0.094499998
;US-NV;1957;p95p99;114986.0;;0.1161;0.1161
;US-NV;1957;p99.5p99.9;361367.5;;0.036499999;0.036499999
;US-NV;1957;p99.9p99.99;1071677.0;;0.0243;0.0243
;US-NV;1957;p99p99.5;237701.2;;0.029999999;0.029999999
;US-NV;1957;p95p100;171596.41;;0.2166;0.2166
;US-NV;1957;p0p90;30318.801;;0.68889999;0.68889999
;US-NV;1957;p0p99;35990.699;;0.89950001;0.89950001
;US-NV;1957;p99.5p100;558367.31;;0.070500001;0.070500001
;US-NV;1956;p0p100;2596811.5;3974624284.0;1.0;1.0
;US-NV;1956;p99p100;403839.69;;0.099600002;0.099600002
;US-NV;1956;p99.9p100;1328363.6;;0.0328;0.0328
;US-NV;1956;p99.99p100;4390160.5;;0.0108;0.0108
;US-NV;1956;p90p100;123745.6;;0.30520001;0.30520001
;US-NV;1956;p90p95;77767.203;;0.095899999;0.095899999
;US-NV;1956;p95p99;111283.5;;0.1098;0.1098
;US-NV;1956;p99.5p99.9;400411.19;;0.039500002;0.039500002
;US-NV;1956;p99.9p99.99;988564.31;;0.0219;0.0219
;US-NV;1956;p99p99.5;221689.41;;0.0273;0.0273
;US-NV;1956;p95p100;169794.41;;0.2094;0.2094
;US-NV;1956;p0p90;31302.199;;0.6947;0.6947
;US-NV;1956;p0p99;36880.898;;0.90039998;0.90039998
;US-NV;1956;p99.5p100;585990.63;;0.072300002;0.072300002
;US-NV;1955;p0p100;2790038.5;3947085680.0;1.0;1.0
;US-NV;1955;p99p100;462250.5;;0.1093;0.1093
;US-NV;1955;p99.9p100;1694832.9;;0.040100001;0.040100001
;US-NV;1955;p99.99p100;5493815.5;;0.013;0.013
;US-NV;1955;p90p100;131980.3;;0.31209999;0.31209999
;US-NV;1955;p90p95;77323.203;;0.091399997;0.091399997
;US-NV;1955;p95p99;117396.3;;0.111;0.111
;US-NV;1955;p99.5p99.9;444040.19;;0.041999999;0.041999999
;US-NV;1955;p99.9p99.99;1272794.6;;0.027100001;0.027100001
;US-NV;1955;p99p99.5;230299.0;;0.0272;0.0272
;US-NV;1955;p95p100;186384.8;;0.22040001;0.22040001
;US-NV;1955;p0p90;32342.4;;0.68830001;0.68830001
;US-NV;1955;p0p99;38050.699;;0.89069998;0.89069998
;US-NV;1955;p99.5p100;694201.38;;0.082099997;0.082099997
;US-NV;1954;p0p100;2504085.8;3397910325.0;1.0;1.0
;US-NV;1954;p99p100;407767.31;;0.1066;0.1066
;US-NV;1954;p99.9p100;1362004.3;;0.035599999;0.035599999
;US-NV;1954;p99.99p100;3360410.5;;0.0088;0.0088
;US-NV;1954;p90p100;126135.2;;0.32980001;0.32980001
;US-NV;1954;p90p95;75480.203;;0.098700002;0.098700002
;US-NV;1954;p95p99;118769.4;;0.1242;0.1242
;US-NV;1954;p99.5p99.9;417935.59;;0.043699998;0.043699998
;US-NV;1954;p99.9p99.99;1140014.3;;0.026799999;0.026799999
;US-NV;1954;p99p99.5;208784.3;;0.0273;0.0273
;US-NV;1954;p95p100;176568.09;;0.2309;0.2309
;US-NV;1954;p0p90;28489.0;;0.67049998;0.67049998
;US-NV;1954;p0p99;34510.0;;0.89340001;0.89340001
;US-NV;1954;p99.5p100;606749.13;;0.079300001;0.079300001
;US-NV;1953;p0p100;2476358.5;3166971401.0;1.0;1.0
;US-NV;1953;p99p100;276739.09;;0.073899999;0.073899999
;US-NV;1953;p99.9p100;832523.19;;0.0222;0.0222
;US-NV;1953;p99.99p100;2174982.3;;0.0057999999;0.0057999999
;US-NV;1953;p90p100;101775.1;;0.27180001;0.27180001
;US-NV;1953;p90p95;70746.703;;0.094499998;0.094499998
;US-NV;1953;p95p99;97743.203;;0.1044;0.1044
;US-NV;1953;p99.5p99.9;271079.09;;0.028999999;0.028999999
;US-NV;1953;p99.9p99.99;684570.63;;0.0165;0.0165
;US-NV;1953;p99p99.5;170143.91;;0.022700001;0.022700001
;US-NV;1953;p95p100;133477.5;;0.17820001;0.17820001
;US-NV;1953;p0p90;30253.9;;0.72719997;0.72719997
;US-NV;1953;p0p99;35027.102;;0.92610002;0.92610002
;US-NV;1953;p99.5p100;383365.81;;0.051199999;0.051199999
;US-NV;1952;p0p100;2434879.0;2922289986.0;1.0;1.0
;US-NV;1952;p99p100;455784.41;;0.1257;0.1257
;US-NV;1952;p99.9p100;1737478.3;;0.047899999;0.047899999
;US-NV;1952;p99.99p100;6869289.0;;0.0189;0.0189
;US-NV;1952;p90p100;117166.1;;0.3231;0.3231
;US-NV;1952;p90p95;60097.898;;0.082900003;0.082900003
;US-NV;1952;p95p99;101847.2;;0.1123;0.1123
;US-NV;1952;p99.5p99.9;419504.91;;0.046300001;0.046300001
;US-NV;1952;p99.9p99.99;1163324.6;;0.028899999;0.028899999
;US-NV;1952;p99p99.5;227986.09;;0.031399999;0.031399999
;US-NV;1952;p95p100;172826.3;;0.2383;0.2383
;US-NV;1952;p0p90;27374.301;;0.67930001;0.67930001
;US-NV;1952;p0p99;32030.0;;0.8743;0.8743
;US-NV;1952;p99.5p100;683469.19;;0.0942;0.0942
;US-NV;1951;p0p100;2302788.0;2519637747.0;1.0;1.0
;US-NV;1951;p99p100;473010.91;;0.14399999;0.14399999
;US-NV;1951;p99.9p100;2012396.1;;0.061299998;0.061299998
;US-NV;1951;p99.99p100;7515071.5;;0.0229;0.0229
;US-NV;1951;p90p100;110512.2;;0.3364;0.3364
;US-NV;1951;p90p95;50608.898;;0.077;0.077
;US-NV;1951;p95p99;97553.398;;0.1188;0.1188
;US-NV;1951;p99.5p99.9;421335.09;;0.0513;0.0513
;US-NV;1951;p99.9p99.99;1378311.5;;0.037799999;0.037799999
;US-NV;1951;p99p99.5;217444.8;;0.033100002;0.033100002
;US-NV;1951;p95p100;171849.91;;0.26159999;0.26159999
;US-NV;1951;p0p99;21870.4;;0.6591;0.6591
;US-NV;1951;p99.5p100;732195.63;;0.1114;0.1114
;US-NV;1950;p0p100;2697909.0;2413310420.0;1.0;1.0
;US-NV;1950;p99p100;510069.81;;0.1543;0.1543
;US-NV;1950;p99.9p100;2294923.5;;0.069399998;0.069399998
;US-NV;1950;p99.99p100;8531624.0;;0.025800001;0.025800001
;US-NV;1950;p90p100;114158.0;;0.34540001;0.34540001
;US-NV;1950;p90p95;48983.898;;0.074100003;0.074100003
;US-NV;1950;p95p99;96886.297;;0.1173;0.1173
;US-NV;1950;p99.5p99.9;426364.0;;0.051600002;0.051600002
;US-NV;1950;p99.9p99.99;1512615.3;;0.041200001;0.041200001
;US-NV;1950;p99p99.5;218942.0;;0.033100002;0.033100002
;US-NV;1950;p95p100;179777.91;;0.27200001;0.27200001
;US-NV;1950;p0p90;24125.801;;0.65689999;0.65689999
;US-NV;1950;p0p99;28234.199;;0.84570003;0.84570003
;US-NV;1950;p99.5p100;800929.88;;0.1212;0.1212
;US-NV;1949;p0p100;2463365.3;2087064688.0;1.0;1.0
;US-NV;1949;p99p100;340369.5;;0.115;0.115
;US-NV;1949;p99.9p100;1450379.3;;0.048999999;0.048999999
;US-NV;1949;p99.99p100;6858978.0;;0.0232;0.0232
;US-NV;1949;p90p100;95771.602;;0.32359999;0.32359999
;US-NV;1949;p90p95;54151.898;;0.091499999;0.091499999
;US-NV;1949;p95p99;86680.703;;0.1172;0.1172
;US-NV;1949;p99.5p99.9;295926.19;;0.039999999;0.039999999
;US-NV;1949;p99.9p99.99;849300.19;;0.025800001;0.025800001
;US-NV;1949;p99p99.5;153932.59;;0.026000001;0.026000001
;US-NV;1949;p95p100;137458.59;;0.2322;0.2322
;US-NV;1949;p0p90;22241.6;;0.67640001;0.67640001
;US-NV;1949;p0p99;26456.801;;0.88499999;0.88499999
;US-NV;1949;p99.5p100;526815.81;;0.089000002;0.089000002
;US-NV;1948;p0p100;2405404.8;2013002559.0;1.0;1.0
;US-NV;1948;p99p100;385806.09;;0.1309;0.1309
;US-NV;1948;p99.9p100;1692804.9;;0.057399999;0.057399999
;US-NV;1948;p99.99p100;7133602.0;;0.0242;0.0242
;US-NV;1948;p90p100;102955.0;;0.34940001;0.34940001
;US-NV;1948;p90p95;56915.398;;0.096600004;0.096600004
;US-NV;1948;p95p99;89778.203;;0.1219;0.1219
;US-NV;1948;p99.5p99.9;321590.31;;0.043699998;0.043699998
;US-NV;1948;p99.9p99.99;1088169.5;;0.033199999;0.033199999
;US-NV;1948;p99p99.5;175754.7;;0.0298;0.0298
;US-NV;1948;p95p100;149011.0;;0.25279999;0.25279999
;US-NV;1948;p0p90;21304.699;;0.65069997;0.65069997
;US-NV;1948;p0p99;25869.6;;0.86909997;0.86909997
;US-NV;1948;p99.5p100;595845.13;;0.1011;0.1011
;US-NV;1947;p0p100;2889563.3;2016387063.0;1.0;1.0
;US-NV;1947;p99p100;390066.59;;0.12800001;0.12800001
;US-NV;1947;p99.9p100;1661273.4;;0.054499999;0.054499999
;US-NV;1947;p99.99p100;7489420.5;;0.024599999;0.024599999
;US-NV;1947;p90p100;97152.5;;0.3188;0.3188
;US-NV;1947;p90p95;47151.199;;0.077399999;0.077399999
;US-NV;1947;p95p99;86388.703;;0.1134;0.1134
;US-NV;1947;p99.5p99.9;341569.5;;0.044799998;0.044799998
;US-NV;1947;p99.9p99.99;1013365.4;;0.029899999;0.029899999
;US-NV;1947;p99p99.5;174692.5;;0.0287;0.0287
;US-NV;1947;p95p100;147147.59;;0.2414;0.2414
;US-NV;1947;p0p90;23071.699;;0.68129998;0.68129998
;US-NV;1947;p0p99;26846.1;;0.87199998;0.87199998
;US-NV;1947;p99.5p100;605517.69;;0.099299997;0.099299997
;US-NV;1946;p0p100;4118659.8;2123852656.0;1.0;1.0
;US-NV;1946;p99p100;509443.81;;0.1534;0.1534
;US-NV;1946;p99.9p100;2324857.0;;0.07;0.07
;US-NV;1946;p99.99p100;9402260.0;;0.0283;0.0283
;US-NV;1946;p90p100;121864.8;;0.3669;0.3669
;US-NV;1946;p90p95;50968.5;;0.076700002;0.076700002
;US-NV;1946;p95p99;113568.0;;0.13680001;0.13680001
;US-NV;1946;p99.5p99.9;403578.31;;0.048599999;0.048599999
;US-NV;1946;p99.9p99.99;1538367.5;;0.041700002;0.041700002
;US-NV;1946;p99p99.5;231178.09;;0.0348;0.0348
;US-NV;1946;p95p100;192755.41;;0.29010001;0.29010001
;US-NV;1946;p0p90;23368.801;;0.63309997;0.63309997
;US-NV;1946;p0p99;28407.699;;0.8466;0.8466
;US-NV;1946;p99.5p100;787839.69;;0.1186;0.1186
;US-NV;1945;p0p100;5046425.5;2153348110.0;1.0;1.0
;US-NV;1945;p99p100;476216.69;;0.13779999;0.13779999
;US-NV;1945;p99.9p100;2204845.3;;0.0638;0.0638
;US-NV;1945;p99.99p100;8705186.0;;0.0252;0.0252
;US-NV;1945;p90p100;107967.1;;0.3125;0.3125
;US-NV;1945;p90p95;51150.102;;0.074000001;0.074000001
;US-NV;1945;p95p99;86862.203;;0.1006;0.1006
;US-NV;1945;p99.5p99.9;393133.31;;0.045499999;0.045499999
;US-NV;1945;p99.9p99.99;1467208.0;;0.038199998;0.038199998
;US-NV;1945;p99p99.5;196960.2;;0.0285;0.0285
;US-NV;1945;p95p100;164777.2;;0.2385;0.2385
;US-NV;1945;p0p90;26412.5;;0.68800002;0.68800002
;US-NV;1945;p0p99;30090.301;;0.86220002;0.86220002
;US-NV;1945;p99.5p100;755674.31;;0.1094;0.1094
;US-NV;1944;p0p100;5397701.5;2144482632.0;1.0;1.0
;US-NV;1944;p99p100;397565.59;;0.1125;0.1125
;US-NV;1944;p99.9p100;1701522.8;;0.0482;0.0482
;US-NV;1944;p99.99p100;6851505.5;;0.019400001;0.019400001
;US-NV;1944;p90p100;94888.602;;0.26859999;0.26859999
;US-NV;1944;p90p95;46453.398;;0.065700002;0.065700002
;US-NV;1944;p95p99;75807.602;;0.0858;0.0858
;US-NV;1944;p99.5p99.9;342166.09;;0.038699999;0.038699999
;US-NV;1944;p99.9p99.99;1126841.8;;0.0287;0.0287
;US-NV;1944;p99p99.5;180881.2;;0.025599999;0.025599999
;US-NV;1944;p95p100;140798.41;;0.19930001;0.19930001
;US-NV;1944;p0p90;28891.199;;0.736;0.736
;US-NV;1944;p0p99;31670.5;;0.88749999;0.88749999
;US-NV;1944;p99.5p100;613735.19;;0.086900003;0.086900003
;US-NV;1943;p0p100;6186280.5;2309819379.0;1.0;1.0
;US-NV;1943;p99p100;473017.09;;0.1209;0.1209
;US-NV;1943;p99.9p100;1906851.6;;0.048700001;0.048700001
;US-NV;1943;p99.99p100;6927515.0;;0.0177;0.0177
;US-NV;1943;p90p100;105915.3;;0.27070001;0.27070001
;US-NV;1943;p90p95;47869.199;;0.0612;0.0612
;US-NV;1943;p95p99;86855.898;;0.088799998;0.088799998
;US-NV;1943;p99.5p99.9;444048.5;;0.045400001;0.045400001
;US-NV;1943;p99.9p99.99;1330638.1;;0.0306;0.0306
;US-NV;1943;p99p99.5;209603.2;;0.026799999;0.026799999
;US-NV;1943;p95p100;164022.59;;0.2096;0.2096
;US-NV;1943;p0p90;31708.301;;0.7295;0.7295
;US-NV;1943;p0p99;34736.898;;0.87910002;0.87910002
;US-NV;1943;p99.5p100;736498.69;;0.094099998;0.094099998
;US-NV;1942;p0p100;6939420.0;2232473086.0;1.0;1.0
;US-NV;1942;p99p100;438251.81;;0.1125;0.1125
;US-NV;1942;p99.9p100;1794673.6;;0.046100002;0.046100002
;US-NV;1942;p99.99p100;7195552.0;;0.0185;0.0185
;US-NV;1942;p90p100;101710.8;;0.26120001;0.26120001
;US-NV;1942;p90p95;51054.5;;0.065499999;0.065499999
;US-NV;1942;p95p99;80981.602;;0.0832;0.0832
;US-NV;1942;p99.5p99.9;399051.59;;0.041000001;0.041000001
;US-NV;1942;p99.9p99.99;1196340.8;;0.0276;0.0276
;US-NV;1942;p99p99.5;198554.41;;0.0255;0.0255
;US-NV;1942;p95p100;152375.8;;0.1956;0.1956
;US-NV;1942;p0p90;31966.0;;0.73869997;0.73869997
;US-NV;1942;p0p99;34913.199;;0.88749999;0.88749999
;US-NV;1942;p99.5p100;678019.38;;0.086999997;0.086999997
;US-NV;1941;p0p100;5165500.0;1321170556.0;1.0;1.0
;US-NV;1941;p99p100;384375.09;;0.16240001;0.16240001
;US-NV;1941;p99.9p100;1529451.1;;0.064599998;0.064599998
;US-NV;1941;p99.99p100;5128611.0;;0.0217;0.0217
;US-NV;1941;p90p100;92440.297;;0.39039999;0.39039999
;US-NV;1941;p90p95;51602.398;;0.109;0.109
;US-NV;1941;p95p99;70569.102;;0.1192;0.1192
;US-NV;1941;p99.5p99.9;370520.31;;0.062600002;0.062600002
;US-NV;1941;p99.9p99.99;1129400.5;;0.0429;0.0429
;US-NV;1941;p99p99.5;166757.41;;0.0352;0.0352
;US-NV;1941;p95p100;133247.09;;0.2814;0.2814
;US-NV;1941;p0p90;16030.3;;0.60939997;0.60939997
;US-NV;1941;p0p99;20031.9;;0.83759999;0.83759999
;US-NV;1941;p99.5p100;602197.88;;0.12720001;0.12720001
;US-NV;1940;p0p100;5175197.0;1170012595.0;1.0;1.0
;US-NV;1940;p99p100;382347.91;;0.1777;0.1777
;US-NV;1940;p99.9p100;1730058.1;;0.080399998;0.080399998
;US-NV;1940;p99.99p100;6992563.0;;0.032499999;0.032499999
;US-NV;1940;p90p100;91892.797;;0.4271;0.4271
;US-NV;1940;p90p95;49194.699;;0.1143;0.1143
;US-NV;1940;p95p99;72816.898;;0.1354;0.1354
;US-NV;1940;p99.5p99.9;332616.19;;0.061799999;0.061799999
;US-NV;1940;p99.9p99.99;1147293.1;;0.048;0.048
;US-NV;1940;p99p99.5;153500.59;;0.035700001;0.035700001
;US-NV;1940;p95p100;134625.41;;0.31290001;0.31290001
;US-NV;1940;p0p90;13680.4;;0.57230002;0.57230002
;US-NV;1940;p0p99;17869.801;;0.82230002;0.82230002
;US-NV;1940;p99.5p100;611610.19;;0.14210001;0.14210001
;US-NV;1939;p0p100;4982706.0;1074827467.0;1.0;1.0
;US-NV;1939;p99p100;348684.59;;0.1716;0.1716
;US-NV;1939;p99.9p100;1592454.4;;0.078400001;0.078400001
;US-NV;1939;p99.99p100;5896482.0;;0.028999999;0.028999999
;US-NV;1939;p90p100;89981.602;;0.44279999;0.44279999
;US-NV;1939;p90p95;52659.199;;0.1296;0.1296
;US-NV;1939;p95p99;72098.0;;0.1419;0.1419
;US-NV;1939;p99.5p99.9;298147.69;;0.058699999;0.058699999
;US-NV;1939;p99.9p99.99;1114715.3;;0.049400002;0.049400002
;US-NV;1939;p99p99.5;141088.3;;0.034699999;0.034699999
;US-NV;1939;p95p100;127337.0;;0.31330001;0.31330001
;US-NV;1939;p0p90;12570.9;;0.55669999;0.55669999
;US-NV;1939;p0p99;17004.801;;0.82840002;0.82840002
;US-NV;1939;p99.5p100;556618.31;;0.13699999;0.13699999
;US-NV;1938;p0p100;4418948.5;955345351.0;1.0;1.0
;US-NV;1938;p99p100;316768.19;;0.1708;0.1708
;US-NV;1938;p99.9p100;1550582.6;;0.0836;0.0836
;US-NV;1938;p99.99p100;6987661.0;;0.037700001;0.037700001
;US-NV;1938;p90p100;86129.102;;0.46439999;0.46439999
;US-NV;1938;p90p95;57653.5;;0.15539999;0.15539999
;US-NV;1938;p95p99;66620.398;;0.1437;0.1437
;US-NV;1938;p99.5p99.9;247028.5;;0.053300001;0.053300001
;US-NV;1938;p99.9p99.99;950622.31;;0.046100002;0.046100002
;US-NV;1938;p99p99.5;127389.8;;0.034299999;0.034299999
;US-NV;1938;p95p100;116579.4;;0.3143;0.3143
;US-NV;1938;p0p90;10910.1;;0.52939999;0.52939999
;US-NV;1938;p0p99;15533.7;;0.82920003;0.82920003
;US-NV;1938;p99.5p100;506637.19;;0.1366;0.1366
;US-NV;1937;p0p100;4129115.3;903053287.0;1.0;1.0
;US-NV;1937;p99p100;386628.91;;0.2149;0.2149
;US-NV;1937;p99.9p100;1771763.3;;0.098499998;0.098499998
;US-NV;1937;p99.99p100;7315743.0;;0.0407;0.0407
;US-NV;1937;p90p100;94858.898;;0.52719998;0.52719998
;US-NV;1937;p90p95;56960.398;;0.1583;0.1583
;US-NV;1937;p95p99;70835.898;;0.1575;0.1575
;US-NV;1937;p99.5p99.9;331977.31;;0.073799998;0.073799998
;US-NV;1937;p99.9p99.99;1155611.6;;0.057799999;0.057799999
;US-NV;1937;p99p99.5;153310.59;;0.042599998;0.042599998
;US-NV;1937;p95p100;134008.3;;0.37239999;0.37239999
;US-NV;1937;p0p90;9383.7002;;0.46939999;0.46939999
;US-NV;1937;p0p99;14269.3;;0.78509998;0.78509998
;US-NV;1937;p99.5p100;619937.63;;0.1723;0.1723
;US-NV;1936;p0p100;5061953.0;1006475037.0;1.0;1.0
;US-NV;1936;p99p100;375090.81;;0.18260001;0.18260001
;US-NV;1936;p99.9p100;1816628.5;;0.088399999;0.088399999
;US-NV;1936;p99.99p100;7583899.0;;0.036899999;0.036899999
;US-NV;1936;p90p100;94488.5;;0.45989999;0.45989999
;US-NV;1936;p90p95;60603.699;;0.14749999;0.14749999
;US-NV;1936;p95p99;71424.0;;0.1391;0.1391
;US-NV;1936;p99.5p99.9;301005.41;;0.058600001;0.058600001
;US-NV;1936;p99.9p99.99;1175698.1;;0.0515;0.0515
;US-NV;1936;p99p99.5;146029.41;;0.035500001;0.035500001
;US-NV;1936;p95p100;132153.41;;0.32159999;0.32159999
;US-NV;1936;p0p90;12119.9;;0.5309;0.5309
;US-NV;1936;p0p99;16964.4;;0.81739998;0.81739998
;US-NV;1936;p99.5p100;604139.31;;0.147;0.147
;US-NV;1935;p0p100;4169265.3;793405253.0;1.0;1.0
;US-NV;1935;p99p100;284957.31;;0.1717;0.1717
;US-NV;1935;p99.9p100;1498754.5;;0.090300001;0.090300001
;US-NV;1935;p99.99p100;7719983.0;;0.046500001;0.046500001
;US-NV;1935;p90p100;80500.398;;0.48500001;0.48500001
;US-NV;1935;p90p95;57975.699;;0.17460001;0.17460001
;US-NV;1935;p95p99;63989.801;;0.1542;0.1542
;US-NV;1935;p99.5p99.9;195601.7;;0.0471;0.0471
;US-NV;1935;p99.9p99.99;807302.0;;0.0438;0.0438
;US-NV;1935;p99p99.5;113627.0;;0.034200002;0.034200002
;US-NV;1935;p95p100;108216.7;;0.32600001;0.32600001
;US-NV;1935;p0p90;9211.4004;;0.49950001;0.49950001
;US-NV;1935;p0p99;13887.1;;0.8283;0.8283
;US-NV;1935;p99.5p100;456268.19;;0.1374;0.1374
;US-NV;1934;p0p100;3730607.0;659066998.0;1.0;1.0
;US-NV;1934;p99p100;199950.41;;0.14139999;0.14139999
;US-NV;1934;p99.9p100;788150.88;;0.0557;0.0557
;US-NV;1934;p99.99p100;2974131.8;;0.021;0.021
;US-NV;1934;p90p100;66794.203;;0.4725;0.4725
;US-NV;1934;p90p95;46565.801;;0.1647;0.1647
;US-NV;1934;p95p99;64403.199;;0.1822;0.1822
;US-NV;1934;p99.5p99.9;171986.09;;0.048700001;0.048700001
;US-NV;1934;p99.9p99.99;545235.31;;0.034699999;0.034699999
;US-NV;1934;p99p99.5;104668.7;;0.037;0.037
;US-NV;1934;p95p100;91008.703;;0.32190001;0.32190001
;US-NV;1934;p0p90;8037.5;;0.51169997;0.51169997
;US-NV;1934;p0p99;12260.7;;0.85860002;0.85860002
;US-NV;1934;p99.5p100;295226.0;;0.1044;0.1044
;US-NV;1933;p0p100;3737484.0;603239815.0;1.0;1.0
;US-NV;1933;p99p100;160699.41;;0.1212;0.1212
;US-NV;1933;p99.9p100;748712.38;;0.056499999;0.056499999
;US-NV;1933;p99.99p100;3009597.5;;0.022700001;0.022700001
;US-NV;1933;p90p100;51047.0;;0.38499999;0.38499999
;US-NV;1933;p90p95;32810.898;;0.1237;0.1237
;US-NV;1933;p95p99;49204.0;;0.14839999;0.14839999
;US-NV;1933;p99.5p99.9;118210.0;;0.035700001;0.035700001
;US-NV;1933;p99.9p99.99;497502.91;;0.033799998;0.033799998
;US-NV;1933;p99p99.5;77088.398;;0.029100001;0.029100001
;US-NV;1933;p95p100;71234.398;;0.26859999;0.26859999
;US-NV;1933;p0p90;8938.2998;;0.6067;0.6067
;US-NV;1933;p0p99;11770.9;;0.87879997;0.87879997
;US-NV;1933;p99.5p100;244310.41;;0.092100002;0.092100002
;US-NV;1932;p0p100;3697473.8;647410857.0;1.0;1.0
;US-NV;1932;p99p100;158062.8;;0.1084;0.1084
;US-NV;1932;p99.9p100;691434.38;;0.047400001;0.047400001
;US-NV;1932;p99.99p100;2922702.5;;0.020099999;0.020099999
;US-NV;1932;p90p100;55578.301;;0.3813;0.3813
;US-NV;1932;p90p95;41511.699;;0.1424;0.1424
;US-NV;1932;p95p99;52629.699;;0.1444;0.1444
;US-NV;1932;p99.5p99.9;120112.2;;0.033;0.033
;US-NV;1932;p99.9p99.99;443515.91;;0.0274;0.0274
;US-NV;1932;p99p99.5;81749.0;;0.028000001;0.028000001
;US-NV;1932;p95p100;73400.102;;0.2518;0.2518
;US-NV;1932;p0p90;9794.7002;;0.60479999;0.60479999
;US-NV;1932;p0p99;13127.3;;0.89160001;0.89160001
;US-NV;1932;p99.5p100;234376.59;;0.080399998;0.080399998
;US-NV;1931;p0p100;3167272.3;672674695.0;1.0;1.0
;US-NV;1931;p99p100;222823.3;;0.1436;0.1436
;US-NV;1931;p99.9p100;1006443.3;;0.064800002;0.064800002
;US-NV;1931;p99.99p100;5223924.5;;0.0337;0.0337
;US-NV;1931;p90p100;71367.203;;0.4598;0.4598
;US-NV;1931;p90p95;53098.898;;0.17110001;0.17110001
;US-NV;1931;p95p99;64419.301;;0.16599999;0.16599999
;US-NV;1931;p99.5p99.9;166799.0;;0.043000001;0.043000001
;US-NV;1931;p99.9p99.99;537834.5;;0.031199999;0.031199999
;US-NV;1931;p99p99.5;110918.7;;0.035700001;0.035700001
;US-NV;1931;p95p100;95726.297;;0.30840001;0.30840001
;US-NV;1931;p0p90;8956.7998;;0.5194;0.5194
;US-NV;1931;p0p99;13427.1;;0.85640001;0.85640001
;US-NV;1931;p99.5p100;334727.91;;0.1078;0.1078
;US-NV;1930;p0p100;3096173.0;770445111.0;1.0;1.0
;US-NV;1930;p99p100;240405.3;;0.1318;0.1318
;US-NV;1930;p99.9p100;1190936.0;;0.065300003;0.065300003
;US-NV;1930;p99.99p100;6179236.5;;0.0339;0.0339
;US-NV;1930;p90p100;69808.398;;0.3827;0.3827
;US-NV;1930;p90p95;49600.5;;0.13600001;0.13600001
;US-NV;1930;p95p99;60464.602;;0.13259999;0.13259999
;US-NV;1930;p99.5p99.9;166465.59;;0.036499999;0.036499999
;US-NV;1930;p99.9p99.99;636680.38;;0.031399999;0.031399999
;US-NV;1930;p99p99.5;109451.0;;0.029999999;0.029999999
;US-NV;1930;p95p100;96179.5;;0.26359999;0.26359999
;US-NV;1930;p0p90;12154.8;;0.59969997;0.59969997
;US-NV;1930;p0p99;15997.9;;0.8682;0.8682
;US-NV;1930;p99.5p100;371359.69;;0.1018;0.1018
;US-NV;1929;p0p100;3067967.3;797542564.0;1.0;1.0
;US-NV;1929;p99p100;256333.41;;0.1347;0.1347
;US-NV;1929;p99.9p100;1016747.1;;0.053399999;0.053399999
;US-NV;1929;p99.99p100;2575753.5;;0.0135;0.0135
;US-NV;1929;p90p100;75060.797;;0.39449999;0.39449999
;US-NV;1929;p90p95;54141.102;;0.14229999;0.14229999
;US-NV;1929;p95p99;68150.297;;0.1433;0.1433
;US-NV;1929;p99.5p99.9;222961.8;;0.0469;0.0469
;US-NV;1929;p99.9p99.99;843524.63;;0.039900001;0.039900001
;US-NV;1929;p99p99.5;130947.9;;0.034400001;0.034400001
;US-NV;1929;p95p100;105355.3;;0.27680001;0.27680001
;US-NV;1929;p0p90;12257.3;;0.57980001;0.57980001
;US-NV;1929;p0p99;16630.9;;0.8653;0.8653
;US-NV;1929;p99.5p100;381718.81;;0.1003;0.1003
;US-NV;1928;p0p100;3011627.0;777114085.0;1.0;1.0
;US-NV;1928;p99p100;267551.41;;0.1432;0.1432
;US-NV;1928;p99.9p100;1139124.9;;0.061000001;0.061000001
;US-NV;1928;p99.99p100;4340485.5;;0.0232;0.0232
;US-NV;1928;p90p100;74229.102;;0.39739999;0.39739999
;US-NV;1928;p90p95;49614.602;;0.1328;0.1328
;US-NV;1928;p95p99;66435.203;;0.14229999;0.14229999
;US-NV;1928;p99.5p99.9;226612.09;;0.048500001;0.048500001
;US-NV;1928;p99.9p99.99;783418.19;;0.037700001;0.037700001
;US-NV;1928;p99p99.5;125988.2;;0.0337;0.0337
;US-NV;1928;p95p100;106250.5;;0.28439999;0.28439999
;US-NV;1928;p0p90;12072.1;;0.58170003;0.58170003
;US-NV;1928;p0p99;16164.7;;0.85680002;0.85680002
;US-NV;1928;p99.5p100;409114.69;;0.1095;0.1095
;US-NV;1927;p0p100;2825500.0;742078280.0;1.0;1.0
;US-NV;1927;p99p100;182579.09;;0.1014;0.1014
;US-NV;1927;p99.9p100;604657.38;;0.033599999;0.033599999
;US-NV;1927;p99.99p100;2135029.0;;0.0119;0.0119
;US-NV;1927;p90p100;63495.898;;0.35260001;0.35260001
;US-NV;1927;p90p95;50771.898;;0.141;0.141
;US-NV;1927;p95p99;61122.898;;0.1358;0.1358
;US-NV;1927;p99.5p99.9;168491.2;;0.0374;0.0374
;US-NV;1927;p99.9p99.99;434616.09;;0.0217;0.0217
;US-NV;1927;p99p99.5;109433.8;;0.030400001;0.030400001
;US-NV;1927;p95p100;84933.898;;0.2359;0.2359
;US-NV;1927;p0p90;12440.4;;0.62180001;0.62180001
;US-NV;1927;p0p99;16343.3;;0.89859998;0.89859998
;US-NV;1927;p99.5p100;255724.41;;0.071000002;0.071000002
;US-NV;1926;p0p100;2704084.8;729624984.0;1.0;1.0
;US-NV;1926;p99p100;167596.09;;0.093599997;0.093599997
;US-NV;1926;p99.9p100;530221.13;;0.0296;0.0296
;US-NV;1926;p99.99p100;2270868.0;;0.0127;0.0127
;US-NV;1926;p90p100;59806.898;;0.33410001;0.33410001
;US-NV;1926;p90p95;48309.5;;0.1349;0.1349
;US-NV;1926;p95p99;57245.301;;0.1279;0.1279
;US-NV;1926;p99.5p99.9;156044.5;;0.034899998;0.034899998
;US-NV;1926;p99.9p99.99;336815.91;;0.016899999;0.016899999
;US-NV;1926;p99p99.5;104312.5;;0.029100001;0.029100001
;US-NV;1926;p95p100;78949.0;;0.22050001;0.22050001
;US-NV;1926;p0p90;12799.8;;0.64349997;0.64349997
;US-NV;1926;p0p99;16389.0;;0.90640002;0.90640002
;US-NV;1926;p99.5p100;230879.8;;0.064499997;0.064499997
;US-NV;1925;p0p100;2771234.5;725825667.0;1.0;1.0
;US-NV;1925;p99p100;165785.3;;0.092100002;0.092100002
;US-NV;1925;p99.9p100;571500.38;;0.0317;0.0317
;US-NV;1925;p99.99p100;1901604.0;;0.0106;0.0106
;US-NV;1925;p90p100;62009.398;;0.34450001;0.34450001
;US-NV;1925;p90p95;52382.102;;0.1455;0.1455
;US-NV;1925;p95p99;59094.801;;0.1313;0.1313
;US-NV;1925;p99.5p99.9;145272.7;;0.032299999;0.032299999
;US-NV;1925;p99.9p99.99;423711.09;;0.021199999;0.021199999
;US-NV;1925;p99p99.5;101052.4;;0.028100001;0.028100001
;US-NV;1925;p95p100;80023.102;;0.22229999;0.22229999
;US-NV;1925;p0p90;12622.6;;0.6311;0.6311
;US-NV;1925;p0p99;16508.301;;0.90789998;0.90789998
;US-NV;1925;p99.5p100;230518.2;;0.064000003;0.064000003
;US-NV;1924;p0p100;2810748.5;691533318.0;1.0;1.0
;US-NV;1924;p99p100;135953.2;;0.078299999;0.078299999
;US-NV;1924;p99.9p100;421510.59;;0.0243;0.0243
;US-NV;1924;p99.99p100;1419062.8;;0.0082;0.0082
;US-NV;1924;p90p100;58780.898;;0.33849999;0.33849999
;US-NV;1924;p90p95;45034.602;;0.12970001;0.12970001
;US-NV;1924;p95p99;57993.102;;0.1336;0.1336
;US-NV;1924;p99.5p99.9;124859.7;;0.0288;0.0288
;US-NV;1924;p99.9p99.99;310671.5;;0.016100001;0.016100001
;US-NV;1924;p99p99.5;87716.5;;0.0253;0.0253
;US-NV;1924;p95p100;73585.102;;0.2119;0.2119
;US-NV;1924;p0p90;12704.2;;0.6584;0.6584
;US-NV;1924;p0p99;16166.9;;0.9217;0.9217
;US-NV;1924;p99.5p100;184189.8;;0.052999999;0.052999999
;US-NV;1923;p0p100;2856858.0;688555265.0;1.0;1.0
;US-NV;1923;p99p100;117601.9;;0.0669;0.0669
;US-NV;1923;p99.9p100;315620.69;;0.017999999;0.017999999
;US-NV;1923;p99.99p100;959916.38;;0.0055;0.0055
;US-NV;1923;p90p100;54165.801;;0.30809999;0.30809999
;US-NV;1923;p90p95;41520.0;;0.1181;0.1181
;US-NV;1923;p95p99;54727.699;;0.1245;0.1245
;US-NV;1923;p99.5p99.9;115841.8;;0.0264;0.0264
;US-NV;1923;p99.9p99.99;244032.91;;0.0125;0.0125
;US-NV;1923;p99p99.5;79406.602;;0.022600001;0.022600001
;US-NV;1923;p95p100;67302.398;;0.19140001;0.19140001
;US-NV;1923;p0p90;13488.5;;0.69050002;0.69050002
;US-NV;1923;p0p99;16570.4;;0.93309999;0.93309999
;US-NV;1923;p99.5p100;155797.3;;0.044300001;0.044300001
;US-NV;1922;p0p100;2711829.0;621546495.0;1.0;1.0
;US-NV;1922;p99p100;112301.0;;0.069700003;0.069700003
;US-NV;1922;p99.9p100;271270.5;;0.016799999;0.016799999
;US-NV;1922;p99.99p100;591294.81;;0.0037;0.0037
;US-NV;1922;p90p100;50601.699;;0.31420001;0.31420001
;US-NV;1922;p90p95;37824.898;;0.1174;0.1174
;US-NV;1922;p95p99;51887.801;;0.12890001;0.12890001
;US-NV;1922;p99.5p99.9;110313.2;;0.0274;0.0274
;US-NV;1922;p99.9p99.99;235712.2;;0.0132;0.0132
;US-NV;1922;p99p99.5;82097.398;;0.0255;0.0255
;US-NV;1922;p95p100;63970.5;;0.19859999;0.19859999
;US-NV;1922;p0p90;12239.8;;0.68400002;0.68400002
;US-NV;1922;p0p99;15133.9;;0.9303;0.9303
;US-NV;1922;p99.5p100;142504.59;;0.044199999;0.044199999
;US-NV;1921;p0p100;2084919.3;538515676.0;1.0;1.0
;US-NV;1921;p99p100;115234.1;;0.081600003;0.081600003
;US-NV;1921;p99.9p100;329420.0;;0.0233;0.0233
;US-NV;1921;p99.99p100;1058580.8;;0.0074999998;0.0074999998
;US-NV;1921;p90p100;47603.199;;0.33719999;0.33719999
;US-NV;1921;p90p95;34825.199;;0.1233;0.1233
;US-NV;1921;p95p99;47212.801;;0.1338;0.1338
;US-NV;1921;p99.5p99.9;109539.1;;0.030999999;0.030999999
;US-NV;1921;p99.9p99.99;248402.2;;0.015799999;0.015799999
;US-NV;1921;p99p99.5;76952.898;;0.0273;0.0273
;US-NV;1921;p95p100;60817.102;;0.2154;0.2154
;US-NV;1921;p0p90;10371.5;;0.66119999;0.66119999
;US-NV;1921;p0p99;13095.1;;0.91839999;0.91839999
;US-NV;1921;p99.5p100;153515.3;;0.054400001;0.054400001
;US-NV;1920;p0p100;1836184.0;584178649.0;1.0;1.0
;US-NV;1920;p99p100;96592.0;;0.061999999;0.061999999
;US-NV;1920;p99.9p100;206380.8;;0.0132;0.0132
;US-NV;1920;p99.99p100;394088.91;;0.0024999999;0.0024999999
;US-NV;1920;p90p100;42377.301;;0.27200001;0.27200001
;US-NV;1920;p90p95;31550.301;;0.1013;0.1013
;US-NV;1920;p95p99;42904.699;;0.1102;0.1102
;US-NV;1920;p99.5p99.9;101414.0;;0.026000001;0.026000001
;US-NV;1920;p99.9p99.99;185524.3;;0.0107;0.0107
;US-NV;1920;p99p99.5;70776.5;;0.022700001;0.022700001
;US-NV;1920;p95p100;53642.199;;0.17219999;0.17219999
;US-NV;1920;p0p90;12576.5;;0.72659999;0.72659999
;US-NV;1920;p0p99;14760.2;;0.93800002;0.93800002
;US-NV;1920;p99.5p100;122407.4;;0.039299998;0.039299998
;US-NV;1919;p0p100;2736943.3;652956267.0;1.0;1.0
;US-NV;1919;p99p100;128866.8;;0.074500002;0.074500002
;US-NV;1919;p99.9p100;342136.59;;0.0198;0.0198
;US-NV;1919;p99.99p100;1228181.4;;0.0071;0.0071
;US-NV;1919;p90p100;47986.5;;0.2773;0.2773
;US-NV;1919;p90p95;33480.0;;0.096699998;0.096699998
;US-NV;1919;p95p99;46816.801;;0.1082;0.1082
;US-NV;1919;p99.5p99.9;131512.7;;0.030400001;0.030400001
;US-NV;1919;p99.9p99.99;243615.91;;0.0127;0.0127
;US-NV;1919;p99p99.5;83685.797;;0.0242;0.0242
;US-NV;1919;p95p100;63226.801;;0.18269999;0.18269999
;US-NV;1919;p0p90;13860.2;;0.72070003;0.72070003
;US-NV;1919;p0p99;16180.5;;0.92549998;0.92549998
;US-NV;1919;p99.5p100;174047.7;;0.050299998;0.050299998
;US-NV;1918;p0p100;3532227.0;646429985.0;1.0;1.0
;US-NV;1918;p99p100;124689.3;;0.073600002;0.073600002
;US-NV;1918;p99.9p100;271321.91;;0.016000001;0.016000001
;US-NV;1918;p99.99p100;689239.13;;0.0041;0.0041
;US-NV;1918;p90p100;51855.898;;0.30630001;0.30630001
;US-NV;1918;p90p95;40097.0;;0.1184;0.1184
;US-NV;1918;p95p99;50488.301;;0.1193;0.1193
;US-NV;1918;p99.5p99.9;126686.9;;0.029899999;0.029899999
;US-NV;1918;p99.9p99.99;224892.0;;0.012;0.012
;US-NV;1918;p99p99.5;93767.602;;0.0277;0.0277
;US-NV;1918;p95p100;65328.199;;0.1929;0.1929
;US-NV;1918;p0p90;12956.3;;0.68870002;0.68870002
;US-NV;1918;p0p99;15843.5;;0.92640001;0.92640001
;US-NV;1918;p99.5p100;155612.2;;0.046;0.046
;US-NV;1917;p0p100;5038586.0;685393593.0;1.0;1.0
;US-NV;1917;p99p100;160781.7;;0.091799997;0.091799997
;US-NV;1917;p99.9p100;460596.59;;0.0263;0.0263
;US-NV;1917;p99.99p100;899399.38;;0.0051000002;0.0051000002
;US-NV;1917;p90p100;60594.898;;0.3461;0.3461
;US-NV;1917;p90p95;49306.301;;0.1408;0.1408
