Variable Name;.;.;.;Fiscal income  | tax unit | Average | Adults | constant 2015 local currency;Fiscal income  | tax unit | Total | Adults | constant 2015 local currency;Fiscal income  | tax unit | Share | Adults | share of total (ratio);Pre-tax national income  | tax unit | Share | Adults | share of total (ratio)
Variable Category;.;.;.;Income inequality;Income inequality;Income inequality;Income inequality
Variable Description;.;.;.;Average Fiscal income within a given percentile group. Fiscal income is defined as the sum of all income items reported on income tax returns, before any deduction. It includes labour income, capital income and mixed income. The concept of fiscal income varies with national tax legislations, so in order to make international comparisons it is preferable to use the concept of national income. The population is comprised of individuals over age 20. The base unit is the tax unit defined by national fiscal administrations to measure personal income taxes.;Total Fiscal income  within a given percentile group. Fiscal income is defined as the sum of all income items reported on income tax returns, before any deduction. It includes labour income, capital income and mixed income. The concept of fiscal income varies with national tax legislations, so in order to make international comparisons it is preferable to use the concept of national income. The population is comprised of individuals over age 20.;Fiscal income share held by a given percentile group. Fiscal income is defined as the sum of all income items reported on income tax returns, before any deduction. It includes labour income, capital income and mixed income. The concept of fiscal income varies with national tax legislations, so in order to make international comparisons it is preferable to use the concept of national income. The population is comprised of individuals over age 20. The base unit is the tax unit defined by national fiscal administrations to measure personal income taxes.;Pre-tax national income share held by a given percentile group. Pre-tax national income  is the sum of all pre-tax personal income flows accruing to the owners of the production factors, labor and capital, before taking into account the operation of the tax/transfer system, but after taking into account the operation of pension system. The central difference between personal factor income and pre-tax income is the treatment of pensions, which are counted on a contribution basis by factor income and on a distribution basis by pre-tax income. The population is comprised of individuals over age 20. The base unit is the tax unit defined by national fiscal administrations to measure personal income taxes.
Variable Decomposition;.;.;.;[Fiscal income ]=[Fiscal labour income ]+[Fiscal capital income ];[Fiscal income ]=[Fiscal labour income ]+[Fiscal capital income ];[Fiscal income ]=[Fiscal labour income ]+[Fiscal capital income ];Pre-tax national income =Pre-tax labor income [total pre-tax income ranking]+Pre-tax capital income [total pre-tax income ranking]
Variable Unit;.;.;.;"USD; United States dollar | local currency | market";"USD; United States dollar | local currency | market";share;share
Methodological Notes;.;.;.;;;;Assuming the same distribution as fiscal income.
Sources;.;.;.;Frank, Sommeiller, Price & Saez (2015);Frank, Sommeiller, Price & Saez (2015);Frank, Sommeiller, Price & Saez (2015);WID.world computations using: Frank, Sommeiller, Price & Saez (2015)
Variable Code;country;year;perc;afiinc992t;mfiinc992t;sfiinc992t;sptinc992t
;US-NE;2015;p0p100;70462.797;67087633026.0;1.0;1.0
;US-NE;2015;p99p100;1046177.5;;0.1485;0.1485
;US-NE;2015;p99.9p100;4423493.5;;0.062799998;0.062799998
;US-NE;2015;p99.99p100;17763750.0;;0.0252;0.0252
;US-NE;2015;p90p100;274789.69;;0.38999999;0.38999999
;US-NE;2015;p90p95;147944.0;;0.105;0.105
;US-NE;2015;p95p99;239345.3;;0.13590001;0.13590001
;US-NE;2015;p99.5p99.9;907395.31;;0.0515;0.0515
;US-NE;2015;p99.9p99.99;2983436.5;;0.0381;0.0381
;US-NE;2015;p99p99.5;479906.19;;0.0341;0.0341
;US-NE;2015;p95p100;401059.41;;0.28459999;0.28459999
;US-NE;2015;p0p90;47779.102;;0.6103;0.6103
;US-NE;2015;p0p99;60607.102;;0.85149997;0.85149997
;US-NE;2015;p99.5p100;1610778.9;;0.1143;0.1143
;US-NE;2014;p0p100;69657.898;66164162461.0;1.0;1.0
;US-NE;2014;p99p100;1101291.5;;0.1585;0.1585
;US-NE;2014;p99.9p100;5387984.0;;0.077500001;0.077500001
;US-NE;2014;p99.99p100;26522432.0;;0.038199998;0.038199998
;US-NE;2014;p90p100;272694.69;;0.3924;0.3924
;US-NE;2014;p90p95;142678.2;;0.1027;0.1027
;US-NE;2014;p95p99;227900.09;;0.1312;0.1312
;US-NE;2014;p99.5p99.9;848461.81;;0.048799999;0.048799999
;US-NE;2014;p99.9p99.99;3034580.3;;0.039299998;0.039299998
;US-NE;2014;p99p99.5;446133.41;;0.032099999;0.032099999
;US-NE;2014;p95p100;402551.81;;0.28960001;0.28960001
;US-NE;2014;p0p90;46927.898;;0.60780001;0.60780001
;US-NE;2014;p0p99;59070.699;;0.84149998;0.84149998
;US-NE;2014;p99.5p100;1756441.9;;0.12639999;0.12639999
;US-NE;2013;p0p100;70465.602;62253267463.0;1.0;1.0
;US-NE;2013;p99p100;917678.5;;0.1348;0.1348
;US-NE;2013;p99.9p100;3799086.5;;0.055799998;0.055799998
;US-NE;2013;p99.99p100;16042008.0;;0.023600001;0.023600001
;US-NE;2013;p90p100;252210.91;;0.3705;0.3705
;US-NE;2013;p90p95;140177.3;;0.103;0.103
;US-NE;2013;p95p99;225438.2;;0.13249999;0.13249999
;US-NE;2013;p99.5p99.9;790093.0;;0.046399999;0.046399999
;US-NE;2013;p99.9p99.99;2444299.8;;0.032299999;0.032299999
;US-NE;2013;p99p99.5;443749.0;;0.032600001;0.032600001
;US-NE;2013;p95p100;363949.09;;0.26730001;0.26730001
;US-NE;2013;p0p90;47625.102;;0.62970001;0.62970001
;US-NE;2013;p0p99;59490.301;;0.86519998;0.86519998
;US-NE;2013;p99.5p100;1392032.1;;0.1022;0.1022
;US-NE;2012;p0p100;74486.398;63776946453.0;1.0;1.0
;US-NE;2012;p99p100;1211605.3;;0.1733;0.1733
;US-NE;2012;p99.9p100;5891073.5;;0.084299996;0.084299996
;US-NE;2012;p99.99p100;27873828.0;;0.039900001;0.039900001
;US-NE;2012;p90p100;284194.09;;0.4066;0.4066
;US-NE;2012;p90p95;141250.59;;0.101;0.101
;US-NE;2012;p95p99;230768.41;;0.1321;0.1321
;US-NE;2012;p99.5p99.9;951152.88;;0.054400001;0.054400001
;US-NE;2012;p99.9p99.99;3462552.8;;0.044599999;0.044599999
;US-NE;2012;p99p99.5;484380.0;;0.034699999;0.034699999
;US-NE;2012;p95p100;426901.0;;0.30540001;0.30540001
;US-NE;2012;p0p90;46078.301;;0.59329998;0.59329998
;US-NE;2012;p0p99;58361.5;;0.82669997;0.82669997
;US-NE;2012;p99.5p100;1938930.5;;0.13869999;0.13869999
;US-NE;2011;p0p100;75947.898;60753868125.0;1.0;1.0
;US-NE;2011;p99p100;897321.88;;0.1312;0.1312
;US-NE;2011;p99.9p100;3876785.3;;0.056699999;0.056699999
;US-NE;2011;p99.99p100;16895804.0;;0.024700001;0.024700001
;US-NE;2011;p90p100;243803.3;;0.35640001;0.35640001
;US-NE;2011;p90p95;137692.8;;0.1006;0.1006
;US-NE;2011;p95p99;212527.41;;0.1243;0.1243
;US-NE;2011;p99.5p99.9;755934.88;;0.044199999;0.044199999
;US-NE;2011;p99.9p99.99;2436147.0;;0.032099999;0.032099999
;US-NE;2011;p99p99.5;414456.09;;0.030300001;0.030300001
;US-NE;2011;p95p100;349448.09;;0.2554;0.2554
;US-NE;2011;p0p90;48934.301;;0.64380002;0.64380002
;US-NE;2011;p0p99;60031.801;;0.86879998;0.86879998
;US-NE;2011;p99.5p100;1380551.0;;0.1009;0.1009
;US-NE;2010;p0p100;76493.797;56618723534.0;1.0;1.0
;US-NE;2010;p99p100;991720.69;;0.1532;0.1532
;US-NE;2010;p99.9p100;4890515.0;;0.075499997;0.075499997
;US-NE;2010;p99.99p100;25079528.0;;0.038699999;0.038699999
;US-NE;2010;p90p100;250540.5;;0.38699999;0.38699999
;US-NE;2010;p90p95;137535.7;;0.1062;0.1062
;US-NE;2010;p95p99;205909.7;;0.12720001;0.12720001
;US-NE;2010;p99.5p99.9;756826.31;;0.046799999;0.046799999
;US-NE;2010;p99.9p99.99;2648013.8;;0.036800001;0.036800001
;US-NE;2010;p99p99.5;400034.31;;0.0309;0.0309
;US-NE;2010;p95p100;363063.59;;0.28040001;0.28040001
;US-NE;2010;p0p90;44125.199;;0.61339998;0.61339998
;US-NE;2010;p0p99;55381.102;;0.84680003;0.84680003
;US-NE;2010;p99.5p100;1583362.3;;0.1223;0.1223
;US-NE;2009;p0p100;75935.297;53625049803.0;1.0;1.0
;US-NE;2009;p99p100;823238.13;;0.1323;0.1323
;US-NE;2009;p99.9p100;3572310.8;;0.057399999;0.057399999
;US-NE;2009;p99.99p100;15895362.0;;0.0255;0.0255
;US-NE;2009;p90p100;228700.59;;0.36759999;0.36759999
;US-NE;2009;p90p95;134947.8;;0.1085;0.1085
;US-NE;2009;p95p99;196292.0;;0.12620001;0.12620001
;US-NE;2009;p99.5p99.9;681337.5;;0.0438;0.0438
;US-NE;2009;p99.9p99.99;2178790.8;;0.031500001;0.031500001
;US-NE;2009;p99p99.5;378569.09;;0.030400001;0.030400001
;US-NE;2009;p95p100;321808.91;;0.2586;0.2586
;US-NE;2009;p0p90;43829.398;;0.634;0.634
;US-NE;2009;p0p99;54527.0;;0.86769998;0.86769998
;US-NE;2009;p99.5p100;1265428.4;;0.1017;0.1017
;US-NE;2008;p0p100;80410.5;57136587105.0;1.0;1.0
;US-NE;2008;p99p100;1049759.0;;0.1582;0.1582
;US-NE;2008;p99.9p100;5058175.0;;0.076200001;0.076200001
;US-NE;2008;p99.99p100;23759962.0;;0.035799999;0.035799999
;US-NE;2008;p90p100;256924.59;;0.3872;0.3872
;US-NE;2008;p90p95;139124.5;;0.1048;0.1048
;US-NE;2008;p95p99;204359.7;;0.1232;0.1232
;US-NE;2008;p99.5p99.9;823512.13;;0.049600001;0.049600001
;US-NE;2008;p99.9p99.99;2963738.8;;0.040199999;0.040199999
;US-NE;2008;p99p99.5;421457.41;;0.031800002;0.031800002
;US-NE;2008;p95p100;373813.91;;0.28169999;0.28169999
;US-NE;2008;p0p90;45307.398;;0.6146;0.6146
;US-NE;2008;p0p99;56418.602;;0.84179997;0.84179997
;US-NE;2008;p99.5p100;1675461.8;;0.12630001;0.12630001
;US-NE;2007;p0p100;90904.398;59576799957.0;1.0;1.0
;US-NE;2007;p99p100;1253273.9;;0.1802;0.1802
;US-NE;2007;p99.9p100;6400160.0;;0.092;0.092
;US-NE;2007;p99.99p100;30772672.0;;0.044199999;0.044199999
;US-NE;2007;p90p100;281161.81;;0.40419999;0.40419999
;US-NE;2007;p90p95;142307.2;;0.1023;0.1023
;US-NE;2007;p95p99;209815.59;;0.1206;0.1206
;US-NE;2007;p99.5p99.9;952254.38;;0.0548;0.0548
;US-NE;2007;p99.9p99.99;3683077.5;;0.047600001;0.047600001
;US-NE;2007;p99p99.5;458212.0;;0.032900002;0.032900002
;US-NE;2007;p95p100;418911.0;;0.30109999;0.30109999
;US-NE;2007;p0p90;46184.898;;0.59750003;0.59750003
;US-NE;2007;p0p99;57609.898;;0.81980002;0.81980002
;US-NE;2007;p99.5p100;2045921.1;;0.147;0.147
;US-NE;2006;p0p100;88556.297;55166281296.0;1.0;1.0
;US-NE;2006;p99p100;1142931.8;;0.17839999;0.17839999
;US-NE;2006;p99.9p100;5736864.0;;0.089500003;0.089500003
;US-NE;2006;p99.99p100;26722508.0;;0.041700002;0.041700002
;US-NE;2006;p90p100;261806.91;;0.40849999;0.40849999
;US-NE;2006;p90p95;137948.5;;0.1076;0.1076
;US-NE;2006;p95p99;194721.8;;0.1215;0.1215
;US-NE;2006;p99.5p99.9;886438.38;;0.055300001;0.055300001
;US-NE;2006;p99.9p99.99;3403663.5;;0.047800001;0.047800001
;US-NE;2006;p99p99.5;426979.19;;0.033300001;0.033300001
;US-NE;2006;p95p100;384494.91;;0.30000001;0.30000001
;US-NE;2006;p0p90;42199.602;;0.5927;0.5927
;US-NE;2006;p0p99;53184.699;;0.82160002;0.82160002
;US-NE;2006;p99.5p100;1857979.8;;0.145;0.145
;US-NE;2005;p0p100;96450.5;54325453817.0;1.0;1.0
;US-NE;2005;p99p100;1015562.2;;0.1552;0.1552
;US-NE;2005;p99.9p100;4832291.0;;0.073899999;0.073899999
;US-NE;2005;p99.99p100;21418444.0;;0.032699998;0.032699998
;US-NE;2005;p90p100;245849.8;;0.3757;0.3757
;US-NE;2005;p90p95;125218.6;;0.095700003;0.095700003
;US-NE;2005;p95p99;202354.09;;0.1237;0.1237
;US-NE;2005;p99.5p99.9;811977.5;;0.049600001;0.049600001
;US-NE;2005;p99.9p99.99;2984633.5;;0.041099999;0.041099999
;US-NE;2005;p99p99.5;406589.69;;0.031099999;0.031099999
;US-NE;2005;p95p100;365547.41;;0.2793;0.2793
;US-NE;2005;p0p90;45521.898;;0.6261;0.6261
;US-NE;2005;p0p99;55836.398;;0.8448;0.8448
;US-NE;2005;p99.5p100;1621429.5;;0.1239;0.1239
;US-NE;2004;p0p100;100524.0;52784540682.0;1.0;1.0
;US-NE;2004;p99p100;952235.19;;0.14910001;0.14910001
;US-NE;2004;p99.9p100;4518157.0;;0.070799999;0.070799999
;US-NE;2004;p99.99p100;20523908.0;;0.032099999;0.032099999
;US-NE;2004;p90p100;236021.8;;0.36970001;0.36970001
;US-NE;2004;p90p95;120493.5;;0.094400004;0.094400004
;US-NE;2004;p95p99;200682.8;;0.1257;0.1257
;US-NE;2004;p99.5p99.9;760821.5;;0.047699999;0.047699999
;US-NE;2004;p99.9p99.99;2737753.0;;0.038600001;0.038600001
;US-NE;2004;p99p99.5;390742.91;;0.0306;0.0306
;US-NE;2004;p95p100;351170.0;;0.27500001;0.27500001
;US-NE;2004;p0p90;44754.602;;0.63090003;0.63090003
;US-NE;2004;p0p99;54870.898;;0.85089999;0.85089999
;US-NE;2004;p99.5p100;1513266.9;;0.1185;0.1185
;US-NE;2003;p0p100;100597.2;50347658355.0;1.0;1.0
;US-NE;2003;p99p100;799488.5;;0.132;0.132
;US-NE;2003;p99.9p100;3538841.5;;0.058400001;0.058400001
;US-NE;2003;p99.99p100;15491673.0;;0.025599999;0.025599999
;US-NE;2003;p90p100;216656.59;;0.35769999;0.35769999
;US-NE;2003;p90p95;122081.6;;0.1008;0.1008
;US-NE;2003;p95p99;188522.8;;0.1245;0.1245
;US-NE;2003;p99.5p99.9;666401.13;;0.044;0.044
;US-NE;2003;p99.9p99.99;2207548.3;;0.0328;0.0328
;US-NE;2003;p99p99.5;356601.5;;0.0294;0.0294
;US-NE;2003;p95p100;310934.59;;0.25670001;0.25670001
;US-NE;2003;p0p90;43270.0;;0.64289999;0.64289999
;US-NE;2003;p0p99;53108.801;;0.86799997;0.86799997
;US-NE;2003;p99.5p100;1241925.5;;0.1025;0.1025
;US-NE;2002;p0p100;102020.5;48401793930.0;1.0;1.0
;US-NE;2002;p99p100;786615.0;;0.1338;0.1338
;US-NE;2002;p99.9p100;3406067.3;;0.057999998;0.057999998
;US-NE;2002;p99.99p100;14501946.0;;0.024700001;0.024700001
;US-NE;2002;p90p100;214806.91;;0.3655;0.3655
;US-NE;2002;p90p95;121817.0;;0.1036;0.1036
;US-NE;2002;p95p99;187711.41;;0.1277;0.1277
;US-NE;2002;p99.5p99.9;665977.5;;0.045299999;0.045299999
;US-NE;2002;p99.9p99.99;2172343.3;;0.033300001;0.033300001
;US-NE;2002;p99p99.5;358783.41;;0.0305;0.0305
;US-NE;2002;p95p100;307601.91;;0.2617;0.2617
;US-NE;2002;p0p90;41458.602;;0.63480002;0.63480002
;US-NE;2002;p0p99;51423.301;;0.86619997;0.86619997
;US-NE;2002;p99.5p100;1214314.4;;0.1033;0.1033
;US-NE;2001;p0p100;111906.5;49836614023.0;1.0;1.0
;US-NE;2001;p99p100;870411.88;;0.13940001;0.13940001
;US-NE;2001;p99.9p100;4002245.0;;0.064099997;0.064099997
;US-NE;2001;p99.99p100;18549146.0;;0.0297;0.0297
;US-NE;2001;p90p100;228276.5;;0.36559999;0.36559999
;US-NE;2001;p90p95;125412.3;;0.1004;0.1004
;US-NE;2001;p95p99;195854.91;;0.12549999;0.12549999
;US-NE;2001;p99.5p99.9;681904.13;;0.043699998;0.043699998
;US-NE;2001;p99.9p99.99;2382032.0;;0.034299999;0.034299999
;US-NE;2001;p99p99.5;395647.91;;0.0317;0.0317
;US-NE;2001;p95p100;330875.81;;0.26499999;0.26499999
;US-NE;2001;p0p90;44030.801;;0.6347;0.6347
;US-NE;2001;p0p99;54275.801;;0.86059999;0.86059999
;US-NE;2001;p99.5p100;1345479.4;;0.1077;0.1077
;US-NE;2000;p0p100;125630.9;52255998965.0;1.0;1.0
;US-NE;2000;p99p100;1094548.9;;0.16500001;0.16500001
;US-NE;2000;p99.9p100;5620783.0;;0.084799998;0.084799998
;US-NE;2000;p99.99p100;27640188.0;;0.041700002;0.041700002
;US-NE;2000;p90p100;259392.41;;0.39109999;0.39109999
;US-NE;2000;p90p95;130571.4;;0.098399997;0.098399997
;US-NE;2000;p95p99;210563.5;;0.127;0.127
;US-NE;2000;p99.5p99.9;798751.63;;0.0482;0.0482
;US-NE;2000;p99.9p99.99;3163839.5;;0.0429;0.0429
;US-NE;2000;p99p99.5;427619.69;;0.032200001;0.032200001
;US-NE;2000;p95p100;387709.19;;0.29229999;0.29229999
;US-NE;2000;p0p90;44914.301;;0.60949999;0.60949999
;US-NE;2000;p0p99;55932.398;;0.83499998;0.83499998
;US-NE;2000;p99.5p100;1761016.5;;0.1328;0.1328
;US-NE;1999;p0p100;133499.2;50799352427.0;1.0;1.0
;US-NE;1999;p99p100;1023337.4;;0.1551;0.1551
;US-NE;1999;p99.9p100;4866984.5;;0.073799998;0.073799998
;US-NE;1999;p99.99p100;21576788.0;;0.032699998;0.032699998
;US-NE;1999;p90p100;252315.8;;0.38240001;0.38240001
;US-NE;1999;p90p95;130967.2;;0.099299997;0.099299997
;US-NE;1999;p95p99;210858.09;;0.1278;0.1278
;US-NE;1999;p99.5p99.9;808073.69;;0.048999999;0.048999999
;US-NE;1999;p99.9p99.99;3006310.3;;0.041000001;0.041000001
;US-NE;1999;p99p99.5;426828.5;;0.032299999;0.032299999
;US-NE;1999;p95p100;373431.69;;0.28299999;0.28299999
;US-NE;1999;p0p90;45293.102;;0.61790001;0.61790001
;US-NE;1999;p0p99;56306.0;;0.84490001;0.84490001
;US-NE;1999;p99.5p100;1619814.1;;0.1228;0.1228
;US-NE;1998;p0p100;133437.91;48254420154.0;1.0;1.0
;US-NE;1998;p99p100;1041386.7;;0.1646;0.1646
;US-NE;1998;p99.9p100;5303169.0;;0.083800003;0.083800003
;US-NE;1998;p99.99p100;25954576.0;;0.041000001;0.041000001
;US-NE;1998;p90p100;247358.59;;0.39089999;0.39089999
;US-NE;1998;p90p95;126525.4;;0.1;0.1
;US-NE;1998;p95p99;199831.59;;0.12630001;0.12630001
;US-NE;1998;p99.5p99.9;757536.5;;0.047899999;0.047899999
;US-NE;1998;p99.9p99.99;2973263.3;;0.042300001;0.042300001
;US-NE;1998;p99p99.5;417935.0;;0.033;0.033
;US-NE;1998;p95p100;368103.0;;0.29089999;0.29089999
;US-NE;1998;p0p90;42853.102;;0.60949999;0.60949999
;US-NE;1998;p0p99;53398.602;;0.83539999;0.83539999
;US-NE;1998;p99.5p100;1664853.8;;0.13150001;0.13150001
;US-NE;1997;p0p100;128076.7;45359348293.0;1.0;1.0
;US-NE;1997;p99p100;838885.38;;0.142;0.142
;US-NE;1997;p99.9p100;3821567.3;;0.0647;0.0647
;US-NE;1997;p99.99p100;16927982.0;;0.0287;0.0287
;US-NE;1997;p90p100;219967.2;;0.37239999;0.37239999
;US-NE;1997;p90p95;121405.2;;0.1028;0.1028
;US-NE;1997;p95p99;188217.7;;0.1274;0.1274
;US-NE;1997;p99.5p99.9;668934.13;;0.045299999;0.045299999
;US-NE;1997;p99.9p99.99;2361771.0;;0.035999998;0.035999998
;US-NE;1997;p99p99.5;378440.41;;0.032000002;0.032000002
;US-NE;1997;p95p100;318397.59;;0.26949999;0.26949999
;US-NE;1997;p0p90;41211.199;;0.62779999;0.62779999
;US-NE;1997;p0p99;51198.5;;0.85799998;0.85799998
;US-NE;1997;p99.5p100;1299189.3;;0.11;0.11
;US-NE;1996;p0p100;132261.59;43862773220.0;1.0;1.0
;US-NE;1996;p99p100;749823.0;;0.1283;0.1283
;US-NE;1996;p99.9p100;3229565.8;;0.055300001;0.055300001
;US-NE;1996;p99.99p100;13541542.0;;0.0232;0.0232
;US-NE;1996;p90p100;204659.91;;0.35010001;0.35010001
;US-NE;1996;p90p95;117300.3;;0.1003;0.1003
;US-NE;1996;p95p99;177456.2;;0.1214;0.1214
;US-NE;1996;p99.5p99.9;639069.69;;0.043699998;0.043699998
;US-NE;1996;p99.9p99.99;2083606.6;;0.032099999;0.032099999
;US-NE;1996;p99p99.5;342194.31;;0.029300001;0.029300001
;US-NE;1996;p95p100;291945.31;;0.24969999;0.24969999
;US-NE;1996;p0p90;42213.699;;0.64999998;0.64999998
;US-NE;1996;p0p99;51468.699;;0.87169999;0.87169999
;US-NE;1996;p99.5p100;1157390.8;;0.098999999;0.098999999
;US-NE;1995;p0p100;130705.1;40306970542.0;1.0;1.0
;US-NE;1995;p99p100;664942.5;;0.1213;0.1213
;US-NE;1995;p99.9p100;2700184.0;;0.0493;0.0493
;US-NE;1995;p99.99p100;10682121.0;;0.0195;0.0195
;US-NE;1995;p90p100;190747.2;;0.34799999;0.34799999
;US-NE;1995;p90p95;112082.2;;0.1023;0.1023
;US-NE;1995;p95p99;170497.2;;0.1244;0.1244
;US-NE;1995;p99.5p99.9;586206.5;;0.042800002;0.042800002
;US-NE;1995;p99.9p99.99;1813314.8;;0.0298;0.0298
;US-NE;1995;p99p99.5;320818.5;;0.029300001;0.029300001
;US-NE;1995;p95p100;269378.41;;0.2457;0.2457
;US-NE;1995;p0p90;39705.102;;0.65200001;0.65200001
;US-NE;1995;p0p99;48644.699;;0.87870002;0.87870002
;US-NE;1995;p99.5p100;1009056.5;;0.092100002;0.092100002
;US-NE;1994;p0p100;132875.0;38508119833.0;1.0;1.0
;US-NE;1994;p99p100;597096.69;;0.1124;0.1124
;US-NE;1994;p99.9p100;2389325.8;;0.045000002;0.045000002
;US-NE;1994;p99.99p100;9597219.0;;0.018100001;0.018100001
;US-NE;1994;p90p100;177051.09;;0.33329999;0.33329999
;US-NE;1994;p90p95;105458.3;;0.099200003;0.099200003
;US-NE;1994;p95p99;161524.59;;0.1216;0.1216
;US-NE;1994;p99.5p99.9;527975.13;;0.039799999;0.039799999
;US-NE;1994;p99.9p99.99;1588352.3;;0.026900001;0.026900001
;US-NE;1994;p99p99.5;293912.19;;0.0277;0.0277
;US-NE;1994;p95p100;248630.09;;0.234;0.234
;US-NE;1994;p0p90;39359.398;;0.66680002;0.66680002
;US-NE;1994;p0p99;47633.5;;0.8876;0.8876
;US-NE;1994;p99.5p100;900276.5;;0.084700003;0.084700003
;US-NE;1993;p0p100;134390.2;37077725579.0;1.0;1.0
;US-NE;1993;p99p100;566945.13;;0.1101;0.1101
;US-NE;1993;p99.9p100;2170711.0;;0.042100001;0.042100001
;US-NE;1993;p99.99p100;8351851.0;;0.0162;0.0162
;US-NE;1993;p90p100;172083.7;;0.33410001;0.33410001
;US-NE;1993;p90p95;102887.1;;0.0999;0.0999
;US-NE;1993;p95p99;159870.0;;0.1241;0.1241
;US-NE;1993;p99.5p99.9;513147.41;;0.039799999;0.039799999
;US-NE;1993;p99.9p99.99;1481216.3;;0.025900001;0.025900001
;US-NE;1993;p99p99.5;288176.91;;0.028000001;0.028000001
;US-NE;1993;p95p100;241259.41;;0.2342;0.2342
;US-NE;1993;p0p90;38122.699;;0.66610003;0.66610003
;US-NE;1993;p0p99;46305.0;;0.88990003;0.88990003
;US-NE;1993;p99.5p100;845473.88;;0.082099997;0.082099997
;US-NE;1992;p0p100;146077.8;37483588079.0;1.0;1.0
;US-NE;1992;p99p100;615132.0;;0.1154;0.1154
;US-NE;1992;p99.9p100;2516415.0;;0.047200002;0.047200002
;US-NE;1992;p99.99p100;10225368.0;;0.019200001;0.019200001
;US-NE;1992;p90p100;179140.2;;0.336;0.336
;US-NE;1992;p90p95;108660.6;;0.1019;0.1019
;US-NE;1992;p95p99;158297.0;;0.1187;0.1187
;US-NE;1992;p99.5p99.9;542997.38;;0.0407;0.0407
;US-NE;1992;p99.9p99.99;1659801.3;;0.028000001;0.028000001
;US-NE;1992;p99p99.5;292529.59;;0.0274;0.0274
;US-NE;1992;p95p100;249667.8;;0.2341;0.2341
;US-NE;1992;p0p90;39339.699;;0.66399997;0.66399997
;US-NE;1992;p0p99;47646.801;;0.88459998;0.88459998
;US-NE;1992;p99.5p100;937725.0;;0.087899998;0.087899998
;US-NE;1991;p0p100;148413.59;36646381061.0;1.0;1.0
;US-NE;1991;p99p100;542269.19;;0.1052;0.1052
;US-NE;1991;p99.9p100;2086899.4;;0.0405;0.0405
;US-NE;1991;p99.99p100;8001948.0;;0.0155;0.0155
;US-NE;1991;p90p100;169529.7;;0.329;0.329
;US-NE;1991;p90p95;108311.0;;0.1051;0.1051
;US-NE;1991;p95p99;153060.8;;0.1188;0.1188
;US-NE;1991;p99.5p99.9;492642.81;;0.038199998;0.038199998
;US-NE;1991;p99.9p99.99;1429694.3;;0.025;0.025
;US-NE;1991;p99p99.5;273061.41;;0.0265;0.0265
;US-NE;1991;p95p100;230894.2;;0.22400001;0.22400001
;US-NE;1991;p0p90;38408.398;;0.67079997;0.67079997
;US-NE;1991;p0p99;46571.398;;0.89480001;0.89480001
;US-NE;1991;p99.5p100;811476.31;;0.078699999;0.078699999
;US-NE;1990;p0p100;159759.2;37065280999.0;1.0;1.0
;US-NE;1990;p99p100;597154.81;;0.1155;0.1155
;US-NE;1990;p99.9p100;2474120.0;;0.047899999;0.047899999
;US-NE;1990;p99.99p100;10103763.0;;0.0195;0.0195
;US-NE;1990;p90p100;174146.0;;0.3369;0.3369
;US-NE;1990;p90p95;106912.0;;0.1034;0.1034
;US-NE;1990;p95p99;152438.5;;0.118;0.118
;US-NE;1990;p99.5p99.9;528262.0;;0.040899999;0.040899999
;US-NE;1990;p99.9p99.99;1625976.3;;0.0283;0.0283
;US-NE;1990;p99p99.5;276940.0;;0.026799999;0.026799999
;US-NE;1990;p95p100;241389.91;;0.2335;0.2335
;US-NE;1990;p0p90;38087.801;;0.6631;0.6631
;US-NE;1990;p0p99;46183.898;;0.88450003;0.88450003
;US-NE;1990;p99.5p100;917423.5;;0.088699996;0.088699996
;US-NE;1989;p0p100;169432.91;36272645440.0;1.0;1.0
;US-NE;1989;p99p100;563797.5;;0.1133;0.1133
;US-NE;1989;p99.9p100;2148555.3;;0.043200001;0.043200001
;US-NE;1989;p99.99p100;8089328.5;;0.0163;0.0163
;US-NE;1989;p90p100;169535.3;;0.34079999;0.34079999
;US-NE;1989;p90p95;103204.1;;0.1037;0.1037
;US-NE;1989;p95p99;151336.91;;0.1217;0.1217
;US-NE;1989;p99.5p99.9;503056.91;;0.0405;0.0405
;US-NE;1989;p99.9p99.99;1459925.3;;0.0264;0.0264
;US-NE;1989;p99p99.5;280500.19;;0.028200001;0.028200001
;US-NE;1989;p95p100;235512.0;;0.2367;0.2367
;US-NE;1989;p0p90;36656.199;;0.66320002;0.66320002
;US-NE;1989;p0p99;44549.398;;0.88669997;0.88669997
;US-NE;1989;p99.5p100;841036.63;;0.0845;0.0845
;US-NE;1988;p0p100;189836.59;36557464475.0;1.0;1.0
;US-NE;1988;p99p100;598855.5;;0.1169;0.1169
;US-NE;1988;p99.9p100;2405849.5;;0.046999998;0.046999998
;US-NE;1988;p99.99p100;9273038.0;;0.018100001;0.018100001
;US-NE;1988;p90p100;171540.2;;0.33489999;0.33489999
;US-NE;1988;p90p95;101773.2;;0.099399999;0.099399999
;US-NE;1988;p95p99;148607.5;;0.1161;0.1161
;US-NE;1988;p99.5p99.9;521898.0;;0.040800001;0.040800001
;US-NE;1988;p99.9p99.99;1607568.6;;0.028200001;0.028200001
;US-NE;1988;p99p99.5;279517.19;;0.0273;0.0273
;US-NE;1988;p95p100;240838.91;;0.2351;0.2351
;US-NE;1988;p0p90;38139.102;;0.67019999;0.67019999
;US-NE;1988;p0p99;45685.699;;0.88309997;0.88309997
;US-NE;1988;p99.5p100;910205.69;;0.0889;0.0889
;US-NE;1987;p0p100;198768.5;34555505937.0;1.0;1.0
;US-NE;1987;p99p100;452113.69;;0.090599999;0.090599999
;US-NE;1987;p99.9p100;1552189.1;;0.031099999;0.031099999
;US-NE;1987;p99.99p100;5363669.5;;0.0107;0.0107
;US-NE;1987;p90p100;153896.59;;0.30840001;0.30840001
;US-NE;1987;p90p95;101447.7;;0.1017;0.1017
;US-NE;1987;p95p99;142323.41;;0.1141;0.1141
;US-NE;1987;p99.5p99.9;414033.59;;0.033199999;0.033199999
;US-NE;1987;p99.9p99.99;1100150.8;;0.0198;0.0198
;US-NE;1987;p99p99.5;247119.3;;0.024800001;0.024800001
;US-NE;1987;p95p100;206031.41;;0.20649999;0.20649999
;US-NE;1987;p0p90;38571.398;;0.69569999;0.69569999
;US-NE;1987;p0p99;45835.0;;0.90939999;0.90939999
;US-NE;1987;p99.5p100;650884.19;;0.065200001;0.065200001
;US-NE;1986;p0p100;216087.5;35938103043.0;1.0;1.0
;US-NE;1986;p99p100;630452.69;;0.1242;0.1242
;US-NE;1986;p99.9p100;2779683.3;;0.0548;0.0548
;US-NE;1986;p99.99p100;11911933.0;;0.023499999;0.023499999
;US-NE;1986;p90p100;170218.7;;0.33539999;0.33539999
;US-NE;1986;p90p95;97264.203;;0.095799997;0.095799997
;US-NE;1986;p95p99;144328.59;;0.1137;0.1137
;US-NE;1986;p99.5p99.9;525214.88;;0.0414;0.0414
;US-NE;1986;p99.9p99.99;1731926.9;;0.0307;0.0307
;US-NE;1986;p99p99.5;271916.09;;0.026799999;0.026799999
;US-NE;1986;p95p100;242854.09;;0.2392;0.2392
;US-NE;1986;p0p90;37678.699;;0.6681;0.6681
;US-NE;1986;p0p99;44902.102;;0.87580001;0.87580001
;US-NE;1986;p99.5p100;983731.0;;0.096900001;0.096900001
;US-NE;1985;p0p100;213185.09;34063425126.0;1.0;1.0
;US-NE;1985;p99p100;492739.09;;0.102;0.102
;US-NE;1985;p99.9p100;2008356.6;;0.0416;0.0416
;US-NE;1985;p99.99p100;8175973.5;;0.016899999;0.016899999
;US-NE;1985;p90p100;150713.09;;0.31200001;0.31200001
;US-NE;1985;p90p95;93720.898;;0.097000003;0.097000003
;US-NE;1985;p95p99;135653.41;;0.1123;0.1123
;US-NE;1985;p99.5p99.9;420635.69;;0.0348;0.0348
;US-NE;1985;p99.9p99.99;1303749.0;;0.0243;0.0243
;US-NE;1985;p99p99.5;241338.7;;0.025;0.025
;US-NE;1985;p95p100;207595.59;;0.2149;0.2149
;US-NE;1985;p0p90;37020.301;;0.68970001;0.68970001
;US-NE;1985;p0p99;43821.5;;0.898;0.898
;US-NE;1985;p99.5p100;741926.31;;0.076800004;0.076800004
;US-NE;1984;p0p100;224696.2;33221827916.0;1.0;1.0
;US-NE;1984;p99p100;455694.19;;0.095700003;0.095700003
;US-NE;1984;p99.9p100;1812965.8;;0.0381;0.0381
;US-NE;1984;p99.99p100;7469319.5;;0.015699999;0.015699999
;US-NE;1984;p90p100;146201.7;;0.30720001;0.30720001
;US-NE;1984;p90p95;93886.898;;0.0986;0.0986
;US-NE;1984;p95p99;133387.41;;0.1121;0.1121
;US-NE;1984;p99.5p99.9;388224.19;;0.032600001;0.032600001
;US-NE;1984;p99.9p99.99;1157829.3;;0.0219;0.0219
;US-NE;1984;p99p99.5;230721.0;;0.0242;0.0242
;US-NE;1984;p95p100;198471.59;;0.2085;0.2085
;US-NE;1984;p0p90;36744.102;;0.69480002;0.69480002
;US-NE;1984;p0p99;43472.801;;0.90429997;0.90429997
;US-NE;1984;p99.5p100;677990.38;;0.071199998;0.071199998
;US-NE;1983;p0p100;247661.59;31363168245.0;1.0;1.0
;US-NE;1983;p99p100;429857.81;;0.092600003;0.092600003
;US-NE;1983;p99.9p100;1631308.5;;0.035100002;0.035100002
;US-NE;1983;p99.99p100;6647891.0;;0.0143;0.0143
;US-NE;1983;p90p100;143506.5;;0.3091;0.3091
;US-NE;1983;p90p95;94655.797;;0.1019;0.1019
;US-NE;1983;p95p99;132903.41;;0.1145;0.1145
;US-NE;1983;p99.5p99.9;378838.91;;0.032600001;0.032600001
;US-NE;1983;p99.9p99.99;1068286.4;;0.0207;0.0207
;US-NE;1983;p99p99.5;228443.8;;0.024599999;0.024599999
;US-NE;1983;p95p100;192425.8;;0.20720001;0.20720001
;US-NE;1983;p0p90;35666.699;;0.69129997;0.69129997
;US-NE;1983;p0p99;42559.801;;0.90740001;0.90740001
;US-NE;1983;p99.5p100;630586.63;;0.067900002;0.067900002
;US-NE;1982;p0p100;261645.0;31777628427.0;1.0;1.0
;US-NE;1982;p99p100;422935.0;;0.089900002;0.089900002
;US-NE;1982;p99.9p100;1635894.9;;0.0348;0.0348
;US-NE;1982;p99.99p100;6792288.0;;0.0144;0.0144
;US-NE;1982;p90p100;138969.0;;0.29539999;0.29539999
;US-NE;1982;p90p95;90292.102;;0.096000001;0.096000001
;US-NE;1982;p95p99;128694.5;;0.1094;0.1094
;US-NE;1982;p99.5p99.9;371119.81;;0.031599998;0.031599998
;US-NE;1982;p99.9p99.99;1062962.3;;0.020300001;0.020300001
;US-NE;1982;p99p99.5;221795.09;;0.023600001;0.023600001
;US-NE;1982;p95p100;187618.91;;0.19939999;0.19939999
;US-NE;1982;p0p90;36838.5;;0.70469999;0.70469999
;US-NE;1982;p0p99;43249.5;;0.91009998;0.91009998
;US-NE;1982;p99.5p100;624074.88;;0.066299997;0.066299997
;US-NE;1981;p0p100;283860.69;31559135094.0;1.0;1.0
;US-NE;1981;p99p100;379251.69;;0.083499998;0.083499998
;US-NE;1981;p99.9p100;1176697.9;;0.025900001;0.025900001
;US-NE;1981;p99.99p100;4178258.5;;0.0092000002;0.0092000002
;US-NE;1981;p90p100;143099.41;;0.3152;0.3152
;US-NE;1981;p90p95;104216.1;;0.1148;0.1148
;US-NE;1981;p95p99;133076.41;;0.1173;0.1173
;US-NE;1981;p99.5p99.9;365812.59;;0.032200001;0.032200001
;US-NE;1981;p99.9p99.99;842672.13;;0.0167;0.0167
;US-NE;1981;p99p99.5;229263.2;;0.0253;0.0253
;US-NE;1981;p95p100;182395.7;;0.2009;0.2009
;US-NE;1981;p0p90;34530.102;;0.6846;0.6846
;US-NE;1981;p0p99;42024.5;;0.91649997;0.91649997
;US-NE;1981;p99.5p100;528980.19;;0.0583;0.0583
;US-NE;1980;p0p100;329337.69;30126119404.0;1.0;1.0
;US-NE;1980;p99p100;402130.31;;0.091600001;0.091600001
;US-NE;1980;p99.9p100;1219013.9;;0.027799999;0.027799999
;US-NE;1980;p99.99p100;4019808.0;;0.0092000002;0.0092000002
;US-NE;1980;p90p100;147774.0;;0.33649999;0.33649999
;US-NE;1980;p90p95;101842.8;;0.116;0.116
;US-NE;1980;p95p99;141497.2;;0.12890001;0.12890001
;US-NE;1980;p99.5p99.9;388893.41;;0.035399999;0.035399999
;US-NE;1980;p99.9p99.99;907250.13;;0.0186;0.0186
;US-NE;1980;p99p99.5;248994.0;;0.0284;0.0284
;US-NE;1980;p95p100;193654.0;;0.22050001;0.22050001
;US-NE;1980;p0p90;32377.699;;0.66360003;0.66360003
;US-NE;1980;p0p99;40292.602;;0.9084;0.9084
;US-NE;1980;p99.5p100;555221.19;;0.063199997;0.063199997
;US-NE;1979;p0p100;429317.19;31238955276.0;1.0;1.0
;US-NE;1979;p99p100;416255.19;;0.0898;0.0898
;US-NE;1979;p99.9p100;1257708.8;;0.027100001;0.027100001
;US-NE;1979;p99.99p100;4658340.0;;0.0099999998;0.0099999998
;US-NE;1979;p90p100;150542.0;;0.32460001;0.32460001
;US-NE;1979;p90p95;102112.1;;0.1101;0.1101
;US-NE;1979;p95p99;144547.0;;0.1247;0.1247
;US-NE;1979;p99.5p99.9;406701.5;;0.035100002;0.035100002
;US-NE;1979;p99.9p99.99;879600.69;;0.017100001;0.017100001
;US-NE;1979;p99p99.5;255629.91;;0.0276;0.0276
;US-NE;1979;p95p100;198877.09;;0.21439999;0.21439999
;US-NE;1979;p0p90;34804.199;;0.67549998;0.67549998
;US-NE;1979;p0p99;42637.5;;0.9102;0.9102
;US-NE;1979;p99.5p100;577166.88;;0.062199999;0.062199999
;US-NE;1978;p0p100;516342.69;30967873173.0;1.0;1.0
;US-NE;1978;p99p100;372577.91;;0.080200002;0.080200002
;US-NE;1978;p99.9p100;1037426.6;;0.022299999;0.022299999
;US-NE;1978;p99.99p100;3436545.3;;0.0074;0.0074
;US-NE;1978;p90p100;144622.2;;0.3114;0.3114
;US-NE;1978;p90p95;97452.398;;0.1049;0.1049
;US-NE;1978;p95p99;146780.2;;0.12639999;0.12639999
;US-NE;1978;p99.5p99.9;380198.19;;0.032699998;0.032699998
;US-NE;1978;p99.9p99.99;770941.31;;0.0149;0.0149
;US-NE;1978;p99p99.5;233334.5;;0.0251;0.0251
;US-NE;1978;p95p100;191852.3;;0.20649999;0.20649999
;US-NE;1978;p0p90;35534.0;;0.68849999;0.68849999
;US-NE;1978;p0p99;43155.199;;0.91979998;0.91979998
;US-NE;1978;p99.5p100;511830.81;;0.055100001;0.055100001
;US-NE;1977;p0p100;562049.0;28702187412.0;1.0;1.0
;US-NE;1977;p99p100;364818.09;;0.083499998;0.083499998
;US-NE;1977;p99.9p100;966595.69;;0.0221;0.0221
;US-NE;1977;p99.99p100;2679865.8;;0.0060999999;0.0060999999
;US-NE;1977;p90p100;139656.59;;0.3197;0.3197
;US-NE;1977;p90p95;95321.5;;0.1091;0.1091
;US-NE;1977;p95p99;138773.09;;0.12710001;0.12710001
;US-NE;1977;p99.5p99.9;375647.41;;0.034400001;0.034400001
;US-NE;1977;p99.9p99.99;775375.31;;0.016000001;0.016000001
;US-NE;1977;p99p99.5;235583.59;;0.027000001;0.027000001
;US-NE;1977;p95p100;183991.8;;0.2106;0.2106
;US-NE;1977;p0p90;33016.699;;0.6803;0.6803
;US-NE;1977;p0p99;40434.5;;0.91649997;0.91649997
;US-NE;1977;p99.5p100;494104.31;;0.056600001;0.056600001
;US-NE;1976;p0p100;637441.69;28303827183.0;1.0;1.0
;US-NE;1976;p99p100;367198.19;;0.084100001;0.084100001
;US-NE;1976;p99.9p100;941497.31;;0.021600001;0.021600001
;US-NE;1976;p99.99p100;2587559.0;;0.0059000002;0.0059000002
;US-NE;1976;p90p100;138458.3;;0.317;0.317
;US-NE;1976;p90p95;96095.797;;0.11;0.11
;US-NE;1976;p95p99;134235.41;;0.1229;0.1229
;US-NE;1976;p99.5p99.9;380577.19;;0.034899998;0.034899998
;US-NE;1976;p99.9p99.99;758804.19;;0.0156;0.0156
;US-NE;1976;p99p99.5;241251.7;;0.0276;0.0276
;US-NE;1976;p95p100;180828.2;;0.207;0.207
;US-NE;1976;p0p90;33142.699;;0.68300003;0.68300003
;US-NE;1976;p0p99;40404.898;;0.91589999;0.91589999
;US-NE;1976;p99.5p100;493114.59;;0.056499999;0.056499999
;US-NE;1975;p0p100;722069.38;28286839382.0;1.0;1.0
;US-NE;1975;p99p100;376784.5;;0.085199997;0.085199997
;US-NE;1975;p99.9p100;1008092.2;;0.0228;0.0228
;US-NE;1975;p99.99p100;3200090.3;;0.0071999999;0.0071999999
;US-NE;1975;p90p100;141153.5;;0.31920001;0.31920001
;US-NE;1975;p90p95;96387.797;;0.109;0.109
;US-NE;1975;p95p99;138198.91;;0.125;0.125
;US-NE;1975;p99.5p99.9;386749.19;;0.035;0.035
;US-NE;1975;p99.9p99.99;764685.63;;0.0156;0.0156
;US-NE;1975;p99p99.5;242210.41;;0.0274;0.0274
;US-NE;1975;p95p100;185916.41;;0.2102;0.2102
;US-NE;1975;p0p90;33459.602;;0.68089998;0.68089998
;US-NE;1975;p0p99;40868.102;;0.91479999;0.91479999
;US-NE;1975;p99.5p100;511312.19;;0.057799999;0.057799999
;US-NE;1974;p0p100;850705.81;27609098132.0;1.0;1.0
;US-NE;1974;p99p100;414529.69;;0.094700001;0.094700001
;US-NE;1974;p99.9p100;1256925.9;;0.0287;0.0287
;US-NE;1974;p99.99p100;4102877.5;;0.0093999999;0.0093999999
;US-NE;1974;p90p100;149270.59;;0.34119999;0.34119999
;US-NE;1974;p90p95;99468.797;;0.1137;0.1137
;US-NE;1974;p95p99;145291.2;;0.1328;0.1328
;US-NE;1974;p99.5p99.9;405640.5;;0.037099998;0.037099998
;US-NE;1974;p99.9p99.99;941904.31;;0.019400001;0.019400001
;US-NE;1974;p99p99.5;253725.91;;0.028999999;0.028999999
;US-NE;1974;p95p100;199067.09;;0.22750001;0.22750001
;US-NE;1974;p0p90;32022.199;;0.65869999;0.65869999
;US-NE;1974;p0p99;40009.0;;0.90530002;0.90530002
;US-NE;1974;p99.5p100;575557.38;;0.065800004;0.065800004
;US-NE;1973;p0p100;1118490.8;29071108854.0;1.0;1.0
;US-NE;1973;p99p100;401221.31;;0.086000003;0.086000003
;US-NE;1973;p99.9p100;1033299.2;;0.0221;0.0221
;US-NE;1973;p99.99p100;2621029.5;;0.0055999998;0.0055999998
;US-NE;1973;p90p100;150910.7;;0.32339999;0.32339999
;US-NE;1973;p90p95;98979.0;;0.1061;0.1061
;US-NE;1973;p95p99;153236.41;;0.1314;0.1314
;US-NE;1973;p99.5p99.9;412476.41;;0.035399999;0.035399999
;US-NE;1973;p99.9p99.99;856158.5;;0.0165;0.0165
;US-NE;1973;p99p99.5;265454.09;;0.0284;0.0284
;US-NE;1973;p95p100;202836.59;;0.2174;0.2174
;US-NE;1973;p0p90;35079.801;;0.67659998;0.67659998
;US-NE;1973;p0p99;43078.602;;0.91399997;0.91399997
;US-NE;1973;p99.5p100;536625.31;;0.057500001;0.057500001
;US-NE;1972;p0p100;1168554.4;26570723084.0;1.0;1.0
;US-NE;1972;p99p100;373522.5;;0.086499996;0.086499996
;US-NE;1972;p99.9p100;1142055.0;;0.0264;0.0264
;US-NE;1972;p99.99p100;4379460.0;;0.0101;0.0101
;US-NE;1972;p90p100;136158.59;;0.31510001;0.31510001
;US-NE;1972;p90p95;92471.898;;0.107;0.107
;US-NE;1972;p95p99;131437.0;;0.1217;0.1217
;US-NE;1972;p99.5p99.9;360614.31;;0.033399999;0.033399999
;US-NE;1972;p99.9p99.99;782362.31;;0.0163;0.0163
;US-NE;1972;p99p99.5;230005.2;;0.0266;0.0266
;US-NE;1972;p95p100;179855.3;;0.20810001;0.20810001
;US-NE;1972;p0p90;32878.699;;0.68489999;0.68489999
;US-NE;1972;p0p99;39869.898;;0.91350001;0.91350001
;US-NE;1972;p99.5p100;517039.81;;0.059799999;0.059799999
;US-NE;1971;p0p100;1179920.3;24832915910.0;1.0;1.0
;US-NE;1971;p99p100;331324.59;;0.080899999;0.080899999
;US-NE;1971;p99.9p100;905318.31;;0.0221;0.0221
;US-NE;1971;p99.99p100;2949002.0;;0.0071999999;0.0071999999
;US-NE;1971;p90p100;126649.7;;0.30919999;0.30919999
;US-NE;1971;p90p95;86209.703;;0.1052;0.1052
;US-NE;1971;p95p99;126055.4;;0.1231;0.1231
;US-NE;1971;p99.5p99.9;333728.09;;0.032600001;0.032600001
;US-NE;1971;p99.9p99.99;678411.38;;0.0149;0.0149
;US-NE;1971;p99p99.5;214230.91;;0.0262;0.0262
;US-NE;1971;p95p100;167104.0;;0.204;0.204
;US-NE;1971;p0p90;31434.5;;0.69080001;0.69080001
;US-NE;1971;p0p99;38022.199;;0.91909999;0.91909999
;US-NE;1971;p99.5p100;448332.69;;0.054699998;0.054699998
;US-NE;1970;p0p100;1247094.1;23707152713.0;1.0;1.0
;US-NE;1970;p99p100;314432.0;;0.079099998;0.079099998
;US-NE;1970;p99.9p100;842811.38;;0.021199999;0.021199999
;US-NE;1970;p99.99p100;2555171.3;;0.0063999998;0.0063999998
;US-NE;1970;p90p100;123953.4;;0.31200001;0.31200001
;US-NE;1970;p90p95;86198.0;;0.1085;0.1085
;US-NE;1970;p95p99;123589.2;;0.1244;0.1244
;US-NE;1970;p99.5p99.9;314871.91;;0.0317;0.0317
;US-NE;1970;p99.9p99.99;652118.63;;0.0148;0.0148
;US-NE;1970;p99p99.5;208055.8;;0.0262;0.0262
;US-NE;1970;p95p100;161736.59;;0.2035;0.2035
;US-NE;1970;p0p90;30370.6;;0.68800002;0.68800002
;US-NE;1970;p0p99;36954.398;;0.92089999;0.92089999
;US-NE;1970;p99.5p100;420687.59;;0.052900001;0.052900001
;US-NE;1969;p0p100;1396872.1;23641325604.0;1.0;1.0
;US-NE;1969;p99p100;350141.19;;0.087899998;0.087899998
;US-NE;1969;p99.9p100;1066010.8;;0.026799999;0.026799999
;US-NE;1969;p99.99p100;3868163.0;;0.0097000003;0.0097000003
;US-NE;1969;p90p100;126043.8;;0.31659999;0.31659999
;US-NE;1969;p90p95;84982.797;;0.1067;0.1067
;US-NE;1969;p95p99;121403.5;;0.122;0.122
;US-NE;1969;p99.5p99.9;344310.19;;0.034600001;0.034600001
;US-NE;1969;p99.9p99.99;756095.63;;0.017100001;0.017100001
;US-NE;1969;p99p99.5;211504.09;;0.0266;0.0266
;US-NE;1969;p95p100;167124.8;;0.20990001;0.20990001
;US-NE;1969;p0p90;30229.6;;0.68330002;0.68330002
;US-NE;1969;p0p99;36679.398;;0.91210002;0.91210002
;US-NE;1969;p99.5p100;488864.5;;0.0614;0.0614
;US-NE;1968;p0p100;1496173.4;22698069858.0;1.0;1.0
;US-NE;1968;p99p100;366808.69;;0.095700003;0.095700003
;US-NE;1968;p99.9p100;1093491.3;;0.0285;0.0285
;US-NE;1968;p99.99p100;3733483.8;;0.0097000003;0.0097000003
;US-NE;1968;p90p100;125494.3;;0.32730001;0.32730001
;US-NE;1968;p90p95;80360.898;;0.1048;0.1048
;US-NE;1968;p95p99;121540.8;;0.1268;0.1268
;US-NE;1968;p99.5p99.9;353723.69;;0.036899999;0.036899999
;US-NE;1968;p99.9p99.99;802438.69;;0.0188;0.0188
;US-NE;1968;p99p99.5;231943.0;;0.030200001;0.030200001
;US-NE;1968;p95p100;170606.8;;0.2225;0.2225
;US-NE;1968;p0p90;28659.199;;0.67269999;0.67269999
;US-NE;1968;p0p99;35025.301;;0.90429997;0.90429997
;US-NE;1968;p99.5p100;501526.81;;0.065399997;0.065399997
;US-NE;1967;p0p100;1590037.5;22146495368.0;1.0;1.0
;US-NE;1967;p99p100;369459.09;;0.098399997;0.098399997
;US-NE;1967;p99.9p100;1237147.3;;0.033;0.033
;US-NE;1967;p99.99p100;5323013.5;;0.0142;0.0142
;US-NE;1967;p90p100;125224.4;;0.33360001;0.33360001
;US-NE;1967;p90p95;79358.0;;0.1057;0.1057
;US-NE;1967;p95p99;121547.7;;0.1295;0.1295
;US-NE;1967;p99.5p99.9;348820.69;;0.0372;0.0372
;US-NE;1967;p99.9p99.99;782729.81;;0.0188;0.0188
;US-NE;1967;p99p99.5;212431.2;;0.0283;0.0283
;US-NE;1967;p95p100;171105.41;;0.2279;0.2279
;US-NE;1967;p0p90;27791.0;;0.6663;0.6663
;US-NE;1967;p0p99;34183.199;;0.9016;0.9016
;US-NE;1967;p99.5p100;526491.81;;0.070100002;0.070100002
;US-NE;1966;p0p100;1675318.9;21864498012.0;1.0;1.0
;US-NE;1966;p99p100;322903.41;;0.086800002;0.086800002
;US-NE;1966;p99.9p100;932659.13;;0.0251;0.0251
;US-NE;1966;p99.99p100;3290552.5;;0.0088;0.0088
;US-NE;1966;p90p100;119011.8;;0.31979999;0.31979999
;US-NE;1966;p90p95;81476.398;;0.1095;0.1095
;US-NE;1966;p95p99;115260.9;;0.1239;0.1239
;US-NE;1966;p99.5p99.9;316400.31;;0.034000002;0.034000002
;US-NE;1966;p99.9p99.99;670807.81;;0.0162;0.0162
;US-NE;1966;p99p99.5;205439.5;;0.0276;0.0276
;US-NE;1966;p95p100;156764.7;;0.2106;0.2106
;US-NE;1966;p0p90;28118.4;;0.68000001;0.68000001
;US-NE;1966;p0p99;34330.699;;0.91320002;0.91320002
;US-NE;1966;p99.5p100;440151.0;;0.059099998;0.059099998
;US-NE;1965;p0p100;1708608.8;20972881335.0;1.0;1.0
;US-NE;1965;p99p100;327294.19;;0.091200002;0.091200002
;US-NE;1965;p99.9p100;950775.0;;0.0265;0.0265
;US-NE;1965;p99.99p100;3709491.5;;0.0103;0.0103
;US-NE;1965;p90p100;115478.7;;0.32190001;0.32190001
;US-NE;1965;p90p95;76149.703;;0.1061;0.1061
;US-NE;1965;p95p99;111666.8;;0.1245;0.1245
;US-NE;1965;p99.5p99.9;324663.19;;0.036200002;0.036200002
;US-NE;1965;p99.9p99.99;644043.31;;0.0162;0.0162
;US-NE;1965;p99p99.5;204464.3;;0.0285;0.0285
;US-NE;1965;p95p100;154801.59;;0.2157;0.2157
;US-NE;1965;p0p90;27034.199;;0.67820001;0.67820001
;US-NE;1965;p0p99;32932.898;;0.90880001;0.90880001
;US-NE;1965;p99.5p100;450057.5;;0.062700003;0.062700003
;US-NE;1964;p0p100;1641506.4;19398702296.0;1.0;1.0
;US-NE;1964;p99p100;308323.59;;0.092399999;0.092399999
;US-NE;1964;p99.9p100;814640.0;;0.0244;0.0244
;US-NE;1964;p99.99p100;3616349.3;;0.0108;0.0108
;US-NE;1964;p90p100;110048.7;;0.32969999;0.32969999
;US-NE;1964;p90p95;71691.602;;0.1074;0.1074
;US-NE;1964;p95p99;108461.7;;0.13;0.13
;US-NE;1964;p99.5p99.9;332971.0;;0.039900001;0.039900001
;US-NE;1964;p99.9p99.99;503576.41;;0.0136;0.0136
;US-NE;1964;p99p99.5;187109.41;;0.028000001;0.028000001
;US-NE;1964;p95p100;148393.5;;0.22229999;0.22229999
;US-NE;1964;p0p90;24863.0;;0.67030001;0.67030001
;US-NE;1964;p0p99;30604.801;;0.90759999;0.90759999
;US-NE;1964;p99.5p100;429455.69;;0.064300001;0.064300001
;US-NE;1963;p0p100;1662476.9;19001949455.0;1.0;1.0
;US-NE;1963;p99p100;291531.81;;0.088500001;0.088500001
;US-NE;1963;p99.9p100;879228.13;;0.026699999;0.026699999
;US-NE;1963;p99.99p100;3273628.5;;0.0098999999;0.0098999999
;US-NE;1963;p90p100;103673.8;;0.31470001;0.31470001
;US-NE;1963;p90p95;68481.297;;0.1039;0.1039
;US-NE;1963;p95p99;100700.1;;0.1223;0.1223
;US-NE;1963;p99.5p99.9;292501.09;;0.035500001;0.035500001
;US-NE;1963;p99.9p99.99;613074.63;;0.0167;0.0167
;US-NE;1963;p99p99.5;173089.8;;0.0263;0.0263
;US-NE;1963;p95p100;138866.41;;0.21080001;0.21080001
;US-NE;1963;p0p90;25083.301;;0.68529999;0.68529999
;US-NE;1963;p0p99;30329.6;;0.91149998;0.91149998
;US-NE;1963;p99.5p100;409973.09;;0.062199999;0.062199999
;US-NE;1962;p0p100;1684771.8;18608579807.0;1.0;1.0
;US-NE;1962;p99p100;270486.59;;0.0832;0.0832
;US-NE;1962;p99.9p100;739962.0;;0.0228;0.0228
;US-NE;1962;p99.99p100;2006454.6;;0.0062000002;0.0062000002
;US-NE;1962;p90p100;101099.9;;0.3109;0.3109
;US-NE;1962;p90p95;67737.797;;0.1042;0.1042
;US-NE;1962;p95p99;100456.0;;0.1236;0.1236
;US-NE;1962;p99.5p99.9;274296.0;;0.0337;0.0337
;US-NE;1962;p99.9p99.99;600976.5;;0.0166;0.0166
;US-NE;1962;p99p99.5;173106.41;;0.0266;0.0266
;US-NE;1962;p95p100;134462.3;;0.2068;0.2068
;US-NE;1962;p0p90;24896.6;;0.68910003;0.68910003
;US-NE;1962;p0p99;30112.6;;0.91680002;0.91680002
;US-NE;1962;p99.5p100;367859.5;;0.056600001;0.056600001
;US-NE;1961;p0p100;1635555.9;17550150383.0;1.0;1.0
;US-NE;1961;p99p100;309580.41;;0.1001;0.1001
;US-NE;1961;p99.9p100;954826.13;;0.0309;0.0309
;US-NE;1961;p99.99p100;3808643.0;;0.0123;0.0123
;US-NE;1961;p90p100;103113.5;;0.33320001;0.33320001
;US-NE;1961;p90p95;65572.398;;0.106;0.106
;US-NE;1961;p95p99;98424.602;;0.12720001;0.12720001
;US-NE;1961;p99.5p99.9;309354.0;;0.039999999;0.039999999
;US-NE;1961;p99.9p99.99;637595.31;;0.0185;0.0185
;US-NE;1961;p99p99.5;180627.5;;0.029200001;0.029200001
;US-NE;1961;p95p100;140654.8;;0.2273;0.2273
;US-NE;1961;p0p90;22924.0;;0.66680002;0.66680002
;US-NE;1961;p0p99;28127.9;;0.89990002;0.89990002
;US-NE;1961;p99.5p100;438535.19;;0.070900001;0.070900001
;US-NE;1960;p0p100;1649462.3;17170176455.0;1.0;1.0
;US-NE;1960;p99p100;275595.09;;0.090099998;0.090099998
;US-NE;1960;p99.9p100;878166.19;;0.0287;0.0287
;US-NE;1960;p99.99p100;3336345.3;;0.0109;0.0109
;US-NE;1960;p90p100;95932.797;;0.31369999;0.31369999
;US-NE;1960;p90p95;62051.699;;0.1014;0.1014
;US-NE;1960;p95p99;93369.602;;0.1221;0.1221
;US-NE;1960;p99.5p99.9;263545.81;;0.034499999;0.034499999
;US-NE;1960;p99.9p99.99;604628.31;;0.0178;0.0178
;US-NE;1960;p99p99.5;164706.8;;0.026900001;0.026900001
;US-NE;1960;p95p100;129813.9;;0.2122;0.2122
;US-NE;1960;p0p90;23321.801;;0.68629998;0.68629998
;US-NE;1960;p0p99;28107.6;;0.90990001;0.90990001
;US-NE;1960;p99.5p100;386481.41;;0.063199997;0.063199997
;US-NE;1959;p0p100;1641752.6;16588071427.0;1.0;1.0
;US-NE;1959;p99p100;247664.59;;0.084200002;0.084200002
;US-NE;1959;p99.9p100;647552.0;;0.022;0.022
;US-NE;1959;p99.99p100;1486011.3;;0.0051000002;0.0051000002
;US-NE;1959;p90p100;91294.203;;0.31029999;0.31029999
;US-NE;1959;p90p95;61322.398;;0.1042;0.1042
;US-NE;1959;p95p99;89671.898;;0.1219;0.1219
;US-NE;1959;p99.5p99.9;260035.91;;0.035399999;0.035399999
;US-NE;1959;p99.9p99.99;555252.31;;0.017000001;0.017000001
;US-NE;1959;p99p99.5;157583.5;;0.026799999;0.026799999
;US-NE;1959;p95p100;121267.4;;0.2061;0.2061
;US-NE;1959;p0p90;22545.0;;0.68970001;0.68970001
;US-NE;1959;p0p99;27215.4;;0.91579998;0.91579998
;US-NE;1959;p99.5p100;337754.5;;0.057399999;0.057399999
;US-NE;1958;p0p100;1636949.9;16364739644.0;1.0;1.0
;US-NE;1958;p99p100;243401.3;;0.084100001;0.084100001
;US-NE;1958;p99.9p100;645741.13;;0.022299999;0.022299999
;US-NE;1958;p99.99p100;1679065.9;;0.0057999999;0.0057999999
;US-NE;1958;p90p100;88334.797;;0.3053;0.3053
;US-NE;1958;p90p95;58196.699;;0.1006;0.1006
;US-NE;1958;p95p99;87242.398;;0.1206;0.1206
;US-NE;1958;p99.5p99.9;247755.41;;0.034299999;0.034299999
;US-NE;1958;p99.9p99.99;531857.5;;0.0165;0.0165
;US-NE;1958;p99p99.5;159154.8;;0.0275;0.0275
;US-NE;1958;p95p100;118473.6;;0.20469999;0.20469999
;US-NE;1958;p0p90;22332.301;;0.6947;0.6947
;US-NE;1958;p0p99;26765.6;;0.91589999;0.91589999
;US-NE;1958;p99.5p100;327645.59;;0.056600001;0.056600001
;US-NE;1957;p0p100;1701618.8;16167131815.0;1.0;1.0
;US-NE;1957;p99p100;226656.7;;0.079499997;0.079499997
;US-NE;1957;p99.9p100;607432.0;;0.021299999;0.021299999
;US-NE;1957;p99.99p100;1460890.1;;0.0051000002;0.0051000002
;US-NE;1957;p90p100;81837.297;;0.2872;0.2872
;US-NE;1957;p90p95;54294.0;;0.095299996;0.095299996
;US-NE;1957;p95p99;80063.703;;0.1124;0.1124
;US-NE;1957;p99.5p99.9;239372.0;;0.033599999;0.033599999
;US-NE;1957;p99.9p99.99;513364.19;;0.0162;0.0162
;US-NE;1957;p99p99.5;140113.41;;0.024599999;0.024599999
;US-NE;1957;p95p100;109381.3;;0.1919;0.1919
;US-NE;1957;p0p90;22572.5;;0.71280003;0.71280003
;US-NE;1957;p0p99;26497.0;;0.92049998;0.92049998
;US-NE;1957;p99.5p100;313198.19;;0.054900002;0.054900002
;US-NE;1956;p0p100;1640444.5;14551581857.0;1.0;1.0
;US-NE;1956;p99p100;252131.2;;0.098399997;0.098399997
;US-NE;1956;p99.9p100;787321.88;;0.0307;0.0307
;US-NE;1956;p99.99p100;2625518.0;;0.0102;0.0102
;US-NE;1956;p90p100;82763.203;;0.3231;0.3231
;US-NE;1956;p90p95;51469.699;;0.1005;0.1005
;US-NE;1956;p95p99;79560.602;;0.1242;0.1242
;US-NE;1956;p99.5p99.9;243754.59;;0.0381;0.0381
;US-NE;1956;p99.9p99.99;583260.88;;0.020500001;0.020500001
;US-NE;1956;p99p99.5;151745.59;;0.0296;0.0296
;US-NE;1956;p95p100;114075.0;;0.2227;0.2227
;US-NE;1956;p0p90;19265.801;;0.67690003;0.67690003
;US-NE;1956;p0p99;23328.301;;0.9016;0.9016
;US-NE;1956;p99.5p100;352514.31;;0.068800002;0.068800002
;US-NE;1955;p0p100;1694753.5;14614497993.0;1.0;1.0
;US-NE;1955;p99p100;247615.8;;0.0964;0.0964
;US-NE;1955;p99.9p100;683583.13;;0.0266;0.0266
;US-NE;1955;p99.99p100;1673684.8;;0.0065000001;0.0065000001
;US-NE;1955;p90p100;86938.5;;0.33840001;0.33840001
;US-NE;1955;p90p95;61616.0;;0.1199;0.1199
;US-NE;1955;p95p99;79312.898;;0.1235;0.1235
;US-NE;1955;p99.5p99.9;247385.09;;0.0385;0.0385
;US-NE;1955;p99.9p99.99;573675.5;;0.020099999;0.020099999
;US-NE;1955;p99p99.5;160610.8;;0.031300001;0.031300001
;US-NE;1955;p95p100;112961.7;;0.2199;0.2199
;US-NE;1955;p0p90;18844.801;;0.6602;0.6602
;US-NE;1955;p0p99;23448.199;;0.90359998;0.90359998
;US-NE;1955;p99.5p100;334621.19;;0.065099999;0.065099999
;US-NE;1954;p0p100;1753603.9;15255387129.0;1.0;1.0
;US-NE;1954;p99p100;234757.59;;0.087700002;0.087700002
;US-NE;1954;p99.9p100;652401.88;;0.0244;0.0244
;US-NE;1954;p99.99p100;1607337.1;;0.0060000001;0.0060000001
;US-NE;1954;p90p100;84365.297;;0.315;0.315
;US-NE;1954;p90p95;59446.5;;0.111;0.111
;US-NE;1954;p95p99;78985.0;;0.118;0.118
;US-NE;1954;p99.5p99.9;239699.41;;0.035799999;0.035799999
;US-NE;1954;p99.9p99.99;546324.5;;0.0184;0.0184
;US-NE;1954;p99p99.5;147277.2;;0.0275;0.0275
;US-NE;1954;p95p100;110103.1;;0.20559999;0.20559999
;US-NE;1954;p0p90;20335.4;;0.68339998;0.68339998
;US-NE;1954;p0p99;24680.4;;0.91229999;0.91229999
;US-NE;1954;p99.5p100;322238.69;;0.060199998;0.060199998
;US-NE;1953;p0p100;1661625.1;14328828994.0;1.0;1.0
;US-NE;1953;p99p100;218088.41;;0.086800002;0.086800002
;US-NE;1953;p99.9p100;571995.81;;0.0228;0.0228
;US-NE;1953;p99.99p100;1341602.4;;0.0052999998;0.0052999998
;US-NE;1953;p90p100;83483.898;;0.33230001;0.33230001
;US-NE;1953;p90p95;63863.699;;0.12710001;0.12710001
;US-NE;1953;p95p99;75940.398;;0.1209;0.1209
;US-NE;1953;p99.5p99.9;231899.0;;0.036899999;0.036899999
;US-NE;1953;p99.9p99.99;487717.09;;0.0175;0.0175
;US-NE;1953;p99p99.5;136409.5;;0.027100001;0.027100001
;US-NE;1953;p95p100;104324.2;;0.2076;0.2076
;US-NE;1953;p0p90;18568.199;;0.66509998;0.66509998
;US-NE;1953;p0p99;23175.801;;0.91320002;0.91320002
;US-NE;1953;p99.5p100;299800.0;;0.059700001;0.059700001
;US-NE;1952;p0p100;1798402.4;15307274575.0;1.0;1.0
;US-NE;1952;p99p100;232331.41;;0.0867;0.0867
;US-NE;1952;p99.9p100;646960.38;;0.0242;0.0242
;US-NE;1952;p99.99p100;1929023.4;;0.0071999999;0.0071999999
;US-NE;1952;p90p100;82353.297;;0.30739999;0.30739999
;US-NE;1952;p90p95;55263.898;;0.1032;0.1032
;US-NE;1952;p95p99;79599.0;;0.1189;0.1189
;US-NE;1952;p99.5p99.9;237165.3;;0.035399999;0.035399999
;US-NE;1952;p99.9p99.99;504874.59;;0.017000001;0.017000001
;US-NE;1952;p99p99.5;145691.09;;0.0272;0.0272
;US-NE;1952;p95p100;110052.3;;0.2054;0.2054
;US-NE;1952;p0p90;20573.0;;0.69120002;0.69120002
;US-NE;1952;p0p99;24711.0;;0.91329998;0.91329998
;US-NE;1952;p99.5p100;319025.09;;0.059500001;0.059500001
;US-NE;1951;p0p100;1802255.9;14709016556.0;1.0;1.0
;US-NE;1951;p99p100;283398.69;;0.1102;0.1102
;US-NE;1951;p99.9p100;818671.13;;0.031800002;0.031800002
;US-NE;1951;p99.99p100;1835041.1;;0.0071;0.0071
;US-NE;1951;p90p100;87847.602;;0.34169999;0.34169999
;US-NE;1951;p90p95;51616.301;;0.1004;0.1004
;US-NE;1951;p95p99;83277.703;;0.1296;0.1296
;US-NE;1951;p99.5p99.9;287734.41;;0.044799998;0.044799998
;US-NE;1951;p99.9p99.99;710920.19;;0.024900001;0.024900001
;US-NE;1951;p99p99.5;168571.91;;0.0328;0.0328
;US-NE;1951;p95p100;123826.3;;0.24079999;0.24079999
;US-NE;1951;p0p99;17151.301;;0.66049999;0.66049999
;US-NE;1951;p99.5p100;396660.59;;0.077100001;0.077100001
;US-NE;1950;p0p100;2168884.5;15220305644.0;1.0;1.0
;US-NE;1950;p99p100;274540.5;;0.1033;0.1033
;US-NE;1950;p99.9p100;758183.0;;0.0285;0.0285
;US-NE;1950;p99.99p100;1608870.6;;0.0060999999;0.0060999999
;US-NE;1950;p90p100;85341.297;;0.32120001;0.32120001
;US-NE;1950;p90p95;49979.301;;0.093999997;0.093999997
;US-NE;1950;p95p99;82331.102;;0.1239;0.1239
;US-NE;1950;p99.5p99.9;286846.19;;0.043200001;0.043200001
;US-NE;1950;p99.9p99.99;684283.5;;0.0232;0.0232
;US-NE;1950;p99p99.5;168340.2;;0.0317;0.0317
;US-NE;1950;p95p100;120650.0;;0.227;0.227
;US-NE;1950;p0p90;20014.801;;0.67790002;0.67790002
;US-NE;1950;p0p99;24066.6;;0.89670002;0.89670002
;US-NE;1950;p99.5p100;380840.0;;0.071699999;0.071699999
;US-NE;1949;p0p100;1860965.3;12775370895.0;1.0;1.0
;US-NE;1949;p99p100;229926.2;;0.1028;0.1028
;US-NE;1949;p99.9p100;593727.81;;0.0266;0.0266
;US-NE;1949;p99.99p100;1349981.6;;0.0060000001;0.0060000001
;US-NE;1949;p90p100;78866.602;;0.3527;0.3527
;US-NE;1949;p90p95;46215.801;;0.1034;0.1034
;US-NE;1949;p95p99;82087.297;;0.1469;0.1469
;US-NE;1949;p99.5p99.9;241272.59;;0.043200001;0.043200001
;US-NE;1949;p99.9p99.99;509732.5;;0.020500001;0.020500001
;US-NE;1949;p99p99.5;148082.7;;0.033100002;0.033100002
;US-NE;1949;p95p100;111525.8;;0.2494;0.2494
;US-NE;1949;p0p90;16072.1;;0.64700001;0.64700001
;US-NE;1949;p0p99;20261.801;;0.89719999;0.89719999
;US-NE;1949;p99.5p100;311764.0;;0.069700003;0.069700003
;US-NE;1948;p0p100;2018114.5;14133745839.0;1.0;1.0
;US-NE;1948;p99p100;253077.3;;0.1024;0.1024
;US-NE;1948;p99.9p100;679950.31;;0.0275;0.0275
;US-NE;1948;p99.99p100;1714114.8;;0.0068999999;0.0068999999
;US-NE;1948;p90p100;83435.203;;0.33750001;0.33750001
;US-NE;1948;p90p95;48054.602;;0.097199999;0.097199999
;US-NE;1948;p95p99;85301.203;;0.138;0.138
;US-NE;1948;p99.5p99.9;262229.41;;0.042399999;0.042399999
;US-NE;1948;p99.9p99.99;565072.0;;0.0206;0.0206
;US-NE;1948;p99p99.5;160392.7;;0.032400001;0.032400001
;US-NE;1948;p95p100;118809.9;;0.2403;0.2403
;US-NE;1948;p0p90;18198.5;;0.66250002;0.66250002
;US-NE;1948;p0p99;22417.6;;0.8976;0.8976
;US-NE;1948;p99.5p100;345769.81;;0.069899999;0.069899999
;US-NE;1947;p0p100;2001297.3;12070790494.0;1.0;1.0
;US-NE;1947;p99p100;226247.2;;0.1072;0.1072
;US-NE;1947;p99.9p100;576038.38;;0.0273;0.0273
;US-NE;1947;p99.99p100;1300493.6;;0.0062000002;0.0062000002
;US-NE;1947;p90p100;79175.5;;0.37509999;0.37509999
;US-NE;1947;p90p95;48599.898;;0.1151;0.1151
;US-NE;1947;p95p99;80665.5;;0.1529;0.1529
;US-NE;1947;p99.5p99.9;236291.41;;0.044799998;0.044799998
;US-NE;1947;p99.9p99.99;495648.91;;0.0211;0.0211
;US-NE;1947;p99p99.5;148218.0;;0.035100002;0.035100002
;US-NE;1947;p95p100;109754.3;;0.25999999;0.25999999
;US-NE;1947;p0p90;14655.7;;0.62489998;0.62489998
;US-NE;1947;p0p99;19037.0;;0.89279997;0.89279997
;US-NE;1947;p99.5p100;304237.69;;0.072099999;0.072099999
;US-NE;1946;p0p100;2622998.5;12074691627.0;1.0;1.0
;US-NE;1946;p99p100;250695.09;;0.1185;0.1185
;US-NE;1946;p99.9p100;678094.81;;0.032099999;0.032099999
;US-NE;1946;p99.99p100;1599038.0;;0.0076000001;0.0076000001
;US-NE;1946;p90p100;82440.102;;0.3897;0.3897
;US-NE;1946;p90p95;48899.699;;0.1156;0.1156
;US-NE;1946;p95p99;82321.898;;0.1557;0.1557
;US-NE;1946;p99.5p99.9;260293.3;;0.049199998;0.049199998
;US-NE;1946;p99.9p99.99;575814.63;;0.024499999;0.024499999
;US-NE;1946;p99p99.5;157488.0;;0.0372;0.0372
;US-NE;1946;p95p100;115982.0;;0.27410001;0.27410001
;US-NE;1946;p0p90;14345.1;;0.6103;0.6103
;US-NE;1946;p0p99;18836.6;;0.88150001;0.88150001
;US-NE;1946;p99.5p100;343852.41;;0.081299998;0.081299998
;US-NE;1945;p0p100;3227220.5;12696840926.0;1.0;1.0
;US-NE;1945;p99p100;232438.91;;0.1052;0.1052
;US-NE;1945;p99.9p100;631714.81;;0.0286;0.0286
;US-NE;1945;p99.99p100;1461835.6;;0.0066;0.0066
;US-NE;1945;p90p100;75027.898;;0.3396;0.3396
;US-NE;1945;p90p95;45348.801;;0.1026;0.1026
;US-NE;1945;p95p99;72806.203;;0.1318;0.1318
;US-NE;1945;p99.5p99.9;242970.0;;0.044;0.044
;US-NE;1945;p99.9p99.99;542979.69;;0.0221;0.0221
;US-NE;1945;p99p99.5;144136.41;;0.032600001;0.032600001
;US-NE;1945;p95p100;104709.4;;0.2369;0.2369
;US-NE;1945;p0p90;16209.8;;0.6602;0.6602
;US-NE;1945;p0p99;19971.301;;0.89480001;0.89480001
;US-NE;1945;p99.5p100;320678.91;;0.0726;0.0726
;US-NE;1944;p0p100;3185896.0;12053386112.0;1.0;1.0
;US-NE;1944;p99p100;179742.0;;0.086199999;0.086199999
;US-NE;1944;p99.9p100;540982.63;;0.025900001;0.025900001
;US-NE;1944;p99.99p100;1300376.0;;0.0062000002;0.0062000002
;US-NE;1944;p90p100;68984.5;;0.3308;0.3308
;US-NE;1944;p90p95;48876.5;;0.1172;0.1172
;US-NE;1944;p95p99;69447.398;;0.1332;0.1332
;US-NE;1944;p99.5p99.9;199978.09;;0.038400002;0.038400002
;US-NE;1944;p99.9p99.99;457193.41;;0.0197;0.0197
;US-NE;1944;p99p99.5;91153.898;;0.0219;0.0219
;US-NE;1944;p95p100;90909.203;;0.21799999;0.21799999
;US-NE;1944;p0p90;15370.7;;0.66339999;0.66339999
;US-NE;1944;p0p99;19247.6;;0.9138;0.9138
;US-NE;1944;p99.5p100;268247.19;;0.064300001;0.064300001
;US-NE;1943;p0p100;3376265.8;12398694521.0;1.0;1.0
;US-NE;1943;p99p100;235028.91;;0.1101;0.1101
;US-NE;1943;p99.9p100;674938.19;;0.031599998;0.031599998
;US-NE;1943;p99.99p100;1560970.4;;0.0073000002;0.0073000002
;US-NE;1943;p90p100;75008.602;;0.3513;0.3513
;US-NE;1943;p90p95;45686.699;;0.107;0.107
;US-NE;1943;p95p99;71590.102;;0.13410001;0.13410001
;US-NE;1943;p99.5p99.9;244161.59;;0.045699999;0.045699999
;US-NE;1943;p99.9p99.99;581656.0;;0.024499999;0.024499999
;US-NE;1943;p99p99.5;139647.7;;0.032699998;0.032699998
;US-NE;1943;p95p100;104316.3;;0.24429999;0.24429999
;US-NE;1943;p0p90;15386.5;;0.64859998;0.64859998
;US-NE;1943;p0p99;19191.9;;0.88990003;0.88990003
;US-NE;1943;p99.5p100;330371.81;;0.077399999;0.077399999
;US-NE;1942;p0p100;3135542.5;10246930455.0;1.0;1.0
;US-NE;1942;p99p100;212767.3;;0.1209;0.1209
;US-NE;1942;p99.9p100;667736.63;;0.037900001;0.037900001
;US-NE;1942;p99.99p100;1959628.5;;0.0111;0.0111
;US-NE;1942;p90p100;66048.398;;0.37529999;0.37529999
;US-NE;1942;p90p95;39982.5;;0.1136;0.1136
;US-NE;1942;p95p99;61899.5;;0.1407;0.1407
;US-NE;1942;p99.5p99.9;213414.3;;0.048500001;0.048500001
;US-NE;1942;p99.9p99.99;523964.09;;0.026799999;0.026799999
;US-NE;1942;p99p99.5;121153.1;;0.034400001;0.034400001
;US-NE;1942;p95p100;92111.602;;0.2617;0.2617
;US-NE;1942;p0p90;12217.5;;0.62480003;0.62480003
;US-NE;1942;p0p99;15626.4;;0.87910002;0.87910002
;US-NE;1942;p99.5p100;304332.31;;0.086499996;0.086499996
;US-NE;1941;p0p100;2793803.3;7496999665.0;1.0;1.0
;US-NE;1941;p99p100;179059.0;;0.1398;0.1398
;US-NE;1941;p99.9p100;527408.0;;0.041200001;0.041200001
;US-NE;1941;p99.99p100;1368067.9;;0.0107;0.0107
;US-NE;1941;p90p100;56311.699;;0.43979999;0.43979999
;US-NE;1941;p90p95;34950.199;;0.1365;0.1365
;US-NE;1941;p95p99;52356.199;;0.1635;0.1635
;US-NE;1941;p99.5p99.9;184502.7;;0.057599999;0.057599999
;US-NE;1941;p99.9p99.99;433224.81;;0.030400001;0.030400001
;US-NE;1941;p99p99.5;104720.9;;0.040899999;0.040899999
;US-NE;1941;p95p100;77759.797;;0.30360001;0.30360001
;US-NE;1941;p0p90;7972.1001;;0.56029999;0.56029999
;US-NE;1941;p0p99;11125.7;;0.86019999;0.86019999
;US-NE;1941;p99.5p100;253264.59;;0.098899998;0.098899998
;US-NE;1940;p0p100;2693895.0;6599584504.0;1.0;1.0
;US-NE;1940;p99p100;162782.09;;0.1454;0.1454
;US-NE;1940;p99.9p100;483936.0;;0.043200001;0.043200001
;US-NE;1940;p99.99p100;1168867.3;;0.0104;0.0104
;US-NE;1940;p90p100;53627.5;;0.47889999;0.47889999
;US-NE;1940;p90p95;34287.898;;0.1531;0.1531
;US-NE;1940;p95p99;50400.102;;0.18000001;0.18000001
;US-NE;1940;p99.5p99.9;167528.8;;0.059799999;0.059799999
;US-NE;1940;p99.9p99.99;406985.59;;0.032699998;0.032699998
;US-NE;1940;p99p99.5;94459.0;;0.042199999;0.042199999
;US-NE;1940;p95p100;72937.297;;0.3256;0.3256
;US-NE;1940;p0p90;6492.3999;;0.52179998;0.52179998
;US-NE;1940;p0p99;9668.0;;0.85460001;0.85460001
;US-NE;1940;p99.5p100;230970.91;;0.1031;0.1031
;US-NE;1939;p0p100;2542939.5;6074669654.0;1.0;1.0
;US-NE;1939;p99p100;152478.0;;0.147;0.147
;US-NE;1939;p99.9p100;443989.41;;0.042800002;0.042800002
;US-NE;1939;p99.99p100;1055675.4;;0.0102;0.0102
;US-NE;1939;p90p100;45361.199;;0.43740001;0.43740001
;US-NE;1939;p90p95;21643.301;;0.1043;0.1043
;US-NE;1939;p95p99;47546.102;;0.18340001;0.18340001
;US-NE;1939;p99.5p99.9;155851.2;;0.0601;0.0601
;US-NE;1939;p99.9p99.99;375659.31;;0.032600001;0.032600001
;US-NE;1939;p99p99.5;91225.898;;0.044;0.044
;US-NE;1939;p95p100;68583.602;;0.33059999;0.33059999
;US-NE;1939;p0p90;6515.6001;;0.5654;0.5654
;US-NE;1939;p0p99;8935.7998;;0.85299999;0.85299999
;US-NE;1939;p99.5p100;213604.2;;0.103;0.103
;US-NE;1938;p0p100;2496194.8;6107647303.0;1.0;1.0
;US-NE;1938;p99p100;141013.09;;0.1346;0.1346
;US-NE;1938;p99.9p100;436588.81;;0.041700002;0.041700002
;US-NE;1938;p99.99p100;1189436.1;;0.0114;0.0114
;US-NE;1938;p90p100;41868.602;;0.3996;0.3996
;US-NE;1938;p90p95;19787.699;;0.094400004;0.094400004
;US-NE;1938;p95p99;43246.602;;0.16509999;0.16509999
;US-NE;1938;p99.5p99.9;140202.41;;0.0535;0.0535
;US-NE;1938;p99.9p99.99;351423.31;;0.030200001;0.030200001
;US-NE;1938;p99p99.5;82141.102;;0.0392;0.0392
;US-NE;1938;p95p100;62850.102;;0.30000001;0.30000001
;US-NE;1938;p0p90;7056.0;;0.60619998;0.60619998
;US-NE;1938;p0p99;9157.7998;;0.86540002;0.86540002
;US-NE;1938;p99.5p100;199721.0;;0.095299996;0.095299996
;US-NE;1937;p0p100;2442653.0;6178926999.0;1.0;1.0
;US-NE;1937;p99p100;149703.5;;0.1406;0.1406
;US-NE;1937;p99.9p100;460467.59;;0.043299999;0.043299999
;US-NE;1937;p99.99p100;1105470.6;;0.0104;0.0104
;US-NE;1937;p90p100;42510.0;;0.3994;0.3994
;US-NE;1937;p90p95;19592.1;;0.092;0.092
;US-NE;1937;p95p99;43429.898;;0.16320001;0.16320001
;US-NE;1937;p99.5p99.9;152023.0;;0.057100002;0.057100002
;US-NE;1937;p99.9p99.99;388849.09;;0.032900002;0.032900002
;US-NE;1937;p99p99.5;85700.0;;0.0403;0.0403
;US-NE;1937;p95p100;64674.602;;0.30379999;0.30379999
;US-NE;1937;p0p90;7144.6001;;0.60409999;0.60409999
;US-NE;1937;p0p99;9239.4004;;0.85939997;0.85939997
;US-NE;1937;p99.5p100;213710.91;;0.1004;0.1004
;US-NE;1936;p0p100;2623645.0;6166315287.0;1.0;1.0
;US-NE;1936;p99p100;163271.8;;0.1533;0.1533
;US-NE;1936;p99.9p100;512325.19;;0.048099998;0.048099998
;US-NE;1936;p99.99p100;1279650.5;;0.012;0.012
;US-NE;1936;p90p100;44538.898;;0.41819999;0.41819999
;US-NE;1936;p90p95;21888.1;;0.1028;0.1028
;US-NE;1936;p95p99;42776.102;;0.16069999;0.16069999
;US-NE;1936;p99.5p99.9;165627.2;;0.062199999;0.062199999
;US-NE;1936;p99.9p99.99;427102.91;;0.0361;0.0361
;US-NE;1936;p99p99.5;91587.898;;0.043000001;0.043000001
;US-NE;1936;p95p100;66887.797;;0.3141;0.3141
;US-NE;1936;p0p90;6900.7998;;0.58319998;0.58319998
;US-NE;1936;p0p99;9107.2998;;0.84670001;0.84670001
;US-NE;1936;p99.5p100;234964.0;;0.1103;0.1103
;US-NE;1935;p0p100;2865176.8;6586634690.0;1.0;1.0
;US-NE;1935;p99p100;138390.7;;0.1213;0.1213
;US-NE;1935;p99.9p100;400890.91;;0.035100002;0.035100002
;US-NE;1935;p99.99p100;900166.0;;0.0078999996;0.0078999996
;US-NE;1935;p90p100;39990.699;;0.3506;0.3506
;US-NE;1935;p90p95;21363.9;;0.093699999;0.093699999
;US-NE;1935;p95p99;38494.898;;0.13500001;0.13500001
;US-NE;1935;p99.5p99.9;142975.0;;0.050099999;0.050099999
;US-NE;1935;p99.9p99.99;345453.19;;0.0273;0.0273
;US-NE;1935;p99p99.5;82244.703;;0.0361;0.0361
;US-NE;1935;p95p100;58398.102;;0.25600001;0.25600001
;US-NE;1935;p0p90;8238.0;;0.64999998;0.64999998
;US-NE;1935;p0p99;10123.5;;0.87870002;0.87870002
;US-NE;1935;p99.5p100;194548.7;;0.085299999;0.085299999
;US-NE;1934;p0p100;1981064.1;4320818869.0;1.0;1.0
;US-NE;1934;p99p100;127012.9;;0.1692;0.1692
;US-NE;1934;p99.9p100;363877.19;;0.048500001;0.048500001
;US-NE;1934;p99.99p100;821855.63;;0.0109;0.0109
;US-NE;1934;p90p100;36794.5;;0.4901;0.4901
;US-NE;1934;p90p95;19683.699;;0.1311;0.1311
;US-NE;1934;p95p99;35880.0;;0.1912;0.1912
;US-NE;1934;p99.5p99.9;131054.0;;0.069799997;0.069799997
;US-NE;1934;p99.9p99.99;313028.91;;0.037500001;0.037500001
;US-NE;1934;p99p99.5;76400.5;;0.050900001;0.050900001
;US-NE;1934;p95p100;54004.801;;0.35969999;0.35969999
;US-NE;1934;p0p90;4242.2002;;0.5086;0.5086
;US-NE;1934;p0p99;6300.3999;;0.8308;0.8308
;US-NE;1934;p99.5p100;177608.2;;0.1183;0.1183
;US-NE;1933;p0p100;2321894.5;4728370706.0;1.0;1.0
;US-NE;1933;p99p100;111654.3;;0.1355;0.1355
;US-NE;1933;p99.9p100;343338.59;;0.041700002;0.041700002
;US-NE;1933;p99.99p100;1092438.9;;0.0133;0.0133
;US-NE;1933;p90p100;33696.898;;0.4091;0.4091
;US-NE;1933;p90p95;20700.301;;0.1256;0.1256
;US-NE;1933;p95p99;31732.1;;0.1541;0.1541
;US-NE;1933;p99.5p99.9;109041.1;;0.052900001;0.052900001
;US-NE;1933;p99.9p99.99;260105.2;;0.0284;0.0284
;US-NE;1933;p99p99.5;67408.0;;0.040899999;0.040899999
;US-NE;1933;p95p100;47608.602;;0.289;0.289
;US-NE;1933;p0p90;5352.2002;;0.58469999;0.58469999
;US-NE;1933;p0p99;7193.2002;;0.86449999;0.86449999
;US-NE;1933;p99.5p100;155900.7;;0.094599999;0.094599999
;US-NE;1932;p0p100;2225748.0;5025162195.0;1.0;1.0
;US-NE;1932;p99p100;106811.3;;0.1217;0.1217
;US-NE;1932;p99.9p100;307749.19;;0.035100002;0.035100002
;US-NE;1932;p99.99p100;748827.13;;0.0085000005;0.0085000005
;US-NE;1932;p90p100;34172.102;;0.38940001;0.38940001
;US-NE;1932;p90p95;22244.5;;0.1268;0.1268
;US-NE;1932;p95p99;32151.6;;0.14659999;0.14659999
;US-NE;1932;p99.5p99.9;106421.1;;0.048500001;0.048500001
;US-NE;1932;p99.9p99.99;258740.5;;0.0265;0.0265
;US-NE;1932;p99p99.5;66935.797;;0.0381;0.0381
;US-NE;1932;p95p100;46987.699;;0.26769999;0.26769999
;US-NE;1932;p0p90;5898.0;;0.60500002;0.60500002
;US-NE;1932;p0p99;7784.3999;;0.87830001;0.87830001
;US-NE;1932;p99.5p100;146686.7;;0.0836;0.0836
;US-NE;1931;p0p100;2154683.0;6030359234.0;1.0;1.0
;US-NE;1931;p99p100;132267.3;;0.12530001;0.12530001
;US-NE;1931;p99.9p100;388301.19;;0.036800001;0.036800001
;US-NE;1931;p99.99p100;1056169.4;;0.0099999998;0.0099999998
;US-NE;1931;p90p100;39647.301;;0.37549999;0.37549999
;US-NE;1931;p90p95;24904.4;;0.1179;0.1179
;US-NE;1931;p95p99;35941.5;;0.1362;0.1362
;US-NE;1931;p99.5p99.9;133409.59;;0.050500002;0.050500002
;US-NE;1931;p99.9p99.99;314093.59;;0.026799999;0.026799999
;US-NE;1931;p99p99.5;80146.797;;0.037999999;0.037999999
;US-NE;1931;p95p100;55093.898;;0.26089999;0.26089999
;US-NE;1931;p0p90;7281.5;;0.62059999;0.62059999
;US-NE;1931;p0p99;9329.5;;0.87470001;0.87470001
;US-NE;1931;p99.5p100;184387.91;;0.087300003;0.087300003
;US-NE;1930;p0p100;2094162.8;7017911038.0;1.0;1.0
;US-NE;1930;p99p100;149223.09;;0.1209;0.1209
;US-NE;1930;p99.9p100;459432.09;;0.0372;0.0372
;US-NE;1930;p99.99p100;1446838.3;;0.0117;0.0117
;US-NE;1930;p90p100;41529.0;;0.33660001;0.33660001
;US-NE;1930;p90p95;20730.4;;0.083999999;0.083999999
;US-NE;1930;p95p99;39872.699;;0.1293;0.1293
;US-NE;1930;p99.5p99.9;148426.91;;0.048099998;0.048099998
;US-NE;1930;p99.9p99.99;349720.31;;0.0255;0.0255
;US-NE;1930;p99p99.5;87818.203;;0.035599999;0.035599999
;US-NE;1930;p95p100;61499.5;;0.2492;0.2492
;US-NE;1930;p0p90;9127.4004;;0.66579998;0.66579998
;US-NE;1930;p0p99;10955.7;;0.87910002;0.87910002
;US-NE;1930;p99.5p100;210628.0;;0.0854;0.0854
;US-NE;1929;p0p100;2306182.8;8098180532.0;1.0;1.0
;US-NE;1929;p99p100;172523.91;;0.1206;0.1206
;US-NE;1929;p99.9p100;571587.5;;0.039999999;0.039999999
;US-NE;1929;p99.99p100;1939450.4;;0.0136;0.0136
;US-NE;1929;p90p100;44337.199;;0.31;0.31
;US-NE;1929;p90p95;18912.4;;0.066100001;0.066100001
;US-NE;1929;p95p99;44124.199;;0.1234;0.1234
;US-NE;1929;p99.5p99.9;166436.8;;0.046500001;0.046500001
;US-NE;1929;p99.9p99.99;419602.81;;0.0264;0.0264
;US-NE;1929;p99p99.5;97581.0;;0.0341;0.0341
;US-NE;1929;p95p100;69540.898;;0.2431;0.2431
;US-NE;1929;p0p90;10963.8;;0.68989998;0.68989998
;US-NE;1929;p0p99;12705.1;;0.87940001;0.87940001
;US-NE;1929;p99.5p100;247466.91;;0.086499996;0.086499996
;US-NE;1928;p0p100;2218206.0;7755069008.0;1.0;1.0
;US-NE;1928;p99p100;169339.09;;0.1231;0.1231
;US-NE;1928;p99.9p100;550694.5;;0.039999999;0.039999999
;US-NE;1928;p99.99p100;1760939.3;;0.0128;0.0128
;US-NE;1928;p90p100;44139.5;;0.32080001;0.32080001
;US-NE;1928;p90p95;18961.699;;0.068899997;0.068899997
;US-NE;1928;p95p99;44552.199;;0.1295;0.1295
;US-NE;1928;p99.5p99.9;165193.09;;0.048;0.048
;US-NE;1928;p99.9p99.99;416222.91;;0.0272;0.0272
;US-NE;1928;p99p99.5;96384.898;;0.035;0.035
;US-NE;1928;p95p100;69211.5;;0.25150001;0.25150001
;US-NE;1928;p0p90;10371.2;;0.6785;0.6785
;US-NE;1928;p0p99;12186.1;;0.87690002;0.87690002
;US-NE;1928;p99.5p100;242293.3;;0.088100001;0.088100001
;US-NE;1927;p0p100;2039171.1;7278098163.0;1.0;1.0
;US-NE;1927;p99p100;149835.09;;0.1153;0.1153
;US-NE;1927;p99.9p100;438387.19;;0.0337;0.0337
;US-NE;1927;p99.99p100;1116160.5;;0.0086000003;0.0086000003
;US-NE;1927;p90p100;41569.898;;0.31990001;0.31990001
;US-NE;1927;p90p95;18777.801;;0.072300002;0.072300002
;US-NE;1927;p95p99;42932.398;;0.1322;0.1322
;US-NE;1927;p99.5p99.9;153174.7;;0.0471;0.0471
;US-NE;1927;p99.9p99.99;363079.0;;0.0251;0.0251
;US-NE;1927;p99p99.5;89453.0;;0.034400001;0.034400001
;US-NE;1927;p95p100;64037.398;;0.2464;0.2464
;US-NE;1927;p0p90;9822.4004;;0.6803;0.6803
;US-NE;1927;p0p99;11612.5;;0.8847;0.8847
;US-NE;1927;p99.5p100;210217.2;;0.080899999;0.080899999
;US-NE;1926;p0p100;1912213.3;7032912067.0;1.0;1.0
;US-NE;1926;p99p100;144264.91;;0.114;0.114
;US-NE;1926;p99.9p100;422703.09;;0.033399999;0.033399999
;US-NE;1926;p99.99p100;1121285.3;;0.0088999998;0.0088999998
;US-NE;1926;p90p100;41816.199;;0.3303;0.3303
;US-NE;1926;p90p95;19782.4;;0.078100003;0.078100003
;US-NE;1926;p95p99;43787.102;;0.1384;0.1384
;US-NE;1926;p99.5p99.9;146623.09;;0.046300001;0.046300001
;US-NE;1926;p99.9p99.99;345082.91;;0.024499999;0.024499999
;US-NE;1926;p99p99.5;86690.703;;0.034200002;0.034200002
;US-NE;1926;p95p100;63643.699;;0.25139999;0.25139999
;US-NE;1926;p0p90;9417.2998;;0.66949999;0.66949999
;US-NE;1926;p0p99;11329.5;;0.88599998;0.88599998
;US-NE;1926;p99.5p100;201839.09;;0.079700001;0.079700001
;US-NE;1925;p0p100;1920202.3;6875988078.0;1.0;1.0
;US-NE;1925;p99p100;154719.8;;0.124;0.124
;US-NE;1925;p99.9p100;501173.81;;0.040199999;0.040199999
;US-NE;1925;p99.99p100;1711203.8;;0.0137;0.0137
;US-NE;1925;p90p100;43957.301;;0.3524;0.3524
;US-NE;1925;p90p95;21701.4;;0.086999997;0.086999997
;US-NE;1925;p95p99;44463.301;;0.1426;0.1426
;US-NE;1925;p99.5p99.9;150906.59;;0.0484;0.0484
;US-NE;1925;p99.9p99.99;366726.0;;0.0265;0.0265
;US-NE;1925;p99p99.5;88479.5;;0.035500001;0.035500001
;US-NE;1925;p95p100;66283.898;;0.26570001;0.26570001
;US-NE;1925;p0p90;8958.0;;0.64639997;0.64639997
;US-NE;1925;p0p99;11036.2;;0.87599999;0.87599999
;US-NE;1925;p99.5p100;220960.0;;0.088600002;0.088600002
;US-NE;1924;p0p100;1908329.6;6438477833.0;1.0;1.0
;US-NE;1924;p99p100;136836.0;;0.1161;0.1161
;US-NE;1924;p99.9p100;409015.5;;0.034699999;0.034699999
;US-NE;1924;p99.99p100;1093151.8;;0.0093;0.0093
;US-NE;1924;p90p100;46227.5;;0.39210001;0.39210001
;US-NE;1924;p90p95;28797.699;;0.1221;0.1221
;US-NE;1924;p95p99;45701.5;;0.1551;0.1551
;US-NE;1924;p99.5p99.9;138118.3;;0.0469;0.0469
;US-NE;1924;p99.9p99.99;333000.41;;0.0254;0.0254
;US-NE;1924;p99p99.5;81374.297;;0.034499999;0.034499999
;US-NE;1924;p95p100;63928.398;;0.27110001;0.27110001
;US-NE;1924;p0p90;7948.1001;;0.6067;0.6067
;US-NE;1924;p0p99;10526.5;;0.88389999;0.88389999
;US-NE;1924;p99.5p100;192297.8;;0.081600003;0.081600003
;US-NE;1923;p0p100;1900543.0;6300517193.0;1.0;1.0
;US-NE;1923;p99p100;128562.0;;0.1099;0.1099
;US-NE;1923;p99.9p100;397602.0;;0.034000002;0.034000002
;US-NE;1923;p99.99p100;1097633.9;;0.0093999999;0.0093999999
;US-NE;1923;p90p100;46589.398;;0.39829999;0.39829999
;US-NE;1923;p90p95;29759.0;;0.12720001;0.12720001
;US-NE;1923;p95p99;47329.699;;0.1619;0.1619
;US-NE;1923;p99.5p99.9;129052.8;;0.044100001;0.044100001
;US-NE;1923;p99.9p99.99;319822.0;;0.024599999;0.024599999
;US-NE;1923;p99p99.5;74361.602;;0.031800002;0.031800002
;US-NE;1923;p95p100;63576.102;;0.27180001;0.27180001
;US-NE;1923;p0p90;7809.8999;;0.60100001;0.60100001
;US-NE;1923;p0p99;10515.2;;0.8901;0.8901
;US-NE;1923;p99.5p100;182762.5;;0.078100003;0.078100003
;US-NE;1922;p0p100;1767701.9;5589569000.0;1.0;1.0
;US-NE;1922;p99p100;132238.59;;0.126;0.126
;US-NE;1922;p99.9p100;397447.59;;0.037900001;0.037900001
;US-NE;1922;p99.99p100;989834.38;;0.0093999999;0.0093999999
;US-NE;1922;p90p100;45027.301;;0.4289;0.4289
;US-NE;1922;p90p95;28415.4;;0.1353;0.1353
;US-NE;1922;p95p99;44280.602;;0.16869999;0.16869999
;US-NE;1922;p99.5p99.9;132345.7;;0.0504;0.0504
;US-NE;1922;p99.9p99.99;331626.81;;0.0284;0.0284
;US-NE;1922;p99p99.5;79111.102;;0.037700001;0.037700001
;US-NE;1922;p95p100;61872.199;;0.2947;0.2947
;US-NE;1922;p0p90;6648.8999;;0.56999999;0.56999999
;US-NE;1922;p0p99;9268.7002;;0.87400001;0.87400001
;US-NE;1922;p99.5p100;185366.0;;0.088299997;0.088299997
;US-NE;1921;p0p100;1331660.9;4759598861.0;1.0;1.0
;US-NE;1921;p99p100;120422.3;;0.1336;0.1336
;US-NE;1921;p99.9p100;349382.5;;0.038699999;0.038699999
;US-NE;1921;p99.99p100;840941.88;;0.0093;0.0093
;US-NE;1921;p90p100;41832.5;;0.46399999;0.46399999
;US-NE;1921;p90p95;27297.301;;0.1514;0.1514
;US-NE;1921;p95p99;40593.898;;0.18009999;0.18009999
;US-NE;1921;p99.5p99.9;121458.0;;0.0539;0.0539
;US-NE;1921;p99.9p99.99;294764.69;;0.0294;0.0294
;US-NE;1921;p99p99.5;73801.602;;0.040899999;0.040899999
;US-NE;1921;p95p100;56559.602;;0.31369999;0.31369999
;US-NE;1921;p0p90;5359.3999;;0.53500003;0.53500003
;US-NE;1921;p0p99;7891.0;;0.8664;0.8664
;US-NE;1921;p99.5p100;167042.91;;0.092600003;0.092600003
;US-NE;1920;p0p100;1265169.3;5586699380.0;1.0;1.0
;US-NE;1920;p99p100;156586.5;;0.1459;0.1459
;US-NE;1920;p99.9p100;407223.5;;0.037900001;0.037900001
;US-NE;1920;p99.99p100;906351.81;;0.0083999997;0.0083999997
;US-NE;1920;p90p100;51717.801;;0.48179999;0.48179999
;US-NE;1920;p90p95;31832.4;;0.14830001;0.14830001
;US-NE;1920;p95p99;50587.0;;0.1885;0.1885
;US-NE;1920;p99.5p99.9;163782.59;;0.061000001;0.061000001
;US-NE;1920;p99.9p99.99;351764.69;;0.0295;0.0295
;US-NE;1920;p99p99.5;100702.2;;0.0469;0.0469
;US-NE;1920;p95p100;71786.898;;0.3344;0.3344
;US-NE;1920;p0p90;6169.8999;;0.51730001;0.51730001
;US-NE;1920;p0p99;9260.5996;;0.85409999;0.85409999
;US-NE;1920;p99.5p100;212470.8;;0.098999999;0.098999999
;US-NE;1919;p0p100;2288015.5;7416491817.0;1.0;1.0
;US-NE;1919;p99p100;179508.3;;0.1241;0.1241
;US-NE;1919;p99.9p100;513439.0;;0.035500001;0.035500001
;US-NE;1919;p99.99p100;1373953.8;;0.0094999997;0.0094999997
;US-NE;1919;p90p100;60759.398;;0.4199;0.4199
;US-NE;1919;p90p95;38052.102;;0.13150001;0.13150001
;US-NE;1919;p95p99;60190.699;;0.1664;0.1664
;US-NE;1919;p99.5p99.9;178639.3;;0.049400002;0.049400002
;US-NE;1919;p99.9p99.99;418413.41;;0.026000001;0.026000001
;US-NE;1919;p99p99.5;112943.9;;0.039000001;0.039000001
;US-NE;1919;p95p100;84054.203;;0.29049999;0.29049999
;US-NE;1919;p0p90;9294.5;;0.57819998;0.57819998
;US-NE;1919;p0p99;12801.5;;0.87589997;0.87589997
;US-NE;1919;p99.5p100;246072.7;;0.085000001;0.085000001
;US-NE;1918;p0p100;3041548.8;7403430949.0;1.0;1.0
;US-NE;1918;p99p100;173937.09;;0.1193;0.1193
;US-NE;1918;p99.9p100;479336.09;;0.032900002;0.032900002
;US-NE;1918;p99.99p100;1237111.3;;0.0085000005;0.0085000005
;US-NE;1918;p90p100;69632.203;;0.47760001;0.47760001
;US-NE;1918;p90p95;51609.5;;0.177;0.177
;US-NE;1918;p95p99;68582.602;;0.1882;0.1882
;US-NE;1918;p99.5p99.9;171665.0;;0.0471;0.0471
;US-NE;1918;p99.9p99.99;395147.91;;0.0244;0.0244
;US-NE;1918;p99p99.5;114677.8;;0.039299998;0.039299998
;US-NE;1918;p95p100;89653.203;;0.3075;0.3075
;US-NE;1918;p0p90;8351.9004;;0.51560003;0.51560003
;US-NE;1918;p0p99;12970.2;;0.88069999;0.88069999
;US-NE;1918;p99.5p100;233197.5;;0.079999998;0.079999998
;US-NE;1917;p0p100;4468974.5;7914959323.0;1.0;1.0
;US-NE;1917;p99p100;196459.5;;0.1265;0.1265
;US-NE;1917;p99.9p100;641782.5;;0.041299999;0.041299999
;US-NE;1917;p99.99p100;1965693.1;;0.0127;0.0127
;US-NE;1917;p90p100;75211.102;;0.48429999;0.48429999
;US-NE;1917;p90p95;59938.199;;0.193;0.193
