Variable Name;.;.;.;PPP conversion factor, LCU per EUR | individuals | Exchange rates | All Ages | local currency per foreign currency;Market exchange rate, LCU per EUR | individuals | Exchange rates | All Ages | local currency per foreign currency;PPP conversion factor, LCU per USD | individuals | Exchange rates | All Ages | local currency per foreign currency;Market exchange rate, LCU per USD | individuals | Exchange rates | All Ages | local currency per foreign currency;PPP conversion factor, LCU per CNY | individuals | Exchange rates | All Ages | local currency per foreign currency;Market exchange rate, LCU per CNY | individuals | Exchange rates | All Ages | local currency per foreign currency
Variable Category;.;.;.;Other macro;Other macro;Other macro;Other macro;Other macro;Other macro
Variable Description;.;.;.;PPP conversion factor of curent local currency to current PPP EUR.;Official exchange rate of the local currency to EUR.;PPP conversion factor of current local currency to current USD.;Official exchange rate of the local currency to USD.;PPP conversion factor of current local currency to current PPP CNY.;Official exchange rate of the local currency to CNY.
Variable Decomposition;.;.;.;;;;;;
Variable Unit;.;.;.;local currency per foreign currency;local currency per foreign currency;local currency per foreign currency;local currency per foreign currency;local currency per foreign currency;local currency per foreign currency
Methodological Notes;.;.;.;Using the evolution of the price index relative to the reference country, we extrapolate the PPP from the 2011 ICP.;;Using the evolution of the price index relative to the reference country, we extrapolate the PPP from the 2011 ICP.;;Using the evolution of the price index relative to the reference country, we extrapolate the PPP from the 2011 ICP.;
Sources;.;.;.;WID.world computations using:  http://data.worldbank.org/ (World Bank);;WID.world computations using:  http://data.worldbank.org/ (World Bank);;WID.world computations using:  http://data.worldbank.org/ (World Bank);
Variable Code;country;year;perc;xlceup999i;xlceux999i;xlcusp999i;xlcusx999i;xlcyup999i;xlcyux999i
;VN;2018;p0p100;10359.643;27653.49;7813.4238;22559.074;2465.5344;3534.1995
;VN;2017;p0p100;10170.142;;7736.9238;;2373.0291;
;VN;2016;p0p100;9874.1445;24263.438;7574.5103;21935.0;2266.0151;3301.2375
;VN;2015;p0p100;9852.082;24064.053;7573.2266;21697.568;2227.4956;3484.1604
;VN;2014;p0p100;10009.666;28057.766;7671.6665;21148.0;2218.1833;3442.3743
;VN;2013;p0p100;9743.8604;27794.146;7528.4023;20933.416;2149.7021;3378.6689
;VN;2012;p0p100;9415.3174;26761.109;7303.2139;20828.0;2091.6887;3299.5728
;VN;2011;p0p100;8597.2402;28511.297;6709.1919;20509.75;1913.8848;3174.1658
;VN;2010;p0p100;7161.4702;24651.402;5652.5127;18612.916;1705.7272;2749.2136
;VN;2009;p0p100;6432.0679;23706.662;5124.2866;17065.084;1627.1516;2498.0303
;VN;2008;p0p100;6114.0396;23879.969;4880.0039;16302.25;1510.0281;2346.1016
;VN;2007;p0p100;5086.3662;22042.566;4058.4258;16105.125;1327.001;2116.9973
;VN;2006;p0p100;4753.585;20064.521;3803.5034;15994.25;1301.4414;2005.9414
;VN;2005;p0p100;4464.4639;19722.078;3607.2227;15858.917;1239.3977;1935.3556
;VN;2004;p0p100;4172.5083;19551.383;3408.8191;15746.0;1184.8098;1902.4258
;VN;2003;p0p100;3599.4077;17504.498;2966.136;15509.583;1069.4126;1873.8087
;VN;2002;p0p100;3448.8777;14380.007;2842.0386;15279.5;1037.163;1846.0286
;VN;2001;p0p100;3399.4854;13176.766;2782.4434;14725.167;998.20178;1779.0317
;VN;2000;p0p100;3416.1189;13053.012;2797.8311;14167.75;996.66302;1711.39
;VN;1999;p0p100;3350.4553;14854.85;2769.3979;13943.167;1029.0157;1684.3134
;VN;1998;p0p100;3220.1555;;2660.5842;13268.0;984.31793;1602.6171
;VN;1997;p0p100;2989.6782;;2476.2896;11683.333;910.92212;1409.3596
;VN;1996;p0p100;2798.7122;;2368.21;11032.583;909.97034;1326.9607
;VN;1995;p0p100;2641.8098;;2223.9048;11038.25;924.58698;1321.7219
;VN;1994;p0p100;;;1939.3625;10965.667;946.06036;1272.3047
;VN;1993;p0p100;;;1694.6273;10640.958;1024.8407;1846.7607
;VN;1992;p0p100;;;1479.7893;11202.191;1107.4963;2031.3728
;VN;1991;p0p100;;;1144.8265;10121.894;914.73596;1901.3994
;VN;1990;p0p100;;;687.22809;6537.6045;549.74432;1366.7823
;VN;1989;p0p100;;;502.99637;4501.6865;438.36115;1195.6327
;VN;1988;p0p100;;;300.9631;611.64606;298.54901;164.32822
;VN;1987;p0p100;;;76.547112;78.953316;84.736458;21.212034
;VN;1986;p0p100;;;18.850544;22.936728;21.75893;6.6429515
;VN;1985;p0p100;;;3.276181;;3.9103022;
;VN;1984;p0p100;;;1.7695223;;2.0885172;
;VN;1983;p0p100;;;1.1150393;1.001771;1.2504582;0.50705254
;VN;1982;p0p100;;;0.77878988;;0.84556878;
;VN;1981;p0p100;;;0.4132044;;0.4286536;
;VN;1980;p0p100;;;0.34057465;;0.327631;
;VN;1979;p0p100;;;0.32352716;;0.30398735;
;VN;1978;p0p100;;;0.34169063;;0.3110379;
