Variable Name;.;.;.;Fiscal income  | tax unit | Average | Adults | constant 2015 local currency;Fiscal income  | tax unit | Total | Adults | constant 2015 local currency;Fiscal income  | tax unit | Share | Adults | share of total (ratio);Pre-tax national income  | tax unit | Share | Adults | share of total (ratio)
Variable Category;.;.;.;Income inequality;Income inequality;Income inequality;Income inequality
Variable Description;.;.;.;Average Fiscal income within a given percentile group. Fiscal income is defined as the sum of all income items reported on income tax returns, before any deduction. It includes labour income, capital income and mixed income. The concept of fiscal income varies with national tax legislations, so in order to make international comparisons it is preferable to use the concept of national income. The population is comprised of individuals over age 20. The base unit is the tax unit defined by national fiscal administrations to measure personal income taxes.;Total Fiscal income  within a given percentile group. Fiscal income is defined as the sum of all income items reported on income tax returns, before any deduction. It includes labour income, capital income and mixed income. The concept of fiscal income varies with national tax legislations, so in order to make international comparisons it is preferable to use the concept of national income. The population is comprised of individuals over age 20.;Fiscal income share held by a given percentile group. Fiscal income is defined as the sum of all income items reported on income tax returns, before any deduction. It includes labour income, capital income and mixed income. The concept of fiscal income varies with national tax legislations, so in order to make international comparisons it is preferable to use the concept of national income. The population is comprised of individuals over age 20. The base unit is the tax unit defined by national fiscal administrations to measure personal income taxes.;Pre-tax national income share held by a given percentile group. Pre-tax national income  is the sum of all pre-tax personal income flows accruing to the owners of the production factors, labor and capital, before taking into account the operation of the tax/transfer system, but after taking into account the operation of pension system. The central difference between personal factor income and pre-tax income is the treatment of pensions, which are counted on a contribution basis by factor income and on a distribution basis by pre-tax income. The population is comprised of individuals over age 20. The base unit is the tax unit defined by national fiscal administrations to measure personal income taxes.
Variable Decomposition;.;.;.;[Fiscal income ]=[Fiscal labour income ]+[Fiscal capital income ];[Fiscal income ]=[Fiscal labour income ]+[Fiscal capital income ];[Fiscal income ]=[Fiscal labour income ]+[Fiscal capital income ];Pre-tax national income =Pre-tax labor income [total pre-tax income ranking]+Pre-tax capital income [total pre-tax income ranking]
Variable Unit;.;.;.;"USD; United States dollar | local currency | market";"USD; United States dollar | local currency | market";share;share
Methodological Notes;.;.;.;;;;Assuming the same distribution as fiscal income.
Sources;.;.;.;Frank, Sommeiller, Price & Saez (2015);Frank, Sommeiller, Price & Saez (2015);Frank, Sommeiller, Price & Saez (2015);WID.world computations using: Frank, Sommeiller, Price & Saez (2015)
Variable Code;country;year;perc;afiinc992t;mfiinc992t;sfiinc992t;sptinc992t
;US-DC;2015;p0p100;83301.102;36720110804.0;1.0;1.0
;US-DC;2015;p99p100;2056010.4;;0.24680001;0.24680001
;US-DC;2015;p99.9p100;9960043.0;;0.1196;0.1196
;US-DC;2015;p99.99p100;45061220.0;;0.054099999;0.054099999
;US-DC;2015;p90p100;449664.09;;0.53979999;0.53979999
;US-DC;2015;p90p95;197122.91;;0.1183;0.1183
;US-DC;2015;p95p99;364581.5;;0.1751;0.1751
;US-DC;2015;p99.5p99.9;1657606.8;;0.079599999;0.079599999
;US-DC;2015;p99.9p99.99;6082814.5;;0.065700002;0.065700002
;US-DC;2015;p99p99.5;794126.31;;0.047699999;0.047699999
;US-DC;2015;p95p100;702700.69;;0.42179999;0.42179999
;US-DC;2015;p0p90;42533.398;;0.45950001;0.45950001
;US-DC;2015;p0p99;63374.801;;0.75319999;0.75319999
;US-DC;2015;p99.5p100;3318170.3;;0.1992;0.1992
;US-DC;2014;p0p100;77820.602;34222918820.0;1.0;1.0
;US-DC;2014;p99p100;1761203.3;;0.2269;0.2269
;US-DC;2014;p99.9p100;7983145.5;;0.1028;0.1028
;US-DC;2014;p99.99p100;35058652.0;;0.045200001;0.045200001
;US-DC;2014;p90p100;404674.41;;0.5212;0.5212
;US-DC;2014;p90p95;184805.41;;0.119;0.119
;US-DC;2014;p95p99;340564.81;;0.17550001;0.17550001
;US-DC;2014;p99.5p99.9;1483539.8;;0.076399997;0.076399997
;US-DC;2014;p99.9p99.99;5000869.5;;0.057999998;0.057999998
;US-DC;2014;p99p99.5;740176.69;;0.047699999;0.047699999
;US-DC;2014;p95p100;624689.63;;0.4023;0.4023
;US-DC;2014;p0p90;41257.301;;0.47830001;0.47830001
;US-DC;2014;p0p99;60630.398;;0.77310002;0.77310002
;US-DC;2014;p99.5p100;2782190.5;;0.17919999;0.17919999
;US-DC;2013;p0p100;75433.898;31550934128.0;1.0;1.0
;US-DC;2013;p99p100;1610007.4;;0.2209;0.2209
;US-DC;2013;p99.9p100;6887350.0;;0.094499998;0.094499998
;US-DC;2013;p99.99p100;28968048.0;;0.039799999;0.039799999
;US-DC;2013;p90p100;384335.59;;0.52740002;0.52740002
;US-DC;2013;p90p95;180586.0;;0.1239;0.1239
;US-DC;2013;p95p99;332926.59;;0.18269999;0.18269999
;US-DC;2013;p99.5p99.9;1400632.8;;0.076899998;0.076899998
;US-DC;2013;p99.9p99.99;4444303.5;;0.054900002;0.054900002
;US-DC;2013;p99p99.5;722149.81;;0.0495;0.0495
;US-DC;2013;p95p100;588346.69;;0.40369999;0.40369999
;US-DC;2013;p0p90;38239.398;;0.47229999;0.47229999
;US-DC;2013;p0p99;57345.102;;0.7791;0.7791
;US-DC;2013;p99.5p100;2498200.5;;0.1714;0.1714
;US-DC;2012;p0p100;81719.203;31853833367.0;1.0;1.0
;US-DC;2012;p99p100;2144939.5;;0.27970001;0.27970001
;US-DC;2012;p99.9p100;11176460.0;;0.14579999;0.14579999
;US-DC;2012;p99.99p100;55895480.0;;0.072899997;0.072899997
;US-DC;2012;p90p100;434036.81;;0.56599998;0.56599998
;US-DC;2012;p90p95;172583.0;;0.1125;0.1125
;US-DC;2012;p95p99;334013.5;;0.1742;0.1742
;US-DC;2012;p99.5p99.9;1611766.4;;0.084100001;0.084100001
;US-DC;2012;p99.9p99.99;6203106.0;;0.072800003;0.072800003
;US-DC;2012;p99p99.5;765013.13;;0.049899999;0.049899999
;US-DC;2012;p95p100;696276.5;;0.454;0.454
;US-DC;2012;p0p90;36940.602;;0.43360001;0.43360001
;US-DC;2012;p0p99;55789.199;;0.72030002;0.72030002
;US-DC;2012;p99.5p100;3524774.3;;0.2298;0.2298
;US-DC;2011;p0p100;83513.5;30152507563.0;1.0;1.0
;US-DC;2011;p99p100;1638154.4;;0.21780001;0.21780001
;US-DC;2011;p99.9p100;7150747.5;;0.095100001;0.095100001
;US-DC;2011;p99.99p100;30265280.0;;0.040199999;0.040199999
;US-DC;2011;p90p100;381427.91;;0.50709999;0.50709999
;US-DC;2011;p90p95;175493.5;;0.1167;0.1167
;US-DC;2011;p95p99;325432.81;;0.17309999;0.17309999
;US-DC;2011;p99.5p99.9;1407100.6;;0.0748;0.0748
;US-DC;2011;p99.9p99.99;4597868.5;;0.055;0.055
;US-DC;2011;p99p99.5;719928.31;;0.047899999;0.047899999
;US-DC;2011;p95p100;587995.5;;0.39089999;0.39089999
;US-DC;2011;p0p90;41149.199;;0.49239999;0.49239999
;US-DC;2011;p0p99;59431.699;;0.78219998;0.78219998
;US-DC;2011;p99.5p100;2556710.0;;0.17;0.17
;US-DC;2010;p0p100;87461.297;29072470366.0;1.0;1.0
;US-DC;2010;p99p100;1646128.6;;0.22239999;0.22239999
;US-DC;2010;p99.9p100;7258674.0;;0.098099999;0.098099999
;US-DC;2010;p99.99p100;31734142.0;;0.0429;0.0429
;US-DC;2010;p90p100;379079.0;;0.51209998;0.51209998
;US-DC;2010;p90p95;171958.41;;0.1161;0.1161
;US-DC;2010;p95p99;322386.91;;0.1742;0.1742
;US-DC;2010;p99.5p99.9;1405474.8;;0.075900003;0.075900003
;US-DC;2010;p99.9p99.99;4535742.0;;0.055100001;0.055100001
;US-DC;2010;p99p99.5;714850.81;;0.048300002;0.048300002
;US-DC;2010;p95p100;587147.0;;0.39660001;0.39660001
;US-DC;2010;p0p90;40091.5;;0.4874;0.4874
;US-DC;2010;p0p99;58147.699;;0.77759999;0.77759999
;US-DC;2010;p99.5p100;2578150.3;;0.1741;0.1741
;US-DC;2009;p0p100;87558.0;27467501311.0;1.0;1.0
;US-DC;2009;p99p100;1667241.6;;0.2324;0.2324
;US-DC;2009;p99.9p100;8268107.5;;0.1153;0.1153
;US-DC;2009;p99.99p100;42044684.0;;0.058600001;0.058600001
;US-DC;2009;p90p100;379815.69;;0.52950001;0.52950001
;US-DC;2009;p90p95;167674.41;;0.1169;0.1169
;US-DC;2009;p95p99;325732.81;;0.1816;0.1816
;US-DC;2009;p99.5p99.9;1292126.8;;0.071999997;0.071999997
;US-DC;2009;p99.9p99.99;4604907.0;;0.057799999;0.057799999
;US-DC;2009;p99p99.5;674255.0;;0.046999998;0.046999998
;US-DC;2009;p95p100;593666.0;;0.4138;0.4138
;US-DC;2009;p0p90;37150.0;;0.46610001;0.46610001
;US-DC;2009;p0p99;55620.5;;0.7676;0.7676
;US-DC;2009;p99.5p100;2667875.3;;0.1859;0.1859
;US-DC;2008;p0p100;93593.398;29380349603.0;1.0;1.0
;US-DC;2008;p99p100;1756988.1;;0.22750001;0.22750001
;US-DC;2008;p99.9p100;8620249.0;;0.1116;0.1116
;US-DC;2008;p99.99p100;41230484.0;;0.053399999;0.053399999
;US-DC;2008;p90p100;395148.09;;0.51169997;0.51169997
;US-DC;2008;p90p95;173646.5;;0.1124;0.1124
;US-DC;2008;p95p99;332697.31;;0.1723;0.1723
;US-DC;2008;p99.5p99.9;1365119.5;;0.070699997;0.070699997
;US-DC;2008;p99.9p99.99;4985632.5;;0.0581;0.0581
;US-DC;2008;p99p99.5;692717.31;;0.044799998;0.044799998
;US-DC;2008;p95p100;617803.0;;0.40000001;0.40000001
;US-DC;2008;p0p90;41895.199;;0.48820001;0.48820001
;US-DC;2008;p0p99;60262.801;;0.77249998;0.77249998
;US-DC;2008;p99.5p100;2819524.3;;0.1825;0.1825
;US-DC;2007;p0p100;112732.8;31319946520.0;1.0;1.0
;US-DC;2007;p99p100;2328910.5;;0.27000001;0.27000001
;US-DC;2007;p99.9p100;12478978.0;;0.1446;0.1446
;US-DC;2007;p99.99p100;62955656.0;;0.072999999;0.072999999
;US-DC;2007;p90p100;465827.59;;0.54000002;0.54000002
;US-DC;2007;p90p95;180659.7;;0.1047;0.1047
;US-DC;2007;p95p99;359723.5;;0.16680001;0.16680001
;US-DC;2007;p99.5p99.9;1713031.8;;0.079400003;0.079400003
;US-DC;2007;p99.9p99.99;6891025.5;;0.071900003;0.071900003
;US-DC;2007;p99p99.5;805694.31;;0.046700001;0.046700001
;US-DC;2007;p95p100;752719.31;;0.43630001;0.43630001
;US-DC;2007;p0p90;43856.898;;0.45750001;0.45750001
;US-DC;2007;p0p99;63618.301;;0.73000002;0.73000002
;US-DC;2007;p99.5p100;3857283.8;;0.2236;0.2236
;US-DC;2006;p0p100;120588.3;29507657316.0;1.0;1.0
;US-DC;2006;p99p100;2222760.0;;0.25470001;0.25470001
;US-DC;2006;p99.9p100;11621882.0;;0.1332;0.1332
;US-DC;2006;p99.99p100;56390868.0;;0.064599998;0.064599998
;US-DC;2006;p90p100;450530.0;;0.51630002;0.51630002
;US-DC;2006;p90p95;176162.91;;0.1009;0.1009
;US-DC;2006;p95p99;353521.0;;0.1621;0.1621
;US-DC;2006;p99.5p99.9;1676404.4;;0.076800004;0.076800004
;US-DC;2006;p99.9p99.99;6655286.5;;0.068599999;0.068599999
;US-DC;2006;p99p99.5;791991.38;;0.045400001;0.045400001
;US-DC;2006;p95p100;726725.5;;0.41639999;0.41639999
;US-DC;2006;p0p90;46686.898;;0.4815;0.4815
;US-DC;2006;p0p99;65690.898;;0.74529999;0.74529999
;US-DC;2006;p99.5p100;3658056.8;;0.2096;0.2096
;US-DC;2005;p0p100;121247.1;28254239216.0;1.0;1.0
;US-DC;2005;p99p100;2060521.1;;0.25049999;0.25049999
;US-DC;2005;p99.9p100;10750543.0;;0.13070001;0.13070001
;US-DC;2005;p99.99p100;52248276.0;;0.063500002;0.063500002
;US-DC;2005;p90p100;419636.0;;0.51020002;0.51020002
;US-DC;2005;p90p95;162453.2;;0.098700002;0.098700002
;US-DC;2005;p95p99;334719.69;;0.1628;0.1628
;US-DC;2005;p99.5p99.9;1551467.8;;0.075400002;0.075400002
;US-DC;2005;p99.9p99.99;6148250.0;;0.067299999;0.067299999
;US-DC;2005;p99p99.5;743688.5;;0.045200001;0.045200001
;US-DC;2005;p95p100;679375.5;;0.41299999;0.41299999
;US-DC;2005;p0p90;44513.398;;0.48699999;0.48699999
;US-DC;2005;p0p99;62273.602;;0.74949998;0.74949998
;US-DC;2005;p99.5p100;3382297.8;;0.20559999;0.20559999
;US-DC;2004;p0p100;126255.9;26752944558.0;1.0;1.0
;US-DC;2004;p99p100;1823349.0;;0.2274;0.2274
;US-DC;2004;p99.9p100;9172977.0;;0.1144;0.1144
;US-DC;2004;p99.99p100;44180688.0;;0.055100001;0.055100001
;US-DC;2004;p90p100;388803.41;;0.4849;0.4849
;US-DC;2004;p90p95;157252.0;;0.098099999;0.098099999
;US-DC;2004;p95p99;324039.0;;0.16159999;0.16159999
;US-DC;2004;p99.5p99.9;1405220.5;;0.070100002;0.070100002
;US-DC;2004;p99.9p99.99;5303813.5;;0.059500001;0.059500001
;US-DC;2004;p99p99.5;701972.88;;0.0438;0.0438
;US-DC;2004;p95p100;623632.31;;0.38890001;0.38890001
;US-DC;2004;p0p90;45601.0;;0.51179999;0.51179999
;US-DC;2004;p0p99;62579.602;;0.7726;0.7726
;US-DC;2004;p99.5p100;2949132.8;;0.1839;0.1839
;US-DC;2003;p0p100;109273.5;23968013859.0;1.0;1.0
;US-DC;2003;p99p100;1482726.6;;0.2253;0.2253
;US-DC;2003;p99.9p100;7166143.0;;0.1089;0.1089
;US-DC;2003;p99.99p100;34252968.0;;0.052099999;0.052099999
;US-DC;2003;p90p100;331944.31;;0.50449997;0.50449997
;US-DC;2003;p90p95;147381.8;;0.112;0.112
;US-DC;2003;p95p99;277149.59;;0.16850001;0.16850001
;US-DC;2003;p99.5p99.9;1178317.8;;0.071599998;0.071599998
;US-DC;2003;p99.9p99.99;4192626.5;;0.057300001;0.057300001
;US-DC;2003;p99p99.5;604934.19;;0.046;0.046
;US-DC;2003;p95p100;517597.81;;0.3933;0.3933
;US-DC;2003;p0p90;36005.699;;0.49250001;0.49250001
;US-DC;2003;p0p99;51484.398;;0.77469999;0.77469999
;US-DC;2003;p99.5p100;2365028.5;;0.1797;0.1797
;US-DC;2002;p0p100;120585.9;24293937937.0;1.0;1.0
;US-DC;2002;p99p100;1365113.8;;0.1965;0.1965
;US-DC;2002;p99.9p100;6195847.5;;0.089199997;0.089199997
;US-DC;2002;p99.99p100;27651248.0;;0.039799999;0.039799999
;US-DC;2002;p90p100;321937.0;;0.46340001;0.46340001
;US-DC;2002;p90p95;149500.2;;0.1076;0.1076
;US-DC;2002;p95p99;277934.19;;0.16;0.16
;US-DC;2002;p99.5p99.9;1128509.9;;0.064999998;0.064999998
;US-DC;2002;p99.9p99.99;3824515.8;;0.0495;0.0495
;US-DC;2002;p99p99.5;594644.88;;0.042800002;0.042800002
;US-DC;2002;p95p100;495057.0;;0.3563;0.3563
;US-DC;2002;p0p90;41315.699;;0.5352;0.5352
;US-DC;2002;p0p99;56383.602;;0.8035;0.8035
;US-DC;2002;p99.5p100;2137426.0;;0.1538;0.1538
;US-DC;2001;p0p100;132195.91;25284607404.0;1.0;1.0
;US-DC;2001;p99p100;1617239.6;;0.2193;0.2193
;US-DC;2001;p99.9p100;7569702.5;;0.1026;0.1026
;US-DC;2001;p99.99p100;34403292.0;;0.046599999;0.046599999
;US-DC;2001;p90p100;354029.09;;0.47999999;0.47999999
;US-DC;2001;p90p95;152887.7;;0.1036;0.1036
;US-DC;2001;p95p99;291148.09;;0.15790001;0.15790001
;US-DC;2001;p99.5p99.9;1307875.5;;0.070900001;0.070900001
;US-DC;2001;p99.9p99.99;4583928.0;;0.0559;0.0559
;US-DC;2001;p99p99.5;674652.81;;0.045699999;0.045699999
;US-DC;2001;p95p100;556042.5;;0.37689999;0.37689999
;US-DC;2001;p0p90;42551.602;;0.51920003;0.51920003
;US-DC;2001;p0p99;58166.699;;0.78070003;0.78070003
;US-DC;2001;p99.5p100;2559606.3;;0.1735;0.1735
;US-DC;2000;p0p100;145405.5;26157860532.0;1.0;1.0
;US-DC;2000;p99p100;2001814.3;;0.2608;0.2608
;US-DC;2000;p99.9p100;10303818.0;;0.13420001;0.13420001
;US-DC;2000;p99.99p100;49128556.0;;0.064000003;0.064000003
;US-DC;2000;p90p100;398695.5;;0.5194;0.5194
;US-DC;2000;p90p95;154268.0;;0.1005;0.1005
;US-DC;2000;p95p99;306252.91;;0.1596;0.1596
;US-DC;2000;p99.5p99.9;1515851.3;;0.079000004;0.079000004
;US-DC;2000;p99.9p99.99;5982178.5;;0.070100002;0.070100002
;US-DC;2000;p99p99.5;732724.19;;0.047699999;0.047699999
;US-DC;2000;p95p100;644537.5;;0.4199;0.4199
;US-DC;2000;p0p90;40855.5;;0.479;0.479
;US-DC;2000;p0p99;57312.199;;0.7392;0.7392
;US-DC;2000;p99.5p100;3271683.5;;0.2131;0.2131
;US-DC;1999;p0p100;153172.8;24311169403.0;1.0;1.0
;US-DC;1999;p99p100;1240689.3;;0.1639;0.1639
;US-DC;1999;p99.9p100;5394181.0;;0.0713;0.0713
;US-DC;1999;p99.99p100;21389800.0;;0.0283;0.0283
;US-DC;1999;p90p100;311037.69;;0.4109;0.4109
;US-DC;1999;p90p95;164887.7;;0.1089;0.1089
;US-DC;1999;p95p99;260693.59;;0.13779999;0.13779999
;US-DC;1999;p99.5p99.9;1056318.3;;0.055799998;0.055799998
;US-DC;1999;p99.9p99.99;3651304.0;;0.043400001;0.043400001
;US-DC;1999;p99p99.5;555194.13;;0.036699999;0.036699999
;US-DC;1999;p95p100;456809.69;;0.3017;0.3017
;US-DC;1999;p0p90;49556.102;;0.58920002;0.58920002
;US-DC;1999;p0p99;63931.5;;0.83609998;0.83609998
;US-DC;1999;p99.5p100;1926075.9;;0.12720001;0.12720001
;US-DC;1998;p0p100;151537.5;23010763894.0;1.0;1.0
;US-DC;1998;p99p100;1635218.9;;0.22759999;0.22759999
;US-DC;1998;p99.9p100;7788035.5;;0.1084;0.1084
;US-DC;1998;p99.99p100;34918104.0;;0.048599999;0.048599999
;US-DC;1998;p90p100;345774.09;;0.48120001;0.48120001
;US-DC;1998;p90p95;143655.2;;0.1;0.1
;US-DC;1998;p95p99;277435.41;;0.15440001;0.15440001
;US-DC;1998;p99.5p99.9;1314805.8;;0.073200002;0.073200002
;US-DC;1998;p99.9p99.99;4761652.5;;0.059599999;0.059599999
;US-DC;1998;p99p99.5;661276.63;;0.046;0.046
;US-DC;1998;p95p100;548633.13;;0.38170001;0.38170001
;US-DC;1998;p0p90;41376.199;;0.51819998;0.51819998
;US-DC;1998;p0p99;56070.199;;0.77240002;0.77240002
;US-DC;1998;p99.5p100;2609176.3;;0.1815;0.1815
;US-DC;1997;p0p100;142616.8;21761374911.0;1.0;1.0
;US-DC;1997;p99p100;1052224.9;;0.16;0.16
;US-DC;1997;p99.9p100;4723186.0;;0.071800001;0.071800001
;US-DC;1997;p99.99p100;20156296.0;;0.0306;0.0306
;US-DC;1997;p90p100;272220.41;;0.4138;0.4138
;US-DC;1997;p90p95;147858.0;;0.1124;0.1124
;US-DC;1997;p95p99;232462.2;;0.14139999;0.14139999
;US-DC;1997;p99.5p99.9;883627.81;;0.0537;0.0537
;US-DC;1997;p99.9p99.99;3009842.0;;0.041200001;0.041200001
;US-DC;1997;p99p99.5;452685.41;;0.034400001;0.034400001
;US-DC;1997;p95p100;396459.0;;0.30129999;0.30129999
;US-DC;1997;p0p90;42853.5;;0.58630002;0.58630002
;US-DC;1997;p0p99;55817.898;;0.83999997;0.83999997
;US-DC;1997;p99.5p100;1651748.0;;0.12549999;0.12549999
;US-DC;1996;p0p100;140253.8;20382247148.0;1.0;1.0
;US-DC;1996;p99p100;1136622.1;;0.18340001;0.18340001
;US-DC;1996;p99.9p100;4910466.0;;0.0792;0.0792
;US-DC;1996;p99.99p100;20652276.0;;0.033300001;0.033300001
;US-DC;1996;p90p100;275449.81;;0.44440001;0.44440001
;US-DC;1996;p90p95;130066.4;;0.1049;0.1049
;US-DC;1996;p95p99;242169.09;;0.15629999;0.15629999
;US-DC;1996;p99.5p99.9;967191.19;;0.062399998;0.062399998
;US-DC;1996;p99.9p99.99;3161212.5;;0.045899998;0.045899998
;US-DC;1996;p99p99.5;517147.5;;0.041700002;0.041700002
;US-DC;1996;p95p100;421031.81;;0.3396;0.3396
;US-DC;1996;p0p90;38255.0;;0.55549997;0.55549997
;US-DC;1996;p0p99;51129.5;;0.81660002;0.81660002
;US-DC;1996;p99.5p100;1756042.9;;0.1417;0.1417
;US-DC;1995;p0p100;140457.2;19783688004.0;1.0;1.0
;US-DC;1995;p99p100;935399.63;;0.15880001;0.15880001
;US-DC;1995;p99.9p100;3635815.3;;0.061700001;0.061700001
;US-DC;1995;p99.99p100;13767695.0;;0.023399999;0.023399999
;US-DC;1995;p90p100;247327.0;;0.4199;0.4199
;US-DC;1995;p90p95;125214.8;;0.1063;0.1063
;US-DC;1995;p95p99;228085.7;;0.1549;0.1549
;US-DC;1995;p99.5p99.9;840805.5;;0.057100002;0.057100002
;US-DC;1995;p99.9p99.99;2510293.0;;0.038400002;0.038400002
;US-DC;1995;p99p99.5;469693.69;;0.039900001;0.039900001
;US-DC;1995;p95p100;369550.81;;0.31369999;0.31369999
;US-DC;1995;p0p90;37961.199;;0.5801;0.5801
;US-DC;1995;p0p99;50043.398;;0.84119999;0.84119999
;US-DC;1995;p99.5p100;1400901.6;;0.1189;0.1189
;US-DC;1994;p0p100;142499.59;19729025118.0;1.0;1.0
;US-DC;1994;p99p100;971546.31;;0.1705;0.1705
;US-DC;1994;p99.9p100;4154208.5;;0.072899997;0.072899997
;US-DC;1994;p99.99p100;17830044.0;;0.031300001;0.031300001
;US-DC;1994;p90p100;244088.41;;0.42840001;0.42840001
;US-DC;1994;p90p95;121129.9;;0.1063;0.1063
;US-DC;1994;p95p99;216036.7;;0.1517;0.1517
;US-DC;1994;p99.5p99.9;832156.63;;0.058400001;0.058400001
;US-DC;1994;p99.9p99.99;2641793.8;;0.041700002;0.041700002
;US-DC;1994;p99p99.5;449033.31;;0.0394;0.0394
;US-DC;1994;p95p100;367178.31;;0.3222;0.3222
;US-DC;1994;p0p90;36160.0;;0.57120001;0.57120001
;US-DC;1994;p0p99;47738.301;;0.82950002;0.82950002
;US-DC;1994;p99.5p100;1494385.4;;0.1311;0.1311
;US-DC;1993;p0p100;147931.7;19771140612.0;1.0;1.0
;US-DC;1993;p99p100;874848.31;;0.1543;0.1543
;US-DC;1993;p99.9p100;3413200.3;;0.060199998;0.060199998
;US-DC;1993;p99.99p100;13381677.0;;0.023600001;0.023600001
;US-DC;1993;p90p100;233109.09;;0.4111;0.4111
;US-DC;1993;p90p95;119442.0;;0.1053;0.1053
;US-DC;1993;p95p99;214900.2;;0.1516;0.1516
;US-DC;1993;p99.5p99.9;785772.19;;0.055399999;0.055399999
;US-DC;1993;p99.9p99.99;2302916.0;;0.036600001;0.036600001
;US-DC;1993;p99p99.5;437414.09;;0.038600001;0.038600001
;US-DC;1993;p95p100;346906.31;;0.30590001;0.30590001
;US-DC;1993;p0p90;37103.0;;0.58890003;0.58890003
;US-DC;1993;p0p99;48437.699;;0.84570003;0.84570003
;US-DC;1993;p99.5p100;1312051.3;;0.1157;0.1157
;US-DC;1992;p0p100;153097.8;19870766367.0;1.0;1.0
;US-DC;1992;p99p100;900916.0;;0.1612;0.1612
;US-DC;1992;p99.9p100;3587162.5;;0.064199999;0.064199999
;US-DC;1992;p99.99p100;14187324.0;;0.0254;0.0254
;US-DC;1992;p90p100;235324.2;;0.42109999;0.42109999
;US-DC;1992;p90p95;121127.8;;0.1084;0.1084
;US-DC;1992;p95p99;211519.41;;0.1514;0.1514
;US-DC;1992;p99.5p99.9;805505.38;;0.057700001;0.057700001
;US-DC;1992;p99.9p99.99;2408791.3;;0.038800001;0.038800001
;US-DC;1992;p99p99.5;439499.5;;0.039299998;0.039299998
;US-DC;1992;p95p100;349393.81;;0.31259999;0.31259999
;US-DC;1992;p0p90;35956.5;;0.57910001;0.57910001
;US-DC;1992;p0p99;47348.5;;0.83880001;0.83880001
;US-DC;1992;p99.5p100;1362245.0;;0.1219;0.1219
;US-DC;1991;p0p100;156361.5;19673422552.0;1.0;1.0
;US-DC;1991;p99p100;830562.63;;0.153;0.153
;US-DC;1991;p99.9p100;3172472.8;;0.058400001;0.058400001
;US-DC;1991;p99.99p100;12073442.0;;0.0222;0.0222
;US-DC;1991;p90p100;227232.09;;0.41859999;0.41859999
;US-DC;1991;p90p95;121865.0;;0.1122;0.1122
;US-DC;1991;p95p99;207719.0;;0.1531;0.1531
;US-DC;1991;p99.5p99.9;756953.69;;0.055799998;0.055799998
;US-DC;1991;p99.9p99.99;2183441.0;;0.036200002;0.036200002
;US-DC;1991;p99p99.5;421041.0;;0.038800001;0.038800001
;US-DC;1991;p95p100;332305.19;;0.30610001;0.30610001
;US-DC;1991;p0p90;35089.301;;0.58170003;0.58170003
;US-DC;1991;p0p99;46446.602;;0.847;0.847
;US-DC;1991;p99.5p100;1240085.4;;0.1142;0.1142
;US-DC;1990;p0p100;165890.5;19847449230.0;1.0;1.0
;US-DC;1990;p99p100;902572.13;;0.1681;0.1681
;US-DC;1990;p99.9p100;3607806.0;;0.067199998;0.067199998
;US-DC;1990;p99.99p100;14214545.0;;0.0265;0.0265
;US-DC;1990;p90p100;233572.0;;0.43509999;0.43509999
;US-DC;1990;p90p95;120248.1;;0.112;0.112
;US-DC;1990;p95p99;207970.91;;0.155;0.155
;US-DC;1990;p99.5p99.9;812727.88;;0.060600001;0.060600001
;US-DC;1990;p99.9p99.99;2429787.5;;0.0407;0.0407
;US-DC;1990;p99p99.5;433316.81;;0.040399998;0.040399998
;US-DC;1990;p95p100;346871.91;;0.3231;0.3231
;US-DC;1990;p0p90;33689.5;;0.56489998;0.56489998
;US-DC;1990;p0p99;45102.898;;0.8319;0.8319
;US-DC;1990;p99.5p100;1371756.6;;0.1278;0.1278
;US-DC;1989;p0p100;190028.2;20031627696.0;1.0;1.0
;US-DC;1989;p99p100;1119504.9;;0.2007;0.2007
;US-DC;1989;p99.9p100;5810731.0;;0.1042;0.1042
;US-DC;1989;p99.99p100;29797388.0;;0.053399999;0.053399999
;US-DC;1989;p90p100;247162.0;;0.44299999;0.44299999
;US-DC;1989;p90p95;118980.1;;0.1066;0.1066
;US-DC;1989;p95p99;201329.2;;0.1444;0.1444
;US-DC;1989;p99.5p99.9;911507.88;;0.065399997;0.065399997
;US-DC;1989;p99.9p99.99;3390556.3;;0.054699998;0.054699998
;US-DC;1989;p99p99.5;440445.0;;0.039500002;0.039500002
;US-DC;1989;p95p100;376814.0;;0.33770001;0.33770001
;US-DC;1989;p0p90;33229.5;;0.53609997;0.53609997
;US-DC;1989;p0p99;45043.602;;0.79930001;0.79930001
;US-DC;1989;p99.5p100;1832780.1;;0.16429999;0.16429999
;US-DC;1988;p0p100;206511.41;19884303299.0;1.0;1.0
;US-DC;1988;p99p100;1163143.5;;0.2088;0.2088
;US-DC;1988;p99.9p100;6239500.5;;0.112;0.112
;US-DC;1988;p99.99p100;32112454.0;;0.057599999;0.057599999
;US-DC;1988;p90p100;249521.0;;0.44780001;0.44780001
;US-DC;1988;p90p95;118479.6;;0.1063;0.1063
;US-DC;1988;p95p99;197833.7;;0.142;0.142
;US-DC;1988;p99.5p99.9;927716.31;;0.066600002;0.066600002
;US-DC;1988;p99.9p99.99;3605330.0;;0.058200002;0.058200002
;US-DC;1988;p99p99.5;434499.0;;0.039000001;0.039000001
;US-DC;1988;p95p100;382180.19;;0.34299999;0.34299999
;US-DC;1988;p0p90;32821.699;;0.5302;0.5302
;US-DC;1988;p0p99;44530.102;;0.79119998;0.79119998
;US-DC;1988;p99.5p100;1928640.3;;0.17309999;0.17309999
;US-DC;1987;p0p100;201950.09;18276495964.0;1.0;1.0
;US-DC;1987;p99p100;918588.19;;0.1812;0.1812
;US-DC;1987;p99.9p100;4388965.5;;0.086599998;0.086599998
;US-DC;1987;p99.99p100;21106874.0;;0.0416;0.0416
;US-DC;1987;p90p100;224676.59;;0.44319999;0.44319999
;US-DC;1987;p90p95;117948.1;;0.1163;0.1163
;US-DC;1987;p95p99;192668.0;;0.152;0.152
;US-DC;1987;p99.5p99.9;780033.63;;0.061500002;0.061500002
;US-DC;1987;p99.9p99.99;2699713.5;;0.047899999;0.047899999
;US-DC;1987;p99p99.5;399852.59;;0.0394;0.0394
;US-DC;1987;p95p100;332256.41;;0.32769999;0.32769999
;US-DC;1987;p0p90;30480.6;;0.54110003;0.54110003
;US-DC;1987;p0p99;41929.898;;0.81879997;0.81879997
;US-DC;1987;p99.5p100;1460790.9;;0.1441;0.1441
;US-DC;1986;p0p100;227597.91;18859067238.0;1.0;1.0
;US-DC;1986;p99p100;1289996.1;;0.2413;0.2413
;US-DC;1986;p99.9p100;7331156.5;;0.1371;0.1371
;US-DC;1986;p99.99p100;40713020.0;;0.076200001;0.076200001
;US-DC;1986;p90p100;265851.19;;0.4973;0.4973
;US-DC;1986;p90p95;121487.4;;0.1136;0.1136
;US-DC;1986;p95p99;204294.8;;0.1529;0.1529
;US-DC;1986;p99.5p99.9;976140.31;;0.072999999;0.072999999
;US-DC;1986;p99.9p99.99;4004422.3;;0.067400001;0.067400001
;US-DC;1986;p99p99.5;445785.59;;0.041700002;0.041700002
;US-DC;1986;p95p100;412199.91;;0.38550001;0.38550001
;US-DC;1986;p0p90;28229.301;;0.4752;0.4752
;US-DC;1986;p0p99;40971.0;;0.75870001;0.75870001
;US-DC;1986;p99.5p100;2176830.8;;0.2036;0.2036
;US-DC;1985;p0p100;222261.09;17454026925.0;1.0;1.0
;US-DC;1985;p99p100;908307.19;;0.1803;0.1803
;US-DC;1985;p99.9p100;4553363.5;;0.090400003;0.090400003
;US-DC;1985;p99.99p100;23443186.0;;0.046500001;0.046500001
;US-DC;1985;p90p100;223532.2;;0.4438;0.4438
;US-DC;1985;p90p95;118950.0;;0.1181;0.1181
;US-DC;1985;p95p99;191030.8;;0.1517;0.1517
;US-DC;1985;p99.5p99.9;743395.69;;0.059;0.059
;US-DC;1985;p99.9p99.99;2763063.0;;0.049400002;0.049400002
;US-DC;1985;p99p99.5;384300.59;;0.0381;0.0381
;US-DC;1985;p95p100;329119.41;;0.3267;0.3267
;US-DC;1985;p0p90;30058.301;;0.53710002;0.53710002
;US-DC;1985;p0p99;41701.301;;0.8197;0.8197
;US-DC;1985;p99.5p100;1457568.4;;0.14470001;0.14470001
;US-DC;1984;p0p100;222293.5;16775188538.0;1.0;1.0
;US-DC;1984;p99p100;787676.81;;0.1673;0.1673
;US-DC;1984;p99.9p100;3781769.0;;0.080300003;0.080300003
;US-DC;1984;p99.99p100;19269648.0;;0.040899999;0.040899999
;US-DC;1984;p90p100;207127.2;;0.43990001;0.43990001
;US-DC;1984;p90p95;115732.1;;0.1229;0.1229
;US-DC;1984;p95p99;180679.5;;0.15350001;0.15350001
;US-DC;1984;p99.5p99.9;646180.5;;0.054900002;0.054900002
;US-DC;1984;p99.9p99.99;2271833.0;;0.043400001;0.043400001
;US-DC;1984;p99p99.5;349409.0;;0.037099998;0.037099998
;US-DC;1984;p95p100;298740.09;;0.31720001;0.31720001
;US-DC;1984;p0p90;28632.199;;0.54729998;0.54729998
;US-DC;1984;p0p99;39605.398;;0.83270001;0.83270001
;US-DC;1984;p99.5p100;1241792.8;;0.1319;0.1319
;US-DC;1983;p0p100;243040.91;16163602414.0;1.0;1.0
;US-DC;1983;p99p100;678397.63;;0.1489;0.1489
;US-DC;1983;p99.9p100;2965342.8;;0.065099999;0.065099999
;US-DC;1983;p99.99p100;13885296.0;;0.0305;0.0305
;US-DC;1983;p90p100;195410.8;;0.42879999;0.42879999
;US-DC;1983;p90p95;116232.4;;0.1275;0.1275
;US-DC;1983;p95p99;174451.59;;0.1531;0.1531
;US-DC;1983;p99.5p99.9;575324.63;;0.050500002;0.050500002
;US-DC;1983;p99.9p99.99;1822591.6;;0.035999998;0.035999998
;US-DC;1983;p99p99.5;324505.09;;0.035599999;0.035599999
;US-DC;1983;p95p100;273974.19;;0.30059999;0.30059999
;US-DC;1983;p0p90;28693.4;;0.56669998;0.56669998
;US-DC;1983;p0p99;39174.199;;0.85110003;0.85110003
;US-DC;1983;p99.5p100;1039388.1;;0.1141;0.1141
;US-DC;1982;p0p100;253872.09;16192783340.0;1.0;1.0
;US-DC;1982;p99p100;650781.38;;0.1426;0.1426
;US-DC;1982;p99.9p100;2517195.3;;0.055100001;0.055100001
;US-DC;1982;p99.99p100;10451476.0;;0.0229;0.0229
;US-DC;1982;p90p100;197587.5;;0.43279999;0.43279999
;US-DC;1982;p90p95;123606.0;;0.1354;0.1354
;US-DC;1982;p95p99;177577.5;;0.1556;0.1556
;US-DC;1982;p99.5p99.9;571052.13;;0.050000001;0.050000001
;US-DC;1982;p99.9p99.99;1635608.6;;0.032200001;0.032200001
;US-DC;1982;p99p99.5;341282.0;;0.0374;0.0374
;US-DC;1982;p95p100;270821.09;;0.29660001;0.29660001
;US-DC;1982;p0p90;28730.6;;0.56639999;0.56639999
;US-DC;1982;p0p99;39536.301;;0.8574;0.8574
;US-DC;1982;p99.5p100;960280.69;;0.1052;0.1052
;US-DC;1981;p0p100;293485.59;16292527892.0;1.0;1.0
;US-DC;1981;p99p100;601904.38;;0.12819999;0.12819999
;US-DC;1981;p99.9p100;2171952.0;;0.046300001;0.046300001
;US-DC;1981;p99.99p100;7489464.0;;0.016000001;0.016000001
;US-DC;1981;p90p100;192982.5;;0.41119999;0.41119999
;US-DC;1981;p90p95;124945.4;;0.1331;0.1331
;US-DC;1981;p95p99;175798.8;;0.1498;0.1498
;US-DC;1981;p99.5p99.9;564473.31;;0.048099998;0.048099998
;US-DC;1981;p99.9p99.99;1579807.3;;0.030300001;0.030300001
;US-DC;1981;p99p99.5;317977.0;;0.0339;0.0339
;US-DC;1981;p95p100;260850.8;;0.27790001;0.27790001
;US-DC;1981;p0p90;30709.199;;0.58880001;0.58880001
;US-DC;1981;p0p99;41330.301;;0.87180001;0.87180001
;US-DC;1981;p99.5p100;886064.63;;0.094400004;0.094400004
;US-DC;1980;p0p100;360149.31;16889469239.0;1.0;1.0
;US-DC;1980;p99p100;628687.63;;0.1309;0.1309
;US-DC;1980;p99.9p100;2287402.3;;0.047600001;0.047600001
;US-DC;1980;p99.99p100;8902745.0;;0.0185;0.0185
;US-DC;1980;p90p100;184197.7;;0.3836;0.3836
;US-DC;1980;p90p95;106758.5;;0.1112;0.1112
;US-DC;1980;p95p99;170258.91;;0.1418;0.1418
;US-DC;1980;p99.5p99.9;611907.69;;0.050999999;0.050999999
;US-DC;1980;p99.9p99.99;1552715.9;;0.029100001;0.029100001
;US-DC;1980;p99p99.5;310575.59;;0.032299999;0.032299999
;US-DC;1980;p95p100;261831.59;;0.2726;0.2726
;US-DC;1980;p0p90;32869.602;;0.61610001;0.61610001
;US-DC;1980;p0p99;42153.801;;0.86909997;0.86909997
;US-DC;1980;p99.5p100;946921.63;;0.0986;0.0986
;US-DC;1979;p0p100;457898.91;17639691350.0;1.0;1.0
;US-DC;1979;p99p100;593292.0;;0.12;0.12
;US-DC;1979;p99.9p100;2080957.3;;0.042100001;0.042100001
;US-DC;1979;p99.99p100;8239586.0;;0.0167;0.0167
;US-DC;1979;p90p100;183844.7;;0.37169999;0.37169999
;US-DC;1979;p90p95;110036.5;;0.1112;0.1112
;US-DC;1979;p95p99;174181.0;;0.1409;0.1409
;US-DC;1979;p99.5p99.9;569366.31;;0.046;0.046
;US-DC;1979;p99.9p99.99;1396617.1;;0.0254;0.0254
;US-DC;1979;p99p99.5;314434.19;;0.031800002;0.031800002
;US-DC;1979;p95p100;258027.59;;0.2608;0.2608
;US-DC;1979;p0p90;34512.602;;0.62800002;0.62800002
;US-DC;1979;p0p99;43967.699;;0.88;0.88
;US-DC;1979;p99.5p100;871737.63;;0.088100001;0.088100001
;US-DC;1978;p0p100;574000.0;17926045018.0;1.0;1.0
;US-DC;1978;p99p100;514301.31;;0.099600002;0.099600002
;US-DC;1978;p99.9p100;1696224.4;;0.0328;0.0328
;US-DC;1978;p99.99p100;5906978.0;;0.0114;0.0114
;US-DC;1978;p90p100;173056.8;;0.3351;0.3351
;US-DC;1978;p90p95;107871.6;;0.1045;0.1045
;US-DC;1978;p95p99;169582.3;;0.1314;0.1314
;US-DC;1978;p99.5p99.9;492646.59;;0.038199998;0.038199998
;US-DC;1978;p99.9p99.99;1228795.0;;0.021400001;0.021400001
;US-DC;1978;p99p99.5;295389.91;;0.0286;0.0286
;US-DC;1978;p95p100;238677.59;;0.23109999;0.23109999
;US-DC;1978;p0p90;38127.898;;0.66460001;0.66460001
;US-DC;1978;p0p99;46962.801;;0.90039998;0.90039998
;US-DC;1978;p99.5p100;732999.69;;0.071000002;0.071000002
;US-DC;1977;p0p100;673649.19;18053344562.0;1.0;1.0
;US-DC;1977;p99p100;469807.91;;0.089699998;0.089699998
;US-DC;1977;p99.9p100;1507684.0;;0.0288;0.0288
;US-DC;1977;p99.99p100;4712710.0;;0.0089999996;0.0089999996
;US-DC;1977;p90p100;165813.8;;0.31670001;0.31670001
;US-DC;1977;p90p95;103623.0;;0.098999999;0.098999999
;US-DC;1977;p95p99;167520.91;;0.12800001;0.12800001
;US-DC;1977;p99.5p99.9;450623.59;;0.034400001;0.034400001
;US-DC;1977;p99.9p99.99;1150973.1;;0.0198;0.0198
;US-DC;1977;p99p99.5;277652.81;;0.0265;0.0265
;US-DC;1977;p95p100;227973.8;;0.2177;0.2177
;US-DC;1977;p0p90;39745.801;;0.68330002;0.68330002
;US-DC;1977;p0p99;48134.398;;0.91030002;0.91030002
;US-DC;1977;p99.5p100;661874.0;;0.063199997;0.063199997
;US-DC;1976;p0p100;762108.19;17897325528.0;1.0;1.0
;US-DC;1976;p99p100;456337.59;;0.087399997;0.087399997
;US-DC;1976;p99.9p100;1354828.3;;0.025900001;0.025900001
;US-DC;1976;p99.99p100;3567716.8;;0.0068000001;0.0068000001
;US-DC;1976;p90p100;172839.91;;0.331;0.331
;US-DC;1976;p90p95;117168.7;;0.1122;0.1122
;US-DC;1976;p95p99;171546.5;;0.1314;0.1314
;US-DC;1976;p99.5p99.9;458734.19;;0.035100002;0.035100002
;US-DC;1976;p99.9p99.99;1109302.6;;0.019099999;0.019099999
;US-DC;1976;p99p99.5;274733.19;;0.0263;0.0263
;US-DC;1976;p95p100;228504.3;;0.21879999;0.21879999
;US-DC;1976;p0p90;38811.199;;0.66900003;0.66900003
;US-DC;1976;p0p99;48132.102;;0.91259998;0.91259998
;US-DC;1976;p99.5p100;637981.31;;0.061099999;0.061099999
;US-DC;1975;p0p100;840875.19;17558508672.0;1.0;1.0
;US-DC;1975;p99p100;435935.19;;0.084600002;0.084600002
;US-DC;1975;p99.9p100;1295888.1;;0.0252;0.0252
;US-DC;1975;p99.99p100;3368763.8;;0.0065000001;0.0065000001
;US-DC;1975;p90p100;160300.09;;0.31119999;0.31119999
;US-DC;1975;p90p95;106015.2;;0.1029;0.1029
;US-DC;1975;p95p99;159202.91;;0.1236;0.1236
;US-DC;1975;p99.5p99.9;451319.5;;0.035100002;0.035100002
;US-DC;1975;p99.9p99.99;1066627.0;;0.0186;0.0186
;US-DC;1975;p99p99.5;251852.8;;0.0244;0.0244
;US-DC;1975;p95p100;214550.09;;0.20829999;0.20829999
;US-DC;1975;p0p90;39415.5;;0.68879998;0.68879998
;US-DC;1975;p0p99;47621.102;;0.91540003;0.91540003
;US-DC;1975;p99.5p100;620293.81;;0.060199998;0.060199998
;US-DC;1974;p0p100;1044703.7;18213790291.0;1.0;1.0
;US-DC;1974;p99p100;544841.19;;0.1014;0.1014
;US-DC;1974;p99.9p100;1916498.9;;0.035700001;0.035700001
;US-DC;1974;p99.99p100;7214022.0;;0.0134;0.0134
;US-DC;1974;p90p100;168932.2;;0.31439999;0.31439999
;US-DC;1974;p90p95;102154.8;;0.095100001;0.095100001
;US-DC;1974;p95p99;159658.09;;0.1189;0.1189
;US-DC;1974;p99.5p99.9;516959.91;;0.0385;0.0385
;US-DC;1974;p99.9p99.99;1350954.3;;0.022600001;0.022600001
;US-DC;1974;p99p99.5;302163.0;;0.028100001;0.028100001
;US-DC;1974;p95p100;235638.5;;0.2193;0.2193
;US-DC;1974;p0p90;40802.301;;0.68339998;0.68339998
;US-DC;1974;p0p99;48771.398;;0.89859998;0.89859998
;US-DC;1974;p99.5p100;791065.81;;0.073600002;0.073600002
;US-DC;1973;p0p100;1306726.3;18387894184.0;1.0;1.0
;US-DC;1973;p99p100;483529.5;;0.088699996;0.088699996
;US-DC;1973;p99.9p100;1630584.1;;0.029899999;0.029899999
;US-DC;1973;p99.99p100;5705173.5;;0.0105;0.0105
;US-DC;1973;p90p100;172355.3;;0.31619999;0.31619999
;US-DC;1973;p90p95;110758.5;;0.1016;0.1016
;US-DC;1973;p95p99;171539.59;;0.1259;0.1259
;US-DC;1973;p99.5p99.9;419799.81;;0.0308;0.0308
;US-DC;1973;p99.9p99.99;1177967.4;;0.019400001;0.019400001
;US-DC;1973;p99p99.5;305003.19;;0.028000001;0.028000001
;US-DC;1973;p95p100;233937.41;;0.2146;0.2146
;US-DC;1973;p0p90;41420.301;;0.68379998;0.68379998
;US-DC;1973;p0p99;50179.199;;0.9113;0.9113
;US-DC;1973;p99.5p100;661976.81;;0.060699999;0.060699999
;US-DC;1972;p0p100;1509990.0;18733998044.0;1.0;1.0
;US-DC;1972;p99p100;534597.88;;0.095799997;0.095799997
;US-DC;1972;p99.9p100;1817552.1;;0.032600001;0.032600001
;US-DC;1972;p99.99p100;5629645.5;;0.0101;0.0101
;US-DC;1972;p90p100;167466.2;;0.30000001;0.30000001
;US-DC;1972;p90p95;101866.4;;0.091200002;0.091200002
;US-DC;1972;p95p99;157648.7;;0.1129;0.1129
;US-DC;1972;p99.5p99.9;525760.31;;0.037700001;0.037700001
;US-DC;1972;p99.9p99.99;1393676.5;;0.022500001;0.022500001
;US-DC;1972;p99p99.5;285105.19;;0.0255;0.0255
;US-DC;1972;p95p100;233034.91;;0.2087;0.2087
;US-DC;1972;p0p90;43428.5;;0.7001;0.7001
;US-DC;1972;p0p99;50994.699;;0.90420002;0.90420002
;US-DC;1972;p99.5p100;784090.81;;0.070200004;0.070200004
;US-DC;1971;p0p100;1557340.1;18023712260.0;1.0;1.0
;US-DC;1971;p99p100;515202.19;;0.095299996;0.095299996
;US-DC;1971;p99.9p100;1730265.9;;0.032000002;0.032000002
;US-DC;1971;p99.99p100;5985884.0;;0.0111;0.0111
;US-DC;1971;p90p100;171561.8;;0.31740001;0.31740001
;US-DC;1971;p90p95;108817.7;;0.1007;0.1007
;US-DC;1971;p95p99;164029.5;;0.1214;0.1214
;US-DC;1971;p99.5p99.9;506937.81;;0.037500001;0.037500001
;US-DC;1971;p99.9p99.99;1257603.6;;0.0209;0.0209
;US-DC;1971;p99p99.5;279039.59;;0.025800001;0.025800001
;US-DC;1971;p95p100;234269.0;;0.2167;0.2167
;US-DC;1971;p0p90;41000.102;;0.68260002;0.68260002
;US-DC;1971;p0p99;49397.5;;0.90469998;0.90469998
;US-DC;1971;p99.5p100;751554.19;;0.069499999;0.069499999
;US-DC;1970;p0p100;1621257.6;17080546248.0;1.0;1.0
;US-DC;1970;p99p100;494998.31;;0.095799997;0.095799997
;US-DC;1970;p99.9p100;1543765.4;;0.029899999;0.029899999
;US-DC;1970;p99.99p100;5129033.0;;0.0098999999;0.0098999999
;US-DC;1970;p90p100;164914.2;;0.3193;0.3193
;US-DC;1970;p90p95;105345.4;;0.102;0.102
;US-DC;1970;p95p99;156755.5;;0.1214;0.1214
;US-DC;1970;p99.5p99.9;495114.19;;0.0383;0.0383
;US-DC;1970;p99.9p99.99;1145024.5;;0.02;0.02
;US-DC;1970;p99p99.5;285255.41;;0.0276;0.0276
;US-DC;1970;p95p100;224429.91;;0.2173;0.2173
;US-DC;1970;p0p90;39068.199;;0.68080002;0.68080002
;US-DC;1970;p0p99;47170.801;;0.90420002;0.90420002
;US-DC;1970;p99.5p100;704897.13;;0.0682;0.0682
;US-DC;1969;p0p100;1763987.6;16625358084.0;1.0;1.0
;US-DC;1969;p99p100;528694.88;;0.1052;0.1052
;US-DC;1969;p99.9p100;1909096.0;;0.037999999;0.037999999
;US-DC;1969;p99.99p100;7237833.0;;0.0144;0.0144
;US-DC;1969;p90p100;160296.7;;0.3188;0.3188
;US-DC;1969;p90p95;97013.102;;0.096500002;0.096500002
;US-DC;1969;p95p99;147233.8;;0.1171;0.1171
;US-DC;1969;p99.5p99.9;498007.59;;0.0396;0.0396
;US-DC;1969;p99.9p99.99;1318875.8;;0.023600001;0.023600001
;US-DC;1969;p99p99.5;277011.91;;0.0275;0.0275
;US-DC;1969;p95p100;223555.2;;0.22229999;0.22229999
;US-DC;1969;p0p90;38055.199;;0.68120003;0.68120003
;US-DC;1969;p0p99;45445.102;;0.89480001;0.89480001
;US-DC;1969;p99.5p100;780263.63;;0.077600002;0.077600002
;US-DC;1968;p0p100;2179477.8;18501652075.0;1.0;1.0
;US-DC;1968;p99p100;577140.31;;0.1033;0.1033
;US-DC;1968;p99.9p100;2106875.5;;0.037700001;0.037700001
;US-DC;1968;p99.99p100;7666191.5;;0.0137;0.0137
;US-DC;1968;p90p100;158988.41;;0.28459999;0.28459999
;US-DC;1968;p90p95;85750.203;;0.076800004;0.076800004
;US-DC;1968;p95p99;146112.0;;0.1046;0.1046
;US-DC;1968;p99.5p99.9;546551.19;;0.039099999;0.039099999
;US-DC;1968;p99.9p99.99;1491924.0;;0.024;0.024
;US-DC;1968;p99p99.5;295778.91;;0.0265;0.0265
;US-DC;1968;p95p100;232301.59;;0.208;0.208
;US-DC;1968;p0p90;44386.699;;0.71520001;0.71520001
;US-DC;1968;p0p99;50588.898;;0.89670002;0.89670002
;US-DC;1968;p99.5p100;858600.63;;0.076899998;0.076899998
;US-DC;1967;p0p100;2344757.8;18362739385.0;1.0;1.0
;US-DC;1967;p99p100;554947.88;;0.1003;0.1003
;US-DC;1967;p99.9p100;1978134.6;;0.035700001;0.035700001
;US-DC;1967;p99.99p100;6873991.0;;0.0124;0.0124
;US-DC;1967;p90p100;167634.2;;0.3028;0.3028
;US-DC;1967;p90p95;96726.102;;0.087399997;0.087399997
;US-DC;1967;p95p99;159301.5;;0.1151;0.1151
;US-DC;1967;p99.5p99.9;522161.91;;0.037700001;0.037700001
;US-DC;1967;p99.9p99.99;1434728.5;;0.0233;0.0233
;US-DC;1967;p99p99.5;296487.69;;0.026799999;0.026799999
;US-DC;1967;p95p100;238450.91;;0.2154;0.2154
;US-DC;1967;p0p90;42882.699;;0.6972;0.6972
;US-DC;1967;p0p99;50306.102;;0.89969999;0.89969999
;US-DC;1967;p99.5p100;813349.31;;0.0735;0.0735
;US-DC;1966;p0p100;2364950.0;17437998383.0;1.0;1.0
;US-DC;1966;p99p100;549572.31;;0.1046;0.1046
;US-DC;1966;p99.9p100;2175337.0;;0.0414;0.0414
;US-DC;1966;p99.99p100;9559425.0;;0.018200001;0.018200001
;US-DC;1966;p90p100;164074.41;;0.3123;0.3123
;US-DC;1966;p90p95;97279.0;;0.092600003;0.092600003
;US-DC;1966;p95p99;150774.91;;0.1148;0.1148
;US-DC;1966;p99.5p99.9;488927.41;;0.0372;0.0372
;US-DC;1966;p99.9p99.99;1354221.6;;0.0232;0.0232
;US-DC;1966;p99p99.5;274687.59;;0.0261;0.0261
;US-DC;1966;p95p100;230571.59;;0.2194;0.2194
;US-DC;1966;p0p90;40152.602;;0.68790001;0.68790001
;US-DC;1966;p0p99;47515.699;;0.89539999;0.89539999
;US-DC;1966;p99.5p100;824999.81;;0.078500003;0.078500003
;US-DC;1965;p0p100;2472686.5;17230899921.0;1.0;1.0
;US-DC;1965;p99p100;553648.0;;0.1066;0.1066
;US-DC;1965;p99.9p100;1913164.8;;0.036800001;0.036800001
;US-DC;1965;p99.99p100;6700242.5;;0.0129;0.0129
;US-DC;1965;p90p100;159152.59;;0.30649999;0.30649999
;US-DC;1965;p90p95;91966.203;;0.088600002;0.088600002
;US-DC;1965;p95p99;144544.59;;0.1114;0.1114
;US-DC;1965;p99.5p99.9;516519.09;;0.039799999;0.039799999
;US-DC;1965;p99.9p99.99;1379885.3;;0.0239;0.0239
;US-DC;1965;p99p99.5;311542.91;;0.029999999;0.029999999
;US-DC;1965;p95p100;226351.8;;0.21799999;0.21799999
;US-DC;1965;p0p90;40005.0;;0.69349998;0.69349998
;US-DC;1965;p0p99;46852.301;;0.89340001;0.89340001
;US-DC;1965;p99.5p100;795802.31;;0.0766;0.0766
;US-DC;1964;p0p100;2413877.8;16272696656.0;1.0;1.0
;US-DC;1964;p99p100;564846.31;;0.1151;0.1151
;US-DC;1964;p99.9p100;2026690.3;;0.041299999;0.041299999
;US-DC;1964;p99.99p100;8057362.0;;0.0164;0.0164
;US-DC;1964;p90p100;157129.2;;0.32010001;0.32010001
;US-DC;1964;p90p95;87558.203;;0.089199997;0.089199997
;US-DC;1964;p95p99;142130.91;;0.1158;0.1158
;US-DC;1964;p99.5p99.9;520642.81;;0.042399999;0.042399999
;US-DC;1964;p99.9p99.99;1356732.5;;0.024900001;0.024900001
;US-DC;1964;p99p99.5;308385.69;;0.031399999;0.031399999
;US-DC;1964;p95p100;226780.7;;0.23100001;0.23100001
;US-DC;1964;p0p90;37083.0;;0.67989999;0.67989999
;US-DC;1964;p0p99;43879.5;;0.88489997;0.88489997
;US-DC;1964;p99.5p100;821715.31;;0.083700001;0.083700001
;US-DC;1963;p0p100;2353393.0;15418493678.0;1.0;1.0
;US-DC;1963;p99p100;499536.59;;0.1071;0.1071
;US-DC;1963;p99.9p100;1881708.1;;0.040399998;0.040399998
;US-DC;1963;p99.99p100;8377740.5;;0.017999999;0.017999999
;US-DC;1963;p90p100;145653.91;;0.3123;0.3123
;US-DC;1963;p90p95;85004.297;;0.0911;0.0911
;US-DC;1963;p95p99;132993.7;;0.1141;0.1141
;US-DC;1963;p99.5p99.9;449423.81;;0.038600001;0.038600001
;US-DC;1963;p99.9p99.99;1157553.8;;0.022299999;0.022299999
;US-DC;1963;p99p99.5;263891.19;;0.0283;0.0283
;US-DC;1963;p95p100;206302.3;;0.2212;0.2212
;US-DC;1963;p0p90;35628.102;;0.68760002;0.68760002
;US-DC;1963;p0p99;42057.199;;0.89289999;0.89289999
;US-DC;1963;p99.5p100;735194.88;;0.0788;0.0788
;US-DC;1962;p0p100;2289181.5;14562908730.0;1.0;1.0
;US-DC;1962;p99p100;488305.09;;0.1105;0.1105
;US-DC;1962;p99.9p100;1762289.4;;0.039900001;0.039900001
;US-DC;1962;p99.99p100;6755135.0;;0.0153;0.0153
;US-DC;1962;p90p100;143170.91;;0.32409999;0.32409999
;US-DC;1962;p90p95;82747.297;;0.093599997;0.093599997
;US-DC;1962;p95p99;132415.59;;0.1199;0.1199
;US-DC;1962;p99.5p99.9;450843.81;;0.040800001;0.040800001
;US-DC;1962;p99.9p99.99;1206635.1;;0.024599999;0.024599999
;US-DC;1962;p99p99.5;264180.81;;0.029899999;0.029899999
;US-DC;1962;p95p100;203593.2;;0.2304;0.2304
;US-DC;1962;p0p90;33179.801;;0.67589998;0.67589998
;US-DC;1962;p0p99;39695.398;;0.88950002;0.88950002
;US-DC;1962;p99.5p100;712438.81;;0.080600001;0.080600001
;US-DC;1961;p0p100;2233447.8;13870040904.0;1.0;1.0
;US-DC;1961;p99p100;508410.91;;0.1203;0.1203
;US-DC;1961;p99.9p100;1775561.4;;0.041999999;0.041999999
;US-DC;1961;p99.99p100;6655924.5;;0.015799999;0.015799999
;US-DC;1961;p90p100;151436.7;;0.35839999;0.35839999
;US-DC;1961;p90p95;87423.797;;0.1035;0.1035
;US-DC;1961;p95p99;142203.2;;0.1346;0.1346
;US-DC;1961;p99.5p99.9;482692.59;;0.045699999;0.045699999
;US-DC;1961;p99.9p99.99;1233346.5;;0.0263;0.0263
;US-DC;1961;p99p99.5;275560.31;;0.032600001;0.032600001
;US-DC;1961;p95p100;215447.0;;0.25490001;0.25490001
;US-DC;1961;p0p90;30122.5;;0.64160001;0.64160001
;US-DC;1961;p0p99;37545.102;;0.87970001;0.87970001
;US-DC;1961;p99.5p100;741258.69;;0.087700002;0.087700002
;US-DC;1960;p0p100;2175438.8;13169112305.0;1.0;1.0
;US-DC;1960;p99p100;440099.19;;0.1091;0.1091
;US-DC;1960;p99.9p100;1429372.5;;0.035399999;0.035399999
;US-DC;1960;p99.99p100;4842401.0;;0.012;0.012
;US-DC;1960;p90p100;137742.41;;0.34150001;0.34150001
;US-DC;1960;p90p95;81812.797;;0.1014;0.1014
;US-DC;1960;p95p99;132065.7;;0.131;0.131
;US-DC;1960;p99.5p99.9;415843.5;;0.041200001;0.041200001
;US-DC;1960;p99.9p99.99;1050974.0;;0.023499999;0.023499999
;US-DC;1960;p99p99.5;261738.41;;0.032400001;0.032400001
;US-DC;1960;p95p100;193673.0;;0.2401;0.2401
;US-DC;1960;p0p90;29510.1;;0.65850002;0.65850002
;US-DC;1960;p0p99;36296.5;;0.89090002;0.89090002
;US-DC;1960;p99.5p100;618457.19;;0.076700002;0.076700002
;US-DC;1959;p0p100;2283935.3;13389917619.0;1.0;1.0
;US-DC;1959;p99p100;525328.69;;0.1284;0.1284
;US-DC;1959;p99.9p100;1643257.4;;0.040199999;0.040199999
;US-DC;1959;p99.99p100;5670326.0;;0.0139;0.0139
;US-DC;1959;p90p100;144813.5;;0.3538;0.3538
;US-DC;1959;p90p95;79022.203;;0.096500002;0.096500002
;US-DC;1959;p95p99;131913.41;;0.12890001;0.12890001
;US-DC;1959;p99.5p99.9;544578.38;;0.053199999;0.053199999
;US-DC;1959;p99.9p99.99;1195825.5;;0.0263;0.0263
;US-DC;1959;p99p99.5;286210.19;;0.035;0.035
;US-DC;1959;p95p100;210601.41;;0.25729999;0.25729999
;US-DC;1959;p0p90;29385.9;;0.6462;0.6462
;US-DC;1959;p0p99;36034.699;;0.87159997;0.87159997
;US-DC;1959;p99.5p100;764445.81;;0.093400002;0.093400002
;US-DC;1958;p0p100;2230037.5;12906855654.0;1.0;1.0
;US-DC;1958;p99p100;382664.41;;0.097099997;0.097099997
;US-DC;1958;p99.9p100;1234867.3;;0.031300001;0.031300001
;US-DC;1958;p99.99p100;3922546.0;;0.0099999998;0.0099999998
;US-DC;1958;p90p100;125744.1;;0.31900001;0.31900001
;US-DC;1958;p90p95;77679.602;;0.098499998;0.098499998
;US-DC;1958;p95p99;121594.0;;0.1234;0.1234
;US-DC;1958;p99.5p99.9;387490.31;;0.039299998;0.039299998
;US-DC;1958;p99.9p99.99;936666.31;;0.021400001;0.021400001
;US-DC;1958;p99p99.5;208370.91;;0.0264;0.0264
;US-DC;1958;p95p100;173808.0;;0.22050001;0.22050001
;US-DC;1958;p0p90;29821.699;;0.68099999;0.68099999
;US-DC;1958;p0p99;35947.199;;0.90289998;0.90289998
;US-DC;1958;p99.5p100;556959.31;;0.070699997;0.070699997
;US-DC;1957;p0p100;2385744.3;13093564325.0;1.0;1.0
;US-DC;1957;p99p100;385509.5;;0.096500002;0.096500002
;US-DC;1957;p99.9p100;1221812.8;;0.0306;0.0306
;US-DC;1957;p99.99p100;3676067.5;;0.0092000002;0.0092000002
;US-DC;1957;p90p100;120671.5;;0.30199999;0.30199999
;US-DC;1957;p90p95;73510.797;;0.092;0.092
;US-DC;1957;p95p99;113411.6;;0.1135;0.1135
;US-DC;1957;p99.5p99.9;390840.19;;0.039099999;0.039099999
;US-DC;1957;p99.9p99.99;949624.5;;0.021400001;0.021400001
;US-DC;1957;p99p99.5;213973.5;;0.026799999;0.026799999
;US-DC;1957;p95p100;167831.59;;0.20999999;0.20999999
;US-DC;1957;p0p90;30987.6;;0.69800001;0.69800001
;US-DC;1957;p0p99;36465.898;;0.90350002;0.90350002
;US-DC;1957;p99.5p100;557046.88;;0.069700003;0.069700003
;US-DC;1956;p0p100;2577978.8;13180137617.0;1.0;1.0
;US-DC;1956;p99p100;420458.5;;0.1044;0.1044
;US-DC;1956;p99.9p100;1363318.4;;0.0339;0.0339
;US-DC;1956;p99.99p100;4964898.0;;0.0123;0.0123
;US-DC;1956;p90p100;127123.3;;0.31580001;0.31580001
;US-DC;1956;p90p95;76714.398;;0.095299996;0.095299996
;US-DC;1956;p95p99;116680.5;;0.1159;0.1159
;US-DC;1956;p99.5p99.9;404609.59;;0.040199999;0.040199999
;US-DC;1956;p99.9p99.99;962491.0;;0.021500001;0.021500001
;US-DC;1956;p99p99.5;244627.0;;0.030400001;0.030400001
;US-DC;1956;p95p100;177435.91;;0.22040001;0.22040001
;US-DC;1956;p0p90;30610.199;;0.68430001;0.68430001
;US-DC;1956;p0p99;36416.0;;0.89560002;0.89560002
;US-DC;1956;p99.5p100;596287.81;;0.074100003;0.074100003
;US-DC;1955;p0p100;2621422.3;12999748177.0;1.0;1.0
;US-DC;1955;p99p100;419164.81;;0.1055;0.1055
;US-DC;1955;p99.9p100;1419959.1;;0.035700001;0.035700001
;US-DC;1955;p99.99p100;4703874.5;;0.0118;0.0118
;US-DC;1955;p90p100;130125.4;;0.32749999;0.32749999
;US-DC;1955;p90p95;81779.703;;0.1029;0.1029
;US-DC;1955;p95p99;118548.2;;0.1193;0.1193
;US-DC;1955;p99.5p99.9;400374.81;;0.0403;0.0403
;US-DC;1955;p99.9p99.99;1055125.1;;0.0239;0.0239
;US-DC;1955;p99p99.5;234037.59;;0.0294;0.0294
;US-DC;1955;p95p100;178671.91;;0.22480001;0.22480001
;US-DC;1955;p0p90;29682.4;;0.67229998;0.67229998
;US-DC;1955;p0p99;35904.102;;0.89450002;0.89450002
;US-DC;1955;p99.5p100;604292.0;;0.075999998;0.075999998
;US-DC;1954;p0p100;2644890.0;13202269427.0;1.0;1.0
;US-DC;1954;p99p100;400443.0;;0.099100001;0.099100001
;US-DC;1954;p99.9p100;1313535.8;;0.032499999;0.032499999
;US-DC;1954;p99.99p100;4309180.5;;0.0107;0.0107
;US-DC;1954;p90p100;123518.8;;0.30579999;0.30579999
;US-DC;1954;p90p95;76294.0;;0.094400004;0.094400004
;US-DC;1954;p95p99;113355.0;;0.1123;0.1123
;US-DC;1954;p99.5p99.9;389537.5;;0.038600001;0.038600001
;US-DC;1954;p99.9p99.99;980690.38;;0.0219;0.0219
;US-DC;1954;p99p99.5;226548.5;;0.028000001;0.028000001
;US-DC;1954;p95p100;170782.91;;0.2114;0.2114
;US-DC;1954;p0p90;31155.199;;0.69419998;0.69419998
;US-DC;1954;p0p99;36756.102;;0.90090001;0.90090001
;US-DC;1954;p99.5p100;574337.38;;0.071099997;0.071099997
;US-DC;1953;p0p100;2730780.0;13481626227.0;1.0;1.0
;US-DC;1953;p99p100;357268.81;;0.086499996;0.086499996
;US-DC;1953;p99.9p100;1135815.9;;0.0275;0.0275
;US-DC;1953;p99.99p100;3594164.0;;0.0087000001;0.0087000001
;US-DC;1953;p90p100;116463.7;;0.28209999;0.28209999
;US-DC;1953;p90p95;76218.0;;0.092299998;0.092299998
;US-DC;1953;p95p99;106840.8;;0.1035;0.1035
;US-DC;1953;p99.5p99.9;353863.59;;0.034299999;0.034299999
;US-DC;1953;p99.9p99.99;862665.88;;0.0188;0.0188
;US-DC;1953;p99p99.5;204233.3;;0.024700001;0.024700001
;US-DC;1953;p95p100;156938.3;;0.19;0.19
;US-DC;1953;p0p90;32927.0;;0.7177;0.7177
;US-DC;1953;p0p99;38099.602;;0.91350001;0.91350001
;US-DC;1953;p99.5p100;510292.0;;0.061799999;0.061799999
;US-DC;1952;p0p100;2907228.0;14135028060.0;1.0;1.0
;US-DC;1952;p99p100;381101.91;;0.088;0.088
;US-DC;1952;p99.9p100;1141305.4;;0.0264;0.0264
;US-DC;1952;p99.99p100;3198819.3;;0.0074;0.0074
;US-DC;1952;p90p100;127723.4;;0.29499999;0.29499999
;US-DC;1952;p90p95;84514.703;;0.097599998;0.097599998
;US-DC;1952;p95p99;119483.4;;0.1104;0.1104
;US-DC;1952;p99.5p99.9;390143.09;;0.035999998;0.035999998
;US-DC;1952;p99.9p99.99;913934.31;;0.018999999;0.018999999
;US-DC;1952;p99p99.5;221944.0;;0.025599999;0.025599999
;US-DC;1952;p95p100;171730.7;;0.1983;0.1983
;US-DC;1952;p0p90;33872.699;;0.704;0.704
;US-DC;1952;p0p99;39891.102;;0.912;0.912
;US-DC;1952;p99.5p100;540283.19;;0.062399998;0.062399998
;US-DC;1951;p0p100;2743997.8;12763982364.0;1.0;1.0
;US-DC;1951;p99p100;446239.91;;0.114;0.114
;US-DC;1951;p99.9p100;1447925.9;;0.037;0.037
;US-DC;1951;p99.99p100;3765901.5;;0.0096000005;0.0096000005
;US-DC;1951;p90p100;122212.1;;0.31220001;0.31220001
;US-DC;1951;p90p95;64868.699;;0.082900003;0.082900003
;US-DC;1951;p95p99;113368.7;;0.1159;0.1159
;US-DC;1951;p99.5p99.9;441202.5;;0.0451;0.0451
;US-DC;1951;p99.9p99.99;1193400.0;;0.0274;0.0274
;US-DC;1951;p99p99.5;247688.41;;0.031599998;0.031599998
;US-DC;1951;p95p100;180052.91;;0.23;0.23
;US-DC;1951;p0p99;27182.301;;0.6875;0.6875
;US-DC;1951;p99.5p100;644057.13;;0.0823;0.0823
;US-DC;1950;p0p100;3536870.8;14114647839.0;1.0;1.0
;US-DC;1950;p99p100;439163.81;;0.1014;0.1014
;US-DC;1950;p99.9p100;1476242.4;;0.0341;0.0341
;US-DC;1950;p99.99p100;4006824.0;;0.0092000002;0.0092000002
;US-DC;1950;p90p100;120608.1;;0.27829999;0.27829999
;US-DC;1950;p90p95;63345.602;;0.073100001;0.073100001
;US-DC;1950;p95p99;112758.5;;0.1041;0.1041
;US-DC;1950;p99.5p99.9;423267.81;;0.039099999;0.039099999
;US-DC;1950;p99.9p99.99;1198986.5;;0.024900001;0.024900001
;US-DC;1950;p99p99.5;244522.2;;0.028200001;0.028200001
;US-DC;1950;p95p100;178006.2;;0.2054;0.2054
;US-DC;1950;p0p90;34730.801;;0.72140002;0.72140002
;US-DC;1950;p0p99;39332.5;;0.89859998;0.89859998
;US-DC;1950;p99.5p100;633844.81;;0.073100001;0.073100001
;US-DC;1949;p0p100;3471909.3;13328381876.0;1.0;1.0
;US-DC;1949;p99p100;359613.19;;0.086199999;0.086199999
;US-DC;1949;p99.9p100;1081661.5;;0.025900001;0.025900001
;US-DC;1949;p99.99p100;2953402.3;;0.0071;0.0071
;US-DC;1949;p90p100;109203.6;;0.26179999;0.26179999
;US-DC;1949;p90p95;61042.102;;0.073200002;0.073200002
;US-DC;1949;p95p99;106999.5;;0.1026;0.1026
;US-DC;1949;p99.5p99.9;367810.91;;0.035300002;0.035300002
;US-DC;1949;p99.9p99.99;873722.13;;0.0189;0.0189
;US-DC;1949;p99p99.5;208642.59;;0.025;0.025
;US-DC;1949;p95p100;157462.2;;0.18870001;0.18870001
;US-DC;1949;p0p90;34205.301;;0.73799998;0.73799998
;US-DC;1949;p0p99;38501.898;;0.9138;0.9138
;US-DC;1949;p99.5p100;510581.31;;0.0612;0.0612
;US-DC;1948;p0p100;3331637.0;12830772317.0;1.0;1.0
;US-DC;1948;p99p100;372881.5;;0.091399997;0.091399997
;US-DC;1948;p99.9p100;1162072.3;;0.0285;0.0285
;US-DC;1948;p99.99p100;3515907.5;;0.0086000003;0.0086000003
;US-DC;1948;p90p100;109716.5;;0.26879999;0.26879999
;US-DC;1948;p90p95;62301.199;;0.076300003;0.076300003
;US-DC;1948;p95p99;103213.0;;0.1011;0.1011
;US-DC;1948;p99.5p99.9;374178.41;;0.036699999;0.036699999
;US-DC;1948;p99.9p99.99;900548.69;;0.0199;0.0199
;US-DC;1948;p99p99.5;214011.3;;0.0262;0.0262
;US-DC;1948;p95p100;157132.91;;0.1925;0.1925
;US-DC;1948;p0p90;33160.0;;0.73119998;0.73119998
;US-DC;1948;p0p99;37462.199;;0.90859997;0.90859997
;US-DC;1948;p99.5p100;531755.38;;0.065099999;0.065099999
;US-DC;1947;p0p100;3718733.5;12128656394.0;1.0;1.0
;US-DC;1947;p99p100;360020.69;;0.091799997;0.091799997
;US-DC;1947;p99.9p100;1090046.3;;0.027799999;0.027799999
;US-DC;1947;p99.99p100;3004675.0;;0.0077;0.0077
;US-DC;1947;p90p100;108263.9;;0.27599999;0.27599999
;US-DC;1947;p90p95;63309.398;;0.080700003;0.080700003
;US-DC;1947;p95p99;101529.9;;0.1035;0.1035
;US-DC;1947;p99.5p99.9;366008.09;;0.037300002;0.037300002
;US-DC;1947;p99.9p99.99;877416.13;;0.020099999;0.020099999
;US-DC;1947;p99p99.5;209213.5;;0.026699999;0.026699999
;US-DC;1947;p95p100;153220.3;;0.1953;0.1953
;US-DC;1947;p0p90;31552.5;;0.72399998;0.72399998
;US-DC;1947;p0p99;35983.801;;0.90820003;0.90820003
;US-DC;1947;p99.5p100;510813.81;;0.065099999;0.065099999
;US-DC;1946;p0p100;5353828.5;13105267578.0;1.0;1.0
;US-DC;1946;p99p100;425641.09;;0.0986;0.0986
;US-DC;1946;p99.9p100;1293878.1;;0.029999999;0.029999999
;US-DC;1946;p99.99p100;3571765.0;;0.0082999999;0.0082999999
;US-DC;1946;p90p100;120742.4;;0.27959999;0.27959999
;US-DC;1946;p90p95;63423.199;;0.073399998;0.073399998
;US-DC;1946;p95p99;116173.7;;0.1076;0.1076
;US-DC;1946;p99.5p99.9;433500.31;;0.040199999;0.040199999
;US-DC;1946;p99.9p99.99;1040832.8;;0.0217;0.0217
;US-DC;1946;p99p99.5;245679.5;;0.0284;0.0284
;US-DC;1946;p95p100;178060.91;;0.2062;0.2062
;US-DC;1946;p0p90;34561.801;;0.72039998;0.72039998
;US-DC;1946;p0p99;39316.801;;0.90140003;0.90140003
;US-DC;1946;p99.5p100;605574.81;;0.070100002;0.070100002
;US-DC;1945;p0p100;6417923.5;13203067287.0;1.0;1.0
;US-DC;1945;p99p100;426067.69;;0.097000003;0.097000003
;US-DC;1945;p99.9p100;1327991.0;;0.030200001;0.030200001
;US-DC;1945;p99.99p100;3561749.5;;0.0081000002;0.0081000002
;US-DC;1945;p90p100;114483.4;;0.26050001;0.26050001
;US-DC;1945;p90p95;61719.398;;0.070200004;0.070200004
;US-DC;1945;p95p99;102536.5;;0.0933;0.0933
;US-DC;1945;p99.5p99.9;436859.0;;0.039799999;0.039799999
;US-DC;1945;p99.9p99.99;1083411.8;;0.0222;0.0222
;US-DC;1945;p99p99.5;237055.7;;0.027000001;0.027000001
;US-DC;1945;p95p100;167245.7;;0.1903;0.1903
;US-DC;1945;p0p90;36100.602;;0.73940003;0.73940003
;US-DC;1945;p0p99;40082.0;;0.903;0.903
;US-DC;1945;p99.5p100;615056.13;;0.07;0.07
;US-DC;1944;p0p100;6622785.0;12883720054.0;1.0;1.0
;US-DC;1944;p99p100;391284.69;;0.090300001;0.090300001
;US-DC;1944;p99.9p100;1193433.9;;0.0275;0.0275
;US-DC;1944;p99.99p100;3243536.5;;0.0074999998;0.0074999998
;US-DC;1944;p90p100;116800.6;;0.2694;0.2694
;US-DC;1944;p90p95;74117.703;;0.085500002;0.085500002
;US-DC;1944;p95p99;102870.9;;0.094899997;0.094899997
;US-DC;1944;p99.5p99.9;399748.31;;0.036899999;0.036899999
;US-DC;1944;p99.9p99.99;966356.5;;0.020099999;0.020099999
;US-DC;1944;p99p99.5;224239.91;;0.025900001;0.025900001
;US-DC;1944;p95p100;160470.91;;0.1851;0.1851
;US-DC;1944;p0p90;35125.5;;0.72930002;0.72930002
;US-DC;1944;p0p99;39833.398;;0.90969998;0.90969998
;US-DC;1944;p99.5p100;558561.31;;0.064400002;0.064400002
;US-DC;1943;p0p100;7574726.0;14064985684.0;1.0;1.0
;US-DC;1943;p99p100;456947.81;;0.095399998;0.095399998
;US-DC;1943;p99.9p100;1420998.8;;0.0297;0.0297
;US-DC;1943;p99.99p100;3634831.0;;0.0076000001;0.0076000001
;US-DC;1943;p90p100;121003.5;;0.25260001;0.25260001
;US-DC;1943;p90p95;62375.898;;0.065099999;0.065099999
;US-DC;1943;p95p99;110339.1;;0.092100002;0.092100002
;US-DC;1943;p99.5p99.9;467522.0;;0.039000001;0.039000001
;US-DC;1943;p99.9p99.99;1181332.3;;0.0222;0.0222
;US-DC;1943;p99p99.5;255570.8;;0.026699999;0.026699999
;US-DC;1943;p95p100;179663.5;;0.1875;0.1875
;US-DC;1943;p0p90;39769.699;;0.74720001;0.74720001
;US-DC;1943;p0p99;43767.898;;0.90460002;0.90460002
;US-DC;1943;p99.5p100;658282.63;;0.068700001;0.068700001
;US-DC;1942;p0p100;7651242.5;12432428831.0;1.0;1.0
;US-DC;1942;p99p100;441016.81;;0.1027;0.1027
;US-DC;1942;p99.9p100;1355835.1;;0.031599998;0.031599998
;US-DC;1942;p99.99p100;3444227.3;;0.0080000004;0.0080000004
;US-DC;1942;p90p100;117183.7;;0.27289999;0.27289999
;US-DC;1942;p90p95;62484.102;;0.072800003;0.072800003
;US-DC;1942;p95p99;104595.8;;0.097400002;0.097400002
;US-DC;1942;p99.5p99.9;455753.09;;0.0425;0.0425
;US-DC;1942;p99.9p99.99;1122666.5;;0.023499999;0.023499999
;US-DC;1942;p99p99.5;246032.09;;0.0286;0.0286
;US-DC;1942;p95p100;171889.0;;0.2001;0.2001
;US-DC;1942;p0p90;34695.102;;0.72719997;0.72719997
;US-DC;1942;p0p99;38920.602;;0.8973;0.8973
;US-DC;1942;p99.5p100;635916.69;;0.074000001;0.074000001
;US-DC;1941;p0p100;7986370.0;10478373575.0;1.0;1.0
;US-DC;1941;p99p100;452492.19;;0.1236;0.1236
;US-DC;1941;p99.9p100;1439597.0;;0.039299998;0.039299998
;US-DC;1941;p99.99p100;3708288.0;;0.0101;0.0101
;US-DC;1941;p90p100;118134.8;;0.32269999;0.32269999
;US-DC;1941;p90p95;61627.199;;0.084200002;0.084200002
;US-DC;1941;p95p99;104947.2;;0.1147;0.1147
;US-DC;1941;p99.5p99.9;464181.69;;0.050700001;0.050700001
;US-DC;1941;p99.9p99.99;1185353.6;;0.029100001;0.029100001
;US-DC;1941;p99p99.5;245207.0;;0.033500001;0.033500001
;US-DC;1941;p95p100;174472.59;;0.2383;0.2383
;US-DC;1941;p0p90;27560.801;;0.67760003;0.67760003
;US-DC;1941;p0p99;32403.5;;0.87639999;0.87639999
;US-DC;1941;p99.5p100;659606.63;;0.090099998;0.090099998
;US-DC;1940;p0p100;8228108.0;9691669159.0;1.0;1.0
;US-DC;1940;p99p100;403586.09;;0.118;0.118
;US-DC;1940;p99.9p100;1251605.6;;0.036600001;0.036600001
;US-DC;1940;p99.99p100;3169343.0;;0.0093;0.0093
;US-DC;1940;p90p100;112729.3;;0.32960001;0.32960001
;US-DC;1940;p90p95;62038.102;;0.090700001;0.090700001
;US-DC;1940;p95p99;103367.2;;0.1209;0.1209
;US-DC;1940;p99.5p99.9;418155.19;;0.048900001;0.048900001
;US-DC;1940;p99.9p99.99;1036592.5;;0.0273;0.0273
;US-DC;1940;p99p99.5;221771.59;;0.032400001;0.032400001
;US-DC;1940;p95p100;163447.7;;0.23890001;0.23890001
;US-DC;1940;p0p90;25487.0;;0.6706;0.6706
;US-DC;1940;p0p99;30475.1;;0.88200003;0.88200003
;US-DC;1940;p99.5p100;585200.19;;0.085500002;0.085500002
;US-DC;1939;p0p100;7981503.0;8920546937.0;1.0;1.0
;US-DC;1939;p99p100;389616.31;;0.1197;0.1197
;US-DC;1939;p99.9p100;1254392.5;;0.0385;0.0385
;US-DC;1939;p99.99p100;3682094.5;;0.0113;0.0113
;US-DC;1939;p90p100;116622.0;;0.3583;0.3583
;US-DC;1939;p90p95;75358.398;;0.1158;0.1158
;US-DC;1939;p95p99;100908.2;;0.124;0.124
;US-DC;1939;p99.5p99.9;394356.31;;0.048500001;0.048500001
;US-DC;1939;p99.9p99.99;984211.81;;0.0272;0.0272
;US-DC;1939;p99p99.5;212531.91;;0.032600001;0.032600001
;US-DC;1939;p95p100;158670.8;;0.2437;0.2437
;US-DC;1939;p0p90;23170.801;;0.64060003;0.64060003
;US-DC;1939;p0p99;28945.301;;0.88029999;0.88029999
;US-DC;1939;p99.5p100;566569.63;;0.086999997;0.086999997
;US-DC;1938;p0p100;7527343.5;8385228353.0;1.0;1.0
;US-DC;1938;p99p100;378399.41;;0.1198;0.1198
;US-DC;1938;p99.9p100;1296927.3;;0.041099999;0.041099999
;US-DC;1938;p99.99p100;4149891.3;;0.0131;0.0131
;US-DC;1938;p90p100;115592.1;;0.36590001;0.36590001
;US-DC;1938;p90p95;82227.602;;0.1301;0.1301
;US-DC;1938;p95p99;96403.602;;0.1221;0.1221
;US-DC;1938;p99.5p99.9;368592.09;;0.046700001;0.046700001
;US-DC;1938;p99.9p99.99;977557.81;;0.027799999;0.027799999
;US-DC;1938;p99p99.5;202032.91;;0.032000002;0.032000002
;US-DC;1938;p95p100;152819.5;;0.2419;0.2419
;US-DC;1938;p0p90;22049.9;;0.62819999;0.62819999
;US-DC;1938;p0p99;28088.6;;0.88020003;0.88020003
;US-DC;1938;p99.5p100;554602.0;;0.087800004;0.087800004
;US-DC;1937;p0p100;7484465.0;8387783600.0;1.0;1.0
;US-DC;1937;p99p100;421929.09;;0.1294;0.1294
;US-DC;1937;p99.9p100;1386349.5;;0.0425;0.0425
;US-DC;1937;p99.99p100;3855369.3;;0.0118;0.0118
;US-DC;1937;p90p100;120909.4;;0.3707;0.3707
;US-DC;1937;p90p95;80018.602;;0.1227;0.1227
;US-DC;1937;p95p99;100822.4;;0.1237;0.1237
;US-DC;1937;p99.5p99.9;429115.41;;0.0526;0.0526
;US-DC;1937;p99.9p99.99;1112101.4;;0.0307;0.0307
;US-DC;1937;p99p99.5;223304.09;;0.034200002;0.034200002
;US-DC;1937;p95p100;165036.2;;0.25299999;0.25299999
;US-DC;1937;p0p90;22623.1;;0.6243;0.6243
;US-DC;1937;p0p99;28681.5;;0.87059999;0.87059999
;US-DC;1937;p99.5p100;620560.0;;0.095100001;0.095100001
;US-DC;1936;p0p100;8301081.0;8411006687.0;1.0;1.0
;US-DC;1936;p99p100;471959.81;;0.1401;0.1401
;US-DC;1936;p99.9p100;1625905.5;;0.048300002;0.048300002
;US-DC;1936;p99.99p100;4869230.0;;0.0145;0.0145
;US-DC;1936;p90p100;133733.0;;0.3969;0.3969
;US-DC;1936;p90p95;95074.0;;0.1411;0.1411
;US-DC;1936;p95p99;107793.0;;0.12800001;0.12800001
;US-DC;1936;p99.5p99.9;473242.81;;0.056200001;0.056200001
;US-DC;1936;p99.9p99.99;1265584.0;;0.033799998;0.033799998
;US-DC;1936;p99p99.5;240161.2;;0.035599999;0.035599999
;US-DC;1936;p95p100;180643.3;;0.26809999;0.26809999
;US-DC;1936;p0p90;22119.6;;0.5909;0.5909
;US-DC;1936;p0p99;29265.9;;0.8599;0.8599
;US-DC;1936;p99.5p100;703769.81;;0.1044;0.1044
;US-DC;1935;p0p100;7661897.0;7389221126.0;1.0;1.0
;US-DC;1935;p99p100;377265.0;;0.1237;0.1237
;US-DC;1935;p99.9p100;1212675.1;;0.039799999;0.039799999
;US-DC;1935;p99.99p100;3310256.0;;0.0109;0.0109
;US-DC;1935;p90p100;121605.5;;0.3987;0.3987
;US-DC;1935;p90p95;98185.797;;0.161;0.161
;US-DC;1935;p95p99;101969.6;;0.1337;0.1337
;US-DC;1935;p99.5p99.9;382816.09;;0.0502;0.0502
;US-DC;1935;p99.9p99.99;979677.0;;0.028899999;0.028899999
;US-DC;1935;p99p99.5;205778.59;;0.0337;0.0337
;US-DC;1935;p95p100;156858.7;;0.25709999;0.25709999
;US-DC;1935;p0p90;19712.1;;0.58160001;0.58160001
;US-DC;1935;p0p99;26999.199;;0.87629998;0.87629998
;US-DC;1935;p99.5p100;548769.63;;0.090000004;0.090000004
;US-DC;1934;p0p100;7309324.5;6508073883.0;1.0;1.0
;US-DC;1934;p99p100;332377.5;;0.12;0.12
;US-DC;1934;p99.9p100;1032014.4;;0.037300002;0.037300002
;US-DC;1934;p99.99p100;2320451.3;;0.0083999997;0.0083999997
;US-DC;1934;p90p100;116847.9;;0.42179999;0.42179999
;US-DC;1934;p90p95;97801.898;;0.17649999;0.17649999
;US-DC;1934;p95p99;103519.8;;0.1495;0.1495
;US-DC;1934;p99.5p99.9;342260.09;;0.049400002;0.049400002
;US-DC;1934;p99.9p99.99;888964.19;;0.028899999;0.028899999
;US-DC;1934;p99p99.5;184541.8;;0.033300001;0.033300001
;US-DC;1934;p95p100;148607.2;;0.26820001;0.26820001
;US-DC;1934;p0p90;17049.801;;0.55400002;0.55400002
;US-DC;1934;p0p99;24622.0;;0.88;0.88
;US-DC;1934;p99.5p100;480189.09;;0.0867;0.0867
;US-DC;1933;p0p100;7750086.0;6269613149.0;1.0;1.0
;US-DC;1933;p99p100;312529.0;;0.1137;0.1137
;US-DC;1933;p99.9p100;1027675.1;;0.0374;0.0374
;US-DC;1933;p99.99p100;2523054.8;;0.0092000002;0.0092000002
;US-DC;1933;p90p100;109699.9;;0.39899999;0.39899999
;US-DC;1933;p90p95;97450.203;;0.1772;0.1772
;US-DC;1933;p95p99;93200.898;;0.1356;0.1356
;US-DC;1933;p99.5p99.9;315304.69;;0.045899998;0.045899998
;US-DC;1933;p99.9p99.99;861521.88;;0.028200001;0.028200001
;US-DC;1933;p99p99.5;167279.2;;0.030400001;0.030400001
;US-DC;1933;p95p100;136623.91;;0.2484;0.2484
;US-DC;1933;p0p90;17522.9;;0.57359999;0.57359999
;US-DC;1933;p0p99;24617.301;;0.88630003;0.88630003
;US-DC;1933;p99.5p100;457778.91;;0.0832;0.0832
;US-DC;1932;p0p100;7863151.0;6862674790.0;1.0;1.0
;US-DC;1932;p99p100;333479.69;;0.1076;0.1076
;US-DC;1932;p99.9p100;1074207.1;;0.034699999;0.034699999
;US-DC;1932;p99.99p100;2706094.0;;0.0087000001;0.0087000001
;US-DC;1932;p90p100;120082.3;;0.3874;0.3874
;US-DC;1932;p90p95;109880.3;;0.1772;0.1772
;US-DC;1932;p95p99;100962.6;;0.1303;0.1303
;US-DC;1932;p99.5p99.9;336557.09;;0.043400001;0.043400001
;US-DC;1932;p99.9p99.99;892886.0;;0.025900001;0.025900001
;US-DC;1932;p99p99.5;182872.2;;0.0295;0.0295
;US-DC;1932;p95p100;147146.7;;0.23729999;0.23729999
;US-DC;1932;p0p90;20146.5;;0.58490002;0.58490002
;US-DC;1932;p0p99;27943.801;;0.89240003;0.89240003
;US-DC;1932;p99.5p100;484087.19;;0.078100003;0.078100003
;US-DC;1931;p0p100;6442869.5;6782960969.0;1.0;1.0
;US-DC;1931;p99p100;386698.5;;0.1225;0.1225
;US-DC;1931;p99.9p100;1298388.4;;0.041099999;0.041099999
;US-DC;1931;p99.99p100;3497334.0;;0.0111;0.0111
;US-DC;1931;p90p100;137475.7;;0.43540001;0.43540001
;US-DC;1931;p90p95;149209.8;;0.23630001;0.23630001
;US-DC;1931;p95p99;110096.3;;0.13950001;0.13950001
;US-DC;1931;p99.5p99.9;382209.69;;0.0484;0.0484
;US-DC;1931;p99.9p99.99;1054060.8;;0.029999999;0.029999999
;US-DC;1931;p99p99.5;207951.5;;0.032900002;0.032900002
;US-DC;1931;p95p100;164848.7;;0.26109999;0.26109999
;US-DC;1931;p0p90;17601.801;;0.50169998;0.50169998
;US-DC;1931;p0p99;27985.9;;0.8775;0.8775
;US-DC;1931;p99.5p100;565445.38;;0.089500003;0.089500003
;US-DC;1930;p0p100;5205997.5;6386149501.0;1.0;1.0
;US-DC;1930;p99p100;415461.41;;0.1355;0.1355
;US-DC;1930;p99.9p100;1460546.6;;0.047600001;0.047600001
;US-DC;1930;p99.99p100;3866925.0;;0.0126;0.0126
;US-DC;1930;p90p100;128780.7;;0.4199;0.4199
;US-DC;1930;p90p95;120400.7;;0.1963;0.1963
;US-DC;1930;p95p99;100739.1;;0.1314;0.1314
;US-DC;1930;p99.5p99.9;408015.41;;0.053199999;0.053199999
;US-DC;1930;p99.9p99.99;1193171.3;;0.035;0.035
;US-DC;1930;p99p99.5;212401.2;;0.034600001;0.034600001
;US-DC;1930;p95p100;163329.59;;0.26620001;0.26620001
;US-DC;1930;p0p90;18298.199;;0.53689998;0.53689998
;US-DC;1930;p0p99;26785.801;;0.86449999;0.86449999
;US-DC;1930;p99.5p100;618521.69;;0.1008;0.1008
;US-DC;1929;p0p100;5078028.5;6433997687.0;1.0;1.0
;US-DC;1929;p99p100;559301.0;;0.1776;0.1776
;US-DC;1929;p99.9p100;2258674.3;;0.071699999;0.071699999
;US-DC;1929;p99.99p100;6987272.0;;0.0222;0.0222
;US-DC;1929;p90p100;139234.59;;0.44209999;0.44209999
;US-DC;1929;p90p95;102186.6;;0.1622;0.1622
;US-DC;1929;p95p99;103528.5;;0.13150001;0.13150001
;US-DC;1929;p99.5p99.9;520968.09;;0.066200003;0.066200003
;US-DC;1929;p99.9p99.99;1733275.3;;0.0495;0.0495
;US-DC;1929;p99p99.5;250092.7;;0.039700001;0.039700001
;US-DC;1929;p95p100;194446.59;;0.3087;0.3087
;US-DC;1929;p0p90;18501.301;;0.52869999;0.52869999
;US-DC;1929;p0p99;26163.301;;0.82239997;0.82239997
;US-DC;1929;p99.5p100;868509.19;;0.13789999;0.13789999
;US-DC;1928;p0p100;5020510.5;6242779551.0;1.0;1.0
;US-DC;1928;p99p100;574563.0;;0.18449999;0.18449999
;US-DC;1928;p99.9p100;2185370.5;;0.070200004;0.070200004
;US-DC;1928;p99.99p100;6749789.5;;0.0217;0.0217
;US-DC;1928;p90p100;140281.91;;0.45050001;0.45050001
;US-DC;1928;p90p95;96667.703;;0.1552;0.1552
;US-DC;1928;p95p99;105636.4;;0.1357;0.1357
;US-DC;1928;p99.5p99.9;555899.13;;0.071400002;0.071400002
;US-DC;1928;p99.9p99.99;1678212.9;;0.048500001;0.048500001
;US-DC;1928;p99p99.5;267332.69;;0.0429;0.0429
;US-DC;1928;p95p100;199136.3;;0.31979999;0.31979999
;US-DC;1928;p0p90;18148.301;;0.52460003;0.52460003
;US-DC;1928;p0p99;25648.801;;0.81550002;0.81550002
;US-DC;1928;p99.5p100;881793.38;;0.1416;0.1416
;US-DC;1927;p0p100;4743995.0;5936208240.0;1.0;1.0
;US-DC;1927;p99p100;508902.81;;0.1683;0.1683
;US-DC;1927;p99.9p100;1989310.3;;0.065800004;0.065800004
;US-DC;1927;p99.99p100;7031144.0;;0.0233;0.0233
;US-DC;1927;p90p100;128259.7;;0.42429999;0.42429999
;US-DC;1927;p90p95;88096.0;;0.14569999;0.14569999
;US-DC;1927;p95p99;97957.898;;0.1296;0.1296
;US-DC;1927;p99.5p99.9;479046.5;;0.0634;0.0634
;US-DC;1927;p99.9p99.99;1429106.4;;0.0425;0.0425
;US-DC;1927;p99p99.5;236706.41;;0.039099999;0.039099999
;US-DC;1927;p95p100;179995.91;;0.29769999;0.29769999
;US-DC;1927;p0p90;18688.0;;0.55629998;0.55629998
;US-DC;1927;p0p99;25396.301;;0.83170003;0.83170003
;US-DC;1927;p99.5p100;781099.19;;0.1292;0.1292
;US-DC;1926;p0p100;4572686.5;5811995807.0;1.0;1.0
;US-DC;1926;p99p100;482126.0;;0.1593;0.1593
;US-DC;1926;p99.9p100;1716646.3;;0.056699999;0.056699999
;US-DC;1926;p99.99p100;5227793.0;;0.0173;0.0173
;US-DC;1926;p90p100;125582.7;;0.4149;0.4149
;US-DC;1926;p90p95;88044.297;;0.1454;0.1454
;US-DC;1926;p95p99;96930.602;;0.12809999;0.12809999
;US-DC;1926;p99.5p99.9;473468.31;;0.062600002;0.062600002
;US-DC;1926;p99.9p99.99;1326518.8;;0.0394;0.0394
;US-DC;1926;p99p99.5;242148.2;;0.039999999;0.039999999
;US-DC;1926;p95p100;173859.5;;0.2872;0.2872
;US-DC;1926;p0p90;19078.4;;0.56720001;0.56720001
;US-DC;1926;p0p99;25707.0;;0.84069997;0.84069997
;US-DC;1926;p99.5p100;722103.88;;0.1193;0.1193
;US-DC;1925;p0p100;4719833.5;5757369543.0;1.0;1.0
;US-DC;1925;p99p100;491179.41;;0.1602;0.1602
;US-DC;1925;p99.9p100;1763808.1;;0.057500001;0.057500001
;US-DC;1925;p99.99p100;5241324.0;;0.017100001;0.017100001
;US-DC;1925;p90p100;124257.8;;0.40529999;0.40529999
;US-DC;1925;p90p95;82369.102;;0.13429999;0.13429999
;US-DC;1925;p95p99;95242.797;;0.1243;0.1243
;US-DC;1925;p99.5p99.9;484239.69;;0.063199997;0.063199997
;US-DC;1925;p99.9p99.99;1377417.5;;0.040399998;0.040399998
;US-DC;1925;p99p99.5;242205.41;;0.039500002;0.039500002
;US-DC;1925;p95p100;174349.41;;0.2843;0.2843
;US-DC;1925;p0p90;19798.5;;0.5812;0.5812
;US-DC;1925;p0p99;26006.801;;0.8398;0.8398
;US-DC;1925;p99.5p100;740153.31;;0.1207;0.1207
;US-DC;1924;p0p100;4821450.0;5462243821.0;1.0;1.0
;US-DC;1924;p99p100;410628.59;;0.13789999;0.13789999
;US-DC;1924;p99.9p100;1300761.1;;0.043699998;0.043699998
;US-DC;1924;p99.99p100;3582195.8;;0.012;0.012
;US-DC;1924;p90p100;104174.5;;0.3497;0.3497
;US-DC;1924;p90p95;56190.699;;0.094300002;0.094300002
;US-DC;1924;p95p99;87382.5;;0.1173;0.1173
;US-DC;1924;p99.5p99.9;428087.31;;0.057500001;0.057500001
;US-DC;1924;p99.9p99.99;1047268.5;;0.031599998;0.031599998
;US-DC;1924;p99p99.5;218635.09;;0.036699999;0.036699999
;US-DC;1924;p95p100;152031.7;;0.2552;0.2552
;US-DC;1924;p0p90;21528.6;;0.6505;0.6505
;US-DC;1924;p0p99;25939.9;;0.86210001;0.86210001
;US-DC;1924;p99.5p100;602622.0;;0.1012;0.1012
;US-DC;1923;p0p100;4935674.5;5415804322.0;1.0;1.0
;US-DC;1923;p99p100;392855.91;;0.1293;0.1293
;US-DC;1923;p99.9p100;1259698.3;;0.041499998;0.041499998
;US-DC;1923;p99.99p100;2972648.0;;0.0098000001;0.0098000001
;US-DC;1923;p90p100;130166.0;;0.42860001;0.42860001
;US-DC;1923;p90p95;83364.203;;0.1372;0.1372
;US-DC;1923;p95p99;123553.9;;0.1627;0.1627
;US-DC;1923;p99.5p99.9;397762.59;;0.0524;0.0524
;US-DC;1923;p99.9p99.99;1069377.5;;0.0317;0.0317
;US-DC;1923;p99p99.5;215562.7;;0.035500001;0.035500001
;US-DC;1923;p95p100;177414.2;;0.29210001;0.29210001
;US-DC;1923;p0p90;19260.6;;0.57069999;0.57069999
;US-DC;1923;p0p99;26712.1;;0.8707;0.8707
;US-DC;1923;p99.5p100;570149.19;;0.093900003;0.093900003
;US-DC;1922;p0p100;4718700.5;4868150222.0;1.0;1.0
;US-DC;1922;p99p100;396233.69;;0.14139999;0.14139999
;US-DC;1922;p99.9p100;1338528.1;;0.047800001;0.047800001
;US-DC;1922;p99.99p100;3989148.5;;0.0142;0.0142
;US-DC;1922;p90p100;100671.8;;0.3592;0.3592
;US-DC;1922;p90p95;53487.199;;0.095399998;0.095399998
;US-DC;1922;p95p99;85709.898;;0.1223;0.1223
;US-DC;1922;p99.5p99.9;399997.5;;0.057100002;0.057100002
;US-DC;1922;p99.9p99.99;1044014.7;;0.033500001;0.033500001
;US-DC;1922;p99p99.5;204763.8;;0.036499999;0.036499999
;US-DC;1922;p95p100;147814.7;;0.26370001;0.26370001
;US-DC;1922;p0p90;19954.801;;0.6408;0.6408
;US-DC;1922;p0p99;24305.1;;0.85860002;0.85860002
;US-DC;1922;p99.5p100;587703.63;;0.1049;0.1049
;US-DC;1921;p0p100;3653857.8;4200054132.0;1.0;1.0
;US-DC;1921;p99p100;317996.5;;0.1285;0.1285
;US-DC;1921;p99.9p100;1013644.0;;0.041000001;0.041000001
;US-DC;1921;p99.99p100;2336972.0;;0.0093999999;0.0093999999
;US-DC;1921;p90p100;91391.898;;0.36939999;0.36939999
;US-DC;1921;p90p95;55649.898;;0.1125;0.1125
;US-DC;1921;p95p99;79654.0;;0.1288;0.1288
;US-DC;1921;p99.5p99.9;325669.59;;0.052700002;0.052700002
;US-DC;1921;p99.9p99.99;866607.5;;0.031500001;0.031500001
;US-DC;1921;p99p99.5;172728.5;;0.034899998;0.034899998
;US-DC;1921;p95p100;127322.5;;0.25729999;0.25729999
;US-DC;1921;p0p90;17323.0;;0.63020003;0.63020003
;US-DC;1921;p0p99;21777.1;;0.87150002;0.87150002
;US-DC;1921;p99.5p100;463264.5;;0.093599997;0.093599997
;US-DC;1920;p0p100;2702749.3;3783496269.0;1.0;1.0
;US-DC;1920;p99p100;295302.59;;0.1288;0.1288
;US-DC;1920;p99.9p100;1009414.2;;0.044;0.044
;US-DC;1920;p99.99p100;2678936.5;;0.0117;0.0117
;US-DC;1920;p90p100;76773.297;;0.3348;0.3348
;US-DC;1920;p90p95;41869.801;;0.091300003;0.091300003
;US-DC;1920;p95p99;65756.898;;0.1147;0.1147
;US-DC;1920;p99.5p99.9;294125.41;;0.0513;0.0513
;US-DC;1920;p99.9p99.99;823911.63;;0.032299999;0.032299999
;US-DC;1920;p99p99.5;153422.0;;0.033500001;0.033500001
;US-DC;1920;p95p100;111666.1;;0.24349999;0.24349999
;US-DC;1920;p0p90;16948.6;;0.6652;0.6652
;US-DC;1920;p0p99;20179.301;;0.87120003;0.87120003
;US-DC;1920;p99.5p100;437183.09;;0.095299996;0.095299996
;US-DC;1919;p0p100;4036448.3;4079716611.0;1.0;1.0
;US-DC;1919;p99p100;349500.59;;0.13689999;0.13689999
;US-DC;1919;p99.9p100;1257675.8;;0.0493;0.0493
;US-DC;1919;p99.99p100;3514598.8;;0.0138;0.0138
;US-DC;1919;p90p100;85768.797;;0.336;0.336
;US-DC;1919;p90p95;43530.801;;0.085299999;0.085299999
;US-DC;1919;p95p99;72668.102;;0.1139;0.1139
;US-DC;1919;p99.5p99.9;338760.0;;0.053100001;0.053100001
;US-DC;1919;p99.9p99.99;1008124.3;;0.035500001;0.035500001
;US-DC;1919;p99p99.5;176049.2;;0.034499999;0.034499999
;US-DC;1919;p95p100;128034.6;;0.25080001;0.25080001
;US-DC;1919;p0p90;18830.699;;0.66399997;0.66399997
;US-DC;1919;p0p99;22252.5;;0.86309999;0.86309999
;US-DC;1919;p99.5p100;522952.0;;0.1024;0.1024
;US-DC;1918;p0p100;5397514.0;4029333222.0;1.0;1.0
;US-DC;1918;p99p100;384469.59;;0.1486;0.1486
;US-DC;1918;p99.9p100;1417128.4;;0.0548;0.0548
;US-DC;1918;p99.99p100;3755070.5;;0.0145;0.0145
;US-DC;1918;p90p100;92769.703;;0.35859999;0.35859999
;US-DC;1918;p90p95;48937.102;;0.094599999;0.094599999
;US-DC;1918;p95p99;74607.797;;0.1153;0.1153
;US-DC;1918;p99.5p99.9;373843.81;;0.057799999;0.057799999
;US-DC;1918;p99.9p99.99;1157381.9;;0.0403;0.0403
;US-DC;1918;p99p99.5;186440.8;;0.035999998;0.035999998
;US-DC;1918;p95p100;136580.2;;0.26390001;0.26390001
;US-DC;1918;p0p90;18441.699;;0.6415;0.6415
;US-DC;1918;p0p99;22251.199;;0.85140002;0.85140002
;US-DC;1918;p99.5p100;582498.88;;0.1126;0.1126
;US-DC;1917;p0p100;7971511.5;4258854599.0;1.0;1.0
;US-DC;1917;p99p100;409551.5;;0.1478;0.1478
;US-DC;1917;p99.9p100;1672301.8;;0.060400002;0.060400002
;US-DC;1917;p99.99p100;4669442.0;;0.016899999;0.016899999
;US-DC;1917;p90p100;100183.5;;0.36160001;0.36160001
;US-DC;1917;p90p95;57820.801;;0.1044;0.1044
