Variable Name;.;.;.;Fiscal income  | tax unit | Average | Adults | constant 2015 local currency;Fiscal income  | tax unit | Total | Adults | constant 2015 local currency;Fiscal income  | tax unit | Share | Adults | share of total (ratio);Pre-tax national income  | tax unit | Share | Adults | share of total (ratio)
Variable Category;.;.;.;Income inequality;Income inequality;Income inequality;Income inequality
Variable Description;.;.;.;Average Fiscal income within a given percentile group. Fiscal income is defined as the sum of all income items reported on income tax returns, before any deduction. It includes labour income, capital income and mixed income. The concept of fiscal income varies with national tax legislations, so in order to make international comparisons it is preferable to use the concept of national income. The population is comprised of individuals over age 20. The base unit is the tax unit defined by national fiscal administrations to measure personal income taxes.;Total Fiscal income  within a given percentile group. Fiscal income is defined as the sum of all income items reported on income tax returns, before any deduction. It includes labour income, capital income and mixed income. The concept of fiscal income varies with national tax legislations, so in order to make international comparisons it is preferable to use the concept of national income. The population is comprised of individuals over age 20.;Fiscal income share held by a given percentile group. Fiscal income is defined as the sum of all income items reported on income tax returns, before any deduction. It includes labour income, capital income and mixed income. The concept of fiscal income varies with national tax legislations, so in order to make international comparisons it is preferable to use the concept of national income. The population is comprised of individuals over age 20. The base unit is the tax unit defined by national fiscal administrations to measure personal income taxes.;Pre-tax national income share held by a given percentile group. Pre-tax national income  is the sum of all pre-tax personal income flows accruing to the owners of the production factors, labor and capital, before taking into account the operation of the tax/transfer system, but after taking into account the operation of pension system. The central difference between personal factor income and pre-tax income is the treatment of pensions, which are counted on a contribution basis by factor income and on a distribution basis by pre-tax income. The population is comprised of individuals over age 20. The base unit is the tax unit defined by national fiscal administrations to measure personal income taxes.
Variable Decomposition;.;.;.;[Fiscal income ]=[Fiscal labour income ]+[Fiscal capital income ];[Fiscal income ]=[Fiscal labour income ]+[Fiscal capital income ];[Fiscal income ]=[Fiscal labour income ]+[Fiscal capital income ];Pre-tax national income =Pre-tax labor income [total pre-tax income ranking]+Pre-tax capital income [total pre-tax income ranking]
Variable Unit;.;.;.;"USD; United States dollar | local currency | market";"USD; United States dollar | local currency | market";share;share
Methodological Notes;.;.;.;;;;Assuming the same distribution as fiscal income.
Sources;.;.;.;Frank, Sommeiller, Price & Saez (2015);Frank, Sommeiller, Price & Saez (2015);Frank, Sommeiller, Price & Saez (2015);WID.world computations using: Frank, Sommeiller, Price & Saez (2015)
Variable Code;country;year;perc;afiinc992t;mfiinc992t;sfiinc992t;sptinc992t
;US-RI;2015;p0p100;62924.5;35989785241.0;1.0;1.0
;US-RI;2015;p99p100;1026638.9;;0.16320001;0.16320001
;US-RI;2015;p99.9p100;4448228.5;;0.070699997;0.070699997
;US-RI;2015;p99.99p100;18328132.0;;0.029100001;0.029100001
;US-RI;2015;p90p100;278416.19;;0.4425;0.4425
;US-RI;2015;p90p95;154831.5;;0.123;0.123
;US-RI;2015;p95p99;244392.5;;0.15539999;0.15539999
;US-RI;2015;p99.5p99.9;878253.0;;0.055799998;0.055799998
;US-RI;2015;p99.9p99.99;2941824.5;;0.042100001;0.042100001
;US-RI;2015;p99p99.5;459524.91;;0.036499999;0.036499999
;US-RI;2015;p95p100;401259.41;;0.3188;0.3188
;US-RI;2015;p0p90;39017.898;;0.55809999;0.55809999
;US-RI;2015;p0p99;53190.0;;0.83679998;0.83679998
;US-RI;2015;p99.5p100;1592386.9;;0.1265;0.1265
;US-RI;2014;p0p100;59836.398;34142416419.0;1.0;1.0
;US-RI;2014;p99p100;1074957.3;;0.18009999;0.18009999
;US-RI;2014;p99.9p100;5137609.5;;0.086099997;0.086099997
;US-RI;2014;p99.99p100;24624352.0;;0.041299999;0.041299999
;US-RI;2014;p90p100;276880.41;;0.46380001;0.46380001
;US-RI;2014;p90p95;150397.59;;0.126;0.126
;US-RI;2014;p95p99;235223.09;;0.1576;0.1576
;US-RI;2014;p99.5p99.9;850846.69;;0.057;0.057
;US-RI;2014;p99.9p99.99;2972817.5;;0.044799998;0.044799998
;US-RI;2014;p99p99.5;441884.19;;0.037;0.037
;US-RI;2014;p95p100;403122.81;;0.33770001;0.33770001
;US-RI;2014;p0p90;35572.199;;0.5363;0.5363
;US-RI;2014;p0p99;49439.398;;0.81989998;0.81989998
;US-RI;2014;p99.5p100;1708016.3;;0.14309999;0.14309999
;US-RI;2013;p0p100;61242.199;33204861576.0;1.0;1.0
;US-RI;2013;p99p100;929996.63;;0.15719999;0.15719999
;US-RI;2013;p99.9p100;4008579.0;;0.0678;0.0678
;US-RI;2013;p99.99p100;17754906.0;;0.029999999;0.029999999
;US-RI;2013;p90p100;256305.3;;0.4332;0.4332
;US-RI;2013;p90p95;146672.0;;0.124;0.124
;US-RI;2013;p95p99;224364.2;;0.1517;0.1517
;US-RI;2013;p99.5p99.9;780963.81;;0.0528;0.0528
;US-RI;2013;p99.9p99.99;2484698.3;;0.037799999;0.037799999
;US-RI;2013;p99p99.5;433722.31;;0.036699999;0.036699999
;US-RI;2013;p95p100;365547.5;;0.3089;0.3089
;US-RI;2013;p0p90;37277.398;;0.56709999;0.56709999
;US-RI;2013;p0p99;50365.801;;0.84280002;0.84280002
;US-RI;2013;p99.5p100;1426585.0;;0.1206;0.1206
;US-RI;2012;p0p100;63258.801;34025276436.0;1.0;1.0
;US-RI;2012;p99p100;1057585.8;;0.17820001;0.17820001
;US-RI;2012;p99.9p100;5084704.5;;0.085699998;0.085699998
;US-RI;2012;p99.99p100;24059082.0;;0.0405;0.0405
;US-RI;2012;p90p100;269602.81;;0.4542;0.4542
;US-RI;2012;p90p95;146457.2;;0.1234;0.1234
;US-RI;2012;p95p99;225939.41;;0.1523;0.1523
;US-RI;2012;p99.5p99.9;837610.13;;0.056400001;0.056400001
;US-RI;2012;p99.9p99.99;2988523.5;;0.045299999;0.045299999
;US-RI;2012;p99p99.5;428464.41;;0.0361;0.0361
;US-RI;2012;p95p100;392192.5;;0.33039999;0.33039999
;US-RI;2012;p0p90;36010.801;;0.546;0.546
;US-RI;2012;p0p99;49275.398;;0.82179999;0.82179999
;US-RI;2012;p99.5p100;1686810.8;;0.14210001;0.14210001
;US-RI;2011;p0p100;61632.301;31876132877.0;1.0;1.0
;US-RI;2011;p99p100;950186.69;;0.17120001;0.17120001
;US-RI;2011;p99.9p100;4500371.5;;0.081100002;0.081100002
;US-RI;2011;p99.99p100;21773300.0;;0.0392;0.0392
;US-RI;2011;p90p100;255776.0;;0.46079999;0.46079999
;US-RI;2011;p90p95;146162.5;;0.13169999;0.13169999
;US-RI;2011;p95p99;218545.7;;0.1575;0.1575
;US-RI;2011;p99.5p99.9;751317.5;;0.054099999;0.054099999
;US-RI;2011;p99.9p99.99;2577257.3;;0.0418;0.0418
;US-RI;2011;p99p99.5;399321.09;;0.035999998;0.035999998
;US-RI;2011;p95p100;364842.59;;0.32859999;0.32859999
;US-RI;2011;p0p90;33291.5;;0.53979999;0.53979999
;US-RI;2011;p0p99;46473.898;;0.82880002;0.82880002
;US-RI;2011;p99.5p100;1501077.3;;0.13519999;0.13519999
;US-RI;2010;p0p100;67591.203;32261058935.0;1.0;1.0
;US-RI;2010;p99p100;906881.38;;0.1585;0.1585
;US-RI;2010;p99.9p100;4082103.5;;0.071400002;0.071400002
;US-RI;2010;p99.99p100;18786428.0;;0.0328;0.0328
;US-RI;2010;p90p100;251614.59;;0.43979999;0.43979999
;US-RI;2010;p90p95;145975.09;;0.1276;0.1276
;US-RI;2010;p95p99;218847.41;;0.153;0.153
;US-RI;2010;p99.5p99.9;745325.31;;0.052099999;0.052099999
;US-RI;2010;p99.9p99.99;2447129.5;;0.0385;0.0385
;US-RI;2010;p99p99.5;400832.5;;0.035;0.035
;US-RI;2010;p95p100;356406.31;;0.31150001;0.31150001
;US-RI;2010;p0p90;35655.801;;0.56089997;0.56089997
;US-RI;2010;p0p99;48626.801;;0.84149998;0.84149998
;US-RI;2010;p99.5p100;1413452.8;;0.1235;0.1235
;US-RI;2009;p0p100;68086.102;30509543802.0;1.0;1.0
;US-RI;2009;p99p100;813754.63;;0.1459;0.1459
;US-RI;2009;p99.9p100;3268728.5;;0.058600001;0.058600001
;US-RI;2009;p99.99p100;13463614.0;;0.0241;0.0241
;US-RI;2009;p90p100;240781.3;;0.4316;0.4316
;US-RI;2009;p90p95;144996.09;;0.13;0.13
;US-RI;2009;p95p99;215845.5;;0.1548;0.1548
;US-RI;2009;p99.5p99.9;693528.5;;0.049699999;0.049699999
;US-RI;2009;p99.9p99.99;2083708.5;;0.033599999;0.033599999
;US-RI;2009;p99p99.5;399487.0;;0.035799999;0.035799999
;US-RI;2009;p95p100;335744.09;;0.30090001;0.30090001
;US-RI;2009;p0p90;35451.5;;0.57200003;0.57200003
;US-RI;2009;p0p99;48127.0;;0.85409999;0.85409999
;US-RI;2009;p99.5p100;1222107.8;;0.1095;0.1095
;US-RI;2008;p0p100;73146.398;33346643288.0;1.0;1.0
;US-RI;2008;p99p100;999331.13;;0.1656;0.1656
;US-RI;2008;p99.9p100;4360293.0;;0.0722;0.0722
;US-RI;2008;p99.99p100;18546826.0;;0.0307;0.0307
;US-RI;2008;p90p100;266537.09;;0.44159999;0.44159999
;US-RI;2008;p90p95;150332.59;;0.1245;0.1245
;US-RI;2008;p95p99;224950.5;;0.14910001;0.14910001
;US-RI;2008;p99.5p99.9;820849.81;;0.054400001;0.054400001
;US-RI;2008;p99.9p99.99;2725805.0;;0.040600002;0.040600002
;US-RI;2008;p99p99.5;440127.31;;0.036499999;0.036499999
;US-RI;2008;p95p100;381416.5;;0.31600001;0.31600001
;US-RI;2008;p0p90;37834.801;;0.56419998;0.56419998
;US-RI;2008;p0p99;50873.301;;0.8344;0.8344
;US-RI;2008;p99.5p100;1548034.3;;0.12819999;0.12819999
;US-RI;2007;p0p100;86159.0;36481240199.0;1.0;1.0
;US-RI;2007;p99p100;1284418.8;;0.1948;0.1948
;US-RI;2007;p99.9p100;6107408.0;;0.092600003;0.092600003
;US-RI;2007;p99.99p100;27342408.0;;0.041499998;0.041499998
;US-RI;2007;p90p100;303300.19;;0.46000001;0.46000001
;US-RI;2007;p90p95;154090.3;;0.1169;0.1169
;US-RI;2007;p95p99;240780.5;;0.1461;0.1461
;US-RI;2007;p99.5p99.9;1017517.8;;0.061700001;0.061700001
;US-RI;2007;p99.9p99.99;3713229.8;;0.050700001;0.050700001
;US-RI;2007;p99p99.5;506410.31;;0.038400002;0.038400002
;US-RI;2007;p95p100;451280.59;;0.34220001;0.34220001
;US-RI;2007;p0p90;39912.301;;0.54479998;0.54479998
;US-RI;2007;p0p99;53627.199;;0.80519998;0.80519998
;US-RI;2007;p99.5p100;2052197.9;;0.1556;0.1556
;US-RI;2006;p0p100;88063.297;35519462342.0;1.0;1.0
;US-RI;2006;p99p100;1166994.9;;0.1831;0.1831
;US-RI;2006;p99.9p100;5272634.5;;0.082699999;0.082699999
;US-RI;2006;p99.99p100;22107252.0;;0.034699999;0.034699999
;US-RI;2006;p90p100;287292.31;;0.4508;0.4508
;US-RI;2006;p90p95;150786.3;;0.1183;0.1183
;US-RI;2006;p95p99;234673.41;;0.1473;0.1473
;US-RI;2006;p99.5p99.9;961617.31;;0.060400002;0.060400002
;US-RI;2006;p99.9p99.99;3389145.0;;0.047899999;0.047899999
;US-RI;2006;p99p99.5;486792.69;;0.038199998;0.038199998
;US-RI;2006;p95p100;422551.0;;0.33149999;0.33149999
;US-RI;2006;p0p90;39175.301;;0.55330002;0.55330002
;US-RI;2006;p0p99;52581.301;;0.81690001;0.81690001
;US-RI;2006;p99.5p100;1837951.1;;0.1442;0.1442
;US-RI;2005;p0p100;91087.102;34451598920.0;1.0;1.0
;US-RI;2005;p99p100;1057370.6;;0.17110001;0.17110001
;US-RI;2005;p99.9p100;4537111.0;;0.073399998;0.073399998
;US-RI;2005;p99.99p100;18135096.0;;0.029300001;0.029300001
;US-RI;2005;p90p100;272884.09;;0.44159999;0.44159999
;US-RI;2005;p90p95;144605.5;;0.117;0.117
;US-RI;2005;p95p99;233907.59;;0.1514;0.1514
;US-RI;2005;p99.5p99.9;891671.13;;0.057700001;0.057700001
;US-RI;2005;p99.9p99.99;3013542.0;;0.043900002;0.043900002
;US-RI;2005;p99p99.5;468765.09;;0.037900001;0.037900001
;US-RI;2005;p95p100;399671.69;;0.32339999;0.32339999
;US-RI;2005;p0p90;38635.801;;0.56269997;0.56269997
;US-RI;2005;p0p99;51738.699;;0.82889998;0.82889998
;US-RI;2005;p99.5p100;1636455.5;;0.13240001;0.13240001
;US-RI;2004;p0p100;94854.898;33449019439.0;1.0;1.0
;US-RI;2004;p99p100;1011113.2;;0.16779999;0.16779999
;US-RI;2004;p99.9p100;4390094.0;;0.072899997;0.072899997
;US-RI;2004;p99.99p100;18248600.0;;0.030300001;0.030300001
;US-RI;2004;p90p100;264810.31;;0.43959999;0.43959999
;US-RI;2004;p90p95;144943.91;;0.1203;0.1203
;US-RI;2004;p95p99;225983.41;;0.15000001;0.15000001
;US-RI;2004;p99.5p99.9;845779.69;;0.056200001;0.056200001
;US-RI;2004;p99.9p99.99;2831733.0;;0.042300001;0.042300001
;US-RI;2004;p99p99.5;452913.19;;0.037599999;0.037599999
;US-RI;2004;p95p100;383326.81;;0.31810001;0.31810001
;US-RI;2004;p0p90;37707.0;;0.56330001;0.56330001
;US-RI;2004;p0p99;50639.199;;0.83219999;0.83219999
;US-RI;2004;p99.5p100;1564474.4;;0.12980001;0.12980001
;US-RI;2003;p0p100;94524.102;31906079554.0;1.0;1.0
;US-RI;2003;p99p100;856304.19;;0.1505;0.1505
;US-RI;2003;p99.9p100;3473884.3;;0.061000001;0.061000001
;US-RI;2003;p99.99p100;13937693.0;;0.024499999;0.024499999
;US-RI;2003;p90p100;242706.3;;0.42640001;0.42640001
;US-RI;2003;p90p95;139672.3;;0.1227;0.1227
;US-RI;2003;p95p99;216970.3;;0.1525;0.1525
;US-RI;2003;p99.5p99.9;741642.19;;0.052099999;0.052099999
;US-RI;2003;p99.9p99.99;2289327.0;;0.036200002;0.036200002
;US-RI;2003;p99p99.5;413417.0;;0.0363;0.0363
;US-RI;2003;p95p100;345294.09;;0.30329999;0.30329999
;US-RI;2003;p0p90;36406.102;;0.57569999;0.57569999
;US-RI;2003;p0p99;48841.102;;0.8495;0.8495
;US-RI;2003;p99.5p100;1295728.3;;0.1138;0.1138
;US-RI;2002;p0p100;96800.602;30920426559.0;1.0;1.0
;US-RI;2002;p99p100;812981.0;;0.14579999;0.14579999
;US-RI;2002;p99.9p100;3185475.5;;0.057100002;0.057100002
;US-RI;2002;p99.99p100;12272984.0;;0.022;0.022
;US-RI;2002;p90p100;236937.3;;0.4249;0.4249
;US-RI;2002;p90p95;138686.59;;0.1243;0.1243
;US-RI;2002;p95p99;214894.8;;0.1541;0.1541
;US-RI;2002;p99.5p99.9;718169.38;;0.0515;0.0515
;US-RI;2002;p99.9p99.99;2160608.5;;0.034899998;0.034899998
;US-RI;2002;p99p99.5;405434.91;;0.036400001;0.036400001
;US-RI;2002;p95p100;334845.5;;0.30019999;0.30019999
;US-RI;2002;p0p90;35740.102;;0.57679999;0.57679999
;US-RI;2002;p0p99;48119.301;;0.85420001;0.85420001
;US-RI;2002;p99.5p100;1217826.8;;0.1092;0.1092
;US-RI;2001;p0p100;103328.6;31040858485.0;1.0;1.0
;US-RI;2001;p99p100;944801.88;;0.1639;0.1639
;US-RI;2001;p99.9p100;4251031.0;;0.073700003;0.073700003
;US-RI;2001;p99.99p100;19292502.0;;0.033500001;0.033500001
;US-RI;2001;p90p100;252630.2;;0.4382;0.4382
;US-RI;2001;p90p95;141917.8;;0.1231;0.1231
;US-RI;2001;p95p99;217299.59;;0.1508;0.1508
;US-RI;2001;p99.5p99.9;760443.81;;0.0528;0.0528
;US-RI;2001;p99.9p99.99;2577488.5;;0.040199999;0.040199999
;US-RI;2001;p99p99.5;431326.81;;0.0374;0.0374
;US-RI;2001;p95p100;362953.0;;0.31479999;0.31479999
;US-RI;2001;p0p90;36017.699;;0.56230003;0.56230003
;US-RI;2001;p0p99;48690.102;;0.83609998;0.83609998
;US-RI;2001;p99.5p100;1458630.8;;0.1265;0.1265
;US-RI;2000;p0p100;114883.9;32368988967.0;1.0;1.0
;US-RI;2000;p99p100;1113973.0;;0.1837;0.1837
;US-RI;2000;p99.9p100;5437551.0;;0.089699998;0.089699998
;US-RI;2000;p99.99p100;24782408.0;;0.040899999;0.040899999
;US-RI;2000;p90p100;277029.31;;0.45680001;0.45680001
;US-RI;2000;p90p95;143440.7;;0.1183;0.1183
;US-RI;2000;p95p99;232992.91;;0.15369999;0.15369999
;US-RI;2000;p99.5p99.9;868135.63;;0.057300001;0.057300001
;US-RI;2000;p99.9p99.99;3292319.0;;0.048900001;0.048900001
;US-RI;2000;p99p99.5;443262.19;;0.036499999;0.036499999
;US-RI;2000;p95p100;409891.09;;0.33790001;0.33790001
;US-RI;2000;p0p90;36692.699;;0.54449999;0.54449999
;US-RI;2000;p0p99;50005.699;;0.81629997;0.81629997
;US-RI;2000;p99.5p100;1783949.3;;0.1471;0.1471
;US-RI;1999;p0p100;124028.5;30746791026.0;1.0;1.0
;US-RI;1999;p99p100;995948.81;;0.16249999;0.16249999
;US-RI;1999;p99.9p100;4287431.0;;0.069899999;0.069899999
;US-RI;1999;p99.99p100;16854374.0;;0.0275;0.0275
;US-RI;1999;p90p100;262091.09;;0.4276;0.4276
;US-RI;1999;p90p95;141690.0;;0.1156;0.1156
;US-RI;1999;p95p99;228413.41;;0.14910001;0.14910001
;US-RI;1999;p99.5p99.9;845068.69;;0.055100001;0.055100001
;US-RI;1999;p99.9p99.99;2920718.0;;0.0429;0.0429
;US-RI;1999;p99p99.5;456436.69;;0.0372;0.0372
;US-RI;1999;p95p100;382100.91;;0.31169999;0.31169999
;US-RI;1999;p0p90;38998.0;;0.57260001;0.57260001
;US-RI;1999;p0p99;51854.801;;0.83749998;0.83749998
;US-RI;1999;p99.5p100;1535354.0;;0.1252;0.1252
;US-RI;1998;p0p100;122939.9;29148332862.0;1.0;1.0
;US-RI;1998;p99p100;963892.13;;0.1653;0.1653
;US-RI;1998;p99.9p100;4290170.0;;0.073600002;0.073600002
;US-RI;1998;p99.99p100;17765162.0;;0.0305;0.0305
;US-RI;1998;p90p100;250284.09;;0.42930001;0.42930001
;US-RI;1998;p90p95;134885.8;;0.1157;0.1157
;US-RI;1998;p95p99;215528.3;;0.1479;0.1479
;US-RI;1998;p99.5p99.9;800496.5;;0.054900002;0.054900002
;US-RI;1998;p99.9p99.99;2804726.0;;0.043299999;0.043299999
;US-RI;1998;p99p99.5;428546.91;;0.036800001;0.036800001
;US-RI;1998;p95p100;365414.0;;0.3134;0.3134
;US-RI;1998;p0p90;36988.102;;0.57099998;0.57099998
;US-RI;1998;p0p99;49152.801;;0.83469999;0.83469999
;US-RI;1998;p99.5p100;1499176.8;;0.1286;0.1286
;US-RI;1997;p0p100;116087.5;27062707005.0;1.0;1.0
;US-RI;1997;p99p100;882798.0;;0.1649;0.1649
;US-RI;1997;p99.9p100;3917569.8;;0.073200002;0.073200002
;US-RI;1997;p99.99p100;16494245.0;;0.0308;0.0308
;US-RI;1997;p90p100;233028.8;;0.43520001;0.43520001
;US-RI;1997;p90p95;128198.1;;0.1197;0.1197
;US-RI;1997;p95p99;201382.3;;0.1504;0.1504
;US-RI;1997;p99.5p99.9;731560.0;;0.0546;0.0546
;US-RI;1997;p99.9p99.99;2523060.3;;0.042399999;0.042399999
;US-RI;1997;p99p99.5;396538.09;;0.037;0.037
;US-RI;1997;p95p100;337726.91;;0.3154;0.3154
;US-RI;1997;p0p90;33612.199;;0.565;0.565
;US-RI;1997;p0p99;45169.0;;0.8351;0.8351
;US-RI;1997;p99.5p100;1368922.0;;0.1278;0.1278
;US-RI;1996;p0p100;116583.0;25422571046.0;1.0;1.0
;US-RI;1996;p99p100;713375.38;;0.13850001;0.13850001
;US-RI;1996;p99.9p100;2727318.0;;0.052900001;0.052900001
;US-RI;1996;p99.99p100;10150607.0;;0.0197;0.0197
;US-RI;1996;p90p100;210171.09;;0.40790001;0.40790001
;US-RI;1996;p90p95;124486.1;;0.1208;0.1208
;US-RI;1996;p95p99;191254.0;;0.1485;0.1485
;US-RI;1996;p99.5p99.9;641844.19;;0.049800001;0.049800001
;US-RI;1996;p99.9p99.99;1899973.4;;0.033199999;0.033199999
;US-RI;1996;p99p99.5;363446.5;;0.035300002;0.035300002
;US-RI;1996;p95p100;295736.69;;0.287;0.287
;US-RI;1996;p0p90;33932.301;;0.5927;0.5927
;US-RI;1996;p0p99;44837.898;;0.86150002;0.86150002
;US-RI;1996;p99.5p100;1062321.1;;0.1031;0.1031
;US-RI;1995;p0p100;120108.5;24555568965.0;1.0;1.0
;US-RI;1995;p99p100;680507.38;;0.13510001;0.13510001
;US-RI;1995;p99.9p100;2582251.8;;0.0513;0.0513
;US-RI;1995;p99.99p100;9545950.0;;0.018999999;0.018999999
;US-RI;1995;p90p100;202223.09;;0.40149999;0.40149999
;US-RI;1995;p90p95;121794.0;;0.1209;0.1209
;US-RI;1995;p95p99;183137.41;;0.1455;0.1455
;US-RI;1995;p99.5p99.9;617724.0;;0.0491;0.0491
;US-RI;1995;p99.9p99.99;1808764.6;;0.032299999;0.032299999
;US-RI;1995;p99p99.5;348976.81;;0.034600001;0.034600001
;US-RI;1995;p95p100;282593.5;;0.28049999;0.28049999
;US-RI;1995;p0p90;33500.898;;0.59869999;0.59869999
;US-RI;1995;p0p99;43999.199;;0.86489999;0.86489999
;US-RI;1995;p99.5p100;1011814.4;;0.1004;0.1004
;US-RI;1994;p0p100;119101.3;23499160591.0;1.0;1.0
;US-RI;1994;p99p100;597530.31;;0.12549999;0.12549999
;US-RI;1994;p99.9p100;2150590.5;;0.045200001;0.045200001
;US-RI;1994;p99.99p100;7769533.0;;0.0163;0.0163
;US-RI;1994;p90p100;187848.41;;0.39449999;0.39449999
;US-RI;1994;p90p95;116336.8;;0.1221;0.1221
;US-RI;1994;p95p99;174795.09;;0.1468;0.1468
;US-RI;1994;p99.5p99.9;550656.88;;0.046300001;0.046300001
;US-RI;1994;p99.9p99.99;1520639.5;;0.0287;0.0287
;US-RI;1994;p99p99.5;322098.31;;0.033799998;0.033799998
;US-RI;1994;p95p100;259317.91;;0.2723;0.2723
;US-RI;1994;p0p90;32059.5;;0.60589999;0.60589999
;US-RI;1994;p0p99;42066.199;;0.87449998;0.87449998
;US-RI;1994;p99.5p100;872637.5;;0.091600001;0.091600001
;US-RI;1993;p0p100;122515.6;23367694834.0;1.0;1.0
;US-RI;1993;p99p100;590608.88;;0.1258;0.1258
;US-RI;1993;p99.9p100;2158510.5;;0.046;0.046
;US-RI;1993;p99.99p100;7927352.0;;0.016899999;0.016899999
;US-RI;1993;p90p100;184654.0;;0.39320001;0.39320001
;US-RI;1993;p90p95;112966.3;;0.1203;0.1203
;US-RI;1993;p95p99;172768.59;;0.1472;0.1472
;US-RI;1993;p99.5p99.9;544029.31;;0.046300001;0.046300001
;US-RI;1993;p99.9p99.99;1512462.3;;0.028999999;0.028999999
;US-RI;1993;p99p99.5;312226.69;;0.033199999;0.033199999
;US-RI;1993;p95p100;256299.0;;0.27289999;0.27289999
;US-RI;1993;p0p90;31677.301;;0.60710001;0.60710001
;US-RI;1993;p0p99;41468.5;;0.87419999;0.87419999
;US-RI;1993;p99.5p100;868513.13;;0.092500001;0.092500001
;US-RI;1992;p0p100;128730.9;23480550738.0;1.0;1.0
;US-RI;1992;p99p100;622628.63;;0.13249999;0.13249999
;US-RI;1992;p99.9p100;2361609.8;;0.050299998;0.050299998
;US-RI;1992;p99.99p100;8897538.0;;0.0189;0.0189
;US-RI;1992;p90p100;186940.0;;0.3978;0.3978
;US-RI;1992;p90p95;113137.9;;0.1204;0.1204
;US-RI;1992;p95p99;170318.91;;0.145;0.145
;US-RI;1992;p99.5p99.9;568481.13;;0.0484;0.0484
;US-RI;1992;p99.9p99.99;1634464.3;;0.031300001;0.031300001
;US-RI;1992;p99p99.5;317311.09;;0.033799998;0.033799998
;US-RI;1992;p95p100;260790.0;;0.2775;0.2775
;US-RI;1992;p0p90;31443.1;;0.60219997;0.60219997
;US-RI;1992;p0p99;41175.102;;0.86750001;0.86750001
;US-RI;1992;p99.5p100;927794.81;;0.098700002;0.098700002
;US-RI;1991;p0p100;131478.5;23238136592.0;1.0;1.0
;US-RI;1991;p99p100;597255.31;;0.13079999;0.13079999
;US-RI;1991;p99.9p100;2285179.0;;0.050099999;0.050099999
;US-RI;1991;p99.99p100;8711403.0;;0.019099999;0.019099999
;US-RI;1991;p90p100;183376.5;;0.40169999;0.40169999
;US-RI;1991;p90p95;114641.9;;0.1256;0.1256
;US-RI;1991;p95p99;165963.91;;0.1454;0.1454
;US-RI;1991;p99.5p99.9;543936.63;;0.047699999;0.047699999
;US-RI;1991;p99.9p99.99;1571140.0;;0.030999999;0.030999999
;US-RI;1991;p99p99.5;302314.81;;0.033100002;0.033100002
;US-RI;1991;p95p100;252216.09;;0.27630001;0.27630001
;US-RI;1991;p0p90;30339.301;;0.59820002;0.59820002
;US-RI;1991;p0p99;40076.801;;0.86919999;0.86919999
;US-RI;1991;p99.5p100;892196.31;;0.0977;0.0977
;US-RI;1990;p0p100;152897.2;24992896722.0;1.0;1.0
;US-RI;1990;p99p100;634120.63;;0.12819999;0.12819999
;US-RI;1990;p99.9p100;2380598.5;;0.048099998;0.048099998
;US-RI;1990;p99.99p100;8809047.0;;0.0178;0.0178
;US-RI;1990;p90p100;188709.09;;0.38139999;0.38139999
;US-RI;1990;p90p95;114836.6;;0.1161;0.1161
;US-RI;1990;p95p99;169683.5;;0.1372;0.1372
;US-RI;1990;p99.5p99.9;586954.38;;0.047499999;0.047499999
;US-RI;1990;p99.9p99.99;1667870.4;;0.030300001;0.030300001
;US-RI;1990;p99p99.5;322281.91;;0.032600001;0.032600001
;US-RI;1990;p95p100;262590.5;;0.26539999;0.26539999
;US-RI;1990;p0p90;34003.301;;0.61860001;0.61860001
;US-RI;1990;p0p99;43567.801;;0.87180001;0.87180001
;US-RI;1990;p99.5p100;945725.0;;0.095600002;0.095600002
;US-RI;1989;p0p100;177559.5;25809404401.0;1.0;1.0
;US-RI;1989;p99p100;687340.88;;0.1319;0.1319
;US-RI;1989;p99.9p100;2731248.5;;0.0524;0.0524
;US-RI;1989;p99.99p100;10722421.0;;0.0206;0.0206
;US-RI;1989;p90p100;198218.2;;0.38029999;0.38029999
;US-RI;1989;p90p95;117382.8;;0.1126;0.1126
;US-RI;1989;p95p99;175466.2;;0.1346;0.1346
;US-RI;1989;p99.5p99.9;608179.13;;0.046700001;0.046700001
;US-RI;1989;p99.9p99.99;1824925.0;;0.031500001;0.031500001
;US-RI;1989;p99p99.5;332664.41;;0.0319;0.0319
;US-RI;1989;p95p100;278846.19;;0.26750001;0.26750001
;US-RI;1989;p0p90;36032.398;;0.6221;0.6221
;US-RI;1989;p0p99;45711.398;;0.86809999;0.86809999
;US-RI;1989;p99.5p100;1038322.6;;0.099600002;0.099600002
;US-RI;1988;p0p100;192233.8;25272198381.0;1.0;1.0
;US-RI;1988;p99p100;778760.88;;0.15019999;0.15019999
;US-RI;1988;p99.9p100;3368403.0;;0.064900003;0.064900003
;US-RI;1988;p99.99p100;13978196.0;;0.027000001;0.027000001
;US-RI;1988;p90p100;207192.7;;0.39950001;0.39950001
;US-RI;1988;p90p95;116857.9;;0.1127;0.1127
;US-RI;1988;p95p99;176536.09;;0.1362;0.1362
;US-RI;1988;p99.5p99.9;667500.81;;0.0515;0.0515
;US-RI;1988;p99.9p99.99;2181150.3;;0.037799999;0.037799999
;US-RI;1988;p99p99.5;345546.81;;0.033300001;0.033300001
;US-RI;1988;p95p100;297433.81;;0.28670001;0.28670001
;US-RI;1988;p0p90;34668.0;;0.60159999;0.60159999
;US-RI;1988;p0p99;44521.801;;0.84979999;0.84979999
;US-RI;1988;p99.5p100;1210254.6;;0.1167;0.1167
;US-RI;1987;p0p100;193662.3;23107748030.0;1.0;1.0
;US-RI;1987;p99p100;603867.63;;0.1242;0.1242
;US-RI;1987;p99.9p100;2319559.5;;0.047699999;0.047699999
;US-RI;1987;p99.99p100;8967878.0;;0.0184;0.0184
;US-RI;1987;p90p100;183719.91;;0.3779;0.3779
;US-RI;1987;p90p95;113002.9;;0.1162;0.1162
;US-RI;1987;p95p99;166880.7;;0.1373;0.1373
;US-RI;1987;p99.5p99.9;543165.5;;0.0447;0.0447
;US-RI;1987;p99.9p99.99;1578131.0;;0.029200001;0.029200001
;US-RI;1987;p99p99.5;307979.0;;0.0317;0.0317
;US-RI;1987;p95p100;254413.91;;0.2617;0.2617
;US-RI;1987;p0p90;33623.301;;0.62239999;0.62239999
;US-RI;1987;p0p99;43007.398;;0.87580001;0.87580001
;US-RI;1987;p99.5p100;899245.0;;0.092500001;0.092500001
;US-RI;1986;p0p100;214048.0;23307000122.0;1.0;1.0
;US-RI;1986;p99p100;813147.81;;0.1617;0.1617
;US-RI;1986;p99.9p100;3875706.0;;0.077100001;0.077100001
;US-RI;1986;p99.99p100;17975916.0;;0.035799999;0.035799999
;US-RI;1986;p90p100;202070.41;;0.40189999;0.40189999
;US-RI;1986;p90p95;108580.0;;0.108;0.108
;US-RI;1986;p95p99;167365.59;;0.1332;0.1332
;US-RI;1986;p99.5p99.9;661870.5;;0.052700002;0.052700002
;US-RI;1986;p99.9p99.99;2331971.5;;0.041700002;0.041700002
;US-RI;1986;p99p99.5;329875.0;;0.0328;0.0328
;US-RI;1986;p95p100;295744.09;;0.29409999;0.29409999
;US-RI;1986;p0p90;33290.699;;0.5959;0.5959
;US-RI;1986;p0p99;42572.801;;0.83829999;0.83829999
;US-RI;1986;p99.5p100;1299697.1;;0.1292;0.1292
;US-RI;1985;p0p100;202367.59;21011882959.0;1.0;1.0
;US-RI;1985;p99p100;541926.13;;0.1182;0.1182
;US-RI;1985;p99.9p100;2245303.5;;0.048999999;0.048999999
;US-RI;1985;p99.99p100;9308802.0;;0.020300001;0.020300001
;US-RI;1985;p90p100;162915.8;;0.35530001;0.35530001
;US-RI;1985;p90p95;100182.4;;0.1092;0.1092
;US-RI;1985;p95p99;146194.5;;0.1275;0.1275
;US-RI;1985;p99.5p99.9;461519.69;;0.0403;0.0403
;US-RI;1985;p99.9p99.99;1450955.5;;0.0285;0.0285
;US-RI;1985;p99p99.5;262643.81;;0.0286;0.0286
;US-RI;1985;p95p100;225596.3;;0.24600001;0.24600001
;US-RI;1985;p0p90;32895.898;;0.64560002;0.64560002
;US-RI;1985;p0p99;40848.5;;0.8818;0.8818
;US-RI;1985;p99.5p100;820123.38;;0.089400001;0.089400001
;US-RI;1984;p0p100;204294.5;20013104419.0;1.0;1.0
;US-RI;1984;p99p100;499487.91;;0.1154;0.1154
;US-RI;1984;p99.9p100;2088866.8;;0.048300002;0.048300002
;US-RI;1984;p99.99p100;9107472.0;;0.021;0.021
;US-RI;1984;p90p100;152012.91;;0.3513;0.3513
;US-RI;1984;p90p95;94331.297;;0.109;0.109
;US-RI;1984;p95p99;137378.0;;0.127;0.127
;US-RI;1984;p99.5p99.9;422158.09;;0.039000001;0.039000001
;US-RI;1984;p99.9p99.99;1314544.3;;0.0273;0.0273
;US-RI;1984;p99p99.5;244751.5;;0.0283;0.0283
;US-RI;1984;p95p100;209701.3;;0.2423;0.2423
;US-RI;1984;p0p90;31172.9;;0.64829999;0.64829999
;US-RI;1984;p0p99;38665.301;;0.88459998;0.88459998
;US-RI;1984;p99.5p100;754665.13;;0.087200001;0.087200001
;US-RI;1983;p0p100;219772.5;18940316018.0;1.0;1.0
;US-RI;1983;p99p100;437756.5;;0.1062;0.1062
;US-RI;1983;p99.9p100;1708950.1;;0.041499998;0.041499998
;US-RI;1983;p99.99p100;7160386.0;;0.0174;0.0174
;US-RI;1983;p90p100;141893.91;;0.34439999;0.34439999
;US-RI;1983;p90p95;91787.602;;0.1114;0.1114
;US-RI;1983;p95p99;130600.2;;0.1268;0.1268
;US-RI;1983;p99.5p99.9;383280.91;;0.0372;0.0372
;US-RI;1983;p99.9p99.99;1106140.9;;0.0242;0.0242
;US-RI;1983;p99p99.5;228069.91;;0.0277;0.0277
;US-RI;1983;p95p100;191967.2;;0.23289999;0.23289999
;US-RI;1983;p0p90;30006.199;;0.65539998;0.65539998
;US-RI;1983;p0p99;37198.398;;0.89380002;0.89380002
;US-RI;1983;p99.5p100;647783.19;;0.078599997;0.078599997
;US-RI;1982;p0p100;221336.09;18294225421.0;1.0;1.0
;US-RI;1982;p99p100;440213.19;;0.1106;0.1106
;US-RI;1982;p99.9p100;1702726.3;;0.042800002;0.042800002
;US-RI;1982;p99.99p100;7069774.5;;0.0178;0.0178
;US-RI;1982;p90p100;139942.09;;0.35159999;0.35159999
;US-RI;1982;p90p95;89488.203;;0.1124;0.1124
;US-RI;1982;p95p99;128084.7;;0.1287;0.1287
;US-RI;1982;p99.5p99.9;386281.31;;0.038800001;0.038800001
;US-RI;1982;p99.9p99.99;1106387.8;;0.025;0.025
;US-RI;1982;p99p99.5;230856.09;;0.028999999;0.028999999
;US-RI;1982;p95p100;190155.2;;0.23890001;0.23890001
;US-RI;1982;p0p90;28665.0;;0.64819998;0.64819998
;US-RI;1982;p0p99;35753.801;;0.88940001;0.88940001
;US-RI;1982;p99.5p100;649570.31;;0.081600003;0.081600003
;US-RI;1981;p0p100;253533.41;18235809428.0;1.0;1.0
;US-RI;1981;p99p100;385462.09;;0.095100001;0.095100001
;US-RI;1981;p99.9p100;1286506.8;;0.0317;0.0317
;US-RI;1981;p99.99p100;4480966.0;;0.0111;0.0111
;US-RI;1981;p90p100;141401.5;;0.34869999;0.34869999
;US-RI;1981;p90p95;103135.9;;0.12720001;0.12720001
;US-RI;1981;p95p99;128700.6;;0.127;0.127
;US-RI;1981;p99.5p99.9;360960.31;;0.035599999;0.035599999
;US-RI;1981;p99.9p99.99;930861.69;;0.0207;0.0207
;US-RI;1981;p99p99.5;224240.8;;0.0277;0.0277
;US-RI;1981;p95p100;180082.41;;0.2221;0.2221
;US-RI;1981;p0p90;29323.199;;0.65090001;0.65090001
;US-RI;1981;p0p99;37062.602;;0.90490001;0.90490001
;US-RI;1981;p99.5p100;546542.63;;0.067400001;0.067400001
;US-RI;1980;p0p100;310258.19;18227808061.0;1.0;1.0
;US-RI;1980;p99p100;418428.69;;0.1012;0.1012
;US-RI;1980;p99.9p100;1449417.6;;0.035;0.035
;US-RI;1980;p99.99p100;6009718.5;;0.0145;0.0145
;US-RI;1980;p90p100;144299.8;;0.3488;0.3488
;US-RI;1980;p90p95;96120.5;;0.1162;0.1162
;US-RI;1980;p95p99;135987.2;;0.13150001;0.13150001
;US-RI;1980;p99.5p99.9;385514.59;;0.037300002;0.037300002
;US-RI;1980;p99.9p99.99;943322.69;;0.020500001;0.020500001
;US-RI;1980;p99p99.5;238631.3;;0.0288;0.0288
;US-RI;1980;p95p100;192471.59;;0.2326;0.2326
;US-RI;1980;p0p90;29929.4;;0.6512;0.6512
;US-RI;1980;p0p99;37558.398;;0.89880002;0.89880002
;US-RI;1980;p99.5p100;598229.0;;0.072300002;0.072300002
;US-RI;1979;p0p100;373664.31;17813657232.0;1.0;1.0
;US-RI;1979;p99p100;410763.41;;0.1018;0.1018
;US-RI;1979;p99.9p100;1275526.6;;0.031599998;0.031599998
;US-RI;1979;p99.99p100;4592530.5;;0.0114;0.0114
;US-RI;1979;p90p100;144605.2;;0.3583;0.3583
;US-RI;1979;p90p95;95096.398;;0.1178;0.1178
;US-RI;1979;p95p99;139972.8;;0.13869999;0.13869999
;US-RI;1979;p99.5p99.9;391307.5;;0.038800001;0.038800001
;US-RI;1979;p99.9p99.99;906612.13;;0.020199999;0.020199999
;US-RI;1979;p99p99.5;253489.2;;0.031399999;0.031399999
;US-RI;1979;p95p100;194123.0;;0.2405;0.2405
;US-RI;1979;p0p90;28778.4;;0.64170003;0.64170003
;US-RI;1979;p0p99;36620.801;;0.89819998;0.89819998
;US-RI;1979;p99.5p100;568340.63;;0.0704;0.0704
;US-RI;1978;p0p100;446822.81;17070168529.0;1.0;1.0
;US-RI;1978;p99p100;372442.31;;0.092699997;0.092699997
;US-RI;1978;p99.9p100;1055222.4;;0.0263;0.0263
;US-RI;1978;p99.99p100;3221736.5;;0.0080000004;0.0080000004
;US-RI;1978;p90p100;137030.41;;0.3409;0.3409
;US-RI;1978;p90p95;90252.203;;0.1123;0.1123
;US-RI;1978;p95p99;136837.41;;0.1362;0.1362
;US-RI;1978;p99.5p99.9;360035.0;;0.035799999;0.035799999
;US-RI;1978;p99.9p99.99;814302.81;;0.018200001;0.018200001
;US-RI;1978;p99p99.5;245876.7;;0.0306;0.0306
;US-RI;1978;p95p100;183952.5;;0.2288;0.2288
;US-RI;1978;p0p90;29427.6;;0.65890002;0.65890002
;US-RI;1978;p0p99;36839.5;;0.9073;0.9073
;US-RI;1978;p99.5p100;499124.31;;0.062100001;0.062100001
;US-RI;1977;p0p100;514825.91;16677858556.0;1.0;1.0
;US-RI;1977;p99p100;365168.0;;0.091300003;0.091300003
;US-RI;1977;p99.9p100;1056914.8;;0.0264;0.0264
;US-RI;1977;p99.99p100;3475729.5;;0.0087000001;0.0087000001
;US-RI;1977;p90p100;133569.2;;0.3339;0.3339
;US-RI;1977;p90p95;90536.797;;0.1131;0.1131
;US-RI;1977;p95p99;129463.3;;0.1294;0.1294
;US-RI;1977;p99.5p99.9;358123.0;;0.035799999;0.035799999
;US-RI;1977;p99.9p99.99;787978.0;;0.0177;0.0177
;US-RI;1977;p99p99.5;232418.91;;0.028999999;0.028999999
;US-RI;1977;p95p100;176599.7;;0.2207;0.2207
;US-RI;1977;p0p90;29613.1;;0.66619998;0.66619998
;US-RI;1977;p0p99;36724.102;;0.90869999;0.90869999
;US-RI;1977;p99.5p100;497948.59;;0.062199999;0.062199999
;US-RI;1976;p0p100;577312.0;16194375315.0;1.0;1.0
;US-RI;1976;p99p100;364842.0;;0.092200004;0.092200004
;US-RI;1976;p99.9p100;995760.19;;0.0252;0.0252
;US-RI;1976;p99.99p100;2710840.0;;0.0068999999;0.0068999999
;US-RI;1976;p90p100;132479.5;;0.33489999;0.33489999
;US-RI;1976;p90p95;90053.602;;0.1138;0.1138
;US-RI;1976;p95p99;127415.1;;0.12890001;0.12890001
;US-RI;1976;p99.5p99.9;359737.69;;0.036400001;0.036400001
;US-RI;1976;p99.9p99.99;805419.88;;0.018300001;0.018300001
;US-RI;1976;p99p99.5;242560.41;;0.0307;0.0307
;US-RI;1976;p95p100;174901.59;;0.2211;0.2211
;US-RI;1976;p0p90;29229.1;;0.66509998;0.66509998
;US-RI;1976;p0p99;36267.5;;0.90780002;0.90780002
;US-RI;1976;p99.5p100;487084.91;;0.0616;0.0616
;US-RI;1975;p0p100;618580.19;15246153876.0;1.0;1.0
;US-RI;1975;p99p100;345914.31;;0.091300003;0.091300003
;US-RI;1975;p99.9p100;934093.69;;0.024700001;0.024700001
;US-RI;1975;p99.99p100;2647538.3;;0.0070000002;0.0070000002
;US-RI;1975;p90p100;130477.6;;0.34439999;0.34439999
;US-RI;1975;p90p95;88402.797;;0.1167;0.1167
;US-RI;1975;p95p99;129201.3;;0.1364;0.1364
;US-RI;1975;p99.5p99.9;346264.0;;0.036600001;0.036600001
;US-RI;1975;p99.9p99.99;744218.63;;0.0177;0.0177
;US-RI;1975;p99p99.5;227704.91;;0.029999999;0.029999999
;US-RI;1975;p95p100;172543.3;;0.2277;0.2277
;US-RI;1975;p0p90;27602.4;;0.65570003;0.65570003
;US-RI;1975;p0p99;34777.102;;0.90869999;0.90869999
;US-RI;1975;p99.5p100;464018.91;;0.0612;0.0612
;US-RI;1974;p0p100;795219.0;16170677682.0;1.0;1.0
;US-RI;1974;p99p100;356037.19;;0.086999997;0.086999997
;US-RI;1974;p99.9p100;1012286.6;;0.024800001;0.024800001
;US-RI;1974;p99.99p100;3106351.0;;0.0076000001;0.0076000001
;US-RI;1974;p90p100;136796.3;;0.33450001;0.33450001
;US-RI;1974;p90p95;94696.602;;0.1158;0.1158
;US-RI;1974;p95p99;134342.8;;0.1314;0.1314
;US-RI;1974;p99.5p99.9;351721.69;;0.034400001;0.034400001
;US-RI;1974;p99.9p99.99;776185.5;;0.017100001;0.017100001
;US-RI;1974;p99p99.5;226511.91;;0.0277;0.0277
;US-RI;1974;p95p100;178913.41;;0.21870001;0.21870001
;US-RI;1974;p0p90;30270.199;;0.66610003;0.66610003
;US-RI;1974;p0p99;37717.199;;0.91299999;0.91299999
;US-RI;1974;p99.5p100;484863.19;;0.059300002;0.059300002
;US-RI;1973;p0p100;1052792.9;17074606195.0;1.0;1.0
;US-RI;1973;p99p100;392218.19;;0.089299999;0.089299999
;US-RI;1973;p99.9p100;1125673.1;;0.025599999;0.025599999
;US-RI;1973;p99.99p100;3478257.0;;0.0078999996;0.0078999996
;US-RI;1973;p90p100;144667.3;;0.3294;0.3294
;US-RI;1973;p90p95;95465.297;;0.1087;0.1087
;US-RI;1973;p95p99;144275.7;;0.1314;0.1314
;US-RI;1973;p99.5p99.9;391671.31;;0.035700001;0.035700001
;US-RI;1973;p99.9p99.99;863984.5;;0.0177;0.0177
;US-RI;1973;p99p99.5;245941.59;;0.028000001;0.028000001
;US-RI;1973;p95p100;193865.59;;0.2207;0.2207
;US-RI;1973;p0p90;32725.801;;0.6706;0.6706
;US-RI;1973;p0p99;40401.199;;0.91070002;0.91070002
;US-RI;1973;p99.5p100;538465.69;;0.061299998;0.061299998
;US-RI;1972;p0p100;1214876.4;17166231666.0;1.0;1.0
;US-RI;1972;p99p100;424385.59;;0.094499998;0.094499998
;US-RI;1972;p99.9p100;1554237.0;;0.034600001;0.034600001
;US-RI;1972;p99.99p100;7354112.5;;0.0164;0.0164
;US-RI;1972;p90p100;139517.09;;0.31060001;0.31060001
;US-RI;1972;p90p95;89709.0;;0.0999;0.0999
;US-RI;1972;p95p99;130552.2;;0.1163;0.1163
;US-RI;1972;p99.5p99.9;387904.69;;0.034499999;0.034499999
;US-RI;1972;p99.9p99.99;910185.81;;0.018200001;0.018200001
;US-RI;1972;p99p99.5;227939.7;;0.0254;0.0254
;US-RI;1972;p95p100;189317.0;;0.21070001;0.21070001
;US-RI;1972;p0p90;34406.301;;0.68940002;0.68940002
;US-RI;1972;p0p99;41086.102;;0.90549999;0.90549999
;US-RI;1972;p99.5p100;620831.63;;0.0691;0.0691
;US-RI;1971;p0p100;1254870.5;16344521900.0;1.0;1.0
;US-RI;1971;p99p100;382468.09;;0.087800004;0.087800004
;US-RI;1971;p99.9p100;1130746.5;;0.026000001;0.026000001
;US-RI;1971;p99.99p100;4034886.5;;0.0093;0.0093
;US-RI;1971;p90p100;135862.09;;0.31189999;0.31189999
;US-RI;1971;p90p95;90732.0;;0.1042;0.1042
;US-RI;1971;p95p99;130626.9;;0.12;0.12
;US-RI;1971;p99.5p99.9;373087.69;;0.034299999;0.034299999
;US-RI;1971;p99.9p99.99;808135.81;;0.0167;0.0167
;US-RI;1971;p99p99.5;240102.5;;0.0276;0.0276
;US-RI;1971;p95p100;180995.2;;0.2078;0.2078
;US-RI;1971;p0p90;33301.602;;0.68809998;0.68809998
;US-RI;1971;p0p99;40133.398;;0.91219997;0.91219997
;US-RI;1971;p99.5p100;524778.0;;0.060199998;0.060199998
;US-RI;1970;p0p100;1394821.4;16342065595.0;1.0;1.0
;US-RI;1970;p99p100;377382.59;;0.084899999;0.084899999
;US-RI;1970;p99.9p100;1078964.5;;0.0243;0.0243
;US-RI;1970;p99.99p100;3312562.3;;0.0074999998;0.0074999998
;US-RI;1970;p90p100;132318.59;;0.2978;0.2978
;US-RI;1970;p90p95;87201.703;;0.098099999;0.098099999
;US-RI;1970;p95p99;127418.6;;0.1147;0.1147
;US-RI;1970;p99.5p99.9;385213.91;;0.034699999;0.034699999
;US-RI;1970;p99.9p99.99;830273.69;;0.016799999;0.016799999
;US-RI;1970;p99p99.5;230601.0;;0.025900001;0.025900001
;US-RI;1970;p95p100;177418.7;;0.1996;0.1996
;US-RI;1970;p0p90;34673.5;;0.70230001;0.70230001
;US-RI;1970;p0p99;41072.301;;0.91509998;0.91509998
;US-RI;1970;p99.5p100;524175.69;;0.059;0.059
;US-RI;1969;p0p100;1554466.8;16154001130.0;1.0;1.0
;US-RI;1969;p99p100;419973.41;;0.094800003;0.094800003
;US-RI;1969;p99.9p100;1450094.8;;0.032699998;0.032699998
;US-RI;1969;p99.99p100;5855327.0;;0.0132;0.0132
;US-RI;1969;p90p100;138832.41;;0.3134;0.3134
;US-RI;1969;p90p95;87671.602;;0.098899998;0.098899998
;US-RI;1969;p95p99;132499.91;;0.1196;0.1196
;US-RI;1969;p99.5p99.9;395523.59;;0.035700001;0.035700001
;US-RI;1969;p99.9p99.99;961222.19;;0.0195;0.0195
;US-RI;1969;p99p99.5;233416.0;;0.0263;0.0263
;US-RI;1969;p95p100;189988.2;;0.21439999;0.21439999
;US-RI;1969;p0p90;33802.699;;0.68660003;0.68660003
;US-RI;1969;p0p99;40511.199;;0.9052;0.9052
;US-RI;1969;p99.5p100;606517.19;;0.068400003;0.068400003
;US-RI;1968;p0p100;1779235.9;16511990370.0;1.0;1.0
;US-RI;1968;p99p100;482771.0;;0.1059;0.1059
;US-RI;1968;p99.9p100;1659477.9;;0.036400001;0.036400001
;US-RI;1968;p99.99p100;6104219.5;;0.0134;0.0134
;US-RI;1968;p90p100;145952.8;;0.32010001;0.32010001
;US-RI;1968;p90p95;86445.703;;0.094800003;0.094800003
;US-RI;1968;p95p99;136160.09;;0.1194;0.1194
;US-RI;1968;p99.5p99.9;452550.5;;0.039700001;0.039700001
;US-RI;1968;p99.9p99.99;1167554.9;;0.023;0.023
;US-RI;1968;p99p99.5;271629.91;;0.0298;0.0298
;US-RI;1968;p95p100;205479.8;;0.2253;0.2253
;US-RI;1968;p0p90;34443.301;;0.67979997;0.67979997
;US-RI;1968;p0p99;41181.398;;0.89410001;0.89410001
;US-RI;1968;p99.5p100;693879.0;;0.076099999;0.076099999
;US-RI;1967;p0p100;1851026.8;15712474549.0;1.0;1.0
;US-RI;1967;p99p100;464231.5;;0.1062;0.1062
;US-RI;1967;p99.9p100;1554477.4;;0.035599999;0.035599999
;US-RI;1967;p99.99p100;6000195.5;;0.0137;0.0137
;US-RI;1967;p90p100;139368.41;;0.31889999;0.31889999
;US-RI;1967;p90p95;82307.898;;0.0942;0.0942
;US-RI;1967;p95p99;129378.0;;0.1184;0.1184
;US-RI;1967;p99.5p99.9;430415.59;;0.0394;0.0394
;US-RI;1967;p99.9p99.99;1060499.1;;0.0218;0.0218
;US-RI;1967;p99p99.5;273256.0;;0.031300001;0.031300001
;US-RI;1967;p95p100;196375.0;;0.2247;0.2247
;US-RI;1967;p0p90;33071.301;;0.68110001;0.68110001
;US-RI;1967;p0p99;39449.301;;0.89380002;0.89380002
;US-RI;1967;p99.5p100;655231.63;;0.075000003;0.075000003
;US-RI;1966;p0p100;1865258.8;14780554020.0;1.0;1.0
;US-RI;1966;p99p100;412305.19;;0.0995;0.0995
;US-RI;1966;p99.9p100;1403082.6;;0.0339;0.0339
;US-RI;1966;p99.99p100;5402581.0;;0.013;0.013
;US-RI;1966;p90p100;126923.3;;0.30630001;0.30630001
;US-RI;1966;p90p95;75891.297;;0.091600001;0.091600001
;US-RI;1966;p95p99;119089.5;;0.115;0.115
;US-RI;1966;p99.5p99.9;382153.69;;0.036899999;0.036899999
;US-RI;1966;p99.9p99.99;958664.5;;0.0208;0.0208
;US-RI;1966;p99p99.5;238428.59;;0.0288;0.0288
;US-RI;1966;p95p100;177750.09;;0.2145;0.2145
;US-RI;1966;p0p90;31948.699;;0.69389999;0.69389999
;US-RI;1966;p0p99;37689.699;;0.9005;0.9005
;US-RI;1966;p99.5p100;586195.88;;0.070699997;0.070699997
;US-RI;1965;p0p100;1876930.5;13936338516.0;1.0;1.0
;US-RI;1965;p99p100;410935.81;;0.1043;0.1043
;US-RI;1965;p99.9p100;1332067.1;;0.033799998;0.033799998
;US-RI;1965;p99.99p100;4867067.0;;0.0123;0.0123
;US-RI;1965;p90p100;127504.2;;0.32350001;0.32350001
;US-RI;1965;p90p95;79189.102;;0.1005;0.1005
;US-RI;1965;p95p99;117046.2;;0.1188;0.1188
;US-RI;1965;p99.5p99.9;388056.41;;0.0394;0.0394
;US-RI;1965;p99.9p99.99;938581.88;;0.021400001;0.021400001
;US-RI;1965;p99p99.5;244935.41;;0.031099999;0.031099999
;US-RI;1965;p95p100;175820.5;;0.22310001;0.22310001
;US-RI;1965;p0p90;29623.6;;0.67650002;0.67650002
;US-RI;1965;p0p99;35658.102;;0.89569998;0.89569998
;US-RI;1965;p99.5p100;576908.0;;0.073200002;0.073200002
;US-RI;1964;p0p100;1842981.8;13125368422.0;1.0;1.0
;US-RI;1964;p99p100;372827.19;;0.0995;0.0995
;US-RI;1964;p99.9p100;1487707.9;;0.039700001;0.039700001
;US-RI;1964;p99.99p100;8194889.0;;0.0219;0.0219
;US-RI;1964;p90p100;125537.3;;0.33500001;0.33500001
;US-RI;1964;p90p95;75702.0;;0.101;0.101
;US-RI;1964;p95p99;126083.0;;0.1346;0.1346
;US-RI;1964;p99.5p99.9;327712.0;;0.035;0.035
;US-RI;1964;p99.9p99.99;743700.69;;0.017899999;0.017899999
;US-RI;1964;p99p99.5;186678.2;;0.024900001;0.024900001
;US-RI;1964;p95p100;175399.0;;0.234;0.234
;US-RI;1964;p0p90;27686.4;;0.66479999;0.66479999
;US-RI;1964;p0p99;34091.898;;0.9005;0.9005
;US-RI;1964;p99.5p100;559520.0;;0.074600004;0.074600004
;US-RI;1963;p0p100;1801571.9;12363171011.0;1.0;1.0
;US-RI;1963;p99p100;344590.19;;0.096500002;0.096500002
;US-RI;1963;p99.9p100;984937.5;;0.0276;0.0276
;US-RI;1963;p99.99p100;3197951.0;;0.0089999996;0.0089999996
;US-RI;1963;p90p100;111679.6;;0.31279999;0.31279999
;US-RI;1963;p90p95;70539.898;;0.098800004;0.098800004
;US-RI;1963;p95p99;104876.2;;0.1175;0.1175
;US-RI;1963;p99.5p99.9;360334.91;;0.040399998;0.040399998
;US-RI;1963;p99.9p99.99;739657.0;;0.0186;0.0186
;US-RI;1963;p99p99.5;203605.91;;0.0285;0.0285
;US-RI;1963;p95p100;152819.0;;0.214;0.214
;US-RI;1963;p0p90;27256.5;;0.68720001;0.68720001
;US-RI;1963;p0p99;32577.699;;0.90350002;0.90350002
;US-RI;1963;p99.5p100;485574.19;;0.068000004;0.068000004
;US-RI;1962;p0p100;1804927.9;11924581414.0;1.0;1.0
;US-RI;1962;p99p100;335031.69;;0.096199997;0.096199997
;US-RI;1962;p99.9p100;1062699.9;;0.0305;0.0305
;US-RI;1962;p99.99p100;3989085.0;;0.0115;0.0115
;US-RI;1962;p90p100;107579.9;;0.30880001;0.30880001
;US-RI;1962;p90p95;67545.398;;0.096900001;0.096900001
;US-RI;1962;p95p99;100759.7;;0.1157;0.1157
;US-RI;1962;p99.5p99.9;334964.0;;0.0385;0.0385
;US-RI;1962;p99.9p99.99;737221.88;;0.018999999;0.018999999
;US-RI;1962;p99p99.5;189437.5;;0.0272;0.0272
;US-RI;1962;p95p100;147614.09;;0.2119;0.2119
;US-RI;1962;p0p90;26753.6;;0.69120002;0.69120002
;US-RI;1962;p0p99;31803.1;;0.90380001;0.90380001
;US-RI;1962;p99.5p100;480628.41;;0.068999998;0.068999998
;US-RI;1961;p0p100;1772051.8;11331262936.0;1.0;1.0
;US-RI;1961;p99p100;341903.41;;0.102;0.102
;US-RI;1961;p99.9p100;1092314.1;;0.032600001;0.032600001
;US-RI;1961;p99.99p100;4370408.0;;0.013;0.013
;US-RI;1961;p90p100;108997.0;;0.3251;0.3251
;US-RI;1961;p90p95;66284.898;;0.098899998;0.098899998
;US-RI;1961;p95p99;104159.8;;0.1243;0.1243
;US-RI;1961;p99.5p99.9;270303.09;;0.032299999;0.032299999
;US-RI;1961;p99.9p99.99;727911.5;;0.0195;0.0195
;US-RI;1961;p99p99.5;249171.5;;0.0372;0.0372
;US-RI;1961;p95p100;151708.3;;0.2263;0.2263
;US-RI;1961;p0p90;25138.801;;0.6749;0.6749
;US-RI;1961;p0p99;30409.801;;0.898;0.898
;US-RI;1961;p99.5p100;434651.91;;0.064800002;0.064800002
;US-RI;1960;p0p100;1752853.3;10832776631.0;1.0;1.0
;US-RI;1960;p99p100;308029.31;;0.094800003;0.094800003
;US-RI;1960;p99.9p100;1073368.3;;0.033;0.033
;US-RI;1960;p99.99p100;4176733.0;;0.0129;0.0129
;US-RI;1960;p90p100;101267.2;;0.3116;0.3116
;US-RI;1960;p90p95;62864.199;;0.096699998;0.096699998
;US-RI;1960;p95p99;97581.0;;0.1201;0.1201
;US-RI;1960;p99.5p99.9;291554.19;;0.0359;0.0359
;US-RI;1960;p99.9p99.99;727802.38;;0.020199999;0.020199999
;US-RI;1960;p99p99.5;168389.5;;0.025900001;0.025900001
;US-RI;1960;p95p100;139670.5;;0.2149;0.2149
;US-RI;1960;p0p90;24857.9;;0.68839997;0.68839997
;US-RI;1960;p0p99;29716.301;;0.9052;0.9052
;US-RI;1960;p99.5p100;447673.09;;0.068899997;0.068899997
;US-RI;1959;p0p100;1835226.3;10967861634.0;1.0;1.0
;US-RI;1959;p99p100;317162.09;;0.0964;0.0964
;US-RI;1959;p99.9p100;1154295.0;;0.035100002;0.035100002
;US-RI;1959;p99.99p100;4916300.0;;0.0149;0.0149
;US-RI;1959;p90p100;100107.1;;0.3044;0.3044
;US-RI;1959;p90p95;62248.602;;0.094599999;0.094599999
;US-RI;1959;p95p99;93166.0;;0.1133;0.1133
;US-RI;1959;p99.5p99.9;296527.59;;0.0361;0.0361
;US-RI;1959;p99.9p99.99;735243.19;;0.020099999;0.020099999
;US-RI;1959;p99p99.5;166456.8;;0.0253;0.0253
;US-RI;1959;p95p100;137965.5;;0.2098;0.2098
;US-RI;1959;p0p90;25417.801;;0.69559997;0.69559997
;US-RI;1959;p0p99;30015.4;;0.90359998;0.90359998
;US-RI;1959;p99.5p100;467864.09;;0.071099997;0.071099997
;US-RI;1958;p0p100;1745260.0;10281591726.0;1.0;1.0
;US-RI;1958;p99p100;328935.09;;0.1066;0.1066
;US-RI;1958;p99.9p100;1177078.8;;0.038199998;0.038199998
;US-RI;1958;p99.99p100;5249275.0;;0.017000001;0.017000001
;US-RI;1958;p90p100;98008.797;;0.3177;0.3177
;US-RI;1958;p90p95;58801.0;;0.095299996;0.095299996
;US-RI;1958;p95p99;89284.797;;0.1158;0.1158
;US-RI;1958;p99.5p99.9;312981.19;;0.040600002;0.040600002
;US-RI;1958;p99.9p99.99;722159.63;;0.0211;0.0211
;US-RI;1958;p99p99.5;172447.91;;0.028000001;0.028000001
;US-RI;1958;p95p100;137215.5;;0.22239999;0.22239999
;US-RI;1958;p0p90;23384.199;;0.68229997;0.68229997
;US-RI;1958;p0p99;27835.301;;0.89340001;0.89340001
;US-RI;1958;p99.5p100;485424.41;;0.078699999;0.078699999
;US-RI;1957;p0p100;1819049.9;10146684981.0;1.0;1.0
;US-RI;1957;p99p100;319277.5;;0.1048;0.1048
;US-RI;1957;p99.9p100;1078214.4;;0.035399999;0.035399999
;US-RI;1957;p99.99p100;4073268.8;;0.0134;0.0134
;US-RI;1957;p90p100;91895.602;;0.30160001;0.30160001
;US-RI;1957;p90p95;57113.102;;0.093699999;0.093699999
;US-RI;1957;p95p99;78525.797;;0.1031;0.1031
;US-RI;1957;p99.5p99.9;303947.09;;0.039900001;0.039900001
;US-RI;1957;p99.9p99.99;744726.69;;0.022;0.022
;US-RI;1957;p99p99.5;179933.59;;0.0295;0.0295
;US-RI;1957;p95p100;126677.9;;0.2079;0.2079
;US-RI;1957;p0p90;23639.6;;0.69840002;0.69840002
;US-RI;1957;p0p99;27548.1;;0.89520001;0.89520001
;US-RI;1957;p99.5p100;458622.09;;0.075300001;0.075300001
;US-RI;1956;p0p100;2014185.0;10450551356.0;1.0;1.0
;US-RI;1956;p99p100;327564.5;;0.1041;0.1041
;US-RI;1956;p99.9p100;1131328.8;;0.035999998;0.035999998
;US-RI;1956;p99.99p100;3951885.8;;0.0126;0.0126
;US-RI;1956;p90p100;97728.898;;0.3107;0.3107
;US-RI;1956;p90p95;56760.398;;0.0902;0.0902
;US-RI;1956;p95p99;91241.203;;0.116;0.116
;US-RI;1956;p99.5p99.9;314290.81;;0.039999999;0.039999999
;US-RI;1956;p99.9p99.99;817781.69;;0.023399999;0.023399999
;US-RI;1956;p99p99.5;177661.0;;0.028200001;0.028200001
;US-RI;1956;p95p100;138505.7;;0.2202;0.2202
;US-RI;1956;p0p90;24097.9;;0.68959999;0.68959999
;US-RI;1956;p0p99;28461.4;;0.89590001;0.89590001
;US-RI;1956;p99.5p100;477468.91;;0.075900003;0.075900003
;US-RI;1955;p0p100;2066729.8;10385670601.0;1.0;1.0
;US-RI;1955;p99p100;428748.81;;0.13689999;0.13689999
;US-RI;1955;p99.9p100;1369573.3;;0.043699998;0.043699998
;US-RI;1955;p99.99p100;4063746.8;;0.013;0.013
;US-RI;1955;p90p100;106051.7;;0.33849999;0.33849999
;US-RI;1955;p90p95;52883.699;;0.084399998;0.084399998
;US-RI;1955;p95p99;90595.203;;0.1157;0.1157
;US-RI;1955;p99.5p99.9;475822.69;;0.060800001;0.060800001
;US-RI;1955;p99.9p99.99;1070329.9;;0.0307;0.0307
;US-RI;1955;p99p99.5;202929.8;;0.032400001;0.032400001
;US-RI;1955;p95p100;158266.09;;0.25260001;0.25260001
;US-RI;1955;p0p90;23081.0;;0.6631;0.6631
;US-RI;1955;p0p99;27314.1;;0.86309999;0.86309999
;US-RI;1955;p99.5p100;654567.19;;0.1045;0.1045
;US-RI;1954;p0p100;1927232.3;9733782026.0;1.0;1.0
;US-RI;1954;p99p100;319007.59;;0.1084;0.1084
;US-RI;1954;p99.9p100;1096778.9;;0.037300002;0.037300002
;US-RI;1954;p99.99p100;3892250.0;;0.0132;0.0132
;US-RI;1954;p90p100;90590.102;;0.30779999;0.30779999
;US-RI;1954;p90p95;51477.5;;0.087399997;0.087399997
;US-RI;1954;p95p99;81761.898;;0.1111;0.1111
;US-RI;1954;p99.5p99.9;307935.31;;0.0418;0.0418
;US-RI;1954;p99.9p99.99;786160.88;;0.024;0.024
;US-RI;1954;p99p99.5;172310.0;;0.029300001;0.029300001
;US-RI;1954;p95p100;129248.2;;0.21960001;0.21960001
;US-RI;1954;p0p90;22664.9;;0.69309998;0.69309998
;US-RI;1954;p0p99;26507.9;;0.89160001;0.89160001
;US-RI;1954;p99.5p100;465704.69;;0.079099998;0.079099998
;US-RI;1953;p0p100;1972203.4;9837109873.0;1.0;1.0
;US-RI;1953;p99p100;302040.41;;0.1013;0.1013
;US-RI;1953;p99.9p100;986917.81;;0.033100002;0.033100002
;US-RI;1953;p99.99p100;3321865.5;;0.0111;0.0111
;US-RI;1953;p90p100;90365.703;;0.303;0.303
;US-RI;1953;p90p95;53148.699;;0.089100003;0.089100003
;US-RI;1953;p95p99;83277.398;;0.1117;0.1117
;US-RI;1953;p99.5p99.9;294164.0;;0.039500002;0.039500002
;US-RI;1953;p99.9p99.99;726955.5;;0.0219;0.0219
;US-RI;1953;p99p99.5;171283.8;;0.0287;0.0287
;US-RI;1953;p95p100;127074.9;;0.2131;0.2131
;US-RI;1953;p0p90;23125.6;;0.6979;0.6979
;US-RI;1953;p0p99;27071.4;;0.8987;0.8987
;US-RI;1953;p99.5p100;432781.81;;0.0726;0.0726
;US-RI;1952;p0p100;1900327.8;9320945695.0;1.0;1.0
;US-RI;1952;p99p100;313225.81;;0.1107;0.1107
;US-RI;1952;p99.9p100;1058014.6;;0.0374;0.0374
;US-RI;1952;p99.99p100;3587761.5;;0.0127;0.0127
;US-RI;1952;p90p100;94912.797;;0.3353;0.3353
;US-RI;1952;p90p95;62407.5;;0.1102;0.1102
;US-RI;1952;p95p99;81582.398;;0.1153;0.1153
;US-RI;1952;p99.5p99.9;302937.59;;0.042800002;0.042800002
;US-RI;1952;p99.9p99.99;776263.88;;0.024700001;0.024700001
;US-RI;1952;p99p99.5;172393.8;;0.0305;0.0305
;US-RI;1952;p95p100;127962.9;;0.226;0.226
;US-RI;1952;p0p90;20878.5;;0.66390002;0.66390002
;US-RI;1952;p0p99;25427.4;;0.88929999;0.88929999
;US-RI;1952;p99.5p100;454039.09;;0.080200002;0.080200002
;US-RI;1951;p0p100;1948949.4;9132097565.0;1.0;1.0
;US-RI;1951;p99p100;377477.19;;0.1358;0.1358
;US-RI;1951;p99.9p100;1408876.8;;0.050700001;0.050700001
;US-RI;1951;p99.99p100;4333700.0;;0.0156;0.0156
;US-RI;1951;p90p100;96307.297;;0.34639999;0.34639999
;US-RI;1951;p90p95;54014.0;;0.097099997;0.097099997
;US-RI;1951;p95p99;79632.0;;0.1146;0.1146
;US-RI;1951;p99.5p99.9;359913.91;;0.051800001;0.051800001
;US-RI;1951;p99.9p99.99;1078953.0;;0.034899998;0.034899998
;US-RI;1951;p99p99.5;188613.5;;0.0339;0.0339
;US-RI;1951;p95p100;138638.3;;0.2493;0.2493
;US-RI;1951;p0p99;18311.4;;0.65210003;0.65210003
;US-RI;1951;p99.5p100;567758.0;;0.1021;0.1021
;US-RI;1950;p0p100;2191080.8;8794890606.0;1.0;1.0
;US-RI;1950;p99p100;370470.31;;0.138;0.138
;US-RI;1950;p99.9p100;1338021.6;;0.049800001;0.049800001
;US-RI;1950;p99.99p100;3858047.3;;0.0144;0.0144
;US-RI;1950;p90p100;95452.5;;0.3556;0.3556
;US-RI;1950;p90p95;54236.301;;0.101;0.101
;US-RI;1950;p95p99;78055.297;;0.1163;0.1163
;US-RI;1950;p99.5p99.9;355501.19;;0.052999999;0.052999999
;US-RI;1950;p99.9p99.99;1052189.3;;0.035300002;0.035300002
;US-RI;1950;p99p99.5;188793.41;;0.0352;0.0352
;US-RI;1950;p95p100;136657.2;;0.2545;0.2545
;US-RI;1950;p0p90;19233.9;;0.64490002;0.64490002
;US-RI;1950;p0p99;23372.301;;0.86199999;0.86199999
;US-RI;1950;p99.5p100;552096.19;;0.1028;0.1028
;US-RI;1949;p0p100;2010561.0;7820365189.0;1.0;1.0
;US-RI;1949;p99p100;304862.81;;0.12620001;0.12620001
;US-RI;1949;p99.9p100;1038998.9;;0.043000001;0.043000001
;US-RI;1949;p99.99p100;3112887.8;;0.0129;0.0129
;US-RI;1949;p90p100;82136.703;;0.34;0.34
;US-RI;1949;p90p95;44122.301;;0.091300003;0.091300003
;US-RI;1949;p95p99;74055.0;;0.1226;0.1226
;US-RI;1949;p99.5p99.9;301043.0;;0.049899999;0.049899999
;US-RI;1949;p99.9p99.99;808581.5;;0.030099999;0.030099999
;US-RI;1949;p99p99.5;161093.59;;0.033300001;0.033300001
;US-RI;1949;p95p100;120276.3;;0.249;0.249
;US-RI;1949;p0p90;17709.801;;0.65979999;0.65979999
;US-RI;1949;p0p99;21320.301;;0.87379998;0.87379998
;US-RI;1949;p99.5p100;448634.09;;0.092900001;0.092900001
;US-RI;1948;p0p100;2064378.9;8114556617.0;1.0;1.0
;US-RI;1948;p99p100;340839.41;;0.1348;0.1348
;US-RI;1948;p99.9p100;1221305.3;;0.048300002;0.048300002
;US-RI;1948;p99.99p100;4092582.0;;0.0162;0.0162
;US-RI;1948;p90p100;90460.203;;0.35769999;0.35769999
;US-RI;1948;p90p95;48829.5;;0.096500002;0.096500002
;US-RI;1948;p95p99;79907.898;;0.12639999;0.12639999
;US-RI;1948;p99.5p99.9;325779.41;;0.0515;0.0515
;US-RI;1948;p99.9p99.99;902264.81;;0.032099999;0.032099999
;US-RI;1948;p99p99.5;176788.41;;0.035;0.035
;US-RI;1948;p95p100;132116.8;;0.26120001;0.26120001
;US-RI;1948;p0p90;18049.9;;0.64230001;0.64230001
;US-RI;1948;p0p99;22103.699;;0.86519998;0.86519998
;US-RI;1948;p99.5p100;504887.09;;0.099799998;0.099799998
;US-RI;1947;p0p100;2530544.5;8485772616.0;1.0;1.0
;US-RI;1947;p99p100;333246.5;;0.1249;0.1249
;US-RI;1947;p99.9p100;1224249.8;;0.045899998;0.045899998
;US-RI;1947;p99.99p100;4391049.0;;0.0165;0.0165
;US-RI;1947;p90p100;87009.0;;0.32600001;0.32600001
;US-RI;1947;p90p95;45756.301;;0.085699998;0.085699998
;US-RI;1947;p95p99;76992.5;;0.1154;0.1154
;US-RI;1947;p99.5p99.9;315585.69;;0.0473;0.0473
;US-RI;1947;p99.9p99.99;872328.63;;0.0294;0.0294
;US-RI;1947;p99p99.5;169202.41;;0.0317;0.0317
;US-RI;1947;p95p100;128259.0;;0.2403;0.2403
;US-RI;1947;p0p90;19990.5;;0.67409998;0.67409998
;US-RI;1947;p0p99;23595.0;;0.87510002;0.87510002
;US-RI;1947;p99.5p100;497320.91;;0.093199998;0.093199998
;US-RI;1946;p0p100;3491207.3;8851081567.0;1.0;1.0
;US-RI;1946;p99p100;384132.0;;0.1364;0.1364
;US-RI;1946;p99.9p100;1325802.9;;0.0471;0.0471
;US-RI;1946;p99.99p100;3961165.5;;0.0141;0.0141
;US-RI;1946;p90p100;95144.5;;0.33790001;0.33790001
;US-RI;1946;p90p95;46397.898;;0.082400002;0.082400002
;US-RI;1946;p95p99;83815.203;;0.1191;0.1191
;US-RI;1946;p99.5p99.9;379026.09;;0.053800002;0.053800002
;US-RI;1946;p99.9p99.99;1033018.5;;0.033;0.033
;US-RI;1946;p99p99.5;199913.8;;0.035500001;0.035500001
;US-RI;1946;p95p100;143889.2;;0.25549999;0.25549999
;US-RI;1946;p0p90;20715.0;;0.66210002;0.66210002
;US-RI;1946;p0p99;24561.801;;0.86360002;0.86360002
;US-RI;1946;p99.5p100;568381.69;;0.1009;0.1009
;US-RI;1945;p0p100;4496165.0;9650312152.0;1.0;1.0
;US-RI;1945;p99p100;380791.81;;0.1237;0.1237
;US-RI;1945;p99.9p100;1276855.6;;0.041499998;0.041499998
;US-RI;1945;p99.99p100;3300911.5;;0.0107;0.0107
;US-RI;1945;p90p100;93756.203;;0.3046;0.3046
;US-RI;1945;p90p95;48098.102;;0.078100003;0.078100003
;US-RI;1945;p95p99;79039.5;;0.1027;0.1027
;US-RI;1945;p99.5p99.9;386765.81;;0.050299998;0.050299998
;US-RI;1945;p99.9p99.99;1056384.8;;0.0309;0.0309
;US-RI;1945;p99p99.5;196832.3;;0.032000002;0.032000002
;US-RI;1945;p95p100;139411.09;;0.2264;0.2264
;US-RI;1945;p0p90;23783.9;;0.69529998;0.69529998
;US-RI;1945;p0p99;27248.699;;0.87629998;0.87629998
;US-RI;1945;p99.5p100;564780.31;;0.091700003;0.091700003
;US-RI;1944;p0p100;4881681.0;9980868328.0;1.0;1.0
;US-RI;1944;p99p100;341953.69;;0.107;0.107
;US-RI;1944;p99.9p100;1142528.3;;0.035799999;0.035799999
;US-RI;1944;p99.99p100;3014612.5;;0.0093999999;0.0093999999
;US-RI;1944;p90p100;88225.0;;0.27610001;0.27610001
;US-RI;1944;p90p95;47150.602;;0.073799998;0.073799998
;US-RI;1944;p95p99;73986.898;;0.092600003;0.092600003
;US-RI;1944;p99.5p99.9;343730.19;;0.043000001;0.043000001
;US-RI;1944;p99.9p99.99;935341.81;;0.0263;0.0263
;US-RI;1944;p99p99.5;180368.5;;0.028200001;0.028200001
;US-RI;1944;p95p100;127908.8;;0.20020001;0.20020001
;US-RI;1944;p0p90;25794.301;;0.72659999;0.72659999
;US-RI;1944;p0p99;28820.6;;0.89300001;0.89300001
;US-RI;1944;p99.5p100;503492.19;;0.0788;0.0788
;US-RI;1943;p0p100;5367877.5;10552437131.0;1.0;1.0
;US-RI;1943;p99p100;375500.19;;0.1106;0.1106
;US-RI;1943;p99.9p100;1298452.8;;0.0383;0.0383
;US-RI;1943;p99.99p100;3265267.3;;0.0096000005;0.0096000005
;US-RI;1943;p90p100;92939.797;;0.27379999;0.27379999
;US-RI;1943;p90p95;47786.102;;0.0704;0.0704
;US-RI;1943;p95p99;78808.0;;0.092900001;0.092900001
;US-RI;1943;p99.5p99.9;380185.0;;0.044799998;0.044799998
;US-RI;1943;p99.9p99.99;1086422.6;;0.0288;0.0288
;US-RI;1943;p99p99.5;187164.7;;0.0276;0.0276
;US-RI;1943;p95p100;138119.0;;0.2034;0.2034
;US-RI;1943;p0p90;27380.0;;0.72589999;0.72589999
;US-RI;1943;p0p99;30494.4;;0.88940001;0.88940001
;US-RI;1943;p99.5p100;563847.38;;0.083099999;0.083099999
;US-RI;1942;p0p100;5346989.5;9265965758.0;1.0;1.0
;US-RI;1942;p99p100;367499.41;;0.1225;0.1225
;US-RI;1942;p99.9p100;1261209.0;;0.041999999;0.041999999
;US-RI;1942;p99.99p100;3117091.8;;0.0104;0.0104
;US-RI;1942;p90p100;91791.398;;0.30590001;0.30590001
;US-RI;1942;p90p95;49427.801;;0.082400002;0.082400002
;US-RI;1942;p95p99;75856.602;;0.1011;0.1011
;US-RI;1942;p99.5p99.9;373327.0;;0.049800001;0.049800001
;US-RI;1942;p99.9p99.99;1053846.3;;0.031599998;0.031599998
;US-RI;1942;p99p99.5;184045.41;;0.0307;0.0307
;US-RI;1942;p95p100;134158.8;;0.2235;0.2235
;US-RI;1942;p0p90;23144.4;;0.69410002;0.69410002
;US-RI;1942;p0p99;26600.301;;0.8775;0.8775
;US-RI;1942;p99.5p100;550953.19;;0.091799997;0.091799997
;US-RI;1941;p0p100;5483629.0;7729464083.0;1.0;1.0
;US-RI;1941;p99p100;375915.41;;0.1496;0.1496
;US-RI;1941;p99.9p100;1405656.5;;0.0559;0.0559
;US-RI;1941;p99.99p100;4711665.5;;0.0187;0.0187
;US-RI;1941;p90p100;90843.703;;0.36140001;0.36140001
;US-RI;1941;p90p95;48764.301;;0.097000003;0.097000003
;US-RI;1941;p95p99;72144.797;;0.1148;0.1148
;US-RI;1941;p99.5p99.9;362509.41;;0.057700001;0.057700001
;US-RI;1941;p99.9p99.99;1038186.4;;0.0372;0.0372
;US-RI;1941;p99p99.5;180758.8;;0.035999998;0.035999998
;US-RI;1941;p95p100;132833.91;;0.26429999;0.26429999
;US-RI;1941;p0p90;17833.4;;0.63859999;0.63859999
;US-RI;1941;p0p99;21590.199;;0.85039997;0.85039997
;US-RI;1941;p99.5p100;571123.63;;0.1136;0.1136
;US-RI;1940;p0p100;4941656.0;6299230354.0;1.0;1.0
;US-RI;1940;p99p100;341326.19;;0.1661;0.1661
;US-RI;1940;p99.9p100;1281425.9;;0.062399998;0.062399998
;US-RI;1940;p99.99p100;4058477.3;;0.0198;0.0198
;US-RI;1940;p90p100;83373.102;;0.40580001;0.40580001
;US-RI;1940;p90p95;43274.5;;0.1053;0.1053
;US-RI;1940;p95p99;69144.203;;0.1346;0.1346
;US-RI;1940;p99.5p99.9;327681.5;;0.0638;0.0638
;US-RI;1940;p99.9p99.99;972329.0;;0.042599998;0.042599998
;US-RI;1940;p99p99.5;164340.5;;0.039999999;0.039999999
;US-RI;1940;p95p100;123515.2;;0.30059999;0.30059999
;US-RI;1940;p0p90;13556.4;;0.59390002;0.59390002
;US-RI;1940;p0p99;17303.4;;0.83389997;0.83389997
;US-RI;1940;p99.5p100;518390.59;;0.12620001;0.12620001
;US-RI;1939;p0p100;4823530.0;5949932618.0;1.0;1.0
;US-RI;1939;p99p100;318910.09;;0.1621;0.1621
;US-RI;1939;p99.9p100;1166860.0;;0.059300002;0.059300002
;US-RI;1939;p99.99p100;3563502.8;;0.018100001;0.018100001
;US-RI;1939;p90p100;79958.602;;0.4064;0.4064
;US-RI;1939;p90p95;43034.199;;0.1094;0.1094
;US-RI;1939;p95p99;66011.0;;0.13420001;0.13420001
;US-RI;1939;p99.5p99.9;311459.91;;0.063299999;0.063299999
;US-RI;1939;p99.9p99.99;900278.38;;0.041200001;0.041200001
;US-RI;1939;p99p99.5;155332.2;;0.039500002;0.039500002
;US-RI;1939;p95p100;116519.6;;0.29609999;0.29609999
;US-RI;1939;p0p90;12990.2;;0.59429997;0.59429997
;US-RI;1939;p0p99;16649.801;;0.83789998;0.83789998
;US-RI;1939;p99.5p100;482553.19;;0.1226;0.1226
;US-RI;1938;p0p100;4311862.0;5406324896.0;1.0;1.0
;US-RI;1938;p99p100;262477.0;;0.145;0.145
;US-RI;1938;p99.9p100;933957.81;;0.051600002;0.051600002
;US-RI;1938;p99.99p100;2993789.8;;0.0165;0.0165
;US-RI;1938;p90p100;70607.398;;0.39019999;0.39019999
;US-RI;1938;p90p95;41930.602;;0.1159;0.1159
;US-RI;1938;p95p99;58888.699;;0.1302;0.1302
;US-RI;1938;p99.5p99.9;255326.0;;0.056400001;0.056400001
;US-RI;1938;p99.9p99.99;703396.69;;0.035;0.035
;US-RI;1938;p99p99.5;133716.5;;0.036899999;0.036899999
;US-RI;1938;p95p100;99570.102;;0.27509999;0.27509999
;US-RI;1938;p0p90;12246.9;;0.60909998;0.60909998
;US-RI;1938;p0p99;15628.1;;0.85500002;0.85500002
;US-RI;1938;p99.5p100;391220.31;;0.1081;0.1081
;US-RI;1937;p0p100;4531014.0;5828675358.0;1.0;1.0
;US-RI;1937;p99p100;359348.59;;0.182;0.182
;US-RI;1937;p99.9p100;1371639.8;;0.069499999;0.069499999
;US-RI;1937;p99.99p100;4155007.8;;0.021;0.021
;US-RI;1937;p90p100;84868.102;;0.4298;0.4298
;US-RI;1937;p90p95;44635.801;;0.113;0.113
;US-RI;1937;p95p99;66171.102;;0.13410001;0.13410001
;US-RI;1937;p99.5p99.9;347795.09;;0.070500001;0.070500001
;US-RI;1937;p99.9p99.99;1062425.4;;0.0484;0.0484
;US-RI;1937;p99p99.5;166131.3;;0.042100001;0.042100001
;US-RI;1937;p95p100;124819.2;;0.3161;0.3161
;US-RI;1937;p0p90;12524.5;;0.57090002;0.57090002
;US-RI;1937;p0p99;16313.8;;0.81800002;0.81800002
;US-RI;1937;p99.5p100;552564.0;;0.1399;0.1399
;US-RI;1936;p0p100;4910968.5;5824953024.0;1.0;1.0
;US-RI;1936;p99p100;397591.59;;0.19949999;0.19949999
;US-RI;1936;p99.9p100;1544093.5;;0.077500001;0.077500001
;US-RI;1936;p99.99p100;4808378.0;;0.0241;0.0241
;US-RI;1936;p90p100;89272.898;;0.4479;0.4479
;US-RI;1936;p90p95;45712.699;;0.1147;0.1147
;US-RI;1936;p95p99;66624.102;;0.1337;0.1337
;US-RI;1936;p99.5p99.9;382387.59;;0.076700002;0.076700002
;US-RI;1936;p99.9p99.99;1181425.6;;0.053300001;0.053300001
;US-RI;1936;p99p99.5;180453.91;;0.045299999;0.045299999
;US-RI;1936;p95p100;132802.41;;0.33309999;0.33309999
;US-RI;1936;p0p90;12229.3;;0.55220002;0.55220002
;US-RI;1936;p0p99;16118.1;;0.80049998;0.80049998
;US-RI;1936;p99.5p100;614728.13;;0.1542;0.1542
;US-RI;1935;p0p100;4600768.5;5296982810.0;1.0;1.0
;US-RI;1935;p99p100;313674.0;;0.17129999;0.17129999
;US-RI;1935;p99.9p100;1203082.1;;0.065700002;0.065700002
;US-RI;1935;p99.99p100;4027959.5;;0.022;0.022
;US-RI;1935;p90p100;78147.398;;0.4267;0.4267
;US-RI;1935;p90p95;44585.699;;0.1217;0.1217
;US-RI;1935;p95p99;61837.199;;0.13500001;0.13500001
;US-RI;1935;p99.5p99.9;300090.81;;0.065499999;0.065499999
;US-RI;1935;p99.9p99.99;889213.88;;0.043699998;0.043699998
;US-RI;1935;p99p99.5;146656.09;;0.039999999;0.039999999
;US-RI;1935;p95p100;112348.1;;0.30669999;0.30669999
;US-RI;1935;p0p90;11640.1;;0.57200003;0.57200003
;US-RI;1935;p0p99;15332.2;;0.82870001;0.82870001
;US-RI;1935;p99.5p100;480687.69;;0.1312;0.1312
;US-RI;1934;p0p100;4574910.5;4959267672.0;1.0;1.0
;US-RI;1934;p99p100;293668.81;;0.16940001;0.16940001
;US-RI;1934;p99.9p100;1131325.3;;0.065300003;0.065300003
;US-RI;1934;p99.99p100;3847519.0;;0.0222;0.0222
;US-RI;1934;p90p100;76742.703;;0.44260001;0.44260001
;US-RI;1934;p90p95;41945.199;;0.121;0.121
;US-RI;1934;p95p99;66034.703;;0.1524;0.1524
;US-RI;1934;p99.5p99.9;277372.0;;0.064000003;0.064000003
;US-RI;1934;p99.9p99.99;829523.88;;0.043099999;0.043099999
;US-RI;1934;p99p99.5;139183.3;;0.040100001;0.040100001
;US-RI;1934;p95p100;112060.6;;0.32319999;0.32319999
;US-RI;1934;p0p90;10735.3;;0.55729997;0.55729997
;US-RI;1934;p0p99;14545.9;;0.83060002;0.83060002
;US-RI;1934;p99.5p100;448164.5;;0.1292;0.1292
;US-RI;1933;p0p100;4839149.5;4860566150.0;1.0;1.0
;US-RI;1933;p99p100;272633.91;;0.15880001;0.15880001
;US-RI;1933;p99.9p100;1053410.1;;0.0614;0.0614
;US-RI;1933;p99.99p100;3029649.5;;0.0176;0.0176
;US-RI;1933;p90p100;71475.297;;0.4163;0.4163
;US-RI;1933;p90p95;40917.199;;0.1192;0.1192
;US-RI;1933;p95p99;59983.5;;0.1398;0.1398
;US-RI;1933;p99.5p99.9;257786.09;;0.0601;0.0601
;US-RI;1933;p99.9p99.99;833828.0;;0.043699998;0.043699998
;US-RI;1933;p99p99.5;128357.0;;0.0374;0.0374
;US-RI;1933;p95p100;102811.1;;0.2994;0.2994
;US-RI;1933;p0p90;11108.0;;0.58230001;0.58230001
;US-RI;1933;p0p99;14588.3;;0.84119999;0.84119999
;US-RI;1933;p99.5p100;416910.91;;0.1214;0.1214
;US-RI;1932;p0p100;4345026.5;4801718848.0;1.0;1.0
;US-RI;1932;p99p100;284628.09;;0.1662;0.1662
;US-RI;1932;p99.9p100;1136550.6;;0.066399999;0.066399999
;US-RI;1932;p99.99p100;3576016.3;;0.0209;0.0209
;US-RI;1932;p90p100;78456.703;;0.458;0.458
;US-RI;1932;p90p95;49562.102;;0.14470001;0.14470001
;US-RI;1932;p95p99;64153.5;;0.1498;0.1498
;US-RI;1932;p99.5p99.9;261118.0;;0.061000001;0.061000001
;US-RI;1932;p99.9p99.99;865498.69;;0.045499999;0.045499999
;US-RI;1932;p99p99.5;133051.59;;0.038800001;0.038800001
;US-RI;1932;p95p100;108735.9;;0.31740001;0.31740001
;US-RI;1932;p0p90;10265.6;;0.53939998;0.53939998
;US-RI;1932;p0p99;14427.5;;0.83380002;0.83380002
;US-RI;1932;p99.5p100;436204.5;;0.12729999;0.12729999
;US-RI;1931;p0p100;3895556.0;5295912610.0;1.0;1.0
;US-RI;1931;p99p100;315509.69;;0.1653;0.1653
;US-RI;1931;p99.9p100;1234460.3;;0.0647;0.0647
;US-RI;1931;p99.99p100;3828501.5;;0.020099999;0.020099999
;US-RI;1931;p90p100;87396.602;;0.4578;0.4578
;US-RI;1931;p90p95;54806.398;;0.1435;0.1435
;US-RI;1931;p95p99;72530.703;;0.152;0.152
;US-RI;1931;p99.5p99.9;287358.09;;0.060199998;0.060199998
;US-RI;1931;p99.9p99.99;946233.38;;0.044599999;0.044599999
;US-RI;1931;p99p99.5;154240.91;;0.040399998;0.040399998
;US-RI;1931;p95p100;121484.4;;0.31819999;0.31819999
;US-RI;1931;p0p90;11437.1;;0.53920001;0.53920001
;US-RI;1931;p0p99;16095.9;;0.83469999;0.83469999
;US-RI;1931;p99.5p100;476778.5;;0.1249;0.1249
;US-RI;1930;p0p100;3383940.3;5466546655.0;1.0;1.0
;US-RI;1930;p99p100;365515.91;;0.1833;0.1833
;US-RI;1930;p99.9p100;1444050.9;;0.072400004;0.072400004
;US-RI;1930;p99.99p100;4533076.0;;0.022700001;0.022700001
;US-RI;1930;p90p100;89480.602;;0.4488;0.4488
;US-RI;1930;p90p95;49056.398;;0.123;0.123
;US-RI;1930;p95p99;71288.602;;0.14300001;0.14300001
;US-RI;1930;p99.5p99.9;338483.5;;0.067900002;0.067900002
;US-RI;1930;p99.9p99.99;1100825.9;;0.049699999;0.049699999
;US-RI;1930;p99p99.5;171434.7;;0.043000001;0.043000001
;US-RI;1930;p95p100;130368.4;;0.32690001;0.32690001
;US-RI;1930;p0p90;12197.7;;0.55059999;0.55059999
;US-RI;1930;p0p99;16446.699;;0.81669998;0.81669998
;US-RI;1930;p99.5p100;559597.0;;0.14030001;0.14030001
;US-RI;1929;p0p100;3633549.5;6111172336.0;1.0;1.0
;US-RI;1929;p99p100;531242.13;;0.2357;0.2357
;US-RI;1929;p99.9p100;2324307.8;;0.1031;0.1031
;US-RI;1929;p99.99p100;8225686.5;;0.036499999;0.036499999
;US-RI;1929;p90p100;108038.2;;0.47940001;0.47940001
;US-RI;1929;p90p95;49087.699;;0.1089;0.1089
;US-RI;1929;p95p99;76765.602;;0.1363;0.1363
;US-RI;1929;p99.5p99.9;475870.59;;0.0845;0.0845
;US-RI;1929;p99.9p99.99;1668599.6;;0.066600002;0.066600002
;US-RI;1929;p99p99.5;216926.3;;0.048099998;0.048099998
;US-RI;1929;p95p100;167773.2;;0.37220001;0.37220001
;US-RI;1929;p0p90;12998.2;;0.51910001;0.51910001
;US-RI;1929;p0p99;17397.301;;0.76429999;0.76429999
;US-RI;1929;p99.5p100;845558.0;;0.1876;0.1876
;US-RI;1928;p0p100;3568290.5;5936772830.0;1.0;1.0
;US-RI;1928;p99p100;513994.69;;0.2323;0.2323
;US-RI;1928;p99.9p100;2178023.8;;0.098399997;0.098399997
;US-RI;1928;p99.99p100;7355575.0;;0.033199999;0.033199999
;US-RI;1928;p90p100;104382.4;;0.47170001;0.47170001
;US-RI;1928;p90p95;46374.602;;0.1048;0.1048
;US-RI;1928;p95p99;74925.102;;0.1354;0.1354
;US-RI;1928;p99.5p99.9;472511.91;;0.0854;0.0854
;US-RI;1928;p99.9p99.99;1602740.4;;0.065200001;0.065200001
;US-RI;1928;p99p99.5;214375.09;;0.0484;0.0484
;US-RI;1928;p95p100;162795.91;;0.3678;0.3678
;US-RI;1928;p0p90;12972.6;;0.52759999;0.52759999
;US-RI;1928;p0p99;17162.699;;0.76770002;0.76770002
;US-RI;1928;p99.5p100;813614.19;;0.1838;0.1838
;US-RI;1927;p0p100;3349137.3;5652106815.0;1.0;1.0
;US-RI;1927;p99p100;440126.41;;0.2062;0.2062
;US-RI;1927;p99.9p100;1736474.4;;0.0814;0.0814
;US-RI;1927;p99.99p100;5667207.0;;0.0266;0.0266
;US-RI;1927;p90p100;94493.797;;0.4427;0.4427
;US-RI;1927;p90p95;43917.102;;0.1029;0.1029
;US-RI;1927;p95p99;70907.0;;0.1329;0.1329
;US-RI;1927;p99.5p99.9;422223.81;;0.079099998;0.079099998
;US-RI;1927;p99.9p99.99;1299726.4;;0.0548;0.0548
;US-RI;1927;p99p99.5;195178.91;;0.045699999;0.045699999
;US-RI;1927;p95p100;144846.7;;0.33930001;0.33930001
;US-RI;1927;p0p90;13232.4;;0.55800003;0.55800003
;US-RI;1927;p0p99;17112.4;;0.7938;0.7938
;US-RI;1927;p99.5p100;685073.88;;0.1605;0.1605
;US-RI;1926;p0p100;3206539.0;5540581235.0;1.0;1.0
;US-RI;1926;p99p100;407110.0;;0.1918;0.1918
;US-RI;1926;p99.9p100;1592404.0;;0.075000003;0.075000003
;US-RI;1926;p99.99p100;4897188.5;;0.0231;0.0231
;US-RI;1926;p90p100;91390.0;;0.4305;0.4305
;US-RI;1926;p90p95;45766.699;;0.1078;0.1078
;US-RI;1926;p95p99;70092.5;;0.1321;0.1321
;US-RI;1926;p99.5p99.9;390567.31;;0.073600002;0.073600002
;US-RI;1926;p99.9p99.99;1225205.8;;0.051899999;0.051899999
;US-RI;1926;p99p99.5;183285.41;;0.043200001;0.043200001
;US-RI;1926;p95p100;137566.8;;0.324;0.324
;US-RI;1926;p0p90;13404.6;;0.56830001;0.56830001
;US-RI;1926;p0p99;17329.5;;0.8082;0.8082
;US-RI;1926;p99.5p100;630934.63;;0.1486;0.1486
;US-RI;1925;p0p100;3287518.0;5495192895.0;1.0;1.0
;US-RI;1925;p99p100;423216.19;;0.1982;0.1982
;US-RI;1925;p99.9p100;1761698.4;;0.082500003;0.082500003
;US-RI;1925;p99.99p100;6022702.5;;0.028200001;0.028200001
;US-RI;1925;p90p100;94531.5;;0.4427;0.4427
;US-RI;1925;p90p95;51303.898;;0.1201;0.1201
;US-RI;1925;p95p99;68638.602;;0.1286;0.1286
;US-RI;1925;p99.5p99.9;394814.69;;0.074000001;0.074000001
;US-RI;1925;p99.9p99.99;1288253.5;;0.054299999;0.054299999
;US-RI;1925;p99p99.5;178240.91;;0.041700002;0.041700002
;US-RI;1925;p95p100;139675.2;;0.32699999;0.32699999
;US-RI;1925;p0p90;13124.2;;0.55309999;0.55309999
;US-RI;1925;p0p99;17295.5;;0.80180001;0.80180001
;US-RI;1925;p99.5p100;668191.5;;0.1565;0.1565
;US-RI;1924;p0p100;3335765.3;5219858366.0;1.0;1.0
;US-RI;1924;p99p100;378022.69;;0.18340001;0.18340001
;US-RI;1924;p99.9p100;1467962.5;;0.071199998;0.071199998
;US-RI;1924;p99.99p100;4991669.5;;0.0242;0.0242
;US-RI;1924;p90p100;86765.102;;0.421;0.421
;US-RI;1924;p90p95;45499.199;;0.1104;0.1104
;US-RI;1924;p95p99;65263.398;;0.1267;0.1267
;US-RI;1924;p99.5p99.9;368593.91;;0.071500003;0.071500003
;US-RI;1924;p99.9p99.99;1076439.5;;0.046999998;0.046999998
;US-RI;1924;p99p99.5;167577.7;;0.0407;0.0407
;US-RI;1924;p95p100;127815.3;;0.31009999;0.31009999
;US-RI;1924;p0p90;13269.5;;0.57950002;0.57950002
;US-RI;1924;p0p99;16998.1;;0.81660002;0.81660002
;US-RI;1924;p99.5p100;588467.63;;0.1428;0.1428
;US-RI;1923;p0p100;3391882.0;5181785160.0;1.0;1.0
;US-RI;1923;p99p100;344066.5;;0.1648;0.1648
;US-RI;1923;p99.9p100;1275736.5;;0.061099999;0.061099999
;US-RI;1923;p99.99p100;3870715.8;;0.0185;0.0185
;US-RI;1923;p90p100;82339.602;;0.39449999;0.39449999
;US-RI;1923;p90p95;43067.898;;0.1032;0.1032
;US-RI;1923;p95p99;65811.0;;0.1261;0.1261
;US-RI;1923;p99.5p99.9;338853.41;;0.064900003;0.064900003
;US-RI;1923;p99.9p99.99;987407.88;;0.042599998;0.042599998
;US-RI;1923;p99p99.5;161903.09;;0.038800001;0.038800001
;US-RI;1923;p95p100;121462.1;;0.29100001;0.29100001
;US-RI;1923;p0p90;14051.9;;0.60589999;0.60589999
;US-RI;1923;p0p99;17608.6;;0.83520001;0.83520001
;US-RI;1923;p99.5p100;526230.0;;0.1261;0.1261
;US-RI;1922;p0p100;3221017.0;4663470255.0;1.0;1.0
;US-RI;1922;p99p100;362392.5;;0.1894;0.1894
;US-RI;1922;p99.9p100;1424687.8;;0.074500002;0.074500002
;US-RI;1922;p99.99p100;4711167.5;;0.024599999;0.024599999
;US-RI;1922;p90p100;80001.297;;0.41819999;0.41819999
;US-RI;1922;p90p95;37548.801;;0.098099999;0.098099999
;US-RI;1922;p95p99;62080.602;;0.12980001;0.12980001
;US-RI;1922;p99.5p99.9;347322.69;;0.0726;0.0726
;US-RI;1922;p99.9p99.99;1059523.3;;0.049800001;0.049800001
;US-RI;1922;p99p99.5;161989.2;;0.042300001;0.042300001
;US-RI;1922;p95p100;122142.9;;0.3193;0.3193
;US-RI;1922;p0p90;12383.4;;0.5826;0.5826
;US-RI;1922;p0p99;15662.4;;0.81059998;0.81059998
;US-RI;1922;p99.5p100;562795.69;;0.1471;0.1471
;US-RI;1921;p0p100;2477414.0;4028366065.0;1.0;1.0
;US-RI;1921;p99p100;309430.41;;0.18449999;0.18449999
;US-RI;1921;p99.9p100;1207129.1;;0.071999997;0.071999997
;US-RI;1921;p99.99p100;4164529.5;;0.024800001;0.024800001
;US-RI;1921;p90p100;69811.0;;0.41620001;0.41620001
;US-RI;1921;p90p95;33696.102;;0.1004;0.1004
;US-RI;1921;p95p99;54592.301;;0.1302;0.1302
;US-RI;1921;p99.5p99.9;296999.91;;0.070799999;0.070799999
;US-RI;1921;p99.9p99.99;878529.13;;0.0471;0.0471
;US-RI;1921;p99p99.5;139835.09;;0.041700002;0.041700002
;US-RI;1921;p95p100;105559.9;;0.31470001;0.31470001
;US-RI;1921;p0p90;10901.3;;0.58490002;0.58490002
;US-RI;1921;p0p99;13817.8;;0.81550002;0.81550002
;US-RI;1921;p99.5p100;479025.81;;0.1428;0.1428
;US-RI;1920;p0p100;2106575.5;4204788064.0;1.0;1.0
;US-RI;1920;p99p100;307778.69;;0.17219999;0.17219999
;US-RI;1920;p99.9p100;1219046.8;;0.0682;0.0682
;US-RI;1920;p99.99p100;3895887.3;;0.0218;0.0218
;US-RI;1920;p90p100;67248.297;;0.37630001;0.37630001
;US-RI;1920;p90p95;31533.199;;0.088200003;0.088200003
;US-RI;1920;p95p99;51409.898;;0.1151;0.1151
;US-RI;1920;p99.5p99.9;295279.19;;0.066100001;0.066100001
;US-RI;1920;p99.9p99.99;921620.13;;0.046399999;0.046399999
;US-RI;1920;p99p99.5;135524.7;;0.037900001;0.037900001
;US-RI;1920;p95p100;102683.7;;0.28729999;0.28729999
;US-RI;1920;p0p90;12401.9;;0.62449998;0.62449998
;US-RI;1920;p0p99;14944.2;;0.82779998;0.82779998
;US-RI;1920;p99.5p100;480032.69;;0.13429999;0.13429999
;US-RI;1919;p0p100;2896032.8;4235964140.0;1.0;1.0
;US-RI;1919;p99p100;345988.91;;0.18889999;0.18889999
;US-RI;1919;p99.9p100;1457467.8;;0.079599999;0.079599999
;US-RI;1919;p99.99p100;4541931.0;;0.024800001;0.024800001
;US-RI;1919;p90p100;73279.203;;0.40009999;0.40009999
;US-RI;1919;p90p95;32396.5;;0.088399999;0.088399999
;US-RI;1919;p95p99;55763.102;;0.1218;0.1218
;US-RI;1919;p99.5p99.9;318044.31;;0.069499999;0.069499999
;US-RI;1919;p99.9p99.99;1115466.8;;0.0548;0.0548
;US-RI;1919;p99p99.5;146141.5;;0.039900001;0.039900001
;US-RI;1919;p95p100;113808.3;;0.3107;0.3107
;US-RI;1919;p0p90;12224.5;;0.60079998;0.60079998
;US-RI;1919;p0p99;15003.6;;0.81110001;0.81110001
;US-RI;1919;p99.5p100;545836.38;;0.149;0.149
;US-RI;1918;p0p100;3851574.0;4223131369.0;1.0;1.0
;US-RI;1918;p99p100;399312.81;;0.2163;0.2163
;US-RI;1918;p99.9p100;1838255.3;;0.099600002;0.099600002
;US-RI;1918;p99.99p100;7009876.0;;0.037999999;0.037999999
;US-RI;1918;p90p100;81514.797;;0.44150001;0.44150001
;US-RI;1918;p90p95;36611.398;;0.099100001;0.099100001
;US-RI;1918;p95p99;57088.5;;0.1237;0.1237
;US-RI;1918;p99.5p99.9;348875.59;;0.075599998;0.075599998
;US-RI;1918;p99.9p99.99;1263625.6;;0.0616;0.0616
;US-RI;1918;p99p99.5;151872.2;;0.041099999;0.041099999
;US-RI;1918;p95p100;125533.6;;0.34;0.34
;US-RI;1918;p0p90;11506.2;;0.56089997;0.56089997
;US-RI;1918;p0p99;14615.9;;0.78369999;0.78369999
;US-RI;1918;p99.5p100;646752.63;;0.1751;0.1751
;US-RI;1917;p0p100;5661744.5;4509185029.0;1.0;1.0
;US-RI;1917;p99p100;464313.69;;0.236;0.236
;US-RI;1917;p99.9p100;2423316.5;;0.1232;0.1232
;US-RI;1917;p99.99p100;10511615.0;;0.053399999;0.053399999
;US-RI;1917;p90p100;89663.297;;0.45570001;0.45570001
;US-RI;1917;p90p95;37712.301;;0.095799997;0.095799997
