Variable Name;.;.;.;Fiscal income  | tax unit | Average | Adults | constant 2015 local currency;Pre-tax national income  | tax unit | Share | Adults | share of total (ratio);Fiscal income  | individuals | Total | All Ages | constant 2015 local currency;Fiscal income  | tax unit | Share | Adults | share of total (ratio)
Variable Category;.;.;.;Income inequality;Income inequality;Income inequality;Income inequality
Variable Description;.;.;.;Average Fiscal income within a given percentile group. Fiscal income is defined as the sum of all income items reported on income tax returns, before any deduction. It includes labour income, capital income and mixed income. The concept of fiscal income varies with national tax legislations, so in order to make international comparisons it is preferable to use the concept of national income. The population is comprised of individuals over age 20. The base unit is the tax unit defined by national fiscal administrations to measure personal income taxes.;Pre-tax national income share held by a given percentile group. Pre-tax national income  is the sum of all pre-tax personal income flows accruing to the owners of the production factors, labor and capital, before taking into account the operation of the tax/transfer system, but after taking into account the operation of pension system. The central difference between personal factor income and pre-tax income is the treatment of pensions, which are counted on a contribution basis by factor income and on a distribution basis by pre-tax income. The population is comprised of individuals over age 20. The base unit is the tax unit defined by national fiscal administrations to measure personal income taxes.;Total Fiscal income  within a given percentile group. Fiscal income is defined as the sum of all income items reported on income tax returns, before any deduction. It includes labour income, capital income and mixed income. The concept of fiscal income varies with national tax legislations, so in order to make international comparisons it is preferable to use the concept of national income. The population is comprised of individuals of all ages.;Fiscal income share held by a given percentile group. Fiscal income is defined as the sum of all income items reported on income tax returns, before any deduction. It includes labour income, capital income and mixed income. The concept of fiscal income varies with national tax legislations, so in order to make international comparisons it is preferable to use the concept of national income. The population is comprised of individuals over age 20. The base unit is the tax unit defined by national fiscal administrations to measure personal income taxes.
Variable Decomposition;.;.;.;[Fiscal income ]=[Fiscal labour income ]+[Fiscal capital income ];Pre-tax national income =Pre-tax labor income [total pre-tax income ranking]+Pre-tax capital income [total pre-tax income ranking];[Fiscal income ]=[Fiscal labour income ]+[Fiscal capital income ];[Fiscal income ]=[Fiscal labour income ]+[Fiscal capital income ]
Variable Unit;.;.;.;"IDR; Indonesian rupiah | local currency | market";share;"IDR; Indonesian rupiah | local currency | market";share
Methodological Notes;.;.;.;Tax units are households. Excludes capital gains.;Fiscal income rescaled to match the macroeconomic aggregates.;Tax units are households. Excludes capital gains.;Tax units are households. Excludes capital gains.
Sources;.;.;.;"Leigh, Andrew and van der Eng, Pierre (2010). Top Incomes in Indonesia 1920-2004; in Atkinson, A. B. and Piketty, T. (editors) Top Incomes: A Global Perspective, Oxford University Press, chapter 4.";WID.world computations using fiscal income series and the net national income.;"Leigh, Andrew and van der Eng, Pierre (2010). Top Incomes in Indonesia 1920-2004; in Atkinson, A. B. and Piketty, T. (editors) Top Incomes: A Global Perspective, Oxford University Press, chapter 4.";"Leigh, Andrew and van der Eng, Pierre (2010). Top Incomes in Indonesia 1920-2004; in Atkinson, A. B. and Piketty, T. (editors) Top Incomes: A Global Perspective, Oxford University Press, chapter 4."
Variable Code;country;year;perc;afiinc992t;sptinc992t;mfiinc999i;sfiinc992t
;ID;2004;p0p100;77765872.0;;4.53062493417e+15;
;ID;2004;p99p100;658264128.0;0.084600002;;0.084600002
;ID;2003;p0p100;74026960.0;;4.18921004467e+15;
;ID;2003;p99p100;722738752.0;0.097599998;;0.097599998
;ID;2003;p99.9p100;989050624.0;0.0134;;0.0134
;ID;2003;p99.99p100;4519475200.0;0.0060999999;;0.0060999999
;ID;2003;p99.95p99.99;902310784.0;0.0049000001;;0.0049000001
;ID;2003;p99.9p99.95;352195456.0;0.0024000001;;0.0024000001
;ID;2003;p99.9p99.99;596703296.0;0.0073000002;;0.0073000002
;ID;2003;p99.95p100;1625829888.0;0.011;;0.011
;ID;2002;p0p100;72464888.0;;3.98385105094e+15;
;ID;2002;p99p100;758961728.0;0.1047;;0.1047
;ID;2002;p99.9p100;1068727360.0;0.0147;;0.0147
;ID;2002;p99.99p100;5469685760.0;0.0074999998;;0.0074999998
;ID;2002;p99.95p99.99;909181248.0;0.0049999999;;0.0049999999
;ID;2002;p99.9p99.95;315974176.0;0.0022;;0.0022
;ID;2002;p99.9p99.99;579634880.0;0.0071999999;;0.0071999999
;ID;2002;p99.95p100;1821390848.0;0.0126;;0.0126
;ID;2001;p0p100;71262200.0;;3.80654809941e+15;
;ID;2001;p99p100;1105674752.0;0.1552;;0.1552
;ID;2001;p99.99p100;5762997248.0;0.0081000002;;0.0081000002
;ID;2001;p99.95p99.99;703625024.0;0.0038999999;;0.0038999999
;ID;2001;p99.95p100;1715620096.0;0.012;;0.012
;ID;2000;p0p100;64627824.0;;3.36118365736e+15;
;ID;2000;p99p100;892879488.0;0.1382;;0.1382
;ID;2000;p99.99p100;5009920512.0;0.0077999998;;0.0077999998
;ID;2000;p99.95p99.99;443221120.0;0.0027000001;;0.0027000001
;ID;2000;p99.95p100;1356669824.0;0.0105;;0.0105
;ID;1999;p0p100;54820484.0;;2.77655355123e+15;
;ID;1999;p99p100;748329344.0;0.1365;;0.1365
;ID;1999;p99.99p100;3185106176.0;0.0057999999;;0.0057999999
;ID;1999;p99.95p99.99;348265216.0;0.0024999999;;0.0024999999
;ID;1999;p99.95p100;915701056.0;0.0083999997;;0.0083999997
;ID;1998;p0p100;61296616.0;;3.02403909961e+15;
;ID;1998;p99p100;761430336.0;0.1242;;0.1242
;ID;1998;p99.99p100;3314307840.0;0.0054000001;;0.0054000001
;ID;1998;p99.95p99.99;393578464.0;0.0026;;0.0026
;ID;1998;p99.95p100;977793984.0;0.0080000004;;0.0080000004
;ID;1997;p0p100;67968928.0;;3.26695743009e+15;
;ID;1997;p99.99p100;4041483520.0;0.0059000002;;0.0059000002
;ID;1997;p99.95p99.99;583991168.0;0.0034;;0.0034
;ID;1997;p99.95p100;1275572096.0;0.0093999999;;0.0093999999
;ID;1996;p0p100;67978192.0;;3.18402593606e+15;
;ID;1996;p99p100;658540864.0;0.096900001;;0.096900001
;ID;1996;p99.99p100;3818074624.0;0.0055999998;;0.0055999998
;ID;1996;p99.95p99.99;586315392.0;0.0035000001;;0.0035000001
;ID;1996;p99.95p100;1232744320.0;0.0091000004;;0.0091000004
;ID;1995;p0p100;68988096.0;;3.14951909995e+15;
;ID;1995;p99.99p100;3812385536.0;0.0055;;0.0055
;ID;1995;p99.95p99.99;575243520.0;0.0033;;0.0033
;ID;1995;p99.95p100;1222749056.0;0.0088999998;;0.0088999998
;ID;1994;p0p100;60029876.0;;2.6642111164e+15;
;ID;1994;p99.99p100;4004675840.0;0.0066999998;;0.0066999998
;ID;1994;p99.95p99.99;536298560.0;0.0035999999;;0.0035999999
;ID;1994;p99.95p100;1230056704.0;0.0102;;0.0102
;ID;1993;p0p100;52683468.0;;2.273364933e+15;
;ID;1993;p99p100;479464896.0;0.090999998;;0.090999998
;ID;1993;p99.99p100;3487040000.0;0.0066;;0.0066
;ID;1993;p99.95p99.99;476242720.0;0.0035999999;;0.0035999999
;ID;1993;p99.95p100;1078473984.0;0.0102;;0.0102
;ID;1992;p0p100;51153544.0;;2.14647350441e+15;
;ID;1992;p99.99p100;3535630592.0;0.0068999999;;0.0068999999
;ID;1992;p99.95p99.99;442762592.0;0.0035000001;;0.0035000001
;ID;1992;p99.95p100;1061409920.0;0.0104;;0.0104
;ID;1991;p0p100;50285604.0;;2.05214864404e+15;
;ID;1991;p99.99p100;2923772160.0;0.0057999999;;0.0057999999
;ID;1991;p99.95p99.99;405216416.0;0.0031999999;;0.0031999999
;ID;1991;p99.95p100;908987584.0;0.0089999996;;0.0089999996
;ID;1990;p0p100;47855224.0;;1.89963108935e+15;
;ID;1990;p99p100;385282240.0;0.080499999;;0.080499999
;ID;1990;p99.99p100;3310765568.0;0.0068999999;;0.0068999999
;ID;1990;p99.95p99.99;381568000.0;0.0031999999;;0.0031999999
;ID;1990;p99.95p100;967477312.0;0.0101;;0.0101
;ID;1989;p0p100;44816404.0;;1.73389382012e+15;
;ID;1988;p0p100;40669100.0;;1.53365866388e+15;
;ID;1987;p0p100;37487920.0;;1.37805557915e+15;
;ID;1987;p99p100;299547744.0;0.079899997;;0.079899997
;ID;1986;p0p100;34473504.0;;1.23539053619e+15;
;ID;1985;p0p100;35248088.0;;1.23148613834e+15;
;ID;1984;p0p100;34762388.0;;1.17995003484e+15;
;ID;1983;p0p100;33617468.0;;1.10869369883e+15;
;ID;1982;p0p100;29232676.0;;9.36784983995e+14;
;ID;1982;p99p100;209635248.0;0.071699999;;0.071699999
;ID;1981;p0p100;29351136.0;;9.14013968561e+14;
;ID;1980;p0p100;28022674.0;;8.48057876398e+14;
;ID;1939;p0p100;1536058.4;;2.39420836139e+12;
;ID;1939;p99p100;30518408.0;0.1987;;0.1987
;ID;1939;p99.9p100;108055056.0;0.070299998;;0.070299998
;ID;1939;p99.99p100;281606624.0;0.018300001;;0.018300001
;ID;1939;p99.5p99.9;33777220.0;0.088;;0.088
;ID;1939;p99.95p99.99;109238480.0;0.0284;;0.0284
;ID;1939;p99.9p99.95;72389632.0;0.023600001;;0.023600001
;ID;1939;p99.9p99.99;88767712.0;0.052000001;;0.052000001
;ID;1939;p99p99.5;12404206.0;0.040399998;;0.040399998
;ID;1939;p99.5p100;48632608.0;0.1583;;0.1583
;ID;1939;p99.95p100;143716224.0;0.046799999;;0.046799999
;ID;1938;p0p100;1574587.8;;2.41793281239e+12;
;ID;1938;p99p100;31175468.0;0.198;;0.198
;ID;1938;p99.9p100;114068344.0;0.072400004;;0.072400004
;ID;1938;p99.99p100;314635456.0;0.02;;0.02
;ID;1938;p99.5p99.9;33824648.0;0.085900001;;0.085900001
;ID;1938;p99.95p99.99;114166432.0;0.028999999;;0.028999999
;ID;1938;p99.9p99.95;73866872.0;0.023499999;;0.023499999
;ID;1938;p99.9p99.99;91778680.0;0.052499998;;0.052499998
;ID;1938;p99p99.5;12477739.0;0.0396;;0.0396
;ID;1938;p99.5p100;49873196.0;0.1584;;0.1584
;ID;1938;p99.95p100;154265024.0;0.048999999;;0.048999999
;ID;1937;p0p100;1533450.8;;2.31990839429e+12;
;ID;1937;p99.9p100;100576408.0;0.0656;;0.0656
;ID;1937;p99.99p100;258951968.0;0.016899999;;0.016899999
;ID;1937;p99.5p99.9;30981532.0;0.080799997;;0.080799997
;ID;1937;p99.95p99.99;103116576.0;0.026900001;;0.026900001
;ID;1937;p99.9p99.95;66861432.0;0.0218;;0.0218
;ID;1937;p99.9p99.99;82975632.0;0.048700001;;0.048700001
;ID;1937;p99.5p100;44900340.0;0.1464;;0.1464
;ID;1937;p99.95p100;134287360.0;0.0438;;0.0438
;ID;1936;p0p100;1388543.0;;2.06959001889e+12;
;ID;1936;p99.9p100;96221504.0;0.069300003;;0.069300003
;ID;1936;p99.99p100;226002976.0;0.0163;;0.0163
;ID;1936;p99.5p99.9;31450728.0;0.090599999;;0.090599999
;ID;1936;p99.95p99.99;100553520.0;0.028999999;;0.028999999
;ID;1936;p99.9p99.95;66793088.0;0.024;;0.024
;ID;1936;p99.9p99.99;81798472.0;0.052999999;;0.052999999
;ID;1936;p99.5p100;44404728.0;0.15989999;;0.15989999
;ID;1936;p99.95p100;125646408.0;0.045200001;;0.045200001
;ID;1935;p0p100;1389551.8;;2.04044177339e+12;
;ID;1935;p99.9p100;94691912.0;0.068099998;;0.068099998
;ID;1935;p99.99p100;222187616.0;0.016000001;;0.016000001
;ID;1935;p99.5p99.9;31282962.0;0.090099998;;0.090099998
;ID;1935;p99.95p99.99;98866744.0;0.0285;;0.0285
;ID;1935;p99.9p99.95;65846520.0;0.023700001;;0.023700001
;ID;1935;p99.9p99.99;80522904.0;0.052200001;;0.052200001
;ID;1935;p99.5p100;43964600.0;0.1582;;0.1582
;ID;1935;p99.95p100;123533864.0;0.044500001;;0.044500001
;ID;1934;p0p100;1319657.8;;1.9091308776e+12;
;ID;1934;p99p100;28388534.0;0.21510001;;0.21510001
;ID;1934;p99.9p100;95286776.0;0.0722;;0.0722
;ID;1934;p99.99p100;222292992.0;0.016799999;;0.016799999
;ID;1934;p95p99;3400443.0;0.1031;;0.1031
;ID;1934;p99.5p99.9;32317848.0;0.097999997;;0.097999997
;ID;1934;p99.95p99.99;99148336.0;0.030099999;;0.030099999
;ID;1934;p99.9p99.95;66789952.0;0.0253;;0.0253
;ID;1934;p99.9p99.99;81172176.0;0.055399999;;0.055399999
;ID;1934;p99p99.5;11865583.0;0.045000002;;0.045000002
;ID;1934;p95p100;8398055.0;0.31819999;;0.31819999
;ID;1934;p99.5p100;44911484.0;0.17020001;;0.17020001
;ID;1934;p99.95p100;123780208.0;0.0469;;0.0469
;ID;1933;p0p100;1309315.3;;1.86613880416e+12;
;ID;1933;p99p100;28216492.0;0.2155;;0.2155
;ID;1933;p99.9p100;93964472.0;0.071800001;;0.071800001
;ID;1933;p99.99p100;224638352.0;0.017200001;;0.017200001
;ID;1933;p95p99;3693586.3;0.1128;;0.1128
;ID;1933;p99.5p99.9;32174496.0;0.098300003;;0.098300003
;ID;1933;p99.95p99.99;97147424.0;0.0297;;0.0297
;ID;1933;p99.9p99.95;65276876.0;0.024900001;;0.024900001
;ID;1933;p99.9p99.99;79442264.0;0.0546;;0.0546
;ID;1933;p99p99.5;11900640.0;0.045400001;;0.045400001
;ID;1933;p95p100;8598162.0;0.3283;;0.3283
;ID;1933;p99.5p100;44532344.0;0.1701;;0.1701
;ID;1933;p99.95p100;122648648.0;0.046799999;;0.046799999
;ID;1932;p0p100;1426279.6;;2.00276564382e+12;
;ID;1932;p99p100;30134834.0;0.2113;;0.2113
;ID;1932;p99.9p100;100060808.0;0.070200004;;0.070200004
;ID;1932;p99.99p100;247677984.0;0.0174;;0.0174
;ID;1932;p95p99;4095912.5;0.1149;;0.1149
;ID;1932;p99.5p99.9;34067648.0;0.0955;;0.0955
;ID;1932;p99.95p99.99;102873024.0;0.028899999;;0.028899999
;ID;1932;p99.9p99.95;68280352.0;0.0239;;0.0239
;ID;1932;p99.9p99.99;83655640.0;0.0528;;0.0528
;ID;1932;p99p99.5;13003546.0;0.045600001;;0.045600001
;ID;1932;p95p100;9303691.0;0.32620001;;0.32620001
;ID;1932;p99.5p100;47266124.0;0.1657;;0.1657
;ID;1932;p99.95p100;131837472.0;0.0462;;0.0462
;ID;1931;p0p100;1539532.8;;2.1298085675e+12;
;ID;1931;p99p100;30829342.0;0.20029999;;0.20029999
;ID;1931;p99.9p100;104152240.0;0.067699999;;0.067699999
;ID;1931;p99.99p100;274108480.0;0.0178;;0.0178
;ID;1931;p95p99;4059961.0;0.1055;;0.1055
;ID;1931;p99.5p99.9;34202812.0;0.0889;;0.0889
;ID;1931;p99.95p99.99;105809712.0;0.0275;;0.0275
;ID;1931;p99.9p99.95;68826784.0;0.022399999;;0.022399999
;ID;1931;p99.9p99.99;85264456.0;0.049800001;;0.049800001
;ID;1931;p99p99.5;13466151.0;0.043699998;;0.043699998
;ID;1931;p95p100;9413831.0;0.3057;;0.3057
;ID;1931;p99.5p100;48192532.0;0.1565;;0.1565
;ID;1931;p99.95p100;139473488.0;0.045299999;;0.045299999
;ID;1930;p0p100;1842004.0;;2.51054964956e+12;
;ID;1930;p99p100;30644768.0;0.1664;;0.1664
;ID;1930;p99.9p100;108199320.0;0.058699999;;0.058699999
;ID;1930;p99.99p100;307872832.0;0.0167;;0.0167
;ID;1930;p99.5p99.9;33184946.0;0.072099999;;0.072099999
;ID;1930;p99.95p99.99;108078768.0;0.023499999;;0.023499999
;ID;1930;p99.9p99.95;68351552.0;0.0186;;0.0186
;ID;1930;p99.9p99.99;86008968.0;0.041999999;;0.041999999
;ID;1930;p99p99.5;13101892.0;0.035599999;;0.035599999
;ID;1930;p99.5p100;48187644.0;0.13079999;;0.13079999
;ID;1930;p99.95p100;148042352.0;0.040199999;;0.040199999
;ID;1929;p0p100;1866567.9;;2.51171957485e+12;
;ID;1929;p99p100;31197118.0;0.1671;;0.1671
;ID;1929;p99.9p100;117890624.0;0.063199997;;0.063199997
;ID;1929;p99.99p100;359068640.0;0.019200001;;0.019200001
;ID;1929;p99.5p99.9;32635884.0;0.069899999;;0.069899999
;ID;1929;p99.95p99.99;118102752.0;0.0253;;0.0253
;ID;1929;p99.9p99.95;69473800.0;0.0186;;0.0186
;ID;1929;p99.9p99.99;91087744.0;0.043900002;;0.043900002
;ID;1929;p99p99.5;12707606.0;0.034000002;;0.034000002
;ID;1929;p99.5p100;49686628.0;0.1331;;0.1331
;ID;1929;p99.95p100;166301680.0;0.044500001;;0.044500001
;ID;1928;p0p100;1827018.6;;2.42757949312e+12;
;ID;1928;p99p100;29921406.0;0.1638;;0.1638
;ID;1928;p99.9p100;112141656.0;0.0614;;0.0614
;ID;1928;p99.99p100;352151296.0;0.019300001;;0.019300001
;ID;1928;p99.5p99.9;31514592.0;0.068999998;;0.068999998
;ID;1928;p99.95p99.99;108385952.0;0.023700001;;0.023700001
;ID;1928;p99.9p99.95;67133112.0;0.0184;;0.0184
;ID;1928;p99.9p99.99;85468624.0;0.042100001;;0.042100001
;ID;1928;p99p99.5;12202998.0;0.033399999;;0.033399999
;ID;1928;p99.5p100;47639812.0;0.1304;;0.1304
;ID;1928;p99.95p100;157144832.0;0.043000001;;0.043000001
;ID;1927;p0p100;1856978.3;;2.43674710106e+12;
;ID;1927;p99p100;28819382.0;0.1552;;0.1552
;ID;1927;p99.9p100;111079704.0;0.059799999;;0.059799999
;ID;1927;p99.99p100;359500544.0;0.019400001;;0.019400001
;ID;1927;p99.5p99.9;29850270.0;0.064300001;;0.064300001
;ID;1927;p99.95p99.99;106903776.0;0.023;;0.023
;ID;1927;p99.9p99.95;64724728.0;0.0174;;0.0174
;ID;1927;p99.9p99.99;83471904.0;0.0405;;0.0405
;ID;1927;p99p99.5;11542802.0;0.031099999;;0.031099999
;ID;1927;p99.5p100;46095964.0;0.1241;;0.1241
;ID;1927;p99.95p100;157429152.0;0.042399999;;0.042399999
;ID;1926;p0p100;1911660.9;;2.47935246131e+12;
;ID;1926;p99p100;28680620.0;0.15000001;;0.15000001
;ID;1926;p99.9p100;114162112.0;0.059700001;;0.059700001
;ID;1926;p99.99p100;389036064.0;0.020400001;;0.020400001
;ID;1926;p99.5p99.9;29189168.0;0.061099999;;0.061099999
;ID;1926;p99.95p99.99;108234264.0;0.022600001;;0.022600001
;ID;1926;p99.9p99.95;63916924.0;0.0167;;0.0167
;ID;1926;p99.9p99.99;83614496.0;0.0394;;0.0394
;ID;1926;p99p99.5;11177684.0;0.029200001;;0.029200001
;ID;1926;p99.5p100;46183556.0;0.1208;;0.1208
;ID;1926;p99.95p100;164401312.0;0.043000001;;0.043000001
;ID;1925;p0p100;1801711.5;;2.31015350242e+12;
;ID;1925;p99p100;25573606.0;0.1419;;0.1419
;ID;1925;p99.9p100;101857624.0;0.056499999;;0.056499999
;ID;1925;p99.99p100;344264160.0;0.019099999;;0.019099999
;ID;1925;p99.5p99.9;25992702.0;0.057700001;;0.057700001
;ID;1925;p99.95p99.99;94347008.0;0.0209;;0.0209
;ID;1925;p99.9p99.95;59373796.0;0.0165;;0.0165
;ID;1925;p99.9p99.99;74918216.0;0.0374;;0.0374
;ID;1925;p99p99.5;9981707.0;0.0277;;0.0277
;ID;1925;p99.5p100;41165508.0;0.1142;;0.1142
;ID;1925;p99.95p100;144336400.0;0.040100001;;0.040100001
;ID;1924;p0p100;1644516.9;;2.08517539989e+12;
;ID;1924;p99p100;23711360.0;0.1442;;0.1442
;ID;1924;p99.9p100;93289928.0;0.056699999;;0.056699999
;ID;1924;p99.99p100;323286016.0;0.0197;;0.0197
;ID;1924;p99.5p99.9;24434460.0;0.0594;;0.0594
;ID;1924;p99.95p99.99;86079552.0;0.0209;;0.0209
;ID;1924;p99.9p99.95;53048564.0;0.016100001;;0.016100001
;ID;1924;p99.9p99.99;67729728.0;0.037099998;;0.037099998
;ID;1924;p99p99.5;9217329.0;0.028000001;;0.028000001
;ID;1924;p99.5p100;38205388.0;0.1162;;0.1162
;ID;1924;p99.95p100;133526496.0;0.040600002;;0.040600002
;ID;1923;p0p100;1406315.5;;1.76343736002e+12;
;ID;1923;p99p100;20828848.0;0.1481;;0.1481
;ID;1923;p99.9p100;80058328.0;0.056899998;;0.056899998
;ID;1923;p99.99p100;271480320.0;0.019300001;;0.019300001
;ID;1923;p99.5p99.9;22156992.0;0.063000001;;0.063000001
;ID;1923;p99.95p99.99;73994960.0;0.021;;0.021
;ID;1923;p99.9p99.95;46615932.0;0.0166;;0.0166
;ID;1923;p99.9p99.99;58784992.0;0.037599999;;0.037599999
;ID;1923;p99p99.5;7920573.5;0.028200001;;0.028200001
;ID;1923;p99.5p100;33737120.0;0.1199;;0.1199
;ID;1923;p99.95p100;113496736.0;0.040399998;;0.040399998
;ID;1922;p0p100;1356655.1;;1.68245570884e+12;
;ID;1922;p99p100;19379592.0;0.1428;;0.1428
;ID;1922;p99.9p100;72571752.0;0.0535;;0.0535
;ID;1922;p99.99p100;229387632.0;0.016899999;;0.016899999
;ID;1922;p99.5p99.9;20962328.0;0.061799999;;0.061799999
;ID;1922;p99.95p99.99;68918640.0;0.020300001;;0.020300001
;ID;1922;p99.9p99.95;44123848.0;0.0163;;0.0163
;ID;1922;p99.9p99.99;55144304.0;0.036600001;;0.036600001
;ID;1922;p99p99.5;7475095.0;0.0275;;0.0275
;ID;1922;p99.5p100;31284088.0;0.1153;;0.1153
;ID;1922;p99.95p100;101016264.0;0.0372;;0.0372
;ID;1921;p0p100;1306919.9;;1.60303727258e+12;
;ID;1921;p99p100;15442267.0;0.1182;;0.1182
;ID;1921;p99.9p100;72364552.0;0.055399999;;0.055399999
;ID;1921;p99.99p100;289336352.0;0.0221;;0.0221
;ID;1921;p99.5p99.9;14847139.0;0.045400001;;0.045400001
;ID;1921;p99.95p99.99;63212328.0;0.019300001;;0.019300001
;ID;1921;p99.9p99.95;36282284.0;0.0139;;0.0139
;ID;1921;p99.9p99.99;48251784.0;0.033199999;;0.033199999
;ID;1921;p99p99.5;4534049.5;0.0173;;0.0173
;ID;1921;p99.5p100;26350484.0;0.1008;;0.1008
;ID;1921;p99.95p100;108442520.0;0.041499998;;0.041499998
;ID;1920;p0p100;1654431.3;;2.0071831759e+12;
