Variable Name;.;.;.;Fiscal income  | tax unit | Average | Adults | constant 2015 local currency;Fiscal income  | tax unit | Total | Adults | constant 2015 local currency;Fiscal income  | tax unit | Share | Adults | share of total (ratio);Pre-tax national income  | tax unit | Share | Adults | share of total (ratio)
Variable Category;.;.;.;Income inequality;Income inequality;Income inequality;Income inequality
Variable Description;.;.;.;Average Fiscal income within a given percentile group. Fiscal income is defined as the sum of all income items reported on income tax returns, before any deduction. It includes labour income, capital income and mixed income. The concept of fiscal income varies with national tax legislations, so in order to make international comparisons it is preferable to use the concept of national income. The population is comprised of individuals over age 20. The base unit is the tax unit defined by national fiscal administrations to measure personal income taxes.;Total Fiscal income  within a given percentile group. Fiscal income is defined as the sum of all income items reported on income tax returns, before any deduction. It includes labour income, capital income and mixed income. The concept of fiscal income varies with national tax legislations, so in order to make international comparisons it is preferable to use the concept of national income. The population is comprised of individuals over age 20.;Fiscal income share held by a given percentile group. Fiscal income is defined as the sum of all income items reported on income tax returns, before any deduction. It includes labour income, capital income and mixed income. The concept of fiscal income varies with national tax legislations, so in order to make international comparisons it is preferable to use the concept of national income. The population is comprised of individuals over age 20. The base unit is the tax unit defined by national fiscal administrations to measure personal income taxes.;Pre-tax national income share held by a given percentile group. Pre-tax national income  is the sum of all pre-tax personal income flows accruing to the owners of the production factors, labor and capital, before taking into account the operation of the tax/transfer system, but after taking into account the operation of pension system. The central difference between personal factor income and pre-tax income is the treatment of pensions, which are counted on a contribution basis by factor income and on a distribution basis by pre-tax income. The population is comprised of individuals over age 20. The base unit is the tax unit defined by national fiscal administrations to measure personal income taxes.
Variable Decomposition;.;.;.;[Fiscal income ]=[Fiscal labour income ]+[Fiscal capital income ];[Fiscal income ]=[Fiscal labour income ]+[Fiscal capital income ];[Fiscal income ]=[Fiscal labour income ]+[Fiscal capital income ];Pre-tax national income =Pre-tax labor income [total pre-tax income ranking]+Pre-tax capital income [total pre-tax income ranking]
Variable Unit;.;.;.;"USD; United States dollar | local currency | market";"USD; United States dollar | local currency | market";share;share
Methodological Notes;.;.;.;;;;Assuming the same distribution as fiscal income.
Sources;.;.;.;Frank, Sommeiller, Price & Saez (2015);Frank, Sommeiller, Price & Saez (2015);Frank, Sommeiller, Price & Saez (2015);WID.world computations using: Frank, Sommeiller, Price & Saez (2015)
Variable Code;country;year;perc;afiinc992t;mfiinc992t;sfiinc992t;sptinc992t
;US-MA;2015;p0p100;84402.102;3.09267744408e+11;1.0;1.0
;US-MA;2015;p99p100;2106808.3;;0.24959999;0.24959999
;US-MA;2015;p99.9p100;10909354.0;;0.1293;0.1293
;US-MA;2015;p99.99p100;53008788.0;;0.062799998;0.062799998
;US-MA;2015;p90p100;450049.41;;0.53320003;0.53320003
;US-MA;2015;p90p95;195649.3;;0.1159;0.1159
;US-MA;2015;p95p99;354945.91;;0.1682;0.1682
;US-MA;2015;p99.5p99.9;1594654.3;;0.075599998;0.075599998
;US-MA;2015;p99.9p99.99;6204715.5;;0.066200003;0.066200003
;US-MA;2015;p99p99.5;757726.88;;0.0449;0.0449
;US-MA;2015;p95p100;704997.88;;0.41760001;0.41760001
;US-MA;2015;p0p90;43743.801;;0.46650001;0.46650001
;US-MA;2015;p0p99;63973.699;;0.75040001;0.75040001
;US-MA;2015;p99.5p100;3457509.8;;0.20479999;0.20479999
;US-MA;2014;p0p100;79571.203;2.90875511747e+11;1.0;1.0
;US-MA;2014;p99p100;2008770.9;;0.25299999;0.25299999
;US-MA;2014;p99.9p100;10371672.0;;0.13070001;0.13070001
;US-MA;2014;p99.99p100;52213736.0;;0.065800004;0.065800004
;US-MA;2014;p90p100;431091.69;;0.5431;0.5431
;US-MA;2014;p90p95;187537.41;;0.1181;0.1181
;US-MA;2014;p95p99;341381.81;;0.17200001;0.17200001
;US-MA;2014;p99.5p99.9;1512863.8;;0.076200001;0.076200001
;US-MA;2014;p99.9p99.99;5703456.5;;0.0647;0.0647
;US-MA;2014;p99p99.5;732103.63;;0.046100002;0.046100002
;US-MA;2014;p95p100;674934.63;;0.4251;0.4251
;US-MA;2014;p0p90;40315.602;;0.4571;0.4571
;US-MA;2014;p0p99;59893.898;;0.74699998;0.74699998
;US-MA;2014;p99.5p100;3285506.5;;0.2069;0.2069
;US-MA;2013;p0p100;80928.203;2.76692568675e+11;1.0;1.0
;US-MA;2013;p99p100;1778896.8;;0.22750001;0.22750001
;US-MA;2013;p99.9p100;8951106.0;;0.1145;0.1145
;US-MA;2013;p99.99p100;44972280.0;;0.057500001;0.057500001
;US-MA;2013;p90p100;397573.81;;0.50849998;0.50849998
;US-MA;2013;p90p95;179956.5;;0.1151;0.1151
;US-MA;2013;p95p99;324873.31;;0.1662;0.1662
;US-MA;2013;p99.5p99.9;1346689.6;;0.068899997;0.068899997
;US-MA;2013;p99.9p99.99;4941407.5;;0.056899998;0.056899998
;US-MA;2013;p99p99.5;689967.0;;0.044100001;0.044100001
;US-MA;2013;p95p100;615609.19;;0.3937;0.3937
;US-MA;2013;p0p90;42672.801;;0.4912;0.4912
;US-MA;2013;p0p99;61000.398;;0.77249998;0.77249998
;US-MA;2013;p99.5p100;2867415.3;;0.18340001;0.18340001
;US-MA;2012;p0p100;84333.797;2.81877696882e+11;1.0;1.0
;US-MA;2012;p99p100;1991396.4;;0.2516;0.2516
;US-MA;2012;p99.9p100;10366330.0;;0.131;0.131
;US-MA;2012;p99.99p100;51986160.0;;0.065700002;0.065700002
;US-MA;2012;p90p100;416772.59;;0.52670002;0.52670002
;US-MA;2012;p90p95;173788.91;;0.1098;0.1098
;US-MA;2012;p95p99;327471.69;;0.1655;0.1655
;US-MA;2012;p99.5p99.9;1487092.3;;0.075199999;0.075199999
;US-MA;2012;p99.9p99.99;5736191.0;;0.065200001;0.065200001
;US-MA;2012;p99p99.5;719712.38;;0.045499999;0.045499999
;US-MA;2012;p95p100;660296.38;;0.4172;0.4172
;US-MA;2012;p0p90;41597.398;;0.47310001;0.47310001
;US-MA;2012;p0p99;59818.301;;0.74839997;0.74839997
;US-MA;2012;p99.5p100;3263022.5;;0.2062;0.2062
;US-MA;2011;p0p100;83444.703;2.65833659526e+11;1.0;1.0
;US-MA;2011;p99p100;1713938.8;;0.228;0.228
;US-MA;2011;p99.9p100;8542660.0;;0.1137;0.1137
;US-MA;2011;p99.99p100;41839256.0;;0.0557;0.0557
;US-MA;2011;p90p100;380517.5;;0.50629997;0.50629997
;US-MA;2011;p90p95;167902.0;;0.1117;0.1117
;US-MA;2011;p95p99;313956.41;;0.1671;0.1671
;US-MA;2011;p99.5p99.9;1312721.4;;0.069899999;0.069899999
;US-MA;2011;p99.9p99.99;4833097.5;;0.0579;0.0579
;US-MA;2011;p99p99.5;669358.38;;0.044500001;0.044500001
;US-MA;2011;p95p100;594009.38;;0.39520001;0.39520001
;US-MA;2011;p0p90;41191.398;;0.49329999;0.49329999
;US-MA;2011;p0p99;58603.602;;0.77200001;0.77200001
;US-MA;2011;p99.5p100;2758101.0;;0.18350001;0.18350001
;US-MA;2010;p0p100;89436.203;2.65581550663e+11;1.0;1.0
;US-MA;2010;p99p100;1720054.0;;0.2272;0.2272
;US-MA;2010;p99.9p100;8896916.0;;0.1175;0.1175
;US-MA;2010;p99.99p100;46685320.0;;0.061700001;0.061700001
;US-MA;2010;p90p100;374652.69;;0.49489999;0.49489999
;US-MA;2010;p90p95;160850.09;;0.1062;0.1062
;US-MA;2010;p95p99;307189.5;;0.16230001;0.16230001
;US-MA;2010;p99.5p99.9;1254395.5;;0.066299997;0.066299997
;US-MA;2010;p99.9p99.99;4700389.5;;0.0559;0.0559
;US-MA;2010;p99p99.5;657933.38;;0.043499999;0.043499999
;US-MA;2010;p95p100;589813.63;;0.38960001;0.38960001
;US-MA;2010;p0p90;42403.199;;0.50410002;0.50410002
;US-MA;2010;p0p99;59089.398;;0.77280003;0.77280003
;US-MA;2010;p99.5p100;2781519.5;;0.1837;0.1837
;US-MA;2009;p0p100;89300.398;2.51591115603e+11;1.0;1.0
;US-MA;2009;p99p100;1361228.0;;0.18610001;0.18610001
;US-MA;2009;p99.9p100;6181921.0;;0.0845;0.0845
;US-MA;2009;p99.99p100;28788130.0;;0.039299998;0.039299998
;US-MA;2009;p90p100;336279.41;;0.4596;0.4596
;US-MA;2009;p90p95;158145.91;;0.1081;0.1081
;US-MA;2009;p95p99;303965.19;;0.1662;0.1662
;US-MA;2009;p99.5p99.9;1104212.0;;0.060400002;0.060400002
;US-MA;2009;p99.9p99.99;3663668.5;;0.0451;0.0451
;US-MA;2009;p99p99.5;600576.38;;0.041000001;0.041000001
;US-MA;2009;p95p100;515448.91;;0.35229999;0.35229999
;US-MA;2009;p0p90;43891.602;;0.5399;0.5399
;US-MA;2009;p0p99;60153.5;;0.81389999;0.81389999
;US-MA;2009;p99.5p100;2121260.5;;0.145;0.145
;US-MA;2008;p0p100;94408.102;2.68039481032e+11;1.0;1.0
;US-MA;2008;p99p100;1681756.6;;0.2159;0.2159
;US-MA;2008;p99.9p100;8206374.5;;0.1053;0.1053
;US-MA;2008;p99.99p100;39037964.0;;0.050099999;0.050099999
;US-MA;2008;p90p100;379556.5;;0.48719999;0.48719999
;US-MA;2008;p90p95;166628.7;;0.1069;0.1069
;US-MA;2008;p95p99;321132.09;;0.1649;0.1649
;US-MA;2008;p99.5p99.9;1310516.0;;0.067299999;0.067299999
;US-MA;2008;p99.9p99.99;4765081.0;;0.055100001;0.055100001
;US-MA;2008;p99p99.5;666717.38;;0.042800002;0.042800002
;US-MA;2008;p95p100;593602.69;;0.38100001;0.38100001
;US-MA;2008;p0p90;44397.301;;0.51289999;0.51289999
;US-MA;2008;p0p99;61701.801;;0.7841;0.7841
;US-MA;2008;p99.5p100;2694380.3;;0.17290001;0.17290001
;US-MA;2007;p0p100;112734.0;2.86854078622e+11;1.0;1.0
;US-MA;2007;p99p100;2300476.8;;0.2667;0.2667
;US-MA;2007;p99.9p100;12322757.0;;0.1428;0.1428
;US-MA;2007;p99.99p100;62148040.0;;0.071999997;0.071999997
;US-MA;2007;p90p100;459326.19;;0.53240001;0.53240001
;US-MA;2007;p90p95;176749.5;;0.1024;0.1024
;US-MA;2007;p95p99;355522.81;;0.1648;0.1648
;US-MA;2007;p99.5p99.9;1692496.8;;0.078500003;0.078500003
;US-MA;2007;p99.9p99.99;6806672.5;;0.071000002;0.071000002
;US-MA;2007;p99p99.5;796154.69;;0.046100002;0.046100002
;US-MA;2007;p95p100;743692.31;;0.43099999;0.43099999
;US-MA;2007;p0p90;44580.199;;0.46509999;0.46509999
;US-MA;2007;p0p99;63906.398;;0.73329997;0.73329997
;US-MA;2007;p99.5p100;3809830.5;;0.2208;0.2208
;US-MA;2006;p0p100;114611.5;2.74462075068e+11;1.0;1.0
;US-MA;2006;p99p100;2035267.9;;0.2454;0.2454
;US-MA;2006;p99.9p100;10404418.0;;0.12549999;0.12549999
;US-MA;2006;p99.99p100;49358548.0;;0.059500001;0.059500001
;US-MA;2006;p90p100;426382.19;;0.51410002;0.51410002
;US-MA;2006;p90p95;177808.09;;0.1072;0.1072
;US-MA;2006;p95p99;336343.81;;0.1622;0.1622
;US-MA;2006;p99.5p99.9;1559406.3;;0.075199999;0.075199999
;US-MA;2006;p99.9p99.99;6077771.5;;0.066;0.066
;US-MA;2006;p99p99.5;744646.63;;0.0449;0.0449
;US-MA;2006;p95p100;675990.81;;0.4075;0.4075
;US-MA;2006;p0p90;44695.199;;0.48500001;0.48500001
;US-MA;2006;p0p99;63216.0;;0.75459999;0.75459999
;US-MA;2006;p99.5p100;3326849.0;;0.2006;0.2006
;US-MA;2005;p0p100;115117.5;2.598906712e+11;1.0;1.0
;US-MA;2005;p99p100;1847552.8;;0.2366;0.2366
;US-MA;2005;p99.9p100;9228082.0;;0.1182;0.1182
;US-MA;2005;p99.99p100;42935276.0;;0.055;0.055
;US-MA;2005;p90p100;398325.09;;0.50999999;0.50999999
;US-MA;2005;p90p95;169803.41;;0.1087;0.1087
;US-MA;2005;p95p99;323076.81;;0.1655;0.1655
;US-MA;2005;p99.5p99.9;1433601.8;;0.073399998;0.073399998
;US-MA;2005;p99.9p99.99;5482225.5;;0.063199997;0.063199997
;US-MA;2005;p99p99.5;701567.0;;0.0449;0.0449
;US-MA;2005;p95p100;628011.13;;0.4021;0.4021
;US-MA;2005;p0p90;42460.699;;0.48930001;0.48930001
;US-MA;2005;p0p99;60224.398;;0.76340002;0.76340002
;US-MA;2005;p99.5p100;2993163.8;;0.19159999;0.19159999
;US-MA;2004;p0p100;116514.7;2.48257806629e+11;1.0;1.0
;US-MA;2004;p99p100;1619473.3;;0.21879999;0.21879999
;US-MA;2004;p99.9p100;7797206.5;;0.1054;0.1054
;US-MA;2004;p99.99p100;35940652.0;;0.048599999;0.048599999
;US-MA;2004;p90p100;367118.5;;0.49610001;0.49610001
;US-MA;2004;p90p95;164632.41;;0.1112;0.1112
;US-MA;2004;p95p99;309124.41;;0.1671;0.1671
;US-MA;2004;p99.5p99.9;1282936.6;;0.069300003;0.069300003
;US-MA;2004;p99.9p99.99;4671838.0;;0.0568;0.0568
;US-MA;2004;p99p99.5;654355.19;;0.044199999;0.044199999
;US-MA;2004;p95p100;571170.31;;0.38589999;0.38589999
;US-MA;2004;p0p90;41335.199;;0.50269997;0.50269997
;US-MA;2004;p0p99;58389.602;;0.78119999;0.78119999
;US-MA;2004;p99.5p100;2584973.5;;0.17470001;0.17470001
;US-MA;2003;p0p100;114435.2;2.35179405143e+11;1.0;1.0
;US-MA;2003;p99p100;1352582.1;;0.1963;0.1963
;US-MA;2003;p99.9p100;6141735.5;;0.089100003;0.089100003
;US-MA;2003;p99.99p100;27580802.0;;0.039999999;0.039999999
;US-MA;2003;p90p100;329749.19;;0.4786;0.4786
;US-MA;2003;p90p95;166582.3;;0.1209;0.1209
;US-MA;2003;p95p99;278654.19;;0.1618;0.1618
;US-MA;2003;p99.5p99.9;1113055.4;;0.064599998;0.064599998
;US-MA;2003;p99.9p99.99;3764331.5;;0.049199998;0.049199998
;US-MA;2003;p99p99.5;588506.63;;0.0427;0.0427
;US-MA;2003;p95p100;493213.41;;0.35789999;0.35789999
;US-MA;2003;p0p90;39876.5;;0.52079999;0.52079999
;US-MA;2003;p0p99;55938.398;;0.80369997;0.80369997
;US-MA;2003;p99.5p100;2117298.0;;0.15360001;0.15360001
;US-MA;2002;p0p100;120748.9;2.36234249128e+11;1.0;1.0
;US-MA;2002;p99p100;1272111.4;;0.1829;0.1829
;US-MA;2002;p99.9p100;5481620.0;;0.0788;0.0788
;US-MA;2002;p99.99p100;23226020.0;;0.033399999;0.033399999
;US-MA;2002;p90p100;323518.09;;0.46509999;0.46509999
;US-MA;2002;p90p95;168796.5;;0.1213;0.1213
;US-MA;2002;p95p99;280033.59;;0.161;0.161
;US-MA;2002;p99.5p99.9;1079506.8;;0.062100001;0.062100001
;US-MA;2002;p99.9p99.99;3507397.5;;0.045400001;0.045400001
;US-MA;2002;p99p99.5;582892.0;;0.041900001;0.041900001
;US-MA;2002;p95p100;478378.91;;0.34380001;0.34380001
;US-MA;2002;p0p90;41346.602;;0.53490001;0.53490001
;US-MA;2002;p0p99;57417.898;;0.81709999;0.81709999
;US-MA;2002;p99.5p100;1960919.3;;0.1409;0.1409
;US-MA;2001;p0p100;135056.8;2.49638112268e+11;1.0;1.0
;US-MA;2001;p99p100;1641544.3;;0.21780001;0.21780001
;US-MA;2001;p99.9p100;7885492.0;;0.1046;0.1046
;US-MA;2001;p99.99p100;36410644.0;;0.048300002;0.048300002
;US-MA;2001;p90p100;373262.31;;0.49529999;0.49529999
;US-MA;2001;p90p95;174169.91;;0.1156;0.1156
;US-MA;2001;p95p99;306022.41;;0.16240001;0.16240001
;US-MA;2001;p99.5p99.9;1304056.9;;0.069200002;0.069200002
;US-MA;2001;p99.9p99.99;4708984.5;;0.056200001;0.056200001
;US-MA;2001;p99p99.5;663868.69;;0.044100001;0.044100001
;US-MA;2001;p95p100;572874.13;;0.38010001;0.38010001
;US-MA;2001;p0p90;42210.602;;0.50410002;0.50410002
;US-MA;2001;p0p99;59533.5;;0.78219998;0.78219998
;US-MA;2001;p99.5p100;2618725.3;;0.17380001;0.17380001
;US-MA;2000;p0p100;152684.59;2.6165006403e+11;1.0;1.0
;US-MA;2000;p99p100;2488635.0;;0.30880001;0.30880001
;US-MA;2000;p99.9p100;13898821.0;;0.1724;0.1724
;US-MA;2000;p99.99p100;71681000.0;;0.0889;0.0889
;US-MA;2000;p90p100;474615.09;;0.58890003;0.58890003
;US-MA;2000;p90p95;182053.2;;0.1129;0.1129
;US-MA;2000;p95p99;341215.19;;0.1693;0.1693
;US-MA;2000;p99.5p99.9;1764888.5;;0.0876;0.0876
;US-MA;2000;p99.9p99.99;7428807.5;;0.082999997;0.082999997
;US-MA;2000;p99p99.5;804186.81;;0.049899999;0.049899999
;US-MA;2000;p95p100;768935.88;;0.477;0.477
;US-MA;2000;p0p90;36571.102;;0.4084;0.4084
;US-MA;2000;p0p99;56276.199;;0.69120002;0.69120002
;US-MA;2000;p99.5p100;4177563.0;;0.25920001;0.25920001
;US-MA;1999;p0p100;153510.41;2.40182477686e+11;1.0;1.0
;US-MA;1999;p99p100;1835774.3;;0.242;0.242
;US-MA;1999;p99.9p100;9180918.0;;0.121;0.121
;US-MA;1999;p99.99p100;41953992.0;;0.055300001;0.055300001
;US-MA;1999;p90p100;396617.41;;0.52280003;0.52280003
;US-MA;1999;p90p95;174432.91;;0.115;0.115
;US-MA;1999;p95p99;315324.69;;0.1663;0.1663
;US-MA;1999;p99.5p99.9;1428022.0;;0.075300001;0.075300001
;US-MA;1999;p99.9p99.99;5512576.0;;0.065399997;0.065399997
;US-MA;1999;p99p99.5;694436.13;;0.0458;0.0458
;US-MA;1999;p95p100;619269.63;;0.40810001;0.40810001
;US-MA;1999;p0p90;40211.398;;0.477;0.477
;US-MA;1999;p0p99;58089.102;;0.75800002;0.75800002
;US-MA;1999;p99.5p100;2977185.3;;0.1962;0.1962
;US-MA;1998;p0p100;146663.2;2.22328009589e+11;1.0;1.0
;US-MA;1998;p99p100;1545511.5;;0.22220001;0.22220001
;US-MA;1998;p99.9p100;7583855.5;;0.109;0.109
;US-MA;1998;p99.99p100;34537276.0;;0.049699999;0.049699999
;US-MA;1998;p90p100;348593.41;;0.50120002;0.50120002
;US-MA;1998;p90p95;162372.8;;0.1167;0.1167
;US-MA;1998;p95p99;282716.59;;0.1626;0.1626
;US-MA;1998;p99.5p99.9;1217844.6;;0.07;0.07
;US-MA;1998;p99.9p99.99;4570740.0;;0.059099998;0.059099998
;US-MA;1998;p99p99.5;601037.19;;0.043200001;0.043200001
;US-MA;1998;p95p100;535103.69;;0.3847;0.3847
;US-MA;1998;p0p90;38532.102;;0.49860001;0.49860001
;US-MA;1998;p0p99;54641.5;;0.77780002;0.77780002
;US-MA;1998;p99.5p100;2490043.0;;0.17900001;0.17900001
;US-MA;1997;p0p100;142403.0;2.07910230111e+11;1.0;1.0
;US-MA;1997;p99p100;1320252.1;;0.20100001;0.20100001
;US-MA;1997;p99.9p100;6128176.0;;0.0933;0.0933
;US-MA;1997;p99.99p100;26821378.0;;0.040800001;0.040800001
;US-MA;1997;p90p100;313867.19;;0.47780001;0.47780001
;US-MA;1997;p90p95;153626.0;;0.1169;0.1169
;US-MA;1997;p95p99;262806.81;;0.16;0.16
;US-MA;1997;p99.5p99.9;1087906.9;;0.066299997;0.066299997
;US-MA;1997;p99.9p99.99;3825731.0;;0.0524;0.0524
;US-MA;1997;p99p99.5;544980.88;;0.041499998;0.041499998
;US-MA;1997;p95p100;474241.09;;0.361;0.361
;US-MA;1997;p0p90;38097.699;;0.52200001;0.52200001
;US-MA;1997;p0p99;53010.898;;0.79900002;0.79900002
;US-MA;1997;p99.5p100;2095671.0;;0.1595;0.1595
;US-MA;1996;p0p100;140811.2;1.93626700415e+11;1.0;1.0
;US-MA;1996;p99p100;1126193.5;;0.18099999;0.18099999
;US-MA;1996;p99.9p100;4866831.0;;0.078199998;0.078199998
;US-MA;1996;p99.99p100;20474726.0;;0.032900002;0.032900002
;US-MA;1996;p90p100;283954.31;;0.45629999;0.45629999
;US-MA;1996;p90p95;146722.2;;0.1179;0.1179
;US-MA;1996;p95p99;245043.09;;0.1575;0.1575
;US-MA;1996;p99.5p99.9;958169.81;;0.0616;0.0616
;US-MA;1996;p99.9p99.99;3132469.0;;0.045299999;0.045299999
;US-MA;1996;p99p99.5;512253.5;;0.041200001;0.041200001
;US-MA;1996;p95p100;421255.41;;0.33849999;0.33849999
;US-MA;1996;p0p90;37591.398;;0.54369998;0.54369998
;US-MA;1996;p0p99;51483.602;;0.81900001;0.81900001
;US-MA;1996;p99.5p100;1740083.8;;0.1398;0.1398
;US-MA;1995;p0p100;140813.2;1.81906166401e+11;1.0;1.0
;US-MA;1995;p99p100;990766.31;;0.16779999;0.16779999
;US-MA;1995;p99.9p100;4129513.8;;0.069899999;0.069899999
;US-MA;1995;p99.99p100;16768006.0;;0.0284;0.0284
;US-MA;1995;p90p100;261016.0;;0.44209999;0.44209999
;US-MA;1995;p90p95;140271.0;;0.1188;0.1188
;US-MA;1995;p95p99;229558.2;;0.15549999;0.15549999
;US-MA;1995;p99.5p99.9;862533.5;;0.058400001;0.058400001
;US-MA;1995;p99.9p99.99;2725098.0;;0.041499998;0.041499998
;US-MA;1995;p99p99.5;466299.81;;0.039500002;0.039500002
;US-MA;1995;p95p100;381815.91;;0.3233;0.3233
;US-MA;1995;p0p90;36599.199;;0.55790001;0.55790001
;US-MA;1995;p0p99;49634.898;;0.83219999;0.83219999
;US-MA;1995;p99.5p100;1515339.0;;0.1283;0.1283
;US-MA;1994;p0p100;141144.91;1.7350028654e+11;1.0;1.0
;US-MA;1994;p99p100;828839.69;;0.1469;0.1469
;US-MA;1994;p99.9p100;3281079.8;;0.0581;0.0581
;US-MA;1994;p99.99p100;13037743.0;;0.0231;0.0231
;US-MA;1994;p90p100;234353.7;;0.41530001;0.41530001
;US-MA;1994;p90p95;133279.8;;0.1181;0.1181
;US-MA;1994;p95p99;212098.8;;0.1503;0.1503
;US-MA;1994;p99.5p99.9;736354.0;;0.052200001;0.052200001
;US-MA;1994;p99.9p99.99;2195972.5;;0.035;0.035
;US-MA;1994;p99p99.5;411989.59;;0.036499999;0.036499999
;US-MA;1994;p95p100;335448.5;;0.29719999;0.29719999
;US-MA;1994;p0p90;36668.0;;0.5848;0.5848
;US-MA;1994;p0p99;48632.602;;0.8531;0.8531
;US-MA;1994;p99.5p100;1245637.3;;0.1104;0.1104
;US-MA;1993;p0p100;144077.41;1.69780946353e+11;1.0;1.0
;US-MA;1993;p99p100;799382.5;;0.14480001;0.14480001
;US-MA;1993;p99.9p100;3128321.5;;0.056600001;0.056600001
;US-MA;1993;p99.99p100;12302345.0;;0.022299999;0.022299999
;US-MA;1993;p90p100;227901.0;;0.4127;0.4127
;US-MA;1993;p90p95;130299.4;;0.118;0.118
;US-MA;1993;p95p99;207062.09;;0.15000001;0.15000001
;US-MA;1993;p99.5p99.9;717069.81;;0.051899999;0.051899999
;US-MA;1993;p99.9p99.99;2106770.0;;0.034299999;0.034299999
;US-MA;1993;p99p99.5;398598.91;;0.0361;0.0361
;US-MA;1993;p95p100;325522.31;;0.2947;0.2947
;US-MA;1993;p0p90;36043.801;;0.58740002;0.58740002
;US-MA;1993;p0p99;47707.699;;0.85519999;0.85519999
;US-MA;1993;p99.5p100;1199975.4;;0.1086;0.1086
;US-MA;1992;p0p100;150751.91;1.69360141433e+11;1.0;1.0
;US-MA;1992;p99p100;798560.5;;0.1451;0.1451
;US-MA;1992;p99.9p100;3137299.0;;0.057;0.057
;US-MA;1992;p99.99p100;12242967.0;;0.0222;0.0222
;US-MA;1992;p90p100;226541.59;;0.41170001;0.41170001
;US-MA;1992;p90p95;131611.3;;0.1196;0.1196
;US-MA;1992;p95p99;202207.8;;0.147;0.147
;US-MA;1992;p99.5p99.9;718309.81;;0.052200001;0.052200001
;US-MA;1992;p99.9p99.99;2124848.8;;0.0348;0.0348
;US-MA;1992;p99p99.5;394394.59;;0.035799999;0.035799999
;US-MA;1992;p95p100;321481.59;;0.29210001;0.29210001
;US-MA;1992;p0p90;35974.5;;0.58840001;0.58840001
;US-MA;1992;p0p99;47517.398;;0.8549;0.8549
;US-MA;1992;p99.5p100;1202616.5;;0.1093;0.1093
;US-MA;1991;p0p100;156033.91;1.66761556511e+11;1.0;1.0
;US-MA;1991;p99p100;713339.63;;0.13169999;0.13169999
;US-MA;1991;p99.9p100;2618082.3;;0.048300002;0.048300002
;US-MA;1991;p99.99p100;9573658.0;;0.0177;0.0177
;US-MA;1991;p90p100;215693.7;;0.39809999;0.39809999
;US-MA;1991;p90p95;131470.7;;0.1213;0.1213
;US-MA;1991;p95p99;196633.7;;0.1452;0.1452
;US-MA;1991;p99.5p99.9;660569.13;;0.048799999;0.048799999
;US-MA;1991;p99.9p99.99;1844913.8;;0.0306;0.0306
;US-MA;1991;p99p99.5;374350.59;;0.034600001;0.034600001
;US-MA;1991;p95p100;299969.31;;0.27689999;0.27689999
;US-MA;1991;p0p90;36226.0;;0.60180002;0.60180002
;US-MA;1991;p0p99;47515.801;;0.86830002;0.86830002
;US-MA;1991;p99.5p100;1052340.1;;0.097099997;0.097099997
;US-MA;1990;p0p100;174084.3;1.74679223346e+11;1.0;1.0
;US-MA;1990;p99p100;760215.19;;0.13500001;0.13500001
;US-MA;1990;p99.9p100;2883722.0;;0.051199999;0.051199999
;US-MA;1990;p99.99p100;10781985.0;;0.019099999;0.019099999
;US-MA;1990;p90p100;220301.7;;0.39109999;0.39109999
;US-MA;1990;p90p95;129424.8;;0.1149;0.1149
;US-MA;1990;p95p99;198901.8;;0.14120001;0.14120001
;US-MA;1990;p99.5p99.9;700672.13;;0.049800001;0.049800001
;US-MA;1990;p99.9p99.99;2007771.8;;0.032099999;0.032099999
;US-MA;1990;p99p99.5;382859.69;;0.034000002;0.034000002
;US-MA;1990;p95p100;311181.59;;0.2762;0.2762
;US-MA;1990;p0p90;38110.398;;0.60890001;0.60890001
;US-MA;1990;p0p99;49218.898;;0.86500001;0.86500001
;US-MA;1990;p99.5p100;1137325.9;;0.101;0.101
;US-MA;1989;p0p100;204670.41;1.79588385386e+11;1.0;1.0
;US-MA;1989;p99p100;829482.13;;0.138;0.138
;US-MA;1989;p99.9p100;3390373.0;;0.056400001;0.056400001
;US-MA;1989;p99.99p100;13690856.0;;0.0228;0.0228
;US-MA;1989;p90p100;232555.7;;0.38699999;0.38699999
;US-MA;1989;p90p95;135092.8;;0.1124;0.1124
;US-MA;1989;p95p99;204578.59;;0.1362;0.1362
;US-MA;1989;p99.5p99.9;729373.0;;0.048599999;0.048599999
;US-MA;1989;p99.9p99.99;2238508.5;;0.033500001;0.033500001
;US-MA;1989;p99p99.5;393808.69;;0.0328;0.0328
;US-MA;1989;p95p100;329940.91;;0.2746;0.2746
;US-MA;1989;p0p90;40976.398;;0.61379999;0.61379999
;US-MA;1989;p0p99;52315.199;;0.86199999;0.86199999
;US-MA;1989;p99.5p100;1263732.6;;0.1052;0.1052
;US-MA;1988;p0p100;230730.2;1.83162721558e+11;1.0;1.0
;US-MA;1988;p99p100;929354.63;;0.14929999;0.14929999
;US-MA;1988;p99.9p100;4070832.5;;0.065399997;0.065399997
;US-MA;1988;p99.99p100;17107720.0;;0.0275;0.0275
;US-MA;1988;p90p100;244157.41;;0.39219999;0.39219999
;US-MA;1988;p90p95;136468.2;;0.1096;0.1096
;US-MA;1988;p95p99;207366.41;;0.1332;0.1332
;US-MA;1988;p99.5p99.9;794033.0;;0.050999999;0.050999999
;US-MA;1988;p99.9p99.99;2620990.0;;0.037900001;0.037900001
;US-MA;1988;p99p99.5;408659.91;;0.0328;0.0328
;US-MA;1988;p95p100;351832.59;;0.28259999;0.28259999
;US-MA;1988;p0p90;42048.102;;0.60790002;0.60790002
;US-MA;1988;p0p99;53491.801;;0.85070002;0.85070002
;US-MA;1988;p99.5p100;1449787.3;;0.1164;0.1164
;US-MA;1987;p0p100;231208.2;1.68245003778e+11;1.0;1.0
;US-MA;1987;p99p100;764132.19;;0.13169999;0.13169999
;US-MA;1987;p99.9p100;3056929.5;;0.052700002;0.052700002
;US-MA;1987;p99.99p100;12309002.0;;0.021199999;0.021199999
;US-MA;1987;p90p100;223218.3;;0.38460001;0.38460001
;US-MA;1987;p90p95;133650.5;;0.1151;0.1151
;US-MA;1987;p95p99;201092.41;;0.13860001;0.13860001
;US-MA;1987;p99.5p99.9;681671.19;;0.046999998;0.046999998
;US-MA;1987;p99.9p99.99;2045879.3;;0.0317;0.0317
;US-MA;1987;p99p99.5;379363.19;;0.032699998;0.032699998
;US-MA;1987;p95p100;312916.59;;0.2696;0.2696
;US-MA;1987;p0p90;39577.102;;0.61369997;0.61369997
;US-MA;1987;p0p99;50909.102;;0.86830002;0.86830002
;US-MA;1987;p99.5p100;1151911.0;;0.099200003;0.099200003
;US-MA;1986;p0p100;247310.91;1.68185653003e+11;1.0;1.0
;US-MA;1986;p99p100;959790.38;;0.1652;0.1652
;US-MA;1986;p99.9p100;4569599.5;;0.078699999;0.078699999
;US-MA;1986;p99.99p100;21170084.0;;0.036400001;0.036400001
;US-MA;1986;p90p100;238788.41;;0.4111;0.4111
;US-MA;1986;p90p95;128424.5;;0.1105;0.1105
;US-MA;1986;p95p99;197850.2;;0.1362;0.1362
;US-MA;1986;p99.5p99.9;781518.0;;0.053800002;0.053800002
;US-MA;1986;p99.9p99.99;2750945.5;;0.042599998;0.042599998
;US-MA;1986;p99p99.5;389715.5;;0.033500001;0.033500001
;US-MA;1986;p95p100;349359.5;;0.30070001;0.30070001
;US-MA;1986;p0p90;37876.699;;0.58679998;0.58679998
;US-MA;1986;p0p99;48983.699;;0.8348;0.8348
;US-MA;1986;p99.5p100;1533563.3;;0.132;0.132
;US-MA;1985;p0p100;233029.8;1.51421763731e+11;1.0;1.0
;US-MA;1985;p99p100;675951.13;;0.12800001;0.12800001
;US-MA;1985;p99.9p100;2875944.8;;0.054499999;0.054499999
;US-MA;1985;p99.99p100;12273563.0;;0.0232;0.0232
;US-MA;1985;p90p100;197564.2;;0.3741;0.3741
;US-MA;1985;p90p95;119246.1;;0.1129;0.1129
;US-MA;1985;p95p99;176354.0;;0.1336;0.1336
;US-MA;1985;p99.5p99.9;573274.88;;0.043400001;0.043400001
;US-MA;1985;p99.9p99.99;1844726.3;;0.031399999;0.031399999
;US-MA;1985;p99p99.5;321913.69;;0.0305;0.0305
;US-MA;1985;p95p100;275948.69;;0.2613;0.2613
;US-MA;1985;p0p90;36667.699;;0.62489998;0.62489998
;US-MA;1985;p0p99;46513.301;;0.87199998;0.87199998
;US-MA;1985;p99.5p100;1031388.0;;0.0977;0.0977
;US-MA;1984;p0p100;238901.59;1.42963219634e+11;1.0;1.0
;US-MA;1984;p99p100;612332.19;;0.121;0.121
;US-MA;1984;p99.9p100;2577511.0;;0.050900001;0.050900001
;US-MA;1984;p99.99p100;11306054.0;;0.022299999;0.022299999
;US-MA;1984;p90p100;185025.2;;0.36559999;0.36559999
;US-MA;1984;p90p95;114264.7;;0.1129;0.1129
;US-MA;1984;p95p99;166980.8;;0.132;0.132
;US-MA;1984;p99.5p99.9;516980.19;;0.040899999;0.040899999
;US-MA;1984;p99.9p99.99;1619406.8;;0.0288;0.0288
;US-MA;1984;p99p99.5;298703.41;;0.0295;0.0295
;US-MA;1984;p95p100;255803.2;;0.2527;0.2527
;US-MA;1984;p0p90;35624.5;;0.6336;0.6336
;US-MA;1984;p0p99;44930.0;;0.87900001;0.87900001
;US-MA;1984;p99.5p100;927057.69;;0.091600001;0.091600001
;US-MA;1983;p0p100;253517.41;1.32543200429e+11;1.0;1.0
;US-MA;1983;p99p100;534862.31;;0.1125;0.1125
;US-MA;1983;p99.9p100;2106100.0;;0.044300001;0.044300001
;US-MA;1983;p99.99p100;8899235.0;;0.0187;0.0187
;US-MA;1983;p90p100;171816.41;;0.36149999;0.36149999
;US-MA;1983;p90p95;110473.0;;0.1162;0.1162
;US-MA;1983;p95p99;157826.5;;0.1328;0.1328
;US-MA;1983;p99.5p99.9;467320.81;;0.039299998;0.039299998
;US-MA;1983;p99.9p99.99;1358245.1;;0.025699999;0.025699999
;US-MA;1983;p99p99.5;276950.59;;0.029100001;0.029100001
;US-MA;1983;p95p100;233082.3;;0.24519999;0.24519999
;US-MA;1983;p0p90;33697.301;;0.63810003;0.63810003
;US-MA;1983;p0p99;42608.102;;0.88749999;0.88749999
;US-MA;1983;p99.5p100;793578.13;;0.083499998;0.083499998
;US-MA;1982;p0p100;253013.09;1.26864576188e+11;1.0;1.0
;US-MA;1982;p99p100;539375.13;;0.1186;0.1186
;US-MA;1982;p99.9p100;2086280.6;;0.045899998;0.045899998
;US-MA;1982;p99.99p100;8662304.0;;0.018999999;0.018999999
;US-MA;1982;p90p100;171824.59;;0.3777;0.3777
;US-MA;1982;p90p95;110468.5;;0.1214;0.1214
;US-MA;1982;p95p99;156918.41;;0.138;0.138
;US-MA;1982;p99.5p99.9;473294.59;;0.0416;0.0416
;US-MA;1982;p99.9p99.99;1355611.3;;0.026799999;0.026799999
;US-MA;1982;p99p99.5;282858.5;;0.031099999;0.031099999
;US-MA;1982;p95p100;232973.2;;0.25600001;0.25600001
;US-MA;1982;p0p90;31444.801;;0.6221;0.6221
;US-MA;1982;p0p99;40505.602;;0.88139999;0.88139999
;US-MA;1982;p99.5p100;795891.81;;0.087499999;0.087499999
;US-MA;1981;p0p100;275665.31;1.23053280352e+11;1.0;1.0
;US-MA;1981;p99p100;446544.59;;0.1013;0.1013
;US-MA;1981;p99.9p100;1487715.8;;0.0337;0.0337
;US-MA;1981;p99.99p100;4992522.5;;0.0113;0.0113
;US-MA;1981;p90p100;160744.09;;0.3646;0.3646
;US-MA;1981;p90p95;110376.1;;0.1252;0.1252
;US-MA;1981;p95p99;152367.2;;0.1382;0.1382
;US-MA;1981;p99.5p99.9;414179.31;;0.037599999;0.037599999
;US-MA;1981;p99.9p99.99;1097178.1;;0.022399999;0.022399999
;US-MA;1981;p99p99.5;263490.91;;0.029899999;0.029899999
;US-MA;1981;p95p100;211264.8;;0.2396;0.2396
;US-MA;1981;p0p90;31124.1;;0.6354;0.6354
;US-MA;1981;p0p99;40020.801;;0.8987;0.8987
;US-MA;1981;p99.5p100;629382.88;;0.071400002;0.071400002
;US-MA;1980;p0p100;336186.41;1.22833690937e+11;1.0;1.0
;US-MA;1980;p99p100;445878.59;;0.0995;0.0995
;US-MA;1980;p99.9p100;1388904.0;;0.030999999;0.030999999
;US-MA;1980;p99.99p100;4836234.0;;0.0108;0.0108
;US-MA;1980;p90p100;157386.3;;0.3511;0.3511
;US-MA;1980;p90p95;102173.3;;0.114;0.114
;US-MA;1980;p95p99;154280.41;;0.13770001;0.13770001
;US-MA;1980;p99.5p99.9;430152.91;;0.038400002;0.038400002
;US-MA;1980;p99.9p99.99;1005490.1;;0.020199999;0.020199999
;US-MA;1980;p99p99.5;269545.69;;0.030099999;0.030099999
;US-MA;1980;p95p100;212625.41;;0.23720001;0.23720001
;US-MA;1980;p0p90;32319.301;;0.64889997;0.64889997
;US-MA;1980;p0p99;40773.102;;0.9005;0.9005
;US-MA;1980;p99.5p100;622177.31;;0.069399998;0.069399998
;US-MA;1979;p0p100;408973.0;1.19511189004e+11;1.0;1.0
;US-MA;1979;p99p100;426828.09;;0.096600004;0.096600004
;US-MA;1979;p99.9p100;1304530.3;;0.0295;0.0295
;US-MA;1979;p99.99p100;4449802.0;;0.0101;0.0101
;US-MA;1979;p90p100;153706.7;;0.3479;0.3479
;US-MA;1979;p90p95;101493.0;;0.1149;0.1149
;US-MA;1979;p95p99;150707.0;;0.1365;0.1365
;US-MA;1979;p99.5p99.9;408298.19;;0.037;0.037
;US-MA;1979;p99.9p99.99;954511.5;;0.019400001;0.019400001
;US-MA;1979;p99p99.5;266249.59;;0.030099999;0.030099999
;US-MA;1979;p95p100;205916.2;;0.2331;0.2331
;US-MA;1979;p0p90;32005.199;;0.65200001;0.65200001
;US-MA;1979;p0p99;40311.0;;0.9034;0.9034
;US-MA;1979;p99.5p100;587768.19;;0.066500001;0.066500001
;US-MA;1978;p0p100;484341.19;1.14355247089e+11;1.0;1.0
;US-MA;1978;p99p100;388154.5;;0.089100003;0.089100003
;US-MA;1978;p99.9p100;1074391.4;;0.024700001;0.024700001
;US-MA;1978;p99.99p100;3341140.5;;0.0077;0.0077
;US-MA;1978;p90p100;146942.41;;0.3373;0.3373
;US-MA;1978;p90p95;98936.703;;0.1135;0.1135
;US-MA;1978;p95p99;146777.8;;0.1347;0.1347
;US-MA;1978;p99.5p99.9;384807.31;;0.035300002;0.035300002
;US-MA;1978;p99.9p99.99;822393.38;;0.017000001;0.017000001
;US-MA;1978;p99p99.5;253536.0;;0.029100001;0.029100001
;US-MA;1978;p95p100;195012.7;;0.2238;0.2238
;US-MA;1978;p0p90;32079.4;;0.66259998;0.66259998
;US-MA;1978;p0p99;40089.898;;0.9109;0.9109
;US-MA;1978;p99.5p100;522871.31;;0.059999999;0.059999999
;US-MA;1977;p0p100;555126.63;1.10792925321e+11;1.0;1.0
;US-MA;1977;p99p100;376441.19;;0.087300003;0.087300003
;US-MA;1977;p99.9p100;1032228.6;;0.0239;0.0239
;US-MA;1977;p99.99p100;3180692.8;;0.0074;0.0074
;US-MA;1977;p90p100;145458.09;;0.33719999;0.33719999
;US-MA;1977;p90p95;100931.4;;0.117;0.117
;US-MA;1977;p95p99;143364.7;;0.1329;0.1329
;US-MA;1977;p99.5p99.9;374874.91;;0.0348;0.0348
;US-MA;1977;p99.9p99.99;793038.0;;0.0165;0.0165
;US-MA;1977;p99p99.5;246437.41;;0.0286;0.0286
;US-MA;1977;p95p100;189990.3;;0.2202;0.2202
;US-MA;1977;p0p90;31773.0;;0.66289997;0.66289997
;US-MA;1977;p0p99;39773.699;;0.9127;0.9127
;US-MA;1977;p99.5p100;506518.69;;0.058699999;0.058699999
;US-MA;1976;p0p100;626528.19;1.07937491184e+11;1.0;1.0
;US-MA;1976;p99p100;366871.59;;0.085500002;0.085500002
;US-MA;1976;p99.9p100;980687.63;;0.0228;0.0228
;US-MA;1976;p99.99p100;2780969.0;;0.0065000001;0.0065000001
;US-MA;1976;p90p100;144212.91;;0.336;0.336
;US-MA;1976;p90p95;100081.3;;0.1166;0.1166
;US-MA;1976;p95p99;143723.91;;0.1339;0.1339
;US-MA;1976;p99.5p99.9;371450.19;;0.034600001;0.034600001
;US-MA;1976;p99.9p99.99;780834.81;;0.0164;0.0164
;US-MA;1976;p99p99.5;240184.7;;0.028000001;0.028000001
;US-MA;1976;p95p100;188352.3;;0.2194;0.2194
;US-MA;1976;p0p90;31671.699;;0.66409999;0.66409999
;US-MA;1976;p0p99;39653.0;;0.9145;0.9145
;US-MA;1976;p99.5p100;493530.91;;0.057500001;0.057500001
;US-MA;1975;p0p100;689190.5;1.03996728485e+11;1.0;1.0
;US-MA;1975;p99p100;363579.0;;0.086099997;0.086099997
;US-MA;1975;p99.9p100;938415.13;;0.0222;0.0222
;US-MA;1975;p99.99p100;2602513.3;;0.0062000002;0.0062000002
;US-MA;1975;p90p100;142754.7;;0.3382;0.3382
;US-MA;1975;p90p95;98290.398;;0.1164;0.1164
;US-MA;1975;p95p99;143139.3;;0.1356;0.1356
;US-MA;1975;p99.5p99.9;374250.41;;0.035500001;0.035500001
;US-MA;1975;p99.9p99.99;754092.0;;0.016100001;0.016100001
;US-MA;1975;p99p99.5;239588.7;;0.0284;0.0284
;US-MA;1975;p95p100;187223.59;;0.2218;0.2218
;US-MA;1975;p0p90;31043.801;;0.66189998;0.66189998
;US-MA;1975;p0p99;38967.301;;0.91390002;0.91390002
;US-MA;1975;p99.5p100;487456.09;;0.057700001;0.057700001
;US-MA;1974;p0p100;888334.88;1.10248385841e+11;1.0;1.0
;US-MA;1974;p99p100;400222.59;;0.0876;0.0876
;US-MA;1974;p99.9p100;1167768.0;;0.025599999;0.025599999
;US-MA;1974;p99.99p100;3673700.8;;0.0080000004;0.0080000004
;US-MA;1974;p90p100;149812.3;;0.32789999;0.32789999
;US-MA;1974;p90p95;102155.5;;0.1118;0.1118
;US-MA;1974;p95p99;146634.91;;0.1284;0.1284
;US-MA;1974;p99.5p99.9;393965.81;;0.034499999;0.034499999
;US-MA;1974;p99.9p99.99;887378.13;;0.0175;0.0175
;US-MA;1974;p99p99.5;250760.3;;0.0274;0.0274
;US-MA;1974;p95p100;197478.41;;0.21610001;0.21610001
;US-MA;1974;p0p90;34134.199;;0.6724;0.6724
;US-MA;1974;p0p99;42108.5;;0.91240001;0.91240001
;US-MA;1974;p99.5p100;549299.88;;0.0601;0.0601
;US-MA;1973;p0p100;1138038.0;1.12293989492e+11;1.0;1.0
;US-MA;1973;p99p100;419590.41;;0.088399999;0.088399999
;US-MA;1973;p99.9p100;1182601.1;;0.024900001;0.024900001
;US-MA;1973;p99.99p100;3696779.8;;0.0077999998;0.0077999998
;US-MA;1973;p90p100;156575.5;;0.32980001;0.32980001
;US-MA;1973;p90p95;105056.5;;0.1106;0.1106
;US-MA;1973;p95p99;155221.0;;0.13079999;0.13079999
;US-MA;1973;p99.5p99.9;420658.09;;0.035399999;0.035399999
;US-MA;1973;p99.9p99.99;902977.19;;0.017100001;0.017100001
;US-MA;1973;p99p99.5;266040.41;;0.028000001;0.028000001
;US-MA;1973;p95p100;208096.7;;0.2192;0.2192
;US-MA;1973;p0p90;35354.0;;0.67019999;0.67019999
;US-MA;1973;p0p99;43716.801;;0.91159999;0.91159999
;US-MA;1973;p99.5p100;573038.69;;0.060400002;0.060400002
;US-MA;1972;p0p100;1289747.8;1.10529335483e+11;1.0;1.0
;US-MA;1972;p99p100;444500.31;;0.093199998;0.093199998
;US-MA;1972;p99.9p100;1306270.8;;0.0274;0.0274
;US-MA;1972;p99.99p100;4298756.5;;0.0089999996;0.0089999996
;US-MA;1972;p90p100;156350.5;;0.32789999;0.32789999
;US-MA;1972;p90p95;102984.5;;0.108;0.108
;US-MA;1972;p95p99;151019.7;;0.1267;0.1267
;US-MA;1972;p99.5p99.9;438762.41;;0.036800001;0.036800001
;US-MA;1972;p99.9p99.99;973613.81;;0.0184;0.0184
;US-MA;1972;p99p99.5;276444.91;;0.028999999;0.028999999
;US-MA;1972;p95p100;209716.3;;0.2199;0.2199
;US-MA;1972;p0p90;35615.602;;0.67220002;0.67220002
;US-MA;1972;p0p99;43679.199;;0.90679997;0.90679997
;US-MA;1972;p99.5p100;612555.69;;0.064199999;0.064199999
;US-MA;1971;p0p100;1347806.5;1.06137482239e+11;1.0;1.0
;US-MA;1971;p99p100;430908.69;;0.092100002;0.092100002
;US-MA;1971;p99.9p100;1269888.1;;0.027100001;0.027100001
;US-MA;1971;p99.99p100;4210237.5;;0.0089999996;0.0089999996
;US-MA;1971;p90p100;152798.5;;0.32659999;0.32659999
;US-MA;1971;p90p95;100367.5;;0.1073;0.1073
;US-MA;1971;p95p99;148799.7;;0.12720001;0.12720001
;US-MA;1971;p99.5p99.9;422788.69;;0.0361;0.0361
;US-MA;1971;p99.9p99.99;943390.5;;0.018100001;0.018100001
;US-MA;1971;p99p99.5;269357.59;;0.0288;0.0288
;US-MA;1971;p95p100;205221.0;;0.2193;0.2193
;US-MA;1971;p0p90;35004.699;;0.67339998;0.67339998
;US-MA;1971;p0p99;42902.5;;0.90789998;0.90789998
;US-MA;1971;p99.5p100;592403.88;;0.063299999;0.063299999
;US-MA;1970;p0p100;1487761.4;1.05057604739e+11;1.0;1.0
;US-MA;1970;p99p100;425523.5;;0.0898;0.0898
;US-MA;1970;p99.9p100;1235945.3;;0.0261;0.0261
;US-MA;1970;p99.99p100;3953123.5;;0.0082999999;0.0082999999
;US-MA;1970;p90p100;152173.41;;0.3211;0.3211
;US-MA;1970;p90p95;100624.5;;0.1062;0.1062
;US-MA;1970;p95p99;148250.7;;0.1251;0.1251
;US-MA;1970;p99.5p99.9;417424.09;;0.0352;0.0352
;US-MA;1970;p99.9p99.99;933593.81;;0.0177;0.0177
;US-MA;1970;p99p99.5;269716.19;;0.0285;0.0285
;US-MA;1970;p95p100;203706.3;;0.2149;0.2149
;US-MA;1970;p0p90;35756.801;;0.67900002;0.67900002
;US-MA;1970;p0p99;43576.699;;0.9102;0.9102
;US-MA;1970;p99.5p100;581264.38;;0.061299998;0.061299998
;US-MA;1969;p0p100;1674436.6;1.0476668401e+11;1.0;1.0
;US-MA;1969;p99p100;490745.19;;0.1028;0.1028
;US-MA;1969;p99.9p100;1643623.9;;0.034400001;0.034400001
;US-MA;1969;p99.99p100;6175702.5;;0.0129;0.0129
;US-MA;1969;p90p100;159912.0;;0.3351;0.3351
;US-MA;1969;p90p95;99240.398;;0.104;0.104
;US-MA;1969;p95p99;153031.2;;0.1283;0.1283
;US-MA;1969;p99.5p99.9;456582.81;;0.0383;0.0383
;US-MA;1969;p99.9p99.99;1141789.3;;0.021500001;0.021500001
;US-MA;1969;p99p99.5;287454.31;;0.030099999;0.030099999
;US-MA;1969;p95p100;220569.91;;0.23109999;0.23109999
;US-MA;1969;p0p90;35259.0;;0.6649;0.6649
;US-MA;1969;p0p99;43250.199;;0.89719999;0.89719999
;US-MA;1969;p99.5p100;694105.13;;0.072700001;0.072700001
;US-MA;1968;p0p100;1863409.4;1.04011157857e+11;1.0;1.0
;US-MA;1968;p99p100;542273.31;;0.1136;0.1136
;US-MA;1968;p99.9p100;1903579.5;;0.039900001;0.039900001
;US-MA;1968;p99.99p100;7203201.5;;0.0151;0.0151
;US-MA;1968;p90p100;165244.59;;0.34599999;0.34599999
;US-MA;1968;p90p95;97359.703;;0.1019;0.1019
;US-MA;1968;p95p99;155876.5;;0.13060001;0.13060001
;US-MA;1968;p99.5p99.9;500943.09;;0.041999999;0.041999999
;US-MA;1968;p99.9p99.99;1316256.0;;0.024800001;0.024800001
;US-MA;1968;p99p99.5;303077.0;;0.0317;0.0317
;US-MA;1968;p95p100;233155.41;;0.2441;0.2441
;US-MA;1968;p0p90;34697.0;;0.65390003;0.65390003
;US-MA;1968;p0p99;42759.301;;0.88639998;0.88639998
;US-MA;1968;p99.5p100;781441.88;;0.081799999;0.081799999
;US-MA;1967;p0p100;1947875.8;99345647633.0;1.0;1.0
;US-MA;1967;p99p100;493899.19;;0.1074;0.1074
;US-MA;1967;p99.9p100;1610801.0;;0.035;0.035
;US-MA;1967;p99.99p100;5494696.0;;0.0119;0.0119
;US-MA;1967;p90p100;155174.0;;0.33750001;0.33750001
;US-MA;1967;p90p95;93374.0;;0.1015;0.1015
;US-MA;1967;p95p99;147688.59;;0.1285;0.1285
;US-MA;1967;p99.5p99.9;470216.91;;0.040899999;0.040899999
;US-MA;1967;p99.9p99.99;1179807.5;;0.0231;0.0231
;US-MA;1967;p99p99.5;289472.41;;0.031500001;0.031500001
;US-MA;1967;p95p100;216934.09;;0.2359;0.2359
;US-MA;1967;p0p90;33852.898;;0.66259998;0.66259998
;US-MA;1967;p0p99;41459.0;;0.8926;0.8926
;US-MA;1967;p99.5p100;698348.63;;0.075900003;0.075900003
;US-MA;1966;p0p100;1962018.8;93316925983.0;1.0;1.0
;US-MA;1966;p99p100;453239.41;;0.104;0.104
;US-MA;1966;p99.9p100;1412480.3;;0.032400001;0.032400001
;US-MA;1966;p99.99p100;5099607.0;;0.0117;0.0117
;US-MA;1966;p90p100;145428.3;;0.3337;0.3337
;US-MA;1966;p90p95;89863.297;;0.1031;0.1031
;US-MA;1966;p95p99;137773.09;;0.12639999;0.12639999
;US-MA;1966;p99.5p99.9;432718.31;;0.039700001;0.039700001
;US-MA;1966;p99.9p99.99;1002946.4;;0.0207;0.0207
;US-MA;1966;p99p99.5;277325.59;;0.031800002;0.031800002
;US-MA;1966;p95p100;200873.59;;0.2304;0.2304
;US-MA;1966;p0p90;32279.0;;0.66649997;0.66649997
;US-MA;1966;p0p99;39447.398;;0.89600003;0.89600003
;US-MA;1966;p99.5p100;628983.63;;0.0722;0.0722
;US-MA;1965;p0p100;2002615.9;89156643172.0;1.0;1.0
;US-MA;1965;p99p100;460676.09;;0.1096;0.1096
;US-MA;1965;p99.9p100;1470904.4;;0.035;0.035
;US-MA;1965;p99.99p100;5675776.0;;0.0135;0.0135
;US-MA;1965;p90p100;140772.8;;0.3348;0.3348
;US-MA;1965;p90p95;83058.602;;0.098800004;0.098800004
;US-MA;1965;p95p99;132953.91;;0.1265;0.1265
;US-MA;1965;p99.5p99.9;435543.91;;0.0414;0.0414
;US-MA;1965;p99.9p99.99;1003295.6;;0.021500001;0.021500001
;US-MA;1965;p99p99.5;278611.0;;0.033100002;0.033100002
;US-MA;1965;p95p100;198495.5;;0.236;0.236
;US-MA;1965;p0p90;31081.199;;0.6652;0.6652
;US-MA;1965;p0p99;37821.398;;0.89039999;0.89039999
;US-MA;1965;p99.5p100;642690.69;;0.076399997;0.076399997
;US-MA;1964;p0p100;1992134.6;84979593743.0;1.0;1.0
;US-MA;1964;p99p100;413547.69;;0.1021;0.1021
;US-MA;1964;p99.9p100;1214495.8;;0.029999999;0.029999999
;US-MA;1964;p99.99p100;4260165.5;;0.0105;0.0105
;US-MA;1964;p90p100;133087.91;;0.3285;0.3285
;US-MA;1964;p90p95;82294.898;;0.1016;0.1016
;US-MA;1964;p95p99;126474.0;;0.1249;0.1249
;US-MA;1964;p99.5p99.9;404929.19;;0.039999999;0.039999999
;US-MA;1964;p99.9p99.99;875871.69;;0.0195;0.0195
;US-MA;1964;p99p99.5;259924.59;;0.032099999;0.032099999
;US-MA;1964;p95p100;183895.2;;0.227;0.227
;US-MA;1964;p0p90;30227.9;;0.67150003;0.67150003
;US-MA;1964;p0p99;36744.398;;0.89789999;0.89789999
;US-MA;1964;p99.5p100;566915.19;;0.07;0.07
;US-MA;1963;p0p100;1945987.6;79904974031.0;1.0;1.0
;US-MA;1963;p99p100;372884.91;;0.096699998;0.096699998
;US-MA;1963;p99.9p100;1079263.6;;0.028000001;0.028000001
;US-MA;1963;p99.99p100;3153997.3;;0.0082;0.0082
;US-MA;1963;p90p100;125010.3;;0.3242;0.3242
;US-MA;1963;p90p95;78493.0;;0.1018;0.1018
;US-MA;1963;p95p99;121188.0;;0.1257;0.1257
;US-MA;1963;p99.5p99.9;378626.59;;0.039299998;0.039299998
;US-MA;1963;p99.9p99.99;849952.19;;0.0198;0.0198
;US-MA;1963;p99p99.5;226751.2;;0.0294;0.0294
;US-MA;1963;p95p100;171527.41;;0.22239999;0.22239999
;US-MA;1963;p0p90;28954.0;;0.67580003;0.67580003
;US-MA;1963;p0p99;35182.301;;0.90329999;0.90329999
;US-MA;1963;p99.5p100;519015.5;;0.067299999;0.067299999
;US-MA;1962;p0p100;1956149.8;77248626273.0;1.0;1.0
;US-MA;1962;p99p100;362162.31;;0.095899999;0.095899999
;US-MA;1962;p99.9p100;1089533.4;;0.028899999;0.028899999
;US-MA;1962;p99.99p100;3879163.5;;0.0103;0.0103
;US-MA;1962;p90p100;120491.7;;0.31909999;0.31909999
;US-MA;1962;p90p95;75876.797;;0.1005;0.1005
;US-MA;1962;p95p99;115842.3;;0.1227;0.1227
;US-MA;1962;p99.5p99.9;353185.59;;0.0374;0.0374
;US-MA;1962;p99.9p99.99;779778.0;;0.0186;0.0186
;US-MA;1962;p99p99.5;223660.2;;0.0296;0.0296
;US-MA;1962;p95p100;165106.3;;0.21870001;0.21870001
;US-MA;1962;p0p90;28561.9;;0.68089998;0.68089998
;US-MA;1962;p0p99;34477.102;;0.9041;0.9041
;US-MA;1962;p99.5p100;500658.31;;0.066299997;0.066299997
;US-MA;1961;p0p100;1960710.5;74863605399.0;1.0;1.0
;US-MA;1961;p99p100;379814.5;;0.1024;0.1024
;US-MA;1961;p99.9p100;1231779.9;;0.033199999;0.033199999
;US-MA;1961;p99.99p100;4018811.5;;0.0108;0.0108
;US-MA;1961;p90p100;120461.9;;0.3247;0.3247
;US-MA;1961;p90p95;74064.398;;0.099799998;0.099799998
;US-MA;1961;p95p99;113619.8;;0.1225;0.1225
;US-MA;1961;p99.5p99.9;372591.59;;0.040199999;0.040199999
;US-MA;1961;p99.9p99.99;922575.31;;0.022399999;0.022399999
;US-MA;1961;p99p99.5;215136.8;;0.028999999;0.028999999
;US-MA;1961;p95p100;166859.0;;0.22490001;0.22490001
;US-MA;1961;p0p90;27830.699;;0.67519999;0.67519999
;US-MA;1961;p0p99;33632.102;;0.8976;0.8976
;US-MA;1961;p99.5p100;544492.81;;0.073399998;0.073399998
;US-MA;1960;p0p100;1933852.9;71289065064.0;1.0;1.0
;US-MA;1960;p99p100;385167.41;;0.1074;0.1074
;US-MA;1960;p99.9p100;1250606.0;;0.034899998;0.034899998
;US-MA;1960;p99.99p100;4776392.0;;0.0133;0.0133
;US-MA;1960;p90p100;120048.6;;0.3348;0.3348
;US-MA;1960;p90p95;72107.297;;0.1006;0.1006
;US-MA;1960;p95p99;113695.4;;0.1268;0.1268
;US-MA;1960;p99.5p99.9;370251.19;;0.041299999;0.041299999
;US-MA;1960;p99.9p99.99;858209.0;;0.021500001;0.021500001
;US-MA;1960;p99p99.5;224038.7;;0.031199999;0.031199999
;US-MA;1960;p95p100;167990.59;;0.2343;0.2343
;US-MA;1960;p0p90;26501.0;;0.6652;0.6652
;US-MA;1960;p0p99;32326.9;;0.8926;0.8926
;US-MA;1960;p99.5p100;546295.69;;0.076200001;0.076200001
;US-MA;1959;p0p100;1980513.0;70391119608.0;1.0;1.0
;US-MA;1959;p99p100;379096.91;;0.1068;0.1068
;US-MA;1959;p99.9p100;1051552.9;;0.0296;0.0296
;US-MA;1959;p99.99p100;2797370.3;;0.0078999996;0.0078999996
;US-MA;1959;p90p100;117866.0;;0.3321;0.3321
;US-MA;1959;p90p95;69961.797;;0.0986;0.0986
;US-MA;1959;p95p99;112436.9;;0.1267;0.1267
;US-MA;1959;p99.5p99.9;402778.0;;0.045400001;0.045400001
;US-MA;1959;p99.9p99.99;858535.0;;0.0218;0.0218
;US-MA;1959;p99p99.5;225388.2;;0.031800002;0.031800002
;US-MA;1959;p95p100;165769.09;;0.2335;0.2335
;US-MA;1959;p0p90;26338.1;;0.66790003;0.66790003
;US-MA;1959;p0p99;32019.6;;0.89319998;0.89319998
;US-MA;1959;p99.5p100;532812.63;;0.075099997;0.075099997
;US-MA;1958;p0p100;1865327.8;65157694214.0;1.0;1.0
;US-MA;1958;p99p100;327535.81;;0.099299997;0.099299997
;US-MA;1958;p99.9p100;901903.38;;0.0274;0.0274
;US-MA;1958;p99.99p100;2528361.8;;0.0077;0.0077
;US-MA;1958;p90p100;106487.5;;0.32300001;0.32300001
;US-MA;1958;p90p95;65376.602;;0.099200003;0.099200003
;US-MA;1958;p95p99;102613.4;;0.1245;0.1245
;US-MA;1958;p99.5p99.9;354213.0;;0.043000001;0.043000001
;US-MA;1958;p99.9p99.99;722137.81;;0.0197;0.0197
;US-MA;1958;p99p99.5;190857.3;;0.028899999;0.028899999
;US-MA;1958;p95p100;147597.8;;0.2238;0.2238
;US-MA;1958;p0p90;24801.199;;0.67699999;0.67699999
;US-MA;1958;p0p99;29993.0;;0.90069997;0.90069997
;US-MA;1958;p99.5p100;464214.0;;0.0704;0.0704
;US-MA;1957;p0p100;2014483.6;66428765465.0;1.0;1.0
;US-MA;1957;p99p100;336199.5;;0.099600002;0.099600002
;US-MA;1957;p99.9p100;997355.63;;0.0296;0.0296
;US-MA;1957;p99.99p100;2880383.3;;0.0085000005;0.0085000005
;US-MA;1957;p90p100;106479.4;;0.31560001;0.31560001
;US-MA;1957;p90p95;64404.801;;0.095399998;0.095399998
;US-MA;1957;p95p99;101641.8;;0.1205;0.1205
;US-MA;1957;p99.5p99.9;342882.69;;0.0407;0.0407
;US-MA;1957;p99.9p99.99;788711.0;;0.021;0.021
;US-MA;1957;p99p99.5;198500.8;;0.0294;0.0294
;US-MA;1957;p95p100;148553.5;;0.2202;0.2202
;US-MA;1957;p0p90;25656.301;;0.68440002;0.68440002
;US-MA;1957;p0p99;30683.301;;0.90039998;0.90039998
;US-MA;1957;p99.5p100;473897.41;;0.070200004;0.070200004
;US-MA;1956;p0p100;2159534.5;66041271416.0;1.0;1.0
;US-MA;1956;p99p100;344041.59;;0.102;0.102
;US-MA;1956;p99.9p100;1062286.6;;0.031500001;0.031500001
;US-MA;1956;p99.99p100;3071548.8;;0.0091000004;0.0091000004
;US-MA;1956;p90p100;106191.7;;0.31490001;0.31490001
;US-MA;1956;p90p95;63061.102;;0.093500003;0.093500003
;US-MA;1956;p95p99;100474.0;;0.1192;0.1192
;US-MA;1956;p99.5p99.9;346699.0;;0.041099999;0.041099999
;US-MA;1956;p99.9p99.99;840371.88;;0.022399999;0.022399999
;US-MA;1956;p99p99.5;198056.09;;0.0294;0.0294
;US-MA;1956;p95p100;149187.5;;0.2212;0.2212
;US-MA;1956;p0p90;25677.301;;0.68529999;0.68529999
;US-MA;1956;p0p99;30587.6;;0.898;0.898
;US-MA;1956;p99.5p100;490025.69;;0.072700001;0.072700001
;US-MA;1955;p0p100;2172479.3;64154102213.0;1.0;1.0
;US-MA;1955;p99p100;399515.0;;0.1213;0.1213
;US-MA;1955;p99.9p100;1190425.1;;0.0361;0.0361
;US-MA;1955;p99.99p100;3228398.8;;0.0098000001;0.0098000001
;US-MA;1955;p90p100;110544.6;;0.33570001;0.33570001
;US-MA;1955;p90p95;60678.102;;0.092100002;0.092100002
;US-MA;1955;p95p99;99934.398;;0.1214;0.1214
;US-MA;1955;p99.5p99.9;419371.19;;0.050900001;0.050900001
;US-MA;1955;p99.9p99.99;964120.69;;0.0263;0.0263
;US-MA;1955;p99p99.5;225453.3;;0.034200002;0.034200002
;US-MA;1955;p95p100;159867.8;;0.2427;0.2427
;US-MA;1955;p0p90;24338.801;;0.6652;0.6652
;US-MA;1955;p0p99;29228.6;;0.87870002;0.87870002
;US-MA;1955;p99.5p100;573576.69;;0.087099999;0.087099999
;US-MA;1954;p0p100;2036317.4;60257833666.0;1.0;1.0
;US-MA;1954;p99p100;324775.5;;0.1044;0.1044
;US-MA;1954;p99.9p100;1023048.0;;0.032900002;0.032900002
;US-MA;1954;p99.99p100;2902116.0;;0.0093;0.0093
;US-MA;1954;p90p100;95210.203;;0.3062;0.3062
;US-MA;1954;p90p95;54937.801;;0.088299997;0.088299997
;US-MA;1954;p95p99;87646.398;;0.1127;0.1127
;US-MA;1954;p99.5p99.9;323756.41;;0.0416;0.0416
;US-MA;1954;p99.9p99.99;814286.69;;0.023600001;0.023600001
;US-MA;1954;p99p99.5;185936.7;;0.029899999;0.029899999
;US-MA;1954;p95p100;135095.0;;0.2172;0.2172
;US-MA;1954;p0p90;23998.1;;0.69450003;0.69450003
;US-MA;1954;p0p99;28132.4;;0.89560002;0.89560002
;US-MA;1954;p99.5p100;463614.31;;0.074500002;0.074500002
;US-MA;1953;p0p100;2060523.3;60036636961.0;1.0;1.0
;US-MA;1953;p99p100;308659.31;;0.099100001;0.099100001
;US-MA;1953;p99.9p100;910874.63;;0.029200001;0.029200001
;US-MA;1953;p99.99p100;2654334.8;;0.0085000005;0.0085000005
;US-MA;1953;p90p100;96137.602;;0.30860001;0.30860001
;US-MA;1953;p90p95;58344.0;;0.093599997;0.093599997
;US-MA;1953;p95p99;89803.203;;0.1153;0.1153
;US-MA;1953;p99.5p99.9;317388.09;;0.0407;0.0407
;US-MA;1953;p99.9p99.99;717757.13;;0.0207;0.0207
;US-MA;1953;p99p99.5;181294.8;;0.029100001;0.029100001
;US-MA;1953;p95p100;133597.0;;0.21439999;0.21439999
;US-MA;1953;p0p90;23955.301;;0.69199997;0.69199997
;US-MA;1953;p0p99;28353.5;;0.90090001;0.90090001
;US-MA;1953;p99.5p100;436029.81;;0.07;0.07
;US-MA;1952;p0p100;2016209.8;57596052820.0;1.0;1.0
;US-MA;1952;p99p100;331191.59;;0.1103;0.1103
;US-MA;1952;p99.9p100;974951.69;;0.032499999;0.032499999
;US-MA;1952;p99.99p100;2603603.8;;0.0087000001;0.0087000001
;US-MA;1952;p90p100;97956.703;;0.32620001;0.32620001
;US-MA;1952;p90p95;56910.5;;0.094800003;0.094800003
;US-MA;1952;p95p99;90475.297;;0.1205;0.1205
;US-MA;1952;p99.5p99.9;338768.19;;0.0451;0.0451
;US-MA;1952;p99.9p99.99;795427.81;;0.023800001;0.023800001
;US-MA;1952;p99p99.5;196507.2;;0.032699998;0.032699998
;US-MA;1952;p95p100;138644.3;;0.2308;0.2308
;US-MA;1952;p0p90;22503.4;;0.67439997;0.67439997
;US-MA;1952;p0p99;26989.5;;0.8897;0.8897
;US-MA;1952;p99.5p100;465910.0;;0.077600002;0.077600002
;US-MA;1951;p0p100;2109416.0;57393183269.0;1.0;1.0
;US-MA;1951;p99p100;380805.09;;0.1266;0.1266
;US-MA;1951;p99.9p100;1254173.5;;0.041700002;0.041700002
;US-MA;1951;p99.99p100;3003765.0;;0.0099999998;0.0099999998
;US-MA;1951;p90p100;98566.898;;0.3276;0.3276
;US-MA;1951;p90p95;52128.898;;0.086599998;0.086599998
;US-MA;1951;p95p99;86960.797;;0.1156;0.1156
;US-MA;1951;p99.5p99.9;379918.5;;0.050500002;0.050500002
;US-MA;1951;p99.9p99.99;1065439.4;;0.0319;0.0319
;US-MA;1951;p99p99.5;205581.09;;0.034200002;0.034200002
;US-MA;1951;p95p100;145429.09;;0.24169999;0.24169999
;US-MA;1951;p0p99;20402.699;;0.67129999;0.67129999
;US-MA;1951;p99.5p100;555966.81;;0.092399999;0.092399999
;US-MA;1950;p0p100;2411111.0;56029900603.0;1.0;1.0
;US-MA;1950;p99p100;367754.59;;0.1245;0.1245
;US-MA;1950;p99.9p100;1180927.5;;0.039999999;0.039999999
;US-MA;1950;p99.99p100;2727701.5;;0.0092000002;0.0092000002
;US-MA;1950;p90p100;97842.898;;0.3312;0.3312
;US-MA;1950;p90p95;52126.102;;0.088200003;0.088200003
;US-MA;1950;p95p99;87583.102;;0.1186;0.1186
;US-MA;1950;p99.5p99.9;370720.91;;0.0502;0.0502
;US-MA;1950;p99.9p99.99;1031992.3;;0.031399999;0.031399999
;US-MA;1950;p99p99.5;202907.5;;0.034299999;0.034299999
;US-MA;1950;p95p100;143648.41;;0.2432;0.2432
;US-MA;1950;p0p90;21922.5;;0.66790003;0.66790003
;US-MA;1950;p0p99;26122.6;;0.87550002;0.87550002
;US-MA;1950;p99.5p100;532625.69;;0.0902;0.0902
;US-MA;1949;p0p100;2215790.8;50050334210.0;1.0;1.0
;US-MA;1949;p99p100;307623.19;;0.1156;0.1156
;US-MA;1949;p99.9p100;942852.63;;0.035399999;0.035399999
;US-MA;1949;p99.99p100;2611137.8;;0.0098000001;0.0098000001
;US-MA;1949;p90p100;87673.102;;0.32929999;0.32929999
;US-MA;1949;p90p95;48907.0;;0.091899998;0.091899998
;US-MA;1949;p95p99;81222.898;;0.122;0.122
;US-MA;1949;p99.5p99.9;315228.09;;0.047400001;0.047400001
;US-MA;1949;p99.9p99.99;757513.13;;0.025599999;0.025599999
;US-MA;1949;p99p99.5;174492.09;;0.0328;0.0328
;US-MA;1949;p95p100;126520.1;;0.2376;0.2376
;US-MA;1949;p0p90;19834.4;;0.67049998;0.67049998
;US-MA;1949;p0p99;23783.1;;0.88440001;0.88440001
;US-MA;1949;p99.5p100;440753.19;;0.082800001;0.082800001
;US-MA;1948;p0p100;2216334.3;50747762850.0;1.0;1.0
;US-MA;1948;p99p100;325874.81;;0.12;0.12
;US-MA;1948;p99.9p100;1040990.9;;0.0383;0.0383
;US-MA;1948;p99.99p100;3037502.5;;0.0112;0.0112
;US-MA;1948;p90p100;89817.102;;0.3308;0.3308
;US-MA;1948;p90p95;48764.602;;0.0898;0.0898
;US-MA;1948;p95p99;82137.398;;0.121;0.121
;US-MA;1948;p99.5p99.9;327344.69;;0.0482;0.0482
;US-MA;1948;p99.9p99.99;819175.38;;0.0272;0.0272
;US-MA;1948;p99p99.5;181678.0;;0.033500001;0.033500001
;US-MA;1948;p95p100;130892.5;;0.241;0.241
;US-MA;1948;p0p90;20189.1;;0.6692;0.6692
;US-MA;1948;p0p99;24135.301;;0.88;0.88
;US-MA;1948;p99.5p100;470072.91;;0.086599998;0.086599998
;US-MA;1947;p0p100;2515133.0;49281334942.0;1.0;1.0
;US-MA;1947;p99p100;316672.91;;0.1194;0.1194
;US-MA;1947;p99.9p100;1003237.9;;0.037799999;0.037799999
;US-MA;1947;p99.99p100;3003542.0;;0.0113;0.0113
;US-MA;1947;p90p100;86702.703;;0.32679999;0.32679999
;US-MA;1947;p90p95;45732.0;;0.086199999;0.086199999
;US-MA;1947;p95p99;80414.102;;0.1212;0.1212
;US-MA;1947;p99.5p99.9;318460.31;;0.048;0.048
;US-MA;1947;p99.9p99.99;781039.13;;0.0265;0.0265
;US-MA;1947;p99p99.5;177929.2;;0.033500001;0.033500001
;US-MA;1947;p95p100;127671.0;;0.2406;0.2406
;US-MA;1947;p0p90;19843.301;;0.67320001;0.67320001
;US-MA;1947;p0p99;23598.199;;0.88059998;0.88059998
;US-MA;1947;p99.5p100;455415.0;;0.0858;0.0858
;US-MA;1946;p0p100;3415268.0;50748990527.0;1.0;1.0
;US-MA;1946;p99p100;357639.0;;0.12980001;0.12980001
;US-MA;1946;p99.9p100;1092960.1;;0.039700001;0.039700001
;US-MA;1946;p99.99p100;2980898.0;;0.0108;0.0108
;US-MA;1946;p90p100;95589.703;;0.347;0.347
;US-MA;1946;p90p95;49090.199;;0.089100003;0.089100003
;US-MA;1946;p95p99;88198.0;;0.12809999;0.12809999
;US-MA;1946;p99.5p99.9;365797.5;;0.053100001;0.053100001
;US-MA;1946;p99.9p99.99;883236.81;;0.028899999;0.028899999
;US-MA;1946;p99p99.5;204031.7;;0.037;0.037
;US-MA;1946;p95p100;142088.3;;0.2579;0.2579
;US-MA;1946;p0p90;19984.699;;0.653;0.653
;US-MA;1946;p0p99;24210.699;;0.87019998;0.87019998
;US-MA;1946;p99.5p100;511229.19;;0.092799999;0.092799999
;US-MA;1945;p0p100;4091815.5;51633896261.0;1.0;1.0
;US-MA;1945;p99p100;357183.19;;0.1275;0.1275
;US-MA;1945;p99.9p100;1089495.5;;0.038899999;0.038899999
;US-MA;1945;p99.99p100;2675344.5;;0.0094999997;0.0094999997
;US-MA;1945;p90p100;95240.398;;0.34;0.34
;US-MA;1945;p90p95;50408.602;;0.090000004;0.090000004
;US-MA;1945;p95p99;85788.398;;0.1225;0.1225
;US-MA;1945;p99.5p99.9;368961.91;;0.052700002;0.052700002
;US-MA;1945;p99.9p99.99;918146.63;;0.0295;0.0295
;US-MA;1945;p99p99.5;201301.3;;0.0359;0.0359
;US-MA;1945;p95p100;140070.0;;0.25;0.25
;US-MA;1945;p0p90;20541.6;;0.65990001;0.65990001
;US-MA;1945;p0p99;24690.699;;0.8725;0.8725
;US-MA;1945;p99.5p100;513036.69;;0.091600001;0.091600001
;US-MA;1944;p0p100;4316070.5;52040931294.0;1.0;1.0
;US-MA;1944;p99p100;317355.09;;0.1123;0.1123
;US-MA;1944;p99.9p100;962901.13;;0.0341;0.0341
;US-MA;1944;p99.99p100;2379626.8;;0.0083999997;0.0083999997
;US-MA;1944;p90p100;91456.5;;0.32370001;0.32370001
;US-MA;1944;p90p95;53822.5;;0.095299996;0.095299996
;US-MA;1944;p95p99;81748.203;;0.1158;0.1158
;US-MA;1944;p99.5p99.9;328535.09;;0.046500001;0.046500001
;US-MA;1944;p99.9p99.99;806431.88;;0.025699999;0.025699999
;US-MA;1944;p99p99.5;179377.91;;0.0317;0.0317
;US-MA;1944;p95p100;128844.9;;0.228;0.228
;US-MA;1944;p0p90;21237.801;;0.67659998;0.67659998
;US-MA;1944;p0p99;25329.6;;0.88770002;0.88770002
;US-MA;1944;p99.5p100;455480.31;;0.080600001;0.080600001
;US-MA;1943;p0p100;4630243.5;53845502434.0;1.0;1.0
;US-MA;1943;p99p100;351551.59;;0.1201;0.1201
;US-MA;1943;p99.9p100;1095942.6;;0.0374;0.0374
;US-MA;1943;p99.99p100;2658374.5;;0.0091000004;0.0091000004
;US-MA;1943;p90p100;94557.398;;0.3229;0.3229
;US-MA;1943;p90p95;51887.602;;0.088600002;0.088600002
;US-MA;1943;p95p99;83659.797;;0.1143;0.1143
;US-MA;1943;p99.5p99.9;363576.31;;0.049699999;0.049699999
;US-MA;1943;p99.9p99.99;929107.38;;0.0286;0.0286
;US-MA;1943;p99p99.5;192974.91;;0.033;0.033
;US-MA;1943;p95p100;137237.2;;0.2344;0.2344
;US-MA;1943;p0p90;22019.9;;0.67680001;0.67680001
;US-MA;1943;p0p99;26024.699;;0.87989998;0.87989998
;US-MA;1943;p99.5p100;510103.09;;0.087099999;0.087099999
;US-MA;1942;p0p100;4678897.5;48112519031.0;1.0;1.0
;US-MA;1942;p99p100;343390.19;;0.13079999;0.13079999
;US-MA;1942;p99.9p100;1085278.4;;0.041299999;0.041299999
;US-MA;1942;p99.99p100;2826851.0;;0.0108;0.0108
;US-MA;1942;p90p100;90636.5;;0.3452;0.3452
;US-MA;1942;p90p95;49929.398;;0.095100001;0.095100001
;US-MA;1942;p95p99;78337.898;;0.1193;0.1193
;US-MA;1942;p99.5p99.9;355428.5;;0.054099999;0.054099999
;US-MA;1942;p99.9p99.99;890956.19;;0.0305;0.0305
;US-MA;1942;p99p99.5;185235.5;;0.035300002;0.035300002
;US-MA;1942;p95p100;131346.0;;0.25009999;0.25009999
;US-MA;1942;p0p90;19108.1;;0.65490001;0.65490001
;US-MA;1942;p0p99;23056.4;;0.86919999;0.86919999
;US-MA;1942;p99.5p100;501500.19;;0.0955;0.0955
;US-MA;1941;p0p100;5195642.0;43590473440.0;1.0;1.0
;US-MA;1941;p99p100;351685.31;;0.1477;0.1477
;US-MA;1941;p99.9p100;1185276.3;;0.049800001;0.049800001
;US-MA;1941;p99.99p100;3386354.3;;0.0142;0.0142
;US-MA;1941;p90p100;89841.602;;0.37729999;0.37729999
;US-MA;1941;p90p95;49142.301;;0.1032;0.1032
;US-MA;1941;p95p99;75204.602;;0.12630001;0.12630001
;US-MA;1941;p99.5p99.9;352488.09;;0.0592;0.0592
;US-MA;1941;p99.9p99.99;939532.88;;0.035500001;0.035500001
;US-MA;1941;p99p99.5;184079.7;;0.038699999;0.038699999
;US-MA;1941;p95p100;130480.2;;0.27399999;0.27399999
;US-MA;1941;p0p90;16481.801;;0.62290001;0.62290001
;US-MA;1941;p0p99;20501.699;;0.85229999;0.85229999
;US-MA;1941;p99.5p100;519213.0;;0.109;0.109
;US-MA;1940;p0p100;5125537.5;39008859852.0;1.0;1.0
;US-MA;1940;p99p100;331584.41;;0.1556;0.1556
;US-MA;1940;p99.9p100;1079100.8;;0.0506;0.0506
;US-MA;1940;p99.99p100;2862517.5;;0.0134;0.0134
;US-MA;1940;p90p100;86827.797;;0.4075;0.4075
;US-MA;1940;p90p95;47488.898;;0.1114;0.1114
;US-MA;1940;p95p99;74870.398;;0.14049999;0.14049999
;US-MA;1940;p99.5p99.9;338746.69;;0.063600004;0.063600004
;US-MA;1940;p99.9p99.99;879508.63;;0.037099998;0.037099998
;US-MA;1940;p99p99.5;176034.0;;0.041299999;0.041299999
;US-MA;1940;p95p100;126190.3;;0.29609999;0.29609999
;US-MA;1940;p0p90;14028.7;;0.59249997;0.59249997
;US-MA;1940;p0p99;18174.0;;0.84439999;0.84439999
;US-MA;1940;p99.5p100;487036.09;;0.1143;0.1143
;US-MA;1939;p0p100;5002045.5;36963533647.0;1.0;1.0
;US-MA;1939;p99p100;316296.91;;0.155;0.155
;US-MA;1939;p99.9p100;1017051.8;;0.049899999;0.049899999
;US-MA;1939;p99.99p100;2631861.3;;0.0129;0.0129
;US-MA;1939;p90p100;86214.5;;0.4226;0.4226
;US-MA;1939;p90p95;50246.199;;0.1231;0.1231
;US-MA;1939;p95p99;73699.898;;0.1445;0.1445
;US-MA;1939;p99.5p99.9;324381.5;;0.063600004;0.063600004
;US-MA;1939;p99.9p99.99;836974.13;;0.036899999;0.036899999
;US-MA;1939;p99p99.5;169418.7;;0.041499998;0.041499998
;US-MA;1939;p95p100;122192.6;;0.29949999;0.29949999
;US-MA;1939;p0p90;13087.9;;0.57740003;0.57740003
;US-MA;1939;p0p99;17411.699;;0.84500003;0.84500003
;US-MA;1939;p99.5p100;463097.59;;0.1135;0.1135
;US-MA;1938;p0p100;4507869.5;33974835118.0;1.0;1.0
;US-MA;1938;p99p100;265185.59;;0.1402;0.1402
;US-MA;1938;p99.9p100;839218.0;;0.044399999;0.044399999
;US-MA;1938;p99.99p100;2340332.8;;0.0124;0.0124
;US-MA;1938;p90p100;77279.0;;0.40849999;0.40849999
;US-MA;1938;p90p95;50531.398;;0.13349999;0.13349999
;US-MA;1938;p95p99;65577.398;;0.13860001;0.13860001
;US-MA;1938;p99.5p99.9;269526.59;;0.057;0.057
;US-MA;1938;p99.9p99.99;669700.19;;0.0319;0.0319
;US-MA;1938;p99p99.5;146257.2;;0.038699999;0.038699999
;US-MA;1938;p95p100;105498.9;;0.27880001;0.27880001
;US-MA;1938;p0p90;12359.3;;0.58789998;0.58789998
;US-MA;1938;p0p99;16431.699;;0.85979998;0.85979998
;US-MA;1938;p99.5p100;383928.91;;0.1015;0.1015
;US-MA;1937;p0p100;4690233.0;36390457845.0;1.0;1.0
;US-MA;1937;p99p100;349924.0;;0.17120001;0.17120001
;US-MA;1937;p99.9p100;1165709.1;;0.057;0.057
;US-MA;1937;p99.99p100;2932467.0;;0.0143;0.0143
;US-MA;1937;p90p100;90181.5;;0.44119999;0.44119999
;US-MA;1937;p90p95;52396.5;;0.12819999;0.12819999
;US-MA;1937;p95p99;73473.5;;0.14380001;0.14380001
;US-MA;1937;p99.5p99.9;359306.41;;0.070299998;0.070299998
;US-MA;1937;p99.9p99.99;969510.63;;0.0427;0.0427
;US-MA;1937;p99p99.5;179266.09;;0.043900002;0.043900002
;US-MA;1937;p95p100;128767.1;;0.315;0.315
;US-MA;1937;p0p90;12644.3;;0.55680001;0.55680001
;US-MA;1937;p0p99;17109.801;;0.82880002;0.82880002
;US-MA;1937;p99.5p100;520585.09;;0.1274;0.1274
;US-MA;1936;p0p100;5146131.5;36939809628.0;1.0;1.0
;US-MA;1936;p99p100;394743.41;;0.189;0.189
;US-MA;1936;p99.9p100;1356651.8;;0.064999998;0.064999998
;US-MA;1936;p99.99p100;3610211.5;;0.0173;0.0173
;US-MA;1936;p90p100;95831.297;;0.45879999;0.45879999
;US-MA;1936;p90p95;55175.199;;0.1321;0.1321
;US-MA;1936;p95p99;74269.297;;0.14219999;0.14219999
;US-MA;1936;p99.5p99.9;404456.91;;0.077500001;0.077500001
;US-MA;1936;p99.9p99.99;1106333.4;;0.047699999;0.047699999
;US-MA;1936;p99p99.5;194602.7;;0.046599999;0.046599999
;US-MA;1936;p95p100;138358.91;;0.3312;0.3312
;US-MA;1936;p0p90;12455.9;;0.53670001;0.53670001
;US-MA;1936;p0p99;17111.0;;0.81099999;0.81099999
;US-MA;1936;p99.5p100;594890.63;;0.1424;0.1424
;US-MA;1935;p0p100;4792934.5;33508738682.0;1.0;1.0
;US-MA;1935;p99p100;309908.91;;0.16240001;0.16240001
;US-MA;1935;p99.9p100;1043002.6;;0.054699998;0.054699998
;US-MA;1935;p99.99p100;2877122.8;;0.0151;0.0151
;US-MA;1935;p90p100;85847.703;;0.4499;0.4499
;US-MA;1935;p90p95;57924.801;;0.15180001;0.15180001
;US-MA;1935;p95p99;69778.602;;0.1463;0.1463
;US-MA;1935;p99.5p99.9;315157.0;;0.066100001;0.066100001
;US-MA;1935;p99.9p99.99;839266.31;;0.0396;0.0396
;US-MA;1935;p99p99.5;159111.59;;0.041700002;0.041700002
;US-MA;1935;p95p100;117838.7;;0.30880001;0.30880001
;US-MA;1935;p0p90;11437.7;;0.5395;0.5395
;US-MA;1935;p0p99;16142.9;;0.83759999;0.83759999
;US-MA;1935;p99.5p100;460713.41;;0.1207;0.1207
;US-MA;1934;p0p100;4811627.0;31780098160.0;1.0;1.0
;US-MA;1934;p99p100;282863.0;;0.1551;0.1551
;US-MA;1934;p99.9p100;920079.63;;0.050500002;0.050500002
;US-MA;1934;p99.99p100;2293027.0;;0.0126;0.0126
;US-MA;1934;p90p100;82060.102;;0.44999999;0.44999999
;US-MA;1934;p90p95;53659.801;;0.1471;0.1471
;US-MA;1934;p95p99;71764.703;;0.1574;0.1574
;US-MA;1934;p99.5p99.9;290960.91;;0.0638;0.0638
;US-MA;1934;p99.9p99.99;767606.38;;0.037900001;0.037900001
;US-MA;1934;p99p99.5;148947.2;;0.040800001;0.040800001
;US-MA;1934;p95p100;114110.9;;0.31290001;0.31290001
;US-MA;1934;p0p90;10946.6;;0.54030001;0.54030001
;US-MA;1934;p0p99;15561.2;;0.84490001;0.84490001
;US-MA;1934;p99.5p100;416768.91;;0.1143;0.1143
;US-MA;1933;p0p100;4937568.5;30320000023.0;1.0;1.0
;US-MA;1933;p99p100;276104.41;;0.1576;0.1576
;US-MA;1933;p99.9p100;971849.88;;0.055500001;0.055500001
;US-MA;1933;p99.99p100;2587090.5;;0.0148;0.0148
;US-MA;1933;p90p100;80019.602;;0.45680001;0.45680001
;US-MA;1933;p90p95;55653.102;;0.15880001;0.15880001
;US-MA;1933;p95p99;67215.0;;0.15350001;0.15350001
;US-MA;1933;p99.5p99.9;274692.09;;0.062700003;0.062700003
;US-MA;1933;p99.9p99.99;792378.81;;0.0407;0.0407
;US-MA;1933;p99p99.5;138085.0;;0.0394;0.0394
;US-MA;1933;p95p100;109086.7;;0.3114;0.3114
;US-MA;1933;p0p90;10317.4;;0.53009999;0.53009999
;US-MA;1933;p0p99;14906.0;;0.84240001;0.84240001
;US-MA;1933;p99.5p100;414123.69;;0.1182;0.1182
;US-MA;1932;p0p100;4711059.5;31936774198.0;1.0;1.0
;US-MA;1932;p99p100;269704.91;;0.1452;0.1452
;US-MA;1932;p99.9p100;917283.0;;0.049400002;0.049400002
;US-MA;1932;p99.99p100;2247783.8;;0.0121;0.0121
;US-MA;1932;p90p100;84286.797;;0.45379999;0.45379999
;US-MA;1932;p90p95;67858.203;;0.18269999;0.18269999
;US-MA;1932;p95p99;67975.602;;0.1464;0.1464
;US-MA;1932;p99.5p99.9;270484.91;;0.0583;0.0583
;US-MA;1932;p99.9p99.99;769449.19;;0.037300002;0.037300002
;US-MA;1932;p99p99.5;139565.3;;0.037599999;0.037599999
;US-MA;1932;p95p100;108535.3;;0.2922;0.2922
;US-MA;1932;p0p90;10848.4;;0.52569997;0.52569997
;US-MA;1932;p0p99;16035.9;;0.85479999;0.85479999
;US-MA;1932;p99.5p100;399844.5;;0.1076;0.1076
;US-MA;1931;p0p100;4191265.3;35071519293.0;1.0;1.0
;US-MA;1931;p99p100;305536.5;;0.1488;0.1488
;US-MA;1931;p99.9p100;1036236.7;;0.050500002;0.050500002
;US-MA;1931;p99.99p100;3003803.8;;0.0146;0.0146
;US-MA;1931;p90p100;95301.898;;0.46399999;0.46399999
;US-MA;1931;p90p95;81592.602;;0.19859999;0.19859999
;US-MA;1931;p95p99;77857.898;;0.1516;0.1516
;US-MA;1931;p99.5p99.9;301725.09;;0.058800001;0.058800001
;US-MA;1931;p99.9p99.99;817618.0;;0.035799999;0.035799999
;US-MA;1931;p99p99.5;162445.59;;0.039500002;0.039500002
;US-MA;1931;p95p100;123378.4;;0.3003;0.3003
;US-MA;1931;p0p90;11433.1;;0.50099999;0.50099999
;US-MA;1931;p0p99;17660.301;;0.85119998;0.85119998
;US-MA;1931;p99.5p100;448627.41;;0.1092;0.1092
;US-MA;1930;p0p100;3589847.5;35815777198.0;1.0;1.0
;US-MA;1930;p99p100;382362.19;;0.18080001;0.18080001
;US-MA;1930;p99.9p100;1421182.4;;0.067199998;0.067199998
;US-MA;1930;p99.99p100;4519823.0;;0.021400001;0.021400001
;US-MA;1930;p90p100;101085.0;;0.4779;0.4779
;US-MA;1930;p90p95;72157.102;;0.1706;0.1706
;US-MA;1930;p95p99;78128.602;;0.1478;0.1478
;US-MA;1930;p99.5p99.9;368220.59;;0.069600001;0.069600001
;US-MA;1930;p99.9p99.99;1076889.0;;0.0458;0.0458
;US-MA;1930;p99p99.5;185911.5;;0.043900002;0.043900002
;US-MA;1930;p95p100;139108.59;;0.32890001;0.32890001
;US-MA;1930;p0p90;11771.1;;0.50089997;0.50089997
;US-MA;1930;p0p99;17502.0;;0.81919998;0.81919998
;US-MA;1930;p99.5p100;578813.0;;0.13680001;0.13680001
;US-MA;1929;p0p100;3744484.5;39020306275.0;1.0;1.0
;US-MA;1929;p99p100;597115.0;;0.25709999;0.25709999
;US-MA;1929;p99.9p100;2659978.5;;0.1145;0.1145
;US-MA;1929;p99.99p100;10027493.0;;0.043200001;0.043200001
;US-MA;1929;p90p100;123269.1;;0.53079998;0.53079998
;US-MA;1929;p90p95;63163.0;;0.13600001;0.13600001
;US-MA;1929;p95p99;84813.898;;0.1461;0.1461
;US-MA;1929;p99.5p99.9;531025.0;;0.091499999;0.091499999
;US-MA;1929;p99.9p99.99;1841366.1;;0.071400002;0.071400002
;US-MA;1929;p99p99.5;237414.5;;0.051100001;0.051100001
;US-MA;1929;p95p100;187423.3;;0.40349999;0.40349999
;US-MA;1929;p0p90;11891.1;;0.46079999;0.46079999
;US-MA;1929;p0p99;17426.9;;0.74290001;0.74290001
;US-MA;1929;p99.5p100;956815.63;;0.206;0.206
;US-MA;1928;p0p100;3683979.5;38098675240.0;1.0;1.0
;US-MA;1928;p99p100;574614.5;;0.25150001;0.25150001
;US-MA;1928;p99.9p100;2425450.3;;0.1062;0.1062
;US-MA;1928;p99.99p100;9084959.0;;0.039799999;0.039799999
;US-MA;1928;p90p100;121659.8;;0.53250003;0.53250003
;US-MA;1928;p90p95;65070.801;;0.1424;0.1424
;US-MA;1928;p95p99;85599.898;;0.1499;0.1499
;US-MA;1928;p99.5p99.9;528014.19;;0.092399999;0.092399999
;US-MA;1928;p99.9p99.99;1685505.0;;0.066399999;0.066399999
;US-MA;1928;p99p99.5;241727.5;;0.052900001;0.052900001
;US-MA;1928;p95p100;183437.09;;0.4014;0.4014
;US-MA;1928;p0p90;11583.2;;0.45629999;0.45629999
;US-MA;1928;p0p99;17275.199;;0.74849999;0.74849999
;US-MA;1928;p99.5p100;907501.38;;0.19859999;0.19859999
;US-MA;1927;p0p100;3464064.8;36455503867.0;1.0;1.0
;US-MA;1927;p99p100;480343.5;;0.2176;0.2176
;US-MA;1927;p99.9p100;1848295.4;;0.083700001;0.083700001
;US-MA;1927;p99.99p100;5805483.0;;0.0263;0.0263
;US-MA;1927;p90p100;106953.7;;0.48449999;0.48449999
;US-MA;1927;p90p95;57732.398;;0.13079999;0.13079999
;US-MA;1927;p95p99;78898.5;;0.14300001;0.14300001
;US-MA;1927;p99.5p99.9;465199.59;;0.084299996;0.084299996
;US-MA;1927;p99.9p99.99;1408607.9;;0.057399999;0.057399999
;US-MA;1927;p99p99.5;218868.2;;0.049600001;0.049600001
;US-MA;1927;p95p100;159267.3;;0.36070001;0.36070001
;US-MA;1927;p0p90;12476.6;;0.50870001;0.50870001
;US-MA;1927;p0p99;17446.0;;0.78240001;0.78240001
;US-MA;1927;p99.5p100;741818.81;;0.168;0.168
;US-MA;1926;p0p100;3322658.3;35917108962.0;1.0;1.0
;US-MA;1926;p99p100;430446.5;;0.1957;0.1957
;US-MA;1926;p99.9p100;1673715.8;;0.076099999;0.076099999
;US-MA;1926;p99.99p100;5605139.0;;0.0255;0.0255
;US-MA;1926;p90p100;99702.797;;0.4533;0.4533
;US-MA;1926;p90p95;56999.801;;0.1296;0.1296
;US-MA;1926;p95p99;74570.297;;0.1356;0.1356
;US-MA;1926;p99.5p99.9;411158.81;;0.0748;0.0748
;US-MA;1926;p99.9p99.99;1236890.9;;0.0506;0.0506
;US-MA;1926;p99p99.5;197222.91;;0.044799998;0.044799998
;US-MA;1926;p95p100;145813.91;;0.33149999;0.33149999
;US-MA;1926;p0p90;13176.4;;0.53909999;0.53909999
;US-MA;1926;p0p99;17870.301;;0.80430001;0.80430001
;US-MA;1926;p99.5p100;663670.13;;0.15090001;0.15090001
;US-MA;1925;p0p100;3412819.5;35803236567.0;1.0;1.0
;US-MA;1925;p99p100;458700.09;;0.2069;0.2069
;US-MA;1925;p99.9p100;1865422.8;;0.084100001;0.084100001
;US-MA;1925;p99.99p100;6763990.0;;0.0305;0.0305
;US-MA;1925;p90p100;99985.602;;0.45100001;0.45100001
;US-MA;1925;p90p95;54656.398;;0.1233;0.1233
;US-MA;1925;p95p99;69436.5;;0.12530001;0.12530001
;US-MA;1925;p99.5p99.9;430452.59;;0.077699997;0.077699997
;US-MA;1925;p99.9p99.99;1321137.5;;0.053599998;0.053599998
;US-MA;1925;p99p99.5;199953.5;;0.0451;0.0451
;US-MA;1925;p95p100;147490.8;;0.33270001;0.33270001
;US-MA;1925;p0p90;13412.6;;0.54449999;0.54449999
;US-MA;1925;p0p99;17759.199;;0.7931;0.7931
;US-MA;1925;p99.5p100;717446.63;;0.1618;0.1618
;US-MA;1924;p0p100;3469259.3;34181519607.0;1.0;1.0
;US-MA;1924;p99p100;386399.0;;0.1803;0.1803
;US-MA;1924;p99.9p100;1388716.4;;0.064800002;0.064800002
;US-MA;1924;p99.99p100;3989601.3;;0.0186;0.0186
;US-MA;1924;p90p100;87207.602;;0.40689999;0.40689999
;US-MA;1924;p90p95;42940.5;;0.1002;0.1002
;US-MA;1924;p95p99;67176.898;;0.12540001;0.12540001
;US-MA;1924;p99.5p99.9;387690.59;;0.072400004;0.072400004
;US-MA;1924;p99.9p99.99;1099729.3;;0.0462;0.0462
;US-MA;1924;p99p99.5;184902.3;;0.043099999;0.043099999
;US-MA;1924;p95p100;131021.4;;0.3057;0.3057
;US-MA;1924;p0p90;14149.9;;0.59420002;0.59420002
;US-MA;1924;p0p99;17746.5;;0.8197;0.8197
;US-MA;1924;p99.5p100;587895.81;;0.1371;0.1371
;US-MA;1923;p0p100;3534094.0;34104002452.0;1.0;1.0
;US-MA;1923;p99p100;352223.41;;0.162;0.162
;US-MA;1923;p99.9p100;1216237.3;;0.0559;0.0559
;US-MA;1923;p99.99p100;3412582.0;;0.015699999;0.015699999
;US-MA;1923;p90p100;87154.297;;0.4007;0.4007
;US-MA;1923;p90p95;46816.301;;0.1076;0.1076
;US-MA;1923;p95p99;71180.898;;0.1309;0.1309
;US-MA;1923;p99.5p99.9;358021.31;;0.065800004;0.065800004
;US-MA;1923;p99.9p99.99;972202.69;;0.040199999;0.040199999
;US-MA;1923;p99p99.5;174782.59;;0.040199999;0.040199999
;US-MA;1923;p95p100;127389.4;;0.2929;0.2929
;US-MA;1923;p0p90;14486.8;;0.5995;0.5995
;US-MA;1923;p0p99;18410.199;;0.838;0.838
;US-MA;1923;p99.5p100;529664.19;;0.1218;0.1218
;US-MA;1922;p0p100;3362222.5;30848102822.0;1.0;1.0
;US-MA;1922;p99p100;367399.31;;0.184;0.184
;US-MA;1922;p99.9p100;1343704.3;;0.067299999;0.067299999
;US-MA;1922;p99.99p100;4038836.5;;0.020199999;0.020199999
;US-MA;1922;p90p100;84680.898;;0.42410001;0.42410001
;US-MA;1922;p90p95;40923.102;;0.1025;0.1025
;US-MA;1922;p95p99;68369.703;;0.13699999;0.13699999
;US-MA;1922;p99.5p99.9;365297.5;;0.073200002;0.073200002
;US-MA;1922;p99.9p99.99;1044245.0;;0.0471;0.0471
;US-MA;1922;p99p99.5;173819.7;;0.043499999;0.043499999
;US-MA;1922;p95p100;128175.6;;0.32089999;0.32089999
;US-MA;1922;p0p90;12792.6;;0.57660002;0.57660002
;US-MA;1922;p0p99;16458.9;;0.81599998;0.81599998
;US-MA;1922;p99.5p100;560978.81;;0.14049999;0.14049999
;US-MA;1921;p0p100;2590765.3;26781905818.0;1.0;1.0
;US-MA;1921;p99p100;284373.5;;0.1621;0.1621
;US-MA;1921;p99.9p100;972216.0;;0.055399999;0.055399999
;US-MA;1921;p99.99p100;2601208.5;;0.0148;0.0148
;US-MA;1921;p90p100;70537.602;;0.4021;0.4021
;US-MA;1921;p90p95;36843.801;;0.105;0.105
;US-MA;1921;p95p99;58936.301;;0.1344;0.1344
;US-MA;1921;p99.5p99.9;289388.09;;0.066;0.066
;US-MA;1921;p99.9p99.99;791216.81;;0.040600002;0.040600002
;US-MA;1921;p99p99.5;142793.3;;0.0407;0.0407
;US-MA;1921;p95p100;104023.7;;0.2965;0.2965
;US-MA;1921;p0p90;11664.5;;0.59850001;0.59850001
;US-MA;1921;p0p99;14846.1;;0.83789998;0.83789998
;US-MA;1921;p99.5p100;425953.69;;0.1214;0.1214
;US-MA;1920;p0p100;2297126.3;29243693332.0;1.0;1.0
;US-MA;1920;p99p100;297905.59;;0.1529;0.1529
;US-MA;1920;p99.9p100;1062721.1;;0.054499999;0.054499999
;US-MA;1920;p99.99p100;3108838.5;;0.016000001;0.016000001
;US-MA;1920;p90p100;71128.0;;0.36500001;0.36500001
;US-MA;1920;p90p95;37135.699;;0.095299996;0.095299996
;US-MA;1920;p95p99;56802.898;;0.1166;0.1166
;US-MA;1920;p99.5p99.9;299980.31;;0.0616;0.0616
;US-MA;1920;p99.9p99.99;835374.63;;0.038600001;0.038600001
;US-MA;1920;p99p99.5;143282.8;;0.036800001;0.036800001
;US-MA;1920;p95p100;105023.4;;0.2694;0.2694
;US-MA;1920;p0p90;13756.9;;0.63529998;0.63529998
;US-MA;1920;p0p99;16676.9;;0.84710002;0.84710002
;US-MA;1920;p99.5p100;452528.5;;0.1161;0.1161
;US-MA;1919;p0p100;3097813.0;28827520462.0;1.0;1.0
;US-MA;1919;p99p100;391779.81;;0.2;0.2
;US-MA;1919;p99.9p100;1557678.1;;0.079499997;0.079499997
;US-MA;1919;p99.99p100;4586359.5;;0.023399999;0.023399999
;US-MA;1919;p90p100;83696.797;;0.42730001;0.42730001
;US-MA;1919;p90p95;38342.801;;0.097900003;0.097900003
;US-MA;1919;p95p99;62995.398;;0.1286;0.1286
;US-MA;1919;p99.5p99.9;376545.81;;0.076899998;0.076899998
;US-MA;1919;p99.9p99.99;1222320.8;;0.056200001;0.056200001
;US-MA;1919;p99p99.5;170608.0;;0.043499999;0.043499999
;US-MA;1919;p95p100;128752.3;;0.32859999;0.32859999
;US-MA;1919;p0p90;12482.8;;0.57349998;0.57349998
;US-MA;1919;p0p99;15829.9;;0.80000001;0.80000001
;US-MA;1919;p99.5p100;612951.69;;0.1564;0.1564
;US-MA;1918;p0p100;4129531.0;28735801752.0;1.0;1.0
;US-MA;1918;p99p100;395830.41;;0.2;0.2
;US-MA;1918;p99.9p100;1676233.8;;0.084700003;0.084700003
;US-MA;1918;p99.99p100;5371275.0;;0.027100001;0.027100001
;US-MA;1918;p90p100;85346.297;;0.43110001;0.43110001
;US-MA;1918;p90p95;40617.199;;0.1026;0.1026
;US-MA;1918;p95p99;62865.398;;0.127;0.127
;US-MA;1918;p99.5p99.9;368147.91;;0.0744;0.0744
;US-MA;1918;p99.9p99.99;1265686.8;;0.057500001;0.057500001
;US-MA;1918;p99p99.5;161895.7;;0.040899999;0.040899999
;US-MA;1918;p95p100;129458.6;;0.32699999;0.32699999
;US-MA;1918;p0p90;12546.0;;0.5704;0.5704
;US-MA;1918;p0p99;15996.9;;0.80000001;0.80000001
;US-MA;1918;p99.5p100;629764.81;;0.1591;0.1591
;US-MA;1917;p0p100;6084480.5;30677537625.0;1.0;1.0
;US-MA;1917;p99p100;448653.0;;0.2122;0.2122
;US-MA;1917;p99.9p100;1975508.4;;0.093400002;0.093400002
;US-MA;1917;p99.99p100;5968970.5;;0.028200001;0.028200001
;US-MA;1917;p90p100;90084.297;;0.426;0.426
;US-MA;1917;p90p95;39396.0;;0.093199998;0.093199998
