Variable Name;.;.;.;PPP conversion factor, LCU per EUR | individuals | Exchange rates | All Ages | local currency per foreign currency;Market exchange rate, LCU per EUR | individuals | Exchange rates | All Ages | local currency per foreign currency;PPP conversion factor, LCU per USD | individuals | Exchange rates | All Ages | local currency per foreign currency;Market exchange rate, LCU per USD | individuals | Exchange rates | All Ages | local currency per foreign currency;PPP conversion factor, LCU per CNY | individuals | Exchange rates | All Ages | local currency per foreign currency;Market exchange rate, LCU per CNY | individuals | Exchange rates | All Ages | local currency per foreign currency
Variable Category;.;.;.;Other macro;Other macro;Other macro;Other macro;Other macro;Other macro
Variable Description;.;.;.;PPP conversion factor of curent local currency to current PPP EUR.;Official exchange rate of the local currency to EUR.;PPP conversion factor of current local currency to current USD.;Official exchange rate of the local currency to USD.;PPP conversion factor of current local currency to current PPP CNY.;Official exchange rate of the local currency to CNY.
Variable Decomposition;.;.;.;;;;;;
Variable Unit;.;.;.;local currency per foreign currency;local currency per foreign currency;local currency per foreign currency;local currency per foreign currency;local currency per foreign currency;local currency per foreign currency
Methodological Notes;.;.;.;;;;;;
Sources;.;.;.;;;;;;
Variable Code;country;year;perc;xlceup999i;xlceux999i;xlcusp999i;xlcusx999i;xlcyup999i;xlcyux999i
;XN;2018;p0p100;1.0;2.1976724;0.75421751;1.7928101;0.23799415;0.28086916
;XN;2016;p0p100;;;;;;
;XN;2015;p0p100;;;;;;
;XN;2014;p0p100;;;;;;
;XN;2013;p0p100;;;;;;
;XN;2012;p0p100;;;;;;
;XN;2011;p0p100;;;;;;
;XN;2010;p0p100;;;;;;
;XN;2009;p0p100;;;;;;
;XN;2008;p0p100;;;;;;
;XN;2007;p0p100;;;;;;
;XN;2006;p0p100;;;;;;
;XN;2005;p0p100;;;;;;
;XN;2004;p0p100;;;;;;
;XN;2003;p0p100;;;;;;
;XN;2002;p0p100;;;;;;
;XN;2001;p0p100;;;;;;
;XN;2000;p0p100;;;;;;
;XN;1999;p0p100;;;;;;
;XN;1998;p0p100;;;;;;
;XN;1997;p0p100;;;;;;
;XN;1996;p0p100;;;;;;
;XN;1995;p0p100;;;;;;
;XN;1994;p0p100;;;;;;
;XN;1993;p0p100;;;;;;
;XN;1992;p0p100;;;;;;
;XN;1991;p0p100;;;;;;
;XN;1990;p0p100;;;;;;
;XN;1989;p0p100;;;;;;
;XN;1988;p0p100;;;;;;
