Variable Name;.;.;.;Fiscal income  | tax unit | Average | Adults | constant 2015 local currency;Fiscal income  | tax unit | Total | Adults | constant 2015 local currency;Fiscal income  | tax unit | Share | Adults | share of total (ratio);Pre-tax national income  | tax unit | Share | Adults | share of total (ratio)
Variable Category;.;.;.;Income inequality;Income inequality;Income inequality;Income inequality
Variable Description;.;.;.;Average Fiscal income within a given percentile group. Fiscal income is defined as the sum of all income items reported on income tax returns, before any deduction. It includes labour income, capital income and mixed income. The concept of fiscal income varies with national tax legislations, so in order to make international comparisons it is preferable to use the concept of national income. The population is comprised of individuals over age 20. The base unit is the tax unit defined by national fiscal administrations to measure personal income taxes.;Total Fiscal income  within a given percentile group. Fiscal income is defined as the sum of all income items reported on income tax returns, before any deduction. It includes labour income, capital income and mixed income. The concept of fiscal income varies with national tax legislations, so in order to make international comparisons it is preferable to use the concept of national income. The population is comprised of individuals over age 20.;Fiscal income share held by a given percentile group. Fiscal income is defined as the sum of all income items reported on income tax returns, before any deduction. It includes labour income, capital income and mixed income. The concept of fiscal income varies with national tax legislations, so in order to make international comparisons it is preferable to use the concept of national income. The population is comprised of individuals over age 20. The base unit is the tax unit defined by national fiscal administrations to measure personal income taxes.;Pre-tax national income share held by a given percentile group. Pre-tax national income  is the sum of all pre-tax personal income flows accruing to the owners of the production factors, labor and capital, before taking into account the operation of the tax/transfer system, but after taking into account the operation of pension system. The central difference between personal factor income and pre-tax income is the treatment of pensions, which are counted on a contribution basis by factor income and on a distribution basis by pre-tax income. The population is comprised of individuals over age 20. The base unit is the tax unit defined by national fiscal administrations to measure personal income taxes.
Variable Decomposition;.;.;.;[Fiscal income ]=[Fiscal labour income ]+[Fiscal capital income ];[Fiscal income ]=[Fiscal labour income ]+[Fiscal capital income ];[Fiscal income ]=[Fiscal labour income ]+[Fiscal capital income ];Pre-tax national income =Pre-tax labor income [total pre-tax income ranking]+Pre-tax capital income [total pre-tax income ranking]
Variable Unit;.;.;.;"USD; United States dollar | local currency | market";"USD; United States dollar | local currency | market";share;share
Methodological Notes;.;.;.;;;;Assuming the same distribution as fiscal income.
Sources;.;.;.;Frank, Sommeiller, Price & Saez (2015);Frank, Sommeiller, Price & Saez (2015);Frank, Sommeiller, Price & Saez (2015);WID.world computations using: Frank, Sommeiller, Price & Saez (2015)
Variable Code;country;year;perc;afiinc992t;mfiinc992t;sfiinc992t;sptinc992t
;US-WY;2015;p0p100;83554.102;24523906241.0;1.0;1.0
;US-WY;2015;p99p100;2102222.5;;0.2516;0.2516
;US-WY;2015;p99.9p100;13171536.0;;0.1576;0.1576
;US-WY;2015;p99.99p100;77626688.0;;0.092900001;0.092900001
;US-WY;2015;p90p100;373349.19;;0.44679999;0.44679999
;US-WY;2015;p90p95;125310.2;;0.075000003;0.075000003
;US-WY;2015;p95p99;254626.3;;0.1219;0.1219
;US-WY;2015;p99.5p99.9;1267387.9;;0.060699999;0.060699999
;US-WY;2015;p99.9p99.99;5783336.5;;0.0623;0.0623
;US-WY;2015;p99p99.5;563053.63;;0.0337;0.0337
;US-WY;2015;p95p100;623026.13;;0.37279999;0.37279999
;US-WY;2015;p0p90;51390.102;;0.5535;0.5535
;US-WY;2015;p0p99;63163.5;;0.74839997;0.74839997
;US-WY;2015;p99.5p100;3647615.8;;0.2183;0.2183
;US-WY;2014;p0p100;83327.398;24399411130.0;1.0;1.0
;US-WY;2014;p99p100;2233999.8;;0.2687;0.2687
;US-WY;2014;p99.9p100;14265644.0;;0.1716;0.1716
;US-WY;2014;p99.99p100;88543584.0;;0.1065;0.1065
;US-WY;2014;p90p100;386524.5;;0.465;0.465
;US-WY;2014;p90p95;124300.4;;0.0748;0.0748
;US-WY;2014;p95p99;253172.0;;0.1218;0.1218
;US-WY;2014;p99.5p99.9;1305910.9;;0.062799998;0.062799998
;US-WY;2014;p99.9p99.99;5853212.5;;0.0634;0.0634
;US-WY;2014;p99p99.5;564526.38;;0.034000002;0.034000002
;US-WY;2014;p95p100;649630.88;;0.39070001;0.39070001
;US-WY;2014;p0p90;49577.301;;0.53670001;0.53670001
;US-WY;2014;p0p99;61404.0;;0.7313;0.7313
;US-WY;2014;p99.5p100;3903801.5;;0.2348;0.2348
;US-WY;2013;p0p100;81168.398;22860844026.0;1.0;1.0
;US-WY;2013;p99p100;2226846.3;;0.28400001;0.28400001
;US-WY;2013;p99.9p100;15067509.0;;0.19220001;0.19220001
;US-WY;2013;p99.99p100;101273136.0;;0.1292;0.1292
;US-WY;2013;p90p100;386557.09;;0.493;0.493
;US-WY;2013;p90p95;145034.8;;0.092500001;0.092500001
;US-WY;2013;p95p99;230185.09;;0.1174;0.1174
;US-WY;2013;p99.5p99.9;1161998.1;;0.059300002;0.059300002
;US-WY;2013;p99.9p99.99;5404062.5;;0.061999999;0.061999999
;US-WY;2013;p99p99.5;508818.41;;0.032400001;0.032400001
;US-WY;2013;p95p100;629130.88;;0.4012;0.4012
;US-WY;2013;p0p90;44188.102;;0.5072;0.5072
;US-WY;2013;p0p99;56710.102;;0.71600002;0.71600002
;US-WY;2013;p99.5p100;3941787.3;;0.25139999;0.25139999
;US-WY;2012;p0p100;85647.5;23299536162.0;1.0;1.0
;US-WY;2012;p99p100;5559796.5;;0.6918;0.6918
;US-WY;2012;p99.9p100;47115176.0;;0.58630002;0.58630002
;US-WY;2012;p99.99p100;385562528.0;;0.47979999;0.47979999
;US-WY;2012;p90p100;720270.5;;0.8962;0.8962
;US-WY;2012;p90p95;144575.59;;0.089900002;0.089900002
;US-WY;2012;p95p99;234626.09;;0.1168;0.1168
;US-WY;2012;p99.5p99.9;1369445.9;;0.0682;0.0682
;US-WY;2012;p99.9p99.99;7940947.0;;0.0889;0.0889
;US-WY;2012;p99p99.5;583430.31;;0.0363;0.0363
;US-WY;2012;p95p100;1301041.3;;0.80940002;0.80940002
;US-WY;2012;p0p90;10727.7;;0.1201;0.1201
;US-WY;2012;p0p99;25019.0;;0.3082;0.3082
;US-WY;2012;p99.5p100;10531858.0;;0.6552;0.6552
;US-WY;2011;p0p100;84553.703;21032946246.0;1.0;1.0
;US-WY;2011;p99p100;1645184.8;;0.21600001;0.21600001
;US-WY;2011;p99.9p100;9590755.0;;0.1259;0.1259
;US-WY;2011;p99.99p100;54776476.0;;0.071900003;0.071900003
;US-WY;2011;p90p100;328133.81;;0.43090001;0.43090001
;US-WY;2011;p90p95;147168.5;;0.096600004;0.096600004
;US-WY;2011;p95p99;225719.91;;0.1186;0.1186
;US-WY;2011;p99.5p99.9;1091625.5;;0.057300001;0.057300001
;US-WY;2011;p99.9p99.99;4520039.5;;0.053399999;0.053399999
;US-WY;2011;p99p99.5;499621.5;;0.0328;0.0328
;US-WY;2011;p95p100;509773.5;;0.33469999;0.33469999
;US-WY;2011;p0p90;48175.898;;0.5693;0.5693
;US-WY;2011;p0p99;60307.102;;0.78399998;0.78399998
;US-WY;2011;p99.5p100;2789046.5;;0.1831;0.1831
;US-WY;2010;p0p100;86729.797;20008128029.0;1.0;1.0
;US-WY;2010;p99p100;2019962.0;;0.27520001;0.27520001
;US-WY;2010;p99.9p100;13553990.0;;0.1846;0.1846
;US-WY;2010;p99.99p100;91615464.0;;0.1248;0.1248
;US-WY;2010;p90p100;361207.91;;0.4921;0.4921
;US-WY;2010;p90p95;147948.5;;0.1008;0.1008
;US-WY;2010;p95p99;214828.7;;0.1171;0.1171
;US-WY;2010;p99.5p99.9;1063723.5;;0.057999998;0.057999998
;US-WY;2010;p99.9p99.99;4900650.0;;0.0601;0.0601
;US-WY;2010;p99p99.5;481812.69;;0.0328;0.0328
;US-WY;2010;p95p100;576107.63;;0.3924;0.3924
;US-WY;2010;p0p90;41313.0;;0.50650001;0.50650001
;US-WY;2010;p0p99;53746.199;;0.72479999;0.72479999
;US-WY;2010;p99.5p100;3552662.8;;0.242;0.242
;US-WY;2009;p0p100;86083.703;18754176569.0;1.0;1.0
;US-WY;2009;p99p100;1454775.8;;0.20630001;0.20630001
;US-WY;2009;p99.9p100;8523288.0;;0.1208;0.1208
;US-WY;2009;p99.99p100;51205392.0;;0.0726;0.0726
;US-WY;2009;p90p100;303079.31;;0.42969999;0.42969999
;US-WY;2009;p90p95;145894.0;;0.1034;0.1034
;US-WY;2009;p95p99;213768.3;;0.1212;0.1212
;US-WY;2009;p99.5p99.9;1001821.7;;0.0568;0.0568
;US-WY;2009;p99.9p99.99;4091784.0;;0.052200001;0.052200001
;US-WY;2009;p99p99.5;482961.19;;0.034200002;0.034200002
;US-WY;2009;p95p100;461032.81;;0.32679999;0.32679999
;US-WY;2009;p0p90;43842.398;;0.55949998;0.55949998
;US-WY;2009;p0p99;56546.5;;0.79369998;0.79369998
;US-WY;2009;p99.5p100;2447702.8;;0.1735;0.1735
;US-WY;2008;p0p100;100972.5;21644460115.0;1.0;1.0
;US-WY;2008;p99p100;2391749.8;;0.28709999;0.28709999
;US-WY;2008;p99.9p100;16107844.0;;0.19329999;0.19329999
;US-WY;2008;p99.99p100;105756408.0;;0.1269;0.1269
;US-WY;2008;p90p100;410854.19;;0.49309999;0.49309999
;US-WY;2008;p90p95;150822.3;;0.090499997;0.090499997
;US-WY;2008;p95p99;254177.3;;0.122;0.122
;US-WY;2008;p99.5p99.9;1431623.5;;0.068700001;0.068700001
;US-WY;2008;p99.9p99.99;6779040.5;;0.073200002;0.073200002
;US-WY;2008;p99p99.5;624631.5;;0.037500001;0.037500001
;US-WY;2008;p95p100;673967.81;;0.40450001;0.40450001
;US-WY;2008;p0p90;44538.199;;0.48109999;0.48109999
;US-WY;2008;p0p99;60001.5;;0.71289998;0.71289998
;US-WY;2008;p99.5p100;4222169.5;;0.2534;0.2534
;US-WY;2007;p0p100;110826.8;21622004279.0;1.0;1.0
;US-WY;2007;p99p100;2954859.5;;0.3484;0.3484
;US-WY;2007;p99.9p100;20347232.0;;0.23989999;0.23989999
;US-WY;2007;p99.99p100;131917792.0;;0.15549999;0.15549999
;US-WY;2007;p90p100;475198.5;;0.56029999;0.56029999
;US-WY;2007;p90p95;152752.41;;0.090099998;0.090099998
;US-WY;2007;p95p99;276295.81;;0.1303;0.1303
;US-WY;2007;p99.5p99.9;1690881.0;;0.079700001;0.079700001
;US-WY;2007;p99.9p99.99;8361999.5;;0.088699996;0.088699996
;US-WY;2007;p99p99.5;705164.63;;0.0416;0.0416
;US-WY;2007;p95p100;801437.63;;0.4725;0.4725
;US-WY;2007;p0p90;39018.0;;0.414;0.414
;US-WY;2007;p0p99;55822.199;;0.6516;0.6516
;US-WY;2007;p99.5p100;5277892.5;;0.31119999;0.31119999
;US-WY;2006;p0p100;111862.2;20476536143.0;1.0;1.0
;US-WY;2006;p99p100;2750539.0;;0.3398;0.3398
;US-WY;2006;p99.9p100;18738400.0;;0.2315;0.2315
;US-WY;2006;p99.99p100;118466512.0;;0.1464;0.1464
;US-WY;2006;p90p100;446140.81;;0.55119997;0.55119997
;US-WY;2006;p90p95;148315.8;;0.091600001;0.091600001
;US-WY;2006;p95p99;255736.8;;0.12639999;0.12639999
;US-WY;2006;p99.5p99.9;1580111.1;;0.078100003;0.078100003
;US-WY;2006;p99.9p99.99;7800606.0;;0.0867;0.0867
;US-WY;2006;p99p99.5;657500.0;;0.040600002;0.040600002
;US-WY;2006;p95p100;747416.19;;0.46169999;0.46169999
;US-WY;2006;p0p90;38696.301;;0.43020001;0.43020001
;US-WY;2006;p0p99;53981.5;;0.6602;0.6602
;US-WY;2006;p99.5p100;4902000.0;;0.3028;0.3028
;US-WY;2005;p0p100;108924.7;18093542300.0;1.0;1.0
;US-WY;2005;p99p100;2168454.3;;0.29339999;0.29339999
;US-WY;2005;p99.9p100;14076585.0;;0.19050001;0.19050001
;US-WY;2005;p99.99p100;85120200.0;;0.1152;0.1152
;US-WY;2005;p90p100;375717.41;;0.50840002;0.50840002
;US-WY;2005;p90p95;140431.5;;0.094999999;0.094999999
;US-WY;2005;p95p99;228972.41;;0.1239;0.1239
;US-WY;2005;p99.5p99.9;1320499.9;;0.071500003;0.071500003
;US-WY;2005;p99.9p99.99;6263606.0;;0.076300003;0.076300003
;US-WY;2005;p99p99.5;570063.63;;0.038600001;0.038600001
;US-WY;2005;p95p100;613698.81;;0.4152;0.4152
;US-WY;2005;p0p90;39371.398;;0.4795;0.4795
;US-WY;2005;p0p99;52739.199;;0.70660001;0.70660001
;US-WY;2005;p99.5p100;3801464.3;;0.2572;0.2572
;US-WY;2004;p0p100;104577.5;16178259204.0;1.0;1.0
;US-WY;2004;p99p100;1681120.6;;0.25310001;0.25310001
;US-WY;2004;p99.9p100;10502829.0;;0.15809999;0.15809999
;US-WY;2004;p99.99p100;62819624.0;;0.094599999;0.094599999
;US-WY;2004;p90p100;312887.91;;0.4711;0.4711
;US-WY;2004;p90p95;124392.5;;0.093599997;0.093599997
;US-WY;2004;p95p99;211410.91;;0.12729999;0.12729999
;US-WY;2004;p99.5p99.9;1071915.0;;0.064599998;0.064599998
;US-WY;2004;p99.9p99.99;4833302.0;;0.065499999;0.065499999
;US-WY;2004;p99p99.5;482829.31;;0.0363;0.0363
;US-WY;2004;p95p100;504225.0;;0.37959999;0.37959999
;US-WY;2004;p0p90;38232.398;;0.51810002;0.51810002
;US-WY;2004;p0p99;50108.898;;0.74690002;0.74690002
;US-WY;2004;p99.5p100;2902287.0;;0.2185;0.2185
;US-WY;2003;p0p100;105655.9;15121663258.0;1.0;1.0
;US-WY;2003;p99p100;1443642.3;;0.2269;0.2269
;US-WY;2003;p99.9p100;8840491.0;;0.139;0.139
;US-WY;2003;p99.99p100;53540392.0;;0.084200002;0.084200002
;US-WY;2003;p90p100;281158.41;;0.44190001;0.44190001
;US-WY;2003;p90p95;119817.3;;0.0942;0.0942
;US-WY;2003;p95p99;195795.5;;0.1231;0.1231
;US-WY;2003;p99.5p99.9;945602.31;;0.059500001;0.059500001
;US-WY;2003;p99.9p99.99;4085231.3;;0.057799999;0.057799999
;US-WY;2003;p99p99.5;433649.09;;0.0341;0.0341
;US-WY;2003;p95p100;443619.09;;0.34869999;0.34869999
;US-WY;2003;p0p90;38682.801;;0.54720002;0.54720002
;US-WY;2003;p0p99;49679.0;;0.77310002;0.77310002
;US-WY;2003;p99.5p100;2472740.0;;0.1943;0.1943
;US-WY;2002;p0p100;107322.7;14559366565.0;1.0;1.0
;US-WY;2002;p99p100;1361568.6;;0.2202;0.2202
;US-WY;2002;p99.9p100;8156161.5;;0.1319;0.1319
;US-WY;2002;p99.99p100;48041236.0;;0.077699997;0.077699997
;US-WY;2002;p90p100;274392.0;;0.4438;0.4438
;US-WY;2002;p90p95;123205.5;;0.099600002;0.099600002
;US-WY;2002;p95p99;193950.91;;0.12549999;0.12549999
;US-WY;2002;p99.5p99.9;909975.81;;0.058899999;0.058899999
;US-WY;2002;p99.9p99.99;3870600.3;;0.056299999;0.056299999
;US-WY;2002;p99p99.5;420170.91;;0.034000002;0.034000002
;US-WY;2002;p95p100;426285.31;;0.34470001;0.34470001
;US-WY;2002;p0p90;37647.898;;0.54799998;0.54799998
;US-WY;2002;p0p99;48701.199;;0.7798;0.7798
;US-WY;2002;p99.5p100;2317609.3;;0.1874;0.1874
;US-WY;2001;p0p100;117036.0;14778901538.0;1.0;1.0
;US-WY;2001;p99p100;1531456.9;;0.23450001;0.23450001
;US-WY;2001;p99.9p100;8864974.0;;0.1358;0.1358
;US-WY;2001;p99.99p100;49283240.0;;0.075499997;0.075499997
;US-WY;2001;p90p100;298717.59;;0.45750001;0.45750001
;US-WY;2001;p90p95;126492.4;;0.096900001;0.096900001
;US-WY;2001;p95p99;207829.41;;0.12729999;0.12729999
;US-WY;2001;p99.5p99.9;1034264.3;;0.0634;0.0634
;US-WY;2001;p99.9p99.99;4328133.5;;0.059700001;0.059700001
;US-WY;2001;p99p99.5;468998.81;;0.0359;0.0359
;US-WY;2001;p95p100;471756.09;;0.3612;0.3612
;US-WY;2001;p0p90;39284.0;;0.54140002;0.54140002
;US-WY;2001;p0p99;50489.398;;0.76550001;0.76550001
;US-WY;2001;p99.5p100;2591504.3;;0.19840001;0.19840001
;US-WY;2000;p0p100;127662.2;15172832605.0;1.0;1.0
;US-WY;2000;p99p100;1989212.8;;0.29519999;0.29519999
;US-WY;2000;p99.9p100;12709767.0;;0.1886;0.1886
;US-WY;2000;p99.99p100;74167096.0;;0.1101;0.1101
;US-WY;2000;p90p100;347759.91;;0.51599997;0.51599997
;US-WY;2000;p90p95;127848.5;;0.094899997;0.094899997
;US-WY;2000;p95p99;217274.0;;0.12899999;0.12899999
;US-WY;2000;p99.5p99.9;1202370.9;;0.071400002;0.071400002
;US-WY;2000;p99.9p99.99;5773107.5;;0.077100001;0.077100001
;US-WY;2000;p99p99.5;512603.41;;0.037999999;0.037999999
;US-WY;2000;p95p100;569221.5;;0.42230001;0.42230001
;US-WY;2000;p0p90;35913.801;;0.47960001;0.47960001
;US-WY;2000;p0p99;47978.5;;0.70480001;0.70480001
;US-WY;2000;p99.5p100;3473685.8;;0.2577;0.2577
;US-WY;1999;p0p100;132153.7;14576336369.0;1.0;1.0
;US-WY;1999;p99p100;1681840.4;;0.25749999;0.25749999
;US-WY;1999;p99.9p100;10195508.0;;0.1561;0.1561
;US-WY;1999;p99.99p100;55496256.0;;0.085000001;0.085000001
;US-WY;1999;p90p100;314512.19;;0.48159999;0.48159999
;US-WY;1999;p90p95;126530.0;;0.096900001;0.096900001
;US-WY;1999;p95p99;209128.59;;0.12809999;0.12809999
;US-WY;1999;p99.5p99.9;1089126.9;;0.066699997;0.066699997
;US-WY;1999;p99.9p99.99;4995056.0;;0.068800002;0.068800002
;US-WY;1999;p99p99.5;462133.0;;0.035399999;0.035399999
;US-WY;1999;p95p100;503177.81;;0.38519999;0.38519999
;US-WY;1999;p0p90;37674.801;;0.51920003;0.51920003
;US-WY;1999;p0p99;48982.699;;0.74250001;0.74250001
;US-WY;1999;p99.5p100;2901934.8;;0.22220001;0.22220001
;US-WY;1998;p0p100;132668.09;13446344831.0;1.0;1.0
;US-WY;1998;p99p100;1642169.0;;0.26100001;0.26100001
;US-WY;1998;p99.9p100;10075826.0;;0.1602;0.1602
;US-WY;1998;p99.99p100;56105388.0;;0.089199997;0.089199997
;US-WY;1998;p90p100;305437.09;;0.48550001;0.48550001
;US-WY;1998;p90p95;124517.3;;0.098999999;0.098999999
;US-WY;1998;p95p99;199556.09;;0.1269;0.1269
;US-WY;1998;p99.5p99.9;1047346.2;;0.066600002;0.066600002
;US-WY;1998;p99.9p99.99;4809564.5;;0.068800002;0.068800002
;US-WY;1998;p99p99.5;439764.5;;0.034899998;0.034899998
;US-WY;1998;p95p100;487072.5;;0.38710001;0.38710001
;US-WY;1998;p0p90;35975.602;;0.51459998;0.51459998
;US-WY;1998;p0p99;46961.398;;0.73900002;0.73900002
;US-WY;1998;p99.5p100;2844990.8;;0.2261;0.2261
;US-WY;1997;p0p100;125291.9;12631060957.0;1.0;1.0
;US-WY;1997;p99p100;1413020.3;;0.2445;0.2445
;US-WY;1997;p99.9p100;8634270.0;;0.1494;0.1494
;US-WY;1997;p99.99p100;48347424.0;;0.083700001;0.083700001
;US-WY;1997;p90p100;274941.09;;0.47580001;0.47580001
;US-WY;1997;p90p95;120160.5;;0.104;0.104
;US-WY;1997;p95p99;184870.59;;0.12800001;0.12800001
;US-WY;1997;p99.5p99.9;893878.13;;0.061900001;0.061900001
;US-WY;1997;p99.9p99.99;4137108.5;;0.064400002;0.064400002
;US-WY;1997;p99p99.5;392158.31;;0.0339;0.0339
;US-WY;1997;p95p100;430073.41;;0.3721;0.3721
;US-WY;1997;p0p90;33659.5;;0.52420002;0.52420002
;US-WY;1997;p0p99;44101.699;;0.75550002;0.75550002
;US-WY;1997;p99.5p100;2435435.8;;0.21070001;0.21070001
;US-WY;1996;p0p100;120810.3;11652230593.0;1.0;1.0
;US-WY;1996;p99p100;1114925.8;;0.2088;0.2088
;US-WY;1996;p99.9p100;6443240.5;;0.1207;0.1207
;US-WY;1996;p99.99p100;36249444.0;;0.067900002;0.067900002
;US-WY;1996;p90p100;236788.91;;0.44350001;0.44350001
;US-WY;1996;p90p95;116001.2;;0.1086;0.1086
;US-WY;1996;p95p99;168597.3;;0.12630001;0.12630001
;US-WY;1996;p99.5p99.9;759036.69;;0.056899998;0.056899998
;US-WY;1996;p99.9p99.99;3148169.3;;0.053100001;0.053100001
;US-WY;1996;p99p99.5;353372.81;;0.033100002;0.033100002
;US-WY;1996;p95p100;357702.41;;0.33500001;0.33500001
;US-WY;1996;p0p90;32873.5;;0.55409998;0.55409998
;US-WY;1996;p0p99;42668.898;;0.79119998;0.79119998
;US-WY;1996;p99.5p100;1880185.3;;0.1761;0.1761
;US-WY;1995;p0p100;127216.6;11220617123.0;1.0;1.0
;US-WY;1995;p99p100;872308.5;;0.1635;0.1635
;US-WY;1995;p99.9p100;4454335.0;;0.083499998;0.083499998
;US-WY;1995;p99.99p100;22159016.0;;0.041499998;0.041499998
;US-WY;1995;p90p100;209786.3;;0.3933;0.3933
;US-WY;1995;p90p95;111681.5;;0.1047;0.1047
;US-WY;1995;p95p99;166784.41;;0.1251;0.1251
;US-WY;1995;p99.5p99.9;666573.81;;0.050000001;0.050000001
;US-WY;1995;p99.9p99.99;2485508.0;;0.041900001;0.041900001
;US-WY;1995;p99p99.5;327313.19;;0.0307;0.0307
;US-WY;1995;p95p100;307943.5;;0.2886;0.2886
;US-WY;1995;p0p90;35926.301;;0.60610002;0.60610002
;US-WY;1995;p0p99;45072.5;;0.83649999;0.83649999
;US-WY;1995;p99.5p100;1418257.4;;0.1329;0.1329
;US-WY;1994;p0p100;130418.5;10844793721.0;1.0;1.0
;US-WY;1994;p99p100;813425.31;;0.156;0.156
;US-WY;1994;p99.9p100;4150494.5;;0.079599999;0.079599999
;US-WY;1994;p99.99p100;21257950.0;;0.040800001;0.040800001
;US-WY;1994;p90p100;199598.2;;0.38280001;0.38280001
;US-WY;1994;p90p95;106410.3;;0.102;0.102
;US-WY;1994;p95p99;162635.7;;0.1248;0.1248
;US-WY;1994;p99.5p99.9;621369.31;;0.047699999;0.047699999
;US-WY;1994;p99.9p99.99;2278732.5;;0.039299998;0.039299998
;US-WY;1994;p99p99.5;308355.19;;0.0296;0.0296
;US-WY;1994;p95p100;292848.0;;0.28080001;0.28080001
;US-WY;1994;p0p90;35684.5;;0.61589998;0.61589998
;US-WY;1994;p0p99;44456.199;;0.84399998;0.84399998
;US-WY;1994;p99.5p100;1319541.5;;0.1265;0.1265
;US-WY;1993;p0p100;135671.09;10651501651.0;1.0;1.0
;US-WY;1993;p99p100;796200.5;;0.1531;0.1531
;US-WY;1993;p99.9p100;4086061.0;;0.078599997;0.078599997
;US-WY;1993;p99.99p100;21072062.0;;0.0405;0.0405
;US-WY;1993;p90p100;197107.09;;0.37900001;0.37900001
;US-WY;1993;p90p95;103912.7;;0.0999;0.0999
;US-WY;1993;p95p99;163846.59;;0.126;0.126
;US-WY;1993;p99.5p99.9;607908.0;;0.046799999;0.046799999
;US-WY;1993;p99.9p99.99;2227372.3;;0.0385;0.0385
;US-WY;1993;p99p99.5;297289.31;;0.0286;0.0286
;US-WY;1993;p95p100;290388.31;;0.27919999;0.27919999
;US-WY;1993;p0p90;35803.199;;0.6196;0.6196
;US-WY;1993;p0p99;44485.199;;0.84689999;0.84689999
;US-WY;1993;p99.5p100;1296818.3;;0.1247;0.1247
;US-WY;1992;p0p100;141904.09;10527696897.0;1.0;1.0
;US-WY;1992;p99p100;773890.69;;0.1494;0.1494
;US-WY;1992;p99.9p100;3864680.5;;0.074600004;0.074600004
;US-WY;1992;p99.99p100;19170358.0;;0.037;0.037
;US-WY;1992;p90p100;191574.8;;0.3698;0.3698
;US-WY;1992;p90p95;101111.5;;0.097599998;0.097599998
;US-WY;1992;p95p99;158993.59;;0.1228;0.1228
;US-WY;1992;p99.5p99.9;602846.69;;0.046599999;0.046599999
;US-WY;1992;p99.9p99.99;2168275.5;;0.037700001;0.037700001
;US-WY;1992;p99p99.5;295511.09;;0.0285;0.0285
;US-WY;1992;p95p100;281957.0;;0.27219999;0.27219999
;US-WY;1992;p0p90;36250.5;;0.62989998;0.62989998
;US-WY;1992;p0p99;44504.301;;0.8506;0.8506
;US-WY;1992;p99.5p100;1252743.1;;0.1209;0.1209
;US-WY;1991;p0p100;151991.59;10366707454.0;1.0;1.0
;US-WY;1991;p99p100;698250.38;;0.1323;0.1323
;US-WY;1991;p99.9p100;3417504.0;;0.064800002;0.064800002
;US-WY;1991;p99.99p100;16665352.0;;0.031599998;0.031599998
;US-WY;1991;p90p100;187974.8;;0.35620001;0.35620001
;US-WY;1991;p90p95;111387.3;;0.1055;0.1055
;US-WY;1991;p95p99;156069.41;;0.1183;0.1183
;US-WY;1991;p99.5p99.9;551985.31;;0.0418;0.0418
;US-WY;1991;p99.9p99.99;1948276.9;;0.033199999;0.033199999
;US-WY;1991;p99p99.5;273116.19;;0.025900001;0.025900001
;US-WY;1991;p95p100;264541.19;;0.2507;0.2507
;US-WY;1991;p0p90;37738.801;;0.64359999;0.64359999
;US-WY;1991;p0p99;46250.602;;0.86769998;0.86769998
;US-WY;1991;p99.5p100;1123318.8;;0.1064;0.1064
;US-WY;1990;p0p100;166790.3;10401380714.0;1.0;1.0
;US-WY;1990;p99p100;742742.81;;0.1376;0.1376
;US-WY;1990;p99.9p100;3766447.5;;0.069799997;0.069799997
;US-WY;1990;p99.99p100;18825820.0;;0.034899998;0.034899998
;US-WY;1990;p90p100;190861.59;;0.35370001;0.35370001
;US-WY;1990;p90p95;109811.8;;0.1017;0.1017
;US-WY;1990;p95p99;154251.5;;0.1143;0.1143
;US-WY;1990;p99.5p99.9;574422.38;;0.042599998;0.042599998
;US-WY;1990;p99.9p99.99;2085266.9;;0.0348;0.0348
;US-WY;1990;p99p99.5;273623.69;;0.0254;0.0254
;US-WY;1990;p95p100;271910.19;;0.25189999;0.25189999
;US-WY;1990;p0p90;38758.801;;0.64639997;0.64639997
;US-WY;1990;p0p99;47011.398;;0.8624;0.8624
;US-WY;1990;p99.5p100;1212661.8;;0.1123;0.1123
;US-WY;1989;p0p100;181321.2;10066008959.0;1.0;1.0
;US-WY;1989;p99p100;644776.38;;0.1211;0.1211
;US-WY;1989;p99.9p100;2520976.0;;0.047400001;0.047400001
;US-WY;1989;p99.99p100;9738027.0;;0.018300001;0.018300001
;US-WY;1989;p90p100;188977.41;;0.35499999;0.35499999
;US-WY;1989;p90p95;113126.0;;0.1063;0.1063
;US-WY;1989;p95p99;167849.7;;0.1261;0.1261
;US-WY;1989;p99.5p99.9;572439.0;;0.043000001;0.043000001
;US-WY;1989;p99.9p99.99;1695619.6;;0.0287;0.0287
;US-WY;1989;p99p99.5;315453.0;;0.0296;0.0296
;US-WY;1989;p95p100;264554.5;;0.2485;0.2485
;US-WY;1989;p0p90;38327.602;;0.648;0.648
;US-WY;1989;p0p99;47256.801;;0.87889999;0.87889999
;US-WY;1989;p99.5p100;969288.81;;0.090999998;0.090999998
;US-WY;1988;p0p100;186459.09;9785843327.0;1.0;1.0
;US-WY;1988;p99p100;599682.63;;0.1192;0.1192
;US-WY;1988;p99.9p100;2310164.8;;0.045899998;0.045899998
;US-WY;1988;p99.99p100;8538303.0;;0.017000001;0.017000001
;US-WY;1988;p90p100;179139.09;;0.35609999;0.35609999
;US-WY;1988;p90p95;109210.9;;0.1085;0.1085
;US-WY;1988;p95p99;156428.41;;0.1244;0.1244
;US-WY;1988;p99.5p99.9;526787.31;;0.041900001;0.041900001
;US-WY;1988;p99.9p99.99;1569222.3;;0.028100001;0.028100001
;US-WY;1988;p99p99.5;287618.09;;0.0286;0.0286
;US-WY;1988;p95p100;248350.41;;0.24680001;0.24680001
;US-WY;1988;p0p90;36419.0;;0.6516;0.6516
;US-WY;1988;p0p99;44756.898;;0.88080001;0.88080001
;US-WY;1988;p99.5p100;900021.31;;0.089500003;0.089500003
;US-WY;1987;p0p100;187728.3;9739112357.0;1.0;1.0
;US-WY;1987;p99p100;428080.81;;0.090800002;0.090800002
;US-WY;1987;p99.9p100;1386683.3;;0.0294;0.0294
;US-WY;1987;p99.99p100;4521153.5;;0.0096000005;0.0096000005
;US-WY;1987;p90p100;154437.41;;0.32769999;0.32769999
;US-WY;1987;p90p95;105241.4;;0.1117;0.1117
;US-WY;1987;p95p99;143798.2;;0.1221;0.1221
;US-WY;1987;p99.5p99.9;394700.09;;0.033500001;0.033500001
;US-WY;1987;p99.9p99.99;1001569.3;;0.019099999;0.019099999
;US-WY;1987;p99p99.5;241883.2;;0.025699999;0.025699999
;US-WY;1987;p95p100;203168.91;;0.2156;0.2156
;US-WY;1987;p0p90;35522.898;;0.67839998;0.67839998
;US-WY;1987;p0p99;43278.301;;0.90920001;0.90920001
;US-WY;1987;p99.5p100;605594.81;;0.064300001;0.064300001
;US-WY;1986;p0p100;223881.8;11109899729.0;1.0;1.0
;US-WY;1986;p99p100;579351.69;;0.1102;0.1102
;US-WY;1986;p99.9p100;2308633.0;;0.043900002;0.043900002
;US-WY;1986;p99.99p100;8930940.0;;0.017000001;0.017000001
;US-WY;1986;p90p100;174179.7;;0.3312;0.3312
;US-WY;1986;p90p95;106983.9;;0.1017;0.1017
;US-WY;1986;p95p99;151186.7;;0.115;0.115
;US-WY;1986;p99.5p99.9;494161.81;;0.037599999;0.037599999
;US-WY;1986;p99.9p99.99;1496752.6;;0.025599999;0.025599999
;US-WY;1986;p99p99.5;268625.31;;0.0255;0.0255
;US-WY;1986;p95p100;240440.3;;0.2286;0.2286
;US-WY;1986;p0p90;39590.898;;0.67760003;0.67760003
;US-WY;1986;p0p99;47267.5;;0.88980001;0.88980001
;US-WY;1986;p99.5p100;876195.69;;0.083300002;0.083300002
;US-WY;1985;p0p100;233548.91;11016497201.0;1.0;1.0
;US-WY;1985;p99p100;507237.5;;0.095799997;0.095799997
;US-WY;1985;p99.9p100;1923206.3;;0.0363;0.0363
;US-WY;1985;p99.99p100;7207456.0;;0.0136;0.0136
;US-WY;1985;p90p100;167395.41;;0.3163;0.3163
;US-WY;1985;p90p95;109101.7;;0.1031;0.1031
;US-WY;1985;p95p99;152398.8;;0.1152;0.1152
;US-WY;1985;p99.5p99.9;436952.41;;0.033;0.033
;US-WY;1985;p99.9p99.99;1272909.8;;0.021600001;0.021600001
;US-WY;1985;p99p99.5;259772.2;;0.024499999;0.024499999
;US-WY;1985;p95p100;225275.7;;0.2128;0.2128
;US-WY;1985;p0p90;40512.5;;0.68889999;0.68889999
;US-WY;1985;p0p99;48336.398;;0.90420002;0.90420002
;US-WY;1985;p99.5p100;746936.88;;0.070600003;0.070600003
;US-WY;1984;p0p100;232317.2;10838655033.0;1.0;1.0
;US-WY;1984;p99p100;472299.69;;0.096000001;0.096000001
;US-WY;1984;p99.9p100;1775135.8;;0.0361;0.0361
;US-WY;1984;p99.99p100;6853594.0;;0.0139;0.0139
;US-WY;1984;p90p100;160914.09;;0.32699999;0.32699999
;US-WY;1984;p90p95;107225.3;;0.1089;0.1089
;US-WY;1984;p95p99;148136.7;;0.1204;0.1204
;US-WY;1984;p99.5p99.9;405402.59;;0.033;0.033
;US-WY;1984;p99.9p99.99;1151539.5;;0.0211;0.0211
;US-WY;1984;p99p99.5;247760.41;;0.0252;0.0252
;US-WY;1984;p95p100;214490.2;;0.21789999;0.21789999
;US-WY;1984;p0p90;37044.898;;0.67750001;0.67750001
;US-WY;1984;p0p99;44935.699;;0.90399998;0.90399998
;US-WY;1984;p99.5p100;690486.19;;0.070200004;0.070200004
;US-WY;1983;p0p100;274157.0;10915451337.0;1.0;1.0
;US-WY;1983;p99p100;452804.31;;0.088100001;0.088100001
;US-WY;1983;p99.9p100;1636483.9;;0.031800002;0.031800002
;US-WY;1983;p99.99p100;6356971.0;;0.0124;0.0124
;US-WY;1983;p90p100;159060.41;;0.30950001;0.30950001
;US-WY;1983;p90p95;108360.7;;0.1054;0.1054
;US-WY;1983;p95p99;148707.59;;0.1157;0.1157
;US-WY;1983;p99.5p99.9;403117.19;;0.031399999;0.031399999
;US-WY;1983;p99.9p99.99;1092345.1;;0.019099999;0.019099999
;US-WY;1983;p99p99.5;248704.09;;0.0242;0.0242
;US-WY;1983;p95p100;210029.2;;0.2043;0.2043
;US-WY;1983;p0p90;39510.102;;0.6918;0.6918
;US-WY;1983;p0p99;47345.699;;0.91189998;0.91189998
;US-WY;1983;p99.5p100;654351.19;;0.063699998;0.063699998
;US-WY;1982;p0p100;307236.69;11731762763.0;1.0;1.0
;US-WY;1982;p99p100;490651.41;;0.088799998;0.088799998
;US-WY;1982;p99.9p100;1897819.1;;0.034400001;0.034400001
;US-WY;1982;p99.99p100;7879805.5;;0.0143;0.0143
;US-WY;1982;p90p100;168521.41;;0.30500001;0.30500001
;US-WY;1982;p90p95;112440.9;;0.1018;0.1018
;US-WY;1982;p95p99;157707.3;;0.1142;0.1142
;US-WY;1982;p99.5p99.9;430540.09;;0.031199999;0.031199999
;US-WY;1982;p99.9p99.99;1233153.9;;0.020099999;0.020099999
;US-WY;1982;p99p99.5;257306.8;;0.0233;0.0233
;US-WY;1982;p95p100;225007.3;;0.2036;0.2036
;US-WY;1982;p0p90;42674.898;;0.69520003;0.69520003
;US-WY;1982;p0p99;50846.199;;0.91119999;0.91119999
;US-WY;1982;p99.5p100;723995.88;;0.065499999;0.065499999
;US-WY;1981;p0p100;368106.59;11980588703.0;1.0;1.0
;US-WY;1981;p99p100;541512.31;;0.092;0.092
;US-WY;1981;p99.9p100;1954122.8;;0.033199999;0.033199999
;US-WY;1981;p99.99p100;6673817.5;;0.0113;0.0113
;US-WY;1981;p90p100;179330.7;;0.3046;0.3046
;US-WY;1981;p90p95;117772.6;;0.1;0.1
;US-WY;1981;p95p99;165743.09;;0.1126;0.1126
;US-WY;1981;p99.5p99.9;505154.0;;0.034299999;0.034299999
;US-WY;1981;p99.9p99.99;1428431.8;;0.0218;0.0218
;US-WY;1981;p99p99.5;288212.59;;0.024499999;0.024499999
;US-WY;1981;p95p100;240809.59;;0.2045;0.2045
;US-WY;1981;p0p90;45485.398;;0.6954;0.6954
;US-WY;1981;p0p99;53994.699;;0.90799999;0.90799999
;US-WY;1981;p99.5p100;794991.5;;0.067500003;0.067500003
;US-WY;1980;p0p100;442463.59;11665197229.0;1.0;1.0
;US-WY;1980;p99p100;535218.0;;0.090700001;0.090700001
;US-WY;1980;p99.9p100;1879554.8;;0.0319;0.0319
;US-WY;1980;p99.99p100;6487216.5;;0.011;0.011
;US-WY;1980;p90p100;172575.91;;0.29249999;0.29249999
;US-WY;1980;p90p95;105193.8;;0.089199997;0.089199997
;US-WY;1980;p95p99;166324.41;;0.1128;0.1128
;US-WY;1980;p99.5p99.9;498172.31;;0.033799998;0.033799998
;US-WY;1980;p99.9p99.99;1367022.1;;0.0209;0.0209
;US-WY;1980;p99p99.5;296108.91;;0.0251;0.0251
;US-WY;1980;p95p100;240074.2;;0.2035;0.2035
;US-WY;1980;p0p90;46365.898;;0.70730001;0.70730001
;US-WY;1980;p0p99;54183.898;;0.90930003;0.90930003
;US-WY;1980;p99.5p100;774353.19;;0.0656;0.0656
;US-WY;1979;p0p100;555153.31;10945646607.0;1.0;1.0
;US-WY;1979;p99p100;562368.88;;0.093800001;0.093800001
;US-WY;1979;p99.9p100;2217145.8;;0.037;0.037
;US-WY;1979;p99.99p100;10551166.0;;0.0176;0.0176
;US-WY;1979;p90p100;181727.3;;0.303;0.303
;US-WY;1979;p90p95;118498.8;;0.098800004;0.098800004
;US-WY;1979;p95p99;165630.7;;0.1105;0.1105
;US-WY;1979;p99.5p99.9;479569.59;;0.032000002;0.032000002
;US-WY;1979;p99.9p99.99;1292365.3;;0.019400001;0.019400001
;US-WY;1979;p99p99.5;297670.31;;0.024800001;0.024800001
;US-WY;1979;p95p100;245000.8;;0.2043;0.2043
;US-WY;1979;p0p90;46434.5;;0.69690001;0.69690001
;US-WY;1979;p0p99;54891.301;;0.90619999;0.90619999
;US-WY;1979;p99.5p100;826670.69;;0.068899997;0.068899997
;US-WY;1978;p0p100;607997.19;9964304197.0;1.0;1.0
;US-WY;1978;p99p100;461458.19;;0.084399998;0.084399998
;US-WY;1978;p99.9p100;1386136.1;;0.0253;0.0253
;US-WY;1978;p99.99p100;4215975.0;;0.0077;0.0077
;US-WY;1978;p90p100;166594.41;;0.3046;0.3046
;US-WY;1978;p90p95;111444.5;;0.1019;0.1019
;US-WY;1978;p95p99;161875.2;;0.1184;0.1184
;US-WY;1978;p99.5p99.9;450152.19;;0.032900002;0.032900002
;US-WY;1978;p99.9p99.99;1071435.8;;0.0176;0.0176
;US-WY;1978;p99p99.5;285600.41;;0.0261;0.0261
;US-WY;1978;p95p100;221847.7;;0.20280001;0.20280001
;US-WY;1978;p0p90;42258.602;;0.6954;0.6954
;US-WY;1978;p0p99;50585.801;;0.9156;0.9156
;US-WY;1978;p99.5p100;637299.13;;0.0583;0.0583
;US-WY;1977;p0p100;658171.19;8942962461.0;1.0;1.0
;US-WY;1977;p99p100;434880.69;;0.085000001;0.085000001
;US-WY;1977;p99.9p100;1316967.8;;0.025699999;0.025699999
;US-WY;1977;p99.99p100;3516182.0;;0.0068999999;0.0068999999
;US-WY;1977;p90p100;155526.09;;0.30410001;0.30410001
;US-WY;1977;p90p95;106101.0;;0.1037;0.1037
;US-WY;1977;p95p99;147488.2;;0.1153;0.1153
;US-WY;1977;p99.5p99.9;422168.59;;0.033;0.033
;US-WY;1977;p99.9p99.99;1071255.3;;0.0188;0.0188
;US-WY;1977;p99p99.5;268640.19;;0.0263;0.0263
;US-WY;1977;p95p100;204951.0;;0.20029999;0.20029999
;US-WY;1977;p0p90;39551.199;;0.69590002;0.69590002
;US-WY;1977;p0p99;47272.199;;0.91500002;0.91500002
;US-WY;1977;p99.5p100;601109.31;;0.058800001;0.058800001
;US-WY;1976;p0p100;709256.63;8159046093.0;1.0;1.0
;US-WY;1976;p99p100;405917.0;;0.083499998;0.083499998
;US-WY;1976;p99.9p100;1227579.0;;0.0253;0.0253
;US-WY;1976;p99.99p100;4179486.0;;0.0086000003;0.0086000003
;US-WY;1976;p90p100;148791.91;;0.3062;0.3062
;US-WY;1976;p90p95;100510.3;;0.1034;0.1034
;US-WY;1976;p95p99;144851.8;;0.1192;0.1192
;US-WY;1976;p99.5p99.9;394816.59;;0.032499999;0.032499999
;US-WY;1976;p99.9p99.99;899547.13;;0.0167;0.0167
;US-WY;1976;p99p99.5;250567.91;;0.025800001;0.025800001
;US-WY;1976;p95p100;197065.59;;0.20280001;0.20280001
;US-WY;1976;p0p90;37459.898;;0.69379997;0.69379997
;US-WY;1976;p0p99;44983.801;;0.91649997;0.91649997
;US-WY;1976;p99.5p100;561282.19;;0.057799999;0.057799999
;US-WY;1975;p0p100;778119.0;7689754399.0;1.0;1.0
;US-WY;1975;p99p100;434544.09;;0.091200002;0.091200002
;US-WY;1975;p99.9p100;1381198.3;;0.028999999;0.028999999
;US-WY;1975;p99.99p100;4776873.0;;0.0099999998;0.0099999998
;US-WY;1975;p90p100;150798.59;;0.31639999;0.31639999
;US-WY;1975;p90p95;97936.0;;0.1027;0.1027
;US-WY;1975;p95p99;145871.2;;0.1224;0.1224
;US-WY;1975;p99.5p99.9;411098.91;;0.034499999;0.034499999
;US-WY;1975;p99.9p99.99;1003648.1;;0.018999999;0.018999999
;US-WY;1975;p99p99.5;264508.59;;0.0277;0.0277
;US-WY;1975;p95p100;203611.8;;0.21359999;0.21359999
;US-WY;1975;p0p90;36200.898;;0.68360001;0.68360001
;US-WY;1975;p0p99;43752.398;;0.90880001;0.90880001
;US-WY;1975;p99.5p100;604698.38;;0.0634;0.0634
;US-WY;1974;p0p100;947404.81;7552643116.0;1.0;1.0
;US-WY;1974;p99p100;429354.09;;0.088100001;0.088100001
;US-WY;1974;p99.9p100;1310083.3;;0.026900001;0.026900001
;US-WY;1974;p99.99p100;4302264.5;;0.0088;0.0088
;US-WY;1974;p90p100;153632.59;;0.31529999;0.31529999
;US-WY;1974;p90p95;101983.1;;0.1046;0.1046
;US-WY;1974;p95p99;149389.59;;0.1226;0.1226
;US-WY;1974;p99.5p99.9;419709.41;;0.034499999;0.034499999
;US-WY;1974;p99.9p99.99;979438.13;;0.018100001;0.018100001
;US-WY;1974;p99p99.5;261777.2;;0.026900001;0.026900001
;US-WY;1974;p95p100;205274.41;;0.2106;0.2106
;US-WY;1974;p0p90;37059.5;;0.68449998;0.68449998
;US-WY;1974;p0p99;44883.0;;0.91189998;0.91189998
;US-WY;1974;p99.5p100;597269.13;;0.061299998;0.061299998
;US-WY;1973;p0p100;1125438.1;6996341976.0;1.0;1.0
;US-WY;1973;p99p100;399083.41;;0.085000001;0.085000001
;US-WY;1973;p99.9p100;1253166.9;;0.026699999;0.026699999
;US-WY;1973;p99.99p100;4912005.0;;0.0105;0.0105
;US-WY;1973;p90p100;144283.5;;0.3073;0.3073
;US-WY;1973;p90p95;96972.0;;0.1033;0.1033
;US-WY;1973;p95p99;139726.8;;0.119;0.119
;US-WY;1973;p99.5p99.9;381790.81;;0.032499999;0.032499999
;US-WY;1973;p99.9p99.99;847142.0;;0.0162;0.0162
;US-WY;1973;p99p99.5;242259.5;;0.025800001;0.025800001
;US-WY;1973;p95p100;191597.41;;0.204;0.204
;US-WY;1973;p0p90;36133.398;;0.69270003;0.69270003
;US-WY;1973;p0p99;43393.0;;0.91500002;0.91500002
;US-WY;1973;p99.5p100;556070.0;;0.0592;0.0592
;US-WY;1972;p0p100;1203301.3;6372041621.0;1.0;1.0
;US-WY;1972;p99p100;339301.69;;0.076300003;0.076300003
;US-WY;1972;p99.9p100;1006362.5;;0.022600001;0.022600001
;US-WY;1972;p99.99p100;2934690.5;;0.0066;0.0066
;US-WY;1972;p90p100;128779.6;;0.28940001;0.28940001
;US-WY;1972;p90p95;89165.5;;0.1002;0.1002
;US-WY;1972;p95p99;125683.5;;0.113;0.113
;US-WY;1972;p99.5p99.9;324136.41;;0.029100001;0.029100001
;US-WY;1972;p99.9p99.99;791886.13;;0.016000001;0.016000001
;US-WY;1972;p99p99.5;217868.0;;0.024499999;0.024499999
;US-WY;1972;p95p100;168409.2;;0.1893;0.1893
;US-WY;1972;p0p90;35126.102;;0.71060002;0.71060002
;US-WY;1972;p0p99;41513.301;;0.92369998;0.92369998
;US-WY;1972;p99.5p100;460735.19;;0.051800001;0.051800001
;US-WY;1971;p0p100;1226029.5;5851340838.0;1.0;1.0
;US-WY;1971;p99p100;376449.59;;0.088500001;0.088500001
;US-WY;1971;p99.9p100;1332125.5;;0.031300001;0.031300001
;US-WY;1971;p99.99p100;6529540.5;;0.0153;0.0153
;US-WY;1971;p90p100;131318.2;;0.30860001;0.30860001
;US-WY;1971;p90p95;89964.5;;0.1057;0.1057
;US-WY;1971;p95p99;121747.6;;0.1144;0.1144
;US-WY;1971;p99.5p99.9;335776.31;;0.031599998;0.031599998
;US-WY;1971;p99.9p99.99;754013.88;;0.015900001;0.015900001
;US-WY;1971;p99p99.5;218192.8;;0.025599999;0.025599999
;US-WY;1971;p95p100;172690.8;;0.20290001;0.20290001
;US-WY;1971;p0p90;32691.0;;0.69139999;0.69139999
;US-WY;1971;p0p99;39183.0;;0.91149998;0.91149998
;US-WY;1971;p99.5p100;534759.63;;0.062799998;0.062799998
;US-WY;1970;p0p100;1316376.0;5525469779.0;1.0;1.0
;US-WY;1970;p99p100;342171.19;;0.081600003;0.081600003
;US-WY;1970;p99.9p100;1254322.8;;0.029899999;0.029899999
;US-WY;1970;p99.99p100;5773176.0;;0.0138;0.0138
;US-WY;1970;p90p100;120885.7;;0.28830001;0.28830001
;US-WY;1970;p90p95;83825.703;;0.0999;0.0999
;US-WY;1970;p95p99;111905.0;;0.1067;0.1067
;US-WY;1970;p99.5p99.9;330052.59;;0.031500001;0.031500001
;US-WY;1970;p99.9p99.99;753391.13;;0.0162;0.0162
;US-WY;1970;p99p99.5;170045.3;;0.020300001;0.020300001
;US-WY;1970;p95p100;157970.5;;0.1883;0.1883
;US-WY;1970;p0p90;33158.898;;0.71160001;0.71160001
;US-WY;1970;p0p99;38903.602;;0.91839999;0.91839999
;US-WY;1970;p99.5p100;514626.81;;0.0614;0.0614
;US-WY;1969;p0p100;1426464.8;5349782586.0;1.0;1.0
;US-WY;1969;p99p100;339507.09;;0.083499998;0.083499998
;US-WY;1969;p99.9p100;1010502.6;;0.024900001;0.024900001
;US-WY;1969;p99.99p100;3528924.0;;0.0087000001;0.0087000001
;US-WY;1969;p90p100;123622.7;;0.30410001;0.30410001
;US-WY;1969;p90p95;83853.5;;0.1031;0.1031
;US-WY;1969;p95p99;119426.5;;0.1175;0.1175
;US-WY;1969;p99.5p99.9;326755.41;;0.032099999;0.032099999
;US-WY;1969;p99.9p99.99;732352.88;;0.0162;0.0162
;US-WY;1969;p99p99.5;215448.5;;0.0265;0.0265
;US-WY;1969;p95p100;163413.91;;0.20100001;0.20100001
;US-WY;1969;p0p90;31434.9;;0.69580001;0.69580001
;US-WY;1969;p0p99;37638.801;;0.91649997;0.91649997
;US-WY;1969;p99.5p100;463709.0;;0.057;0.057
;US-WY;1968;p0p100;1529726.1;5160971577.0;1.0;1.0
;US-WY;1968;p99p100;364361.41;;0.092900001;0.092900001
;US-WY;1968;p99.9p100;1114003.8;;0.0284;0.0284
;US-WY;1968;p99.99p100;4876529.5;;0.0124;0.0124
;US-WY;1968;p90p100;125596.1;;0.3204;0.3204
;US-WY;1968;p90p95;81601.5;;0.1041;0.1041
;US-WY;1968;p95p99;120846.9;;0.1233;0.1233
;US-WY;1968;p99.5p99.9;371920.41;;0.037900001;0.037900001
;US-WY;1968;p99.9p99.99;694539.88;;0.015900001;0.015900001
;US-WY;1968;p99p99.5;208520.59;;0.0266;0.0266
;US-WY;1968;p95p100;169562.2;;0.2163;0.2163
;US-WY;1968;p0p90;29606.699;;0.67970002;0.67970002
;US-WY;1968;p0p99;35918.5;;0.90710002;0.90710002
;US-WY;1968;p99.5p100;520160.31;;0.066299997;0.066299997
;US-WY;1967;p0p100;1615363.4;5021454579.0;1.0;1.0
;US-WY;1967;p99p100;318817.81;;0.0836;0.0836
;US-WY;1967;p99.9p100;881890.19;;0.0231;0.0231
;US-WY;1967;p99.99p100;3158472.5;;0.0082999999;0.0082999999
;US-WY;1967;p90p100;116119.1;;0.30450001;0.30450001
;US-WY;1967;p90p95;77323.703;;0.1014;0.1014
;US-WY;1967;p95p99;114064.7;;0.1196;0.1196
;US-WY;1967;p99.5p99.9;326289.09;;0.034200002;0.034200002
;US-WY;1967;p99.9p99.99;629121.5;;0.0148;0.0148
;US-WY;1967;p99p99.5;200240.09;;0.0263;0.0263
;US-WY;1967;p95p100;154971.7;;0.2032;0.2032
;US-WY;1967;p0p90;29462.9;;0.6954;0.6954
;US-WY;1967;p0p99;35298.602;;0.91640002;0.91640002
;US-WY;1967;p99.5p100;437449.09;;0.057399999;0.057399999
;US-WY;1966;p0p100;1631403.1;4768873877.0;1.0;1.0
;US-WY;1966;p99p100;322876.5;;0.089100003;0.089100003
;US-WY;1966;p99.9p100;893772.19;;0.024700001;0.024700001
;US-WY;1966;p99.99p100;3193364.5;;0.0088;0.0088
;US-WY;1966;p90p100;114732.5;;0.31659999;0.31659999
;US-WY;1966;p90p95;79674.602;;0.1099;0.1099
;US-WY;1966;p95p99;106849.4;;0.1179;0.1179
;US-WY;1966;p99.5p99.9;356745.19;;0.0394;0.0394
;US-WY;1966;p99.9p99.99;638372.31;;0.015900001;0.015900001
;US-WY;1966;p99p99.5;180698.2;;0.024900001;0.024900001
;US-WY;1966;p95p100;150044.8;;0.207;0.207
;US-WY;1966;p0p90;27509.801;;0.6832;0.6832
;US-WY;1966;p0p99;33345.5;;0.9109;0.9109
;US-WY;1966;p99.5p100;465138.91;;0.064199999;0.064199999
;US-WY;1965;p0p100;1739343.8;4799149938.0;1.0;1.0
;US-WY;1965;p99p100;304419.59;;0.083400004;0.083400004
;US-WY;1965;p99.9p100;1061444.4;;0.029100001;0.029100001
;US-WY;1965;p99.99p100;4617582.5;;0.0126;0.0126
;US-WY;1965;p90p100;112779.6;;0.30880001;0.30880001
;US-WY;1965;p90p95;77338.203;;0.1059;0.1059
;US-WY;1965;p95p99;109142.6;;0.1195;0.1195
;US-WY;1965;p99.5p99.9;275286.59;;0.030200001;0.030200001
;US-WY;1965;p99.9p99.99;666687.13;;0.0164;0.0164
;US-WY;1965;p99p99.5;176382.0;;0.0241;0.0241
;US-WY;1965;p95p100;148210.09;;0.20290001;0.20290001
;US-WY;1965;p0p90;28049.4;;0.69120002;0.69120002
;US-WY;1965;p0p99;33815.898;;0.91659999;0.91659999
;US-WY;1965;p99.5p100;432460.31;;0.0592;0.0592
;US-WY;1964;p0p100;1778165.8;4740417665.0;1.0;1.0
;US-WY;1964;p99p100;303409.0;;0.083899997;0.083899997
;US-WY;1964;p99.9p100;977762.19;;0.027000001;0.027000001
;US-WY;1964;p99.99p100;4325722.0;;0.012;0.012
;US-WY;1964;p90p100;109639.7;;0.30320001;0.30320001
;US-WY;1964;p90p95;76468.102;;0.1057;0.1057
;US-WY;1964;p95p99;102638.2;;0.1135;0.1135
;US-WY;1964;p99.5p99.9;266690.31;;0.0295;0.0295
;US-WY;1964;p99.9p99.99;606044.13;;0.0151;0.0151
;US-WY;1964;p99p99.5;197653.0;;0.0273;0.0273
;US-WY;1964;p95p100;142765.59;;0.1974;0.1974
;US-WY;1964;p0p90;27999.1;;0.69690001;0.69690001
;US-WY;1964;p0p99;33461.699;;0.91610003;0.91610003
;US-WY;1964;p99.5p100;408864.5;;0.056499999;0.056499999
;US-WY;1963;p0p100;1780415.6;4607115253.0;1.0;1.0
;US-WY;1963;p99p100;356492.91;;0.1011;0.1011
;US-WY;1963;p99.9p100;1568348.3;;0.044500001;0.044500001
;US-WY;1963;p99.99p100;9873248.0;;0.028000001;0.028000001
;US-WY;1963;p90p100;114476.1;;0.32449999;0.32449999
;US-WY;1963;p90p95;73065.203;;0.1036;0.1036
;US-WY;1963;p95p99;105735.4;;0.1199;0.1199
;US-WY;1963;p99.5p99.9;284888.69;;0.032299999;0.032299999
;US-WY;1963;p99.9p99.99;639094.38;;0.0163;0.0163
;US-WY;1963;p99p99.5;172478.8;;0.0244;0.0244
;US-WY;1963;p95p100;155886.91;;0.2209;0.2209
;US-WY;1963;p0p90;26479.4;;0.67549998;0.67549998
;US-WY;1963;p0p99;32034.0;;0.89889997;0.89889997
;US-WY;1963;p99.5p100;540523.0;;0.0766;0.0766
;US-WY;1962;p0p100;1802118.8;4522427410.0;1.0;1.0
;US-WY;1962;p99p100;273899.31;;0.078699999;0.078699999
;US-WY;1962;p99.9p100;723048.0;;0.0208;0.0208
;US-WY;1962;p99.99p100;2008733.8;;0.0057999999;0.0057999999
;US-WY;1962;p90p100;102759.9;;0.29539999;0.29539999
;US-WY;1962;p90p95;70659.703;;0.1016;0.1016
;US-WY;1962;p95p99;100100.8;;0.1151;0.1151
;US-WY;1962;p99.5p99.9;283069.19;;0.032600001;0.032600001
;US-WY;1962;p99.9p99.99;581767.81;;0.0151;0.0151
;US-WY;1962;p99p99.5;176177.59;;0.0253;0.0253
;US-WY;1962;p95p100;134860.59;;0.1939;0.1939
;US-WY;1962;p0p90;27229.5;;0.70459998;0.70459998
;US-WY;1962;p0p99;32365.801;;0.92129999;0.92129999
;US-WY;1962;p99.5p100;371613.09;;0.053399999;0.053399999
;US-WY;1961;p0p100;1833970.4;4487191947.0;1.0;1.0
;US-WY;1961;p99p100;266909.5;;0.076899998;0.076899998
;US-WY;1961;p99.9p100;554327.5;;0.016000001;0.016000001
;US-WY;1961;p99.99p100;1279262.4;;0.0037;0.0037
;US-WY;1961;p90p100;104187.6;;0.3003;0.3003
;US-WY;1961;p90p95;71614.398;;0.1032;0.1032
;US-WY;1961;p95p99;104232.1;;0.1202;0.1202
;US-WY;1961;p99.5p99.9;298514.81;;0.034400001;0.034400001
;US-WY;1961;p99.9p99.99;474371.09;;0.0123;0.0123
;US-WY;1961;p99p99.5;183883.91;;0.0265;0.0265
;US-WY;1961;p95p100;136763.0;;0.1971;0.1971
;US-WY;1961;p0p90;26975.4;;0.6997;0.6997
;US-WY;1961;p0p99;32350.6;;0.92309999;0.92309999
;US-WY;1961;p99.5p100;349944.91;;0.0504;0.0504
;US-WY;1960;p0p100;1795216.8;4276288339.0;1.0;1.0
;US-WY;1960;p99p100;260481.8;;0.078299999;0.078299999
;US-WY;1960;p99.9p100;650748.63;;0.0196;0.0196
;US-WY;1960;p99.99p100;1486693.6;;0.0044999998;0.0044999998
;US-WY;1960;p90p100;100875.9;;0.30309999;0.30309999
;US-WY;1960;p90p95;68459.602;;0.1028;0.1028
;US-WY;1960;p95p99;101497.4;;0.122;0.122
;US-WY;1960;p99.5p99.9;270489.0;;0.032499999;0.032499999
;US-WY;1960;p99.9p99.99;560060.0;;0.0151;0.0151
;US-WY;1960;p99p99.5;173770.7;;0.0261;0.0261
;US-WY;1960;p95p100;133291.91;;0.20020001;0.20020001
;US-WY;1960;p0p90;25776.1;;0.69700003;0.69700003
;US-WY;1960;p0p99;30990.0;;0.9217;0.9217
;US-WY;1960;p99.5p100;347183.59;;0.052200001;0.052200001
;US-WY;1959;p0p100;1828303.6;4198169867.0;1.0;1.0
;US-WY;1959;p99p100;265202.91;;0.080899999;0.080899999
;US-WY;1959;p99.9p100;792527.38;;0.0242;0.0242
;US-WY;1959;p99.99p100;1660517.3;;0.0051000002;0.0051000002
;US-WY;1959;p90p100;98172.797;;0.29960001;0.29960001
;US-WY;1959;p90p95;67605.602;;0.1032;0.1032
;US-WY;1959;p95p99;94630.398;;0.1155;0.1155
;US-WY;1959;p99.5p99.9;268833.81;;0.0328;0.0328
;US-WY;1959;p99.9p99.99;697320.19;;0.019200001;0.019200001
;US-WY;1959;p99p99.5;156752.09;;0.0239;0.0239
;US-WY;1959;p95p100;128741.9;;0.1965;0.1965
;US-WY;1959;p0p90;25494.0;;0.70029998;0.70029998
;US-WY;1959;p0p99;30414.9;;0.91909999;0.91909999
;US-WY;1959;p99.5p100;373658.19;;0.057;0.057
;US-WY;1958;p0p100;1751890.8;3952847088.0;1.0;1.0
;US-WY;1958;p99p100;263757.91;;0.085199997;0.085199997
;US-WY;1958;p99.9p100;764198.19;;0.024700001;0.024700001
;US-WY;1958;p99.99p100;1673149.1;;0.0054000001;0.0054000001
;US-WY;1958;p90p100;97642.602;;0.31529999;0.31529999
;US-WY;1958;p90p95;65689.898;;0.1061;0.1061
;US-WY;1958;p95p99;96056.898;;0.1241;0.1241
;US-WY;1958;p99.5p99.9;253338.41;;0.032699998;0.032699998
;US-WY;1958;p99.9p99.99;664899.63;;0.019300001;0.019300001
;US-WY;1958;p99p99.5;171918.09;;0.027799999;0.027799999
;US-WY;1958;p95p100;129596.4;;0.2093;0.2093
;US-WY;1958;p0p90;23553.4;;0.6846;0.6846
;US-WY;1958;p0p99;28612.0;;0.91479999;0.91479999
;US-WY;1958;p99.5p100;355595.31;;0.057399999;0.057399999
;US-WY;1957;p0p100;1903927.1;4054675440.0;1.0;1.0
;US-WY;1957;p99p100;254823.09;;0.079899997;0.079899997
;US-WY;1957;p99.9p100;861924.0;;0.027000001;0.027000001
;US-WY;1957;p99.99p100;2307586.5;;0.0071999999;0.0071999999
;US-WY;1957;p90p100;98156.602;;0.30779999;0.30779999
;US-WY;1957;p90p95;72643.797;;0.1139;0.1139
;US-WY;1957;p95p99;90885.398;;0.114;0.114
;US-WY;1957;p99.5p99.9;238009.09;;0.029899999;0.029899999
;US-WY;1957;p99.9p99.99;702048.81;;0.0198;0.0198
;US-WY;1957;p99p99.5;147019.7;;0.0231;0.0231
;US-WY;1957;p95p100;123671.7;;0.1939;0.1939
;US-WY;1957;p0p90;24521.699;;0.69209999;0.69209999
;US-WY;1957;p0p99;29635.0;;0.92009997;0.92009997
;US-WY;1957;p99.5p100;362626.5;;0.056899998;0.056899998
;US-WY;1956;p0p100;2024311.8;3997301281.0;1.0;1.0
;US-WY;1956;p99p100;300162.81;;0.094999999;0.094999999
;US-WY;1956;p99.9p100;925790.88;;0.029300001;0.029300001
;US-WY;1956;p99.99p100;2561066.8;;0.0081000002;0.0081000002
;US-WY;1956;p90p100;93380.797;;0.29539999;0.29539999
;US-WY;1956;p90p95;57237.0;;0.090499997;0.090499997
;US-WY;1956;p95p99;86835.5;;0.1099;0.1099
;US-WY;1956;p99.5p99.9;315441.59;;0.039900001;0.039900001
;US-WY;1956;p99.9p99.99;745526.5;;0.021199999;0.021199999
;US-WY;1956;p99p99.5;162523.59;;0.025699999;0.025699999
;US-WY;1956;p95p100;129500.9;;0.20479999;0.20479999
;US-WY;1956;p0p90;24748.801;;0.70459998;0.70459998
;US-WY;1956;p0p99;28898.0;;0.90499997;0.90499997
;US-WY;1956;p99.5p100;437803.09;;0.069200002;0.069200002
;US-WY;1955;p0p100;2016530.3;3844401119.0;1.0;1.0
;US-WY;1955;p99p100;239312.3;;0.078299999;0.078299999
;US-WY;1955;p99.9p100;684480.31;;0.022399999;0.022399999
;US-WY;1955;p99.99p100;1905375.8;;0.0062000002;0.0062000002
;US-WY;1955;p90p100;90400.398;;0.29570001;0.29570001
;US-WY;1955;p90p95;62980.602;;0.103;0.103
;US-WY;1955;p95p99;88280.297;;0.1155;0.1155
;US-WY;1955;p99.5p99.9;232003.7;;0.030400001;0.030400001
;US-WY;1955;p99.9p99.99;548897.31;;0.0162;0.0162
;US-WY;1955;p99p99.5;156128.41;;0.0255;0.0255
;US-WY;1955;p95p100;118460.2;;0.1938;0.1938
;US-WY;1955;p0p90;23882.301;;0.70319998;0.70319998
;US-WY;1955;p0p99;28459.0;;0.9217;0.9217
;US-WY;1955;p99.5p100;322496.59;;0.0528;0.0528
;US-WY;1954;p0p100;1861264.8;3555103222.0;1.0;1.0
;US-WY;1954;p99p100;248853.7;;0.087499999;0.087499999
;US-WY;1954;p99.9p100;896953.5;;0.031599998;0.031599998
;US-WY;1954;p99.99p100;2719105.0;;0.0096000005;0.0096000005
;US-WY;1954;p90p100;84548.102;;0.2974;0.2974
;US-WY;1954;p90p95;55661.0;;0.097900003;0.097900003
;US-WY;1954;p95p99;80111.203;;0.1127;0.1127
;US-WY;1954;p99.5p99.9;228496.91;;0.032200001;0.032200001
;US-WY;1954;p99.9p99.99;694505.31;;0.022;0.022
;US-WY;1954;p99p99.5;135517.59;;0.023800001;0.023800001
;US-WY;1954;p95p100;113833.3;;0.20020001;0.20020001
;US-WY;1954;p0p90;22166.0;;0.70179999;0.70179999
;US-WY;1954;p0p99;26198.9;;0.91250002;0.91250002
;US-WY;1954;p99.5p100;362189.41;;0.063699998;0.063699998
;US-WY;1953;p0p100;1956544.8;3678964042.0;1.0;1.0
;US-WY;1953;p99p100;205254.41;;0.069399998;0.069399998
;US-WY;1953;p99.9p100;528712.88;;0.017899999;0.017899999
;US-WY;1953;p99.99p100;1184894.5;;0.0040000002;0.0040000002
;US-WY;1953;p90p100;82968.5;;0.28040001;0.28040001
;US-WY;1953;p90p95;60560.0;;0.1024;0.1024
;US-WY;1953;p95p99;81623.703;;0.1104;0.1104
;US-WY;1953;p99.5p99.9;208344.0;;0.028200001;0.028200001
;US-WY;1953;p99.9p99.99;457089.0;;0.0139;0.0139
;US-WY;1953;p99p99.5;138249.7;;0.023399999;0.023399999
;US-WY;1953;p95p100;106256.6;;0.1796;0.1796
;US-WY;1953;p0p90;23596.5;;0.71780002;0.71780002
;US-WY;1953;p0p99;27809.9;;0.93059999;0.93059999
;US-WY;1953;p99.5p100;272323.81;;0.046;0.046
;US-WY;1952;p0p100;2031941.9;3745295872.0;1.0;1.0
;US-WY;1952;p99p100;267366.91;;0.088299997;0.088299997
;US-WY;1952;p99.9p100;853343.63;;0.028200001;0.028200001
;US-WY;1952;p99.99p100;3239825.0;;0.0107;0.0107
;US-WY;1952;p90p100;89108.102;;0.29440001;0.29440001
;US-WY;1952;p90p95;57372.199;;0.094800003;0.094800003
;US-WY;1952;p95p99;84740.398;;0.112;0.112
;US-WY;1952;p99.5p99.9;258335.41;;0.0341;0.0341
;US-WY;1952;p99.9p99.99;586629.19;;0.0174;0.0174
;US-WY;1952;p99p99.5;157391.0;;0.026000001;0.026000001
;US-WY;1952;p95p100;121205.8;;0.20020001;0.20020001
;US-WY;1952;p0p90;23705.9;;0.70490003;0.70490003
;US-WY;1952;p0p99;27870.801;;0.91170001;0.91170001
;US-WY;1952;p99.5p100;377365.59;;0.0623;0.0623
;US-WY;1951;p0p100;2198422.8;3858762078.0;1.0;1.0
;US-WY;1951;p99p100;347946.59;;0.111;0.111
;US-WY;1951;p99.9p100;981145.5;;0.031300001;0.031300001
;US-WY;1951;p99.99p100;2084657.6;;0.0066;0.0066
;US-WY;1951;p90p100;105183.6;;0.33539999;0.33539999
;US-WY;1951;p90p95;56250.5;;0.089699998;0.089699998
;US-WY;1951;p95p99;105177.5;;0.13420001;0.13420001
;US-WY;1951;p99.5p99.9;347134.81;;0.044300001;0.044300001
;US-WY;1951;p99.9p99.99;866090.31;;0.024900001;0.024900001
;US-WY;1951;p99p99.5;215780.2;;0.034400001;0.034400001
;US-WY;1951;p95p100;154493.41;;0.2463;0.2463
;US-WY;1951;p0p99;21096.0;;0.66600001;0.66600001
;US-WY;1951;p99.5p100;477332.5;;0.076099999;0.076099999
;US-WY;1950;p0p100;2475042.3;3709752463.0;1.0;1.0
;US-WY;1950;p99p100;285553.41;;0.0942;0.0942
;US-WY;1950;p99.9p100;782138.0;;0.025800001;0.025800001
;US-WY;1950;p99.99p100;1519251.8;;0.0049999999;0.0049999999
;US-WY;1950;p90p100;92316.102;;0.30450001;0.30450001
;US-WY;1950;p90p95;55686.602;;0.091799997;0.091799997
;US-WY;1950;p95p99;89868.203;;0.1186;0.1186
;US-WY;1950;p99.5p99.9;293513.69;;0.038699999;0.038699999
;US-WY;1950;p99.9p99.99;727330.38;;0.021600001;0.021600001
;US-WY;1950;p99p99.5;180269.5;;0.0297;0.0297
;US-WY;1950;p95p100;128840.9;;0.21250001;0.21250001
;US-WY;1950;p0p90;23401.301;;0.69459999;0.69459999
;US-WY;1950;p0p99;27744.0;;0.90579998;0.90579998
;US-WY;1950;p99.5p100;390965.41;;0.064499997;0.064499997
;US-WY;1949;p0p100;2334373.0;3387061868.0;1.0;1.0
;US-WY;1949;p99p100;227034.41;;0.081;0.081
;US-WY;1949;p99.9p100;569979.19;;0.020300001;0.020300001
;US-WY;1949;p99.99p100;1376348.9;;0.0049000001;0.0049000001
;US-WY;1949;p90p100;79975.297;;0.2852;0.2852
;US-WY;1949;p90p95;54336.898;;0.096900001;0.096900001
;US-WY;1949;p95p99;75108.203;;0.1071;0.1071
;US-WY;1949;p99.5p99.9;242752.0;;0.034600001;0.034600001
;US-WY;1949;p99.9p99.99;480409.69;;0.0154;0.0154
;US-WY;1949;p99p99.5;145865.59;;0.026000001;0.026000001
;US-WY;1949;p95p100;105405.3;;0.18790001;0.18790001
;US-WY;1949;p0p90;22282.9;;0.71509999;0.71509999
;US-WY;1949;p0p99;26036.199;;0.91900003;0.91900003
;US-WY;1949;p99.5p100;308197.91;;0.054900002;0.054900002
;US-WY;1948;p0p100;2159024.5;3162487845.0;1.0;1.0
;US-WY;1948;p99p100;268014.09;;0.1013;0.1013
;US-WY;1948;p99.9p100;732777.88;;0.0277;0.0277
;US-WY;1948;p99.99p100;1790508.4;;0.0068000001;0.0068000001
;US-WY;1948;p90p100;85956.797;;0.32499999;0.32499999
;US-WY;1948;p90p95;47668.199;;0.090099998;0.090099998
;US-WY;1948;p95p99;88374.0;;0.1336;0.1336
;US-WY;1948;p99.5p99.9;276365.91;;0.0418;0.0418
;US-WY;1948;p99.9p99.99;615286.88;;0.0209;0.0209
;US-WY;1948;p99p99.5;168391.5;;0.031800002;0.031800002
;US-WY;1948;p95p100;124257.5;;0.2349;0.2349
;US-WY;1948;p0p90;19835.5;;0.6749;0.6749
;US-WY;1948;p0p99;24010.5;;0.8987;0.8987
;US-WY;1948;p99.5p100;367644.59;;0.069499999;0.069499999
;US-WY;1947;p0p100;2343270.0;2925152439.0;1.0;1.0
;US-WY;1947;p99p100;235237.3;;0.095200002;0.095200002
;US-WY;1947;p99.9p100;649820.13;;0.0263;0.0263
;US-WY;1947;p99.99p100;2022303.3;;0.0082;0.0082
;US-WY;1947;p90p100;78698.898;;0.3184;0.3184
;US-WY;1947;p90p95;48195.0;;0.097499996;0.097499996
;US-WY;1947;p95p99;77723.602;;0.1258;0.1258
;US-WY;1947;p99.5p99.9;236960.3;;0.0383;0.0383
;US-WY;1947;p99.9p99.99;497345.91;;0.018100001;0.018100001
;US-WY;1947;p99p99.5;150909.91;;0.0305;0.0305
;US-WY;1947;p95p100;109206.0;;0.2209;0.2209
;US-WY;1947;p0p90;18716.9;;0.68150002;0.68150002
;US-WY;1947;p0p99;22589.699;;0.9048;0.9048
;US-WY;1947;p99.5p100;319530.19;;0.064599998;0.064599998
;US-WY;1946;p0p100;2992219.3;2821081966.0;1.0;1.0
;US-WY;1946;p99p100;239123.59;;0.099100001;0.099100001
;US-WY;1946;p99.9p100;621323.38;;0.025699999;0.025699999
;US-WY;1946;p99.99p100;1635058.8;;0.0068000001;0.0068000001
;US-WY;1946;p90p100;76907.797;;0.31869999;0.31869999
;US-WY;1946;p90p95;46117.5;;0.0955;0.0955
;US-WY;1946;p95p99;74857.398;;0.1241;0.1241
;US-WY;1946;p99.5p99.9;244579.09;;0.0405;0.0405
;US-WY;1946;p99.9p99.99;508717.31;;0.018999999;0.018999999
;US-WY;1946;p99p99.5;158252.09;;0.0328;0.0328
;US-WY;1946;p95p100;107699.7;;0.22310001;0.22310001
;US-WY;1946;p0p90;18268.801;;0.68129998;0.68129998
;US-WY;1946;p0p99;21961.4;;0.90090001;0.90090001
;US-WY;1946;p99.5p100;319926.81;;0.066299997;0.066299997
;US-WY;1945;p0p100;3366156.0;2684032426.0;1.0;1.0
;US-WY;1945;p99p100;218278.59;;0.094700001;0.094700001
;US-WY;1945;p99.9p100;559778.88;;0.0243;0.0243
;US-WY;1945;p99.99p100;1196507.4;;0.0052;0.0052
;US-WY;1945;p90p100;73518.5;;0.31900001;0.31900001
;US-WY;1945;p90p95;47762.898;;0.1036;0.1036
;US-WY;1945;p95p99;69558.703;;0.1207;0.1207
;US-WY;1945;p99.5p99.9;232213.91;;0.0403;0.0403
;US-WY;1945;p99.9p99.99;492890.41;;0.019200001;0.019200001
;US-WY;1945;p99p99.5;138808.41;;0.030099999;0.030099999
;US-WY;1945;p95p100;99279.102;;0.2154;0.2154
;US-WY;1945;p0p90;17434.0;;0.68080002;0.68080002
;US-WY;1945;p0p99;21075.199;;0.90530002;0.90530002
;US-WY;1945;p99.5p100;297678.69;;0.064599998;0.064599998
;US-WY;1944;p0p100;3553864.3;2696540857.0;1.0;1.0
;US-WY;1944;p99p100;207834.3;;0.089299999;0.089299999
;US-WY;1944;p99.9p100;571770.88;;0.024599999;0.024599999
;US-WY;1944;p99.99p100;1568427.3;;0.0066999998;0.0066999998
;US-WY;1944;p90p100;71368.703;;0.30680001;0.30680001
;US-WY;1944;p90p95;48992.0;;0.1053;0.1053
;US-WY;1944;p95p99;67558.797;;0.1162;0.1162
;US-WY;1944;p99.5p99.9;215539.41;;0.037099998;0.037099998
;US-WY;1944;p99.9p99.99;461349.69;;0.017899999;0.017899999
;US-WY;1944;p99p99.5;129085.8;;0.0277;0.0277
;US-WY;1944;p95p100;95244.5;;0.20469999;0.20469999
;US-WY;1944;p0p90;17810.5;;0.68910003;0.68910003
;US-WY;1944;p0p99;21396.6;;0.91070002;0.91070002
;US-WY;1944;p99.5p100;286865.31;;0.061700001;0.061700001
;US-WY;1943;p0p100;3865203.3;2816972593.0;1.0;1.0
;US-WY;1943;p99p100;251656.7;;0.103;0.103
;US-WY;1943;p99.9p100;761104.5;;0.031099999;0.031099999
;US-WY;1943;p99.99p100;2255287.0;;0.0092000002;0.0092000002
;US-WY;1943;p90p100;80257.0;;0.32839999;0.32839999
;US-WY;1943;p90p95;49745.699;;0.1018;0.1018
;US-WY;1943;p95p99;75474.102;;0.1235;0.1235
;US-WY;1943;p99.5p99.9;255610.41;;0.0418;0.0418
;US-WY;1943;p99.9p99.99;594428.81;;0.0219;0.0219
;US-WY;1943;p99p99.5;146528.59;;0.029999999;0.029999999
;US-WY;1943;p95p100;110748.8;;0.22660001;0.22660001
;US-WY;1943;p0p90;18244.699;;0.67180002;0.67180002
;US-WY;1943;p0p99;22147.0;;0.89700001;0.89700001
;US-WY;1943;p99.5p100;356749.81;;0.072999999;0.072999999
;US-WY;1942;p0p100;3791113.5;2433106157.0;1.0;1.0
;US-WY;1942;p99p100;253637.59;;0.1192;0.1192
;US-WY;1942;p99.9p100;837151.13;;0.039299998;0.039299998
;US-WY;1942;p99.99p100;2866770.5;;0.0135;0.0135
;US-WY;1942;p90p100;74046.297;;0.34799999;0.34799999
;US-WY;1942;p90p95;44155.699;;0.1038;0.1038
;US-WY;1942;p95p99;66478.797;;0.125;0.125
;US-WY;1942;p99.5p99.9;249375.5;;0.0469;0.0469
;US-WY;1942;p99.9p99.99;611856.69;;0.025900001;0.025900001
;US-WY;1942;p99p99.5;140264.2;;0.033;0.033
;US-WY;1942;p95p100;103934.6;;0.24420001;0.24420001
;US-WY;1942;p0p90;15415.6;;0.65210003;0.65210003
;US-WY;1942;p0p99;18930.1;;0.88080001;0.88080001
;US-WY;1942;p99.5p100;366966.41;;0.086199999;0.086199999
;US-WY;1941;p0p100;4099806.8;2138013595.0;1.0;1.0
;US-WY;1941;p99p100;248537.41;;0.1323;0.1323
;US-WY;1941;p99.9p100;788926.69;;0.041999999;0.041999999
;US-WY;1941;p99.99p100;2932269.8;;0.0156;0.0156
;US-WY;1941;p90p100;72492.398;;0.3858;0.3858
;US-WY;1941;p90p95;42434.801;;0.1129;0.1129
;US-WY;1941;p95p99;66030.297;;0.1406;0.1406
;US-WY;1941;p99.5p99.9;247776.7;;0.052700002;0.052700002
;US-WY;1941;p99.9p99.99;551223.69;;0.0264;0.0264
;US-WY;1941;p99p99.5;140761.09;;0.037500001;0.037500001
;US-WY;1941;p95p100;102584.6;;0.273;0.273
;US-WY;1941;p0p90;12826.3;;0.61430001;0.61430001
;US-WY;1941;p0p99;16470.199;;0.86769998;0.86769998
;US-WY;1941;p99.5p100;356168.59;;0.094800003;0.094800003
;US-WY;1940;p0p100;3663414.0;1725915635.0;1.0;1.0
;US-WY;1940;p99p100;201542.7;;0.1323;0.1323
;US-WY;1940;p99.9p100;574944.38;;0.037799999;0.037799999
;US-WY;1940;p99.99p100;1749754.1;;0.0115;0.0115
;US-WY;1940;p90p100;65056.398;;0.42719999;0.42719999
;US-WY;1940;p90p95;41344.801;;0.1357;0.1357
;US-WY;1940;p95p99;60450.699;;0.15880001;0.15880001
;US-WY;1940;p99.5p99.9;209186.09;;0.054900002;0.054900002
;US-WY;1940;p99.9p99.99;444043.5;;0.0262;0.0262
;US-WY;1940;p99p99.5;120313.6;;0.039500002;0.039500002
;US-WY;1940;p95p100;88734.0;;0.2913;0.2913
;US-WY;1940;p0p90;9701.7002;;0.5733;0.5733
;US-WY;1940;p0p99;13347.7;;0.86769998;0.86769998
;US-WY;1940;p99.5p100;282569.41;;0.092799999;0.092799999
;US-WY;1939;p0p100;3732243.3;1689376471.0;1.0;1.0
;US-WY;1939;p99p100;191509.8;;0.1258;0.1258
;US-WY;1939;p99.9p100;633394.38;;0.0416;0.0416
;US-WY;1939;p99.99p100;2501610.3;;0.0164;0.0164
;US-WY;1939;p90p100;58936.102;;0.3872;0.3872
;US-WY;1939;p90p95;34085.301;;0.112;0.112
;US-WY;1939;p95p99;56769.602;;0.14920001;0.14920001
;US-WY;1939;p99.5p99.9;183155.41;;0.048099998;0.048099998
;US-WY;1939;p99.9p99.99;426141.19;;0.0252;0.0252
;US-WY;1939;p99p99.5;109651.3;;0.035999998;0.035999998
;US-WY;1939;p95p100;83766.102;;0.27520001;0.27520001
;US-WY;1939;p0p90;10369.0;;0.61309999;0.61309999
;US-WY;1939;p0p99;13441.0;;0.87419999;0.87419999
;US-WY;1939;p99.5p100;273255.81;;0.0898;0.0898
;US-WY;1938;p0p100;3491889.0;1595137201.0;1.0;1.0
;US-WY;1938;p99p100;155091.59;;0.1058;0.1058
;US-WY;1938;p99.9p100;407427.5;;0.027799999;0.027799999
;US-WY;1938;p99.99p100;940317.5;;0.0063999998;0.0063999998
;US-WY;1938;p90p100;53938.5;;0.368;0.368
;US-WY;1938;p90p95;34959.801;;0.1193;0.1193
;US-WY;1938;p95p99;53448.199;;0.1459;0.1459
;US-WY;1938;p99.5p99.9;160673.3;;0.043900002;0.043900002
;US-WY;1938;p99.9p99.99;346217.0;;0.021299999;0.021299999
;US-WY;1938;p99p99.5;99384.398;;0.0339;0.0339
;US-WY;1938;p95p100;73867.398;;0.252;0.252
;US-WY;1938;p0p90;10248.9;;0.62940001;0.62940001
;US-WY;1938;p0p99;13236.7;;0.89420003;0.89420003
;US-WY;1938;p99.5p100;210482.2;;0.071800001;0.071800001
;US-WY;1937;p0p100;3558671.0;1655973921.0;1.0;1.0
;US-WY;1937;p99p100;177977.5;;0.1148;0.1148
;US-WY;1937;p99.9p100;563192.81;;0.0363;0.0363
;US-WY;1937;p99.99p100;2032270.1;;0.0131;0.0131
;US-WY;1937;p90p100;57456.398;;0.3705;0.3705
;US-WY;1937;p90p95;36769.602;;0.1186;0.1186
;US-WY;1937;p95p99;54778.102;;0.14129999;0.14129999
;US-WY;1937;p99.5p99.9;173924.41;;0.0449;0.0449
;US-WY;1937;p99.9p99.99;399945.59;;0.0232;0.0232
;US-WY;1937;p99p99.5;104183.3;;0.033599999;0.033599999
;US-WY;1937;p95p100;79403.102;;0.25600001;0.25600001
;US-WY;1937;p0p90;10775.3;;0.62540001;0.62540001
;US-WY;1937;p0p99;13866.0;;0.88520002;0.88520002
;US-WY;1937;p99.5p100;251777.09;;0.081200004;0.081200004
;US-WY;1936;p0p100;3594833.5;1531390912.0;1.0;1.0
;US-WY;1936;p99p100;180595.8;;0.1238;0.1238
;US-WY;1936;p99.9p100;613521.63;;0.041999999;0.041999999
;US-WY;1936;p99.99p100;2621008.3;;0.017999999;0.017999999
;US-WY;1936;p90p100;55852.5;;0.38280001;0.38280001
;US-WY;1936;p90p95;35458.102;;0.1215;0.1215
;US-WY;1936;p95p99;52784.602;;0.14470001;0.14470001
;US-WY;1936;p99.5p99.9;170751.09;;0.046799999;0.046799999
;US-WY;1936;p99.9p99.99;390421.19;;0.0241;0.0241
;US-WY;1936;p99p99.5;101897.2;;0.034899998;0.034899998
;US-WY;1936;p95p100;78367.398;;0.2685;0.2685
;US-WY;1936;p0p90;9889.5996;;0.61000001;0.61000001
;US-WY;1936;p0p99;12914.1;;0.87620002;0.87620002
;US-WY;1936;p99.5p100;259303.7;;0.0889;0.0889
;US-WY;1935;p0p100;3415054.0;1402066584.0;1.0;1.0
;US-WY;1935;p99p100;150824.5;;0.1109;0.1109
;US-WY;1935;p99.9p100;476976.09;;0.035100002;0.035100002
;US-WY;1935;p99.99p100;2012097.3;;0.0148;0.0148
;US-WY;1935;p90p100;49603.801;;0.36489999;0.36489999
;US-WY;1935;p90p95;31897.1;;0.1173;0.1173
;US-WY;1935;p95p99;48840.898;;0.1437;0.1437
;US-WY;1935;p99.5p99.9;145190.8;;0.0427;0.0427
;US-WY;1935;p99.9p99.99;306377.09;;0.020300001;0.020300001
;US-WY;1935;p99p99.5;90120.602;;0.033100002;0.033100002
;US-WY;1935;p95p100;69069.398;;0.25400001;0.25400001
;US-WY;1935;p0p90;9487.2002;;0.62800002;0.62800002
;US-WY;1935;p0p99;12209.1;;0.88910002;0.88910002
;US-WY;1935;p99.5p100;211541.8;;0.077799998;0.077799998
;US-WY;1934;p0p100;3011482.8;1155790377.0;1.0;1.0
;US-WY;1934;p99p100;135384.09;;0.1186;0.1186
;US-WY;1934;p99.9p100;435532.69;;0.038199998;0.038199998
;US-WY;1934;p99.99p100;2092350.8;;0.018300001;0.018300001
;US-WY;1934;p90p100;45333.301;;0.39719999;0.39719999
;US-WY;1934;p90p95;27367.0;;0.1199;0.1199
;US-WY;1934;p95p99;47433.801;;0.1663;0.1663
;US-WY;1934;p99.5p99.9;127449.8;;0.0447;0.0447
;US-WY;1934;p99.9p99.99;251383.91;;0.0198;0.0198
;US-WY;1934;p99p99.5;81688.203;;0.035799999;0.035799999
;US-WY;1934;p95p100;64516.602;;0.2827;0.2827
;US-WY;1934;p0p90;7547.7002;;0.5952;0.5952
;US-WY;1934;p0p99;10160.1;;0.88139999;0.88139999
;US-WY;1934;p99.5p100;189061.59;;0.082800001;0.082800001
;US-WY;1933;p0p100;3037396.3;1072442191.0;1.0;1.0
;US-WY;1933;p99p100;121598.9;;0.1128;0.1128
;US-WY;1933;p99.9p100;420394.69;;0.039000001;0.039000001
;US-WY;1933;p99.99p100;2162149.0;;0.020099999;0.020099999
;US-WY;1933;p90p100;41712.5;;0.38710001;0.38710001
;US-WY;1933;p90p95;27126.6;;0.1259;0.1259
;US-WY;1933;p95p99;42588.801;;0.15809999;0.15809999
;US-WY;1933;p99.5p99.9;109123.5;;0.0405;0.0405
;US-WY;1933;p99.9p99.99;226866.41;;0.0189;0.0189
;US-WY;1933;p99p99.5;71820.0;;0.033300001;0.033300001
;US-WY;1933;p95p100;58015.801;;0.2692;0.2692
;US-WY;1933;p0p90;7222.7998;;0.60320002;0.60320002
;US-WY;1933;p0p99;9656.9004;;0.8872;0.8872
;US-WY;1933;p99.5p100;171377.8;;0.079499997;0.079499997
;US-WY;1932;p0p100;2684963.0;1035590521.0;1.0;1.0
;US-WY;1932;p99p100;103826.7;;0.098099999;0.098099999
;US-WY;1932;p99.9p100;253956.8;;0.024;0.024
;US-WY;1932;p99.99p100;599464.63;;0.0057000001;0.0057000001
;US-WY;1932;p90p100;42147.0;;0.39820001;0.39820001
;US-WY;1932;p90p95;29961.301;;0.1415;0.1415
;US-WY;1932;p95p99;45424.102;;0.1717;0.1717
;US-WY;1932;p99.5p99.9;105831.6;;0.039999999;0.039999999
;US-WY;1932;p99.9p99.99;215567.0;;0.018300001;0.018300001
;US-WY;1932;p99p99.5;72196.703;;0.0341;0.0341
;US-WY;1932;p95p100;56522.301;;0.26699999;0.26699999
;US-WY;1932;p0p90;6924.1001;;0.5887;0.5887
;US-WY;1932;p0p99;9643.2002;;0.90189999;0.90189999
;US-WY;1932;p99.5p100;135456.7;;0.064000003;0.064000003
;US-WY;1931;p0p100;2457364.5;1157650050.0;1.0;1.0
;US-WY;1931;p99p100;118698.4;;0.0986;0.0986
;US-WY;1931;p99.9p100;280199.91;;0.0233;0.0233
;US-WY;1931;p99.99p100;575846.38;;0.0048000002;0.0048000002
;US-WY;1931;p90p100;45790.898;;0.38029999;0.38029999
;US-WY;1931;p90p95;33474.699;;0.139;0.139
;US-WY;1931;p95p99;48501.5;;0.1611;0.1611
;US-WY;1931;p99.5p99.9;122990.5;;0.040899999;0.040899999
;US-WY;1931;p99.9p99.99;247350.2;;0.0185;0.0185
;US-WY;1931;p99p99.5;82964.5;;0.034400001;0.034400001
;US-WY;1931;p95p100;61668.199;;0.2561;0.2561
;US-WY;1931;p0p90;8046.0;;0.6013;0.6013
;US-WY;1931;p0p99;10964.9;;0.90140003;0.90140003
;US-WY;1931;p99.5p100;154432.41;;0.064099997;0.064099997
;US-WY;1930;p0p100;2365799.3;1314908432.0;1.0;1.0
;US-WY;1930;p99p100;134442.0;;0.096500002;0.096500002
;US-WY;1930;p99.9p100;354937.91;;0.0255;0.0255
;US-WY;1930;p99.99p100;695317.13;;0.0049999999;0.0049999999
;US-WY;1930;p90p100;46573.398;;0.33410001;0.33410001
;US-WY;1930;p90p95;33982.199;;0.1219;0.1219
;US-WY;1930;p95p99;46755.602;;0.13420001;0.13420001
;US-WY;1930;p99.5p99.9;137105.09;;0.039299998;0.039299998
;US-WY;1930;p99.9p99.99;317117.91;;0.020500001;0.020500001
;US-WY;1930;p99p99.5;88212.297;;0.031599998;0.031599998
;US-WY;1930;p95p100;63732.699;;0.2286;0.2286
;US-WY;1930;p0p90;10027.8;;0.64749998;0.64749998
;US-WY;1930;p0p99;12721.6;;0.90350002;0.90350002
;US-WY;1930;p99.5p100;180671.7;;0.064800002;0.064800002
;US-WY;1929;p0p100;2614165.8;1516774384.0;1.0;1.0
;US-WY;1929;p99p100;163495.41;;0.1008;0.1008
;US-WY;1929;p99.9p100;417945.0;;0.025800001;0.025800001
;US-WY;1929;p99.99p100;894469.69;;0.0055;0.0055
;US-WY;1929;p90p100;53302.898;;0.32879999;0.32879999
;US-WY;1929;p90p95;37484.199;;0.1156;0.1156
;US-WY;1929;p95p99;53866.5;;0.1329;0.1329
;US-WY;1929;p99.5p99.9;168970.91;;0.041700002;0.041700002
;US-WY;1929;p99.9p99.99;364998.0;;0.020300001;0.020300001
;US-WY;1929;p99p99.5;108225.1;;0.033399999;0.033399999
;US-WY;1929;p95p100;75354.602;;0.2324;0.2324
;US-WY;1929;p0p90;11721.8;;0.65069997;0.65069997
;US-WY;1929;p0p99;14725.7;;0.89920002;0.89920002
;US-WY;1929;p99.5p100;218765.7;;0.067500003;0.067500003
;US-WY;1928;p0p100;2653918.8;1527353249.0;1.0;1.0
;US-WY;1928;p99p100;184056.41;;0.1118;0.1118
;US-WY;1928;p99.9p100;529523.0;;0.032200001;0.032200001
;US-WY;1928;p99.99p100;1446589.1;;0.0088;0.0088
;US-WY;1928;p90p100;56947.102;;0.34599999;0.34599999
;US-WY;1928;p90p95;39598.398;;0.1203;0.1203
;US-WY;1928;p95p99;55322.398;;0.1344;0.1344
;US-WY;1928;p99.5p99.9;186312.7;;0.045299999;0.045299999
;US-WY;1928;p99.9p99.99;427626.91;;0.023399999;0.023399999
;US-WY;1928;p99p99.5;113158.1;;0.034400001;0.034400001
;US-WY;1928;p95p100;80635.102;;0.2449;0.2449
;US-WY;1928;p0p90;11585.1;;0.63349998;0.63349998
;US-WY;1928;p0p99;14767.1;;0.88819999;0.88819999
;US-WY;1928;p99.5p100;254954.8;;0.077399999;0.077399999
;US-WY;1927;p0p100;2575050.5;1507273384.0;1.0;1.0
;US-WY;1927;p99p100;160594.5;;0.097900003;0.097900003
;US-WY;1927;p99.9p100;435169.91;;0.0265;0.0265
;US-WY;1927;p99.99p100;1100950.3;;0.0066999998;0.0066999998
;US-WY;1927;p90p100;53590.199;;0.32659999;0.32659999
;US-WY;1927;p90p95;39502.801;;0.1204;0.1204
;US-WY;1927;p95p99;52396.398;;0.1277;0.1277
;US-WY;1927;p99.5p99.9;166516.5;;0.040600002;0.040600002
;US-WY;1927;p99.9p99.99;361194.31;;0.0198;0.0198
;US-WY;1927;p99p99.5;100941.9;;0.0308;0.0308
;US-WY;1927;p95p100;73636.0;;0.2244;0.2244
;US-WY;1927;p0p90;11925.2;;0.65399998;0.65399998
;US-WY;1927;p0p99;14953.2;;0.90210003;0.90210003
;US-WY;1927;p99.5p100;220247.09;;0.067100003;0.067100003
;US-WY;1926;p0p100;2548676.8;1531544443.0;1.0;1.0
;US-WY;1926;p99p100;158369.09;;0.093900003;0.093900003
;US-WY;1926;p99.9p100;440807.59;;0.0261;0.0261
;US-WY;1926;p99.99p100;935559.13;;0.0055;0.0055
;US-WY;1926;p90p100;53560.602;;0.31740001;0.31740001
;US-WY;1926;p90p95;38773.602;;0.1149;0.1149
;US-WY;1926;p95p99;52580.102;;0.1247;0.1247
;US-WY;1926;p99.5p99.9;162683.0;;0.038600001;0.038600001
;US-WY;1926;p99.9p99.99;385835.19;;0.0206;0.0206
;US-WY;1926;p99p99.5;98430.203;;0.029200001;0.029200001
;US-WY;1926;p95p100;73412.703;;0.2176;0.2176
;US-WY;1926;p0p90;12496.3;;0.66659999;0.66659999
;US-WY;1926;p0p99;15443.0;;0.90609998;0.90609998
;US-WY;1926;p99.5p100;218307.91;;0.0647;0.0647
;US-WY;1925;p0p100;2701293.5;1574525964.0;1.0;1.0
;US-WY;1925;p99p100;153334.41;;0.087399997;0.087399997
;US-WY;1925;p99.9p100;420642.5;;0.024;0.024
;US-WY;1925;p99.99p100;1017572.8;;0.0057999999;0.0057999999
;US-WY;1925;p90p100;54665.199;;0.31150001;0.31150001
;US-WY;1925;p90p95;43528.398;;0.124;0.124
;US-WY;1925;p95p99;52332.0;;0.1193;0.1193
;US-WY;1925;p99.5p99.9;157124.41;;0.035799999;0.035799999
;US-WY;1925;p99.9p99.99;354316.91;;0.018200001;0.018200001
;US-WY;1925;p99p99.5;96840.703;;0.0276;0.0276
;US-WY;1925;p95p100;72186.398;;0.2057;0.2057
;US-WY;1925;p0p90;13048.6;;0.66930002;0.66930002
;US-WY;1925;p0p99;16175.2;;0.91259998;0.91259998
;US-WY;1925;p99.5p100;209828.0;;0.059799999;0.059799999
;US-WY;1924;p0p100;2833508.5;1550308798.0;1.0;1.0
;US-WY;1924;p99p100;149181.09;;0.085199997;0.085199997
;US-WY;1924;p99.9p100;429983.59;;0.024599999;0.024599999
;US-WY;1924;p99.99p100;1313888.4;;0.0074999998;0.0074999998
;US-WY;1924;p90p100;59024.5;;0.33719999;0.33719999
;US-WY;1924;p90p95;44728.801;;0.1278;0.1278
;US-WY;1924;p95p99;55630.699;;0.12710001;0.12710001
;US-WY;1924;p99.5p99.9;151933.2;;0.034699999;0.034699999
;US-WY;1924;p99.9p99.99;331771.91;;0.017100001;0.017100001
;US-WY;1924;p99p99.5;90818.898;;0.025900001;0.025900001
;US-WY;1924;p95p100;74340.797;;0.2123;0.2123
;US-WY;1924;p0p90;12835.4;;0.65990001;0.65990001
;US-WY;1924;p0p99;16175.3;;0.91479999;0.91479999
;US-WY;1924;p99.5p100;207543.2;;0.059300002;0.059300002
;US-WY;1923;p0p100;2978483.3;1595260100.0;1.0;1.0
;US-WY;1923;p99p100;131771.0;;0.071900003;0.071900003
;US-WY;1923;p99.9p100;385632.69;;0.021;0.021
;US-WY;1923;p99.99p100;896401.88;;0.0049000001;0.0049000001
;US-WY;1923;p90p100;54192.801;;0.29570001;0.29570001
;US-WY;1923;p90p95;40196.699;;0.1097;0.1097
;US-WY;1923;p95p99;52832.199;;0.1153;0.1153
;US-WY;1923;p99.5p99.9;136645.7;;0.0298;0.0298
;US-WY;1923;p99.9p99.99;328882.81;;0.016100001;0.016100001
;US-WY;1923;p99p99.5;77099.203;;0.021;0.021
;US-WY;1923;p95p100;68619.898;;0.18719999;0.18719999
;US-WY;1923;p0p90;14320.4;;0.70319998;0.70319998
;US-WY;1923;p0p99;17183.301;;0.92809999;0.92809999
;US-WY;1923;p99.5p100;186442.8;;0.050900001;0.050900001
;US-WY;1922;p0p100;2923969.5;1488174706.0;1.0;1.0
;US-WY;1922;p99p100;139510.91;;0.080300003;0.080300003
;US-WY;1922;p99.9p100;393517.91;;0.022700001;0.022700001
;US-WY;1922;p99.99p100;846952.38;;0.0049000001;0.0049000001
;US-WY;1922;p90p100;50960.699;;0.29350001;0.29350001
;US-WY;1922;p90p95;34991.398;;0.1007;0.1007
;US-WY;1922;p95p99;49312.801;;0.1136;0.1136
;US-WY;1922;p99.5p99.9;142982.59;;0.032900002;0.032900002
;US-WY;1922;p99.9p99.99;343136.31;;0.0178;0.0178
;US-WY;1922;p99p99.5;85932.203;;0.024700001;0.024700001
;US-WY;1922;p95p100;67352.398;;0.1939;0.1939
;US-WY;1922;p0p90;13609.2;;0.70529997;0.70529997
;US-WY;1922;p0p99;16131.7;;0.91970003;0.91970003
;US-WY;1922;p99.5p100;193089.59;;0.055599999;0.055599999
;US-WY;1921;p0p100;2324897.5;1332497013.0;1.0;1.0
;US-WY;1921;p99p100;124194.1;;0.078900002;0.078900002
;US-WY;1921;p99.9p100;371793.59;;0.023600001;0.023600001
;US-WY;1921;p99.99p100;1068093.4;;0.0068000001;0.0068000001
;US-WY;1921;p90p100;47412.0;;0.3012;0.3012
;US-WY;1921;p90p95;34514.398;;0.1096;0.1096
;US-WY;1921;p95p99;44868.898;;0.114;0.114
;US-WY;1921;p99.5p99.9;124424.5;;0.031599998;0.031599998
;US-WY;1921;p99.9p99.99;294427.0;;0.016799999;0.016799999
;US-WY;1921;p99p99.5;74489.898;;0.023700001;0.023700001
;US-WY;1921;p95p100;60733.898;;0.1929;0.1929
;US-WY;1921;p0p90;12198.7;;0.69749999;0.69749999
;US-WY;1921;p0p99;14645.8;;0.92110002;0.92110002
;US-WY;1921;p99.5p100;173898.3;;0.055199999;0.055199999
;US-WY;1920;p0p100;1938488.8;1367507285.0;1.0;1.0
;US-WY;1920;p99p100;117476.6;;0.071400002;0.071400002
;US-WY;1920;p99.9p100;319376.69;;0.019400001;0.019400001
;US-WY;1920;p99.99p100;747731.69;;0.0044999998;0.0044999998
;US-WY;1920;p90p100;44559.898;;0.27090001;0.27090001
;US-WY;1920;p90p95;31864.4;;0.096900001;0.096900001
;US-WY;1920;p95p99;42689.301;;0.1038;0.1038
;US-WY;1920;p99.5p99.9;121094.5;;0.0295;0.0295
;US-WY;1920;p99.9p99.99;271781.59;;0.0149;0.0149
;US-WY;1920;p99p99.5;74202.297;;0.022600001;0.022600001
;US-WY;1920;p95p100;57646.801;;0.1753;0.1753
;US-WY;1920;p0p90;13301.0;;0.72790003;0.72790003
;US-WY;1920;p0p99;15426.0;;0.92860001;0.92860001
;US-WY;1920;p99.5p100;160750.91;;0.048900001;0.048900001
;US-WY;1919;p0p100;3162981.8;1592851163.0;1.0;1.0
;US-WY;1919;p99p100;187323.5;;0.093699999;0.093699999
;US-WY;1919;p99.9p100;547326.13;;0.0274;0.0274
;US-WY;1919;p99.99p100;1320299.9;;0.0066;0.0066
;US-WY;1919;p90p100;59045.301;;0.29519999;0.29519999
;US-WY;1919;p90p95;37582.0;;0.093900003;0.093900003
;US-WY;1919;p95p99;54577.801;;0.1091;0.1091
;US-WY;1919;p99.5p99.9;191576.09;;0.0383;0.0383
;US-WY;1919;p99.9p99.99;462279.59;;0.0208;0.0208
;US-WY;1919;p99p99.5;111407.5;;0.027799999;0.027799999
;US-WY;1919;p95p100;81126.898;;0.20280001;0.20280001
;US-WY;1919;p0p90;15631.0;;0.7033;0.7033
;US-WY;1919;p0p99;18311.4;;0.90630001;0.90630001
;US-WY;1919;p99.5p100;263239.5;;0.065800004;0.065800004
;US-WY;1918;p0p100;4208044.0;1547521527.0;1.0;1.0
;US-WY;1918;p99p100;205059.91;;0.1017;0.1017
;US-WY;1918;p99.9p100;604272.0;;0.029999999;0.029999999
;US-WY;1918;p99.99p100;1413463.4;;0.0070000002;0.0070000002
;US-WY;1918;p90p100;54254.199;;0.26899999;0.26899999
;US-WY;1918;p90p95;27921.699;;0.069200002;0.069200002
;US-WY;1918;p95p99;49334.301;;0.097800002;0.097800002
;US-WY;1918;p99.5p99.9;213532.41;;0.042300001;0.042300001
;US-WY;1918;p99.9p99.99;514375.69;;0.023;0.023
;US-WY;1918;p99p99.5;118442.4;;0.0294;0.0294
;US-WY;1918;p95p100;80479.297;;0.19949999;0.19949999
;US-WY;1918;p0p90;16390.6;;0.7313;0.7313
;US-WY;1918;p0p99;18304.0;;0.89829999;0.89829999
;US-WY;1918;p99.5p100;291678.19;;0.072300002;0.072300002
;US-WY;1917;p0p100;6187869.5;1610198249.0;1.0;1.0
;US-WY;1917;p99p100;262022.91;;0.1219;0.1219
;US-WY;1917;p99.9p100;854308.81;;0.039700001;0.039700001
;US-WY;1917;p99.99p100;2113624.3;;0.0098000001;0.0098000001
;US-WY;1917;p90p100;71212.797;;0.3312;0.3312
;US-WY;1917;p90p95;42113.102;;0.097900003;0.097900003
