Variable Name;.;.;.;PPP conversion factor, LCU per EUR | individuals | Exchange rates | All Ages | local currency per foreign currency;Market exchange rate, LCU per EUR | individuals | Exchange rates | All Ages | local currency per foreign currency;PPP conversion factor, LCU per USD | individuals | Exchange rates | All Ages | local currency per foreign currency;Market exchange rate, LCU per USD | individuals | Exchange rates | All Ages | local currency per foreign currency;PPP conversion factor, LCU per CNY | individuals | Exchange rates | All Ages | local currency per foreign currency;Market exchange rate, LCU per CNY | individuals | Exchange rates | All Ages | local currency per foreign currency
Variable Category;.;.;.;Other macro;Other macro;Other macro;Other macro;Other macro;Other macro
Variable Description;.;.;.;PPP conversion factor of curent local currency to current PPP EUR.;Official exchange rate of the local currency to EUR.;PPP conversion factor of current local currency to current USD.;Official exchange rate of the local currency to USD.;PPP conversion factor of current local currency to current PPP CNY.;Official exchange rate of the local currency to CNY.
Variable Decomposition;.;.;.;;;;;;
Variable Unit;.;.;.;local currency per foreign currency;local currency per foreign currency;local currency per foreign currency;local currency per foreign currency;local currency per foreign currency;local currency per foreign currency
Methodological Notes;.;.;.;Using the evolution of the price index relative to the reference country, we extrapolate the PPP from the 2011 ICP.;;Using the evolution of the price index relative to the reference country, we extrapolate the PPP from the 2011 ICP.;;Using the evolution of the price index relative to the reference country, we extrapolate the PPP from the 2011 ICP.;
Sources;.;.;.;WID.world computations using:  http://data.worldbank.org/ (World Bank);;WID.world computations using:  http://data.worldbank.org/ (World Bank);;WID.world computations using:  http://data.worldbank.org/ (World Bank);
Variable Code;country;year;perc;xlceup999i;xlceux999i;xlcusp999i;xlcusx999i;xlcyup999i;xlcyux999i
;UZ;2018;p0p100;1928.3243;9976.21;1454.376;8138.3604;458.9299;1274.9897
;UZ;2017;p0p100;1525.7919;;1160.7444;;356.01749;
;UZ;2016;p0p100;1276.6814;;979.34924;;292.98529;
;UZ;2015;p0p100;1175.1232;;903.30896;;265.68817;
;UZ;2014;p0p100;1091.2014;;836.32501;;241.81476;
;UZ;2013;p0p100;985.5625;;761.47552;;217.43599;
;UZ;2012;p0p100;873.25104;;677.35785;;193.99976;
;UZ;2011;p0p100;769.5896;;600.57928;;171.32309;
;UZ;2010;p0p100;666.73029;;526.24689;;158.80258;
;UZ;2009;p0p100;576.16064;;459.0145;;145.75418;
;UZ;2008;p0p100;496.08005;;395.95303;;122.52044;
;UZ;2007;p0p100;399.26776;;318.57684;;104.16644;
;UZ;2006;p0p100;335.60959;;268.53253;;91.883545;
;UZ;2005;p0p100;277.14111;;223.92606;;76.938263;
;UZ;2004;p0p100;232.63582;;190.05676;;66.058395;
;UZ;2003;p0p100;204.54059;;168.55417;;60.770626;
;UZ;2002;p0p100;164.90695;;135.89114;;49.591606;
;UZ;2001;p0p100;116.4005;;95.272598;;34.179054;
;UZ;2000;p0p100;82.36969;217.99167;67.461494;236.60834;24.031609;28.581049
;UZ;1999;p0p100;56.807224;132.77368;46.955353;124.625;17.447041;15.054511
;UZ;1998;p0p100;40.096226;;33.128643;94.491669;12.256374;11.413473
;UZ;1997;p0p100;29.176928;;24.166655;62.916668;8.8898897;7.589633
;UZ;1996;p0p100;17.530142;;14.833629;40.066666;5.6997323;4.8190789
;UZ;1995;p0p100;9.9068766;;8.3397188;29.775;3.4672327;3.5652633
