Variable Name;.;.;.;Fiscal income  | tax unit | Average | Adults | constant 2015 local currency;Fiscal income  | tax unit | Total | Adults | constant 2015 local currency;Fiscal income  | tax unit | Share | Adults | share of total (ratio);Pre-tax national income  | tax unit | Share | Adults | share of total (ratio)
Variable Category;.;.;.;Income inequality;Income inequality;Income inequality;Income inequality
Variable Description;.;.;.;Average Fiscal income within a given percentile group. Fiscal income is defined as the sum of all income items reported on income tax returns, before any deduction. It includes labour income, capital income and mixed income. The concept of fiscal income varies with national tax legislations, so in order to make international comparisons it is preferable to use the concept of national income. The population is comprised of individuals over age 20. The base unit is the tax unit defined by national fiscal administrations to measure personal income taxes.;Total Fiscal income  within a given percentile group. Fiscal income is defined as the sum of all income items reported on income tax returns, before any deduction. It includes labour income, capital income and mixed income. The concept of fiscal income varies with national tax legislations, so in order to make international comparisons it is preferable to use the concept of national income. The population is comprised of individuals over age 20.;Fiscal income share held by a given percentile group. Fiscal income is defined as the sum of all income items reported on income tax returns, before any deduction. It includes labour income, capital income and mixed income. The concept of fiscal income varies with national tax legislations, so in order to make international comparisons it is preferable to use the concept of national income. The population is comprised of individuals over age 20. The base unit is the tax unit defined by national fiscal administrations to measure personal income taxes.;Pre-tax national income share held by a given percentile group. Pre-tax national income  is the sum of all pre-tax personal income flows accruing to the owners of the production factors, labor and capital, before taking into account the operation of the tax/transfer system, but after taking into account the operation of pension system. The central difference between personal factor income and pre-tax income is the treatment of pensions, which are counted on a contribution basis by factor income and on a distribution basis by pre-tax income. The population is comprised of individuals over age 20. The base unit is the tax unit defined by national fiscal administrations to measure personal income taxes.
Variable Decomposition;.;.;.;[Fiscal income ]=[Fiscal labour income ]+[Fiscal capital income ];[Fiscal income ]=[Fiscal labour income ]+[Fiscal capital income ];[Fiscal income ]=[Fiscal labour income ]+[Fiscal capital income ];Pre-tax national income =Pre-tax labor income [total pre-tax income ranking]+Pre-tax capital income [total pre-tax income ranking]
Variable Unit;.;.;.;"USD; United States dollar | local currency | market";"USD; United States dollar | local currency | market";share;share
Methodological Notes;.;.;.;;;;Assuming the same distribution as fiscal income.
Sources;.;.;.;Frank, Sommeiller, Price & Saez (2015);Frank, Sommeiller, Price & Saez (2015);Frank, Sommeiller, Price & Saez (2015);WID.world computations using: Frank, Sommeiller, Price & Saez (2015)
Variable Code;country;year;perc;afiinc992t;mfiinc992t;sfiinc992t;sptinc992t
;US-OR;2015;p0p100;57638.699;1.2009655537e+11;1.0;1.0
;US-OR;2015;p99p100;1005286.1;;0.1744;0.1744
;US-OR;2015;p99.9p100;4199154.0;;0.072899997;0.072899997
;US-OR;2015;p99.99p100;16867808.0;;0.029300001;0.029300001
;US-OR;2015;p90p100;276685.69;;0.47999999;0.47999999
;US-OR;2015;p90p95;151312.8;;0.1313;0.1313
;US-OR;2015;p95p99;249816.09;;0.1734;0.1734
;US-OR;2015;p99.5p99.9;870336.19;;0.060400002;0.060400002
;US-OR;2015;p99.9p99.99;2831509.0;;0.044199999;0.044199999
;US-OR;2015;p99p99.5;472436.09;;0.041000001;0.041000001
;US-OR;2015;p95p100;401403.5;;0.34819999;0.34819999
;US-OR;2015;p0p90;33335.199;;0.5205;0.5205
;US-OR;2015;p0p99;48066.5;;0.82560003;0.82560003
;US-OR;2015;p99.5p100;1536262.3;;0.13330001;0.13330001
;US-OR;2014;p0p100;53767.5;1.11765051087e+11;1.0;1.0
;US-OR;2014;p99p100;882230.19;;0.1645;0.1645
;US-OR;2014;p99.9p100;3583726.8;;0.066799998;0.066799998
;US-OR;2014;p99.99p100;14590283.0;;0.0272;0.0272
;US-OR;2014;p90p100;252092.41;;0.47;0.47
;US-OR;2014;p90p95;142789.59;;0.1331;0.1331
;US-OR;2014;p95p99;230935.59;;0.17219999;0.17219999
;US-OR;2014;p99.5p99.9;775489.19;;0.057799999;0.057799999
;US-OR;2014;p99.9p99.99;2381630.5;;0.039999999;0.039999999
;US-OR;2014;p99p99.5;428484.59;;0.039900001;0.039900001
;US-OR;2014;p95p100;361092.91;;0.33660001;0.33660001
;US-OR;2014;p0p90;31573.699;;0.5298;0.5298
;US-OR;2014;p0p99;45270.5;;0.8355;0.8355
;US-OR;2014;p99.5p100;1335897.8;;0.1245;0.1245
;US-OR;2013;p0p100;52782.5;1.05503153227e+11;1.0;1.0
;US-OR;2013;p99p100;793139.5;;0.15549999;0.15549999
;US-OR;2013;p99.9p100;3130576.8;;0.0614;0.0614
;US-OR;2013;p99.99p100;12731571.0;;0.025;0.025
;US-OR;2013;p90p100;236309.09;;0.46340001;0.46340001
;US-OR;2013;p90p95;137968.3;;0.1353;0.1353
;US-OR;2013;p95p99;219382.8;;0.17209999;0.17209999
;US-OR;2013;p99.5p99.9;702404.38;;0.055100001;0.055100001
;US-OR;2013;p99.9p99.99;2069748.6;;0.036499999;0.036499999
;US-OR;2013;p99p99.5;398551.19;;0.039099999;0.039099999
;US-OR;2013;p95p100;334230.31;;0.32769999;0.32769999
;US-OR;2013;p0p90;30419.6;;0.53689998;0.53689998
;US-OR;2013;p0p99;43493.199;;0.84450001;0.84450001
;US-OR;2013;p99.5p100;1188203.3;;0.1165;0.1165
;US-OR;2012;p0p100;55891.301;1.06844023795e+11;1.0;1.0
;US-OR;2012;p99p100;886944.69;;0.1691;0.1691
;US-OR;2012;p99.9p100;3782075.5;;0.072099999;0.072099999
;US-OR;2012;p99.99p100;15959288.0;;0.030400001;0.030400001
;US-OR;2012;p90p100;244531.41;;0.46630001;0.46630001
;US-OR;2012;p90p95;136693.91;;0.1303;0.1303
;US-OR;2012;p95p99;218113.3;;0.1664;0.1664
;US-OR;2012;p99.5p99.9;761345.0;;0.0581;0.0581
;US-OR;2012;p99.9p99.99;2458052.3;;0.042199999;0.042199999
;US-OR;2012;p99p99.5;409122.91;;0.039000001;0.039000001
;US-OR;2012;p95p100;351762.31;;0.33539999;0.33539999
;US-OR;2012;p0p90;31096.6;;0.53359997;0.53359997
;US-OR;2012;p0p99;44016.0;;0.83090001;0.83090001
;US-OR;2012;p99.5p100;1364998.0;;0.1301;0.1301
;US-OR;2011;p0p100;54009.602;98938241310.0;1.0;1.0
;US-OR;2011;p99p100;740289.88;;0.1522;0.1522
;US-OR;2011;p99.9p100;2960652.8;;0.060899999;0.060899999
;US-OR;2011;p99.99p100;12340000.0;;0.0254;0.0254
;US-OR;2011;p90p100;224152.59;;0.46079999;0.46079999
;US-OR;2011;p90p95;132739.91;;0.1364;0.1364
;US-OR;2011;p95p99;208684.91;;0.1716;0.1716
;US-OR;2011;p99.5p99.9;649462.88;;0.053399999;0.053399999
;US-OR;2011;p99.9p99.99;1925832.3;;0.035599999;0.035599999
;US-OR;2011;p99p99.5;368757.0;;0.037900001;0.037900001
;US-OR;2011;p95p100;314927.5;;0.32370001;0.32370001
;US-OR;2011;p0p90;29168.9;;0.53969997;0.53969997
;US-OR;2011;p0p99;41659.0;;0.84780002;0.84780002
;US-OR;2011;p99.5p100;1112366.6;;0.1143;0.1143
;US-OR;2010;p0p100;56621.699;97890888350.0;1.0;1.0
;US-OR;2010;p99p100;720172.88;;0.1503;0.1503
;US-OR;2010;p99.9p100;2917427.3;;0.060899999;0.060899999
;US-OR;2010;p99.99p100;12553340.0;;0.0262;0.0262
;US-OR;2010;p90p100;218930.09;;0.45680001;0.45680001
;US-OR;2010;p90p95;130892.5;;0.1366;0.1366
;US-OR;2010;p95p99;202614.3;;0.1691;0.1691
;US-OR;2010;p99.5p99.9;627153.19;;0.052299999;0.052299999
;US-OR;2010;p99.9p99.99;1845224.3;;0.034699999;0.034699999
;US-OR;2010;p99p99.5;354806.5;;0.037;0.037
;US-OR;2010;p95p100;306050.09;;0.3193;0.3193
;US-OR;2010;p0p90;28974.301;;0.54409999;0.54409999
;US-OR;2010;p0p99;41134.301;;0.84969997;0.84969997
;US-OR;2010;p99.5p100;1086541.4;;0.1134;0.1134
;US-OR;2009;p0p100;59223.801;96232013738.0;1.0;1.0
;US-OR;2009;p99p100;692190.63;;0.1427;0.1427
;US-OR;2009;p99.9p100;2695153.5;;0.055500001;0.055500001
;US-OR;2009;p99.99p100;10760655.0;;0.0222;0.0222
;US-OR;2009;p90p100;211990.09;;0.43689999;0.43689999
;US-OR;2009;p90p95;131207.09;;0.13519999;0.13519999
;US-OR;2009;p95p99;191373.59;;0.1578;0.1578
;US-OR;2009;p99.5p99.9;596040.69;;0.0491;0.0491
;US-OR;2009;p99.9p99.99;1746443.6;;0.032400001;0.032400001
;US-OR;2009;p99p99.5;348341.5;;0.0359;0.0359
;US-OR;2009;p95p100;291874.41;;0.3008;0.3008
;US-OR;2009;p0p90;30592.5;;0.56739998;0.56739998
;US-OR;2009;p0p99;42020.602;;0.85729998;0.85729998
;US-OR;2009;p99.5p100;1029839.5;;0.1061;0.1061
;US-OR;2008;p0p100;66056.898;1.07643014949e+11;1.0;1.0
;US-OR;2008;p99p100;847660.81;;0.15549999;0.15549999
;US-OR;2008;p99.9p100;3505731.0;;0.064300001;0.064300001
;US-OR;2008;p99.99p100;14134573.0;;0.025900001;0.025900001
;US-OR;2008;p90p100;236791.59;;0.43439999;0.43439999
;US-OR;2008;p90p95;136364.41;;0.1251;0.1251
;US-OR;2008;p95p99;205484.59;;0.1508;0.1508
;US-OR;2008;p99.5p99.9;710732.5;;0.052200001;0.052200001
;US-OR;2008;p99.9p99.99;2260266.8;;0.037300002;0.037300002
;US-OR;2008;p99p99.5;390730.5;;0.035799999;0.035799999
;US-OR;2008;p95p100;335863.69;;0.30809999;0.30809999
;US-OR;2008;p0p90;34695.5;;0.5729;0.5729
;US-OR;2008;p0p99;46496.199;;0.84450001;0.84450001
;US-OR;2008;p99.5p100;1292094.8;;0.1185;0.1185
;US-OR;2007;p0p100;77711.102;1.15133202331e+11;1.0;1.0
;US-OR;2007;p99p100;1111832.8;;0.18700001;0.18700001
;US-OR;2007;p99.9p100;4968127.5;;0.083499998;0.083499998
;US-OR;2007;p99.99p100;20901406.0;;0.035100002;0.035100002
;US-OR;2007;p90p100;276714.41;;0.46529999;0.46529999
;US-OR;2007;p90p95;144090.59;;0.1211;0.1211
;US-OR;2007;p95p99;228769.91;;0.1539;0.1539
;US-OR;2007;p99.5p99.9;908494.88;;0.061099999;0.061099999
;US-OR;2007;p99.9p99.99;3152196.8;;0.047699999;0.047699999
;US-OR;2007;p99p99.5;465567.41;;0.039099999;0.039099999
;US-OR;2007;p95p100;407990.0;;0.34299999;0.34299999
;US-OR;2007;p0p90;35806.5;;0.54189998;0.54189998
;US-OR;2007;p0p99;48840.199;;0.81300002;0.81300002
;US-OR;2007;p99.5p100;1743512.8;;0.14659999;0.14659999
;US-OR;2006;p0p100;81347.703;1.10805247027e+11;1.0;1.0
;US-OR;2006;p99p100;1065187.1;;0.18099999;0.18099999
;US-OR;2006;p99.9p100;4664492.5;;0.0792;0.0792
;US-OR;2006;p99.99p100;18955326.0;;0.032200001;0.032200001
;US-OR;2006;p90p100;267996.41;;0.4553;0.4553
;US-OR;2006;p90p95;140621.09;;0.1194;0.1194
;US-OR;2006;p95p99;224399.0;;0.1525;0.1525
;US-OR;2006;p99.5p99.9;891207.88;;0.060600001;0.060600001
;US-OR;2006;p99.9p99.99;3062286.8;;0.046799999;0.046799999
;US-OR;2006;p99p99.5;457831.0;;0.038899999;0.038899999
;US-OR;2006;p95p100;394210.59;;0.3348;0.3348
;US-OR;2006;p0p90;35948.0;;0.54960001;0.54960001
;US-OR;2006;p0p99;48701.0;;0.81900001;0.81900001
;US-OR;2006;p99.5p100;1661892.3;;0.14120001;0.14120001
;US-OR;2005;p0p100;84402.398;1.04132877905e+11;1.0;1.0
;US-OR;2005;p99p100;971791.31;;0.1697;0.1697
;US-OR;2005;p99.9p100;4103718.8;;0.071699999;0.071699999
;US-OR;2005;p99.99p100;16142486.0;;0.028200001;0.028200001
;US-OR;2005;p90p100;254216.5;;0.44400001;0.44400001
;US-OR;2005;p90p95;135524.2;;0.1183;0.1183
;US-OR;2005;p95p99;220004.5;;0.15369999;0.15369999
;US-OR;2005;p99.5p99.9;825361.63;;0.057700001;0.057700001
;US-OR;2005;p99.9p99.99;2753524.0;;0.043299999;0.043299999
;US-OR;2005;p99p99.5;437172.31;;0.038199998;0.038199998
;US-OR;2005;p95p100;371454.31;;0.32440001;0.32440001
;US-OR;2005;p0p90;35671.0;;0.5607;0.5607
;US-OR;2005;p0p99;48022.301;;0.83029997;0.83029997
;US-OR;2005;p99.5p100;1496782.1;;0.13070001;0.13070001
;US-OR;2004;p0p100;84897.797;99461780117.0;1.0;1.0
;US-OR;2004;p99p100;850764.13;;0.1578;0.1578
;US-OR;2004;p99.9p100;3545097.3;;0.065700002;0.065700002
;US-OR;2004;p99.99p100;14142586.0;;0.0262;0.0262
;US-OR;2004;p90p100;231798.91;;0.42989999;0.42989999
;US-OR;2004;p90p95;123663.1;;0.1147;0.1147
;US-OR;2004;p95p99;210539.8;;0.15620001;0.15620001
;US-OR;2004;p99.5p99.9;724679.19;;0.053800002;0.053800002
;US-OR;2004;p99.9p99.99;2346821.0;;0.0392;0.0392
;US-OR;2004;p99p99.5;395615.91;;0.036699999;0.036699999
;US-OR;2004;p95p100;339057.31;;0.31439999;0.31439999
;US-OR;2004;p0p90;34346.801;;0.5733;0.5733
;US-OR;2004;p0p99;45871.102;;0.84219998;0.84219998
;US-OR;2004;p99.5p100;1300178.4;;0.1206;0.1206
;US-OR;2003;p0p100;87690.797;92743247245.0;1.0;1.0
;US-OR;2003;p99p100;756684.19;;0.1433;0.1433
;US-OR;2003;p99.9p100;3005893.0;;0.056899998;0.056899998
;US-OR;2003;p99.99p100;11809206.0;;0.022399999;0.022399999
;US-OR;2003;p90p100;219547.7;;0.41580001;0.41580001
;US-OR;2003;p90p95;126975.8;;0.1202;0.1202
;US-OR;2003;p95p99;199789.2;;0.1514;0.1514
;US-OR;2003;p99.5p99.9;660679.5;;0.050099999;0.050099999
;US-OR;2003;p99.9p99.99;2005078.8;;0.034200002;0.034200002
;US-OR;2003;p99p99.5;371918.19;;0.0352;0.0352
;US-OR;2003;p95p100;311691.31;;0.29519999;0.29519999
;US-OR;2003;p0p90;34414.5;;0.58660001;0.58660001
;US-OR;2003;p0p99;45691.301;;0.8567;0.8567
;US-OR;2003;p99.5p100;1137765.0;;0.1077;0.1077
;US-OR;2002;p0p100;90954.602;91037487429.0;1.0;1.0
;US-OR;2002;p99p100;718298.81;;0.1371;0.1371
;US-OR;2002;p99.9p100;2730030.5;;0.052099999;0.052099999
;US-OR;2002;p99.99p100;10202626.0;;0.0195;0.0195
;US-OR;2002;p90p100;216106.3;;0.41240001;0.41240001
;US-OR;2002;p90p95;128060.4;;0.1222;0.1222
;US-OR;2002;p95p99;199670.09;;0.1524;0.1524
;US-OR;2002;p99.5p99.9;641553.38;;0.048999999;0.048999999
;US-OR;2002;p99.9p99.99;1883251.9;;0.032299999;0.032299999
;US-OR;2002;p99p99.5;367362.69;;0.035100002;0.035100002
;US-OR;2002;p95p100;303793.69;;0.2899;0.2899
;US-OR;2002;p0p90;34324.398;;0.58950001;0.58950001
;US-OR;2002;p0p99;45673.699;;0.86290002;0.86290002
;US-OR;2002;p99.5p100;1066171.6;;0.1017;0.1017
;US-OR;2001;p0p100;100485.5;94886193238.0;1.0;1.0
;US-OR;2001;p99p100;787895.0;;0.14049999;0.14049999
;US-OR;2001;p99.9p100;3069456.8;;0.054699998;0.054699998
;US-OR;2001;p99.99p100;11936217.0;;0.021299999;0.021299999
;US-OR;2001;p90p100;230190.7;;0.41060001;0.41060001
;US-OR;2001;p90p95;132915.59;;0.1185;0.1185
;US-OR;2001;p95p99;211343.41;;0.1508;0.1508
;US-OR;2001;p99.5p99.9;684089.31;;0.048799999;0.048799999
;US-OR;2001;p99.9p99.99;2091697.8;;0.033599999;0.033599999
;US-OR;2001;p99p99.5;413352.91;;0.036899999;0.036899999
;US-OR;2001;p95p100;326999.81;;0.29159999;0.29159999
;US-OR;2001;p0p90;36762.301;;0.59009999;0.59009999
;US-OR;2001;p0p99;48672.699;;0.85949999;0.85949999
;US-OR;2001;p99.5p100;1163427.5;;0.1038;0.1038
;US-OR;2000;p0p100;116128.6;1.0237160547e+11;1.0;1.0
;US-OR;2000;p99p100;1096260.3;;0.1788;0.1788
;US-OR;2000;p99.9p100;5017601.0;;0.081799999;0.081799999
;US-OR;2000;p99.99p100;20881038.0;;0.0341;0.0341
;US-OR;2000;p90p100;271236.81;;0.4425;0.4425
;US-OR;2000;p90p95;137939.41;;0.1125;0.1125
;US-OR;2000;p95p99;229980.8;;0.15009999;0.15009999
;US-OR;2000;p99.5p99.9;898439.63;;0.058600001;0.058600001
;US-OR;2000;p99.9p99.99;3273294.0;;0.048099998;0.048099998
;US-OR;2000;p99p99.5;462787.31;;0.037700001;0.037700001
;US-OR;2000;p95p100;403940.59;;0.32949999;0.32949999
;US-OR;2000;p0p90;38071.602;;0.5589;0.5589
;US-OR;2000;p0p99;50848.301;;0.82120001;0.82120001
;US-OR;2000;p99.5p100;1728136.3;;0.141;0.141
;US-OR;1999;p0p100;120119.9;97319391601.0;1.0;1.0
;US-OR;1999;p99p100;953847.88;;0.16069999;0.16069999
;US-OR;1999;p99.9p100;4083264.0;;0.068800002;0.068800002
;US-OR;1999;p99.99p100;16107062.0;;0.027100001;0.027100001
;US-OR;1999;p90p100;254021.59;;0.42789999;0.42789999
;US-OR;1999;p90p95;136642.8;;0.1151;0.1151
;US-OR;1999;p95p99;225085.09;;0.1517;0.1517
;US-OR;1999;p99.5p99.9;804775.19;;0.054200001;0.054200001
;US-OR;1999;p99.9p99.99;2774638.5;;0.042100001;0.042100001
;US-OR;1999;p99p99.5;445379.41;;0.037500001;0.037500001
;US-OR;1999;p95p100;371039.09;;0.3125;0.3125
;US-OR;1999;p0p90;37749.602;;0.57230002;0.57230002
;US-OR;1999;p0p99;50328.898;;0.83929998;0.83929998
;US-OR;1999;p99.5p100;1462198.8;;0.1232;0.1232
;US-OR;1998;p0p100;121163.6;93216122517.0;1.0;1.0
;US-OR;1998;p99p100;885179.5;;0.1541;0.1541
;US-OR;1998;p99.9p100;3729964.5;;0.064900003;0.064900003
;US-OR;1998;p99.99p100;14499619.0;;0.0252;0.0252
;US-OR;1998;p90p100;238560.91;;0.4152;0.4152
;US-OR;1998;p90p95;130681.1;;0.1137;0.1137
;US-OR;1998;p95p99;210989.8;;0.1469;0.1469
;US-OR;1998;p99.5p99.9;755992.69;;0.0526;0.0526
;US-OR;1998;p99.9p99.99;2555381.3;;0.039999999;0.039999999
;US-OR;1998;p99p99.5;418117.5;;0.036400001;0.036400001
;US-OR;1998;p95p100;346129.91;;0.3012;0.3012
;US-OR;1998;p0p90;37355.301;;0.5851;0.5851
;US-OR;1998;p0p99;49097.0;;0.8459;0.8459
;US-OR;1998;p99.5p100;1352141.8;;0.1177;0.1177
;US-OR;1997;p0p100;117723.9;88168740560.0;1.0;1.0
;US-OR;1997;p99p100;835267.5;;0.1538;0.1538
;US-OR;1997;p99.9p100;3547823.0;;0.065300003;0.065300003
;US-OR;1997;p99.99p100;14602843.0;;0.026900001;0.026900001
;US-OR;1997;p90p100;228860.8;;0.4215;0.4215
;US-OR;1997;p90p95;127328.0;;0.1172;0.1172
;US-OR;1997;p95p99;203847.09;;0.15019999;0.15019999
;US-OR;1997;p99.5p99.9;703431.88;;0.051800001;0.051800001
;US-OR;1997;p99.9p99.99;2324651.0;;0.0385;0.0385
;US-OR;1997;p99p99.5;397397.69;;0.036600001;0.036600001
;US-OR;1997;p95p100;330240.09;;0.30410001;0.30410001
;US-OR;1997;p0p90;34918.5;;0.57880002;0.57880002
;US-OR;1997;p0p99;46411.5;;0.84619999;0.84619999
;US-OR;1997;p99.5p100;1272846.5;;0.1172;0.1172
;US-OR;1996;p0p100;118794.5;82071271044.0;1.0;1.0
;US-OR;1996;p99p100;743843.81;;0.1417;0.1417
;US-OR;1996;p99.9p100;2916830.3;;0.055599999;0.055599999
;US-OR;1996;p99.99p100;11134716.0;;0.021199999;0.021199999
;US-OR;1996;p90p100;213104.09;;0.4059;0.4059
;US-OR;1996;p90p95;122709.9;;0.1169;0.1169
;US-OR;1996;p95p99;193246.59;;0.1472;0.1472
;US-OR;1996;p99.5p99.9;662434.69;;0.050500002;0.050500002
;US-OR;1996;p99.9p99.99;2001537.1;;0.034299999;0.034299999
;US-OR;1996;p99p99.5;370684.59;;0.035300002;0.035300002
;US-OR;1996;p95p100;303415.0;;0.289;0.289
;US-OR;1996;p0p90;34685.801;;0.59460002;0.59460002
;US-OR;1996;p0p99;45517.301;;0.85829997;0.85829997
;US-OR;1996;p99.5p100;1116180.1;;0.1063;0.1063
;US-OR;1995;p0p100;119584.1;76227005502.0;1.0;1.0
;US-OR;1995;p99p100;648974.5;;0.1294;0.1294
;US-OR;1995;p99.9p100;2368217.0;;0.047200002;0.047200002
;US-OR;1995;p99.99p100;8419188.0;;0.016799999;0.016799999
;US-OR;1995;p90p100;198067.8;;0.39500001;0.39500001
;US-OR;1995;p90p95;118939.1;;0.1186;0.1186
;US-OR;1995;p95p99;184218.41;;0.147;0.147
;US-OR;1995;p99.5p99.9;597866.31;;0.047699999;0.047699999
;US-OR;1995;p99.9p99.99;1696245.6;;0.030400001;0.030400001
;US-OR;1995;p99p99.5;343975.69;;0.034299999;0.034299999
;US-OR;1995;p95p100;277141.69;;0.27630001;0.27630001
;US-OR;1995;p0p90;33720.898;;0.60519999;0.60519999
;US-OR;1995;p0p99;44095.602;;0.87059999;0.87059999
;US-OR;1995;p99.5p100;953644.81;;0.095100001;0.095100001
;US-OR;1994;p0p100;121862.8;71749337110.0;1.0;1.0
;US-OR;1994;p99p100;612521.31;;0.1257;0.1257
;US-OR;1994;p99.9p100;2254178.0;;0.046300001;0.046300001
;US-OR;1994;p99.99p100;8327114.5;;0.017100001;0.017100001
;US-OR;1994;p90p100;188305.41;;0.3865;0.3865
;US-OR;1994;p90p95;113636.3;;0.1166;0.1166
;US-OR;1994;p95p99;175583.8;;0.1441;0.1441
;US-OR;1994;p99.5p99.9;560082.5;;0.046;0.046
;US-OR;1994;p99.9p99.99;1574680.8;;0.029100001;0.029100001
;US-OR;1994;p99p99.5;324231.91;;0.033300001;0.033300001
;US-OR;1994;p95p100;262950.59;;0.26980001;0.26980001
;US-OR;1994;p0p90;33231.602;;0.61379999;0.61379999
;US-OR;1994;p0p99;43030.102;;0.8743;0.8743
;US-OR;1994;p99.5p100;900545.88;;0.092399999;0.092399999
;US-OR;1993;p0p100;120539.7;68335568963.0;1.0;1.0
;US-OR;1993;p99p100;588542.13;;0.1274;0.1274
;US-OR;1993;p99.9p100;2194546.3;;0.047499999;0.047499999
;US-OR;1993;p99.99p100;8223027.0;;0.0178;0.0178
;US-OR;1993;p90p100;181223.91;;0.39219999;0.39219999
;US-OR;1993;p90p95;108616.7;;0.1175;0.1175
;US-OR;1993;p95p99;170165.91;;0.1473;0.1473
;US-OR;1993;p99.5p99.9;538171.88;;0.046599999;0.046599999
;US-OR;1993;p99.9p99.99;1520594.0;;0.0296;0.0296
;US-OR;1993;p99p99.5;305989.09;;0.033100002;0.033100002
;US-OR;1993;p95p100;253807.09;;0.27469999;0.27469999
;US-OR;1993;p0p90;31212.801;;0.60799998;0.60799998
;US-OR;1993;p0p99;40724.301;;0.87260002;0.87260002
;US-OR;1993;p99.5p100;870716.38;;0.0942;0.0942
;US-OR;1992;p0p100;126582.9;66228989797.0;1.0;1.0
;US-OR;1992;p99p100;584798.0;;0.1266;0.1266
;US-OR;1992;p99.9p100;2165187.5;;0.0469;0.0469
;US-OR;1992;p99.99p100;7962835.5;;0.017200001;0.017200001
;US-OR;1992;p90p100;181051.09;;0.39179999;0.39179999
;US-OR;1992;p90p95;111873.7;;0.1211;0.1211
;US-OR;1992;p95p99;166654.3;;0.1443;0.1443
;US-OR;1992;p99.5p99.9;539056.5;;0.046700001;0.046700001
;US-OR;1992;p99.9p99.99;1519907.8;;0.0296;0.0296
;US-OR;1992;p99p99.5;304302.5;;0.032900002;0.032900002
;US-OR;1992;p95p100;250295.09;;0.27079999;0.27079999
;US-OR;1992;p0p90;31226.4;;0.60820001;0.60820001
;US-OR;1992;p0p99;40765.301;;0.87339997;0.87339997
;US-OR;1992;p99.5p100;865109.63;;0.093599997;0.093599997
;US-OR;1991;p0p100;132776.59;64587044230.0;1.0;1.0
;US-OR;1991;p99p100;545616.5;;0.1184;0.1184
;US-OR;1991;p99.9p100;1993400.0;;0.043200001;0.043200001
;US-OR;1991;p99.99p100;7256197.0;;0.015699999;0.015699999
;US-OR;1991;p90p100;175335.7;;0.38029999;0.38029999
;US-OR;1991;p90p95;111423.3;;0.1209;0.1209
;US-OR;1991;p95p99;162851.91;;0.14129999;0.14129999
;US-OR;1991;p99.5p99.9;506125.0;;0.043900002;0.043900002
;US-OR;1991;p99.9p99.99;1408370.6;;0.0275;0.0275
;US-OR;1991;p99p99.5;287436.69;;0.031199999;0.031199999
;US-OR;1991;p95p100;239386.5;;0.25960001;0.25960001
;US-OR;1991;p0p90;31732.4;;0.61949998;0.61949998
;US-OR;1991;p0p99;41053.602;;0.88160002;0.88160002
;US-OR;1991;p99.5p100;803806.0;;0.087200001;0.087200001
;US-OR;1990;p0p100;146060.0;64652835322.0;1.0;1.0
;US-OR;1990;p99p100;586733.63;;0.1241;0.1241
;US-OR;1990;p99.9p100;2193156.3;;0.046399999;0.046399999
;US-OR;1990;p99.99p100;8080285.0;;0.017100001;0.017100001
;US-OR;1990;p90p100;179755.0;;0.38029999;0.38029999
;US-OR;1990;p90p95;110262.2;;0.1167;0.1167
;US-OR;1990;p95p99;164852.3;;0.13950001;0.13950001
;US-OR;1990;p99.5p99.9;544046.63;;0.046;0.046
;US-OR;1990;p99.9p99.99;1540527.8;;0.029300001;0.029300001
;US-OR;1990;p99p99.5;299329.5;;0.0317;0.0317
;US-OR;1990;p95p100;249257.7;;0.26370001;0.26370001
;US-OR;1990;p0p90;32540.5;;0.61970001;0.61970001
;US-OR;1990;p0p99;41811.801;;0.87589997;0.87589997
;US-OR;1990;p99.5p100;873909.19;;0.092500001;0.092500001
;US-OR;1989;p0p100;162150.09;62696999095.0;1.0;1.0
;US-OR;1989;p99p100;614682.13;;0.12909999;0.12909999
;US-OR;1989;p99.9p100;2397361.3;;0.0504;0.0504
;US-OR;1989;p99.99p100;9237598.0;;0.019400001;0.019400001
;US-OR;1989;p90p100;180604.3;;0.37940001;0.37940001
;US-OR;1989;p90p95;108291.1;;0.1137;0.1137
;US-OR;1989;p95p99;160493.09;;0.1349;0.1349
;US-OR;1989;p99.5p99.9;545994.5;;0.045899998;0.045899998
;US-OR;1989;p99.9p99.99;1614090.6;;0.0305;0.0305
;US-OR;1989;p99p99.5;301223.09;;0.031599998;0.031599998
;US-OR;1989;p95p100;252644.09;;0.26539999;0.26539999
;US-OR;1989;p0p90;33003.301;;0.62400001;0.62400001
;US-OR;1989;p0p99;41875.699;;0.87089998;0.87089998
;US-OR;1989;p99.5p100;923358.88;;0.097000003;0.097000003
;US-OR;1988;p0p100;175726.8;60693074435.0;1.0;1.0
;US-OR;1988;p99p100;605669.63;;0.1277;0.1277
;US-OR;1988;p99.9p100;2395610.0;;0.050500002;0.050500002
;US-OR;1988;p99.99p100;9090831.0;;0.019200001;0.019200001
;US-OR;1988;p90p100;176216.09;;0.37169999;0.37169999
;US-OR;1988;p90p95;105621.4;;0.1114;0.1114
;US-OR;1988;p95p99;153127.7;;0.1292;0.1292
;US-OR;1988;p99.5p99.9;529459.19;;0.0447;0.0447
;US-OR;1988;p99.9p99.99;1610708.3;;0.0306;0.0306
;US-OR;1988;p99p99.5;285601.91;;0.030099999;0.030099999
;US-OR;1988;p95p100;246246.3;;0.2597;0.2597
;US-OR;1988;p0p90;33444.301;;0.63489997;0.63489997
;US-OR;1988;p0p99;41771.699;;0.87230003;0.87230003
;US-OR;1988;p99.5p100;916255.31;;0.096600004;0.096600004
;US-OR;1987;p0p100;184247.7;56232128877.0;1.0;1.0
;US-OR;1987;p99p100;479503.31;;0.1037;0.1037
;US-OR;1987;p99.9p100;1675742.0;;0.036200002;0.036200002
;US-OR;1987;p99.99p100;5894448.5;;0.0127;0.0127
;US-OR;1987;p90p100;160344.59;;0.34670001;0.34670001
;US-OR;1987;p90p95;104594.5;;0.1131;0.1131
;US-OR;1987;p95p99;147930.7;;0.1279;0.1279
;US-OR;1987;p99.5p99.9;438062.81;;0.037900001;0.037900001
;US-OR;1987;p99.9p99.99;1180536.6;;0.023;0.023
;US-OR;1987;p99p99.5;259353.5;;0.028000001;0.028000001
;US-OR;1987;p95p100;215815.2;;0.2333;0.2333
;US-OR;1987;p0p90;33783.0;;0.65740001;0.65740001
;US-OR;1987;p0p99;41876.301;;0.89630002;0.89630002
;US-OR;1987;p99.5p100;694018.69;;0.075000003;0.075000003
;US-OR;1986;p0p100;200823.0;58085675765.0;1.0;1.0
;US-OR;1986;p99p100;600214.38;;0.12720001;0.12720001
;US-OR;1986;p99.9p100;2510855.0;;0.053199999;0.053199999
;US-OR;1986;p99.99p100;10202196.0;;0.021600001;0.021600001
;US-OR;1986;p90p100;171370.91;;0.3633;0.3633
;US-OR;1986;p90p95;101768.3;;0.1079;0.1079
;US-OR;1986;p95p99;147218.5;;0.1248;0.1248
;US-OR;1986;p99.5p99.9;506620.81;;0.043000001;0.043000001
;US-OR;1986;p99.9p99.99;1598227.3;;0.0305;0.0305
;US-OR;1986;p99p99.5;269043.69;;0.0285;0.0285
;US-OR;1986;p95p100;240338.41;;0.25470001;0.25470001
;US-OR;1986;p0p90;33738.398;;0.6437;0.6437
;US-OR;1986;p0p99;41585.699;;0.87279999;0.87279999
;US-OR;1986;p99.5p100;921470.19;;0.0977;0.0977
;US-OR;1985;p0p100;190313.3;53345145460.0;1.0;1.0
;US-OR;1985;p99p100;465185.31;;0.1079;0.1079
;US-OR;1985;p99.9p100;1806248.1;;0.041900001;0.041900001
;US-OR;1985;p99.99p100;6958172.0;;0.016100001;0.016100001
;US-OR;1985;p90p100;149734.09;;0.34720001;0.34720001
;US-OR;1985;p90p95;96132.203;;0.1115;0.1115
;US-OR;1985;p95p99;135853.41;;0.126;0.126
;US-OR;1985;p99.5p99.9;399641.41;;0.037099998;0.037099998
;US-OR;1985;p99.9p99.99;1188070.6;;0.024800001;0.024800001
;US-OR;1985;p99p99.5;234844.59;;0.0272;0.0272
;US-OR;1985;p95p100;203051.0;;0.23540001;0.23540001
;US-OR;1985;p0p90;31498.9;;0.6573;0.6573
;US-OR;1985;p0p99;38864.398;;0.89209998;0.89209998
;US-OR;1985;p99.5p100;690046.19;;0.079999998;0.079999998
;US-OR;1984;p0p100;205021.91;52191192374.0;1.0;1.0
;US-OR;1984;p99p100;432736.59;;0.099600002;0.099600002
;US-OR;1984;p99.9p100;1650183.3;;0.037999999;0.037999999
;US-OR;1984;p99.99p100;6479710.5;;0.0149;0.0149
;US-OR;1984;p90p100;145203.8;;0.3344;0.3344
;US-OR;1984;p90p95;95873.102;;0.1104;0.1104
;US-OR;1984;p95p99;133391.59;;0.1229;0.1229
;US-OR;1984;p99.5p99.9;370784.09;;0.034200002;0.034200002
;US-OR;1984;p99.9p99.99;1066264.3;;0.0221;0.0221
;US-OR;1984;p99p99.5;225008.3;;0.025900001;0.025900001
;US-OR;1984;p95p100;194447.2;;0.22390001;0.22390001
;US-OR;1984;p0p90;32313.9;;0.66970003;0.66970003
;US-OR;1984;p0p99;39495.199;;0.90039998;0.90039998
;US-OR;1984;p99.5p100;635472.38;;0.073200002;0.073200002
;US-OR;1983;p0p100;224167.59;50379136126.0;1.0;1.0
;US-OR;1983;p99p100;390510.5;;0.092900001;0.092900001
;US-OR;1983;p99.9p100;1401217.3;;0.033300001;0.033300001
;US-OR;1983;p99.99p100;5404798.5;;0.0129;0.0129
;US-OR;1983;p90p100;138212.3;;0.32890001;0.32890001
;US-OR;1983;p90p95;94595.898;;0.1125;0.1125
;US-OR;1983;p95p99;129380.7;;0.1231;0.1231
;US-OR;1983;p99.5p99.9;348134.59;;0.033100002;0.033100002
;US-OR;1983;p99.9p99.99;937841.19;;0.020099999;0.020099999
;US-OR;1983;p99p99.5;215506.5;;0.025599999;0.025599999
;US-OR;1983;p95p100;182087.09;;0.2166;0.2166
;US-OR;1983;p0p90;31409.301;;0.67259997;0.67259997
;US-OR;1983;p0p99;38508.0;;0.90710002;0.90710002
;US-OR;1983;p99.5p100;563081.38;;0.067000002;0.067000002
;US-OR;1982;p0p100;230523.5;49686780615.0;1.0;1.0
;US-OR;1982;p99p100;387528.91;;0.093500003;0.093500003
;US-OR;1982;p99.9p100;1498945.8;;0.036200002;0.036200002
;US-OR;1982;p99.99p100;6223671.0;;0.015;0.015
;US-OR;1982;p90p100;133207.91;;0.32139999;0.32139999
;US-OR;1982;p90p95;88179.602;;0.1064;0.1064
;US-OR;1982;p95p99;125403.6;;0.121;0.121
;US-OR;1982;p99.5p99.9;340051.5;;0.0328;0.0328
;US-OR;1982;p99.9p99.99;973976.31;;0.0211;0.0211
;US-OR;1982;p99p99.5;203227.5;;0.024499999;0.024499999
;US-OR;1982;p95p100;178452.7;;0.21529999;0.21529999
;US-OR;1982;p0p90;31277.801;;0.67909998;0.67909998
;US-OR;1982;p0p99;37954.699;;0.90649998;0.90649998
;US-OR;1982;p99.5p100;571830.38;;0.068999998;0.068999998
;US-OR;1981;p0p100;273092.5;52438313288.0;1.0;1.0
;US-OR;1981;p99p100;364524.09;;0.083499998;0.083499998
;US-OR;1981;p99.9p100;1142794.0;;0.0262;0.0262
;US-OR;1981;p99.99p100;3893833.5;;0.0088999998;0.0088999998
;US-OR;1981;p90p100;146255.09;;0.33489999;0.33489999
;US-OR;1981;p90p95;107793.9;;0.1234;0.1234
;US-OR;1981;p95p99;140134.5;;0.1283;0.1283
;US-OR;1981;p99.5p99.9;353522.09;;0.032400001;0.032400001
;US-OR;1981;p99.9p99.99;836359.69;;0.017200001;0.017200001
;US-OR;1981;p99p99.5;216541.0;;0.024800001;0.024800001
;US-OR;1981;p95p100;185197.91;;0.212;0.212
;US-OR;1981;p0p90;32267.4;;0.6649;0.6649
;US-OR;1981;p0p99;40433.699;;0.91649997;0.91649997
;US-OR;1981;p99.5p100;512311.09;;0.058699999;0.058699999
;US-OR;1980;p0p100;349140.91;54351603802.0;1.0;1.0
;US-OR;1980;p99p100;388694.59;;0.083499998;0.083499998
;US-OR;1980;p99.9p100;1184318.8;;0.0254;0.0254
;US-OR;1980;p99.99p100;3587321.3;;0.0077;0.0077
;US-OR;1980;p90p100;148322.41;;0.3186;0.3186
;US-OR;1980;p90p95;105083.3;;0.1129;0.1129
;US-OR;1980;p95p99;142110.5;;0.1221;0.1221
;US-OR;1980;p99.5p99.9;375814.41;;0.032299999;0.032299999
;US-OR;1980;p99.9p99.99;916440.13;;0.0177;0.0177
;US-OR;1980;p99p99.5;239549.0;;0.025699999;0.025699999
;US-OR;1980;p95p100;191473.41;;0.2057;0.2057
;US-OR;1980;p0p90;35253.699;;0.68159997;0.68159997
;US-OR;1980;p0p99;43095.398;;0.91649997;0.91649997
;US-OR;1980;p99.5p100;537799.19;;0.057799999;0.057799999
;US-OR;1979;p0p100;451610.19;54143062694.0;1.0;1.0
;US-OR;1979;p99p100;423044.09;;0.0867;0.0867
;US-OR;1979;p99.9p100;1302073.5;;0.026699999;0.026699999
;US-OR;1979;p99.99p100;4636579.0;;0.0094999997;0.0094999997
;US-OR;1979;p90p100;154082.09;;0.3159;0.3159
;US-OR;1979;p90p95;106893.1;;0.1096;0.1096
;US-OR;1979;p95p99;145619.7;;0.1194;0.1194
;US-OR;1979;p99.5p99.9;406192.41;;0.033300001;0.033300001
;US-OR;1979;p99.9p99.99;931170.0;;0.017200001;0.017200001
;US-OR;1979;p99p99.5;260809.0;;0.026699999;0.026699999
;US-OR;1979;p95p100;201094.5;;0.2061;0.2061
;US-OR;1979;p0p90;37090.801;;0.68430001;0.68430001
;US-OR;1979;p0p99;45001.301;;0.91329998;0.91329998
;US-OR;1979;p99.5p100;585586.81;;0.059999999;0.059999999
;US-OR;1978;p0p100;514456.19;50923702351.0;1.0;1.0
;US-OR;1978;p99p100;385761.41;;0.083400004;0.083400004
;US-OR;1978;p99.9p100;1067092.3;;0.0231;0.0231
;US-OR;1978;p99.99p100;3258824.5;;0.0070000002;0.0070000002
;US-OR;1978;p90p100;150684.91;;0.3256;0.3256
;US-OR;1978;p90p95;103208.5;;0.1115;0.1115
;US-OR;1978;p95p99;151359.7;;0.13079999;0.13079999
;US-OR;1978;p99.5p99.9;384390.19;;0.033199999;0.033199999
;US-OR;1978;p99.9p99.99;823369.31;;0.016000001;0.016000001
;US-OR;1978;p99p99.5;250519.91;;0.027100001;0.027100001
;US-OR;1978;p95p100;198154.59;;0.2141;0.2141
;US-OR;1978;p0p90;34675.301;;0.67430001;0.67430001
;US-OR;1978;p0p99;42850.602;;0.91659999;0.91659999
;US-OR;1978;p99.5p100;521088.31;;0.056299999;0.056299999
;US-OR;1977;p0p100;572376.88;47507850338.0;1.0;1.0
;US-OR;1977;p99p100;384197.5;;0.086400002;0.086400002
;US-OR;1977;p99.9p100;1142815.4;;0.025699999;0.025699999
;US-OR;1977;p99.99p100;4149323.5;;0.0093;0.0093
;US-OR;1977;p90p100;147515.59;;0.33160001;0.33160001
;US-OR;1977;p90p95;102447.2;;0.1152;0.1152
;US-OR;1977;p95p99;144677.7;;0.1301;0.1301
;US-OR;1977;p99.5p99.9;362875.09;;0.032600001;0.032600001
;US-OR;1977;p99.9p99.99;809108.13;;0.0164;0.0164
;US-OR;1977;p99p99.5;249627.2;;0.028100001;0.028100001
;US-OR;1977;p95p100;192589.7;;0.2165;0.2165
;US-OR;1977;p0p90;33031.898;;0.66829997;0.66829997
;US-OR;1977;p0p99;41049.5;;0.91360003;0.91360003
;US-OR;1977;p99.5p100;518831.69;;0.0583;0.0583
;US-OR;1976;p0p100;636659.0;45247879734.0;1.0;1.0
;US-OR;1976;p99p100;343797.19;;0.0788;0.0788
;US-OR;1976;p99.9p100;915943.69;;0.021;0.021
;US-OR;1976;p99.99p100;2517797.0;;0.0057999999;0.0057999999
;US-OR;1976;p90p100;137716.09;;0.31569999;0.31569999
;US-OR;1976;p90p95;97643.398;;0.1119;0.1119
;US-OR;1976;p95p99;136312.59;;0.125;0.125
;US-OR;1976;p99.5p99.9;329579.41;;0.030200001;0.030200001
;US-OR;1976;p99.9p99.99;738157.0;;0.0152;0.0152
;US-OR;1976;p99p99.5;240544.7;;0.0276;0.0276
;US-OR;1976;p95p100;177808.2;;0.20379999;0.20379999
;US-OR;1976;p0p90;33163.801;;0.68430001;0.68430001
;US-OR;1976;p0p99;40587.199;;0.92119998;0.92119998
;US-OR;1976;p99.5p100;446976.41;;0.051199999;0.051199999
;US-OR;1975;p0p100;672708.69;41539701695.0;1.0;1.0
;US-OR;1975;p99p100;332185.19;;0.080600001;0.080600001
;US-OR;1975;p99.9p100;900936.38;;0.0219;0.0219
;US-OR;1975;p99.99p100;2631475.5;;0.0063999998;0.0063999998
;US-OR;1975;p90p100;134569.8;;0.32659999;0.32659999
;US-OR;1975;p90p95;95006.203;;0.1153;0.1153
;US-OR;1975;p95p99;134658.91;;0.13070001;0.13070001
;US-OR;1975;p99.5p99.9;324083.31;;0.031500001;0.031500001
;US-OR;1975;p99.9p99.99;709053.19;;0.0155;0.0155
;US-OR;1975;p99p99.5;224632.91;;0.0273;0.0273
;US-OR;1975;p95p100;174159.2;;0.2113;0.2113
;US-OR;1975;p0p90;30829.4;;0.67339998;0.67339998
;US-OR;1975;p0p99;38264.699;;0.91939998;0.91939998
;US-OR;1975;p99.5p100;439567.59;;0.053300001;0.053300001
;US-OR;1974;p0p100;838038.69;42219388863.0;1.0;1.0
;US-OR;1974;p99p100;364101.41;;0.0845;0.0845
;US-OR;1974;p99.9p100;1040618.6;;0.0241;0.0241
;US-OR;1974;p99.99p100;3209300.3;;0.0074;0.0074
;US-OR;1974;p90p100;139162.7;;0.3229;0.3229
;US-OR;1974;p90p95;96045.898;;0.1114;0.1114
;US-OR;1974;p95p99;136578.7;;0.1267;0.1267
;US-OR;1974;p99.5p99.9;359440.19;;0.033399999;0.033399999
;US-OR;1974;p99.9p99.99;796485.69;;0.0166;0.0166
;US-OR;1974;p99p99.5;230938.09;;0.026799999;0.026799999
;US-OR;1974;p95p100;182295.41;;0.2115;0.2115
;US-OR;1974;p0p90;32452.301;;0.67760003;0.67760003
;US-OR;1974;p0p99;39860.301;;0.91549999;0.91549999
;US-OR;1974;p99.5p100;496622.59;;0.057599999;0.057599999
;US-OR;1973;p0p100;1028892.4;40880710070.0;1.0;1.0
;US-OR;1973;p99p100;394084.09;;0.091799997;0.091799997
;US-OR;1973;p99.9p100;1267592.8;;0.0295;0.0295
;US-OR;1973;p99.99p100;4950151.5;;0.0115;0.0115
;US-OR;1973;p90p100;142992.91;;0.33309999;0.33309999
;US-OR;1973;p90p95;95482.703;;0.1112;0.1112
;US-OR;1973;p95p99;139608.41;;0.1301;0.1301
;US-OR;1973;p99.5p99.9;372553.19;;0.034699999;0.034699999
;US-OR;1973;p99.9p99.99;858923.38;;0.017999999;0.017999999
;US-OR;1973;p99p99.5;236818.8;;0.0276;0.0276
;US-OR;1973;p95p100;190503.3;;0.2219;0.2219
;US-OR;1973;p0p90;31801.6;;0.66680002;0.66680002
;US-OR;1973;p0p99;39375.199;;0.90820003;0.90820003
;US-OR;1973;p99.5p100;551567.81;;0.064300001;0.064300001
;US-OR;1972;p0p100;1133378.6;38796530181.0;1.0;1.0
;US-OR;1972;p99p100;390269.09;;0.093099996;0.093099996
;US-OR;1972;p99.9p100;1352630.8;;0.032299999;0.032299999
;US-OR;1972;p99.99p100;5795394.0;;0.0138;0.0138
;US-OR;1972;p90p100;137516.7;;0.32820001;0.32820001
;US-OR;1972;p90p95;91671.5;;0.1094;0.1094
;US-OR;1972;p95p99;131639.59;;0.1257;0.1257
;US-OR;1972;p99.5p99.9;351614.59;;0.033599999;0.033599999
;US-OR;1972;p99.9p99.99;859167.31;;0.0185;0.0185
;US-OR;1972;p99p99.5;228944.2;;0.0273;0.0273
;US-OR;1972;p95p100;183365.7;;0.21879999;0.21879999
;US-OR;1972;p0p90;31280.801;;0.67180002;0.67180002
;US-OR;1972;p0p99;38387.0;;0.90689999;0.90689999
;US-OR;1972;p99.5p100;551594.13;;0.065800004;0.065800004
;US-OR;1971;p0p100;1146096.4;35760519008.0;1.0;1.0
;US-OR;1971;p99p100;344580.0;;0.086599998;0.086599998
;US-OR;1971;p99.9p100;1068174.9;;0.026900001;0.026900001
;US-OR;1971;p99.99p100;4358356.5;;0.011;0.011
;US-OR;1971;p90p100;131953.91;;0.3317;0.3317
;US-OR;1971;p90p95;90346.898;;0.1136;0.1136
;US-OR;1971;p95p99;130836.0;;0.13160001;0.13160001
;US-OR;1971;p99.5p99.9;327414.91;;0.032900002;0.032900002
;US-OR;1971;p99.9p99.99;702449.63;;0.015900001;0.015900001
;US-OR;1971;p99p99.5;213523.91;;0.026799999;0.026799999
;US-OR;1971;p95p100;173579.5;;0.2182;0.2182
;US-OR;1971;p0p90;29539.0;;0.66829997;0.66829997
;US-OR;1971;p0p99;36702.398;;0.91339999;0.91339999
;US-OR;1971;p99.5p100;475602.5;;0.059799999;0.059799999
;US-OR;1970;p0p100;1232628.4;34210875202.0;1.0;1.0
;US-OR;1970;p99p100;311564.19;;0.079300001;0.079300001
;US-OR;1970;p99.9p100;814939.13;;0.0208;0.0208
;US-OR;1970;p99.99p100;2444930.5;;0.0062000002;0.0062000002
;US-OR;1970;p90p100;126192.9;;0.32139999;0.32139999
;US-OR;1970;p90p95;89636.203;;0.1141;0.1141
;US-OR;1970;p95p99;125636.6;;0.12800001;0.12800001
;US-OR;1970;p99.5p99.9;315607.91;;0.032099999;0.032099999
;US-OR;1970;p99.9p99.99;633389.0;;0.0145;0.0145
;US-OR;1970;p99p99.5;207255.8;;0.0264;0.0264
;US-OR;1970;p95p100;162796.2;;0.20730001;0.20730001
;US-OR;1970;p0p90;29608.699;;0.67860001;0.67860001
;US-OR;1970;p0p99;36517.898;;0.92070001;0.92070001
;US-OR;1970;p99.5p100;415744.09;;0.052900001;0.052900001
;US-OR;1969;p0p100;1389867.5;33914979993.0;1.0;1.0
;US-OR;1969;p99p100;369841.09;;0.093400002;0.093400002
;US-OR;1969;p99.9p100;1209898.3;;0.0305;0.0305
;US-OR;1969;p99.99p100;4478299.5;;0.0113;0.0113
;US-OR;1969;p90p100;132798.2;;0.33520001;0.33520001
;US-OR;1969;p90p95;90176.602;;0.1138;0.1138
;US-OR;1969;p95p99;126876.1;;0.12809999;0.12809999
;US-OR;1969;p99.5p99.9;341398.0;;0.034499999;0.034499999
;US-OR;1969;p99.9p99.99;848170.38;;0.019300001;0.019300001
;US-OR;1969;p99p99.5;224582.59;;0.0283;0.0283
;US-OR;1969;p95p100;175444.09;;0.22139999;0.22139999
;US-OR;1969;p0p90;29256.4;;0.66469997;0.66469997
;US-OR;1969;p0p99;36278.699;;0.9066;0.9066
;US-OR;1969;p99.5p100;515197.5;;0.064999998;0.064999998
;US-OR;1968;p0p100;1529053.6;33028123213.0;1.0;1.0
;US-OR;1968;p99p100;385351.0;;0.098300003;0.098300003
;US-OR;1968;p99.9p100;1181145.1;;0.030099999;0.030099999
;US-OR;1968;p99.99p100;3861016.5;;0.0098999999;0.0098999999
;US-OR;1968;p90p100;134070.09;;0.34209999;0.34209999
;US-OR;1968;p90p95;87401.203;;0.1115;0.1115
;US-OR;1968;p95p99;129527.5;;0.1322;0.1322
;US-OR;1968;p99.5p99.9;380664.09;;0.038899999;0.038899999
;US-OR;1968;p99.9p99.99;886440.88;;0.020400001;0.020400001
;US-OR;1968;p99p99.5;230011.59;;0.029300001;0.029300001
;US-OR;1968;p95p100;180706.7;;0.2306;0.2306
;US-OR;1968;p0p90;28642.199;;0.65780002;0.65780002
;US-OR;1968;p0p99;35689.102;;0.90170002;0.90170002
;US-OR;1968;p99.5p100;540600.69;;0.068999998;0.068999998
;US-OR;1967;p0p100;1605998.8;31451997334.0;1.0;1.0
;US-OR;1967;p99p100;364599.41;;0.096199997;0.096199997
;US-OR;1967;p99.9p100;1086057.1;;0.0286;0.0286
;US-OR;1967;p99.99p100;3556035.0;;0.0093999999;0.0093999999
;US-OR;1967;p90p100;128787.3;;0.33970001;0.33970001
;US-OR;1967;p90p95;83992.398;;0.1108;0.1108
;US-OR;1967;p95p99;125929.9;;0.1329;0.1329
;US-OR;1967;p99.5p99.9;356571.41;;0.037599999;0.037599999
;US-OR;1967;p99.9p99.99;812101.5;;0.019300001;0.019300001
;US-OR;1967;p99p99.5;226756.91;;0.029899999;0.029899999
;US-OR;1967;p95p100;173624.91;;0.229;0.229
;US-OR;1967;p0p90;27810.4;;0.6602;0.6602
;US-OR;1967;p0p99;34612.898;;0.90380001;0.90380001
;US-OR;1967;p99.5p100;502496.69;;0.066299997;0.066299997
;US-OR;1966;p0p100;1668935.8;30243929830.0;1.0;1.0
;US-OR;1966;p99p100;337154.41;;0.090899996;0.090899996
;US-OR;1966;p99.9p100;937858.88;;0.0253;0.0253
;US-OR;1966;p99.99p100;2967800.5;;0.0080000004;0.0080000004
;US-OR;1966;p90p100;122436.5;;0.33019999;0.33019999
;US-OR;1966;p90p95;80865.398;;0.1091;0.1091
;US-OR;1966;p95p99;120887.1;;0.1304;0.1304
;US-OR;1966;p99.5p99.9;335104.91;;0.036200002;0.036200002
;US-OR;1966;p99.9p99.99;712624.88;;0.0173;0.0173
;US-OR;1966;p99p99.5;217725.09;;0.0294;0.0294
;US-OR;1966;p95p100;164113.8;;0.22130001;0.22130001
;US-OR;1966;p0p90;27587.4;;0.66970003;0.66970003
;US-OR;1966;p0p99;34043.5;;0.9091;0.9091
;US-OR;1966;p99.5p100;456318.81;;0.061500002;0.061500002
;US-OR;1965;p0p100;1716189.0;28886064376.0;1.0;1.0
;US-OR;1965;p99p100;355848.59;;0.098700002;0.098700002
;US-OR;1965;p99.9p100;1102308.8;;0.0306;0.0306
;US-OR;1965;p99.99p100;4870118.0;;0.0135;0.0135
;US-OR;1965;p90p100;123732.9;;0.3434;0.3434
;US-OR;1965;p90p95;80999.102;;0.1124;0.1124
;US-OR;1965;p95p99;119103.4;;0.1322;0.1322
;US-OR;1965;p99.5p99.9;343717.59;;0.038199998;0.038199998
;US-OR;1965;p99.9p99.99;684140.81;;0.017100001;0.017100001
;US-OR;1965;p99p99.5;216112.41;;0.029999999;0.029999999
;US-OR;1965;p95p100;166461.0;;0.23100001;0.23100001
;US-OR;1965;p0p90;26292.699;;0.65670002;0.65670002
;US-OR;1965;p0p99;32805.301;;0.90130001;0.90130001
;US-OR;1965;p99.5p100;495541.5;;0.068800002;0.068800002
;US-OR;1964;p0p100;1688837.8;27025703187.0;1.0;1.0
;US-OR;1964;p99p100;342693.09;;0.099799998;0.099799998
;US-OR;1964;p99.9p100;1010574.4;;0.0294;0.0294
;US-OR;1964;p99.99p100;4615668.5;;0.0134;0.0134
;US-OR;1964;p90p100;120266.8;;0.3502;0.3502
;US-OR;1964;p90p95;80018.898;;0.1165;0.1165
;US-OR;1964;p95p99;114973.4;;0.1339;0.1339
;US-OR;1964;p99.5p99.9;320865.31;;0.0374;0.0374
;US-OR;1964;p99.9p99.99;610368.13;;0.016000001;0.016000001
;US-OR;1964;p99p99.5;226158.7;;0.032900002;0.032900002
;US-OR;1964;p95p100;160490.09;;0.23360001;0.23360001
;US-OR;1964;p0p90;24799.5;;0.64990002;0.64990002
;US-OR;1964;p0p99;31229.9;;0.90020001;0.90020001
;US-OR;1964;p99.5p100;458840.81;;0.066799998;0.066799998
;US-OR;1963;p0p100;1646998.6;25173634162.0;1.0;1.0
;US-OR;1963;p99p100;291680.0;;0.089400001;0.089400001
;US-OR;1963;p99.9p100;799697.69;;0.024499999;0.024499999
;US-OR;1963;p99.99p100;2174987.0;;0.0066999998;0.0066999998
;US-OR;1963;p90p100;108881.7;;0.33360001;0.33360001
;US-OR;1963;p90p95;74301.203;;0.1138;0.1138
;US-OR;1963;p95p99;106408.4;;0.1304;0.1304
;US-OR;1963;p99.5p99.9;299808.69;;0.036699999;0.036699999
;US-OR;1963;p99.9p99.99;648040.5;;0.017899999;0.017899999
;US-OR;1963;p99p99.5;183270.3;;0.028100001;0.028100001
;US-OR;1963;p95p100;143462.7;;0.2198;0.2198
;US-OR;1963;p0p90;24163.6;;0.66640002;0.66640002
;US-OR;1963;p0p99;30018.301;;0.91060001;0.91060001
;US-OR;1963;p99.5p100;400084.59;;0.061299998;0.061299998
;US-OR;1962;p0p100;1640915.8;23934247994.0;1.0;1.0
;US-OR;1962;p99p100;290306.5;;0.091700003;0.091700003
;US-OR;1962;p99.9p100;869505.38;;0.0275;0.0275
;US-OR;1962;p99.99p100;3097855.3;;0.0098000001;0.0098000001
;US-OR;1962;p90p100;104750.8;;0.3308;0.3308
;US-OR;1962;p90p95;71779.0;;0.1133;0.1133
;US-OR;1962;p95p99;99577.102;;0.1258;0.1258
;US-OR;1962;p99.5p99.9;287424.09;;0.0363;0.0363
;US-OR;1962;p99.9p99.99;622068.0;;0.0177;0.0177
;US-OR;1962;p99p99.5;176559.59;;0.027899999;0.027899999
;US-OR;1962;p95p100;137723.0;;0.2174;0.2174
;US-OR;1962;p0p90;23550.801;;0.66930002;0.66930002
;US-OR;1962;p0p99;29057.4;;0.90829998;0.90829998
;US-OR;1962;p99.5p100;404049.69;;0.0638;0.0638
;US-OR;1961;p0p100;1647060.3;23048222960.0;1.0;1.0
;US-OR;1961;p99p100;290652.19;;0.0933;0.0933
;US-OR;1961;p99.9p100;801224.0;;0.025699999;0.025699999
;US-OR;1961;p99.99p100;2316155.0;;0.0074;0.0074
;US-OR;1961;p90p100;103263.1;;0.33140001;0.33140001
;US-OR;1961;p90p95;69305.0;;0.1112;0.1112
;US-OR;1961;p95p99;98868.0;;0.1269;0.1269
;US-OR;1961;p99.5p99.9;307742.59;;0.039500002;0.039500002
;US-OR;1961;p99.9p99.99;633416.5;;0.018300001;0.018300001
;US-OR;1961;p99p99.5;174708.2;;0.028000001;0.028000001
;US-OR;1961;p95p100;137222.7;;0.2202;0.2202
;US-OR;1961;p0p90;23148.801;;0.66860002;0.66860002
;US-OR;1961;p0p99;28539.0;;0.90670002;0.90670002
;US-OR;1961;p99.5p100;406599.59;;0.065200001;0.065200001
;US-OR;1960;p0p100;1664195.3;22310039424.0;1.0;1.0
;US-OR;1960;p99p100;290581.81;;0.0942;0.0942
;US-OR;1960;p99.9p100;882889.13;;0.0286;0.0286
;US-OR;1960;p99.99p100;2608269.3;;0.0085000005;0.0085000005
;US-OR;1960;p90p100;102641.6;;0.33270001;0.33270001
;US-OR;1960;p90p95;67992.797;;0.1102;0.1102
;US-OR;1960;p95p99;98968.5;;0.1283;0.1283
;US-OR;1960;p99.5p99.9;286892.5;;0.0372;0.0372
;US-OR;1960;p99.9p99.99;692660.13;;0.020199999;0.020199999
;US-OR;1960;p99p99.5;174872.7;;0.0283;0.0283
;US-OR;1960;p95p100;137290.2;;0.2225;0.2225
;US-OR;1960;p0p90;22879.0;;0.66729999;0.66729999
;US-OR;1960;p0p99;28232.1;;0.90579998;0.90579998
;US-OR;1960;p99.5p100;406288.31;;0.065800004;0.065800004
;US-OR;1959;p0p100;1718859.4;22237079323.0;1.0;1.0
;US-OR;1959;p99p100;309365.19;;0.1004;0.1004
;US-OR;1959;p99.9p100;853164.31;;0.0277;0.0277
;US-OR;1959;p99.99p100;2875378.5;;0.0093;0.0093
;US-OR;1959;p90p100;104097.0;;0.338;0.338
;US-OR;1959;p90p95;66745.297;;0.1083;0.1083
;US-OR;1959;p95p99;99471.797;;0.1292;0.1292
;US-OR;1959;p99.5p99.9;340064.81;;0.044199999;0.044199999
;US-OR;1959;p99.9p99.99;628562.69;;0.0184;0.0184
;US-OR;1959;p99p99.5;175773.3;;0.0285;0.0285
;US-OR;1959;p95p100;141449.09;;0.2296;0.2296
;US-OR;1959;p0p90;22659.0;;0.66210002;0.66210002
;US-OR;1959;p0p99;27987.801;;0.89960003;0.89960003
;US-OR;1959;p99.5p100;442959.31;;0.071900003;0.071900003
;US-OR;1958;p0p100;1595188.3;20301138935.0;1.0;1.0
;US-OR;1958;p99p100;281918.59;;0.1;0.1
;US-OR;1958;p99.9p100;787029.69;;0.027899999;0.027899999
;US-OR;1958;p99.99p100;2045736.0;;0.0073000002;0.0073000002
;US-OR;1958;p90p100;97052.297;;0.34419999;0.34419999
;US-OR;1958;p90p95;64003.801;;0.1135;0.1135
;US-OR;1958;p95p99;92147.602;;0.13070001;0.13070001
;US-OR;1958;p99.5p99.9;296124.91;;0.041999999;0.041999999
;US-OR;1958;p99.9p99.99;648308.5;;0.0207;0.0207
;US-OR;1958;p99p99.5;169211.59;;0.029999999;0.029999999
;US-OR;1958;p95p100;130101.6;;0.2307;0.2307
;US-OR;1958;p0p90;20543.5;;0.65579998;0.65579998
;US-OR;1958;p0p99;25631.0;;0.89999998;0.89999998
;US-OR;1958;p99.5p100;394624.69;;0.07;0.07
;US-OR;1957;p0p100;1709106.0;20552278379.0;1.0;1.0
;US-OR;1957;p99p100;249028.09;;0.086999997;0.086999997
;US-OR;1957;p99.9p100;736978.88;;0.025699999;0.025699999
;US-OR;1957;p99.99p100;2069181.9;;0.0071999999;0.0071999999
;US-OR;1957;p90p100;90767.297;;0.31709999;0.31709999
;US-OR;1957;p90p95;61529.699;;0.1075;0.1075
;US-OR;1957;p95p99;87751.602;;0.1226;0.1226
;US-OR;1957;p99.5p99.9;250061.59;;0.034899998;0.034899998
;US-OR;1957;p99.9p99.99;589467.63;;0.0185;0.0185
;US-OR;1957;p99p99.5;150536.41;;0.0263;0.0263
;US-OR;1957;p95p100;120005.8;;0.2096;0.2096
;US-OR;1957;p0p90;21719.0;;0.68290001;0.68290001
;US-OR;1957;p0p99;26397.699;;0.91299999;0.91299999
;US-OR;1957;p99.5p100;347518.5;;0.060699999;0.060699999
;US-OR;1956;p0p100;1940464.4;21660082836.0;1.0;1.0
;US-OR;1956;p99p100;325129.81;;0.1073;0.1073
;US-OR;1956;p99.9p100;1256731.6;;0.041499998;0.041499998
;US-OR;1956;p99.99p100;5858843.0;;0.019300001;0.019300001
;US-OR;1956;p90p100;98687.203;;0.32570001;0.32570001
;US-OR;1956;p90p95;60651.898;;0.1001;0.1001
;US-OR;1956;p95p99;89600.297;;0.1183;0.1183
;US-OR;1956;p99.5p99.9;285812.5;;0.037700001;0.037700001
;US-OR;1956;p99.9p99.99;741818.13;;0.022;0.022
;US-OR;1956;p99p99.5;171041.41;;0.028200001;0.028200001
;US-OR;1956;p95p100;136706.0;;0.2256;0.2256
;US-OR;1956;p0p90;22703.0;;0.67430001;0.67430001
;US-OR;1956;p0p99;27323.199;;0.89270002;0.89270002
;US-OR;1956;p99.5p100;479220.31;;0.079099998;0.079099998
;US-OR;1955;p0p100;1932972.6;20854237420.0;1.0;1.0
;US-OR;1955;p99p100;272049.0;;0.092799999;0.092799999
;US-OR;1955;p99.9p100;878647.5;;0.029999999;0.029999999
;US-OR;1955;p99.99p100;3278631.5;;0.0112;0.0112
;US-OR;1955;p90p100;94651.102;;0.32300001;0.32300001
;US-OR;1955;p90p95;62542.699;;0.1067;0.1067
;US-OR;1955;p95p99;90952.5;;0.1242;0.1242
;US-OR;1955;p99.5p99.9;256116.8;;0.035;0.035
;US-OR;1955;p99.9p99.99;611959.88;;0.0188;0.0188
;US-OR;1955;p99p99.5;163475.41;;0.027899999;0.027899999
;US-OR;1955;p95p100;127153.8;;0.21699999;0.21699999
;US-OR;1955;p0p90;22016.9;;0.67629999;0.67629999
;US-OR;1955;p0p99;26848.9;;0.90719998;0.90719998
;US-OR;1955;p99.5p100;380622.69;;0.064999998;0.064999998
;US-OR;1954;p0p100;1785211.5;19317822900.0;1.0;1.0
;US-OR;1954;p99p100;276094.81;;0.1013;0.1013
;US-OR;1954;p99.9p100;870240.69;;0.0319;0.0319
;US-OR;1954;p99.99p100;2790048.0;;0.0102;0.0102
;US-OR;1954;p90p100;90508.898;;0.33199999;0.33199999
;US-OR;1954;p90p95;57941.398;;0.1063;0.1063
;US-OR;1954;p95p99;85153.602;;0.1249;0.1249
;US-OR;1954;p99.5p99.9;276799.59;;0.040600002;0.040600002
;US-OR;1954;p99.9p99.99;656934.38;;0.0217;0.0217
;US-OR;1954;p99p99.5;156702.09;;0.0287;0.0287
;US-OR;1954;p95p100;123325.2;;0.2262;0.2262
;US-OR;1954;p0p90;20221.9;;0.66750002;0.66750002
;US-OR;1954;p0p99;24750.5;;0.8987;0.8987
;US-OR;1954;p99.5p100;395487.5;;0.072499998;0.072499998
;US-OR;1953;p0p100;1838371.8;19605291299.0;1.0;1.0
;US-OR;1953;p99p100;267274.81;;0.096199997;0.096199997
;US-OR;1953;p99.9p100;763426.19;;0.0275;0.0275
;US-OR;1953;p99.99p100;2188176.8;;0.0078999996;0.0078999996
;US-OR;1953;p90p100;88170.602;;0.31720001;0.31720001
;US-OR;1953;p90p95;56539.102;;0.1017;0.1017
;US-OR;1953;p95p99;82992.203;;0.1194;0.1194
;US-OR;1953;p99.5p99.9;272052.31;;0.039099999;0.039099999
;US-OR;1953;p99.9p99.99;605719.69;;0.0196;0.0196
;US-OR;1953;p99p99.5;164315.0;;0.0296;0.0296
;US-OR;1953;p95p100;119842.5;;0.2156;0.2156
;US-OR;1953;p0p90;21085.6;;0.68269998;0.68269998
;US-OR;1953;p0p99;25378.5;;0.90380001;0.90380001
;US-OR;1953;p99.5p100;370265.0;;0.066600002;0.066600002
;US-OR;1952;p0p100;1860218.1;19468058312.0;1.0;1.0
;US-OR;1952;p99p100;299410.09;;0.1081;0.1081
;US-OR;1952;p99.9p100;897076.38;;0.032400001;0.032400001
;US-OR;1952;p99.99p100;2666089.5;;0.0096000005;0.0096000005
;US-OR;1952;p90p100;91927.398;;0.33180001;0.33180001
;US-OR;1952;p90p95;55698.699;;0.1005;0.1005
;US-OR;1952;p95p99;85274.703;;0.1231;0.1231
;US-OR;1952;p99.5p99.9;301183.19;;0.043499999;0.043499999
;US-OR;1952;p99.9p99.99;701051.69;;0.0228;0.0228
;US-OR;1952;p99p99.5;178549.09;;0.032200001;0.032200001
;US-OR;1952;p95p100;128101.0;;0.23119999;0.23119999
;US-OR;1952;p0p90;20574.5;;0.66829997;0.66829997
;US-OR;1952;p0p99;24963.5;;0.8919;0.8919
;US-OR;1952;p99.5p100;420305.31;;0.075800002;0.075800002
;US-OR;1951;p0p100;1929067.1;19246324288.0;1.0;1.0
;US-OR;1951;p99p100;357163.41;;0.12980001;0.12980001
;US-OR;1951;p99.9p100;1179609.3;;0.0429;0.0429
;US-OR;1951;p99.99p100;2918799.8;;0.0106;0.0106
;US-OR;1951;p90p100;99391.703;;0.3612;0.3612
;US-OR;1951;p90p95;55719.301;;0.1012;0.1012
;US-OR;1951;p95p99;89542.203;;0.1302;0.1302
;US-OR;1951;p99.5p99.9;345408.59;;0.0502;0.0502
;US-OR;1951;p99.9p99.99;990590.69;;0.032400001;0.032400001
;US-OR;1951;p99p99.5;200711.2;;0.036499999;0.036499999
;US-OR;1951;p95p100;143106.2;;0.25999999;0.25999999
;US-OR;1951;p0p99;17759.1;;0.63889998;0.63889998
;US-OR;1951;p99.5p100;512787.59;;0.093199998;0.093199998
;US-OR;1950;p0p100;2151143.8;18347426506.0;1.0;1.0
;US-OR;1950;p99p100;327259.81;;0.1242;0.1242
;US-OR;1950;p99.9p100;1045494.4;;0.039700001;0.039700001
;US-OR;1950;p99.99p100;2467947.0;;0.0093999999;0.0093999999
;US-OR;1950;p90p100;94221.797;;0.35749999;0.35749999
;US-OR;1950;p90p95;55525.699;;0.1053;0.1053
;US-OR;1950;p95p99;84280.203;;0.1279;0.1279
;US-OR;1950;p99.5p99.9;324578.31;;0.0493;0.0493
;US-OR;1950;p99.9p99.99;905543.81;;0.0309;0.0309
;US-OR;1950;p99p99.5;185912.41;;0.035300002;0.035300002
;US-OR;1950;p95p100;132849.0;;0.252;0.252
;US-OR;1950;p0p90;18796.5;;0.6419;0.6419
;US-OR;1950;p0p99;23314.6;;0.87580001;0.87580001
;US-OR;1950;p99.5p100;468654.41;;0.0889;0.0889
;US-OR;1949;p0p100;2036193.5;16550368191.0;1.0;1.0
;US-OR;1949;p99p100;259998.7;;0.1063;0.1063
;US-OR;1949;p99.9p100;783707.31;;0.032000002;0.032000002
;US-OR;1949;p99.99p100;1977114.0;;0.0081000002;0.0081000002
;US-OR;1949;p90p100;82251.898;;0.3362;0.3362
;US-OR;1949;p90p95;51031.5;;0.1043;0.1043
;US-OR;1949;p95p99;76798.602;;0.1256;0.1256
;US-OR;1949;p99.5p99.9;266612.91;;0.0436;0.0436
;US-OR;1949;p99.9p99.99;651138.88;;0.024;0.024
;US-OR;1949;p99p99.5;149963.8;;0.0307;0.0307
;US-OR;1949;p95p100;113398.9;;0.2318;0.2318
;US-OR;1949;p0p90;18044.6;;0.6638;0.6638
;US-OR;1949;p0p99;22084.6;;0.8937;0.8937
;US-OR;1949;p99.5p100;370032.0;;0.075599998;0.075599998
;US-OR;1948;p0p100;2070073.3;16721880226.0;1.0;1.0
;US-OR;1948;p99p100;313489.0;;0.1236;0.1236
;US-OR;1948;p99.9p100;1017621.6;;0.040100001;0.040100001
;US-OR;1948;p99.99p100;2954419.0;;0.0116;0.0116
;US-OR;1948;p90p100;89867.602;;0.35440001;0.35440001
;US-OR;1948;p90p95;50247.5;;0.099100001;0.099100001
;US-OR;1948;p95p99;83502.602;;0.13169999;0.13169999
;US-OR;1948;p99.5p99.9;308824.5;;0.048700001;0.048700001
;US-OR;1948;p99.9p99.99;802441.5;;0.0285;0.0285
;US-OR;1948;p99p99.5;176396.2;;0.0348;0.0348
;US-OR;1948;p95p100;129496.3;;0.25529999;0.25529999
;US-OR;1948;p0p90;18192.699;;0.64560002;0.64560002
;US-OR;1948;p0p99;22450.4;;0.87639999;0.87639999
;US-OR;1948;p99.5p100;450583.59;;0.088799998;0.088799998
;US-OR;1947;p0p100;2279038.0;15445364671.0;1.0;1.0
;US-OR;1947;p99p100;270582.19;;0.1126;0.1126
;US-OR;1947;p99.9p100;849984.63;;0.035399999;0.035399999
;US-OR;1947;p99.99p100;2280617.0;;0.0094999997;0.0094999997
;US-OR;1947;p90p100;78959.898;;0.3285;0.3285
;US-OR;1947;p90p95;45417.898;;0.094499998;0.094499998
;US-OR;1947;p95p99;72984.602;;0.1214;0.1214
;US-OR;1947;p99.5p99.9;272449.69;;0.045299999;0.045299999
;US-OR;1947;p99.9p99.99;691119.19;;0.025900001;0.025900001
;US-OR;1947;p99p99.5;153205.2;;0.0319;0.0319
;US-OR;1947;p95p100;112502.8;;0.234;0.234
;US-OR;1947;p0p90;17936.1;;0.67150003;0.67150003
;US-OR;1947;p0p99;21548.301;;0.88739997;0.88739997
;US-OR;1947;p99.5p100;387955.81;;0.080700003;0.080700003
;US-OR;1946;p0p100;2978028.3;15005962514.0;1.0;1.0
;US-OR;1946;p99p100;320307.19;;0.13339999;0.13339999
;US-OR;1946;p99.9p100;975856.31;;0.040600002;0.040600002
;US-OR;1946;p99.99p100;2706743.8;;0.0113;0.0113
;US-OR;1946;p90p100;90961.102;;0.37869999;0.37869999
;US-OR;1946;p90p95;49197.5;;0.1024;0.1024
;US-OR;1946;p95p99;85833.297;;0.1429;0.1429
;US-OR;1946;p99.5p99.9;327692.19;;0.0546;0.0546
;US-OR;1946;p99.9p99.99;783574.81;;0.0294;0.0294
;US-OR;1946;p99p99.5;183273.3;;0.038199998;0.038199998
;US-OR;1946;p95p100;132724.59;;0.27630001;0.27630001
;US-OR;1946;p0p90;16580.4;;0.62129998;0.62129998
;US-OR;1946;p0p99;21025.801;;0.86659998;0.86659998
;US-OR;1946;p99.5p100;457324.19;;0.095200002;0.095200002
;US-OR;1945;p0p100;3602283.0;15112504442.0;1.0;1.0
;US-OR;1945;p99p100;301358.19;;0.1222;0.1222
;US-OR;1945;p99.9p100;935431.5;;0.037900001;0.037900001
;US-OR;1945;p99.99p100;2586081.0;;0.0105;0.0105
;US-OR;1945;p90p100;86950.203;;0.35249999;0.35249999
;US-OR;1945;p90p95;49265.801;;0.0999;0.0999
;US-OR;1945;p95p99;80466.203;;0.1305;0.1305
;US-OR;1945;p99.5p99.9;303524.69;;0.049199998;0.049199998
;US-OR;1945;p99.9p99.99;753982.0;;0.0275;0.0275
;US-OR;1945;p99p99.5;172794.0;;0.035;0.035
;US-OR;1945;p95p100;124635.0;;0.2527;0.2527
;US-OR;1945;p0p90;17740.801;;0.64740002;0.64740002
;US-OR;1945;p0p99;21869.0;;0.87779999;0.87779999
;US-OR;1945;p99.5p100;429888.5;;0.087099999;0.087099999
;US-OR;1944;p0p100;4021536.5;15805040798.0;1.0;1.0
;US-OR;1944;p99p100;294178.59;;0.1118;0.1118
;US-OR;1944;p99.9p100;927202.13;;0.0352;0.0352
;US-OR;1944;p99.99p100;2555032.5;;0.0097000003;0.0097000003
;US-OR;1944;p90p100;87350.898;;0.3319;0.3319
;US-OR;1944;p90p95;53418.301;;0.1015;0.1015
;US-OR;1944;p95p99;78488.703;;0.1193;0.1193
;US-OR;1944;p99.5p99.9;290787.09;;0.044199999;0.044199999
;US-OR;1944;p99.9p99.99;746830.31;;0.0255;0.0255
;US-OR;1944;p99p99.5;170468.0;;0.032400001;0.032400001
;US-OR;1944;p95p100;121535.5;;0.2309;0.2309
;US-OR;1944;p0p90;19520.5;;0.6674;0.6674
;US-OR;1944;p0p99;23616.4;;0.88819999;0.88819999
;US-OR;1944;p99.5p100;418093.41;;0.079400003;0.079400003
;US-OR;1943;p0p100;4533051.5;16845762789.0;1.0;1.0
;US-OR;1943;p99p100;353345.31;;0.1233;0.1233
;US-OR;1943;p99.9p100;1175005.6;;0.041000001;0.041000001
;US-OR;1943;p99.99p100;3115945.0;;0.0109;0.0109
;US-OR;1943;p90p100;95650.703;;0.3337;0.3337
;US-OR;1943;p90p95;54101.5;;0.094400004;0.094400004
;US-OR;1943;p95p99;83170.297;;0.1161;0.1161
;US-OR;1943;p99.5p99.9;355715.09;;0.049600001;0.049600001
;US-OR;1943;p99.9p99.99;963122.69;;0.030200001;0.030200001
;US-OR;1943;p99p99.5;187085.59;;0.032600001;0.032600001
;US-OR;1943;p95p100;137202.0;;0.2393;0.2393
;US-OR;1943;p0p90;21218.6;;0.66619998;0.66619998
;US-OR;1943;p0p99;25385.699;;0.87669998;0.87669998
;US-OR;1943;p99.5p100;519593.81;;0.090599999;0.090599999
;US-OR;1942;p0p100;3972239.5;12797105758.0;1.0;1.0
;US-OR;1942;p99p100;314172.09;;0.1409;0.1409
;US-OR;1942;p99.9p100;1093938.3;;0.0491;0.0491
;US-OR;1942;p99.99p100;3249028.0;;0.0146;0.0146
;US-OR;1942;p90p100;85448.898;;0.38330001;0.38330001
;US-OR;1942;p90p95;49894.398;;0.1119;0.1119
;US-OR;1942;p95p99;72708.297;;0.1305;0.1305
;US-OR;1942;p99.5p99.9;311114.0;;0.055799998;0.055799998
;US-OR;1942;p99.9p99.99;854156.38;;0.034499999;0.034499999
;US-OR;1942;p99p99.5;160632.7;;0.035999998;0.035999998
;US-OR;1942;p95p100;121002.1;;0.2714;0.2714
;US-OR;1942;p0p90;15277.1;;0.61669999;0.61669999
;US-OR;1942;p0p99;19345.4;;0.85909998;0.85909998
;US-OR;1942;p99.5p100;467700.31;;0.1049;0.1049
;US-OR;1941;p0p100;3682844.0;9490843603.0;1.0;1.0
;US-OR;1941;p99p100;246698.41;;0.1462;0.1462
;US-OR;1941;p99.9p100;775963.5;;0.046;0.046
;US-OR;1941;p99.99p100;1820869.8;;0.0108;0.0108
;US-OR;1941;p90p100;69430.898;;0.4113;0.4113
;US-OR;1941;p90p95;39834.398;;0.118;0.118
;US-OR;1941;p95p99;62077.898;;0.1471;0.1471
;US-OR;1941;p99.5p99.9;252028.59;;0.059700001;0.059700001
;US-OR;1941;p99.9p99.99;658372.0;;0.035100002;0.035100002
;US-OR;1941;p99p99.5;136275.0;;0.040399998;0.040399998
;US-OR;1941;p95p100;99036.398;;0.29339999;0.29339999
;US-OR;1941;p0p90;11045.4;;0.58890003;0.58890003
;US-OR;1941;p0p99;14558.4;;0.8538;0.8538
;US-OR;1941;p99.5p100;357006.91;;0.1057;0.1057
;US-OR;1940;p0p100;3302037.8;7568020873.0;1.0;1.0
;US-OR;1940;p99p100;193820.91;;0.14120001;0.14120001
;US-OR;1940;p99.9p100;599597.19;;0.043699998;0.043699998
;US-OR;1940;p99.99p100;1534179.5;;0.0112;0.0112
;US-OR;1940;p90p100;59856.102;;0.43599999;0.43599999
;US-OR;1940;p90p95;37211.199;;0.1355;0.1355
;US-OR;1940;p95p99;54586.5;;0.1591;0.1591
;US-OR;1940;p99.5p99.9;195574.0;;0.057;0.057
;US-OR;1940;p99.9p99.99;494857.69;;0.032400001;0.032400001
;US-OR;1940;p99p99.5;110968.2;;0.040399998;0.040399998
;US-OR;1940;p95p100;82477.102;;0.30039999;0.30039999
;US-OR;1940;p0p90;8608.2002;;0.56440002;0.56440002
;US-OR;1940;p0p99;11908.2;;0.85879999;0.85879999
;US-OR;1940;p99.5p100;276529.59;;0.1007;0.1007
;US-OR;1939;p0p100;3245634.5;7119615458.0;1.0;1.0
;US-OR;1939;p99p100;171548.91;;0.1296;0.1296
;US-OR;1939;p99.9p100;496901.41;;0.037500001;0.037500001
;US-OR;1939;p99.99p100;1112630.3;;0.0083999997;0.0083999997
;US-OR;1939;p90p100;53719.699;;0.40580001;0.40580001
;US-OR;1939;p90p95;31127.699;;0.1176;0.1176
;US-OR;1939;p95p99;52421.699;;0.1584;0.1584
;US-OR;1939;p99.5p99.9;176125.8;;0.053199999;0.053199999
;US-OR;1939;p99.9p99.99;428020.0;;0.029100001;0.029100001
;US-OR;1939;p99p99.5;102530.4;;0.038699999;0.038699999
;US-OR;1939;p95p100;76299.0;;0.28819999;0.28819999
;US-OR;1939;p0p90;8744.7002;;0.59460002;0.59460002
;US-OR;1939;p0p99;11638.0;;0.87040001;0.87040001
;US-OR;1939;p99.5p100;240426.7;;0.090800002;0.090800002
;US-OR;1938;p0p100;2925403.5;6451453297.0;1.0;1.0
;US-OR;1938;p99p100;153859.5;;0.12530001;0.12530001
;US-OR;1938;p99.9p100;451388.0;;0.036800001;0.036800001
;US-OR;1938;p99.99p100;1080693.3;;0.0088;0.0088
;US-OR;1938;p90p100;48974.699;;0.3989;0.3989
;US-OR;1938;p90p95;29996.6;;0.1222;0.1222
;US-OR;1938;p95p99;46942.398;;0.1529;0.1529
;US-OR;1938;p99.5p99.9;158146.41;;0.0515;0.0515
;US-OR;1938;p99.9p99.99;379383.31;;0.027799999;0.027799999
;US-OR;1938;p99p99.5;90381.297;;0.036800001;0.036800001
;US-OR;1938;p95p100;68379.203;;0.27849999;0.27849999
;US-OR;1938;p0p90;8184.6001;;0.60000002;0.60000002
;US-OR;1938;p0p99;10847.6;;0.87470001;0.87470001
;US-OR;1938;p99.5p100;217147.2;;0.088399999;0.088399999
;US-OR;1937;p0p100;2921806.0;6538601724.0;1.0;1.0
;US-OR;1937;p99p100;170339.41;;0.1338;0.1338
;US-OR;1937;p99.9p100;494084.41;;0.038800001;0.038800001
;US-OR;1937;p99.99p100;1032017.5;;0.0081000002;0.0081000002
;US-OR;1937;p90p100;50985.398;;0.4005;0.4005
;US-OR;1937;p90p95;28939.5;;0.1136;0.1136
;US-OR;1937;p95p99;49094.801;;0.1542;0.1542
;US-OR;1937;p99.5p99.9;177339.3;;0.0557;0.0557
;US-OR;1937;p99.9p99.99;434383.19;;0.0307;0.0307
;US-OR;1937;p99p99.5;99997.102;;0.039299998;0.039299998
;US-OR;1937;p95p100;73332.602;;0.28799999;0.28799999
;US-OR;1937;p0p90;8464.0996;;0.59829998;0.59829998
;US-OR;1937;p0p99;11140.0;;0.86619997;0.86619997
;US-OR;1937;p99.5p100;240686.8;;0.094499998;0.094499998
;US-OR;1936;p0p100;3179365.0;6488573690.0;1.0;1.0
;US-OR;1936;p99p100;184039.3;;0.1426;0.1426
;US-OR;1936;p99.9p100;557340.13;;0.043200001;0.043200001
;US-OR;1936;p99.99p100;1135270.3;;0.0088;0.0088
;US-OR;1936;p90p100;50012.0;;0.3876;0.3876
;US-OR;1936;p90p95;25932.301;;0.1005;0.1005
;US-OR;1936;p95p99;46693.801;;0.14470001;0.14470001
;US-OR;1936;p99.5p99.9;190673.91;;0.059099998;0.059099998
;US-OR;1936;p99.9p99.99;493185.91;;0.034400001;0.034400001
;US-OR;1936;p99p99.5;104084.9;;0.0403;0.0403
;US-OR;1936;p95p100;74175.203;;0.28740001;0.28740001
;US-OR;1936;p0p90;8777.4004;;0.61220002;0.61220002
;US-OR;1936;p0p99;11175.9;;0.8574;0.8574
;US-OR;1936;p99.5p100;264003.31;;0.1023;0.1023
;US-OR;1935;p0p100;2761606.5;5410883064.0;1.0;1.0
;US-OR;1935;p99p100;140487.2;;0.1278;0.1278
;US-OR;1935;p99.9p100;403591.41;;0.036699999;0.036699999
;US-OR;1935;p99.99p100;915897.88;;0.0082999999;0.0082999999
;US-OR;1935;p90p100;43277.699;;0.3937;0.3937
;US-OR;1935;p90p95;26315.801;;0.1197;0.1197
;US-OR;1935;p95p99;41518.301;;0.15109999;0.15109999
;US-OR;1935;p99.5p99.9;146280.0;;0.053199999;0.053199999
;US-OR;1935;p99.9p99.99;346705.31;;0.0284;0.0284
;US-OR;1935;p99p99.5;83254.203;;0.037900001;0.037900001
;US-OR;1935;p95p100;61204.699;;0.2784;0.2784
;US-OR;1935;p0p90;7347.1001;;0.60149997;0.60149997
;US-OR;1935;p0p99;9685.9004;;0.87220001;0.87220001
;US-OR;1935;p99.5p100;197732.2;;0.089900002;0.089900002
;US-OR;1934;p0p100;2801658.8;5111906435.0;1.0;1.0
;US-OR;1934;p99p100;122580.8;;0.1155;0.1155
;US-OR;1934;p99.9p100;338690.59;;0.0319;0.0319
;US-OR;1934;p99.99p100;772144.0;;0.0073000002;0.0073000002
;US-OR;1934;p90p100;38791.301;;0.36539999;0.36539999
;US-OR;1934;p90p95;23532.1;;0.1108;0.1108
;US-OR;1934;p95p99;38608.5;;0.1455;0.1455
;US-OR;1934;p99.5p99.9;127399.2;;0.048;0.048
;US-OR;1934;p99.9p99.99;290564.0;;0.024599999;0.024599999
;US-OR;1934;p99p99.5;75496.398;;0.035599999;0.035599999
;US-OR;1934;p95p100;55131.898;;0.25960001;0.25960001
;US-OR;1934;p0p90;7411.6001;;0.62830001;0.62830001
;US-OR;1934;p0p99;9486.2998;;0.88450003;0.88450003
;US-OR;1934;p99.5p100;169646.3;;0.079899997;0.079899997
;US-OR;1933;p0p100;2590408.8;4331550880.0;1.0;1.0
;US-OR;1933;p99p100;106115.9;;0.1155;0.1155
;US-OR;1933;p99.9p100;295452.91;;0.032099999;0.032099999
;US-OR;1933;p99.99p100;757234.81;;0.0082;0.0082
;US-OR;1933;p90p100;38202.801;;0.41569999;0.41569999
;US-OR;1933;p90p95;26019.0;;0.1416;0.1416
;US-OR;1933;p95p99;39494.102;;0.1719;0.1719
;US-OR;1933;p99.5p99.9;105455.8;;0.045899998;0.045899998
;US-OR;1933;p99.9p99.99;244143.8;;0.0239;0.0239
;US-OR;1933;p99p99.5;68776.703;;0.0374;0.0374
;US-OR;1933;p95p100;52416.602;;0.2852;0.2852
;US-OR;1933;p0p90;5831.7998;;0.5711;0.5711
;US-OR;1933;p0p99;8211.4004;;0.88450003;0.88450003
;US-OR;1933;p99.5p100;143455.2;;0.078000002;0.078000002
;US-OR;1932;p0p100;2404322.5;4375008019.0;1.0;1.0
;US-OR;1932;p99p100;102850.8;;0.1085;0.1085
;US-OR;1932;p99.9p100;269920.91;;0.0285;0.0285
;US-OR;1932;p99.99p100;647263.19;;0.0068000001;0.0068000001
;US-OR;1932;p90p100;36512.602;;0.38519999;0.38519999
;US-OR;1932;p90p95;25632.801;;0.13519999;0.13519999
;US-OR;1932;p95p99;36059.301;;0.1522;0.1522
;US-OR;1932;p99.5p99.9;104547.8;;0.044100001;0.044100001
;US-OR;1932;p99.9p99.99;227993.91;;0.021600001;0.021600001
;US-OR;1932;p99p99.5;68079.0;;0.0359;0.0359
;US-OR;1932;p95p100;49149.199;;0.25929999;0.25929999
;US-OR;1932;p0p90;6362.3999;;0.60409999;0.60409999
;US-OR;1932;p0p99;8535.5;;0.8915;0.8915
;US-OR;1932;p99.5p100;137622.5;;0.0726;0.0726
;US-OR;1931;p0p100;2333552.8;5166487833.0;1.0;1.0
;US-OR;1931;p99p100;128885.5;;0.1127;0.1127
;US-OR;1931;p99.9p100;354985.0;;0.030999999;0.030999999
;US-OR;1931;p99.99p100;843780.69;;0.0074;0.0074
;US-OR;1931;p90p100;41873.199;;0.3662;0.3662
;US-OR;1931;p90p95;27218.6;;0.119;0.119
;US-OR;1931;p95p99;40497.699;;0.1417;0.1417
;US-OR;1931;p99.5p99.9;130593.7;;0.045699999;0.045699999
;US-OR;1931;p99.9p99.99;300674.31;;0.023700001;0.023700001
;US-OR;1931;p99p99.5;82299.102;;0.035999998;0.035999998
;US-OR;1931;p95p100;57805.398;;0.2527;0.2527
;US-OR;1931;p0p90;7962.0;;0.62660003;0.62660003
;US-OR;1931;p0p99;10249.1;;0.88730001;0.88730001
;US-OR;1931;p99.5p100;175471.91;;0.076700002;0.076700002
;US-OR;1930;p0p100;2213522.5;5759772353.0;1.0;1.0
;US-OR;1930;p99p100;158599.0;;0.1216;0.1216
;US-OR;1930;p99.9p100;464051.5;;0.035599999;0.035599999
;US-OR;1930;p99.99p100;1092262.8;;0.0083999997;0.0083999997
;US-OR;1930;p90p100;47563.602;;0.36469999;0.36469999
;US-OR;1930;p90p95;24955.301;;0.095700003;0.095700003
;US-OR;1930;p95p99;48208.398;;0.1479;0.1479
;US-OR;1930;p99.5p99.9;161378.0;;0.0495;0.0495
;US-OR;1930;p99.9p99.99;394250.19;;0.0272;0.0272
;US-OR;1930;p99p99.5;95285.297;;0.036499999;0.036499999
;US-OR;1930;p95p100;69844.398;;0.2678;0.2678
;US-OR;1930;p0p90;9199.4004;;0.63489997;0.63489997
;US-OR;1930;p0p99;11571.3;;0.87840003;0.87840003
;US-OR;1930;p99.5p100;221912.7;;0.085100003;0.085100003
;US-OR;1929;p0p100;2365174.8;6353132327.0;1.0;1.0
;US-OR;1929;p99p100;193425.09;;0.1319;0.1319
;US-OR;1929;p99.9p100;621741.31;;0.042399999;0.042399999
;US-OR;1929;p99.99p100;1759801.6;;0.012;0.012
;US-OR;1929;p90p100;51358.199;;0.35010001;0.35010001
;US-OR;1929;p90p95;25939.4;;0.088399999;0.088399999
;US-OR;1929;p95p99;49892.898;;0.13600001;0.13600001
;US-OR;1929;p99.5p99.9;190182.59;;0.051899999;0.051899999
;US-OR;1929;p99.9p99.99;495290.41;;0.030400001;0.030400001
;US-OR;1929;p99p99.5;110356.0;;0.037599999;0.037599999
;US-OR;1929;p95p100;78297.602;;0.2669;0.2669
;US-OR;1929;p0p90;10491.3;;0.6437;0.6437
;US-OR;1929;p0p99;12863.5;;0.86809999;0.86809999
;US-OR;1929;p99.5p100;276494.31;;0.0942;0.0942
;US-OR;1928;p0p100;2352037.0;6196776108.0;1.0;1.0
;US-OR;1928;p99p100;203950.8;;0.1398;0.1398
;US-OR;1928;p99.9p100;709929.38;;0.048700001;0.048700001
;US-OR;1928;p99.99p100;2381582.0;;0.0163;0.0163
;US-OR;1928;p90p100;53111.699;;0.36410001;0.36410001
;US-OR;1928;p90p95;27581.301;;0.094499998;0.094499998
;US-OR;1928;p95p99;50081.898;;0.1373;0.1373
;US-OR;1928;p99.5p99.9;194116.2;;0.053199999;0.053199999
;US-OR;1928;p99.9p99.99;524190.31;;0.032299999;0.032299999
;US-OR;1928;p99p99.5;110622.7;;0.037900001;0.037900001
;US-OR;1928;p95p100;80553.602;;0.27610001;0.27610001
;US-OR;1928;p0p90;10184.2;;0.62830001;0.62830001
;US-OR;1928;p0p99;12674.9;;0.86019999;0.86019999
;US-OR;1928;p99.5p100;297278.91;;0.1019;0.1019
;US-OR;1927;p0p100;2235469.0;5923491080.0;1.0;1.0
;US-OR;1927;p99p100;189659.0;;0.1331;0.1331
;US-OR;1927;p99.9p100;596472.31;;0.041900001;0.041900001
;US-OR;1927;p99.99p100;1610835.3;;0.0113;0.0113
;US-OR;1927;p90p100;55494.699;;0.38960001;0.38960001
;US-OR;1927;p90p95;33513.301;;0.1176;0.1176
;US-OR;1927;p95p99;53713.102;;0.1508;0.1508
;US-OR;1927;p99.5p99.9;188552.91;;0.052900001;0.052900001
;US-OR;1927;p99.9p99.99;483765.31;;0.0306;0.0306
;US-OR;1927;p99p99.5;109181.3;;0.0383;0.0383
;US-OR;1927;p95p100;80563.797;;0.28279999;0.28279999
;US-OR;1927;p0p90;9472.0996;;0.5984;0.5984
;US-OR;1927;p0p99;12473.8;;0.86690003;0.86690003
;US-OR;1927;p99.5p100;270136.81;;0.094800003;0.094800003
;US-OR;1926;p0p100;2167325.0;5830082615.0;1.0;1.0
;US-OR;1926;p99p100;197248.8;;0.1375;0.1375
;US-OR;1926;p99.9p100;666940.63;;0.046500001;0.046500001
;US-OR;1926;p99.99p100;2350227.3;;0.0164;0.0164
;US-OR;1926;p90p100;54128.102;;0.37729999;0.37729999
;US-OR;1926;p90p95;29240.0;;0.1019;0.1019
;US-OR;1926;p95p99;51182.699;;0.1427;0.1427
;US-OR;1926;p99.5p99.9;192735.5;;0.0537;0.0537
;US-OR;1926;p99.9p99.99;479908.69;;0.030099999;0.030099999
;US-OR;1926;p99p99.5;106921.1;;0.037300002;0.037300002
;US-OR;1926;p95p100;80190.203;;0.27950001;0.27950001
;US-OR;1926;p0p90;9851.0;;0.61790001;0.61790001
;US-OR;1926;p0p99;12500.2;;0.86250001;0.86250001
;US-OR;1926;p99.5p100;287576.5;;0.1002;0.1002
;US-OR;1925;p0p100;2250129.0;5805696489.0;1.0;1.0
;US-OR;1925;p99p100;186781.8;;0.1278;0.1278
;US-OR;1925;p99.9p100;583747.38;;0.039900001;0.039900001
;US-OR;1925;p99.99p100;1427638.3;;0.0098000001;0.0098000001
;US-OR;1925;p90p100;53453.398;;0.36570001;0.36570001
;US-OR;1925;p90p95;31008.4;;0.1061;0.1061
;US-OR;1925;p95p99;50779.5;;0.139;0.139
;US-OR;1925;p99.5p99.9;188283.09;;0.0515;0.0515
;US-OR;1925;p99.9p99.99;489981.69;;0.030200001;0.030200001
;US-OR;1925;p99p99.5;106187.6;;0.0363;0.0363
;US-OR;1925;p95p100;77742.602;;0.26589999;0.26589999
;US-OR;1925;p0p90;10185.2;;0.62720001;0.62720001
;US-OR;1925;p0p99;12877.1;;0.87220001;0.87220001
;US-OR;1925;p99.5p100;267375.91;;0.091499999;0.091499999
;US-OR;1924;p0p100;2311993.3;5537096715.0;1.0;1.0
;US-OR;1924;p99p100;172924.09;;0.1211;0.1211
;US-OR;1924;p99.9p100;525383.0;;0.036800001;0.036800001
;US-OR;1924;p99.99p100;1212335.5;;0.0085000005;0.0085000005
;US-OR;1924;p90p100;55814.801;;0.3908;0.3908
;US-OR;1924;p90p95;36419.699;;0.1275;0.1275
;US-OR;1924;p95p99;51365.301;;0.14380001;0.14380001
;US-OR;1924;p99.5p99.9;176399.3;;0.049400002;0.049400002
;US-OR;1924;p99.9p99.99;449055.0;;0.0283;0.0283
;US-OR;1924;p99p99.5;99652.203;;0.034899998;0.034899998
;US-OR;1924;p95p100;75677.102;;0.2649;0.2649
;US-OR;1924;p0p90;9642.9004;;0.60759997;0.60759997
;US-OR;1924;p0p99;12681.0;;0.87889999;0.87889999
;US-OR;1924;p99.5p100;246196.0;;0.086199999;0.086199999
;US-OR;1923;p0p100;2380584.5;5518928874.0;1.0;1.0
;US-OR;1923;p99p100;167258.41;;0.1142;0.1142
;US-OR;1923;p99.9p100;553687.13;;0.037799999;0.037799999
;US-OR;1923;p99.99p100;1544898.8;;0.0105;0.0105
;US-OR;1923;p90p100;53554.398;;0.36559999;0.36559999
;US-OR;1923;p90p95;34438.699;;0.1175;0.1175
;US-OR;1923;p95p99;49260.5;;0.1345;0.1345
;US-OR;1923;p99.5p99.9;164514.3;;0.0449;0.0449
;US-OR;1923;p99.9p99.99;443554.31;;0.0272;0.0272
;US-OR;1923;p99p99.5;92168.102;;0.031500001;0.031500001
;US-OR;1923;p95p100;72860.0;;0.24869999;0.24869999
;US-OR;1923;p0p90;10316.5;;0.63380003;0.63380003
;US-OR;1923;p0p99;13108.3;;0.8858;0.8858
;US-OR;1923;p99.5p100;242348.7;;0.082699999;0.082699999
;US-OR;1922;p0p100;2289220.8;4986968318.0;1.0;1.0
;US-OR;1922;p99p100;172054.5;;0.1266;0.1266
;US-OR;1922;p99.9p100;617507.81;;0.045400001;0.045400001
;US-OR;1922;p99.99p100;2038159.1;;0.015;0.015
;US-OR;1922;p90p100;51618.602;;0.37970001;0.37970001
;US-OR;1922;p90p95;31810.699;;0.117;0.117
;US-OR;1922;p95p99;46549.801;;0.13699999;0.13699999
;US-OR;1922;p99.5p99.9;162628.8;;0.047800001;0.047800001
;US-OR;1922;p99.9p99.99;459657.69;;0.030400001;0.030400001
;US-OR;1922;p99p99.5;90504.398;;0.033300001;0.033300001
;US-OR;1922;p95p100;71650.703;;0.26350001;0.26350001
;US-OR;1922;p0p90;9358.5;;0.61949998;0.61949998
;US-OR;1922;p0p99;11995.1;;0.87339997;0.87339997
;US-OR;1922;p99.5p100;253604.59;;0.0933;0.0933
;US-OR;1921;p0p100;1782974.3;4325221279.0;1.0;1.0
;US-OR;1921;p99p100;151503.91;;0.12549999;0.12549999
;US-OR;1921;p99.9p100;517987.31;;0.0429;0.0429
;US-OR;1921;p99.99p100;2025633.8;;0.016799999;0.016799999
;US-OR;1921;p90p100;47306.5;;0.3919;0.3919
;US-OR;1921;p90p95;30562.4;;0.1266;0.1266
;US-OR;1921;p95p99;42436.199;;0.1406;0.1406
;US-OR;1921;p99.5p99.9;145282.59;;0.048099998;0.048099998
;US-OR;1921;p99.9p99.99;350471.09;;0.0261;0.0261
;US-OR;1921;p99p99.5;83184.203;;0.034499999;0.034499999
;US-OR;1921;p95p100;64249.699;;0.26609999;0.26609999
;US-OR;1921;p0p90;8146.1001;;0.60729998;0.60729998
;US-OR;1921;p0p99;10663.7;;0.87449998;0.87449998
;US-OR;1921;p99.5p100;219823.59;;0.090999998;0.090999998
;US-OR;1920;p0p100;1537469.6;4539486970.0;1.0;1.0
;US-OR;1920;p99p100;156729.5;;0.1202;0.1202
;US-OR;1920;p99.9p100;524472.63;;0.040199999;0.040199999
;US-OR;1920;p99.99p100;1799664.3;;0.0138;0.0138
;US-OR;1920;p90p100;47853.102;;0.3669;0.3669
;US-OR;1920;p90p95;28939.699;;0.1109;0.1109
;US-OR;1920;p95p99;44454.199;;0.1363;0.1363
;US-OR;1920;p99.5p99.9;153381.3;;0.046999998;0.046999998
;US-OR;1920;p99.9p99.99;382784.69;;0.0264;0.0264
;US-OR;1920;p99p99.5;85859.5;;0.032900002;0.032900002
;US-OR;1920;p95p100;66909.297;;0.25650001;0.25650001
;US-OR;1920;p0p90;9168.5996;;0.63260001;0.63260001
;US-OR;1920;p0p99;11592.8;;0.87980002;0.87980002
;US-OR;1920;p99.5p100;227599.59;;0.087200001;0.087200001
;US-OR;1919;p0p100;2526831.0;5391619834.0;1.0;1.0
;US-OR;1919;p99p100;210415.0;;0.13169999;0.13169999
;US-OR;1919;p99.9p100;782620.63;;0.048999999;0.048999999
;US-OR;1919;p99.99p100;2840611.3;;0.0178;0.0178
;US-OR;1919;p90p100;58562.699;;0.36649999;0.36649999
;US-OR;1919;p90p95;32418.4;;0.1014;0.1014
;US-OR;1919;p95p99;53568.898;;0.13410001;0.13410001
;US-OR;1919;p99.5p99.9;194267.5;;0.048599999;0.048599999
;US-OR;1919;p99.9p99.99;553745.69;;0.031199999;0.031199999
;US-OR;1919;p99p99.5;108763.1;;0.034000002;0.034000002
;US-OR;1919;p95p100;84938.102;;0.2658;0.2658
;US-OR;1919;p0p90;11235.3;;0.63279998;0.63279998
;US-OR;1919;p0p99;14014.7;;0.86830002;0.86830002
;US-OR;1919;p99.5p100;312066.91;;0.0977;0.0977
;US-OR;1918;p0p100;3329115.3;5251465416.0;1.0;1.0
;US-OR;1918;p99p100;185080.8;;0.116;0.116
;US-OR;1918;p99.9p100;683758.13;;0.042800002;0.042800002
;US-OR;1918;p99.99p100;2588835.3;;0.0162;0.0162
;US-OR;1918;p90p100;52803.102;;0.33090001;0.33090001
;US-OR;1918;p90p95;30189.4;;0.094599999;0.094599999
;US-OR;1918;p95p99;48380.699;;0.1213;0.1213
;US-OR;1918;p99.5p99.9;171897.41;;0.043099999;0.043099999
;US-OR;1918;p99.9p99.99;472081.31;;0.0266;0.0266
;US-OR;1918;p99p99.5;95893.297;;0.029999999;0.029999999
;US-OR;1918;p95p100;75720.602;;0.23720001;0.23720001
;US-OR;1918;p0p90;11847.6;;0.66820002;0.66820002
;US-OR;1918;p0p99;14250.1;;0.884;0.884
;US-OR;1918;p99.5p100;274268.91;;0.085900001;0.085900001
;US-OR;1917;p0p100;4847956.5;5478011077.0;1.0;1.0
;US-OR;1917;p99p100;196367.2;;0.1166;0.1166
;US-OR;1917;p99.9p100;751778.13;;0.044599999;0.044599999
;US-OR;1917;p99.99p100;2855462.0;;0.016899999;0.016899999
;US-OR;1917;p90p100;52321.301;;0.31060001;0.31060001
;US-OR;1917;p90p95;28143.801;;0.083499998;0.083499998
