Variable Name;.;.;.;Fiscal income  | tax unit | Average | Adults | constant 2015 local currency;Fiscal income  | individuals | Threshold | Adults | constant 2015 local currency;Fiscal income  | individuals | Total | All Ages | constant 2015 local currency;Fiscal income  | individuals | Share | Adults | share of total (ratio);Pre-tax national income  | individuals | Share | Adults | share of total (ratio)
Variable Category;.;.;.;Income inequality;Income inequality;Income inequality;Income inequality;Income inequality
Variable Description;.;.;.;Average Fiscal income within a given percentile group. Fiscal income is defined as the sum of all income items reported on income tax returns, before any deduction. It includes labour income, capital income and mixed income. The concept of fiscal income varies with national tax legislations, so in order to make international comparisons it is preferable to use the concept of national income. The population is comprised of individuals over age 20. The base unit is the tax unit defined by national fiscal administrations to measure personal income taxes.;Fiscal income threshold value at a given percentile.  Fiscal income is defined as the sum of all income items reported on income tax returns, before any deduction. It includes labour income, capital income and mixed income. The concept of fiscal income varies with national tax legislations, so in order to make international comparisons it is preferable to use the concept of national income. The population is comprised of individuals over age 20. The base unit is the individual (rather than the household). This is equivalent to assuming no sharing of resources within couples.;Total Fiscal income  within a given percentile group. Fiscal income is defined as the sum of all income items reported on income tax returns, before any deduction. It includes labour income, capital income and mixed income. The concept of fiscal income varies with national tax legislations, so in order to make international comparisons it is preferable to use the concept of national income. The population is comprised of individuals of all ages.;Fiscal income share held by a given percentile group. Fiscal income is defined as the sum of all income items reported on income tax returns, before any deduction. It includes labour income, capital income and mixed income. The concept of fiscal income varies with national tax legislations, so in order to make international comparisons it is preferable to use the concept of national income. The population is comprised of individuals over age 20. The base unit is the individual (rather than the household). This is equivalent to assuming no sharing of resources within couples.;Pre-tax national income share held by a given percentile group. Pre-tax national income  is the sum of all pre-tax personal income flows accruing to the owners of the production factors, labor and capital, before taking into account the operation of the tax/transfer system, but after taking into account the operation of pension system. The central difference between personal factor income and pre-tax income is the treatment of pensions, which are counted on a contribution basis by factor income and on a distribution basis by pre-tax income. The population is comprised of individuals over age 20. The base unit is the individual (rather than the household). This is equivalent to assuming no sharing of resources within couples.
Variable Decomposition;.;.;.;[Fiscal income ]=[Fiscal labour income ]+[Fiscal capital income ];[Fiscal income ]=[Fiscal labour income ]+[Fiscal capital income ];[Fiscal income ]=[Fiscal labour income ]+[Fiscal capital income ];[Fiscal income ]=[Fiscal labour income ]+[Fiscal capital income ];Pre-tax national income =Pre-tax labor income [total pre-tax income ranking]+Pre-tax capital income [total pre-tax income ranking]
Variable Unit;.;.;.;"TZS; Tanzanian shilling | local currency | market";"TZS; Tanzanian shilling | local currency | market";"TZS; Tanzanian shilling | local currency | market";share;share
Methodological Notes;.;.;.;Excludes capital gains.;Excludes capital gains.;Excludes capital gains.;Excludes capital gains.;Figures are obtained by correcting survey tabulations provided by the World Bank (PovcalNet) to account for conceptual discrepancies and the underrepresentation of top incomes.
Sources;.;.;.;Atkinson, Anthony B. (2015). Top Incomes in East Africa before and after independence. The World Wealth and Income Database WP 2/2015.;Atkinson, Anthony B. (2015). Top Incomes in East Africa before and after independence. The World Wealth and Income Database WP 2/2015.;Atkinson, Anthony B. (2015). Top Incomes in East Africa before and after independence. The World Wealth and Income Database WP 2/2015.;Atkinson, Anthony B. (2015). Top Incomes in East Africa before and after independence. The World Wealth and Income Database WP 2/2015.;http://wid.world/document/cgm2019-full-paper/ (Chancel, Gethin & Myczkowski (2019))
Variable Code;country;year;perc;afiinc992t;tfiinc992i;mfiinc999i;sfiinc992i;sptinc992i
;TZ;1970;p0p100;1283802.16869;;5.89389653374e+12;;
;TZ;1970;p99.9p100;;38650620.0;;0.0513012781;0.051301278
;TZ;1970;p99.99p100;;102565240.0;;0.0113390798;0.01133908
;TZ;1970;p99.95p99.99;;55436352.0;;0.0221219829;0.022121983
;TZ;1970;p99.9p99.95;;38650620.0;;0.0178402154;0.017840216
;TZ;1970;p99.9p99.99;;38650620.0;;0.0399621983;0.039962199
;TZ;1970;p99.95p100;;55436352.0;;0.0334610627;0.033461064
;TZ;1970;p99.995p100;;;;0.0069503227;0.0069503225
;TZ;1969;p0p100;1240150.63273;;5.53916443562e+12;;
;TZ;1969;p99.9p100;;38886372.0;;0.0513300468;0.051330049
;TZ;1969;p99.99p100;;96088224.0;;0.0105298298;0.01052983
;TZ;1969;p99.95p99.99;;54843100.0;;0.0223113746;0.022311375
;TZ;1969;p99.9p99.95;;38886372.0;;0.0184888424;0.018488843
;TZ;1969;p99.9p99.99;;38886372.0;;0.040800217;0.040800218
;TZ;1969;p99.95p100;;54843100.0;;0.0328412044;0.032841206
;TZ;1969;p99.995p100;;;;0.0063100977;0.0063100979
;TZ;1968;p0p100;1428274.79467;;6.20815186353e+12;;
;TZ;1968;p99.9p100;;45569608.0;;0.051319934;0.051319934
;TZ;1968;p99.99p100;;110369928.0;;0.0104806815;0.010480681
;TZ;1968;p99.95p99.99;;62932448.0;;0.0222131972;0.022213196
;TZ;1968;p99.9p99.95;;45569608.0;;0.0186260553;0.018626055
;TZ;1968;p99.9p99.99;;45569608.0;;0.0408392525;0.040839251
;TZ;1968;p99.95p100;;62932448.0;;0.0326938787;0.032693878
;TZ;1968;p99.995p100;;;;0.0062524628;0.006252463
;TZ;1967;p0p100;1589946.70979;;6.72989357724e+12;;
;TZ;1967;p99.9p100;;52379436.0;;0.0526937007;0.052693702
;TZ;1967;p99.99p100;;124896032.0;;0.0107975133;0.010797514
;TZ;1967;p99.95p99.99;;72498576.0;;0.022648146;0.022648146
;TZ;1967;p99.9p99.95;;52379436.0;;0.0192480414;0.019248042
;TZ;1967;p99.9p99.99;;52379436.0;;0.0418961874;0.041896187
;TZ;1967;p99.95p100;;72498576.0;;0.0334456592;0.03344566
;TZ;1967;p99.995p100;;;;0.0065199544;0.0065199542
;TZ;1966;p0p100;1772436.38355;;7.30235467523e+12;;
;TZ;1966;p99.9p100;;58412272.0;;0.0518519133;0.051851913
;TZ;1966;p99.99p100;;134988736.0;;0.0107623818;0.010762381
;TZ;1966;p99.95p99.99;;79465384.0;;0.0219735548;0.021973554
;TZ;1966;p99.9p99.95;;58412272.0;;0.0191159768;0.019115977
;TZ;1966;p99.9p99.99;;58412272.0;;0.0410895315;0.041089531
;TZ;1966;p99.95p100;;79465384.0;;0.0327359366;0.032735936
;TZ;1966;p99.995p100;;;;0.0066275709;0.0066275708
;TZ;1965;p0p100;1791630.01105;;6.97888715502e+12;;
;TZ;1965;p99.9p100;;63713772.0;;0.0590164567;0.059016455
;TZ;1965;p99.99p100;;159268480.0;;0.0140531445;0.014053144
;TZ;1965;p99.95p99.99;;87660216.0;;0.0243060911;0.024306091
;TZ;1965;p99.9p99.95;;63713772.0;;0.0206572211;0.020657221
;TZ;1965;p99.9p99.99;;63713772.0;;0.0449633123;0.044963311
;TZ;1965;p99.95p100;;87660216.0;;0.0383592356;0.038359236
;TZ;1965;p99.995p100;;;;0.0089885496;0.0089885499
;TZ;1964;p0p100;2043846.1137;;7.73566494965e+12;;
;TZ;1964;p99.9p100;;69254608.0;;0.0540863507;0.05408635
;TZ;1964;p99.99p100;;157650992.0;;0.0123070851;0.012307085
;TZ;1964;p99.95p99.99;;92705456.0;;0.0224124084;0.022412408
;TZ;1964;p99.9p99.95;;69254608.0;;0.0193668572;0.019366857
;TZ;1964;p99.9p99.99;;69254608.0;;0.0417792656;0.041779265
;TZ;1964;p99.75p100;;;;0.0910572924;0.091057293
;TZ;1964;p99.95p100;;92705456.0;;0.0347194935;0.034719493
;TZ;1964;p99.995p100;;;;0.0079719394;0.0079719396
;TZ;1963;p0p100;1709469.24291;;6.28782061603e+12;;
;TZ;1963;p99.9p100;;67068964.0;;0.0625137938;0.062513791
;TZ;1963;p99.99p100;;152955440.0;;0.0144042072;0.014404207
;TZ;1963;p99.95p99.99;;89326112.0;;0.0256828744;0.025682874
;TZ;1963;p99.9p99.95;;67068964.0;;0.0224267121;0.022426711
;TZ;1963;p99.9p99.99;;67068964.0;;0.0481095865;0.048109587
;TZ;1963;p99.75p100;;;;0.1062631738;0.10626318
;TZ;1963;p99.95p100;;89326112.0;;0.0400870817;0.040087081
;TZ;1963;p99.995p100;;;;0.009471585;0.009471585
;TZ;1962;p0p100;1571164.51803;;5.61905670598e+12;;
;TZ;1962;p99.9p100;;65093776.0;;0.0643485709;0.064348571
;TZ;1962;p99.99p100;;142075856.0;;0.0140612737;0.014061274
;TZ;1962;p99.95p99.99;;85829872.0;;0.0267308765;0.026730876
;TZ;1962;p99.9p99.95;;65093776.0;;0.0235564207;0.023556421
;TZ;1962;p99.9p99.99;;65093776.0;;0.0502872972;0.050287299
;TZ;1962;p99.75p100;;;;0.11157064;0.11157064
;TZ;1962;p99.95p100;;85829872.0;;0.0407921501;0.040792149
;TZ;1962;p99.995p100;;;;0.0090284033;0.0090284031
;TZ;1961;p0p100;1463120.22938;;5.08941453959e+12;;
;TZ;1961;p99.9p100;;62649140.0;;0.0655992521;0.065599255
;TZ;1961;p99.99p100;;131320592.0;;0.0148850879;0.014885087
;TZ;1961;p99.95p99.99;;81001496.0;;0.0266064663;0.026606467
;TZ;1961;p99.9p99.95;;62649140.0;;0.0241076979;0.024107698
;TZ;1961;p99.9p99.99;;62649140.0;;0.0507141642;0.050714165
;TZ;1961;p99.75p100;;;;0.1144216815;0.11442168
;TZ;1961;p99.95p100;;81001496.0;;0.0414915542;0.041491553
;TZ;1961;p99.995p100;;;;0.0098908002;0.0098908003
;TZ;1960;p0p100;1464858.97469;;4.95793474647e+12;;
;TZ;1960;p99.9p100;;60995144.0;;0.0653587305;0.065358728
;TZ;1960;p99.99p100;;136263616.0;;0.015625467;0.015625468
;TZ;1960;p99.95p99.99;;78868320.0;;0.0262406228;0.026240623
;TZ;1960;p99.9p99.95;;60995144.0;;0.0234926408;0.02349264
;TZ;1960;p99.9p99.99;;60995144.0;;0.0497332635;0.049733263
;TZ;1960;p99.75p100;;;;0.1132883961;0.1132884
;TZ;1960;p99.95p100;;78868320.0;;0.0418660898;0.04186609
;TZ;1960;p99.995p100;;;;0.0103873473;0.010387347
;TZ;1959;p0p100;1441204.53913;;4.74690922683e+12;;
;TZ;1959;p99.9p100;;57899072.0;;0.0580314828;0.058031484
;TZ;1959;p99.99p100;;129140320.0;;0.0138736692;0.013873669
;TZ;1959;p99.95p99.99;;73574784.0;;0.0227596971;0.022759696
;TZ;1959;p99.9p99.95;;57899072.0;;0.0213981165;0.021398116
;TZ;1959;p99.9p99.99;;57899072.0;;0.0441578136;0.044157814
;TZ;1959;p99.75p100;;;;0.1046042764;0.10460427
;TZ;1959;p99.95p100;;73574784.0;;0.0366333663;0.036633365
;TZ;1959;p99.995p100;;;;0.0089815284;0.0089815287
;TZ;1958;p0p100;1392877.85161;;4.46672552666e+12;;
;TZ;1958;p99.9p100;;55067956.0;;0.0613491096;0.061349109
;TZ;1958;p99.99p100;;123185800.0;;0.0138385354;0.013838535
;TZ;1958;p99.95p99.99;;71124920.0;;0.0251436033;0.025143603
;TZ;1958;p99.9p99.95;;55067956.0;;0.0223669709;0.022366971
;TZ;1958;p99.9p99.99;;55067956.0;;0.0475105742;0.047510576
;TZ;1958;p99.75p100;;;;0.1079540452;0.10795405
;TZ;1958;p99.95p100;;71124920.0;;0.0389821388;0.038982138
;TZ;1958;p99.995p100;;;;0.0089643697;0.00896437
;TZ;1957;p0p100;1417983.66679;;4.42888722628e+12;;
;TZ;1957;p99.9p100;;55127648.0;;0.0591622098;0.059162211
;TZ;1957;p99.99p100;;119182808.0;;0.0127707918;0.012770792
;TZ;1957;p99.95p99.99;;71465616.0;;0.0244272272;0.024427228
;TZ;1957;p99.9p99.95;;55127648.0;;0.0219641907;0.021964191
;TZ;1957;p99.9p99.99;;55127648.0;;0.0463914179;0.046391416
;TZ;1957;p99.75p100;;;;0.1045742223;0.10457423
;TZ;1957;p99.95p100;;71465616.0;;0.037198019;0.037198018
;TZ;1957;p99.995p100;;;;0.0081228259;0.008122826
;TZ;1956;p0p100;1416979.38743;;4.31263198108e+12;;
;TZ;1956;p99.9p100;;53601668.0;;0.0603250557;0.060325056
;TZ;1956;p99.9p99.95;;53601668.0;;0.0213047423;0.021304742
;TZ;1956;p99.75p100;;;;0.1041847039;0.1041847
;TZ;1956;p99.95p100;;69061288.0;;0.0390203133;0.039020315
;TZ;1955;p0p100;1343638.15642;;3.98680537037e+12;;
;TZ;1955;p99.9p100;;52734608.0;;0.0641541824;0.064154185
;TZ;1955;p99.9p99.95;;52734608.0;;0.0221112722;0.022111272
;TZ;1955;p99.75p100;;;;0.1091600299;0.10916003
;TZ;1955;p99.95p100;;67974368.0;;0.0420429101;0.042042911
;TZ;1954;p0p100;1368152.73897;;3.95340574482e+12;;
;TZ;1954;p99.9p100;;51966572.0;;0.0625021556;0.062502153
;TZ;1954;p99.9p99.95;;51966572.0;;0.021353677;0.021353677
;TZ;1954;p99.75p100;;;;0.1061346459;0.10613465
;TZ;1954;p99.95p100;;66753052.0;;0.0411484786;0.04114848
;TZ;1953;p0p100;1318204.05651;;3.71126093962e+12;;
;TZ;1953;p99.9p100;;48168444.0;;0.0696952223;0.069695219
;TZ;1953;p99.9p99.95;;48168444.0;;0.0209398642;0.020939864
;TZ;1953;p99.75p100;;;;0.1121315888;0.11213159
;TZ;1953;p99.95p100;;64172412.0;;0.0487553581;0.048755359
;TZ;1952;p0p100;1318445.69644;;3.61835480551e+12;;
;TZ;1952;p99.9p100;;47778092.0;;0.08470472;0.084704719
;TZ;1952;p99.9p99.95;;47778092.0;;0.0210011421;0.021001142
;TZ;1952;p99.75p100;;;;0.1261478677;0.12614787
;TZ;1952;p99.95p100;;65418800.0;;0.0637035779;0.063703574
;TZ;1951;p0p100;1249483.47006;;3.34403926455e+12;;
;TZ;1951;p99.9p100;;49728412.0;;0.0937557521;0.093755752
;TZ;1951;p99.9p99.95;;49728412.0;;0.0232427658;0.023242766
;TZ;1951;p99.75p100;;;;0.1392375794;0.13923758
;TZ;1951;p99.95p100;;69416320.0;;0.0705129863;0.070512988
;TZ;1950;p0p100;1232194.40685;;3.21731851832e+12;;
;TZ;1950;p99.9p100;;47285792.0;;0.0857050549;0.085705057
;TZ;1950;p99.9p99.95;;47285792.0;;0.0222027846;0.022202784
;TZ;1950;p99.75p100;;;;0.1292863993;0.12928639
;TZ;1950;p99.95p100;;65214188.0;;0.0635022703;0.063502267
