Variable Name;.;.;.;Fiscal income  | tax unit | Average | Adults | constant 2015 local currency;Fiscal income  | tax unit | Total | Adults | constant 2015 local currency;Fiscal income  | tax unit | Share | Adults | share of total (ratio);Pre-tax national income  | tax unit | Share | Adults | share of total (ratio)
Variable Category;.;.;.;Income inequality;Income inequality;Income inequality;Income inequality
Variable Description;.;.;.;Average Fiscal income within a given percentile group. Fiscal income is defined as the sum of all income items reported on income tax returns, before any deduction. It includes labour income, capital income and mixed income. The concept of fiscal income varies with national tax legislations, so in order to make international comparisons it is preferable to use the concept of national income. The population is comprised of individuals over age 20. The base unit is the tax unit defined by national fiscal administrations to measure personal income taxes.;Total Fiscal income  within a given percentile group. Fiscal income is defined as the sum of all income items reported on income tax returns, before any deduction. It includes labour income, capital income and mixed income. The concept of fiscal income varies with national tax legislations, so in order to make international comparisons it is preferable to use the concept of national income. The population is comprised of individuals over age 20.;Fiscal income share held by a given percentile group. Fiscal income is defined as the sum of all income items reported on income tax returns, before any deduction. It includes labour income, capital income and mixed income. The concept of fiscal income varies with national tax legislations, so in order to make international comparisons it is preferable to use the concept of national income. The population is comprised of individuals over age 20. The base unit is the tax unit defined by national fiscal administrations to measure personal income taxes.;Pre-tax national income share held by a given percentile group. Pre-tax national income  is the sum of all pre-tax personal income flows accruing to the owners of the production factors, labor and capital, before taking into account the operation of the tax/transfer system, but after taking into account the operation of pension system. The central difference between personal factor income and pre-tax income is the treatment of pensions, which are counted on a contribution basis by factor income and on a distribution basis by pre-tax income. The population is comprised of individuals over age 20. The base unit is the tax unit defined by national fiscal administrations to measure personal income taxes.
Variable Decomposition;.;.;.;[Fiscal income ]=[Fiscal labour income ]+[Fiscal capital income ];[Fiscal income ]=[Fiscal labour income ]+[Fiscal capital income ];[Fiscal income ]=[Fiscal labour income ]+[Fiscal capital income ];Pre-tax national income =Pre-tax labor income [total pre-tax income ranking]+Pre-tax capital income [total pre-tax income ranking]
Variable Unit;.;.;.;"USD; United States dollar | local currency | market";"USD; United States dollar | local currency | market";share;share
Methodological Notes;.;.;.;;;;Assuming the same distribution as fiscal income.
Sources;.;.;.;Frank, Sommeiller, Price & Saez (2015);Frank, Sommeiller, Price & Saez (2015);Frank, Sommeiller, Price & Saez (2015);WID.world computations using: Frank, Sommeiller, Price & Saez (2015)
Variable Code;country;year;perc;afiinc992t;mfiinc992t;sfiinc992t;sptinc992t
;US-MI;2015;p0p100;54326.898;2.84552788539e+11;1.0;1.0
;US-MI;2015;p99p100;1015022.6;;0.1868;0.1868
;US-MI;2015;p99.9p100;4600089.0;;0.084700003;0.084700003
;US-MI;2015;p99.99p100;20107390.0;;0.037;0.037
;US-MI;2015;p90p100;265122.09;;0.48800001;0.48800001
;US-MI;2015;p90p95;144702.3;;0.1332;0.1332
;US-MI;2015;p95p99;227029.0;;0.1672;0.1672
;US-MI;2015;p99.5p99.9;838873.5;;0.061799999;0.061799999
;US-MI;2015;p99.9p99.99;2897661.5;;0.048;0.048
;US-MI;2015;p99p99.5;437879.69;;0.0403;0.0403
;US-MI;2015;p95p100;384923.41;;0.35429999;0.35429999
;US-MI;2015;p0p90;30941.199;;0.5126;0.5126
;US-MI;2015;p0p99;44622.898;;0.8132;0.8132
;US-MI;2015;p99.5p100;1591207.5;;0.1464;0.1464
;US-MI;2014;p0p100;51735.398;2.70336899578e+11;1.0;1.0
;US-MI;2014;p99p100;930598.0;;0.1803;0.1803
;US-MI;2014;p99.9p100;4087643.0;;0.0792;0.0792
;US-MI;2014;p99.99p100;17851324.0;;0.034600001;0.034600001
;US-MI;2014;p90p100;249736.0;;0.48390001;0.48390001
;US-MI;2014;p90p95;139674.3;;0.1353;0.1353
;US-MI;2014;p95p99;216833.41;;0.168;0.168
;US-MI;2014;p99.5p99.9;784805.63;;0.060800001;0.060800001
;US-MI;2014;p99.9p99.99;2572510.8;;0.0449;0.0449
;US-MI;2014;p99p99.5;416580.59;;0.040399998;0.040399998
;US-MI;2014;p95p100;359523.59;;0.34830001;0.34830001
;US-MI;2014;p0p90;29592.5;;0.51599997;0.51599997
;US-MI;2014;p0p99;42734.102;;0.8197;0.8197
;US-MI;2014;p99.5p100;1444568.8;;0.1399;0.1399
;US-MI;2013;p0p100;51516.898;2.58614484698e+11;1.0;1.0
;US-MI;2013;p99p100;876799.0;;0.1762;0.1762
;US-MI;2013;p99.9p100;3861284.8;;0.077600002;0.077600002
;US-MI;2013;p99.99p100;17489734.0;;0.035100002;0.035100002
;US-MI;2013;p90p100;240194.2;;0.4826;0.4826
;US-MI;2013;p90p95;137509.8;;0.1382;0.1382
;US-MI;2013;p95p99;208877.41;;0.1679;0.1679
;US-MI;2013;p99.5p99.9;730731.81;;0.058699999;0.058699999
;US-MI;2013;p99.9p99.99;2349272.8;;0.0425;0.0425
;US-MI;2013;p99p99.5;396890.5;;0.039900001;0.039900001
;US-MI;2013;p95p100;342510.81;;0.3441;0.3441
;US-MI;2013;p0p90;28628.699;;0.51770002;0.51770002
;US-MI;2013;p0p99;41413.199;;0.82380003;0.82380003
;US-MI;2013;p99.5p100;1356916.5;;0.1363;0.1363
;US-MI;2012;p0p100;54848.398;2.61422010353e+11;1.0;1.0
;US-MI;2012;p99p100;1032321.5;;0.2006;0.2006
;US-MI;2012;p99.9p100;5064433.0;;0.098399997;0.098399997
;US-MI;2012;p99.99p100;24568324.0;;0.047699999;0.047699999
;US-MI;2012;p90p100;256637.7;;0.49860001;0.49860001
;US-MI;2012;p90p95;139137.7;;0.13519999;0.13519999
;US-MI;2012;p95p99;209005.59;;0.16240001;0.16240001
;US-MI;2012;p99.5p99.9;802161.13;;0.0623;0.0623
;US-MI;2012;p99.9p99.99;2903114.5;;0.050799999;0.050799999
;US-MI;2012;p99p99.5;410246.09;;0.039900001;0.039900001
;US-MI;2012;p95p100;373616.09;;0.36300001;0.36300001
;US-MI;2012;p0p90;28689.0;;0.50169998;0.50169998
;US-MI;2012;p0p99;41559.102;;0.79939997;0.79939997
;US-MI;2012;p99.5p100;1654475.0;;0.16069999;0.16069999
;US-MI;2011;p0p100;53559.102;2.46938868453e+11;1.0;1.0
;US-MI;2011;p99p100;789731.31;;0.1637;0.1637
;US-MI;2011;p99.9p100;3337751.3;;0.069200002;0.069200002
;US-MI;2011;p99.99p100;14349162.0;;0.0297;0.0297
;US-MI;2011;p90p100;227461.7;;0.47150001;0.47150001
;US-MI;2011;p90p95;135898.59;;0.1409;0.1409
;US-MI;2011;p95p99;200553.7;;0.1663;0.1663
;US-MI;2011;p99.5p99.9;675570.63;;0.056000002;0.056000002
;US-MI;2011;p99.9p99.99;2120342.0;;0.0396;0.0396
;US-MI;2011;p99p99.5;371340.0;;0.0385;0.0385
;US-MI;2011;p95p100;318336.69;;0.33000001;0.33000001
;US-MI;2011;p0p90;28355.9;;0.52899998;0.52899998
;US-MI;2011;p0p99;40749.801;;0.83630002;0.83630002
;US-MI;2011;p99.5p100;1208502.3;;0.12530001;0.12530001
;US-MI;2010;p0p100;56156.5;2.40942187277e+11;1.0;1.0
;US-MI;2010;p99p100;800470.81;;0.1684;0.1684
;US-MI;2010;p99.9p100;3657128.0;;0.076899998;0.076899998
;US-MI;2010;p99.99p100;17882096.0;;0.037599999;0.037599999
;US-MI;2010;p90p100;226108.3;;0.47569999;0.47569999
;US-MI;2010;p90p95;136017.3;;0.14309999;0.14309999
;US-MI;2010;p95p99;193952.59;;0.16320001;0.16320001
;US-MI;2010;p99.5p99.9;647983.38;;0.054499999;0.054499999
;US-MI;2010;p99.9p99.99;2076400.3;;0.039299998;0.039299998
;US-MI;2010;p99p99.5;351017.81;;0.036899999;0.036899999
;US-MI;2010;p95p100;315213.0;;0.33160001;0.33160001
;US-MI;2010;p0p90;27742.301;;0.52530003;0.52530003
;US-MI;2010;p0p99;39925.5;;0.83160001;0.83160001
;US-MI;2010;p99.5p100;1250340.3;;0.13150001;0.13150001
;US-MI;2009;p0p100;56329.0;2.31176709247e+11;1.0;1.0
;US-MI;2009;p99p100;703381.38;;0.1524;0.1524
;US-MI;2009;p99.9p100;2840473.8;;0.061500002;0.061500002
;US-MI;2009;p99.99p100;11762188.0;;0.0255;0.0255
;US-MI;2009;p90p100;212424.41;;0.4603;0.4603
;US-MI;2009;p90p95;134664.5;;0.1459;0.1459
;US-MI;2009;p95p99;185235.2;;0.1605;0.1605
;US-MI;2009;p99.5p99.9;598355.63;;0.051899999;0.051899999
;US-MI;2009;p99.9p99.99;1805500.3;;0.0352;0.0352
;US-MI;2009;p99p99.5;343811.19;;0.0372;0.0372
;US-MI;2009;p95p100;289126.59;;0.3132;0.3132
;US-MI;2009;p0p90;27882.6;;0.54369998;0.54369998
;US-MI;2009;p0p99;39511.898;;0.84759998;0.84759998
;US-MI;2009;p99.5p100;1058043.9;;0.1146;0.1146
;US-MI;2008;p0p100;62846.301;2.63683935909e+11;1.0;1.0
;US-MI;2008;p99p100;860159.13;;0.16590001;0.16590001
;US-MI;2008;p99.9p100;3687414.5;;0.071099997;0.071099997
;US-MI;2008;p99.99p100;15410359.0;;0.0297;0.0297
;US-MI;2008;p90p100;237681.0;;0.45829999;0.45829999
;US-MI;2008;p90p95;141346.2;;0.1363;0.1363
;US-MI;2008;p95p99;198469.59;;0.1531;0.1531
;US-MI;2008;p99.5p99.9;711553.5;;0.054900002;0.054900002
;US-MI;2008;p99.9p99.99;2329400.3;;0.040399998;0.040399998
;US-MI;2008;p99p99.5;384684.69;;0.037099998;0.037099998
;US-MI;2008;p95p100;332372.5;;0.32049999;0.32049999
;US-MI;2008;p0p90;31606.0;;0.5485;0.5485
;US-MI;2008;p0p99;43693.898;;0.83410001;0.83410001
;US-MI;2008;p99.5p100;1325388.3;;0.1278;0.1278
;US-MI;2007;p0p100;75057.203;2.91021912317e+11;1.0;1.0
;US-MI;2007;p99p100;1033461.6;;0.17990001;0.17990001
;US-MI;2007;p99.9p100;4654278.0;;0.081;0.081
;US-MI;2007;p99.99p100;19735124.0;;0.034400001;0.034400001
;US-MI;2007;p90p100;263267.81;;0.45829999;0.45829999
;US-MI;2007;p90p95;147427.0;;0.1283;0.1283
;US-MI;2007;p95p99;210214.09;;0.1464;0.1464
;US-MI;2007;p99.5p99.9;841376.13;;0.058600001;0.058600001
;US-MI;2007;p99.9p99.99;2937931.0;;0.046;0.046
;US-MI;2007;p99p99.5;429587.5;;0.0374;0.0374
;US-MI;2007;p95p100;377159.09;;0.3283;0.3283
;US-MI;2007;p0p90;35031.301;;0.54890001;0.54890001
;US-MI;2007;p0p99;47580.398;;0.82010001;0.82010001
;US-MI;2007;p99.5p100;1624444.8;;0.14139999;0.14139999
;US-MI;2006;p0p100;78794.602;2.87549801084e+11;1.0;1.0
;US-MI;2006;p99p100;954454.81;;0.1674;0.1674
;US-MI;2006;p99.9p100;4147049.8;;0.072700001;0.072700001
;US-MI;2006;p99.99p100;16721358.0;;0.029300001;0.029300001
;US-MI;2006;p90p100;251878.2;;0.44170001;0.44170001
;US-MI;2006;p90p95;146594.41;;0.1286;0.1286
;US-MI;2006;p95p99;203387.0;;0.1427;0.1427
;US-MI;2006;p99.5p99.9;801469.13;;0.056200001;0.056200001
;US-MI;2006;p99.9p99.99;2736537.3;;0.043200001;0.043200001
;US-MI;2006;p99p99.5;413244.09;;0.036200002;0.036200002
;US-MI;2006;p95p100;355165.19;;0.3114;0.3114
;US-MI;2006;p0p90;35717.801;;0.56379998;0.56379998
;US-MI;2006;p0p99;47953.301;;0.8326;0.8326
;US-MI;2006;p99.5p100;1485629.3;;0.1303;0.1303
;US-MI;2005;p0p100;85650.602;2.90582031766e+11;1.0;1.0
;US-MI;2005;p99p100;941012.81;;0.1619;0.1619
;US-MI;2005;p99.9p100;4093529.5;;0.0704;0.0704
;US-MI;2005;p99.99p100;16587792.0;;0.0285;0.0285
;US-MI;2005;p90p100;249481.7;;0.4294;0.4294
;US-MI;2005;p90p95;144319.7;;0.1242;0.1242
;US-MI;2005;p95p99;204040.3;;0.14049999;0.14049999
;US-MI;2005;p99.5p99.9;788545.0;;0.054299999;0.054299999
;US-MI;2005;p99.9p99.99;2694775.5;;0.041700002;0.041700002
;US-MI;2005;p99p99.5;411892.69;;0.035399999;0.035399999
;US-MI;2005;p95p100;352300.0;;0.30309999;0.30309999
;US-MI;2005;p0p90;37146.102;;0.57529998;0.57529998
;US-MI;2005;p0p99;49188.5;;0.83810002;0.83810002
;US-MI;2005;p99.5p100;1462391.6;;0.1258;0.1258
;US-MI;2004;p0p100;89191.898;2.85421146531e+11;1.0;1.0
;US-MI;2004;p99p100;874218.81;;0.1543;0.1543
;US-MI;2004;p99.9p100;3729387.0;;0.065800004;0.065800004
;US-MI;2004;p99.99p100;15231281.0;;0.026900001;0.026900001
;US-MI;2004;p90p100;241174.2;;0.42570001;0.42570001
;US-MI;2004;p90p95;144407.5;;0.1275;0.1275
;US-MI;2004;p95p99;200460.5;;0.1415;0.1415
;US-MI;2004;p99.5p99.9;737144.81;;0.052099999;0.052099999
;US-MI;2004;p99.9p99.99;2433005.3;;0.038699999;0.038699999
;US-MI;2004;p99p99.5;398018.09;;0.035100002;0.035100002
;US-MI;2004;p95p100;335537.81;;0.29620001;0.29620001
;US-MI;2004;p0p90;36396.699;;0.5783;0.5783
;US-MI;2004;p0p99;48389.0;;0.84570003;0.84570003
;US-MI;2004;p99.5p100;1345500.8;;0.1188;0.1188
;US-MI;2003;p0p100;90827.5;2.76523217079e+11;1.0;1.0
;US-MI;2003;p99p100;781710.31;;0.1429;0.1429
;US-MI;2003;p99.9p100;3146009.5;;0.057500001;0.057500001
;US-MI;2003;p99.99p100;12521678.0;;0.0229;0.0229
;US-MI;2003;p90p100;230364.7;;0.42120001;0.42120001
;US-MI;2003;p90p95;138371.5;;0.1265;0.1265
;US-MI;2003;p95p99;206038.59;;0.1507;0.1507
;US-MI;2003;p99.5p99.9;679155.19;;0.049699999;0.049699999
;US-MI;2003;p99.9p99.99;2082938.5;;0.034299999;0.034299999
;US-MI;2003;p99p99.5;380001.59;;0.034699999;0.034699999
;US-MI;2003;p95p100;321708.09;;0.29409999;0.29409999
;US-MI;2003;p0p90;35318.199;;0.5812;0.5812
;US-MI;2003;p0p99;47346.301;;0.85710001;0.85710001
;US-MI;2003;p99.5p100;1180011.3;;0.1079;0.1079
;US-MI;2002;p0p100;95566.203;2.78709671098e+11;1.0;1.0
;US-MI;2002;p99p100;754031.19;;0.13699999;0.13699999
;US-MI;2002;p99.9p100;2955084.0;;0.0537;0.0537
;US-MI;2002;p99.99p100;11387607.0;;0.0207;0.0207
;US-MI;2002;p90p100;226848.3;;0.412;0.412
;US-MI;2002;p90p95;137825.09;;0.1252;0.1252
;US-MI;2002;p95p99;205270.59;;0.14910001;0.14910001
;US-MI;2002;p99.5p99.9;666044.5;;0.0484;0.0484
;US-MI;2002;p99.9p99.99;2004114.0;;0.0328;0.0328
;US-MI;2002;p99p99.5;375973.31;;0.0341;0.0341
;US-MI;2002;p95p100;315394.81;;0.28639999;0.28639999
;US-MI;2002;p0p90;36075.801;;0.58969998;0.58969998
;US-MI;2002;p0p99;47996.5;;0.86299998;0.86299998
;US-MI;2002;p99.5p100;1129589.0;;0.1026;0.1026
;US-MI;2001;p0p100;107341.4;2.92950324256e+11;1.0;1.0
;US-MI;2001;p99p100;807029.81;;0.1348;0.1348
;US-MI;2001;p99.9p100;3160163.0;;0.0528;0.0528
;US-MI;2001;p99.99p100;12111883.0;;0.020199999;0.020199999
;US-MI;2001;p90p100;240065.09;;0.40079999;0.40079999
;US-MI;2001;p90p95;145631.59;;0.1216;0.1216
;US-MI;2001;p95p99;215057.7;;0.1436;0.1436
;US-MI;2001;p99.5p99.9;706040.63;;0.047200002;0.047200002
;US-MI;2001;p99.9p99.99;2173989.8;;0.032699998;0.032699998
;US-MI;2001;p99p99.5;415750.0;;0.034699999;0.034699999
;US-MI;2001;p95p100;333796.31;;0.27869999;0.27869999
;US-MI;2001;p0p90;39928.398;;0.60000002;0.60000002
;US-MI;2001;p0p99;52343.199;;0.86519998;0.86519998
;US-MI;2001;p99.5p100;1199225.3;;0.1001;0.1001
;US-MI;2000;p0p100;126765.1;3.17159126458e+11;1.0;1.0
;US-MI;2000;p99p100;1012671.0;;0.1513;0.1513
;US-MI;2000;p99.9p100;4431913.0;;0.066200003;0.066200003
;US-MI;2000;p99.99p100;17944456.0;;0.026799999;0.026799999
;US-MI;2000;p90p100;274128.5;;0.40970001;0.40970001
;US-MI;2000;p90p95;153758.0;;0.1149;0.1149
;US-MI;2000;p95p99;236977.59;;0.1417;0.1417
;US-MI;2000;p99.5p99.9;845425.81;;0.050500002;0.050500002
;US-MI;2000;p99.9p99.99;2950304.0;;0.039700001;0.039700001
;US-MI;2000;p99p99.5;452951.59;;0.033799998;0.033799998
;US-MI;2000;p95p100;393222.41;;0.2938;0.2938
;US-MI;2000;p0p90;44060.102;;0.59259999;0.59259999
;US-MI;2000;p0p99;57364.199;;0.84869999;0.84869999
;US-MI;2000;p99.5p100;1570077.9;;0.1173;0.1173
;US-MI;1999;p0p100;129707.2;3.04644308298e+11;1.0;1.0
;US-MI;1999;p99p100;1014833.0;;0.1583;0.1583
;US-MI;1999;p99.9p100;4404627.0;;0.068700001;0.068700001
;US-MI;1999;p99.99p100;17488732.0;;0.0273;0.0273
;US-MI;1999;p90p100;270635.31;;0.42219999;0.42219999
;US-MI;1999;p90p95;153591.7;;0.1198;0.1198
;US-MI;1999;p95p99;229929.8;;0.1435;0.1435
;US-MI;1999;p99.5p99.9;858328.69;;0.053599998;0.053599998
;US-MI;1999;p99.9p99.99;2978586.3;;0.0418;0.0418
;US-MI;1999;p99p99.5;460251.91;;0.0359;0.0359
;US-MI;1999;p95p100;387081.59;;0.3019;0.3019
;US-MI;1999;p0p90;41179.199;;0.57819998;0.57819998
;US-MI;1999;p0p99;54498.898;;0.84170002;0.84170002
;US-MI;1999;p99.5p100;1569314.3;;0.1224;0.1224
;US-MI;1998;p0p100;126418.3;2.87760181686e+11;1.0;1.0
;US-MI;1998;p99p100;998864.13;;0.1666;0.1666
;US-MI;1998;p99.9p100;4489481.0;;0.074900001;0.074900001
;US-MI;1998;p99.99p100;18874144.0;;0.031500001;0.031500001
;US-MI;1998;p90p100;259455.91;;0.43279999;0.43279999
;US-MI;1998;p90p95;143004.3;;0.1193;0.1193
;US-MI;1998;p95p99;219480.8;;0.1464;0.1464
;US-MI;1998;p99.5p99.9;822978.31;;0.054900002;0.054900002
;US-MI;1998;p99.9p99.99;2899969.3;;0.043499999;0.043499999
;US-MI;1998;p99p99.5;440785.5;;0.036800001;0.036800001
;US-MI;1998;p95p100;375546.59;;0.3132;0.3132
;US-MI;1998;p0p90;37807.801;;0.56760001;0.56760001
;US-MI;1998;p0p99;50465.699;;0.83340001;0.83340001
;US-MI;1998;p99.5p100;1556885.9;;0.12980001;0.12980001
;US-MI;1997;p0p100;125837.4;2.69337625496e+11;1.0;1.0
;US-MI;1997;p99p100;883117.13;;0.1522;0.1522
;US-MI;1997;p99.9p100;3750523.5;;0.064599998;0.064599998
;US-MI;1997;p99.99p100;15151860.0;;0.0261;0.0261
;US-MI;1997;p90p100;242589.3;;0.41800001;0.41800001
;US-MI;1997;p90p95;139131.2;;0.1199;0.1199
;US-MI;1997;p95p99;211367.2;;0.14569999;0.14569999
;US-MI;1997;p99.5p99.9;753728.19;;0.051899999;0.051899999
;US-MI;1997;p99.9p99.99;2491331.0;;0.038600001;0.038600001
;US-MI;1997;p99p99.5;412233.59;;0.035500001;0.035500001
;US-MI;1997;p95p100;345816.5;;0.29789999;0.29789999
;US-MI;1997;p0p90;37553.0;;0.58230001;0.58230001
;US-MI;1997;p0p99;49708.398;;0.84780002;0.84780002
;US-MI;1997;p99.5p100;1353750.9;;0.1166;0.1166
;US-MI;1996;p0p100;123699.5;2.54411803713e+11;1.0;1.0
;US-MI;1996;p99p100;794658.69;;0.1454;0.1454
;US-MI;1996;p99.9p100;3273739.5;;0.059900001;0.059900001
;US-MI;1996;p99.99p100;13129441.0;;0.024;0.024
;US-MI;1996;p90p100;227160.09;;0.41549999;0.41549999
;US-MI;1996;p90p95;134496.3;;0.123;0.123
;US-MI;1996;p95p99;200902.8;;0.147;0.147
;US-MI;1996;p99.5p99.9;692389.88;;0.050700001;0.050700001
;US-MI;1996;p99.9p99.99;2177369.0;;0.035799999;0.035799999
;US-MI;1996;p99p99.5;378584.91;;0.034600001;0.034600001
;US-MI;1996;p95p100;319695.5;;0.2924;0.2924
;US-MI;1996;p0p90;35524.801;;0.5848;0.5848
;US-MI;1996;p0p99;47193.602;;0.85460001;0.85460001
;US-MI;1996;p99.5p100;1210278.8;;0.1107;0.1107
;US-MI;1995;p0p100;124904.3;2.42611583481e+11;1.0;1.0
;US-MI;1995;p99p100;703396.38;;0.13429999;0.13429999
;US-MI;1995;p99.9p100;2716400.3;;0.051899999;0.051899999
;US-MI;1995;p99.99p100;10219796.0;;0.0195;0.0195
;US-MI;1995;p90p100;214102.0;;0.40880001;0.40880001
;US-MI;1995;p90p95;131999.5;;0.126;0.126
;US-MI;1995;p95p99;194329.59;;0.14839999;0.14839999
;US-MI;1995;p99.5p99.9;633973.69;;0.0484;0.0484
;US-MI;1995;p99.9p99.99;1882895.0;;0.032400001;0.032400001
;US-MI;1995;p99p99.5;355227.09;;0.0339;0.0339
;US-MI;1995;p95p100;296118.69;;0.2827;0.2827
;US-MI;1995;p0p90;34415.0;;0.59140003;0.59140003
;US-MI;1995;p0p99;45799.301;;0.86570001;0.86570001
;US-MI;1995;p99.5p100;1051391.3;;0.1004;0.1004
;US-MI;1994;p0p100;125317.1;2.31359695185e+11;1.0;1.0
;US-MI;1994;p99p100;648898.5;;0.1295;0.1295
;US-MI;1994;p99.9p100;2554112.8;;0.050999999;0.050999999
;US-MI;1994;p99.99p100;10091198.0;;0.020099999;0.020099999
;US-MI;1994;p90p100;201499.3;;0.4021;0.4021
;US-MI;1994;p90p95;127470.4;;0.12720001;0.12720001
;US-MI;1994;p95p99;182130.0;;0.1454;0.1454
;US-MI;1994;p99.5p99.9;577905.13;;0.046100002;0.046100002
;US-MI;1994;p99.9p99.99;1715485.3;;0.0308;0.0308
;US-MI;1994;p99p99.5;324204.5;;0.032400001;0.032400001
;US-MI;1994;p95p100;275466.19;;0.27489999;0.27489999
;US-MI;1994;p0p90;33290.801;;0.59799999;0.59799999
;US-MI;1994;p0p99;44057.801;;0.87050003;0.87050003
;US-MI;1994;p99.5p100;973532.31;;0.097099997;0.097099997
;US-MI;1993;p0p100;125048.1;2.18420738039e+11;1.0;1.0
;US-MI;1993;p99p100;609299.5;;0.12710001;0.12710001
;US-MI;1993;p99.9p100;2367692.0;;0.049400002;0.049400002
;US-MI;1993;p99.99p100;9245691.0;;0.019300001;0.019300001
;US-MI;1993;p90p100;191428.59;;0.3994;0.3994
;US-MI;1993;p90p95;122629.0;;0.1279;0.1279
;US-MI;1993;p95p99;172886.8;;0.1443;0.1443
;US-MI;1993;p99.5p99.9;548171.38;;0.045699999;0.045699999
;US-MI;1993;p99.9p99.99;1601380.6;;0.030099999;0.030099999
;US-MI;1993;p99p99.5;305720.41;;0.0319;0.0319
;US-MI;1993;p95p100;260139.91;;0.2714;0.2714
;US-MI;1993;p0p90;31996.199;;0.60079998;0.60079998
;US-MI;1993;p0p99;42260.199;;0.87290001;0.87290001
;US-MI;1993;p99.5p100;912697.19;;0.095200002;0.095200002
;US-MI;1992;p0p100;129814.6;2.16020733579e+11;1.0;1.0
;US-MI;1992;p99p100;600939.63;;0.1268;0.1268
;US-MI;1992;p99.9p100;2315677.3;;0.048900001;0.048900001
;US-MI;1992;p99.99p100;8863555.0;;0.0187;0.0187
;US-MI;1992;p90p100;188085.09;;0.3969;0.3969
;US-MI;1992;p90p95;119863.1;;0.1265;0.1265
;US-MI;1992;p95p99;170260.5;;0.1437;0.1437
;US-MI;1992;p99.5p99.9;545092.5;;0.046;0.046
;US-MI;1992;p99.9p99.99;1587395.8;;0.030099999;0.030099999
;US-MI;1992;p99p99.5;302012.91;;0.0319;0.0319
;US-MI;1992;p95p100;256408.2;;0.27059999;0.27059999
;US-MI;1992;p0p90;31751.301;;0.6031;0.6031
;US-MI;1992;p0p99;41793.801;;0.8732;0.8732
;US-MI;1992;p99.5p100;899748.69;;0.094899997;0.094899997
;US-MI;1991;p0p100;135048.59;2.11021404643e+11;1.0;1.0
;US-MI;1991;p99p100;559009.13;;0.1192;0.1192
;US-MI;1991;p99.9p100;2054724.6;;0.0438;0.0438
;US-MI;1991;p99.99p100;7524818.5;;0.016000001;0.016000001
;US-MI;1991;p90p100;182356.0;;0.38890001;0.38890001
;US-MI;1991;p90p95;118294.5;;0.1261;0.1261
;US-MI;1991;p95p99;168538.5;;0.14380001;0.14380001
;US-MI;1991;p99.5p99.9;517361.5;;0.044100001;0.044100001
;US-MI;1991;p99.9p99.99;1446688.5;;0.027799999;0.027799999
;US-MI;1991;p99p99.5;292989.5;;0.031199999;0.031199999
;US-MI;1991;p95p100;246612.0;;0.26300001;0.26300001
;US-MI;1991;p0p90;31825.5;;0.61089998;0.61089998
;US-MI;1991;p0p99;41715.102;;0.88080001;0.88080001
;US-MI;1991;p99.5p100;825037.5;;0.088;0.088
;US-MI;1990;p0p100;153093.3;2.19024859435e+11;1.0;1.0
;US-MI;1990;p99p100;612734.5;;0.1237;0.1237
;US-MI;1990;p99.9p100;2329714.0;;0.046999998;0.046999998
;US-MI;1990;p99.99p100;8730948.0;;0.0176;0.0176
;US-MI;1990;p90p100;188191.7;;0.37990001;0.37990001
;US-MI;1990;p90p95;116272.9;;0.1174;0.1174
;US-MI;1990;p95p99;171931.41;;0.1388;0.1388
;US-MI;1990;p99.5p99.9;564191.81;;0.045600001;0.045600001
;US-MI;1990;p99.9p99.99;1619743.3;;0.0294;0.0294
;US-MI;1990;p99p99.5;307947.91;;0.031099999;0.031099999
;US-MI;1990;p95p100;260122.2;;0.2626;0.2626
;US-MI;1990;p0p90;34131.602;;0.62010002;0.62010002
;US-MI;1990;p0p99;43847.898;;0.87629998;0.87629998
;US-MI;1990;p99.5p100;917330.38;;0.092600003;0.092600003
;US-MI;1989;p0p100;169514.7;2.20278899051e+11;1.0;1.0
;US-MI;1989;p99p100;616263.69;;0.1238;0.1238
;US-MI;1989;p99.9p100;2243671.3;;0.0451;0.0451
;US-MI;1989;p99.99p100;8070389.0;;0.0162;0.0162
;US-MI;1989;p90p100;193969.91;;0.38980001;0.38980001
;US-MI;1989;p90p95;121538.7;;0.1221;0.1221
;US-MI;1989;p95p99;174535.5;;0.14030001;0.14030001
;US-MI;1989;p99.5p99.9;554275.19;;0.044599999;0.044599999
;US-MI;1989;p99.9p99.99;1551110.9;;0.028100001;0.028100001
;US-MI;1989;p99p99.5;315587.5;;0.0317;0.0317
;US-MI;1989;p95p100;265777.09;;0.26699999;0.26699999
;US-MI;1989;p0p90;34121.602;;0.6171;0.6171
;US-MI;1989;p0p99;44043.699;;0.87620002;0.87620002
;US-MI;1989;p99.5p100;906752.31;;0.0911;0.0911
;US-MI;1988;p0p100;185389.7;2.18257134493e+11;1.0;1.0
;US-MI;1988;p99p100;648578.19;;0.12970001;0.12970001
;US-MI;1988;p99.9p100;2462237.0;;0.049199998;0.049199998
;US-MI;1988;p99.99p100;8968183.0;;0.017899999;0.017899999
;US-MI;1988;p90p100;196600.7;;0.39309999;0.39309999
;US-MI;1988;p90p95;120967.6;;0.1209;0.1209
;US-MI;1988;p95p99;172111.7;;0.1376;0.1376
;US-MI;1988;p99.5p99.9;571184.31;;0.045699999;0.045699999
;US-MI;1988;p99.9p99.99;1681763.1;;0.030300001;0.030300001
;US-MI;1988;p99p99.5;313953.5;;0.031399999;0.031399999
;US-MI;1988;p95p100;271360.69;;0.27129999;0.27129999
;US-MI;1988;p0p90;34244.301;;0.61619997;0.61619997
;US-MI;1988;p0p99;43971.602;;0.87029999;0.87029999
;US-MI;1988;p99.5p100;969127.5;;0.096900001;0.096900001
;US-MI;1987;p0p100;190957.41;2.06446982988e+11;1.0;1.0
;US-MI;1987;p99p100;525895.81;;0.1097;0.1097
;US-MI;1987;p99.9p100;1797986.1;;0.037500001;0.037500001
;US-MI;1987;p99.99p100;6187189.0;;0.0129;0.0129
;US-MI;1987;p90p100;179759.3;;0.375;0.375
;US-MI;1987;p90p95;118785.5;;0.1239;0.1239
;US-MI;1987;p95p99;166331.2;;0.1388;0.1388
;US-MI;1987;p99.5p99.9;481861.91;;0.040199999;0.040199999
;US-MI;1987;p99.9p99.99;1276153.5;;0.024;0.024
;US-MI;1987;p99p99.5;288149.31;;0.030099999;0.030099999
;US-MI;1987;p95p100;240353.7;;0.2507;0.2507
;US-MI;1987;p0p90;33565.5;;0.63020003;0.63020003
;US-MI;1987;p0p99;43109.102;;0.89029998;0.89029998
;US-MI;1987;p99.5p100;756155.0;;0.078900002;0.078900002
;US-MI;1986;p0p100;219698.0;2.16048593259e+11;1.0;1.0
;US-MI;1986;p99p100;681229.38;;0.132;0.132
;US-MI;1986;p99.9p100;2759714.5;;0.0535;0.0535
;US-MI;1986;p99.99p100;10855192.0;;0.021;0.021
;US-MI;1986;p90p100;201253.5;;0.38999999;0.38999999
;US-MI;1986;p90p95;122230.5;;0.1184;0.1184
;US-MI;1986;p95p99;174106.2;;0.13500001;0.13500001
;US-MI;1986;p99.5p99.9;579094.63;;0.0449;0.0449
;US-MI;1986;p99.9p99.99;1778339.3;;0.030999999;0.030999999
;US-MI;1986;p99p99.5;312317.19;;0.030300001;0.030300001
;US-MI;1986;p95p100;279308.91;;0.27059999;0.27059999
;US-MI;1986;p0p90;35517.602;;0.61940002;0.61940002
;US-MI;1986;p0p99;45245.801;;0.86799997;0.86799997
;US-MI;1986;p99.5p100;1035529.4;;0.1003;0.1003
;US-MI;1985;p0p100;210765.91;1.9720618686e+11;1.0;1.0
;US-MI;1985;p99p100;514960.09;;0.1078;0.1078
;US-MI;1985;p99.9p100;1876995.9;;0.039299998;0.039299998
;US-MI;1985;p99.99p100;6726109.0;;0.0141;0.0141
;US-MI;1985;p90p100;177144.7;;0.37090001;0.37090001
;US-MI;1985;p90p95;118296.9;;0.1238;0.1238
;US-MI;1985;p95p99;162085.8;;0.1357;0.1357
;US-MI;1985;p99.5p99.9;445329.59;;0.037300002;0.037300002
;US-MI;1985;p99.9p99.99;1254434.3;;0.023600001;0.023600001
;US-MI;1985;p99p99.5;269900.81;;0.0283;0.0283
;US-MI;1985;p95p100;235389.41;;0.2464;0.2464
;US-MI;1985;p0p90;33813.0;;0.63709998;0.63709998
;US-MI;1985;p0p99;43043.199;;0.89219999;0.89219999
;US-MI;1985;p99.5p100;749146.0;;0.078400001;0.078400001
;US-MI;1984;p0p100;215928.3;1.85131553076e+11;1.0;1.0
;US-MI;1984;p99p100;461849.09;;0.101;0.101
;US-MI;1984;p99.9p100;1652262.8;;0.0361;0.0361
;US-MI;1984;p99.99p100;6033431.5;;0.0132;0.0132
;US-MI;1984;p90p100;165794.8;;0.36250001;0.36250001
;US-MI;1984;p90p95;113903.4;;0.1245;0.1245
;US-MI;1984;p95p99;153603.8;;0.13429999;0.13429999
;US-MI;1984;p99.5p99.9;398506.09;;0.034899998;0.034899998
;US-MI;1984;p99.9p99.99;1085267.3;;0.021400001;0.021400001
;US-MI;1984;p99p99.5;249496.0;;0.0273;0.0273
;US-MI;1984;p95p100;217514.09;;0.2378;0.2378
;US-MI;1984;p0p90;32752.1;;0.64450002;0.64450002
;US-MI;1984;p0p99;41534.699;;0.89899999;0.89899999
;US-MI;1984;p99.5p100;664998.31;;0.072700001;0.072700001
;US-MI;1983;p0p100;229746.41;1.74077372114e+11;1.0;1.0
;US-MI;1983;p99p100;397005.0;;0.092200004;0.092200004
;US-MI;1983;p99.9p100;1317364.1;;0.0306;0.0306
;US-MI;1983;p99.99p100;4706371.0;;0.0109;0.0109
;US-MI;1983;p90p100;152426.0;;0.35389999;0.35389999
;US-MI;1983;p90p95;109484.8;;0.12710001;0.12710001
;US-MI;1983;p95p99;144392.8;;0.13410001;0.13410001
;US-MI;1983;p99.5p99.9;358548.09;;0.033300001;0.033300001
;US-MI;1983;p99.9p99.99;906559.31;;0.0189;0.0189
;US-MI;1983;p99p99.5;230166.7;;0.026699999;0.026699999
;US-MI;1983;p95p100;195940.8;;0.2274;0.2274
;US-MI;1983;p0p90;31058.301;;0.64889997;0.64889997
;US-MI;1983;p0p99;39498.898;;0.90780002;0.90780002
;US-MI;1983;p99.5p100;558854.81;;0.064900003;0.064900003
;US-MI;1982;p0p100;235260.41;1.70958282716e+11;1.0;1.0
;US-MI;1982;p99p100;437690.59;;0.1035;0.1035
;US-MI;1982;p99.9p100;1692968.9;;0.039999999;0.039999999
;US-MI;1982;p99.99p100;7029261.5;;0.0166;0.0166
;US-MI;1982;p90p100;155692.8;;0.368;0.368
;US-MI;1982;p90p95;105110.4;;0.1242;0.1242
;US-MI;1982;p95p99;147677.5;;0.13959999;0.13959999
;US-MI;1982;p99.5p99.9;384067.69;;0.0363;0.0363
;US-MI;1982;p99.9p99.99;1100047.5;;0.023399999;0.023399999
;US-MI;1982;p99p99.5;229533.2;;0.027100001;0.027100001
;US-MI;1982;p95p100;206832.41;;0.2445;0.2445
;US-MI;1982;p0p90;29736.301;;0.63270003;0.63270003
;US-MI;1982;p0p99;38308.301;;0.89649999;0.89649999
;US-MI;1982;p99.5p100;645847.88;;0.076300003;0.076300003
;US-MI;1981;p0p100;267571.19;1.78986401071e+11;1.0;1.0
;US-MI;1981;p99p100;382170.5;;0.089299999;0.089299999
;US-MI;1981;p99.9p100;1221036.0;;0.0285;0.0285
;US-MI;1981;p99.99p100;3995586.3;;0.0093;0.0093
;US-MI;1981;p90p100;151481.3;;0.354;0.354
;US-MI;1981;p90p95;111059.4;;0.12980001;0.12980001
;US-MI;1981;p95p99;144706.5;;0.1353;0.1353
;US-MI;1981;p99.5p99.9;363014.31;;0.0339;0.0339
;US-MI;1981;p99.9p99.99;911676.69;;0.019200001;0.019200001
;US-MI;1981;p99p99.5;228724.3;;0.026699999;0.026699999
;US-MI;1981;p95p100;192374.8;;0.22480001;0.22480001
;US-MI;1981;p0p90;30705.199;;0.64579999;0.64579999
;US-MI;1981;p0p99;39363.602;;0.91070002;0.91070002
;US-MI;1981;p99.5p100;535387.0;;0.062600002;0.062600002
;US-MI;1980;p0p100;336692.59;1.85209311305e+11;1.0;1.0
;US-MI;1980;p99p100;415548.69;;0.092600003;0.092600003
;US-MI;1980;p99.9p100;1330480.3;;0.0296;0.0296
;US-MI;1980;p99.99p100;4612033.0;;0.0103;0.0103
;US-MI;1980;p90p100;158527.09;;0.3531;0.3531
;US-MI;1980;p90p95;113604.2;;0.1265;0.1265
;US-MI;1980;p95p99;150232.09;;0.1339;0.1339
;US-MI;1980;p99.5p99.9;393861.09;;0.035100002;0.035100002
;US-MI;1980;p99.9p99.99;965480.31;;0.019400001;0.019400001
;US-MI;1980;p99p99.5;249722.8;;0.027799999;0.027799999
;US-MI;1980;p95p100;203339.3;;0.2265;0.2265
;US-MI;1980;p0p90;32275.5;;0.64709997;0.64709997
;US-MI;1980;p0p99;41147.602;;0.90740001;0.90740001
;US-MI;1980;p99.5p100;581346.38;;0.0647;0.0647
;US-MI;1979;p0p100;446426.59;1.95301600026e+11;1.0;1.0
;US-MI;1979;p99p100;446724.19;;0.092600003;0.092600003
;US-MI;1979;p99.9p100;1426966.1;;0.0296;0.0296
;US-MI;1979;p99.99p100;4962613.5;;0.0103;0.0103
;US-MI;1979;p90p100;165705.2;;0.3436;0.3436
;US-MI;1979;p90p95;118332.4;;0.1227;0.1227
;US-MI;1979;p95p99;154302.09;;0.12800001;0.12800001
;US-MI;1979;p99.5p99.9;424277.0;;0.0352;0.0352
;US-MI;1979;p99.9p99.99;1033589.6;;0.019300001;0.019300001
;US-MI;1979;p99p99.5;268686.19;;0.027899999;0.027899999
;US-MI;1979;p95p100;212775.2;;0.22059999;0.22059999
;US-MI;1979;p0p90;35184.5;;0.65670002;0.65670002
;US-MI;1979;p0p99;44196.5;;0.90740001;0.90740001
;US-MI;1979;p99.5p100;624976.63;;0.064800002;0.064800002
;US-MI;1978;p0p100;537304.19;1.9104708676e+11;1.0;1.0
;US-MI;1978;p99p100;413999.69;;0.085699998;0.085699998
;US-MI;1978;p99.9p100;1212513.8;;0.0251;0.0251
;US-MI;1978;p99.99p100;3921458.0;;0.0081000002;0.0081000002
;US-MI;1978;p90p100;162486.3;;0.3362;0.3362
;US-MI;1978;p90p95;119442.9;;0.1236;0.1236
;US-MI;1978;p95p99;152996.7;;0.1266;0.1266
;US-MI;1978;p99.5p99.9;408595.41;;0.033799998;0.033799998
;US-MI;1978;p99.9p99.99;911520.13;;0.017000001;0.017000001
;US-MI;1978;p99p99.5;258591.91;;0.026699999;0.026699999
;US-MI;1978;p95p100;205183.41;;0.2123;0.2123
;US-MI;1978;p0p90;35670.199;;0.66420001;0.66420001
;US-MI;1978;p0p99;44641.5;;0.91430002;0.91430002
;US-MI;1978;p99.5p100;569412.19;;0.058899999;0.058899999
;US-MI;1977;p0p100;610311.0;1.83463031935e+11;1.0;1.0
;US-MI;1977;p99p100;397910.31;;0.083899997;0.083899997
;US-MI;1977;p99.9p100;1149644.4;;0.0242;0.0242
;US-MI;1977;p99.99p100;3789294.8;;0.0080000004;0.0080000004
;US-MI;1977;p90p100;157324.41;;0.3317;0.3317
;US-MI;1977;p90p95;121791.2;;0.1284;0.1284
;US-MI;1977;p95p99;141657.7;;0.1195;0.1195
;US-MI;1977;p99.5p99.9;392783.31;;0.033100002;0.033100002
;US-MI;1977;p99.9p99.99;856166.63;;0.0162;0.0162
;US-MI;1977;p99p99.5;251602.3;;0.0265;0.0265
;US-MI;1977;p95p100;192904.09;;0.2034;0.2034
;US-MI;1977;p0p90;35216.0;;0.66829997;0.66829997
;US-MI;1977;p0p99;43888.699;;0.91610003;0.91610003
;US-MI;1977;p99.5p100;544242.5;;0.057399999;0.057399999
;US-MI;1976;p0p100;664352.81;1.72412857964e+11;1.0;1.0
;US-MI;1976;p99p100;374370.59;;0.082199998;0.082199998
;US-MI;1976;p99.9p100;1070606.0;;0.023499999;0.023499999
;US-MI;1976;p99.99p100;3602456.3;;0.0078999996;0.0078999996
;US-MI;1976;p90p100;150673.41;;0.331;0.331
;US-MI;1976;p90p95;107576.5;;0.1182;0.1182
;US-MI;1976;p95p99;148653.91;;0.13060001;0.13060001
;US-MI;1976;p99.5p99.9;374160.91;;0.032900002;0.032900002
;US-MI;1976;p99.9p99.99;789268.69;;0.0156;0.0156
;US-MI;1976;p99p99.5;235208.2;;0.025800001;0.025800001
;US-MI;1976;p95p100;193795.8;;0.2129;0.2129
;US-MI;1976;p0p90;33831.5;;0.66900003;0.66900003
;US-MI;1976;p0p99;42194.898;;0.91780001;0.91780001
;US-MI;1976;p99.5p100;513535.19;;0.056400001;0.056400001
;US-MI;1975;p0p100;698178.19;1.58725853868e+11;1.0;1.0
;US-MI;1975;p99p100;356313.5;;0.083300002;0.083300002
;US-MI;1975;p99.9p100;967162.5;;0.022600001;0.022600001
;US-MI;1975;p99.99p100;2825970.0;;0.0066;0.0066
;US-MI;1975;p90p100;141712.0;;0.33140001;0.33140001
;US-MI;1975;p90p95;101243.5;;0.1184;0.1184
;US-MI;1975;p95p99;138698.59;;0.12970001;0.12970001
;US-MI;1975;p99.5p99.9;369289.19;;0.034499999;0.034499999
;US-MI;1975;p99.9p99.99;761055.38;;0.016000001;0.016000001
;US-MI;1975;p99p99.5;223513.2;;0.0261;0.0261
;US-MI;1975;p95p100;182218.7;;0.2131;0.2131
;US-MI;1975;p0p90;31768.4;;0.66860002;0.66860002
;US-MI;1975;p0p99;39596.801;;0.91670001;0.91670001
;US-MI;1975;p99.5p100;489134.19;;0.0572;0.0572
;US-MI;1974;p0p100;905135.5;1.69266884654e+11;1.0;1.0
;US-MI;1974;p99p100;411258.81;;0.088299997;0.088299997
;US-MI;1974;p99.9p100;1184309.4;;0.0254;0.0254
;US-MI;1974;p99.99p100;3679033.5;;0.0078999996;0.0078999996
;US-MI;1974;p90p100;155994.5;;0.3351;0.3351
;US-MI;1974;p90p95;107191.9;;0.1151;0.1151
;US-MI;1974;p95p99;152951.09;;0.1314;0.1314
;US-MI;1974;p99.5p99.9;405578.59;;0.0348;0.0348
;US-MI;1974;p99.9p99.99;904101.69;;0.0175;0.0175
;US-MI;1974;p99p99.5;259692.2;;0.027899999;0.027899999
;US-MI;1974;p95p100;204811.91;;0.22;0.22
;US-MI;1974;p0p90;34415.199;;0.66530001;0.66530001
;US-MI;1974;p0p99;42869.801;;0.91170001;0.91170001
;US-MI;1974;p99.5p100;562220.38;;0.060400002;0.060400002
;US-MI;1973;p0p100;1177971.6;1.75169820321e+11;1.0;1.0
;US-MI;1973;p99p100;415657.91;;0.084600002;0.084600002
;US-MI;1973;p99.9p100;1252657.3;;0.0255;0.0255
;US-MI;1973;p99.99p100;4391068.0;;0.0088999998;0.0088999998
;US-MI;1973;p90p100;159268.3;;0.32409999;0.32409999
;US-MI;1973;p90p95;111103.3;;0.113;0.113
;US-MI;1973;p95p99;155395.3;;0.1265;0.1265
;US-MI;1973;p99.5p99.9;410158.91;;0.033399999;0.033399999
;US-MI;1973;p99.9p99.99;904040.19;;0.0166;0.0166
;US-MI;1973;p99p99.5;252816.3;;0.025699999;0.025699999
;US-MI;1973;p95p100;207450.09;;0.2111;0.2111
;US-MI;1973;p0p90;36903.301;;0.67589998;0.67589998
;US-MI;1973;p0p99;45439.199;;0.91540003;0.91540003
;US-MI;1973;p99.5p100;578657.0;;0.058899999;0.058899999
;US-MI;1972;p0p100;1294793.3;1.67247564882e+11;1.0;1.0
;US-MI;1972;p99p100;426773.81;;0.089100003;0.089100003
;US-MI;1972;p99.9p100;1355576.9;;0.0283;0.0283
;US-MI;1972;p99.99p100;5123219.5;;0.0107;0.0107
;US-MI;1972;p90p100;157306.7;;0.32859999;0.32859999
;US-MI;1972;p90p95;108299.7;;0.1131;0.1131
;US-MI;1972;p95p99;151217.91;;0.12630001;0.12630001
;US-MI;1972;p99.5p99.9;406646.31;;0.034000002;0.034000002
;US-MI;1972;p99.9p99.99;936953.38;;0.0176;0.0176
;US-MI;1972;p99p99.5;257061.7;;0.026799999;0.026799999
;US-MI;1972;p95p100;206330.5;;0.2155;0.2155
;US-MI;1972;p0p90;35714.301;;0.67140001;0.67140001
;US-MI;1972;p0p99;44046.699;;0.9109;0.9109
;US-MI;1972;p99.5p100;596486.0;;0.0623;0.0623
;US-MI;1971;p0p100;1315420.3;1.56154386143e+11;1.0;1.0
;US-MI;1971;p99p100;402863.09;;0.088200003;0.088200003
;US-MI;1971;p99.9p100;1260552.8;;0.0276;0.0276
;US-MI;1971;p99.99p100;4761607.0;;0.0104;0.0104
;US-MI;1971;p90p100;149540.7;;0.32749999;0.32749999
;US-MI;1971;p90p95;102228.1;;0.1119;0.1119
;US-MI;1971;p95p99;145379.7;;0.1274;0.1274
;US-MI;1971;p99.5p99.9;382818.59;;0.033500001;0.033500001
;US-MI;1971;p99.9p99.99;871521.69;;0.017200001;0.017200001
;US-MI;1971;p99p99.5;247309.7;;0.027100001;0.027100001
;US-MI;1971;p95p100;196873.3;;0.2156;0.2156
;US-MI;1971;p0p90;34115.0;;0.67250001;0.67250001
;US-MI;1971;p0p99;42050.301;;0.91180003;0.91180003
;US-MI;1971;p99.5p100;558391.13;;0.061099999;0.061099999
;US-MI;1970;p0p100;1423029.8;1.51502035427e+11;1.0;1.0
;US-MI;1970;p99p100;403362.09;;0.089000002;0.089000002
;US-MI;1970;p99.9p100;1263980.1;;0.027899999;0.027899999
;US-MI;1970;p99.99p100;4974381.5;;0.011;0.011
;US-MI;1970;p90p100;145155.41;;0.3202;0.3202
;US-MI;1970;p90p95;97628.102;;0.1077;0.1077
;US-MI;1970;p95p99;140011.3;;0.1235;0.1235
;US-MI;1970;p99.5p99.9;384951.19;;0.034000002;0.034000002
;US-MI;1970;p99.9p99.99;852113.38;;0.016899999;0.016899999
;US-MI;1970;p99p99.5;246031.2;;0.027100001;0.027100001
;US-MI;1970;p95p100;192683.3;;0.21250001;0.21250001
;US-MI;1970;p0p90;34242.102;;0.67979997;0.67979997
;US-MI;1970;p0p99;41717.602;;0.91100001;0.91100001
;US-MI;1970;p99.5p100;560708.81;;0.061799999;0.061799999
;US-MI;1969;p0p100;1690664.4;1.58959925355e+11;1.0;1.0
;US-MI;1969;p99p100;472747.19;;0.098099999;0.098099999
;US-MI;1969;p99.9p100;1639430.3;;0.034000002;0.034000002
;US-MI;1969;p99.99p100;6748771.5;;0.014;0.014
;US-MI;1969;p90p100;156559.5;;0.3249;0.3249
;US-MI;1969;p90p95;103099.7;;0.107;0.107
;US-MI;1969;p95p99;144352.09;;0.1198;0.1198
;US-MI;1969;p99.5p99.9;435187.91;;0.0361;0.0361
;US-MI;1969;p99.9p99.99;1072107.1;;0.02;0.02
;US-MI;1969;p99p99.5;269426.31;;0.028000001;0.028000001
;US-MI;1969;p95p100;210033.0;;0.21789999;0.21789999
;US-MI;1969;p0p90;36145.5;;0.67510003;0.67510003
;US-MI;1969;p0p99;43899.199;;0.90189999;0.90189999
;US-MI;1969;p99.5p100;676091.19;;0.070200004;0.070200004
;US-MI;1968;p0p100;1893681.3;1.58314159573e+11;1.0;1.0
;US-MI;1968;p99p100;489215.19;;0.1008;0.1008
;US-MI;1968;p99.9p100;1693851.6;;0.034899998;0.034899998
;US-MI;1968;p99.99p100;6853723.5;;0.0141;0.0141
;US-MI;1968;p90p100;159095.8;;0.32780001;0.32780001
;US-MI;1968;p90p95;100842.7;;0.1039;0.1039
;US-MI;1968;p95p99;149349.2;;0.1231;0.1231
;US-MI;1968;p99.5p99.9;453927.19;;0.0374;0.0374
;US-MI;1968;p99.9p99.99;1120345.0;;0.0208;0.0208
;US-MI;1968;p99p99.5;276520.59;;0.0285;0.0285
;US-MI;1968;p95p100;217328.91;;0.22390001;0.22390001
;US-MI;1968;p0p90;36246.801;;0.67220002;0.67220002
;US-MI;1968;p0p99;44078.801;;0.89920002;0.89920002
;US-MI;1968;p99.5p100;701870.13;;0.072300002;0.072300002
;US-MI;1967;p0p100;1951104.4;1.48550757492e+11;1.0;1.0
;US-MI;1967;p99p100;466896.91;;0.1014;0.1014
;US-MI;1967;p99.9p100;1588153.3;;0.034499999;0.034499999
;US-MI;1967;p99.99p100;6378213.5;;0.0138;0.0138
;US-MI;1967;p90p100;152480.91;;0.33109999;0.33109999
;US-MI;1967;p90p95;98187.0;;0.1066;0.1066
;US-MI;1967;p95p99;141791.8;;0.1231;0.1231
;US-MI;1967;p99.5p99.9;434262.81;;0.037700001;0.037700001
;US-MI;1967;p99.9p99.99;1055722.3;;0.0206;0.0206
;US-MI;1967;p99p99.5;268758.81;;0.029200001;0.029200001
;US-MI;1967;p95p100;206810.7;;0.2245;0.2245
;US-MI;1967;p0p90;34233.102;;0.66890001;0.66890001
;US-MI;1967;p0p99;41808.699;;0.89859998;0.89859998
;US-MI;1967;p99.5p100;665042.13;;0.0722;0.0722
;US-MI;1966;p0p100;2058041.6;1.45641010853e+11;1.0;1.0
;US-MI;1966;p99p100;446586.0;;0.0977;0.0977
;US-MI;1966;p99.9p100;1513871.1;;0.033100002;0.033100002
;US-MI;1966;p99.99p100;6037908.0;;0.0132;0.0132
;US-MI;1966;p90p100;146473.3;;0.3204;0.3204
;US-MI;1966;p90p95;96474.898;;0.1055;0.1055
;US-MI;1966;p95p99;134076.2;;0.1173;0.1173
;US-MI;1966;p99.5p99.9;416503.19;;0.036400001;0.036400001
;US-MI;1966;p99.9p99.99;1011060.1;;0.0199;0.0199
;US-MI;1966;p99p99.5;257336.8;;0.028100001;0.028100001
;US-MI;1966;p95p100;196588.2;;0.215;0.215
;US-MI;1966;p0p90;34516.801;;0.67949998;0.67949998
;US-MI;1966;p0p99;41669.199;;0.9023;0.9023
;US-MI;1966;p99.5p100;635861.63;;0.069499999;0.069499999
;US-MI;1965;p0p100;2083532.1;1.37560588448e+11;1.0;1.0
;US-MI;1965;p99p100;454033.91;;0.1038;0.1038
;US-MI;1965;p99.9p100;1541532.0;;0.0352;0.0352
;US-MI;1965;p99.99p100;6404799.0;;0.0146;0.0146
;US-MI;1965;p90p100;143950.2;;0.329;0.329
;US-MI;1965;p90p95;90146.297;;0.103;0.103
;US-MI;1965;p95p99;133685.8;;0.1222;0.1222
;US-MI;1965;p99.5p99.9;419798.31;;0.038400002;0.038400002
;US-MI;1965;p99.9p99.99;1001324.9;;0.0206;0.0206
;US-MI;1965;p99p99.5;263949.81;;0.030200001;0.030200001
;US-MI;1965;p95p100;197754.3;;0.226;0.226
;US-MI;1965;p0p90;32615.1;;0.671;0.671
;US-MI;1965;p0p99;39604.699;;0.8962;0.8962
;US-MI;1965;p99.5p100;644118.31;;0.073600002;0.073600002
;US-MI;1964;p0p100;1995716.0;1.25833996103e+11;1.0;1.0
;US-MI;1964;p99p100;406862.81;;0.1002;0.1002
;US-MI;1964;p99.9p100;1394421.9;;0.034400001;0.034400001
;US-MI;1964;p99.99p100;5794252.0;;0.0143;0.0143
;US-MI;1964;p90p100;132693.09;;0.32690001;0.32690001
;US-MI;1964;p90p95;81376.398;;0.1003;0.1003
;US-MI;1964;p95p99;128327.8;;0.1265;0.1265
;US-MI;1964;p99.5p99.9;381419.0;;0.037599999;0.037599999
;US-MI;1964;p99.9p99.99;905758.63;;0.020099999;0.020099999
;US-MI;1964;p99p99.5;229929.3;;0.0283;0.0283
;US-MI;1964;p95p100;184028.7;;0.22669999;0.22669999
;US-MI;1964;p0p90;30348.301;;0.67299998;0.67299998
;US-MI;1964;p0p99;36885.5;;0.8998;0.8998
;US-MI;1964;p99.5p100;583964.0;;0.071900003;0.071900003
;US-MI;1963;p0p100;1900168.8;1.14946217907e+11;1.0;1.0
;US-MI;1963;p99p100;362249.81;;0.096199997;0.096199997
;US-MI;1963;p99.9p100;1241525.8;;0.033;0.033
;US-MI;1963;p99.99p100;5250689.5;;0.0139;0.0139
;US-MI;1963;p90p100;123605.5;;0.3283;0.3283
;US-MI;1963;p90p95;82031.297;;0.1089;0.1089
;US-MI;1963;p95p99;115912.6;;0.1231;0.1231
;US-MI;1963;p99.5p99.9;338456.59;;0.035999998;0.035999998
;US-MI;1963;p99.9p99.99;794929.38;;0.018999999;0.018999999
;US-MI;1963;p99p99.5;205657.7;;0.0273;0.0273
;US-MI;1963;p95p100;165180.0;;0.2194;0.2194
;US-MI;1963;p0p90;28100.9;;0.6717;0.6717
;US-MI;1963;p0p99;34372.699;;0.90380001;0.90380001
;US-MI;1963;p99.5p100;518845.19;;0.068899997;0.068899997
;US-MI;1962;p0p100;1857617.0;1.0771573192e+11;1.0;1.0
;US-MI;1962;p99p100;341931.41;;0.095399998;0.095399998
;US-MI;1962;p99.9p100;1142782.6;;0.0319;0.0319
;US-MI;1962;p99.99p100;4745882.0;;0.0132;0.0132
;US-MI;1962;p90p100;116691.3;;0.32550001;0.32550001
;US-MI;1962;p90p95;77697.703;;0.1084;0.1084
;US-MI;1962;p95p99;109123.5;;0.1217;0.1217
;US-MI;1962;p99.5p99.9;323176.31;;0.0361;0.0361
;US-MI;1962;p99.9p99.99;740929.19;;0.0186;0.0186
;US-MI;1962;p99p99.5;196954.59;;0.0275;0.0275
;US-MI;1962;p95p100;155685.09;;0.21709999;0.21709999
;US-MI;1962;p0p90;26870.6;;0.67449999;0.67449999
;US-MI;1962;p0p99;32760.6;;0.90460002;0.90460002
;US-MI;1962;p99.5p100;486909.19;;0.067900002;0.067900002
;US-MI;1961;p0p100;1834291.5;1.02500359662e+11;1.0;1.0
;US-MI;1961;p99p100;349982.81;;0.1009;0.1009
;US-MI;1961;p99.9p100;1224013.4;;0.035300002;0.035300002
;US-MI;1961;p99.99p100;4955440.5;;0.0143;0.0143
;US-MI;1961;p90p100;115195.1;;0.33199999;0.33199999
;US-MI;1961;p90p95;74550.703;;0.1074;0.1074
;US-MI;1961;p95p99;107305.1;;0.1237;0.1237
;US-MI;1961;p99.5p99.9;324010.19;;0.037300002;0.037300002
;US-MI;1961;p99.9p99.99;809178.13;;0.021;0.021
;US-MI;1961;p99p99.5;195975.91;;0.028200001;0.028200001
;US-MI;1961;p95p100;155840.3;;0.2245;0.2245
;US-MI;1961;p0p90;25758.6;;0.66799998;0.66799998
;US-MI;1961;p0p99;31517.6;;0.89910001;0.89910001
;US-MI;1961;p99.5p100;503989.59;;0.0726;0.0726
;US-MI;1960;p0p100;1914814.3;1.02965428373e+11;1.0;1.0
;US-MI;1960;p99p100;330818.31;;0.093199998;0.093199998
;US-MI;1960;p99.9p100;1077063.3;;0.030300001;0.030300001
;US-MI;1960;p99.99p100;4174684.3;;0.0118;0.0118
;US-MI;1960;p90p100;113683.2;;0.3202;0.3202
;US-MI;1960;p90p95;77255.0;;0.1088;0.1088
;US-MI;1960;p95p99;104934.3;;0.1182;0.1182
;US-MI;1960;p99.5p99.9;323462.91;;0.036400001;0.036400001
;US-MI;1960;p99.9p99.99;732174.63;;0.0186;0.0186
;US-MI;1960;p99p99.5;187439.3;;0.0264;0.0264
;US-MI;1960;p95p100;150110.91;;0.2114;0.2114
;US-MI;1960;p0p90;26816.4;;0.67979997;0.67979997
;US-MI;1960;p0p99;32519.301;;0.90679997;0.90679997
;US-MI;1960;p99.5p100;474198.91;;0.066799998;0.066799998
;US-MI;1959;p0p100;1970337.4;1.01527654597e+11;1.0;1.0
;US-MI;1959;p99p100;327046.81;;0.092600003;0.092600003
;US-MI;1959;p99.9p100;1086710.3;;0.0308;0.0308
;US-MI;1959;p99.99p100;4154723.5;;0.0118;0.0118
;US-MI;1959;p90p100;111696.1;;0.3163;0.3163
;US-MI;1959;p90p95;75966.203;;0.1076;0.1076
;US-MI;1959;p95p99;102524.1;;0.1161;0.1161
;US-MI;1959;p99.5p99.9;312177.81;;0.035399999;0.035399999
;US-MI;1959;p99.9p99.99;745370.88;;0.018999999;0.018999999
;US-MI;1959;p99p99.5;187097.91;;0.0265;0.0265
;US-MI;1959;p95p100;147427.7;;0.2088;0.2088
;US-MI;1959;p0p90;26820.301;;0.68360001;0.68360001
;US-MI;1959;p0p99;32361.199;;0.90740001;0.90740001
;US-MI;1959;p99.5p100;466998.69;;0.066100001;0.066100001
;US-MI;1958;p0p100;1871912.6;94218894039.0;1.0;1.0
;US-MI;1958;p99p100;319410.5;;0.096500002;0.096500002
;US-MI;1958;p99.9p100;1092532.1;;0.033;0.033
;US-MI;1958;p99.99p100;4235471.5;;0.0128;0.0128
;US-MI;1958;p90p100;105985.3;;0.32030001;0.32030001
;US-MI;1958;p90p95;69147.602;;0.1045;0.1045
;US-MI;1958;p95p99;98676.703;;0.1193;0.1193
;US-MI;1958;p99.5p99.9;299570.5;;0.036200002;0.036200002
;US-MI;1958;p99.9p99.99;742246.88;;0.020199999;0.020199999
;US-MI;1958;p99p99.5;180948.09;;0.0273;0.0273
;US-MI;1958;p95p100;142823.5;;0.2158;0.2158
;US-MI;1958;p0p90;24984.1;;0.6796;0.6796
;US-MI;1958;p0p99;30192.6;;0.90350002;0.90350002
;US-MI;1958;p99.5p100;457873.09;;0.069200002;0.069200002
;US-MI;1957;p0p100;2143504.5;1.01227150845e+11;1.0;1.0
;US-MI;1957;p99p100;351810.59;;0.097999997;0.097999997
;US-MI;1957;p99.9p100;1161614.0;;0.032400001;0.032400001
;US-MI;1957;p99.99p100;3948498.8;;0.011;0.011
;US-MI;1957;p90p100;113733.7;;0.3168;0.3168
;US-MI;1957;p90p95;73255.5;;0.102;0.102
;US-MI;1957;p95p99;104812.4;;0.1168;0.1168
;US-MI;1957;p99.5p99.9;335589.09;;0.0374;0.0374
;US-MI;1957;p99.9p99.99;851812.31;;0.021400001;0.021400001
;US-MI;1957;p99p99.5;202981.91;;0.0283;0.0283
;US-MI;1957;p95p100;154212.41;;0.2148;0.2148
;US-MI;1957;p0p90;27250.301;;0.6832;0.6832
;US-MI;1957;p0p99;32708.301;;0.90200001;0.90200001
;US-MI;1957;p99.5p100;500639.41;;0.069700003;0.069700003
;US-MI;1956;p0p100;2370912.5;1.03202272732e+11;1.0;1.0
;US-MI;1956;p99p100;381123.69;;0.1029;0.1029
;US-MI;1956;p99.9p100;1220554.3;;0.033;0.033
;US-MI;1956;p99.99p100;4508309.5;;0.0122;0.0122
;US-MI;1956;p90p100;122249.0;;0.33019999;0.33019999
;US-MI;1956;p90p95;80558.203;;0.1088;0.1088
;US-MI;1956;p95p99;109978.8;;0.1188;0.1188
;US-MI;1956;p99.5p99.9;363707.41;;0.039299998;0.039299998
;US-MI;1956;p99.9p99.99;854517.88;;0.0208;0.0208
;US-MI;1956;p99p99.5;227212.2;;0.0307;0.0307
;US-MI;1956;p95p100;164207.7;;0.2218;0.2218
;US-MI;1956;p0p90;27539.0;;0.66949999;0.66949999
;US-MI;1956;p0p99;33547.199;;0.89709997;0.89709997
;US-MI;1956;p99.5p100;535031.88;;0.072300002;0.072300002
;US-MI;1955;p0p100;2452635.8;1.02461005164e+11;1.0;1.0
;US-MI;1955;p99p100;356579.31;;0.095899999;0.095899999
;US-MI;1955;p99.9p100;1206198.1;;0.032400001;0.032400001
;US-MI;1955;p99.99p100;4535147.0;;0.0122;0.0122
;US-MI;1955;p90p100;115874.8;;0.31169999;0.31169999
;US-MI;1955;p90p95;76798.398;;0.1033;0.1033
;US-MI;1955;p95p99;105177.6;;0.1132;0.1132
;US-MI;1955;p99.5p99.9;342575.41;;0.036899999;0.036899999
;US-MI;1955;p99.9p99.99;836278.81;;0.020199999;0.020199999
;US-MI;1955;p99p99.5;197858.5;;0.0266;0.0266
;US-MI;1955;p95p100;155452.59;;0.20909999;0.20909999
;US-MI;1955;p0p90;28406.0;;0.68760002;0.68760002
;US-MI;1955;p0p99;33951.898;;0.9041;0.9041
;US-MI;1955;p99.5p100;515300.09;;0.069300003;0.069300003
;US-MI;1954;p0p100;2218851.8;92319059493.0;1.0;1.0
;US-MI;1954;p99p100;343864.31;;0.1015;0.1015
;US-MI;1954;p99.9p100;1069542.8;;0.031599998;0.031599998
;US-MI;1954;p99.99p100;3671278.0;;0.0108;0.0108
;US-MI;1954;p90p100;108815.9;;0.3211;0.3211
;US-MI;1954;p90p95;69296.703;;0.1022;0.1022
;US-MI;1954;p95p99;99776.797;;0.1178;0.1178
;US-MI;1954;p99.5p99.9;351660.59;;0.041499998;0.041499998
;US-MI;1954;p99.9p99.99;780456.81;;0.0207;0.0207
;US-MI;1954;p99p99.5;192492.3;;0.0284;0.0284
;US-MI;1954;p95p100;148594.91;;0.2193;0.2193
;US-MI;1954;p0p90;25546.6;;0.6785;0.6785
;US-MI;1954;p0p99;30755.4;;0.89850003;0.89850003
;US-MI;1954;p99.5p100;495236.19;;0.073100001;0.073100001
;US-MI;1953;p0p100;2356247.0;95938515240.0;1.0;1.0
;US-MI;1953;p99p100;335525.09;;0.0942;0.0942
;US-MI;1953;p99.9p100;1031805.9;;0.028999999;0.028999999
;US-MI;1953;p99.99p100;3199620.0;;0.0089999996;0.0089999996
;US-MI;1953;p90p100;111042.8;;0.31169999;0.31169999
;US-MI;1953;p90p95;73607.602;;0.1033;0.1033
;US-MI;1953;p95p99;102120.3;;0.1147;0.1147
;US-MI;1953;p99.5p99.9;337910.91;;0.037900001;0.037900001
;US-MI;1953;p99.9p99.99;791109.81;;0.02;0.02
;US-MI;1953;p99p99.5;194365.09;;0.0273;0.0273
;US-MI;1953;p95p100;148803.59;;0.2088;0.2088
;US-MI;1953;p0p90;27230.5;;0.68790001;0.68790001
;US-MI;1953;p0p99;32598.801;;0.90579998;0.90579998
;US-MI;1953;p99.5p100;476682.31;;0.0669;0.0669
;US-MI;1952;p0p100;2153175.3;85429536294.0;1.0;1.0
;US-MI;1952;p99p100;327276.0;;0.102;0.102
;US-MI;1952;p99.9p100;1059219.5;;0.033;0.033
;US-MI;1952;p99.99p100;3426065.0;;0.0107;0.0107
;US-MI;1952;p90p100;100008.2;;0.3118;0.3118
;US-MI;1952;p90p95;62021.102;;0.096699998;0.096699998
;US-MI;1952;p95p99;90799.398;;0.1132;0.1132
;US-MI;1952;p99.5p99.9;329988.81;;0.041200001;0.041200001
;US-MI;1952;p99.9p99.99;796052.69;;0.022299999;0.022299999
;US-MI;1952;p99p99.5;178684.09;;0.027899999;0.027899999
;US-MI;1952;p95p100;138110.59;;0.21529999;0.21529999
;US-MI;1952;p0p90;24517.9;;0.68800002;0.68800002
;US-MI;1952;p0p99;29089.699;;0.898;0.898
;US-MI;1952;p99.5p100;475843.09;;0.074199997;0.074199997
;US-MI;1951;p0p100;2229847.5;83749681230.0;1.0;1.0
;US-MI;1951;p99p100;379968.31;;0.1195;0.1195
;US-MI;1951;p99.9p100;1310557.1;;0.041200001;0.041200001
;US-MI;1951;p99.99p100;3579763.0;;0.0113;0.0113
;US-MI;1951;p90p100;101383.3;;0.31869999;0.31869999
;US-MI;1951;p90p95;51850.5;;0.081500001;0.081500001
;US-MI;1951;p95p99;94456.5;;0.1188;0.1188
;US-MI;1951;p99.5p99.9;369951.41;;0.046500001;0.046500001
;US-MI;1951;p99.9p99.99;1059145.9;;0.029999999;0.029999999
;US-MI;1951;p99p99.5;202171.2;;0.031800002;0.031800002
;US-MI;1951;p95p100;151568.8;;0.2383;0.2383
;US-MI;1951;p0p99;21854.199;;0.68019998;0.68019998
;US-MI;1951;p99.5p100;557991.5;;0.087700002;0.087700002
;US-MI;1950;p0p100;2492931.3;79480614258.0;1.0;1.0
;US-MI;1950;p99p100;361269.41;;0.1183;0.1183
;US-MI;1950;p99.9p100;1289851.8;;0.042199999;0.042199999
;US-MI;1950;p99.99p100;3813232.5;;0.0125;0.0125
;US-MI;1950;p90p100;100618.8;;0.32949999;0.32949999
;US-MI;1950;p90p95;58322.5;;0.0955;0.0955
;US-MI;1950;p95p99;88255.602;;0.1156;0.1156
;US-MI;1950;p99.5p99.9;342730.0;;0.0449;0.0449
;US-MI;1950;p99.9p99.99;999957.63;;0.0295;0.0295
;US-MI;1950;p99p99.5;190276.8;;0.031199999;0.031199999
;US-MI;1950;p95p100;142869.7;;0.2339;0.2339
;US-MI;1950;p0p90;22768.199;;0.67089999;0.67089999
;US-MI;1950;p0p99;27200.6;;0.88169998;0.88169998
;US-MI;1950;p99.5p100;532241.88;;0.087099999;0.087099999
;US-MI;1949;p0p100;2250991.5;69088505122.0;1.0;1.0
;US-MI;1949;p99p100;285458.91;;0.1056;0.1056
;US-MI;1949;p99.9p100;960533.38;;0.035500001;0.035500001
;US-MI;1949;p99.99p100;3108415.8;;0.0115;0.0115
;US-MI;1949;p90p100;87037.703;;0.32179999;0.32179999
;US-MI;1949;p90p95;54668.602;;0.1011;0.1011
;US-MI;1949;p95p99;77772.398;;0.115;0.115
;US-MI;1949;p99.5p99.9;281217.31;;0.0416;0.0416
;US-MI;1949;p99.9p99.99;721880.19;;0.024;0.024
;US-MI;1949;p99p99.5;153838.5;;0.0284;0.0284
;US-MI;1949;p95p100;119309.7;;0.22059999;0.22059999
;US-MI;1949;p0p90;20383.801;;0.67830002;0.67830002
;US-MI;1949;p0p99;24434.1;;0.8944;0.8944
;US-MI;1949;p99.5p100;417080.5;;0.077100001;0.077100001
;US-MI;1948;p0p100;2261597.8;69687700768.0;1.0;1.0
;US-MI;1948;p99p100;297461.09;;0.1074;0.1074
;US-MI;1948;p99.9p100;965011.19;;0.0348;0.0348
;US-MI;1948;p99.99p100;2897761.0;;0.0105;0.0105
;US-MI;1948;p90p100;89471.602;;0.3229;0.3229
;US-MI;1948;p90p95;55201.199;;0.099600002;0.099600002
;US-MI;1948;p95p99;80266.5;;0.1159;0.1159
;US-MI;1948;p99.5p99.9;296809.31;;0.042800002;0.042800002
;US-MI;1948;p99.9p99.99;750274.0;;0.0244;0.0244
;US-MI;1948;p99p99.5;164473.7;;0.0297;0.0297
;US-MI;1948;p95p100;123699.5;;0.22319999;0.22319999
;US-MI;1948;p0p90;20846.5;;0.6771;0.6771
;US-MI;1948;p0p99;24982.4;;0.8926;0.8926
;US-MI;1948;p99.5p100;430449.09;;0.077699997;0.077699997
;US-MI;1947;p0p100;2542642.5;66400508865.0;1.0;1.0
;US-MI;1947;p99p100;251991.8;;0.093999997;0.093999997
;US-MI;1947;p99.9p100;817038.63;;0.0305;0.0305
;US-MI;1947;p99.99p100;2470780.5;;0.0092000002;0.0092000002
;US-MI;1947;p90p100;74035.297;;0.27610001;0.27610001
;US-MI;1947;p90p95;43021.898;;0.080200002;0.080200002
;US-MI;1947;p95p99;68316.297;;0.1019;0.1019
;US-MI;1947;p99.5p99.9;251447.2;;0.037500001;0.037500001
;US-MI;1947;p99.9p99.99;633331.88;;0.021299999;0.021299999
;US-MI;1947;p99p99.5;139420.91;;0.026000001;0.026000001
;US-MI;1947;p95p100;105049.7;;0.19580001;0.19580001
;US-MI;1947;p0p90;21572.6;;0.72390002;0.72390002
;US-MI;1947;p0p99;24544.6;;0.90600002;0.90600002
;US-MI;1947;p99.5p100;364565.19;;0.068000004;0.068000004
;US-MI;1946;p0p100;3228736.0;63329372727.0;1.0;1.0
;US-MI;1946;p99p100;309449.69;;0.1188;0.1188
;US-MI;1946;p99.9p100;975198.13;;0.0374;0.0374
;US-MI;1946;p99.99p100;2966041.5;;0.0114;0.0114
;US-MI;1946;p90p100;90701.297;;0.34830001;0.34830001
;US-MI;1946;p90p95;52088.898;;0.1;0.1
;US-MI;1946;p95p99;84286.703;;0.1295;0.1295
;US-MI;1946;p99.5p99.9;308006.0;;0.0473;0.0473
;US-MI;1946;p99.9p99.99;754014.38;;0.0261;0.0261
;US-MI;1946;p99p99.5;177438.0;;0.0341;0.0341
;US-MI;1946;p95p100;129314.8;;0.2483;0.2483
;US-MI;1946;p0p90;18855.801;;0.65170002;0.65170002
;US-MI;1946;p0p99;23177.9;;0.88120002;0.88120002
;US-MI;1946;p99.5p100;441444.09;;0.084799998;0.084799998
;US-MI;1945;p0p100;3866971.0;63791858054.0;1.0;1.0
;US-MI;1945;p99p100;310672.19;;0.1173;0.1173
;US-MI;1945;p99.9p100;1007415.5;;0.037999999;0.037999999
;US-MI;1945;p99.99p100;3023009.8;;0.0114;0.0114
;US-MI;1945;p90p100;89886.898;;0.33950001;0.33950001
;US-MI;1945;p90p95;52283.102;;0.098700002;0.098700002
;US-MI;1945;p95p99;81707.398;;0.1234;0.1234
;US-MI;1945;p99.5p99.9;309998.91;;0.046799999;0.046799999
;US-MI;1945;p99.9p99.99;783744.88;;0.0266;0.0266
;US-MI;1945;p99p99.5;171854.59;;0.032499999;0.032499999
;US-MI;1945;p95p100;127492.3;;0.24079999;0.24079999
;US-MI;1945;p0p90;19429.801;;0.66049999;0.66049999
;US-MI;1945;p0p99;23605.5;;0.88270003;0.88270003
;US-MI;1945;p99.5p100;449475.91;;0.084899999;0.084899999
;US-MI;1944;p0p100;4438861.5;69296139122.0;1.0;1.0
;US-MI;1944;p99p100;312456.81;;0.1075;0.1075
;US-MI;1944;p99.9p100;1029218.2;;0.035399999;0.035399999
;US-MI;1944;p99.99p100;3033421.5;;0.0104;0.0104
;US-MI;1944;p90p100;95138.297;;0.32749999;0.32749999
;US-MI;1944;p90p95;60862.801;;0.1047;0.1047
;US-MI;1944;p95p99;84978.703;;0.117;0.117
;US-MI;1944;p99.5p99.9;302660.81;;0.041700002;0.041700002
;US-MI;1944;p99.9p99.99;806774.19;;0.025;0.025
;US-MI;1944;p99p99.5;177105.5;;0.0305;0.0305
;US-MI;1944;p95p100;130336.9;;0.2243;0.2243
;US-MI;1944;p0p90;21650.699;;0.67070001;0.67070001
;US-MI;1944;p0p99;26190.9;;0.89249998;0.89249998
;US-MI;1944;p99.5p100;447961.91;;0.077100001;0.077100001
;US-MI;1943;p0p100;4858816.0;72454008290.0;1.0;1.0
;US-MI;1943;p99p100;354964.91;;0.1155;0.1155
;US-MI;1943;p99.9p100;1237809.4;;0.0403;0.0403
;US-MI;1943;p99.99p100;3492387.8;;0.0114;0.0114
;US-MI;1943;p90p100;100491.7;;0.32710001;0.32710001
;US-MI;1943;p90p95;60279.801;;0.098099999;0.098099999
;US-MI;1943;p95p99;87113.297;;0.1134;0.1134
;US-MI;1943;p99.5p99.9;350880.69;;0.045699999;0.045699999
;US-MI;1943;p99.9p99.99;988531.88;;0.028999999;0.028999999
;US-MI;1943;p99p99.5;181668.7;;0.0296;0.0296
;US-MI;1943;p95p100;140689.2;;0.2289;0.2289
;US-MI;1943;p0p90;22973.4;;0.67290002;0.67290002
;US-MI;1943;p0p99;27450.199;;0.88450003;0.88450003
;US-MI;1943;p99.5p100;528262.38;;0.086000003;0.086000003
;US-MI;1942;p0p100;4500223.0;58767935435.0;1.0;1.0
;US-MI;1942;p99p100;345655.81;;0.13689999;0.13689999
;US-MI;1942;p99.9p100;1290509.6;;0.051100001;0.051100001
;US-MI;1942;p99.99p100;3957243.0;;0.015699999;0.015699999
;US-MI;1942;p90p100;94492.703;;0.3741;0.3741
;US-MI;1942;p90p95;56736.199;;0.1123;0.1123
;US-MI;1942;p95p99;78896.203;;0.1249;0.1249
;US-MI;1942;p99.5p99.9;334878.41;;0.052999999;0.052999999
;US-MI;1942;p99.9p99.99;993973.13;;0.035399999;0.035399999
;US-MI;1942;p99p99.5;165363.0;;0.032699998;0.032699998
;US-MI;1942;p95p100;132245.91;;0.26179999;0.26179999
;US-MI;1942;p0p90;17564.0;;0.62589997;0.62589997
;US-MI;1942;p0p99;22020.6;;0.86309999;0.86309999
;US-MI;1942;p99.5p100;525974.63;;0.1041;0.1041
;US-MI;1941;p0p100;4692268.0;49514510477.0;1.0;1.0
;US-MI;1941;p99p100;335283.09;;0.1559;0.1559
;US-MI;1941;p99.9p100;1279472.6;;0.059500001;0.059500001
;US-MI;1941;p99.99p100;4383340.0;;0.020400001;0.020400001
;US-MI;1941;p90p100;87444.102;;0.4066;0.4066
;US-MI;1941;p90p95;50496.0;;0.1174;0.1174
;US-MI;1941;p95p99;71720.203;;0.13339999;0.13339999
;US-MI;1941;p99.5p99.9;317512.59;;0.059099998;0.059099998
;US-MI;1941;p99.9p99.99;934646.63;;0.039099999;0.039099999
;US-MI;1941;p99p99.5;160773.2;;0.0374;0.0374
;US-MI;1941;p95p100;124413.3;;0.28920001;0.28920001
;US-MI;1941;p0p90;14177.0;;0.59329998;0.59329998
;US-MI;1941;p0p99;18336.9;;0.8441;0.8441
;US-MI;1941;p99.5p100;509842.69;;0.1185;0.1185
;US-MI;1940;p0p100;4418684.5;41890888727.0;1.0;1.0
;US-MI;1940;p99p100;294672.19;;0.1604;0.1604
;US-MI;1940;p99.9p100;1139769.5;;0.061999999;0.061999999
;US-MI;1940;p99.99p100;4159887.3;;0.022600001;0.022600001
;US-MI;1940;p90p100;79586.703;;0.43329999;0.43329999
;US-MI;1940;p90p95;46673.699;;0.127;0.127
;US-MI;1940;p95p99;66971.0;;0.14579999;0.14579999
;US-MI;1940;p99.5p99.9;275918.31;;0.0601;0.0601
;US-MI;1940;p99.9p99.99;804699.0;;0.0394;0.0394
;US-MI;1940;p99p99.5;140832.8;;0.0383;0.0383
;US-MI;1940;p95p100;112493.2;;0.3062;0.3062
;US-MI;1940;p0p90;11565.5;;0.56660002;0.56660002
;US-MI;1940;p0p99;15578.6;;0.83960003;0.83960003
;US-MI;1940;p99.5p100;448590.81;;0.1221;0.1221
;US-MI;1939;p0p100;4118791.3;37631999304.0;1.0;1.0
;US-MI;1939;p99p100;255185.09;;0.15189999;0.15189999
;US-MI;1939;p99.9p100;970544.88;;0.057799999;0.057799999
;US-MI;1939;p99.99p100;3311085.8;;0.0197;0.0197
;US-MI;1939;p90p100;71657.898;;0.42660001;0.42660001
;US-MI;1939;p90p95;43195.801;;0.1286;0.1286
;US-MI;1939;p95p99;61564.0;;0.14659999;0.14659999
;US-MI;1939;p99.5p99.9;238111.0;;0.056699999;0.056699999
;US-MI;1939;p99.9p99.99;710540.69;;0.0381;0.0381
;US-MI;1939;p99p99.5;125866.3;;0.037500001;0.037500001
;US-MI;1939;p95p100;100277.8;;0.2985;0.2985
;US-MI;1939;p0p90;10692.8;;0.5729;0.5729
;US-MI;1939;p0p99;14390.3;;0.84810001;0.84810001
;US-MI;1939;p99.5p100;384541.41;;0.1145;0.1145
;US-MI;1938;p0p100;3586339.5;33170957823.0;1.0;1.0
;US-MI;1938;p99p100;220418.2;;0.1464;0.1464
;US-MI;1938;p99.9p100;843746.5;;0.0561;0.0561
;US-MI;1938;p99.99p100;3087807.0;;0.020500001;0.020500001
;US-MI;1938;p90p100;65350.398;;0.43419999;0.43419999
;US-MI;1938;p90p95;42124.398;;0.1399;0.1399
;US-MI;1938;p95p99;56964.199;;0.1514;0.1514
;US-MI;1938;p99.5p99.9;203444.7;;0.054099999;0.054099999
;US-MI;1938;p99.9p99.99;594202.31;;0.035500001;0.035500001
;US-MI;1938;p99p99.5;109421.0;;0.0363;0.0363
;US-MI;1938;p95p100;89669.602;;0.29789999;0.29789999
;US-MI;1938;p0p90;9402.5996;;0.56220001;0.56220001
;US-MI;1938;p0p99;12977.2;;0.85360003;0.85360003
;US-MI;1938;p99.5p100;331444.31;;0.1101;0.1101
;US-MI;1937;p0p100;4102738.3;38774521300.0;1.0;1.0
;US-MI;1937;p99p100;280932.69;;0.15710001;0.15710001
;US-MI;1937;p99.9p100;1097073.9;;0.0614;0.0614
;US-MI;1937;p99.99p100;3718494.3;;0.0208;0.0208
;US-MI;1937;p90p100;73910.5;;0.41339999;0.41339999
;US-MI;1937;p90p95;44072.0;;0.1233;0.1233
;US-MI;1937;p95p99;60584.102;;0.1356;0.1356
;US-MI;1937;p99.5p99.9;263027.19;;0.058800001;0.058800001
;US-MI;1937;p99.9p99.99;805800.0;;0.040600002;0.040600002
;US-MI;1937;p99p99.5;132027.5;;0.036899999;0.036899999
;US-MI;1937;p95p100;104655.1;;0.29269999;0.29269999
;US-MI;1937;p0p90;11601.8;;0.58410001;0.58410001
;US-MI;1937;p0p99;15220.8;;0.84289998;0.84289998
;US-MI;1937;p99.5p100;429836.91;;0.1202;0.1202
;US-MI;1936;p0p100;4120032.3;35756324236.0;1.0;1.0
;US-MI;1936;p99p100;314740.09;;0.1882;0.1882
;US-MI;1936;p99.9p100;1323528.0;;0.079099998;0.079099998
;US-MI;1936;p99.99p100;4926433.5;;0.0295;0.0295
;US-MI;1936;p90p100;76941.102;;0.4601;0.4601
;US-MI;1936;p90p95;43711.0;;0.13070001;0.13070001
;US-MI;1936;p95p99;60680.898;;0.1451;0.1451
;US-MI;1936;p99.5p99.9;286096.31;;0.068400003;0.068400003
;US-MI;1936;p99.9p99.99;923165.0;;0.049699999;0.049699999
;US-MI;1936;p99p99.5;135891.0;;0.040600002;0.040600002
;US-MI;1936;p95p100;111490.3;;0.33340001;0.33340001
;US-MI;1936;p0p90;9958.2998;;0.53600001;0.53600001
;US-MI;1936;p0p99;13712.3;;0.8118;0.8118
;US-MI;1936;p99.5p100;493584.81;;0.1476;0.1476
;US-MI;1935;p0p100;3627206.3;30431702747.0;1.0;1.0
;US-MI;1935;p99p100;221129.09;;0.1531;0.1531
;US-MI;1935;p99.9p100;909951.0;;0.063000001;0.063000001
;US-MI;1935;p99.99p100;3535308.8;;0.024499999;0.024499999
;US-MI;1935;p90p100;58608.398;;0.4059;0.4059
;US-MI;1935;p90p95;32097.699;;0.1111;0.1111
;US-MI;1935;p95p99;51074.898;;0.1415;0.1415
;US-MI;1935;p99.5p99.9;197307.91;;0.054699998;0.054699998
;US-MI;1935;p99.9p99.99;618211.31;;0.0385;0.0385
;US-MI;1935;p99p99.5;102412.6;;0.035500001;0.035500001
;US-MI;1935;p95p100;85094.0;;0.2947;0.2947
;US-MI;1935;p0p90;9534.2002;;0.59420002;0.59420002
;US-MI;1935;p0p99;12352.1;;0.84689999;0.84689999
;US-MI;1935;p99.5p100;339841.81;;0.1177;0.1177
;US-MI;1934;p0p100;3315047.3;26080104588.0;1.0;1.0
;US-MI;1934;p99p100;169108.7;;0.1346;0.1346
;US-MI;1934;p99.9p100;625168.5;;0.049800001;0.049800001
;US-MI;1934;p99.99p100;2242328.8;;0.0178;0.0178
;US-MI;1934;p90p100;48953.699;;0.3897;0.3897
;US-MI;1934;p90p95;25605.1;;0.1019;0.1019
;US-MI;1934;p95p99;48202.801;;0.15350001;0.15350001
;US-MI;1934;p99.5p99.9;155620.59;;0.0495;0.0495
;US-MI;1934;p99.9p99.99;445472.09;;0.0319;0.0319
;US-MI;1934;p99p99.5;88681.297;;0.035300002;0.035300002
;US-MI;1934;p95p100;72229.703;;0.28749999;0.28749999
;US-MI;1934;p0p90;8514.7998;;0.61000001;0.61000001
;US-MI;1934;p0p99;10981.5;;0.86540002;0.86540002
;US-MI;1934;p99.5p100;249530.59;;0.099299997;0.099299997
;US-MI;1933;p0p100;2844507.5;20650871602.0;1.0;1.0
;US-MI;1933;p99p100;129966.0;;0.1288;0.1288
;US-MI;1933;p99.9p100;468431.41;;0.046399999;0.046399999
;US-MI;1933;p99.99p100;1738863.4;;0.017200001;0.017200001
;US-MI;1933;p90p100;39008.898;;0.3865;0.3865
;US-MI;1933;p90p95;22822.4;;0.1131;0.1131
;US-MI;1933;p95p99;37449.801;;0.14839999;0.14839999
;US-MI;1933;p99.5p99.9;115817.2;;0.045899998;0.045899998
;US-MI;1933;p99.9p99.99;327272.31;;0.029200001;0.029200001
;US-MI;1933;p99p99.5;73591.898;;0.036499999;0.036499999
;US-MI;1933;p95p100;55811.0;;0.27649999;0.27649999
;US-MI;1933;p0p90;6836.8999;;0.60970002;0.60970002
;US-MI;1933;p0p99;8881.2002;;0.87120003;0.87120003
;US-MI;1933;p99.5p100;186340.0;;0.092299998;0.092299998
;US-MI;1932;p0p100;2849384.0;22667185977.0;1.0;1.0
;US-MI;1932;p99p100;144276.7;;0.1284;0.1284
;US-MI;1932;p99.9p100;554055.31;;0.0493;0.0493
;US-MI;1932;p99.99p100;2097409.5;;0.0187;0.0187
;US-MI;1932;p90p100;44844.801;;0.39919999;0.39919999
;US-MI;1932;p90p95;26943.301;;0.1199;0.1199
;US-MI;1932;p95p99;42734.199;;0.1522;0.1522
;US-MI;1932;p99.5p99.9;128204.6;;0.045699999;0.045699999
;US-MI;1932;p99.9p99.99;382571.59;;0.0307;0.0307
;US-MI;1932;p99p99.5;75178.602;;0.033500001;0.033500001
;US-MI;1932;p95p100;62937.199;;0.28009999;0.28009999
;US-MI;1932;p0p90;7482.1001;;0.5995;0.5995
;US-MI;1932;p0p99;9889.2998;;0.87159997;0.87159997
;US-MI;1932;p99.5p100;213374.8;;0.094999999;0.094999999
;US-MI;1931;p0p100;2860350.0;27878007785.0;1.0;1.0
;US-MI;1931;p99p100;207426.91;;0.148;0.148
;US-MI;1931;p99.9p100;916513.69;;0.065399997;0.065399997
;US-MI;1931;p99.99p100;4573779.5;;0.032600001;0.032600001
;US-MI;1931;p90p100;57178.801;;0.40790001;0.40790001
;US-MI;1931;p90p95;32350.6;;0.1154;0.1154
;US-MI;1931;p95p99;49110.398;;0.1401;0.1401
;US-MI;1931;p99.5p99.9;170406.2;;0.048599999;0.048599999
;US-MI;1931;p99.9p99.99;510150.91;;0.0328;0.0328
;US-MI;1931;p99p99.5;95226.102;;0.034000002;0.034000002
;US-MI;1931;p95p100;80941.297;;0.28870001;0.28870001
;US-MI;1931;p0p90;9289.7998;;0.59649998;0.59649998
;US-MI;1931;p0p99;12063.4;;0.852;0.852
;US-MI;1931;p99.5p100;319627.69;;0.114;0.114
;US-MI;1930;p0p100;2758041.3;31812016648.0;1.0;1.0
;US-MI;1930;p99p100;249653.7;;0.15360001;0.15360001
;US-MI;1930;p99.9p100;1077151.9;;0.066299997;0.066299997
;US-MI;1930;p99.99p100;4696795.5;;0.028899999;0.028899999
;US-MI;1930;p90p100;63620.199;;0.3915;0.3915
;US-MI;1930;p90p95;35458.5;;0.1091;0.1091
;US-MI;1930;p95p99;53069.301;;0.13060001;0.13060001
;US-MI;1930;p99.5p99.9;214491.0;;0.0528;0.0528
;US-MI;1930;p99.9p99.99;674969.31;;0.0374;0.0374
;US-MI;1930;p99p99.5;112284.3;;0.034499999;0.034499999
;US-MI;1930;p95p100;92408.398;;0.2843;0.2843
;US-MI;1930;p0p90;10952.8;;0.60659999;0.60659999
;US-MI;1930;p0p99;13892.2;;0.84640002;0.84640002
;US-MI;1930;p99.5p100;387023.19;;0.1191;0.1191
;US-MI;1929;p0p100;3243843.3;38463502822.0;1.0;1.0
;US-MI;1929;p99p100;408182.31;;0.20290001;0.20290001
;US-MI;1929;p99.9p100;2052660.9;;0.102;0.102
;US-MI;1929;p99.99p100;9720981.0;;0.048300002;0.048300002
;US-MI;1929;p90p100;86210.0;;0.4285;0.4285
;US-MI;1929;p90p95;42439.301;;0.1055;0.1055
;US-MI;1929;p95p99;62983.801;;0.1252;0.1252
;US-MI;1929;p99.5p99.9;318193.41;;0.063299999;0.063299999
;US-MI;1929;p99.9p99.99;1200625.3;;0.0537;0.0537
;US-MI;1929;p99p99.5;151277.7;;0.037599999;0.037599999
;US-MI;1929;p95p100;132047.3;;0.32820001;0.32820001
;US-MI;1929;p0p90;12661.8;;0.56639999;0.56639999
;US-MI;1929;p0p99;16198.9;;0.79710001;0.79710001
;US-MI;1929;p99.5p100;665086.88;;0.1653;0.1653
;US-MI;1928;p0p100;3095503.0;35851927198.0;1.0;1.0
;US-MI;1928;p99p100;444387.81;;0.2315;0.2315
;US-MI;1928;p99.9p100;2241365.3;;0.1167;0.1167
;US-MI;1928;p99.99p100;10116757.0;;0.052700002;0.052700002
;US-MI;1928;p90p100;90806.0;;0.47299999;0.47299999
;US-MI;1928;p90p95;43695.398;;0.1138;0.1138
;US-MI;1928;p95p99;63445.0;;0.1322;0.1322
;US-MI;1928;p99.5p99.9;352475.41;;0.073399998;0.073399998
;US-MI;1928;p99.9p99.99;1366321.8;;0.064099997;0.064099997
;US-MI;1928;p99p99.5;158522.3;;0.041299999;0.041299999
;US-MI;1928;p95p100;139704.0;;0.36379999;0.36379999
;US-MI;1928;p0p90;11147.0;;0.52249998;0.52249998
;US-MI;1928;p0p99;14903.9;;0.76849997;0.76849997
;US-MI;1928;p99.5p100;730253.31;;0.1902;0.1902
;US-MI;1927;p0p100;2823230.0;32749917401.0;1.0;1.0
;US-MI;1927;p99p100;362981.69;;0.2018;0.2018
;US-MI;1927;p99.9p100;1712817.4;;0.095200002;0.095200002
;US-MI;1927;p99.99p100;7584417.5;;0.042199999;0.042199999
;US-MI;1927;p90p100;82638.602;;0.45930001;0.45930001
;US-MI;1927;p90p95;46750.898;;0.12989999;0.12989999
;US-MI;1927;p95p99;61478.801;;0.1367;0.1367
;US-MI;1927;p99.5p99.9;300552.5;;0.066799998;0.066799998
;US-MI;1927;p99.9p99.99;1060417.4;;0.052999999;0.052999999
;US-MI;1927;p99p99.5;142957.91;;0.039700001;0.039700001
;US-MI;1927;p95p100;121809.3;;0.33849999;0.33849999
;US-MI;1927;p0p90;10627.4;;0.5316;0.5316
;US-MI;1927;p0p99;14506.4;;0.79820001;0.79820001
;US-MI;1927;p99.5p100;583005.5;;0.162;0.162
;US-MI;1926;p0p100;2626589.0;30802995236.0;1.0;1.0
;US-MI;1926;p99p100;345903.5;;0.1989;0.1989
;US-MI;1926;p99.9p100;1562618.0;;0.089900002;0.089900002
;US-MI;1926;p99.99p100;6898768.5;;0.039700001;0.039700001
;US-MI;1926;p90p100;78756.797;;0.45289999;0.45289999
;US-MI;1926;p90p95;41094.5;;0.1182;0.1182
;US-MI;1926;p95p99;60403.898;;0.139;0.139
;US-MI;1926;p99.5p99.9;294839.91;;0.0678;0.0678
;US-MI;1926;p99.9p99.99;969712.38;;0.0502;0.0502
;US-MI;1926;p99p99.5;143411.5;;0.041200001;0.041200001
;US-MI;1926;p95p100;117552.1;;0.338;0.338
;US-MI;1926;p0p90;10509.0;;0.54390001;0.54390001
;US-MI;1926;p0p99;14069.7;;0.80110002;0.80110002
;US-MI;1926;p99.5p100;548395.5;;0.1577;0.1577
;US-MI;1925;p0p100;2616772.8;29312869683.0;1.0;1.0
;US-MI;1925;p99p100;350791.31;;0.20640001;0.20640001
;US-MI;1925;p99.9p100;1641172.0;;0.096600004;0.096600004
;US-MI;1925;p99.99p100;7487953.0;;0.044100001;0.044100001
;US-MI;1925;p90p100;80030.297;;0.47080001;0.47080001
;US-MI;1925;p90p95;44842.602;;0.1319;0.1319
;US-MI;1925;p95p99;58933.5;;0.13869999;0.13869999
;US-MI;1925;p99.5p99.9;296890.0;;0.069899999;0.069899999
;US-MI;1925;p99.9p99.99;991529.69;;0.052499998;0.052499998
;US-MI;1925;p99p99.5;135836.2;;0.039999999;0.039999999
;US-MI;1925;p95p100;117376.4;;0.34529999;0.34529999
;US-MI;1925;p0p90;9878.2002;;0.523;0.523
;US-MI;1925;p0p99;13626.1;;0.79360002;0.79360002
;US-MI;1925;p99.5p100;565746.38;;0.1664;0.1664
;US-MI;1924;p0p100;2580094.8;26716027885.0;1.0;1.0
;US-MI;1924;p99p100;271924.0;;0.1706;0.1706
;US-MI;1924;p99.9p100;1167585.9;;0.073200002;0.073200002
;US-MI;1924;p99.99p100;4989968.0;;0.031300001;0.031300001
;US-MI;1924;p90p100;69135.203;;0.4337;0.4337
;US-MI;1924;p90p95;39491.199;;0.1239;0.1239
;US-MI;1924;p95p99;55621.0;;0.13959999;0.13959999
;US-MI;1924;p99.5p99.9;244528.2;;0.0614;0.0614
;US-MI;1924;p99.9p99.99;742876.69;;0.041900001;0.041900001
;US-MI;1924;p99p99.5;114708.2;;0.035999998;0.035999998
;US-MI;1924;p95p100;98881.602;;0.31020001;0.31020001
;US-MI;1924;p0p90;10023.5;;0.56599998;0.56599998
;US-MI;1924;p0p99;13354.1;;0.8294;0.8294
;US-MI;1924;p99.5p100;429139.81;;0.1346;0.1346
;US-MI;1923;p0p100;2549313.3;25446634119.0;1.0;1.0
;US-MI;1923;p99p100;245646.41;;0.1566;0.1566
;US-MI;1923;p99.9p100;1028441.5;;0.0656;0.0656
;US-MI;1923;p99.99p100;4322068.0;;0.0275;0.0275
;US-MI;1923;p90p100;65329.398;;0.41639999;0.41639999
;US-MI;1923;p90p95;38877.199;;0.1239;0.1239
;US-MI;1923;p95p99;53430.102;;0.1362;0.1362
;US-MI;1923;p99.5p99.9;221530.59;;0.056499999;0.056499999
;US-MI;1923;p99.9p99.99;662478.5;;0.037999999;0.037999999
;US-MI;1923;p99p99.5;108379.7;;0.034499999;0.034499999
;US-MI;1923;p95p100;91873.398;;0.29280001;0.29280001
;US-MI;1923;p0p90;10167.4;;0.58329999;0.58329999
;US-MI;1923;p0p99;13365.3;;0.8434;0.8434
;US-MI;1923;p99.5p100;382913.09;;0.122;0.122
;US-MI;1922;p0p100;2352435.8;21973433667.0;1.0;1.0
;US-MI;1922;p99p100;235911.0;;0.1689;0.1689
;US-MI;1922;p99.9p100;1056580.9;;0.075599998;0.075599998
;US-MI;1922;p99.99p100;4960855.0;;0.035500001;0.035500001
;US-MI;1922;p90p100;60331.301;;0.43180001;0.43180001
;US-MI;1922;p90p95;33189.301;;0.1188;0.1188
;US-MI;1922;p95p99;50412.0;;0.1443;0.1443
;US-MI;1922;p99.5p99.9;200271.5;;0.057300001;0.057300001
;US-MI;1922;p99.9p99.99;622772.81;;0.040100001;0.040100001
;US-MI;1922;p99p99.5;100288.7;;0.0359;0.0359
;US-MI;1922;p95p100;87511.797;;0.3132;0.3132
;US-MI;1922;p0p90;8817.9004;;0.56800002;0.56800002
;US-MI;1922;p0p99;11729.3;;0.83109999;0.83109999
;US-MI;1922;p99.5p100;371533.41;;0.133;0.133
;US-MI;1921;p0p100;1758189.3;18211906768.0;1.0;1.0
;US-MI;1921;p99p100;173415.7;;0.14569999;0.14569999
;US-MI;1921;p99.9p100;652809.69;;0.0548;0.0548
;US-MI;1921;p99.99p100;2341218.0;;0.0197;0.0197
;US-MI;1921;p90p100;48410.898;;0.40669999;0.40669999
;US-MI;1921;p90p95;28690.801;;0.1205;0.1205
;US-MI;1921;p95p99;41877.699;;0.1407;0.1407
;US-MI;1921;p99.5p99.9;162892.7;;0.054699998;0.054699998
;US-MI;1921;p99.9p99.99;465208.91;;0.0352;0.0352
;US-MI;1921;p99p99.5;85955.297;;0.0361;0.0361
;US-MI;1921;p95p100;68185.297;;0.28639999;0.28639999
;US-MI;1921;p0p90;7844.8999;;0.59310001;0.59310001
;US-MI;1921;p0p99;10272.8;;0.85430002;0.85430002
;US-MI;1921;p99.5p100;260876.09;;0.1096;0.1096
;US-MI;1920;p0p100;1822408.1;22880614277.0;1.0;1.0
;US-MI;1920;p99p100;197247.3;;0.1276;0.1276
;US-MI;1920;p99.9p100;757563.0;;0.048999999;0.048999999
;US-MI;1920;p99.99p100;2887029.5;;0.0187;0.0187
;US-MI;1920;p90p100;51098.5;;0.33050001;0.33050001
;US-MI;1920;p90p95;28656.801;;0.092699997;0.092699997
;US-MI;1920;p95p99;42656.602;;0.1104;0.1104
;US-MI;1920;p99.5p99.9;185466.2;;0.048;0.048
;US-MI;1920;p99.9p99.99;520955.69;;0.030300001;0.030300001
;US-MI;1920;p99p99.5;94609.0;;0.0306;0.0306
;US-MI;1920;p95p100;73574.703;;0.2379;0.2379
;US-MI;1920;p0p90;11500.0;;0.66939998;0.66939998
;US-MI;1920;p0p99;13625.4;;0.87239999;0.87239999
;US-MI;1920;p99.5p100;299885.59;;0.097000003;0.097000003
;US-MI;1919;p0p100;2540837.0;23095103404.0;1.0;1.0
;US-MI;1919;p99p100;242410.5;;0.15090001;0.15090001
;US-MI;1919;p99.9p100;1146560.8;;0.071400002;0.071400002
;US-MI;1919;p99.99p100;5989077.5;;0.037300002;0.037300002
;US-MI;1919;p90p100;59210.0;;0.36849999;0.36849999
;US-MI;1919;p90p95;30210.4;;0.093999997;0.093999997
;US-MI;1919;p95p99;49698.898;;0.1237;0.1237
;US-MI;1919;p99.5p99.9;196163.59;;0.048799999;0.048799999
;US-MI;1919;p99.9p99.99;605492.88;;0.0339;0.0339
;US-MI;1919;p99p99.5;99061.398;;0.0308;0.0308
;US-MI;1919;p95p100;88241.203;;0.2746;0.2746
;US-MI;1919;p0p90;11272.2;;0.63139999;0.63139999
;US-MI;1919;p0p99;13781.0;;0.84909999;0.84909999
;US-MI;1919;p99.5p100;385759.59;;0.12;0.12
;US-MI;1918;p0p100;3344658.0;22515500437.0;1.0;1.0
;US-MI;1918;p99p100;182281.0;;0.1137;0.1137
;US-MI;1918;p99.9p100;755121.63;;0.0471;0.0471
;US-MI;1918;p99.99p100;2724972.8;;0.017000001;0.017000001
;US-MI;1918;p90p100;47453.0;;0.296;0.296
;US-MI;1918;p90p95;24954.6;;0.077799998;0.077799998
;US-MI;1918;p95p99;41841.898;;0.1044;0.1044
;US-MI;1918;p99.5p99.9;162384.5;;0.0405;0.0405
;US-MI;1918;p99.9p99.99;536249.81;;0.030099999;0.030099999
;US-MI;1918;p99p99.5;83630.203;;0.0261;0.0261
;US-MI;1918;p95p100;69929.703;;0.2181;0.2181
;US-MI;1918;p0p90;12543.0;;0.70410001;0.70410001
;US-MI;1918;p0p99;14353.6;;0.88630003;0.88630003
;US-MI;1918;p99.5p100;280931.91;;0.0876;0.0876
;US-MI;1917;p0p100;4866355.5;23508474401.0;1.0;1.0
;US-MI;1917;p99p100;226029.41;;0.1337;0.1337
;US-MI;1917;p99.9p100;1039002.7;;0.0614;0.0614
;US-MI;1917;p99.99p100;4004851.3;;0.023700001;0.023700001
;US-MI;1917;p90p100;55180.699;;0.3263;0.3263
;US-MI;1917;p90p95;29131.9;;0.086099997;0.086099997
