Variable Name;.;.;.;Fiscal income  | tax unit | Average | Adults | constant 2015 local currency;Fiscal income  | tax unit | Total | Adults | constant 2015 local currency;Fiscal income  | tax unit | Share | Adults | share of total (ratio);Pre-tax national income  | tax unit | Share | Adults | share of total (ratio)
Variable Category;.;.;.;Income inequality;Income inequality;Income inequality;Income inequality
Variable Description;.;.;.;Average Fiscal income within a given percentile group. Fiscal income is defined as the sum of all income items reported on income tax returns, before any deduction. It includes labour income, capital income and mixed income. The concept of fiscal income varies with national tax legislations, so in order to make international comparisons it is preferable to use the concept of national income. The population is comprised of individuals over age 20. The base unit is the tax unit defined by national fiscal administrations to measure personal income taxes.;Total Fiscal income  within a given percentile group. Fiscal income is defined as the sum of all income items reported on income tax returns, before any deduction. It includes labour income, capital income and mixed income. The concept of fiscal income varies with national tax legislations, so in order to make international comparisons it is preferable to use the concept of national income. The population is comprised of individuals over age 20.;Fiscal income share held by a given percentile group. Fiscal income is defined as the sum of all income items reported on income tax returns, before any deduction. It includes labour income, capital income and mixed income. The concept of fiscal income varies with national tax legislations, so in order to make international comparisons it is preferable to use the concept of national income. The population is comprised of individuals over age 20. The base unit is the tax unit defined by national fiscal administrations to measure personal income taxes.;Pre-tax national income share held by a given percentile group. Pre-tax national income  is the sum of all pre-tax personal income flows accruing to the owners of the production factors, labor and capital, before taking into account the operation of the tax/transfer system, but after taking into account the operation of pension system. The central difference between personal factor income and pre-tax income is the treatment of pensions, which are counted on a contribution basis by factor income and on a distribution basis by pre-tax income. The population is comprised of individuals over age 20. The base unit is the tax unit defined by national fiscal administrations to measure personal income taxes.
Variable Decomposition;.;.;.;[Fiscal income ]=[Fiscal labour income ]+[Fiscal capital income ];[Fiscal income ]=[Fiscal labour income ]+[Fiscal capital income ];[Fiscal income ]=[Fiscal labour income ]+[Fiscal capital income ];Pre-tax national income =Pre-tax labor income [total pre-tax income ranking]+Pre-tax capital income [total pre-tax income ranking]
Variable Unit;.;.;.;"USD; United States dollar | local currency | market";"USD; United States dollar | local currency | market";share;share
Methodological Notes;.;.;.;;;;Assuming the same distribution as fiscal income.
Sources;.;.;.;Frank, Sommeiller, Price & Saez (2015);Frank, Sommeiller, Price & Saez (2015);Frank, Sommeiller, Price & Saez (2015);WID.world computations using: Frank, Sommeiller, Price & Saez (2015)
Variable Code;country;year;perc;afiinc992t;mfiinc992t;sfiinc992t;sptinc992t
;US-NM;2015;p0p100;47854.602;51227716700.0;1.0;1.0
;US-NM;2015;p99p100;680310.5;;0.14219999;0.14219999
;US-NM;2015;p99.9p100;2652738.8;;0.055399999;0.055399999
;US-NM;2015;p99.99p100;9943937.0;;0.0208;0.0208
;US-NM;2015;p90p100;212959.59;;0.44499999;0.44499999
;US-NM;2015;p90p95;130518.5;;0.1364;0.1364
;US-NM;2015;p95p99;197280.41;;0.1649;0.1649
;US-NM;2015;p99.5p99.9;617958.63;;0.0517;0.0517
;US-NM;2015;p99.9p99.99;1878001.6;;0.035300002;0.035300002
;US-NM;2015;p99p99.5;333944.09;;0.034899998;0.034899998
;US-NM;2015;p95p100;294447.0;;0.30759999;0.30759999
;US-NM;2015;p0p90;29568.1;;0.55610001;0.55610001
;US-NM;2015;p0p99;41466.102;;0.85780001;0.85780001
;US-NM;2015;p99.5p100;1025069.0;;0.1071;0.1071
;US-NM;2014;p0p100;46592.801;49758801008.0;1.0;1.0
;US-NM;2014;p99p100;685425.13;;0.14749999;0.14749999
;US-NM;2014;p99.9p100;2882566.3;;0.061999999;0.061999999
;US-NM;2014;p99.99p100;12192016.0;;0.0262;0.0262
;US-NM;2014;p90p100;210446.7;;0.45269999;0.45269999
;US-NM;2014;p90p95;128162.2;;0.13789999;0.13789999
;US-NM;2014;p95p99;194212.41;;0.1671;0.1671
;US-NM;2014;p99.5p99.9;597894.88;;0.0515;0.0515
;US-NM;2014;p99.9p99.99;1861327.3;;0.035999998;0.035999998
;US-NM;2014;p99p99.5;316815.31;;0.0341;0.0341
;US-NM;2014;p95p100;292351.41;;0.3145;0.3145
;US-NM;2014;p0p90;28261.9;;0.54720002;0.54720002
;US-NM;2014;p0p99;40028.398;;0.85250002;0.85250002
;US-NM;2014;p99.5p100;1053990.5;;0.1134;0.1134
;US-NM;2013;p0p100;46503.5;47755358681.0;1.0;1.0
;US-NM;2013;p99p100;624202.5;;0.1389;0.1389
;US-NM;2013;p99.9p100;2570877.5;;0.0572;0.0572
;US-NM;2013;p99.99p100;10968176.0;;0.0244;0.0244
;US-NM;2013;p90p100;198630.0;;0.44209999;0.44209999
;US-NM;2013;p90p95;125341.9;;0.13950001;0.13950001
;US-NM;2013;p95p99;183037.0;;0.163;0.163
;US-NM;2013;p99.5p99.9;546597.19;;0.048700001;0.048700001
;US-NM;2013;p99.9p99.99;1641272.3;;0.032900002;0.032900002
;US-NM;2013;p99p99.5;297099.59;;0.033100002;0.033100002
;US-NM;2013;p95p100;271363.41;;0.30199999;0.30199999
;US-NM;2013;p0p90;27877.301;;0.55849999;0.55849999
;US-NM;2013;p0p99;39072.699;;0.86110002;0.86110002
;US-NM;2013;p99.5p100;951559.5;;0.1059;0.1059
;US-NM;2012;p0p100;49889.801;50300501184.0;1.0;1.0
;US-NM;2012;p99p100;740274.88;;0.15809999;0.15809999
;US-NM;2012;p99.9p100;3254074.8;;0.069499999;0.069499999
;US-NM;2012;p99.99p100;13835394.0;;0.0296;0.0296
;US-NM;2012;p90p100;211004.41;;0.45070001;0.45070001
;US-NM;2012;p90p95;127210.6;;0.13590001;0.13590001
;US-NM;2012;p95p99;182590.5;;0.156;0.156
;US-NM;2012;p99.5p99.9;631987.19;;0.054000001;0.054000001
;US-NM;2012;p99.9p99.99;2102248.3;;0.040399998;0.040399998
;US-NM;2012;p99p99.5;324658.69;;0.034699999;0.034699999
;US-NM;2012;p95p100;294028.5;;0.31400001;0.31400001
;US-NM;2012;p0p90;28580.9;;0.54949999;0.54949999
;US-NM;2012;p0p99;39809.102;;0.84189999;0.84189999
;US-NM;2012;p99.5p100;1156035.6;;0.1235;0.1235
;US-NM;2011;p0p100;50681.699;48320190530.0;1.0;1.0
;US-NM;2011;p99p100;622734.0;;0.1364;0.1364
;US-NM;2011;p99.9p100;2427502.3;;0.053199999;0.053199999
;US-NM;2011;p99.99p100;9583492.0;;0.021;0.021
;US-NM;2011;p90p100;196594.0;;0.4307;0.4307
;US-NM;2011;p90p95;125897.2;;0.13789999;0.13789999
;US-NM;2011;p95p99;177412.3;;0.15549999;0.15549999
;US-NM;2011;p99.5p99.9;545300.63;;0.047800001;0.047800001
;US-NM;2011;p99.9p99.99;1641066.5;;0.032400001;0.032400001
;US-NM;2011;p99p99.5;323703.91;;0.035500001;0.035500001
;US-NM;2011;p95p100;266408.09;;0.29179999;0.29179999
;US-NM;2011;p0p90;28912.9;;0.56999999;0.56999999
;US-NM;2011;p0p99;39818.898;;0.86360002;0.86360002
;US-NM;2011;p99.5p100;922344.5;;0.101;0.101
;US-NM;2010;p0p100;53701.602;47719969366.0;1.0;1.0
;US-NM;2010;p99p100;671907.13;;0.1478;0.1478
;US-NM;2010;p99.9p100;2926616.8;;0.064400002;0.064400002
;US-NM;2010;p99.99p100;13910092.0;;0.0306;0.0306
;US-NM;2010;p90p100;201650.59;;0.4436;0.4436
;US-NM;2010;p90p95;118141.4;;0.13;0.13
;US-NM;2010;p95p99;187643.2;;0.16509999;0.16509999
;US-NM;2010;p99.5p99.9;537970.31;;0.0473;0.0473
;US-NM;2010;p99.9p99.99;1705761.3;;0.033799998;0.033799998
;US-NM;2010;p99p99.5;328424.41;;0.0361;0.0361
;US-NM;2010;p95p100;284426.91;;0.31290001;0.31290001
;US-NM;2010;p0p90;28133.5;;0.5571;0.5571
;US-NM;2010;p0p99;39125.398;;0.85219997;0.85219997
;US-NM;2010;p99.5p100;1016282.8;;0.1118;0.1118
;US-NM;2009;p0p100;54706.102;46064205197.0;1.0;1.0
;US-NM;2009;p99p100;645857.63;;0.1441;0.1441
;US-NM;2009;p99.9p100;2632661.3;;0.058699999;0.058699999
;US-NM;2009;p99.99p100;11004001.0;;0.024599999;0.024599999
;US-NM;2009;p90p100;197126.41;;0.43979999;0.43979999
;US-NM;2009;p90p95;117815.2;;0.1314;0.1314
;US-NM;2009;p95p99;182855.7;;0.16320001;0.16320001
;US-NM;2009;p99.5p99.9;547610.88;;0.048900001;0.048900001
;US-NM;2009;p99.9p99.99;1664878.8;;0.033399999;0.033399999
;US-NM;2009;p99p99.5;313286.81;;0.034899998;0.034899998
;US-NM;2009;p95p100;275808.41;;0.30770001;0.30770001
;US-NM;2009;p0p90;28067.0;;0.5636;0.5636
;US-NM;2009;p0p99;38749.898;;0.85589999;0.85589999
;US-NM;2009;p99.5p100;974251.81;;0.1087;0.1087
;US-NM;2008;p0p100;60175.898;49998362330.0;1.0;1.0
;US-NM;2008;p99p100;789145.31;;0.15889999;0.15889999
;US-NM;2008;p99.9p100;3372430.8;;0.067900002;0.067900002
;US-NM;2008;p99.99p100;14050014.0;;0.0283;0.0283
;US-NM;2008;p90p100;219615.7;;0.44229999;0.44229999
;US-NM;2008;p90p95;132024.09;;0.1329;0.1329
;US-NM;2008;p95p99;182877.3;;0.1473;0.1473
;US-NM;2008;p99.5p99.9;653606.63;;0.052700002;0.052700002
;US-NM;2008;p99.9p99.99;2134305.5;;0.038699999;0.038699999
;US-NM;2008;p99p99.5;353873.31;;0.035599999;0.035599999
;US-NM;2008;p95p100;305598.91;;0.30770001;0.30770001
;US-NM;2008;p0p90;31143.4;;0.56449997;0.56449997
;US-NM;2008;p0p99;42185.5;;0.84109998;0.84109998
;US-NM;2008;p99.5p100;1214822.3;;0.1223;0.1223
;US-NM;2007;p0p100;70011.703;52529819221.0;1.0;1.0
;US-NM;2007;p99p100;958350.31;;0.1789;0.1789
;US-NM;2007;p99.9p100;4308245.5;;0.080399998;0.080399998
;US-NM;2007;p99.99p100;18235014.0;;0.034000002;0.034000002
;US-NM;2007;p90p100;243859.0;;0.4551;0.4551
;US-NM;2007;p90p95;135774.91;;0.1267;0.1267
;US-NM;2007;p95p99;195452.3;;0.1459;0.1459
;US-NM;2007;p99.5p99.9;780885.31;;0.0583;0.0583
;US-NM;2007;p99.9p99.99;2722730.5;;0.045699999;0.045699999
;US-NM;2007;p99p99.5;399039.5;;0.0372;0.0372
;US-NM;2007;p95p100;350187.81;;0.32679999;0.32679999
;US-NM;2007;p0p90;32864.898;;0.5521;0.5521
;US-NM;2007;p0p99;44438.801;;0.8211;0.8211
;US-NM;2007;p99.5p100;1505565.0;;0.14049999;0.14049999
;US-NM;2006;p0p100;70662.797;50027857087.0;1.0;1.0
;US-NM;2006;p99p100;871374.88;;0.17039999;0.17039999
;US-NM;2006;p99.9p100;3722992.3;;0.072800003;0.072800003
;US-NM;2006;p99.99p100;14761401.0;;0.028899999;0.028899999
;US-NM;2006;p90p100;230479.91;;0.45070001;0.45070001
;US-NM;2006;p90p95;124006.2;;0.1213;0.1213
;US-NM;2006;p95p99;199459.2;;0.156;0.156
;US-NM;2006;p99.5p99.9;737275.63;;0.057700001;0.057700001
;US-NM;2006;p99.9p99.99;2483316.0;;0.043699998;0.043699998
;US-NM;2006;p99p99.5;383153.31;;0.037500001;0.037500001
;US-NM;2006;p95p100;335762.41;;0.3283;0.3283
;US-NM;2006;p0p90;31532.4;;0.55500001;0.55500001
;US-NM;2006;p0p99;42848.602;;0.82959998;0.82959998
;US-NM;2006;p99.5p100;1349471.0;;0.132;0.132
;US-NM;2005;p0p100;73047.602;48044568278.0;1.0;1.0
;US-NM;2005;p99p100;785298.5;;0.1585;0.1585
;US-NM;2005;p99.9p100;3307464.5;;0.066699997;0.066699997
;US-NM;2005;p99.99p100;12976092.0;;0.0262;0.0262
;US-NM;2005;p90p100;215320.09;;0.43450001;0.43450001
;US-NM;2005;p90p95;117274.1;;0.1183;0.1183
;US-NM;2005;p95p99;192104.91;;0.1551;0.1551
;US-NM;2005;p99.5p99.9;667734.88;;0.0539;0.0539
;US-NM;2005;p99.9p99.99;2222912.3;;0.040399998;0.040399998
;US-NM;2005;p99p99.5;354118.5;;0.035700001;0.035700001
;US-NM;2005;p95p100;311933.0;;0.31470001;0.31470001
;US-NM;2005;p0p90;31410.1;;0.5704;0.5704
;US-NM;2005;p0p99;42125.0;;0.84149998;0.84149998
;US-NM;2005;p99.5p100;1208581.3;;0.1219;0.1219
;US-NM;2004;p0p100;75388.0;44516695600.0;1.0;1.0
;US-NM;2004;p99p100;666143.0;;0.1391;0.1391
;US-NM;2004;p99.9p100;2645683.5;;0.055300001;0.055300001
;US-NM;2004;p99.99p100;10059813.0;;0.021;0.021
;US-NM;2004;p90p100;199506.8;;0.41670001;0.41670001
;US-NM;2004;p90p95;113877.4;;0.1189;0.1189
;US-NM;2004;p95p99;187314.41;;0.1565;0.1565
;US-NM;2004;p99.5p99.9;578305.69;;0.048300002;0.048300002
;US-NM;2004;p99.9p99.99;1801537.1;;0.0339;0.0339
;US-NM;2004;p99p99.5;322871.0;;0.0337;0.0337
;US-NM;2004;p95p100;283676.59;;0.29620001;0.29620001
;US-NM;2004;p0p90;31265.301;;0.58770001;0.58770001
;US-NM;2004;p0p99;41635.102;;0.86089998;0.86089998
;US-NM;2004;p99.5p100;1003425.7;;0.1048;0.1048
;US-NM;2003;p0p100;75955.297;41547200027.0;1.0;1.0
;US-NM;2003;p99p100;573579.88;;0.12540001;0.12540001
;US-NM;2003;p99.9p100;2089648.1;;0.045699999;0.045699999
;US-NM;2003;p99.99p100;7529059.0;;0.0165;0.0165
;US-NM;2003;p90p100;187282.5;;0.4095;0.4095
;US-NM;2003;p90p95;115708.2;;0.1265;0.1265
;US-NM;2003;p95p99;178365.41;;0.156;0.156
;US-NM;2003;p99.5p99.9;515609.5;;0.0451;0.0451
;US-NM;2003;p99.9p99.99;1459450.0;;0.0287;0.0287
;US-NM;2003;p99p99.5;302176.81;;0.033;0.033
;US-NM;2003;p95p100;258203.3;;0.2823;0.2823
;US-NM;2003;p0p90;30194.699;;0.59420002;0.59420002
;US-NM;2003;p0p99;40403.199;;0.87459999;0.87459999
;US-NM;2003;p99.5p100;840270.69;;0.091899998;0.091899998
;US-NM;2002;p0p100;79837.602;40999384674.0;1.0;1.0
;US-NM;2002;p99p100;575586.38;;0.1251;0.1251
;US-NM;2002;p99.9p100;2129065.8;;0.046300001;0.046300001
;US-NM;2002;p99.99p100;7743720.5;;0.016799999;0.016799999
;US-NM;2002;p90p100;186422.91;;0.40529999;0.40529999
;US-NM;2002;p90p95;115593.9;;0.1257;0.1257
;US-NM;2002;p95p99;176477.3;;0.15350001;0.15350001
;US-NM;2002;p99.5p99.9;518798.5;;0.0451;0.0451
;US-NM;2002;p99.9p99.99;1489985.1;;0.029200001;0.029200001
;US-NM;2002;p99p99.5;300845.41;;0.032699998;0.032699998
;US-NM;2002;p95p100;256791.5;;0.2791;0.2791
;US-NM;2002;p0p90;30513.1;;0.59710002;0.59710002
;US-NM;2002;p0p99;40646.0;;0.87489998;0.87489998
;US-NM;2002;p99.5p100;847393.69;;0.092100002;0.092100002
;US-NM;2001;p0p100;87474.203;42054836366.0;1.0;1.0
;US-NM;2001;p99p100;865728.19;;0.17739999;0.17739999
;US-NM;2001;p99.9p100;3746701.5;;0.076800004;0.076800004
;US-NM;2001;p99.99p100;16087358.0;;0.033;0.033
;US-NM;2001;p90p100;233488.0;;0.47839999;0.47839999
;US-NM;2001;p90p95;128561.0;;0.13169999;0.13169999
;US-NM;2001;p95p99;205999.41;;0.1688;0.1688
;US-NM;2001;p99.5p99.9;723460.19;;0.059300002;0.059300002
;US-NM;2001;p99.9p99.99;2377688.8;;0.0438;0.0438
;US-NM;2001;p99p99.5;402836.09;;0.041299999;0.041299999
;US-NM;2001;p95p100;338135.19;;0.34639999;0.34639999
;US-NM;2001;p0p90;28311.9;;0.52209997;0.52209997
;US-NM;2001;p0p99;40553.602;;0.82260001;0.82260001
;US-NM;2001;p99.5p100;1329042.8;;0.1362;0.1362
;US-NM;2000;p0p100;97191.797;42641414003.0;1.0;1.0
;US-NM;2000;p99p100;497047.69;;0.096900001;0.096900001
;US-NM;2000;p99.9p100;1755936.3;;0.034200002;0.034200002
;US-NM;2000;p99.99p100;6030730.5;;0.0118;0.0118
;US-NM;2000;p90p100;172066.3;;0.33539999;0.33539999
;US-NM;2000;p90p95;109039.3;;0.1063;0.1063
;US-NM;2000;p95p99;166031.09;;0.1294;0.1294
;US-NM;2000;p99.5p99.9;440766.59;;0.034400001;0.034400001
;US-NM;2000;p99.9p99.99;1296628.8;;0.022700001;0.022700001
;US-NM;2000;p99p99.5;279913.69;;0.0273;0.0273
;US-NM;2000;p95p100;233701.3;;0.2278;0.2278
;US-NM;2000;p0p90;38089.102;;0.66820002;0.66820002
;US-NM;2000;p0p99;46803.602;;0.90310001;0.90310001
;US-NM;2000;p99.5p100;711152.13;;0.069300003;0.069300003
;US-NM;1999;p0p100;100833.2;40645458168.0;1.0;1.0
;US-NM;1999;p99p100;694983.38;;0.13950001;0.13950001
;US-NM;1999;p99.9p100;2794727.5;;0.0561;0.0561
;US-NM;1999;p99.99p100;10750025.0;;0.021600001;0.021600001
;US-NM;1999;p90p100;205538.91;;0.41249999;0.41249999
;US-NM;1999;p90p95;119983.3;;0.1204;0.1204
;US-NM;1999;p95p99;189119.5;;0.15180001;0.15180001
;US-NM;1999;p99.5p99.9;596089.5;;0.047800001;0.047800001
;US-NM;1999;p99.9p99.99;1933749.8;;0.034899998;0.034899998
;US-NM;1999;p99p99.5;352203.41;;0.035300002;0.035300002
;US-NM;1999;p95p100;290552.5;;0.2915;0.2915
;US-NM;1999;p0p90;32564.199;;0.58810002;0.58810002
;US-NM;1999;p0p99;43315.801;;0.86049998;0.86049998
;US-NM;1999;p99.5p100;1037626.9;;0.1041;0.1041
;US-NM;1998;p0p100;101906.3;39635814181.0;1.0;1.0
;US-NM;1998;p99p100;635061.19;;0.1314;0.1314
;US-NM;1998;p99.9p100;2434714.0;;0.0504;0.0504
;US-NM;1998;p99.99p100;9079008.0;;0.0188;0.0188
;US-NM;1998;p90p100;193594.8;;0.40059999;0.40059999
;US-NM;1998;p90p95;115947.2;;0.12;0.12
;US-NM;1998;p95p99;179096.5;;0.14820001;0.14820001
;US-NM;1998;p99.5p99.9;563245.13;;0.046599999;0.046599999
;US-NM;1998;p99.9p99.99;1715661.4;;0.032000002;0.032000002
;US-NM;1998;p99p99.5;330751.19;;0.034200002;0.034200002
;US-NM;1998;p95p100;270732.69;;0.28009999;0.28009999
;US-NM;1998;p0p90;32228.6;;0.6002;0.6002
;US-NM;1998;p0p99;42399.102;;0.86860001;0.86860001
;US-NM;1998;p99.5p100;939244.69;;0.097199999;0.097199999
;US-NM;1997;p0p100;99614.898;37863419491.0;1.0;1.0
;US-NM;1997;p99p100;589225.88;;0.12819999;0.12819999
;US-NM;1997;p99.9p100;2266648.5;;0.0493;0.0493
;US-NM;1997;p99.99p100;8568313.0;;0.0186;0.0186
;US-NM;1997;p90p100;183640.09;;0.39969999;0.39969999
;US-NM;1997;p90p95;112275.9;;0.1222;0.1222
;US-NM;1997;p95p99;170863.09;;0.1487;0.1487
;US-NM;1997;p99.5p99.9;520809.41;;0.045299999;0.045299999
;US-NM;1997;p99.9p99.99;1575536.4;;0.0309;0.0309
;US-NM;1997;p99p99.5;307048.59;;0.033399999;0.033399999
;US-NM;1997;p95p100;254716.0;;0.27720001;0.27720001
;US-NM;1997;p0p90;30673.0;;0.60079998;0.60079998
;US-NM;1997;p0p99;40459.602;;0.87180001;0.87180001
;US-NM;1997;p99.5p100;871002.88;;0.094800003;0.094800003
;US-NM;1996;p0p100;99387.398;35673271859.0;1.0;1.0
;US-NM;1996;p99p100;514245.0;;0.1171;0.1171
;US-NM;1996;p99.9p100;1798773.5;;0.041000001;0.041000001
;US-NM;1996;p99.99p100;6125218.0;;0.0139;0.0139
;US-NM;1996;p90p100;171691.2;;0.39089999;0.39089999
;US-NM;1996;p90p95;108066.2;;0.123;0.123
;US-NM;1996;p95p99;165257.7;;0.1505;0.1505
;US-NM;1996;p99.5p99.9;477360.19;;0.043499999;0.043499999
;US-NM;1996;p99.9p99.99;1315331.3;;0.027000001;0.027000001
;US-NM;1996;p99p99.5;281735.5;;0.032099999;0.032099999
;US-NM;1996;p95p100;235150.2;;0.26769999;0.26769999
;US-NM;1996;p0p90;29772.9;;0.61000001;0.61000001
;US-NM;1996;p0p99;39173.0;;0.8829;0.8829
;US-NM;1996;p99.5p100;745563.38;;0.084899999;0.084899999
;US-NM;1995;p0p100;103384.0;34319108103.0;1.0;1.0
;US-NM;1995;p99p100;477097.19;;0.1101;0.1101
;US-NM;1995;p99.9p100;1598783.0;;0.036899999;0.036899999
;US-NM;1995;p99.99p100;5219476.5;;0.012;0.012
;US-NM;1995;p90p100;165965.59;;0.38280001;0.38280001
;US-NM;1995;p90p95;107666.3;;0.1242;0.1242
;US-NM;1995;p95p99;160984.09;;0.1485;0.1485
;US-NM;1995;p99.5p99.9;451818.41;;0.041700002;0.041700002
;US-NM;1995;p99.9p99.99;1196895.8;;0.024800001;0.024800001
;US-NM;1995;p99p99.5;270451.0;;0.031199999;0.031199999
;US-NM;1995;p95p100;224157.2;;0.25850001;0.25850001
;US-NM;1995;p0p90;29744.4;;0.61750001;0.61750001
;US-NM;1995;p0p99;38970.0;;0.88990003;0.88990003
;US-NM;1995;p99.5p100;683320.38;;0.0788;0.0788
;US-NM;1994;p0p100;107159.4;32349970932.0;1.0;1.0
;US-NM;1994;p99p100;458921.31;;0.1071;0.1071
;US-NM;1994;p99.9p100;1546588.9;;0.0361;0.0361
;US-NM;1994;p99.99p100;5231798.0;;0.0122;0.0122
;US-NM;1994;p90p100;161740.0;;0.3775;0.3775
;US-NM;1994;p90p95;105771.6;;0.1234;0.1234
;US-NM;1994;p95p99;157373.2;;0.1469;0.1469
;US-NM;1994;p99.5p99.9;431739.09;;0.0403;0.0403
;US-NM;1994;p99.9p99.99;1130810.0;;0.023800001;0.023800001
;US-NM;1994;p99p99.5;260370.41;;0.030400001;0.030400001
;US-NM;1994;p95p100;217637.3;;0.25400001;0.25400001
;US-NM;1994;p0p90;29658.699;;0.62300003;0.62300003
;US-NM;1994;p0p99;38643.301;;0.89289999;0.89289999
;US-NM;1994;p99.5p100;657074.19;;0.076700002;0.076700002
;US-NM;1993;p0p100;109247.5;31104386658.0;1.0;1.0
;US-NM;1993;p99p100;440680.91;;0.1052;0.1052
;US-NM;1993;p99.9p100;1485492.8;;0.035500001;0.035500001
;US-NM;1993;p99.99p100;5031953.5;;0.012;0.012
;US-NM;1993;p90p100;157937.2;;0.37720001;0.37720001
;US-NM;1993;p90p95;103541.1;;0.1236;0.1236
;US-NM;1993;p95p99;155225.2;;0.14830001;0.14830001
;US-NM;1993;p99.5p99.9;416618.0;;0.039799999;0.039799999
;US-NM;1993;p99.9p99.99;1085284.5;;0.0233;0.0233
;US-NM;1993;p99p99.5;248255.8;;0.0296;0.0296
;US-NM;1993;p95p100;212241.8;;0.2534;0.2534
;US-NM;1993;p0p90;29000.5;;0.62330002;0.62330002
;US-NM;1993;p0p99;37845.898;;0.89480001;0.89480001
;US-NM;1993;p99.5p100;632458.5;;0.075499997;0.075499997
;US-NM;1992;p0p100;114276.9;30101532325.0;1.0;1.0
;US-NM;1992;p99p100;433907.31;;0.104;0.104
;US-NM;1992;p99.9p100;1438559.6;;0.034499999;0.034499999
;US-NM;1992;p99.99p100;4737415.0;;0.0114;0.0114
;US-NM;1992;p90p100;155844.5;;0.37360001;0.37360001
;US-NM;1992;p90p95;104225.0;;0.1249;0.1249
;US-NM;1992;p95p99;150982.91;;0.14480001;0.14480001
;US-NM;1992;p99.5p99.9;415023.91;;0.039799999;0.039799999
;US-NM;1992;p99.9p99.99;1070601.8;;0.0231;0.0231
;US-NM;1992;p99p99.5;246633.8;;0.0296;0.0296
;US-NM;1992;p95p100;207591.0;;0.24879999;0.24879999
;US-NM;1992;p0p90;29036.1;;0.62650001;0.62650001
;US-NM;1992;p0p99;37752.102;;0.89600003;0.89600003
;US-NM;1992;p99.5p100;620905.13;;0.0744;0.0744
;US-NM;1991;p0p100;119723.2;29191385821.0;1.0;1.0
;US-NM;1991;p99p100;409601.19;;0.098499998;0.098499998
;US-NM;1991;p99.9p100;1314441.4;;0.031599998;0.031599998
;US-NM;1991;p99.99p100;4202705.0;;0.0101;0.0101
;US-NM;1991;p90p100;152569.09;;0.36700001;0.36700001
;US-NM;1991;p90p95;104749.4;;0.126;0.126
;US-NM;1991;p95p99;148494.7;;0.1429;0.1429
;US-NM;1991;p99.5p99.9;396073.09;;0.0381;0.0381
;US-NM;1991;p99.9p99.99;992898.13;;0.021500001;0.021500001
;US-NM;1991;p99p99.5;238907.09;;0.0287;0.0287
;US-NM;1991;p95p100;200672.7;;0.2414;0.2414
;US-NM;1991;p0p90;29219.1;;0.63260001;0.63260001
;US-NM;1991;p0p99;37849.699;;0.90149999;0.90149999
;US-NM;1991;p99.5p100;580321.81;;0.069799997;0.069799997
;US-NM;1990;p0p100;128741.6;28674542826.0;1.0;1.0
;US-NM;1990;p99p100;428729.19;;0.1029;0.1029
;US-NM;1990;p99.9p100;1436045.3;;0.034499999;0.034499999
;US-NM;1990;p99.99p100;4765414.0;;0.0114;0.0114
;US-NM;1990;p90p100;153607.2;;0.3687;0.3687
;US-NM;1990;p90p95;103287.1;;0.124;0.124
;US-NM;1990;p95p99;147681.2;;0.1418;0.1418
;US-NM;1990;p99.5p99.9;410440.69;;0.0394;0.0394
;US-NM;1990;p99.9p99.99;1068209.0;;0.0231;0.0231
;US-NM;1990;p99p99.5;241432.8;;0.028999999;0.028999999
;US-NM;1990;p95p100;203950.41;;0.2448;0.2448
;US-NM;1990;p0p90;29220.801;;0.63129997;0.63129997
;US-NM;1990;p0p99;37747.398;;0.89709997;0.89709997
;US-NM;1990;p99.5p100;615623.69;;0.073899999;0.073899999
;US-NM;1989;p0p100;144399.8;28163249231.0;1.0;1.0
;US-NM;1989;p99p100;476232.5;;0.1123;0.1123
;US-NM;1989;p99.9p100;1675751.6;;0.039500002;0.039500002
;US-NM;1989;p99.99p100;5825630.0;;0.0137;0.0137
;US-NM;1989;p90p100;155091.8;;0.36579999;0.36579999
;US-NM;1989;p90p95;99218.602;;0.117;0.117
;US-NM;1989;p95p99;140282.91;;0.13240001;0.13240001
;US-NM;1989;p99.5p99.9;430570.69;;0.040600002;0.040600002
;US-NM;1989;p99.9p99.99;1172717.6;;0.024900001;0.024900001
;US-NM;1989;p99p99.5;248998.3;;0.0294;0.0294
;US-NM;1989;p95p100;210337.2;;0.2481;0.2481
;US-NM;1989;p0p90;30239.1;;0.64200002;0.64200002
;US-NM;1989;p0p99;38010.5;;0.88770002;0.88770002
;US-NM;1989;p99.5p100;693562.0;;0.081799999;0.081799999
;US-NM;1988;p0p100;157184.59;28183248647.0;1.0;1.0
;US-NM;1988;p99p100;492138.19;;0.116;0.116
;US-NM;1988;p99.9p100;1801654.0;;0.0425;0.0425
;US-NM;1988;p99.99p100;6327947.5;;0.0149;0.0149
;US-NM;1988;p90p100;154701.0;;0.36480001;0.36480001
;US-NM;1988;p90p95;97342.5;;0.1148;0.1148
;US-NM;1988;p95p99;136217.3;;0.1285;0.1285
;US-NM;1988;p99.5p99.9;435928.31;;0.041099999;0.041099999
;US-NM;1988;p99.9p99.99;1246947.8;;0.0265;0.0265
;US-NM;1988;p99p99.5;243621.41;;0.0287;0.0287
;US-NM;1988;p95p100;211204.7;;0.249;0.249
;US-NM;1988;p0p90;30417.0;;0.6455;0.6455
;US-NM;1988;p0p99;37865.301;;0.884;0.884
;US-NM;1988;p99.5p100;727368.38;;0.0858;0.0858
;US-NM;1987;p0p100;167151.5;27098297157.0;1.0;1.0
;US-NM;1987;p99p100;400452.31;;0.095399998;0.095399998
;US-NM;1987;p99.9p100;1290050.4;;0.0307;0.0307
;US-NM;1987;p99.99p100;4182952.8;;0.0099999998;0.0099999998
;US-NM;1987;p90p100;145269.09;;0.34619999;0.34619999
;US-NM;1987;p90p95;99297.5;;0.1183;0.1183
;US-NM;1987;p95p99;135337.91;;0.12899999;0.12899999
;US-NM;1987;p99.5p99.9;369434.69;;0.0352;0.0352
;US-NM;1987;p99.9p99.99;933374.69;;0.02;0.02
;US-NM;1987;p99p99.5;226966.59;;0.027000001;0.027000001
;US-NM;1987;p95p100;190790.5;;0.2273;0.2273
;US-NM;1987;p0p90;30790.6;;0.66039997;0.66039997
;US-NM;1987;p0p99;38339.699;;0.90460002;0.90460002
;US-NM;1987;p99.5p100;565569.63;;0.067400001;0.067400001
;US-NM;1986;p0p100;189166.5;28361530738.0;1.0;1.0
;US-NM;1986;p99p100;545134.31;;0.1227;0.1227
;US-NM;1986;p99.9p100;2184537.0;;0.049199998;0.049199998
;US-NM;1986;p99.99p100;8499030.0;;0.019099999;0.019099999
;US-NM;1986;p90p100;162915.59;;0.36660001;0.36660001
;US-NM;1986;p90p95;99684.102;;0.1122;0.1122
;US-NM;1986;p95p99;141251.8;;0.12720001;0.12720001
;US-NM;1986;p99.5p99.9;464447.59;;0.0418;0.0418
;US-NM;1986;p99.9p99.99;1413379.6;;0.0286;0.0286
;US-NM;1986;p99p99.5;251793.0;;0.0283;0.0283
;US-NM;1986;p95p100;225303.59;;0.25350001;0.25350001
;US-NM;1986;p0p90;31734.4;;0.64279997;0.64279997
;US-NM;1986;p0p99;39376.398;;0.87730002;0.87730002
;US-NM;1986;p99.5p100;825879.81;;0.092900001;0.092900001
;US-NM;1985;p0p100;190517.59;26654832968.0;1.0;1.0
;US-NM;1985;p99p100;462825.09;;0.1072;0.1072
;US-NM;1985;p99.9p100;1757857.3;;0.0407;0.0407
;US-NM;1985;p99.99p100;6603738.0;;0.0153;0.0153
;US-NM;1985;p90p100;152472.59;;0.35319999;0.35319999
;US-NM;1985;p90p95;99272.797;;0.115;0.115
;US-NM;1985;p95p99;138780.2;;0.1286;0.1286
;US-NM;1985;p99.5p99.9;398611.31;;0.036899999;0.036899999
;US-NM;1985;p99.9p99.99;1162843.8;;0.0242;0.0242
;US-NM;1985;p99p99.5;236788.09;;0.0274;0.0274
;US-NM;1985;p95p100;205301.7;;0.2378;0.2378
;US-NM;1985;p0p90;31304.1;;0.65259999;0.65259999
;US-NM;1985;p0p99;38935.0;;0.89279997;0.89279997
;US-NM;1985;p99.5p100;681892.19;;0.079000004;0.079000004
;US-NM;1984;p0p100;202313.8;25281591208.0;1.0;1.0
;US-NM;1984;p99p100;431775.41;;0.1008;0.1008
;US-NM;1984;p99.9p100;1620996.1;;0.037799999;0.037799999
;US-NM;1984;p99.99p100;6253197.5;;0.0146;0.0146
;US-NM;1984;p90p100;147294.7;;0.34369999;0.34369999
;US-NM;1984;p90p95;98225.703;;0.1146;0.1146
;US-NM;1984;p95p99;135620.8;;0.1266;0.1266
;US-NM;1984;p99.5p99.9;370659.41;;0.034600001;0.034600001
;US-NM;1984;p99.9p99.99;1051753.6;;0.0221;0.0221
;US-NM;1984;p99p99.5;226663.0;;0.0264;0.0264
;US-NM;1984;p95p100;196259.3;;0.229;0.229
;US-NM;1984;p0p90;31477.801;;0.66109997;0.66109997
;US-NM;1984;p0p99;38925.5;;0.89920002;0.89920002
;US-NM;1984;p99.5p100;631013.31;;0.073600002;0.073600002
;US-NM;1983;p0p100;240481.2;24356012770.0;1.0;1.0
;US-NM;1983;p99p100;388043.81;;0.086099997;0.086099997
;US-NM;1983;p99.9p100;1332772.9;;0.0296;0.0296
;US-NM;1983;p99.99p100;4924974.5;;0.0109;0.0109
;US-NM;1983;p90p100;143738.59;;0.3188;0.3188
;US-NM;1983;p90p95;101116.3;;0.1121;0.1121
;US-NM;1983;p95p99;135508.2;;0.1202;0.1202
;US-NM;1983;p99.5p99.9;348600.09;;0.0309;0.0309
;US-NM;1983;p99.9p99.99;906328.13;;0.018100001;0.018100001
;US-NM;1983;p99p99.5;220233.5;;0.0244;0.0244
;US-NM;1983;p95p100;186782.8;;0.2071;0.2071
;US-NM;1983;p0p90;34229.602;;0.68330002;0.68330002
;US-NM;1983;p0p99;41622.301;;0.91390002;0.91390002
;US-NM;1983;p99.5p100;552053.88;;0.0612;0.0612
;US-NM;1982;p0p100;245109.41;23808539541.0;1.0;1.0
;US-NM;1982;p99p100;393122.91;;0.089199997;0.089199997
;US-NM;1982;p99.9p100;1520582.9;;0.034499999;0.034499999
;US-NM;1982;p99.99p100;6313509.0;;0.0143;0.0143
;US-NM;1982;p90p100;139668.09;;0.31690001;0.31690001
;US-NM;1982;p90p95;93849.203;;0.1065;0.1065
;US-NM;1982;p95p99;132811.09;;0.1205;0.1205
;US-NM;1982;p99.5p99.9;344960.09;;0.031300001;0.031300001
;US-NM;1982;p99.9p99.99;988035.5;;0.020199999;0.020199999
;US-NM;1982;p99p99.5;206161.0;;0.023399999;0.023399999
;US-NM;1982;p95p100;185921.09;;0.21089999;0.21089999
;US-NM;1982;p0p90;33485.5;;0.68379998;0.68379998
;US-NM;1982;p0p99;40547.301;;0.91079998;0.91079998
;US-NM;1982;p99.5p100;580084.69;;0.065800004;0.065800004
;US-NM;1981;p0p100;271864.41;23267925347.0;1.0;1.0
;US-NM;1981;p99p100;360714.41;;0.082999997;0.082999997
;US-NM;1981;p99.9p100;1153183.8;;0.0265;0.0265
;US-NM;1981;p99.99p100;4011408.8;;0.0092000002;0.0092000002
;US-NM;1981;p90p100;142303.41;;0.32730001;0.32730001
;US-NM;1981;p90p95;100659.3;;0.1158;0.1158
;US-NM;1981;p95p99;139854.0;;0.1287;0.1287
;US-NM;1981;p99.5p99.9;341587.09;;0.031399999;0.031399999
;US-NM;1981;p99.9p99.99;834962.81;;0.0173;0.0173
;US-NM;1981;p99p99.5;216589.59;;0.024900001;0.024900001
;US-NM;1981;p95p100;184219.7;;0.2119;0.2119
;US-NM;1981;p0p90;32499.1;;0.67269999;0.67269999
;US-NM;1981;p0p99;40273.801;;0.917;0.917
;US-NM;1981;p99.5p100;504612.5;;0.057999998;0.057999998
;US-NM;1980;p0p100;326010.0;22839549618.0;1.0;1.0
;US-NM;1980;p99p100;378765.41;;0.087099999;0.087099999
;US-NM;1980;p99.9p100;1269933.1;;0.029200001;0.029200001
;US-NM;1980;p99.99p100;4918713.5;;0.0113;0.0113
;US-NM;1980;p90p100;143821.5;;0.33090001;0.33090001
;US-NM;1980;p90p95;102203.1;;0.1176;0.1176
;US-NM;1980;p95p99;136946.8;;0.126;0.126
;US-NM;1980;p99.5p99.9;355459.5;;0.032699998;0.032699998
;US-NM;1980;p99.9p99.99;864683.5;;0.017899999;0.017899999
;US-NM;1980;p99p99.5;219131.3;;0.0252;0.0252
;US-NM;1980;p95p100;185350.59;;0.2132;0.2132
;US-NM;1980;p0p90;32324.1;;0.66930002;0.66930002
;US-NM;1980;p0p99;40080.5;;0.91289997;0.91289997
;US-NM;1980;p99.5p100;538394.5;;0.061900001;0.061900001
;US-NM;1979;p0p100;420635.91;22401058511.0;1.0;1.0
;US-NM;1979;p99p100;377880.81;;0.0832;0.0832
;US-NM;1979;p99.9p100;1288897.8;;0.0284;0.0284
;US-NM;1979;p99.99p100;5252362.0;;0.0116;0.0116
;US-NM;1979;p90p100;143620.91;;0.3161;0.3161
;US-NM;1979;p90p95;101831.8;;0.1121;0.1121
;US-NM;1979;p95p99;137017.09;;0.1206;0.1206
;US-NM;1979;p99.5p99.9;349959.91;;0.0308;0.0308
;US-NM;1979;p99.9p99.99;848590.0;;0.016799999;0.016799999
;US-NM;1979;p99p99.5;218020.41;;0.024;0.024
;US-NM;1979;p95p100;185172.0;;0.20379999;0.20379999
;US-NM;1979;p0p90;34538.602;;0.68409997;0.68409997
;US-NM;1979;p0p99;42077.898;;0.91680002;0.91680002
;US-NM;1979;p99.5p100;537770.38;;0.0592;0.0592
;US-NM;1978;p0p100;482708.91;21192120269.0;1.0;1.0
;US-NM;1978;p99p100;335072.41;;0.077200003;0.077200003
;US-NM;1978;p99.9p100;945727.0;;0.0218;0.0218
;US-NM;1978;p99.99p100;2823544.5;;0.0065000001;0.0065000001
;US-NM;1978;p90p100;138366.91;;0.3186;0.3186
;US-NM;1978;p90p95;95831.602;;0.1103;0.1103
;US-NM;1978;p95p99;142503.41;;0.1313;0.1313
;US-NM;1978;p99.5p99.9;337904.31;;0.031099999;0.031099999
;US-NM;1978;p99.9p99.99;736839.63;;0.0153;0.0153
;US-NM;1978;p99p99.5;210565.2;;0.0242;0.0242
;US-NM;1978;p95p100;180852.09;;0.20819999;0.20819999
;US-NM;1978;p0p90;32869.0;;0.68120003;0.68120003
;US-NM;1978;p0p99;40477.801;;0.9228;0.9228
;US-NM;1978;p99.5p100;459594.19;;0.052900001;0.052900001
;US-NM;1977;p0p100;542511.81;19826508605.0;1.0;1.0
;US-NM;1977;p99p100;333774.0;;0.0792;0.0792
;US-NM;1977;p99.9p100;954389.38;;0.022600001;0.022600001
;US-NM;1977;p99.99p100;3148344.8;;0.0074999998;0.0074999998
;US-NM;1977;p90p100;133556.3;;0.3168;0.3168
;US-NM;1977;p90p95;94099.203;;0.1116;0.1116
;US-NM;1977;p95p99;132812.91;;0.126;0.126
;US-NM;1977;p99.5p99.9;324183.19;;0.0308;0.0308
;US-NM;1977;p99.9p99.99;710468.13;;0.0152;0.0152
;US-NM;1977;p99p99.5;217317.59;;0.025800001;0.025800001
;US-NM;1977;p95p100;173022.8;;0.2052;0.2052
;US-NM;1977;p0p90;32005.6;;0.6832;0.6832
;US-NM;1977;p0p99;39214.5;;0.92079997;0.92079997
;US-NM;1977;p99.5p100;450288.59;;0.053399999;0.053399999
;US-NM;1976;p0p100;605771.88;18818737996.0;1.0;1.0
;US-NM;1976;p99p100;319314.41;;0.076899998;0.076899998
;US-NM;1976;p99.9p100;874993.38;;0.0211;0.0211
;US-NM;1976;p99.99p100;2808331.5;;0.0068000001;0.0068000001
;US-NM;1976;p90p100;129765.7;;0.3127;0.3127
;US-NM;1976;p90p95;93965.398;;0.1132;0.1132
;US-NM;1976;p95p99;127167.5;;0.1226;0.1226
;US-NM;1976;p99.5p99.9;306420.41;;0.0295;0.0295
;US-NM;1976;p99.9p99.99;660212.88;;0.0143;0.0143
;US-NM;1976;p99p99.5;218368.09;;0.0263;0.0263
;US-NM;1976;p95p100;165595.59;;0.19949999;0.19949999
;US-NM;1976;p0p90;31695.1;;0.68730003;0.68730003
;US-NM;1976;p0p99;38696.898;;0.92309999;0.92309999
;US-NM;1976;p99.5p100;420208.09;;0.0506;0.0506
;US-NM;1975;p0p100;656593.88;17593792478.0;1.0;1.0
;US-NM;1975;p99p100;302950.69;;0.075300001;0.075300001
;US-NM;1975;p99.9p100;870743.5;;0.0217;0.0217
;US-NM;1975;p99.99p100;2972812.0;;0.0074;0.0074
;US-NM;1975;p90p100;127185.8;;0.31619999;0.31619999
;US-NM;1975;p90p95;91811.5;;0.1141;0.1141
;US-NM;1975;p95p99;127524.3;;0.1268;0.1268
;US-NM;1975;p99.5p99.9;291614.91;;0.028999999;0.028999999
;US-NM;1975;p99.9p99.99;637065.81;;0.0143;0.0143
;US-NM;1975;p99p99.5;198420.59;;0.024700001;0.024700001
;US-NM;1975;p95p100;162603.09;;0.2022;0.2022
;US-NM;1975;p0p90;30551.199;;0.68370003;0.68370003
;US-NM;1975;p0p99;37563.0;;0.92470002;0.92470002
;US-NM;1975;p99.5p100;407400.69;;0.050700001;0.050700001
;US-NM;1974;p0p100;795690.88;17268505497.0;1.0;1.0
;US-NM;1974;p99p100;336396.31;;0.082199998;0.082199998
;US-NM;1974;p99.9p100;962887.5;;0.023499999;0.023499999
;US-NM;1974;p99.99p100;2973883.5;;0.0073000002;0.0073000002
;US-NM;1974;p90p100;128378.5;;0.31369999;0.31369999
;US-NM;1974;p90p95;88525.797;;0.1082;0.1082
;US-NM;1974;p95p99;125970.8;;0.1231;0.1231
;US-NM;1974;p99.5p99.9;332022.59;;0.032499999;0.032499999
;US-NM;1974;p99.9p99.99;736607.38;;0.0162;0.0162
;US-NM;1974;p99p99.5;213177.0;;0.026000001;0.026000001
;US-NM;1974;p95p100;168245.41;;0.20559999;0.20559999
;US-NM;1974;p0p90;31228.0;;0.6868;0.6868
;US-NM;1974;p0p99;37940.102;;0.91780001;0.91780001
;US-NM;1974;p99.5p100;459042.0;;0.0561;0.0561
;US-NM;1973;p0p100;991427.5;16846442258.0;1.0;1.0
;US-NM;1973;p99p100;340465.91;;0.0823;0.0823
;US-NM;1973;p99.9p100;962001.81;;0.0233;0.0233
;US-NM;1973;p99.99p100;3299369.3;;0.0080000004;0.0080000004
;US-NM;1973;p90p100;134687.41;;0.32570001;0.32570001
;US-NM;1973;p90p95;94497.602;;0.1142;0.1142
;US-NM;1973;p95p99;133495.3;;0.12909999;0.12909999
;US-NM;1973;p99.5p99.9;343033.5;;0.033199999;0.033199999
;US-NM;1973;p99.9p99.99;702309.0;;0.0153;0.0153
;US-NM;1973;p99p99.5;214072.2;;0.025900001;0.025900001
;US-NM;1973;p95p100;174893.3;;0.2114;0.2114
;US-NM;1973;p0p90;30989.0;;0.67430001;0.67430001
;US-NM;1973;p0p99;38338.102;;0.91769999;0.91769999
;US-NM;1973;p99.5p100;466820.5;;0.056400001;0.056400001
;US-NM;1972;p0p100;1106515.0;16080896173.0;1.0;1.0
;US-NM;1972;p99p100;324695.19;;0.079400003;0.079400003
;US-NM;1972;p99.9p100;985320.38;;0.0241;0.0241
;US-NM;1972;p99.99p100;3369287.5;;0.0082;0.0082
;US-NM;1972;p90p100;128086.0;;0.31310001;0.31310001
;US-NM;1972;p90p95;89799.703;;0.1097;0.1097
;US-NM;1972;p95p99;126812.2;;0.124;0.124
;US-NM;1972;p99.5p99.9;308544.41;;0.030200001;0.030200001
;US-NM;1972;p99.9p99.99;720347.81;;0.015799999;0.015799999
;US-NM;1972;p99p99.5;205385.5;;0.0251;0.0251
;US-NM;1972;p95p100;166391.91;;0.2034;0.2034
;US-NM;1972;p0p90;31226.4;;0.68690002;0.68690002
;US-NM;1972;p0p99;38046.102;;0.9206;0.9206
;US-NM;1972;p99.5p100;444004.91;;0.054299999;0.054299999
;US-NM;1971;p0p100;1126011.8;14808015935.0;1.0;1.0
;US-NM;1971;p99p100;293494.5;;0.075099997;0.075099997
;US-NM;1971;p99.9p100;843942.63;;0.021600001;0.021600001
;US-NM;1971;p99.99p100;2449518.5;;0.0063;0.0063
;US-NM;1971;p90p100;122858.8;;0.3143;0.3143
;US-NM;1971;p90p95;88236.102;;0.1129;0.1129
;US-NM;1971;p95p99;123548.1;;0.12639999;0.12639999
;US-NM;1971;p99.5p99.9;305026.59;;0.031199999;0.031199999
;US-NM;1971;p99.9p99.99;665821.88;;0.0153;0.0153
;US-NM;1971;p99p99.5;173958.3;;0.022299999;0.022299999
;US-NM;1971;p95p100;157528.0;;0.2015;0.2015
;US-NM;1971;p0p90;29773.6;;0.68559998;0.68559998
;US-NM;1971;p0p99;36514.301;;0.9249;0.9249
;US-NM;1971;p99.5p100;413049.31;;0.0528;0.0528
;US-NM;1970;p0p100;1211327.0;14066983454.0;1.0;1.0
;US-NM;1970;p99p100;294819.91;;0.076399997;0.076399997
;US-NM;1970;p99.9p100;815504.38;;0.0211;0.0211
;US-NM;1970;p99.99p100;2658262.3;;0.0068999999;0.0068999999
;US-NM;1970;p90p100;122230.2;;0.31670001;0.31670001
;US-NM;1970;p90p95;87003.898;;0.1127;0.1127
;US-NM;1970;p95p99;123213.6;;0.1277;0.1277
;US-NM;1970;p99.5p99.9;288469.0;;0.029899999;0.029899999
;US-NM;1970;p99.9p99.99;610507.13;;0.0142;0.0142
;US-NM;1970;p99p99.5;195499.0;;0.0253;0.0253
;US-NM;1970;p95p100;157503.5;;0.2041;0.2041
;US-NM;1970;p0p90;29293.699;;0.6832;0.6832
;US-NM;1970;p0p99;36001.5;;0.92360002;0.92360002
;US-NM;1970;p99.5p100;394024.09;;0.051100001;0.051100001
;US-NM;1969;p0p100;1326335.1;13640857907.0;1.0;1.0
;US-NM;1969;p99p100;303307.69;;0.080200002;0.080200002
;US-NM;1969;p99.9p100;997636.5;;0.0264;0.0264
;US-NM;1969;p99.99p100;4377912.5;;0.0116;0.0116
;US-NM;1969;p90p100;121650.4;;0.32179999;0.32179999
;US-NM;1969;p90p95;88343.797;;0.1168;0.1168
;US-NM;1969;p95p99;117988.8;;0.1248;0.1248
;US-NM;1969;p99.5p99.9;296330.59;;0.031399999;0.031399999
;US-NM;1969;p99.9p99.99;621663.63;;0.0148;0.0148
;US-NM;1969;p99p99.5;169896.2;;0.022500001;0.022500001
;US-NM;1969;p95p100;155005.41;;0.205;0.205
;US-NM;1969;p0p90;28483.0;;0.67809999;0.67809999
;US-NM;1969;p0p99;35121.699;;0.91979998;0.91979998
;US-NM;1969;p99.5p100;436716.91;;0.057799999;0.057799999
;US-NM;1968;p0p100;1451645.8;13312351327.0;1.0;1.0
;US-NM;1968;p99p100;298140.31;;0.0801;0.0801
;US-NM;1968;p99.9p100;931988.88;;0.0251;0.0251
;US-NM;1968;p99.99p100;3477278.3;;0.0093;0.0093
;US-NM;1968;p90p100;120358.2;;0.32350001;0.32350001
;US-NM;1968;p90p95;85292.0;;0.1146;0.1146
;US-NM;1968;p95p99;119622.1;;0.1286;0.1286
;US-NM;1968;p99.5p99.9;293377.41;;0.031500001;0.031500001
;US-NM;1968;p99.9p99.99;650096.5;;0.015699999;0.015699999
;US-NM;1968;p99p99.5;175236.3;;0.023600001;0.023600001
;US-NM;1968;p95p100;155352.3;;0.2088;0.2088
;US-NM;1968;p0p90;27966.6;;0.67659998;0.67659998
;US-NM;1968;p0p99;34566.199;;0.9199;0.9199
;US-NM;1968;p99.5p100;420988.0;;0.056600001;0.056600001
;US-NM;1967;p0p100;1527432.8;12792657300.0;1.0;1.0
;US-NM;1967;p99p100;303430.91;;0.084200002;0.084200002
;US-NM;1967;p99.9p100;852703.63;;0.023600001;0.023600001
;US-NM;1967;p99.99p100;2572111.5;;0.0071;0.0071
;US-NM;1967;p90p100;120198.2;;0.33329999;0.33329999
;US-NM;1967;p90p95;87047.797;;0.1207;0.1207
;US-NM;1967;p95p99;116078.9;;0.1288;0.1288
;US-NM;1967;p99.5p99.9;299449.19;;0.033199999;0.033199999
;US-NM;1967;p99.9p99.99;662210.63;;0.0165;0.0165
;US-NM;1967;p99p99.5;196800.0;;0.0273;0.0273
;US-NM;1967;p95p100;153489.41;;0.2128;0.2128
;US-NM;1967;p0p90;26697.199;;0.66640002;0.66640002
;US-NM;1967;p0p99;33357.301;;0.91579998;0.91579998
;US-NM;1967;p99.5p100;410131.09;;0.056899998;0.056899998
;US-NM;1966;p0p100;1624963.0;12685289525.0;1.0;1.0
;US-NM;1966;p99p100;299417.0;;0.082900003;0.082900003
;US-NM;1966;p99.9p100;844475.31;;0.023399999;0.023399999
;US-NM;1966;p99.99p100;2788276.8;;0.0077;0.0077
;US-NM;1966;p90p100;116274.0;;0.32210001;0.32210001
;US-NM;1966;p90p95;81121.797;;0.1124;0.1124
;US-NM;1966;p95p99;114815.4;;0.12720001;0.12720001
;US-NM;1966;p99.5p99.9;318312.19;;0.035300002;0.035300002
;US-NM;1966;p99.9p99.99;628720.81;;0.015699999;0.015699999
;US-NM;1966;p99p99.5;174527.59;;0.0242;0.0242
;US-NM;1966;p95p100;151698.91;;0.2101;0.2101
;US-NM;1966;p0p90;27176.1;;0.67760003;0.67760003
;US-NM;1966;p0p99;33438.0;;0.91710001;0.91710001
;US-NM;1966;p99.5p100;424299.91;;0.058800001;0.058800001
;US-NM;1965;p0p100;1704197.1;12446982784.0;1.0;1.0
;US-NM;1965;p99p100;327530.81;;0.091499999;0.091499999
;US-NM;1965;p99.9p100;1193422.3;;0.033399999;0.033399999
;US-NM;1965;p99.99p100;8858749.0;;0.024800001;0.024800001
;US-NM;1965;p90p100;116432.3;;0.32539999;0.32539999
;US-NM;1965;p90p95;78248.797;;0.1093;0.1093
;US-NM;1965;p95p99;111365.0;;0.1245;0.1245
;US-NM;1965;p99.5p99.9;238702.41;;0.026699999;0.026699999
;US-NM;1965;p99.9p99.99;346760.91;;0.0087000001;0.0087000001
;US-NM;1965;p99p99.5;225517.7;;0.031500001;0.031500001
;US-NM;1965;p95p100;154607.2;;0.21600001;0.21600001
;US-NM;1965;p0p90;26818.301;;0.67449999;0.67449999
;US-NM;1965;p0p99;32837.0;;0.90850002;0.90850002
;US-NM;1965;p99.5p100;429378.5;;0.059999999;0.059999999
;US-NM;1964;p0p100;1708502.4;11950562712.0;1.0;1.0
;US-NM;1964;p99p100;284857.31;;0.082000002;0.082000002
;US-NM;1964;p99.9p100;760538.0;;0.0219;0.0219
;US-NM;1964;p99.99p100;2558624.0;;0.0074;0.0074
;US-NM;1964;p90p100;109693.4;;0.31569999;0.31569999
;US-NM;1964;p90p95;76366.398;;0.1099;0.1099
;US-NM;1964;p95p99;107581.4;;0.1239;0.1239
;US-NM;1964;p99.5p99.9;265335.91;;0.0305;0.0305
;US-NM;1964;p99.9p99.99;560560.13;;0.0145;0.0145
;US-NM;1964;p99p99.5;204680.59;;0.0295;0.0295
;US-NM;1964;p95p100;142975.5;;0.2058;0.2058
;US-NM;1964;p0p90;26419.801;;0.68440002;0.68440002
;US-NM;1964;p0p99;32218.1;;0.91799998;0.91799998
;US-NM;1964;p99.5p100;364441.41;;0.0524;0.0524
;US-NM;1963;p0p100;1689877.6;11372457639.0;1.0;1.0
;US-NM;1963;p99p100;253674.0;;0.075800002;0.075800002
;US-NM;1963;p99.9p100;724650.63;;0.021600001;0.021600001
;US-NM;1963;p99.99p100;2011391.8;;0.0060000001;0.0060000001
;US-NM;1963;p90p100;103889.0;;0.31029999;0.31029999
;US-NM;1963;p90p95;74314.297;;0.111;0.111
;US-NM;1963;p95p99;103412.3;;0.1235;0.1235
;US-NM;1963;p99.5p99.9;252061.0;;0.030099999;0.030099999
;US-NM;1963;p99.9p99.99;582660.69;;0.015699999;0.015699999
;US-NM;1963;p99p99.5;160600.41;;0.024;0.024
;US-NM;1963;p95p100;133464.59;;0.19930001;0.19930001
;US-NM;1963;p0p90;25661.801;;0.68970001;0.68970001
;US-NM;1963;p0p99;31260.4;;0.9242;0.9242
;US-NM;1963;p99.5p100;346742.69;;0.051800001;0.051800001
;US-NM;1962;p0p100;1710856.8;11067670483.0;1.0;1.0
;US-NM;1962;p99p100;253193.59;;0.076700002;0.076700002
;US-NM;1962;p99.9p100;695030.13;;0.021;0.021
;US-NM;1962;p99.99p100;1920935.1;;0.0057999999;0.0057999999
;US-NM;1962;p90p100;103664.7;;0.31389999;0.31389999
;US-NM;1962;p90p95;73053.203;;0.1106;0.1106
;US-NM;1962;p95p99;104547.6;;0.1266;0.1266
;US-NM;1962;p99.5p99.9;257424.7;;0.031199999;0.031199999
;US-NM;1962;p99.9p99.99;560356.63;;0.0153;0.0153
;US-NM;1962;p99p99.5;161032.7;;0.0244;0.0244
;US-NM;1962;p95p100;134277.0;;0.2033;0.2033
;US-NM;1962;p0p90;25171.1;;0.68610001;0.68610001
;US-NM;1962;p0p99;30795.801;;0.92330003;0.92330003
;US-NM;1962;p99.5p100;345348.09;;0.052299999;0.052299999
;US-NM;1961;p0p100;1748000.6;10928016141.0;1.0;1.0
;US-NM;1961;p99p100;263657.5;;0.079700001;0.079700001
;US-NM;1961;p99.9p100;692306.69;;0.0209;0.0209
;US-NM;1961;p99.99p100;1644278.3;;0.0049999999;0.0049999999
;US-NM;1961;p90p100;102473.5;;0.30989999;0.30989999
;US-NM;1961;p90p95;70617.0;;0.1068;0.1068
;US-NM;1961;p95p99;102006.2;;0.1234;0.1234
;US-NM;1961;p99.5p99.9;278266.91;;0.0337;0.0337
;US-NM;1961;p99.9p99.99;587237.69;;0.016000001;0.016000001
;US-NM;1961;p99p99.5;166083.8;;0.0251;0.0251
;US-NM;1961;p95p100;134332.09;;0.2031;0.2031
;US-NM;1961;p0p90;25358.0;;0.69010001;0.69010001
;US-NM;1961;p0p99;30740.6;;0.92030001;0.92030001
;US-NM;1961;p99.5p100;361236.31;;0.0546;0.0546
;US-NM;1960;p0p100;1735682.3;10471304184.0;1.0;1.0
;US-NM;1960;p99p100;247681.41;;0.077;0.077
;US-NM;1960;p99.9p100;686516.31;;0.021299999;0.021299999
;US-NM;1960;p99.99p100;1969078.9;;0.0060999999;0.0060999999
;US-NM;1960;p90p100;97198.203;;0.30199999;0.30199999
;US-NM;1960;p90p95;67308.297;;0.1046;0.1046
;US-NM;1960;p95p99;96942.102;;0.1205;0.1205
;US-NM;1960;p99.5p99.9;249769.91;;0.030999999;0.030999999
;US-NM;1960;p99.9p99.99;545309.63;;0.0153;0.0153
;US-NM;1960;p99p99.5;157859.91;;0.024499999;0.024499999
;US-NM;1960;p95p100;127087.7;;0.19750001;0.19750001
;US-NM;1960;p0p90;24957.699;;0.69800001;0.69800001
;US-NM;1960;p0p99;30004.301;;0.92299998;0.92299998
;US-NM;1960;p99.5p100;337497.0;;0.0524;0.0524
;US-NM;1959;p0p100;1842255.3;10516132075.0;1.0;1.0
;US-NM;1959;p99p100;270107.91;;0.081799999;0.081799999
;US-NM;1959;p99.9p100;711479.63;;0.021600001;0.021600001
;US-NM;1959;p99.99p100;1896551.3;;0.0057000001;0.0057000001
;US-NM;1959;p90p100;101593.2;;0.30770001;0.30770001
;US-NM;1959;p90p95;69088.297;;0.1046;0.1046
;US-NM;1959;p95p99;100102.5;;0.1213;0.1213
;US-NM;1959;p99.5p99.9;285777.0;;0.034600001;0.034600001
;US-NM;1959;p99.9p99.99;580451.31;;0.015799999;0.015799999
;US-NM;1959;p99p99.5;169069.8;;0.025599999;0.025599999
;US-NM;1959;p95p100;134099.8;;0.2031;0.2031
;US-NM;1959;p0p90;25393.1;;0.69230002;0.69230002
;US-NM;1959;p0p99;30617.9;;0.91820002;0.91820002
;US-NM;1959;p99.5p100;371154.41;;0.056200001;0.056200001
;US-NM;1958;p0p100;1767737.0;9732608730.0;1.0;1.0
;US-NM;1958;p99p100;234521.3;;0.075099997;0.075099997
;US-NM;1958;p99.9p100;623925.0;;0.02;0.02
;US-NM;1958;p99.99p100;1733362.0;;0.0055;0.0055
;US-NM;1958;p90p100;93087.297;;0.29789999;0.29789999
;US-NM;1958;p90p95;65872.398;;0.1054;0.1054
;US-NM;1958;p95p99;91751.398;;0.1175;0.1175
;US-NM;1958;p99.5p99.9;234028.0;;0.029999999;0.029999999
;US-NM;1958;p99.9p99.99;501342.5;;0.0144;0.0144
;US-NM;1958;p99p99.5;156784.5;;0.0251;0.0251
;US-NM;1958;p95p100;120304.4;;0.1925;0.1925
;US-NM;1958;p0p90;24372.5;;0.70209998;0.70209998
;US-NM;1958;p0p99;29190.199;;0.9249;0.9249
;US-NM;1958;p99.5p100;312255.31;;0.050000001;0.050000001
;US-NM;1957;p0p100;1777202.9;9064952300.0;1.0;1.0
;US-NM;1957;p99p100;282266.81;;0.094800003;0.094800003
;US-NM;1957;p99.9p100;793888.88;;0.026699999;0.026699999
;US-NM;1957;p99.99p100;1693024.6;;0.0057000001;0.0057000001
;US-NM;1957;p90p100;96182.602;;0.3231;0.3231
;US-NM;1957;p90p95;64212.102;;0.1079;0.1079
;US-NM;1957;p95p99;89625.898;;0.1204;0.1204
;US-NM;1957;p99.5p99.9;304747.5;;0.041000001;0.041000001
;US-NM;1957;p99.9p99.99;695279.69;;0.021;0.021
;US-NM;1957;p99p99.5;161715.59;;0.0272;0.0272
;US-NM;1957;p95p100;128153.8;;0.21529999;0.21529999
;US-NM;1957;p0p90;22384.699;;0.67690003;0.67690003
;US-NM;1957;p0p99;27214.0;;0.9052;0.9052
;US-NM;1957;p99.5p100;402818.31;;0.067699999;0.067699999
;US-NM;1956;p0p100;1815237.4;8426742723.0;1.0;1.0
;US-NM;1956;p99p100;249981.8;;0.088200003;0.088200003
;US-NM;1956;p99.9p100;714923.0;;0.0252;0.0252
;US-NM;1956;p99.99p100;1655938.8;;0.0057999999;0.0057999999
;US-NM;1956;p90p100;89922.297;;0.31720001;0.31720001
;US-NM;1956;p90p95;61009.801;;0.1076;0.1076
;US-NM;1956;p95p99;86410.0;;0.1219;0.1219
;US-NM;1956;p99.5p99.9;251872.91;;0.035500001;0.035500001
;US-NM;1956;p99.9p99.99;612216.81;;0.019400001;0.019400001
;US-NM;1956;p99p99.5;155183.7;;0.0274;0.0274
;US-NM;1956;p95p100;119125.0;;0.2101;0.2101
;US-NM;1956;p0p90;21487.699;;0.68220001;0.68220001
;US-NM;1956;p0p99;26107.1;;0.91180003;0.91180003
;US-NM;1956;p99.5p100;344776.31;;0.060800001;0.060800001
;US-NM;1955;p0p100;1825655.4;8031444336.0;1.0;1.0
;US-NM;1955;p99p100;253597.59;;0.091600001;0.091600001
;US-NM;1955;p99.9p100;706087.38;;0.0255;0.0255
;US-NM;1955;p99.99p100;1752269.5;;0.0063;0.0063
;US-NM;1955;p90p100;89289.5;;0.32260001;0.32260001
;US-NM;1955;p90p95;59039.602;;0.1067;0.1067
;US-NM;1955;p95p99;86517.398;;0.1251;0.1251
;US-NM;1955;p99.5p99.9;265175.41;;0.0383;0.0383
;US-NM;1955;p99.9p99.99;589948.81;;0.019200001;0.019200001
;US-NM;1955;p99p99.5;153841.91;;0.027799999;0.027799999
;US-NM;1955;p95p100;119914.5;;0.2167;0.2167
;US-NM;1955;p0p90;20806.0;;0.67659998;0.67659998
;US-NM;1955;p0p99;25392.1;;0.9084;0.9084
;US-NM;1955;p99.5p100;353353.59;;0.0638;0.0638
;US-NM;1954;p0p100;1709489.8;7395636693.0;1.0;1.0
;US-NM;1954;p99p100;229887.8;;0.088100001;0.088100001
;US-NM;1954;p99.9p100;649797.13;;0.024900001;0.024900001
;US-NM;1954;p99.99p100;1715647.1;;0.0066;0.0066
;US-NM;1954;p90p100;83468.102;;0.3197;0.3197
;US-NM;1954;p90p95;57476.602;;0.1101;0.1101
;US-NM;1954;p95p99;80241.5;;0.1229;0.1229
;US-NM;1954;p99.5p99.9;232061.2;;0.035599999;0.035599999
;US-NM;1954;p99.9p99.99;531390.38;;0.018300001;0.018300001
;US-NM;1954;p99p99.5;144168.91;;0.0276;0.0276
;US-NM;1954;p95p100;110125.3;;0.21089999;0.21089999
;US-NM;1954;p0p90;19694.5;;0.6789;0.6789
;US-NM;1954;p0p99;24049.1;;0.91189998;0.91189998
;US-NM;1954;p99.5p100;315607.41;;0.060400002;0.060400002
;US-NM;1953;p0p100;1740846.5;7277384788.0;1.0;1.0
;US-NM;1953;p99p100;215581.3;;0.081900001;0.081900001
;US-NM;1953;p99.9p100;575378.88;;0.0219;0.0219
;US-NM;1953;p99.99p100;1500100.8;;0.0057000001;0.0057000001
;US-NM;1953;p90p100;78557.5;;0.29840001;0.29840001
;US-NM;1953;p90p95;53989.699;;0.1026;0.1026
;US-NM;1953;p95p99;75633.102;;0.1149;0.1149
;US-NM;1953;p99.5p99.9;226522.2;;0.034400001;0.034400001
;US-NM;1953;p99.9p99.99;473476.0;;0.0162;0.0162
;US-NM;1953;p99p99.5;135003.8;;0.025599999;0.025599999
;US-NM;1953;p95p100;103574.7;;0.19670001;0.19670001
;US-NM;1953;p0p90;20489.699;;0.70060003;0.70060003
;US-NM;1953;p0p99;24411.1;;0.9181;0.9181
;US-NM;1953;p99.5p100;296191.81;;0.056299999;0.056299999
;US-NM;1952;p0p100;1758228.3;7072016824.0;1.0;1.0
;US-NM;1952;p99p100;268140.31;;0.1024;0.1024
;US-NM;1952;p99.9p100;733785.13;;0.028000001;0.028000001
;US-NM;1952;p99.99p100;2008822.1;;0.0077;0.0077
;US-NM;1952;p90p100;87805.0;;0.3353;0.3353
;US-NM;1952;p90p95;55935.602;;0.1068;0.1068
;US-NM;1952;p95p99;82969.5;;0.1267;0.1267
;US-NM;1952;p99.5p99.9;285507.91;;0.0436;0.0436
;US-NM;1952;p99.9p99.99;593052.31;;0.020400001;0.020400001
;US-NM;1952;p99p99.5;161314.09;;0.0308;0.0308
;US-NM;1952;p95p100;119957.5;;0.229;0.229
;US-NM;1952;p0p90;19322.301;;0.66399997;0.66399997
;US-NM;1952;p0p99;23744.9;;0.8976;0.8976
;US-NM;1952;p99.5p100;375002.59;;0.071599998;0.071599998
;US-NM;1951;p0p100;1737955.6;6534054749.0;1.0;1.0
;US-NM;1951;p99p100;300910.0;;0.1214;0.1214
;US-NM;1951;p99.9p100;866580.5;;0.035;0.035
;US-NM;1951;p99.99p100;1948193.8;;0.0078999996;0.0078999996
;US-NM;1951;p90p100;90032.898;;0.36320001;0.36320001
;US-NM;1951;p90p95;52478.898;;0.1058;0.1058
;US-NM;1951;p95p99;83546.602;;0.1348;0.1348
;US-NM;1951;p99.5p99.9;296336.91;;0.047800001;0.047800001
;US-NM;1951;p99.9p99.99;751815.5;;0.0273;0.0273
;US-NM;1951;p99p99.5;186542.8;;0.037599999;0.037599999
;US-NM;1951;p95p100;127379.6;;0.25690001;0.25690001
;US-NM;1951;p0p99;15996.2;;0.63880002;0.63880002
;US-NM;1951;p99.5p100;412879.09;;0.083300002;0.083300002
;US-NM;1950;p0p100;1932882.3;6091006707.0;1.0;1.0
;US-NM;1950;p99p100;284748.81;;0.1202;0.1202
;US-NM;1950;p99.9p100;824429.63;;0.0348;0.0348
;US-NM;1950;p99.99p100;1737365.8;;0.0073000002;0.0073000002
;US-NM;1950;p90p100;85195.703;;0.35980001;0.35980001
;US-NM;1950;p90p95;51350.801;;0.1084;0.1084
;US-NM;1950;p95p99;77569.398;;0.131;0.131
;US-NM;1950;p99.5p99.9;293934.5;;0.049699999;0.049699999
;US-NM;1950;p99.9p99.99;745916.19;;0.0283;0.0283
;US-NM;1950;p99p99.5;169772.7;;0.035799999;0.035799999
;US-NM;1950;p95p100;118945.2;;0.25119999;0.25119999
;US-NM;1950;p0p90;16822.301;;0.63940001;0.63940001
;US-NM;1950;p0p99;21043.0;;0.87980002;0.87980002
;US-NM;1950;p99.5p100;399804.5;;0.084399998;0.084399998
;US-NM;1949;p0p100;1789057.3;5392935830.0;1.0;1.0
;US-NM;1949;p99p100;239512.2;;0.1114;0.1114
;US-NM;1949;p99.9p100;702840.5;;0.032699998;0.032699998
;US-NM;1949;p99.99p100;1787493.3;;0.0082999999;0.0082999999
;US-NM;1949;p90p100;76198.398;;0.3545;0.3545
;US-NM;1949;p90p95;50052.102;;0.1164;0.1164
;US-NM;1949;p95p99;67888.898;;0.12630001;0.12630001
;US-NM;1949;p99.5p99.9;251122.59;;0.046700001;0.046700001
;US-NM;1949;p99.9p99.99;582351.81;;0.0244;0.0244
;US-NM;1949;p99p99.5;137556.59;;0.032000002;0.032000002
;US-NM;1949;p95p100;102196.0;;0.2377;0.2377
;US-NM;1949;p0p90;15423.6;;0.64579999;0.64579999
;US-NM;1949;p0p99;19292.301;;0.88859999;0.88859999
;US-NM;1949;p99.5p100;341466.5;;0.079400003;0.079400003
;US-NM;1948;p0p100;1628885.8;4898204190.0;1.0;1.0
;US-NM;1948;p99p100;242947.09;;0.1217;0.1217
;US-NM;1948;p99.9p100;723509.0;;0.0363;0.0363
;US-NM;1948;p99.99p100;1947965.8;;0.0098000001;0.0098000001
;US-NM;1948;p90p100;73475.398;;0.3682;0.3682
;US-NM;1948;p90p95;43812.602;;0.1098;0.1098
;US-NM;1948;p95p99;68175.102;;0.1367;0.1367
;US-NM;1948;p99.5p99.9;249826.91;;0.050099999;0.050099999
;US-NM;1948;p99.9p99.99;587481.38;;0.0265;0.0265
;US-NM;1948;p99p99.5;141336.2;;0.035399999;0.035399999
;US-NM;1948;p95p100;103118.2;;0.25839999;0.25839999
;US-NM;1948;p0p90;14009.5;;0.6318;0.6318
;US-NM;1948;p0p99;17703.301;;0.87830001;0.87830001
;US-NM;1948;p99.5p100;344561.19;;0.086300001;0.086300001
;US-NM;1947;p0p100;1739315.1;4404596675.0;1.0;1.0
;US-NM;1947;p99p100;193151.59;;0.1053;0.1053
;US-NM;1947;p99.9p100;601111.5;;0.0328;0.0328
;US-NM;1947;p99.99p100;1779019.4;;0.0097000003;0.0097000003
;US-NM;1947;p90p100;61404.199;;0.33469999;0.33469999
;US-NM;1947;p90p95;39477.301;;0.1076;0.1076
;US-NM;1947;p95p99;55888.398;;0.1219;0.1219
;US-NM;1947;p99.5p99.9;190187.2;;0.041499998;0.041499998
;US-NM;1947;p99.9p99.99;470270.59;;0.0231;0.0231
;US-NM;1947;p99p99.5;113921.1;;0.030999999;0.030999999
;US-NM;1947;p95p100;83335.0;;0.2271;0.2271
;US-NM;1947;p0p90;13561.0;;0.66530001;0.66530001
;US-NM;1947;p0p99;16580.1;;0.89469999;0.89469999
;US-NM;1947;p99.5p100;272371.5;;0.074199997;0.074199997
;US-NM;1946;p0p100;2243351.3;4239826148.0;1.0;1.0
;US-NM;1946;p99p100;210608.5;;0.1164;0.1164
;US-NM;1946;p99.9p100;656816.88;;0.0363;0.0363
;US-NM;1946;p99.99p100;2223478.5;;0.0123;0.0123
;US-NM;1946;p90p100;65198.102;;0.3603;0.3603
;US-NM;1946;p90p95;40541.301;;0.112;0.112
;US-NM;1946;p95p99;59675.102;;0.1319;0.1319
;US-NM;1946;p99.5p99.9;208968.91;;0.0462;0.0462
;US-NM;1946;p99.9p99.99;482742.0;;0.024;0.024
;US-NM;1946;p99p99.5;122662.2;;0.0339;0.0339
;US-NM;1946;p95p100;89857.0;;0.2483;0.2483
;US-NM;1946;p0p90;12859.0;;0.63959998;0.63959998
;US-NM;1946;p0p99;16148.6;;0.8836;0.8836
;US-NM;1946;p99.5p100;298538.19;;0.082500003;0.082500003
;US-NM;1945;p0p100;2839905.3;4485518475.0;1.0;1.0
;US-NM;1945;p99p100;184071.09;;0.094700001;0.094700001
;US-NM;1945;p99.9p100;541002.38;;0.027799999;0.027799999
;US-NM;1945;p99.99p100;1403104.1;;0.0071999999;0.0071999999
;US-NM;1945;p90p100;61102.301;;0.31420001;0.31420001
;US-NM;1945;p90p95;39552.602;;0.1017;0.1017
;US-NM;1945;p95p99;57324.898;;0.1179;0.1179
;US-NM;1945;p99.5p99.9;189922.2;;0.039099999;0.039099999
;US-NM;1945;p99.9p99.99;447053.31;;0.0207;0.0207
;US-NM;1945;p99p99.5;107995.8;;0.027799999;0.027799999
;US-NM;1945;p95p100;82656.203;;0.21250001;0.21250001
;US-NM;1945;p0p90;14812.4;;0.68559998;0.68559998
;US-NM;1945;p0p99;17781.199;;0.90530002;0.90530002
;US-NM;1945;p99.5p100;260117.41;;0.0669;0.0669
;US-NM;1944;p0p100;2896684.0;4302187610.0;1.0;1.0
;US-NM;1944;p99p100;161512.3;;0.085199997;0.085199997
;US-NM;1944;p99.9p100;481588.69;;0.0254;0.0254
;US-NM;1944;p99.99p100;1290778.9;;0.0068000001;0.0068000001
;US-NM;1944;p90p100;54069.102;;0.2852;0.2852
;US-NM;1944;p90p95;38391.102;;0.1012;0.1012
;US-NM;1944;p95p99;48854.602;;0.1031;0.1031
;US-NM;1944;p99.5p99.9;159526.41;;0.0337;0.0337
;US-NM;1944;p99.9p99.99;391994.09;;0.0186;0.0186
;US-NM;1944;p99p99.5;99261.102;;0.0262;0.0262
;US-NM;1944;p95p100;71191.0;;0.1877;0.1877
;US-NM;1944;p0p90;14966.2;;0.71039999;0.71039999
;US-NM;1944;p0p99;17519.699;;0.91479999;0.91479999
;US-NM;1944;p99.5p100;223966.3;;0.059099998;0.059099998
;US-NM;1943;p0p100;2957597.5;4169252283.0;1.0;1.0
;US-NM;1943;p99p100;204017.91;;0.1091;0.1091
;US-NM;1943;p99.9p100;655350.88;;0.035;0.035
;US-NM;1943;p99.99p100;1705431.3;;0.0091000004;0.0091000004
;US-NM;1943;p90p100;60684.898;;0.32449999;0.32449999
;US-NM;1943;p90p95;36786.5;;0.098300003;0.098300003
;US-NM;1943;p95p99;54692.898;;0.117;0.117
;US-NM;1943;p99.5p99.9;206379.59;;0.044100001;0.044100001
;US-NM;1943;p99.9p99.99;541206.88;;0.026000001;0.026000001
;US-NM;1943;p99p99.5;111827.5;;0.029899999;0.029899999
;US-NM;1943;p95p100;84572.602;;0.2261;0.2261
;US-NM;1943;p0p90;14037.1;;0.67549998;0.67549998
;US-NM;1943;p0p99;16830.9;;0.89090002;0.89090002
;US-NM;1943;p99.5p100;296194.0;;0.0792;0.0792
;US-NM;1942;p0p100;2719137.3;3335500545.0;1.0;1.0
;US-NM;1942;p99p100;198358.2;;0.13;0.13
;US-NM;1942;p99.9p100;736663.13;;0.048300002;0.048300002
;US-NM;1942;p99.99p100;2162496.3;;0.0142;0.0142
;US-NM;1942;p90p100;57354.898;;0.37580001;0.37580001
;US-NM;1942;p90p95;33836.301;;0.1109;0.1109
;US-NM;1942;p95p99;51479.0;;0.1349;0.1349
;US-NM;1942;p99.5p99.9;184340.09;;0.048300002;0.048300002
;US-NM;1942;p99.9p99.99;577985.31;;0.0341;0.0341
;US-NM;1942;p99p99.5;101931.9;;0.033399999;0.033399999
;US-NM;1942;p95p100;80872.102;;0.26499999;0.26499999
;US-NM;1942;p0p90;10584.9;;0.62419999;0.62419999
;US-NM;1942;p0p99;13411.3;;0.87;0.87
;US-NM;1942;p99.5p100;294775.81;;0.096600004;0.096600004
;US-NM;1941;p0p100;2629992.3;2590382784.0;1.0;1.0
;US-NM;1941;p99p100;170278.41;;0.14129999;0.14129999
;US-NM;1941;p99.9p100;556937.63;;0.0462;0.0462
;US-NM;1941;p99.99p100;1969624.3;;0.0163;0.0163
;US-NM;1941;p90p100;56216.5;;0.4664;0.4664
;US-NM;1941;p90p95;35822.602;;0.1486;0.1486
;US-NM;1941;p95p99;53239.0;;0.1767;0.1767
;US-NM;1941;p99.5p99.9;168695.91;;0.056000002;0.056000002
;US-NM;1941;p99.9p99.99;400105.19;;0.029899999;0.029899999
;US-NM;1941;p99p99.5;94043.0;;0.039000001;0.039000001
;US-NM;1941;p95p100;76724.898;;0.31819999;0.31819999
;US-NM;1941;p0p90;7146.1001;;0.53350002;0.53350002
;US-NM;1941;p0p99;10456.0;;0.85869998;0.85869998
;US-NM;1941;p99.5p100;246434.59;;0.1022;0.1022
;US-NM;1940;p0p100;2607251.3;2292480383.0;1.0;1.0
;US-NM;1940;p99p100;155656.3;;0.1436;0.1436
;US-NM;1940;p99.9p100;493942.19;;0.045600001;0.045600001
;US-NM;1940;p99.99p100;1699900.1;;0.015699999;0.015699999
;US-NM;1940;p90p100;52892.398;;0.48800001;0.48800001
;US-NM;1940;p90p95;33490.199;;0.15449999;0.15449999
;US-NM;1940;p95p99;51327.602;;0.1894;0.1894
;US-NM;1940;p99.5p99.9;149295.8;;0.055100001;0.055100001
;US-NM;1940;p99.9p99.99;359980.5;;0.029899999;0.029899999
;US-NM;1940;p99p99.5;92855.0;;0.042800002;0.042800002
;US-NM;1940;p95p100;72268.0;;0.33340001;0.33340001
;US-NM;1940;p0p90;6173.2998;;0.5126;0.5126
;US-NM;1940;p0p99;9376.2002;;0.85640001;0.85640001
;US-NM;1940;p99.5p100;218302.0;;0.1007;0.1007
;US-NM;1939;p0p100;2574893.3;2159079243.0;1.0;1.0
;US-NM;1939;p99p100;148623.59;;0.1415;0.1415
;US-NM;1939;p99.9p100;450011.81;;0.0429;0.0429
;US-NM;1939;p99.99p100;1512541.3;;0.0144;0.0144
;US-NM;1939;p90p100;47232.398;;0.44980001;0.44980001
;US-NM;1939;p90p95;23513.1;;0.112;0.112
;US-NM;1939;p95p99;50923.699;;0.19400001;0.19400001
;US-NM;1939;p99.5p99.9;143110.3;;0.054499999;0.054499999
;US-NM;1939;p99.9p99.99;331959.59;;0.0284;0.0284
;US-NM;1939;p99p99.5;92521.297;;0.044100001;0.044100001
;US-NM;1939;p95p100;70537.898;;0.33579999;0.33579999
;US-NM;1939;p0p90;6448.7002;;0.55269998;0.55269998
;US-NM;1939;p0p99;9106.4004;;0.8585;0.8585
;US-NM;1939;p99.5p100;204569.8;;0.097400002;0.097400002
;US-NM;1938;p0p100;2375487.0;1995293732.0;1.0;1.0
;US-NM;1938;p99p100;132332.5;;0.1327;0.1327
;US-NM;1938;p99.9p100;363722.0;;0.036499999;0.036499999
;US-NM;1938;p99.99p100;1090572.4;;0.0109;0.0109
;US-NM;1938;p90p100;42776.602;;0.42910001;0.42910001
;US-NM;1938;p90p95;21660.1;;0.1086;0.1086
;US-NM;1938;p95p99;45732.699;;0.18350001;0.18350001
;US-NM;1938;p99.5p99.9;131782.3;;0.052900001;0.052900001
;US-NM;1938;p99.9p99.99;282042.19;;0.0255;0.0255
;US-NM;1938;p99p99.5;85890.203;;0.043099999;0.043099999
;US-NM;1938;p95p100;63130.699;;0.31659999;0.31659999
;US-NM;1938;p0p90;6375.5;;0.57550001;0.57550001
;US-NM;1938;p0p99;8733.7998;;0.86729997;0.86729997
;US-NM;1938;p99.5p100;178488.2;;0.089500003;0.089500003
;US-NM;1937;p0p100;2410928.5;2047529695.0;1.0;1.0
;US-NM;1937;p99p100;147915.7;;0.1408;0.1408
;US-NM;1937;p99.9p100;451556.19;;0.043000001;0.043000001
;US-NM;1937;p99.99p100;1091312.8;;0.0104;0.0104
;US-NM;1937;p90p100;44411.301;;0.42269999;0.42269999
;US-NM;1937;p90p95;21247.6;;0.1011;0.1011
;US-NM;1937;p95p99;46738.801;;0.178;0.178
;US-NM;1937;p99.5p99.9;146278.7;;0.0557;0.0557
;US-NM;1937;p99.9p99.99;380518.91;;0.032600001;0.032600001
;US-NM;1937;p99p99.5;88503.203;;0.042100001;0.042100001
;US-NM;1937;p95p100;66960.602;;0.31869999;0.31869999
;US-NM;1937;p0p90;6771.7998;;0.5801;0.5801
;US-NM;1937;p0p99;9117.7998;;0.8592;0.8592
;US-NM;1937;p99.5p100;207333.3;;0.098700002;0.098700002
;US-NM;1936;p0p100;2516762.0;1942197298.0;1.0;1.0
;US-NM;1936;p99p100;141029.91;;0.1381;0.1381
;US-NM;1936;p99.9p100;389450.69;;0.0381;0.0381
;US-NM;1936;p99.99p100;902427.63;;0.0088;0.0088
;US-NM;1936;p90p100;42002.102;;0.41119999;0.41119999
;US-NM;1936;p90p95;20667.5;;0.1012;0.1012
;US-NM;1936;p95p99;43544.102;;0.1705;0.1705
;US-NM;1936;p99.5p99.9;142359.0;;0.0557;0.0557
;US-NM;1936;p99.9p99.99;332486.41;;0.029300001;0.029300001
;US-NM;1936;p99p99.5;90298.398;;0.044199999;0.044199999
;US-NM;1936;p95p100;63060.199;;0.3087;0.3087
;US-NM;1936;p0p90;6699.6001;;0.59030002;0.59030002
;US-NM;1936;p0p99;8893.7998;;0.86189997;0.86189997
;US-NM;1936;p99.5p100;191774.09;;0.093900003;0.093900003
;US-NM;1935;p0p100;2196653.8;1621586979.0;1.0;1.0
;US-NM;1935;p99p100;109492.4;;0.1252;0.1252
;US-NM;1935;p99.9p100;282949.59;;0.032400001;0.032400001
;US-NM;1935;p99.99p100;685268.63;;0.0077999998;0.0077999998
;US-NM;1935;p90p100;35344.801;;0.40419999;0.40419999
;US-NM;1935;p90p95;20356.301;;0.1164;0.1164
;US-NM;1935;p95p99;36158.0;;0.1654;0.1654
;US-NM;1935;p99.5p99.9;111173.1;;0.050900001;0.050900001
;US-NM;1935;p99.9p99.99;238269.91;;0.024499999;0.024499999
;US-NM;1935;p99p99.5;73481.5;;0.041999999;0.041999999
;US-NM;1935;p95p100;50694.102;;0.2899;0.2899
;US-NM;1935;p0p90;5761.7998;;0.59299999;0.59299999
;US-NM;1935;p0p99;7727.2002;;0.87480003;0.87480003
;US-NM;1935;p99.5p100;145519.5;;0.0832;0.0832
;US-NM;1934;p0p100;1941765.5;1330046182.0;1.0;1.0
;US-NM;1934;p99p100;101181.0;;0.1375;0.1375
;US-NM;1934;p99.9p100;247306.8;;0.033599999;0.033599999
;US-NM;1934;p99.99p100;638080.13;;0.0087000001;0.0087000001
;US-NM;1934;p90p100;32158.6;;0.43700001;0.43700001
;US-NM;1934;p90p95;18579.5;;0.12620001;0.12620001
;US-NM;1934;p95p99;32926.699;;0.17900001;0.17900001
;US-NM;1934;p99.5p99.9;105065.1;;0.057100002;0.057100002
;US-NM;1934;p99.9p99.99;203906.09;;0.024900001;0.024900001
;US-NM;1934;p99p99.5;68835.898;;0.046799999;0.046799999
;US-NM;1934;p95p100;46308.0;;0.31470001;0.31470001
;US-NM;1934;p0p90;4556.3999;;0.55729997;0.55729997
;US-NM;1934;p0p99;6410.7998;;0.86250001;0.86250001
;US-NM;1934;p99.5p100;133502.09;;0.090700001;0.090700001
;US-NM;1933;p0p100;1857653.0;1161908581.0;1.0;1.0
;US-NM;1933;p99p100;85775.5;;0.1301;0.1301
;US-NM;1933;p99.9p100;201903.7;;0.0306;0.0306
;US-NM;1933;p99.99p100;519766.81;;0.0078999996;0.0078999996
;US-NM;1933;p90p100;27240.6;;0.41330001;0.41330001
;US-NM;1933;p90p95;17324.9;;0.1314;0.1314
;US-NM;1933;p95p99;26398.199;;0.1602;0.1602
;US-NM;1933;p99.5p99.9;87565.703;;0.053100001;0.053100001
;US-NM;1933;p99.9p99.99;166585.59;;0.022700001;0.022700001
;US-NM;1933;p99p99.5;61117.699;;0.046399999;0.046399999
;US-NM;1933;p95p100;38126.0;;0.28920001;0.28920001
;US-NM;1933;p0p90;4234.2002;;0.57819998;0.57819998
;US-NM;1933;p0p99;5790.8999;;0.86989999;0.86989999
;US-NM;1933;p99.5p100;110433.3;;0.083800003;0.083800003
;US-NM;1932;p0p100;1586924.8;1076229053.0;1.0;1.0
;US-NM;1932;p99p100;86491.203;;0.1382;0.1382
;US-NM;1932;p99.9p100;219326.91;;0.035100002;0.035100002
;US-NM;1932;p99.99p100;684270.19;;0.0109;0.0109
;US-NM;1932;p90p100;28298.4;;0.45230001;0.45230001
;US-NM;1932;p90p95;18645.6;;0.149;0.149
;US-NM;1932;p95p99;26995.5;;0.1726;0.1726
;US-NM;1932;p99.5p99.9;84809.797;;0.054200001;0.054200001
;US-NM;1932;p99.9p99.99;167666.5;;0.0241;0.0241
;US-NM;1932;p99p99.5;61269.199;;0.048999999;0.048999999
;US-NM;1932;p95p100;38783.898;;0.31;0.31
;US-NM;1932;p0p90;3754.6001;;0.54009998;0.54009998
;US-NM;1932;p0p99;5445.7002;;0.86180001;0.86180001
;US-NM;1932;p99.5p100;111713.2;;0.089299999;0.089299999
;US-NM;1931;p0p100;1597320.0;1313293926.0;1.0;1.0
;US-NM;1931;p99p100;104889.0;;0.134;0.134
;US-NM;1931;p99.9p100;279961.19;;0.035799999;0.035799999
;US-NM;1931;p99.99p100;801250.31;;0.0102;0.0102
;US-NM;1931;p90p100;31252.199;;0.39930001;0.39930001
;US-NM;1931;p90p95;20830.199;;0.1331;0.1331
;US-NM;1931;p95p99;27489.9;;0.14049999;0.14049999
;US-NM;1931;p99.5p99.9;105007.7;;0.0537;0.0537
;US-NM;1931;p99.9p99.99;222040.2;;0.0255;0.0255
;US-NM;1931;p99p99.5;69779.602;;0.044599999;0.044599999
;US-NM;1931;p95p100;42928.398;;0.27419999;0.27419999
;US-NM;1931;p0p90;5152.8999;;0.59249997;0.59249997
;US-NM;1931;p0p99;6847.2002;;0.866;0.866
;US-NM;1931;p99.5p100;139998.41;;0.089400001;0.089400001
;US-NM;1930;p0p100;1465106.3;1410628646.0;1.0;1.0
;US-NM;1930;p99p100;120522.5;;0.13959999;0.13959999
;US-NM;1930;p99.9p100;319213.41;;0.037;0.037
;US-NM;1930;p99.99p100;819498.0;;0.0094999997;0.0094999997
;US-NM;1930;p90p100;33708.199;;0.39050001;0.39050001
;US-NM;1930;p90p95;17686.4;;0.1024;0.1024
;US-NM;1930;p95p99;31978.9;;0.14820001;0.14820001
;US-NM;1930;p99.5p99.9;123201.3;;0.057100002;0.057100002
;US-NM;1930;p99.9p99.99;263626.19;;0.0275;0.0275
;US-NM;1930;p99p99.5;78641.297;;0.045600001;0.045600001
;US-NM;1930;p95p100;49498.199;;0.28670001;0.28670001
;US-NM;1930;p0p90;5848.2002;;0.60970002;0.60970002
;US-NM;1930;p0p99;7501.8999;;0.86040002;0.86040002
;US-NM;1930;p99.5p100;162403.7;;0.094099998;0.094099998
;US-NM;1929;p0p100;1708480.8;1716660175.0;1.0;1.0
;US-NM;1929;p99p100;141575.2;;0.1336;0.1336
;US-NM;1929;p99.9p100;388538.41;;0.036699999;0.036699999
;US-NM;1929;p99.99p100;1186564.9;;0.0112;0.0112
;US-NM;1929;p90p100;36082.0;;0.3405;0.3405
;US-NM;1929;p90p95;15630.2;;0.073799998;0.073799998
;US-NM;1929;p95p99;35435.102;;0.1338;0.1338
;US-NM;1929;p99.5p99.9;142754.91;;0.0539;0.0539
;US-NM;1929;p99.9p99.99;299869.0;;0.0255;0.0255
;US-NM;1929;p99p99.5;91238.797;;0.043099999;0.043099999
;US-NM;1929;p95p100;56459.102;;0.26640001;0.26640001
;US-NM;1929;p0p90;7757.2998;;0.65890002;0.65890002
;US-NM;1929;p0p99;9273.2002;;0.8664;0.8664
;US-NM;1929;p99.5p100;191911.59;;0.090599999;0.090599999
;US-NM;1928;p0p100;1700036.3;1693779239.0;1.0;1.0
;US-NM;1928;p99p100;144313.8;;0.13689999;0.13689999
;US-NM;1928;p99.9p100;440524.19;;0.0418;0.0418
;US-NM;1928;p99.99p100;1428935.8;;0.0136;0.0136
;US-NM;1928;p90p100;35501.5;;0.33669999;0.33669999
;US-NM;1928;p90p95;15099.6;;0.071599998;0.071599998
;US-NM;1928;p95p99;33849.0;;0.1284;0.1284
;US-NM;1928;p99.5p99.9;141133.09;;0.0535;0.0535
;US-NM;1928;p99.9p99.99;330700.69;;0.028200001;0.028200001
;US-NM;1928;p99p99.5;87616.398;;0.041499998;0.041499998
;US-NM;1928;p95p100;55753.602;;0.26440001;0.26440001
;US-NM;1928;p0p90;7768.6001;;0.6631;0.6631
;US-NM;1928;p0p99;9192.5996;;0.86309999;0.86309999
;US-NM;1928;p99.5p100;201011.3;;0.095299996;0.095299996
;US-NM;1927;p0p100;1616776.3;1637809207.0;1.0;1.0
;US-NM;1927;p99p100;124306.3;;0.1207;0.1207
;US-NM;1927;p99.9p100;346186.59;;0.033599999;0.033599999
;US-NM;1927;p99.99p100;834649.0;;0.0081000002;0.0081000002
;US-NM;1927;p90p100;32167.199;;0.31220001;0.31220001
;US-NM;1927;p90p95;14582.8;;0.070799999;0.070799999
;US-NM;1927;p95p99;31017.6;;0.1204;0.1204
;US-NM;1927;p99.5p99.9;125596.2;;0.048799999;0.048799999
;US-NM;1927;p99.9p99.99;291913.0;;0.0255;0.0255
;US-NM;1927;p99p99.5;78898.398;;0.0383;0.0383
;US-NM;1927;p95p100;49522.199;;0.2403;0.2403
;US-NM;1927;p0p90;7877.8999;;0.6882;0.6882
;US-NM;1927;p0p99;9151.4004;;0.8793;0.8793
;US-NM;1927;p99.5p100;169714.3;;0.082400002;0.082400002
;US-NM;1926;p0p100;1568456.5;1630627820.0;1.0;1.0
;US-NM;1926;p99p100;112233.4;;0.1081;0.1081
;US-NM;1926;p99.9p100;316322.5;;0.0305;0.0305
;US-NM;1926;p99.99p100;882840.88;;0.0085000005;0.0085000005
;US-NM;1926;p90p100;30166.801;;0.29049999;0.29049999
;US-NM;1926;p90p95;14040.0;;0.067599997;0.067599997
;US-NM;1926;p95p99;29663.699;;0.1143;0.1143
;US-NM;1926;p99.5p99.9;111363.3;;0.0429;0.0429
;US-NM;1926;p99.9p99.99;253376.0;;0.022;0.022
;US-NM;1926;p99p99.5;72111.797;;0.034699999;0.034699999
;US-NM;1926;p95p100;46053.102;;0.2218;0.2218
;US-NM;1926;p0p90;8191.5;;0.70999998;0.70999998
;US-NM;1926;p0p99;9354.4004;;0.8919;0.8919
;US-NM;1926;p99.5p100;152355.09;;0.073399998;0.073399998
;US-NM;1925;p0p100;1629382.6;1642589475.0;1.0;1.0
;US-NM;1925;p99p100;102211.9;;0.096600004;0.096600004
;US-NM;1925;p99.9p100;278045.09;;0.0263;0.0263
;US-NM;1925;p99.99p100;635315.31;;0.0060000001;0.0060000001
;US-NM;1925;p90p100;29661.199;;0.2802;0.2802
;US-NM;1925;p90p95;15141.2;;0.071500003;0.071500003
;US-NM;1925;p95p99;30174.699;;0.114;0.114
;US-NM;1925;p99.5p99.9;101695.1;;0.038400002;0.038400002
;US-NM;1925;p99.9p99.99;238348.41;;0.020300001;0.020300001
;US-NM;1925;p99p99.5;67458.703;;0.0319;0.0319
;US-NM;1925;p95p100;44418.301;;0.2098;0.2098
;US-NM;1925;p0p90;8442.0;;0.71789998;0.71789998
;US-NM;1925;p0p99;9658.4004;;0.9034;0.9034
;US-NM;1925;p99.5p100;136965.09;;0.0647;0.0647
;US-NM;1924;p0p100;1675210.6;1584715794.0;1.0;1.0
;US-NM;1924;p99p100;96049.5;;0.092799999;0.092799999
;US-NM;1924;p99.9p100;266610.91;;0.025800001;0.025800001
;US-NM;1924;p99.99p100;697716.19;;0.0066999998;0.0066999998
;US-NM;1924;p90p100;32814.801;;0.31709999;0.31709999
;US-NM;1924;p90p95;16490.301;;0.079700001;0.079700001
;US-NM;1924;p95p99;37233.602;;0.14390001;0.14390001
;US-NM;1924;p99.5p99.9;92584.102;;0.035799999;0.035799999
;US-NM;1924;p99.9p99.99;218710.41;;0.018999999;0.018999999
;US-NM;1924;p99p99.5;64709.602;;0.031300001;0.031300001
;US-NM;1924;p95p100;48996.801;;0.2367;0.2367
;US-NM;1924;p0p90;7861.2002;;0.68360001;0.68360001
;US-NM;1924;p0p99;9483.7998;;0.90719998;0.90719998
;US-NM;1924;p99.5p100;127389.5;;0.061500002;0.061500002
;US-NM;1923;p0p100;1725971.6;1597786117.0;1.0;1.0
;US-NM;1923;p99p100;89886.602;;0.084600002;0.084600002
;US-NM;1923;p99.9p100;254106.09;;0.0239;0.0239
;US-NM;1923;p99.99p100;727274.63;;0.0068000001;0.0068000001
;US-NM;1923;p90p100;33025.199;;0.3109;0.3109
;US-NM;1923;p90p95;17871.801;;0.084100001;0.084100001
;US-NM;1923;p95p99;37710.301;;0.142;0.142
;US-NM;1923;p99.5p99.9;81240.797;;0.0306;0.0306
;US-NM;1923;p99.9p99.99;201532.5;;0.017100001;0.017100001
;US-NM;1923;p99p99.5;63959.602;;0.030099999;0.030099999
;US-NM;1923;p95p100;48145.5;;0.22660001;0.22660001
;US-NM;1923;p0p90;8133.8999;;0.68919998;0.68919998
;US-NM;1923;p0p99;9820.7998;;0.91540003;0.91540003
;US-NM;1923;p99.5p100;115813.7;;0.054499999;0.054499999
;US-NM;1922;p0p100;1660752.5;1460478018.0;1.0;1.0
;US-NM;1922;p99p100;89207.203;;0.090400003;0.090400003
;US-NM;1922;p99.9p100;248051.8;;0.0251;0.0251
;US-NM;1922;p99.99p100;690319.13;;0.0070000002;0.0070000002
;US-NM;1922;p90p100;31500.699;;0.31940001;0.31940001
;US-NM;1922;p90p95;16614.5;;0.084200002;0.084200002
;US-NM;1922;p95p99;35657.0;;0.1446;0.1446
;US-NM;1922;p99.5p99.9;82810.797;;0.033599999;0.033599999
;US-NM;1922;p99.9p99.99;198911.0;;0.018200001;0.018200001
;US-NM;1922;p99p99.5;62555.398;;0.0317;0.0317
;US-NM;1922;p95p100;46367.102;;0.2351;0.2351
;US-NM;1922;p0p90;7460.2002;;0.6807;0.6807
;US-NM;1922;p0p99;9061.7998;;0.90960002;0.90960002
;US-NM;1922;p99.5p100;115859.0;;0.058699999;0.058699999
;US-NM;1921;p0p100;1294283.6;1281330948.0;1.0;1.0
;US-NM;1921;p99p100;76083.797;;0.086800002;0.086800002
;US-NM;1921;p99.9p100;207440.3;;0.023700001;0.023700001
;US-NM;1921;p99.99p100;571064.81;;0.0065000001;0.0065000001
;US-NM;1921;p90p100;28367.5;;0.32370001;0.32370001
;US-NM;1921;p90p95;15938.4;;0.090899996;0.090899996
;US-NM;1921;p95p99;31951.4;;0.14579999;0.14579999
;US-NM;1921;p99.5p99.9;72174.898;;0.032900002;0.032900002
;US-NM;1921;p99.9p99.99;167037.59;;0.017200001;0.017200001
;US-NM;1921;p99p99.5;52939.602;;0.030200001;0.030200001
;US-NM;1921;p95p100;40777.898;;0.23270001;0.23270001
;US-NM;1921;p0p90;6586.0;;0.67640001;0.67640001
;US-NM;1921;p0p99;8083.2998;;0.91320002;0.91320002
;US-NM;1921;p99.5p100;99228.0;;0.056600001;0.056600001
;US-NM;1920;p0p100;1120372.9;1364767868.0;1.0;1.0
;US-NM;1920;p99p100;79904.703;;0.084100001;0.084100001
;US-NM;1920;p99.9p100;204261.0;;0.021500001;0.021500001
;US-NM;1920;p99.99p100;434345.31;;0.0046000001;0.0046000001
;US-NM;1920;p90p100;30551.301;;0.32139999;0.32139999
;US-NM;1920;p90p95;19670.9;;0.1035;0.1035
;US-NM;1920;p95p99;32006.1;;0.1347;0.1347
;US-NM;1920;p99.5p99.9;81368.102;;0.034200002;0.034200002
;US-NM;1920;p99.9p99.99;178696.0;;0.016899999;0.016899999
;US-NM;1920;p99p99.5;53862.699;;0.0283;0.0283
;US-NM;1920;p95p100;41585.801;;0.21870001;0.21870001
;US-NM;1920;p0p90;7158.3999;;0.6778;0.6778
;US-NM;1920;p0p99;8794.2998;;0.91589999;0.91589999
;US-NM;1920;p99.5p100;105946.7;;0.0557;0.0557
;US-NM;1919;p0p100;1768188.6;1592841563.0;1.0;1.0
;US-NM;1919;p99p100;105149.4;;0.093999997;0.093999997
;US-NM;1919;p99.9p100;301055.69;;0.026900001;0.026900001
;US-NM;1919;p99.99p100;739312.5;;0.0066;0.0066
;US-NM;1919;p90p100;33179.0;;0.2967;0.2967
;US-NM;1919;p90p95;17608.199;;0.078699999;0.078699999
;US-NM;1919;p95p99;34738.898;;0.1243;0.1243
;US-NM;1919;p99.5p99.9;103274.9;;0.036899999;0.036899999
;US-NM;1919;p99.9p99.99;252802.91;;0.020300001;0.020300001
;US-NM;1919;p99p99.5;67201.398;;0.030099999;0.030099999
;US-NM;1919;p95p100;48821.0;;0.2183;0.2183
;US-NM;1919;p0p90;8734.2998;;0.70300001;0.70300001
;US-NM;1919;p0p99;10232.2;;0.90600002;0.90600002
;US-NM;1919;p99.5p100;143097.5;;0.064000003;0.064000003
;US-NM;1918;p0p100;2270788.3;1547512691.0;1.0;1.0
;US-NM;1918;p99p100;113306.2;;0.1041;0.1041
;US-NM;1918;p99.9p100;364559.31;;0.033500001;0.033500001
;US-NM;1918;p99.99p100;1107614.8;;0.0102;0.0102
;US-NM;1918;p90p100;41677.801;;0.3829;0.3829
;US-NM;1918;p90p95;26995.0;;0.124;0.124
;US-NM;1918;p95p99;42960.199;;0.15790001;0.15790001
;US-NM;1918;p99.5p99.9;100961.6;;0.037099998;0.037099998
;US-NM;1918;p99.9p99.99;282001.5;;0.0233;0.0233
;US-NM;1918;p99p99.5;72932.602;;0.033500001;0.033500001
;US-NM;1918;p95p100;57029.199;;0.26199999;0.26199999
;US-NM;1918;p0p90;7426.6001;;0.61400002;0.61400002
;US-NM;1918;p0p99;9850.5996;;0.89590001;0.89590001
;US-NM;1918;p99.5p100;153680.59;;0.070600003;0.070600003
;US-NM;1917;p0p100;3223309.0;1610189566.0;1.0;1.0
;US-NM;1917;p99p100;152761.91;;0.1364;0.1364
;US-NM;1917;p99.9p100;592004.5;;0.052900001;0.052900001
;US-NM;1917;p99.99p100;1891781.1;;0.016899999;0.016899999
;US-NM;1917;p90p100;44297.898;;0.3955;0.3955
;US-NM;1917;p90p95;29088.4;;0.12980001;0.12980001
