Variable Name;.;.;.;Fiscal income  | tax unit | Average | Adults | constant 2015 local currency;Fiscal income  | tax unit | Total | Adults | constant 2015 local currency;Fiscal income  | tax unit | Share | Adults | share of total (ratio);Pre-tax national income  | tax unit | Share | Adults | share of total (ratio)
Variable Category;.;.;.;Income inequality;Income inequality;Income inequality;Income inequality
Variable Description;.;.;.;Average Fiscal income within a given percentile group. Fiscal income is defined as the sum of all income items reported on income tax returns, before any deduction. It includes labour income, capital income and mixed income. The concept of fiscal income varies with national tax legislations, so in order to make international comparisons it is preferable to use the concept of national income. The population is comprised of individuals over age 20. The base unit is the tax unit defined by national fiscal administrations to measure personal income taxes.;Total Fiscal income  within a given percentile group. Fiscal income is defined as the sum of all income items reported on income tax returns, before any deduction. It includes labour income, capital income and mixed income. The concept of fiscal income varies with national tax legislations, so in order to make international comparisons it is preferable to use the concept of national income. The population is comprised of individuals over age 20.;Fiscal income share held by a given percentile group. Fiscal income is defined as the sum of all income items reported on income tax returns, before any deduction. It includes labour income, capital income and mixed income. The concept of fiscal income varies with national tax legislations, so in order to make international comparisons it is preferable to use the concept of national income. The population is comprised of individuals over age 20. The base unit is the tax unit defined by national fiscal administrations to measure personal income taxes.;Pre-tax national income share held by a given percentile group. Pre-tax national income  is the sum of all pre-tax personal income flows accruing to the owners of the production factors, labor and capital, before taking into account the operation of the tax/transfer system, but after taking into account the operation of pension system. The central difference between personal factor income and pre-tax income is the treatment of pensions, which are counted on a contribution basis by factor income and on a distribution basis by pre-tax income. The population is comprised of individuals over age 20. The base unit is the tax unit defined by national fiscal administrations to measure personal income taxes.
Variable Decomposition;.;.;.;[Fiscal income ]=[Fiscal labour income ]+[Fiscal capital income ];[Fiscal income ]=[Fiscal labour income ]+[Fiscal capital income ];[Fiscal income ]=[Fiscal labour income ]+[Fiscal capital income ];Pre-tax national income =Pre-tax labor income [total pre-tax income ranking]+Pre-tax capital income [total pre-tax income ranking]
Variable Unit;.;.;.;"USD; United States dollar | local currency | market";"USD; United States dollar | local currency | market";share;share
Methodological Notes;.;.;.;;;;Assuming the same distribution as fiscal income.
Sources;.;.;.;Frank, Sommeiller, Price & Saez (2015);Frank, Sommeiller, Price & Saez (2015);Frank, Sommeiller, Price & Saez (2015);WID.world computations using: Frank, Sommeiller, Price & Saez (2015)
Variable Code;country;year;perc;afiinc992t;mfiinc992t;sfiinc992t;sptinc992t
;US-AZ;2015;p0p100;53097.301;1.8015173201e+11;1.0;1.0
;US-AZ;2015;p99p100;976261.88;;0.1839;0.1839
;US-AZ;2015;p99.9p100;4179086.0;;0.078699999;0.078699999
;US-AZ;2015;p99.99p100;16817960.0;;0.0317;0.0317
;US-AZ;2015;p90p100;260134.59;;0.48989999;0.48989999
;US-AZ;2015;p90p95;140427.41;;0.1322;0.1322
;US-AZ;2015;p95p99;229572.2;;0.17290001;0.17290001
;US-AZ;2015;p99.5p99.9;845735.13;;0.063699998;0.063699998
;US-AZ;2015;p99.9p99.99;2814120.5;;0.047699999;0.047699999
;US-AZ;2015;p99p99.5;438633.91;;0.041299999;0.041299999
;US-AZ;2015;p95p100;379284.59;;0.3572;0.3572
;US-AZ;2015;p0p90;30113.801;;0.5104;0.5104
;US-AZ;2015;p0p99;43772.398;;0.8161;0.8161
;US-AZ;2015;p99.5p100;1512551.4;;0.1424;0.1424
;US-AZ;2014;p0p100;50617.5;1.71331129769e+11;1.0;1.0
;US-AZ;2014;p99p100;884177.38;;0.1751;0.1751
;US-AZ;2014;p99.9p100;3704109.0;;0.073399998;0.073399998
;US-AZ;2014;p99.99p100;15210760.0;;0.030099999;0.030099999
;US-AZ;2014;p90p100;243972.8;;0.4831;0.4831
;US-AZ;2014;p90p95;136161.09;;0.1348;0.1348
;US-AZ;2014;p95p99;218457.0;;0.17299999;0.17299999
;US-AZ;2014;p99.5p99.9;773871.88;;0.061299998;0.061299998
;US-AZ;2014;p99.9p99.99;2446110.3;;0.0436;0.0436
;US-AZ;2014;p99p99.5;409489.19;;0.0405;0.0405
;US-AZ;2014;p95p100;351520.81;;0.34810001;0.34810001
;US-AZ;2014;p0p90;28984.1;;0.51660001;0.51660001
;US-AZ;2014;p0p99;42076.5;;0.82489997;0.82489997
;US-AZ;2014;p99.5p100;1358807.6;;0.1345;0.1345
;US-AZ;2013;p0p100;50197.5;1.63250541296e+11;1.0;1.0
;US-AZ;2013;p99p100;824718.81;;0.1701;0.1701
;US-AZ;2013;p99.9p100;3378258.0;;0.069700003;0.069700003
;US-AZ;2013;p99.99p100;13969282.0;;0.0288;0.0288
;US-AZ;2013;p90p100;234976.2;;0.48460001;0.48460001
;US-AZ;2013;p90p95;134269.0;;0.1384;0.1384
;US-AZ;2013;p95p99;212889.0;;0.17560001;0.17560001
;US-AZ;2013;p99.5p99.9;721902.88;;0.059500001;0.059500001
;US-AZ;2013;p99.9p99.99;2207242.5;;0.041000001;0.041000001
;US-AZ;2013;p99p99.5;396485.09;;0.040899999;0.040899999
;US-AZ;2013;p95p100;335329.0;;0.34580001;0.34580001
;US-AZ;2013;p0p90;27788.801;;0.51569998;0.51569998
;US-AZ;2013;p0p99;40651.801;;0.82990003;0.82990003
;US-AZ;2013;p99.5p100;1253317.0;;0.1292;0.1292
;US-AZ;2012;p0p100;53423.602;1.63749416596e+11;1.0;1.0
;US-AZ;2012;p99p100;960587.19;;0.19159999;0.19159999
;US-AZ;2012;p99.9p100;4423961.5;;0.088299997;0.088299997
;US-AZ;2012;p99.99p100;19857860.0;;0.0396;0.0396
;US-AZ;2012;p90p100;248443.91;;0.49559999;0.49559999
;US-AZ;2012;p90p95;135271.8;;0.1349;0.1349
;US-AZ;2012;p95p99;211323.5;;0.16859999;0.16859999
;US-AZ;2012;p99.5p99.9;788596.5;;0.062899999;0.062899999
;US-AZ;2012;p99.9p99.99;2730706.8;;0.048999999;0.048999999
;US-AZ;2012;p99p99.5;405980.91;;0.0405;0.0405
;US-AZ;2012;p95p100;361095.69;;0.36019999;0.36019999
;US-AZ;2012;p0p90;28094.9;;0.50440001;0.50440001
;US-AZ;2012;p0p99;40933.102;;0.80839998;0.80839998
;US-AZ;2012;p99.5p100;1515336.6;;0.15109999;0.15109999
;US-AZ;2011;p0p100;51330.5;1.52857637508e+11;1.0;1.0
;US-AZ;2011;p99p100;796292.81;;0.17219999;0.17219999
;US-AZ;2011;p99.9p100;3408897.5;;0.073700003;0.073700003
;US-AZ;2011;p99.99p100;14636543.0;;0.0317;0.0317
;US-AZ;2011;p90p100;226711.0;;0.49039999;0.49039999
;US-AZ;2011;p90p95;131401.5;;0.14210001;0.14210001
;US-AZ;2011;p95p99;202835.0;;0.17550001;0.17550001
;US-AZ;2011;p99.5p99.9;679100.69;;0.058800001;0.058800001
;US-AZ;2011;p99.9p99.99;2167684.3;;0.042199999;0.042199999
;US-AZ;2011;p99p99.5;367387.41;;0.039700001;0.039700001
;US-AZ;2011;p95p100;321472.69;;0.3477;0.3477
;US-AZ;2011;p0p90;26201.1;;0.51010001;0.51010001
;US-AZ;2011;p0p99;38656.0;;0.82779998;0.82779998
;US-AZ;2011;p99.5p100;1225517.1;;0.13249999;0.13249999
;US-AZ;2010;p0p100;54000.602;1.51571136393e+11;1.0;1.0
;US-AZ;2010;p99p100;788014.63;;0.1724;0.1724
;US-AZ;2010;p99.9p100;3452991.5;;0.075499997;0.075499997
;US-AZ;2010;p99.99p100;15563619.0;;0.0341;0.0341
;US-AZ;2010;p90p100;223077.5;;0.48809999;0.48809999
;US-AZ;2010;p90p95;130418.2;;0.1427;0.1427
;US-AZ;2010;p95p99;196732.8;;0.17219999;0.17219999
;US-AZ;2010;p99.5p99.9;659219.63;;0.057700001;0.057700001
;US-AZ;2010;p99.9p99.99;2106116.0;;0.041499998;0.041499998
;US-AZ;2010;p99p99.5;357770.91;;0.039099999;0.039099999
;US-AZ;2010;p95p100;314938.91;;0.34450001;0.34450001
;US-AZ;2010;p0p90;26042.699;;0.51279998;0.51279998
;US-AZ;2010;p0p99;38208.199;;0.8276;0.8276
;US-AZ;2010;p99.5p100;1218864.8;;0.13330001;0.13330001
;US-AZ;2009;p0p100;56690.398;1.51493093553e+11;1.0;1.0
;US-AZ;2009;p99p100;755219.13;;0.1626;0.1626
;US-AZ;2009;p99.9p100;3159695.0;;0.068000004;0.068000004
;US-AZ;2009;p99.99p100;13555476.0;;0.029200001;0.029200001
;US-AZ;2009;p90p100;217397.2;;0.46810001;0.46810001
;US-AZ;2009;p90p95;131190.0;;0.14120001;0.14120001
;US-AZ;2009;p95p99;189506.3;;0.16320001;0.16320001
;US-AZ;2009;p99.5p99.9;634208.19;;0.0546;0.0546
;US-AZ;2009;p99.9p99.99;1969123.8;;0.038199998;0.038199998
;US-AZ;2009;p99p99.5;358446.69;;0.038600001;0.038600001
;US-AZ;2009;p95p100;302848.41;;0.32600001;0.32600001
;US-AZ;2009;p0p90;27611.301;;0.53500003;0.53500003
;US-AZ;2009;p0p99;39287.398;;0.83740002;0.83740002
;US-AZ;2009;p99.5p100;1148188.8;;0.1236;0.1236
;US-AZ;2008;p0p100;64631.602;1.70885332398e+11;1.0;1.0
;US-AZ;2008;p99p100;969201.0;;0.18170001;0.18170001
;US-AZ;2008;p99.9p100;4415212.5;;0.082800001;0.082800001
;US-AZ;2008;p99.99p100;19608164.0;;0.036800001;0.036800001
;US-AZ;2008;p90p100;249063.3;;0.46700001;0.46700001
;US-AZ;2008;p90p95;138107.2;;0.1295;0.1295
;US-AZ;2008;p95p99;205099.0;;0.1538;0.1538
;US-AZ;2008;p99.5p99.9;781397.13;;0.058600001;0.058600001
;US-AZ;2008;p99.9p99.99;2686996.8;;0.045299999;0.045299999
;US-AZ;2008;p99p99.5;410592.0;;0.0385;0.0385
;US-AZ;2008;p95p100;358931.19;;0.33649999;0.33649999
;US-AZ;2008;p0p90;31849.801;;0.53750002;0.53750002
;US-AZ;2008;p0p99;44080.602;;0.81830001;0.81830001
;US-AZ;2008;p99.5p100;1520980.8;;0.1426;0.1426
;US-AZ;2007;p0p100;80326.0;1.89837555536e+11;1.0;1.0
;US-AZ;2007;p99p100;1333993.1;;0.21699999;0.21699999
;US-AZ;2007;p99.9p100;6665512.5;;0.1084;0.1084
;US-AZ;2007;p99.99p100;31357618.0;;0.050999999;0.050999999
;US-AZ;2007;p90p100;299422.91;;0.48710001;0.48710001
;US-AZ;2007;p90p95;145333.8;;0.1182;0.1182
;US-AZ;2007;p95p99;231355.2;;0.1505;0.1505
;US-AZ;2007;p99.5p99.9;1027376.3;;0.0669;0.0669
;US-AZ;2007;p99.9p99.99;3903623.0;;0.0572;0.0572
;US-AZ;2007;p99p99.5;499486.09;;0.040600002;0.040600002
;US-AZ;2007;p95p100;452735.91;;0.36829999;0.36829999
;US-AZ;2007;p0p90;35216.0;;0.51560003;0.51560003
;US-AZ;2007;p0p99;48617.5;;0.78299999;0.78299999
;US-AZ;2007;p99.5p100;2163452.0;;0.176;0.176
;US-AZ;2006;p0p100;85041.0;1.81594492965e+11;1.0;1.0
;US-AZ;2006;p99p100;1426270.1;;0.2318;0.2318
;US-AZ;2006;p99.9p100;7232121.5;;0.1175;0.1175
;US-AZ;2006;p99.99p100;34031264.0;;0.055300001;0.055300001
;US-AZ;2006;p90p100;310759.31;;0.505;0.505
;US-AZ;2006;p90p95;144892.5;;0.1177;0.1177
;US-AZ;2006;p95p99;238933.91;;0.15530001;0.15530001
;US-AZ;2006;p99.5p99.9;1098807.1;;0.071400002;0.071400002
;US-AZ;2006;p99.9p99.99;4254226.5;;0.062199999;0.062199999
;US-AZ;2006;p99p99.5;526730.5;;0.042800002;0.042800002
;US-AZ;2006;p95p100;476419.91;;0.38710001;0.38710001
;US-AZ;2006;p0p90;33861.801;;0.49520001;0.49520001
;US-AZ;2006;p0p99;47753.199;;0.76819998;0.76819998
;US-AZ;2006;p99.5p100;2325680.0;;0.189;0.189
;US-AZ;2005;p0p100;86641.203;1.67416394062e+11;1.0;1.0
;US-AZ;2005;p99p100;1337814.5;;0.22759999;0.22759999
;US-AZ;2005;p99.9p100;6629917.0;;0.1128;0.1128
;US-AZ;2005;p99.99p100;30606140.0;;0.052099999;0.052099999
;US-AZ;2005;p90p100;299198.0;;0.509;0.509
;US-AZ;2005;p90p95;140945.8;;0.1199;0.1199
;US-AZ;2005;p95p99;236980.09;;0.1613;0.1613
;US-AZ;2005;p99.5p99.9;1043355.2;;0.071000002;0.071000002
;US-AZ;2005;p99.9p99.99;3964450.8;;0.060699999;0.060699999
;US-AZ;2005;p99p99.5;512490.0;;0.0436;0.0436
;US-AZ;2005;p95p100;457240.31;;0.38890001;0.38890001
;US-AZ;2005;p0p90;32097.6;;0.49149999;0.49149999
;US-AZ;2005;p0p99;45859.301;;0.77240002;0.77240002
;US-AZ;2005;p99.5p100;2162247.0;;0.1839;0.1839
;US-AZ;2004;p0p100;85073.398;1.49664157611e+11;1.0;1.0
;US-AZ;2004;p99p100;1059778.3;;0.1961;0.1961
;US-AZ;2004;p99.9p100;4953750.5;;0.091700003;0.091700003
;US-AZ;2004;p99.99p100;22168430.0;;0.041000001;0.041000001
;US-AZ;2004;p90p100;259166.41;;0.4797;0.4797
;US-AZ;2004;p90p95;128866.1;;0.1193;0.1193
;US-AZ;2004;p95p99;221551.3;;0.164;0.164
;US-AZ;2004;p99.5p99.9;853917.38;;0.063199997;0.063199997
;US-AZ;2004;p99.9p99.99;3035554.5;;0.0506;0.0506
;US-AZ;2004;p99p99.5;441663.69;;0.040899999;0.040899999
;US-AZ;2004;p95p100;389375.19;;0.3603;0.3603
;US-AZ;2004;p0p90;31281.6;;0.52109998;0.52109998
;US-AZ;2004;p0p99;43872.602;;0.8039;0.8039
;US-AZ;2004;p99.5p100;1676602.8;;0.1552;0.1552
;US-AZ;2003;p0p100;87820.203;1.36401407935e+11;1.0;1.0
;US-AZ;2003;p99p100;854906.19;;0.1617;0.1617
;US-AZ;2003;p99.9p100;3633677.0;;0.068700001;0.068700001
;US-AZ;2003;p99.99p100;15274340.0;;0.028899999;0.028899999
;US-AZ;2003;p90p100;233298.91;;0.44119999;0.44119999
;US-AZ;2003;p90p95;129782.5;;0.1227;0.1227
;US-AZ;2003;p95p99;206589.59;;0.15629999;0.15629999
;US-AZ;2003;p99.5p99.9;726149.81;;0.054900002;0.054900002
;US-AZ;2003;p99.9p99.99;2327632.8;;0.0396;0.0396
;US-AZ;2003;p99p99.5;396046.5;;0.0374;0.0374
;US-AZ;2003;p95p100;336560.69;;0.31819999;0.31819999
;US-AZ;2003;p0p90;32910.398;;0.56010002;0.56010002
;US-AZ;2003;p0p99;44777.898;;0.83829999;0.83829999
;US-AZ;2003;p99.5p100;1311889.8;;0.124;0.124
;US-AZ;2002;p0p100;92646.0;1.32640397283e+11;1.0;1.0
;US-AZ;2002;p99p100;809819.69;;0.1517;0.1517
;US-AZ;2002;p99.9p100;3299325.0;;0.061799999;0.061799999
;US-AZ;2002;p99.99p100;13217336.0;;0.024800001;0.024800001
;US-AZ;2002;p90p100;229638.09;;0.43020001;0.43020001
;US-AZ;2002;p90p95;131611.3;;0.1233;0.1233
;US-AZ;2002;p95p99;206498.91;;0.1548;0.1548
;US-AZ;2002;p99.5p99.9;704468.38;;0.0528;0.0528
;US-AZ;2002;p99.9p99.99;2187265.5;;0.036899999;0.036899999
;US-AZ;2002;p99p99.5;390515.81;;0.036600001;0.036600001
;US-AZ;2002;p95p100;327415.69;;0.30669999;0.30669999
;US-AZ;2002;p0p90;33859.102;;0.57090002;0.57090002
;US-AZ;2002;p0p99;45733.602;;0.84829998;0.84829998
;US-AZ;2002;p99.5p100;1227421.6;;0.115;0.115
;US-AZ;2001;p0p100;98551.203;1.3513869486e+11;1.0;1.0
;US-AZ;2001;p99p100;881020.5;;0.1602;0.1602
;US-AZ;2001;p99.9p100;3696852.5;;0.067199998;0.067199998
;US-AZ;2001;p99.99p100;14863133.0;;0.027000001;0.027000001
;US-AZ;2001;p90p100;241920.3;;0.44;0.44
;US-AZ;2001;p90p95;134853.7;;0.1226;0.1226
;US-AZ;2001;p95p99;215259.7;;0.1566;0.1566
;US-AZ;2001;p99.5p99.9;751842.13;;0.054699998;0.054699998
;US-AZ;2001;p99.9p99.99;2462894.5;;0.0403;0.0403
;US-AZ;2001;p99p99.5;420214.59;;0.038199998;0.038199998
;US-AZ;2001;p95p100;348646.09;;0.317;0.317
;US-AZ;2001;p0p90;34245.898;;0.56050003;0.56050003
;US-AZ;2001;p0p99;46641.898;;0.8398;0.8398
;US-AZ;2001;p99.5p100;1342389.6;;0.1221;0.1221
;US-AZ;2000;p0p100;111756.5;1.4248717789e+11;1.0;1.0
;US-AZ;2000;p99p100;1094559.9;;0.1855;0.1855
;US-AZ;2000;p99.9p100;5009926.5;;0.084899999;0.084899999
;US-AZ;2000;p99.99p100;20995516.0;;0.035599999;0.035599999
;US-AZ;2000;p90p100;271607.5;;0.46039999;0.46039999
;US-AZ;2000;p90p95;138709.59;;0.1176;0.1176
;US-AZ;2000;p95p99;230319.91;;0.15620001;0.15620001
;US-AZ;2000;p99.5p99.9;894356.69;;0.060600001;0.060600001
;US-AZ;2000;p99.9p99.99;3250956.3;;0.049600001;0.049600001
;US-AZ;2000;p99p99.5;464241.31;;0.039299998;0.039299998
;US-AZ;2000;p95p100;403883.59;;0.3423;0.3423
;US-AZ;2000;p0p90;35469.102;;0.54110003;0.54110003
;US-AZ;2000;p0p99;48534.199;;0.81449997;0.81449997
;US-AZ;2000;p99.5p100;1723212.4;;0.146;0.146
;US-AZ;1999;p0p100;118653.2;1.34412412574e+11;1.0;1.0
;US-AZ;1999;p99p100;1061318.5;;0.18099999;0.18099999
;US-AZ;1999;p99.9p100;4769497.0;;0.081299998;0.081299998
;US-AZ;1999;p99.99p100;19421076.0;;0.033100002;0.033100002
;US-AZ;1999;p90p100;267315.09;;0.45590001;0.45590001
;US-AZ;1999;p90p95;138420.59;;0.118;0.118
;US-AZ;1999;p95p99;229473.59;;0.1565;0.1565
;US-AZ;1999;p99.5p99.9;886437.13;;0.0605;0.0605
;US-AZ;1999;p99.9p99.99;3164142.3;;0.048599999;0.048599999
;US-AZ;1999;p99p99.5;458254.0;;0.039099999;0.039099999
;US-AZ;1999;p95p100;395971.91;;0.33759999;0.33759999
;US-AZ;1999;p0p90;35458.199;;0.5442;0.5442
;US-AZ;1999;p0p99;48511.199;;0.81900001;0.81900001
;US-AZ;1999;p99.5p100;1664320.9;;0.1419;0.1419
;US-AZ;1998;p0p100;121663.5;1.25915887984e+11;1.0;1.0
;US-AZ;1998;p99p100;1018944.4;;0.17659999;0.17659999
;US-AZ;1998;p99.9p100;4600875.5;;0.079700001;0.079700001
;US-AZ;1998;p99.99p100;19180154.0;;0.033199999;0.033199999
;US-AZ;1998;p90p100;256693.41;;0.44490001;0.44490001
;US-AZ;1998;p90p95;134217.0;;0.1163;0.1163
;US-AZ;1998;p95p99;218826.59;;0.1517;0.1517
;US-AZ;1998;p99.5p99.9;844633.0;;0.058600001;0.058600001
;US-AZ;1998;p99.9p99.99;2991983.5;;0.046700001;0.046700001
;US-AZ;1998;p99p99.5;441327.69;;0.038199998;0.038199998
;US-AZ;1998;p95p100;379001.69;;0.3285;0.3285
;US-AZ;1998;p0p90;35594.398;;0.55519998;0.55519998
;US-AZ;1998;p0p99;47985.301;;0.82340002;0.82340002
;US-AZ;1998;p99.5p100;1596518.3;;0.1384;0.1384
;US-AZ;1997;p0p100;113471.3;1.14562479082e+11;1.0;1.0
;US-AZ;1997;p99p100;883155.0;;0.16869999;0.16869999
;US-AZ;1997;p99.9p100;3908264.8;;0.074699998;0.074699998
;US-AZ;1997;p99.99p100;16507055.0;;0.031500001;0.031500001
;US-AZ;1997;p90p100;231870.41;;0.44299999;0.44299999
;US-AZ;1997;p90p95;125855.3;;0.1202;0.1202
;US-AZ;1997;p95p99;201361.7;;0.1539;0.1539
;US-AZ;1997;p99.5p99.9;734919.81;;0.056200001;0.056200001
;US-AZ;1997;p99.9p99.99;2510896.8;;0.043200001;0.043200001
;US-AZ;1997;p99p99.5;396379.0;;0.037900001;0.037900001
;US-AZ;1997;p95p100;337781.41;;0.32269999;0.32269999
;US-AZ;1997;p0p90;32399.199;;0.5571;0.5571
;US-AZ;1997;p0p99;43946.5;;0.83130002;0.83130002
;US-AZ;1997;p99.5p100;1369797.3;;0.1309;0.1309
;US-AZ;1996;p0p100;114751.3;1.04219506862e+11;1.0;1.0
;US-AZ;1996;p99p100;826171.38;;0.1629;0.1629
;US-AZ;1996;p99.9p100;3591093.0;;0.070799999;0.070799999
;US-AZ;1996;p99.99p100;15195737.0;;0.029999999;0.029999999
;US-AZ;1996;p90p100;220770.91;;0.43529999;0.43529999
;US-AZ;1996;p90p95;122287.0;;0.1206;0.1206
;US-AZ;1996;p95p99;192468.09;;0.15180001;0.15180001
;US-AZ;1996;p99.5p99.9;700745.88;;0.055300001;0.055300001
;US-AZ;1996;p99.9p99.99;2301739.8;;0.040800001;0.040800001
;US-AZ;1996;p99p99.5;373606.0;;0.036800001;0.036800001
;US-AZ;1996;p95p100;319220.31;;0.31470001;0.31470001
;US-AZ;1996;p0p90;31820.5;;0.56470001;0.56470001
;US-AZ;1996;p0p99;42880.801;;0.83710003;0.83710003
;US-AZ;1996;p99.5p100;1278753.6;;0.1261;0.1261
;US-AZ;1995;p0p100;115618.5;96253894481.0;1.0;1.0
;US-AZ;1995;p99p100;690950.31;;0.1425;0.1425
;US-AZ;1995;p99.9p100;2729924.5;;0.056299999;0.056299999
;US-AZ;1995;p99.99p100;10507739.0;;0.0217;0.0217
;US-AZ;1995;p90p100;201203.8;;0.41499999;0.41499999
;US-AZ;1995;p90p95;118380.7;;0.1221;0.1221
;US-AZ;1995;p95p99;182267.41;;0.1504;0.1504
;US-AZ;1995;p99.5p99.9;616736.5;;0.050900001;0.050900001
;US-AZ;1995;p99.9p99.99;1865842.5;;0.034600001;0.034600001
;US-AZ;1995;p99p99.5;341895.59;;0.035300002;0.035300002
;US-AZ;1995;p95p100;283990.0;;0.2929;0.2929
;US-AZ;1995;p0p90;31517.0;;0.5851;0.5851
;US-AZ;1995;p0p99;41991.898;;0.85750002;0.85750002
;US-AZ;1995;p99.5p100;1039906.6;;0.1072;0.1072
;US-AZ;1994;p0p100;118039.9;88889519356.0;1.0;1.0
;US-AZ;1994;p99p100;614942.63;;0.1303;0.1303
;US-AZ;1994;p99.9p100;2331133.5;;0.049400002;0.049400002
;US-AZ;1994;p99.99p100;8870315.0;;0.0188;0.0188
;US-AZ;1994;p90p100;188158.0;;0.3987;0.3987
;US-AZ;1994;p90p95;113745.7;;0.1205;0.1205
;US-AZ;1994;p95p99;174469.3;;0.1479;0.1479
;US-AZ;1994;p99.5p99.9;556099.13;;0.0471;0.0471
;US-AZ;1994;p99.9p99.99;1601320.3;;0.0305;0.0305
;US-AZ;1994;p99p99.5;317506.5;;0.033599999;0.033599999
;US-AZ;1994;p95p100;262545.31;;0.27810001;0.27810001
;US-AZ;1994;p0p90;31544.801;;0.60149997;0.60149997
;US-AZ;1994;p0p99;41461.699;;0.86970001;0.86970001
;US-AZ;1994;p99.5p100;912204.38;;0.096600004;0.096600004
;US-AZ;1993;p0p100;116684.3;82724686696.0;1.0;1.0
;US-AZ;1993;p99p100;574736.69;;0.1285;0.1285
;US-AZ;1993;p99.9p100;2128743.8;;0.047600001;0.047600001
;US-AZ;1993;p99.99p100;7923145.0;;0.0177;0.0177
;US-AZ;1993;p90p100;179167.2;;0.40059999;0.40059999
;US-AZ;1993;p90p95;108506.4;;0.1213;0.1213
;US-AZ;1993;p95p99;168606.8;;0.1508;0.1508
;US-AZ;1993;p99.5p99.9;526857.13;;0.0471;0.0471
;US-AZ;1993;p99.9p99.99;1480587.8;;0.0298;0.0298
;US-AZ;1993;p99p99.5;300494.59;;0.033599999;0.033599999
;US-AZ;1993;p95p100;249795.2;;0.2793;0.2793
;US-AZ;1993;p0p90;29800.5;;0.59969997;0.59969997
;US-AZ;1993;p0p99;39371.102;;0.87150002;0.87150002
;US-AZ;1993;p99.5p100;848577.19;;0.094899997;0.094899997
;US-AZ;1992;p0p100;122102.3;79862966863.0;1.0;1.0
;US-AZ;1992;p99p100;582640.63;;0.13070001;0.13070001
;US-AZ;1992;p99.9p100;2160869.0;;0.048500001;0.048500001
;US-AZ;1992;p99.99p100;7960471.5;;0.017899999;0.017899999
;US-AZ;1992;p90p100;179929.7;;0.40369999;0.40369999
;US-AZ;1992;p90p95;111576.4;;0.1252;0.1252
;US-AZ;1992;p95p99;164766.5;;0.1479;0.1479
;US-AZ;1992;p99.5p99.9;536717.5;;0.0482;0.0482
;US-AZ;1992;p99.9p99.99;1515391.3;;0.0306;0.0306
;US-AZ;1992;p99p99.5;302741.69;;0.034000002;0.034000002
;US-AZ;1992;p95p100;248352.7;;0.27860001;0.27860001
;US-AZ;1992;p0p90;29533.5;;0.59640002;0.59640002
;US-AZ;1992;p0p99;39135.0;;0.86930001;0.86930001
;US-AZ;1992;p99.5p100;862359.19;;0.096699998;0.096699998
;US-AZ;1991;p0p100;129219.4;78534512567.0;1.0;1.0
;US-AZ;1991;p99p100;535005.5;;0.1192;0.1192
;US-AZ;1991;p99.9p100;1869347.9;;0.041700002;0.041700002
;US-AZ;1991;p99.99p100;6507733.0;;0.0145;0.0145
;US-AZ;1991;p90p100;174282.09;;0.38850001;0.38850001
;US-AZ;1991;p90p95;112159.1;;0.125;0.125
;US-AZ;1991;p95p99;161989.41;;0.1444;0.1444
;US-AZ;1991;p99.5p99.9;504219.81;;0.045000002;0.045000002
;US-AZ;1991;p99.9p99.99;1353488.1;;0.0272;0.0272
;US-AZ;1991;p99p99.5;292369.69;;0.032600001;0.032600001
;US-AZ;1991;p95p100;236572.09;;0.26370001;0.26370001
;US-AZ;1991;p0p90;30476.699;;0.61140001;0.61140001
;US-AZ;1991;p0p99;39913.301;;0.88080001;0.88080001
;US-AZ;1991;p99.5p100;777659.63;;0.0867;0.0867
;US-AZ;1990;p0p100;141834.7;78890746490.0;1.0;1.0
;US-AZ;1990;p99p100;578508.81;;0.1261;0.1261
;US-AZ;1990;p99.9p100;2110921.0;;0.046;0.046
;US-AZ;1990;p99.99p100;7592109.0;;0.0165;0.0165
;US-AZ;1990;p90p100;179440.59;;0.391;0.391
;US-AZ;1990;p90p95;111764.7;;0.1218;0.1218
;US-AZ;1990;p95p99;164245.2;;0.1432;0.1432
;US-AZ;1990;p99.5p99.9;541494.0;;0.047200002;0.047200002
;US-AZ;1990;p99.9p99.99;1503733.3;;0.0295;0.0295
;US-AZ;1990;p99p99.5;301298.41;;0.0328;0.0328
;US-AZ;1990;p95p100;247129.09;;0.2692;0.2692
;US-AZ;1990;p0p90;31056.301;;0.60900003;0.60900003
;US-AZ;1990;p0p99;40513.801;;0.8739;0.8739
;US-AZ;1990;p99.5p100;855430.19;;0.093199998;0.093199998
;US-AZ;1989;p0p100;169319.2;79467034275.0;1.0;1.0
;US-AZ;1989;p99p100;620732.0;;0.1249;0.1249
;US-AZ;1989;p99.9p100;2379221.0;;0.047899999;0.047899999
;US-AZ;1989;p99.99p100;9009652.0;;0.018100001;0.018100001
;US-AZ;1989;p90p100;185581.2;;0.37329999;0.37329999
;US-AZ;1989;p90p95;112550.2;;0.1132;0.1132
;US-AZ;1989;p95p99;165479.3;;0.1332;0.1332
;US-AZ;1989;p99.5p99.9;553252.5;;0.044500001;0.044500001
;US-AZ;1989;p99.9p99.99;1613008.0;;0.029200001;0.029200001
;US-AZ;1989;p99p99.5;307673.09;;0.0309;0.0309
;US-AZ;1989;p95p100;258250.7;;0.25979999;0.25979999
;US-AZ;1989;p0p90;34842.0;;0.63080001;0.63080001
;US-AZ;1989;p0p99;43940.602;;0.87510002;0.87510002
;US-AZ;1989;p99.5p100;927578.38;;0.0933;0.0933
;US-AZ;1988;p0p100;188164.91;79668489567.0;1.0;1.0
;US-AZ;1988;p99p100;686153.5;;0.13519999;0.13519999
;US-AZ;1988;p99.9p100;2821083.3;;0.055599999;0.055599999
;US-AZ;1988;p99.99p100;11128014.0;;0.0219;0.0219
;US-AZ;1988;p90p100;192051.2;;0.37830001;0.37830001
;US-AZ;1988;p90p95;112193.6;;0.1105;0.1105
;US-AZ;1988;p95p99;165574.7;;0.1305;0.1305
;US-AZ;1988;p99.5p99.9;595096.0;;0.0469;0.0469
;US-AZ;1988;p99.9p99.99;1867226.3;;0.033100002;0.033100002
;US-AZ;1988;p99p99.5;315349.0;;0.031099999;0.031099999
;US-AZ;1988;p95p100;271520.41;;0.2674;0.2674
;US-AZ;1988;p0p90;35314.801;;0.6261;0.6261
;US-AZ;1988;p0p99;44348.301;;0.86479998;0.86479998
;US-AZ;1988;p99.5p100;1050179.8;;0.1034;0.1034
;US-AZ;1987;p0p100;192727.09;75075464372.0;1.0;1.0
;US-AZ;1987;p99p100;560093.81;;0.1158;0.1158
;US-AZ;1987;p99.9p100;2067353.8;;0.0427;0.0427
;US-AZ;1987;p99.99p100;7680496.5;;0.015900001;0.015900001
;US-AZ;1987;p90p100;177331.2;;0.36649999;0.36649999
;US-AZ;1987;p90p95;111880.1;;0.1156;0.1156
;US-AZ;1987;p95p99;162233.5;;0.13410001;0.13410001
;US-AZ;1987;p99.5p99.9;507407.5;;0.041999999;0.041999999
;US-AZ;1987;p99.9p99.99;1428151.4;;0.0266;0.0266
;US-AZ;1987;p99p99.5;293004.69;;0.030300001;0.030300001
;US-AZ;1987;p95p100;242638.0;;0.25080001;0.25080001
;US-AZ;1987;p0p90;34166.5;;0.63559997;0.63559997
;US-AZ;1987;p0p99;43212.398;;0.88419998;0.88419998
;US-AZ;1987;p99.5p100;824112.19;;0.085199997;0.085199997
;US-AZ;1986;p0p100;214932.5;75788266161.0;1.0;1.0
;US-AZ;1986;p99p100;739853.5;;0.14650001;0.14650001
;US-AZ;1986;p99.9p100;3292727.0;;0.065200001;0.065200001
;US-AZ;1986;p99.99p100;14244917.0;;0.028200001;0.028200001
;US-AZ;1986;p90p100;197772.8;;0.3917;0.3917
;US-AZ;1986;p90p95;112207.4;;0.1111;0.1111
;US-AZ;1986;p95p99;167264.59;;0.13249999;0.13249999
;US-AZ;1986;p99.5p99.9;614791.0;;0.048700001;0.048700001
;US-AZ;1986;p99.9p99.99;2043442.0;;0.036400001;0.036400001
;US-AZ;1986;p99p99.5;316845.0;;0.031399999;0.031399999
;US-AZ;1986;p95p100;283033.09;;0.28029999;0.28029999
;US-AZ;1986;p0p90;34309.301;;0.61159998;0.61159998
;US-AZ;1986;p0p99;43522.898;;0.85350001;0.85350001
;US-AZ;1986;p99.5p100;1157780.3;;0.1147;0.1147
;US-AZ;1985;p0p100;209735.59;67344181471.0;1.0;1.0
;US-AZ;1985;p99p100;562037.13;;0.1183;0.1183
;US-AZ;1985;p99.9p100;2271045.0;;0.047800001;0.047800001
;US-AZ;1985;p99.99p100;9146852.0;;0.019200001;0.019200001
;US-AZ;1985;p90p100;173454.59;;0.36489999;0.36489999
;US-AZ;1985;p90p95;108478.6;;0.1141;0.1141
;US-AZ;1985;p95p99;156359.41;;0.13160001;0.13160001
;US-AZ;1985;p99.5p99.9;480399.69;;0.040399998;0.040399998
;US-AZ;1985;p99.9p99.99;1478147.8;;0.028000001;0.028000001
;US-AZ;1985;p99p99.5;276784.91;;0.029100001;0.029100001
;US-AZ;1985;p95p100;238268.59;;0.2507;0.2507
;US-AZ;1985;p0p90;33666.801;;0.63749999;0.63749999
;US-AZ;1985;p0p99;42331.898;;0.88169998;0.88169998
;US-AZ;1985;p99.5p100;844036.19;;0.088799998;0.088799998
;US-AZ;1984;p0p100;214625.5;62129906634.0;1.0;1.0
;US-AZ;1984;p99p100;511407.59;;0.1125;0.1125
;US-AZ;1984;p99.9p100;2041543.3;;0.0449;0.0449
;US-AZ;1984;p99.99p100;8438173.0;;0.0186;0.0186
;US-AZ;1984;p90p100;163467.09;;0.35960001;0.35960001
;US-AZ;1984;p90p95;104725.3;;0.1152;0.1152
;US-AZ;1984;p95p99;149049.2;;0.1311;0.1311
;US-AZ;1984;p99.5p99.9;435485.5;;0.0383;0.0383
;US-AZ;1984;p99.9p99.99;1302753.4;;0.025800001;0.025800001
;US-AZ;1984;p99p99.5;258354.5;;0.0284;0.0284
;US-AZ;1984;p95p100;222162.7;;0.24429999;0.24429999
;US-AZ;1984;p0p90;32459.6;;0.6426;0.6426
;US-AZ;1984;p0p99;40755.301;;0.88749999;0.88749999
;US-AZ;1984;p99.5p100;761694.31;;0.083800003;0.083800003
;US-AZ;1983;p0p100;243484.2;57482405218.0;1.0;1.0
;US-AZ;1983;p99p100;432966.5;;0.094800003;0.094800003
;US-AZ;1983;p99.9p100;1569467.1;;0.034400001;0.034400001
;US-AZ;1983;p99.99p100;6114537.5;;0.0134;0.0134
;US-AZ;1983;p90p100;151619.91;;0.3321;0.3321
;US-AZ;1983;p90p95;103092.8;;0.1129;0.1129
;US-AZ;1983;p95p99;141675.41;;0.1241;0.1241
;US-AZ;1983;p99.5p99.9;385233.91;;0.033799998;0.033799998
;US-AZ;1983;p99.9p99.99;1046426.2;;0.0206;0.0206
;US-AZ;1983;p99p99.5;237340.2;;0.026000001;0.026000001
;US-AZ;1983;p95p100;200392.3;;0.21950001;0.21950001
;US-AZ;1983;p0p90;33941.199;;0.6692;0.6692
;US-AZ;1983;p0p99;41737.301;;0.9052;0.9052
;US-AZ;1983;p99.5p100;626257.69;;0.068599999;0.068599999
;US-AZ;1982;p0p100;241226.41;54618118348.0;1.0;1.0
;US-AZ;1982;p99p100;431913.91;;0.099600002;0.099600002
;US-AZ;1982;p99.9p100;1670625.1;;0.0385;0.0385
;US-AZ;1982;p99.99p100;6936489.0;;0.016000001;0.016000001
;US-AZ;1982;p90p100;147367.8;;0.3398;0.3398
;US-AZ;1982;p90p95;97562.898;;0.1125;0.1125
;US-AZ;1982;p95p99;138075.59;;0.12729999;0.12729999
;US-AZ;1982;p99.5p99.9;378998.81;;0.035;0.035
;US-AZ;1982;p99.9p99.99;1085529.1;;0.022500001;0.022500001
;US-AZ;1982;p99p99.5;226503.8;;0.0261;0.0261
;US-AZ;1982;p95p100;197413.59;;0.22759999;0.22759999
;US-AZ;1982;p0p90;31838.4;;0.66060001;0.66060001
;US-AZ;1982;p0p99;39450.301;;0.90039998;0.90039998
;US-AZ;1982;p99.5p100;637324.0;;0.0735;0.0735
;US-AZ;1981;p0p100;307582.09;55378321464.0;1.0;1.0
;US-AZ;1981;p99p100;419618.31;;0.085299999;0.085299999
;US-AZ;1981;p99.9p100;1384638.4;;0.028100001;0.028100001
;US-AZ;1981;p99.99p100;5137734.0;;0.0104;0.0104
;US-AZ;1981;p90p100;153476.8;;0.31200001;0.31200001
;US-AZ;1981;p90p95;104945.9;;0.1067;0.1067
;US-AZ;1981;p95p99;147641.0;;0.1201;0.1201
;US-AZ;1981;p99.5p99.9;395592.09;;0.032200001;0.032200001
;US-AZ;1981;p99.9p99.99;967366.31;;0.0177;0.0177
;US-AZ;1981;p99p99.5;245048.59;;0.024900001;0.024900001
;US-AZ;1981;p95p100;202133.09;;0.20550001;0.20550001
;US-AZ;1981;p0p90;37606.102;;0.68809998;0.68809998
;US-AZ;1981;p0p99;45448.699;;0.91469997;0.91469997
;US-AZ;1981;p99.5p100;594021.5;;0.060400002;0.060400002
;US-AZ;1980;p0p100;371597.91;53931230497.0;1.0;1.0
;US-AZ;1980;p99p100;421355.91;;0.085000001;0.085000001
;US-AZ;1980;p99.9p100;1326013.8;;0.026799999;0.026799999
;US-AZ;1980;p99.99p100;4312173.0;;0.0087000001;0.0087000001
;US-AZ;1980;p90p100;156756.59;;0.31639999;0.31639999
;US-AZ;1980;p90p95;109020.0;;0.11;0.11
;US-AZ;1980;p95p99;150146.91;;0.1212;0.1212
;US-AZ;1980;p99.5p99.9;406168.0;;0.0328;0.0328
;US-AZ;1980;p99.9p99.99;993541.63;;0.017999999;0.017999999
;US-AZ;1980;p99p99.5;252311.41;;0.0255;0.0255
;US-AZ;1980;p95p100;204426.3;;0.20630001;0.20630001
;US-AZ;1980;p0p90;37641.199;;0.68379998;0.68379998
;US-AZ;1980;p0p99;45790.0;;0.91500002;0.91500002
;US-AZ;1980;p99.5p100;590373.88;;0.059599999;0.059599999
;US-AZ;1979;p0p100;459583.09;51446667127.0;1.0;1.0
;US-AZ;1979;p99p100;447321.81;;0.090099998;0.090099998
;US-AZ;1979;p99.9p100;1468598.1;;0.0296;0.0296
;US-AZ;1979;p99.99p100;5292091.0;;0.0107;0.0107
;US-AZ;1979;p90p100;158112.3;;0.31850001;0.31850001
;US-AZ;1979;p90p95;105052.6;;0.1058;0.1058
;US-AZ;1979;p95p99;152112.09;;0.1226;0.1226
;US-AZ;1979;p99.5p99.9;413989.09;;0.033399999;0.033399999
;US-AZ;1979;p99.9p99.99;1043356.1;;0.0189;0.0189
;US-AZ;1979;p99p99.5;269878.59;;0.0272;0.0272
;US-AZ;1979;p95p100;211145.8;;0.21269999;0.21269999
;US-AZ;1979;p0p90;37591.301;;0.68150002;0.68150002
;US-AZ;1979;p0p99;45625.898;;0.90990001;0.90990001
;US-AZ;1979;p99.5p100;624993.38;;0.062899999;0.062899999
;US-AZ;1978;p0p100;520453.31;46341053219.0;1.0;1.0
;US-AZ;1978;p99p100;392110.81;;0.083800003;0.083800003
;US-AZ;1978;p99.9p100;1085011.9;;0.0232;0.0232
;US-AZ;1978;p99.99p100;3251388.5;;0.0068999999;0.0068999999
;US-AZ;1978;p90p100;150778.91;;0.322;0.322
;US-AZ;1978;p90p95;100673.2;;0.1075;0.1075
;US-AZ;1978;p95p99;153307.91;;0.131;0.131
;US-AZ;1978;p99.5p99.9;393296.59;;0.033599999;0.033599999
;US-AZ;1978;p99.9p99.99;844039.13;;0.0162;0.0162
;US-AZ;1978;p99p99.5;252477.41;;0.027000001;0.027000001
;US-AZ;1978;p95p100;200986.09;;0.2146;0.2146
;US-AZ;1978;p0p90;35258.699;;0.6778;0.6778
;US-AZ;1978;p0p99;43331.398;;0.91619998;0.91619998
;US-AZ;1978;p99.5p100;531812.63;;0.0568;0.0568
;US-AZ;1977;p0p100;573858.19;42085153886.0;1.0;1.0
;US-AZ;1977;p99p100;362524.09;;0.081299998;0.081299998
;US-AZ;1977;p99.9p100;1005099.5;;0.022500001;0.022500001
;US-AZ;1977;p99.99p100;3272795.0;;0.0073000002;0.0073000002
;US-AZ;1977;p90p100;141281.09;;0.3168;0.3168
;US-AZ;1977;p90p95;98455.602;;0.1104;0.1104
;US-AZ;1977;p95p99;139495.41;;0.1251;0.1251
;US-AZ;1977;p99.5p99.9;358155.5;;0.032099999;0.032099999
;US-AZ;1977;p99.9p99.99;752917.38;;0.0152;0.0152
;US-AZ;1977;p99p99.5;237436.5;;0.0266;0.0266
;US-AZ;1977;p95p100;184113.2;;0.20640001;0.20640001
;US-AZ;1977;p0p90;33854.199;;0.6832;0.6832
;US-AZ;1977;p0p99;41384.699;;0.91869998;0.91869998
;US-AZ;1977;p99.5p100;487683.41;;0.054699998;0.054699998
;US-AZ;1976;p0p100;644280.31;39740721646.0;1.0;1.0
;US-AZ;1976;p99p100;354590.41;;0.080300003;0.080300003
;US-AZ;1976;p99.9p100;941170.88;;0.021299999;0.021299999
;US-AZ;1976;p99.99p100;2723201.0;;0.0062000002;0.0062000002
;US-AZ;1976;p90p100;138163.5;;0.31299999;0.31299999
;US-AZ;1976;p90p95;95093.297;;0.1077;0.1077
;US-AZ;1976;p95p99;137899.3;;0.125;0.125
;US-AZ;1976;p99.5p99.9;361361.31;;0.032699998;0.032699998
;US-AZ;1976;p99.9p99.99;743318.19;;0.0152;0.0152
;US-AZ;1976;p99p99.5;231582.59;;0.0262;0.0262
;US-AZ;1976;p95p100;181236.59;;0.2053;0.2053
;US-AZ;1976;p0p90;33695.699;;0.68699998;0.68699998
;US-AZ;1976;p0p99;41005.602;;0.91970003;0.91970003
;US-AZ;1976;p99.5p100;477573.41;;0.054099999;0.054099999
;US-AZ;1975;p0p100;704457.38;37084224106.0;1.0;1.0
;US-AZ;1975;p99p100;345564.81;;0.0801;0.0801
;US-AZ;1975;p99.9p100;937438.19;;0.0217;0.0217
;US-AZ;1975;p99.99p100;2771343.8;;0.0063999998;0.0063999998
;US-AZ;1975;p90p100;135836.41;;0.31479999;0.31479999
;US-AZ;1975;p90p95;96835.0;;0.1122;0.1122
;US-AZ;1975;p95p99;132201.8;;0.1226;0.1226
;US-AZ;1975;p99.5p99.9;348521.81;;0.032299999;0.032299999
;US-AZ;1975;p99.9p99.99;734047.31;;0.0153;0.0153
;US-AZ;1975;p99p99.5;224557.09;;0.026000001;0.026000001
;US-AZ;1975;p95p100;174872.5;;0.2026;0.2026
;US-AZ;1975;p0p90;32849.0;;0.68519998;0.68519998
;US-AZ;1975;p0p99;40093.801;;0.9199;0.9199
;US-AZ;1975;p99.5p100;466501.81;;0.054099999;0.054099999
;US-AZ;1974;p0p100;935428.88;39462561976.0;1.0;1.0
;US-AZ;1974;p99p100;386716.41;;0.080399998;0.080399998
;US-AZ;1974;p99.9p100;1122451.3;;0.0233;0.0233
;US-AZ;1974;p99.99p100;3513384.8;;0.0073000002;0.0073000002
;US-AZ;1974;p90p100;145524.5;;0.30250001;0.30250001
;US-AZ;1974;p90p95;99538.203;;0.1034;0.1034
;US-AZ;1974;p95p99;142538.3;;0.1185;0.1185
;US-AZ;1974;p99.5p99.9;380956.0;;0.0317;0.0317
;US-AZ;1974;p99.9p99.99;854521.19;;0.016000001;0.016000001
;US-AZ;1974;p99p99.5;243056.91;;0.0253;0.0253
;US-AZ;1974;p95p100;191521.8;;0.199;0.199
;US-AZ;1974;p0p90;37304.199;;0.69779998;0.69779998
;US-AZ;1974;p0p99;44691.5;;0.91960001;0.91960001
;US-AZ;1974;p99.5p100;529925.0;;0.055100001;0.055100001
;US-AZ;1973;p0p100;1172562.0;38321232688.0;1.0;1.0
;US-AZ;1973;p99p100;420373.41;;0.085900001;0.085900001
;US-AZ;1973;p99.9p100;1181216.4;;0.0241;0.0241
;US-AZ;1973;p99.99p100;3731067.8;;0.0076000001;0.0076000001
;US-AZ;1973;p90p100;153601.0;;0.31400001;0.31400001
;US-AZ;1973;p90p95;102192.6;;0.1045;0.1045
;US-AZ;1973;p95p99;151166.5;;0.1236;0.1236
;US-AZ;1973;p99.5p99.9;419434.19;;0.034299999;0.034299999
;US-AZ;1973;p99.9p99.99;897660.19;;0.0165;0.0165
;US-AZ;1973;p99p99.5;268807.59;;0.0275;0.0275
;US-AZ;1973;p95p100;205008.3;;0.2096;0.2096
;US-AZ;1973;p0p90;37285.199;;0.68599999;0.68599999
;US-AZ;1973;p0p99;45163.602;;0.91409999;0.91409999
;US-AZ;1973;p99.5p100;571782.81;;0.058400001;0.058400001
;US-AZ;1972;p0p100;1280326.3;35409701276.0;1.0;1.0
;US-AZ;1972;p99p100;421511.0;;0.089000002;0.089000002
;US-AZ;1972;p99.9p100;1267358.4;;0.026799999;0.026799999
;US-AZ;1972;p99.99p100;4036520.0;;0.0085000005;0.0085000005
;US-AZ;1972;p90p100;151725.0;;0.32049999;0.32049999
;US-AZ;1972;p90p95;100299.2;;0.1059;0.1059
;US-AZ;1972;p95p99;148560.5;;0.12549999;0.12549999
;US-AZ;1972;p99.5p99.9;405136.19;;0.034200002;0.034200002
;US-AZ;1972;p99.9p99.99;959486.13;;0.018200001;0.018200001
;US-AZ;1972;p99p99.5;265263.5;;0.028000001;0.028000001
;US-AZ;1972;p95p100;203151.91;;0.2146;0.2146
;US-AZ;1972;p0p90;35741.898;;0.67949998;0.67949998
;US-AZ;1972;p0p99;43559.602;;0.91100001;0.91100001
;US-AZ;1972;p99.5p100;577758.38;;0.061000001;0.061000001
;US-AZ;1971;p0p100;1292241.4;31999159238.0;1.0;1.0
;US-AZ;1971;p99p100;397473.41;;0.088600002;0.088600002
;US-AZ;1971;p99.9p100;1158329.0;;0.025800001;0.025800001
;US-AZ;1971;p99.99p100;3755532.8;;0.0083999997;0.0083999997
;US-AZ;1971;p90p100;144894.59;;0.32300001;0.32300001
;US-AZ;1971;p90p95;95909.102;;0.1069;0.1069
;US-AZ;1971;p95p99;142981.7;;0.1275;0.1275
;US-AZ;1971;p99.5p99.9;391375.69;;0.034899998;0.034899998
;US-AZ;1971;p99.9p99.99;869974.13;;0.0175;0.0175
;US-AZ;1971;p99p99.5;249915.91;;0.027899999;0.027899999
;US-AZ;1971;p95p100;193877.2;;0.21610001;0.21610001
;US-AZ;1971;p0p90;33739.5;;0.67699999;0.67699999
;US-AZ;1971;p0p99;41292.102;;0.91140002;0.91140002
;US-AZ;1971;p99.5p100;544970.63;;0.060699999;0.060699999
;US-AZ;1970;p0p100;1358798.8;29398686816.0;1.0;1.0
;US-AZ;1970;p99p100;369709.91;;0.0854;0.0854
;US-AZ;1970;p99.9p100;1004646.0;;0.0232;0.0232
;US-AZ;1970;p99.99p100;3094076.0;;0.0071;0.0071
;US-AZ;1970;p90p100;137741.8;;0.31819999;0.31819999
;US-AZ;1970;p90p95;93130.797;;0.1076;0.1076
;US-AZ;1970;p95p99;135532.09;;0.1252;0.1252
;US-AZ;1970;p99.5p99.9;375015.19;;0.034699999;0.034699999
;US-AZ;1970;p99.9p99.99;772018.0;;0.016100001;0.016100001
;US-AZ;1970;p99p99.5;238119.7;;0.0275;0.0275
;US-AZ;1970;p95p100;182358.09;;0.2106;0.2106
;US-AZ;1970;p0p90;32794.5;;0.68180001;0.68180001
;US-AZ;1970;p0p99;39990.602;;0.91460001;0.91460001
;US-AZ;1970;p99.5p100;501211.5;;0.0579;0.0579
;US-AZ;1969;p0p100;1482035.0;27712523218.0;1.0;1.0
;US-AZ;1969;p99p100;407750.59;;0.096500002;0.096500002
;US-AZ;1969;p99.9p100;1413962.1;;0.033500001;0.033500001
;US-AZ;1969;p99.99p100;6133695.5;;0.0145;0.0145
;US-AZ;1969;p90p100;138423.8;;0.32769999;0.32769999
;US-AZ;1969;p90p95;91862.602;;0.1087;0.1087
;US-AZ;1969;p95p99;129322.2;;0.1225;0.1225
;US-AZ;1969;p99.5p99.9;372739.69;;0.035300002;0.035300002
;US-AZ;1969;p99.9p99.99;889161.63;;0.0189;0.0189
;US-AZ;1969;p99p99.5;234509.59;;0.027799999;0.027799999
;US-AZ;1969;p95p100;185000.41;;0.219;0.219
;US-AZ;1969;p0p90;31553.5;;0.67229998;0.67229998
;US-AZ;1969;p0p99;38549.301;;0.90350002;0.90350002
;US-AZ;1969;p99.5p100;581024.0;;0.068800002;0.068800002
;US-AZ;1968;p0p100;1572477.8;25586082880.0;1.0;1.0
;US-AZ;1968;p99p100;409025.09;;0.1015;0.1015
;US-AZ;1968;p99.9p100;1343841.3;;0.033300001;0.033300001
;US-AZ;1968;p99.99p100;5244652.5;;0.013;0.013
;US-AZ;1968;p90p100;136709.7;;0.33919999;0.33919999
;US-AZ;1968;p90p95;88135.398;;0.1094;0.1094
;US-AZ;1968;p95p99;129304.3;;0.1283;0.1283
;US-AZ;1968;p99.5p99.9;395888.41;;0.039299998;0.039299998
;US-AZ;1968;p99.9p99.99;910939.0;;0.020300001;0.020300001
;US-AZ;1968;p99p99.5;232637.0;;0.028899999;0.028899999
;US-AZ;1968;p95p100;185257.41;;0.2299;0.2299
;US-AZ;1968;p0p90;29587.301;;0.66079998;0.66079998
;US-AZ;1968;p0p99;36574.102;;0.89850003;0.89850003
;US-AZ;1968;p99.5p100;585373.0;;0.0726;0.0726
;US-AZ;1967;p0p100;1591282.8;23076348899.0;1.0;1.0
;US-AZ;1967;p99p100;373676.91;;0.0995;0.0995
;US-AZ;1967;p99.9p100;1184562.3;;0.031500001;0.031500001
;US-AZ;1967;p99.99p100;4330950.5;;0.0115;0.0115
;US-AZ;1967;p90p100;128930.3;;0.3432;0.3432
;US-AZ;1967;p90p95;83856.898;;0.1116;0.1116
;US-AZ;1967;p95p99;124170.3;;0.1322;0.1322
;US-AZ;1967;p99.5p99.9;360724.0;;0.038400002;0.038400002
;US-AZ;1967;p99.9p99.99;835143.19;;0.02;0.02
;US-AZ;1967;p99p99.5;221869.7;;0.0295;0.0295
;US-AZ;1967;p95p100;174043.8;;0.2317;0.2317
;US-AZ;1967;p0p90;27409.699;;0.65670002;0.65670002
;US-AZ;1967;p0p99;34170.199;;0.9005;0.9005
;US-AZ;1967;p99.5p100;525509.5;;0.069899999;0.069899999
;US-AZ;1966;p0p100;1640401.8;21638354116.0;1.0;1.0
;US-AZ;1966;p99p100;330967.81;;0.090800002;0.090800002
;US-AZ;1966;p99.9p100;1003255.5;;0.0275;0.0275
;US-AZ;1966;p99.99p100;3238781.0;;0.0088999998;0.0088999998
;US-AZ;1966;p90p100;119618.8;;0.3283;0.3283
;US-AZ;1966;p90p95;84329.102;;0.1157;0.1157
;US-AZ;1966;p95p99;111304.5;;0.1222;0.1222
;US-AZ;1966;p99.5p99.9;340804.91;;0.0374;0.0374
;US-AZ;1966;p99.9p99.99;755167.5;;0.0187;0.0187
;US-AZ;1966;p99p99.5;188150.3;;0.025800001;0.025800001
;US-AZ;1966;p95p100;155223.8;;0.213;0.213
;US-AZ;1966;p0p90;27182.9;;0.67140001;0.67140001
;US-AZ;1966;p0p99;33465.699;;0.90920001;0.90920001
;US-AZ;1966;p99.5p100;473836.0;;0.064999998;0.064999998
;US-AZ;1965;p0p100;1695467.0;20419572089.0;1.0;1.0
;US-AZ;1965;p99p100;374752.91;;0.1053;0.1053
;US-AZ;1965;p99.9p100;1179677.8;;0.033100002;0.033100002
;US-AZ;1965;p99.99p100;4737798.5;;0.0133;0.0133
;US-AZ;1965;p90p100;123007.3;;0.34549999;0.34549999
;US-AZ;1965;p90p95;80586.102;;0.1132;0.1132
;US-AZ;1965;p95p99;113089.3;;0.12710001;0.12710001
;US-AZ;1965;p99.5p99.9;351527.41;;0.039500002;0.039500002
;US-AZ;1965;p99.9p99.99;784243.88;;0.0198;0.0198
;US-AZ;1965;p99p99.5;232214.59;;0.032600001;0.032600001
;US-AZ;1965;p95p100;165422.91;;0.2323;0.2323
;US-AZ;1965;p0p90;25889.9;;0.65450001;0.65450001
;US-AZ;1965;p0p99;32174.801;;0.89469999;0.89469999
;US-AZ;1965;p99.5p100;517223.81;;0.0726;0.0726
;US-AZ;1964;p0p100;1746709.3;19660852696.0;1.0;1.0
;US-AZ;1964;p99p100;348548.0;;0.098099999;0.098099999
;US-AZ;1964;p99.9p100;1053236.6;;0.0297;0.0297
;US-AZ;1964;p99.99p100;4489593.5;;0.0126;0.0126
;US-AZ;1964;p90p100;120768.9;;0.34;0.34
;US-AZ;1964;p90p95;79839.102;;0.1124;0.1124
;US-AZ;1964;p95p99;114986.5;;0.1295;0.1295
;US-AZ;1964;p99.5p99.9;339480.31;;0.038199998;0.038199998
;US-AZ;1964;p99.9p99.99;671632.31;;0.017000001;0.017000001
;US-AZ;1964;p99p99.5;214676.91;;0.030200001;0.030200001
;US-AZ;1964;p95p100;161677.3;;0.22759999;0.22759999
;US-AZ;1964;p0p90;26050.301;;0.66000003;0.66000003
;US-AZ;1964;p0p99;32359.6;;0.90189999;0.90189999
;US-AZ;1964;p99.5p100;482275.19;;0.067900002;0.067900002
;US-AZ;1963;p0p100;1746045.5;18452685590.0;1.0;1.0
;US-AZ;1963;p99p100;321924.81;;0.093000002;0.093000002
;US-AZ;1963;p99.9p100;975127.69;;0.028200001;0.028200001
;US-AZ;1963;p99.99p100;3074352.3;;0.0088999998;0.0088999998
;US-AZ;1963;p90p100;115066.3;;0.3326;0.3326
;US-AZ;1963;p90p95;77464.297;;0.112;0.112
;US-AZ;1963;p95p99;110354.8;;0.1276;0.1276
;US-AZ;1963;p99.5p99.9;312193.09;;0.0361;0.0361
;US-AZ;1963;p99.9p99.99;742627.38;;0.019300001;0.019300001
;US-AZ;1963;p99p99.5;198991.3;;0.0288;0.0288
;US-AZ;1963;p95p100;152668.8;;0.22059999;0.22059999
;US-AZ;1963;p0p90;25656.199;;0.6674;0.6674
;US-AZ;1963;p0p99;31695.199;;0.90700001;0.90700001
;US-AZ;1963;p99.5p100;444854.19;;0.064300001;0.064300001
;US-AZ;1962;p0p100;1781659.8;17663153726.0;1.0;1.0
;US-AZ;1962;p99p100;328438.31;;0.0955;0.0955
;US-AZ;1962;p99.9p100;998474.63;;0.028999999;0.028999999
;US-AZ;1962;p99.99p100;3186318.0;;0.0093;0.0093
;US-AZ;1962;p90p100;113979.4;;0.33149999;0.33149999
;US-AZ;1962;p90p95;75262.898;;0.1094;0.1094
;US-AZ;1962;p95p99;108760.4;;0.1265;0.1265
;US-AZ;1962;p99.5p99.9;333583.19;;0.038800001;0.038800001
;US-AZ;1962;p99.9p99.99;756505.13;;0.0198;0.0198
;US-AZ;1962;p99p99.5;190045.3;;0.0276;0.0276
;US-AZ;1962;p95p100;152696.0;;0.222;0.222
;US-AZ;1962;p0p90;25543.0;;0.66850001;0.66850001
;US-AZ;1962;p0p99;31416.1;;0.90450001;0.90450001
;US-AZ;1962;p99.5p100;466831.81;;0.067900002;0.067900002
;US-AZ;1961;p0p100;1803797.6;16864924687.0;1.0;1.0
;US-AZ;1961;p99p100;332569.0;;0.097499996;0.097499996
;US-AZ;1961;p99.9p100;1029472.8;;0.030200001;0.030200001
;US-AZ;1961;p99.99p100;3623845.3;;0.0106;0.0106
;US-AZ;1961;p90p100;113011.7;;0.3312;0.3312
;US-AZ;1961;p90p95;73193.297;;0.1072;0.1072
;US-AZ;1961;p95p99;107898.1;;0.1265;0.1265
;US-AZ;1961;p99.5p99.9;341962.91;;0.040100001;0.040100001
;US-AZ;1961;p99.9p99.99;741406.81;;0.0196;0.0196
;US-AZ;1961;p99p99.5;185564.0;;0.0272;0.0272
;US-AZ;1961;p95p100;152830.8;;0.22390001;0.22390001
;US-AZ;1961;p0p90;25360.5;;0.6688;0.6688
;US-AZ;1961;p0p99;31110.801;;0.90249997;0.90249997
;US-AZ;1961;p99.5p100;479573.81;;0.070299998;0.070299998
;US-AZ;1960;p0p100;1759747.8;15494364891.0;1.0;1.0
;US-AZ;1960;p99p100;342777.41;;0.1051;0.1051
;US-AZ;1960;p99.9p100;1142954.5;;0.035;0.035
;US-AZ;1960;p99.99p100;4929209.0;;0.0151;0.0151
;US-AZ;1960;p90p100;111545.7;;0.34189999;0.34189999
;US-AZ;1960;p90p95;72358.898;;0.1109;0.1109
;US-AZ;1960;p95p99;102720.8;;0.1259;0.1259
;US-AZ;1960;p99.5p99.9;337236.19;;0.041299999;0.041299999
;US-AZ;1960;p99.9p99.99;720243.81;;0.0199;0.0199
;US-AZ;1960;p99p99.5;187213.41;;0.0287;0.0287
;US-AZ;1960;p95p100;150732.59;;0.23100001;0.23100001
;US-AZ;1960;p0p90;23860.4;;0.65820003;0.65820003
;US-AZ;1960;p0p99;29494.4;;0.89490002;0.89490002
;US-AZ;1960;p99.5p100;498346.0;;0.076399997;0.076399997
;US-AZ;1959;p0p100;1790119.3;14610508158.0;1.0;1.0
;US-AZ;1959;p99p100;343236.81;;0.107;0.107
;US-AZ;1959;p99.9p100;1080690.3;;0.0337;0.0337
;US-AZ;1959;p99.99p100;3745777.5;;0.0117;0.0117
;US-AZ;1959;p90p100;110191.2;;0.34349999;0.34349999
;US-AZ;1959;p90p95;68890.797;;0.1074;0.1074
;US-AZ;1959;p95p99;103555.7;;0.12909999;0.12909999
;US-AZ;1959;p99.5p99.9;328133.91;;0.040899999;0.040899999
;US-AZ;1959;p99.9p99.99;784563.63;;0.022;0.022
;US-AZ;1959;p99p99.5;207857.8;;0.032400001;0.032400001
;US-AZ;1959;p95p100;151491.7;;0.2361;0.2361
;US-AZ;1959;p0p90;23399.199;;0.65649998;0.65649998
;US-AZ;1959;p0p99;28935.5;;0.89300001;0.89300001
;US-AZ;1959;p99.5p100;478623.81;;0.074600004;0.074600004
;US-AZ;1958;p0p100;1708929.3;13179444542.0;1.0;1.0
;US-AZ;1958;p99p100;292354.09;;0.096799999;0.096799999
;US-AZ;1958;p99.9p100;908656.81;;0.030099999;0.030099999
;US-AZ;1958;p99.99p100;3014393.8;;0.0099999998;0.0099999998
;US-AZ;1958;p90p100;100651.1;;0.33320001;0.33320001
;US-AZ;1958;p90p95;65301.898;;0.1081;0.1081
;US-AZ;1958;p95p99;96912.797;;0.1283;0.1283
;US-AZ;1958;p99.5p99.9;281356.69;;0.037300002;0.037300002
;US-AZ;1958;p99.9p99.99;674759.81;;0.020099999;0.020099999
;US-AZ;1958;p99p99.5;177919.91;;0.0295;0.0295
;US-AZ;1958;p95p100;136000.7;;0.2251;0.2251
;US-AZ;1958;p0p90;22376.4;;0.66680002;0.66680002
;US-AZ;1958;p0p99;27556.199;;0.90319997;0.90319997
;US-AZ;1958;p99.5p100;406787.19;;0.067299999;0.067299999
;US-AZ;1957;p0p100;1838441.8;12868387193.0;1.0;1.0
;US-AZ;1957;p99p100;300540.31;;0.097599998;0.097599998
;US-AZ;1957;p99.9p100;873105.31;;0.0284;0.0284
;US-AZ;1957;p99.99p100;2486721.0;;0.0081000002;0.0081000002
;US-AZ;1957;p90p100;99205.703;;0.3222;0.3222
;US-AZ;1957;p90p95;63876.398;;0.1037;0.1037
;US-AZ;1957;p95p99;93034.102;;0.1209;0.1209
;US-AZ;1957;p99.5p99.9;312524.91;;0.040600002;0.040600002
;US-AZ;1957;p99.9p99.99;694371.31;;0.020300001;0.020300001
;US-AZ;1957;p99p99.5;176276.91;;0.0286;0.0286
;US-AZ;1957;p95p100;134535.3;;0.2185;0.2185
;US-AZ;1957;p0p90;23188.699;;0.6778;0.6778
;US-AZ;1957;p0p99;28065.4;;0.90240002;0.90240002
;US-AZ;1957;p99.5p100;424803.19;;0.068999998;0.068999998
;US-AZ;1956;p0p100;1973668.8;12317728418.0;1.0;1.0
;US-AZ;1956;p99p100;314495.41;;0.102;0.102
;US-AZ;1956;p99.9p100;746413.69;;0.0242;0.0242
;US-AZ;1956;p99.99p100;2450502.0;;0.0080000004;0.0080000004
;US-AZ;1956;p90p100;97639.398;;0.3168;0.3168
;US-AZ;1956;p90p95;60279.102;;0.097800002;0.097800002
;US-AZ;1956;p95p99;90123.398;;0.117;0.117
;US-AZ;1956;p99.5p99.9;380766.09;;0.049400002;0.049400002
;US-AZ;1956;p99.9p99.99;557333.38;;0.0163;0.0163
;US-AZ;1956;p99p99.5;173819.5;;0.028200001;0.028200001
;US-AZ;1956;p95p100;134997.7;;0.219;0.219
;US-AZ;1956;p0p90;23402.301;;0.68339998;0.68339998
;US-AZ;1956;p0p99;27954.4;;0.898;0.898
;US-AZ;1956;p99.5p100;455171.5;;0.073799998;0.073799998
;US-AZ;1955;p0p100;1942504.9;11255151778.0;1.0;1.0
;US-AZ;1955;p99p100;302813.0;;0.1028;0.1028
;US-AZ;1955;p99.9p100;851209.38;;0.028899999;0.028899999
;US-AZ;1955;p99.99p100;2511828.3;;0.0085000005;0.0085000005
;US-AZ;1955;p90p100;94568.297;;0.32120001;0.32120001
;US-AZ;1955;p90p95;57445.602;;0.097499996;0.097499996
;US-AZ;1955;p95p99;88896.398;;0.1208;0.1208
;US-AZ;1955;p99.5p99.9;309116.19;;0.041999999;0.041999999
;US-AZ;1955;p99.9p99.99;666766.13;;0.020400001;0.020400001
;US-AZ;1955;p99p99.5;188095.91;;0.0319;0.0319
;US-AZ;1955;p95p100;131675.8;;0.2236;0.2236
;US-AZ;1955;p0p90;22210.1;;0.6789;0.6789
;US-AZ;1955;p0p99;26684.1;;0.89719999;0.89719999
;US-AZ;1955;p99.5p100;417530.41;;0.070900001;0.070900001
;US-AZ;1954;p0p100;1842227.6;10283739354.0;1.0;1.0
;US-AZ;1954;p99p100;273253.91;;0.097099997;0.097099997
;US-AZ;1954;p99.9p100;781348.81;;0.027799999;0.027799999
;US-AZ;1954;p99.99p100;2180998.0;;0.0077999998;0.0077999998
;US-AZ;1954;p90p100;90599.898;;0.322;0.322
;US-AZ;1954;p90p95;58038.301;;0.1031;0.1031
;US-AZ;1954;p95p99;85982.5;;0.1222;0.1222
;US-AZ;1954;p99.5p99.9;285509.31;;0.040600002;0.040600002
;US-AZ;1954;p99.9p99.99;625852.13;;0.02;0.02
;US-AZ;1954;p99p99.5;161832.41;;0.0288;0.0288
;US-AZ;1954;p95p100;123414.5;;0.2193;0.2193
;US-AZ;1954;p0p90;21178.801;;0.67750001;0.67750001
;US-AZ;1954;p0p99;25658.699;;0.90289998;0.90289998
;US-AZ;1954;p99.5p100;384675.81;;0.068400003;0.068400003
;US-AZ;1953;p0p100;1887369.1;9973663732.0;1.0;1.0
;US-AZ;1953;p99p100;246459.59;;0.086400002;0.086400002
;US-AZ;1953;p99.9p100;742763.38;;0.026000001;0.026000001
;US-AZ;1953;p99.99p100;2115256.0;;0.0074;0.0074
;US-AZ;1953;p90p100;83466.703;;0.29249999;0.29249999
;US-AZ;1953;p90p95;54164.0;;0.094899997;0.094899997
;US-AZ;1953;p95p99;79511.797;;0.1114;0.1114
;US-AZ;1953;p99.5p99.9;249605.3;;0.035;0.035
;US-AZ;1953;p99.9p99.99;590883.19;;0.0186;0.0186
;US-AZ;1953;p99p99.5;144708.7;;0.0254;0.0254
;US-AZ;1953;p95p100;112880.9;;0.1978;0.1978
;US-AZ;1953;p0p90;22427.1;;0.70730001;0.70730001
;US-AZ;1953;p0p99;26337.1;;0.91360003;0.91360003
;US-AZ;1953;p99.5p100;348215.19;;0.061000001;0.061000001
;US-AZ;1952;p0p100;1924612.3;9586909851.0;1.0;1.0
;US-AZ;1952;p99p100;298769.41;;0.1042;0.1042
;US-AZ;1952;p99.9p100;860523.88;;0.029999999;0.029999999
;US-AZ;1952;p99.99p100;2409149.3;;0.0083999997;0.0083999997
;US-AZ;1952;p90p100;91584.297;;0.3195;0.3195
;US-AZ;1952;p90p95;55208.801;;0.096299998;0.096299998
;US-AZ;1952;p95p99;85146.898;;0.1188;0.1188
;US-AZ;1952;p99.5p99.9;304191.5;;0.042399999;0.042399999
;US-AZ;1952;p99.9p99.99;689398.5;;0.021600001;0.021600001
;US-AZ;1952;p99p99.5;182229.2;;0.031800002;0.031800002
;US-AZ;1952;p95p100;127870.3;;0.223;0.223
;US-AZ;1952;p0p90;21679.5;;0.68059999;0.68059999
;US-AZ;1952;p0p99;25938.801;;0.89579999;0.89579999
;US-AZ;1952;p99.5p100;415359.0;;0.072400004;0.072400004
;US-AZ;1951;p0p100;1893380.0;8636415527.0;1.0;1.0
;US-AZ;1951;p99p100;338290.31;;0.12530001;0.12530001
;US-AZ;1951;p99.9p100;1059108.6;;0.0392;0.0392
;US-AZ;1951;p99.99p100;2221601.0;;0.0082;0.0082
;US-AZ;1951;p90p100;91958.602;;0.3405;0.3405
;US-AZ;1951;p90p95;50595.801;;0.093699999;0.093699999
;US-AZ;1951;p95p99;82350.797;;0.122;0.122
;US-AZ;1951;p99.5p99.9;343321.31;;0.050799999;0.050799999
;US-AZ;1951;p99.9p99.99;938438.81;;0.031300001;0.031300001
;US-AZ;1951;p99p99.5;187456.91;;0.034699999;0.034699999
;US-AZ;1951;p95p100;133477.3;;0.2471;0.2471
;US-AZ;1951;p0p99;17987.4;;0.65930003;0.65930003
;US-AZ;1951;p99.5p100;488597.69;;0.090499997;0.090499997
;US-AZ;1950;p0p100;1989538.4;7451985287.0;1.0;1.0
;US-AZ;1950;p99p100;334195.0;;0.1371;0.1371
;US-AZ;1950;p99.9p100;1125525.4;;0.0462;0.0462
;US-AZ;1950;p99.99p100;3377826.3;;0.0139;0.0139
;US-AZ;1950;p90p100;88900.703;;0.36469999;0.36469999
;US-AZ;1950;p90p95;47761.5;;0.097999997;0.097999997
;US-AZ;1950;p95p99;79046.297;;0.12970001;0.12970001
;US-AZ;1950;p99.5p99.9;329218.09;;0.054000001;0.054000001
;US-AZ;1950;p99.9p99.99;864875.13;;0.0319;0.0319
;US-AZ;1950;p99p99.5;179949.3;;0.036899999;0.036899999
;US-AZ;1950;p95p100;130108.9;;0.2669;0.2669
;US-AZ;1950;p0p90;17212.699;;0.63559997;0.63559997
;US-AZ;1950;p0p99;21244.6;;0.86290002;0.86290002
;US-AZ;1950;p99.5p100;488441.19;;0.1002;0.1002
;US-AZ;1949;p0p100;1901193.3;6703664384.0;1.0;1.0
;US-AZ;1949;p99p100;234130.41;;0.1025;0.1025
;US-AZ;1949;p99.9p100;715029.81;;0.031300001;0.031300001
;US-AZ;1949;p99.99p100;1802641.9;;0.0078999996;0.0078999996
;US-AZ;1949;p90p100;71608.5;;0.31349999;0.31349999
;US-AZ;1949;p90p95;43635.102;;0.0955;0.0955
;US-AZ;1949;p95p99;65911.297;;0.1154;0.1154
;US-AZ;1949;p99.5p99.9;245479.7;;0.043000001;0.043000001
;US-AZ;1949;p99.9p99.99;594213.63;;0.023399999;0.023399999
;US-AZ;1949;p99p99.5;128871.2;;0.028200001;0.028200001
;US-AZ;1949;p95p100;99540.898;;0.21789999;0.21789999
;US-AZ;1949;p0p90;17424.699;;0.68660003;0.68660003
;US-AZ;1949;p0p99;20707.5;;0.89749998;0.89749998
;US-AZ;1949;p99.5p100;339389.91;;0.074299999;0.074299999
;US-AZ;1948;p0p100;1894848.3;6559257056.0;1.0;1.0
;US-AZ;1948;p99p100;261501.0;;0.1126;0.1126
;US-AZ;1948;p99.9p100;770141.19;;0.033199999;0.033199999
;US-AZ;1948;p99.99p100;1995350.4;;0.0086000003;0.0086000003
;US-AZ;1948;p90p100;78631.602;;0.3387;0.3387
;US-AZ;1948;p90p95;46217.398;;0.0995;0.0995
;US-AZ;1948;p95p99;73428.797;;0.1265;0.1265
;US-AZ;1948;p99.5p99.9;268833.69;;0.046300001;0.046300001
;US-AZ;1948;p99.9p99.99;634036.31;;0.024599999;0.024599999
;US-AZ;1948;p99p99.5;153913.2;;0.033199999;0.033199999
;US-AZ;1948;p95p100;111031.0;;0.23909999;0.23909999
;US-AZ;1948;p0p90;17056.699;;0.6613;0.6613
;US-AZ;1948;p0p99;20807.199;;0.88739997;0.88739997
;US-AZ;1948;p99.5p100;369092.69;;0.079499997;0.079499997
;US-AZ;1947;p0p100;2011604.6;5771032304.0;1.0;1.0
;US-AZ;1947;p99p100;216717.0;;0.1021;0.1021
;US-AZ;1947;p99.9p100;594893.88;;0.028000001;0.028000001
;US-AZ;1947;p99.99p100;1473044.0;;0.0068999999;0.0068999999
;US-AZ;1947;p90p100;65981.297;;0.31099999;0.31099999
;US-AZ;1947;p90p95;40059.602;;0.094400004;0.094400004
;US-AZ;1947;p95p99;60707.602;;0.1144;0.1144
;US-AZ;1947;p99.5p99.9;224095.5;;0.042199999;0.042199999
;US-AZ;1947;p99.9p99.99;497408.31;;0.0211;0.0211
;US-AZ;1947;p99p99.5;135156.2;;0.031800002;0.031800002
;US-AZ;1947;p95p100;91905.398;;0.2166;0.2166
;US-AZ;1947;p0p90;16243.8;;0.68900001;0.68900001
;US-AZ;1947;p0p99;19243.1;;0.89789999;0.89789999
;US-AZ;1947;p99.5p100;298253.0;;0.070299998;0.070299998
;US-AZ;1946;p0p100;2648240.5;5580077139.0;1.0;1.0
;US-AZ;1946;p99p100;254097.7;;0.119;0.119
;US-AZ;1946;p99.9p100;794795.5;;0.0372;0.0372
;US-AZ;1946;p99.99p100;2380415.5;;0.0111;0.0111
;US-AZ;1946;p90p100;73346.5;;0.3434;0.3434
;US-AZ;1946;p90p95;43607.199;;0.1021;0.1021
;US-AZ;1946;p95p99;65335.398;;0.1224;0.1224
;US-AZ;1946;p99.5p99.9;251185.2;;0.046999998;0.046999998
;US-AZ;1946;p99.9p99.99;618635.19;;0.0261;0.0261
;US-AZ;1946;p99p99.5;148267.59;;0.034699999;0.034699999
;US-AZ;1946;p95p100;103087.2;;0.2413;0.2413
;US-AZ;1946;p0p90;15582.3;;0.6566;0.6566
;US-AZ;1946;p0p99;19007.9;;0.88099998;0.88099998
;US-AZ;1946;p99.5p100;359906.91;;0.084299996;0.084299996
;US-AZ;1945;p0p100;3411052.8;5911235646.0;1.0;1.0
;US-AZ;1945;p99p100;248677.2;;0.1065;0.1065
;US-AZ;1945;p99.9p100;827505.19;;0.035399999;0.035399999
;US-AZ;1945;p99.99p100;2627802.0;;0.0113;0.0113
;US-AZ;1945;p90p100;70969.102;;0.3039;0.3039
;US-AZ;1945;p90p95;41065.0;;0.087899998;0.087899998
;US-AZ;1945;p95p99;63929.0;;0.1095;0.1095
;US-AZ;1945;p99.5p99.9;245827.3;;0.042100001;0.042100001
;US-AZ;1945;p99.9p99.99;626597.81;;0.0241;0.0241
;US-AZ;1945;p99p99.5;135187.0;;0.028899999;0.028899999
;US-AZ;1945;p95p100;100874.3;;0.21600001;0.21600001
;US-AZ;1945;p0p90;18064.699;;0.6961;0.6961
;US-AZ;1945;p0p99;21078.6;;0.89349997;0.89349997
;US-AZ;1945;p99.5p100;362164.31;;0.077500001;0.077500001
;US-AZ;1944;p0p100;3724295.5;5972586186.0;1.0;1.0
;US-AZ;1944;p99p100;224784.2;;0.092200004;0.092200004
;US-AZ;1944;p99.9p100;740484.69;;0.030400001;0.030400001
;US-AZ;1944;p99.99p100;2194699.5;;0.0089999996;0.0089999996
;US-AZ;1944;p90p100;64166.602;;0.26320001;0.26320001
;US-AZ;1944;p90p95;37540.398;;0.077;0.077
;US-AZ;1944;p95p99;57006.0;;0.093500003;0.093500003
;US-AZ;1944;p99.5p99.9;221182.2;;0.0363;0.0363
;US-AZ;1944;p99.9p99.99;579062.5;;0.021400001;0.021400001
;US-AZ;1944;p99p99.5;124592.5;;0.025599999;0.025599999
;US-AZ;1944;p95p100;90566.703;;0.1858;0.1858
;US-AZ;1944;p0p90;19967.699;;0.73720002;0.73720002
;US-AZ;1944;p0p99;22352.199;;0.90780002;0.90780002
;US-AZ;1944;p99.5p100;325041.41;;0.066699997;0.066699997
;US-AZ;1943;p0p100;4489993.0;6725797795.0;1.0;1.0
;US-AZ;1943;p99p100;267040.69;;0.094099998;0.094099998
;US-AZ;1943;p99.9p100;871701.31;;0.0307;0.0307
;US-AZ;1943;p99.99p100;2240916.5;;0.0078999996;0.0078999996
;US-AZ;1943;p90p100;73162.398;;0.2577;0.2577
;US-AZ;1943;p90p95;42953.398;;0.075599998;0.075599998
;US-AZ;1943;p95p99;62451.0;;0.088;0.088
;US-AZ;1943;p99.5p99.9;268044.69;;0.037799999;0.037799999
;US-AZ;1943;p99.9p99.99;723294.13;;0.0229;0.0229
;US-AZ;1943;p99p99.5;145269.09;;0.025599999;0.025599999
;US-AZ;1943;p95p100;103365.5;;0.182;0.182
;US-AZ;1943;p0p90;23415.301;;0.74220002;0.74220002
;US-AZ;1943;p0p99;25982.5;;0.9059;0.9059
;US-AZ;1943;p99.5p100;388795.81;;0.068499997;0.068499997
;US-AZ;1942;p0p100;3921701.0;5030746341.0;1.0;1.0
;US-AZ;1942;p99p100;255497.3;;0.1161;0.1161
;US-AZ;1942;p99.9p100;997504.0;;0.045299999;0.045299999
;US-AZ;1942;p99.99p100;4192428.0;;0.018999999;0.018999999
;US-AZ;1942;p90p100;70114.703;;0.3186;0.3186
;US-AZ;1942;p90p95;41173.398;;0.093500003;0.093500003
;US-AZ;1942;p95p99;59939.898;;0.1089;0.1089
;US-AZ;1942;p99.5p99.9;232022.0;;0.042199999;0.042199999
;US-AZ;1942;p99.9p99.99;643731.63;;0.0263;0.0263
;US-AZ;1942;p99p99.5;125952.3;;0.0286;0.0286
;US-AZ;1942;p95p100;99054.602;;0.22499999;0.22499999
;US-AZ;1942;p0p90;16663.699;;0.6814;0.6814
;US-AZ;1942;p0p99;19651.6;;0.88389999;0.88389999
;US-AZ;1942;p99.5p100;385049.0;;0.087499999;0.087499999
;US-AZ;1941;p0p100;3363204.8;3409100895.0;1.0;1.0
;US-AZ;1941;p99p100;195164.3;;0.1266;0.1266
;US-AZ;1941;p99.9p100;630606.0;;0.040899999;0.040899999
;US-AZ;1941;p99.99p100;1732109.4;;0.0112;0.0112
;US-AZ;1941;p90p100;60710.301;;0.39379999;0.39379999
;US-AZ;1941;p90p95;38147.699;;0.1237;0.1237
;US-AZ;1941;p95p99;55359.801;;0.1437;0.1437
;US-AZ;1941;p99.5p99.9;195315.5;;0.050700001;0.050700001
;US-AZ;1941;p99.9p99.99;507463.19;;0.0296;0.0296
;US-AZ;1941;p99p99.5;107745.7;;0.034899998;0.034899998
;US-AZ;1941;p95p100;83380.602;;0.2705;0.2705
;US-AZ;1941;p0p90;10381.2;;0.60610002;0.60610002
;US-AZ;1941;p0p99;13599.1;;0.87339997;0.87339997
;US-AZ;1941;p99.5p100;282492.5;;0.091600001;0.091600001
;US-AZ;1940;p0p100;3201733.8;2851241567.0;1.0;1.0
;US-AZ;1940;p99p100;164008.3;;0.1232;0.1232
;US-AZ;1940;p99.9p100;482816.91;;0.0363;0.0363
;US-AZ;1940;p99.99p100;1082335.8;;0.0081000002;0.0081000002
;US-AZ;1940;p90p100;58850.801;;0.44209999;0.44209999
;US-AZ;1940;p90p95;38900.102;;0.1461;0.1461
;US-AZ;1940;p95p99;57324.898;;0.1723;0.1723
;US-AZ;1940;p99.5p99.9;163759.91;;0.049199998;0.049199998
;US-AZ;1940;p99.9p99.99;415210.19;;0.028100001;0.028100001
;US-AZ;1940;p99p99.5;100110.4;;0.037599999;0.037599999
;US-AZ;1940;p95p100;78757.297;;0.2958;0.2958
;US-AZ;1940;p0p90;8261.0;;0.55860001;0.55860001
;US-AZ;1940;p0p99;11788.2;;0.8768;0.8768
;US-AZ;1940;p99.5p100;227718.09;;0.085500002;0.085500002
;US-AZ;1939;p0p100;3188253.3;2723949531.0;1.0;1.0
;US-AZ;1939;p99p100;158834.7;;0.1222;0.1222
;US-AZ;1939;p99.9p100;467728.41;;0.035999998;0.035999998
;US-AZ;1939;p99.99p100;1014839.4;;0.0077999998;0.0077999998
;US-AZ;1939;p90p100;56299.898;;0.433;0.433
;US-AZ;1939;p90p95;36659.0;;0.141;0.141
;US-AZ;1939;p95p99;55620.301;;0.17110001;0.17110001
;US-AZ;1939;p99.5p99.9;155563.59;;0.047899999;0.047899999
;US-AZ;1939;p99.9p99.99;406471.0;;0.028100001;0.028100001
;US-AZ;1939;p99p99.5;99397.0;;0.038199998;0.038199998
;US-AZ;1939;p95p100;76348.898;;0.29359999;0.29359999
;US-AZ;1939;p0p90;8176.3999;;0.56590003;0.56590003
;US-AZ;1939;p0p99;11530.0;;0.87779999;0.87779999
;US-AZ;1939;p99.5p100;218100.91;;0.083899997;0.083899997
;US-AZ;1938;p0p100;2942192.3;2533219780.0;1.0;1.0
;US-AZ;1938;p99p100;147917.09;;0.1198;0.1198
;US-AZ;1938;p99.9p100;434980.59;;0.0352;0.0352
;US-AZ;1938;p99.99p100;1064466.4;;0.0086000003;0.0086000003
;US-AZ;1938;p90p100;52781.602;;0.42739999;0.42739999
;US-AZ;1938;p90p95;34427.602;;0.13940001;0.13940001
;US-AZ;1938;p95p99;53047.0;;0.1718;0.1718
;US-AZ;1938;p99.5p99.9;146244.7;;0.047400001;0.047400001
;US-AZ;1938;p99.9p99.99;363111.0;;0.0265;0.0265
;US-AZ;1938;p99p99.5;91301.297;;0.037;0.037
;US-AZ;1938;p95p100;72119.898;;0.292;0.292
;US-AZ;1938;p0p90;7811.2998;;0.5693;0.5693
;US-AZ;1938;p0p99;10978.8;;0.88020003;0.88020003
;US-AZ;1938;p99.5p100;204283.5;;0.082699999;0.082699999
;US-AZ;1937;p0p100;2928623.3;2564884801.0;1.0;1.0
;US-AZ;1937;p99p100;167003.91;;0.1309;0.1309
;US-AZ;1937;p99.9p100;501691.69;;0.039299998;0.039299998
;US-AZ;1937;p99.99p100;1292811.4;;0.0101;0.0101
;US-AZ;1937;p90p100;55892.699;;0.43799999;0.43799999
;US-AZ;1937;p90p95;35706.102;;0.1399;0.1399
;US-AZ;1937;p95p99;54884.5;;0.17200001;0.17200001
;US-AZ;1937;p99.5p99.9;165953.09;;0.052000001;0.052000001
;US-AZ;1937;p99.9p99.99;413832.5;;0.029200001;0.029200001
;US-AZ;1937;p99p99.5;100914.1;;0.039500002;0.039500002
;US-AZ;1937;p95p100;77291.0;;0.3028;0.3028
;US-AZ;1937;p0p90;7901.0;;0.55720001;0.55720001
;US-AZ;1937;p0p99;11203.7;;0.86909997;0.86909997
;US-AZ;1937;p99.5p100;233099.7;;0.091300003;0.091300003
;US-AZ;1936;p0p100;2958433.5;2368548504.0;1.0;1.0
;US-AZ;1936;p99p100;169118.0;;0.1408;0.1408
;US-AZ;1936;p99.9p100;537475.88;;0.044799998;0.044799998
;US-AZ;1936;p99.99p100;1464067.4;;0.0122;0.0122
;US-AZ;1936;p90p100;53224.301;;0.44319999;0.44319999
;US-AZ;1936;p90p95;31475.199;;0.1311;0.1311
;US-AZ;1936;p95p99;53031.102;;0.1767;0.1767
;US-AZ;1936;p99.5p99.9;161632.2;;0.053800002;0.053800002
;US-AZ;1936;p99.9p99.99;434549.0;;0.032600001;0.032600001
;US-AZ;1936;p99p99.5;101449.0;;0.042199999;0.042199999
;US-AZ;1936;p95p100;76272.102;;0.31760001;0.31760001
;US-AZ;1936;p0p90;7357.2998;;0.55140001;0.55140001
;US-AZ;1936;p0p99;10420.9;;0.8592;0.8592
;US-AZ;1936;p99.5p100;236798.8;;0.0986;0.0986
;US-AZ;1935;p0p100;2721806.5;2097084617.0;1.0;1.0
;US-AZ;1935;p99p100;131342.3;;0.1212;0.1212
;US-AZ;1935;p99.9p100;370581.31;;0.034200002;0.034200002
;US-AZ;1935;p99.99p100;967077.31;;0.0088999998;0.0088999998
;US-AZ;1935;p90p100;45041.801;;0.41569999;0.41569999
;US-AZ;1935;p90p95;28092.4;;0.1296;0.1296
;US-AZ;1935;p95p99;46484.602;;0.1716;0.1716
;US-AZ;1935;p99.5p99.9;129549.5;;0.047800001;0.047800001
;US-AZ;1935;p99.9p99.99;304327.81;;0.0253;0.0253
;US-AZ;1935;p99p99.5;84953.898;;0.0392;0.0392
;US-AZ;1935;p95p100;63260.602;;0.29190001;0.29190001
;US-AZ;1935;p0p90;6953.2002;;0.57749999;0.57749999
;US-AZ;1935;p0p99;9618.2002;;0.87879997;0.87879997
;US-AZ;1935;p99.5p100;177747.59;;0.082000002;0.082000002
;US-AZ;1934;p0p100;2521934.0;1813821532.0;1.0;1.0
;US-AZ;1934;p99p100;112723.9;;0.1179;0.1179
;US-AZ;1934;p99.9p100;288526.31;;0.030200001;0.030200001
;US-AZ;1934;p99.99p100;730942.63;;0.0076000001;0.0076000001
;US-AZ;1934;p90p100;40199.398;;0.4206;0.4206
;US-AZ;1934;p90p95;23790.801;;0.1245;0.1245
;US-AZ;1934;p95p99;44519.0;;0.18629999;0.18629999
;US-AZ;1934;p99.5p99.9;114266.9;;0.047800001;0.047800001
;US-AZ;1934;p99.9p99.99;239391.8;;0.022500001;0.022500001
;US-AZ;1934;p99p99.5;76313.602;;0.039900001;0.039900001
;US-AZ;1934;p95p100;57519.5;;0.30090001;0.30090001
;US-AZ;1934;p0p90;6066.2998;;0.57130003;0.57130003
;US-AZ;1934;p0p99;8515.0996;;0.88209999;0.88209999
;US-AZ;1934;p99.5p100;149107.8;;0.078000002;0.078000002
;US-AZ;1933;p0p100;2454972.0;1622017738.0;1.0;1.0
;US-AZ;1933;p99p100;95683.602;;0.1099;0.1099
;US-AZ;1933;p99.9p100;246958.8;;0.0284;0.0284
;US-AZ;1933;p99.99p100;748621.0;;0.0086000003;0.0086000003
;US-AZ;1933;p90p100;33281.602;;0.38209999;0.38209999
;US-AZ;1933;p90p95;22160.9;;0.12720001;0.12720001
;US-AZ;1933;p95p99;33932.0;;0.1558;0.1558
;US-AZ;1933;p99.5p99.9;94168.797;;0.043200001;0.043200001
;US-AZ;1933;p99.9p99.99;191218.59;;0.0198;0.0198
;US-AZ;1933;p99p99.5;66640.297;;0.0383;0.0383
;US-AZ;1933;p95p100;45973.699;;0.26390001;0.26390001
;US-AZ;1933;p0p90;5875.2998;;0.60710001;0.60710001
;US-AZ;1933;p0p99;7831.3999;;0.8901;0.8901
;US-AZ;1933;p99.5p100;124726.9;;0.071599998;0.071599998
;US-AZ;1932;p0p100;2246785.0;1619281555.0;1.0;1.0
;US-AZ;1932;p99p100;101415.3;;0.1145;0.1145
;US-AZ;1932;p99.9p100;258679.41;;0.029200001;0.029200001
;US-AZ;1932;p99.99p100;693803.81;;0.0077999998;0.0077999998
;US-AZ;1932;p90p100;36507.898;;0.4122;0.4122
;US-AZ;1932;p90p95;24040.5;;0.1357;0.1357
;US-AZ;1932;p95p99;37620.301;;0.1699;0.1699
;US-AZ;1932;p99.5p99.9;99567.898;;0.045000002;0.045000002
;US-AZ;1932;p99.9p99.99;210332.09;;0.021400001;0.021400001
;US-AZ;1932;p99p99.5;71440.297;;0.0403;0.0403
;US-AZ;1932;p95p100;50043.398;;0.2825;0.2825
;US-AZ;1932;p0p90;5707.2998;;0.57990003;0.57990003
;US-AZ;1932;p0p99;7922.6001;;0.88550001;0.88550001
;US-AZ;1932;p99.5p100;131390.3;;0.074199997;0.074199997
;US-AZ;1931;p0p100;2226318.5;1956953858.0;1.0;1.0
;US-AZ;1931;p99p100;127784.5;;0.1171;0.1171
;US-AZ;1931;p99.9p100;367641.0;;0.0337;0.0337
;US-AZ;1931;p99.99p100;1082414.3;;0.0098999999;0.0098999999
;US-AZ;1931;p90p100;41444.699;;0.37990001;0.37990001
;US-AZ;1931;p90p95;26585.801;;0.1218;0.1218
;US-AZ;1931;p95p99;40217.898;;0.14749999;0.14749999
;US-AZ;1931;p99.5p99.9;123749.0;;0.045400001;0.045400001
;US-AZ;1931;p99.9p99.99;288221.69;;0.023800001;0.023800001
;US-AZ;1931;p99p99.5;83041.602;;0.0381;0.0381
;US-AZ;1931;p95p100;57361.398;;0.26289999;0.26289999
;US-AZ;1931;p0p90;7437.8999;;0.61360002;0.61360002
;US-AZ;1931;p0p99;9729.4004;;0.8829;0.8829
;US-AZ;1931;p99.5p100;172527.41;;0.079099998;0.079099998
;US-AZ;1930;p0p100;2165469.8;2242486270.0;1.0;1.0
;US-AZ;1930;p99p100;156538.59;;0.1227;0.1227
;US-AZ;1930;p99.9p100;530955.19;;0.0416;0.0416
;US-AZ;1930;p99.99p100;2162866.3;;0.017000001;0.017000001
;US-AZ;1930;p90p100;47954.801;;0.3759;0.3759
;US-AZ;1930;p90p95;26722.0;;0.1047;0.1047
;US-AZ;1930;p95p99;48518.898;;0.1521;0.1521
;US-AZ;1930;p99.5p99.9;142599.2;;0.0447;0.0447
;US-AZ;1930;p99.9p99.99;349631.81;;0.024700001;0.024700001
;US-AZ;1930;p99p99.5;92806.703;;0.036400001;0.036400001
;US-AZ;1930;p95p100;69657.0;;0.273;0.273
;US-AZ;1930;p0p90;8795.7998;;0.62050003;0.62050003
;US-AZ;1930;p0p99;11306.2;;0.87730002;0.87730002
;US-AZ;1930;p99.5p100;220270.41;;0.086300001;0.086300001
;US-AZ;1929;p0p100;2437783.5;2604270869.0;1.0;1.0
;US-AZ;1929;p99p100;221579.0;;0.14659999;0.14659999
;US-AZ;1929;p99.9p100;832243.69;;0.055;0.055
;US-AZ;1929;p99.99p100;3385760.0;;0.022399999;0.022399999
;US-AZ;1929;p90p100;59087.898;;0.3908;0.3908
;US-AZ;1929;p90p95;30460.6;;0.1007;0.1007
;US-AZ;1929;p95p99;57209.301;;0.1514;0.1514
;US-AZ;1929;p99.5p99.9;197111.41;;0.052099999;0.052099999
;US-AZ;1929;p99.9p99.99;548519.69;;0.032699998;0.032699998
;US-AZ;1929;p99p99.5;119020.2;;0.0394;0.0394
;US-AZ;1929;p95p100;89736.703;;0.29679999;0.29679999
;US-AZ;1929;p0p90;10102.5;;0.60140002;0.60140002
;US-AZ;1929;p0p99;13034.0;;0.85339999;0.85339999
;US-AZ;1929;p99.5p100;324137.81;;0.1072;0.1072
;US-AZ;1928;p0p100;2391161.5;2503842477.0;1.0;1.0
;US-AZ;1928;p99p100;242442.0;;0.1635;0.1635
;US-AZ;1928;p99.9p100;1057715.5;;0.0713;0.0713
;US-AZ;1928;p99.99p100;4533374.5;;0.0306;0.0306
;US-AZ;1928;p90p100;58487.699;;0.3944;0.3944
;US-AZ;1928;p90p95;26917.301;;0.090800002;0.090800002
;US-AZ;1928;p95p99;53064.898;;0.14309999;0.14309999
;US-AZ;1928;p99.5p99.9;197886.3;;0.053399999;0.053399999
;US-AZ;1928;p99.9p99.99;671531.19;;0.040800001;0.040800001
;US-AZ;1928;p99p99.5;115031.8;;0.038800001;0.038800001
;US-AZ;1928;p95p100;90684.5;;0.3057;0.3057
;US-AZ;1928;p0p90;9930.5;;0.60259998;0.60259998
;US-AZ;1928;p0p99;12531.2;;0.83649999;0.83649999
;US-AZ;1928;p99.5p100;369852.09;;0.1247;0.1247
;US-AZ;1927;p0p100;2241642.3;2359184369.0;1.0;1.0
;US-AZ;1927;p99p100;170381.41;;0.1193;0.1193
;US-AZ;1927;p99.9p100;568035.19;;0.039799999;0.039799999
;US-AZ;1927;p99.99p100;2100321.5;;0.0147;0.0147
;US-AZ;1927;p90p100;47747.699;;0.33430001;0.33430001
;US-AZ;1927;p90p95;24780.9;;0.0867;0.0867
;US-AZ;1927;p95p99;47367.898;;0.13259999;0.13259999
;US-AZ;1927;p99.5p99.9;159725.41;;0.0447;0.0447
;US-AZ;1927;p99.9p99.99;397781.19;;0.0251;0.0251
;US-AZ;1927;p99p99.5;99375.398;;0.0348;0.0348
;US-AZ;1927;p95p100;71681.102;;0.2509;0.2509
;US-AZ;1927;p0p90;10497.1;;0.66140002;0.66140002
;US-AZ;1927;p0p99;12708.3;;0.88069999;0.88069999
;US-AZ;1927;p99.5p100;241387.41;;0.0845;0.0845
;US-AZ;1926;p0p100;2143653.3;2288768133.0;1.0;1.0
;US-AZ;1926;p99p100;149293.2;;0.1052;0.1052
;US-AZ;1926;p99.9p100;454786.09;;0.032000002;0.032000002
;US-AZ;1926;p99.99p100;1380544.3;;0.0097000003;0.0097000003
;US-AZ;1926;p90p100;43989.0;;0.31;0.31
;US-AZ;1926;p90p95;23197.199;;0.081699997;0.081699997
;US-AZ;1926;p95p99;44866.301;;0.1265;0.1265
;US-AZ;1926;p99.5p99.9;145755.41;;0.041099999;0.041099999
;US-AZ;1926;p99.9p99.99;351924.09;;0.022299999;0.022299999
;US-AZ;1926;p99p99.5;91025.0;;0.032099999;0.032099999
;US-AZ;1926;p95p100;65510.602;;0.2308;0.2308
;US-AZ;1926;p0p90;10826.2;;0.68660003;0.68660003
;US-AZ;1926;p0p99;12826.3;;0.89480001;0.89480001
;US-AZ;1926;p99.5p100;207561.5;;0.073100001;0.073100001
;US-AZ;1925;p0p100;2195183.5;2246592802.0;1.0;1.0
;US-AZ;1925;p99p100;151310.8;;0.1061;0.1061
;US-AZ;1925;p99.9p100;500557.59;;0.035100002;0.035100002
;US-AZ;1925;p99.99p100;1660014.0;;0.0116;0.0116
;US-AZ;1925;p90p100;44763.5;;0.31389999;0.31389999
;US-AZ;1925;p90p95;22725.0;;0.079700001;0.079700001
;US-AZ;1925;p95p99;46396.199;;0.1302;0.1302
;US-AZ;1925;p99.5p99.9;139870.09;;0.0392;0.0392
;US-AZ;1925;p99.9p99.99;371729.0;;0.023499999;0.023499999
;US-AZ;1925;p99p99.5;90614.102;;0.031800002;0.031800002
;US-AZ;1925;p95p100;67112.102;;0.2353;0.2353
;US-AZ;1925;p0p90;10837.8;;0.68400002;0.68400002
;US-AZ;1925;p0p99;12874.9;;0.89389998;0.89389998
;US-AZ;1925;p99.5p100;212007.59;;0.074299999;0.074299999
;US-AZ;1924;p0p100;2224758.3;2112005720.0;1.0;1.0
;US-AZ;1924;p99p100;127131.6;;0.092500001;0.092500001
;US-AZ;1924;p99.9p100;378615.31;;0.0275;0.0275
;US-AZ;1924;p99.99p100;1072415.5;;0.0077999998;0.0077999998
;US-AZ;1924;p90p100;47523.398;;0.34580001;0.34580001
;US-AZ;1924;p90p95;32158.0;;0.117;0.117
;US-AZ;1924;p95p99;47446.898;;0.1381;0.1381
;US-AZ;1924;p99.5p99.9;125154.7;;0.036400001;0.036400001
;US-AZ;1924;p99.9p99.99;301526.41;;0.0197;0.0197
;US-AZ;1924;p99p99.5;78416.398;;0.0285;0.0285
;US-AZ;1924;p95p100;63383.801;;0.2306;0.2306
;US-AZ;1924;p0p90;9963.7998;;0.65240002;0.65240002
;US-AZ;1924;p0p99;12599.2;;0.90750003;0.90750003
;US-AZ;1924;p99.5p100;175846.8;;0.064000003;0.064000003
;US-AZ;1923;p0p100;2259502.0;2074964752.0;1.0;1.0
;US-AZ;1923;p99p100;116422.7;;0.083700001;0.083700001
;US-AZ;1923;p99.9p100;350018.19;;0.0252;0.0252
;US-AZ;1923;p99.99p100;973363.63;;0.0070000002;0.0070000002
;US-AZ;1923;p90p100;46130.5;;0.33180001;0.33180001
;US-AZ;1923;p90p95;32011.4;;0.1151;0.1151
;US-AZ;1923;p95p99;46541.898;;0.1339;0.1339
;US-AZ;1923;p99.5p99.9;111912.7;;0.032200001;0.032200001
;US-AZ;1923;p99.9p99.99;280758.69;;0.018200001;0.018200001
;US-AZ;1923;p99p99.5;73311.898;;0.0264;0.0264
;US-AZ;1923;p95p100;60518.0;;0.2176;0.2176
;US-AZ;1923;p0p90;10309.1;;0.66729999;0.66729999
;US-AZ;1923;p0p99;12869.2;;0.9163;0.9163
;US-AZ;1923;p99.5p100;159533.59;;0.057399999;0.057399999
;US-AZ;1922;p0p100;2143135.8;1848142617.0;1.0;1.0
;US-AZ;1922;p99p100;109780.3;;0.086300001;0.086300001
;US-AZ;1922;p99.9p100;319482.69;;0.0251;0.0251
;US-AZ;1922;p99.99p100;824040.38;;0.0065000001;0.0065000001
;US-AZ;1922;p90p100;43040.0;;0.33809999;0.33809999
;US-AZ;1922;p90p95;30038.5;;0.118;0.118
;US-AZ;1922;p95p99;43086.602;;0.1354;0.1354
;US-AZ;1922;p99.5p99.9;104421.3;;0.0328;0.0328
;US-AZ;1922;p99.9p99.99;263420.81;;0.0186;0.0186
;US-AZ;1922;p99p99.5;72127.102;;0.0283;0.0283
;US-AZ;1922;p95p100;56425.301;;0.2217;0.2217
;US-AZ;1922;p0p90;9338.7998;;0.66030002;0.66030002
;US-AZ;1922;p0p99;11747.8;;0.91369998;0.91369998
;US-AZ;1922;p99.5p100;147433.59;;0.0579;0.0579
;US-AZ;1921;p0p100;1646417.3;1579974760.0;1.0;1.0
;US-AZ;1921;p99p100;88937.102;;0.079800002;0.079800002
;US-AZ;1921;p99.9p100;219711.91;;0.0197;0.0197
;US-AZ;1921;p99.99p100;509544.81;;0.0046000001;0.0046000001
;US-AZ;1921;p90p100;39549.5;;0.35479999;0.35479999
;US-AZ;1921;p90p95;30932.699;;0.13869999;0.13869999
;US-AZ;1921;p95p99;38570.898;;0.1384;0.1384
;US-AZ;1921;p99.5p99.9;88388.5;;0.0317;0.0317
;US-AZ;1921;p99.9p99.99;187508.2;;0.0151;0.0151
;US-AZ;1921;p99p99.5;63221.0;;0.0284;0.0284
;US-AZ;1921;p95p100;48644.102;;0.2182;0.2182
;US-AZ;1921;p0p90;7965.1001;;0.64310002;0.64310002
;US-AZ;1921;p0p99;10361.7;;0.92019999;0.92019999
;US-AZ;1921;p99.5p100;114653.2;;0.051399998;0.051399998
;US-AZ;1920;p0p100;1703151.4;1987973166.0;1.0;1.0
;US-AZ;1920;p99p100;110584.0;;0.076499999;0.076499999
;US-AZ;1920;p99.9p100;322024.41;;0.022299999;0.022299999
;US-AZ;1920;p99.99p100;660667.19;;0.0046000001;0.0046000001
;US-AZ;1920;p90p100;40750.398;;0.28200001;0.28200001
;US-AZ;1920;p90p95;28327.301;;0.097999997;0.097999997
;US-AZ;1920;p95p99;39215.0;;0.1086;0.1086
;US-AZ;1920;p99.5p99.9;108872.0;;0.030099999;0.030099999
;US-AZ;1920;p99.9p99.99;284397.31;;0.0177;0.0177
;US-AZ;1920;p99p99.5;69665.602;;0.0241;0.0241
;US-AZ;1920;p95p100;53488.801;;0.1851;0.1851
;US-AZ;1920;p0p90;11510.0;;0.71689999;0.71689999
;US-AZ;1920;p0p99;13478.8;;0.9235;0.9235
;US-AZ;1920;p99.5p100;151502.5;;0.0524;0.0524
;US-AZ;1919;p0p100;2623803.3;2163963486.0;1.0;1.0
;US-AZ;1919;p99p100;163792.2;;0.098700002;0.098700002
;US-AZ;1919;p99.9p100;509030.59;;0.0307;0.0307
;US-AZ;1919;p99.99p100;1377173.0;;0.0082999999;0.0082999999
;US-AZ;1919;p90p100;51888.5;;0.3127;0.3127
;US-AZ;1919;p90p95;32214.699;;0.097099997;0.097099997
;US-AZ;1919;p95p99;49104.398;;0.1184;0.1184
;US-AZ;1919;p99.5p99.9;161916.0;;0.039000001;0.039000001
;US-AZ;1919;p99.9p99.99;413130.19;;0.022399999;0.022399999
;US-AZ;1919;p99p99.5;95891.5;;0.028899999;0.028899999
;US-AZ;1919;p95p100;72042.0;;0.21709999;0.21709999
;US-AZ;1919;p0p90;12644.9;;0.68589997;0.68589997
;US-AZ;1919;p0p99;15105.1;;0.90130001;0.90130001
;US-AZ;1919;p99.5p100;231692.91;;0.069799997;0.069799997
;US-AZ;1918;p0p100;3529492.8;2104060041.0;1.0;1.0
;US-AZ;1918;p99p100;170033.59;;0.1005;0.1005
;US-AZ;1918;p99.9p100;598770.88;;0.035399999;0.035399999
;US-AZ;1918;p99.99p100;1997169.3;;0.0118;0.0118
;US-AZ;1918;p90p100;51123.102;;0.30219999;0.30219999
;US-AZ;1918;p90p95;33145.801;;0.097999997;0.097999997
;US-AZ;1918;p95p99;44897.898;;0.1061;0.1061
;US-AZ;1918;p99.5p99.9;159275.3;;0.037700001;0.037700001
;US-AZ;1918;p99.9p99.99;443396.69;;0.023600001;0.023600001
;US-AZ;1918;p99p99.5;92894.102;;0.0275;0.0275
;US-AZ;1918;p95p100;69924.898;;0.2066;0.2066
;US-AZ;1918;p0p90;13072.6;;0.6954;0.6954
;US-AZ;1918;p0p99;15372.3;;0.89950001;0.89950001
;US-AZ;1918;p99.5p100;247173.59;;0.072999999;0.072999999
;US-AZ;1917;p0p100;5247719.0;2191025729.0;1.0;1.0
;US-AZ;1917;p99p100;211182.8;;0.1158;0.1158
;US-AZ;1917;p99.9p100;771777.38;;0.042300001;0.042300001
;US-AZ;1917;p99.99p100;2426416.0;;0.0133;0.0133
;US-AZ;1917;p90p100;60997.102;;0.33450001;0.33450001
;US-AZ;1917;p90p95;39747.602;;0.109;0.109
