Variable Name;.;.;.;PPP conversion factor, LCU per EUR | individuals | Exchange rates | All Ages | local currency per foreign currency;Market exchange rate, LCU per EUR | individuals | Exchange rates | All Ages | local currency per foreign currency;PPP conversion factor, LCU per USD | individuals | Exchange rates | All Ages | local currency per foreign currency;Market exchange rate, LCU per USD | individuals | Exchange rates | All Ages | local currency per foreign currency;PPP conversion factor, LCU per CNY | individuals | Exchange rates | All Ages | local currency per foreign currency;Market exchange rate, LCU per CNY | individuals | Exchange rates | All Ages | local currency per foreign currency
Variable Category;.;.;.;Other macro;Other macro;Other macro;Other macro;Other macro;Other macro
Variable Description;.;.;.;PPP conversion factor of curent local currency to current PPP EUR.;Official exchange rate of the local currency to EUR.;PPP conversion factor of current local currency to current USD.;Official exchange rate of the local currency to USD.;PPP conversion factor of current local currency to current PPP CNY.;Official exchange rate of the local currency to CNY.
Variable Decomposition;.;.;.;;;;;;
Variable Unit;.;.;.;local currency per foreign currency;local currency per foreign currency;local currency per foreign currency;local currency per foreign currency;local currency per foreign currency;local currency per foreign currency
Methodological Notes;.;.;.;Using the evolution of the price index relative to the reference country, we extrapolate the PPP from the 2011 ICP.;;Using the evolution of the price index relative to the reference country, we extrapolate the PPP from the 2011 ICP.;We extend the 2010 official exchange rate to 2016 using US and Venezualian price indices;Using the evolution of the price index relative to the reference country, we extrapolate the PPP from the 2011 ICP.;
Sources;.;.;.;WID.world computations using:  http://data.worldbank.org/ (World Bank);;WID.world computations using:  http://data.worldbank.org/ (World Bank);WID.world computations;WID.world computations using:  http://data.worldbank.org/ (World Bank);
Variable Code;country;year;perc;xlceup999i;xlceux999i;xlcusp999i;xlcusx999i;xlcyup999i;xlcyux999i
;VE;2018;p0p100;20885.971;103169056.0;15752.564;84162920.0;4970.7388;13185317.0
;VE;2017;p0p100;1013.512;;771.02814;;236.48573;
;VE;2016;p0p100;71.304665;;54.6982;;16.363691;
;VE;2015;p0p100;15.245573;;11.719165;;3.4469309;
;VE;2014;p0p100;7.2937236;;5.5900984;;1.6163193;
;VE;2013;p0p100;5.2406955;;4.0491204;;1.1562085;
;VE;2012;p0p100;3.915108;;3.0368462;;0.86977279;
;VE;2011;p0p100;3.4767339;;2.7132049;;0.77397716;
;VE;2010;p0p100;2.7404127;;2.1629941;;0.65271461;
;VE;2009;p0p100;1.8901173;;1.5058148;;0.47815222;
;VE;2008;p0p100;1.7697338;;1.4125371;;0.43708381;
;VE;2007;p0p100;1.38788;;1.1073933;;0.36208913;
;VE;2006;p0p100;1.2317078;;0.98553091;;0.33721825;
;VE;2005;p0p100;1.0652031;;0.86066884;;0.2957153;
;VE;2004;p0p100;0.83765018;;0.68433607;;0.237856;
;VE;2003;p0p100;0.63729084;;0.52516729;;0.18934414;
;VE;2002;p0p100;0.48272389;;0.39778736;;0.14516704;
;VE;2001;p0p100;0.37184426;;0.30435067;;0.10918583;
;VE;2000;p0p100;0.35273603;;0.28889388;;0.10291181;
;VE;1999;p0p100;0.27635139;;0.22842476;;0.08487501;
;VE;1998;p0p100;0.22254698;;0.18387465;;0.068026833;
;VE;1997;p0p100;0.18914852;;0.15666786;;0.057631474;
;VE;1996;p0p100;0.13635962;;0.11538457;;0.044335824;
;VE;1995;p0p100;0.064915568;;0.054646645;;0.022719307;
;VE;1994;p0p100;;;0.036752261;;0.017928498;
;VE;1993;p0p100;;;0.023057479;;0.013944212;
;VE;1992;p0p100;;;0.017957829;;0.013439906;
;VE;1991;p0p100;;;0.014367968;;0.011480252;
;VE;1990;p0p100;;;0.012253676;;0.0098022595;
;VE;1989;p0p100;;;0.0088433633;;0.0077069877;
;VE;1988;p0p100;;;0.0049493047;;0.0049096053;
;VE;1987;p0p100;;;0.0043270192;;0.0047899424;
;VE;1986;p0p100;;;0.0032302001;;0.0037285767;
;VE;1985;p0p100;;;0.0033356813;;0.0039813188;
;VE;1984;p0p100;;;0.0031265826;;0.0036902172;
;VE;1983;p0p100;;;0.002678406;;0.003003692;
;VE;1982;p0p100;;;0.0026466239;;0.0028735639;
;VE;1981;p0p100;;;0.0027687957;;0.0028723176;
;VE;1980;p0p100;;;0.0026908303;;0.0025885643;
;VE;1979;p0p100;;;0.0023471166;;0.0022053597;
;VE;1978;p0p100;;;0.002094045;;0.0019061903;
;VE;1977;p0p100;;;0.0021058107;;0.0018362282;
;VE;1976;p0p100;;;0.0020681643;;0.0017224238;
;VE;1975;p0p100;;;0.0020736144;;0.001705725;
;VE;1974;p0p100;;;0.0022770502;;0.0017401485;
;VE;1973;p0p100;;;0.0017124949;;0.0012143929;
;VE;1972;p0p100;;;0.0016112926;;0.0011041472;
;VE;1971;p0p100;;;0.0016131666;;0.0010619516;
;VE;1970;p0p100;;;0.0015906413;;0.0010288049;
;VE;1969;p0p100;;;0.0016052879;;0.0010063724;
;VE;1968;p0p100;;;0.0016553138;;0.0009851822;
