Variable Name;.;.;.;Fiscal income  | tax unit | Average | Adults | constant 2015 local currency;Fiscal income  | tax unit | Total | Adults | constant 2015 local currency;Fiscal income  | tax unit | Share | Adults | share of total (ratio);Pre-tax national income  | tax unit | Share | Adults | share of total (ratio)
Variable Category;.;.;.;Income inequality;Income inequality;Income inequality;Income inequality
Variable Description;.;.;.;Average Fiscal income within a given percentile group. Fiscal income is defined as the sum of all income items reported on income tax returns, before any deduction. It includes labour income, capital income and mixed income. The concept of fiscal income varies with national tax legislations, so in order to make international comparisons it is preferable to use the concept of national income. The population is comprised of individuals over age 20. The base unit is the tax unit defined by national fiscal administrations to measure personal income taxes.;Total Fiscal income  within a given percentile group. Fiscal income is defined as the sum of all income items reported on income tax returns, before any deduction. It includes labour income, capital income and mixed income. The concept of fiscal income varies with national tax legislations, so in order to make international comparisons it is preferable to use the concept of national income. The population is comprised of individuals over age 20.;Fiscal income share held by a given percentile group. Fiscal income is defined as the sum of all income items reported on income tax returns, before any deduction. It includes labour income, capital income and mixed income. The concept of fiscal income varies with national tax legislations, so in order to make international comparisons it is preferable to use the concept of national income. The population is comprised of individuals over age 20. The base unit is the tax unit defined by national fiscal administrations to measure personal income taxes.;Pre-tax national income share held by a given percentile group. Pre-tax national income  is the sum of all pre-tax personal income flows accruing to the owners of the production factors, labor and capital, before taking into account the operation of the tax/transfer system, but after taking into account the operation of pension system. The central difference between personal factor income and pre-tax income is the treatment of pensions, which are counted on a contribution basis by factor income and on a distribution basis by pre-tax income. The population is comprised of individuals over age 20. The base unit is the tax unit defined by national fiscal administrations to measure personal income taxes.
Variable Decomposition;.;.;.;[Fiscal income ]=[Fiscal labour income ]+[Fiscal capital income ];[Fiscal income ]=[Fiscal labour income ]+[Fiscal capital income ];[Fiscal income ]=[Fiscal labour income ]+[Fiscal capital income ];Pre-tax national income =Pre-tax labor income [total pre-tax income ranking]+Pre-tax capital income [total pre-tax income ranking]
Variable Unit;.;.;.;"USD; United States dollar | local currency | market";"USD; United States dollar | local currency | market";share;share
Methodological Notes;.;.;.;;;;Assuming the same distribution as fiscal income.
Sources;.;.;.;Frank, Sommeiller, Price & Saez (2015);Frank, Sommeiller, Price & Saez (2015);Frank, Sommeiller, Price & Saez (2015);WID.world computations using: Frank, Sommeiller, Price & Saez (2015)
Variable Code;country;year;perc;afiinc992t;mfiinc992t;sfiinc992t;sptinc992t
;US-AL;2015;p0p100;48074.102;1.21109151265e+11;1.0;1.0
;US-AL;2015;p99p100;822507.38;;0.17110001;0.17110001
;US-AL;2015;p99.9p100;3319513.0;;0.068999998;0.068999998
;US-AL;2015;p99.99p100;12742075.0;;0.0265;0.0265
;US-AL;2015;p90p100;229359.41;;0.47710001;0.47710001
;US-AL;2015;p90p95;132745.59;;0.1381;0.1381
;US-AL;2015;p95p99;200404.0;;0.16670001;0.16670001
;US-AL;2015;p99.5p99.9;735410.88;;0.0612;0.0612
;US-AL;2015;p99.9p99.99;2312601.5;;0.043299999;0.043299999
;US-AL;2015;p99p99.5;390979.69;;0.0407;0.0407
;US-AL;2015;p95p100;325196.31;;0.3382;0.3382
;US-AL;2015;p0p90;27965.1;;0.52350003;0.52350003
;US-AL;2015;p0p99;40251.602;;0.82889998;0.82889998
;US-AL;2015;p99.5p100;1252395.8;;0.1303;0.1303
;US-AL;2014;p0p100;46376.602;1.16555700401e+11;1.0;1.0
;US-AL;2014;p99p100;728789.13;;0.1575;0.1575
;US-AL;2014;p99.9p100;2841498.3;;0.0614;0.0614
;US-AL;2014;p99.99p100;10929534.0;;0.023600001;0.023600001
;US-AL;2014;p90p100;212280.0;;0.45879999;0.45879999
;US-AL;2014;p90p95;127505.4;;0.13779999;0.13779999
;US-AL;2014;p95p99;188774.41;;0.16320001;0.16320001
;US-AL;2014;p99.5p99.9;661911.38;;0.0572;0.0572
;US-AL;2014;p99.9p99.99;1964445.8;;0.038199998;0.038199998
;US-AL;2014;p99p99.5;360947.5;;0.039000001;0.039000001
;US-AL;2014;p95p100;296696.69;;0.3206;0.3206
;US-AL;2014;p0p90;27807.9;;0.54089999;0.54089999
;US-AL;2014;p0p99;39372.5;;0.84249997;0.84249997
;US-AL;2014;p99.5p100;1096559.1;;0.1185;0.1185
;US-AL;2013;p0p100;48987.602;1.12901129934e+11;1.0;1.0
;US-AL;2013;p99p100;699221.81;;0.1478;0.1478
;US-AL;2013;p99.9p100;2627063.8;;0.055500001;0.055500001
;US-AL;2013;p99.99p100;9900043.0;;0.0209;0.0209
;US-AL;2013;p90p100;207035.59;;0.4375;0.4375
;US-AL;2013;p90p95;125803.9;;0.1329;0.1329
;US-AL;2013;p95p99;184848.8;;0.15620001;0.15620001
;US-AL;2013;p99.5p99.9;641368.81;;0.054200001;0.054200001
;US-AL;2013;p99.9p99.99;1826175.0;;0.034699999;0.034699999
;US-AL;2013;p99p99.5;360232.19;;0.0381;0.0381
;US-AL;2013;p95p100;287793.59;;0.30410001;0.30410001
;US-AL;2013;p0p90;29599.301;;0.56290001;0.56290001
;US-AL;2013;p0p99;40738.898;;0.85219997;0.85219997
;US-AL;2013;p99.5p100;1038694.9;;0.1097;0.1097
;US-AL;2012;p0p100;50115.5;1.14880656517e+11;1.0;1.0
;US-AL;2012;p99p100;823065.81;;0.175;0.175
;US-AL;2012;p99.9p100;3597873.5;;0.076499999;0.076499999
;US-AL;2012;p99.99p100;15439275.0;;0.0328;0.0328
;US-AL;2012;p90p100;220985.59;;0.46990001;0.46990001
;US-AL;2012;p90p95;128989.0;;0.1371;0.1371
;US-AL;2012;p95p99;184689.2;;0.15710001;0.15710001
;US-AL;2012;p99.5p99.9;701867.19;;0.059700001;0.059700001
;US-AL;2012;p99.9p99.99;2307091.0;;0.044199999;0.044199999
;US-AL;2012;p99p99.5;365653.0;;0.038899999;0.038899999
;US-AL;2012;p95p100;312288.81;;0.33199999;0.33199999
;US-AL;2012;p0p90;27702.801;;0.5302;0.5302
;US-AL;2012;p0p99;39186.801;;0.82499999;0.82499999
;US-AL;2012;p99.5p100;1280652.9;;0.1362;0.1362
;US-AL;2011;p0p100;50521.301;1.10123861981e+11;1.0;1.0
;US-AL;2011;p99p100;742545.63;;0.16320001;0.16320001
;US-AL;2011;p99.9p100;3313536.5;;0.072800003;0.072800003
;US-AL;2011;p99.99p100;15391520.0;;0.033799998;0.033799998
;US-AL;2011;p90p100;211248.59;;0.46419999;0.46419999
;US-AL;2011;p90p95;128776.1;;0.1415;0.1415
;US-AL;2011;p95p99;180654.8;;0.15880001;0.15880001
;US-AL;2011;p99.5p99.9;614946.69;;0.054099999;0.054099999
;US-AL;2011;p99.9p99.99;1971857.5;;0.039000001;0.039000001
;US-AL;2011;p99p99.5;330372.0;;0.0363;0.0363
;US-AL;2011;p95p100;292994.59;;0.32190001;0.32190001
;US-AL;2011;p0p90;27125.699;;0.53649998;0.53649998
;US-AL;2011;p0p99;38462.699;;0.83679998;0.83679998
;US-AL;2011;p99.5p100;1154905.4;;0.1269;0.1269
;US-AL;2010;p0p100;54824.199;1.12101069669e+11;1.0;1.0
;US-AL;2010;p99p100;781861.63;;0.16850001;0.16850001
;US-AL;2010;p99.9p100;3641079.5;;0.078500003;0.078500003
;US-AL;2010;p99.99p100;18510816.0;;0.039900001;0.039900001
;US-AL;2010;p90p100;214024.7;;0.4612;0.4612
;US-AL;2010;p90p95;130173.9;;0.14030001;0.14030001
;US-AL;2010;p95p99;175659.5;;0.1514;0.1514
;US-AL;2010;p99.5p99.9;615994.63;;0.053100001;0.053100001
;US-AL;2010;p99.9p99.99;1989292.4;;0.038600001;0.038600001
;US-AL;2010;p99p99.5;342833.5;;0.036899999;0.036899999
;US-AL;2010;p95p100;296875.81;;0.31990001;0.31990001
;US-AL;2010;p0p90;27831.801;;0.53979999;0.53979999
;US-AL;2010;p0p99;38974.398;;0.83149999;0.83149999
;US-AL;2010;p99.5p100;1221296.1;;0.13160001;0.13160001
;US-AL;2009;p0p100;56355.0;1.07915334441e+11;1.0;1.0
;US-AL;2009;p99p100;714875.69;;0.1548;0.1548
;US-AL;2009;p99.9p100;3042871.3;;0.065899998;0.065899998
;US-AL;2009;p99.99p100;13281098.0;;0.0288;0.0288
;US-AL;2009;p90p100;206528.0;;0.44729999;0.44729999
;US-AL;2009;p90p95;119851.8;;0.12980001;0.12980001
;US-AL;2009;p95p99;186864.91;;0.1619;0.1619
;US-AL;2009;p99.5p99.9;596316.0;;0.0517;0.0517
;US-AL;2009;p99.9p99.99;1877418.6;;0.036600001;0.036600001
;US-AL;2009;p99p99.5;334329.41;;0.036200002;0.036200002
;US-AL;2009;p95p100;292721.31;;0.317;0.317
;US-AL;2009;p0p90;28477.801;;0.55510002;0.55510002
;US-AL;2009;p0p99;39417.301;;0.8452;0.8452
;US-AL;2009;p99.5p100;1092503.5;;0.1183;0.1183
;US-AL;2008;p0p100;60146.699;1.16228731129e+11;1.0;1.0
;US-AL;2008;p99p100;901511.31;;0.1816;0.1816
;US-AL;2008;p99.9p100;4195576.0;;0.0845;0.0845
;US-AL;2008;p99.99p100;19035296.0;;0.038400002;0.038400002
;US-AL;2008;p90p100;231629.8;;0.46669999;0.46669999
;US-AL;2008;p90p95;133043.8;;0.134;0.134
;US-AL;2008;p95p99;184884.91;;0.149;0.149
;US-AL;2008;p99.5p99.9;719601.88;;0.057999998;0.057999998
;US-AL;2008;p99.9p99.99;2517761.0;;0.045699999;0.045699999
;US-AL;2008;p99p99.5;374345.19;;0.037700001;0.037700001
;US-AL;2008;p95p100;328912.31;;0.33140001;0.33140001
;US-AL;2008;p0p90;29626.4;;0.53719997;0.53719997
;US-AL;2008;p0p99;41026.102;;0.81840003;0.81840003
;US-AL;2008;p99.5p100;1423886.6;;0.1434;0.1434
;US-AL;2007;p0p100;69722.602;1.25725346558e+11;1.0;1.0
;US-AL;2007;p99p100;1073192.8;;0.20110001;0.20110001
;US-AL;2007;p99.9p100;5260938.0;;0.0986;0.0986
;US-AL;2007;p99.99p100;24281650.0;;0.045499999;0.045499999
;US-AL;2007;p90p100;252436.5;;0.47310001;0.47310001
;US-AL;2007;p90p95;134337.59;;0.1259;0.1259
;US-AL;2007;p95p99;191864.41;;0.14380001;0.14380001
;US-AL;2007;p99.5p99.9;835892.0;;0.062700003;0.062700003
;US-AL;2007;p99.9p99.99;3127017.8;;0.052700002;0.052700002
;US-AL;2007;p99p99.5;410076.5;;0.038400002;0.038400002
;US-AL;2007;p95p100;369119.31;;0.3459;0.3459
;US-AL;2007;p0p90;31476.5;;0.5309;0.5309
;US-AL;2007;p0p99;43055.301;;0.79890001;0.79890001
;US-AL;2007;p99.5p100;1730511.5;;0.1622;0.1622
;US-AL;2006;p0p100;70526.898;1.20683596797e+11;1.0;1.0
;US-AL;2006;p99p100;1055199.4;;0.2068;0.2068
;US-AL;2006;p99.9p100;5182317.5;;0.1015;0.1015
;US-AL;2006;p99.99p100;23619020.0;;0.046300001;0.046300001
;US-AL;2006;p90p100;246458.3;;0.48289999;0.48289999
;US-AL;2006;p90p95;122553.7;;0.1201;0.1201
;US-AL;2006;p95p99;197411.7;;0.1547;0.1547
;US-AL;2006;p99.5p99.9;829794.19;;0.064999998;0.064999998
;US-AL;2006;p99.9p99.99;3130006.3;;0.055199999;0.055199999
;US-AL;2006;p99p99.5;403842.41;;0.0396;0.0396
;US-AL;2006;p95p100;369719.69;;0.36219999;0.36219999
;US-AL;2006;p0p90;29437.9;;0.51910001;0.51910001
;US-AL;2006;p0p99;40892.5;;0.79320002;0.79320002
;US-AL;2006;p99.5p100;1704143.3;;0.167;0.167
;US-AL;2005;p0p100;76452.602;1.16653717417e+11;1.0;1.0
;US-AL;2005;p99p100;973379.31;;0.1877;0.1877
;US-AL;2005;p99.9p100;4631003.0;;0.089299999;0.089299999
;US-AL;2005;p99.99p100;20523728.0;;0.0396;0.0396
;US-AL;2005;p90p100;236167.59;;0.4553;0.4553
;US-AL;2005;p90p95;118898.4;;0.1146;0.1146
;US-AL;2005;p95p99;196735.09;;0.1517;0.1517
;US-AL;2005;p99.5p99.9;778306.81;;0.059999999;0.059999999
;US-AL;2005;p99.9p99.99;2860580.3;;0.049600001;0.049600001
;US-AL;2005;p99p99.5;389752.09;;0.037599999;0.037599999
;US-AL;2005;p95p100;352652.31;;0.34;0.34
;US-AL;2005;p0p90;31515.0;;0.54689997;0.54689997
;US-AL;2005;p0p99;42558.5;;0.81230003;0.81230003
;US-AL;2005;p99.5p100;1554023.3;;0.1498;0.1498
;US-AL;2004;p0p100;79055.898;1.09774253022e+11;1.0;1.0
;US-AL;2004;p99p100;827231.81;;0.1648;0.1648
;US-AL;2004;p99.9p100;3683116.5;;0.073399998;0.073399998
;US-AL;2004;p99.99p100;15699481.0;;0.031300001;0.031300001
;US-AL;2004;p90p100;218349.91;;0.43489999;0.43489999
;US-AL;2004;p90p95;115581.0;;0.1151;0.1151
;US-AL;2004;p95p99;193234.8;;0.1539;0.1539
;US-AL;2004;p99.5p99.9;683704.5;;0.054499999;0.054499999
;US-AL;2004;p99.9p99.99;2336239.3;;0.041900001;0.041900001
;US-AL;2004;p99p99.5;361824.59;;0.035999998;0.035999998
;US-AL;2004;p95p100;320378.09;;0.31900001;0.31900001
;US-AL;2004;p0p90;31649.801;;0.56730002;0.56730002
;US-AL;2004;p0p99;42361.102;;0.83520001;0.83520001
;US-AL;2004;p99.5p100;1289678.4;;0.1284;0.1284
;US-AL;2003;p0p100;76944.102;1.01047570966e+11;1.0;1.0
;US-AL;2003;p99p100;697472.19;;0.1505;0.1505
;US-AL;2003;p99.9p100;2878206.8;;0.062100001;0.062100001
;US-AL;2003;p99.99p100;11746416.0;;0.0254;0.0254
;US-AL;2003;p90p100;200852.59;;0.43349999;0.43349999
;US-AL;2003;p90p95;116497.8;;0.1257;0.1257
;US-AL;2003;p95p99;181088.91;;0.15629999;0.15629999
;US-AL;2003;p99.5p99.9;599941.0;;0.051800001;0.051800001
;US-AL;2003;p99.9p99.99;1877632.6;;0.036499999;0.036499999
;US-AL;2003;p99p99.5;331771.19;;0.035799999;0.035799999
;US-AL;2003;p95p100;284802.41;;0.30739999;0.30739999
;US-AL;2003;p0p90;29265.301;;0.56849998;0.56849998
;US-AL;2003;p0p99;39753.102;;0.8495;0.8495
;US-AL;2003;p99.5p100;1060822.5;;0.1145;0.1145
;US-AL;2002;p0p100;80596.898;99324811718.0;1.0;1.0
;US-AL;2002;p99p100;678651.13;;0.1462;0.1462
;US-AL;2002;p99.9p100;2736875.8;;0.058899999;0.058899999
;US-AL;2002;p99.99p100;10852898.0;;0.023399999;0.023399999
;US-AL;2002;p90p100;198668.8;;0.42789999;0.42789999
;US-AL;2002;p90p95;116769.1;;0.1257;0.1257
;US-AL;2002;p95p99;180311.0;;0.15530001;0.15530001
;US-AL;2002;p99.5p99.9;592824.38;;0.051100001;0.051100001
;US-AL;2002;p99.9p99.99;1825514.5;;0.035399999;0.035399999
;US-AL;2002;p99p99.5;330198.0;;0.035599999;0.035599999
;US-AL;2002;p95p100;280267.19;;0.30180001;0.30180001
;US-AL;2002;p0p90;29590.4;;0.57349998;0.57349998
;US-AL;2002;p0p99;40046.801;;0.8538;0.8538
;US-AL;2002;p99.5p100;1025460.5;;0.1104;0.1104
;US-AL;2001;p0p100;86776.602;1.02587051834e+11;1.0;1.0
;US-AL;2001;p99p100;699829.13;;0.1445;0.1445
;US-AL;2001;p99.9p100;2653026.8;;0.0548;0.0548
;US-AL;2001;p99.99p100;9765586.0;;0.020199999;0.020199999
;US-AL;2001;p90p100;203200.7;;0.4197;0.4197
;US-AL;2001;p90p95;118393.0;;0.1223;0.1223
;US-AL;2001;p95p99;184146.09;;0.1521;0.1521
;US-AL;2001;p99.5p99.9;635965.88;;0.052499998;0.052499998
;US-AL;2001;p99.9p99.99;1871679.1;;0.0348;0.0348
;US-AL;2001;p99p99.5;358355.5;;0.037;0.037
;US-AL;2001;p95p100;287564.19;;0.29699999;0.29699999
;US-AL;2001;p0p90;31259.9;;0.58109999;0.58109999
;US-AL;2001;p0p99;41836.199;;0.85549998;0.85549998
;US-AL;2001;p99.5p100;1042068.6;;0.1076;0.1076
;US-AL;2000;p0p100;98896.0;1.08662660358e+11;1.0;1.0
;US-AL;2000;p99p100;809369.69;;0.155;0.155
;US-AL;2000;p99.9p100;3344158.5;;0.064099997;0.064099997
;US-AL;2000;p99.99p100;13090976.0;;0.0251;0.0251
;US-AL;2000;p90p100;218740.3;;0.419;0.419
;US-AL;2000;p90p95;120528.0;;0.1154;0.1154
;US-AL;2000;p95p99;191547.8;;0.1468;0.1468
;US-AL;2000;p99.5p99.9;699119.5;;0.053599998;0.053599998
;US-AL;2000;p99.9p99.99;2279368.0;;0.039299998;0.039299998
;US-AL;2000;p99p99.5;380054.5;;0.036400001;0.036400001
;US-AL;2000;p95p100;316036.09;;0.30270001;0.30270001
;US-AL;2000;p0p90;33844.5;;0.58350003;0.58350003
;US-AL;2000;p0p99;44557.5;;0.84500003;0.84500003
;US-AL;2000;p99.5p100;1236243.3;;0.1184;0.1184
;US-AL;1999;p0p100;103287.9;1.07200074017e+11;1.0;1.0
;US-AL;1999;p99p100;806130.63;;0.15790001;0.15790001
;US-AL;1999;p99.9p100;3316837.0;;0.064999998;0.064999998
;US-AL;1999;p99.99p100;12761122.0;;0.025;0.025
;US-AL;1999;p90p100;217536.2;;0.4262;0.4262
;US-AL;1999;p90p95;120558.7;;0.1181;0.1181
;US-AL;1999;p95p99;190888.91;;0.1496;0.1496
;US-AL;1999;p99.5p99.9;706345.81;;0.055399999;0.055399999
;US-AL;1999;p99.9p99.99;2294659.5;;0.0405;0.0405
;US-AL;1999;p99p99.5;381575.81;;0.0374;0.0374
;US-AL;1999;p95p100;314110.41;;0.30770001;0.30770001
;US-AL;1999;p0p90;32563.9;;0.57410002;0.57410002
;US-AL;1999;p0p99;43418.5;;0.84210002;0.84210002
;US-AL;1999;p99.5p100;1230576.6;;0.1205;0.1205
;US-AL;1998;p0p100;103614.9;1.02997918623e+11;1.0;1.0
;US-AL;1998;p99p100;766497.69;;0.156;0.156
;US-AL;1998;p99.9p100;3112933.0;;0.0634;0.0634
;US-AL;1998;p99.99p100;12022731.0;;0.024499999;0.024499999
;US-AL;1998;p90p100;207731.91;;0.4228;0.4228
;US-AL;1998;p90p95;116594.5;;0.1186;0.1186
;US-AL;1998;p95p99;181220.8;;0.14749999;0.14749999
;US-AL;1998;p99.5p99.9;681001.38;;0.055399999;0.055399999
;US-AL;1998;p99.9p99.99;2142331.0;;0.0392;0.0392
;US-AL;1998;p99p99.5;363798.19;;0.037;0.037
;US-AL;1998;p95p100;298525.81;;0.30379999;0.30379999
;US-AL;1998;p0p90;31537.801;;0.57770002;0.57770002
;US-AL;1998;p0p99;41889.898;;0.84399998;0.84399998
;US-AL;1998;p99.5p100;1169107.9;;0.119;0.119
;US-AL;1997;p0p100;102249.5;96408035805.0;1.0;1.0
;US-AL;1997;p99p100;716499.0;;0.15189999;0.15189999
;US-AL;1997;p99.9p100;2777923.5;;0.058899999;0.058899999
;US-AL;1997;p99.99p100;10059696.0;;0.021299999;0.021299999
;US-AL;1997;p90p100;199358.5;;0.42269999;0.42269999
;US-AL;1997;p90p95;114500.2;;0.1214;0.1214
;US-AL;1997;p95p99;175784.59;;0.14910001;0.14910001
;US-AL;1997;p99.5p99.9;665210.69;;0.056400001;0.056400001
;US-AL;1997;p99.9p99.99;1983304.3;;0.037799999;0.037799999
;US-AL;1997;p99p99.5;343461.81;;0.036400001;0.036400001
;US-AL;1997;p95p100;284024.5;;0.30109999;0.30109999
;US-AL;1997;p0p90;30263.4;;0.57749999;0.57749999
;US-AL;1997;p0p99;40401.602;;0.84810001;0.84810001
;US-AL;1997;p99.5p100;1089267.9;;0.1155;0.1155
;US-AL;1996;p0p100;100350.5;90857540649.0;1.0;1.0
;US-AL;1996;p99p100;657974.0;;0.14839999;0.14839999
;US-AL;1996;p99.9p100;2643073.5;;0.059599999;0.059599999
;US-AL;1996;p99.99p100;10335902.0;;0.0233;0.0233
;US-AL;1996;p90p100;187924.91;;0.4237;0.4237
;US-AL;1996;p90p95;109620.0;;0.1236;0.1236
;US-AL;1996;p95p99;168135.59;;0.1516;0.1516
;US-AL;1996;p99.5p99.9;579929.38;;0.052299999;0.052299999
;US-AL;1996;p99.9p99.99;1786782.1;;0.0363;0.0363
;US-AL;1996;p99p99.5;320871.91;;0.036200002;0.036200002
;US-AL;1996;p95p100;266141.19;;0.3001;0.3001
;US-AL;1996;p0p90;28419.1;;0.57669997;0.57669997
;US-AL;1996;p0p99;38151.102;;0.85159999;0.85159999
;US-AL;1996;p99.5p100;994519.69;;0.1121;0.1121
;US-AL;1995;p0p100;103823.5;87636725578.0;1.0;1.0
;US-AL;1995;p99p100;626639.69;;0.14390001;0.14390001
;US-AL;1995;p99.9p100;2502459.8;;0.057500001;0.057500001
;US-AL;1995;p99.99p100;9735789.0;;0.022399999;0.022399999
;US-AL;1995;p90p100;181538.41;;0.417;0.417
;US-AL;1995;p90p95;106857.3;;0.1227;0.1227
;US-AL;1995;p95p99;163585.8;;0.1503;0.1503
;US-AL;1995;p99.5p99.9;556687.5;;0.051100001;0.051100001
;US-AL;1995;p99.9p99.99;1698828.3;;0.035100002;0.035100002
;US-AL;1995;p99p99.5;307062.91;;0.035300002;0.035300002
;US-AL;1995;p95p100;256185.91;;0.2942;0.2942
;US-AL;1995;p0p90;28205.199;;0.58310002;0.58310002
;US-AL;1995;p0p99;37645.602;;0.85610002;0.85610002
;US-AL;1995;p99.5p100;946158.31;;0.1087;0.1087
;US-AL;1994;p0p100;103823.7;83928866112.0;1.0;1.0
;US-AL;1994;p99p100;566729.19;;0.1365;0.1365
;US-AL;1994;p99.9p100;2230759.5;;0.0537;0.0537
;US-AL;1994;p99.99p100;8813924.0;;0.021199999;0.021199999
;US-AL;1994;p90p100;170818.0;;0.41150001;0.41150001
;US-AL;1994;p90p95;104617.1;;0.126;0.126
;US-AL;1994;p95p99;154565.0;;0.1489;0.1489
;US-AL;1994;p99.5p99.9;504718.91;;0.048599999;0.048599999
;US-AL;1994;p99.9p99.99;1498273.8;;0.032499999;0.032499999
;US-AL;1994;p99p99.5;283142.91;;0.0341;0.0341
;US-AL;1994;p95p100;236987.91;;0.2854;0.2854
;US-AL;1994;p0p90;27149.4;;0.58859998;0.58859998
;US-AL;1994;p0p99;36207.199;;0.8635;0.8635
;US-AL;1994;p99.5p100;850263.19;;0.1024;0.1024
;US-AL;1993;p0p100;106397.5;81357602438.0;1.0;1.0
;US-AL;1993;p99p100;527999.81;;0.1295;0.1295
;US-AL;1993;p99.9p100;1997332.0;;0.048999999;0.048999999
;US-AL;1993;p99.99p100;7592530.5;;0.0186;0.0186
;US-AL;1993;p90p100;164665.09;;0.40380001;0.40380001
;US-AL;1993;p90p95;102594.8;;0.1258;0.1258
;US-AL;1993;p95p99;151388.5;;0.1485;0.1485
;US-AL;1993;p99.5p99.9;480173.19;;0.0471;0.0471
;US-AL;1993;p99.9p99.99;1372576.4;;0.030300001;0.030300001
;US-AL;1993;p99p99.5;271184.91;;0.033199999;0.033199999
;US-AL;1993;p95p100;226682.5;;0.27790001;0.27790001
;US-AL;1993;p0p90;27028.199;;0.59649998;0.59649998
;US-AL;1993;p0p99;35860.398;;0.87050003;0.87050003
;US-AL;1993;p99.5p100;784538.38;;0.096199997;0.096199997
;US-AL;1992;p0p100;113760.9;81043739110.0;1.0;1.0
;US-AL;1992;p99p100;554670.88;;0.1336;0.1336
;US-AL;1992;p99.9p100;2186612.5;;0.052700002;0.052700002
;US-AL;1992;p99.99p100;8562311.0;;0.0206;0.0206
;US-AL;1992;p90p100;167847.5;;0.40419999;0.40419999
;US-AL;1992;p90p95;104759.1;;0.1261;0.1261
;US-AL;1992;p95p99;150081.59;;0.1446;0.1446
;US-AL;1992;p99.5p99.9;498169.59;;0.048;0.048
;US-AL;1992;p99.9p99.99;1477743.8;;0.032000002;0.032000002
;US-AL;1992;p99p99.5;273085.41;;0.032900002;0.032900002
;US-AL;1992;p95p100;231006.8;;0.2782;0.2782
;US-AL;1992;p0p90;27488.6;;0.59579998;0.59579998
;US-AL;1992;p0p99;36342.0;;0.8664;0.8664
;US-AL;1992;p99.5p100;836185.69;;0.1007;0.1007
;US-AL;1991;p0p100;118320.2;78827412057.0;1.0;1.0
;US-AL;1991;p99p100;501786.41;;0.1221;0.1221
;US-AL;1991;p99.9p100;1845838.3;;0.0449;0.0449
;US-AL;1991;p99.99p100;6765128.5;;0.0165;0.0165
;US-AL;1991;p90p100;160810.59;;0.3915;0.3915
;US-AL;1991;p90p95;105179.6;;0.12800001;0.12800001
;US-AL;1991;p95p99;145357.0;;0.1415;0.1415
;US-AL;1991;p99.5p99.9;464263.31;;0.045200001;0.045200001
;US-AL;1991;p99.9p99.99;1299031.8;;0.0285;0.0285
;US-AL;1991;p99p99.5;262823.09;;0.032000002;0.032000002
;US-AL;1991;p95p100;216631.0;;0.26370001;0.26370001
;US-AL;1991;p0p90;27766.699;;0.60829997;0.60829997
;US-AL;1991;p0p99;36426.5;;0.8779;0.8779
;US-AL;1991;p99.5p100;740757.5;;0.0902;0.0902
;US-AL;1990;p0p100;125742.3;78625914497.0;1.0;1.0
;US-AL;1990;p99p100;505287.69;;0.1242;0.1242
;US-AL;1990;p99.9p100;1936292.4;;0.047600001;0.047600001
;US-AL;1990;p99.99p100;7272521.5;;0.017899999;0.017899999
;US-AL;1990;p90p100;159912.91;;0.39300001;0.39300001
;US-AL;1990;p90p95;103614.9;;0.12729999;0.12729999
;US-AL;1990;p95p99;143929.09;;0.1415;0.1415
;US-AL;1990;p99.5p99.9;467453.09;;0.046;0.046
;US-AL;1990;p99.9p99.99;1344405.8;;0.0297;0.0297
;US-AL;1990;p99p99.5;249218.59;;0.0306;0.0306
;US-AL;1990;p95p100;216228.7;;0.26570001;0.26570001
;US-AL;1990;p0p90;27439.699;;0.60699999;0.60699999
;US-AL;1990;p0p99;35993.801;;0.87580001;0.87580001
;US-AL;1990;p99.5p100;761248.38;;0.093500003;0.093500003
;US-AL;1989;p0p100;136917.59;77939919906.0;1.0;1.0
;US-AL;1989;p99p100;518468.41;;0.12899999;0.12899999
;US-AL;1989;p99.9p100;1934517.5;;0.048099998;0.048099998
;US-AL;1989;p99.99p100;7131251.0;;0.0177;0.0177
;US-AL;1989;p90p100;159232.7;;0.39610001;0.39610001
;US-AL;1989;p90p95;98251.203;;0.1222;0.1222
;US-AL;1989;p95p99;142686.41;;0.142;0.142
;US-AL;1989;p99.5p99.9;464389.0;;0.0462;0.0462
;US-AL;1989;p99.9p99.99;1325209.4;;0.0297;0.0297
;US-AL;1989;p99p99.5;261457.3;;0.032499999;0.032499999
;US-AL;1989;p95p100;219798.0;;0.27340001;0.27340001
;US-AL;1989;p0p90;27228.199;;0.60960001;0.60960001
;US-AL;1989;p0p99;35365.0;;0.87099999;0.87099999
;US-AL;1989;p99.5p100;768515.5;;0.095600002;0.095600002
;US-AL;1988;p0p100;150395.8;76797232496.0;1.0;1.0
;US-AL;1988;p99p100;552512.0;;0.1362;0.1362
;US-AL;1988;p99.9p100;2178055.0;;0.0537;0.0537
;US-AL;1988;p99.99p100;8237644.5;;0.020300001;0.020300001
;US-AL;1988;p90p100;161289.09;;0.39750001;0.39750001
;US-AL;1988;p90p95;96884.898;;0.1194;0.1194
;US-AL;1988;p95p99;140246.2;;0.1383;0.1383
;US-AL;1988;p99.5p99.9;483299.81;;0.047600001;0.047600001
;US-AL;1988;p99.9p99.99;1466364.3;;0.032499999;0.032499999
;US-AL;1988;p99p99.5;261103.0;;0.032200001;0.032200001
;US-AL;1988;p95p100;225160.09;;0.2775;0.2775
;US-AL;1988;p0p90;27489.0;;0.60970002;0.60970002
;US-AL;1988;p0p99;35405.301;;0.86379999;0.86379999
;US-AL;1988;p99.5p100;834997.19;;0.1029;0.1029
;US-AL;1987;p0p100;154368.3;71961403412.0;1.0;1.0
;US-AL;1987;p99p100;447002.19;;0.1154;0.1154
;US-AL;1987;p99.9p100;1567538.8;;0.0405;0.0405
;US-AL;1987;p99.99p100;5532830.0;;0.0143;0.0143
;US-AL;1987;p90p100;148963.3;;0.38440001;0.38440001
;US-AL;1987;p90p95;96971.5;;0.1251;0.1251
;US-AL;1987;p95p99;137364.3;;0.1418;0.1418
;US-AL;1987;p99.5p99.9;408173.5;;0.042100001;0.042100001
;US-AL;1987;p99.9p99.99;1102995.0;;0.025599999;0.025599999
;US-AL;1987;p99p99.5;241279.41;;0.031099999;0.031099999
;US-AL;1987;p95p100;200704.3;;0.259;0.259
;US-AL;1987;p0p90;26692.9;;0.61989999;0.61989999
;US-AL;1987;p0p99;34628.102;;0.88459998;0.88459998
;US-AL;1987;p99.5p100;647647.5;;0.0836;0.0836
;US-AL;1986;p0p100;172379.09;73670701971.0;1.0;1.0
;US-AL;1986;p99p100;611224.88;;0.15099999;0.15099999
;US-AL;1986;p99.9p100;2670743.0;;0.066;0.066
;US-AL;1986;p99.99p100;11341109.0;;0.028000001;0.028000001
;US-AL;1986;p90p100;166616.41;;0.41150001;0.41150001
;US-AL;1986;p90p95;95851.797;;0.1184;0.1184
;US-AL;1986;p95p99;141612.2;;0.1399;0.1399
;US-AL;1986;p99.5p99.9;510412.0;;0.0504;0.0504
;US-AL;1986;p99.9p99.99;1670351.3;;0.037099998;0.037099998
;US-AL;1986;p99p99.5;265409.81;;0.0328;0.0328
;US-AL;1986;p95p100;237016.0;;0.29269999;0.29269999
;US-AL;1986;p0p90;26697.301;;0.5934;0.5934
;US-AL;1986;p0p99;34725.801;;0.84899998;0.84899998
;US-AL;1986;p99.5p100;951079.69;;0.1174;0.1174
;US-AL;1985;p0p100;167736.8;67599884906.0;1.0;1.0
;US-AL;1985;p99p100;469009.41;;0.1234;0.1234
;US-AL;1985;p99.9p100;1869128.0;;0.049199998;0.049199998
;US-AL;1985;p99.99p100;7417542.0;;0.0195;0.0195
;US-AL;1985;p90p100;146890.09;;0.38640001;0.38640001
;US-AL;1985;p90p95;92723.703;;0.122;0.122
;US-AL;1985;p95p99;132725.8;;0.1397;0.1397
;US-AL;1985;p99.5p99.9;401614.59;;0.042300001;0.042300001
;US-AL;1985;p99.9p99.99;1220897.6;;0.028899999;0.028899999
;US-AL;1985;p99p99.5;233001.7;;0.0306;0.0306
;US-AL;1985;p95p100;200869.2;;0.2642;0.2642
;US-AL;1985;p0p90;26060.199;;0.61699998;0.61699998
;US-AL;1985;p0p99;33657.898;;0.87660003;0.87660003
;US-AL;1985;p99.5p100;701319.5;;0.092299998;0.092299998
;US-AL;1984;p0p100;175831.7;64210349439.0;1.0;1.0
;US-AL;1984;p99p100;432385.81;;0.1161;0.1161
;US-AL;1984;p99.9p100;1724112.0;;0.046300001;0.046300001
;US-AL;1984;p99.99p100;7123524.5;;0.019099999;0.019099999
;US-AL;1984;p90p100;138401.59;;0.3716;0.3716
;US-AL;1984;p90p95;88747.898;;0.1191;0.1191
;US-AL;1984;p95p99;126221.5;;0.1356;0.1356
;US-AL;1984;p99.5p99.9;368239.31;;0.039500002;0.039500002
;US-AL;1984;p99.9p99.99;1100295.9;;0.0266;0.0266
;US-AL;1984;p99p99.5;218608.09;;0.029300001;0.029300001
;US-AL;1984;p95p100;188015.0;;0.25240001;0.25240001
;US-AL;1984;p0p90;26099.699;;0.63069999;0.63069999
;US-AL;1984;p0p99;33253.301;;0.88389999;0.88389999
;US-AL;1984;p99.5p100;643752.38;;0.086400002;0.086400002
;US-AL;1983;p0p100;192575.5;61222890032.0;1.0;1.0
;US-AL;1983;p99p100;376210.91;;0.1042;0.1042
;US-AL;1983;p99.9p100;1385004.1;;0.038400002;0.038400002
;US-AL;1983;p99.99p100;5478469.5;;0.0152;0.0152
;US-AL;1983;p90p100;129638.4;;0.35910001;0.35910001
;US-AL;1983;p90p95;87261.5;;0.1208;0.1208
;US-AL;1983;p95p99;120789.2;;0.1338;0.1338
;US-AL;1983;p99.5p99.9;333707.81;;0.037;0.037
;US-AL;1983;p99.9p99.99;917966.31;;0.0229;0.0229
;US-AL;1983;p99p99.5;204114.0;;0.0283;0.0283
;US-AL;1983;p95p100;172175.41;;0.2384;0.2384
;US-AL;1983;p0p90;25756.6;;0.64200002;0.64200002
;US-AL;1983;p0p99;32669.5;;0.89579999;0.89579999
;US-AL;1983;p99.5p100;546758.81;;0.0757;0.0757
;US-AL;1982;p0p100;196170.8;59812932686.0;1.0;1.0
;US-AL;1982;p99p100;378346.19;;0.1073;0.1073
;US-AL;1982;p99.9p100;1463427.5;;0.041499998;0.041499998
;US-AL;1982;p99.99p100;6076198.0;;0.017200001;0.017200001
;US-AL;1982;p90p100;123228.3;;0.34940001;0.34940001
;US-AL;1982;p90p95;79523.203;;0.1127;0.1127
;US-AL;1982;p95p99;113971.3;;0.1292;0.1292
;US-AL;1982;p99.5p99.9;331993.81;;0.037599999;0.037599999
;US-AL;1982;p99.9p99.99;950897.5;;0.0243;0.0243
;US-AL;1982;p99p99.5;198411.91;;0.028100001;0.028100001
;US-AL;1982;p95p100;166828.91;;0.23649999;0.23649999
;US-AL;1982;p0p90;25505.5;;0.65079999;0.65079999
;US-AL;1982;p0p99;31808.1;;0.89270002;0.89270002
;US-AL;1982;p99.5p100;558280.63;;0.079099998;0.079099998
;US-AL;1981;p0p100;227466.3;60818457239.0;1.0;1.0
;US-AL;1981;p99p100;346932.5;;0.095399998;0.095399998
;US-AL;1981;p99.9p100;1063493.1;;0.029200001;0.029200001
;US-AL;1981;p99.99p100;3195189.5;;0.0088;0.0088
;US-AL;1981;p90p100;131427.41;;0.36129999;0.36129999
;US-AL;1981;p90p95;98182.297;;0.1349;0.1349
;US-AL;1981;p95p99;119651.0;;0.13160001;0.13160001
;US-AL;1981;p99.5p99.9;336985.0;;0.037099998;0.037099998
;US-AL;1981;p99.9p99.99;825250.69;;0.020400001;0.020400001
;US-AL;1981;p99p99.5;210337.09;;0.028899999;0.028899999
;US-AL;1981;p95p100;165166.5;;0.227;0.227
;US-AL;1981;p0p90;25800.9;;0.6383;0.6383
;US-AL;1981;p0p99;33240.898;;0.90460002;0.90460002
;US-AL;1981;p99.5p100;483281.41;;0.066399999;0.066399999
;US-AL;1980;p0p100;279693.0;60845101338.0;1.0;1.0
;US-AL;1980;p99p100;366615.69;;0.098300003;0.098300003
;US-AL;1980;p99.9p100;1134093.6;;0.030400001;0.030400001
;US-AL;1980;p99.99p100;3619432.0;;0.0097000003;0.0097000003
;US-AL;1980;p90p100;135559.91;;0.3635;0.3635
;US-AL;1980;p90p95;97729.5;;0.131;0.131
;US-AL;1980;p95p99;124937.8;;0.134;0.134
;US-AL;1980;p99.5p99.9;355086.0;;0.0381;0.0381
;US-AL;1980;p99.9p99.99;857294.88;;0.0207;0.0207
;US-AL;1980;p99p99.5;222069.5;;0.0298;0.0298
;US-AL;1980;p95p100;173288.2;;0.2323;0.2323
;US-AL;1980;p0p90;26381.801;;0.63669997;0.63669997
;US-AL;1980;p0p99;33965.301;;0.90170002;0.90170002
;US-AL;1980;p99.5p100;511132.81;;0.068499997;0.068499997
;US-AL;1979;p0p100;348063.5;60948385318.0;1.0;1.0
;US-AL;1979;p99p100;358544.41;;0.095399998;0.095399998
;US-AL;1979;p99.9p100;1059911.4;;0.028200001;0.028200001
;US-AL;1979;p99.99p100;3153429.5;;0.0083999997;0.0083999997
;US-AL;1979;p90p100;133052.2;;0.35389999;0.35389999
;US-AL;1979;p90p95;90953.898;;0.121;0.121
;US-AL;1979;p95p99;129187.8;;0.1374;0.1374
;US-AL;1979;p99.5p99.9;351589.09;;0.0374;0.0374
;US-AL;1979;p99.9p99.99;826524.38;;0.0198;0.0198
;US-AL;1979;p99p99.5;223887.41;;0.0298;0.0298
;US-AL;1979;p95p100;175043.2;;0.23280001;0.23280001
;US-AL;1979;p0p90;26996.301;;0.6462;0.6462
;US-AL;1979;p0p99;34355.0;;0.90460002;0.90460002
;US-AL;1979;p99.5p100;493508.81;;0.0656;0.0656
;US-AL;1978;p0p100;419755.41;58853522764.0;1.0;1.0
;US-AL;1978;p99p100;330264.69;;0.087499999;0.087499999
;US-AL;1978;p99.9p100;880891.5;;0.0233;0.0233
;US-AL;1978;p99.99p100;2192440.3;;0.0057999999;0.0057999999
;US-AL;1978;p90p100;129800.3;;0.34369999;0.34369999
;US-AL;1978;p90p95;89710.0;;0.1188;0.1188
;US-AL;1978;p95p99;129842.0;;0.1375;0.1375
;US-AL;1978;p99.5p99.9;346906.31;;0.036699999;0.036699999
;US-AL;1978;p99.9p99.99;734490.63;;0.0175;0.0175
;US-AL;1978;p99p99.5;206548.7;;0.0273;0.0273
;US-AL;1978;p95p100;169851.3;;0.22490001;0.22490001
;US-AL;1978;p0p90;27534.1;;0.65630001;0.65630001
;US-AL;1978;p0p99;34806.0;;0.91250002;0.91250002
;US-AL;1978;p99.5p100;453986.69;;0.0601;0.0601
;US-AL;1977;p0p100;470974.91;55747041272.0;1.0;1.0
;US-AL;1977;p99p100;341965.09;;0.093400002;0.093400002
;US-AL;1977;p99.9p100;981882.63;;0.026799999;0.026799999
;US-AL;1977;p99.99p100;3063976.5;;0.0083999997;0.0083999997
;US-AL;1977;p90p100;128914.2;;0.3522;0.3522
;US-AL;1977;p90p95;90050.0;;0.123;0.123
;US-AL;1977;p95p99;124239.8;;0.1358;0.1358
;US-AL;1977;p99.5p99.9;346702.91;;0.037900001;0.037900001
;US-AL;1977;p99.9p99.99;750142.88;;0.0184;0.0184
;US-AL;1977;p99p99.5;210052.41;;0.0287;0.0287
;US-AL;1977;p95p100;167785.09;;0.22920001;0.22920001
;US-AL;1977;p0p90;26344.5;;0.64780003;0.64780003
;US-AL;1977;p0p99;33516.199;;0.9066;0.9066
;US-AL;1977;p99.5p100;473861.19;;0.0647;0.0647
;US-AL;1976;p0p100;527409.69;53816606942.0;1.0;1.0
;US-AL;1976;p99p100;334057.0;;0.092399999;0.092399999
;US-AL;1976;p99.9p100;929087.88;;0.025699999;0.025699999
;US-AL;1976;p99.99p100;2750230.3;;0.0076000001;0.0076000001
;US-AL;1976;p90p100;128055.2;;0.35440001;0.35440001
;US-AL;1976;p90p95;89021.398;;0.1232;0.1232
;US-AL;1976;p95p99;125357.0;;0.1388;0.1388
;US-AL;1976;p99.5p99.9;341533.59;;0.037799999;0.037799999
;US-AL;1976;p99.9p99.99;726863.88;;0.018100001;0.018100001
;US-AL;1976;p99p99.5;208909.59;;0.028899999;0.028899999
;US-AL;1976;p95p100;167096.8;;0.23119999;0.23119999
;US-AL;1976;p0p90;25921.199;;0.64560002;0.64560002
;US-AL;1976;p0p99;33125.0;;0.90759999;0.90759999
;US-AL;1976;p99.5p100;459209.41;;0.063500002;0.063500002
;US-AL;1975;p0p100;557673.31;49777053143.0;1.0;1.0
;US-AL;1975;p99p100;326901.41;;0.095700003;0.095700003
;US-AL;1975;p99.9p100;949258.88;;0.027799999;0.027799999
;US-AL;1975;p99.99p100;2770485.3;;0.0081000002;0.0081000002
;US-AL;1975;p90p100;122805.5;;0.35949999;0.35949999
;US-AL;1975;p90p95;84676.398;;0.1239;0.1239
;US-AL;1975;p95p99;119448.6;;0.1399;0.1399
;US-AL;1975;p99.5p99.9;333246.91;;0.039000001;0.039000001
;US-AL;1975;p99.9p99.99;747323.31;;0.0197;0.0197
;US-AL;1975;p99p99.5;197398.5;;0.028899999;0.028899999
;US-AL;1975;p95p100;160939.7;;0.23559999;0.23559999
;US-AL;1975;p0p90;24307.199;;0.64050001;0.64050001
;US-AL;1975;p0p99;31200.9;;0.90429997;0.90429997
;US-AL;1975;p99.5p100;456512.09;;0.066799998;0.066799998
;US-AL;1974;p0p100;689737.31;50568565014.0;1.0;1.0
;US-AL;1974;p99p100;327072.59;;0.092200004;0.092200004
;US-AL;1974;p99.9p100;934897.38;;0.0264;0.0264
;US-AL;1974;p99.99p100;2883579.0;;0.0081000002;0.0081000002
;US-AL;1974;p90p100;124995.6;;0.35229999;0.35229999
;US-AL;1974;p90p95;86262.5;;0.1216;0.1216
;US-AL;1974;p95p99;122672.8;;0.1383;0.1383
;US-AL;1974;p99.5p99.9;322880.41;;0.036400001;0.036400001
;US-AL;1974;p99.9p99.99;715538.13;;0.018200001;0.018200001
;US-AL;1974;p99p99.5;207437.91;;0.029200001;0.029200001
;US-AL;1974;p95p100;163742.91;;0.2308;0.2308
;US-AL;1974;p0p90;25549.0;;0.64819998;0.64819998
;US-AL;1974;p0p99;32529.699;;0.90780002;0.90780002
;US-AL;1974;p99.5p100;446132.09;;0.062899999;0.062899999
;US-AL;1973;p0p100;859844.38;50055696202.0;1.0;1.0
;US-AL;1973;p99p100;344151.09;;0.095899999;0.095899999
;US-AL;1973;p99.9p100;964095.38;;0.026900001;0.026900001
;US-AL;1973;p99.99p100;2889155.3;;0.0081000002;0.0081000002
;US-AL;1973;p90p100;126623.8;;0.35299999;0.35299999
;US-AL;1973;p90p95;85951.398;;0.1198;0.1198
;US-AL;1973;p95p99;123088.6;;0.1373;0.1373
;US-AL;1973;p99.5p99.9;355285.59;;0.0396;0.0396
;US-AL;1973;p99.9p99.99;749878.88;;0.0188;0.0188
;US-AL;1973;p99p99.5;211345.41;;0.0295;0.0295
;US-AL;1973;p95p100;167301.3;;0.2332;0.2332
;US-AL;1973;p0p90;25785.9;;0.64700001;0.64700001
;US-AL;1973;p0p99;32756.1;;0.9041;0.9041
;US-AL;1973;p99.5p100;477038.69;;0.066500001;0.066500001
;US-AL;1972;p0p100;941721.69;47551230365.0;1.0;1.0
;US-AL;1972;p99p100;336371.59;;0.096600004;0.096600004
;US-AL;1972;p99.9p100;1019713.9;;0.029300001;0.029300001
;US-AL;1972;p99.99p100;3246411.5;;0.0093;0.0093
;US-AL;1972;p90p100;123960.8;;0.35600001;0.35600001
;US-AL;1972;p90p95;84787.0;;0.1218;0.1218
;US-AL;1972;p95p99;119837.7;;0.13770001;0.13770001
;US-AL;1972;p99.5p99.9;340598.69;;0.039099999;0.039099999
;US-AL;1972;p99.9p99.99;772151.63;;0.02;0.02
;US-AL;1972;p99p99.5;196103.59;;0.028200001;0.028200001
;US-AL;1972;p95p100;163145.8;;0.2343;0.2343
;US-AL;1972;p0p90;24915.699;;0.64399999;0.64399999
;US-AL;1972;p0p99;31773.5;;0.9034;0.9034
;US-AL;1972;p99.5p100;476639.59;;0.068400003;0.068400003
;US-AL;1971;p0p100;956790.69;44336053546.0;1.0;1.0
;US-AL;1971;p99p100;316858.69;;0.095399998;0.095399998
;US-AL;1971;p99.9p100;877941.13;;0.0264;0.0264
;US-AL;1971;p99.99p100;2393390.8;;0.0071999999;0.0071999999
;US-AL;1971;p90p100;118534.3;;0.35690001;0.35690001
;US-AL;1971;p90p95;81682.297;;0.123;0.123
;US-AL;1971;p95p99;115047.2;;0.13860001;0.13860001
;US-AL;1971;p99.5p99.9;324238.59;;0.039099999;0.039099999
;US-AL;1971;p99.9p99.99;709907.13;;0.019200001;0.019200001
;US-AL;1971;p99p99.5;198414.3;;0.029899999;0.029899999
;US-AL;1971;p95p100;155406.8;;0.234;0.234
;US-AL;1971;p0p90;23730.1;;0.64310002;0.64310002
;US-AL;1971;p0p99;30345.199;;0.90460002;0.90460002
;US-AL;1971;p99.5p100;435259.81;;0.065499999;0.065499999
;US-AL;1970;p0p100;1022424.5;42428413061.0;1.0;1.0
;US-AL;1970;p99p100;290989.19;;0.089299999;0.089299999
;US-AL;1970;p99.9p100;810109.81;;0.024900001;0.024900001
;US-AL;1970;p99.99p100;2463391.0;;0.0076000001;0.0076000001
;US-AL;1970;p90p100;112837.0;;0.34639999;0.34639999
;US-AL;1970;p90p95;79093.602;;0.1214;0.1214
;US-AL;1970;p95p99;110534.6;;0.1357;0.1357
;US-AL;1970;p99.5p99.9;309776.19;;0.037999999;0.037999999
;US-AL;1970;p99.9p99.99;626004.81;;0.0173;0.0173
;US-AL;1970;p99p99.5;171941.59;;0.0264;0.0264
;US-AL;1970;p95p100;146611.91;;0.2251;0.2251
;US-AL;1970;p0p90;23652.4;;0.65350002;0.65350002
;US-AL;1970;p0p99;29961.5;;0.91070002;0.91070002
;US-AL;1970;p99.5p100;410093.59;;0.063000001;0.063000001
;US-AL;1969;p0p100;1146747.3;42080505564.0;1.0;1.0
;US-AL;1969;p99p100;311966.19;;0.095399998;0.095399998
;US-AL;1969;p99.9p100;941614.31;;0.0288;0.0288
;US-AL;1969;p99.99p100;2980399.5;;0.0091000004;0.0091000004
;US-AL;1969;p90p100;113940.2;;0.3486;0.3486
;US-AL;1969;p90p95;76968.703;;0.1177;0.1177
;US-AL;1969;p95p99;110707.0;;0.1355;0.1355
;US-AL;1969;p99.5p99.9;311125.0;;0.0381;0.0381
;US-AL;1969;p99.9p99.99;717346.19;;0.0198;0.0198
;US-AL;1969;p99p99.5;186565.8;;0.0285;0.0285
;US-AL;1969;p95p100;150930.7;;0.2309;0.2309
;US-AL;1969;p0p90;23652.4;;0.65130001;0.65130001
;US-AL;1969;p0p99;29863.801;;0.90460002;0.90460002
;US-AL;1969;p99.5p100;437432.41;;0.0669;0.0669
;US-AL;1968;p0p100;1250986.8;40870549506.0;1.0;1.0
;US-AL;1968;p99p100;329287.31;;0.1027;0.1027
;US-AL;1968;p99.9p100;1014779.2;;0.0317;0.0317
;US-AL;1968;p99.99p100;3263215.3;;0.0102;0.0102
;US-AL;1968;p90p100;115310.2;;0.35969999;0.35969999
;US-AL;1968;p90p95;75841.703;;0.1183;0.1183
;US-AL;1968;p95p99;111095.7;;0.13860001;0.13860001
;US-AL;1968;p99.5p99.9;331556.5;;0.0414;0.0414
;US-AL;1968;p99.9p99.99;767768.88;;0.021600001;0.021600001
;US-AL;1968;p99p99.5;190472.3;;0.0297;0.0297
;US-AL;1968;p95p100;154746.7;;0.2413;0.2413
;US-AL;1968;p0p90;22808.6;;0.64029998;0.64029998
;US-AL;1968;p0p99;29057.301;;0.8973;0.8973
;US-AL;1968;p99.5p100;468054.69;;0.072999999;0.072999999
;US-AL;1967;p0p100;1306553.8;38924973323.0;1.0;1.0
;US-AL;1967;p99p100;306476.5;;0.099399999;0.099399999
;US-AL;1967;p99.9p100;954416.13;;0.0309;0.0309
;US-AL;1967;p99.99p100;3226815.5;;0.0105;0.0105
;US-AL;1967;p90p100;110474.6;;0.35820001;0.35820001
;US-AL;1967;p90p95;74420.602;;0.1206;0.1206
;US-AL;1967;p95p99;106665.2;;0.1383;0.1383
;US-AL;1967;p99.5p99.9;316678.19;;0.041099999;0.041099999
;US-AL;1967;p99.9p99.99;702275.69;;0.020500001;0.020500001
;US-AL;1967;p99p99.5;168683.0;;0.0273;0.0273
;US-AL;1967;p95p100;146592.8;;0.2376;0.2376
;US-AL;1967;p0p90;21990.301;;0.64170003;0.64170003
;US-AL;1967;p0p99;28059.6;;0.90060002;0.90060002
;US-AL;1967;p99.5p100;444252.0;;0.071999997;0.071999997
;US-AL;1966;p0p100;1353566.4;37529925829.0;1.0;1.0
;US-AL;1966;p99p100;305875.69;;0.1017;0.1017
;US-AL;1966;p99.9p100;959734.5;;0.0319;0.0319
;US-AL;1966;p99.99p100;3610075.5;;0.012;0.012
;US-AL;1966;p90p100;109968.8;;0.36570001;0.36570001
;US-AL;1966;p90p95;75940.297;;0.12630001;0.12630001
;US-AL;1966;p95p99;103828.9;;0.1381;0.1381
;US-AL;1966;p99.5p99.9;300078.81;;0.039900001;0.039900001
;US-AL;1966;p99.9p99.99;665276.5;;0.0199;0.0199
;US-AL;1966;p99p99.5;179450.5;;0.0298;0.0298
;US-AL;1966;p95p100;144224.2;;0.23980001;0.23980001
;US-AL;1966;p0p90;21179.301;;0.63389999;0.63389999
;US-AL;1966;p0p99;27282.9;;0.89829999;0.89829999
;US-AL;1966;p99.5p100;432280.19;;0.071900003;0.071900003
;US-AL;1965;p0p100;1392499.3;36067769100.0;1.0;1.0
;US-AL;1965;p99p100;301475.0;;0.1031;0.1031
;US-AL;1965;p99.9p100;876397.0;;0.029999999;0.029999999
;US-AL;1965;p99.99p100;4212433.0;;0.0144;0.0144
;US-AL;1965;p90p100;106874.3;;0.3655;0.3655
;US-AL;1965;p90p95;72825.797;;0.1245;0.1245
;US-AL;1965;p95p99;100764.0;;0.13779999;0.13779999
;US-AL;1965;p99.5p99.9;312183.81;;0.0427;0.0427
;US-AL;1965;p99.9p99.99;506535.59;;0.0156;0.0156
;US-AL;1965;p99p99.5;177716.7;;0.030400001;0.030400001
;US-AL;1965;p95p100;140913.41;;0.241;0.241
;US-AL;1965;p0p90;20614.1;;0.63450003;0.63450003
;US-AL;1965;p0p99;26489.199;;0.8969;0.8969
;US-AL;1965;p99.5p100;425221.91;;0.072700001;0.072700001
;US-AL;1964;p0p100;1363587.8;33773390262.0;1.0;1.0
;US-AL;1964;p99p100;278264.91;;0.1003;0.1003
;US-AL;1964;p99.9p100;757385.63;;0.0273;0.0273
;US-AL;1964;p99.99p100;2014235.6;;0.0073000002;0.0073000002
;US-AL;1964;p90p100;100571.2;;0.36269999;0.36269999
;US-AL;1964;p90p95;68162.203;;0.1229;0.1229
;US-AL;1964;p95p99;96663.703;;0.13940001;0.13940001
;US-AL;1964;p99.5p99.9;280610.69;;0.0405;0.0405
;US-AL;1964;p99.9p99.99;617276.88;;0.02;0.02
;US-AL;1964;p99p99.5;180213.7;;0.032499999;0.032499999
;US-AL;1964;p95p100;132951.3;;0.2397;0.2397
;US-AL;1964;p0p90;19639.0;;0.63739997;0.63739997
;US-AL;1964;p0p99;25199.6;;0.89969999;0.89969999
;US-AL;1964;p99.5p100;376057.69;;0.0678;0.0678
;US-AL;1963;p0p100;1310588.0;31183359782.0;1.0;1.0
;US-AL;1963;p99p100;256863.8;;0.098899998;0.098899998
;US-AL;1963;p99.9p100;735089.5;;0.0283;0.0283
;US-AL;1963;p99.99p100;2208475.0;;0.0085000005;0.0085000005
;US-AL;1963;p90p100;93629.898;;0.36050001;0.36050001
;US-AL;1963;p90p95;63730.898;;0.1227;0.1227
;US-AL;1963;p95p99;90195.797;;0.1389;0.1389
;US-AL;1963;p99.5p99.9;268088.19;;0.041299999;0.041299999
;US-AL;1963;p99.9p99.99;572113.19;;0.0198;0.0198
;US-AL;1963;p99p99.5;152005.41;;0.029300001;0.029300001
;US-AL;1963;p95p100;123529.4;;0.2378;0.2378
;US-AL;1963;p0p90;18451.699;;0.63950002;0.63950002
;US-AL;1963;p0p99;23636.801;;0.90109998;0.90109998
;US-AL;1963;p99.5p100;361721.81;;0.069600001;0.069600001
;US-AL;1962;p0p100;1290310.6;29466822546.0;1.0;1.0
;US-AL;1962;p99p100;233658.2;;0.093800001;0.093800001
;US-AL;1962;p99.9p100;671440.63;;0.027000001;0.027000001
;US-AL;1962;p99.99p100;1865022.5;;0.0074999998;0.0074999998
;US-AL;1962;p90p100;88870.297;;0.35690001;0.35690001
;US-AL;1962;p90p95;61255.801;;0.123;0.123
;US-AL;1962;p95p99;87191.898;;0.14;0.14
;US-AL;1962;p99.5p99.9;238487.41;;0.0383;0.0383
;US-AL;1962;p99.9p99.99;540282.69;;0.0195;0.0195
;US-AL;1962;p99p99.5;141933.41;;0.0285;0.0285
;US-AL;1962;p95p100;116485.3;;0.2339;0.2339
;US-AL;1962;p0p90;17795.9;;0.64310002;0.64310002
;US-AL;1962;p0p99;22794.6;;0.90619999;0.90619999
;US-AL;1962;p99.5p100;325380.09;;0.065300003;0.065300003
;US-AL;1961;p0p100;1311993.4;28911236161.0;1.0;1.0
;US-AL;1961;p99p100;227270.59;;0.091600001;0.091600001
;US-AL;1961;p99.9p100;646765.0;;0.0261;0.0261
;US-AL;1961;p99.99p100;1896536.8;;0.0076000001;0.0076000001
;US-AL;1961;p90p100;86496.203;;0.34850001;0.34850001
;US-AL;1961;p90p95;59501.0;;0.1199;0.1199
;US-AL;1961;p95p99;85052.797;;0.1371;0.1371
;US-AL;1961;p99.5p99.9;229394.2;;0.037;0.037
;US-AL;1961;p99.9p99.99;508300.31;;0.0184;0.0184
;US-AL;1961;p99p99.5;141581.8;;0.0285;0.0285
;US-AL;1961;p95p100;113493.2;;0.2286;0.2286
;US-AL;1961;p0p90;17968.1;;0.65149999;0.65149999
;US-AL;1961;p0p99;22776.1;;0.9084;0.9084
;US-AL;1961;p99.5p100;312963.41;;0.063000001;0.063000001
;US-AL;1960;p0p100;1321683.0;28062858682.0;1.0;1.0
;US-AL;1960;p99p100;238395.3;;0.0973;0.0973
;US-AL;1960;p99.9p100;678972.88;;0.0277;0.0277
;US-AL;1960;p99.99p100;1953856.3;;0.0080000004;0.0080000004
;US-AL;1960;p90p100;86069.898;;0.35120001;0.35120001
;US-AL;1960;p90p95;57755.602;;0.1178;0.1178
;US-AL;1960;p95p99;83382.602;;0.13609999;0.13609999
;US-AL;1960;p99.5p99.9;247487.91;;0.040399998;0.040399998
;US-AL;1960;p99.9p99.99;538589.0;;0.0198;0.0198
;US-AL;1960;p99p99.5;142626.2;;0.029100001;0.029100001
;US-AL;1960;p95p100;114384.1;;0.2334;0.2334
;US-AL;1960;p0p90;17665.4;;0.64880002;0.64880002
;US-AL;1960;p0p99;22344.699;;0.90270001;0.90270001
;US-AL;1960;p99.5p100;334162.5;;0.0682;0.0682
;US-AL;1959;p0p100;1347104.8;27703028492.0;1.0;1.0
;US-AL;1959;p99p100;250296.09;;0.1037;0.1037
;US-AL;1959;p99.9p100;725415.13;;0.030099999;0.030099999
;US-AL;1959;p99.99p100;1715893.8;;0.0071;0.0071
;US-AL;1959;p90p100;86304.297;;0.35749999;0.35749999
;US-AL;1959;p90p95;55871.0;;0.1157;0.1157
;US-AL;1959;p95p99;83350.602;;0.1381;0.1381
;US-AL;1959;p99.5p99.9;263272.31;;0.0436;0.0436
;US-AL;1959;p99.9p99.99;616269.63;;0.023;0.023
;US-AL;1959;p99p99.5;144753.91;;0.029999999;0.029999999
;US-AL;1959;p95p100;116738.1;;0.2418;0.2418
;US-AL;1959;p0p90;17232.4;;0.64249998;0.64249998
;US-AL;1959;p0p99;21855.4;;0.89630002;0.89630002
;US-AL;1959;p99.5p100;355841.19;;0.073700003;0.073700003
;US-AL;1958;p0p100;1288716.9;26165818624.0;1.0;1.0
;US-AL;1958;p99p100;227936.41;;0.1001;0.1001
;US-AL;1958;p99.9p100;673617.69;;0.0296;0.0296
;US-AL;1958;p99.99p100;1932876.8;;0.0085000005;0.0085000005
;US-AL;1958;p90p100;80667.398;;0.35420001;0.35420001
;US-AL;1958;p90p95;54023.898;;0.1186;0.1186
;US-AL;1958;p95p99;77156.0;;0.1355;0.1355
;US-AL;1958;p99.5p99.9;237019.41;;0.0416;0.0416
;US-AL;1958;p99.9p99.99;534326.69;;0.0211;0.0211
;US-AL;1958;p99p99.5;131368.8;;0.0288;0.0288
;US-AL;1958;p95p100;107311.8;;0.23559999;0.23559999
;US-AL;1958;p0p90;16345.2;;0.64590001;0.64590001
;US-AL;1958;p0p99;20704.9;;0.89990002;0.89990002
;US-AL;1958;p99.5p100;324504.0;;0.071199998;0.071199998
;US-AL;1957;p0p100;1351743.5;26027565966.0;1.0;1.0
;US-AL;1957;p99p100;216352.09;;0.095600002;0.095600002
;US-AL;1957;p99.9p100;615160.88;;0.0272;0.0272
;US-AL;1957;p99.99p100;1607680.8;;0.0071;0.0071
;US-AL;1957;p90p100;78763.797;;0.3479;0.3479
;US-AL;1957;p90p95;53861.102;;0.119;0.119
;US-AL;1957;p95p99;75497.398;;0.13339999;0.13339999
;US-AL;1957;p99.5p99.9;222365.2;;0.039299998;0.039299998
;US-AL;1957;p99.9p99.99;505473.5;;0.020099999;0.020099999
;US-AL;1957;p99p99.5;131654.41;;0.029100001;0.029100001
;US-AL;1957;p95p100;103667.5;;0.229;0.229
;US-AL;1957;p0p90;16402.801;;0.65210003;0.65210003
;US-AL;1957;p0p99;20682.199;;0.90439999;0.90439999
;US-AL;1957;p99.5p100;301048.69;;0.066500001;0.066500001
;US-AL;1956;p0p100;1432795.9;25702003711.0;1.0;1.0
;US-AL;1956;p99p100;234656.41;;0.1049;0.1049
;US-AL;1956;p99.9p100;758875.13;;0.0339;0.0339
;US-AL;1956;p99.99p100;2483351.8;;0.0111;0.0111
;US-AL;1956;p90p100;80207.0;;0.3585;0.3585
;US-AL;1956;p90p95;56026.699;;0.1252;0.1252
;US-AL;1956;p95p99;72250.203;;0.1292;0.1292
;US-AL;1956;p99.5p99.9;237280.0;;0.042399999;0.042399999
;US-AL;1956;p99.9p99.99;567552.38;;0.0228;0.0228
;US-AL;1956;p99p99.5;127650.7;;0.0285;0.0285
;US-AL;1956;p95p100;104731.6;;0.234;0.234
;US-AL;1956;p0p90;15928.8;;0.64069998;0.64069998
;US-AL;1956;p0p99;20229.5;;0.8951;0.8951
;US-AL;1956;p99.5p100;341662.81;;0.076399997;0.076399997
;US-AL;1955;p0p100;1421337.0;24732831582.0;1.0;1.0
;US-AL;1955;p99p100;239802.7;;0.1113;0.1113
;US-AL;1955;p99.9p100;847630.19;;0.039299998;0.039299998
;US-AL;1955;p99.99p100;3350668.8;;0.0156;0.0156
;US-AL;1955;p90p100;78825.602;;0.36590001;0.36590001
;US-AL;1955;p90p95;56041.398;;0.1301;0.1301
;US-AL;1955;p95p99;67873.102;;0.126;0.126
;US-AL;1955;p99.5p99.9;224118.2;;0.0416;0.0416
;US-AL;1955;p99.9p99.99;569466.81;;0.023800001;0.023800001
;US-AL;1955;p99p99.5;130783.6;;0.030400001;0.030400001
;US-AL;1955;p95p100;102259.2;;0.23729999;0.23729999
;US-AL;1955;p0p90;15144.8;;0.63260001;0.63260001
;US-AL;1955;p0p99;19340.699;;0.88870001;0.88870001
;US-AL;1955;p99.5p100;348821.81;;0.081;0.081
;US-AL;1954;p0p100;1247993.0;21860934147.0;1.0;1.0
;US-AL;1954;p99p100;206195.59;;0.1082;0.1082
;US-AL;1954;p99.9p100;630845.81;;0.033100002;0.033100002
;US-AL;1954;p99.99p100;1891685.5;;0.0098999999;0.0098999999
;US-AL;1954;p90p100;71953.297;;0.3775;0.3775
;US-AL;1954;p90p95;53081.602;;0.1393;0.1393
;US-AL;1954;p95p99;63190.602;;0.13259999;0.13259999
;US-AL;1954;p99.5p99.9;207011.5;;0.043400001;0.043400001
;US-AL;1954;p99.9p99.99;490762.59;;0.0232;0.0232
;US-AL;1954;p99p99.5;120613.5;;0.031599998;0.031599998
;US-AL;1954;p95p100;91780.5;;0.24079999;0.24079999
;US-AL;1954;p0p90;13128.7;;0.61989999;0.61989999
;US-AL;1954;p0p99;17169.199;;0.89179999;0.89179999
;US-AL;1954;p99.5p100;291777.91;;0.076499999;0.076499999
;US-AL;1953;p0p100;1319994.9;22870737579.0;1.0;1.0
;US-AL;1953;p99p100;195376.41;;0.097900003;0.097900003
;US-AL;1953;p99.9p100;572456.13;;0.0287;0.0287
;US-AL;1953;p99.99p100;1569396.6;;0.0078999996;0.0078999996
;US-AL;1953;p90p100;70644.898;;0.35389999;0.35389999
;US-AL;1953;p90p95;54970.898;;0.13770001;0.13770001
;US-AL;1953;p95p99;60482.602;;0.1212;0.1212
;US-AL;1953;p99.5p99.9;199474.0;;0.039999999;0.039999999
;US-AL;1953;p99.9p99.99;462322.19;;0.0208;0.0208
;US-AL;1953;p99p99.5;116727.9;;0.029200001;0.029200001
;US-AL;1953;p95p100;87457.703;;0.2191;0.2191
;US-AL;1953;p0p90;14263.1;;0.64319998;0.64319998
;US-AL;1953;p0p99;18187.301;;0.90210003;0.90210003
;US-AL;1953;p99.5p100;274035.5;;0.068599999;0.068599999
;US-AL;1952;p0p100;1299592.4;22177563522.0;1.0;1.0
;US-AL;1952;p99p100;201586.2;;0.1041;0.1041
;US-AL;1952;p99.9p100;585491.13;;0.030200001;0.030200001
;US-AL;1952;p99.99p100;1583206.1;;0.0082;0.0082
;US-AL;1952;p90p100;71006.297;;0.36680001;0.36680001
;US-AL;1952;p90p95;56695.301;;0.1464;0.1464
;US-AL;1952;p95p99;58303.898;;0.1205;0.1205
;US-AL;1952;p99.5p99.9;211334.3;;0.043699998;0.043699998
;US-AL;1952;p99.9p99.99;475439.59;;0.0221;0.0221
;US-AL;1952;p99p99.5;117098.0;;0.030200001;0.030200001
;US-AL;1952;p95p100;86953.703;;0.2246;0.2246
;US-AL;1952;p0p90;13526.1;;0.62889999;0.62889999
;US-AL;1952;p0p99;17516.801;;0.89590001;0.89590001
;US-AL;1952;p99.5p100;286085.5;;0.073899999;0.073899999
;US-AL;1951;p0p100;1323936.8;21617007354.0;1.0;1.0
;US-AL;1951;p99p100;231356.91;;0.1225;0.1225
;US-AL;1951;p99.9p100;756416.31;;0.040100001;0.040100001
;US-AL;1951;p99.99p100;1853363.1;;0.0098000001;0.0098000001
;US-AL;1951;p90p100;71646.797;;0.37940001;0.37940001
;US-AL;1951;p90p95;44428.801;;0.1176;0.1176
;US-AL;1951;p95p99;64755.301;;0.1372;0.1372
;US-AL;1951;p99.5p99.9;232144.41;;0.049199998;0.049199998
;US-AL;1951;p99.9p99.99;637458.13;;0.030400001;0.030400001
;US-AL;1951;p99p99.5;124815.1;;0.033;0.033
;US-AL;1951;p95p100;98373.5;;0.2604;0.2604
;US-AL;1951;p0p99;11881.2;;0.62279999;0.62279999
;US-AL;1951;p99.5p100;337869.09;;0.089500003;0.089500003
;US-AL;1950;p0p100;1391132.8;19488662726.0;1.0;1.0
;US-AL;1950;p99p100;220514.09;;0.1294;0.1294
;US-AL;1950;p99.9p100;698325.19;;0.041000001;0.041000001
;US-AL;1950;p99.99p100;1645256.5;;0.0097000003;0.0097000003
;US-AL;1950;p90p100;65781.797;;0.38600001;0.38600001
;US-AL;1950;p90p95;39127.602;;0.1148;0.1148
;US-AL;1950;p95p99;60405.199;;0.1418;0.1418
;US-AL;1950;p99.5p99.9;225701.7;;0.052999999;0.052999999
;US-AL;1950;p99.9p99.99;605331.81;;0.032000002;0.032000002
;US-AL;1950;p99p99.5;120918.1;;0.035500001;0.035500001
;US-AL;1950;p95p100;92377.602;;0.271;0.271
;US-AL;1950;p0p90;11615.2;;0.61339998;0.61339998
;US-AL;1950;p0p99;14987.7;;0.87059999;0.87059999
;US-AL;1950;p99.5p100;320121.0;;0.093900003;0.093900003
;US-AL;1949;p0p100;1274923.3;17356309409.0;1.0;1.0
;US-AL;1949;p99p100;182007.7;;0.1188;0.1188
;US-AL;1949;p99.9p100;554867.31;;0.036200002;0.036200002
;US-AL;1949;p99.99p100;1628831.4;;0.0106;0.0106
;US-AL;1949;p90p100;58884.199;;0.38440001;0.38440001
;US-AL;1949;p90p95;36705.5;;0.1198;0.1198
;US-AL;1949;p95p99;55806.398;;0.14569999;0.14569999
;US-AL;1949;p99.5p99.9;187770.2;;0.048999999;0.048999999
;US-AL;1949;p99.9p99.99;435547.69;;0.025599999;0.025599999
;US-AL;1949;p99p99.5;102825.2;;0.033599999;0.033599999
;US-AL;1949;p95p100;81005.297;;0.26440001;0.26440001
;US-AL;1949;p0p90;10477.6;;0.61559999;0.61559999
;US-AL;1949;p0p99;13633.7;;0.88120002;0.88120002
;US-AL;1949;p99.5p100;261189.7;;0.085299999;0.085299999
;US-AL;1948;p0p100;1322346.3;18243418062.0;1.0;1.0
;US-AL;1948;p99p100;196685.3;;0.1214;0.1214
;US-AL;1948;p99.9p100;604604.13;;0.037300002;0.037300002
;US-AL;1948;p99.99p100;1642063.8;;0.0101;0.0101
;US-AL;1948;p90p100;60314.0;;0.3723;0.3723
;US-AL;1948;p90p95;36658.801;;0.1131;0.1131
;US-AL;1948;p95p99;55774.301;;0.13770001;0.13770001
;US-AL;1948;p99.5p99.9;202227.91;;0.049899999;0.049899999
;US-AL;1948;p99.9p99.99;489349.41;;0.0272;0.0272
;US-AL;1948;p99p99.5;110670.0;;0.034200002;0.034200002
;US-AL;1948;p95p100;83946.0;;0.25909999;0.25909999
;US-AL;1948;p0p90;11299.4;;0.62769997;0.62769997
;US-AL;1948;p0p99;14377.2;;0.8786;0.8786
;US-AL;1948;p99.5p100;282701.81;;0.087300003;0.087300003
;US-AL;1947;p0p100;1467705.1;17323034598.0;1.0;1.0
;US-AL;1947;p99p100;194461.41;;0.1256;0.1256
;US-AL;1947;p99.9p100;619275.69;;0.039999999;0.039999999
;US-AL;1947;p99.99p100;1682077.0;;0.0109;0.0109
;US-AL;1947;p90p100;58020.602;;0.3748;0.3748
;US-AL;1947;p90p95;35213.602;;0.1137;0.1137
;US-AL;1947;p95p99;52422.898;;0.1355;0.1355
;US-AL;1947;p99.5p99.9;199658.41;;0.051600002;0.051600002
;US-AL;1947;p99.9p99.99;501251.41;;0.029100001;0.029100001
;US-AL;1947;p99p99.5;105347.6;;0.034000002;0.034000002
;US-AL;1947;p95p100;80829.602;;0.26109999;0.26109999
;US-AL;1947;p0p90;10754.1;;0.62519997;0.62519997
;US-AL;1947;p0p99;13673.1;;0.87440002;0.87440002
;US-AL;1947;p99.5p100;283581.19;;0.091600001;0.091600001
;US-AL;1946;p0p100;1940848.9;17367699425.0;1.0;1.0
;US-AL;1946;p99p100;216911.7;;0.13860001;0.13860001
;US-AL;1946;p99.9p100;700468.69;;0.0447;0.0447
;US-AL;1946;p99.99p100;1927529.4;;0.0123;0.0123
;US-AL;1946;p90p100;61549.0;;0.39320001;0.39320001
;US-AL;1946;p90p95;35719.102;;0.1141;0.1141
;US-AL;1946;p95p99;54996.602;;0.14049999;0.14049999
;US-AL;1946;p99.5p99.9;222258.0;;0.0568;0.0568
;US-AL;1946;p99.9p99.99;564157.88;;0.032400001;0.032400001
;US-AL;1946;p99p99.5;115933.5;;0.037;0.037
;US-AL;1946;p95p100;87379.703;;0.2791;0.2791
;US-AL;1946;p0p90;10553.8;;0.60680002;0.60680002
;US-AL;1946;p0p99;13620.5;;0.86140001;0.86140001
;US-AL;1946;p99.5p100;317899.81;;0.1015;0.1015
;US-AL;1945;p0p100;2539239.8;19291001946.0;1.0;1.0
;US-AL;1945;p99p100;198721.5;;0.1143;0.1143
;US-AL;1945;p99.9p100;640352.88;;0.036800001;0.036800001
;US-AL;1945;p99.99p100;1506330.0;;0.0087000001;0.0087000001
;US-AL;1945;p90p100;57990.5;;0.33360001;0.33360001
;US-AL;1945;p90p95;36092.699;;0.1038;0.1038
;US-AL;1945;p95p99;50186.102;;0.1155;0.1155
;US-AL;1945;p99.5p99.9;205543.41;;0.0473;0.0473
;US-AL;1945;p99.9p99.99;547493.88;;0.0283;0.0283
;US-AL;1945;p99p99.5;104955.7;;0.030200001;0.030200001
;US-AL;1945;p95p100;79891.0;;0.2298;0.2298
;US-AL;1945;p0p90;12870.1;;0.6663;0.6663
;US-AL;1945;p0p99;15553.9;;0.88569999;0.88569999
;US-AL;1945;p99.5p100;292495.0;;0.084100001;0.084100001
;US-AL;1944;p0p100;2622861.8;19034803321.0;1.0;1.0
;US-AL;1944;p99p100;182003.3;;0.106;0.106
;US-AL;1944;p99.9p100;612734.38;;0.035700001;0.035700001
;US-AL;1944;p99.99p100;1579327.6;;0.0092000002;0.0092000002
;US-AL;1944;p90p100;49733.301;;0.2897;0.2897
;US-AL;1944;p90p95;28541.5;;0.083099999;0.083099999
;US-AL;1944;p95p99;42653.398;;0.099399999;0.099399999
;US-AL;1944;p99.5p99.9;185883.09;;0.043299999;0.043299999
;US-AL;1944;p99.9p99.99;505834.81;;0.0265;0.0265
;US-AL;1944;p99p99.5;92671.102;;0.027000001;0.027000001
;US-AL;1944;p95p100;70615.703;;0.2057;0.2057
;US-AL;1944;p0p90;13571.2;;0.71149999;0.71149999
;US-AL;1944;p0p99;15502.3;;0.89399999;0.89399999
;US-AL;1944;p99.5p100;271257.41;;0.079000004;0.079000004
;US-AL;1943;p0p100;2728906.0;19095672736.0;1.0;1.0
;US-AL;1943;p99p100;208019.09;;0.1205;0.1205
;US-AL;1943;p99.9p100;750189.19;;0.043499999;0.043499999
;US-AL;1943;p99.99p100;1947271.8;;0.0113;0.0113
;US-AL;1943;p90p100;59618.699;;0.34549999;0.34549999
;US-AL;1943;p90p95;34645.602;;0.1004;0.1004
;US-AL;1943;p95p99;53718.699;;0.1245;0.1245
;US-AL;1943;p99.5p99.9;206450.91;;0.047899999;0.047899999
;US-AL;1943;p99.9p99.99;620142.88;;0.032299999;0.032299999
;US-AL;1943;p99p99.5;100860.9;;0.029200001;0.029200001
;US-AL;1943;p95p100;84588.703;;0.24510001;0.24510001
;US-AL;1943;p0p90;12547.3;;0.65439999;0.65439999
;US-AL;1943;p0p99;15329.7;;0.87949997;0.87949997
;US-AL;1943;p99.5p100;315189.41;;0.091300003;0.091300003
;US-AL;1942;p0p100;2551176.5;15781204838.0;1.0;1.0
;US-AL;1942;p99p100;194412.3;;0.1358;0.1358
;US-AL;1942;p99.9p100;717568.63;;0.050099999;0.050099999
;US-AL;1942;p99.99p100;2029336.6;;0.0142;0.0142
;US-AL;1942;p90p100;53055.0;;0.3705;0.3705
;US-AL;1942;p90p95;28146.5;;0.098300003;0.098300003
;US-AL;1942;p95p99;48839.5;;0.1364;0.1364
;US-AL;1942;p99.5p99.9;190307.0;;0.053199999;0.053199999
;US-AL;1942;p99.9p99.99;571476.13;;0.0359;0.0359
;US-AL;1942;p99p99.5;93089.297;;0.032499999;0.032499999
;US-AL;1942;p95p100;77966.203;;0.2723;0.2723
;US-AL;1942;p0p90;10014.8;;0.62949997;0.62949997
;US-AL;1942;p0p99;12499.0;;0.8642;0.8642
;US-AL;1942;p99.5p100;295749.69;;0.1033;0.1033
;US-AL;1941;p0p100;2370008.3;11958359312.0;1.0;1.0
;US-AL;1941;p99p100;179395.59;;0.16509999;0.16509999
;US-AL;1941;p99.9p100;649655.5;;0.059799999;0.059799999
;US-AL;1941;p99.99p100;1893516.3;;0.0174;0.0174
;US-AL;1941;p90p100;46315.102;;0.42640001;0.42640001
;US-AL;1941;p90p95;20625.4;;0.094899997;0.094899997
;US-AL;1941;p95p99;44911.102;;0.1654;0.1654
;US-AL;1941;p99.5p99.9;174510.41;;0.064300001;0.064300001
;US-AL;1941;p99.9p99.99;510870.5;;0.042300001;0.042300001
;US-AL;1941;p99p99.5;89231.5;;0.041099999;0.041099999
;US-AL;1941;p95p100;71831.797;;0.33059999;0.33059999
;US-AL;1941;p0p90;6935.1001;;0.57459998;0.57459998
;US-AL;1941;p0p99;9160.2002;;0.83490002;0.83490002
;US-AL;1941;p99.5p100;269559.19;;0.1241;0.1241
;US-AL;1940;p0p100;2006840.4;9183121174.0;1.0;1.0
;US-AL;1940;p99p100;142771.2;;0.17110001;0.17110001
;US-AL;1940;p99.9p100;492961.91;;0.059099998;0.059099998
;US-AL;1940;p99.99p100;1411171.9;;0.016899999;0.016899999
;US-AL;1940;p90p100;41394.301;;0.4962;0.4962
;US-AL;1940;p90p95;19947.4;;0.1195;0.1195
;US-AL;1940;p95p99;42845.199;;0.2054;0.2054
;US-AL;1940;p99.5p99.9;139712.91;;0.067000002;0.067000002
;US-AL;1940;p99.9p99.99;390466.5;;0.042100001;0.042100001
;US-AL;1940;p99p99.5;75105.102;;0.045000002;0.045000002
;US-AL;1940;p95p100;62876.602;;0.3768;0.3768
;US-AL;1940;p0p90;4672.0;;0.50400001;0.50400001
;US-AL;1940;p0p99;6985.1001;;0.82889998;0.82889998
;US-AL;1940;p99.5p100;210402.2;;0.1261;0.1261
;US-AL;1939;p0p100;1852075.5;8198380725.0;1.0;1.0
;US-AL;1939;p99p100;127601.3;;0.1689;0.1689
;US-AL;1939;p99.9p100;402162.69;;0.053199999;0.053199999
;US-AL;1939;p99.99p100;1091955.5;;0.0145;0.0145
;US-AL;1939;p90p100;32852.5;;0.43489999;0.43489999
;US-AL;1939;p90p95;13307.7;;0.088100001;0.088100001
;US-AL;1939;p95p99;32831.602;;0.17389999;0.17389999
;US-AL;1939;p99.5p99.9;123686.4;;0.065499999;0.065499999
;US-AL;1939;p99.9p99.99;325303.91;;0.038800001;0.038800001
;US-AL;1939;p99p99.5;75664.703;;0.050099999;0.050099999
;US-AL;1939;p95p100;51791.199;;0.34279999;0.34279999
;US-AL;1939;p0p90;4777.6001;;0.5693;0.5693
;US-AL;1939;p0p99;6341.0;;0.83109999;0.83109999
;US-AL;1939;p99.5p100;179438.91;;0.1188;0.1188
;US-AL;1938;p0p100;1713890.9;7709081318.0;1.0;1.0
;US-AL;1938;p99p100;112363.8;;0.15620001;0.15620001
;US-AL;1938;p99.9p100;357114.5;;0.049600001;0.049600001
;US-AL;1938;p99.99p100;1014941.0;;0.0141;0.0141
;US-AL;1938;p90p100;28793.801;;0.4003;0.4003
;US-AL;1938;p90p95;13466.3;;0.093599997;0.093599997
;US-AL;1938;p95p99;26084.0;;0.1451;0.1451
;US-AL;1938;p99.5p99.9;109614.9;;0.061000001;0.061000001
;US-AL;1938;p99.9p99.99;282927.91;;0.035399999;0.035399999
;US-AL;1938;p99p99.5;65326.0;;0.045400001;0.045400001
;US-AL;1938;p95p100;43329.699;;0.3012;0.3012
;US-AL;1938;p0p90;4839.1001;;0.60549998;0.60549998
;US-AL;1938;p0p99;6130.7002;;0.84380001;0.84380001
;US-AL;1938;p99.5p100;159272.59;;0.1107;0.1107
;US-AL;1937;p0p100;1785784.5;8238449710.0;1.0;1.0
;US-AL;1937;p99p100;124232.1;;0.1596;0.1596
;US-AL;1937;p99.9p100;418144.0;;0.0537;0.0537
;US-AL;1937;p99.99p100;1136446.8;;0.0146;0.0146
;US-AL;1937;p90p100;30051.199;;0.38620001;0.38620001
;US-AL;1937;p90p95;12734.7;;0.081799999;0.081799999
;US-AL;1937;p95p99;27177.1;;0.1397;0.1397
;US-AL;1937;p99.5p99.9;120719.2;;0.062100001;0.062100001
;US-AL;1937;p99.9p99.99;338361.81;;0.039099999;0.039099999
;US-AL;1937;p99p99.5;68263.0;;0.043900002;0.043900002
;US-AL;1937;p95p100;46588.301;;0.29929999;0.29929999
;US-AL;1937;p0p90;5350.5;;0.61879998;0.61879998
;US-AL;1937;p0p99;6605.3999;;0.84039998;0.84039998
;US-AL;1937;p99.5p100;180203.7;;0.1158;0.1158
;US-AL;1936;p0p100;1865031.6;7930731716.0;1.0;1.0
;US-AL;1936;p99p100;121722.5;;0.1608;0.1608
;US-AL;1936;p99.9p100;415404.19;;0.054900002;0.054900002
;US-AL;1936;p99.99p100;1085467.3;;0.0143;0.0143
;US-AL;1936;p90p100;28044.699;;0.3705;0.3705
;US-AL;1936;p90p95;12559.3;;0.082999997;0.082999997
;US-AL;1936;p95p99;23269.0;;0.123;0.123
;US-AL;1936;p99.5p99.9;118907.8;;0.062799998;0.062799998
;US-AL;1936;p99.9p99.99;340978.0;;0.0405;0.0405
;US-AL;1936;p99p99.5;65243.801;;0.043099999;0.043099999
;US-AL;1936;p95p100;42958.5;;0.28369999;0.28369999
;US-AL;1936;p0p90;5326.5;;0.63330001;0.63330001
;US-AL;1936;p0p99;6416.7998;;0.83920002;0.83920002
;US-AL;1936;p99.5p100;178205.8;;0.1177;0.1177
;US-AL;1935;p0p100;1680930.4;6936006732.0;1.0;1.0
;US-AL;1935;p99p100;97021.898;;0.145;0.145
;US-AL;1935;p99.9p100;297703.09;;0.044500001;0.044500001
;US-AL;1935;p99.99p100;801781.13;;0.012;0.012
;US-AL;1935;p90p100;24267.199;;0.3626;0.3626
;US-AL;1935;p90p95;12618.3;;0.094300002;0.094300002
;US-AL;1935;p95p99;20272.801;;0.1212;0.1212
;US-AL;1935;p99.5p99.9;95378.102;;0.057;0.057
;US-AL;1935;p99.9p99.99;241711.7;;0.032499999;0.032499999
;US-AL;1935;p99p99.5;58214.301;;0.043499999;0.043499999
;US-AL;1935;p95p100;35652.801;;0.26640001;0.26640001
;US-AL;1935;p0p90;4755.1001;;0.63950002;0.63950002
;US-AL;1935;p0p99;5779.2998;;0.85500002;0.85500002
;US-AL;1935;p99.5p100;135838.3;;0.1015;0.1015
;US-AL;1934;p0p100;1703827.6;6617318252.0;1.0;1.0
;US-AL;1934;p99p100;91354.602;;0.1415;0.1415
;US-AL;1934;p99.9p100;271491.91;;0.041999999;0.041999999
;US-AL;1934;p99.99p100;759452.81;;0.0118;0.0118
;US-AL;1934;p90p100;23068.6;;0.35730001;0.35730001
;US-AL;1934;p90p95;11882.4;;0.092;0.092
;US-AL;1934;p95p99;19612.0;;0.1215;0.1215
;US-AL;1934;p99.5p99.9;90284.102;;0.0559;0.0559
;US-AL;1934;p99.9p99.99;217288.8;;0.030300001;0.030300001
;US-AL;1934;p99p99.5;56175.398;;0.043499999;0.043499999
;US-AL;1934;p95p100;34156.102;;0.26449999;0.26449999
;US-AL;1934;p0p90;4627.5;;0.64499998;0.64499998
;US-AL;1934;p0p99;5599.2998;;0.8585;0.8585
;US-AL;1934;p99.5p100;126519.8;;0.097999997;0.097999997
;US-AL;1933;p0p100;1504866.3;5413734881.0;1.0;1.0
;US-AL;1933;p99p100;79705.203;;0.14929999;0.14929999
;US-AL;1933;p99.9p100;239748.5;;0.0449;0.0449
;US-AL;1933;p99.99p100;821914.19;;0.0154;0.0154
;US-AL;1933;p90p100;20432.199;;0.3827;0.3827
;US-AL;1933;p90p95;12034.5;;0.1127;0.1127
;US-AL;1933;p95p99;16398.801;;0.1229;0.1229
;US-AL;1933;p99.5p99.9;75784.398;;0.0568;0.0568
;US-AL;1933;p99.9p99.99;175063.5;;0.0295;0.0295
;US-AL;1933;p99p99.5;50833.199;;0.047600001;0.047600001
;US-AL;1933;p95p100;29183.5;;0.27329999;0.27329999
;US-AL;1933;p0p90;3649.3;;0.61519998;0.61519998
;US-AL;1933;p0p99;4587.8999;;0.85070002;0.85070002
;US-AL;1933;p99.5p100;108577.3;;0.1017;0.1017
;US-AL;1932;p0p100;1264651.8;5003988759.0;1.0;1.0
;US-AL;1932;p99p100;76228.398;;0.1529;0.1529
;US-AL;1932;p99.9p100;218457.0;;0.0438;0.0438
;US-AL;1932;p99.99p100;644091.88;;0.0129;0.0129
;US-AL;1932;p90p100;20867.9;;0.41859999;0.41859999
;US-AL;1932;p90p95;13296.9;;0.13339999;0.13339999
;US-AL;1932;p95p99;16835.699;;0.13510001;0.13510001
;US-AL;1932;p99.5p99.9;73779.0;;0.0592;0.0592
;US-AL;1932;p99.9p99.99;171164.2;;0.0309;0.0309
;US-AL;1932;p99p99.5;49742.199;;0.049899999;0.049899999
;US-AL;1932;p95p100;28856.699;;0.28940001;0.28940001
;US-AL;1932;p0p90;3205.7;;0.57870001;0.57870001
;US-AL;1932;p0p99;4266.1001;;0.84710002;0.84710002
;US-AL;1932;p99.5p100;102714.6;;0.103;0.103
;US-AL;1931;p0p100;1268860.0;6174274685.0;1.0;1.0
;US-AL;1931;p99p100;93002.703;;0.1496;0.1496
;US-AL;1931;p99.9p100;288796.19;;0.046399999;0.046399999
;US-AL;1931;p99.99p100;847520.81;;0.0136;0.0136
;US-AL;1931;p90p100;22870.9;;0.3678;0.3678
;US-AL;1931;p90p95;14402.7;;0.1158;0.1158
;US-AL;1931;p95p99;16006.2;;0.103;0.103
;US-AL;1931;p99.5p99.9;90354.398;;0.0581;0.0581
;US-AL;1931;p99.9p99.99;226715.59;;0.0328;0.0328
;US-AL;1931;p99p99.5;55962.602;;0.045000002;0.045000002
;US-AL;1931;p95p100;31766.199;;0.2554;0.2554
;US-AL;1931;p0p90;4364.0;;0.63160002;0.63160002
;US-AL;1931;p0p99;5341.3999;;0.85039997;0.85039997
;US-AL;1931;p99.5p100;130042.8;;0.1046;0.1046
;US-AL;1930;p0p100;1202555.8;6951144615.0;1.0;1.0
;US-AL;1930;p99p100;105168.3;;0.14839999;0.14839999
;US-AL;1930;p99.9p100;356193.5;;0.050299998;0.050299998
;US-AL;1930;p99.99p100;1156126.3;;0.0163;0.0163
;US-AL;1930;p90p100;23674.9;;0.33410001;0.33410001
;US-AL;1930;p90p95;11786.5;;0.0832;0.0832
;US-AL;1930;p95p99;17342.9;;0.097900003;0.097900003
;US-AL;1930;p99.5p99.9;98931.0;;0.0559;0.0559
;US-AL;1930;p99.9p99.99;267312.0;;0.034000002;0.034000002
;US-AL;1930;p99p99.5;59953.102;;0.042300001;0.042300001
;US-AL;1930;p95p100;35075.199;;0.2475;0.2475
;US-AL;1930;p0p90;5278.2998;;0.67049998;0.67049998
;US-AL;1930;p0p99;6094.5;;0.85159999;0.85159999
;US-AL;1930;p99.5p100;150383.5;;0.1061;0.1061
;US-AL;1929;p0p100;1411381.4;8524360062.0;1.0;1.0
;US-AL;1929;p99p100;127889.0;;0.1461;0.1461
;US-AL;1929;p99.9p100;461981.59;;0.0528;0.0528
;US-AL;1929;p99.99p100;1658589.8;;0.0189;0.0189
;US-AL;1929;p90p100;26150.6;;0.2987;0.2987
;US-AL;1929;p90p95;10632.0;;0.060699999;0.060699999
;US-AL;1929;p95p99;19652.199;;0.0898;0.0898
;US-AL;1929;p99.5p99.9;121568.2;;0.055599999;0.055599999
;US-AL;1929;p99.9p99.99;329025.19;;0.033799998;0.033799998
;US-AL;1929;p99p99.5;66127.203;;0.037799999;0.037799999
;US-AL;1929;p95p100;41308.301;;0.236;0.236
;US-AL;1929;p0p90;6841.1001;;0.70340002;0.70340002
;US-AL;1929;p0p99;7550.2002;;0.85390002;0.85390002
;US-AL;1929;p99.5p100;189650.91;;0.1083;0.1083
;US-AL;1928;p0p100;1367375.9;8199084079.0;1.0;1.0
;US-AL;1928;p99p100;152761.5;;0.18009999;0.18009999
;US-AL;1928;p99.9p100;656686.5;;0.077399999;0.077399999
;US-AL;1928;p99.99p100;3193889.3;;0.037700001;0.037700001
;US-AL;1928;p90p100;29516.9;;0.34810001;0.34810001
;US-AL;1928;p90p95;10705.4;;0.063100003;0.063100003
;US-AL;1928;p95p99;21029.699;;0.099200003;0.099200003
;US-AL;1928;p99.5p99.9;131173.59;;0.061900001;0.061900001
;US-AL;1928;p99.9p99.99;374775.09;;0.039799999;0.039799999
;US-AL;1928;p99p99.5;69246.797;;0.040800001;0.040800001
;US-AL;1928;p95p100;47412.699;;0.27950001;0.27950001
;US-AL;1928;p0p90;6196.2002;;0.65759999;0.65759999
;US-AL;1928;p0p99;7023.2998;;0.81989998;0.81989998
;US-AL;1928;p99.5p100;236276.2;;0.1393;0.1393
;US-AL;1927;p0p100;1266120.6;7728637252.0;1.0;1.0
;US-AL;1927;p99p100;133650.3;;0.1656;0.1656
;US-AL;1927;p99.9p100;458344.09;;0.0568;0.0568
;US-AL;1927;p99.99p100;1314107.8;;0.0163;0.0163
;US-AL;1927;p90p100;28265.0;;0.35030001;0.35030001
;US-AL;1927;p90p95;11067.7;;0.068599999;0.068599999
;US-AL;1927;p95p99;22231.301;;0.1102;0.1102
;US-AL;1927;p99.5p99.9;132130.2;;0.065499999;0.065499999
;US-AL;1927;p99.9p99.99;363259.19;;0.0405;0.0405
;US-AL;1927;p99p99.5;69927.703;;0.043299999;0.043299999
;US-AL;1927;p95p100;44532.699;;0.27599999;0.27599999
;US-AL;1927;p0p90;5877.0;;0.65560001;0.65560001
;US-AL;1927;p0p99;6799.8999;;0.8344;0.8344
;US-AL;1927;p99.5p100;197373.0;;0.1223;0.1223
;US-AL;1926;p0p100;1195895.0;7501110176.0;1.0;1.0
;US-AL;1926;p99p100;133288.59;;0.1684;0.1684
;US-AL;1926;p99.9p100;452411.91;;0.057100002;0.057100002
;US-AL;1926;p99.99p100;1288925.5;;0.0163;0.0163
;US-AL;1926;p90p100;28450.5;;0.3594;0.3594
;US-AL;1926;p90p95;10739.3;;0.0678;0.0678
;US-AL;1926;p95p99;22824.699;;0.1153;0.1153
;US-AL;1926;p99.5p99.9;131917.0;;0.066699997;0.066699997
;US-AL;1926;p99.9p99.99;359466.0;;0.040899999;0.040899999
;US-AL;1926;p99p99.5;70561.203;;0.044599999;0.044599999
;US-AL;1926;p95p100;44942.398;;0.28380001;0.28380001
;US-AL;1926;p0p90;5704.3999;;0.64850003;0.64850003
;US-AL;1926;p0p99;6650.5;;0.83160001;0.83160001
;US-AL;1926;p99.5p100;196015.91;;0.1238;0.1238
;US-AL;1925;p0p100;1209592.4;7365984722.0;1.0;1.0
;US-AL;1925;p99p100;130703.2;;0.1663;0.1663
;US-AL;1925;p99.9p100;440283.19;;0.056000002;0.056000002
;US-AL;1925;p99.99p100;1180473.0;;0.015;0.015
;US-AL;1925;p90p100;27642.6;;0.35179999;0.35179999
;US-AL;1925;p90p95;9953.9004;;0.063299999;0.063299999
;US-AL;1925;p95p99;22258.5;;0.1133;0.1133
;US-AL;1925;p99.5p99.9;129047.5;;0.065700002;0.065700002
;US-AL;1925;p99.9p99.99;358039.91;;0.041000001;0.041000001
;US-AL;1925;p99p99.5;70111.797;;0.044599999;0.044599999
;US-AL;1925;p95p100;43969.801;;0.2798;0.2798
;US-AL;1925;p0p90;5735.6001;;0.65700001;0.65700001
;US-AL;1925;p0p99;6616.2998;;0.8337;0.8337
;US-AL;1925;p99.5p100;191294.59;;0.1217;0.1217
;US-AL;1924;p0p100;1210823.5;6927622999.0;1.0;1.0
;US-AL;1924;p99p100;118571.5;;0.1585;0.1585
;US-AL;1924;p99.9p100;411944.09;;0.055100001;0.055100001
;US-AL;1924;p99.99p100;1203350.3;;0.016100001;0.016100001
;US-AL;1924;p90p100;30019.5;;0.40130001;0.40130001
;US-AL;1924;p90p95;11235.1;;0.075099997;0.075099997
;US-AL;1924;p95p99;30791.301;;0.1646;0.1646
;US-AL;1924;p99.5p99.9;113044.8;;0.060400002;0.060400002
;US-AL;1924;p99.9p99.99;324010.09;;0.039000001;0.039000001
;US-AL;1924;p99p99.5;64318.398;;0.043000001;0.043000001
;US-AL;1924;p95p100;48347.301;;0.32319999;0.32319999
;US-AL;1924;p0p90;5001.5;;0.60170001;0.60170001
;US-AL;1924;p0p99;6358.2998;;0.84149998;0.84149998
;US-AL;1924;p99.5p100;172824.7;;0.1155;0.1155
;US-AL;1923;p0p100;1214620.3;6808988230.0;1.0;1.0
;US-AL;1923;p99p100;111580.0;;0.14929999;0.14929999
;US-AL;1923;p99.9p100;391717.5;;0.0524;0.0524
;US-AL;1923;p99.99p100;1216323.4;;0.0163;0.0163
;US-AL;1923;p90p100;29631.0;;0.3964;0.3964
;US-AL;1923;p90p95;11493.2;;0.076899998;0.076899998
;US-AL;1923;p95p99;31525.301;;0.16869999;0.16869999
;US-AL;1923;p99.5p99.9;105573.3;;0.056499999;0.056499999
;US-AL;1923;p99.9p99.99;300095.19;;0.0361;0.0361
;US-AL;1923;p99p99.5;60357.898;;0.040399998;0.040399998
;US-AL;1923;p95p100;47536.199;;0.31799999;0.31799999
;US-AL;1923;p0p90;5025.7002;;0.60509998;0.60509998
;US-AL;1923;p0p99;6423.0;;0.85070002;0.85070002
;US-AL;1923;p99.5p100;162802.09;;0.1089;0.1089
;US-AL;1922;p0p100;1137908.1;6067224232.0;1.0;1.0
;US-AL;1922;p99p100;98824.602;;0.1462;0.1462
;US-AL;1922;p99.9p100;323495.31;;0.047899999;0.047899999
;US-AL;1922;p99.99p100;867193.31;;0.0128;0.0128
;US-AL;1922;p90p100;26292.801;;0.38909999;0.38909999
;US-AL;1922;p90p95;10904.8;;0.080700003;0.080700003
;US-AL;1922;p95p99;27166.5;;0.1608;0.1608
;US-AL;1922;p99.5p99.9;94348.398;;0.055799998;0.055799998
;US-AL;1922;p99.9p99.99;263084.41;;0.035;0.035
;US-AL;1922;p99p99.5;57471.398;;0.0425;0.0425
;US-AL;1922;p95p100;41498.102;;0.30700001;0.30700001
;US-AL;1922;p0p90;4597.7002;;0.61229998;0.61229998
;US-AL;1922;p0p99;5828.1001;;0.8538;0.8538
;US-AL;1922;p99.5p100;140177.8;;0.1037;0.1037
;US-AL;1921;p0p100;863430.13;5189044774.0;1.0;1.0
;US-AL;1921;p99p100;80901.0;;0.1384;0.1384
;US-AL;1921;p99.9p100;261980.59;;0.044799998;0.044799998
;US-AL;1921;p99.99p100;817884.63;;0.014;0.014
;US-AL;1921;p90p100;23223.199;;0.39719999;0.39719999
;US-AL;1921;p90p95;10285.4;;0.088;0.088
;US-AL;1921;p95p99;24757.0;;0.16940001;0.16940001
;US-AL;1921;p99.5p99.9;77173.703;;0.0528;0.0528
;US-AL;1921;p99.9p99.99;200213.5;;0.0308;0.0308
;US-AL;1921;p99p99.5;47666.801;;0.040800001;0.040800001
;US-AL;1921;p95p100;35985.801;;0.30779999;0.30779999
;US-AL;1921;p0p90;3925.0;;0.60430002;0.60430002
;US-AL;1921;p0p99;5087.8999;;0.86159998;0.86159998
;US-AL;1921;p99.5p100;114135.1;;0.097599998;0.097599998
;US-AL;1920;p0p100;772497.88;5719492816.0;1.0;1.0
;US-AL;1920;p99p100;87555.0;;0.1336;0.1336
;US-AL;1920;p99.9p100;289440.5;;0.044199999;0.044199999
;US-AL;1920;p99.99p100;790576.88;;0.0121;0.0121
;US-AL;1920;p90p100;24958.4;;0.38080001;0.38080001
;US-AL;1920;p90p95;10732.8;;0.081900001;0.081900001
;US-AL;1920;p95p99;26897.699;;0.16419999;0.16419999
;US-AL;1920;p99.5p99.9;85431.703;;0.052099999;0.052099999
;US-AL;1920;p99.9p99.99;233758.7;;0.032099999;0.032099999
;US-AL;1920;p99p99.5;48876.602;;0.037300002;0.037300002
;US-AL;1920;p95p100;39029.199;;0.2978;0.2978
;US-AL;1920;p0p90;4517.7002;;0.62040001;0.62040001
;US-AL;1920;p0p99;5735.7998;;0.8664;0.8664
;US-AL;1920;p99.5p100;126233.5;;0.096299998;0.096299998
;US-AL;1919;p0p100;1324173.3;7212021163.0;1.0;1.0
;US-AL;1919;p99p100;106825.4;;0.1276;0.1276
;US-AL;1919;p99.9p100;360127.31;;0.043000001;0.043000001
;US-AL;1919;p99.99p100;951203.38;;0.0114;0.0114
;US-AL;1919;p90p100;26654.6;;0.31830001;0.31830001
;US-AL;1919;p90p95;10438.1;;0.0623;0.0623
;US-AL;1919;p95p99;26589.301;;0.127;0.127
;US-AL;1919;p99.5p99.9;102768.7;;0.0491;0.0491
;US-AL;1919;p99.9p99.99;294882.5;;0.0317;0.0317
;US-AL;1919;p99p99.5;59249.602;;0.035399999;0.035399999
;US-AL;1919;p95p100;42636.602;;0.25459999;0.25459999
;US-AL;1919;p0p90;6355.7998;;0.68309999;0.68309999
;US-AL;1919;p0p99;7379.1001;;0.87239999;0.87239999
;US-AL;1919;p99.5p100;154401.3;;0.092200004;0.092200004
;US-AL;1918;p0p100;1727453.9;7080051215.0;1.0;1.0
;US-AL;1918;p99p100;105645.6;;0.1276;0.1276
;US-AL;1918;p99.9p100;338313.69;;0.040899999;0.040899999
;US-AL;1918;p99.99p100;921851.13;;0.0111;0.0111
;US-AL;1918;p90p100;28916.6;;0.34920001;0.34920001
;US-AL;1918;p90p95;12449.3;;0.075199999;0.075199999
;US-AL;1918;p95p99;29835.4;;0.1441;0.1441
;US-AL;1918;p99.5p99.9;100714.8;;0.048700001;0.048700001
;US-AL;1918;p99.9p99.99;273481.69;;0.0297;0.0297
;US-AL;1918;p99p99.5;63057.801;;0.0381;0.0381
;US-AL;1918;p95p100;44997.301;;0.27169999;0.27169999
;US-AL;1918;p0p90;6009.2998;;0.65310001;0.65310001
;US-AL;1918;p0p99;7297.2002;;0.87239999;0.87239999
;US-AL;1918;p99.5p100;148233.91;;0.089500003;0.089500003
;US-AL;1917;p0p100;2490837.5;7443838719.0;1.0;1.0
;US-AL;1917;p99p100;98417.703;;0.1137;0.1137
;US-AL;1917;p99.9p100;367098.0;;0.042399999;0.042399999
;US-AL;1917;p99.99p100;1244933.6;;0.0144;0.0144
;US-AL;1917;p90p100;23844.301;;0.2755;0.2755
;US-AL;1917;p90p95;11638.3;;0.067199998;0.067199998
