Variable Name;.;.;.;PPP conversion factor, LCU per EUR | individuals | Exchange rates | All Ages | local currency per foreign currency;Market exchange rate, LCU per EUR | individuals | Exchange rates | All Ages | local currency per foreign currency;PPP conversion factor, LCU per USD | individuals | Exchange rates | All Ages | local currency per foreign currency;Market exchange rate, LCU per USD | individuals | Exchange rates | All Ages | local currency per foreign currency;PPP conversion factor, LCU per CNY | individuals | Exchange rates | All Ages | local currency per foreign currency;Market exchange rate, LCU per CNY | individuals | Exchange rates | All Ages | local currency per foreign currency
Variable Category;.;.;.;Other macro;Other macro;Other macro;Other macro;Other macro;Other macro
Variable Description;.;.;.;PPP conversion factor of curent local currency to current PPP EUR.;Official exchange rate of the local currency to EUR.;PPP conversion factor of current local currency to current USD.;Official exchange rate of the local currency to USD.;PPP conversion factor of current local currency to current PPP CNY.;Official exchange rate of the local currency to CNY.
Variable Decomposition;.;.;.;;;;;;
Variable Unit;.;.;.;local currency per foreign currency;local currency per foreign currency;local currency per foreign currency;local currency per foreign currency;local currency per foreign currency;local currency per foreign currency
Methodological Notes;.;.;.;Using the evolution of the price index relative to the reference country, we extrapolate the PPP from the 2011 ICP for the United States.;;Using the evolution of the price index relative to the reference country, we extrapolate the PPP from the 2011 ICP for the United States.;;Using the evolution of the price index relative to the reference country, we extrapolate the PPP from the 2011 ICP for the United States.;
Sources;.;.;.;WID.world computations using:  http://stats.oecd.org/Index.aspx?DataSetCode=PPP2011 (OECD);;WID.world computations using:  http://stats.oecd.org/Index.aspx?DataSetCode=PPP2011 (OECD);;WID.world computations using:  http://stats.oecd.org/Index.aspx?DataSetCode=PPP2011 (OECD);
Variable Code;country;year;perc;xlceup999i;xlceux999i;xlcusp999i;xlcusx999i;xlcyup999i;xlcyux999i
;VI;2018;p0p100;1.3937287;1.2258255;1.0511746;1.0;0.33169928;0.15666421
;VI;2017;p0p100;1.381763;;1.0511746;;0.32241082;
;VI;2016;p0p100;1.3755182;1.1061517;1.0551676;1.0;0.31566736;0.15050091
;VI;2015;p0p100;1.358554;1.1090668;1.0443109;1.0;0.30716076;0.16057837
;VI;2014;p0p100;1.3339211;1.3267338;1.0223516;1.0;0.29560244;0.16277541
;VI;2013;p0p100;1.3859739;1.3277406;1.0708456;1.0;0.30577525;0.16140075
;VI;2012;p0p100;1.4381396;1.2848622;1.115527;1.0;0.31949431;0.15842004
;VI;2011;p0p100;1.2814122;1.3901337;1.0;1.0;0.28526306;0.15476374
;VI;2010;p0p100;1.2167943;1.3244245;0.96040964;1.0;0.28981745;0.14770462
;VI;2009;p0p100;1.1971545;1.389191;0.95374662;1.0;0.30285001;0.14638254
;VI;2008;p0p100;1.1410365;1.4648265;0.91073382;1.0;0.28180996;0.14391275
;VI;2007;p0p100;1.3283838;1.3686678;1.0599211;1.0;0.34656698;0.13144867
;VI;2006;p0p100;1.3278062;1.2544835;1.0624225;1.0;0.36352819;0.12541641
;VI;2005;p0p100;1.3827482;1.2435955;1.1172408;1.0;0.3838703;0.1220358
;VI;2004;p0p100;1.24989;1.241673;1.0211241;1.0;0.35491407;0.12081962
;VI;2003;p0p100;1.1918222;1.1286246;0.98213565;1.0;0.35409981;0.12081619
;VI;2002;p0p100;1.1493679;0.94113076;0.94713366;1.0;0.3456434;0.12081734
;VI;2001;p0p100;1.1488729;0.89484662;0.94034052;1.0;0.33734724;0.12081572
;VI;2000;p0p100;1.1481447;0.92131865;0.94034052;1.0;0.33497471;0.12079477
;VI;1999;p0p100;1.1376367;1.0653856;0.94034046;1.0;0.34939912;0.12079848
;VI;1998;p0p100;1.1381119;;0.94034052;1.0;0.34789127;0.12078814
;VI;1997;p0p100;1.1352936;;0.94034052;1.0;0.34591147;0.12062993
;VI;1996;p0p100;1.111279;;0.9403404;1.0;0.36132011;0.12027652
;VI;1995;p0p100;1.1170447;;0.94034064;1.0;0.390946;0.11974017
;VI;1994;p0p100;;;0.94034046;1.0;0.45871714;0.1160262
;VI;1993;p0p100;;;0.94034058;1.0;0.56867921;0.17355211
;VI;1992;p0p100;;;0.94034052;1.0;0.7037648;0.18133709
;VI;1991;p0p100;;;0.94034046;1.0;0.75134808;0.18785018
;VI;1990;p0p100;;;0.94034064;1.0;0.75222027;0.20906469
;VI;1989;p0p100;;;0.94034046;1.0;0.81950635;0.2655966
;VI;1988;p0p100;;;0.9403404;1.0;0.93279773;0.26866552
;VI;1987;p0p100;;;0.94034064;1.0;1.0409424;0.26866552
;VI;1986;p0p100;;;0.94034052;1.0;1.0854224;0.28962073
;VI;1985;p0p100;;;0.94034046;1.0;1.1223481;0.34052309
;VI;1984;p0p100;;;0.94034052;1.0;1.1098573;0.43102676
;VI;1983;p0p100;;;0.94034052;1.0;1.0545427;0.50615615
;VI;1982;p0p100;;;0.94034046;1.0;1.0209719;0.52838993
;VI;1981;p0p100;;;0.9403404;1.0;0.97549856;0.58666795
;VI;1980;p0p100;;;0.94034046;1.0;0.90460253;0.66738474
;VI;1979;p0p100;;;0.94034052;1.0;0.88354754;0.64311206
;VI;1978;p0p100;;;0.94034058;1.0;0.85598356;0.59396905
;VI;1977;p0p100;;;0.94034058;1.0;0.8199597;0.53826427
;VI;1976;p0p100;;;0.94034052;1.0;0.78314131;0.51508814
;VI;1975;p0p100;;;0.94034034;1.0;0.77351028;0.53768545
;VI;1974;p0p100;;;0.94034052;1.0;0.71861929;0.50991607
;VI;1973;p0p100;;;0.94034052;1.0;0.66682994;0.50266021
;VI;1972;p0p100;;;0.94034052;1.0;0.6443736;0.44542113
;VI;1971;p0p100;;;0.94034052;1.0;0.61902845;0.40620536
;VI;1970;p0p100;;;0.94034052;1.0;0.6081993;0.40620536
;VI;1969;p0p100;;;;1.0;;0.40620536
;VI;1968;p0p100;;;;1.0;;0.40620536
