Variable Name;.;.;.;Fiscal income  | tax unit | Average | Adults | constant 2015 local currency;Fiscal income  | tax unit | Total | Adults | constant 2015 local currency;Fiscal income  | tax unit | Share | Adults | share of total (ratio);Pre-tax national income  | tax unit | Share | Adults | share of total (ratio)
Variable Category;.;.;.;Income inequality;Income inequality;Income inequality;Income inequality
Variable Description;.;.;.;Average Fiscal income within a given percentile group. Fiscal income is defined as the sum of all income items reported on income tax returns, before any deduction. It includes labour income, capital income and mixed income. The concept of fiscal income varies with national tax legislations, so in order to make international comparisons it is preferable to use the concept of national income. The population is comprised of individuals over age 20. The base unit is the tax unit defined by national fiscal administrations to measure personal income taxes.;Total Fiscal income  within a given percentile group. Fiscal income is defined as the sum of all income items reported on income tax returns, before any deduction. It includes labour income, capital income and mixed income. The concept of fiscal income varies with national tax legislations, so in order to make international comparisons it is preferable to use the concept of national income. The population is comprised of individuals over age 20.;Fiscal income share held by a given percentile group. Fiscal income is defined as the sum of all income items reported on income tax returns, before any deduction. It includes labour income, capital income and mixed income. The concept of fiscal income varies with national tax legislations, so in order to make international comparisons it is preferable to use the concept of national income. The population is comprised of individuals over age 20. The base unit is the tax unit defined by national fiscal administrations to measure personal income taxes.;Pre-tax national income share held by a given percentile group. Pre-tax national income  is the sum of all pre-tax personal income flows accruing to the owners of the production factors, labor and capital, before taking into account the operation of the tax/transfer system, but after taking into account the operation of pension system. The central difference between personal factor income and pre-tax income is the treatment of pensions, which are counted on a contribution basis by factor income and on a distribution basis by pre-tax income. The population is comprised of individuals over age 20. The base unit is the tax unit defined by national fiscal administrations to measure personal income taxes.
Variable Decomposition;.;.;.;[Fiscal income ]=[Fiscal labour income ]+[Fiscal capital income ];[Fiscal income ]=[Fiscal labour income ]+[Fiscal capital income ];[Fiscal income ]=[Fiscal labour income ]+[Fiscal capital income ];Pre-tax national income =Pre-tax labor income [total pre-tax income ranking]+Pre-tax capital income [total pre-tax income ranking]
Variable Unit;.;.;.;"USD; United States dollar | local currency | market";"USD; United States dollar | local currency | market";share;share
Methodological Notes;.;.;.;;;;Assuming the same distribution as fiscal income.
Sources;.;.;.;Frank, Sommeiller, Price & Saez (2015);Frank, Sommeiller, Price & Saez (2015);Frank, Sommeiller, Price & Saez (2015);WID.world computations using: Frank, Sommeiller, Price & Saez (2015)
Variable Code;country;year;perc;afiinc992t;mfiinc992t;sfiinc992t;sptinc992t
;US-AK;2015;p0p100;84542.602;29748094642.0;1.0;1.0
;US-AK;2015;p99p100;1006569.7;;0.1191;0.1191
;US-AK;2015;p99.9p100;3691762.0;;0.043699998;0.043699998
;US-AK;2015;p99.99p100;12564718.0;;0.0149;0.0149
;US-AK;2015;p90p100;295684.59;;0.3497;0.3497
;US-AK;2015;p90p95;167844.7;;0.099299997;0.099299997
;US-AK;2015;p95p99;275767.69;;0.1305;0.1305
;US-AK;2015;p99.5p99.9;940914.31;;0.044500001;0.044500001
;US-AK;2015;p99.9p99.99;2773278.5;;0.0295;0.0295
;US-AK;2015;p99p99.5;518810.09;;0.0307;0.0307
;US-AK;2015;p95p100;422628.0;;0.2499;0.2499
;US-AK;2015;p0p90;61121.699;;0.65069997;0.65069997
;US-AK;2015;p0p99;75229.203;;0.88090003;0.88090003
;US-AK;2015;p99.5p100;1491360.1;;0.088200003;0.088200003
;US-AK;2014;p0p100;81474.703;28600629798.0;1.0;1.0
;US-AK;2014;p99p100;931615.19;;0.1146;0.1146
;US-AK;2014;p99.9p100;3380890.0;;0.0416;0.0416
;US-AK;2014;p99.99p100;11980993.0;;0.0147;0.0147
;US-AK;2014;p90p100;280022.0;;0.34450001;0.34450001
;US-AK;2014;p90p95;161956.0;;0.099600002;0.099600002
;US-AK;2014;p95p99;264403.69;;0.1301;0.1301
;US-AK;2014;p99.5p99.9;872768.31;;0.043000001;0.043000001
;US-AK;2014;p99.9p99.99;2459184.5;;0.0272;0.0272
;US-AK;2014;p99p99.5;490747.69;;0.030200001;0.030200001
;US-AK;2014;p95p100;397704.59;;0.2446;0.2446
;US-AK;2014;p0p90;59168.301;;0.65509999;0.65509999
;US-AK;2014;p0p99;72692.398;;0.8854;0.8854
;US-AK;2014;p99.5p100;1372361.6;;0.084399998;0.084399998
;US-AK;2013;p0p100;81329.297;27586053162.0;1.0;1.0
;US-AK;2013;p99p100;875863.13;;0.1115;0.1115
;US-AK;2013;p99.9p100;3147345.3;;0.040100001;0.040100001
;US-AK;2013;p99.99p100;10884571.0;;0.0139;0.0139
;US-AK;2013;p90p100;264981.59;;0.3373;0.3373
;US-AK;2013;p90p95;152807.2;;0.097199999;0.097199999
;US-AK;2013;p95p99;251789.2;;0.12819999;0.12819999
;US-AK;2013;p99.5p99.9;826096.13;;0.042100001;0.042100001
;US-AK;2013;p99.9p99.99;2299077.5;;0.0263;0.0263
;US-AK;2013;p99p99.5;461783.5;;0.0294;0.0294
;US-AK;2013;p95p100;376726.31;;0.2397;0.2397
;US-AK;2013;p0p90;57871.102;;0.66289997;0.66289997
;US-AK;2013;p0p99;70513.398;;0.88849998;0.88849998
;US-AK;2013;p99.5p100;1290624.8;;0.082099997;0.082099997
;US-AK;2012;p0p100;87649.297;28793377021.0;1.0;1.0
;US-AK;2012;p99p100;1028357.1;;0.125;0.125
;US-AK;2012;p99.9p100;4072526.3;;0.0495;0.0495
;US-AK;2012;p99.99p100;15223748.0;;0.0185;0.0185
;US-AK;2012;p90p100;277376.19;;0.3373;0.3373
;US-AK;2012;p90p95;145997.0;;0.088799998;0.088799998
;US-AK;2012;p95p99;253467.3;;0.1233;0.1233
;US-AK;2012;p99.5p99.9;939301.38;;0.045699999;0.045699999
;US-AK;2012;p99.9p99.99;2884999.5;;0.031599998;0.031599998
;US-AK;2012;p99p99.5;491904.19;;0.029899999;0.029899999
;US-AK;2012;p95p100;408308.09;;0.2482;0.2482
;US-AK;2012;p0p90;60523.398;;0.66229999;0.66229999
;US-AK;2012;p0p99;72688.5;;0.875;0.875
;US-AK;2012;p99.5p100;1565129.6;;0.095200002;0.095200002
;US-AK;2011;p0p100;88045.797;27223473506.0;1.0;1.0
;US-AK;2011;p99p100;882798.63;;0.1113;0.1113
;US-AK;2011;p99.9p100;3107801.3;;0.0392;0.0392
;US-AK;2011;p99.99p100;10408331.0;;0.0131;0.0131
;US-AK;2011;p90p100;258343.5;;0.3258;0.3258
;US-AK;2011;p90p95;143735.3;;0.090599999;0.090599999
;US-AK;2011;p95p99;245075.8;;0.1236;0.1236
;US-AK;2011;p99.5p99.9;838306.69;;0.042300001;0.042300001
;US-AK;2011;p99.9p99.99;2317017.0;;0.0263;0.0263
;US-AK;2011;p99p99.5;472937.69;;0.0298;0.0298
;US-AK;2011;p95p100;372532.19;;0.2349;0.2349
;US-AK;2011;p0p90;59408.0;;0.6742;0.6742
;US-AK;2011;p0p99;71184.898;;0.88870001;0.88870001
;US-AK;2011;p99.5p100;1293610.0;;0.081600003;0.081600003
;US-AK;2010;p0p100;94601.102;26745389164.0;1.0;1.0
;US-AK;2010;p99p100;942373.13;;0.1177;0.1177
;US-AK;2010;p99.9p100;3588660.5;;0.044799998;0.044799998
;US-AK;2010;p99.99p100;13451732.0;;0.016799999;0.016799999
;US-AK;2010;p90p100;262807.91;;0.32820001;0.32820001
;US-AK;2010;p90p95;139651.09;;0.087200001;0.087200001
;US-AK;2010;p95p99;246592.41;;0.1232;0.1232
;US-AK;2010;p99.5p99.9;861659.38;;0.043000001;0.043000001
;US-AK;2010;p99.9p99.99;2489228.0;;0.028000001;0.028000001
;US-AK;2010;p99p99.5;476812.69;;0.0298;0.0298
;US-AK;2010;p95p100;385673.59;;0.24079999;0.24079999
;US-AK;2010;p0p90;59786.898;;0.67199999;0.67199999
;US-AK;2010;p0p99;71360.5;;0.88230002;0.88230002
;US-AK;2010;p99.5p100;1409446.4;;0.088;0.088
;US-AK;2009;p0p100;94544.797;24999060830.0;1.0;1.0
;US-AK;2009;p99p100;897260.38;;0.1158;0.1158
;US-AK;2009;p99.9p100;3512928.0;;0.045400001;0.045400001
;US-AK;2009;p99.99p100;14103191.0;;0.018200001;0.018200001
;US-AK;2009;p90p100;269609.91;;0.34810001;0.34810001
;US-AK;2009;p90p95;161452.0;;0.1042;0.1042
;US-AK;2009;p95p99;246272.09;;0.12720001;0.12720001
;US-AK;2009;p99.5p99.9;771262.13;;0.039799999;0.039799999
;US-AK;2009;p99.9p99.99;2269899.0;;0.0264;0.0264
;US-AK;2009;p99p99.5;449593.0;;0.028999999;0.028999999
;US-AK;2009;p95p100;376891.41;;0.24330001;0.24330001
;US-AK;2009;p0p90;56390.301;;0.6552;0.6552
;US-AK;2009;p0p99;69180.203;;0.88419998;0.88419998
;US-AK;2009;p99.5p100;1337158.0;;0.086300001;0.086300001
;US-AK;2008;p0p100;96434.0;25371983091.0;1.0;1.0
;US-AK;2008;p99p100;1039540.2;;0.13060001;0.13060001
;US-AK;2008;p99.9p100;4248863.5;;0.053399999;0.053399999
;US-AK;2008;p99.99p100;16929804.0;;0.021299999;0.021299999
;US-AK;2008;p90p100;280098.81;;0.352;0.352
;US-AK;2008;p90p95;144365.2;;0.090700001;0.090700001
;US-AK;2008;p95p99;256057.3;;0.1287;0.1287
;US-AK;2008;p99.5p99.9;875264.13;;0.044;0.044
;US-AK;2008;p99.9p99.99;2757148.3;;0.031199999;0.031199999
;US-AK;2008;p99p99.5;483835.81;;0.030400001;0.030400001
;US-AK;2008;p95p100;415302.41;;0.26100001;0.26100001
;US-AK;2008;p0p90;57798.699;;0.65369999;0.65369999
;US-AK;2008;p0p99;69877.398;;0.86940002;0.86940002
;US-AK;2008;p99.5p100;1578958.8;;0.099200003;0.099200003
;US-AK;2007;p0p100;111270.3;26144746963.0;1.0;1.0
;US-AK;2007;p99p100;1123024.3;;0.1319;0.1319
;US-AK;2007;p99.9p100;4665975.0;;0.0548;0.0548
;US-AK;2007;p99.99p100;18252620.0;;0.021400001;0.021400001
;US-AK;2007;p90p100;301141.5;;0.35370001;0.35370001
;US-AK;2007;p90p95;166587.91;;0.097800002;0.097800002
;US-AK;2007;p95p99;256285.59;;0.1204;0.1204
;US-AK;2007;p99.5p99.9;946341.31;;0.044500001;0.044500001
;US-AK;2007;p99.9p99.99;3095762.5;;0.032699998;0.032699998
;US-AK;2007;p99p99.5;501768.81;;0.0295;0.0295
;US-AK;2007;p95p100;433597.41;;0.25459999;0.25459999
;US-AK;2007;p0p90;61850.602;;0.65369999;0.65369999
;US-AK;2007;p0p99;74668.5;;0.86809999;0.86809999
;US-AK;2007;p99.5p100;1722908.8;;0.1012;0.1012
;US-AK;2006;p0p100;110516.0;24499496860.0;1.0;1.0
;US-AK;2006;p99p100;1022719.3;;0.1279;0.1279
;US-AK;2006;p99.9p100;4133190.5;;0.0517;0.0517
;US-AK;2006;p99.99p100;15501109.0;;0.019400001;0.019400001
;US-AK;2006;p90p100;281546.5;;0.35210001;0.35210001
;US-AK;2006;p90p95;160728.09;;0.1005;0.1005
;US-AK;2006;p95p99;241581.5;;0.1208;0.1208
;US-AK;2006;p99.5p99.9;885466.69;;0.044300001;0.044300001
;US-AK;2006;p99.9p99.99;2851244.0;;0.032099999;0.032099999
;US-AK;2006;p99p99.5;472301.31;;0.0295;0.0295
;US-AK;2006;p95p100;400329.5;;0.25029999;0.25029999
;US-AK;2006;p0p90;58059.602;;0.6534;0.6534
;US-AK;2006;p0p99;70450.203;;0.8721;0.8721
;US-AK;2006;p99.5p100;1557552.3;;0.097400002;0.097400002
;US-AK;2005;p0p100;116324.3;23612361845.0;1.0;1.0
;US-AK;2005;p99p100;941611.88;;0.1193;0.1193
;US-AK;2005;p99.9p100;3728730.0;;0.047200002;0.047200002
;US-AK;2005;p99.99p100;13754290.0;;0.0174;0.0174
;US-AK;2005;p90p100;267541.5;;0.33899999;0.33899999
;US-AK;2005;p90p95;156011.09;;0.098800004;0.098800004
;US-AK;2005;p95p99;233307.5;;0.1183;0.1183
;US-AK;2005;p99.5p99.9;820778.19;;0.0416;0.0416
;US-AK;2005;p99.9p99.99;2599571.3;;0.0296;0.0296
;US-AK;2005;p99p99.5;448010.31;;0.0284;0.0284
;US-AK;2005;p95p100;376457.91;;0.2385;0.2385
;US-AK;2005;p0p90;58383.699;;0.66579998;0.66579998
;US-AK;2005;p0p99;70202.297;;0.88069999;0.88069999
;US-AK;2005;p99.5p100;1422505.8;;0.090099998;0.090099998
;US-AK;2004;p0p100;116500.6;21914434926.0;1.0;1.0
;US-AK;2004;p99p100;847346.88;;0.1145;0.1145
;US-AK;2004;p99.9p100;3257766.0;;0.044;0.044
;US-AK;2004;p99.99p100;11991131.0;;0.0162;0.0162
;US-AK;2004;p90p100;252880.09;;0.3418;0.3418
;US-AK;2004;p90p95;153318.8;;0.1036;0.1036
;US-AK;2004;p95p99;224564.3;;0.1214;0.1214
;US-AK;2004;p99.5p99.9;744228.19;;0.040199999;0.040199999
;US-AK;2004;p99.9p99.99;2258448.0;;0.0275;0.0275
;US-AK;2004;p99p99.5;421846.5;;0.0285;0.0285
;US-AK;2004;p95p100;349741.5;;0.23630001;0.23630001
;US-AK;2004;p0p90;54472.398;;0.66259998;0.66259998
;US-AK;2004;p0p99;66179.898;;0.88550001;0.88550001
;US-AK;2004;p99.5p100;1263952.9;;0.0854;0.0854
;US-AK;2003;p0p100;121011.8;20535581482.0;1.0;1.0
;US-AK;2003;p99p100;792368.88;;0.1087;0.1087
;US-AK;2003;p99.9p100;2996071.0;;0.041099999;0.041099999
;US-AK;2003;p99.99p100;11203793.0;;0.0154;0.0154
;US-AK;2003;p90p100;245221.09;;0.33649999;0.33649999
;US-AK;2003;p90p95;160848.2;;0.1104;0.1104
;US-AK;2003;p95p99;211645.5;;0.1162;0.1162
;US-AK;2003;p99.5p99.9;703975.19;;0.038600001;0.038600001
;US-AK;2003;p99.9p99.99;2053127.9;;0.0254;0.0254
;US-AK;2003;p99p99.5;405507.41;;0.027799999;0.027799999
;US-AK;2003;p95p100;328374.0;;0.2253;0.2253
;US-AK;2003;p0p90;53938.801;;0.66619998;0.66619998
;US-AK;2003;p0p99;65597.102;;0.89130002;0.89130002
;US-AK;2003;p99.5p100;1173851.3;;0.080499999;0.080499999
;US-AK;2002;p0p100;125328.5;19844355383.0;1.0;1.0
;US-AK;2002;p99p100;728715.0;;0.1009;0.1009
;US-AK;2002;p99.9p100;2518025.5;;0.034899998;0.034899998
;US-AK;2002;p99.99p100;8555485.0;;0.0118;0.0118
;US-AK;2002;p90p100;241353.0;;0.33430001;0.33430001
;US-AK;2002;p90p95;161987.09;;0.1122;0.1122
;US-AK;2002;p95p99;216827.7;;0.1201;0.1201
;US-AK;2002;p99.5p99.9;670268.13;;0.037099998;0.037099998
;US-AK;2002;p99.9p99.99;1822475.9;;0.022700001;0.022700001
;US-AK;2002;p99p99.5;401151.09;;0.027799999;0.027799999
;US-AK;2002;p95p100;319759.0;;0.22139999;0.22139999
;US-AK;2002;p0p90;53609.0;;0.66820002;0.66820002
;US-AK;2002;p0p99;65571.797;;0.89910001;0.89910001
;US-AK;2002;p99.5p100;1051064.0;;0.072800003;0.072800003
;US-AK;2001;p0p100;130741.8;19701448485.0;1.0;1.0
;US-AK;2001;p99p100;753085.63;;0.1032;0.1032
;US-AK;2001;p99.9p100;2497873.0;;0.034200002;0.034200002
;US-AK;2001;p99.99p100;7528456.0;;0.0103;0.0103
;US-AK;2001;p90p100;247839.41;;0.3398;0.3398
;US-AK;2001;p90p95;158139.2;;0.1084;0.1084
;US-AK;2001;p95p99;231763.41;;0.12710001;0.12710001
;US-AK;2001;p99.5p99.9;732746.13;;0.040199999;0.040199999
;US-AK;2001;p99.9p99.99;1954915.5;;0.0241;0.0241
;US-AK;2001;p99p99.5;416898.5;;0.0286;0.0286
;US-AK;2001;p95p100;336574.31;;0.2307;0.2307
;US-AK;2001;p0p90;53601.0;;0.6613;0.6613
;US-AK;2001;p0p99;66076.0;;0.89679998;0.89679998
;US-AK;2001;p99.5p100;1090502.1;;0.074699998;0.074699998
;US-AK;2000;p0p100;146086.2;20224908276.0;1.0;1.0
;US-AK;2000;p99p100;880807.31;;0.1142;0.1142
;US-AK;2000;p99.9p100;3447121.5;;0.0447;0.0447
;US-AK;2000;p99.99p100;13085283.0;;0.017000001;0.017000001
;US-AK;2000;p90p100;268203.91;;0.34779999;0.34779999
;US-AK;2000;p90p95;162193.8;;0.1052;0.1052
;US-AK;2000;p95p99;243246.2;;0.12620001;0.12620001
;US-AK;2000;p99.5p99.9;771534.88;;0.039999999;0.039999999
;US-AK;2000;p99.9p99.99;2397931.0;;0.028000001;0.028000001
;US-AK;2000;p99p99.5;440906.69;;0.0286;0.0286
;US-AK;2000;p95p100;372410.5;;0.24150001;0.24150001
;US-AK;2000;p0p90;56133.0;;0.65509999;0.65509999
;US-AK;2000;p0p99;68998.5;;0.8858;0.8858
;US-AK;2000;p99.5p100;1317152.4;;0.0854;0.0854
;US-AK;1999;p0p100;152970.91;19485739980.0;1.0;1.0
;US-AK;1999;p99p100;790866.69;;0.1046;0.1046
;US-AK;1999;p99.9p100;2658230.0;;0.0352;0.0352
;US-AK;1999;p99.99p100;7750839.5;;0.0103;0.0103
;US-AK;1999;p90p100;257404.0;;0.3405;0.3405
;US-AK;1999;p90p95;163055.91;;0.1078;0.1078
;US-AK;1999;p95p99;240189.8;;0.12710001;0.12710001
;US-AK;1999;p99.5p99.9;758607.69;;0.040100001;0.040100001
;US-AK;1999;p99.9p99.99;2152316.8;;0.025599999;0.025599999
;US-AK;1999;p99p99.5;438594.31;;0.028999999;0.028999999
;US-AK;1999;p95p100;350734.19;;0.23199999;0.23199999
;US-AK;1999;p0p90;55443.699;;0.66009998;0.66009998
;US-AK;1999;p0p99;68374.398;;0.89539999;0.89539999
;US-AK;1999;p99.5p100;1142914.3;;0.075599998;0.075599998
;US-AK;1998;p0p100;153083.09;18890103131.0;1.0;1.0
;US-AK;1998;p99p100;809076.88;;0.1115;0.1115
;US-AK;1998;p99.9p100;3029725.5;;0.041700002;0.041700002
;US-AK;1998;p99.99p100;11359495.0;;0.0156;0.0156
;US-AK;1998;p90p100;252703.59;;0.34810001;0.34810001
;US-AK;1998;p90p95;159767.91;;0.11;0.11
;US-AK;1998;p95p99;227970.5;;0.1256;0.1256
;US-AK;1998;p99.5p99.9;739625.81;;0.040800001;0.040800001
;US-AK;1998;p99.9p99.99;2127320.5;;0.0264;0.0264
;US-AK;1998;p99p99.5;417774.69;;0.0288;0.0288
;US-AK;1998;p95p100;344754.81;;0.2375;0.2375
;US-AK;1998;p0p90;52655.0;;0.65280002;0.65280002
;US-AK;1998;p0p99;65155.398;;0.88849998;0.88849998
;US-AK;1998;p99.5p100;1200224.3;;0.082699999;0.082699999
;US-AK;1997;p0p100;154283.3;18227930755.0;1.0;1.0
;US-AK;1997;p99p100;718742.69;;0.101;0.101
;US-AK;1997;p99.9p100;2487955.5;;0.035;0.035
;US-AK;1997;p99.99p100;8093081.5;;0.0114;0.0114
;US-AK;1997;p90p100;239096.59;;0.336;0.336
;US-AK;1997;p90p95;157298.91;;0.1105;0.1105
;US-AK;1997;p95p99;220403.7;;0.1239;0.1239
;US-AK;1997;p99.5p99.9;689172.0;;0.038699999;0.038699999
;US-AK;1997;p99.9p99.99;1885072.5;;0.023800001;0.023800001
;US-AK;1997;p99p99.5;385736.5;;0.027100001;0.027100001
;US-AK;1997;p95p100;320337.31;;0.2251;0.2251
;US-AK;1997;p0p90;52545.301;;0.6645;0.6645
;US-AK;1997;p0p99;64621.898;;0.89899999;0.89899999
;US-AK;1997;p99.5p100;1051178.8;;0.073899999;0.073899999
;US-AK;1996;p0p100;155866.7;17245035784.0;1.0;1.0
;US-AK;1996;p99p100;669797.88;;0.097199999;0.097199999
;US-AK;1996;p99.9p100;2273243.3;;0.033;0.033
;US-AK;1996;p99.99p100;7510807.5;;0.0109;0.0109
;US-AK;1996;p90p100;229260.41;;0.3328;0.3328
;US-AK;1996;p90p95;151141.3;;0.1097;0.1097
;US-AK;1996;p95p99;216249.09;;0.1256;0.1256
;US-AK;1996;p99.5p99.9;627434.88;;0.036400001;0.036400001
;US-AK;1996;p99.9p99.99;1687420.3;;0.022;0.022
;US-AK;1996;p99p99.5;375528.5;;0.0273;0.0273
;US-AK;1996;p95p100;307084.5;;0.2229;0.2229
;US-AK;1996;p0p90;51133.602;;0.6681;0.6681
;US-AK;1996;p0p99;62814.602;;0.90280002;0.90280002
;US-AK;1996;p99.5p100;962306.69;;0.069799997;0.069799997
;US-AK;1995;p0p100;164019.3;16973171884.0;1.0;1.0
;US-AK;1995;p99p100;621368.0;;0.090300001;0.090300001
;US-AK;1995;p99.9p100;1994522.9;;0.028999999;0.028999999
;US-AK;1995;p99.99p100;6237118.5;;0.0091000004;0.0091000004
;US-AK;1995;p90p100;221841.0;;0.32260001;0.32260001
;US-AK;1995;p90p95;148589.3;;0.108;0.108
;US-AK;1995;p95p99;213384.59;;0.1241;0.1241
;US-AK;1995;p99.5p99.9;595412.0;;0.034600001;0.034600001
;US-AK;1995;p99.9p99.99;1523737.9;;0.0199;0.0199
;US-AK;1995;p99p99.5;363572.59;;0.0264;0.0264
;US-AK;1995;p95p100;294912.5;;0.21439999;0.21439999
;US-AK;1995;p0p90;51797.398;;0.6778;0.6778
;US-AK;1995;p0p99;63195.398;;0.90969998;0.90969998
;US-AK;1995;p99.5p100;878495.19;;0.063900001;0.063900001
;US-AK;1994;p0p100;163396.7;16721993581.0;1.0;1.0
;US-AK;1994;p99p100;578633.5;;0.088600002;0.088600002
;US-AK;1994;p99.9p100;1870827.3;;0.0286;0.0286
;US-AK;1994;p99.99p100;6071600.5;;0.0093;0.0093
;US-AK;1994;p90p100;214117.59;;0.32769999;0.32769999
;US-AK;1994;p90p95;147008.8;;0.1125;0.1125
;US-AK;1994;p95p99;206786.7;;0.1266;0.1266
;US-AK;1994;p99.5p99.9;550545.0;;0.0337;0.0337
;US-AK;1994;p99.9p99.99;1394802.1;;0.019200001;0.019200001
;US-AK;1994;p99p99.5;338449.5;;0.025900001;0.025900001
;US-AK;1994;p95p100;281089.0;;0.21510001;0.21510001
;US-AK;1994;p0p90;48836.602;;0.6728;0.6728
;US-AK;1994;p0p99;60146.898;;0.91140002;0.91140002
;US-AK;1994;p99.5p100;818199.63;;0.062600002;0.062600002
;US-AK;1993;p0p100;171857.91;16590601427.0;1.0;1.0
;US-AK;1993;p99p100;571311.38;;0.0867;0.0867
;US-AK;1993;p99.9p100;1766701.8;;0.026799999;0.026799999
;US-AK;1993;p99.99p100;5490013.0;;0.0082999999;0.0082999999
;US-AK;1993;p90p100;213590.8;;0.3242;0.3242
;US-AK;1993;p90p95;146885.2;;0.1115;0.1115
;US-AK;1993;p95p99;207454.2;;0.126;0.126
;US-AK;1993;p99.5p99.9;552272.38;;0.033500001;0.033500001
;US-AK;1993;p99.9p99.99;1342560.8;;0.018300001;0.018300001
;US-AK;1993;p99p99.5;342467.41;;0.026000001;0.026000001
;US-AK;1993;p95p100;280118.09;;0.21259999;0.21259999
;US-AK;1993;p0p90;49501.602;;0.67629999;0.67629999
;US-AK;1993;p0p99;60767.199;;0.91329998;0.91329998
;US-AK;1993;p99.5p100;798923.81;;0.060600001;0.060600001
;US-AK;1992;p0p100;186515.5;16498868164.0;1.0;1.0
;US-AK;1992;p99p100;610583.0;;0.089699998;0.089699998
;US-AK;1992;p99.9p100;1992365.4;;0.029300001;0.029300001
;US-AK;1992;p99.99p100;6457672.0;;0.0094999997;0.0094999997
;US-AK;1992;p90p100;220877.59;;0.32440001;0.32440001
;US-AK;1992;p90p95;151989.91;;0.1116;0.1116
;US-AK;1992;p95p99;209793.59;;0.1233;0.1233
;US-AK;1992;p99.5p99.9;586649.19;;0.034499999;0.034499999
;US-AK;1992;p99.9p99.99;1494126.8;;0.0198;0.0198
;US-AK;1992;p99p99.5;351201.69;;0.025800001;0.025800001
;US-AK;1992;p95p100;289982.69;;0.213;0.213
;US-AK;1992;p0p90;51108.898;;0.67559999;0.67559999
;US-AK;1992;p0p99;62602.5;;0.91030002;0.91030002
;US-AK;1992;p99.5p100;869548.63;;0.063900001;0.063900001
;US-AK;1991;p0p100;198663.3;16102722872.0;1.0;1.0
;US-AK;1991;p99p100;584319.69;;0.084700003;0.084700003
;US-AK;1991;p99.9p100;1860916.9;;0.027000001;0.027000001
;US-AK;1991;p99.99p100;5904881.0;;0.0086000003;0.0086000003
;US-AK;1991;p90p100;217454.0;;0.31529999;0.31529999
;US-AK;1991;p90p95;152792.91;;0.1108;0.1108
;US-AK;1991;p95p99;207232.3;;0.1202;0.1202
;US-AK;1991;p99.5p99.9;566167.88;;0.0328;0.0328
;US-AK;1991;p99.9p99.99;1410668.3;;0.0184;0.0184
;US-AK;1991;p99p99.5;342709.69;;0.024800001;0.024800001
;US-AK;1991;p95p100;282593.19;;0.2049;0.2049
;US-AK;1991;p0p90;52452.699;;0.68440002;0.68440002
;US-AK;1991;p0p99;63769.199;;0.91530001;0.91530001
;US-AK;1991;p99.5p100;825968.88;;0.059900001;0.059900001
;US-AK;1990;p0p100;219875.8;16185042242.0;1.0;1.0
;US-AK;1990;p99p100;807031.19;;0.1134;0.1134
;US-AK;1990;p99.9p100;3569434.3;;0.0502;0.0502
;US-AK;1990;p99.99p100;15560982.0;;0.0219;0.0219
;US-AK;1990;p90p100;241811.5;;0.33989999;0.33989999
;US-AK;1990;p90p95;153427.5;;0.1078;0.1078
;US-AK;1990;p95p99;210991.0;;0.1186;0.1186
;US-AK;1990;p99.5p99.9;688331.19;;0.038699999;0.038699999
;US-AK;1990;p99.9p99.99;2234369.0;;0.0283;0.0283
;US-AK;1990;p99p99.5;349898.41;;0.024599999;0.024599999
;US-AK;1990;p95p100;330217.0;;0.2321;0.2321
;US-AK;1990;p0p90;52183.199;;0.66009998;0.66009998
;US-AK;1990;p0p99;63712.5;;0.88660002;0.88660002
;US-AK;1990;p99.5p100;1264489.0;;0.0889;0.0889
;US-AK;1989;p0p100;277987.59;16071585869.0;1.0;1.0
;US-AK;1989;p99p100;733438.13;;0.089900002;0.089900002
;US-AK;1989;p99.9p100;2557450.5;;0.031300001;0.031300001
;US-AK;1989;p99.99p100;8810360.0;;0.0108;0.0108
;US-AK;1989;p90p100;241035.0;;0.29530001;0.29530001
;US-AK;1989;p90p95;155040.09;;0.094999999;0.094999999
;US-AK;1989;p95p99;218301.41;;0.107;0.107
;US-AK;1989;p99.5p99.9;663971.19;;0.032499999;0.032499999
;US-AK;1989;p99.9p99.99;1795409.3;;0.0198;0.0198
;US-AK;1989;p99p99.5;385567.5;;0.023600001;0.023600001
;US-AK;1989;p95p100;326001.31;;0.1997;0.1997
;US-AK;1989;p0p90;64496.102;;0.71130002;0.71130002
;US-AK;1989;p0p99;75027.102;;0.91009998;0.91009998
;US-AK;1989;p99.5p100;1065225.6;;0.065300003;0.065300003
;US-AK;1988;p0p100;288038.69;15632218044.0;1.0;1.0
;US-AK;1988;p99p100;660615.63;;0.085000001;0.085000001
;US-AK;1988;p99.9p100;2257637.3;;0.029100001;0.029100001
;US-AK;1988;p99.99p100;7402299.5;;0.0094999997;0.0094999997
;US-AK;1988;p90p100;222450.7;;0.28619999;0.28619999
;US-AK;1988;p90p95;145748.5;;0.093800001;0.093800001
;US-AK;1988;p95p99;197665.91;;0.1017;0.1017
;US-AK;1988;p99.5p99.9;590521.19;;0.030400001;0.030400001
;US-AK;1988;p99.9p99.99;1599406.5;;0.0185;0.0185
;US-AK;1988;p99p99.5;340516.5;;0.0219;0.0219
;US-AK;1988;p95p100;297474.59;;0.19140001;0.19140001
;US-AK;1988;p0p90;62526.301;;0.72409999;0.72409999
;US-AK;1988;p0p99;71824.203;;0.91500002;0.91500002
;US-AK;1988;p99.5p100;956360.63;;0.061500002;0.061500002
;US-AK;1987;p0p100;284550.5;15236831800.0;1.0;1.0
;US-AK;1987;p99p100;544808.0;;0.076300003;0.076300003
;US-AK;1987;p99.9p100;1700449.6;;0.023800001;0.023800001
;US-AK;1987;p99.99p100;5342007.5;;0.0074999998;0.0074999998
;US-AK;1987;p90p100;203986.5;;0.28560001;0.28560001
;US-AK;1987;p90p95;141866.2;;0.099299997;0.099299997
;US-AK;1987;p95p99;190608.7;;0.1067;0.1067
;US-AK;1987;p99.5p99.9;504110.0;;0.028200001;0.028200001
;US-AK;1987;p99.9p99.99;1242183.8;;0.015699999;0.015699999
;US-AK;1987;p99p99.5;314171.69;;0.022;0.022
;US-AK;1987;p95p100;265369.0;;0.1857;0.1857
;US-AK;1987;p0p90;57194.398;;0.72060001;0.72060001
;US-AK;1987;p0p99;66650.5;;0.92369998;0.92369998
;US-AK;1987;p99.5p100;762156.0;;0.053300001;0.053300001
;US-AK;1986;p0p100;349111.69;17461201928.0;1.0;1.0
;US-AK;1986;p99p100;700571.13;;0.0854;0.0854
;US-AK;1986;p99.9p100;2573912.0;;0.031399999;0.031399999
;US-AK;1986;p99.99p100;9174349.0;;0.0112;0.0112
;US-AK;1986;p90p100;229601.2;;0.28;0.28
;US-AK;1986;p90p95;148667.0;;0.090599999;0.090599999
;US-AK;1986;p95p99;202085.8;;0.0986;0.0986
;US-AK;1986;p99.5p99.9;606188.13;;0.0296;0.0296
;US-AK;1986;p99.9p99.99;1716180.8;;0.0188;0.0188
;US-AK;1986;p99p99.5;342529.59;;0.0209;0.0209
;US-AK;1986;p95p100;308679.0;;0.1882;0.1882
;US-AK;1986;p0p90;66542.102;;0.73030001;0.73030001
;US-AK;1986;p0p99;75755.898;;0.91460001;0.91460001
;US-AK;1986;p99.5p100;1033282.4;;0.063000001;0.063000001
;US-AK;1985;p0p100;367965.41;17032252716.0;1.0;1.0
;US-AK;1985;p99p100;619559.38;;0.074299999;0.074299999
;US-AK;1985;p99.9p100;2144393.5;;0.025699999;0.025699999
;US-AK;1985;p99.99p100;7242379.0;;0.0087000001;0.0087000001
;US-AK;1985;p90p100;225045.41;;0.26989999;0.26989999
;US-AK;1985;p90p95;154946.91;;0.092900001;0.092900001
;US-AK;1985;p95p99;207027.2;;0.099299997;0.099299997
;US-AK;1985;p99.5p99.9;537975.38;;0.025800001;0.025800001
;US-AK;1985;p99.9p99.99;1450507.9;;0.015699999;0.015699999
;US-AK;1985;p99p99.5;334330.41;;0.02;0.02
;US-AK;1985;p95p100;294106.41;;0.17640001;0.17640001
;US-AK;1985;p0p90;68338.102;;0.73760003;0.73760003
;US-AK;1985;p0p99;77970.102;;0.92570001;0.92570001
;US-AK;1985;p99.5p100;887054.19;;0.053199999;0.053199999
;US-AK;1984;p0p100;396575.91;16414443418.0;1.0;1.0
;US-AK;1984;p99p100;613263.38;;0.072999999;0.072999999
;US-AK;1984;p99.9p100;2105057.0;;0.0251;0.0251
;US-AK;1984;p99.99p100;7327350.5;;0.0087000001;0.0087000001
;US-AK;1984;p90p100;229966.0;;0.27379999;0.27379999
;US-AK;1984;p90p95;161895.0;;0.0964;0.0964
;US-AK;1984;p95p99;213989.91;;0.1019;0.1019
;US-AK;1984;p99.5p99.9;531051.0;;0.0253;0.0253
;US-AK;1984;p99.9p99.99;1396649.4;;0.015;0.015
;US-AK;1984;p99p99.5;339196.0;;0.020199999;0.020199999
;US-AK;1984;p95p100;297734.91;;0.1772;0.1772
;US-AK;1984;p0p90;68375.898;;0.73259997;0.73259997
;US-AK;1984;p0p99;78656.398;;0.92699999;0.92699999
;US-AK;1984;p99.5p100;871832.88;;0.051899999;0.051899999
;US-AK;1983;p0p100;542205.81;16324201670.0;1.0;1.0
;US-AK;1983;p99p100;566456.13;;0.0557;0.0557
;US-AK;1983;p99.9p100;1749167.8;;0.017200001;0.017200001
;US-AK;1983;p99.99p100;5824174.0;;0.0057000001;0.0057000001
;US-AK;1983;p90p100;234397.8;;0.2306;0.2306
;US-AK;1983;p90p95;175496.5;;0.086300001;0.086300001
;US-AK;1983;p95p99;223851.7;;0.088100001;0.088100001
;US-AK;1983;p99.5p99.9;516276.59;;0.020300001;0.020300001
;US-AK;1983;p99.9p99.99;1231854.3;;0.0109;0.0109
;US-AK;1983;p99p99.5;342615.09;;0.016899999;0.016899999
;US-AK;1983;p95p100;294580.5;;0.14489999;0.14489999
;US-AK;1983;p0p90;87174.602;;0.77179998;0.77179998
;US-AK;1983;p0p99;96960.398;;0.9443;0.9443
;US-AK;1983;p99.5p100;779953.19;;0.038400002;0.038400002
;US-AK;1982;p0p100;523584.81;15118285190.0;1.0;1.0
;US-AK;1982;p99p100;641856.5;;0.0682;0.0682
;US-AK;1982;p99.9p100;2482674.5;;0.0264;0.0264
;US-AK;1982;p99.99p100;10308144.0;;0.0109;0.0109
;US-AK;1982;p90p100;258920.09;;0.27500001;0.27500001
;US-AK;1982;p90p95;300550.31;;0.1596;0.1596
;US-AK;1982;p95p99;140592.7;;0.059700001;0.059700001
;US-AK;1982;p99.5p99.9;563220.63;;0.0239;0.0239
;US-AK;1982;p99.9p99.99;1613177.8;;0.0154;0.0154
;US-AK;1982;p99p99.5;336601.69;;0.017899999;0.017899999
;US-AK;1982;p95p100;236908.7;;0.1258;0.1258
;US-AK;1982;p0p90;74528.797;;0.71249998;0.71249998
;US-AK;1982;p0p99;88613.297;;0.93180001;0.93180001
;US-AK;1982;p99.5p100;947111.38;;0.050299998;0.050299998
;US-AK;1981;p0p100;522532.31;13832379604.0;1.0;1.0
;US-AK;1981;p99p100;463874.41;;0.055500001;0.055500001
;US-AK;1981;p99.9p100;1310487.1;;0.015699999;0.015699999
;US-AK;1981;p99.99p100;3800351.8;;0.0044999998;0.0044999998
;US-AK;1981;p90p100;214297.3;;0.25639999;0.25639999
;US-AK;1981;p90p95;184171.41;;0.1102;0.1102
;US-AK;1981;p95p99;191531.5;;0.091700003;0.091700003
;US-AK;1981;p99.5p99.9;447385.19;;0.021400001;0.021400001
;US-AK;1981;p99.9p99.99;1031909.9;;0.0111;0.0111
;US-AK;1981;p99p99.5;305345.81;;0.018300001;0.018300001
;US-AK;1981;p95p100;246349.0;;0.14740001;0.14740001
;US-AK;1981;p0p90;68968.602;;0.7428;0.7428
;US-AK;1981;p0p99;79725.102;;0.94450003;0.94450003
;US-AK;1981;p99.5p100;621734.19;;0.0372;0.0372
;US-AK;1980;p0p100;643425.5;13515005805.0;1.0;1.0
;US-AK;1980;p99p100;438054.31;;0.051100001;0.051100001
;US-AK;1980;p99.9p100;1116567.0;;0.013;0.013
;US-AK;1980;p99.99p100;3082725.3;;0.0035999999;0.0035999999
;US-AK;1980;p90p100;212092.7;;0.2472;0.2472
;US-AK;1980;p90p95;184635.0;;0.1076;0.1076
;US-AK;1980;p95p99;189038.3;;0.088100001;0.088100001
;US-AK;1980;p99.5p99.9;433761.5;;0.020199999;0.020199999
;US-AK;1980;p99.9p99.99;896966.31;;0.0093999999;0.0093999999
;US-AK;1980;p99p99.5;304944.91;;0.0178;0.0178
;US-AK;1980;p95p100;238984.2;;0.1393;0.1393
;US-AK;1980;p0p90;71800.203;;0.75319999;0.75319999
;US-AK;1980;p0p99;82230.5;;0.94889998;0.94889998
;US-AK;1980;p99.5p100;571031.88;;0.033300001;0.033300001
;US-AK;1979;p0p100;791284.5;13046942160.0;1.0;1.0
;US-AK;1979;p99p100;444091.81;;0.052000001;0.052000001
;US-AK;1979;p99.9p100;1164825.1;;0.0136;0.0136
;US-AK;1979;p99.99p100;3518504.8;;0.0041;0.0041
;US-AK;1979;p90p100;209252.91;;0.2448;0.2448
;US-AK;1979;p90p95;159432.5;;0.0933;0.0933
;US-AK;1979;p95p99;212030.5;;0.099200003;0.099200003
;US-AK;1979;p99.5p99.9;436885.5;;0.020400001;0.020400001
;US-AK;1979;p99.9p99.99;902492.69;;0.0094999997;0.0094999997
;US-AK;1979;p99p99.5;306096.81;;0.017899999;0.017899999
;US-AK;1979;p95p100;258356.41;;0.15109999;0.15109999
;US-AK;1979;p0p90;71752.703;;0.75550002;0.75550002
;US-AK;1979;p0p99;81849.898;;0.94800001;0.94800001
;US-AK;1979;p99.5p100;582940.88;;0.0341;0.0341
;US-AK;1978;p0p100;1013040.2;13088768035.0;1.0;1.0
;US-AK;1978;p99p100;438072.19;;0.048099998;0.048099998
;US-AK;1978;p99.9p100;1018725.9;;0.0112;0.0112
;US-AK;1978;p99.99p100;2259981.5;;0.0024999999;0.0024999999
;US-AK;1978;p90p100;214389.91;;0.2353;0.2353
;US-AK;1978;p90p95;162380.09;;0.089100003;0.089100003
;US-AK;1978;p95p99;223312.8;;0.097999997;0.097999997
;US-AK;1978;p99.5p99.9;446797.69;;0.0196;0.0196
;US-AK;1978;p99.9p99.99;879747.31;;0.0087000001;0.0087000001
;US-AK;1978;p99p99.5;314750.5;;0.0173;0.0173
;US-AK;1978;p95p100;265744.0;;0.14579999;0.14579999
;US-AK;1978;p0p90;77445.898;;0.76480001;0.76480001
;US-AK;1978;p0p99;87627.102;;0.95190001;0.95190001
;US-AK;1978;p99.5p100;561747.31;;0.0308;0.0308
;US-AK;1977;p0p100;1288578.5;13730669061.0;1.0;1.0
;US-AK;1977;p99p100;474482.09;;0.047400001;0.047400001
;US-AK;1977;p99.9p100;1157505.8;;0.0116;0.0116
;US-AK;1977;p99.99p100;2869997.5;;0.0029;0.0029
;US-AK;1977;p90p100;225434.59;;0.2251;0.2251
;US-AK;1977;p90p95;175366.2;;0.0876;0.0876
;US-AK;1977;p95p99;225743.3;;0.0902;0.0902
;US-AK;1977;p99.5p99.9;480375.69;;0.019200001;0.019200001
;US-AK;1977;p99.9p99.99;965731.38;;0.0087000001;0.0087000001
;US-AK;1977;p99p99.5;332939.81;;0.0166;0.0166
;US-AK;1977;p95p100;275572.41;;0.1376;0.1376
;US-AK;1977;p0p90;86220.602;;0.77490002;0.77490002
;US-AK;1977;p0p99;96357.703;;0.9526;0.9526
;US-AK;1977;p99.5p100;616252.31;;0.0308;0.0308
;US-AK;1976;p0p100;1590575.3;14273817427.0;1.0;1.0
;US-AK;1976;p99p100;470491.19;;0.043200001;0.043200001
;US-AK;1976;p99.9p100;1180422.1;;0.0108;0.0108
;US-AK;1976;p99.99p100;3237980.0;;0.003;0.003
;US-AK;1976;p90p100;233718.7;;0.2145;0.2145
;US-AK;1976;p90p95;183341.3;;0.084100001;0.084100001
;US-AK;1976;p95p99;237676.91;;0.087200001;0.087200001
;US-AK;1976;p99.5p99.9;475439.59;;0.0175;0.0175
;US-AK;1976;p99.9p99.99;952060.88;;0.0078999996;0.0078999996
;US-AK;1976;p99p99.5;324028.19;;0.0149;0.0149
;US-AK;1976;p95p100;284230.91;;0.1304;0.1304
;US-AK;1976;p0p90;95108.898;;0.78549999;0.78549999
;US-AK;1976;p0p99;105323.0;;0.95679998;0.95679998
;US-AK;1976;p99.5p100;616869.81;;0.0283;0.0283
;US-AK;1975;p0p100;1631500.9;12511670250.0;1.0;1.0
;US-AK;1975;p99p100;466987.31;;0.046700001;0.046700001
;US-AK;1975;p99.9p100;1152657.3;;0.0115;0.0115
;US-AK;1975;p99.99p100;3010231.8;;0.003;0.003
;US-AK;1975;p90p100;220327.5;;0.22050001;0.22050001
;US-AK;1975;p90p95;171105.91;;0.085600004;0.085600004
;US-AK;1975;p95p99;220446.09;;0.088200003;0.088200003
;US-AK;1975;p99.5p99.9;469938.69;;0.0188;0.0188
;US-AK;1975;p99.9p99.99;947185.5;;0.0085000005;0.0085000005
;US-AK;1975;p99p99.5;326598.59;;0.0163;0.0163
;US-AK;1975;p95p100;269734.59;;0.13500001;0.13500001
;US-AK;1975;p0p90;86545.797;;0.77950001;0.77950001
;US-AK;1975;p0p99;96223.0;;0.9533;0.9533
;US-AK;1975;p99.5p100;607011.38;;0.030400001;0.030400001
;US-AK;1974;p0p100;1626459.8;10008749981.0;1.0;1.0
;US-AK;1974;p99p100;698655.38;;0.083499998;0.083499998
;US-AK;1974;p99.9p100;2319128.0;;0.0277;0.0277
;US-AK;1974;p99.99p100;8257245.0;;0.0098999999;0.0098999999
;US-AK;1974;p90p100;229658.7;;0.27450001;0.27450001
;US-AK;1974;p90p95;144483.59;;0.086400002;0.086400002
;US-AK;1974;p95p99;219911.59;;0.1052;0.1052
;US-AK;1974;p99.5p99.9;672023.31;;0.032099999;0.032099999
;US-AK;1974;p99.9p99.99;1676779.0;;0.017999999;0.017999999
;US-AK;1974;p99p99.5;403367.0;;0.0241;0.0241
;US-AK;1974;p95p100;314772.41;;0.1881;0.1881
;US-AK;1974;p0p90;67325.602;;0.72430003;0.72430003
;US-AK;1974;p0p99;77441.297;;0.91649997;0.91649997
;US-AK;1974;p99.5p100;996840.63;;0.059599999;0.059599999
;US-AK;1973;p0p100;1817973.9;8678043703.0;1.0;1.0
;US-AK;1973;p99p100;388366.09;;0.051199999;0.051199999
;US-AK;1973;p99.9p100;956501.88;;0.0126;0.0126
;US-AK;1973;p99.99p100;2460338.0;;0.0031999999;0.0031999999
;US-AK;1973;p90p100;177823.0;;0.23450001;0.23450001
;US-AK;1973;p90p95;135388.3;;0.089299999;0.089299999
;US-AK;1973;p95p99;178287.41;;0.093999997;0.093999997
;US-AK;1973;p99.5p99.9;407072.59;;0.021500001;0.021500001
;US-AK;1973;p99.9p99.99;788764.19;;0.0093999999;0.0093999999
;US-AK;1973;p99p99.5;259383.0;;0.017100001;0.017100001
;US-AK;1973;p95p100;220315.59;;0.1452;0.1452
;US-AK;1973;p0p90;64509.199;;0.76550001;0.76550001
;US-AK;1973;p0p99;72683.5;;0.94880003;0.94880003
;US-AK;1973;p99.5p100;516939.0;;0.0341;0.0341
;US-AK;1972;p0p100;2083789.1;8428580040.0;1.0;1.0
;US-AK;1972;p99p100;371623.31;;0.0482;0.0482
;US-AK;1972;p99.9p100;886230.5;;0.0115;0.0115
;US-AK;1972;p99.99p100;2127041.8;;0.0027999999;0.0027999999
;US-AK;1972;p90p100;172605.8;;0.22400001;0.22400001
;US-AK;1972;p90p95;131771.0;;0.085500002;0.085500002
;US-AK;1972;p95p99;173966.3;;0.090300001;0.090300001
;US-AK;1972;p99.5p99.9;394960.69;;0.020500001;0.020500001
;US-AK;1972;p99.9p99.99;748054.88;;0.0087000001;0.0087000001
;US-AK;1972;p99p99.5;249336.0;;0.0162;0.0162
;US-AK;1972;p95p100;213506.2;;0.13860001;0.13860001
;US-AK;1972;p0p90;66429.797;;0.77600002;0.77600002
;US-AK;1972;p0p99;74071.0;;0.95179999;0.95179999
;US-AK;1972;p99.5p100;493910.5;;0.032099999;0.032099999
;US-AK;1971;p0p100;2211119.0;8018157875.0;1.0;1.0
;US-AK;1971;p99p100;370325.81;;0.048300002;0.048300002
;US-AK;1971;p99.9p100;881618.5;;0.0115;0.0115
;US-AK;1971;p99.99p100;1969116.6;;0.0026;0.0026
;US-AK;1971;p90p100;177437.91;;0.23119999;0.23119999
;US-AK;1971;p90p95;131971.5;;0.086000003;0.086000003
;US-AK;1971;p95p99;186203.09;;0.097000003;0.097000003
;US-AK;1971;p99.5p99.9;394107.0;;0.020500001;0.020500001
;US-AK;1971;p99.9p99.99;761308.63;;0.0088999998;0.0088999998
;US-AK;1971;p99p99.5;248299.7;;0.0162;0.0162
;US-AK;1971;p95p100;223003.5;;0.1453;0.1453
;US-AK;1971;p0p90;65557.398;;0.76880002;0.76880002
;US-AK;1971;p0p99;73782.898;;0.95169997;0.95169997
;US-AK;1971;p99.5p100;492203.69;;0.032099999;0.032099999
;US-AK;1970;p0p100;2412682.5;7654363193.0;1.0;1.0
;US-AK;1970;p99p100;350348.69;;0.045600001;0.045600001
;US-AK;1970;p99.9p100;855037.69;;0.0111;0.0111
;US-AK;1970;p99.99p100;2984303.3;;0.0038999999;0.0038999999
;US-AK;1970;p90p100;165934.0;;0.2159;0.2159
;US-AK;1970;p90p95;128072.9;;0.083300002;0.083300002
;US-AK;1970;p95p99;167444.5;;0.087099999;0.087099999
;US-AK;1970;p99.5p99.9;358674.69;;0.0187;0.0187
;US-AK;1970;p99.9p99.99;618374.81;;0.0071999999;0.0071999999
;US-AK;1970;p99p99.5;242125.09;;0.015799999;0.015799999
;US-AK;1970;p95p100;203955.2;;0.1327;0.1327
;US-AK;1970;p0p90;66955.602;;0.78399998;0.78399998
;US-AK;1970;p0p99;74099.297;;0.9544;0.9544
;US-AK;1970;p99.5p100;458353.59;;0.0298;0.0298
;US-AK;1969;p0p100;2611085.8;7204535071.0;1.0;1.0
;US-AK;1969;p99p100;352049.59;;0.0473;0.0473
;US-AK;1969;p99.9p100;891948.13;;0.012;0.012
;US-AK;1969;p99.99p100;2978917.3;;0.0040000002;0.0040000002
;US-AK;1969;p90p100;174153.3;;0.234;0.234
;US-AK;1969;p90p95;129092.7;;0.0867;0.0867
;US-AK;1969;p95p99;186292.41;;0.1001;0.1001
;US-AK;1969;p99.5p99.9;346516.0;;0.0186;0.0186
;US-AK;1969;p99.9p99.99;661851.38;;0.0080000004;0.0080000004
;US-AK;1969;p99p99.5;248440.59;;0.0167;0.0167
;US-AK;1969;p95p100;219295.09;;0.1473;0.1473
;US-AK;1969;p0p90;63326.199;;0.7658;0.7658
;US-AK;1969;p0p99;71617.5;;0.95270002;0.95270002
;US-AK;1969;p99.5p100;455951.69;;0.0306;0.0306
;US-AK;1968;p0p100;2785341.0;6729704561.0;1.0;1.0
;US-AK;1968;p99p100;337829.59;;0.0473;0.0473
;US-AK;1968;p99.9p100;845277.5;;0.0118;0.0118
;US-AK;1968;p99.99p100;2297118.5;;0.0031999999;0.0031999999
;US-AK;1968;p90p100;153641.91;;0.21520001;0.21520001
;US-AK;1968;p90p95;117340.8;;0.082199998;0.082199998
;US-AK;1968;p95p99;152735.0;;0.085600004;0.085600004
;US-AK;1968;p99.5p99.9;360426.31;;0.020199999;0.020199999
;US-AK;1968;p99.9p99.99;687770.19;;0.0087000001;0.0087000001
;US-AK;1968;p99p99.5;218396.91;;0.0153;0.0153
;US-AK;1968;p95p100;189797.5;;0.1329;0.1329
;US-AK;1968;p0p90;62247.0;;0.78479999;0.78479999
;US-AK;1968;p0p99;68689.797;;0.95270002;0.95270002
;US-AK;1968;p99.5p100;457103.41;;0.032000002;0.032000002
;US-AK;1967;p0p100;2988439.5;6475804764.0;1.0;1.0
;US-AK;1967;p99p100;335860.69;;0.047600001;0.047600001
;US-AK;1967;p99.9p100;677172.88;;0.0096000005;0.0096000005
;US-AK;1967;p99.99p100;1759829.1;;0.0024999999;0.0024999999
;US-AK;1967;p90p100;152496.91;;0.21619999;0.21619999
;US-AK;1967;p90p95;118470.2;;0.083999999;0.083999999
;US-AK;1967;p95p99;149677.41;;0.084899999;0.084899999
;US-AK;1967;p99.5p99.9;365824.91;;0.0207;0.0207
;US-AK;1967;p99.9p99.99;557535.63;;0.0071;0.0071
;US-AK;1967;p99p99.5;243695.7;;0.0173;0.0173
;US-AK;1967;p95p100;186795.8;;0.13240001;0.13240001
;US-AK;1967;p0p90;61419.699;;0.78350002;0.78350002
;US-AK;1967;p0p99;67868.0;;0.95240003;0.95240003
;US-AK;1967;p99.5p100;428177.91;;0.030300001;0.030300001
;US-AK;1966;p0p100;3029797.0;6009635706.0;1.0;1.0
;US-AK;1966;p99p100;306462.19;;0.045499999;0.045499999
;US-AK;1966;p99.9p100;693338.63;;0.0103;0.0103
;US-AK;1966;p99.99p100;2073452.3;;0.0031000001;0.0031000001
;US-AK;1966;p90p100;147186.0;;0.21870001;0.21870001
;US-AK;1966;p90p95;116798.2;;0.086800002;0.086800002
;US-AK;1966;p95p99;146594.41;;0.087099999;0.087099999
;US-AK;1966;p99.5p99.9;320843.0;;0.019099999;0.019099999
;US-AK;1966;p99.9p99.99;540288.31;;0.0071999999;0.0071999999
;US-AK;1966;p99p99.5;215935.3;;0.016000001;0.016000001
;US-AK;1966;p95p100;178479.5;;0.13259999;0.13259999
;US-AK;1966;p0p90;58383.5;;0.78070003;0.78070003
;US-AK;1966;p0p99;64889.699;;0.95450002;0.95450002
;US-AK;1966;p99.5p100;396529.0;;0.0295;0.0295
;US-AK;1965;p0p100;3195414.0;5823394174.0;1.0;1.0
;US-AK;1965;p99p100;361022.91;;0.053800002;0.053800002
;US-AK;1965;p99.9p100;731248.0;;0.0109;0.0109
;US-AK;1965;p99.99p100;1935312.3;;0.0029;0.0029
;US-AK;1965;p90p100;145195.41;;0.2164;0.2164
;US-AK;1965;p90p95;111070.5;;0.082800001;0.082800001
;US-AK;1965;p95p99;133832.2;;0.079800002;0.079800002
;US-AK;1965;p99.5p99.9;367372.0;;0.0219;0.0219
;US-AK;1965;p99.9p99.99;596145.63;;0.0080000004;0.0080000004
;US-AK;1965;p99p99.5;281093.69;;0.0209;0.0209
;US-AK;1965;p95p100;179287.59;;0.1336;0.1336
;US-AK;1965;p0p90;58426.602;;0.78369999;0.78369999
;US-AK;1965;p0p99;64126.801;;0.94620001;0.94620001
;US-AK;1965;p99.5p100;440616.5;;0.0328;0.0328
;US-AK;1964;p0p100;3202559.3;5489108816.0;1.0;1.0
;US-AK;1964;p99p100;328113.0;;0.0504;0.0504
;US-AK;1964;p99.9p100;660414.81;;0.0101;0.0101
;US-AK;1964;p99.99p100;1618769.3;;0.0024999999;0.0024999999
;US-AK;1964;p90p100;137395.0;;0.211;0.211
;US-AK;1964;p90p95;107104.2;;0.082199998;0.082199998
;US-AK;1964;p95p99;127516.2;;0.078299999;0.078299999
;US-AK;1964;p99.5p99.9;335146.69;;0.0206;0.0206
;US-AK;1964;p99.9p99.99;553461.63;;0.0076000001;0.0076000001
;US-AK;1964;p99p99.5;254802.8;;0.0196;0.0196
;US-AK;1964;p95p100;167553.7;;0.1286;0.1286
;US-AK;1964;p0p90;57108.301;;0.78920001;0.78920001
;US-AK;1964;p0p99;62471.5;;0.94959998;0.94959998
;US-AK;1964;p99.5p100;400431.19;;0.0307;0.0307
;US-AK;1963;p0p100;3041266.8;4925072019.0;1.0;1.0
;US-AK;1963;p99p100;249796.41;;0.041499998;0.041499998
;US-AK;1963;p99.9p100;582923.81;;0.0097000003;0.0097000003
;US-AK;1963;p99.99p100;1372922.5;;0.0023000001;0.0023000001
;US-AK;1963;p90p100;123358.8;;0.20469999;0.20469999
;US-AK;1963;p90p95;97939.5;;0.081299998;0.081299998
;US-AK;1963;p95p99;123526.5;;0.082000002;0.082000002
;US-AK;1963;p99.5p99.9;265295.31;;0.0176;0.0176
;US-AK;1963;p99.9p99.99;496317.91;;0.0074;0.0074
;US-AK;1963;p99p99.5;170291.3;;0.0141;0.0141
;US-AK;1963;p95p100;148780.5;;0.1234;0.1234
;US-AK;1963;p0p90;53252.699;;0.79530001;0.79530001
;US-AK;1963;p0p99;58347.602;;0.95850003;0.95850003
;US-AK;1963;p99.5p100;329291.59;;0.0273;0.0273
;US-AK;1962;p0p100;2984252.0;4562093691.0;1.0;1.0
;US-AK;1962;p99p100;238944.3;;0.041499998;0.041499998
;US-AK;1962;p99.9p100;544909.63;;0.0094999997;0.0094999997
;US-AK;1962;p99.99p100;1108651.8;;0.0019;0.0019
;US-AK;1962;p90p100;121018.7;;0.2101;0.2101
;US-AK;1962;p90p95;94999.5;;0.082500003;0.082500003
;US-AK;1962;p95p99;124063.2;;0.086199999;0.086199999
;US-AK;1962;p99.5p99.9;257686.41;;0.017899999;0.017899999
;US-AK;1962;p99.9p99.99;484488.31;;0.0076000001;0.0076000001
;US-AK;1962;p99p99.5;161956.91;;0.0141;0.0141
;US-AK;1962;p95p100;147039.91;;0.1276;0.1276
;US-AK;1962;p0p90;50551.699;;0.7899;0.7899
;US-AK;1962;p0p99;55764.699;;0.95850003;0.95850003
;US-AK;1962;p99.5p100;315920.81;;0.0274;0.0274
;US-AK;1961;p0p100;3091837.5;4485693517.0;1.0;1.0
;US-AK;1961;p99p100;280139.59;;0.047899999;0.047899999
;US-AK;1961;p99.9p100;705946.5;;0.0121;0.0121
;US-AK;1961;p99.99p100;1707871.0;;0.0029;0.0029
;US-AK;1961;p90p100;121418.4;;0.2076;0.2076
;US-AK;1961;p90p95;91645.398;;0.078299999;0.078299999
;US-AK;1961;p95p99;118969.3;;0.0814;0.0814
;US-AK;1961;p99.5p99.9;300293.19;;0.020500001;0.020500001
;US-AK;1961;p99.9p99.99;595318.63;;0.0092000002;0.0092000002
;US-AK;1961;p99p99.5;178666.59;;0.0153;0.0153
;US-AK;1961;p95p100;151196.7;;0.1292;0.1292
;US-AK;1961;p0p90;51501.301;;0.7924;0.7924
;US-AK;1961;p0p99;56254.398;;0.95209998;0.95209998
;US-AK;1961;p99.5p100;381618.69;;0.032600001;0.032600001
;US-AK;1960;p0p100;3317510.3;4561242176.0;1.0;1.0
;US-AK;1960;p99p100;255232.09;;0.041499998;0.041499998
;US-AK;1960;p99.9p100;452074.59;;0.0073000002;0.0073000002
;US-AK;1960;p99.99p100;614381.63;;0.001;0.001
;US-AK;1960;p90p100;125486.5;;0.204;0.204
;US-AK;1960;p90p95;94888.0;;0.077100001;0.077100001
;US-AK;1960;p95p99;131303.7;;0.0854;0.0854
;US-AK;1960;p99.5p99.9;342305.31;;0.022299999;0.022299999
;US-AK;1960;p99.9p99.99;436624.31;;0.0063999998;0.0063999998
;US-AK;1960;p99p99.5;144457.5;;0.0117;0.0117
;US-AK;1960;p95p100;156083.41;;0.1269;0.1269
;US-AK;1960;p0p90;54407.898;;0.79610002;0.79610002
;US-AK;1960;p0p99;59552.699;;0.95850003;0.95850003
;US-AK;1960;p99.5p100;366008.0;;0.0298;0.0298
;US-AK;1959;p0p100;3220054.5;4071232512.0;1.0;1.0
;US-AK;1959;p99p100;205816.2;;0.035700001;0.035700001
;US-AK;1959;p99.9p100;614157.81;;0.0106;0.0106
;US-AK;1959;p99.99p100;1476563.9;;0.0026;0.0026
;US-AK;1959;p90p100;109884.0;;0.1904;0.1904
;US-AK;1959;p90p95;89038.5;;0.077200003;0.077200003
;US-AK;1959;p95p99;111977.8;;0.077600002;0.077600002
;US-AK;1959;p99.5p99.9;173109.59;;0.012;0.012
;US-AK;1959;p99.9p99.99;519076.19;;0.0081000002;0.0081000002
;US-AK;1959;p99p99.5;150388.91;;0.013;0.013
;US-AK;1959;p95p100;130735.7;;0.1133;0.1133
;US-AK;1959;p0p90;51902.699;;0.80949998;0.80949998
;US-AK;1959;p0p99;56206.602;;0.96429998;0.96429998
;US-AK;1959;p99.5p100;261259.0;;0.022600001;0.022600001
;US-AK;1958;p0p100;3271026.5;3876754543.0;1.0;1.0
;US-AK;1958;p99p100;212393.09;;0.036699999;0.036699999
;US-AK;1958;p99.9p100;464389.41;;0.0080000004;0.0080000004
;US-AK;1958;p99.99p100;841604.88;;0.0015;0.0015
;US-AK;1958;p90p100;105148.1;;0.18189999;0.18189999
;US-AK;1958;p90p95;84340.602;;0.072899997;0.072899997
;US-AK;1958;p95p99;104355.7;;0.0722;0.0722
;US-AK;1958;p99.5p99.9;229453.3;;0.015900001;0.015900001
;US-AK;1958;p99.9p99.99;423839.09;;0.0066;0.0066
;US-AK;1958;p99p99.5;147795.09;;0.0128;0.0128
;US-AK;1958;p95p100;125961.2;;0.1089;0.1089
;US-AK;1958;p0p90;52555.0;;0.81809998;0.81809998
;US-AK;1958;p0p99;56251.699;;0.96329999;0.96329999
;US-AK;1958;p99.5p100;276987.91;;0.024;0.024
;US-AK;1957;p0p100;3749865.8;4001593952.0;1.0;1.0
;US-AK;1957;p99p100;209165.2;;0.033300001;0.033300001
;US-AK;1957;p99.9p100;461445.19;;0.0073000002;0.0073000002
;US-AK;1957;p99.99p100;853550.81;;0.0014;0.0014
;US-AK;1957;p90p100;115138.5;;0.1833;0.1833
;US-AK;1957;p90p95;88389.102;;0.0704;0.0704
;US-AK;1957;p95p99;125079.9;;0.079700001;0.079700001
;US-AK;1957;p99.5p99.9;259458.0;;0.0165;0.0165
;US-AK;1957;p99.9p99.99;418811.59;;0.0060000001;0.0060000001
;US-AK;1957;p99p99.5;117954.1;;0.0093999999;0.0093999999
;US-AK;1957;p95p100;141891.2;;0.113;0.113
;US-AK;1957;p0p90;56988.898;;0.81669998;0.81669998
;US-AK;1957;p0p99;61324.199;;0.96670002;0.96670002
;US-AK;1957;p99.5p100;300376.81;;0.0239;0.0239
;US-AK;1956;p0p100;4488068.0;4236338926.0;1.0;1.0
;US-AK;1956;p99p100;194676.8;;0.027799999;0.027799999
;US-AK;1956;p99.9p100;474110.5;;0.0068000001;0.0068000001
;US-AK;1956;p99.99p100;1000761.8;;0.0014;0.0014
;US-AK;1956;p90p100;106327.4;;0.1517;0.1517
;US-AK;1956;p90p95;89634.797;;0.063900001;0.063900001
;US-AK;1956;p95p99;106693.8;;0.060899999;0.060899999
;US-AK;1956;p99.5p99.9;154738.5;;0.0088;0.0088
;US-AK;1956;p99.9p99.99;417046.81;;0.0054000001;0.0054000001
;US-AK;1956;p99p99.5;170633.91;;0.0122;0.0122
;US-AK;1956;p95p100;124292.6;;0.088699996;0.088699996
;US-AK;1956;p0p90;65984.797;;0.84740001;0.84740001
;US-AK;1956;p0p99;68824.797;;0.97219998;0.97219998
;US-AK;1956;p99.5p100;218706.3;;0.0156;0.0156
;US-AK;1955;p0p100;4754706.0;4133516509.0;1.0;1.0
;US-AK;1955;p99p100;199553.2;;0.0277;0.0277
;US-AK;1955;p99.9p100;521185.81;;0.0071999999;0.0071999999
;US-AK;1955;p99.99p100;1050794.1;;0.0015;0.0015
;US-AK;1955;p90p100;106741.7;;0.1481;0.1481
;US-AK;1955;p90p95;101089.9;;0.070100002;0.070100002
;US-AK;1955;p95p99;94321.0;;0.052299999;0.052299999
;US-AK;1955;p99.5p99.9;198205.41;;0.011;0.011
;US-AK;1955;p99.9p99.99;462450.69;;0.0057999999;0.0057999999
;US-AK;1955;p99p99.5;136308.59;;0.0094999997;0.0094999997
;US-AK;1955;p95p100;115318.4;;0.079999998;0.079999998
;US-AK;1955;p0p90;68056.797;;0.84979999;0.84979999
;US-AK;1955;p0p99;70786.398;;0.97229999;0.97229999
;US-AK;1955;p99.5p100;262798.19;;0.018200001;0.018200001
;US-AK;1954;p0p100;;;1.0;1.0
;US-AK;1953;p0p100;;;1.0;1.0
;US-AK;1952;p0p100;;;1.0;1.0
;US-AK;1951;p0p100;;;1.0;1.0
;US-AK;1950;p0p100;;;1.0;1.0
;US-AK;1949;p0p100;;;1.0;1.0
;US-AK;1948;p0p100;;;1.0;1.0
;US-AK;1947;p0p100;;;1.0;1.0
;US-AK;1946;p0p100;;;1.0;1.0
;US-AK;1945;p0p100;;;1.0;1.0
;US-AK;1944;p0p100;;;1.0;1.0
;US-AK;1943;p0p100;;;1.0;1.0
;US-AK;1942;p0p100;11888122.0;2519360404.0;1.0;1.0
;US-AK;1942;p99p100;303898.31;;0.045499999;0.045499999
;US-AK;1942;p99.9p100;929814.31;;0.0139;0.0139
;US-AK;1942;p99.99p100;3204530.8;;0.0048000002;0.0048000002
;US-AK;1942;p90p100;97987.203;;0.1469;0.1469
;US-AK;1942;p90p95;63804.199;;0.047800001;0.047800001
;US-AK;1942;p95p99;89154.398;;0.053399999;0.053399999
;US-AK;1942;p99.5p99.9;302973.41;;0.018200001;0.018200001
;US-AK;1942;p99.9p99.99;677336.31;;0.0091000004;0.0091000004
;US-AK;1942;p99p99.5;179279.3;;0.0134;0.0134
;US-AK;1942;p95p100;132160.5;;0.098999999;0.098999999
;US-AK;1942;p0p90;63250.898;;0.85320002;0.85320002
;US-AK;1942;p0p99;64324.801;;0.95450002;0.95450002
;US-AK;1942;p99.5p100;428426.09;;0.032099999;0.032099999
;US-AK;1941;p0p100;12419217.0;2115407231.0;1.0;1.0
;US-AK;1941;p99p100;252719.41;;0.044399999;0.044399999
;US-AK;1941;p99.9p100;765613.81;;0.0135;0.0135
;US-AK;1941;p99.99p100;2020499.9;;0.0035000001;0.0035000001
;US-AK;1941;p90p100;82805.102;;0.1455;0.1455
;US-AK;1941;p90p95;55674.199;;0.048900001;0.048900001
;US-AK;1941;p95p99;74445.5;;0.052299999;0.052299999
;US-AK;1941;p99.5p99.9;254777.7;;0.017899999;0.017899999
;US-AK;1941;p99.9p99.99;625117.5;;0.0098999999;0.0098999999
;US-AK;1941;p99p99.5;148092.3;;0.013;0.013
;US-AK;1941;p95p100;110192.2;;0.096799999;0.096799999
;US-AK;1941;p0p90;54040.0;;0.85439998;0.85439998
;US-AK;1941;p0p99;54944.0;;0.95560002;0.95560002
;US-AK;1941;p99.5p100;357157.19;;0.031399999;0.031399999
;US-AK;1940;p0p100;11992971.0;1825504725.0;1.0;1.0
;US-AK;1940;p99p100;213676.0;;0.0429;0.0429
;US-AK;1940;p99.9p100;535943.63;;0.0107;0.0107
;US-AK;1940;p99.99p100;1174020.6;;0.0024000001;0.0024000001
;US-AK;1940;p90p100;73108.398;;0.14659999;0.14659999
;US-AK;1940;p90p95;47767.301;;0.047899999;0.047899999
;US-AK;1940;p95p99;69458.797;;0.0557;0.0557
;US-AK;1940;p99.5p99.9;226706.3;;0.018200001;0.018200001
;US-AK;1940;p99.9p99.99;463894.81;;0.0083999997;0.0083999997
;US-AK;1940;p99p99.5;138127.59;;0.0139;0.0139
;US-AK;1940;p95p100;98399.5;;0.098700002;0.098700002
;US-AK;1940;p0p90;47287.301;;0.85360003;0.85360003
;US-AK;1940;p0p99;48202.898;;0.95709997;0.95709997
;US-AK;1940;p99.5p100;288897.0;;0.028999999;0.028999999
;US-AK;1939;p0p100;11665413.0;1713742593.0;1.0;1.0
;US-AK;1939;p99p100;185501.91;;0.039000001;0.039000001
;US-AK;1939;p99.9p100;500915.81;;0.0105;0.0105
;US-AK;1939;p99.99p100;1201960.8;;0.0024999999;0.0024999999
;US-AK;1939;p90p100;66561.0;;0.1399;0.1399
;US-AK;1939;p90p95;47966.5;;0.0504;0.0504
;US-AK;1939;p95p99;61176.102;;0.051399998;0.051399998
;US-AK;1939;p99.5p99.9;192298.5;;0.0162;0.0162
;US-AK;1939;p99.9p99.99;422619.41;;0.0080000004;0.0080000004
;US-AK;1939;p99p99.5;116582.5;;0.0123;0.0123
;US-AK;1939;p95p100;86121.297;;0.090499997;0.090499997
;US-AK;1939;p0p90;45420.602;;0.8592;0.8592
;US-AK;1939;p0p99;46183.398;;0.96100003;0.96100003
;US-AK;1939;p99.5p100;254216.41;;0.026699999;0.026699999
;US-AK;1938;p0p100;;;1.0;1.0
;US-AK;1937;p0p100;;;1.0;1.0
;US-AK;1936;p0p100;;;1.0;1.0
;US-AK;1935;p0p100;;;1.0;1.0
;US-AK;1934;p0p100;;;1.0;1.0
;US-AK;1933;p0p100;;;1.0;1.0
;US-AK;1932;p0p100;;;1.0;1.0
;US-AK;1931;p0p100;;;1.0;1.0
;US-AK;1930;p0p100;;;1.0;1.0
;US-AK;1929;p0p100;;;1.0;1.0
;US-AK;1928;p0p100;;;1.0;1.0
;US-AK;1927;p0p100;;;1.0;1.0
;US-AK;1927;p0p90;;;1.0;1.0
;US-AK;1927;p0p99;;;1.0;1.0
;US-AK;1926;p0p100;;;1.0;1.0
;US-AK;1925;p0p100;;;1.0;1.0
;US-AK;1925;p0p90;;;1.0;1.0
;US-AK;1925;p0p99;;;1.0;1.0
;US-AK;1924;p0p100;;;1.0;1.0
;US-AK;1923;p0p100;;;1.0;1.0
;US-AK;1923;p0p90;;;1.0;1.0
;US-AK;1923;p0p99;;;1.0;1.0
;US-AK;1922;p0p100;;;1.0;1.0
;US-AK;1921;p0p100;;;1.0;1.0
;US-AK;1920;p0p100;4996967.0;1138767438.0;1.0;1.0
;US-AK;1920;p99p100;54007.602;;0.0127;0.0127
;US-AK;1920;p99.9p100;146362.7;;0.0035000001;0.0035000001
;US-AK;1920;p99.99p100;348826.5;;0.0008;0.0008
;US-AK;1920;p90p100;35347.301;;0.083400004;0.083400004
;US-AK;1920;p90p95;33416.0;;0.0394;0.0394
;US-AK;1920;p95p99;34019.699;;0.032099999;0.032099999
;US-AK;1920;p99.5p99.9;57032.301;;0.0054000001;0.0054000001
;US-AK;1920;p99.9p99.99;123866.7;;0.0026;0.0026
;US-AK;1920;p99p99.5;33116.801;;0.0038999999;0.0038999999
;US-AK;1920;p95p100;38017.301;;0.044799998;0.044799998
;US-AK;1920;p0p90;43137.199;;0.91579998;0.91579998
;US-AK;1920;p0p99;42277.801;;0.98729998;0.98729998
;US-AK;1920;p99.5p100;74898.398;;0.0088;0.0088
;US-AK;1919;p0p100;7488704.5;1246412847.0;1.0;1.0
;US-AK;1919;p99p100;60348.199;;0.0127;0.0127
;US-AK;1919;p99.9p100;202198.5;;0.0043000001;0.0043000001
;US-AK;1919;p99.99p100;480003.0;;0.001;0.001
;US-AK;1919;p90p100;41885.5;;0.088399999;0.088399999
;US-AK;1919;p90p95;37584.102;;0.039700001;0.039700001
;US-AK;1919;p95p99;44269.898;;0.0374;0.0374
;US-AK;1919;p99.5p99.9;61396.301;;0.0052;0.0052
;US-AK;1919;p99.9p99.99;171652.91;;0.0033;0.0033
;US-AK;1919;p99p99.5;31021.199;;0.0033;0.0033
;US-AK;1919;p95p100;47485.5;;0.050099999;0.050099999
;US-AK;1919;p0p90;47891.801;;0.9102;0.9102
;US-AK;1919;p0p99;47224.5;;0.98729998;0.98729998
;US-AK;1919;p99.5p100;89675.203;;0.0094999997;0.0094999997
;US-AK;1918;p0p100;9825626.0;1221821846.0;1.0;1.0
;US-AK;1918;p99p100;76431.898;;0.0162;0.0162
;US-AK;1918;p99.9p100;286187.5;;0.0060999999;0.0060999999
;US-AK;1918;p99.99p100;828620.19;;0.0018;0.0018
;US-AK;1918;p90p100;44187.0;;0.093800001;0.093800001
;US-AK;1918;p90p95;35796.602;;0.037999999;0.037999999
;US-AK;1918;p95p99;48715.199;;0.0414;0.0414
;US-AK;1918;p99.5p99.9;73791.797;;0.0063;0.0063
;US-AK;1918;p99.9p99.99;225921.0;;0.0043000001;0.0043000001
;US-AK;1918;p99p99.5;36593.301;;0.0038999999;0.0038999999
;US-AK;1918;p95p100;54258.199;;0.057599999;0.057599999
;US-AK;1918;p0p90;47330.199;;0.90439999;0.90439999
;US-AK;1918;p0p99;46803.602;;0.98379999;0.98379999
;US-AK;1918;p99.5p100;116270.6;;0.0123;0.0123
;US-AK;1917;p0p100;14345759.0;1291420020.0;1.0;1.0
;US-AK;1917;p99p100;141081.0;;0.0283;0.0283
;US-AK;1917;p99.9p100;471467.31;;0.0094999997;0.0094999997
;US-AK;1917;p99.99p100;1757081.8;;0.0035000001;0.0035000001
;US-AK;1917;p90p100;56503.398;;0.1133;0.1133
;US-AK;1917;p90p95;48409.602;;0.048599999;0.048599999
