Variable Name;.;.;.;Population | tax unit | Population | Adults | population;Number of tax returns | tax unit | Population | Adults | population
Variable Category;.;.;.;Other macro;Other macro
Variable Description;.;.;.;Number of individuals in a group. The population is comprised of individuals over age 20. The base unit is the tax unit defined by national fiscal administrations to measure personal income taxes.;Number of reports filed containing information used to calculate taxes. The population is comprised of individuals over age 20. The base unit is the tax unit defined by national fiscal administrations to measure personal income taxes.
Variable Decomposition;.;.;.;;
Variable Unit;.;.;.;population;population
Methodological Notes;.;.;.;;
Sources;.;.;.;WID.world computations using: Frank, Sommeiller, Price & Saez (2015);Frank, Sommeiller, Price & Saez (2015)
Variable Code;country;year;perc;npopul992t;ntaxre992t
;US-AK;2015;p0p100;351871.0;362250.0
;US-AK;2014;p0p100;351871.0;361130.0
;US-AK;2013;p0p100;351116.0;359140.0
;US-AK;2012;p0p100;350092.0;363090.0
;US-AK;2011;p0p100;343293.0;370819.0
;US-AK;2010;p0p100;334022.0;373765.0
;US-AK;2009;p0p100;322731.0;357870.0
;US-AK;2008;p0p100;318848.0;359709.0
;US-AK;2007;p0p100;307036.0;370608.0
;US-AK;2006;p0p100;306347.0;341329.0
;US-AK;2005;p0p100;299207.0;346927.0
;US-AK;2004;p0p100;296175.0;345209.0
;US-AK;2003;p0p100;281831.0;343032.0
;US-AK;2002;p0p100;274840.0;335663.0
;US-AK;2001;p0p100;270082.0;333061.0
;US-AK;2000;p0p100;262264.0;328747.0
;US-AK;1999;p0p100;257750.0;327510.0
;US-AK;1998;p0p100;260214.0;328972.0
;US-AK;1997;p0p100;256143.0;343154.0
;US-AK;1996;p0p100;250347.0;349245.0
;US-AK;1995;p0p100;246785.0;363303.0
;US-AK;1994;p0p100;255955.0;358369.0
;US-AK;1993;p0p100;251859.0;350473.0
;US-AK;1992;p0p100;242337.0;352619.0
;US-AK;1991;p0p100;233458.0;339215.0
;US-AK;1990;p0p100;227491.0;313610.0
;US-AK;1989;p0p100;196929.0;313505.0
;US-AK;1988;p0p100;201156.0;335723.0
;US-AK;1987;p0p100;213305.0;333527.0
;US-AK;1986;p0p100;212931.0;230883.0
;US-AK;1985;p0p100;204258.0;239485.0
;US-AK;1984;p0p100;195404.0;235342.0
;US-AK;1983;p0p100;160584.0;237345.0
;US-AK;1982;p0p100;160584.0;206625.0
;US-AK;1981;p0p100;165525.0;196403.0
;US-AK;1980;p0p100;157538.0;183214.0
;US-AK;1979;p0p100;152645.0;188339.0
;US-AK;1978;p0p100;143625.0;174983.0
;US-AK;1977;p0p100;137116.0;181591.0
;US-AK;1976;p0p100;130983.0;167741.0
;US-AK;1975;p0p100;125204.0;154800.0
;US-AK;1974;p0p100;119645.0;139615.0
;US-AK;1973;p0p100;114425.0;116011.0
;US-AK;1972;p0p100;109396.0;107084.0
;US-AK;1971;p0p100;104473.0;105057.0
;US-AK;1970;p0p100;99586.0;100131.0
;US-AK;1969;p0p100;96807.0;90953.0
;US-AK;1968;p0p100;94278.0;83106.0
;US-AK;1967;p0p100;91793.0;79635.0
;US-AK;1966;p0p100;89289.0;73401.0
;US-AK;1965;p0p100;86792.0;78539.0
;US-AK;1964;p0p100;84282.0;71230.0
;US-AK;1963;p0p100;81728.0;69912.0
;US-AK;1962;p0p100;79208.0;68299.0
;US-AK;1961;p0p100;76687.0;63971.0
;US-AK;1960;p0p100;74155.0;58188.0
;US-AK;1959;p0p100;70555.0;49633.0
;US-AK;1958;p0p100;67057.0;46476.0
;US-AK;1957;p0p100;63717.0;49789.0
;US-AK;1956;p0p100;60447.0;38440.0
;US-AK;1955;p0p100;57351.0;47185.0
;US-AK;1954;p0p100;;
;US-AK;1953;p0p100;;
;US-AK;1952;p0p100;;
;US-AK;1951;p0p100;;
;US-AK;1950;p0p100;;
;US-AK;1949;p0p100;;
;US-AK;1948;p0p100;;
;US-AK;1947;p0p100;;
;US-AK;1946;p0p100;;
;US-AK;1945;p0p100;;
;US-AK;1944;p0p100;;
;US-AK;1943;p0p100;;
;US-AK;1942;p0p100;37760.0;39292.0
;US-AK;1941;p0p100;37163.0;25788.0
;US-AK;1940;p0p100;36614.0;14059.0
;US-AK;1939;p0p100;36021.0;7064.0
;US-AK;1938;p0p100;;
;US-AK;1937;p0p100;;
;US-AK;1936;p0p100;;
;US-AK;1935;p0p100;;
;US-AK;1934;p0p100;;
;US-AK;1933;p0p100;;
;US-AK;1932;p0p100;;
;US-AK;1931;p0p100;;
;US-AK;1930;p0p100;;
;US-AK;1929;p0p100;;
;US-AK;1928;p0p100;;
;US-AK;1927;p0p100;;
;US-AK;1926;p0p100;;
;US-AK;1925;p0p100;;
