Variable Name;.;.;.;Fiscal income  | tax unit | Average | Adults | constant 2015 local currency;Fiscal income  | tax unit | Total | Adults | constant 2015 local currency;Fiscal income  | tax unit | Share | Adults | share of total (ratio);Pre-tax national income  | tax unit | Share | Adults | share of total (ratio)
Variable Category;.;.;.;Income inequality;Income inequality;Income inequality;Income inequality
Variable Description;.;.;.;Average Fiscal income within a given percentile group. Fiscal income is defined as the sum of all income items reported on income tax returns, before any deduction. It includes labour income, capital income and mixed income. The concept of fiscal income varies with national tax legislations, so in order to make international comparisons it is preferable to use the concept of national income. The population is comprised of individuals over age 20. The base unit is the tax unit defined by national fiscal administrations to measure personal income taxes.;Total Fiscal income  within a given percentile group. Fiscal income is defined as the sum of all income items reported on income tax returns, before any deduction. It includes labour income, capital income and mixed income. The concept of fiscal income varies with national tax legislations, so in order to make international comparisons it is preferable to use the concept of national income. The population is comprised of individuals over age 20.;Fiscal income share held by a given percentile group. Fiscal income is defined as the sum of all income items reported on income tax returns, before any deduction. It includes labour income, capital income and mixed income. The concept of fiscal income varies with national tax legislations, so in order to make international comparisons it is preferable to use the concept of national income. The population is comprised of individuals over age 20. The base unit is the tax unit defined by national fiscal administrations to measure personal income taxes.;Pre-tax national income share held by a given percentile group. Pre-tax national income  is the sum of all pre-tax personal income flows accruing to the owners of the production factors, labor and capital, before taking into account the operation of the tax/transfer system, but after taking into account the operation of pension system. The central difference between personal factor income and pre-tax income is the treatment of pensions, which are counted on a contribution basis by factor income and on a distribution basis by pre-tax income. The population is comprised of individuals over age 20. The base unit is the tax unit defined by national fiscal administrations to measure personal income taxes.
Variable Decomposition;.;.;.;[Fiscal income ]=[Fiscal labour income ]+[Fiscal capital income ];[Fiscal income ]=[Fiscal labour income ]+[Fiscal capital income ];[Fiscal income ]=[Fiscal labour income ]+[Fiscal capital income ];Pre-tax national income =Pre-tax labor income [total pre-tax income ranking]+Pre-tax capital income [total pre-tax income ranking]
Variable Unit;.;.;.;"USD; United States dollar | local currency | market";"USD; United States dollar | local currency | market";share;share
Methodological Notes;.;.;.;;;;Assuming the same distribution as fiscal income.
Sources;.;.;.;Frank, Sommeiller, Price & Saez (2015);Frank, Sommeiller, Price & Saez (2015);Frank, Sommeiller, Price & Saez (2015);WID.world computations using: Frank, Sommeiller, Price & Saez (2015)
Variable Code;country;year;perc;afiinc992t;mfiinc992t;sfiinc992t;sptinc992t
;US-NY;2015;p0p100;74943.703;8.19744163345e+11;1.0;1.0
;US-NY;2015;p99p100;2436051.3;;0.3251;0.3251
;US-NY;2015;p99.9p100;13761377.0;;0.18359999;0.18359999
;US-NY;2015;p99.99p100;72596328.0;;0.096900001;0.096900001
;US-NY;2015;p90p100;446931.09;;0.59640002;0.59640002
;US-NY;2015;p90p95;157621.7;;0.1052;0.1052
;US-NY;2015;p95p99;314857.09;;0.168;0.168
;US-NY;2015;p99.5p99.9;1707387.6;;0.0911;0.0911
;US-NY;2015;p99.9p99.99;7108620.0;;0.0854;0.0854
;US-NY;2015;p99p99.5;758925.81;;0.0506;0.0506
;US-NY;2015;p95p100;737957.69;;0.4923;0.4923
;US-NY;2015;p0p90;33540.898;;0.40279999;0.40279999
;US-NY;2015;p0p99;51094.102;;0.6749;0.6749
;US-NY;2015;p99.5p100;4117848.0;;0.27469999;0.27469999
;US-NY;2014;p0p100;72066.602;7.86406511711e+11;1.0;1.0
;US-NY;2014;p99p100;2326610.3;;0.32359999;0.32359999
;US-NY;2014;p99.9p100;13250277.0;;0.18430001;0.18430001
;US-NY;2014;p99.99p100;73137072.0;;0.1017;0.1017
;US-NY;2014;p90p100;431606.81;;0.60030001;0.60030001
;US-NY;2014;p90p95;159808.09;;0.1111;0.1111
;US-NY;2014;p95p99;298151.91;;0.16590001;0.16590001
;US-NY;2014;p99.5p99.9;1603292.9;;0.089199997;0.089199997
;US-NY;2014;p99.9p99.99;6520626.5;;0.081600003;0.081600003
;US-NY;2014;p99p99.5;717604.31;;0.049899999;0.049899999
;US-NY;2014;p95p100;704091.88;;0.48969999;0.48969999
;US-NY;2014;p0p90;31995.5;;0.4005;0.4005
;US-NY;2014;p0p99;49121.0;;0.67640001;0.67640001
;US-NY;2014;p99.5p100;3935827.0;;0.2737;0.2737
;US-NY;2013;p0p100;71267.102;7.51295599267e+11;1.0;1.0
;US-NY;2013;p99p100;2109588.5;;0.3064;0.3064
;US-NY;2013;p99.9p100;11674116.0;;0.1696;0.1696
;US-NY;2013;p99.99p100;63832548.0;;0.092699997;0.092699997
;US-NY;2013;p90p100;404371.09;;0.58740002;0.58740002
;US-NY;2013;p90p95;156960.0;;0.114;0.114
;US-NY;2013;p95p99;288871.09;;0.16779999;0.16779999
;US-NY;2013;p99.5p99.9;1488210.6;;0.086499996;0.086499996
;US-NY;2013;p99.9p99.99;5854432.5;;0.076499999;0.076499999
;US-NY;2013;p99p99.5;692848.88;;0.050299998;0.050299998
;US-NY;2013;p95p100;652769.0;;0.47409999;0.47409999
;US-NY;2013;p0p90;31527.0;;0.41209999;0.41209999
;US-NY;2013;p0p99;48232.898;;0.6936;0.6936
;US-NY;2013;p99.5p100;3524931.8;;0.25600001;0.25600001
;US-NY;2012;p0p100;76584.102;7.56154202398e+11;1.0;1.0
;US-NY;2012;p99p100;2332586.0;;0.32460001;0.32460001
;US-NY;2012;p99.9p100;13325708.0;;0.18539999;0.18539999
;US-NY;2012;p99.99p100;72779088.0;;0.1013;0.1013
;US-NY;2012;p90p100;426753.59;;0.59390002;0.59390002
;US-NY;2012;p90p95;155931.3;;0.1085;0.1085
;US-NY;2012;p95p99;289969.69;;0.16140001;0.16140001
;US-NY;2012;p99.5p99.9;1607177.3;;0.089500003;0.089500003
;US-NY;2012;p99.9p99.99;6650912.5;;0.083300002;0.083300002
;US-NY;2012;p99p99.5;713008.81;;0.049600001;0.049600001
;US-NY;2012;p95p100;698714.38;;0.48609999;0.48609999
;US-NY;2012;p0p90;32454.801;;0.40650001;0.40650001
;US-NY;2012;p0p99;49026.602;;0.67540002;0.67540002
;US-NY;2012;p99.5p100;3951718.0;;0.27500001;0.27500001
;US-NY;2011;p0p100;72811.398;6.93703860056e+11;1.0;1.0
;US-NY;2011;p99p100;1953090.8;;0.2978;0.2978
;US-NY;2011;p99.9p100;10462818.0;;0.1595;0.1595
;US-NY;2011;p99.99p100;54354516.0;;0.082900003;0.082900003
;US-NY;2011;p90p100;382966.19;;0.58399999;0.58399999
;US-NY;2011;p90p95;153397.91;;0.117;0.117
;US-NY;2011;p95p99;278943.5;;0.1701;0.1701
;US-NY;2011;p99.5p99.9;1438324.6;;0.087700002;0.087700002
;US-NY;2011;p99.9p99.99;5558273.0;;0.076300003;0.076300003
;US-NY;2011;p99p99.5;663083.19;;0.0506;0.0506
;US-NY;2011;p95p100;613948.31;;0.46810001;0.46810001
;US-NY;2011;p0p90;30272.801;;0.41549999;0.41549999
;US-NY;2011;p0p99;46514.0;;0.7022;0.7022
;US-NY;2011;p99.5p100;3241715.0;;0.2472;0.2472
;US-NY;2010;p0p100;76595.703;6.83450496819e+11;1.0;1.0
;US-NY;2010;p99p100;1958077.3;;0.30199999;0.30199999
;US-NY;2010;p99.9p100;10700858.0;;0.16509999;0.16509999
;US-NY;2010;p99.99p100;58192784.0;;0.0898;0.0898
;US-NY;2010;p90p100;380448.69;;0.58679998;0.58679998
;US-NY;2010;p90p95;151934.8;;0.1172;0.1172
;US-NY;2010;p95p99;273871.81;;0.169;0.169
;US-NY;2010;p99.5p99.9;1406697.5;;0.086800002;0.086800002
;US-NY;2010;p99.9p99.99;5428282.5;;0.075400002;0.075400002
;US-NY;2010;p99p99.5;650803.81;;0.0502;0.0502
;US-NY;2010;p95p100;610871.0;;0.4711;0.4711
;US-NY;2010;p0p90;29659.6;;0.41170001;0.41170001
;US-NY;2010;p0p99;45707.102;;0.69800001;0.69800001
;US-NY;2010;p99.5p100;3263025.3;;0.25170001;0.25170001
;US-NY;2009;p0p100;78110.602;6.55218596227e+11;1.0;1.0
;US-NY;2009;p99p100;1773105.5;;0.2771;0.2771
;US-NY;2009;p99.9p100;10111922.0;;0.15800001;0.15800001
;US-NY;2009;p99.99p100;59133040.0;;0.092399999;0.092399999
;US-NY;2009;p90p100;361053.31;;0.56419998;0.56419998
;US-NY;2009;p90p95;151512.2;;0.1184;0.1184
;US-NY;2009;p95p99;273765.59;;0.17110001;0.17110001
;US-NY;2009;p99.5p99.9;1248860.8;;0.078100003;0.078100003
;US-NY;2009;p99.9p99.99;4989138.0;;0.070200004;0.070200004
;US-NY;2009;p99p99.5;609855.13;;0.047600001;0.047600001
;US-NY;2009;p95p100;572607.0;;0.4474;0.4474
;US-NY;2009;p0p90;30024.301;;0.42219999;0.42219999
;US-NY;2009;p0p99;46732.602;;0.72289997;0.72289997
;US-NY;2009;p99.5p100;2959181.0;;0.23119999;0.23119999
;US-NY;2008;p0p100;85443.398;7.1363560806e+11;1.0;1.0
;US-NY;2008;p99p100;2186370.8;;0.31009999;0.31009999
;US-NY;2008;p99.9p100;13031762.0;;0.1848;0.1848
;US-NY;2008;p99.99p100;75723400.0;;0.1074;0.1074
;US-NY;2008;p90p100;413667.91;;0.58670002;0.58670002
;US-NY;2008;p90p95;158987.3;;0.1127;0.1127
;US-NY;2008;p95p99;297670.5;;0.1689;0.1689
;US-NY;2008;p99.5p99.9;1483834.8;;0.084200002;0.084200002
;US-NY;2008;p99.9p99.99;6353675.0;;0.081100002;0.081100002
;US-NY;2008;p99p99.5;686497.13;;0.048700001;0.048700001
;US-NY;2008;p95p100;670999.5;;0.47589999;0.47589999
;US-NY;2008;p0p90;31100.301;;0.39700001;0.39700001
;US-NY;2008;p0p99;49132.5;;0.68989998;0.68989998
;US-NY;2008;p99.5p100;3720286.8;;0.2638;0.2638
;US-NY;2007;p0p100;101692.5;7.78585203621e+11;1.0;1.0
;US-NY;2007;p99p100;2803605.3;;0.3603;0.3603
;US-NY;2007;p99.9p100;17773100.0;;0.22840001;0.22840001
;US-NY;2007;p99.99p100;106081360.0;;0.1363;0.1363
;US-NY;2007;p90p100;482691.5;;0.62019998;0.62019998
;US-NY;2007;p90p95;163054.91;;0.1048;0.1048
;US-NY;2007;p95p99;315225.59;;0.162;0.162
;US-NY;2007;p99.5p99.9;1775980.3;;0.091300003;0.091300003
;US-NY;2007;p99.9p99.99;8202378.0;;0.094899997;0.094899997
;US-NY;2007;p99p99.5;770789.69;;0.0495;0.0495
;US-NY;2007;p95p100;805671.88;;0.5176;0.5176
;US-NY;2007;p0p90;31236.1;;0.3612;0.3612
;US-NY;2007;p0p99;50289.199;;0.6397;0.6397
;US-NY;2007;p99.5p100;4884576.0;;0.31380001;0.31380001
;US-NY;2006;p0p100;101376.7;7.26699692784e+11;1.0;1.0
;US-NY;2006;p99p100;2384021.5;;0.32499999;0.32499999
;US-NY;2006;p99.9p100;14227548.0;;0.1939;0.1939
;US-NY;2006;p99.99p100;78794944.0;;0.1074;0.1074
;US-NY;2006;p90p100;433305.69;;0.59069997;0.59069997
;US-NY;2006;p90p95;158432.5;;0.108;0.108
;US-NY;2006;p95p99;296815.0;;0.1618;0.1618
;US-NY;2006;p99.5p99.9;1606517.3;;0.0876;0.0876
;US-NY;2006;p99.9p99.99;7109155.0;;0.087200001;0.087200001
;US-NY;2006;p99p99.5;712523.38;;0.048599999;0.048599999
;US-NY;2006;p95p100;710627.38;;0.48429999;0.48429999
;US-NY;2006;p0p90;32554.199;;0.3994;0.3994
;US-NY;2006;p0p99;50019.398;;0.67500001;0.67500001
;US-NY;2006;p99.5p100;4082799.0;;0.27829999;0.27829999
;US-NY;2005;p0p100;103889.2;6.94566127902e+11;1.0;1.0
;US-NY;2005;p99p100;2134661.0;;0.30289999;0.30289999
;US-NY;2005;p99.9p100;12435686.0;;0.17640001;0.17640001
;US-NY;2005;p99.99p100;67483696.0;;0.095700003;0.095700003
;US-NY;2005;p90p100;400371.81;;0.56809998;0.56809998
;US-NY;2005;p90p95;151826.41;;0.1077;0.1077
;US-NY;2005;p95p99;283205.09;;0.16069999;0.16069999
;US-NY;2005;p99.5p99.9;1465717.1;;0.0832;0.0832
;US-NY;2005;p99.9p99.99;6358475.0;;0.081200004;0.081200004
;US-NY;2005;p99p99.5;666562.13;;0.0473;0.0473
;US-NY;2005;p95p100;651613.13;;0.4623;0.4623
;US-NY;2005;p0p90;33215.5;;0.42410001;0.42410001
;US-NY;2005;p0p99;49629.898;;0.69709998;0.69709998
;US-NY;2005;p99.5p100;3622257.0;;0.257;0.257
;US-NY;2004;p0p100;104495.1;6.54609735112e+11;1.0;1.0
;US-NY;2004;p99p100;1876130.4;;0.2827;0.2827
;US-NY;2004;p99.9p100;10620665.0;;0.16;0.16
;US-NY;2004;p99.99p100;57560164.0;;0.0867;0.0867
;US-NY;2004;p90p100;368002.81;;0.55449998;0.55449998
;US-NY;2004;p90p95;148278.59;;0.1117;0.1117
;US-NY;2004;p95p99;270705.59;;0.16320001;0.16320001
;US-NY;2004;p99.5p99.9;1320969.3;;0.079599999;0.079599999
;US-NY;2004;p99.9p99.99;5491778.5;;0.074500002;0.074500002
;US-NY;2004;p99p99.5;623830.13;;0.046999998;0.046999998
;US-NY;2004;p95p100;590882.19;;0.4452;0.4452
;US-NY;2004;p0p90;32247.6;;0.4373;0.4373
;US-NY;2004;p0p99;48086.199;;0.7173;0.7173
;US-NY;2004;p99.5p100;3144233.5;;0.2369;0.2369
;US-NY;2003;p0p100;103040.6;6.23848168616e+11;1.0;1.0
;US-NY;2003;p99p100;1519351.3;;0.2449;0.2449
;US-NY;2003;p99.9p100;7995494.0;;0.12890001;0.12890001
;US-NY;2003;p99.99p100;41612204.0;;0.067100003;0.067100003
;US-NY;2003;p90p100;324745.91;;0.52340001;0.52340001
;US-NY;2003;p90p95;150559.7;;0.1213;0.1213
;US-NY;2003;p95p99;246401.2;;0.15889999;0.15889999
;US-NY;2003;p99.5p99.9;1140653.3;;0.0735;0.0735
;US-NY;2003;p99.9p99.99;4350807.5;;0.063100003;0.063100003
;US-NY;2003;p99p99.5;562426.13;;0.045299999;0.045299999
;US-NY;2003;p95p100;499751.0;;0.40270001;0.40270001
;US-NY;2003;p0p90;32453.5;;0.47080001;0.47080001
;US-NY;2003;p0p99;47323.602;;0.75510001;0.75510001
;US-NY;2003;p99.5p100;2486339.3;;0.20039999;0.20039999
;US-NY;2002;p0p100;112902.9;6.29329806688e+11;1.0;1.0
;US-NY;2002;p99p100;1511049.3;;0.2323;0.2323
;US-NY;2002;p99.9p100;7703864.0;;0.1184;0.1184
;US-NY;2002;p99.99p100;38620752.0;;0.0594;0.0594
;US-NY;2002;p90p100;329015.59;;0.50580001;0.50580001
;US-NY;2002;p90p95;153502.59;;0.118;0.118
;US-NY;2002;p95p99;254872.91;;0.1567;0.1567
;US-NY;2002;p99.5p99.9;1162479.0;;0.071500003;0.071500003
;US-NY;2002;p99.9p99.99;4331492.5;;0.059900001;0.059900001
;US-NY;2002;p99p99.5;579744.81;;0.044599999;0.044599999
;US-NY;2002;p95p100;505205.81;;0.38839999;0.38839999
;US-NY;2002;p0p90;35406.199;;0.48989999;0.48989999
;US-NY;2002;p0p99;50438.602;;0.76770002;0.76770002
;US-NY;2002;p99.5p100;2450204.3;;0.1883;0.1883
;US-NY;2001;p0p100;125175.9;6.67978143848e+11;1.0;1.0
;US-NY;2001;p99p100;1950678.3;;0.2793;0.2793
;US-NY;2001;p99.9p100;10291056.0;;0.14740001;0.14740001
;US-NY;2001;p99.99p100;51665812.0;;0.074000001;0.074000001
;US-NY;2001;p90p100;381075.59;;0.5456;0.5456
;US-NY;2001;p90p95;153194.09;;0.1097;0.1097
;US-NY;2001;p95p99;276305.31;;0.1582;0.1582
;US-NY;2001;p99.5p99.9;1460102.8;;0.0836;0.0836
;US-NY;2001;p99.9p99.99;5665789.0;;0.072999999;0.072999999
;US-NY;2001;p99p99.5;679130.5;;0.048599999;0.048599999
;US-NY;2001;p95p100;610246.38;;0.43689999;0.43689999
;US-NY;2001;p0p90;35141.0;;0.45280001;0.45280001
;US-NY;2001;p0p99;50842.301;;0.72070003;0.72070003
;US-NY;2001;p99.5p100;3220215.3;;0.2305;0.2305
;US-NY;2000;p0p100;140019.3;7.00690069667e+11;1.0;1.0
;US-NY;2000;p99p100;1976231.6;;0.2674;0.2674
;US-NY;2000;p99.9p100;10419154.0;;0.141;0.141
;US-NY;2000;p99.99p100;50320612.0;;0.068099998;0.068099998
;US-NY;2000;p90p100;387363.31;;0.52410001;0.52410001
;US-NY;2000;p90p95;155127.7;;0.1049;0.1049
;US-NY;2000;p95p99;283312.91;;0.1533;0.1533
;US-NY;2000;p99.5p99.9;1482843.0;;0.080200002;0.080200002
;US-NY;2000;p99.9p99.99;5973131.5;;0.072700001;0.072700001
;US-NY;2000;p99p99.5;688161.88;;0.046599999;0.046599999
;US-NY;2000;p95p100;620725.88;;0.4199;0.4199
;US-NY;2000;p0p90;38938.898;;0.47409999;0.47409999
;US-NY;2000;p0p99;54698.602;;0.73259997;0.73259997
;US-NY;2000;p99.5p100;3266228.5;;0.2209;0.2209
;US-NY;1999;p0p100;147666.5;6.68278815077e+11;1.0;1.0
;US-NY;1999;p99p100;1914592.4;;0.2624;0.2624
;US-NY;1999;p99.9p100;9840149.0;;0.1348;0.1348
;US-NY;1999;p99.99p100;45843048.0;;0.062799998;0.062799998
;US-NY;1999;p90p100;381665.59;;0.523;0.523
;US-NY;1999;p90p95;155690.5;;0.1067;0.1067
;US-NY;1999;p95p99;282320.31;;0.1547;0.1547
;US-NY;1999;p99.5p99.9;1473794.6;;0.080799997;0.080799997
;US-NY;1999;p99.9p99.99;5797505.0;;0.071500003;0.071500003
;US-NY;1999;p99p99.5;684574.13;;0.0469;0.0469
;US-NY;1999;p95p100;608413.19;;0.41679999;0.41679999
;US-NY;1999;p0p90;38644.898;;0.47659999;0.47659999
;US-NY;1999;p0p99;54375.699;;0.73760003;0.73760003
;US-NY;1999;p99.5p100;3144760.0;;0.2155;0.2155
;US-NY;1998;p0p100;144479.3;6.22780777665e+11;1.0;1.0
;US-NY;1998;p99p100;1701752.8;;0.2484;0.2484
;US-NY;1998;p99.9p100;8589326.0;;0.12540001;0.12540001
;US-NY;1998;p99.99p100;39767960.0;;0.057999998;0.057999998
;US-NY;1998;p90p100;347673.09;;0.50739998;0.50739998
;US-NY;1998;p90p95;149061.3;;0.1088;0.1088
;US-NY;1998;p95p99;258968.91;;0.1512;0.1512
;US-NY;1998;p99.5p99.9;1326622.8;;0.077500001;0.077500001
;US-NY;1998;p99.9p99.99;5096181.0;;0.0669;0.0669
;US-NY;1998;p99p99.5;626226.0;;0.045699999;0.045699999
;US-NY;1998;p95p100;546909.0;;0.39910001;0.39910001
;US-NY;1998;p0p90;37446.398;;0.4919;0.4919
;US-NY;1998;p0p99;52017.199;;0.75160003;0.75160003
;US-NY;1998;p99.5p100;2777406.3;;0.2027;0.2027
;US-NY;1997;p0p100;140671.91;5.90919921734e+11;1.0;1.0
;US-NY;1997;p99p100;1520707.0;;0.2344;0.2344
;US-NY;1997;p99.9p100;7479561.5;;0.1153;0.1153
;US-NY;1997;p99.99p100;34469980.0;;0.053100001;0.053100001
;US-NY;1997;p90p100;321308.19;;0.49520001;0.49520001
;US-NY;1997;p90p95;142320.5;;0.1097;0.1097
;US-NY;1997;p95p99;246017.91;;0.1517;0.1517
;US-NY;1997;p99.5p99.9;1212008.8;;0.074699998;0.074699998
;US-NY;1997;p99.9p99.99;4463567.5;;0.061900001;0.061900001
;US-NY;1997;p99p99.5;577890.13;;0.044500001;0.044500001
;US-NY;1997;p95p100;500676.0;;0.3858;0.3858
;US-NY;1997;p0p90;36362.699;;0.50440001;0.50440001
;US-NY;1997;p0p99;50179.602;;0.76560003;0.76560003
;US-NY;1997;p99.5p100;2464057.8;;0.1899;0.1899
;US-NY;1996;p0p100;136894.41;5.50367205497e+11;1.0;1.0
;US-NY;1996;p99p100;1321730.6;;0.2185;0.2185
;US-NY;1996;p99.9p100;6586590.5;;0.1089;0.1089
;US-NY;1996;p99.99p100;31953396.0;;0.0528;0.0528
;US-NY;1996;p90p100;293230.41;;0.48469999;0.48469999
;US-NY;1996;p90p95;136700.91;;0.113;0.113
;US-NY;1996;p95p99;232215.09;;0.15350001;0.15350001
;US-NY;1996;p99.5p99.9;1028187.0;;0.068000004;0.068000004
;US-NY;1996;p99.9p99.99;3775710.0;;0.056200001;0.056200001
;US-NY;1996;p99p99.5;513821.91;;0.0425;0.0425
;US-NY;1996;p95p100;449990.31;;0.37189999;0.37189999
;US-NY;1996;p0p90;34556.398;;0.51410002;0.51410002
;US-NY;1996;p0p99;47760.0;;0.78149998;0.78149998
;US-NY;1996;p99.5p100;2131715.0;;0.1762;0.1762
;US-NY;1995;p0p100;137497.59;5.24399696707e+11;1.0;1.0
;US-NY;1995;p99p100;1092710.3;;0.1895;0.1895
;US-NY;1995;p99.9p100;4956409.0;;0.086000003;0.086000003
;US-NY;1995;p99.99p100;21902016.0;;0.037999999;0.037999999
;US-NY;1995;p90p100;264115.81;;0.45809999;0.45809999
;US-NY;1995;p90p95;132798.3;;0.1152;0.1152
;US-NY;1995;p95p99;221204.2;;0.15350001;0.15350001
;US-NY;1995;p99.5p99.9;907889.63;;0.063000001;0.063000001
;US-NY;1995;p99.9p99.99;3072747.0;;0.048;0.048
;US-NY;1995;p99p99.5;471619.41;;0.040899999;0.040899999
;US-NY;1995;p95p100;395559.5;;0.34299999;0.34299999
;US-NY;1995;p0p90;34691.699;;0.54149997;0.54149997
;US-NY;1995;p0p99;47200.801;;0.81050003;0.81050003
;US-NY;1995;p99.5p100;1714359.0;;0.1487;0.1487
;US-NY;1994;p0p100;138195.59;5.02144197197e+11;1.0;1.0
;US-NY;1994;p99p100;979451.31;;0.17730001;0.17730001
;US-NY;1994;p99.9p100;4361140.5;;0.078900002;0.078900002
;US-NY;1994;p99.99p100;19492012.0;;0.035300002;0.035300002
;US-NY;1994;p90p100;245399.09;;0.44409999;0.44409999
;US-NY;1994;p90p95;128101.5;;0.1159;0.1159
;US-NY;1994;p95p99;208560.8;;0.15099999;0.15099999
;US-NY;1994;p99.5p99.9;820589.63;;0.0594;0.0594
;US-NY;1994;p99.9p99.99;2692342.0;;0.043900002;0.043900002
;US-NY;1994;p99p99.5;434412.41;;0.039299998;0.039299998
;US-NY;1994;p95p100;362789.59;;0.3283;0.3283
;US-NY;1994;p0p90;34090.199;;0.5553;0.5553
;US-NY;1994;p0p99;45920.102;;0.82270002;0.82270002
;US-NY;1994;p99.5p100;1525028.0;;0.138;0.138
;US-NY;1993;p0p100;144394.8;5.00782701163e+11;1.0;1.0
;US-NY;1993;p99p100;1017458.2;;0.1838;0.1838
;US-NY;1993;p99.9p100;4694928.0;;0.084799998;0.084799998
;US-NY;1993;p99.99p100;21770132.0;;0.039299998;0.039299998
;US-NY;1993;p90p100;247384.59;;0.447;0.447
;US-NY;1993;p90p95;126174.9;;0.114;0.114
;US-NY;1993;p95p99;206437.0;;0.14920001;0.14920001
;US-NY;1993;p99.5p99.9;838144.88;;0.060600001;0.060600001
;US-NY;1993;p99.9p99.99;2815203.5;;0.0458;0.0458
;US-NY;1993;p99p99.5;431124.5;;0.038899999;0.038899999
;US-NY;1993;p95p100;368737.09;;0.33309999;0.33309999
;US-NY;1993;p0p90;33956.699;;0.55220002;0.55220002
;US-NY;1993;p0p99;45627.801;;0.81620002;0.81620002
;US-NY;1993;p99.5p100;1604998.8;;0.145;0.145
;US-NY;1992;p0p100;154135.0;5.09931355488e+11;1.0;1.0
;US-NY;1992;p99p100;1072445.5;;0.19059999;0.19059999
;US-NY;1992;p99.9p100;5071603.5;;0.090099998;0.090099998
;US-NY;1992;p99.99p100;23823084.0;;0.042300001;0.042300001
;US-NY;1992;p90p100;253094.3;;0.44980001;0.44980001
;US-NY;1992;p90p95;128334.3;;0.114;0.114
;US-NY;1992;p95p99;204053.09;;0.1451;0.1451
;US-NY;1992;p99.5p99.9;869806.69;;0.061799999;0.061799999
;US-NY;1992;p99.9p99.99;2991987.3;;0.047899999;0.047899999
;US-NY;1992;p99p99.5;437570.31;;0.038899999;0.038899999
;US-NY;1992;p95p100;377700.91;;0.33570001;0.33570001
;US-NY;1992;p0p90;34379.699;;0.55000001;0.55000001
;US-NY;1992;p0p99;45998.301;;0.80940002;0.80940002
;US-NY;1992;p99.5p100;1707788.5;;0.15180001;0.15180001
;US-NY;1991;p0p100;159973.7;5.05161537644e+11;1.0;1.0
;US-NY;1991;p99p100;913969.5;;0.1646;0.1646
;US-NY;1991;p99.9p100;3923235.8;;0.070600003;0.070600003
;US-NY;1991;p99.99p100;16778950.0;;0.030200001;0.030200001
;US-NY;1991;p90p100;236742.8;;0.4262;0.4262
;US-NY;1991;p90p95;129748.8;;0.1168;0.1168
;US-NY;1991;p95p99;200805.59;;0.1446;0.1446
;US-NY;1991;p99.5p99.9;787186.88;;0.056699999;0.056699999
;US-NY;1991;p99.9p99.99;2496190.8;;0.040399998;0.040399998
;US-NY;1991;p99p99.5;414486.19;;0.037300002;0.037300002
;US-NY;1991;p95p100;343488.91;;0.30919999;0.30919999
;US-NY;1991;p0p90;35418.5;;0.57389998;0.57389998
;US-NY;1991;p0p99;46870.898;;0.83539999;0.83539999
;US-NY;1991;p99.5p100;1413413.6;;0.12720001;0.12720001
;US-NY;1990;p0p100;182184.8;5.369774216e+11;1.0;1.0
;US-NY;1990;p99p100;1033741.0;;0.1754;0.1754
;US-NY;1990;p99.9p100;4682705.5;;0.079400003;0.079400003
;US-NY;1990;p99.99p100;20907902.0;;0.035500001;0.035500001
;US-NY;1990;p90p100;249977.09;;0.42399999;0.42399999
;US-NY;1990;p90p95;129234.6;;0.1096;0.1096
;US-NY;1990;p95p99;205019.0;;0.1391;0.1391
;US-NY;1990;p99.5p99.9;868702.5;;0.058899999;0.058899999
;US-NY;1990;p99.9p99.99;2875355.8;;0.043900002;0.043900002
;US-NY;1990;p99p99.5;436619.91;;0.037;0.037
;US-NY;1990;p95p100;370694.81;;0.31439999;0.31439999
;US-NY;1990;p0p90;37723.301;;0.57590002;0.57590002
;US-NY;1990;p0p99;49103.602;;0.82459998;0.82459998
;US-NY;1990;p99.5p100;1631398.3;;0.1384;0.1384
;US-NY;1989;p0p100;202448.0;5.27687916641e+11;1.0;1.0
;US-NY;1989;p99p100;1081229.4;;0.18189999;0.18189999
;US-NY;1989;p99.9p100;5168435.0;;0.086999997;0.086999997
;US-NY;1989;p99.99p100;24408604.0;;0.041099999;0.041099999
;US-NY;1989;p90p100;259201.2;;0.43610001;0.43610001
;US-NY;1989;p90p95;133876.7;;0.1126;0.1126
;US-NY;1989;p95p99;217988.41;;0.14669999;0.14669999
;US-NY;1989;p99.5p99.9;908915.5;;0.0612;0.0612
;US-NY;1989;p99.9p99.99;3163331.0;;0.047899999;0.047899999
;US-NY;1989;p99p99.5;456413.81;;0.038400002;0.038400002
;US-NY;1989;p95p100;385493.0;;0.32429999;0.32429999
;US-NY;1989;p0p90;36461.602;;0.5521;0.5521
;US-NY;1989;p0p99;49113.199;;0.81809998;0.81809998
;US-NY;1989;p99.5p100;1726777.3;;0.1453;0.1453
;US-NY;1988;p0p100;218568.59;5.21782838081e+11;1.0;1.0
;US-NY;1988;p99p100;1167947.3;;0.1981;0.1981
;US-NY;1988;p99.9p100;5932112.5;;0.1006;0.1006
;US-NY;1988;p99.99p100;28906972.0;;0.048999999;0.048999999
;US-NY;1988;p90p100;264622.91;;0.44870001;0.44870001
;US-NY;1988;p90p95;131785.5;;0.1117;0.1117
;US-NY;1988;p95p99;214500.0;;0.1455;0.1455
;US-NY;1988;p99.5p99.9;952383.13;;0.064599998;0.064599998
;US-NY;1988;p99.9p99.99;3541242.8;;0.054000001;0.054000001
;US-NY;1988;p99p99.5;457596.41;;0.038800001;0.038800001
;US-NY;1988;p95p100;398698.91;;0.33809999;0.33809999
;US-NY;1988;p0p90;35138.5;;0.5363;0.5363
;US-NY;1988;p0p99;47767.398;;0.80190003;0.80190003
;US-NY;1988;p99.5p100;1905011.5;;0.16150001;0.16150001
;US-NY;1987;p0p100;217719.2;4.7879139126e+11;1.0;1.0
;US-NY;1987;p99p100;891189.38;;0.1631;0.1631
;US-NY;1987;p99.9p100;3990462.0;;0.072999999;0.072999999
;US-NY;1987;p99.99p100;17984436.0;;0.032900002;0.032900002
;US-NY;1987;p90p100;232592.2;;0.42559999;0.42559999
;US-NY;1987;p90p95;128481.8;;0.1175;0.1175
;US-NY;1987;p95p99;203640.3;;0.149;0.149
;US-NY;1987;p99.5p99.9;772643.81;;0.056499999;0.056499999
;US-NY;1987;p99.9p99.99;2538040.3;;0.0418;0.0418
;US-NY;1987;p99p99.5;408190.0;;0.037300002;0.037300002
;US-NY;1987;p95p100;337306.81;;0.30860001;0.30860001
;US-NY;1987;p0p90;34301.301;;0.56480002;0.56480002
;US-NY;1987;p0p99;46205.301;;0.8369;0.8369
;US-NY;1987;p99.5p100;1389798.3;;0.12710001;0.12710001
;US-NY;1986;p0p100;238379.59;4.85929025815e+11;1.0;1.0
;US-NY;1986;p99p100;1176436.3;;0.2101;0.2101
;US-NY;1986;p99.9p100;6267150.0;;0.1119;0.1119
;US-NY;1986;p99.99p100;32565016.0;;0.058200002;0.058200002
;US-NY;1986;p90p100;259700.41;;0.46380001;0.46380001
;US-NY;1986;p90p95;126490.9;;0.113;0.113
;US-NY;1986;p95p99;205970.59;;0.1471;0.1471
;US-NY;1986;p99.5p99.9;917851.88;;0.0656;0.0656
;US-NY;1986;p99.9p99.99;3558935.0;;0.0572;0.0572
;US-NY;1986;p99p99.5;432959.19;;0.038699999;0.038699999
;US-NY;1986;p95p100;394211.09;;0.352;0.352
;US-NY;1986;p0p90;32371.9;;0.52029997;0.52029997
;US-NY;1986;p0p99;44676.199;;0.7899;0.7899
;US-NY;1986;p99.5p100;1946033.9;;0.17380001;0.17380001
;US-NY;1985;p0p100;226398.3;4.43000277091e+11;1.0;1.0
;US-NY;1985;p99p100;812715.31;;0.1584;0.1584
;US-NY;1985;p99.9p100;3839879.5;;0.0748;0.0748
;US-NY;1985;p99.99p100;18469990.0;;0.035999998;0.035999998
;US-NY;1985;p90p100;212791.8;;0.41479999;0.41479999
;US-NY;1985;p90p95;118806.6;;0.1158;0.1158
;US-NY;1985;p95p99;185173.91;;0.1444;0.1444
;US-NY;1985;p99.5p99.9;675146.69;;0.0526;0.0526
;US-NY;1985;p99.9p99.99;2381185.0;;0.0418;0.0418
;US-NY;1985;p99p99.5;359680.5;;0.035100002;0.035100002
;US-NY;1985;p95p100;307409.31;;0.29960001;0.29960001
;US-NY;1985;p0p90;32742.9;;0.57440001;0.57440001
;US-NY;1985;p0p99;43613.898;;0.8416;0.8416
;US-NY;1985;p99.5p100;1280684.3;;0.1248;0.1248
;US-NY;1984;p0p100;235728.41;4.23593580883e+11;1.0;1.0
;US-NY;1984;p99p100;747818.13;;0.1498;0.1498
;US-NY;1984;p99.9p100;3502259.5;;0.070100002;0.070100002
;US-NY;1984;p99.99p100;17346098.0;;0.034699999;0.034699999
;US-NY;1984;p90p100;201870.09;;0.4043;0.4043
;US-NY;1984;p90p95;115074.3;;0.1152;0.1152
;US-NY;1984;p95p99;177409.3;;0.14210001;0.14210001
;US-NY;1984;p99.5p99.9;617369.38;;0.0495;0.0495
;US-NY;1984;p99.9p99.99;2123326.0;;0.0383;0.0383
;US-NY;1984;p99p99.5;338070.91;;0.0339;0.0339
;US-NY;1984;p95p100;288841.0;;0.28920001;0.28920001
;US-NY;1984;p0p90;32529.301;;0.58630002;0.58630002
;US-NY;1984;p0p99;42882.5;;0.8502;0.8502
;US-NY;1984;p99.5p100;1169982.3;;0.1172;0.1172
;US-NY;1983;p0p100;259457.8;4.00807620544e+11;1.0;1.0
;US-NY;1983;p99p100;667680.13;;0.1373;0.1373
;US-NY;1983;p99.9p100;2948568.8;;0.060600001;0.060600001
;US-NY;1983;p99.99p100;13946912.0;;0.0287;0.0287
;US-NY;1983;p90p100;190273.5;;0.39120001;0.39120001
;US-NY;1983;p90p95;112259.0;;0.1154;0.1154
;US-NY;1983;p95p99;169310.2;;0.1392;0.1392
;US-NY;1983;p99.5p99.9;564318.38;;0.046399999;0.046399999
;US-NY;1983;p99.9p99.99;1802996.8;;0.033399999;0.033399999
;US-NY;1983;p99p99.5;316746.0;;0.032600001;0.032600001
;US-NY;1983;p95p100;267638.0;;0.27509999;0.27509999
;US-NY;1983;p0p90;32667.4;;0.60439998;0.60439998
;US-NY;1983;p0p99;42391.5;;0.86269999;0.86269999
;US-NY;1983;p99.5p100;1026197.7;;0.1055;0.1055
;US-NY;1982;p0p100;262054.09;3.88246741164e+11;1.0;1.0
;US-NY;1982;p99p100;561696.88;;0.1192;0.1192
;US-NY;1982;p99.9p100;2172620.3;;0.046100002;0.046100002
;US-NY;1982;p99.99p100;9020789.0;;0.019099999;0.019099999
;US-NY;1982;p90p100;175094.59;;0.3716;0.3716
;US-NY;1982;p90p95;111217.3;;0.118;0.118
;US-NY;1982;p95p99;158772.7;;0.1348;0.1348
;US-NY;1982;p99.5p99.9;492881.59;;0.0418;0.0418
;US-NY;1982;p99.9p99.99;1411712.8;;0.027000001;0.027000001
;US-NY;1982;p99p99.5;294564.5;;0.031300001;0.031300001
;US-NY;1982;p95p100;238559.3;;0.25310001;0.25310001
;US-NY;1982;p0p90;32879.102;;0.62800002;0.62800002
;US-NY;1982;p0p99;41922.199;;0.88080001;0.88080001
;US-NY;1982;p99.5p100;828829.38;;0.087899998;0.087899998
;US-NY;1981;p0p100;287943.0;3.82010204409e+11;1.0;1.0
;US-NY;1981;p99p100;576120.19;;0.1251;0.1251
;US-NY;1981;p99.9p100;2363742.3;;0.0513;0.0513
;US-NY;1981;p99.99p100;9943015.0;;0.021600001;0.021600001
;US-NY;1981;p90p100;175546.7;;0.38119999;0.38119999
;US-NY;1981;p90p95;107895.3;;0.1172;0.1172
;US-NY;1981;p95p99;159734.2;;0.13869999;0.13869999
;US-NY;1981;p99.5p99.9;497312.81;;0.043200001;0.043200001
;US-NY;1981;p99.9p99.99;1523006.6;;0.0298;0.0298
;US-NY;1981;p99p99.5;283879.41;;0.0308;0.0308
;US-NY;1981;p95p100;242776.59;;0.26359999;0.26359999
;US-NY;1981;p0p90;31657.6;;0.61870003;0.61870003
;US-NY;1981;p0p99;40695.398;;0.87489998;0.87489998
;US-NY;1981;p99.5p100;868872.13;;0.094300002;0.094300002
;US-NY;1980;p0p100;345464.31;3.80933309792e+11;1.0;1.0
;US-NY;1980;p99p100;556726.69;;0.1209;0.1209
;US-NY;1980;p99.9p100;2148936.3;;0.046700001;0.046700001
;US-NY;1980;p99.99p100;8738585.0;;0.018999999;0.018999999
;US-NY;1980;p90p100;173028.91;;0.3757;0.3757
;US-NY;1980;p90p95;107165.2;;0.1163;0.1163
;US-NY;1980;p95p99;159642.91;;0.13860001;0.13860001
;US-NY;1980;p99.5p99.9;491591.31;;0.0427;0.0427
;US-NY;1980;p99.9p99.99;1417472.3;;0.0277;0.0277
;US-NY;1980;p99p99.5;291004.69;;0.031599998;0.031599998
;US-NY;1980;p95p100;238987.5;;0.25940001;0.25940001
;US-NY;1980;p0p90;31940.301;;0.62410003;0.62410003
;US-NY;1980;p0p99;40903.0;;0.87910002;0.87910002
;US-NY;1980;p99.5p100;822517.5;;0.089299999;0.089299999
;US-NY;1979;p0p100;423282.5;3.75987240779e+11;1.0;1.0
;US-NY;1979;p99p100;532644.38;;0.1165;0.1165
;US-NY;1979;p99.9p100;1987431.4;;0.043499999;0.043499999
;US-NY;1979;p99.99p100;7939442.5;;0.0174;0.0174
;US-NY;1979;p90p100;169350.8;;0.37040001;0.37040001
;US-NY;1979;p90p95;105808.3;;0.1157;0.1157
;US-NY;1979;p95p99;158176.5;;0.1384;0.1384
;US-NY;1979;p99.5p99.9;477945.09;;0.0418;0.0418
;US-NY;1979;p99.9p99.99;1326101.3;;0.0261;0.0261
;US-NY;1979;p99p99.5;285319.31;;0.031199999;0.031199999
;US-NY;1979;p95p100;233089.7;;0.25490001;0.25490001
;US-NY;1979;p0p90;31976.1;;0.62940001;0.62940001
;US-NY;1979;p0p99;40803.398;;0.88349998;0.88349998
;US-NY;1979;p99.5p100;779649.19;;0.085299999;0.085299999
;US-NY;1978;p0p100;500903.91;3.64680634488e+11;1.0;1.0
;US-NY;1978;p99p100;463229.69;;0.1028;0.1028
;US-NY;1978;p99.9p100;1523151.6;;0.033799998;0.033799998
;US-NY;1978;p99.99p100;5332747.0;;0.0118;0.0118
;US-NY;1978;p90p100;161074.41;;0.35749999;0.35749999
;US-NY;1978;p90p95;105698.0;;0.1173;0.1173
;US-NY;1978;p95p99;154838.59;;0.1374;0.1374
;US-NY;1978;p99.5p99.9;440875.19;;0.039099999;0.039099999
;US-NY;1978;p99.9p99.99;1100280.4;;0.022;0.022
;US-NY;1978;p99p99.5;269297.69;;0.029899999;0.029899999
;US-NY;1978;p95p100;216636.0;;0.2404;0.2404
;US-NY;1978;p0p90;32165.1;;0.64240003;0.64240003
;US-NY;1978;p0p99;40836.602;;0.89719999;0.89719999
;US-NY;1978;p99.5p100;656997.19;;0.072899997;0.072899997
;US-NY;1977;p0p100;575647.13;3.58098512571e+11;1.0;1.0
;US-NY;1977;p99p100;452588.09;;0.1012;0.1012
;US-NY;1977;p99.9p100;1510364.0;;0.033799998;0.033799998
;US-NY;1977;p99.99p100;5638662.5;;0.0126;0.0126
;US-NY;1977;p90p100;159006.91;;0.3554;0.3554
;US-NY;1977;p90p95;104709.9;;0.117;0.117
;US-NY;1977;p95p99;153488.0;;0.1372;0.1372
;US-NY;1977;p99.5p99.9;426656.19;;0.0381;0.0381
;US-NY;1977;p99.9p99.99;1052340.8;;0.021199999;0.021199999
;US-NY;1977;p99p99.5;261927.09;;0.029300001;0.029300001
;US-NY;1977;p95p100;213291.7;;0.2384;0.2384
;US-NY;1977;p0p90;32036.5;;0.64450002;0.64450002
;US-NY;1977;p0p99;40615.398;;0.89880002;0.89880002
;US-NY;1977;p99.5p100;643129.88;;0.071900003;0.071900003
;US-NY;1976;p0p100;650771.19;3.53231031459e+11;1.0;1.0
;US-NY;1976;p99p100;452263.09;;0.1014;0.1014
;US-NY;1976;p99.9p100;1438418.8;;0.032299999;0.032299999
;US-NY;1976;p99.99p100;5081844.0;;0.0114;0.0114
;US-NY;1976;p90p100;158493.2;;0.35550001;0.35550001
;US-NY;1976;p90p95;105288.4;;0.1181;0.1181
;US-NY;1976;p95p99;151530.59;;0.13590001;0.13590001
;US-NY;1976;p99.5p99.9;430127.09;;0.038600001;0.038600001
;US-NY;1976;p99.9p99.99;1033474.1;;0.0209;0.0209
;US-NY;1976;p99p99.5;273054.69;;0.0306;0.0306
;US-NY;1976;p95p100;211679.3;;0.2374;0.2374
;US-NY;1976;p0p90;31929.301;;0.64450002;0.64450002
;US-NY;1976;p0p99;40468.199;;0.89859998;0.89859998
;US-NY;1976;p99.5p100;631508.13;;0.070799999;0.070799999
;US-NY;1975;p0p100;723990.88;3.47924379341e+11;1.0;1.0
;US-NY;1975;p99p100;439415.91;;0.099100001;0.099100001
;US-NY;1975;p99.9p100;1403177.9;;0.031599998;0.031599998
;US-NY;1975;p99.99p100;4971802.0;;0.0112;0.0112
;US-NY;1975;p90p100;157100.09;;0.35429999;0.35429999
;US-NY;1975;p90p95;104110.1;;0.1174;0.1174
;US-NY;1975;p95p99;152713.41;;0.13779999;0.13779999
;US-NY;1975;p99.5p99.9;420028.69;;0.037900001;0.037900001
;US-NY;1975;p99.9p99.99;1006268.5;;0.020400001;0.020400001
;US-NY;1975;p99p99.5;262758.81;;0.0296;0.0296
;US-NY;1975;p95p100;210057.91;;0.2368;0.2368
;US-NY;1975;p0p90;31815.801;;0.64569998;0.64569998
;US-NY;1975;p0p99;40354.398;;0.90090001;0.90090001
;US-NY;1975;p99.5p100;616248.13;;0.069499999;0.069499999
;US-NY;1974;p0p100;917320.31;3.66488629241e+11;1.0;1.0
;US-NY;1974;p99p100;485689.81;;0.1029;0.1029
;US-NY;1974;p99.9p100;1540227.1;;0.032600001;0.032600001
;US-NY;1974;p99.99p100;5248691.5;;0.0111;0.0111
;US-NY;1974;p90p100;167168.7;;0.35429999;0.35429999
;US-NY;1974;p90p95;108331.1;;0.1148;0.1148
;US-NY;1974;p95p99;161494.8;;0.13689999;0.13689999
;US-NY;1974;p99.5p99.9;471527.59;;0.039999999;0.039999999
;US-NY;1974;p99.9p99.99;1134542.1;;0.021600001;0.021600001
;US-NY;1974;p99p99.5;288981.81;;0.0306;0.0306
;US-NY;1974;p95p100;225981.2;;0.2395;0.2395
;US-NY;1974;p0p90;33807.898;;0.64490002;0.64490002
;US-NY;1974;p0p99;42751.0;;0.89709997;0.89709997
;US-NY;1974;p99.5p100;683521.81;;0.072400004;0.072400004
;US-NY;1973;p0p100;1164276.6;3.73828634395e+11;1.0;1.0
;US-NY;1973;p99p100;507847.59;;0.1046;0.1046
;US-NY;1973;p99.9p100;1675981.3;;0.034499999;0.034499999
;US-NY;1973;p99.99p100;6183457.0;;0.0127;0.0127
;US-NY;1973;p90p100;173429.91;;0.35710001;0.35710001
;US-NY;1973;p90p95;110863.0;;0.1141;0.1141
;US-NY;1973;p95p99;168018.09;;0.1384;0.1384
;US-NY;1973;p99.5p99.9;484831.91;;0.039900001;0.039900001
;US-NY;1973;p99.9p99.99;1175526.3;;0.0218;0.0218
;US-NY;1973;p99p99.5;293193.09;;0.030200001;0.030200001
;US-NY;1973;p95p100;235980.0;;0.2429;0.2429
;US-NY;1973;p0p90;34694.0;;0.64289999;0.64289999
;US-NY;1973;p0p99;43930.898;;0.89539999;0.89539999
;US-NY;1973;p99.5p100;723072.13;;0.0744;0.0744
;US-NY;1972;p0p100;1332824.3;3.75694570628e+11;1.0;1.0
;US-NY;1972;p99p100;551215.38;;0.1119;0.1119
;US-NY;1972;p99.9p100;1964578.8;;0.039900001;0.039900001
;US-NY;1972;p99.99p100;7829545.0;;0.015900001;0.015900001
;US-NY;1972;p90p100;176663.7;;0.3585;0.3585
;US-NY;1972;p90p95;109925.9;;0.1115;0.1115
;US-NY;1972;p95p99;166422.3;;0.13510001;0.13510001
;US-NY;1972;p99.5p99.9;500679.19;;0.040600002;0.040600002
;US-NY;1972;p99.9p99.99;1313023.6;;0.024;0.024
;US-NY;1972;p99p99.5;309347.81;;0.031399999;0.031399999
;US-NY;1972;p95p100;243377.91;;0.24690001;0.24690001
;US-NY;1972;p0p90;35125.398;;0.6415;0.6415
;US-NY;1972;p0p99;44210.102;;0.88810003;0.88810003
;US-NY;1972;p99.5p100;793083.0;;0.080499999;0.080499999
;US-NY;1971;p0p100;1396403.1;3.65606465387e+11;1.0;1.0
;US-NY;1971;p99p100;541806.19;;0.1118;0.1118
;US-NY;1971;p99.9p100;1943637.8;;0.040100001;0.040100001
;US-NY;1971;p99.99p100;7617003.0;;0.015699999;0.015699999
;US-NY;1971;p90p100;173245.59;;0.3574;0.3574
;US-NY;1971;p90p95;106789.9;;0.1102;0.1102
;US-NY;1971;p95p99;164090.3;;0.1354;0.1354
;US-NY;1971;p99.5p99.9;483983.59;;0.039900001;0.039900001
;US-NY;1971;p99.9p99.99;1313116.3;;0.0244;0.0244
;US-NY;1971;p99p99.5;308254.31;;0.031800002;0.031800002
;US-NY;1971;p95p100;239642.09;;0.2472;0.2472
;US-NY;1971;p0p90;34606.199;;0.6426;0.6426
;US-NY;1971;p0p99;43486.199;;0.88819999;0.88819999
;US-NY;1971;p99.5p100;775469.19;;0.079999998;0.079999998
;US-NY;1970;p0p100;1527912.6;3.62599480534e+11;1.0;1.0
;US-NY;1970;p99p100;526811.63;;0.1082;0.1082
;US-NY;1970;p99.9p100;1828046.5;;0.037599999;0.037599999
;US-NY;1970;p99.99p100;7223476.5;;0.0148;0.0148
;US-NY;1970;p90p100;170290.0;;0.34979999;0.34979999
;US-NY;1970;p90p95;105659.0;;0.1085;0.1085
;US-NY;1970;p95p99;161797.8;;0.133;0.133
;US-NY;1970;p99.5p99.9;482541.91;;0.039700001;0.039700001
;US-NY;1970;p99.9p99.99;1229159.8;;0.022700001;0.022700001
;US-NY;1970;p99p99.5;302555.59;;0.031099999;0.031099999
;US-NY;1970;p95p100;234836.0;;0.2412;0.2412
;US-NY;1970;p0p90;35165.5;;0.65020001;0.65020001
;US-NY;1970;p0p99;43845.699;;0.89179999;0.89179999
;US-NY;1970;p99.5p100;751241.81;;0.077200003;0.077200003
;US-NY;1969;p0p100;1722625.8;3.62853471719e+11;1.0;1.0
;US-NY;1969;p99p100;645534.81;;0.13150001;0.13150001
;US-NY;1969;p99.9p100;2587361.0;;0.052700002;0.052700002
;US-NY;1969;p99.99p100;10827910.0;;0.0221;0.0221
;US-NY;1969;p90p100;184484.09;;0.3757;0.3757
;US-NY;1969;p90p95;105416.6;;0.1074;0.1074
;US-NY;1969;p95p99;167911.2;;0.13680001;0.13680001
;US-NY;1969;p99.5p99.9;553422.19;;0.0451;0.0451
;US-NY;1969;p99.9p99.99;1671942.5;;0.0306;0.0306
;US-NY;1969;p99p99.5;330980.0;;0.0337;0.0337
;US-NY;1969;p95p100;263494.19;;0.2683;0.2683
;US-NY;1969;p0p90;34061.398;;0.62440002;0.62440002
;US-NY;1969;p0p99;43074.102;;0.86849999;0.86849999
;US-NY;1969;p99.5p100;959908.31;;0.097800002;0.097800002
;US-NY;1968;p0p100;1990740.9;3.74734465816e+11;1.0;1.0
;US-NY;1968;p99p100;755682.63;;0.1481;0.1481
;US-NY;1968;p99.9p100;3114503.5;;0.061000001;0.061000001
;US-NY;1968;p99.99p100;12759499.0;;0.025;0.025
;US-NY;1968;p90p100;198489.91;;0.38909999;0.38909999
;US-NY;1968;p90p95;104846.1;;0.1028;0.1028
;US-NY;1968;p95p99;176421.91;;0.1383;0.1383
;US-NY;1968;p99.5p99.9;650485.81;;0.050999999;0.050999999
;US-NY;1968;p99.9p99.99;2041945.5;;0.035999998;0.035999998
;US-NY;1968;p99p99.5;368000.5;;0.0361;0.0361
;US-NY;1968;p95p100;292241.19;;0.28639999;0.28639999
;US-NY;1968;p0p90;34625.301;;0.61080003;0.61080003
;US-NY;1968;p0p99;43899.801;;0.85189998;0.85189998
;US-NY;1968;p99.5p100;1143586.5;;0.1121;0.1121
;US-NY;1967;p0p100;2057640.8;3.54524112836e+11;1.0;1.0
;US-NY;1967;p99p100;685901.69;;0.14120001;0.14120001
;US-NY;1967;p99.9p100;2709436.5;;0.055799998;0.055799998
;US-NY;1967;p99.99p100;10792761.0;;0.0222;0.0222
;US-NY;1967;p90p100;187349.8;;0.38569999;0.38569999
;US-NY;1967;p90p95;102001.6;;0.105;0.105
;US-NY;1967;p95p99;169064.2;;0.1392;0.1392
;US-NY;1967;p99.5p99.9;604218.31;;0.049800001;0.049800001
;US-NY;1967;p99.9p99.99;1811013.1;;0.033599999;0.033599999
;US-NY;1967;p99p99.5;346471.09;;0.035700001;0.035700001
;US-NY;1967;p95p100;272524.69;;0.28049999;0.28049999
;US-NY;1967;p0p90;33170.602;;0.6146;0.6146
;US-NY;1967;p0p99;42137.0;;0.85879999;0.85879999
;US-NY;1967;p99.5p100;1025201.2;;0.1055;0.1055
;US-NY;1966;p0p100;2091327.3;3.36604028853e+11;1.0;1.0
;US-NY;1966;p99p100;596642.13;;0.1284;0.1284
;US-NY;1966;p99.9p100;2312693.5;;0.049800001;0.049800001
;US-NY;1966;p99.99p100;9341188.0;;0.020099999;0.020099999
;US-NY;1966;p90p100;171362.5;;0.3689;0.3689
;US-NY;1966;p90p95;98561.5;;0.1061;0.1061
;US-NY;1966;p95p99;155435.2;;0.1338;0.1338
;US-NY;1966;p99.5p99.9;531827.63;;0.0458;0.0458
;US-NY;1966;p99.9p99.99;1531474.3;;0.0297;0.0297
;US-NY;1966;p99p99.5;306937.81;;0.033;0.033
;US-NY;1966;p95p100;243731.41;;0.26230001;0.26230001
;US-NY;1966;p0p90;32597.699;;0.63150001;0.63150001
;US-NY;1966;p0p99;40900.398;;0.87159997;0.87159997
;US-NY;1966;p99.5p100;886829.5;;0.095399998;0.095399998
;US-NY;1965;p0p100;2150498.8;3.24553797568e+11;1.0;1.0
;US-NY;1965;p99p100;612158.19;;0.1356;0.1356
;US-NY;1965;p99.9p100;2325559.0;;0.0515;0.0515
;US-NY;1965;p99.99p100;9778605.0;;0.0217;0.0217
;US-NY;1965;p90p100;168847.41;;0.3739;0.3739
;US-NY;1965;p90p95;92761.797;;0.1027;0.1027
;US-NY;1965;p95p99;153177.59;;0.1357;0.1357
;US-NY;1965;p99.5p99.9;544297.69;;0.0482;0.0482
;US-NY;1965;p99.9p99.99;1497824.9;;0.029899999;0.029899999
;US-NY;1965;p99p99.5;324211.41;;0.0359;0.0359
;US-NY;1965;p95p100;244954.41;;0.2712;0.2712
;US-NY;1965;p0p90;31406.4;;0.62599999;0.62599999
;US-NY;1965;p0p99;39427.801;;0.86440003;0.86440003
;US-NY;1965;p99.5p100;900254.69;;0.099699996;0.099699996
;US-NY;1964;p0p100;2149846.3;3.11419799503e+11;1.0;1.0
;US-NY;1964;p99p100;552553.0;;0.12639999;0.12639999
;US-NY;1964;p99.9p100;1974204.3;;0.045200001;0.045200001
;US-NY;1964;p99.99p100;7816095.0;;0.017899999;0.017899999
;US-NY;1964;p90p100;159114.59;;0.36390001;0.36390001
;US-NY;1964;p90p95;89752.0;;0.1026;0.1026
;US-NY;1964;p95p99;147454.5;;0.1349;0.1349
;US-NY;1964;p99.5p99.9;505008.59;;0.0462;0.0462
;US-NY;1964;p99.9p99.99;1325202.8;;0.0273;0.0273
;US-NY;1964;p99p99.5;306712.81;;0.035100002;0.035100002
;US-NY;1964;p95p100;228551.7;;0.26140001;0.26140001
;US-NY;1964;p0p90;30895.6;;0.63599998;0.63599998
;US-NY;1964;p0p99;38580.0;;0.87360001;0.87360001
;US-NY;1964;p99.5p100;798710.81;;0.091300003;0.091300003
;US-NY;1963;p0p100;2097538.3;2.9297992563e+11;1.0;1.0
;US-NY;1963;p99p100;502707.59;;0.121;0.121
;US-NY;1963;p99.9p100;1785018.0;;0.0429;0.0429
;US-NY;1963;p99.99p100;6810159.0;;0.0164;0.0164
;US-NY;1963;p90p100;150325.91;;0.3617;0.3617
;US-NY;1963;p90p95;87659.398;;0.1055;0.1055
;US-NY;1963;p95p99;140561.91;;0.1353;0.1353
;US-NY;1963;p99.5p99.9;466016.31;;0.044799998;0.044799998
;US-NY;1963;p99.9p99.99;1226191.8;;0.0266;0.0266
;US-NY;1963;p99p99.5;276042.69;;0.033199999;0.033199999
;US-NY;1963;p95p100;212991.09;;0.25619999;0.25619999
;US-NY;1963;p0p90;29475.5;;0.6383;0.6383
;US-NY;1963;p0p99;36904.301;;0.87900001;0.87900001
;US-NY;1963;p99.5p100;729381.13;;0.087700002;0.087700002
;US-NY;1962;p0p100;2103846.8;2.83105564085e+11;1.0;1.0
;US-NY;1962;p99p100;492802.41;;0.1214;0.1214
;US-NY;1962;p99.9p100;1743182.1;;0.0429;0.0429
;US-NY;1962;p99.99p100;6339008.0;;0.0156;0.0156
;US-NY;1962;p90p100;146611.5;;0.36109999;0.36109999
;US-NY;1962;p90p95;84830.5;;0.1045;0.1045
;US-NY;1962;p95p99;137288.8;;0.13519999;0.13519999
;US-NY;1962;p99.5p99.9;458839.5;;0.045200001;0.045200001
;US-NY;1962;p99.9p99.99;1232523.0;;0.0273;0.0273
;US-NY;1962;p99p99.5;270481.5;;0.033300001;0.033300001
;US-NY;1962;p95p100;208391.3;;0.25659999;0.25659999
;US-NY;1962;p0p90;28822.801;;0.63889998;0.63889998
;US-NY;1962;p0p99;36036.898;;0.8786;0.8786
;US-NY;1962;p99.5p100;715130.81;;0.088100001;0.088100001
;US-NY;1961;p0p100;2113409.5;2.75446958455e+11;1.0;1.0
;US-NY;1961;p99p100;551822.38;;0.138;0.138
;US-NY;1961;p99.9p100;2179454.5;;0.054499999;0.054499999
;US-NY;1961;p99.99p100;8468429.0;;0.021199999;0.021199999
;US-NY;1961;p90p100;150442.7;;0.37630001;0.37630001
;US-NY;1961;p90p95;81958.898;;0.1025;0.1025
;US-NY;1961;p95p99;135689.5;;0.1357;0.1357
;US-NY;1961;p99.5p99.9;495791.41;;0.049600001;0.049600001
;US-NY;1961;p99.9p99.99;1480522.5;;0.033300001;0.033300001
;US-NY;1961;p99p99.5;271295.69;;0.0339;0.0339
;US-NY;1961;p95p100;218922.09;;0.27379999;0.27379999
;US-NY;1961;p0p90;27709.199;;0.62370002;0.62370002
;US-NY;1961;p0p99;34812.699;;0.86199999;0.86199999
;US-NY;1961;p99.5p100;832338.0;;0.1041;0.1041
;US-NY;1960;p0p100;2096497.3;2.64266563753e+11;1.0;1.0
;US-NY;1960;p99p100;478212.5;;0.123;0.123
;US-NY;1960;p99.9p100;1767438.3;;0.045499999;0.045499999
;US-NY;1960;p99.99p100;6635246.5;;0.017100001;0.017100001
;US-NY;1960;p90p100;139665.3;;0.35929999;0.35929999
;US-NY;1960;p90p95;79669.5;;0.1025;0.1025
;US-NY;1960;p95p99;130022.1;;0.1338;0.1338
;US-NY;1960;p99.5p99.9;436417.81;;0.0449;0.0449
;US-NY;1960;p99.9p99.99;1225953.3;;0.0284;0.0284
;US-NY;1960;p99p99.5;254582.2;;0.032699998;0.032699998
;US-NY;1960;p95p100;199662.41;;0.2568;0.2568
;US-NY;1960;p0p90;27667.9;;0.64060003;0.64060003
;US-NY;1960;p0p99;34433.102;;0.87699997;0.87699997
;US-NY;1960;p99.5p100;701852.0;;0.090300001;0.090300001
;US-NY;1959;p0p100;2143229.0;2.59653893047e+11;1.0;1.0
;US-NY;1959;p99p100;535833.31;;0.13950001;0.13950001
;US-NY;1959;p99.9p100;1922009.6;;0.050000001;0.050000001
;US-NY;1959;p99.99p100;7232793.5;;0.0188;0.0188
;US-NY;1959;p90p100;145130.8;;0.3779;0.3779
;US-NY;1959;p90p95;77579.203;;0.101;0.101
;US-NY;1959;p95p99;131882.91;;0.1374;0.1374
;US-NY;1959;p99.5p99.9;506752.41;;0.0528;0.0528
;US-NY;1959;p99.9p99.99;1331260.5;;0.031199999;0.031199999
;US-NY;1959;p99p99.5;282172.0;;0.036699999;0.036699999
;US-NY;1959;p95p100;212678.5;;0.27689999;0.27689999
;US-NY;1959;p0p90;26547.4;;0.6221;0.6221
;US-NY;1959;p0p99;33381.699;;0.86049998;0.86049998
;US-NY;1959;p99.5p100;789489.19;;0.1028;0.1028
;US-NY;1958;p0p100;2047697.3;2.43052492108e+11;1.0;1.0
;US-NY;1958;p99p100;461894.59;;0.1276;0.1276
;US-NY;1958;p99.9p100;1630250.9;;0.045000002;0.045000002
;US-NY;1958;p99.99p100;5827404.0;;0.016100001;0.016100001
;US-NY;1958;p90p100;131414.91;;0.36309999;0.36309999
;US-NY;1958;p90p95;73369.703;;0.1014;0.1014
;US-NY;1958;p95p99;121346.3;;0.13410001;0.13410001
;US-NY;1958;p99.5p99.9;439731.09;;0.048599999;0.048599999
;US-NY;1958;p99.9p99.99;1163238.3;;0.028899999;0.028899999
;US-NY;1958;p99p99.5;246436.5;;0.034000002;0.034000002
;US-NY;1958;p95p100;189457.09;;0.2617;0.2617
;US-NY;1958;p0p90;25609.5;;0.63679999;0.63679999
;US-NY;1958;p0p99;31891.6;;0.87239999;0.87239999
;US-NY;1958;p99.5p100;677354.88;;0.093599997;0.093599997
;US-NY;1957;p0p100;2180945.8;2.43612025611e+11;1.0;1.0
;US-NY;1957;p99p100;451945.19;;0.1237;0.1237
;US-NY;1957;p99.9p100;1585496.6;;0.043400001;0.043400001
;US-NY;1957;p99.99p100;5499212.5;;0.0151;0.0151
;US-NY;1957;p90p100;130072.1;;0.35609999;0.35609999
;US-NY;1957;p90p95;73392.898;;0.1005;0.1005
;US-NY;1957;p95p99;120448.5;;0.1319;0.1319
;US-NY;1957;p99.5p99.9;430033.69;;0.0471;0.0471
;US-NY;1957;p99.9p99.99;1150284.9;;0.0283;0.0283
;US-NY;1957;p99p99.5;243107.91;;0.033300001;0.033300001
;US-NY;1957;p95p100;186749.5;;0.25560001;0.25560001
;US-NY;1957;p0p90;26131.1;;0.64389998;0.64389998
;US-NY;1957;p0p99;32330.199;;0.87629998;0.87629998
;US-NY;1957;p99.5p100;660785.69;;0.090499997;0.090499997
;US-NY;1956;p0p100;2326899.3;2.40287900096e+11;1.0;1.0
;US-NY;1956;p99p100;482906.91;;0.1329;0.1329
;US-NY;1956;p99.9p100;1778318.9;;0.048900001;0.048900001
;US-NY;1956;p99.99p100;6294885.0;;0.0173;0.0173
;US-NY;1956;p90p100;135432.91;;0.37270001;0.37270001
;US-NY;1956;p90p95;76997.602;;0.106;0.106
;US-NY;1956;p95p99;121167.0;;0.13339999;0.13339999
;US-NY;1956;p99.5p99.9;453257.19;;0.049899999;0.049899999
;US-NY;1956;p99.9p99.99;1276047.6;;0.031599998;0.031599998
;US-NY;1956;p99p99.5;248244.91;;0.034200002;0.034200002
;US-NY;1956;p95p100;193514.09;;0.26629999;0.26629999
;US-NY;1956;p0p90;25341.0;;0.62769997;0.62769997
;US-NY;1956;p0p99;31824.801;;0.8671;0.8671
;US-NY;1956;p99.5p100;717573.19;;0.098700002;0.098700002
;US-NY;1955;p0p100;2348069.8;2.33408413023e+11;1.0;1.0
;US-NY;1955;p99p100;516729.0;;0.1452;0.1452
;US-NY;1955;p99.9p100;1967308.3;;0.055300001;0.055300001
;US-NY;1955;p99.99p100;7614411.5;;0.021400001;0.021400001
;US-NY;1955;p90p100;137771.59;;0.38710001;0.38710001
;US-NY;1955;p90p95;74544.0;;0.1047;0.1047
;US-NY;1955;p95p99;121069.8;;0.13609999;0.13609999
;US-NY;1955;p99.5p99.9;476855.41;;0.053599998;0.053599998
;US-NY;1955;p99.9p99.99;1339763.4;;0.0339;0.0339
;US-NY;1955;p99p99.5;258505.7;;0.0363;0.0363
;US-NY;1955;p95p100;200234.59;;0.28130001;0.28130001
;US-NY;1955;p0p90;24284.4;;0.61409998;0.61409998
;US-NY;1955;p0p99;30733.199;;0.85479999;0.85479999
;US-NY;1955;p99.5p100;774951.69;;0.1089;0.1089
;US-NY;1954;p0p100;2213488.8;2.19795977554e+11;1.0;1.0
;US-NY;1954;p99p100;456745.19;;0.13510001;0.13510001
;US-NY;1954;p99.9p100;1624710.0;;0.048099998;0.048099998
;US-NY;1954;p99.99p100;5953740.0;;0.0176;0.0176
;US-NY;1954;p90p100;128923.1;;0.38139999;0.38139999
;US-NY;1954;p90p95;72540.797;;0.1073;0.1073
;US-NY;1954;p95p99;116470.7;;0.13779999;0.13779999
;US-NY;1954;p99.5p99.9;431961.31;;0.051100001;0.051100001
;US-NY;1954;p99.9p99.99;1143683.0;;0.030400001;0.030400001
;US-NY;1954;p99p99.5;242976.91;;0.0359;0.0359
;US-NY;1954;p95p100;184580.8;;0.273;0.273
;US-NY;1954;p0p90;23279.199;;0.61979997;0.61979997
;US-NY;1954;p0p99;29532.5;;0.86489999;0.86489999
;US-NY;1954;p99.5p100;670512.69;;0.099200003;0.099200003
;US-NY;1953;p0p100;2197332.8;2.14164108618e+11;1.0;1.0
;US-NY;1953;p99p100;411534.19;;0.1239;0.1239
;US-NY;1953;p99.9p100;1381446.8;;0.0416;0.0416
;US-NY;1953;p99.99p100;5048626.0;;0.0152;0.0152
;US-NY;1953;p90p100;121949.4;;0.36700001;0.36700001
;US-NY;1953;p90p95;71968.602;;0.1083;0.1083
;US-NY;1953;p95p99;111116.6;;0.1338;0.1338
;US-NY;1953;p99.5p99.9;398519.41;;0.048;0.048
;US-NY;1953;p99.9p99.99;972199.38;;0.0263;0.0263
;US-NY;1953;p99p99.5;227796.09;;0.034299999;0.034299999
;US-NY;1953;p95p100;171272.91;;0.2577;0.2577
;US-NY;1953;p0p90;23410.199;;0.63410002;0.63410002
;US-NY;1953;p0p99;29403.9;;0.8761;0.8761
;US-NY;1953;p99.5p100;595232.63;;0.089599997;0.089599997
;US-NY;1952;p0p100;2146486.8;2.04472502944e+11;1.0;1.0
;US-NY;1952;p99p100;420297.09;;0.13150001;0.13150001
;US-NY;1952;p99.9p100;1442700.3;;0.0451;0.0451
;US-NY;1952;p99.99p100;5052204.0;;0.015799999;0.015799999
;US-NY;1952;p90p100;120340.5;;0.37639999;0.37639999
;US-NY;1952;p90p95;69073.898;;0.108;0.108
;US-NY;1952;p95p99;108661.1;;0.13590001;0.13590001
;US-NY;1952;p99.5p99.9;406893.81;;0.050900001;0.050900001
;US-NY;1952;p99.9p99.99;1040266.4;;0.029300001;0.029300001
;US-NY;1952;p99p99.5;226359.91;;0.035399999;0.035399999
;US-NY;1952;p95p100;171063.41;;0.26750001;0.26750001
;US-NY;1952;p0p90;22190.0;;0.62459999;0.62459999
;US-NY;1952;p0p99;28049.5;;0.86849999;0.86849999
;US-NY;1952;p99.5p100;614190.69;;0.096100003;0.096100003
;US-NY;1951;p0p100;2229476.3;2.01645374809e+11;1.0;1.0
;US-NY;1951;p99p100;503783.09;;0.1584;0.1584
;US-NY;1951;p99.9p100;1886299.3;;0.059300002;0.059300002
;US-NY;1951;p99.99p100;5810480.0;;0.018300001;0.018300001
;US-NY;1951;p90p100;123601.0;;0.38859999;0.38859999
;US-NY;1951;p90p95;57839.301;;0.090899996;0.090899996
;US-NY;1951;p95p99;113165.7;;0.14229999;0.14229999
;US-NY;1951;p99.5p99.9;474876.91;;0.059700001;0.059700001
;US-NY;1951;p99.9p99.99;1443563.6;;0.040899999;0.040899999
;US-NY;1951;p99p99.5;254936.5;;0.040100001;0.040100001
;US-NY;1951;p95p100;190815.8;;0.30000001;0.30000001
;US-NY;1951;p0p99;19525.301;;0.60780001;0.60780001
;US-NY;1951;p99.5p100;754207.81;;0.1186;0.1186
;US-NY;1950;p0p100;2600438.0;2.00250772298e+11;1.0;1.0
;US-NY;1950;p99p100;497581.91;;0.15620001;0.15620001
;US-NY;1950;p99.9p100;1831453.8;;0.057500001;0.057500001
;US-NY;1950;p99.99p100;5484331.5;;0.017200001;0.017200001
;US-NY;1950;p90p100;122276.5;;0.3838;0.3838
;US-NY;1950;p90p95;57523.398;;0.090300001;0.090300001
;US-NY;1950;p95p99;109658.0;;0.13770001;0.13770001
;US-NY;1950;p99.5p99.9;469822.41;;0.059;0.059
;US-NY;1950;p99.9p99.99;1409164.3;;0.039799999;0.039799999
;US-NY;1950;p99p99.5;252754.41;;0.039700001;0.039700001
;US-NY;1950;p95p100;187361.0;;0.29409999;0.29409999
;US-NY;1950;p0p90;21817.9;;0.6164;0.6164
;US-NY;1950;p0p99;27154.1;;0.84380001;0.84380001
;US-NY;1950;p99.5p100;742337.0;;0.1165;0.1165
;US-NY;1949;p0p100;2487339.3;1.85921757468e+11;1.0;1.0
;US-NY;1949;p99p100;410546.5;;0.1374;0.1374
;US-NY;1949;p99.9p100;1451935.5;;0.048599999;0.048599999
;US-NY;1949;p99.99p100;5208577.0;;0.0174;0.0174
;US-NY;1949;p90p100;109946.9;;0.36790001;0.36790001
;US-NY;1949;p90p95;55905.301;;0.093500003;0.093500003
;US-NY;1949;p95p99;102596.1;;0.1373;0.1373
;US-NY;1949;p99.5p99.9;392599.09;;0.052499998;0.052499998
;US-NY;1949;p99.9p99.99;1034502.2;;0.031199999;0.031199999
;US-NY;1949;p99p99.5;216630.0;;0.036200002;0.036200002
;US-NY;1949;p95p100;164247.59;;0.2748;0.2748
;US-NY;1949;p0p90;20977.1;;0.6318;0.6318
;US-NY;1949;p0p99;26038.9;;0.86260003;0.86260003
;US-NY;1949;p99.5p100;604466.0;;0.1011;0.1011
;US-NY;1948;p0p100;2439691.8;1.84597378322e+11;1.0;1.0
;US-NY;1948;p99p100;436901.0;;0.1462;0.1462
;US-NY;1948;p99.9p100;1528972.9;;0.051199999;0.051199999
;US-NY;1948;p99.99p100;5412717.0;;0.018100001;0.018100001
;US-NY;1948;p90p100;112701.6;;0.37709999;0.37709999
;US-NY;1948;p90p95;56389.602;;0.094300002;0.094300002
;US-NY;1948;p95p99;102100.0;;0.1366;0.1366
;US-NY;1948;p99.5p99.9;423456.91;;0.056699999;0.056699999
;US-NY;1948;p99.9p99.99;1097416.0;;0.033;0.033
;US-NY;1948;p99p99.5;229236.5;;0.0383;0.0383
;US-NY;1948;p95p100;169089.91;;0.28290001;0.28290001
;US-NY;1948;p0p90;20685.1;;0.62290001;0.62290001
;US-NY;1948;p0p99;25777.801;;0.8538;0.8538
;US-NY;1948;p99.5p100;644562.19;;0.1078;0.1078
;US-NY;1947;p0p100;2847421.8;1.8410865374e+11;1.0;1.0
;US-NY;1947;p99p100;424727.41;;0.14139999;0.14139999
;US-NY;1947;p99.9p100;1504305.6;;0.050099999;0.050099999
;US-NY;1947;p99.99p100;5647702.0;;0.0188;0.0188
;US-NY;1947;p90p100;111931.4;;0.37270001;0.37270001
;US-NY;1947;p90p95;55382.301;;0.092200004;0.092200004
;US-NY;1947;p95p99;104396.7;;0.139;0.139
;US-NY;1947;p99.5p99.9;403213.0;;0.0537;0.0537
;US-NY;1947;p99.9p99.99;1043818.1;;0.031300001;0.031300001
;US-NY;1947;p99p99.5;226041.2;;0.037599999;0.037599999
;US-NY;1947;p95p100;168474.41;;0.28049999;0.28049999
;US-NY;1947;p0p90;20935.1;;0.62730002;0.62730002
;US-NY;1947;p0p99;26047.0;;0.85860002;0.85860002
;US-NY;1947;p99.5p100;623433.81;;0.1038;0.1038
;US-NY;1946;p0p100;3825031.5;1.87296863357e+11;1.0;1.0
;US-NY;1946;p99p100;496888.5;;0.1611;0.1611
;US-NY;1946;p99.9p100;1721909.1;;0.055799998;0.055799998
;US-NY;1946;p99.99p100;6154290.0;;0.0199;0.0199
;US-NY;1946;p90p100;127465.1;;0.41319999;0.41319999
;US-NY;1946;p90p95;59126.199;;0.095799997;0.095799997
;US-NY;1946;p95p99;120522.8;;0.15629999;0.15629999
;US-NY;1946;p99.5p99.9;478051.5;;0.061999999;0.061999999
;US-NY;1946;p99.9p99.99;1229395.9;;0.0359;0.0359
;US-NY;1946;p99p99.5;266972.31;;0.043299999;0.043299999
;US-NY;1946;p95p100;195800.41;;0.31729999;0.31729999
;US-NY;1946;p0p90;20115.199;;0.58679998;0.58679998
;US-NY;1946;p0p99;26142.4;;0.83890003;0.83890003
;US-NY;1946;p99.5p100;726823.69;;0.1178;0.1178
;US-NY;1945;p0p100;4439654.0;1.84354117218e+11;1.0;1.0
;US-NY;1945;p99p100;495044.59;;0.1629;0.1629
;US-NY;1945;p99.9p100;1712500.5;;0.056299999;0.056299999
;US-NY;1945;p99.99p100;5657117.0;;0.0186;0.0186
;US-NY;1945;p90p100;120742.9;;0.39719999;0.39719999
;US-NY;1945;p90p95;56637.301;;0.093199998;0.093199998
;US-NY;1945;p95p99;107263.3;;0.1411;0.1411
;US-NY;1945;p99.5p99.9;484579.0;;0.0638;0.0638
;US-NY;1945;p99.9p99.99;1270723.3;;0.037599999;0.037599999
;US-NY;1945;p99p99.5;259929.5;;0.042800002;0.042800002
;US-NY;1945;p95p100;184840.41;;0.30399999;0.30399999
;US-NY;1945;p0p90;20363.801;;0.60290003;0.60290003
;US-NY;1945;p0p99;25703.801;;0.83710003;0.83710003
;US-NY;1945;p99.5p100;730184.13;;0.1201;0.1201
;US-NY;1944;p0p100;4526150.0;1.79333846329e+11;1.0;1.0
;US-NY;1944;p99p100;428489.19;;0.1446;0.1446
;US-NY;1944;p99.9p100;1466418.0;;0.0495;0.0495
;US-NY;1944;p99.99p100;4832735.0;;0.0163;0.0163
;US-NY;1944;p90p100;114426.6;;0.3863;0.3863
;US-NY;1944;p90p95;61739.301;;0.1042;0.1042
;US-NY;1944;p95p99;99388.297;;0.13420001;0.13420001
;US-NY;1944;p99.5p99.9;419503.31;;0.056600001;0.056600001
;US-NY;1944;p99.9p99.99;1091935.1;;0.033199999;0.033199999
;US-NY;1944;p99p99.5;228103.0;;0.0385;0.0385
;US-NY;1944;p95p100;165451.91;;0.27919999;0.27919999
;US-NY;1944;p0p90;20308.699;;0.61699998;0.61699998
;US-NY;1944;p0p99;25596.0;;0.85540003;0.85540003
;US-NY;1944;p99.5p100;628850.31;;0.1061;0.1061
;US-NY;1943;p0p100;4651545.5;1.7750542919e+11;1.0;1.0
;US-NY;1943;p99p100;449328.31;;0.15279999;0.15279999
;US-NY;1943;p99.9p100;1580345.8;;0.0537;0.0537
;US-NY;1943;p99.99p100;4892889.0;;0.0166;0.0166
;US-NY;1943;p90p100;109231.8;;0.3714;0.3714
;US-NY;1943;p90p95;53181.898;;0.090400003;0.090400003
;US-NY;1943;p95p99;94366.602;;0.1283;0.1283
;US-NY;1943;p99.5p99.9;443104.69;;0.0603;0.0603
;US-NY;1943;p99.9p99.99;1208174.8;;0.037;0.037
;US-NY;1943;p99p99.5;228119.5;;0.038800001;0.038800001
;US-NY;1943;p95p100;165326.3;;0.28099999;0.28099999
;US-NY;1943;p0p90;20545.801;;0.6286;0.6286
;US-NY;1943;p0p99;25173.1;;0.84719998;0.84719998
;US-NY;1943;p99.5p100;670542.5;;0.114;0.114
;US-NY;1942;p0p100;4579519.5;1.5431042075e+11;1.0;1.0
;US-NY;1942;p99p100;409863.59;;0.1595;0.1595
;US-NY;1942;p99.9p100;1464900.6;;0.057;0.057
;US-NY;1942;p99.99p100;4767325.5;;0.0185;0.0185
;US-NY;1942;p90p100;99050.0;;0.3854;0.3854
;US-NY;1942;p90p95;49686.102;;0.096699998;0.096699998
;US-NY;1942;p95p99;83104.602;;0.1293;0.1293
;US-NY;1942;p99.5p99.9;402649.19;;0.062700003;0.062700003
;US-NY;1942;p99.9p99.99;1098040.0;;0.038400002;0.038400002
;US-NY;1942;p99p99.5;204625.2;;0.039799999;0.039799999
;US-NY;1942;p95p100;148422.5;;0.28870001;0.28870001
;US-NY;1942;p0p90;17549.801;;0.61449999;0.61449999
;US-NY;1942;p0p99;21821.5;;0.8405;0.8405
;US-NY;1942;p99.5p100;615104.0;;0.1197;0.1197
;US-NY;1941;p0p100;5265592.5;1.44561402194e+11;1.0;1.0
;US-NY;1941;p99p100;422973.41;;0.1753;0.1753
;US-NY;1941;p99.9p100;1620957.8;;0.067199998;0.067199998
;US-NY;1941;p99.99p100;5819894.5;;0.0241;0.0241
;US-NY;1941;p90p100;100700.0;;0.41729999;0.41729999
;US-NY;1941;p90p95;50505.301;;0.1046;0.1046
;US-NY;1941;p95p99;82699.5;;0.1371;0.1371
;US-NY;1941;p99.5p99.9;397704.59;;0.065899998;0.065899998
;US-NY;1941;p99.9p99.99;1154954.4;;0.043099999;0.043099999
;US-NY;1941;p99p99.5;203742.41;;0.042199999;0.042199999
;US-NY;1941;p95p100;150689.09;;0.31220001;0.31220001
;US-NY;1941;p0p90;15633.2;;0.583;0.583
;US-NY;1941;p0p99;20105.4;;0.8247;0.8247
;US-NY;1941;p99.5p100;642259.38;;0.1331;0.1331
;US-NY;1940;p0p100;5469427.5;1.36022396269e+11;1.0;1.0
;US-NY;1940;p99p100;402502.0;;0.177;0.177
;US-NY;1940;p99.9p100;1530296.8;;0.067299999;0.067299999
;US-NY;1940;p99.99p100;5562775.0;;0.024499999;0.024499999
;US-NY;1940;p90p100;96786.703;;0.42570001;0.42570001
;US-NY;1940;p90p95;49327.102;;0.1085;0.1085
;US-NY;1940;p95p99;79863.0;;0.14049999;0.14049999
;US-NY;1940;p99.5p99.9;380015.59;;0.0669;0.0669
;US-NY;1940;p99.9p99.99;1082872.8;;0.0429;0.0429
;US-NY;1940;p99p99.5;195103.91;;0.0429;0.0429
;US-NY;1940;p95p100;144304.91;;0.31729999;0.31729999
;US-NY;1940;p0p90;14500.5;;0.574;0.574
;US-NY;1940;p0p99;18901.699;;0.82300001;0.82300001
;US-NY;1940;p99.5p100;609979.0;;0.13410001;0.13410001
;US-NY;1939;p0p100;5462989.5;1.31172002651e+11;1.0;1.0
;US-NY;1939;p99p100;389022.19;;0.17460001;0.17460001
;US-NY;1939;p99.9p100;1487682.4;;0.066799998;0.066799998
;US-NY;1939;p99.99p100;5400913.0;;0.0242;0.0242
;US-NY;1939;p90p100;98586.102;;0.4425;0.4425
;US-NY;1939;p90p95;56236.0;;0.12620001;0.12620001
;US-NY;1939;p95p99;78888.898;;0.1416;0.1416
;US-NY;1939;p99.5p99.9;365876.41;;0.065700002;0.065700002
;US-NY;1939;p99.9p99.99;1053241.6;;0.0425;0.0425
;US-NY;1939;p99p99.5;187983.8;;0.042199999;0.042199999
;US-NY;1939;p95p100;140820.0;;0.31600001;0.31600001
;US-NY;1939;p0p90;13801.8;;0.5575;0.5575
;US-NY;1939;p0p99;18576.0;;0.82539999;0.82539999
;US-NY;1939;p99.5p100;590154.0;;0.13240001;0.13240001
;US-NY;1938;p0p100;5086552.0;1.23861033835e+11;1.0;1.0
;US-NY;1938;p99p100;358405.91;;0.1679;0.1679
;US-NY;1938;p99.9p100;1413680.8;;0.066200003;0.066200003
;US-NY;1938;p99.99p100;5702015.0;;0.026699999;0.026699999
;US-NY;1938;p90p100;93010.0;;0.4357;0.4357
;US-NY;1938;p90p95;57432.801;;0.1345;0.1345
;US-NY;1938;p95p99;72412.102;;0.1357;0.1357
;US-NY;1938;p99.5p99.9;329049.81;;0.061700001;0.061700001
;US-NY;1938;p99.9p99.99;938682.19;;0.0396;0.0396
;US-NY;1938;p99p99.5;171178.2;;0.040100001;0.040100001
;US-NY;1938;p95p100;129513.2;;0.30329999;0.30329999
;US-NY;1938;p0p90;13325.2;;0.5618;0.5618
;US-NY;1938;p0p99;17943.301;;0.83209997;0.83209997
;US-NY;1938;p99.5p100;545781.88;;0.1278;0.1278
;US-NY;1937;p0p100;5174339.5;1.28977353676e+11;1.0;1.0
;US-NY;1937;p99p100;445030.81;;0.1974;0.1974
;US-NY;1937;p99.9p100;1796128.3;;0.079700001;0.079700001
;US-NY;1937;p99.99p100;6638862.5;;0.0294;0.0294
;US-NY;1937;p90p100;103712.2;;0.46000001;0.46000001
;US-NY;1937;p90p95;55920.699;;0.124;0.124
;US-NY;1937;p95p99;78048.203;;0.13850001;0.13850001
;US-NY;1937;p99.5p99.9;412938.91;;0.073299997;0.073299997
;US-NY;1937;p99.9p99.99;1257977.0;;0.0502;0.0502
;US-NY;1937;p99p99.5;200479.91;;0.044500001;0.044500001
;US-NY;1937;p95p100;151464.0;;0.33590001;0.33590001
;US-NY;1937;p0p90;13532.6;;0.5402;0.5402
;US-NY;1937;p0p99;18280.0;;0.80260003;0.80260003
;US-NY;1937;p99.5p100;689577.88;;0.1529;0.1529
;US-NY;1936;p0p100;5641930.5;1.29374071917e+11;1.0;1.0
;US-NY;1936;p99p100;530799.5;;0.2318;0.2318
;US-NY;1936;p99.9p100;2154042.0;;0.094099998;0.094099998
;US-NY;1936;p99.99p100;7620153.0;;0.033300001;0.033300001
;US-NY;1936;p90p100;117114.4;;0.51139998;0.51139998
;US-NY;1936;p90p95;62749.199;;0.13699999;0.13699999
;US-NY;1936;p95p99;82718.398;;0.1445;0.1445
;US-NY;1936;p99.5p99.9;501428.31;;0.0876;0.0876
;US-NY;1936;p99.9p99.99;1546663.8;;0.060800001;0.060800001
;US-NY;1936;p99p99.5;229639.8;;0.050099999;0.050099999
;US-NY;1936;p95p100;172306.7;;0.37619999;0.37619999
;US-NY;1936;p0p90;12384.0;;0.4867;0.4867
;US-NY;1936;p0p99;17769.4;;0.76819998;0.76819998
;US-NY;1936;p99.5p100;831952.31;;0.18170001;0.18170001
;US-NY;1935;p0p100;5183624.0;1.15116103089e+11;1.0;1.0
;US-NY;1935;p99p100;421849.41;;0.2044;0.2044
;US-NY;1935;p99.9p100;1687741.8;;0.081799999;0.081799999
;US-NY;1935;p99.99p100;6026726.0;;0.029200001;0.029200001
;US-NY;1935;p90p100;102497.8;;0.49669999;0.49669999
;US-NY;1935;p90p95;62402.199;;0.1512;0.1512
;US-NY;1935;p95p99;75309.398;;0.146;0.146
;US-NY;1935;p99.5p99.9;398214.41;;0.077200003;0.077200003
;US-NY;1935;p99.9p99.99;1205612.6;;0.0526;0.0526
;US-NY;1935;p99p99.5;187562.5;;0.045400001;0.045400001
;US-NY;1935;p95p100;144907.91;;0.3511;0.3511
;US-NY;1935;p0p90;11427.8;;0.4984;0.4984
;US-NY;1935;p0p99;16583.301;;0.7956;0.7956
;US-NY;1935;p99.5p100;656122.81;;0.15899999;0.15899999
;US-NY;1934;p0p100;5210372.0;1.08697172707e+11;1.0;1.0
;US-NY;1934;p99p100;381731.41;;0.19329999;0.19329999
;US-NY;1934;p99.9p100;1510259.3;;0.076499999;0.076499999
;US-NY;1934;p99.99p100;5572186.5;;0.028200001;0.028200001
;US-NY;1934;p90p100;99281.602;;0.50279999;0.50279999
;US-NY;1934;p90p95;60325.801;;0.15279999;0.15279999
;US-NY;1934;p95p99;79724.602;;0.16150001;0.16150001
;US-NY;1934;p99.5p99.9;359229.59;;0.072800003;0.072800003
;US-NY;1934;p99.9p99.99;1058890.8;;0.048300002;0.048300002
;US-NY;1934;p99p99.5;174044.2;;0.044100001;0.044100001
;US-NY;1934;p95p100;141039.91;;0.35710001;0.35710001
;US-NY;1934;p0p90;10803.0;;0.49239999;0.49239999
;US-NY;1934;p0p99;16088.9;;0.80669999;0.80669999
;US-NY;1934;p99.5p100;589441.0;;0.14929999;0.14929999
;US-NY;1933;p0p100;5417229.5;1.04476779961e+11;1.0;1.0
;US-NY;1933;p99p100;394723.0;;0.2054;0.2054
;US-NY;1933;p99.9p100;1665792.1;;0.0867;0.0867
;US-NY;1933;p99.99p100;6083384.0;;0.0317;0.0317
;US-NY;1933;p90p100;97343.602;;0.50650001;0.50650001
;US-NY;1933;p90p95;59429.699;;0.15459999;0.15459999
;US-NY;1933;p95p99;72398.797;;0.1507;0.1507
;US-NY;1933;p99.5p99.9;364378.0;;0.075800002;0.075800002
;US-NY;1933;p99.9p99.99;1174948.5;;0.055;0.055
;US-NY;1933;p99p99.5;164785.09;;0.0429;0.0429
;US-NY;1933;p95p100;137757.5;;0.35839999;0.35839999
;US-NY;1933;p0p90;10450.1;;0.48930001;0.48930001
;US-NY;1933;p0p99;15426.8;;0.79460001;0.79460001
;US-NY;1933;p99.5p100;624660.81;;0.16249999;0.16249999
;US-NY;1932;p0p100;5098344.5;1.07936504136e+11;1.0;1.0
;US-NY;1932;p99p100;364732.0;;0.1815;0.1815
;US-NY;1932;p99.9p100;1448521.9;;0.072099999;0.072099999
;US-NY;1932;p99.99p100;4958747.5;;0.024700001;0.024700001
;US-NY;1932;p90p100;101432.8;;0.50470001;0.50470001
;US-NY;1932;p90p95;73514.297;;0.1829;0.1829
;US-NY;1932;p95p99;76843.602;;0.1529;0.1529
;US-NY;1932;p99.5p99.9;345935.5;;0.068800002;0.068800002
;US-NY;1932;p99.9p99.99;1058496.9;;0.047400001;0.047400001
;US-NY;1932;p99p99.5;163011.2;;0.040600002;0.040600002
;US-NY;1932;p95p100;135231.09;;0.3364;0.3364
;US-NY;1932;p0p90;10780.7;;0.48269999;0.48269999
;US-NY;1932;p0p99;16618.199;;0.81849998;0.81849998
;US-NY;1932;p99.5p100;566452.81;;0.1409;0.1409
;US-NY;1931;p0p100;4753870.5;1.2352754004e+11;1.0;1.0
;US-NY;1931;p99p100;402990.59;;0.17299999;0.17299999
;US-NY;1931;p99.9p100;1692493.1;;0.072700001;0.072700001
;US-NY;1931;p99.99p100;6991200.5;;0.029999999;0.029999999
;US-NY;1931;p90p100;117107.0;;0.50269997;0.50269997
;US-NY;1931;p90p95;96746.102;;0.2076;0.2076
;US-NY;1931;p95p99;89855.398;;0.1543;0.1543
;US-NY;1931;p99.5p99.9;353670.41;;0.060699999;0.060699999
;US-NY;1931;p99.9p99.99;1103747.9;;0.042599998;0.042599998
;US-NY;1931;p99p99.5;184546.41;;0.0396;0.0396
;US-NY;1931;p95p100;153071.8;;0.3285;0.3285
;US-NY;1931;p0p90;12038.6;;0.46509999;0.46509999
;US-NY;1931;p0p99;19460.801;;0.82700002;0.82700002
;US-NY;1931;p99.5p100;621434.88;;0.13339999;0.13339999
;US-NY;1930;p0p100;4281309.0;1.3189313835e+11;1.0;1.0
;US-NY;1930;p99p100;535653.13;;0.2124;0.2124
;US-NY;1930;p99.9p100;2468296.0;;0.097900003;0.097900003
;US-NY;1930;p99.99p100;11383458.0;;0.0451;0.0451
;US-NY;1930;p90p100;130350.8;;0.51679999;0.51679999
;US-NY;1930;p90p95;88067.898;;0.17460001;0.17460001
;US-NY;1930;p95p99;92450.102;;0.14659999;0.14659999
;US-NY;1930;p99.5p99.9;449012.0;;0.071199998;0.071199998
;US-NY;1930;p99.9p99.99;1477722.4;;0.052700002;0.052700002
;US-NY;1930;p99p99.5;218437.3;;0.043299999;0.043299999
;US-NY;1930;p95p100;181812.5;;0.36039999;0.36039999
;US-NY;1930;p0p90;13074.0;;0.46650001;0.46650001
;US-NY;1930;p0p99;20068.699;;0.78759998;0.78759998
;US-NY;1930;p99.5p100;852868.81;;0.1691;0.1691
;US-NY;1929;p0p100;4472891.0;1.42474689533e+11;1.0;1.0
;US-NY;1929;p99p100;960175.5;;0.3461;0.3461
;US-NY;1929;p99.9p100;5228303.5;;0.1885;0.1885
;US-NY;1929;p99.99p100;23571636.0;;0.085000001;0.085000001
;US-NY;1929;p90p100;180066.41;;0.64910001;0.64910001
;US-NY;1929;p90p95;85231.5;;0.15360001;0.15360001
;US-NY;1929;p95p99;106210.8;;0.1531;0.1531
;US-NY;1929;p99.5p99.9;718724.0;;0.1036;0.1036
;US-NY;1929;p99.9p99.99;3190155.5;;0.1035;0.1035
;US-NY;1929;p99p99.5;299711.09;;0.054000001;0.054000001
;US-NY;1929;p95p100;277714.69;;0.50050002;0.50050002
;US-NY;1929;p0p90;10699.7;;0.34709999;0.34709999
;US-NY;1929;p0p99;18323.0;;0.65390003;0.65390003
;US-NY;1929;p99.5p100;1620639.9;;0.29210001;0.29210001
;US-NY;1928;p0p100;4368580.5;1.3670590568e+11;1.0;1.0
;US-NY;1928;p99p100;1002101.2;;0.36989999;0.36989999
;US-NY;1928;p99.9p100;5091057.0;;0.18790001;0.18790001
;US-NY;1928;p99.99p100;21134478.0;;0.078000002;0.078000002
;US-NY;1928;p90p100;187469.0;;0.69190001;0.69190001
;US-NY;1928;p90p95;85400.398;;0.1576;0.1576
;US-NY;1928;p95p99;112632.0;;0.1663;0.1663
;US-NY;1928;p99.5p99.9;810751.0;;0.1197;0.1197
;US-NY;1928;p99.9p99.99;3308455.0;;0.1099;0.1099
;US-NY;1928;p99p99.5;337390.09;;0.0623;0.0623
;US-NY;1928;p95p100;291170.19;;0.53729999;0.53729999
;US-NY;1928;p0p90;9220.2998;;0.30630001;0.30630001
;US-NY;1928;p0p99;17246.0;;0.63010001;0.63010001
;US-NY;1928;p99.5p100;1666812.3;;0.30759999;0.30759999
;US-NY;1927;p0p100;4077894.8;1.2854963955e+11;1.0;1.0
;US-NY;1927;p99p100;774167.31;;0.29789999;0.29789999
;US-NY;1927;p99.9p100;3656720.5;;0.1407;0.1407
;US-NY;1927;p99.99p100;15373957.0;;0.0592;0.0592
;US-NY;1927;p90p100;157605.59;;0.60650003;0.60650003
;US-NY;1927;p90p95;78139.0;;0.1503;0.1503
;US-NY;1927;p95p99;104249.8;;0.1605;0.1605
;US-NY;1927;p99.5p99.9;653375.69;;0.1006;0.1006
;US-NY;1927;p99.9p99.99;2354805.3;;0.081600003;0.081600003
;US-NY;1927;p99p99.5;294289.91;;0.056600001;0.056600001
;US-NY;1927;p95p100;238737.59;;0.45930001;0.45930001
;US-NY;1927;p0p90;11297.8;;0.39129999;0.39129999
;US-NY;1927;p0p99;18429.199;;0.70209998;0.70209998
;US-NY;1927;p99.5p100;1254044.8;;0.2413;0.2413
;US-NY;1926;p0p100;3882956.5;1.24462776972e+11;1.0;1.0
;US-NY;1926;p99p100;672318.63;;0.2615;0.2615
;US-NY;1926;p99.9p100;3047028.3;;0.1185;0.1185
;US-NY;1926;p99.99p100;12468084.0;;0.048500001;0.048500001
;US-NY;1926;p90p100;143778.91;;0.55930001;0.55930001
;US-NY;1926;p90p95;76700.398;;0.14920001;0.14920001
;US-NY;1926;p95p99;98462.5;;0.1532;0.1532
;US-NY;1926;p99.5p99.9;581091.13;;0.090400003;0.090400003
;US-NY;1926;p99.9p99.99;2000244.3;;0.07;0.07
;US-NY;1926;p99p99.5;270358.81;;0.0526;0.0526
;US-NY;1926;p95p100;213591.59;;0.41549999;0.41549999
;US-NY;1926;p0p90;12453.9;;0.43599999;0.43599999
;US-NY;1926;p0p99;19173.699;;0.7385;0.7385
;US-NY;1926;p99.5p100;1074278.5;;0.20900001;0.20900001
;US-NY;1925;p0p100;3959287.5;1.21924436987e+11;1.0;1.0
;US-NY;1925;p99p100;697024.69;;0.271;0.271
;US-NY;1925;p99.9p100;3154045.5;;0.1226;0.1226
;US-NY;1925;p99.99p100;12574908.0;;0.048900001;0.048900001
;US-NY;1925;p90p100;144441.2;;0.56160003;0.56160003
;US-NY;1925;p90p95;71793.297;;0.13959999;0.13959999
;US-NY;1925;p95p99;97092.898;;0.15099999;0.15099999
;US-NY;1925;p99.5p99.9;607191.5;;0.094400004;0.094400004
;US-NY;1925;p99.9p99.99;2107283.0;;0.073700003;0.073700003
;US-NY;1925;p99p99.5;277487.0;;0.0539;0.0539
;US-NY;1925;p95p100;217505.2;;0.42289999;0.42289999
;US-NY;1925;p0p90;12527.4;;0.4384;0.4384
;US-NY;1925;p0p99;18937.4;;0.72899997;0.72899997
;US-NY;1925;p99.5p100;1116562.3;;0.21709999;0.21709999
;US-NY;1924;p0p100;3995465.0;1.14390561901e+11;1.0;1.0
;US-NY;1924;p99p100;542837.81;;0.2199;0.2199
;US-NY;1924;p99.9p100;2216197.8;;0.0898;0.0898
;US-NY;1924;p99.99p100;8120380.0;;0.032900002;0.032900002
;US-NY;1924;p90p100;115155.8;;0.46650001;0.46650001
;US-NY;1924;p90p95;52785.602;;0.1069;0.1069
;US-NY;1924;p95p99;85034.797;;0.13779999;0.13779999
;US-NY;1924;p99.5p99.9;505242.81;;0.081900001;0.081900001
;US-NY;1924;p99.9p99.99;1560177.4;;0.056899998;0.056899998
;US-NY;1924;p99p99.5;238241.91;;0.048300002;0.048300002
;US-NY;1924;p95p100;176595.41;;0.35769999;0.35769999
;US-NY;1924;p0p90;14683.2;;0.53539997;0.53539997
;US-NY;1924;p0p99;19450.0;;0.78009999;0.78009999
;US-NY;1924;p99.5p100;847433.81;;0.1717;0.1717
;US-NY;1923;p0p100;4040504.0;1.12159104793e+11;1.0;1.0
;US-NY;1923;p99p100;456355.09;;0.18350001;0.18350001
;US-NY;1923;p99.9p100;1803378.9;;0.072499998;0.072499998
;US-NY;1923;p99.99p100;6854495.5;;0.0276;0.0276
;US-NY;1923;p90p100;99909.703;;0.40180001;0.40180001
;US-NY;1923;p90p95;46259.102;;0.093000002;0.093000002
;US-NY;1923;p95p99;77300.5;;0.1244;0.1244
;US-NY;1923;p99.5p99.9;428655.81;;0.068999998;0.068999998
;US-NY;1923;p99.9p99.99;1242139.6;;0.045000002;0.045000002
;US-NY;1923;p99p99.5;209109.5;;0.041999999;0.041999999
;US-NY;1923;p95p100;153111.5;;0.30790001;0.30790001
;US-NY;1923;p0p90;16551.4;;0.59909999;0.59909999
;US-NY;1923;p0p99;20506.301;;0.81650001;0.81650001
;US-NY;1923;p99.5p100;703600.63;;0.1415;0.1415
;US-NY;1922;p0p100;3816020.8;99698356594.0;1.0;1.0
;US-NY;1922;p99p100;475085.91;;0.2096;0.2096
;US-NY;1922;p99.9p100;1904252.1;;0.083999999;0.083999999
;US-NY;1922;p99.99p100;7094883.0;;0.031300001;0.031300001
;US-NY;1922;p90p100;101043.0;;0.44580001;0.44580001
;US-NY;1922;p90p95;43513.301;;0.096000001;0.096000001
;US-NY;1922;p95p99;78679.703;;0.1389;0.1389
;US-NY;1922;p99.5p99.9;446421.19;;0.0788;0.0788
;US-NY;1922;p99.9p99.99;1327515.4;;0.052700002;0.052700002
;US-NY;1922;p99p99.5;212184.5;;0.046799999;0.046799999
;US-NY;1922;p95p100;157960.91;;0.34850001;0.34850001
;US-NY;1922;p0p90;13988.5;;0.55549997;0.55549997
;US-NY;1922;p0p99;18093.5;;0.79040003;0.79040003
;US-NY;1922;p99.5p100;737987.38;;0.1628;0.1628
;US-NY;1921;p0p100;2919034.5;85061174404.0;1.0;1.0
;US-NY;1921;p99p100;356222.69;;0.1802;0.1802
;US-NY;1921;p99.9p100;1292108.1;;0.065399997;0.065399997
;US-NY;1921;p99.99p100;4279286.0;;0.0217;0.0217
;US-NY;1921;p90p100;81823.703;;0.414;0.414
;US-NY;1921;p90p95;37902.0;;0.095899999;0.095899999
;US-NY;1921;p95p99;67475.0;;0.1366;0.1366
;US-NY;1921;p99.5p99.9;351379.91;;0.071099997;0.071099997
;US-NY;1921;p99.9p99.99;960199.5;;0.043699998;0.043699998
;US-NY;1921;p99p99.5;172920.0;;0.043699998;0.043699998
;US-NY;1921;p95p100;125224.5;;0.3168;0.3168
;US-NY;1921;p0p90;12897.4;;0.5873;0.5873
;US-NY;1921;p0p99;16365.5;;0.81980002;0.81980002
;US-NY;1921;p99.5p100;539525.5;;0.1365;0.1365
;US-NY;1920;p0p100;2392533.5;84993872286.0;1.0;1.0
;US-NY;1920;p99p100;364308.19;;0.1795;0.1795
;US-NY;1920;p99.9p100;1366608.8;;0.067299999;0.067299999
;US-NY;1920;p99.99p100;4755478.0;;0.023399999;0.023399999
;US-NY;1920;p90p100;81335.0;;0.4007;0.4007
;US-NY;1920;p90p95;37587.199;;0.092600003;0.092600003
;US-NY;1920;p95p99;64817.398;;0.1277;0.1277
;US-NY;1920;p99.5p99.9;354047.81;;0.069799997;0.069799997
;US-NY;1920;p99.9p99.99;990067.69;;0.043900002;0.043900002
;US-NY;1920;p99p99.5;172056.41;;0.042399999;0.042399999
;US-NY;1920;p95p100;124715.5;;0.30720001;0.30720001
;US-NY;1920;p0p90;13537.2;;0.6002;0.6002
;US-NY;1920;p0p99;16823.801;;0.82050002;0.82050002
;US-NY;1920;p99.5p100;556560.0;;0.1371;0.1371
;US-NY;1919;p0p100;3423242.5;88887746097.0;1.0;1.0
;US-NY;1919;p99p100;519661.59;;0.2401;0.2401
;US-NY;1919;p99.9p100;2184405.5;;0.1009;0.1009
;US-NY;1919;p99.99p100;7650803.0;;0.035300002;0.035300002
;US-NY;1919;p90p100;101167.0;;0.4673;0.4673
;US-NY;1919;p90p95;38684.398;;0.089400001;0.089400001
;US-NY;1919;p95p99;73441.703;;0.1357;0.1357
;US-NY;1919;p99.5p99.9;483824.41;;0.089400001;0.089400001
;US-NY;1919;p99.9p99.99;1576854.8;;0.0656;0.0656
;US-NY;1919;p99p99.5;215467.09;;0.049800001;0.049800001
;US-NY;1919;p95p100;162685.59;;0.37580001;0.37580001
;US-NY;1919;p0p90;12865.0;;0.53490001;0.53490001
;US-NY;1919;p0p99;16616.9;;0.75989997;0.75989997
;US-NY;1919;p99.5p100;823856.13;;0.1903;0.1903
;US-NY;1918;p0p100;4536432.0;88076295518.0;1.0;1.0
;US-NY;1918;p99p100;503872.81;;0.2317;0.2317
;US-NY;1918;p99.9p100;2306021.5;;0.106;0.106
;US-NY;1918;p99.99p100;9400233.0;;0.043200001;0.043200001
;US-NY;1918;p90p100;99154.297;;0.456;0.456
;US-NY;1918;p90p95;40795.699;;0.093800001;0.093800001
;US-NY;1918;p95p99;68944.398;;0.1268;0.1268
;US-NY;1918;p99.5p99.9;444187.0;;0.081699997;0.081699997
;US-NY;1918;p99.9p99.99;1517758.6;;0.062799998;0.062799998
;US-NY;1918;p99p99.5;191189.59;;0.044;0.044
;US-NY;1918;p95p100;155930.5;;0.3585;0.3585
;US-NY;1918;p0p90;13232.7;;0.54769999;0.54769999
;US-NY;1918;p0p99;16875.801;;0.7683;0.7683
;US-NY;1918;p99.5p100;816555.0;;0.18780001;0.18780001
;US-NY;1917;p0p100;6644593.0;93466791534.0;1.0;1.0
;US-NY;1917;p99p100;662653.69;;0.287;0.287
;US-NY;1917;p99.9p100;3394405.5;;0.147;0.147
;US-NY;1917;p99.99p100;15127820.0;;0.065499999;0.065499999
;US-NY;1917;p90p100;122494.8;;0.53049999;0.53049999
;US-NY;1917;p90p95;46677.199;;0.1011;0.1011
