Variable Name;.;.;.;Fiscal income  | tax unit | Average | Adults | constant 2015 local currency;Fiscal income  | tax unit | Total | Adults | constant 2015 local currency;Fiscal income  | tax unit | Share | Adults | share of total (ratio);Pre-tax national income  | tax unit | Share | Adults | share of total (ratio)
Variable Category;.;.;.;Income inequality;Income inequality;Income inequality;Income inequality
Variable Description;.;.;.;Average Fiscal income within a given percentile group. Fiscal income is defined as the sum of all income items reported on income tax returns, before any deduction. It includes labour income, capital income and mixed income. The concept of fiscal income varies with national tax legislations, so in order to make international comparisons it is preferable to use the concept of national income. The population is comprised of individuals over age 20. The base unit is the tax unit defined by national fiscal administrations to measure personal income taxes.;Total Fiscal income  within a given percentile group. Fiscal income is defined as the sum of all income items reported on income tax returns, before any deduction. It includes labour income, capital income and mixed income. The concept of fiscal income varies with national tax legislations, so in order to make international comparisons it is preferable to use the concept of national income. The population is comprised of individuals over age 20.;Fiscal income share held by a given percentile group. Fiscal income is defined as the sum of all income items reported on income tax returns, before any deduction. It includes labour income, capital income and mixed income. The concept of fiscal income varies with national tax legislations, so in order to make international comparisons it is preferable to use the concept of national income. The population is comprised of individuals over age 20. The base unit is the tax unit defined by national fiscal administrations to measure personal income taxes.;Pre-tax national income share held by a given percentile group. Pre-tax national income  is the sum of all pre-tax personal income flows accruing to the owners of the production factors, labor and capital, before taking into account the operation of the tax/transfer system, but after taking into account the operation of pension system. The central difference between personal factor income and pre-tax income is the treatment of pensions, which are counted on a contribution basis by factor income and on a distribution basis by pre-tax income. The population is comprised of individuals over age 20. The base unit is the tax unit defined by national fiscal administrations to measure personal income taxes.
Variable Decomposition;.;.;.;[Fiscal income ]=[Fiscal labour income ]+[Fiscal capital income ];[Fiscal income ]=[Fiscal labour income ]+[Fiscal capital income ];[Fiscal income ]=[Fiscal labour income ]+[Fiscal capital income ];Pre-tax national income =Pre-tax labor income [total pre-tax income ranking]+Pre-tax capital income [total pre-tax income ranking]
Variable Unit;.;.;.;"USD; United States dollar | local currency | market";"USD; United States dollar | local currency | market";share;share
Methodological Notes;.;.;.;;;;Assuming the same distribution as fiscal income.
Sources;.;.;.;Frank, Sommeiller, Price & Saez (2015);Frank, Sommeiller, Price & Saez (2015);Frank, Sommeiller, Price & Saez (2015);WID.world computations using: Frank, Sommeiller, Price & Saez (2015)
Variable Code;country;year;perc;afiinc992t;mfiinc992t;sfiinc992t;sptinc992t
;US-KS;2015;p0p100;69953.898;99065320581.0;1.0;1.0
;US-KS;2015;p99p100;1144402.5;;0.1636;0.1636
;US-KS;2015;p99.9p100;5167977.5;;0.073899999;0.073899999
;US-KS;2015;p99.99p100;22481924.0;;0.032099999;0.032099999
;US-KS;2015;p90p100;289499.31;;0.4138;0.4138
;US-KS;2015;p90p95;150374.91;;0.1075;0.1075
;US-KS;2015;p95p99;248795.3;;0.14229999;0.14229999
;US-KS;2015;p99.5p99.9;943211.0;;0.0539;0.0539
;US-KS;2015;p99.9p99.99;3268889.5;;0.042100001;0.042100001
;US-KS;2015;p99p99.5;499323.5;;0.035700001;0.035700001
;US-KS;2015;p95p100;428192.41;;0.30610001;0.30610001
;US-KS;2015;p0p90;45581.898;;0.58639997;0.58639997
;US-KS;2015;p0p99;59100.898;;0.83639997;0.83639997
;US-KS;2015;p99.5p100;1788267.0;;0.1278;0.1278
;US-KS;2014;p0p100;68497.898;96773475530.0;1.0;1.0
;US-KS;2014;p99p100;1150725.3;;0.1684;0.1684
;US-KS;2014;p99.9p100;5473800.5;;0.0801;0.0801
;US-KS;2014;p99.99p100;26049502.0;;0.0381;0.0381
;US-KS;2014;p90p100;284660.41;;0.41659999;0.41659999
;US-KS;2014;p90p95;146245.91;;0.107;0.107
;US-KS;2014;p95p99;241043.0;;0.1411;0.1411
;US-KS;2014;p99.5p99.9;906103.5;;0.052999999;0.052999999
;US-KS;2014;p99.9p99.99;3189520.8;;0.041999999;0.041999999
;US-KS;2014;p99p99.5;481976.09;;0.035300002;0.035300002
;US-KS;2014;p95p100;422946.81;;0.30950001;0.30950001
;US-KS;2014;p0p90;44301.898;;0.58350003;0.58350003
;US-KS;2014;p0p99;57402.301;;0.83160001;0.83160001
;US-KS;2014;p99.5p100;1819450.3;;0.1331;0.1331
;US-KS;2013;p0p100;69139.5;95911022018.0;1.0;1.0
;US-KS;2013;p99p100;1031626.4;;0.15449999;0.15449999
;US-KS;2013;p99.9p100;4698997.0;;0.0704;0.0704
;US-KS;2013;p99.99p100;22037580.0;;0.033;0.033
;US-KS;2013;p90p100;266109.69;;0.39840001;0.39840001
;US-KS;2013;p90p95;142328.2;;0.1065;0.1065
;US-KS;2013;p95p99;229181.09;;0.1373;0.1373
;US-KS;2013;p99.5p99.9;834164.19;;0.050000001;0.050000001
;US-KS;2013;p99.9p99.99;2773096.8;;0.0374;0.0374
;US-KS;2013;p99p99.5;456252.19;;0.034200002;0.034200002
;US-KS;2013;p95p100;389699.69;;0.29170001;0.29170001
;US-KS;2013;p0p90;44655.5;;0.60170001;0.60170001
;US-KS;2013;p0p99;57045.301;;0.84549999;0.84549999
;US-KS;2013;p99.5p100;1607168.6;;0.1203;0.1203
;US-KS;2012;p0p100;71876.0;95663821345.0;1.0;1.0
;US-KS;2012;p99p100;1197617.8;;0.1776;0.1776
;US-KS;2012;p99.9p100;5752163.5;;0.085299999;0.085299999
;US-KS;2012;p99.99p100;27053676.0;;0.040100001;0.040100001
;US-KS;2012;p90p100;284762.09;;0.42219999;0.42219999
;US-KS;2012;p90p95;142982.59;;0.106;0.106
;US-KS;2012;p95p99;233483.41;;0.13850001;0.13850001
;US-KS;2012;p99.5p99.9;946901.0;;0.056200001;0.056200001
;US-KS;2012;p99.9p99.99;3400689.5;;0.045400001;0.045400001
;US-KS;2012;p99p99.5;487652.0;;0.036200002;0.036200002
;US-KS;2012;p95p100;426265.91;;0.31600001;0.31600001
;US-KS;2012;p0p90;43293.398;;0.57770002;0.57770002
;US-KS;2012;p0p99;56028.5;;0.82239997;0.82239997
;US-KS;2012;p99.5p100;1907708.3;;0.14139999;0.14139999
;US-KS;2011;p0p100;68790.297;88162725343.0;1.0;1.0
;US-KS;2011;p99p100;986106.0;;0.1592;0.1592
;US-KS;2011;p99.9p100;4527807.5;;0.073100001;0.073100001
;US-KS;2011;p99.99p100;21267348.0;;0.034299999;0.034299999
;US-KS;2011;p90p100;256915.09;;0.4147;0.4147
;US-KS;2011;p90p95;140052.7;;0.113;0.113
;US-KS;2011;p95p99;220326.3;;0.14219999;0.14219999
;US-KS;2011;p99.5p99.9;793822.19;;0.051199999;0.051199999
;US-KS;2011;p99.9p99.99;2667120.5;;0.038699999;0.038699999
;US-KS;2011;p99p99.5;431655.91;;0.0348;0.0348
;US-KS;2011;p95p100;373458.91;;0.30140001;0.30140001
;US-KS;2011;p0p90;40313.0;;0.58560002;0.58560002
;US-KS;2011;p0p99;52623.301;;0.84079999;0.84079999
;US-KS;2011;p99.5p100;1540738.8;;0.1243;0.1243
;US-KS;2010;p0p100;71374.102;84460188456.0;1.0;1.0
;US-KS;2010;p99p100;986208.63;;0.16320001;0.16320001
;US-KS;2010;p99.9p100;4660633.5;;0.077100001;0.077100001
;US-KS;2010;p99.99p100;23134078.0;;0.0383;0.0383
;US-KS;2010;p90p100;254505.09;;0.42129999;0.42129999
;US-KS;2010;p90p95;139784.2;;0.1157;0.1157
;US-KS;2010;p95p99;214390.7;;0.142;0.142
;US-KS;2010;p99.5p99.9;776653.81;;0.051399998;0.051399998
;US-KS;2010;p99.9p99.99;2608087.8;;0.038899999;0.038899999
;US-KS;2010;p99p99.5;418997.5;;0.034699999;0.034699999
;US-KS;2010;p95p100;368733.41;;0.30520001;0.30520001
;US-KS;2010;p0p90;38871.199;;0.57910001;0.57910001
;US-KS;2010;p0p99;51059.699;;0.83679998;0.83679998
;US-KS;2010;p99.5p100;1553716.0;;0.1286;0.1286
;US-KS;2009;p0p100;73884.703;83082413311.0;1.0;1.0
;US-KS;2009;p99p100;874006.88;;0.1444;0.1444
;US-KS;2009;p99.9p100;3796506.3;;0.062700003;0.062700003
;US-KS;2009;p99.99p100;16910280.0;;0.027899999;0.027899999
;US-KS;2009;p90p100;240601.8;;0.39750001;0.39750001
;US-KS;2009;p90p95;139249.7;;0.115;0.115
;US-KS;2009;p95p99;208094.5;;0.1375;0.1375
;US-KS;2009;p99.5p99.9;723045.69;;0.047800001;0.047800001
;US-KS;2009;p99.9p99.99;2314085.5;;0.034400001;0.034400001
;US-KS;2009;p99p99.5;401550.5;;0.033199999;0.033199999
;US-KS;2009;p95p100;341409.91;;0.28200001;0.28200001
;US-KS;2009;p0p90;40638.0;;0.60420001;0.60420001
;US-KS;2009;p0p99;52317.199;;0.8556;0.8556
;US-KS;2009;p99.5p100;1343881.9;;0.111;0.111
;US-KS;2008;p0p100;82433.297;91734715564.0;1.0;1.0
;US-KS;2008;p99p100;1096649.6;;0.1612;0.1612
;US-KS;2008;p99.9p100;5106876.0;;0.075099997;0.075099997
;US-KS;2008;p99.99p100;23184108.0;;0.0341;0.0341
;US-KS;2008;p90p100;272724.19;;0.40090001;0.40090001
;US-KS;2008;p90p95;144732.41;;0.1064;0.1064
;US-KS;2008;p95p99;224700.0;;0.1321;0.1321
;US-KS;2008;p99.5p99.9;875106.5;;0.0515;0.0515
;US-KS;2008;p99.9p99.99;3063372.5;;0.0405;0.0405
;US-KS;2008;p99p99.5;455109.0;;0.033500001;0.033500001
;US-KS;2008;p95p100;399935.81;;0.294;0.294
;US-KS;2008;p0p90;45494.5;;0.60189998;0.60189998
;US-KS;2008;p0p99;57630.898;;0.83880001;0.83880001
;US-KS;2008;p99.5p100;1732417.3;;0.12729999;0.12729999
;US-KS;2007;p0p100;89703.797;92420037390.0;1.0;1.0
;US-KS;2007;p99p100;1236914.0;;0.1802;0.1802
;US-KS;2007;p99.9p100;5884502.5;;0.085699998;0.085699998
;US-KS;2007;p99.99p100;26357822.0;;0.038400002;0.038400002
;US-KS;2007;p90p100;291823.19;;0.4251;0.4251
;US-KS;2007;p90p95;148041.41;;0.1078;0.1078
;US-KS;2007;p95p99;231694.8;;0.13500001;0.13500001
;US-KS;2007;p99.5p99.9;979618.13;;0.057100002;0.057100002
;US-KS;2007;p99.9p99.99;3576395.3;;0.0469;0.0469
;US-KS;2007;p99p99.5;487431.59;;0.035500001;0.035500001
;US-KS;2007;p95p100;434435.91;;0.31639999;0.31639999
;US-KS;2007;p0p90;44186.301;;0.57929999;0.57929999
;US-KS;2007;p0p99;56847.102;;0.81980002;0.81980002
;US-KS;2007;p99.5p100;1976597.8;;0.14399999;0.14399999
;US-KS;2006;p0p100;90029.102;85827517270.0;1.0;1.0
;US-KS;2006;p99p100;1160271.3;;0.1781;0.1781
;US-KS;2006;p99.9p100;5394271.0;;0.082800001;0.082800001
;US-KS;2006;p99.99p100;23273108.0;;0.035700001;0.035700001
;US-KS;2006;p90p100;278866.41;;0.42809999;0.42809999
;US-KS;2006;p90p95;144813.91;;0.1111;0.1111
;US-KS;2006;p95p99;223376.5;;0.1372;0.1372
;US-KS;2006;p99.5p99.9;941868.5;;0.057799999;0.057799999
;US-KS;2006;p99.9p99.99;3397568.3;;0.0469;0.0469
;US-KS;2006;p99p99.5;470417.81;;0.0361;0.0361
;US-KS;2006;p95p100;411805.69;;0.3161;0.3161
;US-KS;2006;p0p90;41630.5;;0.5751;0.5751
;US-KS;2006;p0p99;54086.102;;0.82190001;0.82190001
;US-KS;2006;p99.5p100;1843154.3;;0.1415;0.1415
;US-KS;2005;p0p100;90676.0;79522081474.0;1.0;1.0
;US-KS;2005;p99p100;1030258.1;;0.1675;0.1675
;US-KS;2005;p99.9p100;4619178.0;;0.075099997;0.075099997
;US-KS;2005;p99.99p100;19291750.0;;0.031399999;0.031399999
;US-KS;2005;p90p100;258543.41;;0.42030001;0.42030001
;US-KS;2005;p90p95;137943.3;;0.1121;0.1121
;US-KS;2005;p95p99;213582.7;;0.1389;0.1389
;US-KS;2005;p99.5p99.9;850732.19;;0.055300001;0.055300001
;US-KS;2005;p99.9p99.99;2979430.0;;0.0436;0.0436
;US-KS;2005;p99p99.5;438111.31;;0.035599999;0.035599999
;US-KS;2005;p95p100;377655.09;;0.30700001;0.30700001
;US-KS;2005;p0p90;39857.199;;0.58310002;0.58310002
;US-KS;2005;p0p99;51730.801;;0.83249998;0.83249998
;US-KS;2005;p99.5p100;1615707.1;;0.1313;0.1313
;US-KS;2004;p0p100;90440.5;74776654497.0;1.0;1.0
;US-KS;2004;p99p100;874913.88;;0.1523;0.1523
;US-KS;2004;p99.9p100;3698408.5;;0.064400002;0.064400002
;US-KS;2004;p99.99p100;14967390.0;;0.0261;0.0261
;US-KS;2004;p90p100;236292.8;;0.41139999;0.41139999
;US-KS;2004;p90p95;126793.3;;0.1104;0.1104
;US-KS;2004;p95p99;211759.5;;0.14749999;0.14749999
;US-KS;2004;p99.5p99.9;740698.19;;0.051600002;0.051600002
;US-KS;2004;p99.9p99.99;2426712.3;;0.037999999;0.037999999
;US-KS;2004;p99p99.5;401653.09;;0.035;0.035
;US-KS;2004;p95p100;344828.5;;0.30019999;0.30019999
;US-KS;2004;p0p90;37753.801;;0.59149998;0.59149998
;US-KS;2004;p0p99;49183.0;;0.8477;0.8477
;US-KS;2004;p99.5p100;1342872.3;;0.1169;0.1169
;US-KS;2003;p0p100;94093.5;72877231120.0;1.0;1.0
;US-KS;2003;p99p100;795968.69;;0.14049999;0.14049999
;US-KS;2003;p99.9p100;3288320.8;;0.057999998;0.057999998
;US-KS;2003;p99.99p100;13435092.0;;0.023700001;0.023700001
;US-KS;2003;p90p100;223660.91;;0.39480001;0.39480001
;US-KS;2003;p90p95;127194.4;;0.1123;0.1123
;US-KS;2003;p95p99;200223.0;;0.14139999;0.14139999
;US-KS;2003;p99.5p99.9;684350.63;;0.048300002;0.048300002
;US-KS;2003;p99.9p99.99;2143736.5;;0.0341;0.0341
;US-KS;2003;p99p99.5;378253.31;;0.033399999;0.033399999
;US-KS;2003;p95p100;319775.31;;0.28220001;0.28220001
;US-KS;2003;p0p90;38207.0;;0.60689998;0.60689998
;US-KS;2003;p0p99;49188.699;;0.85949999;0.85949999
;US-KS;2003;p99.5p100;1211036.6;;0.1069;0.1069
;US-KS;2002;p0p100;96591.102;72700835394.0;1.0;1.0
;US-KS;2002;p99p100;752958.63;;0.1353;0.1353
;US-KS;2002;p99.9p100;2968939.5;;0.053399999;0.053399999
;US-KS;2002;p99.99p100;11511016.0;;0.0207;0.0207
;US-KS;2002;p90p100;220070.2;;0.3955;0.3955
;US-KS;2002;p90p95;128877.1;;0.1158;0.1158
;US-KS;2002;p95p99;200040.09;;0.14380001;0.14380001
;US-KS;2002;p99.5p99.9;663563.88;;0.047699999;0.047699999
;US-KS;2002;p99.9p99.99;2006509.9;;0.032499999;0.032499999
;US-KS;2002;p99p99.5;373507.91;;0.033599999;0.033599999
;US-KS;2002;p95p100;310943.31;;0.27939999;0.27939999
;US-KS;2002;p0p90;37470.0;;0.60600001;0.60600001
;US-KS;2002;p0p99;48603.699;;0.86470002;0.86470002
;US-KS;2002;p99.5p100;1130055.9;;0.1015;0.1015
;US-KS;2001;p0p100;108485.9;76023524630.0;1.0;1.0
;US-KS;2001;p99p100;785547.38;;0.12980001;0.12980001
;US-KS;2001;p99.9p100;2896319.0;;0.047899999;0.047899999
;US-KS;2001;p99.99p100;9999862.0;;0.0165;0.0165
;US-KS;2001;p90p100;229817.8;;0.37970001;0.37970001
;US-KS;2001;p90p95;132953.59;;0.1098;0.1098
;US-KS;2001;p95p99;210940.91;;0.13940001;0.13940001
;US-KS;2001;p99.5p99.9;720173.0;;0.047600001;0.047600001
;US-KS;2001;p99.9p99.99;2119802.0;;0.031500001;0.031500001
;US-KS;2001;p99p99.5;413334.09;;0.0341;0.0341
;US-KS;2001;p95p100;326208.91;;0.26949999;0.26949999
;US-KS;2001;p0p90;41764.602;;0.62099999;0.62099999
;US-KS;2001;p0p99;53205.199;;0.87019998;0.87019998
;US-KS;2001;p99.5p100;1158764.0;;0.095700003;0.095700003
;US-KS;2000;p0p100;125140.9;80501020630.0;1.0;1.0
;US-KS;2000;p99p100;994614.31;;0.1506;0.1506
;US-KS;2000;p99.9p100;4232935.0;;0.064099997;0.064099997
;US-KS;2000;p99.99p100;16668118.0;;0.0252;0.0252
;US-KS;2000;p90p100;261022.2;;0.3951;0.3951
;US-KS;2000;p90p95;139334.8;;0.1055;0.1055
;US-KS;2000;p95p99;227397.2;;0.13770001;0.13770001
;US-KS;2000;p99.5p99.9;842275.5;;0.050999999;0.050999999
;US-KS;2000;p99.9p99.99;2873560.8;;0.039099999;0.039099999
;US-KS;2000;p99p99.5;457645.59;;0.034600001;0.034600001
;US-KS;2000;p95p100;381827.59;;0.289;0.289
;US-KS;2000;p0p90;44541.0;;0.60680002;0.60680002
;US-KS;2000;p0p99;56680.602;;0.84939998;0.84939998
;US-KS;2000;p99.5p100;1528891.8;;0.1157;0.1157
;US-KS;1999;p0p100;129163.9;78738074768.0;1.0;1.0
;US-KS;1999;p99p100;969453.5;;0.15189999;0.15189999
;US-KS;1999;p99.9p100;4205424.0;;0.065899998;0.065899998
;US-KS;1999;p99.99p100;16966806.0;;0.0266;0.0266
;US-KS;1999;p90p100;255432.0;;0.40020001;0.40020001
;US-KS;1999;p90p95;138035.41;;0.1081;0.1081
;US-KS;1999;p95p99;222974.2;;0.1397;0.1397
;US-KS;1999;p99.5p99.9;811369.19;;0.050799999;0.050799999
;US-KS;1999;p99.9p99.99;2809843.0;;0.0396;0.0396
;US-KS;1999;p99p99.5;447082.91;;0.035;0.035
;US-KS;1999;p95p100;372448.59;;0.29170001;0.29170001
;US-KS;1999;p0p90;42562.801;;0.60009998;0.60009998
;US-KS;1999;p0p99;54686.0;;0.84810001;0.84810001
;US-KS;1999;p99.5p100;1491714.9;;0.1168;0.1168
;US-KS;1998;p0p100;130799.4;75588313212.0;1.0;1.0
;US-KS;1998;p99p100;906991.13;;0.1462;0.1462
;US-KS;1998;p99.9p100;3865864.0;;0.0623;0.0623
;US-KS;1998;p99.99p100;15332170.0;;0.024700001;0.024700001
;US-KS;1998;p90p100;242957.41;;0.3917;0.3917
;US-KS;1998;p90p95;133877.2;;0.1079;0.1079
;US-KS;1998;p95p99;212528.3;;0.1371;0.1371
;US-KS;1998;p99.5p99.9;766165.38;;0.049400002;0.049400002
;US-KS;1998;p99.9p99.99;2610880.8;;0.037900001;0.037900001
;US-KS;1998;p99p99.5;426578.59;;0.034400001;0.034400001
;US-KS;1998;p95p100;351700.59;;0.28349999;0.28349999
;US-KS;1998;p0p90;41946.398;;0.60860002;0.60860002
;US-KS;1998;p0p99;53492.301;;0.8538;0.8538
;US-KS;1998;p99.5p100;1387304.8;;0.1118;0.1118
;US-KS;1997;p0p100;129605.7;70858310210.0;1.0;1.0
;US-KS;1997;p99p100;841232.88;;0.1407;0.1407
;US-KS;1997;p99.9p100;3513173.0;;0.058800001;0.058800001
;US-KS;1997;p99.99p100;14414134.0;;0.0241;0.0241
;US-KS;1997;p90p100;231776.91;;0.38769999;0.38769999
;US-KS;1997;p90p95;130429.8;;0.1091;0.1091
;US-KS;1997;p95p99;205733.0;;0.13770001;0.13770001
;US-KS;1997;p99.5p99.9;714000.31;;0.047800001;0.047800001
;US-KS;1997;p99.9p99.99;2307418.0;;0.034699999;0.034699999
;US-KS;1997;p99p99.5;407586.31;;0.0341;0.0341
;US-KS;1997;p95p100;332944.41;;0.27849999;0.27849999
;US-KS;1997;p0p90;40686.398;;0.61250001;0.61250001
;US-KS;1997;p0p99;51887.102;;0.85930002;0.85930002
;US-KS;1997;p99.5p100;1274532.8;;0.1066;0.1066
;US-KS;1996;p0p100;128289.3;66175128676.0;1.0;1.0
;US-KS;1996;p99p100;736016.31;;0.12980001;0.12980001
;US-KS;1996;p99.9p100;2847636.5;;0.0502;0.0502
;US-KS;1996;p99.99p100;10725567.0;;0.0189;0.0189
;US-KS;1996;p90p100;213928.0;;0.37729999;0.37729999
;US-KS;1996;p90p95;125581.3;;0.1107;0.1107
;US-KS;1996;p95p99;193636.0;;0.1366;0.1366
;US-KS;1996;p99.5p99.9;659083.13;;0.046500001;0.046500001
;US-KS;1996;p99.9p99.99;1969899.8;;0.031300001;0.031300001
;US-KS;1996;p99p99.5;371133.5;;0.032699998;0.032699998
;US-KS;1996;p95p100;302165.19;;0.2665;0.2665
;US-KS;1996;p0p90;39260.898;;0.6232;0.6232
;US-KS;1996;p0p99;49834.898;;0.87019998;0.87019998
;US-KS;1996;p99.5p100;1099978.8;;0.097000003;0.097000003
;US-KS;1995;p0p100;126098.4;62065137836.0;1.0;1.0
;US-KS;1995;p99p100;677032.63;;0.12800001;0.12800001
;US-KS;1995;p99.9p100;2574620.0;;0.048700001;0.048700001
;US-KS;1995;p99.99p100;9538312.0;;0.017999999;0.017999999
;US-KS;1995;p90p100;201189.0;;0.38049999;0.38049999
;US-KS;1995;p90p95;120429.0;;0.1139;0.1139
;US-KS;1995;p95p99;183135.7;;0.13850001;0.13850001
;US-KS;1995;p99.5p99.9;614042.38;;0.046500001;0.046500001
;US-KS;1995;p99.9p99.99;1801125.3;;0.0307;0.0307
;US-KS;1995;p99p99.5;346547.0;;0.0328;0.0328
;US-KS;1995;p95p100;281896.19;;0.26660001;0.26660001
;US-KS;1995;p0p90;36405.898;;0.61970001;0.61970001
;US-KS;1995;p0p99;46571.398;;0.87199998;0.87199998
;US-KS;1995;p99.5p100;1007302.5;;0.095299996;0.095299996
;US-KS;1994;p0p100;132711.5;60207711355.0;1.0;1.0
;US-KS;1994;p99p100;610845.0;;0.1151;0.1151
;US-KS;1994;p99.9p100;2261035.0;;0.042599998;0.042599998
;US-KS;1994;p99.99p100;8400845.0;;0.015799999;0.015799999
;US-KS;1994;p90p100;189008.8;;0.35620001;0.35620001
;US-KS;1994;p90p95;115841.5;;0.1092;0.1092
;US-KS;1994;p95p99;174990.8;;0.1319;0.1319
;US-KS;1994;p99.5p99.9;557379.0;;0.041999999;0.041999999
;US-KS;1994;p99.9p99.99;1574401.8;;0.026699999;0.026699999
;US-KS;1994;p99p99.5;321798.81;;0.030300001;0.030300001
;US-KS;1994;p95p100;262141.09;;0.24699999;0.24699999
;US-KS;1994;p0p90;37972.801;;0.64410001;0.64410001
;US-KS;1994;p0p99;47428.602;;0.88489997;0.88489997
;US-KS;1994;p99.5p100;899644.69;;0.084799998;0.084799998
;US-KS;1993;p0p100;134359.0;58961656177.0;1.0;1.0
;US-KS;1993;p99p100;612725.0;;0.119;0.119
;US-KS;1993;p99.9p100;2357230.3;;0.0458;0.0458
;US-KS;1993;p99.99p100;9112933.0;;0.0177;0.0177
;US-KS;1993;p90p100;185696.09;;0.36059999;0.36059999
;US-KS;1993;p90p95;111751.7;;0.1085;0.1085
;US-KS;1993;p95p99;171365.59;;0.1331;0.1331
;US-KS;1993;p99.5p99.9;553520.0;;0.043000001;0.043000001
;US-KS;1993;p99.9p99.99;1603937.1;;0.028000001;0.028000001
;US-KS;1993;p99p99.5;310155.81;;0.030099999;0.030099999
;US-KS;1993;p95p100;259612.2;;0.25209999;0.25209999
;US-KS;1993;p0p90;36597.199;;0.63959998;0.63959998
;US-KS;1993;p0p99;45830.5;;0.88099998;0.88099998
;US-KS;1993;p99.5p100;915060.0;;0.088799998;0.088799998
;US-KS;1992;p0p100;141045.59;58664828126.0;1.0;1.0
;US-KS;1992;p99p100;635767.13;;0.1235;0.1235
;US-KS;1992;p99.9p100;2450138.8;;0.047600001;0.047600001
;US-KS;1992;p99.99p100;9379205.0;;0.018200001;0.018200001
;US-KS;1992;p90p100;187620.09;;0.3644;0.3644
;US-KS;1992;p90p95;112120.3;;0.1089;0.1089
;US-KS;1992;p95p99;169993.3;;0.1321;0.1321
;US-KS;1992;p99.5p99.9;576657.88;;0.044799998;0.044799998
;US-KS;1992;p99.9p99.99;1679461.3;;0.0294;0.0294
;US-KS;1992;p99p99.5;319486.31;;0.030999999;0.030999999
;US-KS;1992;p95p100;263155.31;;0.25560001;0.25560001
;US-KS;1992;p0p90;36361.699;;0.63559997;0.63559997
;US-KS;1992;p0p99;45583.0;;0.87650001;0.87650001
;US-KS;1992;p99.5p100;951923.69;;0.092399999;0.092399999
;US-KS;1991;p0p100;144208.59;56639335698.0;1.0;1.0
;US-KS;1991;p99p100;580580.81;;0.116;0.116
;US-KS;1991;p99.9p100;2135623.5;;0.0427;0.0427
;US-KS;1991;p99.99p100;7826982.0;;0.0156;0.0156
;US-KS;1991;p90p100;181901.41;;0.3633;0.3633
;US-KS;1991;p90p95;115003.6;;0.1148;0.1148
;US-KS;1991;p95p99;166031.59;;0.13259999;0.13259999
;US-KS;1991;p99.5p99.9;537171.5;;0.0429;0.0429
;US-KS;1991;p99.9p99.99;1502997.0;;0.027000001;0.027000001
;US-KS;1991;p99p99.5;304101.09;;0.030400001;0.030400001
;US-KS;1991;p95p100;248930.09;;0.24860001;0.24860001
;US-KS;1991;p0p90;35413.699;;0.63660002;0.63660002
;US-KS;1991;p0p99;44709.699;;0.884;0.884
;US-KS;1991;p99.5p100;857069.38;;0.085600004;0.085600004
;US-KS;1990;p0p100;159731.5;57523834734.0;1.0;1.0
;US-KS;1990;p99p100;619041.63;;0.1198;0.1198
;US-KS;1990;p99.9p100;2384556.5;;0.046100002;0.046100002
;US-KS;1990;p99.99p100;9053654.0;;0.0175;0.0175
;US-KS;1990;p90p100;185960.8;;0.35980001;0.35980001
;US-KS;1990;p90p95;114069.4;;0.1104;0.1104
;US-KS;1990;p95p99;167540.41;;0.12970001;0.12970001
;US-KS;1990;p99.5p99.9;566843.69;;0.043900002;0.043900002
;US-KS;1990;p99.9p99.99;1644604.8;;0.0286;0.0286
;US-KS;1990;p99p99.5;307513.59;;0.0297;0.0297
;US-KS;1990;p95p100;257862.5;;0.24950001;0.24950001
;US-KS;1990;p0p90;36765.699;;0.64020002;0.64020002
;US-KS;1990;p0p99;45953.801;;0.88020003;0.88020003
;US-KS;1990;p99.5p100;930414.31;;0.090000004;0.090000004
;US-KS;1989;p0p100;170637.09;56847754982.0;1.0;1.0
;US-KS;1989;p99p100;634794.88;;0.1267;0.1267
;US-KS;1989;p99.9p100;2460044.0;;0.0491;0.0491
;US-KS;1989;p99.99p100;9418786.0;;0.0188;0.0188
;US-KS;1989;p90p100;187708.7;;0.37470001;0.37470001
;US-KS;1989;p90p95;113025.3;;0.1128;0.1128
;US-KS;1989;p95p99;167019.0;;0.13339999;0.13339999
;US-KS;1989;p99.5p99.9;564578.5;;0.0451;0.0451
;US-KS;1989;p99.9p99.99;1660543.3;;0.0298;0.0298
;US-KS;1989;p99p99.5;312390.41;;0.031199999;0.031199999
;US-KS;1989;p95p100;262078.0;;0.26159999;0.26159999
;US-KS;1989;p0p90;35007.5;;0.62889999;0.62889999
;US-KS;1989;p0p99;44189.301;;0.87330002;0.87330002
;US-KS;1989;p99.5p100;951740.38;;0.094999999;0.094999999
;US-KS;1988;p0p100;189436.7;57673740349.0;1.0;1.0
;US-KS;1988;p99p100;666635.5;;0.1304;0.1304
;US-KS;1988;p99.9p100;2703848.8;;0.052900001;0.052900001
;US-KS;1988;p99.99p100;10521641.0;;0.0206;0.0206
;US-KS;1988;p90p100;189140.59;;0.37009999;0.37009999
;US-KS;1988;p90p95;111506.0;;0.1091;0.1091
;US-KS;1988;p95p99;163535.2;;0.12800001;0.12800001
;US-KS;1988;p99.5p99.9;579833.69;;0.045400001;0.045400001
;US-KS;1988;p99.9p99.99;1799695.8;;0.0317;0.0317
;US-KS;1988;p99p99.5;309186.81;;0.030200001;0.030200001
;US-KS;1988;p95p100;266314.09;;0.26050001;0.26050001
;US-KS;1988;p0p90;36061.801;;0.63499999;0.63499999
;US-KS;1988;p0p99;44892.102;;0.8696;0.8696
;US-KS;1988;p99.5p100;1016142.2;;0.099399999;0.099399999
;US-KS;1987;p0p100;201366.91;55500850265.0;1.0;1.0
;US-KS;1987;p99p100;520562.31;;0.103;0.103
;US-KS;1987;p99.9p100;1841283.8;;0.036400001;0.036400001
;US-KS;1987;p99.99p100;6555250.0;;0.013;0.013
;US-KS;1987;p90p100;171989.91;;0.34020001;0.34020001
;US-KS;1987;p90p95;111384.8;;0.1102;0.1102
;US-KS;1987;p95p99;158402.0;;0.12530001;0.12530001
;US-KS;1987;p99.5p99.9;474756.81;;0.037599999;0.037599999
;US-KS;1987;p99.9p99.99;1291726.3;;0.023;0.023
;US-KS;1987;p99p99.5;279538.5;;0.0276;0.0276
;US-KS;1987;p95p100;232330.3;;0.2298;0.2298
;US-KS;1987;p0p90;37255.5;;0.66329998;0.66329998
;US-KS;1987;p0p99;45802.5;;0.89700001;0.89700001
;US-KS;1987;p99.5p100;756183.81;;0.0748;0.0748
;US-KS;1986;p0p100;226139.8;57752100080.0;1.0;1.0
;US-KS;1986;p99p100;667423.31;;0.1256;0.1256
;US-KS;1986;p99.9p100;2826269.5;;0.053199999;0.053199999
;US-KS;1986;p99.99p100;11626332.0;;0.0219;0.0219
;US-KS;1986;p90p100;188104.0;;0.35409999;0.35409999
;US-KS;1986;p90p95;110732.1;;0.1042;0.1042
;US-KS;1986;p95p99;161133.0;;0.1213;0.1213
;US-KS;1986;p99.5p99.9;561735.0;;0.042300001;0.042300001
;US-KS;1986;p99.9p99.99;1790359.5;;0.030300001;0.030300001
;US-KS;1986;p99p99.5;296561.81;;0.027899999;0.027899999
;US-KS;1986;p95p100;264858.09;;0.2493;0.2493
;US-KS;1986;p0p90;38481.301;;0.65200001;0.65200001
;US-KS;1986;p0p99;46913.699;;0.87440002;0.87440002
;US-KS;1986;p99.5p100;1028518.6;;0.096799999;0.096799999
;US-KS;1985;p0p100;220799.5;53676835588.0;1.0;1.0
;US-KS;1985;p99p100;565377.63;;0.113;0.113
;US-KS;1985;p99.9p100;2304179.0;;0.046100002;0.046100002
;US-KS;1985;p99.99p100;9371387.0;;0.0187;0.0187
;US-KS;1985;p90p100;172923.0;;0.34560001;0.34560001
;US-KS;1985;p90p95;107527.1;;0.1074;0.1074
;US-KS;1985;p95p99;155645.0;;0.1244;0.1244
;US-KS;1985;p99.5p99.9;482672.69;;0.038600001;0.038600001
;US-KS;1985;p99.9p99.99;1496134.4;;0.026900001;0.026900001
;US-KS;1985;p99p99.5;276920.5;;0.0277;0.0277
;US-KS;1985;p95p100;238193.3;;0.23800001;0.23800001
;US-KS;1985;p0p90;36483.398;;0.65619999;0.65619999
;US-KS;1985;p0p99;44830.699;;0.88700002;0.88700002
;US-KS;1985;p99.5p100;851293.38;;0.085100003;0.085100003
;US-KS;1984;p0p100;234268.8;52285370865.0;1.0;1.0
;US-KS;1984;p99p100;513482.81;;0.1035;0.1035
;US-KS;1984;p99.9p100;2030830.8;;0.040899999;0.040899999
;US-KS;1984;p99.99p100;8304963.5;;0.0167;0.0167
;US-KS;1984;p90p100;165752.41;;0.33399999;0.33399999
;US-KS;1984;p90p95;106851.1;;0.1077;0.1077
;US-KS;1984;p95p99;151378.09;;0.122;0.122
;US-KS;1984;p99.5p99.9;437847.0;;0.035300002;0.035300002
;US-KS;1984;p99.9p99.99;1299373.4;;0.023600001;0.023600001
;US-KS;1984;p99p99.5;260951.3;;0.0263;0.0263
;US-KS;1984;p95p100;224596.0;;0.2263;0.2263
;US-KS;1984;p0p90;36854.398;;0.66839999;0.66839999
;US-KS;1984;p0p99;44937.199;;0.89649999;0.89649999
;US-KS;1984;p99.5p100;762594.88;;0.076800004;0.076800004
;US-KS;1983;p0p100;257654.2;50019264170.0;1.0;1.0
;US-KS;1983;p99p100;474575.31;;0.098200001;0.098200001
;US-KS;1983;p99.9p100;1795851.8;;0.0372;0.0372
;US-KS;1983;p99.99p100;7297808.0;;0.0151;0.0151
;US-KS;1983;p90p100;158908.59;;0.329;0.329
;US-KS;1983;p90p95;105018.1;;0.1087;0.1087
;US-KS;1983;p95p99;147255.5;;0.1219;0.1219
;US-KS;1983;p99.5p99.9;418515.19;;0.034699999;0.034699999
;US-KS;1983;p99.9p99.99;1177406.5;;0.0219;0.0219
;US-KS;1983;p99p99.5;252708.09;;0.0262;0.0262
;US-KS;1983;p95p100;212886.59;;0.22040001;0.22040001
;US-KS;1983;p0p90;36042.301;;0.67150003;0.67150003
;US-KS;1983;p0p99;44000.5;;0.90179998;0.90179998
;US-KS;1983;p99.5p100;695572.31;;0.071999997;0.071999997
;US-KS;1982;p0p100;269795.81;50232287854.0;1.0;1.0
;US-KS;1982;p99p100;489330.19;;0.1009;0.1009
;US-KS;1982;p99.9p100;1892709.0;;0.039000001;0.039000001
;US-KS;1982;p99.99p100;7858588.5;;0.0162;0.0162
;US-KS;1982;p90p100;156871.41;;0.32339999;0.32339999
;US-KS;1982;p90p95;100984.8;;0.1041;0.1041
;US-KS;1982;p95p99;143767.09;;0.1185;0.1185
;US-KS;1982;p99.5p99.9;429380.81;;0.035399999;0.035399999
;US-KS;1982;p99.9p99.99;1229833.5;;0.0228;0.0228
;US-KS;1982;p99p99.5;256614.0;;0.0264;0.0264
;US-KS;1982;p95p100;212587.91;;0.2191;0.2191
;US-KS;1982;p0p90;36465.301;;0.67650002;0.67650002
;US-KS;1982;p0p99;44059.199;;0.89910001;0.89910001
;US-KS;1982;p99.5p100;722046.5;;0.0744;0.0744
;US-KS;1981;p0p100;289942.91;49596244021.0;1.0;1.0
;US-KS;1981;p99p100;452744.81;;0.097599998;0.097599998
;US-KS;1981;p99.9p100;1509855.4;;0.032600001;0.032600001
;US-KS;1981;p99.99p100;5214673.0;;0.0112;0.0112
;US-KS;1981;p90p100;158174.09;;0.34110001;0.34110001
;US-KS;1981;p90p95;105934.0;;0.1142;0.1142
;US-KS;1981;p95p99;149834.41;;0.1293;0.1293
;US-KS;1981;p99.5p99.9;427577.41;;0.036899999;0.036899999
;US-KS;1981;p99.9p99.99;1097311.4;;0.021299999;0.021299999
;US-KS;1981;p99p99.5;260711.91;;0.028100001;0.028100001
;US-KS;1981;p95p100;210439.8;;0.2269;0.2269
;US-KS;1981;p0p90;33951.602;;0.65899998;0.65899998
;US-KS;1981;p0p99;42264.602;;0.90240002;0.90240002
;US-KS;1981;p99.5p100;644649.88;;0.069499999;0.069499999
;US-KS;1980;p0p100;347513.19;48634773591.0;1.0;1.0
;US-KS;1980;p99p100;473268.5;;0.1021;0.1021
;US-KS;1980;p99.9p100;1686694.5;;0.036400001;0.036400001
;US-KS;1980;p99.99p100;7188919.5;;0.0155;0.0155
;US-KS;1980;p90p100;159945.5;;0.3452;0.3452
;US-KS;1980;p90p95;104389.5;;0.1126;0.1126
;US-KS;1980;p95p99;151100.0;;0.1304;0.1304
;US-KS;1980;p99.5p99.9;431688.41;;0.037300002;0.037300002
;US-KS;1980;p99.9p99.99;1076243.1;;0.0209;0.0209
;US-KS;1980;p99p99.5;264036.31;;0.0285;0.0285
;US-KS;1980;p95p100;215520.7;;0.2326;0.2326
;US-KS;1980;p0p90;33707.199;;0.65469998;0.65469998
;US-KS;1980;p0p99;42021.898;;0.89789999;0.89789999
;US-KS;1980;p99.5p100;682518.38;;0.073700003;0.073700003
;US-KS;1979;p0p100;435231.69;48839623509.0;1.0;1.0
;US-KS;1979;p99p100;460406.09;;0.097900003;0.097900003
;US-KS;1979;p99.9p100;1555129.3;;0.033100002;0.033100002
;US-KS;1979;p99.99p100;5733744.5;;0.0122;0.0122
;US-KS;1979;p90p100;158516.91;;0.33719999;0.33719999
;US-KS;1979;p90p95;105566.5;;0.1123;0.1123
;US-KS;1979;p95p99;149188.3;;0.1269;0.1269
;US-KS;1979;p99.5p99.9;428789.41;;0.036499999;0.036499999
;US-KS;1979;p99.9p99.99;1090498.3;;0.0209;0.0209
;US-KS;1979;p99p99.5;266756.91;;0.0284;0.0284
;US-KS;1979;p95p100;211432.8;;0.22490001;0.22490001
;US-KS;1979;p0p90;34625.398;;0.66289997;0.66289997
;US-KS;1979;p0p99;42836.801;;0.90210003;0.90210003
;US-KS;1979;p99.5p100;654109.31;;0.069600001;0.069600001
;US-KS;1978;p0p100;494123.0;45372568253.0;1.0;1.0
;US-KS;1978;p99p100;396469.09;;0.089199997;0.089199997
;US-KS;1978;p99.9p100;1070343.0;;0.0241;0.0241
;US-KS;1978;p99.99p100;3400402.0;;0.0076000001;0.0076000001
;US-KS;1978;p90p100;148296.7;;0.33360001;0.33360001
;US-KS;1978;p90p95;98169.297;;0.1104;0.1104
;US-KS;1978;p95p99;149125.0;;0.13420001;0.13420001
;US-KS;1978;p99.5p99.9;399077.0;;0.0359;0.0359
;US-KS;1978;p99.9p99.99;811384.81;;0.0164;0.0164
;US-KS;1978;p99p99.5;259484.8;;0.029200001;0.029200001
;US-KS;1978;p95p100;198559.0;;0.2233;0.2233
;US-KS;1978;p0p90;32903.398;;0.66619998;0.66619998
;US-KS;1978;p0p99;40894.801;;0.91079998;0.91079998
;US-KS;1978;p99.5p100;533558.31;;0.059999999;0.059999999
;US-KS;1977;p0p100;563658.19;44085635233.0;1.0;1.0
;US-KS;1977;p99p100;403788.5;;0.092200004;0.092200004
;US-KS;1977;p99.9p100;1185174.1;;0.027100001;0.027100001
;US-KS;1977;p99.99p100;4241605.5;;0.0097000003;0.0097000003
;US-KS;1977;p90p100;145911.7;;0.33309999;0.33309999
;US-KS;1977;p90p95;97204.602;;0.111;0.111
;US-KS;1977;p95p99;142324.7;;0.13;0.13
;US-KS;1977;p99.5p99.9;398857.59;;0.036400001;0.036400001
;US-KS;1977;p99.9p99.99;845847.19;;0.0174;0.0174
;US-KS;1977;p99p99.5;251393.09;;0.0287;0.0287
;US-KS;1977;p95p100;194611.09;;0.2221;0.2221
;US-KS;1977;p0p90;32458.199;;0.66689998;0.66689998
;US-KS;1977;p0p99;40167.199;;0.90780002;0.90780002
;US-KS;1977;p99.5p100;556184.63;;0.063500002;0.063500002
;US-KS;1976;p0p100;635512.5;43233935782.0;1.0;1.0
;US-KS;1976;p99p100;375152.69;;0.086199999;0.086199999
;US-KS;1976;p99.9p100;990988.69;;0.0228;0.0228
;US-KS;1976;p99.99p100;2932130.5;;0.0066999998;0.0066999998
;US-KS;1976;p90p100;145799.5;;0.33489999;0.33489999
;US-KS;1976;p90p95;100118.6;;0.115;0.115
;US-KS;1976;p95p99;145565.7;;0.1337;0.1337
;US-KS;1976;p99.5p99.9;396035.59;;0.036400001;0.036400001
;US-KS;1976;p99.9p99.99;775440.31;;0.016000001;0.016000001
;US-KS;1976;p99p99.5;234936.3;;0.027000001;0.027000001
;US-KS;1976;p95p100;191482.09;;0.2199;0.2199
;US-KS;1976;p0p90;32180.199;;0.6652;0.6652
;US-KS;1976;p0p99;40191.102;;0.9138;0.9138
;US-KS;1976;p99.5p100;515373.59;;0.0592;0.0592
;US-KS;1975;p0p100;692813.0;41598055557.0;1.0;1.0
;US-KS;1975;p99p100;387648.59;;0.091399997;0.091399997
;US-KS;1975;p99.9p100;1091253.8;;0.025699999;0.025699999
;US-KS;1975;p99.99p100;3532439.5;;0.0082999999;0.0082999999
;US-KS;1975;p90p100;145177.7;;0.34209999;0.34209999
;US-KS;1975;p90p95;94388.0;;0.1112;0.1112
;US-KS;1975;p95p99;147991.41;;0.13950001;0.13950001
;US-KS;1975;p99.5p99.9;382406.09;;0.035999998;0.035999998
;US-KS;1975;p99.9p99.99;820092.19;;0.0174;0.0174
;US-KS;1975;p99p99.5;250985.59;;0.0296;0.0296
;US-KS;1975;p95p100;195920.91;;0.2308;0.2308
;US-KS;1975;p0p90;31022.6;;0.65799999;0.65799999
;US-KS;1975;p0p99;38948.301;;0.90859997;0.90859997
;US-KS;1975;p99.5p100;524243.0;;0.061799999;0.061799999
;US-KS;1974;p0p100;856583.63;42623547547.0;1.0;1.0
;US-KS;1974;p99p100;423529.09;;0.096100003;0.096100003
;US-KS;1974;p99.9p100;1299855.3;;0.0295;0.0295
;US-KS;1974;p99.99p100;4292599.5;;0.0097000003;0.0097000003
;US-KS;1974;p90p100;150661.91;;0.34200001;0.34200001
;US-KS;1974;p90p95;99653.898;;0.1131;0.1131
;US-KS;1974;p95p99;146364.41;;0.1329;0.1329
;US-KS;1974;p99.5p99.9;413607.81;;0.037599999;0.037599999
;US-KS;1974;p99.9p99.99;969663.88;;0.0198;0.0198
;US-KS;1974;p99p99.5;257289.8;;0.029200001;0.029200001
;US-KS;1974;p95p100;201660.0;;0.2289;0.2289
;US-KS;1974;p0p90;32196.0;;0.6577;0.6577
;US-KS;1974;p0p99;40223.5;;0.90390003;0.90390003
;US-KS;1974;p99.5p100;590199.19;;0.067000002;0.067000002
;US-KS;1973;p0p100;1081282.3;43105323011.0;1.0;1.0
;US-KS;1973;p99p100;392071.0;;0.086900003;0.086900003
;US-KS;1973;p99.9p100;1080801.0;;0.024;0.024
;US-KS;1973;p99.99p100;3484300.8;;0.0077;0.0077
;US-KS;1973;p90p100;148828.0;;0.3299;0.3299
;US-KS;1973;p90p95;99156.898;;0.1099;0.1099
;US-KS;1973;p95p99;150101.41;;0.1331;0.1331
;US-KS;1973;p99.5p99.9;393226.19;;0.034899998;0.034899998
;US-KS;1973;p99.9p99.99;813583.13;;0.0162;0.0162
;US-KS;1973;p99p99.5;253204.0;;0.028100001;0.028100001
;US-KS;1973;p95p100;198498.59;;0.22;0.22
;US-KS;1973;p0p90;33584.801;;0.67009997;0.67009997
;US-KS;1973;p0p99;41603.102;;0.9131;0.9131
;US-KS;1973;p99.5p100;530732.19;;0.058800001;0.058800001
;US-KS;1972;p0p100;1155989.9;40329848989.0;1.0;1.0
;US-KS;1972;p99p100;374165.19;;0.087499999;0.087499999
;US-KS;1972;p99.9p100;1072998.5;;0.0251;0.0251
;US-KS;1972;p99.99p100;3648273.8;;0.0085000005;0.0085000005
;US-KS;1972;p90p100;138967.0;;0.3251;0.3251
;US-KS;1972;p90p95;92192.898;;0.1078;0.1078
;US-KS;1972;p95p99;138634.91;;0.12970001;0.12970001
;US-KS;1972;p99.5p99.9;368085.69;;0.034400001;0.034400001
;US-KS;1972;p99.9p99.99;786756.38;;0.0166;0.0166
;US-KS;1972;p99p99.5;238983.2;;0.028000001;0.028000001
;US-KS;1972;p95p100;185743.3;;0.2173;0.2173
;US-KS;1972;p0p90;32051.801;;0.6749;0.6749
;US-KS;1972;p0p99;39394.102;;0.91250002;0.91250002
;US-KS;1972;p99.5p100;509347.19;;0.059599999;0.059599999
;US-KS;1971;p0p100;1155046.1;37311952494.0;1.0;1.0
;US-KS;1971;p99p100;349402.91;;0.087200001;0.087200001
;US-KS;1971;p99.9p100;946391.38;;0.023600001;0.023600001
;US-KS;1971;p99.99p100;2936652.5;;0.0073000002;0.0073000002
;US-KS;1971;p90p100;132361.0;;0.3301;0.3301
;US-KS;1971;p90p95;89037.703;;0.111;0.111
;US-KS;1971;p95p99;132270.5;;0.132;0.132
;US-KS;1971;p99.5p99.9;351329.91;;0.035100002;0.035100002
;US-KS;1971;p99.9p99.99;725486.13;;0.0163;0.0163
;US-KS;1971;p99p99.5;228050.0;;0.0284;0.0284
;US-KS;1971;p95p100;175691.8;;0.2191;0.2191
;US-KS;1971;p0p90;29841.1;;0.6699;0.6699
;US-KS;1971;p0p99;36967.5;;0.91280001;0.91280001
;US-KS;1971;p99.5p100;470653.09;;0.058699999;0.058699999
;US-KS;1970;p0p100;1237329.0;36115576868.0;1.0;1.0
;US-KS;1970;p99p100;331815.59;;0.084200002;0.084200002
;US-KS;1970;p99.9p100;919995.81;;0.0233;0.0233
;US-KS;1970;p99.99p100;3119254.0;;0.0078999996;0.0078999996
;US-KS;1970;p90p100;125655.1;;0.3188;0.3188
;US-KS;1970;p90p95;86267.297;;0.1094;0.1094
;US-KS;1970;p95p99;123385.9;;0.1252;0.1252
;US-KS;1970;p99.5p99.9;330753.69;;0.033599999;0.033599999
;US-KS;1970;p99.9p99.99;675466.0;;0.0154;0.0154
;US-KS;1970;p99p99.5;214750.41;;0.0272;0.0272
;US-KS;1970;p95p100;165060.5;;0.2094;0.2094
;US-KS;1970;p0p90;29836.301;;0.68120003;0.68120003
;US-KS;1970;p0p99;36464.602;;0.91579998;0.91579998
;US-KS;1970;p99.5p100;448792.91;;0.056899998;0.056899998
;US-KS;1969;p0p100;1375791.3;35791114708.0;1.0;1.0
;US-KS;1969;p99p100;366966.19;;0.093599997;0.093599997
;US-KS;1969;p99.9p100;1201409.8;;0.0306;0.0306
;US-KS;1969;p99.99p100;5121991.0;;0.0131;0.0131
;US-KS;1969;p90p100;129161.6;;0.3294;0.3294
;US-KS;1969;p90p95;85838.703;;0.1095;0.1095
;US-KS;1969;p95p99;123909.1;;0.12639999;0.12639999
;US-KS;1969;p99.5p99.9;345376.91;;0.0352;0.0352
;US-KS;1969;p99.9p99.99;765666.69;;0.0176;0.0176
;US-KS;1969;p99p99.5;217296.91;;0.0277;0.0277
;US-KS;1969;p95p100;172499.41;;0.22;0.22
;US-KS;1969;p0p90;29217.301;;0.6706;0.6706
;US-KS;1969;p0p99;35902.5;;0.90640002;0.90640002
;US-KS;1969;p99.5p100;516700.69;;0.065899998;0.065899998
;US-KS;1968;p0p100;1485610.9;34681509640.0;1.0;1.0
;US-KS;1968;p99p100;398608.5;;0.1047;0.1047
;US-KS;1968;p99.9p100;1381958.3;;0.0363;0.0363
;US-KS;1968;p99.99p100;6122511.5;;0.016100001;0.016100001
;US-KS;1968;p90p100;131043.1;;0.34419999;0.34419999
;US-KS;1968;p90p95;83365.703;;0.1095;0.1095
;US-KS;1968;p95p99;123716.7;;0.13;0.13
;US-KS;1968;p99.5p99.9;370539.0;;0.038899999;0.038899999
;US-KS;1968;p99.9p99.99;853232.88;;0.020199999;0.020199999
;US-KS;1968;p99p99.5;224400.7;;0.0295;0.0295
;US-KS;1968;p95p100;178702.0;;0.23469999;0.23469999
;US-KS;1968;p0p90;27745.699;;0.6559;0.6559
;US-KS;1968;p0p99;34430.602;;0.89529997;0.89529997
;US-KS;1968;p99.5p100;572788.19;;0.075199999;0.075199999
;US-KS;1967;p0p100;1542590.3;33098820431.0;1.0;1.0
;US-KS;1967;p99p100;351819.59;;0.096600004;0.096600004
;US-KS;1967;p99.9p100;999720.69;;0.0275;0.0275
;US-KS;1967;p99.99p100;3223258.3;;0.0088999998;0.0088999998
;US-KS;1967;p90p100;123330.3;;0.3387;0.3387
;US-KS;1967;p90p95;80458.898;;0.1105;0.1105
;US-KS;1967;p95p99;119890.7;;0.13169999;0.13169999
;US-KS;1967;p99.5p99.9;346966.59;;0.0381;0.0381
;US-KS;1967;p99.9p99.99;753147.5;;0.0186;0.0186
;US-KS;1967;p99p99.5;226161.59;;0.031099999;0.031099999
;US-KS;1967;p95p100;166242.91;;0.22830001;0.22830001
;US-KS;1967;p0p90;26753.801;;0.66119999;0.66119999
;US-KS;1967;p0p99;33229.898;;0.9034;0.9034
;US-KS;1967;p99.5p100;477552.0;;0.0656;0.0656
;US-KS;1966;p0p100;1603201.3;32268051066.0;1.0;1.0
;US-KS;1966;p99p100;325160.5;;0.091300003;0.091300003
;US-KS;1966;p99.9p100;948744.88;;0.0266;0.0266
;US-KS;1966;p99.99p100;3259722.5;;0.0092000002;0.0092000002
;US-KS;1966;p90p100;119493.8;;0.3355;0.3355
;US-KS;1966;p90p95;82172.602;;0.1154;0.1154
;US-KS;1966;p95p99;115048.4;;0.1292;0.1292
;US-KS;1966;p99.5p99.9;322415.09;;0.036200002;0.036200002
;US-KS;1966;p99.9p99.99;692154.38;;0.0175;0.0175
;US-KS;1966;p99p99.5;201968.91;;0.0284;0.0284
;US-KS;1966;p95p100;157047.7;;0.22050001;0.22050001
;US-KS;1966;p0p90;26283.699;;0.66420001;0.66420001
;US-KS;1966;p0p99;32689.6;;0.90869999;0.90869999
;US-KS;1966;p99.5p100;448193.91;;0.062899999;0.062899999
;US-KS;1965;p0p100;1636112.5;31006280167.0;1.0;1.0
;US-KS;1965;p99p100;325647.81;;0.094800003;0.094800003
;US-KS;1965;p99.9p100;896233.5;;0.0261;0.0261
;US-KS;1965;p99.99p100;2600873.3;;0.0076000001;0.0076000001
;US-KS;1965;p90p100;116477.1;;0.33899999;0.33899999
;US-KS;1965;p90p95;78239.898;;0.1139;0.1139
;US-KS;1965;p95p99;111958.1;;0.1304;0.1304
;US-KS;1965;p99.5p99.9;322943.5;;0.037599999;0.037599999
;US-KS;1965;p99.9p99.99;705503.13;;0.0185;0.0185
;US-KS;1965;p99p99.5;213370.5;;0.031099999;0.031099999
;US-KS;1965;p95p100;154705.91;;0.2252;0.2252
;US-KS;1965;p0p90;25233.699;;0.66109997;0.66109997
;US-KS;1965;p0p99;31411.9;;0.9052;0.9052
;US-KS;1965;p99.5p100;437811.91;;0.063699998;0.063699998
;US-KS;1964;p0p100;1622215.3;29630432431.0;1.0;1.0
;US-KS;1964;p99p100;303995.19;;0.092100002;0.092100002
;US-KS;1964;p99.9p100;841809.81;;0.0255;0.0255
;US-KS;1964;p99.99p100;2158427.5;;0.0065000001;0.0065000001
;US-KS;1964;p90p100;110487.0;;0.33489999;0.33489999
;US-KS;1964;p90p95;74259.0;;0.1125;0.1125
;US-KS;1964;p95p99;107412.5;;0.1302;0.1302
;US-KS;1964;p99.5p99.9;300768.0;;0.036499999;0.036499999
;US-KS;1964;p99.9p99.99;694968.5;;0.018999999;0.018999999
;US-KS;1964;p99p99.5;198619.5;;0.030099999;0.030099999
;US-KS;1964;p95p100;146687.5;;0.22229999;0.22229999
;US-KS;1964;p0p90;24380.9;;0.66509998;0.66509998
;US-KS;1964;p0p99;30252.301;;0.90789998;0.90789998
;US-KS;1964;p99.5p100;409060.19;;0.061999999;0.061999999
;US-KS;1963;p0p100;1598674.4;28273548602.0;1.0;1.0
;US-KS;1963;p99p100;280532.5;;0.088600002;0.088600002
;US-KS;1963;p99.9p100;784623.13;;0.024800001;0.024800001
;US-KS;1963;p99.99p100;2215129.8;;0.0070000002;0.0070000002
;US-KS;1963;p90p100;105448.0;;0.33289999;0.33289999
;US-KS;1963;p90p95;71659.297;;0.1131;0.1131
;US-KS;1963;p95p99;103913.4;;0.1312;0.1312
;US-KS;1963;p99.5p99.9;278371.91;;0.0352;0.0352
;US-KS;1963;p99.9p99.99;626682.31;;0.0178;0.0178
;US-KS;1963;p99p99.5;181229.0;;0.0286;0.0286
;US-KS;1963;p95p100;139237.2;;0.2198;0.2198
;US-KS;1963;p0p90;23480.801;;0.66710001;0.66710001
;US-KS;1963;p0p99;29163.699;;0.91140002;0.91140002
;US-KS;1963;p99.5p100;379829.09;;0.059999999;0.059999999
;US-KS;1962;p0p100;1625889.3;27817574097.0;1.0;1.0
;US-KS;1962;p99p100;275735.91;;0.087899998;0.087899998
;US-KS;1962;p99.9p100;776640.13;;0.024700001;0.024700001
;US-KS;1962;p99.99p100;2280979.5;;0.0073000002;0.0073000002
;US-KS;1962;p90p100;103567.3;;0.33000001;0.33000001
;US-KS;1962;p90p95;71197.5;;0.1134;0.1134
;US-KS;1962;p95p99;100988.0;;0.1287;0.1287
;US-KS;1962;p99.5p99.9;280165.81;;0.035700001;0.035700001
;US-KS;1962;p99.9p99.99;610867.88;;0.0175;0.0175
;US-KS;1962;p99p99.5;171619.91;;0.0273;0.0273
;US-KS;1962;p95p100;135937.7;;0.2166;0.2166
;US-KS;1962;p0p90;23359.9;;0.67000002;0.67000002
;US-KS;1962;p0p99;28911.699;;0.91210002;0.91210002
;US-KS;1962;p99.5p100;379846.59;;0.0605;0.0605
;US-KS;1961;p0p100;1648811.9;27436017097.0;1.0;1.0
;US-KS;1961;p99p100;283769.59;;0.090999998;0.090999998
;US-KS;1961;p99.9p100;855985.19;;0.0274;0.0274
;US-KS;1961;p99.99p100;2918334.3;;0.0093999999;0.0093999999
;US-KS;1961;p90p100;101704.2;;0.32600001;0.32600001
;US-KS;1961;p90p95;68296.898;;0.1095;0.1095
;US-KS;1961;p95p99;97951.898;;0.1256;0.1256
;US-KS;1961;p99.5p99.9;285151.59;;0.036600001;0.036600001
;US-KS;1961;p99.9p99.99;627068.19;;0.018100001;0.018100001
;US-KS;1961;p99p99.5;168131.41;;0.026900001;0.026900001
;US-KS;1961;p95p100;135113.09;;0.2166;0.2166
;US-KS;1961;p0p90;23358.699;;0.67400002;0.67400002
;US-KS;1961;p0p99;28641.9;;0.90899998;0.90899998
;US-KS;1961;p99.5p100;399410.41;;0.064000003;0.064000003
;US-KS;1960;p0p100;1625883.6;26274514284.0;1.0;1.0
;US-KS;1960;p99p100;260574.7;;0.086400002;0.086400002
;US-KS;1960;p99.9p100;703359.81;;0.0233;0.0233
;US-KS;1960;p99.99p100;2009785.1;;0.0066999998;0.0066999998
;US-KS;1960;p90p100;95961.703;;0.31830001;0.31830001
;US-KS;1960;p90p95;65013.301;;0.1078;0.1078
;US-KS;1960;p95p99;93495.203;;0.1241;0.1241
;US-KS;1960;p99.5p99.9;267365.19;;0.035500001;0.035500001
;US-KS;1960;p99.9p99.99;559552.81;;0.0167;0.0167
;US-KS;1960;p99p99.5;166095.3;;0.0275;0.0275
;US-KS;1960;p95p100;126909.7;;0.2105;0.2105
;US-KS;1960;p0p90;22833.699;;0.68169999;0.68169999
;US-KS;1960;p0p99;27817.699;;0.91360003;0.91360003
;US-KS;1960;p99.5p100;355048.0;;0.058899999;0.058899999
;US-KS;1959;p0p100;1667114.6;26039772362.0;1.0;1.0
;US-KS;1959;p99p100;255238.09;;0.0854;0.0854
;US-KS;1959;p99.9p100;732615.19;;0.024499999;0.024499999
;US-KS;1959;p99.99p100;2034927.3;;0.0068000001;0.0068000001
;US-KS;1959;p90p100;93061.203;;0.31150001;0.31150001
;US-KS;1959;p90p95;62469.301;;0.1046;0.1046
;US-KS;1959;p95p99;90762.0;;0.1215;0.1215
;US-KS;1959;p99.5p99.9;259982.3;;0.0348;0.0348
;US-KS;1959;p99.9p99.99;588485.81;;0.0177;0.0177
;US-KS;1959;p99p99.5;155853.2;;0.0261;0.0261
;US-KS;1959;p95p100;123654.4;;0.207;0.207
;US-KS;1959;p0p90;22853.4;;0.68849999;0.68849999
;US-KS;1959;p0p99;27597.9;;0.91460001;0.91460001
;US-KS;1959;p99.5p100;354629.41;;0.0594;0.0594
;US-KS;1958;p0p100;1670597.0;25709856068.0;1.0;1.0
;US-KS;1958;p99p100;248964.0;;0.084299996;0.084299996
;US-KS;1958;p99.9p100;705066.81;;0.0239;0.0239
;US-KS;1958;p99.99p100;2057574.3;;0.0070000002;0.0070000002
;US-KS;1958;p90p100;90882.703;;0.30779999;0.30779999
;US-KS;1958;p90p95;61134.301;;0.1035;0.1035
;US-KS;1958;p95p99;88549.898;;0.12;0.12
;US-KS;1958;p99.5p99.9;249190.8;;0.033799998;0.033799998
;US-KS;1958;p99.9p99.99;555378.81;;0.016899999;0.016899999
;US-KS;1958;p99p99.5;157380.41;;0.026699999;0.026699999
;US-KS;1958;p95p100;120632.2;;0.2043;0.2043
;US-KS;1958;p0p90;22709.6;;0.69220001;0.69220001
;US-KS;1958;p0p99;27310.1;;0.91570002;0.91570002
;US-KS;1958;p99.5p100;340545.91;;0.057700001;0.057700001
;US-KS;1957;p0p100;1664271.5;24239287711.0;1.0;1.0
;US-KS;1957;p99p100;251158.91;;0.090099998;0.090099998
;US-KS;1957;p99.9p100;708919.0;;0.0254;0.0254
;US-KS;1957;p99.99p100;2199822.0;;0.0078999996;0.0078999996
;US-KS;1957;p90p100;86628.297;;0.31079999;0.31079999
;US-KS;1957;p90p95;56329.199;;0.101;0.101
;US-KS;1957;p95p99;83370.797;;0.1196;0.1196
;US-KS;1957;p99.5p99.9;252364.0;;0.036200002;0.036200002
;US-KS;1957;p99.9p99.99;543464.19;;0.0175;0.0175
;US-KS;1957;p99p99.5;158515.09;;0.0284;0.0284
;US-KS;1957;p95p100;116927.8;;0.2097;0.2097
;US-KS;1957;p0p90;21345.199;;0.68919998;0.68919998
;US-KS;1957;p0p99;25617.699;;0.90990001;0.90990001
;US-KS;1957;p99.5p100;343800.31;;0.061700001;0.061700001
;US-KS;1956;p0p100;1781074.3;24117168353.0;1.0;1.0
;US-KS;1956;p99p100;249119.8;;0.089599997;0.089599997
;US-KS;1956;p99.9p100;731453.38;;0.0263;0.0263
;US-KS;1956;p99.99p100;2218954.5;;0.0080000004;0.0080000004
;US-KS;1956;p90p100;84888.203;;0.30520001;0.30520001
;US-KS;1956;p90p95;54506.301;;0.097999997;0.097999997
;US-KS;1956;p95p99;81944.5;;0.1179;0.1179
;US-KS;1956;p99.5p99.9;246472.2;;0.035399999;0.035399999
;US-KS;1956;p99.9p99.99;566855.19;;0.018300001;0.018300001
;US-KS;1956;p99p99.5;154560.0;;0.027799999;0.027799999
;US-KS;1956;p95p100;115379.9;;0.20739999;0.20739999
;US-KS;1956;p0p90;21465.0;;0.69459999;0.69459999
;US-KS;1956;p0p99;25576.9;;0.91039997;0.91039997
;US-KS;1956;p99.5p100;343676.19;;0.061799999;0.061799999
;US-KS;1955;p0p100;1807657.3;23695165969.0;1.0;1.0
;US-KS;1955;p99p100;250036.0;;0.091200002;0.091200002
;US-KS;1955;p99.9p100;746521.5;;0.0272;0.0272
;US-KS;1955;p99.99p100;2185677.8;;0.0080000004;0.0080000004
;US-KS;1955;p90p100;86069.0;;0.3141;0.3141
;US-KS;1955;p90p95;56468.699;;0.103;0.103
;US-KS;1955;p95p99;82503.703;;0.1204;0.1204
;US-KS;1955;p99.5p99.9;252622.59;;0.036899999;0.036899999
;US-KS;1955;p99.9p99.99;586678.88;;0.019300001;0.019300001
;US-KS;1955;p99p99.5;148672.5;;0.027100001;0.027100001
;US-KS;1955;p95p100;115995.1;;0.21170001;0.21170001
;US-KS;1955;p0p90;20863.699;;0.68529999;0.68529999
;US-KS;1955;p0p99;25152.5;;0.90880001;0.90880001
;US-KS;1955;p99.5p100;351399.69;;0.064099997;0.064099997
;US-KS;1954;p0p100;1807168.3;23797279229.0;1.0;1.0
;US-KS;1954;p99p100;250516.59;;0.090800002;0.090800002
;US-KS;1954;p99.9p100;770456.38;;0.027899999;0.027899999
;US-KS;1954;p99.99p100;2316754.0;;0.0083999997;0.0083999997
;US-KS;1954;p90p100;84152.0;;0.30489999;0.30489999
;US-KS;1954;p90p95;54092.301;;0.097999997;0.097999997
;US-KS;1954;p95p99;80486.703;;0.1167;0.1167
;US-KS;1954;p99.5p99.9;249450.8;;0.036200002;0.036200002
;US-KS;1954;p99.9p99.99;598657.69;;0.0195;0.0195
;US-KS;1954;p99p99.5;147381.91;;0.026699999;0.026699999
;US-KS;1954;p95p100;114466.7;;0.20739999;0.20739999
;US-KS;1954;p0p90;21300.0;;0.69459999;0.69459999
;US-KS;1954;p0p99;25347.5;;0.90920001;0.90920001
;US-KS;1954;p99.5p100;353651.5;;0.064099997;0.064099997
;US-KS;1953;p0p100;1736144.6;22566866381.0;1.0;1.0
;US-KS;1953;p99p100;224262.2;;0.0854;0.0854
;US-KS;1953;p99.9p100;637807.5;;0.0243;0.0243
;US-KS;1953;p99.99p100;1987294.9;;0.0076000001;0.0076000001
;US-KS;1953;p90p100;81913.102;;0.31200001;0.31200001
;US-KS;1953;p90p95;55968.199;;0.1066;0.1066
;US-KS;1953;p95p99;79362.602;;0.1209;0.1209
;US-KS;1953;p99.5p99.9;223742.91;;0.0341;0.0341
;US-KS;1953;p99.9p99.99;487945.91;;0.0167;0.0167
;US-KS;1953;p99p99.5;142051.2;;0.027100001;0.027100001
;US-KS;1953;p95p100;108289.2;;0.20630001;0.20630001
;US-KS;1953;p0p90;20039.699;;0.68699998;0.68699998
;US-KS;1953;p0p99;24251.6;;0.91460001;0.91460001
;US-KS;1953;p99.5p100;306513.09;;0.058400001;0.058400001
;US-KS;1952;p0p100;1874387.0;23946862408.0;1.0;1.0
;US-KS;1952;p99p100;251342.7;;0.090000004;0.090000004
;US-KS;1952;p99.9p100;722316.31;;0.025900001;0.025900001
;US-KS;1952;p99.99p100;2264278.3;;0.0081000002;0.0081000002
;US-KS;1952;p90p100;88393.297;;0.31659999;0.31659999
;US-KS;1952;p90p95;64852.898;;0.1161;0.1161
;US-KS;1952;p95p99;78812.203;;0.1129;0.1129
;US-KS;1952;p99.5p99.9;254287.5;;0.036400001;0.036400001
;US-KS;1952;p99.9p99.99;551072.31;;0.0178;0.0178
;US-KS;1952;p99p99.5;154919.8;;0.0277;0.0277
;US-KS;1952;p95p100;113267.9;;0.20290001;0.20290001
;US-KS;1952;p0p90;21121.9;;0.68089998;0.68089998
;US-KS;1952;p0p99;25662.199;;0.91000003;0.91000003
;US-KS;1952;p99.5p100;347813.19;;0.0623;0.0623
;US-KS;1951;p0p100;1736283.0;21180526647.0;1.0;1.0
;US-KS;1951;p99p100;288521.31;;0.1165;0.1165
;US-KS;1951;p99.9p100;876154.69;;0.035399999;0.035399999
;US-KS;1951;p99.99p100;2408500.8;;0.0097000003;0.0097000003
;US-KS;1951;p90p100;87832.297;;0.35460001;0.35460001
;US-KS;1951;p90p95;50927.0;;0.1028;0.1028
;US-KS;1951;p95p99;83002.297;;0.134;0.134
;US-KS;1951;p99.5p99.9;283585.69;;0.0458;0.0458
;US-KS;1951;p99.9p99.99;706196.81;;0.025699999;0.025699999
;US-KS;1951;p99p99.5;171618.3;;0.034600001;0.034600001
;US-KS;1951;p95p100;124568.3;;0.25150001;0.25150001
;US-KS;1951;p0p99;16194.4;;0.6473;0.6473
;US-KS;1951;p99.5p100;403831.31;;0.081500001;0.081500001
;US-KS;1950;p0p100;1956611.3;20436721098.0;1.0;1.0
;US-KS;1950;p99p100;272352.41;;0.1136;0.1136
;US-KS;1950;p99.9p100;800113.31;;0.033399999;0.033399999
;US-KS;1950;p99.99p100;1871205.3;;0.0077999998;0.0077999998
;US-KS;1950;p90p100;83580.602;;0.34869999;0.34869999
;US-KS;1950;p90p95;49482.398;;0.1032;0.1032
;US-KS;1950;p95p99;79050.102;;0.1319;0.1319
;US-KS;1950;p99.5p99.9;278824.59;;0.046500001;0.046500001
;US-KS;1950;p99.9p99.99;695680.31;;0.0261;0.0261
;US-KS;1950;p99p99.5;161894.2;;0.033799998;0.033799998
;US-KS;1950;p95p100;117611.3;;0.24529999;0.24529999
;US-KS;1950;p0p90;17329.6;;0.65069997;0.65069997
;US-KS;1950;p0p99;21461.9;;0.88639998;0.88639998
;US-KS;1950;p99.5p100;382884.5;;0.079899997;0.079899997
;US-KS;1949;p0p100;1790604.8;18205986606.0;1.0;1.0
;US-KS;1949;p99p100;237054.7;;0.1102;0.1102
;US-KS;1949;p99.9p100;652412.81;;0.030300001;0.030300001
;US-KS;1949;p99.99p100;1756271.5;;0.0082;0.0082
;US-KS;1949;p90p100;75982.898;;0.35319999;0.35319999
;US-KS;1949;p90p95;45800.301;;0.1064;0.1064
;US-KS;1949;p95p99;73480.797;;0.1366;0.1366
;US-KS;1949;p99.5p99.9;243959.91;;0.045400001;0.045400001
;US-KS;1949;p99.9p99.99;529782.38;;0.0222;0.0222
;US-KS;1949;p99p99.5;148454.0;;0.034499999;0.034499999
;US-KS;1949;p95p100;106136.4;;0.2467;0.2467
;US-KS;1949;p0p90;15459.2;;0.64670002;0.64670002
;US-KS;1949;p0p99;19335.9;;0.88980001;0.88980001
;US-KS;1949;p99.5p100;325650.81;;0.0757;0.0757
;US-KS;1948;p0p100;1781054.5;18383464477.0;1.0;1.0
;US-KS;1948;p99p100;269867.09;;0.1237;0.1237
;US-KS;1948;p99.9p100;759841.81;;0.0348;0.0348
;US-KS;1948;p99.99p100;2031704.0;;0.0093;0.0093
;US-KS;1948;p90p100;83029.398;;0.38049999;0.38049999
;US-KS;1948;p90p95;45462.301;;0.1042;0.1042
;US-KS;1948;p95p99;83339.398;;0.15279999;0.15279999
;US-KS;1948;p99.5p99.9;277908.69;;0.050900001;0.050900001
;US-KS;1948;p99.9p99.99;618549.0;;0.0255;0.0255
;US-KS;1948;p99p99.5;165448.5;;0.037900001;0.037900001
;US-KS;1948;p95p100;120613.9;;0.2764;0.2764
;US-KS;1948;p0p90;15016.2;;0.61940002;0.61940002
;US-KS;1948;p0p99;19314.5;;0.87629998;0.87629998
;US-KS;1948;p99.5p100;374292.09;;0.0858;0.0858
;US-KS;1947;p0p100;2052934.8;18159228825.0;1.0;1.0
;US-KS;1947;p99p100;250445.91;;0.1157;0.1157
;US-KS;1947;p99.9p100;727703.31;;0.033599999;0.033599999
;US-KS;1947;p99.99p100;2395484.5;;0.0111;0.0111
;US-KS;1947;p90p100;79668.898;;0.36790001;0.36790001
;US-KS;1947;p90p95;45992.898;;0.1062;0.1062
;US-KS;1947;p95p99;79091.703;;0.1461;0.1461
;US-KS;1947;p99.5p99.9;249941.5;;0.0462;0.0462
;US-KS;1947;p99.9p99.99;542398.69;;0.022500001;0.022500001
;US-KS;1947;p99p99.5;155372.2;;0.0359;0.0359
;US-KS;1947;p95p100;113345.8;;0.2617;0.2617
;US-KS;1947;p0p90;15206.8;;0.63200003;0.63200003
;US-KS;1947;p0p99;19342.801;;0.88429999;0.88429999
;US-KS;1947;p99.5p100;345492.31;;0.079800002;0.079800002
;US-KS;1946;p0p100;2465318.3;16561841678.0;1.0;1.0
;US-KS;1946;p99p100;238625.2;;0.12;0.12
;US-KS;1946;p99.9p100;656122.69;;0.033;0.033
;US-KS;1946;p99.99p100;1675336.9;;0.0083999997;0.0083999997
;US-KS;1946;p90p100;76775.297;;0.38609999;0.38609999
;US-KS;1946;p90p95;44749.398;;0.1125;0.1125
;US-KS;1946;p95p99;76362.0;;0.15360001;0.15360001
;US-KS;1946;p99.5p99.9;244740.7;;0.049199998;0.049199998
;US-KS;1946;p99.9p99.99;542913.19;;0.024599999;0.024599999
;US-KS;1946;p99p99.5;150186.3;;0.037799999;0.037799999
;US-KS;1946;p95p100;108802.4;;0.27360001;0.27360001
;US-KS;1946;p0p90;13561.6;;0.61379999;0.61379999
;US-KS;1946;p0p99;17673.9;;0.88;0.88
;US-KS;1946;p99.5p100;327016.09;;0.082199998;0.082199998
;US-KS;1945;p0p100;3104092.5;17734492991.0;1.0;1.0
;US-KS;1945;p99p100;225267.8;;0.106;0.106
;US-KS;1945;p99.9p100;660432.5;;0.031099999;0.031099999
;US-KS;1945;p99.99p100;1786544.9;;0.0083999997;0.0083999997
;US-KS;1945;p90p100;72542.703;;0.34130001;0.34130001
;US-KS;1945;p90p95;44308.199;;0.1042;0.1042
;US-KS;1945;p95p99;69684.5;;0.1312;0.1312
;US-KS;1945;p99.5p99.9;228549.3;;0.043000001;0.043000001
;US-KS;1945;p99.9p99.99;536990.63;;0.022700001;0.022700001
;US-KS;1945;p99p99.5;135586.0;;0.0319;0.0319
;US-KS;1945;p95p100;100779.9;;0.23710001;0.23710001
;US-KS;1945;p0p90;15551.2;;0.65850002;0.65850002
;US-KS;1945;p0p99;19192.199;;0.89399999;0.89399999
;US-KS;1945;p99.5p100;314902.91;;0.074100003;0.074100003
;US-KS;1944;p0p100;3441967.0;18817447795.0;1.0;1.0
;US-KS;1944;p99p100;212756.8;;0.094400004;0.094400004
;US-KS;1944;p99.9p100;641701.38;;0.0285;0.0285
;US-KS;1944;p99.99p100;1832892.3;;0.0081000002;0.0081000002
;US-KS;1944;p90p100;71038.0;;0.31529999;0.31529999
;US-KS;1944;p90p95;47244.699;;0.1049;0.1049
;US-KS;1944;p95p99;67165.297;;0.1193;0.1193
;US-KS;1944;p99.5p99.9;211362.41;;0.037500001;0.037500001
;US-KS;1944;p99.9p99.99;509590.91;;0.020400001;0.020400001
;US-KS;1944;p99p99.5;128276.4;;0.0285;0.0285
;US-KS;1944;p95p100;95955.602;;0.213;0.213
;US-KS;1944;p0p90;17056.699;;0.6814;0.6814
;US-KS;1944;p0p99;20607.1;;0.90560001;0.90560001
;US-KS;1944;p99.5p100;297464.5;;0.066;0.066
;US-KS;1943;p0p100;3536902.0;18676623960.0;1.0;1.0
;US-KS;1943;p99p100;235407.5;;0.1053;0.1053
;US-KS;1943;p99.9p100;754672.13;;0.0337;0.0337
;US-KS;1943;p99.99p100;2110905.5;;0.0093999999;0.0093999999
;US-KS;1943;p90p100;72794.703;;0.32550001;0.32550001
;US-KS;1943;p90p95;44495.898;;0.0995;0.0995
;US-KS;1943;p95p99;67462.0;;0.1207;0.1207
;US-KS;1943;p99.5p99.9;232311.5;;0.041499998;0.041499998
;US-KS;1943;p99.9p99.99;604970.31;;0.0243;0.0243
;US-KS;1943;p99p99.5;133987.5;;0.029999999;0.029999999
;US-KS;1943;p95p100;101079.0;;0.226;0.226
;US-KS;1943;p0p90;16764.5;;0.67460001;0.67460001
;US-KS;1943;p0p99;20214.1;;0.89469999;0.89469999
;US-KS;1943;p99.5p100;336801.09;;0.075300001;0.075300001
;US-KS;1942;p0p100;3255602.0;15223267827.0;1.0;1.0
;US-KS;1942;p99p100;217788.3;;0.1192;0.1192
;US-KS;1942;p99.9p100;710537.38;;0.038899999;0.038899999
;US-KS;1942;p99.99p100;2306922.8;;0.0126;0.0126
;US-KS;1942;p90p100;65535.398;;0.35870001;0.35870001
;US-KS;1942;p90p95;39461.0;;0.108;0.108
;US-KS;1942;p95p99;60025.301;;0.1314;0.1314
;US-KS;1942;p99.5p99.9;214374.0;;0.0469;0.0469
;US-KS;1942;p99.9p99.99;533191.19;;0.0263;0.0263
;US-KS;1942;p99p99.5;121891.8;;0.033399999;0.033399999
;US-KS;1942;p95p100;91607.398;;0.2507;0.2507
;US-KS;1942;p0p90;13022.3;;0.64139998;0.64139998
;US-KS;1942;p0p99;16256.3;;0.88080001;0.88080001
;US-KS;1942;p99.5p100;313641.69;;0.0858;0.0858
;US-KS;1941;p0p100;2766232.0;10569031592.0;1.0;1.0
;US-KS;1941;p99p100;181310.0;;0.14300001;0.14300001
;US-KS;1941;p99.9p100;577561.5;;0.045600001;0.045600001
;US-KS;1941;p99.99p100;1794405.3;;0.0142;0.0142
;US-KS;1941;p90p100;56560.699;;0.4461;0.4461
;US-KS;1941;p90p95;35367.301;;0.13950001;0.13950001
;US-KS;1941;p95p99;51911.301;;0.1638;0.1638
;US-KS;1941;p99.5p99.9;180713.41;;0.057;0.057
;US-KS;1941;p99.9p99.99;442044.0;;0.031399999;0.031399999
;US-KS;1941;p99p99.5;102318.4;;0.040399998;0.040399998
;US-KS;1941;p95p100;77849.203;;0.30700001;0.30700001
;US-KS;1941;p0p90;7802.2998;;0.5539;0.5539
;US-KS;1941;p0p99;10975.3;;0.85699999;0.85699999
;US-KS;1941;p99.5p100;260199.0;;0.1026;0.1026
;US-KS;1940;p0p100;2495101.8;8660412924.0;1.0;1.0
;US-KS;1940;p99p100;140354.5;;0.1353;0.1353
;US-KS;1940;p99.9p100;427966.59;;0.041299999;0.041299999
;US-KS;1940;p99.99p100;1147773.3;;0.0111;0.0111
;US-KS;1940;p90p100;47518.398;;0.45809999;0.45809999
;US-KS;1940;p90p95;30495.199;;0.147;0.147
;US-KS;1940;p95p99;45475.0;;0.1754;0.1754
;US-KS;1940;p99.5p99.9;141096.59;;0.054400001;0.054400001
;US-KS;1940;p99.9p99.99;347441.31;;0.030099999;0.030099999
;US-KS;1940;p99p99.5;82002.797;;0.039500002;0.039500002
;US-KS;1940;p95p100;64514.0;;0.31099999;0.31099999
;US-KS;1940;p0p90;6252.2998;;0.54250002;0.54250002
;US-KS;1940;p0p99;9059.7998;;0.86470002;0.86470002
;US-KS;1940;p99.5p100;198584.41;;0.095700003;0.095700003
;US-KS;1939;p0p100;2373508.3;8035274145.0;1.0;1.0
;US-KS;1939;p99p100;131409.3;;0.1358;0.1358
;US-KS;1939;p99.9p100;380163.69;;0.039299998;0.039299998
;US-KS;1939;p99.99p100;1004328.9;;0.0104;0.0104
;US-KS;1939;p90p100;39391.699;;0.40689999;0.40689999
;US-KS;1939;p90p95;18036.699;;0.093199998;0.093199998
;US-KS;1939;p95p99;42379.801;;0.1751;0.1751
;US-KS;1939;p99.5p99.9;130881.0;;0.054099999;0.054099999
;US-KS;1939;p99.9p99.99;310584.91;;0.028899999;0.028899999
;US-KS;1939;p99p99.5;81843.703;;0.042300001;0.042300001
;US-KS;1939;p95p100;60237.301;;0.31110001;0.31110001
;US-KS;1939;p0p90;6411.6001;;0.59609997;0.59609997
;US-KS;1939;p0p99;8450.5996;;0.8642;0.8642
;US-KS;1939;p99.5p100;180836.59;;0.093400002;0.093400002
;US-KS;1938;p0p100;2335654.3;8100956945.0;1.0;1.0
;US-KS;1938;p99p100;124890.5;;0.1274;0.1274
;US-KS;1938;p99.9p100;386540.81;;0.0394;0.0394
;US-KS;1938;p99.99p100;1151618.3;;0.0117;0.0117
;US-KS;1938;p90p100;36909.199;;0.37650001;0.37650001
;US-KS;1938;p90p95;18888.199;;0.096299998;0.096299998
;US-KS;1938;p95p99;36636.898;;0.1495;0.1495
;US-KS;1938;p99.5p99.9;123693.6;;0.050500002;0.050500002
;US-KS;1938;p99.9p99.99;300530.41;;0.0276;0.0276
;US-KS;1938;p99p99.5;73156.297;;0.037300002;0.037300002
;US-KS;1938;p95p100;54322.102;;0.2771;0.2771
;US-KS;1938;p0p90;6829.3999;;0.62699997;0.62699997
;US-KS;1938;p0p99;8640.0996;;0.87260002;0.87260002
;US-KS;1938;p99.5p100;176473.3;;0.090000004;0.090000004
;US-KS;1937;p0p100;2485751.5;8915592078.0;1.0;1.0
;US-KS;1937;p99p100;143472.7;;0.13249999;0.13249999
;US-KS;1937;p99.9p100;452330.91;;0.0418;0.0418
;US-KS;1937;p99.99p100;1177993.5;;0.0109;0.0109
;US-KS;1937;p90p100;39591.0;;0.3655;0.3655
;US-KS;1937;p90p95;18108.699;;0.0836;0.0836
;US-KS;1937;p95p99;39567.898;;0.1461;0.1461
;US-KS;1937;p99.5p99.9;143324.59;;0.052900001;0.052900001
;US-KS;1937;p99.9p99.99;371739.09;;0.0309;0.0309
;US-KS;1937;p99p99.5;81824.0;;0.037799999;0.037799999
;US-KS;1937;p95p100;60341.199;;0.27849999;0.27849999
;US-KS;1937;p0p90;7676.5;;0.63779998;0.63779998
;US-KS;1937;p0p99;9492.0;;0.86750001;0.86750001
;US-KS;1937;p99.5p100;205125.09;;0.094700001;0.094700001
;US-KS;1936;p0p100;2502166.0;8340400677.0;1.0;1.0
;US-KS;1936;p99p100;150736.8;;0.14839999;0.14839999
;US-KS;1936;p99.9p100;471428.0;;0.046399999;0.046399999
;US-KS;1936;p99.99p100;1179316.3;;0.0116;0.0116
;US-KS;1936;p90p100;40971.5;;0.4034;0.4034
;US-KS;1936;p90p95;19483.199;;0.095899999;0.095899999
;US-KS;1936;p95p99;39774.301;;0.1567;0.1567
;US-KS;1936;p99.5p99.9;151093.59;;0.059500001;0.059500001
;US-KS;1936;p99.9p99.99;392806.81;;0.0348;0.0348
;US-KS;1936;p99p99.5;86324.0;;0.0425;0.0425
;US-KS;1936;p95p100;61978.801;;0.30509999;0.30509999
;US-KS;1936;p0p90;6759.2998;;0.59899998;0.59899998
;US-KS;1936;p0p99;8735.9004;;0.85159999;0.85159999
;US-KS;1936;p99.5p100;215157.91;;0.1059;0.1059
;US-KS;1935;p0p100;2443393.5;7968281055.0;1.0;1.0
;US-KS;1935;p99p100;123150.6;;0.1266;0.1266
;US-KS;1935;p99.9p100;355024.41;;0.036499999;0.036499999
;US-KS;1935;p99.99p100;862321.81;;0.0088999998;0.0088999998
;US-KS;1935;p90p100;35314.801;;0.36309999;0.36309999
;US-KS;1935;p90p95;19398.199;;0.099699996;0.099699996
;US-KS;1935;p95p99;33329.801;;0.1371;0.1371
;US-KS;1935;p99.5p99.9;124635.9;;0.0513;0.0513
;US-KS;1935;p99.9p99.99;298686.0;;0.0276;0.0276
;US-KS;1935;p99p99.5;75608.203;;0.038899999;0.038899999
;US-KS;1935;p95p100;51237.898;;0.26339999;0.26339999
;US-KS;1935;p0p90;6880.3999;;0.63660002;0.63660002
;US-KS;1935;p0p99;8581.4004;;0.87339997;0.87339997
;US-KS;1935;p99.5p100;170705.59;;0.087700002;0.087700002
;US-KS;1934;p0p100;2071441.8;6410741701.0;1.0;1.0
;US-KS;1934;p99p100;109875.4;;0.14;0.14
;US-KS;1934;p99.9p100;317554.19;;0.0405;0.0405
;US-KS;1934;p99.99p100;774598.0;;0.0098999999;0.0098999999
;US-KS;1934;p90p100;32350.5;;0.41209999;0.41209999
;US-KS;1934;p90p95;18558.1;;0.1182;0.1182
;US-KS;1934;p95p99;30975.5;;0.1578;0.1578
;US-KS;1934;p99.5p99.9;112523.7;;0.057300001;0.057300001
;US-KS;1934;p99.9p99.99;266799.5;;0.0306;0.0306
;US-KS;1934;p99p99.5;66214.703;;0.042199999;0.042199999
;US-KS;1934;p95p100;46670.102;;0.29730001;0.29730001
;US-KS;1934;p0p90;5093.7002;;0.58399999;0.58399999
;US-KS;1934;p0p99;6819.3999;;0.86000001;0.86000001
;US-KS;1934;p99.5p100;153521.09;;0.097800002;0.097800002
;US-KS;1933;p0p100;2020026.0;5838521871.0;1.0;1.0
;US-KS;1933;p99p100;92996.602;;0.12980001;0.12980001
;US-KS;1933;p99.9p100;260746.09;;0.036400001;0.036400001
;US-KS;1933;p99.99p100;676428.19;;0.0093999999;0.0093999999
;US-KS;1933;p90p100;28342.801;;0.3955;0.3955
;US-KS;1933;p90p95;18289.6;;0.1276;0.1276
;US-KS;1933;p95p99;26240.0;;0.14650001;0.14650001
;US-KS;1933;p99.5p99.9;92113.5;;0.051399998;0.051399998
;US-KS;1933;p99.9p99.99;214559.3;;0.026900001;0.026900001
;US-KS;1933;p99p99.5;60153.199;;0.041999999;0.041999999
;US-KS;1933;p95p100;39507.5;;0.27559999;0.27559999
;US-KS;1933;p0p90;4747.5;;0.59619999;0.59619999
;US-KS;1933;p0p99;6299.8999;;0.87019998;0.87019998
;US-KS;1933;p99.5p100;125840.0;;0.087800004;0.087800004
;US-KS;1932;p0p100;1857185.0;5952715818.0;1.0;1.0
;US-KS;1932;p99p100;95363.5;;0.1302;0.1302
;US-KS;1932;p99.9p100;290693.09;;0.039700001;0.039700001
;US-KS;1932;p99.99p100;1007692.5;;0.0138;0.0138
;US-KS;1932;p90p100;28983.801;;0.39590001;0.39590001
;US-KS;1932;p90p95;18806.199;;0.1284;0.1284
;US-KS;1932;p95p99;26010.1;;0.14210001;0.14210001
;US-KS;1932;p99.5p99.9;90263.898;;0.0493;0.0493
;US-KS;1932;p99.9p99.99;211026.5;;0.025900001;0.025900001
;US-KS;1932;p99p99.5;60377.199;;0.041200001;0.041200001
;US-KS;1932;p95p100;39888.199;;0.27239999;0.27239999
;US-KS;1932;p0p90;4874.7998;;0.59920001;0.59920001
;US-KS;1932;p0p99;6432.2998;;0.86979997;0.86979997
;US-KS;1932;p99.5p100;130349.7;;0.089000002;0.089000002
;US-KS;1931;p0p100;1971171.9;7833919114.0;1.0;1.0
;US-KS;1931;p99p100;112636.9;;0.1166;0.1166
;US-KS;1931;p99.9p100;345161.41;;0.035700001;0.035700001
;US-KS;1931;p99.99p100;1107361.4;;0.0115;0.0115
;US-KS;1931;p90p100;32007.199;;0.33140001;0.33140001
;US-KS;1931;p90p95;21063.199;;0.109;0.109
;US-KS;1931;p95p99;26834.6;;0.1111;0.1111
;US-KS;1931;p99.5p99.9;109951.1;;0.045499999;0.045499999
;US-KS;1931;p99.9p99.99;260472.5;;0.0243;0.0243
;US-KS;1931;p99p99.5;68280.602;;0.035300002;0.035300002
;US-KS;1931;p95p100;44078.102;;0.2282;0.2282
;US-KS;1931;p0p90;7118.6001;;0.66320002;0.66320002
;US-KS;1931;p0p99;8619.5;;0.88340002;0.88340002
;US-KS;1931;p99.5p100;156993.09;;0.081299998;0.081299998
;US-KS;1930;p0p100;1799660.3;8566268291.0;1.0;1.0
;US-KS;1930;p99p100;130688.6;;0.1233;0.1233
;US-KS;1930;p99.9p100;397604.19;;0.037500001;0.037500001
;US-KS;1930;p99.99p100;1108789.8;;0.0105;0.0105
;US-KS;1930;p90p100;34535.0;;0.32570001;0.32570001
;US-KS;1930;p90p95;17950.699;;0.084600002;0.084600002
;US-KS;1930;p95p99;30931.1;;0.1167;0.1167
;US-KS;1930;p99.5p99.9;130976.1;;0.049400002;0.049400002
;US-KS;1930;p99.9p99.99;318583.5;;0.027000001;0.027000001
;US-KS;1930;p99p99.5;77075.398;;0.0363;0.0363
;US-KS;1930;p95p100;50795.102;;0.2395;0.2395
;US-KS;1930;p0p90;7957.2998;;0.67540002;0.67540002
;US-KS;1930;p0p99;9390.2002;;0.87669998;0.87669998
;US-KS;1930;p99.5p100;184301.7;;0.086900003;0.086900003
;US-KS;1929;p0p100;1969361.8;9832969239.0;1.0;1.0
;US-KS;1929;p99p100;169971.59;;0.1392;0.1392
;US-KS;1929;p99.9p100;538270.63;;0.044100001;0.044100001
;US-KS;1929;p99.99p100;1724413.1;;0.0141;0.0141
;US-KS;1929;p90p100;41408.0;;0.33899999;0.33899999
;US-KS;1929;p90p95;16628.6;;0.068099998;0.068099998
;US-KS;1929;p95p99;39663.199;;0.12989999;0.12989999
;US-KS;1929;p99.5p99.9;167578.7;;0.054900002;0.054900002
;US-KS;1929;p99.9p99.99;406477.19;;0.029999999;0.029999999
;US-KS;1929;p99p99.5;98226.203;;0.040199999;0.040199999
;US-KS;1929;p95p100;65525.0;;0.26820001;0.26820001
;US-KS;1929;p0p90;8996.2002;;0.66289997;0.66289997
;US-KS;1929;p0p99;10620.7;;0.86080003;0.86080003
;US-KS;1929;p99.5p100;241717.0;;0.098899998;0.098899998
;US-KS;1928;p0p100;1942007.8;9664110881.0;1.0;1.0
;US-KS;1928;p99p100;161551.3;;0.13410001;0.13410001
;US-KS;1928;p99.9p100;541413.81;;0.045000002;0.045000002
;US-KS;1928;p99.99p100;1754019.0;;0.0146;0.0146
;US-KS;1928;p90p100;38012.0;;0.31560001;0.31560001
;US-KS;1928;p90p95;14901.2;;0.061900001;0.061900001
;US-KS;1928;p95p99;35350.801;;0.1174;0.1174
;US-KS;1928;p99.5p99.9;156558.59;;0.052000001;0.052000001
;US-KS;1928;p99.9p99.99;406679.91;;0.030400001;0.030400001
;US-KS;1928;p99p99.5;89573.0;;0.0372;0.0372
;US-KS;1928;p95p100;60420.5;;0.25080001;0.25080001
;US-KS;1928;p0p90;9188.9004;;0.68660003;0.68660003
;US-KS;1928;p0p99;10534.4;;0.86589998;0.86589998
;US-KS;1928;p99.5p100;233529.7;;0.096900001;0.096900001
;US-KS;1927;p0p100;1830290.8;9308359703.0;1.0;1.0
;US-KS;1927;p99p100;146286.59;;0.12540001;0.12540001
;US-KS;1927;p99.9p100;472439.81;;0.0405;0.0405
;US-KS;1927;p99.99p100;1318326.3;;0.0113;0.0113
;US-KS;1927;p90p100;36992.898;;0.31720001;0.31720001
;US-KS;1927;p90p95;15582.4;;0.066799998;0.066799998
;US-KS;1927;p95p99;35692.602;;0.1224;0.1224
;US-KS;1927;p99.5p99.9;145374.09;;0.049899999;0.049899999
;US-KS;1927;p99.9p99.99;378452.41;;0.029200001;0.029200001
;US-KS;1927;p99p99.5;81786.0;;0.035100002;0.035100002
;US-KS;1927;p95p100;57644.398;;0.2471;0.2471
;US-KS;1927;p0p90;8882.0996;;0.68540001;0.68540001
;US-KS;1927;p0p99;10303.8;;0.87459999;0.87459999
;US-KS;1927;p99.5p100;210787.2;;0.090400003;0.090400003
;US-KS;1926;p0p100;1759624.6;9231439912.0;1.0;1.0
;US-KS;1926;p99p100;149890.41;;0.1287;0.1287
;US-KS;1926;p99.9p100;497866.59;;0.0427;0.0427
;US-KS;1926;p99.99p100;1482405.9;;0.0127;0.0127
;US-KS;1926;p90p100;35878.801;;0.308;0.308
;US-KS;1926;p90p95;13820.4;;0.059300002;0.059300002
;US-KS;1926;p95p99;33261.398;;0.1142;0.1142
;US-KS;1926;p99.5p99.9;146084.5;;0.0502;0.0502
;US-KS;1926;p99.9p99.99;388473.41;;0.029999999;0.029999999
;US-KS;1926;p99p99.5;83339.797;;0.035799999;0.035799999
;US-KS;1926;p95p100;56509.398;;0.24259999;0.24259999
;US-KS;1926;p0p90;9031.5;;0.69779998;0.69779998
;US-KS;1926;p0p99;10252.3;;0.87129998;0.87129998
;US-KS;1926;p99.5p100;216440.91;;0.092900001;0.092900001
;US-KS;1925;p0p100;1811540.3;9262930080.0;1.0;1.0
;US-KS;1925;p99p100;129618.7;;0.1102;0.1102
;US-KS;1925;p99.9p100;462879.41;;0.039299998;0.039299998
;US-KS;1925;p99.99p100;1517766.3;;0.0129;0.0129
;US-KS;1925;p90p100;33703.0;;0.28639999;0.28639999
;US-KS;1925;p90p95;14475.9;;0.061500002;0.061500002
;US-KS;1925;p95p99;32962.0;;0.112;0.112
;US-KS;1925;p99.5p99.9;123416.9;;0.041999999;0.041999999
;US-KS;1925;p99.9p99.99;345669.81;;0.0264;0.0264
;US-KS;1925;p99p99.5;67928.0;;0.028899999;0.028899999
;US-KS;1925;p95p100;52160.898;;0.2216;0.2216
;US-KS;1925;p0p90;9365.2998;;0.71630001;0.71630001
;US-KS;1925;p0p99;10576.8;;0.88980001;0.88980001
;US-KS;1925;p99.5p100;191309.41;;0.081299998;0.081299998
;US-KS;1924;p0p100;1845745.0;8901751917.0;1.0;1.0
;US-KS;1924;p99p100;114218.5;;0.1002;0.1002
;US-KS;1924;p99.9p100;356203.19;;0.031199999;0.031199999
;US-KS;1924;p99.99p100;924838.63;;0.0081000002;0.0081000002
;US-KS;1924;p90p100;36138.199;;0.31690001;0.31690001
;US-KS;1924;p90p95;20600.199;;0.090300001;0.090300001
;US-KS;1924;p95p99;36103.102;;0.1266;0.1266
;US-KS;1924;p99.5p99.9;113876.4;;0.039900001;0.039900001
;US-KS;1924;p99.9p99.99;293021.5;;0.0231;0.0231
;US-KS;1924;p99p99.5;66095.398;;0.028999999;0.028999999
;US-KS;1924;p95p100;51726.199;;0.22679999;0.22679999
;US-KS;1924;p0p90;8651.7998;;0.68290001;0.68290001
;US-KS;1924;p0p99;10364.4;;0.8998;0.8998
;US-KS;1924;p99.5p100;162341.7;;0.071199998;0.071199998
;US-KS;1923;p0p100;1884574.6;8940205346.0;1.0;1.0
;US-KS;1923;p99p100;101784.2;;0.087800004;0.087800004
;US-KS;1923;p99.9p100;306823.09;;0.0265;0.0265
;US-KS;1923;p99.99p100;809811.81;;0.0070000002;0.0070000002
;US-KS;1923;p90p100;37697.0;;0.32499999;0.32499999
;US-KS;1923;p90p95;23934.0;;0.1032;0.1032
;US-KS;1923;p95p99;39028.898;;0.1346;0.1346
;US-KS;1923;p99.5p99.9;97103.0;;0.033500001;0.033500001
;US-KS;1923;p99.9p99.99;250936.7;;0.0195;0.0195
;US-KS;1923;p99p99.5;64521.699;;0.027799999;0.027799999
;US-KS;1923;p95p100;51579.898;;0.22239999;0.22239999
;US-KS;1923;p0p90;8690.7998;;0.67439997;0.67439997
;US-KS;1923;p0p99;10686.5;;0.91219997;0.91219997
;US-KS;1923;p99.5p100;139046.91;;0.059900001;0.059900001
;US-KS;1922;p0p100;1797057.5;8140079114.0;1.0;1.0
;US-KS;1922;p99p100;115319.8;;0.1081;0.1081
;US-KS;1922;p99.9p100;340218.0;;0.0319;0.0319
;US-KS;1922;p99.99p100;847623.5;;0.0078999996;0.0078999996
;US-KS;1922;p90p100;38954.801;;0.36500001;0.36500001
;US-KS;1922;p90p95;23267.1;;0.109;0.109
;US-KS;1922;p95p99;39633.102;;0.1485;0.1485
;US-KS;1922;p99.5p99.9;115043.9;;0.043099999;0.043099999
;US-KS;1922;p99.9p99.99;283839.59;;0.0239;0.0239
;US-KS;1922;p99p99.5;70560.898;;0.033100002;0.033100002
;US-KS;1922;p95p100;54770.5;;0.25659999;0.25659999
;US-KS;1922;p0p90;7523.2002;;0.63440001;0.63440001
;US-KS;1922;p0p99;9615.7002;;0.8919;0.8919
;US-KS;1922;p99.5p100;160078.7;;0.075000003;0.075000003
;US-KS;1921;p0p100;1387918.3;7113767505.0;1.0;1.0
;US-KS;1921;p99p100;104329.2;;0.111;0.111
;US-KS;1921;p99.9p100;283405.19;;0.030200001;0.030200001
;US-KS;1921;p99.99p100;636754.81;;0.0068000001;0.0068000001
;US-KS;1921;p90p100;37105.0;;0.39489999;0.39489999
;US-KS;1921;p90p95;23129.199;;0.1231;0.1231
;US-KS;1921;p95p99;37903.102;;0.1613;0.1613
;US-KS;1921;p99.5p99.9;105881.5;;0.0451;0.0451
;US-KS;1921;p99.9p99.99;244144.2;;0.023399999;0.023399999
;US-KS;1921;p99p99.5;67272.102;;0.035799999;0.035799999
;US-KS;1921;p95p100;51188.301;;0.27239999;0.27239999
;US-KS;1921;p0p90;6312.6001;;0.60460001;0.60460001
;US-KS;1921;p0p99;8438.2998;;0.889;0.889
;US-KS;1921;p99.5p100;141386.2;;0.075199999;0.075199999
;US-KS;1920;p0p100;1327565.8;8415569104.0;1.0;1.0
;US-KS;1920;p99p100;129028.5;;0.1146;0.1146
;US-KS;1920;p99.9p100;383019.5;;0.034000002;0.034000002
;US-KS;1920;p99.99p100;910593.63;;0.0081000002;0.0081000002
;US-KS;1920;p90p100;42659.199;;0.37869999;0.37869999
;US-KS;1920;p90p95;25928.801;;0.1151;0.1151
;US-KS;1920;p95p99;42147.5;;0.1497;0.1497
;US-KS;1920;p99.5p99.9;129730.5;;0.046100002;0.046100002
;US-KS;1920;p99.9p99.99;324400.09;;0.025900001;0.025900001
;US-KS;1920;p99p99.5;77668.602;;0.034499999;0.034499999
;US-KS;1920;p95p100;59523.699;;0.2642;0.2642
;US-KS;1920;p0p90;7767.3999;;0.6207;0.6207
;US-KS;1920;p0p99;10073.7;;0.8854;0.8854
;US-KS;1920;p99.5p100;180388.3;;0.0801;0.0801
;US-KS;1919;p0p100;2137744.0;9984903595.0;1.0;1.0
;US-KS;1919;p99p100;145198.41;;0.1074;0.1074
;US-KS;1919;p99.9p100;457180.5;;0.033799998;0.033799998
;US-KS;1919;p99.99p100;1389823.8;;0.0103;0.0103
;US-KS;1919;p90p100;48232.699;;0.35679999;0.35679999
;US-KS;1919;p90p95;28074.301;;0.1038;0.1038
;US-KS;1919;p95p99;49562.602;;0.14669999;0.14669999
;US-KS;1919;p99.5p99.9;139994.0;;0.0414;0.0414
;US-KS;1919;p99.9p99.99;353830.09;;0.023600001;0.023600001
;US-KS;1919;p99p99.5;86688.898;;0.032099999;0.032099999
;US-KS;1919;p95p100;68689.797;;0.25409999;0.25409999
;US-KS;1919;p0p90;9645.7998;;0.64219999;0.64219999
;US-KS;1919;p0p99;12188.2;;0.8926;0.8926
;US-KS;1919;p99.5p100;203708.0;;0.075300001;0.075300001
;US-KS;1918;p0p100;2816125.8;9914407095.0;1.0;1.0
;US-KS;1918;p99p100;144073.3;;0.1067;0.1067
;US-KS;1918;p99.9p100;414046.31;;0.0307;0.0307
;US-KS;1918;p99.99p100;1073076.1;;0.0078999996;0.0078999996
;US-KS;1918;p90p100;48647.301;;0.36039999;0.36039999
;US-KS;1918;p90p95;26955.9;;0.099799998;0.099799998
;US-KS;1918;p95p99;52109.898;;0.15440001;0.15440001
;US-KS;1918;p99.5p99.9;142276.09;;0.042199999;0.042199999
;US-KS;1918;p99.9p99.99;340828.41;;0.022700001;0.022700001
;US-KS;1918;p99p99.5;91518.703;;0.0339;0.0339
;US-KS;1918;p95p100;70502.398;;0.26109999;0.26109999
;US-KS;1918;p0p90;9584.9004;;0.639;0.639
;US-KS;1918;p0p99;12180.4;;0.8933;0.8933
;US-KS;1918;p99.5p100;196628.8;;0.072800003;0.072800003
;US-KS;1917;p0p100;4100394.5;10543159284.0;1.0;1.0
;US-KS;1917;p99p100;174775.7;;0.1227;0.1227
;US-KS;1917;p99.9p100;646562.19;;0.045400001;0.045400001
;US-KS;1917;p99.99p100;1964539.3;;0.0138;0.0138
;US-KS;1917;p90p100;53475.5;;0.37529999;0.37529999
;US-KS;1917;p90p95;32146.4;;0.1128;0.1128
