Variable Name;.;.;.;Fiscal income  | tax unit | Average | Adults | constant 2015 local currency;Fiscal income  | tax unit | Total | Adults | constant 2015 local currency;Fiscal income  | tax unit | Share | Adults | share of total (ratio);Pre-tax national income  | tax unit | Share | Adults | share of total (ratio)
Variable Category;.;.;.;Income inequality;Income inequality;Income inequality;Income inequality
Variable Description;.;.;.;Average Fiscal income within a given percentile group. Fiscal income is defined as the sum of all income items reported on income tax returns, before any deduction. It includes labour income, capital income and mixed income. The concept of fiscal income varies with national tax legislations, so in order to make international comparisons it is preferable to use the concept of national income. The population is comprised of individuals over age 20. The base unit is the tax unit defined by national fiscal administrations to measure personal income taxes.;Total Fiscal income  within a given percentile group. Fiscal income is defined as the sum of all income items reported on income tax returns, before any deduction. It includes labour income, capital income and mixed income. The concept of fiscal income varies with national tax legislations, so in order to make international comparisons it is preferable to use the concept of national income. The population is comprised of individuals over age 20.;Fiscal income share held by a given percentile group. Fiscal income is defined as the sum of all income items reported on income tax returns, before any deduction. It includes labour income, capital income and mixed income. The concept of fiscal income varies with national tax legislations, so in order to make international comparisons it is preferable to use the concept of national income. The population is comprised of individuals over age 20. The base unit is the tax unit defined by national fiscal administrations to measure personal income taxes.;Pre-tax national income share held by a given percentile group. Pre-tax national income  is the sum of all pre-tax personal income flows accruing to the owners of the production factors, labor and capital, before taking into account the operation of the tax/transfer system, but after taking into account the operation of pension system. The central difference between personal factor income and pre-tax income is the treatment of pensions, which are counted on a contribution basis by factor income and on a distribution basis by pre-tax income. The population is comprised of individuals over age 20. The base unit is the tax unit defined by national fiscal administrations to measure personal income taxes.
Variable Decomposition;.;.;.;[Fiscal income ]=[Fiscal labour income ]+[Fiscal capital income ];[Fiscal income ]=[Fiscal labour income ]+[Fiscal capital income ];[Fiscal income ]=[Fiscal labour income ]+[Fiscal capital income ];Pre-tax national income =Pre-tax labor income [total pre-tax income ranking]+Pre-tax capital income [total pre-tax income ranking]
Variable Unit;.;.;.;"USD; United States dollar | local currency | market";"USD; United States dollar | local currency | market";share;share
Methodological Notes;.;.;.;;;;Assuming the same distribution as fiscal income.
Sources;.;.;.;Frank, Sommeiller, Price & Saez (2015);Frank, Sommeiller, Price & Saez (2015);Frank, Sommeiller, Price & Saez (2015);WID.world computations using: Frank, Sommeiller, Price & Saez (2015)
Variable Code;country;year;perc;afiinc992t;mfiinc992t;sfiinc992t;sptinc992t
;US-NJ;2015;p0p100;84519.203;3.93328510691e+11;1.0;1.0
;US-NJ;2015;p99p100;1749581.0;;0.207;0.207
;US-NJ;2015;p99.9p100;7623800.0;;0.0902;0.0902
;US-NJ;2015;p99.99p100;31106396.0;;0.036800001;0.036800001
;US-NJ;2015;p90p100;423518.0;;0.5011;0.5011
;US-NJ;2015;p90p95;204919.09;;0.1212;0.1212
;US-NJ;2015;p95p99;364694.69;;0.1726;0.1726
;US-NJ;2015;p99.5p99.9;1506287.3;;0.0713;0.0713
;US-NJ;2015;p99.9p99.99;5080352.0;;0.054099999;0.054099999
;US-NJ;2015;p99p99.5;767185.69;;0.045400001;0.045400001
;US-NJ;2015;p95p100;641967.69;;0.37979999;0.37979999
;US-NJ;2015;p0p90;46823.801;;0.49860001;0.49860001
;US-NJ;2015;p0p99;67700.398;;0.79299998;0.79299998
;US-NJ;2015;p99.5p100;2730028.5;;0.16150001;0.16150001
;US-NJ;2014;p0p100;80674.5;3.74546534724e+11;1.0;1.0
;US-NJ;2014;p99p100;1642611.3;;0.2041;0.2041
;US-NJ;2014;p99.9p100;7192883.5;;0.089400001;0.089400001
;US-NJ;2014;p99.99p100;30669634.0;;0.0381;0.0381
;US-NJ;2014;p90p100;400713.31;;0.49790001;0.49790001
;US-NJ;2014;p90p95;195583.41;;0.1215;0.1215
;US-NJ;2014;p95p99;346672.09;;0.1723;0.1723
;US-NJ;2014;p99.5p99.9;1402486.4;;0.069700003;0.069700003
;US-NJ;2014;p99.9p99.99;4615191.0;;0.051600002;0.051600002
;US-NJ;2014;p99p99.5;726130.38;;0.0451;0.0451
;US-NJ;2014;p95p100;605809.13;;0.37639999;0.37639999
;US-NJ;2014;p0p90;44862.199;;0.50169998;0.50169998
;US-NJ;2014;p0p99;64704.199;;0.79589999;0.79589999
;US-NJ;2014;p99.5p100;2559019.5;;0.15899999;0.15899999
;US-NJ;2013;p0p100;79870.398;3.59067851116e+11;1.0;1.0
;US-NJ;2013;p99p100;1528330.1;;0.1981;0.1981
;US-NJ;2013;p99.9p100;6621671.5;;0.0858;0.0858
;US-NJ;2013;p99.99p100;28555916.0;;0.037;0.037
;US-NJ;2013;p90p100;380058.19;;0.49259999;0.49259999
;US-NJ;2013;p90p95;188229.2;;0.122;0.122
;US-NJ;2013;p95p99;332799.41;;0.1725;0.1725
;US-NJ;2013;p99.5p99.9;1294638.8;;0.067100003;0.067100003
;US-NJ;2013;p99.9p99.99;4192493.0;;0.048900001;0.048900001
;US-NJ;2013;p99p99.5;696849.13;;0.045200001;0.045200001
;US-NJ;2013;p95p100;571937.81;;0.37059999;0.37059999
;US-NJ;2013;p0p90;43491.602;;0.50730002;0.50730002
;US-NJ;2013;p0p99;62499.199;;0.80190003;0.80190003
;US-NJ;2013;p99.5p100;2360211.8;;0.1529;0.1529
;US-NJ;2012;p0p100;84715.102;3.65843988976e+11;1.0;1.0
;US-NJ;2012;p99p100;1692977.4;;0.213;0.213
;US-NJ;2012;p99.9p100;7679768.0;;0.096600004;0.096600004
;US-NJ;2012;p99.99p100;33547650.0;;0.042199999;0.042199999
;US-NJ;2012;p90p100;396726.5;;0.4991;0.4991
;US-NJ;2012;p90p95;185215.5;;0.1165;0.1165
;US-NJ;2012;p95p99;337132.41;;0.1696;0.1696
;US-NJ;2012;p99.5p99.9;1408685.8;;0.070900001;0.070900001
;US-NJ;2012;p99.9p99.99;4852650.5;;0.054900002;0.054900002
;US-NJ;2012;p99p99.5;724002.31;;0.045499999;0.045499999
;US-NJ;2012;p95p100;608225.38;;0.38260001;0.38260001
;US-NJ;2012;p0p90;44187.699;;0.50029999;0.50029999
;US-NJ;2012;p0p99;63194.102;;0.787;0.787
;US-NJ;2012;p99.5p100;2662229.3;;0.1675;0.1675
;US-NJ;2011;p0p100;84077.102;3.46375896648e+11;1.0;1.0
;US-NJ;2011;p99p100;1464688.8;;0.1934;0.1934
;US-NJ;2011;p99.9p100;6160623.0;;0.0814;0.0814
;US-NJ;2011;p99.99p100;25336786.0;;0.033500001;0.033500001
;US-NJ;2011;p90p100;368103.31;;0.48609999;0.48609999
;US-NJ;2011;p90p95;181757.8;;0.12;0.12
;US-NJ;2011;p95p99;327167.31;;0.1728;0.1728
;US-NJ;2011;p99.5p99.9;1267755.8;;0.067000002;0.067000002
;US-NJ;2011;p99.9p99.99;4046887.5;;0.048099998;0.048099998
;US-NJ;2011;p99p99.5;682689.38;;0.0451;0.0451
;US-NJ;2011;p95p100;554637.13;;0.3662;0.3662
;US-NJ;2011;p0p90;43212.898;;0.51359999;0.51359999
;US-NJ;2011;p0p99;61696.602;;0.80659997;0.80659997
;US-NJ;2011;p99.5p100;2247337.5;;0.14839999;0.14839999
;US-NJ;2010;p0p100;90650.297;3.46534589044e+11;1.0;1.0
;US-NJ;2010;p99p100;1482295.1;;0.19320001;0.19320001
;US-NJ;2010;p99.9p100;6349048.0;;0.082699999;0.082699999
;US-NJ;2010;p99.99p100;27260920.0;;0.035500001;0.035500001
;US-NJ;2010;p90p100;367036.41;;0.47839999;0.47839999
;US-NJ;2010;p90p95;177830.7;;0.1159;0.1159
;US-NJ;2010;p95p99;325262.59;;0.1696;0.1696
;US-NJ;2010;p99.5p99.9;1264762.8;;0.065899998;0.065899998
;US-NJ;2010;p99.9p99.99;4022094.5;;0.047200002;0.047200002
;US-NJ;2010;p99p99.5;682185.5;;0.044500001;0.044500001
;US-NJ;2010;p95p100;556633.63;;0.36269999;0.36269999
;US-NJ;2010;p0p90;44454.102;;0.52139997;0.52139997
;US-NJ;2010;p0p99;62529.0;;0.80680001;0.80680001
;US-NJ;2010;p99.5p100;2283693.5;;0.1488;0.1488
;US-NJ;2009;p0p100;91240.0;3.37114676999e+11;1.0;1.0
;US-NJ;2009;p99p100;1344453.6;;0.17990001;0.17990001
;US-NJ;2009;p99.9p100;5779556.5;;0.077299997;0.077299997
;US-NJ;2009;p99.99p100;25476550.0;;0.0341;0.0341
;US-NJ;2009;p90p100;350880.5;;0.46939999;0.46939999
;US-NJ;2009;p90p95;173414.59;;0.116;0.116
;US-NJ;2009;p95p99;324846.09;;0.17380001;0.17380001
;US-NJ;2009;p99.5p99.9;1117023.8;;0.059799999;0.059799999
;US-NJ;2009;p99.9p99.99;3545028.3;;0.0427;0.0427
;US-NJ;2009;p99p99.5;623378.63;;0.041700002;0.041700002
;US-NJ;2009;p95p100;529013.63;;0.3538;0.3538
;US-NJ;2009;p0p90;44184.102;;0.53200001;0.53200001
;US-NJ;2009;p0p99;61928.102;;0.82010001;0.82010001
;US-NJ;2009;p99.5p100;2060778.1;;0.13779999;0.13779999
;US-NJ;2008;p0p100;100002.4;3.67678765348e+11;1.0;1.0
;US-NJ;2008;p99p100;1714112.8;;0.2077;0.2077
;US-NJ;2008;p99.9p100;7957454.0;;0.0964;0.0964
;US-NJ;2008;p99.99p100;36012764.0;;0.0436;0.0436
;US-NJ;2008;p90p100;406636.41;;0.4928;0.4928
;US-NJ;2008;p90p95;187426.5;;0.1136;0.1136
;US-NJ;2008;p95p99;352837.09;;0.171;0.171
;US-NJ;2008;p99.5p99.9;1369870.0;;0.066399999;0.066399999
;US-NJ;2008;p99.9p99.99;4783225.5;;0.052200001;0.052200001
;US-NJ;2008;p99p99.5;713459.81;;0.043200001;0.043200001
;US-NJ;2008;p95p100;626480.13;;0.37959999;0.37959999
;US-NJ;2008;p0p90;46756.398;;0.50999999;0.50999999
;US-NJ;2008;p0p99;66037.797;;0.79229999;0.79229999
;US-NJ;2008;p99.5p100;2705308.5;;0.1639;0.1639
;US-NJ;2007;p0p100;117759.6;3.93985408596e+11;1.0;1.0
;US-NJ;2007;p99p100;2083283.8;;0.23119999;0.23119999
;US-NJ;2007;p99.9p100;10181605.0;;0.113;0.113
;US-NJ;2007;p99.99p100;46850428.0;;0.052000001;0.052000001
;US-NJ;2007;p90p100;455904.69;;0.50590003;0.50590003
;US-NJ;2007;p90p95;194311.41;;0.1078;0.1078
;US-NJ;2007;p95p99;374231.31;;0.1661;0.1661
;US-NJ;2007;p99.5p99.9;1625467.4;;0.072099999;0.072099999
;US-NJ;2007;p99.9p99.99;6065763.5;;0.060600001;0.060600001
;US-NJ;2007;p99p99.5;798574.5;;0.044300001;0.044300001
;US-NJ;2007;p95p100;718056.19;;0.39840001;0.39840001
;US-NJ;2007;p0p90;49771.398;;0.4971;0.4971
;US-NJ;2007;p0p99;69985.102;;0.76880002;0.76880002
;US-NJ;2007;p99.5p100;3356205.5;;0.18619999;0.18619999
;US-NJ;2006;p0p100;119482.1;3.77053756021e+11;1.0;1.0
;US-NJ;2006;p99p100;1824717.1;;0.211;0.211
;US-NJ;2006;p99.9p100;8389562.0;;0.097000003;0.097000003
;US-NJ;2006;p99.99p100;35795744.0;;0.0414;0.0414
;US-NJ;2006;p90p100;418705.19;;0.48429999;0.48429999
;US-NJ;2006;p90p95;185083.2;;0.107;0.107
;US-NJ;2006;p95p99;357343.31;;0.1653;0.1653
;US-NJ;2006;p99.5p99.9;1490078.1;;0.068899997;0.068899997
;US-NJ;2006;p99.9p99.99;5326722.0;;0.055399999;0.055399999
;US-NJ;2006;p99p99.5;748133.31;;0.043299999;0.043299999
;US-NJ;2006;p95p100;652685.63;;0.37740001;0.37740001
;US-NJ;2006;p0p90;49820.602;;0.51859999;0.51859999
;US-NJ;2006;p0p99;68902.898;;0.78899997;0.78899997
;US-NJ;2006;p99.5p100;2888975.5;;0.1671;0.1671
;US-NJ;2005;p0p100;124079.1;3.63205458369e+11;1.0;1.0
;US-NJ;2005;p99p100;1722662.1;;0.20460001;0.20460001
;US-NJ;2005;p99.9p100;7852696.0;;0.0933;0.0933
;US-NJ;2005;p99.99p100;33344618.0;;0.0396;0.0396
;US-NJ;2005;p90p100;398934.09;;0.47389999;0.47389999
;US-NJ;2005;p90p95;174486.2;;0.1036;0.1036
;US-NJ;2005;p95p99;348267.91;;0.1655;0.1655
;US-NJ;2005;p99.5p99.9;1410393.4;;0.067000002;0.067000002
;US-NJ;2005;p99.9p99.99;5006456.0;;0.0535;0.0535
;US-NJ;2005;p99p99.5;720678.69;;0.042800002;0.042800002
;US-NJ;2005;p95p100;624190.0;;0.37079999;0.37079999
;US-NJ;2005;p0p90;49374.5;;0.52789998;0.52789998
;US-NJ;2005;p0p99;67627.0;;0.79540002;0.79540002
;US-NJ;2005;p99.5p100;2715089.0;;0.1613;0.1613
;US-NJ;2004;p0p100;129008.9;3.49495611391e+11;1.0;1.0
;US-NJ;2004;p99p100;1580624.8;;0.1929;0.1929
;US-NJ;2004;p99.9p100;7054292.5;;0.086099997;0.086099997
;US-NJ;2004;p99.99p100;30141148.0;;0.036800001;0.036800001
;US-NJ;2004;p90p100;383279.69;;0.46779999;0.46779999
;US-NJ;2004;p90p95;179638.59;;0.1096;0.1096
;US-NJ;2004;p95p99;339177.19;;0.1656;0.1656
;US-NJ;2004;p99.5p99.9;1304842.3;;0.063699998;0.063699998
;US-NJ;2004;p99.9p99.99;4467332.5;;0.0491;0.0491
;US-NJ;2004;p99p99.5;689763.5;;0.042100001;0.042100001
;US-NJ;2004;p95p100;587821.13;;0.35870001;0.35870001
;US-NJ;2004;p0p90;48537.602;;0.53310001;0.53310001
;US-NJ;2004;p0p99;66797.5;;0.8071;0.8071
;US-NJ;2004;p99.5p100;2466011.0;;0.1505;0.1505
;US-NJ;2003;p0p100;127439.0;3.31574214153e+11;1.0;1.0
;US-NJ;2003;p99p100;1379735.4;;0.1798;0.1798
;US-NJ;2003;p99.9p100;5896423.5;;0.076800004;0.076800004
;US-NJ;2003;p99.99p100;24921252.0;;0.032499999;0.032499999
;US-NJ;2003;p90p100;353038.41;;0.4601;0.4601
;US-NJ;2003;p90p95;181379.8;;0.1182;0.1182
;US-NJ;2003;p95p99;310981.5;;0.1621;0.1621
;US-NJ;2003;p99.5p99.9;1169098.8;;0.060899999;0.060899999
;US-NJ;2003;p99.9p99.99;3764048.3;;0.044100001;0.044100001
;US-NJ;2003;p99p99.5;636007.38;;0.0414;0.0414
;US-NJ;2003;p95p100;524897.13;;0.34200001;0.34200001
;US-NJ;2003;p0p90;46100.398;;0.54070002;0.54070002
;US-NJ;2003;p0p99;63573.199;;0.82020003;0.82020003
;US-NJ;2003;p99.5p100;2120736.0;;0.1382;0.1382
;US-NJ;2002;p0p100;130153.1;3.29827833277e+11;1.0;1.0
;US-NJ;2002;p99p100;1325518.9;;0.1768;0.1768
;US-NJ;2002;p99.9p100;5518499.0;;0.073600002;0.073600002
;US-NJ;2002;p99.99p100;22591134.0;;0.030099999;0.030099999
;US-NJ;2002;p90p100;345973.41;;0.4614;0.4614
;US-NJ;2002;p90p95;181466.59;;0.121;0.121
;US-NJ;2002;p95p99;306765.69;;0.1636;0.1636
;US-NJ;2002;p99.5p99.9;1142544.8;;0.060899999;0.060899999
;US-NJ;2002;p99.9p99.99;3610096.5;;0.043299999;0.043299999
;US-NJ;2002;p99p99.5;626973.88;;0.0418;0.0418
;US-NJ;2002;p95p100;510600.91;;0.3405;0.3405
;US-NJ;2002;p0p90;44917.199;;0.53909999;0.53909999
;US-NJ;2002;p0p99;62351.0;;0.82319999;0.82319999
;US-NJ;2002;p99.5p100;2022183.3;;0.1348;0.1348
;US-NJ;2001;p0p100;142308.91;3.3884416617e+11;1.0;1.0
;US-NJ;2001;p99p100;1578167.8;;0.1988;0.1988
;US-NJ;2001;p99.9p100;6855634.0;;0.086300001;0.086300001
;US-NJ;2001;p99.99p100;28447682.0;;0.035799999;0.035799999
;US-NJ;2001;p90p100;379788.41;;0.47830001;0.47830001
;US-NJ;2001;p90p95;185761.0;;0.117;0.117
;US-NJ;2001;p95p99;323101.0;;0.1628;0.1628
;US-NJ;2001;p99.5p99.9;1346973.5;;0.067900002;0.067900002
;US-NJ;2001;p99.9p99.99;4464990.0;;0.0506;0.0506
;US-NJ;2001;p99p99.5;705941.5;;0.044500001;0.044500001
;US-NJ;2001;p95p100;574080.88;;0.36149999;0.36149999
;US-NJ;2001;p0p90;46007.699;;0.52149999;0.52149999
;US-NJ;2001;p0p99;64260.801;;0.80119997;0.80119997
;US-NJ;2001;p99.5p100;2450796.0;;0.1543;0.1543
;US-NJ;2000;p0p100;162016.0;3.57581460466e+11;1.0;1.0
;US-NJ;2000;p99p100;1984629.8;;0.2321;0.2321
;US-NJ;2000;p99.9p100;9721138.0;;0.1137;0.1137
;US-NJ;2000;p99.99p100;43997368.0;;0.051399998;0.051399998
;US-NJ;2000;p90p100;430832.91;;0.50370002;0.50370002
;US-NJ;2000;p90p95;190893.0;;0.1116;0.1116
;US-NJ;2000;p95p99;342906.31;;0.1604;0.1604
;US-NJ;2000;p99.5p99.9;1566094.9;;0.073200002;0.073200002
;US-NJ;2000;p99.9p99.99;5922406.0;;0.0623;0.0623
;US-NJ;2000;p99p99.5;767535.81;;0.0449;0.0449
;US-NJ;2000;p95p100;671160.38;;0.3924;0.3924
;US-NJ;2000;p0p90;47147.602;;0.49610001;0.49610001
;US-NJ;2000;p0p99;66342.797;;0.76789999;0.76789999
;US-NJ;2000;p99.5p100;3201144.5;;0.18709999;0.18709999
;US-NJ;1999;p0p100;164596.41;3.32981546571e+11;1.0;1.0
;US-NJ;1999;p99p100;1719280.8;;0.2114;0.2114
;US-NJ;1999;p99.9p100;7836039.0;;0.096299998;0.096299998
;US-NJ;1999;p99.99p100;32692412.0;;0.040199999;0.040199999
;US-NJ;1999;p90p100;399741.91;;0.4914;0.4914
;US-NJ;1999;p90p95;188842.5;;0.1161;0.1161
;US-NJ;1999;p95p99;333592.31;;0.164;0.164
;US-NJ;1999;p99.5p99.9;1428972.0;;0.070299998;0.070299998
;US-NJ;1999;p99.9p99.99;5099263.0;;0.056400001;0.056400001
;US-NJ;1999;p99p99.5;726395.69;;0.044599999;0.044599999
;US-NJ;1999;p95p100;610767.19;;0.37540001;0.37540001
;US-NJ;1999;p0p90;45947.102;;0.50840002;0.50840002
;US-NJ;1999;p0p99;64799.898;;0.78860003;0.78860003
;US-NJ;1999;p99.5p100;2712094.5;;0.16670001;0.16670001
;US-NJ;1998;p0p100;164490.91;3.14661245859e+11;1.0;1.0
;US-NJ;1998;p99p100;1538326.8;;0.1972;0.1972
;US-NJ;1998;p99.9p100;6756855.0;;0.086599998;0.086599998
;US-NJ;1998;p99.99p100;27479736.0;;0.0352;0.0352
;US-NJ;1998;p90p100;367375.41;;0.47099999;0.47099999
;US-NJ;1998;p90p95;179181.09;;0.1149;0.1149
;US-NJ;1998;p95p99;309922.5;;0.15889999;0.15889999
;US-NJ;1998;p99.5p99.9;1309417.8;;0.067100003;0.067100003
;US-NJ;1998;p99.9p99.99;4479099.5;;0.0517;0.0517
;US-NJ;1998;p99p99.5;675919.19;;0.043299999;0.043299999
;US-NJ;1998;p95p100;555665.13;;0.35620001;0.35620001
;US-NJ;1998;p0p90;45835.602;;0.52880001;0.52880001
;US-NJ;1998;p0p99;63253.602;;0.8028;0.8028
;US-NJ;1998;p99.5p100;2400652.3;;0.1539;0.1539
;US-NJ;1997;p0p100;160178.3;2.94803944543e+11;1.0;1.0
;US-NJ;1997;p99p100;1352767.6;;0.1831;0.1831
;US-NJ;1997;p99.9p100;5764909.5;;0.078000002;0.078000002
;US-NJ;1997;p99.99p100;23235480.0;;0.031399999;0.031399999
;US-NJ;1997;p90p100;337476.09;;0.45680001;0.45680001
;US-NJ;1997;p90p95;171734.09;;0.1162;0.1162
;US-NJ;1997;p95p99;290842.41;;0.1575;0.1575
;US-NJ;1997;p99.5p99.9;1171487.9;;0.0634;0.0634
;US-NJ;1997;p99.9p99.99;3835864.0;;0.046700001;0.046700001
;US-NJ;1997;p99p99.5;613964.31;;0.0416;0.0416
;US-NJ;1997;p95p100;503253.69;;0.34060001;0.34060001
;US-NJ;1997;p0p90;44589.102;;0.54320002;0.54320002
;US-NJ;1997;p0p99;60964.102;;0.81690001;0.81690001
;US-NJ;1997;p99.5p100;2091316.3;;0.1415;0.1415
;US-NJ;1996;p0p100;155150.3;2.73655052898e+11;1.0;1.0
;US-NJ;1996;p99p100;1154462.1;;0.1684;0.1684
;US-NJ;1996;p99.9p100;4724041.5;;0.068899997;0.068899997
;US-NJ;1996;p99.99p100;18818556.0;;0.0274;0.0274
;US-NJ;1996;p90p100;304925.81;;0.4447;0.4447
;US-NJ;1996;p90p95;168425.91;;0.1228;0.1228
;US-NJ;1996;p95p99;263107.5;;0.15350001;0.15350001
;US-NJ;1996;p99.5p99.9;1009055.0;;0.058899999;0.058899999
;US-NJ;1996;p99.9p99.99;3155883.0;;0.0414;0.0414
;US-NJ;1996;p99p99.5;553481.19;;0.040399998;0.040399998
;US-NJ;1996;p95p100;441383.19;;0.32190001;0.32190001
;US-NJ;1996;p0p90;42329.398;;0.55559999;0.55559999
;US-NJ;1996;p0p99;57599.199;;0.83160001;0.83160001
;US-NJ;1996;p99.5p100;1754699.1;;0.12800001;0.12800001
;US-NJ;1995;p0p100;157367.7;2.58803747498e+11;1.0;1.0
;US-NJ;1995;p99p100;1028093.3;;0.1558;0.1558
;US-NJ;1995;p99.9p100;3993882.3;;0.0605;0.0605
;US-NJ;1995;p99.99p100;15115162.0;;0.0229;0.0229
;US-NJ;1995;p90p100;284804.5;;0.4316;0.4316
;US-NJ;1995;p90p95;158864.09;;0.1204;0.1204
;US-NJ;1995;p95p99;256431.7;;0.15539999;0.15539999
;US-NJ;1995;p99.5p99.9;924341.63;;0.056000002;0.056000002
;US-NJ;1995;p99.9p99.99;2758453.8;;0.037599999;0.037599999
;US-NJ;1995;p99p99.5;516493.59;;0.039099999;0.039099999
;US-NJ;1995;p95p100;410760.0;;0.31119999;0.31119999
;US-NJ;1995;p0p90;41681.699;;0.56849998;0.56849998
;US-NJ;1995;p0p99;56269.699;;0.84420002;0.84420002
;US-NJ;1995;p99.5p100;1539466.3;;0.1166;0.1166
;US-NJ;1994;p0p100;154898.59;2.45554112652e+11;1.0;1.0
;US-NJ;1994;p99p100;900809.38;;0.1454;0.1454
;US-NJ;1994;p99.9p100;3391819.0;;0.0548;0.0548
;US-NJ;1994;p99.99p100;12819521.0;;0.0207;0.0207
;US-NJ;1994;p90p100;261824.3;;0.42269999;0.42269999
;US-NJ;1994;p90p95;151529.5;;0.1223;0.1223
;US-NJ;1994;p95p99;239966.8;;0.155;0.155
;US-NJ;1994;p99.5p99.9;816730.88;;0.052700002;0.052700002
;US-NJ;1994;p99.9p99.99;2339032.5;;0.034000002;0.034000002
;US-NJ;1994;p99p99.5;467787.91;;0.037799999;0.037799999
;US-NJ;1994;p95p100;372126.09;;0.30039999;0.30039999
;US-NJ;1994;p0p90;39739.801;;0.57749999;0.57749999
;US-NJ;1994;p0p99;53460.398;;0.85460001;0.85460001
;US-NJ;1994;p99.5p100;1333544.8;;0.1077;0.1077
;US-NJ;1993;p0p100;161393.5;2.42556370338e+11;1.0;1.0
;US-NJ;1993;p99p100;935508.31;;0.1512;0.1512
;US-NJ;1993;p99.9p100;3662091.8;;0.0592;0.0592
;US-NJ;1993;p99.99p100;14405574.0;;0.0233;0.0233
;US-NJ;1993;p90p100;263171.19;;0.42539999;0.42539999
;US-NJ;1993;p90p95;148886.91;;0.1203;0.1203
;US-NJ;1993;p95p99;237982.59;;0.1539;0.1539
;US-NJ;1993;p99.5p99.9;839077.13;;0.054299999;0.054299999
;US-NJ;1993;p99.9p99.99;2465803.8;;0.0359;0.0359
;US-NJ;1993;p99p99.5;466356.5;;0.037700001;0.037700001
;US-NJ;1993;p95p100;377490.91;;0.30509999;0.30509999
;US-NJ;1993;p0p90;39500.199;;0.5747;0.5747
;US-NJ;1993;p0p99;53037.0;;0.8488;0.8488
;US-NJ;1993;p99.5p100;1404439.1;;0.1135;0.1135
;US-NJ;1992;p0p100;171239.91;2.44970239974e+11;1.0;1.0
;US-NJ;1992;p99p100;969048.5;;0.155;0.155
;US-NJ;1992;p99.9p100;3868578.0;;0.061900001;0.061900001
;US-NJ;1992;p99.99p100;15340513.0;;0.024499999;0.024499999
;US-NJ;1992;p90p100;265510.19;;0.42480001;0.42480001
;US-NJ;1992;p90p95;149741.59;;0.1198;0.1198
;US-NJ;1992;p95p99;234303.3;;0.1499;0.1499
;US-NJ;1992;p99.5p99.9;865379.81;;0.055399999;0.055399999
;US-NJ;1992;p99.9p99.99;2593347.8;;0.037300002;0.037300002
;US-NJ;1992;p99p99.5;471587.31;;0.037700001;0.037700001
;US-NJ;1992;p95p100;381250.59;;0.30500001;0.30500001
;US-NJ;1992;p0p90;39955.199;;0.57529998;0.57529998
;US-NJ;1992;p0p99;53349.398;;0.84500003;0.84500003
;US-NJ;1992;p99.5p100;1466423.3;;0.1173;0.1173
;US-NJ;1991;p0p100;175619.8;2.38590428119e+11;1.0;1.0
;US-NJ;1991;p99p100;821425.88;;0.1347;0.1347
;US-NJ;1991;p99.9p100;2988833.3;;0.048999999;0.048999999
;US-NJ;1991;p99.99p100;10835343.0;;0.0178;0.0178
;US-NJ;1991;p90p100;246870.7;;0.40490001;0.40490001
;US-NJ;1991;p90p95;148681.7;;0.1219;0.1219
;US-NJ;1991;p95p99;226003.59;;0.14830001;0.14830001
;US-NJ;1991;p99.5p99.9;763136.0;;0.050099999;0.050099999
;US-NJ;1991;p99.9p99.99;2116554.0;;0.031199999;0.031199999
;US-NJ;1991;p99p99.5;434224.19;;0.035599999;0.035599999
;US-NJ;1991;p95p100;345082.09;;0.28299999;0.28299999
;US-NJ;1991;p0p90;40319.801;;0.59509999;0.59509999
;US-NJ;1991;p0p99;53292.801;;0.8653;0.8653
;US-NJ;1991;p99.5p100;1208643.5;;0.099100001;0.099100001
;US-NJ;1990;p0p100;198272.41;2.48484842596e+11;1.0;1.0
;US-NJ;1990;p99p100;965496.81;;0.1505;0.1505
;US-NJ;1990;p99.9p100;3812208.5;;0.0594;0.0594
;US-NJ;1990;p99.99p100;14836483.0;;0.0231;0.0231
;US-NJ;1990;p90p100;263601.31;;0.4109;0.4109
;US-NJ;1990;p90p95;147872.0;;0.1152;0.1152
;US-NJ;1990;p95p99;232787.2;;0.1451;0.1451
;US-NJ;1990;p99.5p99.9;874386.19;;0.054499999;0.054499999
;US-NJ;1990;p99.9p99.99;2588214.5;;0.0363;0.0363
;US-NJ;1990;p99p99.5;468887.69;;0.036499999;0.036499999
;US-NJ;1990;p95p100;379323.0;;0.2956;0.2956
;US-NJ;1990;p0p90;41994.801;;0.5891;0.5891
;US-NJ;1990;p0p99;55051.0;;0.8495;0.8495
;US-NJ;1990;p99.5p100;1461974.6;;0.1139;0.1139
;US-NJ;1989;p0p100;219218.41;2.49601934201e+11;1.0;1.0
;US-NJ;1989;p99p100;1021455.2;;0.1587;0.1587
;US-NJ;1989;p99.9p100;4452269.0;;0.069200002;0.069200002
;US-NJ;1989;p99.99p100;19172826.0;;0.0298;0.0298
;US-NJ;1989;p90p100;268545.31;;0.41729999;0.41729999
;US-NJ;1989;p90p95;148995.8;;0.1158;0.1158
;US-NJ;1989;p95p99;232431.59;;0.1445;0.1445
;US-NJ;1989;p99.5p99.9;883702.88;;0.054900002;0.054900002
;US-NJ;1989;p99.9p99.99;2855548.0;;0.039900001;0.039900001
;US-NJ;1989;p99p99.5;463179.0;;0.035999998;0.035999998
;US-NJ;1989;p95p100;388447.31;;0.30180001;0.30180001
;US-NJ;1989;p0p90;41414.199;;0.57910001;0.57910001
;US-NJ;1989;p0p99;54690.199;;0.84130001;0.84130001
;US-NJ;1989;p99.5p100;1586619.4;;0.1233;0.1233
;US-NJ;1988;p0p100;241115.09;2.47897502307e+11;1.0;1.0
;US-NJ;1988;p99p100;1174737.0;;0.1806;0.1806
;US-NJ;1988;p99.9p100;5535188.5;;0.085100003;0.085100003
;US-NJ;1988;p99.99p100;25022536.0;;0.0385;0.0385
;US-NJ;1988;p90p100;286905.69;;0.44100001;0.44100001
;US-NJ;1988;p90p95;151842.5;;0.1167;0.1167
;US-NJ;1988;p95p99;238659.3;;0.14669999;0.14669999
;US-NJ;1988;p99.5p99.9;983033.81;;0.060400002;0.060400002
;US-NJ;1988;p99.9p99.99;3440674.8;;0.047600001;0.047600001
;US-NJ;1988;p99p99.5;489118.09;;0.037599999;0.037599999
;US-NJ;1988;p95p100;422615.0;;0.32480001;0.32480001
;US-NJ;1988;p0p90;39930.199;;0.55239999;0.55239999
;US-NJ;1988;p0p99;53843.301;;0.81940001;0.81940001
;US-NJ;1988;p99.5p100;1873281.9;;0.14399999;0.14399999
;US-NJ;1987;p0p100;243902.0;2.27822204315e+11;1.0;1.0
;US-NJ;1987;p99p100;878438.19;;0.1435;0.1435
;US-NJ;1987;p99.9p100;3611749.3;;0.059;0.059
;US-NJ;1987;p99.99p100;14946669.0;;0.0244;0.0244
;US-NJ;1987;p90p100;249679.7;;0.40779999;0.40779999
;US-NJ;1987;p90p95;146718.2;;0.1198;0.1198
;US-NJ;1987;p95p99;223554.3;;0.146;0.146
;US-NJ;1987;p99.5p99.9;778846.38;;0.050900001;0.050900001
;US-NJ;1987;p99.9p99.99;2389267.3;;0.035100002;0.035100002
;US-NJ;1987;p99p99.5;428014.09;;0.035;0.035
;US-NJ;1987;p95p100;352907.5;;0.28819999;0.28819999
;US-NJ;1987;p0p90;40054.801;;0.58880001;0.58880001
;US-NJ;1987;p0p99;52973.199;;0.85650003;0.85650003
;US-NJ;1987;p99.5p100;1335182.9;;0.109;0.109
;US-NJ;1986;p0p100;265478.19;2.29060800952e+11;1.0;1.0
;US-NJ;1986;p99p100;1095860.9;;0.17569999;0.17569999
;US-NJ;1986;p99.9p100;5267559.0;;0.0845;0.0845
;US-NJ;1986;p99.99p100;24641872.0;;0.039500002;0.039500002
;US-NJ;1986;p90p100;269878.0;;0.43279999;0.43279999
;US-NJ;1986;p90p95;143998.2;;0.1155;0.1155
;US-NJ;1986;p95p99;222887.8;;0.14300001;0.14300001
;US-NJ;1986;p99.5p99.9;889483.13;;0.057100002;0.057100002
;US-NJ;1986;p99.9p99.99;3156684.5;;0.045600001;0.045600001
;US-NJ;1986;p99p99.5;441474.0;;0.035399999;0.035399999
;US-NJ;1986;p95p100;396085.5;;0.31760001;0.31760001
;US-NJ;1986;p0p90;39081.301;;0.56400001;0.56400001
;US-NJ;1986;p0p99;51919.699;;0.82429999;0.82429999
;US-NJ;1986;p99.5p100;1756155.6;;0.1408;0.1408
;US-NJ;1985;p0p100;251794.3;2.07953520736e+11;1.0;1.0
;US-NJ;1985;p99p100;759373.38;;0.1331;0.1331
;US-NJ;1985;p99.9p100;3228450.3;;0.056600001;0.056600001
;US-NJ;1985;p99.99p100;13752275.0;;0.0241;0.0241
;US-NJ;1985;p90p100;222078.41;;0.3892;0.3892
;US-NJ;1985;p90p95;134092.91;;0.1175;0.1175
;US-NJ;1985;p95p99;198262.8;;0.139;0.139
;US-NJ;1985;p99.5p99.9;644140.5;;0.045200001;0.045200001
;US-NJ;1985;p99.9p99.99;2071843.3;;0.032699998;0.032699998
;US-NJ;1985;p99p99.5;361798.31;;0.0317;0.0317
;US-NJ;1985;p95p100;310135.59;;0.27180001;0.27180001
;US-NJ;1985;p0p90;38666.0;;0.6099;0.6099
;US-NJ;1985;p0p99;49965.898;;0.86690003;0.86690003
;US-NJ;1985;p99.5p100;1158445.4;;0.1015;0.1015
;US-NJ;1984;p0p100;262791.0;1.98318353247e+11;1.0;1.0
;US-NJ;1984;p99p100;669086.13;;0.1202;0.1202
;US-NJ;1984;p99.9p100;2745515.0;;0.0493;0.0493
;US-NJ;1984;p99.99p100;11688015.0;;0.021;0.021
;US-NJ;1984;p90p100;207660.09;;0.37310001;0.37310001
;US-NJ;1984;p90p95;130532.0;;0.1172;0.1172
;US-NJ;1984;p95p99;188375.2;;0.1354;0.1354
;US-NJ;1984;p99.5p99.9;567378.38;;0.040800001;0.040800001
;US-NJ;1984;p99.9p99.99;1738754.8;;0.028100001;0.028100001
;US-NJ;1984;p99p99.5;331970.91;;0.0298;0.0298
;US-NJ;1984;p95p100;284770.31;;0.25580001;0.25580001
;US-NJ;1984;p0p90;38821.801;;0.62769997;0.62769997
;US-NJ;1984;p0p99;49468.102;;0.87980002;0.87980002
;US-NJ;1984;p99.5p100;1005085.9;;0.090300001;0.090300001
;US-NJ;1983;p0p100;291023.41;1.87742844643e+11;1.0;1.0
;US-NJ;1983;p99p100;592765.5;;0.1086;0.1086
;US-NJ;1983;p99.9p100;2271320.5;;0.0416;0.0416
;US-NJ;1983;p99.99p100;9343753.0;;0.017100001;0.017100001
;US-NJ;1983;p90p100;195908.91;;0.35910001;0.35910001
;US-NJ;1983;p90p95;128371.3;;0.1176;0.1176
;US-NJ;1983;p95p99;181063.2;;0.1327;0.1327
;US-NJ;1983;p99.5p99.9;521280.5;;0.038199998;0.038199998
;US-NJ;1983;p99.9p99.99;1481598.4;;0.0244;0.0244
;US-NJ;1983;p99p99.5;312915.31;;0.0287;0.0287
;US-NJ;1983;p95p100;263492.81;;0.24150001;0.24150001
;US-NJ;1983;p0p90;38870.898;;0.64120001;0.64120001
;US-NJ;1983;p0p99;49126.102;;0.89139998;0.89139998
;US-NJ;1983;p99.5p100;872148.38;;0.079899997;0.079899997
;US-NJ;1982;p0p100;292786.31;1.81148167667e+11;1.0;1.0
;US-NJ;1982;p99p100;605176.0;;0.115;0.115
;US-NJ;1982;p99.9p100;2340795.5;;0.044500001;0.044500001
;US-NJ;1982;p99.99p100;9719058.0;;0.0185;0.0185
;US-NJ;1982;p90p100;197969.2;;0.37599999;0.37599999
;US-NJ;1982;p90p95;129712.1;;0.1232;0.1232
;US-NJ;1982;p95p99;181729.91;;0.1381;0.1381
;US-NJ;1982;p99.5p99.9;531033.88;;0.0403;0.0403
;US-NJ;1982;p99.9p99.99;1520988.6;;0.026000001;0.026000001
;US-NJ;1982;p99p99.5;317365.69;;0.030099999;0.030099999
;US-NJ;1982;p95p100;266349.09;;0.25299999;0.25299999
;US-NJ;1982;p0p90;36488.102;;0.62379998;0.62379998
;US-NJ;1982;p0p99;47064.801;;0.88499999;0.88499999
;US-NJ;1982;p99.5p100;892986.19;;0.084799998;0.084799998
;US-NJ;1981;p0p100;329449.59;1.79047921783e+11;1.0;1.0
;US-NJ;1981;p99p100;503822.41;;0.095600002;0.095600002
;US-NJ;1981;p99.9p100;1707352.4;;0.032400001;0.032400001
;US-NJ;1981;p99.99p100;6034086.5;;0.0115;0.0115
;US-NJ;1981;p90p100;180927.41;;0.3434;0.3434
;US-NJ;1981;p90p95;124546.1;;0.1182;0.1182
;US-NJ;1981;p95p99;170836.91;;0.12970001;0.12970001
;US-NJ;1981;p99.5p99.9;468261.0;;0.035500001;0.035500001
;US-NJ;1981;p99.9p99.99;1225806.1;;0.0209;0.0209
;US-NJ;1981;p99p99.5;290952.69;;0.0276;0.0276
;US-NJ;1981;p95p100;237495.0;;0.2254;0.2254
;US-NJ;1981;p0p90;38436.0;;0.6566;0.6566
;US-NJ;1981;p0p99;48130.699;;0.90439999;0.90439999
;US-NJ;1981;p99.5p100;716538.31;;0.068000004;0.068000004
;US-NJ;1980;p0p100;396254.69;1.77964208114e+11;1.0;1.0
;US-NJ;1980;p99p100;508686.91;;0.096299998;0.096299998
;US-NJ;1980;p99.9p100;1655457.0;;0.031300001;0.031300001
;US-NJ;1980;p99.99p100;5895215.0;;0.0112;0.0112
;US-NJ;1980;p90p100;178361.8;;0.33759999;0.33759999
;US-NJ;1980;p90p95;115156.4;;0.109;0.109
;US-NJ;1980;p95p99;174803.0;;0.1323;0.1323
;US-NJ;1980;p99.5p99.9;481914.91;;0.036499999;0.036499999
;US-NJ;1980;p99.9p99.99;1184058.8;;0.020199999;0.020199999
;US-NJ;1980;p99p99.5;300572.91;;0.0284;0.0284
;US-NJ;1980;p95p100;241604.8;;0.2286;0.2286
;US-NJ;1980;p0p90;38886.102;;0.66240001;0.66240001
;US-NJ;1980;p0p99;48228.602;;0.90369999;0.90369999
;US-NJ;1980;p99.5p100;716778.88;;0.0678;0.0678
;US-NJ;1979;p0p100;479457.09;1.73372674858e+11;1.0;1.0
;US-NJ;1979;p99p100;493859.91;;0.095399998;0.095399998
;US-NJ;1979;p99.9p100;1573431.8;;0.030400001;0.030400001
;US-NJ;1979;p99.99p100;5441447.0;;0.0105;0.0105
;US-NJ;1979;p90p100;177388.41;;0.3425;0.3425
;US-NJ;1979;p90p95;116938.4;;0.1129;0.1129
;US-NJ;1979;p95p99;173855.8;;0.13429999;0.13429999
;US-NJ;1979;p99.5p99.9;472187.19;;0.036499999;0.036499999
;US-NJ;1979;p99.9p99.99;1143049.4;;0.0199;0.0199
;US-NJ;1979;p99p99.5;295297.69;;0.0285;0.0285
;US-NJ;1979;p95p100;237840.0;;0.2296;0.2296
;US-NJ;1979;p0p90;37833.699;;0.65750003;0.65750003
;US-NJ;1979;p0p99;47324.301;;0.90460002;0.90460002
;US-NJ;1979;p99.5p100;692630.69;;0.0669;0.0669
;US-NJ;1978;p0p100;570420.81;1.66382942479e+11;1.0;1.0
;US-NJ;1978;p99p100;433789.31;;0.0845;0.0845
;US-NJ;1978;p99.9p100;1221977.5;;0.023800001;0.023800001
;US-NJ;1978;p99.99p100;3599252.3;;0.0070000002;0.0070000002
;US-NJ;1978;p90p100;169283.41;;0.3299;0.3299
;US-NJ;1978;p90p95;114503.6;;0.1116;0.1116
;US-NJ;1978;p95p99;171834.2;;0.1339;0.1339
;US-NJ;1978;p99.5p99.9;426306.19;;0.033199999;0.033199999
;US-NJ;1978;p99.9p99.99;957474.13;;0.016799999;0.016799999
;US-NJ;1978;p99p99.5;282129.31;;0.0275;0.0275
;US-NJ;1978;p95p100;224115.8;;0.2184;0.2184
;US-NJ;1978;p0p90;38197.898;;0.67000002;0.67000002
;US-NJ;1978;p0p99;47450.801;;0.91549999;0.91549999
;US-NJ;1978;p99.5p100;585549.13;;0.057100002;0.057100002
;US-NJ;1977;p0p100;649649.5;1.60583856454e+11;1.0;1.0
;US-NJ;1977;p99p100;430307.0;;0.085199997;0.085199997
;US-NJ;1977;p99.9p100;1209794.8;;0.024;0.024
;US-NJ;1977;p99.99p100;3903832.5;;0.0077;0.0077
;US-NJ;1977;p90p100;167438.09;;0.3317;0.3317
;US-NJ;1977;p90p95;117387.5;;0.1163;0.1163
;US-NJ;1977;p95p99;164281.2;;0.1302;0.1302
;US-NJ;1977;p99.5p99.9;422738.81;;0.033500001;0.033500001
;US-NJ;1977;p99.9p99.99;910148.13;;0.0162;0.0162
;US-NJ;1977;p99p99.5;280408.69;;0.027799999;0.027799999
;US-NJ;1977;p95p100;217498.8;;0.2154;0.2154
;US-NJ;1977;p0p90;37492.102;;0.66839999;0.66839999
;US-NJ;1977;p0p99;46649.398;;0.91479999;0.91479999
;US-NJ;1977;p99.5p100;580281.69;;0.057500001;0.057500001
;US-NJ;1976;p0p100;731167.81;1.5640312744e+11;1.0;1.0
;US-NJ;1976;p99p100;414701.69;;0.082800001;0.082800001
;US-NJ;1976;p99.9p100;1165513.0;;0.0233;0.0233
;US-NJ;1976;p99.99p100;3707180.3;;0.0074;0.0074
;US-NJ;1976;p90p100;165204.91;;0.32980001;0.32980001
;US-NJ;1976;p90p95;116788.3;;0.1166;0.1166
;US-NJ;1976;p95p99;163379.7;;0.1305;0.1305
;US-NJ;1976;p99.5p99.9;410112.91;;0.032699998;0.032699998
;US-NJ;1976;p99.9p99.99;883164.69;;0.015900001;0.015900001
;US-NJ;1976;p99p99.5;268081.91;;0.026799999;0.026799999
;US-NJ;1976;p95p100;213642.7;;0.2132;0.2132
;US-NJ;1976;p0p90;37303.602;;0.67019999;0.67019999
;US-NJ;1976;p0p99;46411.398;;0.91720003;0.91720003
;US-NJ;1976;p99.5p100;561300.81;;0.056000002;0.056000002
;US-NJ;1975;p0p100;799583.81;1.50187914579e+11;1.0;1.0
;US-NJ;1975;p99p100;409113.0;;0.083499998;0.083499998
;US-NJ;1975;p99.9p100;1143740.3;;0.023399999;0.023399999
;US-NJ;1975;p99.99p100;3503608.3;;0.0071999999;0.0071999999
;US-NJ;1975;p90p100;161596.5;;0.33000001;0.33000001
;US-NJ;1975;p90p95;112255.4;;0.1146;0.1146
;US-NJ;1975;p95p99;161416.91;;0.1318;0.1318
;US-NJ;1975;p99.5p99.9;405665.0;;0.033100002;0.033100002
;US-NJ;1975;p99.9p99.99;881849.38;;0.0162;0.0162
;US-NJ;1975;p99p99.5;264770.41;;0.027000001;0.027000001
;US-NJ;1975;p95p100;210951.8;;0.2154;0.2154
;US-NJ;1975;p0p90;36461.199;;0.67000002;0.67000002
;US-NJ;1975;p0p99;45337.301;;0.91649997;0.91649997
;US-NJ;1975;p99.5p100;553384.38;;0.056499999;0.056499999
;US-NJ;1974;p0p100;1016066.4;1.5736284921e+11;1.0;1.0
;US-NJ;1974;p99p100;492278.91;;0.0942;0.0942
;US-NJ;1974;p99.9p100;1518865.0;;0.029100001;0.029100001
;US-NJ;1974;p99.99p100;5041346.5;;0.0096000005;0.0096000005
;US-NJ;1974;p90p100;174186.91;;0.33329999;0.33329999
;US-NJ;1974;p90p95;114838.3;;0.1099;0.1099
;US-NJ;1974;p95p99;169072.41;;0.1294;0.1294
;US-NJ;1974;p99.5p99.9;480309.81;;0.036800001;0.036800001
;US-NJ;1974;p99.9p99.99;1130772.8;;0.0195;0.0195
;US-NJ;1974;p99p99.5;298064.5;;0.0285;0.0285
;US-NJ;1974;p95p100;233521.8;;0.2234;0.2234
;US-NJ;1974;p0p90;38690.0;;0.6663;0.6663
;US-NJ;1974;p0p99;47814.602;;0.90579998;0.90579998
;US-NJ;1974;p99.5p100;687096.63;;0.065700002;0.065700002
;US-NJ;1973;p0p100;1285692.8;1.58714104976e+11;1.0;1.0
;US-NJ;1973;p99p100;481067.91;;0.089699998;0.089699998
;US-NJ;1973;p99.9p100;1417256.9;;0.0264;0.0264
;US-NJ;1973;p99.99p100;4593208.0;;0.0086000003;0.0086000003
;US-NJ;1973;p90p100;175217.59;;0.3267;0.3267
;US-NJ;1973;p90p95;115496.7;;0.1077;0.1077
;US-NJ;1973;p95p99;173399.3;;0.1293;0.1293
;US-NJ;1973;p99.5p99.9;472916.91;;0.035300002;0.035300002
;US-NJ;1973;p99.9p99.99;1064180.0;;0.017899999;0.017899999
;US-NJ;1973;p99p99.5;300350.31;;0.028000001;0.028000001
;US-NJ;1973;p95p100;234933.7;;0.219;0.219
;US-NJ;1973;p0p90;40126.5;;0.67330003;0.67330003
;US-NJ;1973;p0p99;49317.699;;0.91030002;0.91030002
;US-NJ;1973;p99.5p100;661781.38;;0.061700001;0.061700001
;US-NJ;1972;p0p100;1449261.9;1.55773032259e+11;1.0;1.0
;US-NJ;1972;p99p100;510654.81;;0.095299996;0.095299996
;US-NJ;1972;p99.9p100;1614707.5;;0.030099999;0.030099999
;US-NJ;1972;p99.99p100;6267043.5;;0.0117;0.0117
;US-NJ;1972;p90p100;179982.09;;0.33590001;0.33590001
;US-NJ;1972;p90p95;117424.0;;0.1096;0.1096
;US-NJ;1972;p95p99;175505.09;;0.131;0.131
;US-NJ;1972;p99.5p99.9;478059.69;;0.035700001;0.035700001
;US-NJ;1972;p99.9p99.99;1097827.3;;0.0184;0.0184
;US-NJ;1972;p99p99.5;315888.91;;0.0295;0.0295
;US-NJ;1972;p95p100;242535.91;;0.2263;0.2263
;US-NJ;1972;p0p90;39541.699;;0.66409999;0.66409999
;US-NJ;1972;p0p99;48968.5;;0.90469998;0.90469998
;US-NJ;1972;p99.5p100;705420.69;;0.065800004;0.065800004
;US-NJ;1971;p0p100;1502692.8;1.48791438464e+11;1.0;1.0
;US-NJ;1971;p99p100;473663.0;;0.090800002;0.090800002
;US-NJ;1971;p99.9p100;1491792.3;;0.0286;0.0286
;US-NJ;1971;p99.99p100;5646483.5;;0.0108;0.0108
;US-NJ;1971;p90p100;168714.5;;0.32350001;0.32350001
;US-NJ;1971;p90p95;111150.8;;0.1066;0.1066
;US-NJ;1971;p95p99;164424.5;;0.1261;0.1261
;US-NJ;1971;p99.5p99.9;440243.81;;0.033799998;0.033799998
;US-NJ;1971;p99.9p99.99;1030126.0;;0.0178;0.0178
;US-NJ;1971;p99p99.5;296735.09;;0.0284;0.0284
;US-NJ;1971;p95p100;226271.2;;0.21690001;0.21690001
;US-NJ;1971;p0p90;39208.699;;0.67650002;0.67650002
;US-NJ;1971;p0p99;47901.102;;0.90920001;0.90920001
;US-NJ;1971;p99.5p100;650525.5;;0.062399998;0.062399998
;US-NJ;1970;p0p100;1637427.4;1.45752757668e+11;1.0;1.0
;US-NJ;1970;p99p100;442979.0;;0.084899999;0.084899999
;US-NJ;1970;p99.9p100;1316894.0;;0.0252;0.0252
;US-NJ;1970;p99.99p100;4701590.0;;0.0089999996;0.0089999996
;US-NJ;1970;p90p100;165035.7;;0.31639999;0.31639999
;US-NJ;1970;p90p95;110833.1;;0.1062;0.1062
;US-NJ;1970;p95p99;163318.09;;0.1252;0.1252
;US-NJ;1970;p99.5p99.9;428292.59;;0.0328;0.0328
;US-NJ;1970;p99.9p99.99;940793.13;;0.0162;0.0162
;US-NJ;1970;p99p99.5;279812.5;;0.026799999;0.026799999
;US-NJ;1970;p95p100;219237.41;;0.2101;0.2101
;US-NJ;1970;p0p90;39623.0;;0.68360001;0.68360001
;US-NJ;1970;p0p99;48216.5;;0.91509998;0.91509998
;US-NJ;1970;p99.5p100;606084.31;;0.0581;0.0581
;US-NJ;1969;p0p100;1844557.1;1.44485074726e+11;1.0;1.0
;US-NJ;1969;p99p100;530922.0;;0.101;0.101
;US-NJ;1969;p99.9p100;1854321.1;;0.035300002;0.035300002
;US-NJ;1969;p99.99p100;8653160.0;;0.0165;0.0165
;US-NJ;1969;p90p100;172626.7;;0.3283;0.3283
;US-NJ;1969;p90p95;107185.2;;0.1019;0.1019
;US-NJ;1969;p95p99;164840.3;;0.12540001;0.12540001
;US-NJ;1969;p99.5p99.9;483435.19;;0.036800001;0.036800001
;US-NJ;1969;p99.9p99.99;1096998.4;;0.0188;0.0188
;US-NJ;1969;p99p99.5;304230.91;;0.028899999;0.028899999
;US-NJ;1969;p95p100;238053.59;;0.2264;0.2264
;US-NJ;1969;p0p90;39237.398;;0.6717;0.6717
;US-NJ;1969;p0p99;47742.199;;0.89899999;0.89899999
;US-NJ;1969;p99.5p100;757648.81;;0.072099999;0.072099999
;US-NJ;1968;p0p100;2009110.8;1.39433707627e+11;1.0;1.0
;US-NJ;1968;p99p100;531162.0;;0.1032;0.1032
;US-NJ;1968;p99.9p100;1721579.0;;0.033399999;0.033399999
;US-NJ;1968;p99.99p100;6269818.5;;0.0122;0.0122
;US-NJ;1968;p90p100;173406.5;;0.33680001;0.33680001
;US-NJ;1968;p90p95;106590.7;;0.1035;0.1035
;US-NJ;1968;p95p99;167472.2;;0.1301;0.1301
;US-NJ;1968;p99.5p99.9;510544.31;;0.039700001;0.039700001
;US-NJ;1968;p99.9p99.99;1218447.0;;0.021299999;0.021299999
;US-NJ;1968;p99p99.5;309627.31;;0.030099999;0.030099999
;US-NJ;1968;p95p100;240221.41;;0.2333;0.2333
;US-NJ;1968;p0p90;37940.102;;0.66320002;0.66320002
;US-NJ;1968;p0p99;46643.199;;0.89679998;0.89679998
;US-NJ;1968;p99.5p100;752608.63;;0.073100001;0.073100001
;US-NJ;1967;p0p100;2097237.3;1.32081883533e+11;1.0;1.0
;US-NJ;1967;p99p100;497620.91;;0.1005;0.1005
;US-NJ;1967;p99.9p100;1622034.6;;0.0328;0.0328
;US-NJ;1967;p99.99p100;6216345.0;;0.0126;0.0126
;US-NJ;1967;p90p100;166094.59;;0.3355;0.3355
;US-NJ;1967;p90p95;104588.0;;0.1056;0.1056
;US-NJ;1967;p95p99;160141.09;;0.1294;0.1294
;US-NJ;1967;p99.5p99.9;469898.31;;0.037999999;0.037999999
;US-NJ;1967;p99.9p99.99;1111580.1;;0.020199999;0.020199999
;US-NJ;1967;p99p99.5;294935.31;;0.0298;0.0298
;US-NJ;1967;p95p100;227612.8;;0.2299;0.2299
;US-NJ;1967;p0p90;36553.301;;0.6645;0.6645
;US-NJ;1967;p0p99;44983.0;;0.89950001;0.89950001
;US-NJ;1967;p99.5p100;700338.88;;0.070699997;0.070699997
;US-NJ;1966;p0p100;2135038.5;1.2453371948e+11;1.0;1.0
;US-NJ;1966;p99p100;441951.41;;0.093199998;0.093199998
;US-NJ;1966;p99.9p100;1301037.8;;0.0274;0.0274
;US-NJ;1966;p99.99p100;4274936.5;;0.0089999996;0.0089999996
;US-NJ;1966;p90p100;153750.09;;0.3242;0.3242
;US-NJ;1966;p90p95;101095.0;;0.1066;0.1066
;US-NJ;1966;p95p99;147683.09;;0.1246;0.1246
;US-NJ;1966;p99.5p99.9;430883.09;;0.0363;0.0363
;US-NJ;1966;p99.9p99.99;970959.63;;0.0184;0.0184
;US-NJ;1966;p99p99.5;278133.69;;0.029300001;0.029300001
;US-NJ;1966;p95p100;206520.59;;0.2177;0.2177
;US-NJ;1966;p0p90;35612.5;;0.67580003;0.67580003
;US-NJ;1966;p0p99;43443.801;;0.90679997;0.90679997
;US-NJ;1966;p99.5p100;605510.0;;0.0638;0.0638
;US-NJ;1965;p0p100;2181751.0;1.18304455353e+11;1.0;1.0
;US-NJ;1965;p99p100;455100.41;;0.099299997;0.099299997
;US-NJ;1965;p99.9p100;1380920.4;;0.030099999;0.030099999
;US-NJ;1965;p99.99p100;5276128.5;;0.0115;0.0115
;US-NJ;1965;p90p100;152827.2;;0.33360001;0.33360001
;US-NJ;1965;p90p95;96379.602;;0.1052;0.1052
;US-NJ;1965;p95p99;147807.41;;0.12909999;0.12909999
;US-NJ;1965;p99.5p99.9;436889.19;;0.0381;0.0381
;US-NJ;1965;p99.9p99.99;947677.13;;0.0186;0.0186
;US-NJ;1965;p99p99.5;284262.41;;0.030999999;0.030999999
;US-NJ;1965;p95p100;209274.0;;0.22840001;0.22840001
;US-NJ;1965;p0p90;33923.0;;0.66640002;0.66640002
;US-NJ;1965;p0p99;41677.102;;0.90069997;0.90069997
;US-NJ;1965;p99.5p100;625845.81;;0.068300001;0.068300001
;US-NJ;1964;p0p100;2169579.5;1.11950818352e+11;1.0;1.0
;US-NJ;1964;p99p100;418074.69;;0.094800003;0.094800003
;US-NJ;1964;p99.9p100;1277982.8;;0.028999999;0.028999999
;US-NJ;1964;p99.99p100;4962032.0;;0.0112;0.0112
;US-NJ;1964;p90p100;141579.91;;0.32089999;0.32089999
;US-NJ;1964;p90p95;89264.398;;0.1012;0.1012
;US-NJ;1964;p95p99;137887.5;;0.125;0.125
;US-NJ;1964;p99.5p99.9;403656.91;;0.036600001;0.036600001
;US-NJ;1964;p99.9p99.99;868657.81;;0.0177;0.0177
;US-NJ;1964;p99p99.5;257416.7;;0.029200001;0.029200001
;US-NJ;1964;p95p100;193899.3;;0.21969999;0.21969999
;US-NJ;1964;p0p90;33291.801;;0.67909998;0.67909998
;US-NJ;1964;p0p99;40343.699;;0.9052;0.9052
;US-NJ;1964;p99.5p100;578561.19;;0.0656;0.0656
;US-NJ;1963;p0p100;2124819.5;1.04815949978e+11;1.0;1.0
;US-NJ;1963;p99p100;369080.81;;0.087700002;0.087700002
;US-NJ;1963;p99.9p100;1055666.3;;0.0251;0.0251
;US-NJ;1963;p99.99p100;3320073.3;;0.0078999996;0.0078999996
;US-NJ;1963;p90p100;134392.91;;0.31920001;0.31920001
;US-NJ;1963;p90p95;88812.297;;0.1055;0.1055
;US-NJ;1963;p95p99;132697.0;;0.1261;0.1261
;US-NJ;1963;p99.5p99.9;367673.91;;0.034899998;0.034899998
;US-NJ;1963;p99.9p99.99;804886.81;;0.017200001;0.017200001
;US-NJ;1963;p99p99.5;232641.41;;0.0276;0.0276
;US-NJ;1963;p95p100;179973.7;;0.2137;0.2137
;US-NJ;1963;p0p90;31849.0;;0.68080002;0.68080002
;US-NJ;1963;p0p99;38800.102;;0.91229999;0.91229999
;US-NJ;1963;p99.5p100;505513.69;;0.059999999;0.059999999
;US-NJ;1962;p0p100;2132083.8;1.00457040946e+11;1.0;1.0
;US-NJ;1962;p99p100;365383.09;;0.088799998;0.088799998
;US-NJ;1962;p99.9p100;1079460.3;;0.0262;0.0262
;US-NJ;1962;p99.99p100;3609737.0;;0.0088;0.0088
;US-NJ;1962;p90p100;130613.7;;0.31740001;0.31740001
;US-NJ;1962;p90p95;85303.203;;0.1037;0.1037
;US-NJ;1962;p95p99;128559.6;;0.125;0.125
;US-NJ;1962;p99.5p99.9;364078.59;;0.035399999;0.035399999
;US-NJ;1962;p99.9p99.99;799114.19;;0.0175;0.0175
;US-NJ;1962;p99p99.5;223284.8;;0.027100001;0.027100001
;US-NJ;1962;p95p100;175924.41;;0.2138;0.2138
;US-NJ;1962;p0p90;31210.1;;0.68260002;0.68260002
;US-NJ;1962;p0p99;37874.398;;0.91119999;0.91119999
;US-NJ;1962;p99.5p100;507476.41;;0.061700001;0.061700001
;US-NJ;1961;p0p100;2116243.5;95747220644.0;1.0;1.0
;US-NJ;1961;p99p100;392088.41;;0.097900003;0.097900003
;US-NJ;1961;p99.9p100;1266856.0;;0.031599998;0.031599998
;US-NJ;1961;p99.99p100;4794561.0;;0.012;0.012
;US-NJ;1961;p90p100;131483.09;;0.32839999;0.32839999
;US-NJ;1961;p90p95;82860.602;;0.1035;0.1035
;US-NJ;1961;p95p99;127112.2;;0.127;0.127
;US-NJ;1961;p99.5p99.9;373392.19;;0.037300002;0.037300002
;US-NJ;1961;p99.9p99.99;874889.81;;0.0197;0.0197
;US-NJ;1961;p99p99.5;232047.8;;0.028999999;0.028999999
;US-NJ;1961;p95p100;180105.8;;0.22490001;0.22490001
;US-NJ;1961;p0p90;29875.801;;0.67159998;0.67159998
;US-NJ;1961;p0p99;36480.301;;0.90210003;0.90210003
;US-NJ;1961;p99.5p100;552132.38;;0.068999998;0.068999998
;US-NJ;1960;p0p100;2101136.3;91153401747.0;1.0;1.0
;US-NJ;1960;p99p100;337233.09;;0.086599998;0.086599998
;US-NJ;1960;p99.9p100;987025.63;;0.0253;0.0253
;US-NJ;1960;p99.99p100;3194871.8;;0.0082;0.0082
;US-NJ;1960;p90p100;122735.4;;0.31510001;0.31510001
;US-NJ;1960;p90p95;81079.102;;0.1041;0.1041
;US-NJ;1960;p95p99;121183.5;;0.1244;0.1244
;US-NJ;1960;p99.5p99.9;340590.59;;0.035;0.035
;US-NJ;1960;p99.9p99.99;742657.38;;0.017200001;0.017200001
;US-NJ;1960;p99p99.5;204197.91;;0.0262;0.0262
;US-NJ;1960;p95p100;164391.59;;0.211;0.211
;US-NJ;1960;p0p90;29649.301;;0.685;0.685
;US-NJ;1960;p0p99;35944.0;;0.91339999;0.91339999
;US-NJ;1960;p99.5p100;470264.69;;0.060400002;0.060400002
;US-NJ;1959;p0p100;2147712.0;88834802728.0;1.0;1.0
;US-NJ;1959;p99p100;355387.69;;0.092299998;0.092299998
;US-NJ;1959;p99.9p100;1028067.1;;0.026699999;0.026699999
;US-NJ;1959;p99.99p100;3548142.0;;0.0092000002;0.0092000002
;US-NJ;1959;p90p100;124038.4;;0.32229999;0.32229999
;US-NJ;1959;p90p95;78654.297;;0.1022;0.1022
;US-NJ;1959;p95p99;122935.7;;0.1278;0.1278
;US-NJ;1959;p99.5p99.9;358660.5;;0.037300002;0.037300002
;US-NJ;1959;p99.9p99.99;748070.69;;0.0175;0.0175
;US-NJ;1959;p99p99.5;218095.91;;0.0283;0.0283
;US-NJ;1959;p95p100;169422.8;;0.2201;0.2201
;US-NJ;1959;p0p90;28981.301;;0.67769998;0.67769998
;US-NJ;1959;p0p99;35285.5;;0.9077;0.9077
;US-NJ;1959;p99.5p100;492688.81;;0.064000003;0.064000003
;US-NJ;1958;p0p100;2033300.8;81738543087.0;1.0;1.0
;US-NJ;1958;p99p100;343127.31;;0.0955;0.0955
;US-NJ;1958;p99.9p100;1030455.7;;0.0287;0.0287
;US-NJ;1958;p99.99p100;2911324.0;;0.0081000002;0.0081000002
;US-NJ;1958;p90p100;117224.4;;0.32620001;0.32620001
;US-NJ;1958;p90p95;75069.203;;0.1044;0.1044
;US-NJ;1958;p95p99;113443.5;;0.12630001;0.12630001
;US-NJ;1958;p99.5p99.9;344406.19;;0.0383;0.0383
;US-NJ;1958;p99.9p99.99;822515.19;;0.0206;0.0206
;US-NJ;1958;p99p99.5;204504.59;;0.0285;0.0285
;US-NJ;1958;p95p100;159379.91;;0.2217;0.2217
;US-NJ;1958;p0p90;26904.9;;0.67379999;0.67379999
;US-NJ;1958;p0p99;32834.301;;0.90450001;0.90450001
;US-NJ;1958;p99.5p100;481749.09;;0.067000002;0.067000002
;US-NJ;1957;p0p100;2295719.5;86153666590.0;1.0;1.0
;US-NJ;1957;p99p100;331642.59;;0.086300001;0.086300001
;US-NJ;1957;p99.9p100;935705.31;;0.0243;0.0243
;US-NJ;1957;p99.99p100;3023240.0;;0.0078999996;0.0078999996
;US-NJ;1957;p90p100;115704.6;;0.30090001;0.30090001
;US-NJ;1957;p90p95;74124.398;;0.0964;0.0964
;US-NJ;1957;p95p99;113697.1;;0.1183;0.1183
;US-NJ;1957;p99.5p99.9;332041.41;;0.034499999;0.034499999
;US-NJ;1957;p99.9p99.99;703856.31;;0.0165;0.0165
;US-NJ;1957;p99p99.5;210347.09;;0.0274;0.0274
;US-NJ;1957;p95p100;157285.09;;0.2045;0.2045
;US-NJ;1957;p0p90;29865.301;;0.69910002;0.69910002
;US-NJ;1957;p0p99;35487.102;;0.91369998;0.91369998
;US-NJ;1957;p99.5p100;452934.69;;0.058899999;0.058899999
;US-NJ;1956;p0p100;2464592.5;84822416560.0;1.0;1.0
;US-NJ;1956;p99p100;355637.31;;0.092399999;0.092399999
;US-NJ;1956;p99.9p100;1046762.2;;0.0272;0.0272
;US-NJ;1956;p99.99p100;3371371.0;;0.0088;0.0088
;US-NJ;1956;p90p100;119528.8;;0.31060001;0.31060001
;US-NJ;1956;p90p95;77496.797;;0.1007;0.1007
;US-NJ;1956;p95p99;113284.3;;0.1177;0.1177
;US-NJ;1956;p99.5p99.9;353860.59;;0.036800001;0.036800001
;US-NJ;1956;p99.9p99.99;788991.81;;0.0185;0.0185
;US-NJ;1956;p99p99.5;218522.41;;0.0284;0.0284
;US-NJ;1956;p95p100;161755.3;;0.2101;0.2101
;US-NJ;1956;p0p90;29471.5;;0.68919998;0.68919998
;US-NJ;1956;p0p99;35282.301;;0.90759999;0.90759999
;US-NJ;1956;p99.5p100;492747.69;;0.064000003;0.064000003
;US-NJ;1955;p0p100;2454768.3;80674699262.0;1.0;1.0
;US-NJ;1955;p99p100;340585.19;;0.091499999;0.091499999
;US-NJ;1955;p99.9p100;1028138.9;;0.0276;0.0276
;US-NJ;1955;p99.99p100;3213309.8;;0.0086000003;0.0086000003
;US-NJ;1955;p90p100;116547.6;;0.3132;0.3132
;US-NJ;1955;p90p95;76095.102;;0.1022;0.1022
;US-NJ;1955;p95p99;111642.2;;0.12;0.12
;US-NJ;1955;p99.5p99.9;334634.09;;0.035999998;0.035999998
;US-NJ;1955;p99.9p99.99;785401.69;;0.018999999;0.018999999
;US-NJ;1955;p99p99.5;207838.3;;0.027899999;0.027899999
;US-NJ;1955;p95p100;157411.2;;0.2115;0.2115
;US-NJ;1955;p0p90;28371.301;;0.68620002;0.68620002
;US-NJ;1955;p0p99;34146.102;;0.90850002;0.90850002
;US-NJ;1955;p99.5p100;473332.31;;0.063600004;0.063600004
;US-NJ;1954;p0p100;2341401.5;76251735676.0;1.0;1.0
;US-NJ;1954;p99p100;332570.81;;0.093000002;0.093000002
;US-NJ;1954;p99.9p100;998592.13;;0.027899999;0.027899999
;US-NJ;1954;p99.99p100;3220893.3;;0.0089999996;0.0089999996
;US-NJ;1954;p90p100;112162.6;;0.31369999;0.31369999
;US-NJ;1954;p90p95;73401.0;;0.1026;0.1026
;US-NJ;1954;p95p99;106153.6;;0.1187;0.1187
;US-NJ;1954;p99.5p99.9;332004.91;;0.037099998;0.037099998
;US-NJ;1954;p99.9p99.99;751675.31;;0.0189;0.0189
;US-NJ;1954;p99p99.5;199820.7;;0.027899999;0.027899999
;US-NJ;1954;p95p100;151404.8;;0.21170001;0.21170001
;US-NJ;1954;p0p90;27240.199;;0.68559998;0.68559998
;US-NJ;1954;p0p99;32760.0;;0.90700001;0.90700001
;US-NJ;1954;p99.5p100;465321.5;;0.065099999;0.065099999
;US-NJ;1953;p0p100;2383140.0;75568707529.0;1.0;1.0
;US-NJ;1953;p99p100;291245.91;;0.080799997;0.080799997
;US-NJ;1953;p99.9p100;852119.81;;0.023600001;0.023600001
;US-NJ;1953;p99.99p100;2543029.5;;0.0071;0.0071
;US-NJ;1953;p90p100;106046.9;;0.29429999;0.29429999
;US-NJ;1953;p90p95;73391.703;;0.1018;0.1018
;US-NJ;1953;p95p99;101474.3;;0.1126;0.1126
;US-NJ;1953;p99.5p99.9;294090.31;;0.032600001;0.032600001
;US-NJ;1953;p99.9p99.99;664644.69;;0.0166;0.0166
;US-NJ;1953;p99p99.5;176866.0;;0.024499999;0.024499999
;US-NJ;1953;p95p100;139367.2;;0.1934;0.1934
;US-NJ;1953;p0p90;28214.4;;0.70469999;0.70469999
;US-NJ;1953;p0p99;33456.801;;0.9192;0.9192
;US-NJ;1953;p99.5p100;405651.41;;0.056299999;0.056299999
;US-NJ;1952;p0p100;2323831.3;71443540975.0;1.0;1.0
;US-NJ;1952;p99p100;296519.81;;0.085699998;0.085699998
;US-NJ;1952;p99.9p100;828250.19;;0.0239;0.0239
;US-NJ;1952;p99.99p100;2200406.5;;0.0063999998;0.0063999998
;US-NJ;1952;p90p100;106131.4;;0.3066;0.3066
;US-NJ;1952;p90p95;71528.203;;0.1033;0.1033
;US-NJ;1952;p95p99;102978.2;;0.119;0.119
;US-NJ;1952;p99.5p99.9;303345.09;;0.035100002;0.035100002
;US-NJ;1952;p99.9p99.99;677042.88;;0.0176;0.0176
;US-NJ;1952;p99p99.5;184903.91;;0.026699999;0.026699999
;US-NJ;1952;p95p100;141558.09;;0.2045;0.2045
;US-NJ;1952;p0p90;26611.9;;0.69190001;0.69190001
;US-NJ;1952;p0p99;31968.0;;0.91430002;0.91430002
;US-NJ;1952;p99.5p100;408200.0;;0.059;0.059
;US-NJ;1951;p0p100;2345835.3;67927357544.0;1.0;1.0
;US-NJ;1951;p99p100;358210.81;;0.107;0.107
;US-NJ;1951;p99.9p100;1116255.8;;0.033399999;0.033399999
;US-NJ;1951;p99.99p100;2845186.3;;0.0085000005;0.0085000005
;US-NJ;1951;p90p100;103945.5;;0.31060001;0.31060001
;US-NJ;1951;p90p95;56012.0;;0.083700001;0.083700001
;US-NJ;1951;p95p99;100126.6;;0.1197;0.1197
;US-NJ;1951;p99.5p99.9;357008.5;;0.0427;0.0427
;US-NJ;1951;p99.9p99.99;927170.38;;0.024900001;0.024900001
;US-NJ;1951;p99p99.5;204432.8;;0.0305;0.0305
;US-NJ;1951;p95p100;152199.3;;0.2274;0.2274
;US-NJ;1951;p0p99;23321.301;;0.69;0.69
;US-NJ;1951;p99.5p100;510853.0;;0.076300003;0.076300003
;US-NJ;1950;p0p100;2620245.0;64082802843.0;1.0;1.0
;US-NJ;1950;p99p100;348684.5;;0.1086;0.1086
;US-NJ;1950;p99.9p100;1115805.8;;0.0348;0.0348
;US-NJ;1950;p99.99p100;2966907.3;;0.0092000002;0.0092000002
;US-NJ;1950;p90p100;100560.3;;0.31330001;0.31330001
;US-NJ;1950;p90p95;53756.699;;0.083700001;0.083700001
;US-NJ;1950;p95p99;97257.398;;0.1212;0.1212
;US-NJ;1950;p99.5p99.9;343407.09;;0.042800002;0.042800002
;US-NJ;1950;p99.9p99.99;915644.19;;0.025699999;0.025699999
;US-NJ;1950;p99p99.5;199642.91;;0.031099999;0.031099999
;US-NJ;1950;p95p100;147449.7;;0.2297;0.2297
;US-NJ;1950;p0p90;24478.1;;0.68629998;0.68629998
;US-NJ;1950;p0p99;28903.199;;0.89139998;0.89139998
;US-NJ;1950;p99.5p100;497783.91;;0.077500001;0.077500001
;US-NJ;1949;p0p100;2446112.3;57747431180.0;1.0;1.0
;US-NJ;1949;p99p100;299480.31;;0.1019;0.1019
;US-NJ;1949;p99.9p100;916294.31;;0.031199999;0.031199999
;US-NJ;1949;p99.99p100;2861806.5;;0.0097000003;0.0097000003
;US-NJ;1949;p90p100;93470.602;;0.31810001;0.31810001
;US-NJ;1949;p90p95;54837.898;;0.0933;0.0933
;US-NJ;1949;p95p99;90341.898;;0.123;0.123
;US-NJ;1949;p99.5p99.9;299059.81;;0.0407;0.0407
;US-NJ;1949;p99.9p99.99;700132.63;;0.021400001;0.021400001
;US-NJ;1949;p99p99.5;176451.0;;0.029999999;0.029999999
;US-NJ;1949;p95p100;132111.41;;0.22480001;0.22480001
;US-NJ;1949;p0p90;22264.699;;0.68180001;0.68180001
;US-NJ;1949;p0p99;26660.4;;0.89810002;0.89810002
;US-NJ;1949;p99.5p100;422506.81;;0.071900003;0.071900003
;US-NJ;1948;p0p100;2420987.0;57535156653.0;1.0;1.0
;US-NJ;1948;p99p100;310030.91;;0.1045;0.1045
;US-NJ;1948;p99.9p100;956919.13;;0.032299999;0.032299999
;US-NJ;1948;p99.99p100;2915079.8;;0.0098000001;0.0098000001
;US-NJ;1948;p90p100;94751.203;;0.3195;0.3195
;US-NJ;1948;p90p95;55273.0;;0.093199998;0.093199998
;US-NJ;1948;p95p99;90290.102;;0.1218;0.1218
;US-NJ;1948;p99.5p99.9;311488.09;;0.041999999;0.041999999
;US-NJ;1948;p99.9p99.99;739355.69;;0.022399999;0.022399999
;US-NJ;1948;p99p99.5;179492.7;;0.030300001;0.030300001
;US-NJ;1948;p95p100;134215.91;;0.2263;0.2263
;US-NJ;1948;p0p90;22427.0;;0.68049997;0.68049997
;US-NJ;1948;p0p99;26827.9;;0.8955;0.8955
;US-NJ;1948;p99.5p100;440572.69;;0.074299999;0.074299999
;US-NJ;1947;p0p100;2748045.8;55499081577.0;1.0;1.0
;US-NJ;1947;p99p100;293160.19;;0.1011;0.1011
;US-NJ;1947;p99.9p100;897022.0;;0.0309;0.0309
;US-NJ;1947;p99.99p100;2735791.5;;0.0093999999;0.0093999999
;US-NJ;1947;p90p100;91132.703;;0.31439999;0.31439999
;US-NJ;1947;p90p95;53741.801;;0.092699997;0.092699997
;US-NJ;1947;p95p99;87382.703;;0.1206;0.1206
;US-NJ;1947;p99.5p99.9;294773.19;;0.0407;0.0407
;US-NJ;1947;p99.9p99.99;692756.81;;0.021500001;0.021500001
;US-NJ;1947;p99p99.5;171085.91;;0.0295;0.0295
;US-NJ;1947;p95p100;128525.6;;0.2217;0.2217
;US-NJ;1947;p0p90;22079.6;;0.68559998;0.68559998
;US-NJ;1947;p0p99;26317.199;;0.89889997;0.89889997
;US-NJ;1947;p99.5p100;415221.69;;0.071599998;0.071599998
;US-NJ;1946;p0p100;3703792.3;56334013462.0;1.0;1.0
;US-NJ;1946;p99p100;339025.41;;0.1135;0.1135
;US-NJ;1946;p99.9p100;1061026.9;;0.035500001;0.035500001
;US-NJ;1946;p99.99p100;3367864.5;;0.0113;0.0113
;US-NJ;1946;p90p100;99924.102;;0.33450001;0.33450001
;US-NJ;1946;p90p95;54406.5;;0.0911;0.0911
;US-NJ;1946;p95p99;97056.5;;0.13;0.13
;US-NJ;1946;p99.5p99.9;337184.59;;0.045200001;0.045200001
;US-NJ;1946;p99.9p99.99;804724.88;;0.0242;0.0242
;US-NJ;1946;p99p99.5;196075.0;;0.0328;0.0328
;US-NJ;1946;p95p100;145441.8;;0.24339999;0.24339999
;US-NJ;1946;p0p90;22088.1;;0.66549999;0.66549999
;US-NJ;1946;p0p99;26749.301;;0.8865;0.8865
;US-NJ;1946;p99.5p100;481952.59;;0.080700003;0.080700003
;US-NJ;1945;p0p100;4528680.5;58088899016.0;1.0;1.0
;US-NJ;1945;p99p100;337413.69;;0.1088;0.1088
;US-NJ;1945;p99.9p100;1084945.9;;0.035;0.035
;US-NJ;1945;p99.99p100;3309477.0;;0.0107;0.0107
;US-NJ;1945;p90p100;98078.602;;0.3163;0.3163
;US-NJ;1945;p90p95;57432.199;;0.092600003;0.092600003
;US-NJ;1945;p95p99;89066.898;;0.1149;0.1149
;US-NJ;1945;p99.5p99.9;336118.5;;0.043400001;0.043400001
;US-NJ;1945;p99.9p99.99;837669.69;;0.0243;0.0243
;US-NJ;1945;p99p99.5;188929.2;;0.0305;0.0305
;US-NJ;1945;p95p100;138727.0;;0.2237;0.2237
;US-NJ;1945;p0p90;23553.9;;0.68370003;0.68370003
;US-NJ;1945;p0p99;27911.699;;0.89120001;0.89120001
;US-NJ;1945;p99.5p100;485875.5;;0.078400001;0.078400001
;US-NJ;1944;p0p100;4888092.0;59494879691.0;1.0;1.0
;US-NJ;1944;p99p100;306989.59;;0.096000001;0.096000001
;US-NJ;1944;p99.9p100;994142.19;;0.031099999;0.031099999
;US-NJ;1944;p99.99p100;2881376.0;;0.0089999996;0.0089999996
;US-NJ;1944;p90p100;97179.5;;0.3037;0.3037
;US-NJ;1944;p90p95;64019.102;;0.1;0.1
;US-NJ;1944;p95p99;88233.602;;0.1103;0.1103
;US-NJ;1944;p99.5p99.9;304090.69;;0.037999999;0.037999999
;US-NJ;1944;p99.9p99.99;784762.38;;0.0221;0.0221
;US-NJ;1944;p99p99.5;171985.7;;0.026900001;0.026900001
;US-NJ;1944;p95p100;131730.3;;0.2059;0.2059
;US-NJ;1944;p0p90;24658.801;;0.69370002;0.69370002
;US-NJ;1944;p0p99;29216.199;;0.90399998;0.90399998
;US-NJ;1944;p99.5p100;442112.09;;0.0691;0.0691
;US-NJ;1943;p0p100;5135020.0;59862191856.0;1.0;1.0
;US-NJ;1943;p99p100;346808.09;;0.1068;0.1068
;US-NJ;1943;p99.9p100;1140926.6;;0.035100002;0.035100002
;US-NJ;1943;p99.99p100;3120752.0;;0.0096000005;0.0096000005
;US-NJ;1943;p90p100;98042.398;;0.3019;0.3019
;US-NJ;1943;p90p95;56977.199;;0.087700002;0.087700002
;US-NJ;1943;p95p99;87162.797;;0.1074;0.1074
;US-NJ;1943;p99.5p99.9;345850.0;;0.042599998;0.042599998
;US-NJ;1943;p99.9p99.99;923367.5;;0.025599999;0.025599999
;US-NJ;1943;p99p99.5;188708.91;;0.029100001;0.029100001
;US-NJ;1943;p95p100;139102.41;;0.2142;0.2142
;US-NJ;1943;p0p90;25185.0;;0.69800001;0.69800001
;US-NJ;1943;p0p99;29296.801;;0.89319998;0.89319998
;US-NJ;1943;p99.5p100;504885.81;;0.077699997;0.077699997
;US-NJ;1942;p0p100;5008560.5;51271200641.0;1.0;1.0
;US-NJ;1942;p99p100;339312.09;;0.1207;0.1207
;US-NJ;1942;p99.9p100;1148414.8;;0.040899999;0.040899999
;US-NJ;1942;p99.99p100;3580813.8;;0.0127;0.0127
;US-NJ;1942;p90p100;92280.898;;0.3283;0.3283
;US-NJ;1942;p90p95;51030.301;;0.090800002;0.090800002
;US-NJ;1942;p95p99;82074.297;;0.1168;0.1168
;US-NJ;1942;p99.5p99.9;336111.81;;0.047800001;0.047800001
;US-NJ;1942;p99.9p99.99;878014.31;;0.028100001;0.028100001
;US-NJ;1942;p99p99.5;179979.2;;0.032000002;0.032000002
;US-NJ;1942;p95p100;133533.5;;0.2375;0.2375
;US-NJ;1942;p0p90;20980.9;;0.6717;0.6717
;US-NJ;1942;p0p99;24966.4;;0.8793;0.8793
;US-NJ;1942;p99.5p100;498611.19;;0.088699996;0.088699996
;US-NJ;1941;p0p100;5400372.0;44792282970.0;1.0;1.0
;US-NJ;1941;p99p100;359108.31;;0.1451;0.1451
;US-NJ;1941;p99.9p100;1301572.8;;0.0526;0.0526
;US-NJ;1941;p99.99p100;4909488.0;;0.0198;0.0198
;US-NJ;1941;p90p100;95870.297;;0.38730001;0.38730001
;US-NJ;1941;p90p95;53468.699;;0.108;0.108
;US-NJ;1941;p95p99;83006.0;;0.13410001;0.13410001
;US-NJ;1941;p99.5p99.9;340488.0;;0.055;0.055
;US-NJ;1941;p99.9p99.99;901559.81;;0.0328;0.0328
;US-NJ;1941;p99p99.5;185448.91;;0.037500001;0.037500001
;US-NJ;1941;p95p100;138238.0;;0.27919999;0.27919999
;US-NJ;1941;p0p90;16851.801;;0.61269999;0.61269999
;US-NJ;1941;p0p99;21374.5;;0.8549;0.8549
;US-NJ;1941;p99.5p100;532709.31;;0.1076;0.1076
;US-NJ;1940;p0p100;5362662.0;40069373518.0;1.0;1.0
;US-NJ;1940;p99p100;334678.31;;0.15009999;0.15009999
;US-NJ;1940;p99.9p100;1195682.5;;0.053599998;0.053599998
;US-NJ;1940;p99.99p100;4647484.5;;0.0208;0.0208
;US-NJ;1940;p90p100;89574.797;;0.40180001;0.40180001
;US-NJ;1940;p90p95;49506.699;;0.111;0.111
;US-NJ;1940;p95p99;78418.703;;0.1407;0.1407
;US-NJ;1940;p99.5p99.9;318513.81;;0.057100002;0.057100002
;US-NJ;1940;p99.9p99.99;813173.88;;0.0328;0.0328
;US-NJ;1940;p99p99.5;175320.59;;0.039299998;0.039299998
;US-NJ;1940;p95p100;129662.5;;0.29080001;0.29080001
;US-NJ;1940;p0p90;14816.2;;0.59810001;0.59810001
;US-NJ;1940;p0p99;19138.5;;0.84990001;0.84990001
;US-NJ;1940;p99.5p100;493961.59;;0.1108;0.1108
;US-NJ;1939;p0p100;5040411.5;36505776337.0;1.0;1.0
;US-NJ;1939;p99p100;313055.19;;0.1523;0.1523
;US-NJ;1939;p99.9p100;1106019.3;;0.053800002;0.053800002
;US-NJ;1939;p99.99p100;4161736.3;;0.020199999;0.020199999
;US-NJ;1939;p90p100;88852.0;;0.43220001;0.43220001
;US-NJ;1939;p90p95;54498.602;;0.13259999;0.13259999
;US-NJ;1939;p95p99;76121.898;;0.1481;0.1481
;US-NJ;1939;p99.5p99.9;299818.41;;0.0583;0.0583
;US-NJ;1939;p99.9p99.99;766889.38;;0.033599999;0.033599999
;US-NJ;1939;p99p99.5;164972.59;;0.040100001;0.040100001
;US-NJ;1939;p95p100;123499.0;;0.30039999;0.30039999
;US-NJ;1939;p0p90;12951.8;;0.56699997;0.56699997
;US-NJ;1939;p0p99;17602.5;;0.8477;0.8477
;US-NJ;1939;p99.5p100;461086.0;;0.1121;0.1121
;US-NJ;1938;p0p100;4536337.0;33452033302.0;1.0;1.0
;US-NJ;1938;p99p100;282114.91;;0.14820001;0.14820001
;US-NJ;1938;p99.9p100;1003999.9;;0.052700002;0.052700002
;US-NJ;1938;p99.99p100;3867911.5;;0.020300001;0.020300001
;US-NJ;1938;p90p100;83357.203;;0.43779999;0.43779999
;US-NJ;1938;p90p95;56585.898;;0.1486;0.1486
;US-NJ;1938;p95p99;69767.203;;0.14659999;0.14659999
;US-NJ;1938;p99.5p99.9;266746.0;;0.056000002;0.056000002
;US-NJ;1938;p99.9p99.99;686213.31;;0.032400001;0.032400001
;US-NJ;1938;p99p99.5;149802.91;;0.039299998;0.039299998
;US-NJ;1938;p95p100;112236.6;;0.29480001;0.29480001
;US-NJ;1938;p0p90;11775.9;;0.55669999;0.55669999
;US-NJ;1938;p0p99;16381.3;;0.85180002;0.85180002
;US-NJ;1938;p99.5p100;414317.0;;0.1088;0.1088
;US-NJ;1937;p0p100;4600376.5;34864149729.0;1.0;1.0
;US-NJ;1937;p99p100;327660.19;;0.1635;0.1635
;US-NJ;1937;p99.9p100;1195318.1;;0.059599999;0.059599999
;US-NJ;1937;p99.99p100;4204335.5;;0.021;0.021
;US-NJ;1937;p90p100;88421.797;;0.4411;0.4411
;US-NJ;1937;p90p95;54497.898;;0.13590001;0.13590001
;US-NJ;1937;p95p99;72863.602;;0.1454;0.1454
;US-NJ;1937;p99.5p99.9;313515.69;;0.062600002;0.062600002
;US-NJ;1937;p99.9p99.99;860960.31;;0.038699999;0.038699999
;US-NJ;1937;p99p99.5;165446.8;;0.041299999;0.041299999
;US-NJ;1937;p95p100;123822.3;;0.30880001;0.30880001
;US-NJ;1937;p0p90;12367.1;;0.55519998;0.55519998
;US-NJ;1937;p0p99;16939.199;;0.83649999;0.83649999
;US-NJ;1937;p99.5p100;489875.81;;0.1222;0.1222
;US-NJ;1936;p0p100;4913877.5;34394752214.0;1.0;1.0
;US-NJ;1936;p99p100;358881.19;;0.17990001;0.17990001
;US-NJ;1936;p99.9p100;1340460.3;;0.067199998;0.067199998
;US-NJ;1936;p99.99p100;4755540.5;;0.023800001;0.023800001
;US-NJ;1936;p90p100;93253.797;;0.46759999;0.46759999
;US-NJ;1936;p90p95;59114.199;;0.14820001;0.14820001
;US-NJ;1936;p95p99;73908.797;;0.14820001;0.14820001
;US-NJ;1936;p99.5p99.9;344485.31;;0.0691;0.0691
;US-NJ;1936;p99.9p99.99;960985.38;;0.043400001;0.043400001
;US-NJ;1936;p99p99.5;174088.09;;0.0436;0.0436
;US-NJ;1936;p95p100;130906.3;;0.32820001;0.32820001
;US-NJ;1936;p0p90;11604.2;;0.52359998;0.52359998
;US-NJ;1936;p0p99;16521.1;;0.82010001;0.82010001
;US-NJ;1936;p99.5p100;543678.88;;0.1363;0.1363
;US-NJ;1935;p0p100;4459654.0;30351020356.0;1.0;1.0
;US-NJ;1935;p99p100;291476.09;;0.16419999;0.16419999
;US-NJ;1935;p99.9p100;1124430.5;;0.063299999;0.063299999
;US-NJ;1935;p99.99p100;4628281.0;;0.0261;0.0261
;US-NJ;1935;p90p100;81745.5;;0.46039999;0.46039999
;US-NJ;1935;p90p95;55445.699;;0.15620001;0.15620001
;US-NJ;1935;p95p99;67149.297;;0.1513;0.1513
;US-NJ;1935;p99.5p99.9;268576.59;;0.0605;0.0605
;US-NJ;1935;p99.9p99.99;735052.13;;0.037300002;0.037300002
;US-NJ;1935;p99p99.5;143205.09;;0.0403;0.0403
;US-NJ;1935;p95p100;112027.7;;0.31549999;0.31549999
;US-NJ;1935;p0p90;10423.2;;0.5284;0.5284
;US-NJ;1935;p0p99;14988.9;;0.83579999;0.83579999
;US-NJ;1935;p99.5p100;439748.59;;0.1238;0.1238
;US-NJ;1934;p0p100;4396904.5;28221967513.0;1.0;1.0
;US-NJ;1934;p99p100;265694.5;;0.1595;0.1595
;US-NJ;1934;p99.9p100;1010112.0;;0.060600001;0.060600001
;US-NJ;1934;p99.99p100;4148652.5;;0.024900001;0.024900001
;US-NJ;1934;p90p100;81358.898;;0.4883;0.4883
;US-NJ;1934;p90p95;55612.898;;0.16689999;0.16689999
;US-NJ;1934;p95p99;73206.5;;0.17569999;0.17569999
;US-NJ;1934;p99.5p99.9;244793.3;;0.058800001;0.058800001
;US-NJ;1934;p99.9p99.99;661316.81;;0.035700001;0.035700001
;US-NJ;1934;p99p99.5;133528.7;;0.040100001;0.040100001
;US-NJ;1934;p95p100;111571.4;;0.3348;0.3348
;US-NJ;1934;p0p90;9218.7002;;0.49790001;0.49790001
;US-NJ;1934;p0p99;14147.1;;0.8405;0.8405
;US-NJ;1934;p99.5p100;397859.5;;0.1194;0.1194
;US-NJ;1933;p0p100;4585303.5;27316344664.0;1.0;1.0
;US-NJ;1933;p99p100;257263.0;;0.15809999;0.15809999
;US-NJ;1933;p99.9p100;998658.5;;0.0614;0.0614
;US-NJ;1933;p99.99p100;3774954.5;;0.0232;0.0232
;US-NJ;1933;p90p100;76573.602;;0.4707;0.4707
;US-NJ;1933;p90p95;52005.102;;0.15979999;0.15979999
;US-NJ;1933;p95p99;67200.0;;0.1652;0.1652
;US-NJ;1933;p99.5p99.9;233450.8;;0.057399999;0.057399999
;US-NJ;1933;p99.9p99.99;690181.13;;0.038199998;0.038199998
;US-NJ;1933;p99p99.5;128033.6;;0.0394;0.0394
;US-NJ;1933;p95p100;105153.5;;0.32319999;0.32319999
;US-NJ;1933;p0p90;9341.4004;;0.51679999;0.51679999
;US-NJ;1933;p0p99;13833.9;;0.84189999;0.84189999
;US-NJ;1933;p99.5p100;386492.41;;0.1188;0.1188
;US-NJ;1932;p0p100;4520022.5;29676516117.0;1.0;1.0
;US-NJ;1932;p99p100;260449.3;;0.1462;0.1462
;US-NJ;1932;p99.9p100;979079.0;;0.054900002;0.054900002
;US-NJ;1932;p99.99p100;3579165.0;;0.020099999;0.020099999
;US-NJ;1932;p90p100;84226.797;;0.4727;0.4727
;US-NJ;1932;p90p95;66869.398;;0.1876;0.1876
;US-NJ;1932;p95p99;71103.797;;0.1596;0.1596
;US-NJ;1932;p99.5p99.9;239251.3;;0.0537;0.0537
;US-NJ;1932;p99.9p99.99;690180.63;;0.034899998;0.034899998
;US-NJ;1932;p99p99.5;133681.8;;0.037500001;0.037500001
;US-NJ;1932;p95p100;108991.0;;0.30579999;0.30579999
;US-NJ;1932;p0p90;10030.4;;0.50660002;0.50660002
;US-NJ;1932;p0p99;15368.6;;0.8538;0.8538
;US-NJ;1932;p99.5p100;387216.91;;0.1087;0.1087
;US-NJ;1931;p0p100;4094422.0;33125569882.0;1.0;1.0
;US-NJ;1931;p99p100;292784.31;;0.1459;0.1459
;US-NJ;1931;p99.9p100;1087658.1;;0.054200001;0.054200001
;US-NJ;1931;p99.99p100;4299444.5;;0.021400001;0.021400001
;US-NJ;1931;p90p100;97251.102;;0.48469999;0.48469999
;US-NJ;1931;p90p95;87544.398;;0.2182;0.2182
;US-NJ;1931;p95p99;82433.297;;0.16429999;0.16429999
;US-NJ;1931;p99.5p99.9;267004.09;;0.053199999;0.053199999
;US-NJ;1931;p99.9p99.99;730792.88;;0.0328;0.0328
;US-NJ;1931;p99p99.5;154433.8;;0.0385;0.0385
;US-NJ;1931;p95p100;124117.4;;0.30930001;0.30930001
;US-NJ;1931;p0p90;10513.5;;0.4716;0.4716
;US-NJ;1931;p0p99;17309.801;;0.85409999;0.85409999
;US-NJ;1931;p99.5p100;431134.91;;0.1074;0.1074
;US-NJ;1930;p0p100;3607249.0;34737395832.0;1.0;1.0
;US-NJ;1930;p99p100;341285.91;;0.16060001;0.16060001
;US-NJ;1930;p99.9p100;1340726.0;;0.063100003;0.063100003
;US-NJ;1930;p99.99p100;5535982.5;;0.026000001;0.026000001
;US-NJ;1930;p90p100;98548.297;;0.4637;0.4637
;US-NJ;1930;p90p95;76954.898;;0.18099999;0.18099999
;US-NJ;1930;p95p99;80442.797;;0.1514;0.1514
;US-NJ;1930;p99.5p99.9;307560.5;;0.0579;0.0579
;US-NJ;1930;p99.9p99.99;874586.38;;0.037;0.037
;US-NJ;1930;p99p99.5;168378.09;;0.0396;0.0396
;US-NJ;1930;p95p100;132393.41;;0.31150001;0.31150001
;US-NJ;1930;p0p90;11972.0;;0.50700003;0.50700003
;US-NJ;1930;p0p99;18020.5;;0.83939999;0.83939999
;US-NJ;1930;p99.5p100;514193.59;;0.121;0.121
;US-NJ;1929;p0p100;3763714.8;37267409555.0;1.0;1.0
;US-NJ;1929;p99p100;496408.19;;0.21269999;0.21269999
;US-NJ;1929;p99.9p100;2325458.0;;0.099600002;0.099600002
;US-NJ;1929;p99.99p100;10340968.0;;0.044300001;0.044300001
;US-NJ;1929;p90p100;114054.1;;0.48859999;0.48859999
;US-NJ;1929;p90p95;69596.0;;0.14910001;0.14910001
;US-NJ;1929;p95p99;84992.203;;0.14560001;0.14560001
;US-NJ;1929;p99.5p99.9;405005.19;;0.069399998;0.069399998
;US-NJ;1929;p99.9p99.99;1434846.0;;0.055300001;0.055300001
;US-NJ;1929;p99p99.5;203720.7;;0.0436;0.0436
;US-NJ;1929;p95p100;167173.3;;0.3581;0.3581
;US-NJ;1929;p0p90;12777.2;;0.49259999;0.49259999
;US-NJ;1929;p0p99;18564.6;;0.78729999;0.78729999
;US-NJ;1929;p99.5p100;789095.81;;0.169;0.169
;US-NJ;1928;p0p100;3640957.0;35221935104.0;1.0;1.0
;US-NJ;1928;p99p100;529309.13;;0.2344;0.2344
;US-NJ;1928;p99.9p100;2405239.0;;0.1065;0.1065
;US-NJ;1928;p99.99p100;10726175.0;;0.047499999;0.047499999
;US-NJ;1928;p90p100;118634.0;;0.52539998;0.52539998
;US-NJ;1928;p90p95;70782.602;;0.1567;0.1567
;US-NJ;1928;p95p99;86129.703;;0.15260001;0.15260001
;US-NJ;1928;p99.5p99.9;449421.0;;0.079599999;0.079599999
;US-NJ;1928;p99.9p99.99;1480690.8;;0.059;0.059
;US-NJ;1928;p99p99.5;218033.5;;0.048300002;0.048300002
;US-NJ;1928;p95p100;174681.0;;0.38679999;0.38679999
;US-NJ;1928;p0p90;11449.2;;0.45629999;0.45629999
;US-NJ;1928;p0p99;17463.301;;0.76560003;0.76560003
;US-NJ;1928;p99.5p100;840584.63;;0.18610001;0.18610001
;US-NJ;1927;p0p100;3366341.0;32623552303.0;1.0;1.0
;US-NJ;1927;p99p100;449663.69;;0.2096;0.2096
;US-NJ;1927;p99.9p100;1913307.1;;0.089199997;0.089199997
;US-NJ;1927;p99.99p100;7919302.5;;0.036899999;0.036899999
;US-NJ;1927;p90p100;108092.3;;0.50389999;0.50389999
;US-NJ;1927;p90p95;66743.398;;0.1556;0.1556
;US-NJ;1927;p95p99;82756.797;;0.1543;0.1543
;US-NJ;1927;p99.5p99.9;395245.59;;0.073700003;0.073700003
;US-NJ;1927;p99.9p99.99;1245974.3;;0.052299999;0.052299999
;US-NJ;1927;p99p99.5;200469.5;;0.046700001;0.046700001
;US-NJ;1927;p95p100;156067.0;;0.36379999;0.36379999
;US-NJ;1927;p0p90;11453.4;;0.48050001;0.48050001
;US-NJ;1927;p0p99;17126.801;;0.79040003;0.79040003
;US-NJ;1927;p99.5p100;698857.88;;0.1629;0.1629
;US-NJ;1926;p0p100;3174910.3;31112457847.0;1.0;1.0
;US-NJ;1926;p99p100;412645.41;;0.1963;0.1963
;US-NJ;1926;p99.9p100;1594973.6;;0.075900003;0.075900003
;US-NJ;1926;p99.99p100;5906831.0;;0.028100001;0.028100001
;US-NJ;1926;p90p100;102653.5;;0.48840001;0.48840001
;US-NJ;1926;p90p95;62522.699;;0.1487;0.1487
;US-NJ;1926;p95p99;81703.398;;0.15549999;0.15549999
;US-NJ;1926;p99.5p99.9;385816.5;;0.073399998;0.073399998
;US-NJ;1926;p99.9p99.99;1115878.3;;0.047800001;0.047800001
;US-NJ;1926;p99p99.5;197642.91;;0.046999998;0.046999998
;US-NJ;1926;p95p100;147815.09;;0.35159999;0.35159999
;US-NJ;1926;p0p90;11663.6;;0.49939999;0.49939999
;US-NJ;1926;p0p99;17062.1;;0.80369997;0.80369997
;US-NJ;1926;p99.5p100;627647.88;;0.14929999;0.14929999
;US-NJ;1925;p0p100;3206511.5;30020646644.0;1.0;1.0
;US-NJ;1925;p99p100;412274.19;;0.1979;0.1979
;US-NJ;1925;p99.9p100;1582675.3;;0.075999998;0.075999998
;US-NJ;1925;p99.99p100;5285847.5;;0.0254;0.0254
;US-NJ;1925;p90p100;100009.5;;0.48019999;0.48019999
;US-NJ;1925;p90p95;56709.602;;0.13609999;0.13609999
;US-NJ;1925;p95p99;79842.5;;0.1533;0.1533
;US-NJ;1925;p99.5p99.9;386584.19;;0.074199997;0.074199997
;US-NJ;1925;p99.9p99.99;1171211.6;;0.0506;0.0506
;US-NJ;1925;p99p99.5;198746.0;;0.047699999;0.047699999
;US-NJ;1925;p95p100;146262.5;;0.3511;0.3511
;US-NJ;1925;p0p90;11862.9;;0.5126;0.5126
;US-NJ;1925;p0p99;16874.5;;0.8021;0.8021
;US-NJ;1925;p99.5p100;625802.38;;0.15019999;0.15019999
;US-NJ;1924;p0p100;3205014.3;27743032232.0;1.0;1.0
;US-NJ;1924;p99p100;346649.91;;0.1751;0.1751
;US-NJ;1924;p99.9p100;1256259.1;;0.0634;0.0634
;US-NJ;1924;p99.99p100;4166507.0;;0.021;0.021
;US-NJ;1924;p90p100;89412.0;;0.45159999;0.45159999
;US-NJ;1924;p90p95;50017.301;;0.12630001;0.12630001
;US-NJ;1924;p95p99;74399.5;;0.1503;0.1503
;US-NJ;1924;p99.5p99.9;334739.19;;0.067599997;0.067599997
;US-NJ;1924;p99.9p99.99;932898.19;;0.042399999;0.042399999
;US-NJ;1924;p99p99.5;174256.5;;0.044;0.044
;US-NJ;1924;p95p100;128849.6;;0.32539999;0.32539999
;US-NJ;1924;p0p90;12063.5;;0.54830003;0.54830003
;US-NJ;1924;p0p99;16499.0;;0.82489997;0.82489997
;US-NJ;1924;p99.5p100;519043.19;;0.1311;0.1311
;US-NJ;1923;p0p100;3210295.5;26793701619.0;1.0;1.0
;US-NJ;1923;p99p100;311022.09;;0.1574;0.1574
;US-NJ;1923;p99.9p100;1128304.9;;0.057100002;0.057100002
;US-NJ;1923;p99.99p100;3915756.5;;0.0198;0.0198
;US-NJ;1923;p90p100;81037.898;;0.4102;0.4102
;US-NJ;1923;p90p95;44525.602;;0.1127;0.1127
;US-NJ;1923;p95p99;69118.0;;0.1399;0.1399
;US-NJ;1923;p99.5p99.9;298657.5;;0.0605;0.0605
;US-NJ;1923;p99.9p99.99;818587.5;;0.037300002;0.037300002
;US-NJ;1923;p99p99.5;157457.3;;0.039900001;0.039900001
;US-NJ;1923;p95p100;117498.8;;0.2974;0.2974
;US-NJ;1923;p0p90;12949.5;;0.58990002;0.58990002
;US-NJ;1923;p0p99;16813.699;;0.84259999;0.84259999
;US-NJ;1923;p99.5p100;464586.91;;0.1176;0.1176
;US-NJ;1922;p0p100;3003081.0;23459601530.0;1.0;1.0
;US-NJ;1922;p99p100;318909.69;;0.1788;0.1788
;US-NJ;1922;p99.9p100;1235676.0;;0.069300003;0.069300003
;US-NJ;1922;p99.99p100;4937410.0;;0.0277;0.0277
;US-NJ;1922;p90p100;82438.297;;0.46219999;0.46219999
;US-NJ;1922;p90p95;45245.102;;0.1268;0.1268
;US-NJ;1922;p95p99;69870.398;;0.1567;0.1567
;US-NJ;1922;p99.5p99.9;296981.91;;0.066600002;0.066600002
;US-NJ;1922;p99.9p99.99;824372.31;;0.0416;0.0416
;US-NJ;1922;p99p99.5;153098.7;;0.0429;0.0429
;US-NJ;1922;p95p100;119678.3;;0.3355;0.3355
;US-NJ;1922;p0p90;10654.6;;0.53759998;0.53759998
;US-NJ;1922;p0p99;14794.2;;0.82120001;0.82120001
;US-NJ;1922;p99.5p100;484720.69;;0.13590001;0.13590001
;US-NJ;1921;p0p100;2275319.5;19715075993.0;1.0;1.0
;US-NJ;1921;p99p100;246688.7;;0.1601;0.1601
;US-NJ;1921;p99.9p100;828347.88;;0.053800002;0.053800002
;US-NJ;1921;p99.99p100;2432773.8;;0.015799999;0.015799999
;US-NJ;1921;p90p100;67314.5;;0.43689999;0.43689999
;US-NJ;1921;p90p95;37410.699;;0.1214;0.1214
;US-NJ;1921;p95p99;59765.398;;0.1552;0.1552
;US-NJ;1921;p99.5p99.9;244769.8;;0.063600004;0.063600004
;US-NJ;1921;p99.9p99.99;650078.31;;0.037999999;0.037999999
;US-NJ;1921;p99p99.5;131892.09;;0.042800002;0.042800002
;US-NJ;1921;p95p100;97150.102;;0.31529999;0.31529999
;US-NJ;1921;p0p90;9641.7002;;0.56330001;0.56330001
;US-NJ;1921;p0p99;13069.4;;0.83990002;0.83990002
;US-NJ;1921;p99.5p100;361485.41;;0.1173;0.1173
;US-NJ;1920;p0p100;1990348.9;20907896691.0;1.0;1.0
;US-NJ;1920;p99p100;242801.7;;0.14380001;0.14380001
;US-NJ;1920;p99.9p100;826492.19;;0.048900001;0.048900001
;US-NJ;1920;p99.99p100;2473963.3;;0.0147;0.0147
;US-NJ;1920;p90p100;63446.102;;0.3757;0.3757
;US-NJ;1920;p90p95;34717.5;;0.1028;0.1028
;US-NJ;1920;p95p99;54514.602;;0.12909999;0.12909999
;US-NJ;1920;p99.5p99.9;243250.91;;0.057599999;0.057599999
;US-NJ;1920;p99.9p99.99;643439.88;;0.034299999;0.034299999
;US-NJ;1920;p99p99.5;125704.3;;0.0372;0.0372
;US-NJ;1920;p95p100;92172.0;;0.27289999;0.27289999
;US-NJ;1920;p0p90;11713.3;;0.6243;0.6243
;US-NJ;1920;p0p99;14604.5;;0.85619998;0.85619998
;US-NJ;1920;p99.5p100;359899.19;;0.1066;0.1066
;US-NJ;1919;p0p100;2863696.0;21810628702.0;1.0;1.0
;US-NJ;1919;p99p100;293608.09;;0.1621;0.1621
;US-NJ;1919;p99.9p100;1134004.8;;0.062600002;0.062600002
;US-NJ;1919;p99.99p100;3579783.0;;0.0198;0.0198
;US-NJ;1919;p90p100;73386.0;;0.4052;0.4052
;US-NJ;1919;p90p95;39964.801;;0.1103;0.1103
;US-NJ;1919;p95p99;60404.301;;0.13339999;0.13339999
;US-NJ;1919;p99.5p99.9;276824.5;;0.061099999;0.061099999
;US-NJ;1919;p99.9p99.99;862741.81;;0.0429;0.0429
;US-NJ;1919;p99p99.5;138804.59;;0.0383;0.0383
;US-NJ;1919;p95p100;107045.1;;0.2956;0.2956
;US-NJ;1919;p0p90;11954.2;;0.5941;0.5941
;US-NJ;1919;p0p99;15326.1;;0.83789998;0.83789998
;US-NJ;1919;p99.5p100;448411.69;;0.1238;0.1238
;US-NJ;1918;p0p100;3805904.3;21499333016.0;1.0;1.0
;US-NJ;1918;p99p100;298296.31;;0.1635;0.1635
;US-NJ;1918;p99.9p100;1192598.9;;0.065399997;0.065399997
;US-NJ;1918;p99.99p100;3849941.3;;0.0211;0.0211
;US-NJ;1918;p90p100;74204.898;;0.40669999;0.40669999
;US-NJ;1918;p90p95;41292.0;;0.1132;0.1132
;US-NJ;1918;p95p99;59664.602;;0.13079999;0.13079999
;US-NJ;1918;p99.5p99.9;277775.69;;0.060899999;0.060899999
;US-NJ;1918;p99.9p99.99;897347.5;;0.044300001;0.044300001
;US-NJ;1918;p99p99.5;135853.0;;0.0372;0.0372
;US-NJ;1918;p95p100;107391.0;;0.29429999;0.29429999
;US-NJ;1918;p0p90;12010.8;;0.59249997;0.59249997
;US-NJ;1918;p0p99;15415.1;;0.83649999;0.83649999
;US-NJ;1918;p99.5p100;460739.81;;0.12630001;0.12630001
;US-NJ;1917;p0p100;5590697.5;22696711535.0;1.0;1.0
;US-NJ;1917;p99p100;342746.41;;0.17640001;0.17640001
;US-NJ;1917;p99.9p100;1539296.8;;0.0792;0.0792
;US-NJ;1917;p99.99p100;5466678.0;;0.028100001;0.028100001
;US-NJ;1917;p90p100;79711.297;;0.41029999;0.41029999
;US-NJ;1917;p90p95;43027.699;;0.1107;0.1107
