Variable Name;.;.;.;Fiscal income  | tax unit | Average | Adults | constant 2015 local currency;Fiscal income  | tax unit | Total | Adults | constant 2015 local currency;Fiscal income  | tax unit | Share | Adults | share of total (ratio);Pre-tax national income  | tax unit | Share | Adults | share of total (ratio)
Variable Category;.;.;.;Income inequality;Income inequality;Income inequality;Income inequality
Variable Description;.;.;.;Average Fiscal income within a given percentile group. Fiscal income is defined as the sum of all income items reported on income tax returns, before any deduction. It includes labour income, capital income and mixed income. The concept of fiscal income varies with national tax legislations, so in order to make international comparisons it is preferable to use the concept of national income. The population is comprised of individuals over age 20. The base unit is the tax unit defined by national fiscal administrations to measure personal income taxes.;Total Fiscal income  within a given percentile group. Fiscal income is defined as the sum of all income items reported on income tax returns, before any deduction. It includes labour income, capital income and mixed income. The concept of fiscal income varies with national tax legislations, so in order to make international comparisons it is preferable to use the concept of national income. The population is comprised of individuals over age 20.;Fiscal income share held by a given percentile group. Fiscal income is defined as the sum of all income items reported on income tax returns, before any deduction. It includes labour income, capital income and mixed income. The concept of fiscal income varies with national tax legislations, so in order to make international comparisons it is preferable to use the concept of national income. The population is comprised of individuals over age 20. The base unit is the tax unit defined by national fiscal administrations to measure personal income taxes.;Pre-tax national income share held by a given percentile group. Pre-tax national income  is the sum of all pre-tax personal income flows accruing to the owners of the production factors, labor and capital, before taking into account the operation of the tax/transfer system, but after taking into account the operation of pension system. The central difference between personal factor income and pre-tax income is the treatment of pensions, which are counted on a contribution basis by factor income and on a distribution basis by pre-tax income. The population is comprised of individuals over age 20. The base unit is the tax unit defined by national fiscal administrations to measure personal income taxes.
Variable Decomposition;.;.;.;[Fiscal income ]=[Fiscal labour income ]+[Fiscal capital income ];[Fiscal income ]=[Fiscal labour income ]+[Fiscal capital income ];[Fiscal income ]=[Fiscal labour income ]+[Fiscal capital income ];Pre-tax national income =Pre-tax labor income [total pre-tax income ranking]+Pre-tax capital income [total pre-tax income ranking]
Variable Unit;.;.;.;"USD; United States dollar | local currency | market";"USD; United States dollar | local currency | market";share;share
Methodological Notes;.;.;.;;;;Assuming the same distribution as fiscal income.
Sources;.;.;.;Frank, Sommeiller, Price & Saez (2015);Frank, Sommeiller, Price & Saez (2015);Frank, Sommeiller, Price & Saez (2015);WID.world computations using: Frank, Sommeiller, Price & Saez (2015)
Variable Code;country;year;perc;afiinc992t;mfiinc992t;sfiinc992t;sptinc992t
;US-IL;2015;p0p100;69327.602;4.67232091133e+11;1.0;1.0
;US-IL;2015;p99p100;1561768.8;;0.2253;0.2253
;US-IL;2015;p99.9p100;7681877.0;;0.1108;0.1108
;US-IL;2015;p99.99p100;35711340.0;;0.0515;0.0515
;US-IL;2015;p90p100;350273.69;;0.50520003;0.50520003
;US-IL;2015;p90p95;156910.5;;0.1132;0.1132
;US-IL;2015;p95p99;289484.31;;0.167;0.167
;US-IL;2015;p99.5p99.9;1218353.1;;0.070299998;0.070299998
;US-IL;2015;p99.9p99.99;4571530.0;;0.059300002;0.059300002
;US-IL;2015;p99p99.5;612455.5;;0.044199999;0.044199999
;US-IL;2015;p95p100;543915.5;;0.39230001;0.39230001
;US-IL;2015;p0p90;38090.602;;0.49450001;0.49450001
;US-IL;2015;p0p99;54252.5;;0.77469999;0.77469999
;US-IL;2015;p99.5p100;2511071.0;;0.1811;0.1811
;US-IL;2014;p0p100;66761.5;4.48871707749e+11;1.0;1.0
;US-IL;2014;p99p100;1408781.4;;0.2115;0.2115
;US-IL;2014;p99.9p100;6744582.5;;0.1013;0.1013
;US-IL;2014;p99.99p100;31725500.0;;0.047600001;0.047600001
;US-IL;2014;p90p100;325645.31;;0.48890001;0.48890001
;US-IL;2014;p90p95;149597.8;;0.1123;0.1123
;US-IL;2014;p95p99;275060.41;;0.1652;0.1652
;US-IL;2014;p99.5p99.9;1114575.0;;0.0669;0.0669
;US-IL;2014;p99.9p99.99;3974233.0;;0.0537;0.0537
;US-IL;2014;p99p99.5;577195.69;;0.043299999;0.043299999
;US-IL;2014;p95p100;501798.0;;0.37670001;0.37670001
;US-IL;2014;p0p90;37808.199;;0.51090002;0.51090002
;US-IL;2014;p0p99;53046.0;;0.78850001;0.78850001
;US-IL;2014;p99.5p100;2240350.8;;0.1682;0.1682
;US-IL;2013;p0p100;66626.398;4.30634151753e+11;1.0;1.0
;US-IL;2013;p99p100;1269503.8;;0.1972;0.1972
;US-IL;2013;p99.9p100;5891179.0;;0.091499999;0.091499999
;US-IL;2013;p99.99p100;27403774.0;;0.042599998;0.042599998
;US-IL;2013;p90p100;309139.69;;0.48030001;0.48030001
;US-IL;2013;p90p95;154781.59;;0.1202;0.1202
;US-IL;2013;p95p99;261999.8;;0.1628;0.1628
;US-IL;2013;p99.5p99.9;1022505.9;;0.063500002;0.063500002
;US-IL;2013;p99.9p99.99;3502293.5;;0.048999999;0.048999999
;US-IL;2013;p99p99.5;542813.38;;0.042199999;0.042199999
;US-IL;2013;p95p100;463502.81;;0.3601;0.3601
;US-IL;2013;p0p90;37164.199;;0.51969999;0.51969999
;US-IL;2013;p0p99;52190.301;;0.8028;0.8028
;US-IL;2013;p99.5p100;1996265.9;;0.1551;0.1551
;US-IL;2012;p0p100;68722.898;4.33518120854e+11;1.0;1.0
;US-IL;2012;p99p100;1496448.9;;0.2321;0.2321
;US-IL;2012;p99.9p100;7397151.5;;0.1147;0.1147
;US-IL;2012;p99.99p100;35258472.0;;0.054699998;0.054699998
;US-IL;2012;p90p100;333596.41;;0.51730001;0.51730001
;US-IL;2012;p90p95;154215.41;;0.1196;0.1196
;US-IL;2012;p95p99;267159.41;;0.1657;0.1657
;US-IL;2012;p99.5p99.9;1166676.9;;0.072400004;0.072400004
;US-IL;2012;p99.9p99.99;4316365.0;;0.060199998;0.060199998
;US-IL;2012;p99p99.5;580390.81;;0.045000002;0.045000002
;US-IL;2012;p95p100;513007.81;;0.3978;0.3978
;US-IL;2012;p0p90;34565.898;;0.4824;0.4824
;US-IL;2012;p0p99;50021.398;;0.76789999;0.76789999
;US-IL;2012;p99.5p100;2412578.5;;0.18709999;0.18709999
;US-IL;2011;p0p100;66984.102;4.07281726907e+11;1.0;1.0
;US-IL;2011;p99p100;1209208.1;;0.20039999;0.20039999
;US-IL;2011;p99.9p100;5459727.5;;0.090499997;0.090499997
;US-IL;2011;p99.99p100;24133658.0;;0.039999999;0.039999999
;US-IL;2011;p90p100;297100.81;;0.49239999;0.49239999
;US-IL;2011;p90p95;150131.09;;0.1244;0.1244
;US-IL;2011;p95p99;252834.91;;0.16760001;0.16760001
;US-IL;2011;p99.5p99.9;1001605.0;;0.066399999;0.066399999
;US-IL;2011;p99.9p99.99;3391491.5;;0.0506;0.0506
;US-IL;2011;p99p99.5;525027.5;;0.043499999;0.043499999
;US-IL;2011;p95p100;444105.31;;0.36809999;0.36809999
;US-IL;2011;p0p90;34015.602;;0.50739998;0.50739998
;US-IL;2011;p0p99;48726.398;;0.79960001;0.79960001
;US-IL;2011;p99.5p100;1893573.8;;0.1569;0.1569
;US-IL;2010;p0p100;71521.5;4.02025232949e+11;1.0;1.0
;US-IL;2010;p99p100;1249642.4;;0.20640001;0.20640001
;US-IL;2010;p99.9p100;5844547.5;;0.096500002;0.096500002
;US-IL;2010;p99.99p100;27479548.0;;0.045400001;0.045400001
;US-IL;2010;p90p100;298792.5;;0.49360001;0.49360001
;US-IL;2010;p90p95;148646.59;;0.1228;0.1228
;US-IL;2010;p95p99;248931.59;;0.1645;0.1645
;US-IL;2010;p99.5p99.9;1007927.6;;0.066600002;0.066600002
;US-IL;2010;p99.9p99.99;3439475.3;;0.051100001;0.051100001
;US-IL;2010;p99p99.5;523677.09;;0.043299999;0.043299999
;US-IL;2010;p95p100;449077.09;;0.37090001;0.37090001
;US-IL;2010;p0p90;34058.699;;0.50639999;0.50639999
;US-IL;2010;p0p99;48524.801;;0.79360002;0.79360002
;US-IL;2010;p99.5p100;1975866.6;;0.16320001;0.16320001
;US-IL;2009;p0p100;72884.703;3.91923447493e+11;1.0;1.0
;US-IL;2009;p99p100;1116474.3;;0.18700001;0.18700001
;US-IL;2009;p99.9p100;5122056.0;;0.0858;0.0858
;US-IL;2009;p99.99p100;24095578.0;;0.040399998;0.040399998
;US-IL;2009;p90p100;283703.31;;0.47510001;0.47510001
;US-IL;2009;p90p95;147788.91;;0.1237;0.1237
;US-IL;2009;p95p99;245619.8;;0.1645;0.1645
;US-IL;2009;p99.5p99.9;901353.13;;0.060400002;0.060400002
;US-IL;2009;p99.9p99.99;3015293.3;;0.045400001;0.045400001
;US-IL;2009;p99p99.5;487913.5;;0.040899999;0.040899999
;US-IL;2009;p95p100;419784.0;;0.3515;0.3515
;US-IL;2009;p0p90;34813.602;;0.52469999;0.52469999
;US-IL;2009;p0p99;49040.5;;0.81300002;0.81300002
;US-IL;2009;p99.5p100;1745168.1;;0.1461;0.1461
;US-IL;2008;p0p100;81755.0;4.41063853805e+11;1.0;1.0
;US-IL;2008;p99p100;1493583.5;;0.22139999;0.22139999
;US-IL;2008;p99.9p100;7617869.5;;0.1129;0.1129
;US-IL;2008;p99.99p100;37877836.0;;0.0561;0.0561
;US-IL;2008;p90p100;332975.91;;0.49360001;0.49360001
;US-IL;2008;p90p95;155230.0;;0.1151;0.1151
;US-IL;2008;p95p99;266100.69;;0.1578;0.1578
;US-IL;2008;p99.5p99.9;1135064.3;;0.067299999;0.067299999
;US-IL;2008;p99.9p99.99;4278500.0;;0.057100002;0.057100002
;US-IL;2008;p99p99.5;565518.88;;0.041900001;0.041900001
;US-IL;2008;p95p100;511129.5;;0.3788;0.3788
;US-IL;2008;p0p90;37832.898;;0.50470001;0.50470001
;US-IL;2008;p0p99;53056.102;;0.77859998;0.77859998
;US-IL;2008;p99.5p100;2424989.0;;0.1797;0.1797
;US-IL;2007;p0p100;95763.102;4.75906473072e+11;1.0;1.0
;US-IL;2007;p99p100;1808397.1;;0.24680001;0.24680001
;US-IL;2007;p99.9p100;9638475.0;;0.13150001;0.13150001
;US-IL;2007;p99.99p100;48367360.0;;0.066;0.066
;US-IL;2007;p90p100;372866.81;;0.50880003;0.50880003
;US-IL;2007;p90p95;159488.91;;0.1088;0.1088
;US-IL;2007;p95p99;281879.81;;0.1539;0.1539
;US-IL;2007;p99.5p99.9;1335207.8;;0.072899997;0.072899997
;US-IL;2007;p99.9p99.99;5347817.5;;0.065700002;0.065700002
;US-IL;2007;p99p99.5;629582.0;;0.043000001;0.043000001
;US-IL;2007;p95p100;586664.5;;0.4003;0.4003
;US-IL;2007;p0p90;39885.102;;0.48980001;0.48980001
;US-IL;2007;p0p99;55758.398;;0.75319999;0.75319999
;US-IL;2007;p99.5p100;2990382.3;;0.204;0.204
;US-IL;2006;p0p100;98550.898;4.53987012138e+11;1.0;1.0
;US-IL;2006;p99p100;1640744.5;;0.23010001;0.23010001
;US-IL;2006;p99.9p100;8325234.0;;0.1167;0.1167
;US-IL;2006;p99.99p100;39201284.0;;0.055;0.055
;US-IL;2006;p90p100;352052.09;;0.4937;0.4937
;US-IL;2006;p90p95;156543.41;;0.1098;0.1098
;US-IL;2006;p95p99;274555.81;;0.154;0.154
;US-IL;2006;p99.5p99.9;1263472.5;;0.070900001;0.070900001
;US-IL;2006;p99.9p99.99;4894441.5;;0.061799999;0.061799999
;US-IL;2006;p99p99.5;605472.69;;0.0425;0.0425
;US-IL;2006;p95p100;547804.13;;0.38409999;0.38409999
;US-IL;2006;p0p90;40109.801;;0.50620002;0.50620002
;US-IL;2006;p0p99;55461.801;;0.76990002;0.76990002
;US-IL;2006;p99.5p100;2675943.3;;0.1876;0.1876
;US-IL;2005;p0p100;101834.1;4.32678950036e+11;1.0;1.0
;US-IL;2005;p99p100;1499133.8;;0.21699999;0.21699999
;US-IL;2005;p99.9p100;7422212.5;;0.1074;0.1074
;US-IL;2005;p99.99p100;34230612.0;;0.0495;0.0495
;US-IL;2005;p90p100;331857.41;;0.4804;0.4804
;US-IL;2005;p90p95;151177.0;;0.1094;0.1094
;US-IL;2005;p95p99;265977.09;;0.154;0.154
;US-IL;2005;p99.5p99.9;1169890.9;;0.067699999;0.067699999
;US-IL;2005;p99.9p99.99;4441750.0;;0.0579;0.0579
;US-IL;2005;p99p99.5;574906.5;;0.0416;0.0416
;US-IL;2005;p95p100;512722.0;;0.37110001;0.37110001
;US-IL;2005;p0p90;39903.602;;0.51980001;0.51980001
;US-IL;2005;p0p99;54641.0;;0.78299999;0.78299999
;US-IL;2005;p99.5p100;2422276.0;;0.1753;0.1753
;US-IL;2004;p0p100;105355.5;4.1630775235e+11;1.0;1.0
;US-IL;2004;p99p100;1342940.9;;0.2007;0.2007
;US-IL;2004;p99.9p100;6450192.0;;0.0964;0.0964
;US-IL;2004;p99.99p100;29659924.0;;0.044300001;0.044300001
;US-IL;2004;p90p100;311196.0;;0.46509999;0.46509999
;US-IL;2004;p90p95;148437.3;;0.1109;0.1109
;US-IL;2004;p95p99;257328.41;;0.1538;0.1538
;US-IL;2004;p99.5p99.9;1065393.8;;0.063699998;0.063699998
;US-IL;2004;p99.9p99.99;3872020.0;;0.052099999;0.052099999
;US-IL;2004;p99p99.5;544019.81;;0.0407;0.0407
;US-IL;2004;p95p100;474441.09;;0.3545;0.3545
;US-IL;2004;p0p90;39739.602;;0.5345;0.5345
;US-IL;2004;p0p99;54024.0;;0.79930001;0.79930001
;US-IL;2004;p99.5p100;2142018.5;;0.1601;0.1601
;US-IL;2003;p0p100;104972.9;3.98613638602e+11;1.0;1.0
;US-IL;2003;p99p100;1125862.5;;0.1781;0.1781
;US-IL;2003;p99.9p100;5055495.0;;0.079999998;0.079999998
;US-IL;2003;p99.99p100;22450720.0;;0.035500001;0.035500001
;US-IL;2003;p90p100;282232.5;;0.4465;0.4465
;US-IL;2003;p90p95;150647.3;;0.1192;0.1192
;US-IL;2003;p95p99;235893.91;;0.14929999;0.14929999
;US-IL;2003;p99.5p99.9;931791.5;;0.059;0.059
;US-IL;2003;p99.9p99.99;3122846.0;;0.044500001;0.044500001
;US-IL;2003;p99p99.5;495263.31;;0.0392;0.0392
;US-IL;2003;p95p100;413757.59;;0.32730001;0.32730001
;US-IL;2003;p0p90;38866.699;;0.55339998;0.55339998
;US-IL;2003;p0p99;52473.398;;0.82190001;0.82190001
;US-IL;2003;p99.5p100;1756482.9;;0.1389;0.1389
;US-IL;2002;p0p100;111452.6;4.02931857886e+11;1.0;1.0
;US-IL;2002;p99p100;1108098.3;;0.1726;0.1726
;US-IL;2002;p99.9p100;4893727.0;;0.076200001;0.076200001
;US-IL;2002;p99.99p100;21251190.0;;0.033100002;0.033100002
;US-IL;2002;p90p100;280980.19;;0.43759999;0.43759999
;US-IL;2002;p90p95;152311.09;;0.1186;0.1186
;US-IL;2002;p95p99;235169.41;;0.14650001;0.14650001
;US-IL;2002;p99.5p99.9;929124.0;;0.0579;0.0579
;US-IL;2002;p99.9p99.99;3079632.3;;0.043200001;0.043200001
;US-IL;2002;p99p99.5;495925.69;;0.038600001;0.038600001
;US-IL;2002;p95p100;409601.69;;0.31900001;0.31900001
;US-IL;2002;p0p90;40104.301;;0.56209999;0.56209999
;US-IL;2002;p0p99;53664.801;;0.82740003;0.82740003
;US-IL;2002;p99.5p100;1720787.1;;0.134;0.134
;US-IL;2001;p0p100;122287.1;4.19092473908e+11;1.0;1.0
;US-IL;2001;p99p100;1209305.6;;0.1772;0.1772
;US-IL;2001;p99.9p100;5232573.5;;0.076700002;0.076700002
;US-IL;2001;p99.99p100;21634080.0;;0.0317;0.0317
;US-IL;2001;p90p100;298789.41;;0.43790001;0.43790001
;US-IL;2001;p90p95;152280.7;;0.1116;0.1116
;US-IL;2001;p95p99;254291.59;;0.14910001;0.14910001
;US-IL;2001;p99.5p99.9;1029099.9;;0.0603;0.0603
;US-IL;2001;p99.9p99.99;3417008.0;;0.0451;0.0451
;US-IL;2001;p99p99.5;547599.0;;0.040100001;0.040100001
;US-IL;2001;p95p100;445317.41;;0.3263;0.3263
;US-IL;2001;p0p90;42611.199;;0.56209999;0.56209999
;US-IL;2001;p0p99;56702.898;;0.82279998;0.82279998
;US-IL;2001;p99.5p100;1871406.8;;0.1371;0.1371
;US-IL;2000;p0p100;139970.5;4.43017213552e+11;1.0;1.0
;US-IL;2000;p99p100;1552294.5;;0.2101;0.2101
;US-IL;2000;p99.9p100;7354334.5;;0.0995;0.0995
;US-IL;2000;p99.99p100;31928272.0;;0.043200001;0.043200001
;US-IL;2000;p90p100;345485.41;;0.46759999;0.46759999
;US-IL;2000;p90p95;158531.59;;0.1073;0.1073
;US-IL;2000;p95p99;277417.0;;0.15019999;0.15019999
;US-IL;2000;p99.5p99.9;1251836.9;;0.0678;0.0678
;US-IL;2000;p99.9p99.99;4641114.0;;0.056499999;0.056499999
;US-IL;2000;p99p99.5;625115.38;;0.042300001;0.042300001
;US-IL;2000;p95p100;532492.81;;0.3603;0.3603
;US-IL;2000;p0p90;43735.801;;0.5327;0.5327
;US-IL;2000;p0p99;58954.801;;0.7899;0.7899
;US-IL;2000;p99.5p100;2478205.0;;0.16769999;0.16769999
;US-IL;1999;p0p100;145554.2;4.2308023193e+11;1.0;1.0
;US-IL;1999;p99p100;1457970.9;;0.2027;0.2027
;US-IL;1999;p99.9p100;6693034.5;;0.093000002;0.093000002
;US-IL;1999;p99.99p100;27744968.0;;0.038600001;0.038600001
;US-IL;1999;p90p100;333528.5;;0.4637;0.4637
;US-IL;1999;p90p95;157812.3;;0.1097;0.1097
;US-IL;1999;p95p99;272206.91;;0.1514;0.1514
;US-IL;1999;p99.5p99.9;1212898.8;;0.067400001;0.067400001
;US-IL;1999;p99.9p99.99;4378074.0;;0.0548;0.0548
;US-IL;1999;p99p99.5;605620.69;;0.042100001;0.042100001
;US-IL;1999;p95p100;509343.0;;0.354;0.354
;US-IL;1999;p0p90;42845.102;;0.53609997;0.53609997
;US-IL;1999;p0p99;57933.602;;0.79729998;0.79729998
;US-IL;1999;p99.5p100;2310279.8;;0.16060001;0.16060001
;US-IL;1998;p0p100;145550.3;4.00790024038e+11;1.0;1.0
;US-IL;1998;p99p100;1385482.6;;0.2007;0.2007
;US-IL;1998;p99.9p100;6455254.5;;0.093500003;0.093500003
;US-IL;1998;p99.99p100;27675132.0;;0.040100001;0.040100001
;US-IL;1998;p90p100;315042.5;;0.45640001;0.45640001
;US-IL;1998;p90p95;150746.2;;0.1092;0.1092
;US-IL;1998;p95p99;253195.0;;0.14669999;0.14669999
;US-IL;1998;p99.5p99.9;1138758.8;;0.066;0.066
;US-IL;1998;p99.9p99.99;4103421.0;;0.0535;0.0535
;US-IL;1998;p99p99.5;568557.13;;0.041200001;0.041200001
;US-IL;1998;p95p100;479496.41;;0.34729999;0.34729999
;US-IL;1998;p0p90;41665.398;;0.54329997;0.54329997
;US-IL;1998;p0p99;55724.801;;0.79930001;0.79930001
;US-IL;1998;p99.5p100;2202406.3;;0.1595;0.1595
;US-IL;1997;p0p100;141999.09;3.7701085398e+11;1.0;1.0
;US-IL;1997;p99p100;1232408.3;;0.1882;0.1882
;US-IL;1997;p99.9p100;5535699.0;;0.0845;0.0845
;US-IL;1997;p99.99p100;23280886.0;;0.035500001;0.035500001
;US-IL;1997;p90p100;291669.91;;0.44530001;0.44530001
;US-IL;1997;p90p95;144619.41;;0.1104;0.1104
;US-IL;1997;p95p99;240501.59;;0.1469;0.1469
;US-IL;1997;p99.5p99.9;1040450.8;;0.063500002;0.063500002
;US-IL;1997;p99.9p99.99;3568306.5;;0.048999999;0.048999999
;US-IL;1997;p99p99.5;525044.19;;0.040100001;0.040100001
;US-IL;1997;p95p100;438813.41;;0.33500001;0.33500001
;US-IL;1997;p0p90;40354.898;;0.55449998;0.55449998
;US-IL;1997;p0p99;53710.102;;0.8118;0.8118
;US-IL;1997;p99.5p100;1939790.9;;0.1481;0.1481
;US-IL;1996;p0p100;138261.59;3.53262083913e+11;1.0;1.0
;US-IL;1996;p99p100;1061121.6;;0.1737;0.1737
;US-IL;1996;p99.9p100;4679202.0;;0.0766;0.0766
;US-IL;1996;p99.99p100;20087094.0;;0.032900002;0.032900002
;US-IL;1996;p90p100;265910.41;;0.43520001;0.43520001
;US-IL;1996;p90p95;138220.91;;0.1131;0.1131
;US-IL;1996;p95p99;226820.0;;0.1485;0.1485
;US-IL;1996;p99.5p99.9;893011.5;;0.058499999;0.058499999
;US-IL;1996;p99.9p99.99;2967813.0;;0.043699998;0.043699998
;US-IL;1996;p99p99.5;472892.91;;0.038699999;0.038699999
;US-IL;1996;p95p100;393655.69;;0.32210001;0.32210001
;US-IL;1996;p0p90;38337.602;;0.56470001;0.56470001
;US-IL;1996;p0p99;51002.801;;0.82630002;0.82630002
;US-IL;1996;p99.5p100;1649541.9;;0.13500001;0.13500001
;US-IL;1995;p0p100;138074.09;3.32933978096e+11;1.0;1.0
;US-IL;1995;p99p100;941633.5;;0.1626;0.1626
;US-IL;1995;p99.9p100;3956548.5;;0.068300001;0.068300001
;US-IL;1995;p99.99p100;16195931.0;;0.028000001;0.028000001
;US-IL;1995;p90p100;247483.41;;0.42739999;0.42739999
;US-IL;1995;p90p95;133830.8;;0.1156;0.1156
;US-IL;1995;p95p99;216046.59;;0.14929999;0.14929999
;US-IL;1995;p99.5p99.9;816438.88;;0.056400001;0.056400001
;US-IL;1995;p99.9p99.99;2596436.5;;0.040399998;0.040399998
;US-IL;1995;p99p99.5;439706.41;;0.037999999;0.037999999
;US-IL;1995;p95p100;361181.69;;0.31189999;0.31189999
;US-IL;1995;p0p90;36826.199;;0.57249999;0.57249999
;US-IL;1995;p0p99;48971.102;;0.83740002;0.83740002
;US-IL;1995;p99.5p100;1443697.4;;0.1247;0.1247
;US-IL;1994;p0p100;138617.3;3.16543067661e+11;1.0;1.0
;US-IL;1994;p99p100;863755.63;;0.1558;0.1558
;US-IL;1994;p99.9p100;3625401.8;;0.065399997;0.065399997
;US-IL;1994;p99.99p100;15274281.0;;0.0276;0.0276
;US-IL;1994;p90p100;231659.41;;0.41800001;0.41800001
;US-IL;1994;p90p95;128222.8;;0.1157;0.1157
;US-IL;1994;p95p99;202956.0;;0.14650001;0.14650001
;US-IL;1994;p99.5p99.9;746840.0;;0.0539;0.0539
;US-IL;1994;p99.9p99.99;2335474.3;;0.037900001;0.037900001
;US-IL;1994;p99p99.5;406531.81;;0.036699999;0.036699999
;US-IL;1994;p95p100;335138.5;;0.30230001;0.30230001
;US-IL;1994;p0p90;35828.102;;0.58179998;0.58179998
;US-IL;1994;p0p99;47259.102;;0.84420002;0.84420002
;US-IL;1994;p99.5p100;1321185.5;;0.1192;0.1192
;US-IL;1993;p0p100;140941.5;3.07604940644e+11;1.0;1.0
;US-IL;1993;p99p100;818041.13;;0.1514;0.1514
;US-IL;1993;p99.9p100;3355286.0;;0.062100001;0.062100001
;US-IL;1993;p99.99p100;13829412.0;;0.025599999;0.025599999
;US-IL;1993;p90p100;223393.7;;0.41350001;0.41350001
;US-IL;1993;p90p95;125181.7;;0.1159;0.1159
;US-IL;1993;p95p99;197519.41;;0.1462;0.1462
;US-IL;1993;p99.5p99.9;718592.13;;0.053199999;0.053199999
;US-IL;1993;p99.9p99.99;2193117.3;;0.036499999;0.036499999
;US-IL;1993;p99p99.5;390743.69;;0.036200002;0.036200002
;US-IL;1993;p95p100;321645.19;;0.29769999;0.29769999
;US-IL;1993;p0p90;35197.5;;0.58639997;0.58639997
;US-IL;1993;p0p99;46305.102;;0.84859997;0.84859997
;US-IL;1993;p99.5p100;1245469.6;;0.1153;0.1153
;US-IL;1992;p0p100;150062.3;3.09516120074e+11;1.0;1.0
;US-IL;1992;p99p100;845968.0;;0.15440001;0.15440001
;US-IL;1992;p99.9p100;3548691.5;;0.064800002;0.064800002
;US-IL;1992;p99.99p100;14786494.0;;0.027000001;0.027000001
;US-IL;1992;p90p100;224858.0;;0.41049999;0.41049999
;US-IL;1992;p90p95;125962.4;;0.115;0.115
;US-IL;1992;p95p99;193170.09;;0.1411;0.1411
;US-IL;1992;p99.5p99.9;737387.38;;0.053800002;0.053800002
;US-IL;1992;p99.9p99.99;2300414.3;;0.037799999;0.037799999
;US-IL;1992;p99p99.5;392589.41;;0.035799999;0.035799999
;US-IL;1992;p95p100;323722.31;;0.29550001;0.29550001
;US-IL;1992;p0p90;35877.398;;0.58950001;0.58950001
;US-IL;1992;p0p99;46784.301;;0.84560001;0.84560001
;US-IL;1992;p99.5p100;1299398.8;;0.1186;0.1186
;US-IL;1991;p0p100;153750.09;2.98375338908e+11;1.0;1.0
;US-IL;1991;p99p100;753305.38;;0.1411;0.1411
;US-IL;1991;p99.9p100;2923976.8;;0.0548;0.0548
;US-IL;1991;p99.99p100;11307964.0;;0.021199999;0.021199999
;US-IL;1991;p90p100;214246.09;;0.4014;0.4014
;US-IL;1991;p90p95;125043.3;;0.1171;0.1171
;US-IL;1991;p95p99;190888.3;;0.14300001;0.14300001
;US-IL;1991;p99.5p99.9;681843.69;;0.051100001;0.051100001
;US-IL;1991;p99.9p99.99;1992527.8;;0.033599999;0.033599999
;US-IL;1991;p99p99.5;376419.41;;0.035300002;0.035300002
;US-IL;1991;p95p100;303384.69;;0.28420001;0.28420001
;US-IL;1991;p0p90;35511.0;;0.59869999;0.59869999
;US-IL;1991;p0p99;46311.199;;0.85890001;0.85890001
;US-IL;1991;p99.5p100;1130188.0;;0.1059;0.1059
;US-IL;1990;p0p100;171655.8;3.07251655054e+11;1.0;1.0
;US-IL;1990;p99p100;826912.63;;0.1489;0.1489
;US-IL;1990;p99.9p100;3353245.3;;0.060400002;0.060400002
;US-IL;1990;p99.99p100;13402923.0;;0.0241;0.0241
;US-IL;1990;p90p100;221511.2;;0.39879999;0.39879999
;US-IL;1990;p90p95;122577.5;;0.1103;0.1103
;US-IL;1990;p95p99;193832.91;;0.13959999;0.13959999
;US-IL;1990;p99.5p99.9;739459.63;;0.053300001;0.053300001
;US-IL;1990;p99.9p99.99;2236681.0;;0.036200002;0.036200002
;US-IL;1990;p99p99.5;391597.69;;0.035300002;0.035300002
;US-IL;1990;p95p100;320435.81;;0.28850001;0.28850001
;US-IL;1990;p0p90;37101.898;;0.60119998;0.60119998
;US-IL;1990;p0p99;47751.5;;0.85110003;0.85110003
;US-IL;1990;p99.5p100;1262218.4;;0.1136;0.1136
;US-IL;1989;p0p100;188867.8;3.04007922362e+11;1.0;1.0
;US-IL;1989;p99p100;832618.19;;0.15019999;0.15019999
;US-IL;1989;p99.9p100;3530028.0;;0.063699998;0.063699998
;US-IL;1989;p99.99p100;14786081.0;;0.026699999;0.026699999
;US-IL;1989;p90p100;225047.41;;0.4059;0.4059
;US-IL;1989;p90p95;127404.6;;0.1149;0.1149
;US-IL;1989;p95p99;196220.59;;0.1416;0.1416
;US-IL;1989;p99.5p99.9;725647.69;;0.052299999;0.052299999
;US-IL;1989;p99.9p99.99;2293299.5;;0.0372;0.0372
;US-IL;1989;p99p99.5;385239.0;;0.034699999;0.034699999
;US-IL;1989;p95p100;322825.0;;0.2911;0.2911
;US-IL;1989;p0p90;36507.898;;0.59259999;0.59259999
;US-IL;1989;p0p99;47597.301;;0.84979999;0.84979999
;US-IL;1989;p99.5p100;1282560.8;;0.1157;0.1157
;US-IL;1988;p0p100;205739.59;3.0444862567e+11;1.0;1.0
;US-IL;1988;p99p100;899885.63;;0.1621;0.1621
;US-IL;1988;p99.9p100;4061589.8;;0.073200002;0.073200002
;US-IL;1988;p99.99p100;17587816.0;;0.0317;0.0317
;US-IL;1988;p90p100;229439.91;;0.41330001;0.41330001
;US-IL;1988;p90p95;125463.8;;0.113;0.113
;US-IL;1988;p95p99;193304.09;;0.1393;0.1393
;US-IL;1988;p99.5p99.9;762690.13;;0.055;0.055
;US-IL;1988;p99.9p99.99;2578750.0;;0.0418;0.0418
;US-IL;1988;p99p99.5;387129.19;;0.034899998;0.034899998
;US-IL;1988;p95p100;333618.69;;0.30050001;0.30050001
;US-IL;1988;p0p90;36040.699;;0.5844;0.5844
;US-IL;1988;p0p99;46979.0;;0.83789998;0.83789998
;US-IL;1988;p99.5p100;1416529.5;;0.1276;0.1276
;US-IL;1987;p0p100;207736.7;2.84736356823e+11;1.0;1.0
;US-IL;1987;p99p100;689755.31;;0.1323;0.1323
;US-IL;1987;p99.9p100;2745946.8;;0.052700002;0.052700002
;US-IL;1987;p99.99p100;11002962.0;;0.0211;0.0211
;US-IL;1987;p90p100;202477.3;;0.3883;0.3883
;US-IL;1987;p90p95;121631.4;;0.1166;0.1166
;US-IL;1987;p95p99;182597.91;;0.1401;0.1401
;US-IL;1987;p99.5p99.9;615963.69;;0.047200002;0.047200002
;US-IL;1987;p99.9p99.99;1841476.6;;0.031800002;0.031800002
;US-IL;1987;p99p99.5;343566.09;;0.032900002;0.032900002
;US-IL;1987;p95p100;283424.19;;0.27169999;0.27169999
;US-IL;1987;p0p90;35360.398;;0.6103;0.6103
;US-IL;1987;p0p99;45708.699;;0.86769998;0.86769998
;US-IL;1987;p99.5p100;1038263.0;;0.0995;0.0995
;US-IL;1986;p0p100;230823.0;2.92074987769e+11;1.0;1.0
;US-IL;1986;p99p100;844398.19;;0.1557;0.1557
;US-IL;1986;p99.9p100;3906971.5;;0.072099999;0.072099999
;US-IL;1986;p99.99p100;17582244.0;;0.032400001;0.032400001
;US-IL;1986;p90p100;216569.2;;0.3994;0.3994
;US-IL;1986;p90p95;119203.4;;0.1099;0.1099
;US-IL;1986;p95p99;181093.41;;0.1336;0.1336
;US-IL;1986;p99.5p99.9;693806.5;;0.051199999;0.051199999
;US-IL;1986;p99.9p99.99;2383429.0;;0.0396;0.0396
;US-IL;1986;p99p99.5;350853.81;;0.032400001;0.032400001
;US-IL;1986;p95p100;313900.09;;0.2895;0.2895
;US-IL;1986;p0p90;36202.398;;0.60089999;0.60089999
;US-IL;1986;p0p99;46237.199;;0.84429997;0.84429997
;US-IL;1986;p99.5p100;1337337.9;;0.1233;0.1233
;US-IL;1985;p0p100;222494.09;2.69858320099e+11;1.0;1.0
;US-IL;1985;p99p100;629205.38;;0.1248;0.1248
;US-IL;1985;p99.9p100;2640579.5;;0.0524;0.0524
;US-IL;1985;p99.99p100;11098840.0;;0.022;0.022
;US-IL;1985;p90p100;186587.8;;0.37009999;0.37009999
;US-IL;1985;p90p95;113713.3;;0.1128;0.1128
;US-IL;1985;p95p99;167019.3;;0.13249999;0.13249999
;US-IL;1985;p99.5p99.9;534808.63;;0.042399999;0.042399999
;US-IL;1985;p99.9p99.99;1700445.8;;0.030400001;0.030400001
;US-IL;1985;p99p99.5;302386.31;;0.029999999;0.029999999
;US-IL;1985;p95p100;259461.2;;0.25729999;0.25729999
;US-IL;1985;p0p90;35291.398;;0.63;0.63
;US-IL;1985;p0p99;44573.898;;0.87519997;0.87519997
;US-IL;1985;p99.5p100;956003.13;;0.094800003;0.094800003
;US-IL;1984;p0p100;235352.8;2.63031134798e+11;1.0;1.0
;US-IL;1984;p99p100;579783.0;;0.1163;0.1163
;US-IL;1984;p99.9p100;2397547.8;;0.048099998;0.048099998
;US-IL;1984;p99.99p100;10308859.0;;0.0207;0.0207
;US-IL;1984;p90p100;178519.5;;0.3581;0.3581
;US-IL;1984;p90p95;111635.0;;0.112;0.112
;US-IL;1984;p95p99;161697.59;;0.12970001;0.12970001
;US-IL;1984;p99.5p99.9;490992.19;;0.0394;0.0394
;US-IL;1984;p99.9p99.99;1514413.8;;0.0273;0.0273
;US-IL;1984;p99p99.5;286216.09;;0.0287;0.0287
;US-IL;1984;p95p100;245398.0;;0.24609999;0.24609999
;US-IL;1984;p0p90;35570.801;;0.64219999;0.64219999
;US-IL;1984;p0p99;44499.5;;0.88370001;0.88370001
;US-IL;1984;p99.5p100;872983.13;;0.0876;0.0876
;US-IL;1983;p0p100;256140.7;2.49576782179e+11;1.0;1.0
;US-IL;1983;p99p100;508257.69;;0.1058;0.1058
;US-IL;1983;p99.9p100;1943198.9;;0.0405;0.0405
;US-IL;1983;p99.99p100;7976671.5;;0.0166;0.0166
;US-IL;1983;p90p100;168370.0;;0.3506;0.3506
;US-IL;1983;p90p95;110494.9;;0.115;0.115
;US-IL;1983;p95p99;155685.3;;0.12970001;0.12970001
;US-IL;1983;p99.5p99.9;447188.59;;0.0372;0.0372
;US-IL;1983;p99.9p99.99;1268705.5;;0.023800001;0.023800001
;US-IL;1983;p99p99.5;268720.31;;0.028000001;0.028000001
;US-IL;1983;p95p100;226294.41;;0.23559999;0.23559999
;US-IL;1983;p0p90;34664.898;;0.64969999;0.64969999
;US-IL;1983;p0p99;43373.602;;0.89420003;0.89420003
;US-IL;1983;p99.5p100;747300.0;;0.077799998;0.077799998
;US-IL;1982;p0p100;268302.59;2.50725403933e+11;1.0;1.0
;US-IL;1982;p99p100;533786.0;;0.1106;0.1106
;US-IL;1982;p99.9p100;2064662.3;;0.042800002;0.042800002
;US-IL;1982;p99.99p100;8572544.0;;0.0178;0.0178
;US-IL;1982;p90p100;172019.5;;0.35659999;0.35659999
;US-IL;1982;p90p95;111298.5;;0.1154;0.1154
;US-IL;1982;p95p99;157670.2;;0.13070001;0.13070001
;US-IL;1982;p99.5p99.9;468390.19;;0.038800001;0.038800001
;US-IL;1982;p99.9p99.99;1341564.3;;0.025;0.025
;US-IL;1982;p99p99.5;279927.5;;0.028999999;0.028999999
;US-IL;1982;p95p100;232637.41;;0.2411;0.2411
;US-IL;1982;p0p90;34482.102;;0.6433;0.6433
;US-IL;1982;p0p99;43339.0;;0.88940001;0.88940001
;US-IL;1982;p99.5p100;787644.63;;0.081600003;0.081600003
;US-IL;1981;p0p100;307267.09;2.53804117214e+11;1.0;1.0
;US-IL;1981;p99p100;480117.81;;0.0977;0.0977
;US-IL;1981;p99.9p100;1636504.5;;0.033300001;0.033300001
;US-IL;1981;p99.99p100;5754149.5;;0.0117;0.0117
;US-IL;1981;p90p100;165630.09;;0.3371;0.3371
;US-IL;1981;p90p95;111307.9;;0.1133;0.1133
;US-IL;1981;p95p99;154977.59;;0.12620001;0.12620001
;US-IL;1981;p99.5p99.9;448634.69;;0.036499999;0.036499999
;US-IL;1981;p99.9p99.99;1178176.8;;0.021600001;0.021600001
;US-IL;1981;p99p99.5;273496.5;;0.027799999;0.027799999
;US-IL;1981;p95p100;219996.8;;0.2238;0.2238
;US-IL;1981;p0p90;36197.5;;0.66299999;0.66299999
;US-IL;1981;p0p99;44786.699;;0.9023;0.9023
;US-IL;1981;p99.5p100;686645.63;;0.069899999;0.069899999
;US-IL;1980;p0p100;373304.09;2.55176883485e+11;1.0;1.0
;US-IL;1980;p99p100;479770.81;;0.0964;0.0964
;US-IL;1980;p99.9p100;1548600.0;;0.031099999;0.031099999
;US-IL;1980;p99.99p100;5484651.5;;0.011;0.011
;US-IL;1980;p90p100;166491.0;;0.33450001;0.33450001
;US-IL;1980;p90p95;105353.9;;0.1058;0.1058
;US-IL;1980;p95p99;164641.91;;0.1323;0.1323
;US-IL;1980;p99.5p99.9;452477.19;;0.036400001;0.036400001
;US-IL;1980;p99.9p99.99;1110936.1;;0.020099999;0.020099999
;US-IL;1980;p99p99.5;287654.0;;0.028899999;0.028899999
;US-IL;1980;p95p100;227690.59;;0.2287;0.2287
;US-IL;1980;p0p90;36803.602;;0.66549999;0.66549999
;US-IL;1980;p0p99;45429.699;;0.90359998;0.90359998
;US-IL;1980;p99.5p100;671856.63;;0.067500003;0.067500003
;US-IL;1979;p0p100;475141.0;2.61171467247e+11;1.0;1.0
;US-IL;1979;p99p100;501819.91;;0.097800002;0.097800002
;US-IL;1979;p99.9p100;1671464.3;;0.032600001;0.032600001
;US-IL;1979;p99.99p100;6455792.5;;0.0126;0.0126
;US-IL;1979;p90p100;172026.7;;0.33520001;0.33520001
;US-IL;1979;p90p95;112110.4;;0.1092;0.1092
;US-IL;1979;p95p99;164531.41;;0.12819999;0.12819999
;US-IL;1979;p99.5p99.9;471107.69;;0.036699999;0.036699999
;US-IL;1979;p99.9p99.99;1139716.9;;0.02;0.02
;US-IL;1979;p99p99.5;292454.0;;0.0285;0.0285
;US-IL;1979;p95p100;231987.8;;0.226;0.226
;US-IL;1979;p0p90;37909.602;;0.66479999;0.66479999
;US-IL;1979;p0p99;46772.898;;0.90219998;0.90219998
;US-IL;1979;p99.5p100;711272.69;;0.069300003;0.069300003
;US-IL;1978;p0p100;566566.13;2.5337715065e+11;1.0;1.0
;US-IL;1978;p99p100;449301.59;;0.088200003;0.088200003
;US-IL;1978;p99.9p100;1292526.5;;0.0254;0.0254
;US-IL;1978;p99.99p100;4003471.5;;0.0078999996;0.0078999996
;US-IL;1978;p90p100;167514.2;;0.32870001;0.32870001
;US-IL;1978;p90p95;113851.9;;0.1117;0.1117
;US-IL;1978;p95p99;164181.7;;0.12890001;0.12890001
;US-IL;1978;p99.5p99.9;446051.69;;0.035;0.035
;US-IL;1978;p99.9p99.99;991129.19;;0.0175;0.0175
;US-IL;1978;p99p99.5;283193.59;;0.027799999;0.027799999
;US-IL;1978;p95p100;221206.0;;0.21699999;0.21699999
;US-IL;1978;p0p90;38016.699;;0.67129999;0.67129999
;US-IL;1978;p0p99;46943.801;;0.91180003;0.91180003
;US-IL;1978;p99.5p100;615436.31;;0.060400002;0.060400002
;US-IL;1977;p0p100;647392.38;2.46255165798e+11;1.0;1.0
;US-IL;1977;p99p100;451938.69;;0.0898;0.0898
;US-IL;1977;p99.9p100;1301790.8;;0.025900001;0.025900001
;US-IL;1977;p99.99p100;4347024.0;;0.0086000003;0.0086000003
;US-IL;1977;p90p100;165060.59;;0.3281;0.3281
;US-IL;1977;p90p95;114575.9;;0.1139;0.1139
;US-IL;1977;p95p99;156469.0;;0.1244;0.1244
;US-IL;1977;p99.5p99.9;446373.81;;0.035500001;0.035500001
;US-IL;1977;p99.9p99.99;963302.0;;0.017200001;0.017200001
;US-IL;1977;p99p99.5;286345.81;;0.0285;0.0285
;US-IL;1977;p95p100;215551.5;;0.2142;0.2142
;US-IL;1977;p0p90;37560.199;;0.67189997;0.67189997
;US-IL;1977;p0p99;46253.801;;0.9102;0.9102
;US-IL;1977;p99.5p100;617562.5;;0.0614;0.0614
;US-IL;1976;p0p100;721549.69;2.38386284856e+11;1.0;1.0
;US-IL;1976;p99p100;437609.41;;0.088500001;0.088500001
;US-IL;1976;p99.9p100;1242283.8;;0.0251;0.0251
;US-IL;1976;p99.99p100;3893128.0;;0.0078999996;0.0078999996
;US-IL;1976;p90p100;163171.09;;0.3301;0.3301
;US-IL;1976;p90p95;110458.0;;0.1117;0.1117
;US-IL;1976;p95p99;160443.5;;0.12980001;0.12980001
;US-IL;1976;p99.5p99.9;434912.69;;0.0352;0.0352
;US-IL;1976;p99.9p99.99;947830.81;;0.0173;0.0173
;US-IL;1976;p99p99.5;278719.81;;0.028200001;0.028200001
;US-IL;1976;p95p100;215876.91;;0.2183;0.2183
;US-IL;1976;p0p90;36799.0;;0.6699;0.6699
;US-IL;1976;p0p99;45514.398;;0.91149998;0.91149998
;US-IL;1976;p99.5p100;596490.0;;0.0603;0.0603
;US-IL;1975;p0p100;787248.19;2.29224434877e+11;1.0;1.0
;US-IL;1975;p99p100;415953.0;;0.086300001;0.086300001
;US-IL;1975;p99.9p100;1144536.6;;0.023700001;0.023700001
;US-IL;1975;p99.99p100;3596625.0;;0.0074999998;0.0074999998
;US-IL;1975;p90p100;155996.5;;0.32350001;0.32350001
;US-IL;1975;p90p95;106844.6;;0.1108;0.1108
;US-IL;1975;p95p99;152446.3;;0.1265;0.1265
;US-IL;1975;p99.5p99.9;420472.31;;0.034899998;0.034899998
;US-IL;1975;p99.9p99.99;872293.81;;0.0163;0.0163
;US-IL;1975;p99p99.5;266376.19;;0.0276;0.0276
;US-IL;1975;p95p100;205148.09;;0.21269999;0.21269999
;US-IL;1975;p0p90;36245.5;;0.67650002;0.67650002
;US-IL;1975;p0p99;44505.102;;0.91369998;0.91369998
;US-IL;1975;p99.5p100;565490.31;;0.058600001;0.058600001
;US-IL;1974;p0p100;982374.88;2.36715739779e+11;1.0;1.0
;US-IL;1974;p99p100;462995.0;;0.091600001;0.091600001
;US-IL;1974;p99.9p100;1394888.9;;0.0276;0.0276
;US-IL;1974;p99.99p100;4525202.5;;0.0089999996;0.0089999996
;US-IL;1974;p90p100;167805.09;;0.3321;0.3321
;US-IL;1974;p90p95;112256.7;;0.1111;0.1111
;US-IL;1974;p95p99;163492.91;;0.1294;0.1294
;US-IL;1974;p99.5p99.9;453539.91;;0.0359;0.0359
;US-IL;1974;p99.9p99.99;1047781.5;;0.0187;0.0187
;US-IL;1974;p99p99.5;284515.5;;0.028200001;0.028200001
;US-IL;1974;p95p100;223350.41;;0.221;0.221
;US-IL;1974;p0p90;37490.602;;0.66780001;0.66780001
;US-IL;1974;p0p99;46360.0;;0.9084;0.9084
;US-IL;1974;p99.5p100;641607.88;;0.063500002;0.063500002
;US-IL;1973;p0p100;1225445.1;2.3622918189e+11;1.0;1.0
;US-IL;1973;p99p100;461663.59;;0.090300001;0.090300001
;US-IL;1973;p99.9p100;1370553.3;;0.026799999;0.026799999
;US-IL;1973;p99.99p100;5018585.5;;0.0098000001;0.0098000001
;US-IL;1973;p90p100;167478.41;;0.3276;0.3276
;US-IL;1973;p90p95;112125.1;;0.1097;0.1097
;US-IL;1973;p95p99;163126.0;;0.1276;0.1276
;US-IL;1973;p99.5p99.9;457529.0;;0.035799999;0.035799999
;US-IL;1973;p99.9p99.99;965492.88;;0.017000001;0.017000001
;US-IL;1973;p99p99.5;283311.19;;0.0277;0.0277
;US-IL;1973;p95p100;222833.09;;0.21789999;0.21789999
;US-IL;1973;p0p90;38192.301;;0.6724;0.6724
;US-IL;1973;p0p99;46975.0;;0.90969998;0.90969998
;US-IL;1973;p99.5p100;640130.5;;0.062600002;0.062600002
;US-IL;1972;p0p100;1345844.1;2.26721686378e+11;1.0;1.0
;US-IL;1972;p99p100;473591.09;;0.095200002;0.095200002
;US-IL;1972;p99.9p100;1549818.1;;0.031099999;0.031099999
;US-IL;1972;p99.99p100;6108103.0;;0.0123;0.0123
;US-IL;1972;p90p100;164445.7;;0.33050001;0.33050001
;US-IL;1972;p90p95;107902.7;;0.1084;0.1084
;US-IL;1972;p95p99;157836.0;;0.1269;0.1269
;US-IL;1972;p99.5p99.9;433297.59;;0.0348;0.0348
;US-IL;1972;p99.9p99.99;1043409.7;;0.0189;0.0189
;US-IL;1972;p99p99.5;290681.0;;0.029200001;0.029200001
;US-IL;1972;p95p100;220987.0;;0.222;0.222
;US-IL;1972;p0p90;37018.398;;0.66949999;0.66949999
;US-IL;1972;p0p99;45480.5;;0.9048;0.9048
;US-IL;1972;p99.5p100;656501.13;;0.066;0.066
;US-IL;1971;p0p100;1393792.8;2.17095316004e+11;1.0;1.0
;US-IL;1971;p99p100;442284.09;;0.091399997;0.091399997
;US-IL;1971;p99.9p100;1376341.3;;0.0284;0.0284
;US-IL;1971;p99.99p100;5010891.5;;0.0104;0.0104
;US-IL;1971;p90p100;155618.2;;0.32170001;0.32170001
;US-IL;1971;p90p95;104344.7;;0.1078;0.1078
;US-IL;1971;p95p99;148050.09;;0.1224;0.1224
;US-IL;1971;p99.5p99.9;427609.41;;0.035399999;0.035399999
;US-IL;1971;p99.9p99.99;972549.81;;0.018100001;0.018100001
;US-IL;1971;p99p99.5;267138.81;;0.0276;0.0276
;US-IL;1971;p95p100;206898.2;;0.2138;0.2138
;US-IL;1971;p0p90;36463.398;;0.67830002;0.67830002
;US-IL;1971;p0p99;44399.898;;0.90859997;0.90859997
;US-IL;1971;p99.5p100;617427.69;;0.0638;0.0638
;US-IL;1970;p0p100;1517857.0;2.13315136125e+11;1.0;1.0
;US-IL;1970;p99p100;432635.91;;0.089500003;0.089500003
;US-IL;1970;p99.9p100;1342246.3;;0.027799999;0.027799999
;US-IL;1970;p99.99p100;5025480.5;;0.0104;0.0104
;US-IL;1970;p90p100;152969.09;;0.3163;0.3163
;US-IL;1970;p90p95;101116.3;;0.1046;0.1046
;US-IL;1970;p95p99;147840.91;;0.1223;0.1223
;US-IL;1970;p99.5p99.9;415217.31;;0.034299999;0.034299999
;US-IL;1970;p99.9p99.99;933187.81;;0.0174;0.0174
;US-IL;1970;p99p99.5;264681.81;;0.0274;0.0274
;US-IL;1970;p95p100;204805.59;;0.21179999;0.21179999
;US-IL;1970;p0p90;36732.0;;0.68370003;0.68370003
;US-IL;1970;p0p99;44473.301;;0.91049999;0.91049999
;US-IL;1970;p99.5p100;600600.63;;0.062100001;0.062100001
;US-IL;1969;p0p100;1732542.1;2.15953343381e+11;1.0;1.0
;US-IL;1969;p99p100;511622.19;;0.1036;0.1036
;US-IL;1969;p99.9p100;1829437.5;;0.037;0.037
;US-IL;1969;p99.99p100;7671289.5;;0.0155;0.0155
;US-IL;1969;p90p100;163623.7;;0.33129999;0.33129999
;US-IL;1969;p90p95;102799.9;;0.1041;0.1041
;US-IL;1969;p95p99;152632.41;;0.1236;0.1236
;US-IL;1969;p99.5p99.9;462356.5;;0.037500001;0.037500001
;US-IL;1969;p99.9p99.99;1180448.1;;0.021500001;0.021500001
;US-IL;1969;p99p99.5;287479.59;;0.029100001;0.029100001
;US-IL;1969;p95p100;224439.3;;0.2273;0.2273
;US-IL;1969;p0p90;36688.5;;0.66869998;0.66869998
;US-IL;1969;p0p99;44712.199;;0.89639997;0.89639997
;US-IL;1969;p99.5p100;735766.19;;0.074500002;0.074500002
;US-IL;1968;p0p100;1921817.8;2.13909705415e+11;1.0;1.0
;US-IL;1968;p99p100;552375.31;;0.1122;0.1122
;US-IL;1968;p99.9p100;1928053.8;;0.039099999;0.039099999
;US-IL;1968;p99.99p100;7400692.0;;0.015;0.015
;US-IL;1968;p90p100;167564.7;;0.34020001;0.34020001
;US-IL;1968;p90p95;100958.2;;0.1025;0.1025
;US-IL;1968;p95p99;154639.8;;0.1256;0.1256
;US-IL;1968;p99.5p99.9;516317.0;;0.041900001;0.041900001
;US-IL;1968;p99.9p99.99;1321161.5;;0.0241;0.0241
;US-IL;1968;p99p99.5;306117.59;;0.031099999;0.031099999
;US-IL;1968;p95p100;234183.2;;0.2377;0.2377
;US-IL;1968;p0p90;36103.102;;0.65969998;0.65969998
;US-IL;1968;p0p99;44169.199;;0.88779998;0.88779998
;US-IL;1968;p99.5p100;798617.31;;0.081100002;0.081100002
;US-IL;1967;p0p100;2040459.0;2.07724231783e+11;1.0;1.0
;US-IL;1967;p99p100;514791.0;;0.1069;0.1069
;US-IL;1967;p99.9p100;1765902.0;;0.036699999;0.036699999
;US-IL;1967;p99.99p100;6794582.5;;0.0141;0.0141
;US-IL;1967;p90p100;160662.59;;0.3335;0.3335
;US-IL;1967;p90p95;98701.898;;0.1025;0.1025
;US-IL;1967;p95p99;149541.5;;0.1242;0.1242
;US-IL;1967;p99.5p99.9;479177.5;;0.039799999;0.039799999
;US-IL;1967;p99.9p99.99;1207165.6;;0.022600001;0.022600001
;US-IL;1967;p99p99.5;293058.19;;0.030400001;0.030400001
;US-IL;1967;p95p100;222605.7;;0.23109999;0.23109999
;US-IL;1967;p0p90;35671.5;;0.66649997;0.66649997
;US-IL;1967;p0p99;43455.602;;0.89310002;0.89310002
;US-IL;1967;p99.5p100;736522.0;;0.076499999;0.076499999
;US-IL;1966;p0p100;2090628.0;1.98669304499e+11;1.0;1.0
;US-IL;1966;p99p100;481967.91;;0.1038;0.1038
;US-IL;1966;p99.9p100;1651034.6;;0.035599999;0.035599999
;US-IL;1966;p99.99p100;6605122.0;;0.0142;0.0142
;US-IL;1966;p90p100;152830.41;;0.32910001;0.32910001
;US-IL;1966;p90p95;96539.297;;0.1039;0.1039
;US-IL;1966;p95p99;140835.09;;0.1213;0.1213
;US-IL;1966;p99.5p99.9;448143.41;;0.038600001;0.038600001
;US-IL;1966;p99.9p99.99;1100416.9;;0.021299999;0.021299999
;US-IL;1966;p99p99.5;275454.0;;0.0297;0.0297
;US-IL;1966;p95p100;209079.3;;0.2251;0.2251
;US-IL;1966;p0p90;34623.5;;0.671;0.671
;US-IL;1966;p0p99;42043.0;;0.8962;0.8962
;US-IL;1966;p99.5p100;688537.88;;0.074100003;0.074100003
;US-IL;1965;p0p100;2118721.5;1.88647794052e+11;1.0;1.0
;US-IL;1965;p99p100;488889.19;;0.1099;0.1099
;US-IL;1965;p99.9p100;1663310.8;;0.0374;0.0374
;US-IL;1965;p99.99p100;6648288.5;;0.0149;0.0149
;US-IL;1965;p90p100;147975.5;;0.3326;0.3326
;US-IL;1965;p90p95;88923.0;;0.0999;0.0999
;US-IL;1965;p95p99;136578.2;;0.1228;0.1228
;US-IL;1965;p99.5p99.9;452203.31;;0.0407;0.0407
;US-IL;1965;p99.9p99.99;1109261.3;;0.022399999;0.022399999
;US-IL;1965;p99p99.5;283388.81;;0.0319;0.0319
;US-IL;1965;p95p100;207034.3;;0.23270001;0.23270001
;US-IL;1965;p0p90;32988.5;;0.6674;0.6674
;US-IL;1965;p0p99;39999.0;;0.8901;0.8901
;US-IL;1965;p99.5p100;694393.81;;0.078000002;0.078000002
;US-IL;1964;p0p100;2070866.3;1.76845828383e+11;1.0;1.0
;US-IL;1964;p99p100;434794.91;;0.1032;0.1032
;US-IL;1964;p99.9p100;1344682.8;;0.0319;0.0319
;US-IL;1964;p99.99p100;4841855.0;;0.0115;0.0115
;US-IL;1964;p90p100;137982.0;;0.3276;0.3276
;US-IL;1964;p90p95;82998.5;;0.098499998;0.098499998
;US-IL;1964;p95p99;132535.7;;0.1259;0.1259
;US-IL;1964;p99.5p99.9;419623.41;;0.039900001;0.039900001
;US-IL;1964;p99.9p99.99;955931.38;;0.020400001;0.020400001
;US-IL;1964;p99p99.5;264791.09;;0.031399999;0.031399999
;US-IL;1964;p95p100;192995.7;;0.2291;0.2291
;US-IL;1964;p0p90;31461.4;;0.6724;0.6724
;US-IL;1964;p0p99;38147.102;;0.89679998;0.89679998
;US-IL;1964;p99.5p100;604667.88;;0.071800001;0.071800001
;US-IL;1963;p0p100;2017394.9;1.65995569112e+11;1.0;1.0
;US-IL;1963;p99p100;393697.5;;0.098499998;0.098499998
;US-IL;1963;p99.9p100;1228837.1;;0.0307;0.0307
;US-IL;1963;p99.99p100;4144679.8;;0.0104;0.0104
;US-IL;1963;p90p100;131141.59;;0.3281;0.3281
;US-IL;1963;p90p95;83526.0;;0.1045;0.1045
;US-IL;1963;p95p99;125021.9;;0.1251;0.1251
;US-IL;1963;p99.5p99.9;384525.41;;0.0385;0.0385
;US-IL;1963;p99.9p99.99;905374.0;;0.020400001;0.020400001
;US-IL;1963;p99p99.5;233961.0;;0.029300001;0.029300001
;US-IL;1963;p95p100;178757.0;;0.2236;0.2236
;US-IL;1963;p0p90;29844.301;;0.67189997;0.67189997
;US-IL;1963;p0p99;36401.301;;0.90149999;0.90149999
;US-IL;1963;p99.5p100;553433.13;;0.069200002;0.069200002
;US-IL;1962;p0p100;2022932.6;1.60238539315e+11;1.0;1.0
;US-IL;1962;p99p100;396571.59;;0.1016;0.1016
;US-IL;1962;p99.9p100;1288975.4;;0.033;0.033
;US-IL;1962;p99.99p100;4689779.0;;0.012;0.012
;US-IL;1962;p90p100;128717.9;;0.32969999;0.32969999
;US-IL;1962;p90p95;81098.203;;0.1039;0.1039
;US-IL;1962;p95p99;121278.7;;0.1243;0.1243
;US-IL;1962;p99.5p99.9;387341.69;;0.039700001;0.039700001
;US-IL;1962;p99.9p99.99;911093.38;;0.021;0.021
;US-IL;1962;p99p99.5;225495.91;;0.028899999;0.028899999
;US-IL;1962;p95p100;176337.2;;0.22579999;0.22579999
;US-IL;1962;p0p90;29078.9;;0.67030001;0.67030001
;US-IL;1962;p0p99;35431.5;;0.89840001;0.89840001
;US-IL;1962;p99.5p100;567649.69;;0.072700001;0.072700001
;US-IL;1961;p0p100;2031595.5;1.55745827515e+11;1.0;1.0
;US-IL;1961;p99p100;412527.81;;0.1073;0.1073
;US-IL;1961;p99.9p100;1453087.8;;0.037799999;0.037799999
;US-IL;1961;p99.99p100;5401999.0;;0.0141;0.0141
;US-IL;1961;p90p100;128802.2;;0.3351;0.3351
;US-IL;1961;p90p95;79339.703;;0.1032;0.1032
;US-IL;1961;p95p99;119697.1;;0.1246;0.1246
;US-IL;1961;p99.5p99.9;385585.59;;0.040100001;0.040100001
;US-IL;1961;p99.9p99.99;1014391.5;;0.023800001;0.023800001
;US-IL;1961;p99p99.5;225991.59;;0.0294;0.0294
;US-IL;1961;p95p100;178264.2;;0.23190001;0.23190001
;US-IL;1961;p0p90;28394.0;;0.6649;0.6649
;US-IL;1961;p0p99;34656.199;;0.89270002;0.89270002
;US-IL;1961;p99.5p100;599062.5;;0.0779;0.0779
;US-IL;1960;p0p100;2028456.8;1.50283814893e+11;1.0;1.0
;US-IL;1960;p99p100;380508.59;;0.1012;0.1012
;US-IL;1960;p99.9p100;1237624.0;;0.032900002;0.032900002
;US-IL;1960;p99.99p100;4192789.3;;0.0111;0.0111
;US-IL;1960;p90p100;123633.8;;0.32870001;0.32870001
;US-IL;1960;p90p95;78445.898;;0.1043;0.1043
;US-IL;1960;p95p99;115899.9;;0.1233;0.1233
;US-IL;1960;p99.5p99.9;367851.81;;0.039099999;0.039099999
;US-IL;1960;p99.9p99.99;909988.19;;0.0218;0.0218
;US-IL;1960;p99p99.5;219225.5;;0.029100001;0.029100001
;US-IL;1960;p95p100;168822.0;;0.2244;0.2244
;US-IL;1960;p0p90;28050.301;;0.67119998;0.67119998
;US-IL;1960;p0p99;34145.699;;0.89880002;0.89880002
;US-IL;1960;p99.5p100;541792.19;;0.071999997;0.071999997
;US-IL;1959;p0p100;2099368.8;1.4972325897e+11;1.0;1.0
;US-IL;1959;p99p100;387700.0;;0.1031;0.1031
;US-IL;1959;p99.9p100;1221080.1;;0.032499999;0.032499999
;US-IL;1959;p99.99p100;3895737.0;;0.0104;0.0104
;US-IL;1959;p90p100;122704.9;;0.32620001;0.32620001
;US-IL;1959;p90p95;76877.297;;0.1022;0.1022
;US-IL;1959;p95p99;113740.3;;0.1209;0.1209
;US-IL;1959;p99.5p99.9;387247.31;;0.041200001;0.041200001
;US-IL;1959;p99.9p99.99;924273.81;;0.0221;0.0221
;US-IL;1959;p99p99.5;221354.41;;0.0294;0.0294
;US-IL;1959;p95p100;168532.7;;0.22400001;0.22400001
;US-IL;1959;p0p90;28166.199;;0.67379999;0.67379999
;US-IL;1959;p0p99;34084.102;;0.8969;0.8969
;US-IL;1959;p99.5p100;554048.88;;0.073600002;0.073600002
;US-IL;1958;p0p100;1999817.9;1.39950614347e+11;1.0;1.0
;US-IL;1958;p99p100;356615.09;;0.1009;0.1009
;US-IL;1958;p99.9p100;1125628.8;;0.031800002;0.031800002
;US-IL;1958;p99.99p100;3349462.3;;0.0094999997;0.0094999997
;US-IL;1958;p90p100;115895.1;;0.32789999;0.32789999
;US-IL;1958;p90p95;73156.398;;0.1035;0.1035
;US-IL;1958;p95p99;109138.3;;0.1235;0.1235
;US-IL;1958;p99.5p99.9;340134.5;;0.0385;0.0385
;US-IL;1958;p99.9p99.99;879356.69;;0.022399999;0.022399999
;US-IL;1958;p99p99.5;216087.2;;0.0306;0.0306
;US-IL;1958;p95p100;158633.7;;0.2244;0.2244
;US-IL;1958;p0p90;26394.1;;0.67210001;0.67210001
;US-IL;1958;p0p99;32100.301;;0.89910001;0.89910001
;US-IL;1958;p99.5p100;497141.69;;0.070299998;0.070299998
;US-IL;1957;p0p100;2192590.3;1.44622932041e+11;1.0;1.0
;US-IL;1957;p99p100;367384.91;;0.1;0.1
;US-IL;1957;p99.9p100;1101129.6;;0.029999999;0.029999999
;US-IL;1957;p99.99p100;3452196.5;;0.0093999999;0.0093999999
;US-IL;1957;p90p100;117814.3;;0.32080001;0.32080001
;US-IL;1957;p90p95;73952.0;;0.1007;0.1007
;US-IL;1957;p95p99;110249.2;;0.1201;0.1201
;US-IL;1957;p99.5p99.9;374236.41;;0.040800001;0.040800001
;US-IL;1957;p99.9p99.99;840163.38;;0.0206;0.0206
;US-IL;1957;p99p99.5;215041.59;;0.029300001;0.029300001
;US-IL;1957;p95p100;161676.59;;0.2201;0.2201
;US-IL;1957;p0p90;27711.5;;0.67919999;0.67919999
;US-IL;1957;p0p99;33381.398;;0.89999998;0.89999998
;US-IL;1957;p99.5p100;519727.69;;0.070799999;0.070799999
;US-IL;1956;p0p100;2381551.8;1.45450731569e+11;1.0;1.0
;US-IL;1956;p99p100;392068.0;;0.1054;0.1054
;US-IL;1956;p99.9p100;1222304.6;;0.032900002;0.032900002
;US-IL;1956;p99.99p100;3970410.5;;0.0107;0.0107
;US-IL;1956;p90p100;121633.8;;0.32710001;0.32710001
;US-IL;1956;p90p95;75478.797;;0.1015;0.1015
;US-IL;1956;p95p99;111741.7;;0.1202;0.1202
;US-IL;1956;p99.5p99.9;388996.31;;0.0418;0.0418
;US-IL;1956;p99.9p99.99;917488.13;;0.0222;0.0222
;US-IL;1956;p99p99.5;228317.0;;0.0307;0.0307
;US-IL;1956;p95p100;167806.8;;0.2256;0.2256
;US-IL;1956;p0p90;27805.699;;0.67290002;0.67290002
;US-IL;1956;p0p99;33604.5;;0.89459997;0.89459997
;US-IL;1956;p99.5p100;555816.88;;0.074699998;0.074699998
;US-IL;1955;p0p100;2331897.3;1.37306872357e+11;1.0;1.0
;US-IL;1955;p99p100;360132.59;;0.1019;0.1019
;US-IL;1955;p99.9p100;1126478.6;;0.0319;0.0319
;US-IL;1955;p99.99p100;3846921.5;;0.0109;0.0109
;US-IL;1955;p90p100;116775.4;;0.33039999;0.33039999
;US-IL;1955;p90p95;75135.5;;0.1063;0.1063
;US-IL;1955;p95p99;108398.6;;0.1227;0.1227
;US-IL;1955;p99.5p99.9;347269.41;;0.039299998;0.039299998
;US-IL;1955;p99.9p99.99;824227.31;;0.021;0.021
;US-IL;1955;p99p99.5;217155.91;;0.0307;0.0307
;US-IL;1955;p95p100;158737.2;;0.2245;0.2245
;US-IL;1955;p0p90;26282.1;;0.6692;0.6692
;US-IL;1955;p0p99;32067.301;;0.89810002;0.89810002
;US-IL;1955;p99.5p100;503109.59;;0.071199998;0.071199998
;US-IL;1954;p0p100;2196257.3;1.29383449559e+11;1.0;1.0
;US-IL;1954;p99p100;363577.59;;0.1084;0.1084
;US-IL;1954;p99.9p100;1062213.3;;0.0317;0.0317
;US-IL;1954;p99.99p100;2987520.3;;0.0088999998;0.0088999998
;US-IL;1954;p90p100;114178.5;;0.34040001;0.34040001
;US-IL;1954;p90p95;70846.297;;0.1056;0.1056
;US-IL;1954;p95p99;106084.4;;0.1265;0.1265
;US-IL;1954;p99.5p99.9;375346.81;;0.044799998;0.044799998
;US-IL;1954;p99.9p99.99;848316.31;;0.0228;0.0228
;US-IL;1954;p99p99.5;214437.0;;0.032000002;0.032000002
;US-IL;1954;p95p100;157581.7;;0.2349;0.2349
;US-IL;1954;p0p90;24577.699;;0.6595;0.6595
;US-IL;1954;p0p99;30207.699;;0.89160001;0.89160001
;US-IL;1954;p99.5p100;512718.59;;0.076399997;0.076399997
;US-IL;1953;p0p100;2237006.0;1.29552823682e+11;1.0;1.0
;US-IL;1953;p99p100;339274.91;;0.1003;0.1003
;US-IL;1953;p99.9p100;1013334.1;;0.029999999;0.029999999
;US-IL;1953;p99.99p100;3111573.0;;0.0092000002;0.0092000002
;US-IL;1953;p90p100;110119.9;;0.3256;0.3256
;US-IL;1953;p90p95;70378.102;;0.104;0.104
;US-IL;1953;p95p99;102530.0;;0.1212;0.1212
;US-IL;1953;p99.5p99.9;346588.59;;0.041000001;0.041000001
;US-IL;1953;p99.9p99.99;780446.5;;0.0208;0.0208
;US-IL;1953;p99p99.5;198661.7;;0.0294;0.0294
;US-IL;1953;p95p100;149885.0;;0.2216;0.2216
;US-IL;1953;p0p90;25346.4;;0.67439997;0.67439997
;US-IL;1953;p0p99;30739.699;;0.89969999;0.89969999
;US-IL;1953;p99.5p100;479892.5;;0.070900001;0.070900001
;US-IL;1952;p0p100;2172368.8;1.23152972049e+11;1.0;1.0
;US-IL;1952;p99p100;348556.41;;0.1077;0.1077
;US-IL;1952;p99.9p100;1093265.3;;0.033799998;0.033799998
;US-IL;1952;p99.99p100;3478107.5;;0.0107;0.0107
;US-IL;1952;p90p100;108718.2;;0.336;0.336
;US-IL;1952;p90p95;67341.203;;0.1041;0.1041
;US-IL;1952;p95p99;100636.8;;0.1244;0.1244
;US-IL;1952;p99.5p99.9;348224.69;;0.043000001;0.043000001
;US-IL;1952;p99.9p99.99;828262.63;;0.023;0.023
;US-IL;1952;p99p99.5;199903.7;;0.0309;0.0309
;US-IL;1952;p95p100;150210.5;;0.2321;0.2321
;US-IL;1952;p0p90;23865.9;;0.6638;0.6638
;US-IL;1952;p0p99;29163.5;;0.89230001;0.89230001
;US-IL;1952;p99.5p100;497218.91;;0.076800004;0.076800004
;US-IL;1951;p0p100;2242258.3;1.20879163429e+11;1.0;1.0
;US-IL;1951;p99p100;410641.41;;0.1284;0.1284
;US-IL;1951;p99.9p100;1351468.6;;0.042300001;0.042300001
;US-IL;1951;p99.99p100;3504698.5;;0.011;0.011
;US-IL;1951;p90p100;110887.4;;0.34670001;0.34670001
;US-IL;1951;p90p95;56636.301;;0.088500001;0.088500001
;US-IL;1951;p95p99;104529.9;;0.13070001;0.13070001
;US-IL;1951;p99.5p99.9;405726.91;;0.050700001;0.050700001
;US-IL;1951;p99.9p99.99;1115167.8;;0.031399999;0.031399999
;US-IL;1951;p99p99.5;224916.0;;0.0352;0.0352
;US-IL;1951;p95p100;165861.7;;0.25929999;0.25929999
;US-IL;1951;p0p99;21081.6;;0.65249997;0.65249997
;US-IL;1951;p99.5p100;595984.88;;0.093199998;0.093199998
;US-IL;1950;p0p100;2544533.8;1.16974735598e+11;1.0;1.0
;US-IL;1950;p99p100;397609.31;;0.1275;0.1275
;US-IL;1950;p99.9p100;1321969.8;;0.042399999;0.042399999
;US-IL;1950;p99.99p100;3430903.5;;0.011;0.011
;US-IL;1950;p90p100;106340.6;;0.34110001;0.34110001
;US-IL;1950;p90p95;53186.102;;0.085299999;0.085299999
;US-IL;1950;p95p99;100230.2;;0.1286;0.1286
;US-IL;1950;p99.5p99.9;390838.81;;0.0502;0.0502
;US-IL;1950;p99.9p99.99;1097668.8;;0.0317;0.0317
;US-IL;1950;p99p99.5;218235.0;;0.035;0.035
;US-IL;1950;p95p100;159691.8;;0.2561;0.2561
;US-IL;1950;p0p90;22799.4;;0.65820003;0.65820003
;US-IL;1950;p0p99;27472.1;;0.8725;0.8725
;US-IL;1950;p99.5p100;577004.13;;0.092500001;0.092500001
;US-IL;1949;p0p100;2373399.0;1.05937988209e+11;1.0;1.0
;US-IL;1949;p99p100;336412.31;;0.118;0.118
;US-IL;1949;p99.9p100;1043270.2;;0.036600001;0.036600001
;US-IL;1949;p99.99p100;3056006.5;;0.0107;0.0107
;US-IL;1949;p90p100;98914.602;;0.34689999;0.34689999
;US-IL;1949;p90p95;56028.102;;0.098200001;0.098200001
;US-IL;1949;p95p99;93244.898;;0.13079999;0.13079999
;US-IL;1949;p99.5p99.9;339463.31;;0.047600001;0.047600001
;US-IL;1949;p99.9p99.99;819651.63;;0.025900001;0.025900001
;US-IL;1949;p99p99.5;192598.09;;0.033799998;0.033799998
;US-IL;1949;p95p100;141867.8;;0.24879999;0.24879999
;US-IL;1949;p0p90;20688.6;;0.653;0.653
;US-IL;1949;p0p99;25405.0;;0.88200003;0.88200003
;US-IL;1949;p99.5p100;480224.91;;0.084200002;0.084200002
;US-IL;1948;p0p100;2467087.0;1.11504002013e+11;1.0;1.0
;US-IL;1948;p99p100;360744.09;;0.1194;0.1194
;US-IL;1948;p99.9p100;1147077.9;;0.037999999;0.037999999
;US-IL;1948;p99.99p100;3507164.5;;0.0116;0.0116
;US-IL;1948;p90p100;103069.1;;0.34099999;0.34099999
;US-IL;1948;p90p95;57047.102;;0.094400004;0.094400004
;US-IL;1948;p95p99;96202.898;;0.12729999;0.12729999
;US-IL;1948;p99.5p99.9;363171.81;;0.048099998;0.048099998
;US-IL;1948;p99.9p99.99;884857.31;;0.0263;0.0263
;US-IL;1948;p99p99.5;201538.2;;0.033300001;0.033300001
;US-IL;1948;p95p100;149106.7;;0.2467;0.2467
;US-IL;1948;p0p90;22129.699;;0.65899998;0.65899998
;US-IL;1948;p0p99;26886.1;;0.88059998;0.88059998
;US-IL;1948;p99.5p100;519951.69;;0.086000003;0.086000003
;US-IL;1947;p0p100;2677212.8;1.03430896267e+11;1.0;1.0
;US-IL;1947;p99p100;347824.81;;0.1232;0.1232
;US-IL;1947;p99.9p100;1098879.8;;0.038899999;0.038899999
;US-IL;1947;p99.99p100;3490810.8;;0.0124;0.0124
;US-IL;1947;p90p100;100589.3;;0.35620001;0.35620001
;US-IL;1947;p90p95;54810.301;;0.097000003;0.097000003
;US-IL;1947;p95p99;96008.102;;0.13600001;0.13600001
;US-IL;1947;p99.5p99.9;345230.19;;0.048900001;0.048900001
;US-IL;1947;p99.9p99.99;833137.88;;0.0266;0.0266
;US-IL;1947;p99p99.5;199681.0;;0.035399999;0.035399999
;US-IL;1947;p95p100;146366.8;;0.25920001;0.25920001
;US-IL;1947;p0p90;20199.4;;0.64380002;0.64380002
;US-IL;1947;p0p99;25010.4;;0.8768;0.8768
;US-IL;1947;p99.5p100;495959.41;;0.087800004;0.087800004
;US-IL;1946;p0p100;3504554.8;1.02565889237e+11;1.0;1.0
;US-IL;1946;p99p100;383616.41;;0.1357;0.1357
;US-IL;1946;p99.9p100;1234274.5;;0.043699998;0.043699998
;US-IL;1946;p99.99p100;4071437.5;;0.0144;0.0144
;US-IL;1946;p90p100;106061.8;;0.3752;0.3752
;US-IL;1946;p90p95;54381.699;;0.096199997;0.096199997
;US-IL;1946;p95p99;101275.5;;0.1433;0.1433
;US-IL;1946;p99.5p99.9;382263.81;;0.054099999;0.054099999
;US-IL;1946;p99.9p99.99;919038.88;;0.029300001;0.029300001
;US-IL;1946;p99p99.5;214559.8;;0.037999999;0.037999999
;US-IL;1946;p95p100;157740.7;;0.27900001;0.27900001
;US-IL;1946;p0p90;19621.0;;0.62480003;0.62480003
;US-IL;1946;p0p99;24675.699;;0.86430001;0.86430001
;US-IL;1946;p99.5p100;552665.69;;0.097800002;0.097800002
;US-IL;1945;p0p100;3984399.0;98916950913.0;1.0;1.0
;US-IL;1945;p99p100;364291.41;;0.13349999;0.13349999
;US-IL;1945;p99.9p100;1181773.8;;0.043299999;0.043299999
;US-IL;1945;p99.99p100;3542986.5;;0.013;0.013
;US-IL;1945;p90p100;98939.398;;0.36269999;0.36269999
;US-IL;1945;p90p95;53222.602;;0.097499996;0.097499996
;US-IL;1945;p95p99;89746.203;;0.13160001;0.13160001
;US-IL;1945;p99.5p99.9;366612.19;;0.053800002;0.053800002
;US-IL;1945;p99.9p99.99;919775.0;;0.030300001;0.030300001
;US-IL;1945;p99p99.5;198940.2;;0.036499999;0.036499999
;US-IL;1945;p95p100;144654.59;;0.2651;0.2651
;US-IL;1945;p0p90;19317.699;;0.63730001;0.63730001
;US-IL;1945;p0p99;23876.0;;0.86650002;0.86650002
;US-IL;1945;p99.5p100;529634.88;;0.097099997;0.097099997
;US-IL;1944;p0p100;4116708.5;97547744765.0;1.0;1.0
;US-IL;1944;p99p100;332851.0;;0.1235;0.1235
;US-IL;1944;p99.9p100;1083122.3;;0.040199999;0.040199999
;US-IL;1944;p99.99p100;3297590.0;;0.0122;0.0122
;US-IL;1944;p90p100;96845.203;;0.3594;0.3594
;US-IL;1944;p90p95;57733.398;;0.1071;0.1071
;US-IL;1944;p95p99;86694.398;;0.1287;0.1287
;US-IL;1944;p99.5p99.9;335737.41;;0.049800001;0.049800001
;US-IL;1944;p99.9p99.99;837164.0;;0.028000001;0.028000001
;US-IL;1944;p99p99.5;180500.8;;0.033500001;0.033500001
;US-IL;1944;p95p100;135875.7;;0.25209999;0.25209999
;US-IL;1944;p0p90;19179.9;;0.64060003;0.64060003
;US-IL;1944;p0p99;23855.0;;0.87650001;0.87650001
;US-IL;1944;p99.5p100;485234.5;;0.090000004;0.090000004
;US-IL;1943;p0p100;4225923.0;96471573425.0;1.0;1.0
;US-IL;1943;p99p100;371429.91;;0.139;0.139
;US-IL;1943;p99.9p100;1250560.9;;0.046799999;0.046799999
;US-IL;1943;p99.99p100;3639418.8;;0.0136;0.0136
;US-IL;1943;p90p100;97401.102;;0.36449999;0.36449999
;US-IL;1943;p90p95;52315.5;;0.097900003;0.097900003
;US-IL;1943;p95p99;85281.602;;0.1277;0.1277
;US-IL;1943;p99.5p99.9;372804.41;;0.055799998;0.055799998
;US-IL;1943;p99.9p99.99;984922.31;;0.033199999;0.033199999
;US-IL;1943;p99p99.5;194481.0;;0.036400001;0.036400001
;US-IL;1943;p95p100;142502.41;;0.26660001;0.26660001
;US-IL;1943;p0p90;18869.0;;0.63550001;0.63550001
;US-IL;1943;p0p99;23241.301;;0.861;0.861
;US-IL;1943;p99.5p100;548371.38;;0.1026;0.1026
;US-IL;1942;p0p100;4169691.3;84076040333.0;1.0;1.0
;US-IL;1942;p99p100;345905.59;;0.1478;0.1478
;US-IL;1942;p99.9p100;1185825.3;;0.050700001;0.050700001
;US-IL;1942;p99.99p100;3677068.3;;0.015699999;0.015699999
;US-IL;1942;p90p100;89414.703;;0.38209999;0.38209999
;US-IL;1942;p90p95;48281.5;;0.1032;0.1032
;US-IL;1942;p95p99;76723.898;;0.1311;0.1311
;US-IL;1942;p99.5p99.9;345514.19;;0.059099998;0.059099998
;US-IL;1942;p99.9p99.99;908857.0;;0.035;0.035
;US-IL;1942;p99p99.5;178180.59;;0.0381;0.0381
;US-IL;1942;p95p100;130551.3;;0.2789;0.2789
;US-IL;1942;p0p90;16066.9;;0.61790001;0.61790001
;US-IL;1942;p0p99;20144.199;;0.85219997;0.85219997
;US-IL;1942;p99.5p100;513613.81;;0.1097;0.1097
;US-IL;1941;p0p100;4731446.0;77753800213.0;1.0;1.0
;US-IL;1941;p99p100;360277.81;;0.1661;0.1661
;US-IL;1941;p99.9p100;1257433.1;;0.057999998;0.057999998
;US-IL;1941;p99.99p100;3990572.8;;0.0184;0.0184
;US-IL;1941;p90p100;92200.797;;0.42519999;0.42519999
;US-IL;1941;p90p95;49947.699;;0.1152;0.1152
;US-IL;1941;p95p99;77922.203;;0.1437;0.1437
;US-IL;1941;p99.5p99.9;354123.69;;0.065300003;0.065300003
;US-IL;1941;p99.9p99.99;953222.5;;0.0396;0.0396
;US-IL;1941;p99p99.5;185614.0;;0.042800002;0.042800002
;US-IL;1941;p95p100;134377.0;;0.3098;0.3098
;US-IL;1941;p0p90;13855.7;;0.57499999;0.57499999
;US-IL;1941;p0p99;18265.801;;0.83389997;0.83389997
;US-IL;1941;p99.5p100;534886.69;;0.1233;0.1233
;US-IL;1940;p0p100;4616832.0;68748759340.0;1.0;1.0
;US-IL;1940;p99p100;331592.31;;0.1728;0.1728
;US-IL;1940;p99.9p100;1139643.9;;0.0594;0.0594
;US-IL;1940;p99.99p100;3548467.5;;0.0185;0.0185
;US-IL;1940;p90p100;87441.5;;0.45559999;0.45559999
;US-IL;1940;p90p95;48140.398;;0.12540001;0.12540001
;US-IL;1940;p95p99;75580.102;;0.1575;0.1575
;US-IL;1940;p99.5p99.9;328532.91;;0.068499997;0.068499997
;US-IL;1940;p99.9p99.99;871412.38;;0.040899999;0.040899999
;US-IL;1940;p99p99.5;172257.7;;0.0449;0.0449
;US-IL;1940;p95p100;126763.4;;0.33019999;0.33019999
;US-IL;1940;p0p90;11609.5;;0.54439998;0.54439998
;US-IL;1940;p0p99;16037.7;;0.8272;0.8272
;US-IL;1940;p99.5p100;490868.59;;0.1279;0.1279
;US-IL;1939;p0p100;4529523.5;65261697037.0;1.0;1.0
;US-IL;1939;p99p100;309017.69;;0.1673;0.1673
;US-IL;1939;p99.9p100;1066924.8;;0.057799999;0.057799999
;US-IL;1939;p99.99p100;3260455.0;;0.0176;0.0176
;US-IL;1939;p90p100;84441.703;;0.4571;0.4571
;US-IL;1939;p90p95;49364.102;;0.1336;0.1336
;US-IL;1939;p95p99;72207.703;;0.1564;0.1564
;US-IL;1939;p99.5p99.9;305196.59;;0.066100001;0.066100001
;US-IL;1939;p99.9p99.99;822937.69;;0.040100001;0.040100001
;US-IL;1939;p99p99.5;160387.0;;0.043400001;0.043400001
;US-IL;1939;p95p100;119544.7;;0.32359999;0.32359999
;US-IL;1939;p0p90;11141.6;;0.54280001;0.54280001
;US-IL;1939;p0p99;15538.6;;0.83270001;0.83270001
;US-IL;1939;p99.5p100;457620.09;;0.1239;0.1239
;US-IL;1938;p0p100;4047993.8;59277366610.0;1.0;1.0
;US-IL;1938;p99p100;283344.69;;0.16680001;0.16680001
;US-IL;1938;p99.9p100;1025683.9;;0.060400002;0.060400002
;US-IL;1938;p99.99p100;3725597.5;;0.0219;0.0219
;US-IL;1938;p90p100;79728.398;;0.4693;0.4693
;US-IL;1938;p90p95;51177.5;;0.1506;0.1506
;US-IL;1938;p95p99;66142.898;;0.1557;0.1557
;US-IL;1938;p99.5p99.9;271294.81;;0.063900001;0.063900001
;US-IL;1938;p99.9p99.99;725348.38;;0.038400002;0.038400002
;US-IL;1938;p99p99.5;144384.5;;0.0425;0.0425
;US-IL;1938;p95p100;109559.6;;0.3224;0.3224
;US-IL;1938;p0p90;9946.7002;;0.52689999;0.52689999
;US-IL;1938;p0p99;14298.7;;0.83319998;0.83319998
;US-IL;1938;p99.5p100;422286.0;;0.1243;0.1243
;US-IL;1937;p0p100;4334434.5;65113592861.0;1.0;1.0
;US-IL;1937;p99p100;333533.31;;0.17659999;0.17659999
;US-IL;1937;p99.9p100;1214223.5;;0.064300001;0.064300001
;US-IL;1937;p99.99p100;4089602.8;;0.0217;0.0217
;US-IL;1937;p90p100;85586.398;;0.4531;0.4531
;US-IL;1937;p90p95;49046.699;;0.12980001;0.12980001
;US-IL;1937;p95p99;70031.5;;0.14830001;0.14830001
;US-IL;1937;p99.5p99.9;325504.31;;0.068899997;0.068899997
;US-IL;1937;p99.9p99.99;894734.31;;0.042599998;0.042599998
;US-IL;1937;p99p99.5;163820.0;;0.043400001;0.043400001
;US-IL;1937;p95p100;122735.2;;0.3249;0.3249
;US-IL;1937;p0p90;11442.9;;0.54530001;0.54530001
;US-IL;1937;p0p99;15709.3;;0.82340002;0.82340002
;US-IL;1937;p99.5p100;503247.59;;0.1332;0.1332
;US-IL;1936;p0p100;4340020.5;60108340776.0;1.0;1.0
;US-IL;1936;p99p100;358964.91;;0.20379999;0.20379999
;US-IL;1936;p99.9p100;1330305.0;;0.075499997;0.075499997
;US-IL;1936;p99.99p100;4087723.0;;0.0232;0.0232
;US-IL;1936;p90p100;87345.602;;0.49579999;0.49579999
;US-IL;1936;p90p95;49281.0;;0.1399;0.1399
;US-IL;1936;p95p99;68764.297;;0.1561;0.1561
;US-IL;1936;p99.5p99.9;352484.5;;0.079999998;0.079999998
;US-IL;1936;p99.9p99.99;1023955.9;;0.052299999;0.052299999
;US-IL;1936;p99p99.5;169885.91;;0.0482;0.0482
;US-IL;1936;p95p100;126801.2;;0.3599;0.3599
;US-IL;1936;p0p90;9790.2002;;0.50019997;0.50019997
;US-IL;1936;p0p99;14167.5;;0.79619998;0.79619998
;US-IL;1936;p99.5p100;548046.38;;0.1556;0.1556
;US-IL;1935;p0p100;3941444.8;52981505496.0;1.0;1.0
;US-IL;1935;p99p100;263214.81;;0.16779999;0.16779999
;US-IL;1935;p99.9p100;956801.69;;0.061000001;0.061000001
;US-IL;1935;p99.99p100;3020108.0;;0.019200001;0.019200001
;US-IL;1935;p90p100;70770.602;;0.45100001;0.45100001
;US-IL;1935;p90p95;41727.398;;0.133;0.133
;US-IL;1935;p95p99;60302.199;;0.15369999;0.15369999
;US-IL;1935;p99.5p99.9;255406.09;;0.065099999;0.065099999
;US-IL;1935;p99.9p99.99;727565.69;;0.041700002;0.041700002
;US-IL;1935;p99p99.5;130751.4;;0.041700002;0.041700002
;US-IL;1935;p95p100;100900.7;;0.3215;0.3215
;US-IL;1935;p0p90;9511.2998;;0.5456;0.5456
;US-IL;1935;p0p99;13190.6;;0.83219999;0.83219999
;US-IL;1935;p99.5p100;395680.59;;0.1261;0.1261
;US-IL;1934;p0p100;3719766.5;47073261609.0;1.0;1.0
;US-IL;1934;p99p100;228650.2;;0.1622;0.1622
;US-IL;1934;p99.9p100;815935.31;;0.0579;0.0579
;US-IL;1934;p99.99p100;2635012.5;;0.0187;0.0187
;US-IL;1934;p90p100;66104.297;;0.4689;0.4689
;US-IL;1934;p90p95;38092.5;;0.13510001;0.13510001
;US-IL;1934;p95p99;61992.5;;0.1759;0.1759
;US-IL;1934;p99.5p99.9;221193.41;;0.062799998;0.062799998
;US-IL;1934;p99.9p99.99;613827.31;;0.0392;0.0392
;US-IL;1934;p99p99.5;117159.2;;0.0416;0.0416
;US-IL;1934;p95p100;95253.602;;0.33790001;0.33790001
;US-IL;1934;p0p90;8250.7002;;0.52679998;0.52679998
;US-IL;1934;p0p99;11929.3;;0.83780003;0.83780003
;US-IL;1934;p99.5p100;340137.59;;0.1206;0.1206
;US-IL;1933;p0p100;3641728.3;42697455209.0;1.0;1.0
;US-IL;1933;p99p100;215557.91;;0.16680001;0.16680001
;US-IL;1933;p99.9p100;867520.31;;0.067100003;0.067100003
;US-IL;1933;p99.99p100;3333677.3;;0.025800001;0.025800001
;US-IL;1933;p90p100;59623.898;;0.46149999;0.46149999
;US-IL;1933;p90p95;34135.102;;0.1321;0.1321
;US-IL;1933;p95p99;53253.0;;0.1649;0.1649
;US-IL;1933;p99.5p99.9;191448.0;;0.059300002;0.059300002
;US-IL;1933;p99.9p99.99;593502.81;;0.041299999;0.041299999
;US-IL;1933;p99p99.5;104453.4;;0.040399998;0.040399998
;US-IL;1933;p95p100;85762.398;;0.3319;0.3319
;US-IL;1933;p0p90;7697.7998;;0.53619999;0.53619999
;US-IL;1933;p0p99;10873.6;;0.83319998;0.83319998
;US-IL;1933;p99.5p100;326662.5;;0.12639999;0.12639999
;US-IL;1932;p0p100;3535011.3;45595785332.0;1.0;1.0
;US-IL;1932;p99p100;203325.2;;0.1459;0.1459
;US-IL;1932;p99.9p100;754494.38;;0.054099999;0.054099999
;US-IL;1932;p99.99p100;2405726.8;;0.0173;0.0173
;US-IL;1932;p90p100;61439.801;;0.4409;0.4409
;US-IL;1932;p90p95;38921.5;;0.13959999;0.13959999
;US-IL;1932;p95p99;55513.5;;0.1593;0.1593
;US-IL;1932;p99.5p99.9;188856.59;;0.054200001;0.054200001
;US-IL;1932;p99.9p99.99;571024.13;;0.036899999;0.036899999
;US-IL;1932;p99p99.5;104666.1;;0.037599999;0.037599999
;US-IL;1932;p95p100;85089.703;;0.3053;0.3053
;US-IL;1932;p0p90;8595.9004;;0.55510002;0.55510002
;US-IL;1932;p0p99;12023.2;;0.85409999;0.85409999
;US-IL;1932;p99.5p100;301984.19;;0.1083;0.1083
;US-IL;1931;p0p100;3512199.5;55722824018.0;1.0;1.0
;US-IL;1931;p99p100;262162.31;;0.1523;0.1523
;US-IL;1931;p99.9p100;1005134.8;;0.058400001;0.058400001
;US-IL;1931;p99.99p100;3995271.8;;0.0232;0.0232
;US-IL;1931;p90p100;79259.898;;0.4605;0.4605
;US-IL;1931;p90p95;56962.602;;0.1655;0.1655
;US-IL;1931;p95p99;68514.602;;0.1592;0.1592
;US-IL;1931;p99.5p99.9;238580.91;;0.055399999;0.055399999
;US-IL;1931;p99.9p99.99;672897.38;;0.0352;0.0352
;US-IL;1931;p99p99.5;132433.0;;0.0385;0.0385
;US-IL;1931;p95p100;107149.9;;0.31130001;0.31130001
;US-IL;1931;p0p90;10001.2;;0.523;0.523
;US-IL;1931;p0p99;14737.1;;0.8477;0.8477
;US-IL;1931;p99.5p100;391891.69;;0.1138;0.1138
;US-IL;1930;p0p100;3288456.5;61989485182.0;1.0;1.0
;US-IL;1930;p99p100;329923.81;;0.17030001;0.17030001
;US-IL;1930;p99.9p100;1324691.8;;0.068400003;0.068400003
;US-IL;1930;p99.99p100;5220322.5;;0.026900001;0.026900001
;US-IL;1930;p90p100;88738.102;;0.458;0.458
;US-IL;1930;p90p95;59988.699;;0.1548;0.1548
;US-IL;1930;p95p99;72258.5;;0.14920001;0.14920001
;US-IL;1930;p99.5p99.9;298705.19;;0.061700001;0.061700001
;US-IL;1930;p99.9p99.99;891843.88;;0.0414;0.0414
;US-IL;1930;p99p99.5;155945.09;;0.040199999;0.040199999
;US-IL;1930;p95p100;123754.1;;0.31940001;0.31940001
;US-IL;1930;p0p90;11317.6;;0.52569997;0.52569997
;US-IL;1930;p0p99;16238.0;;0.82969999;0.82969999
;US-IL;1930;p99.5p100;503902.5;;0.13;0.13
;US-IL;1929;p0p100;3749313.3;73272182740.0;1.0;1.0
;US-IL;1929;p99p100;492902.0;;0.212;0.212
;US-IL;1929;p99.9p100;2305714.8;;0.099200003;0.099200003
;US-IL;1929;p99.99p100;9850523.0;;0.042399999;0.042399999
;US-IL;1929;p90p100;109212.5;;0.46970001;0.46970001
;US-IL;1929;p90p95;62764.699;;0.13500001;0.13500001
;US-IL;1929;p95p99;79614.602;;0.13689999;0.13689999
;US-IL;1929;p99.5p99.9;411388.0;;0.070799999;0.070799999
;US-IL;1929;p99.9p99.99;1467402.8;;0.0568;0.0568
;US-IL;1929;p99p99.5;195550.59;;0.041999999;0.041999999
;US-IL;1929;p95p100;162245.2;;0.34889999;0.34889999
;US-IL;1929;p0p90;13335.5;;0.51609999;0.51609999
;US-IL;1929;p0p99;18509.801;;0.78799999;0.78799999
;US-IL;1929;p99.5p100;790253.31;;0.1699;0.1699
;US-IL;1928;p0p100;3621135.8;69708770903.0;1.0;1.0
;US-IL;1928;p99p100;543929.19;;0.2422;0.2422
;US-IL;1928;p99.9p100;2594632.5;;0.1155;0.1155
;US-IL;1928;p99.99p100;11055408.0;;0.049199998;0.049199998
;US-IL;1928;p90p100;116596.4;;0.51920003;0.51920003
;US-IL;1928;p90p95;66341.5;;0.1477;0.1477
;US-IL;1928;p95p99;80881.703;;0.1441;0.1441
;US-IL;1928;p99.5p99.9;453207.0;;0.080700003;0.080700003
;US-IL;1928;p99.9p99.99;1654546.5;;0.066299997;0.066299997
;US-IL;1928;p99p99.5;206366.3;;0.045899998;0.045899998
;US-IL;1928;p95p100;173526.0;;0.3863;0.3863
;US-IL;1928;p0p90;11630.2;;0.46610001;0.46610001
;US-IL;1928;p0p99;17191.4;;0.75779998;0.75779998
;US-IL;1928;p99.5p100;881492.19;;0.1962;0.1962
;US-IL;1927;p0p100;3342578.0;64993473989.0;1.0;1.0
;US-IL;1927;p99p100;434316.91;;0.20389999;0.20389999
;US-IL;1927;p99.9p100;1857603.3;;0.087200001;0.087200001
;US-IL;1927;p99.99p100;7243613.0;;0.034000002;0.034000002
;US-IL;1927;p90p100;102144.5;;0.4795;0.4795
;US-IL;1927;p90p95;61081.0;;0.1434;0.1434
;US-IL;1927;p95p99;77251.297;;0.1451;0.1451
;US-IL;1927;p99.5p99.9;386554.69;;0.0726;0.0726
;US-IL;1927;p99.9p99.99;1259157.8;;0.053199999;0.053199999
;US-IL;1927;p99p99.5;187869.3;;0.044100001;0.044100001
;US-IL;1927;p95p100;148639.59;;0.34889999;0.34889999
;US-IL;1927;p0p90;12015.0;;0.50770003;0.50770003
;US-IL;1927;p0p99;17128.9;;0.79610002;0.79610002
;US-IL;1927;p99.5p100;680764.38;;0.15979999;0.15979999
;US-IL;1926;p0p100;3147379.5;62393178952.0;1.0;1.0
;US-IL;1926;p99p100;398270.69;;0.1911;0.1911
;US-IL;1926;p99.9p100;1586681.3;;0.076200001;0.076200001
;US-IL;1926;p99.99p100;5952439.5;;0.0286;0.0286
;US-IL;1926;p90p100;96671.0;;0.46399999;0.46399999
;US-IL;1926;p90p95;58339.602;;0.14;0.14
;US-IL;1926;p95p99;74862.797;;0.1437;0.1437
;US-IL;1926;p99.5p99.9;368171.81;;0.070699997;0.070699997
;US-IL;1926;p99.9p99.99;1101597.1;;0.047600001;0.047600001
;US-IL;1926;p99p99.5;184667.8;;0.044300001;0.044300001
;US-IL;1926;p95p100;139526.0;;0.3348;0.3348
;US-IL;1926;p0p90;12157.2;;0.52509999;0.52509999
;US-IL;1926;p0p99;17023.199;;0.8089;0.8089
;US-IL;1926;p99.5p100;611873.69;;0.1468;0.1468
;US-IL;1925;p0p100;3173545.3;60602023421.0;1.0;1.0
;US-IL;1925;p99p100;408441.91;;0.1981;0.1981
;US-IL;1925;p99.9p100;1631983.4;;0.0792;0.0792
;US-IL;1925;p99.99p100;6106642.5;;0.0296;0.0296
;US-IL;1925;p90p100;98266.297;;0.47670001;0.47670001
;US-IL;1925;p90p95;57967.301;;0.1406;0.1406
;US-IL;1925;p95p99;75815.898;;0.1471;0.1471
;US-IL;1925;p99.5p99.9;378943.09;;0.0735;0.0735
;US-IL;1925;p99.9p99.99;1134799.1;;0.0495;0.0495
;US-IL;1925;p99p99.5;187332.7;;0.045400001;0.045400001
;US-IL;1925;p95p100;142322.0;;0.3452;0.3452
;US-IL;1925;p0p90;11776.6;;0.51419997;0.51419997
;US-IL;1925;p0p99;16696.9;;0.80190003;0.80190003
;US-IL;1925;p99.5p100;629551.19;;0.15270001;0.15270001
;US-IL;1924;p0p100;3166912.3;56374836907.0;1.0;1.0
;US-IL;1924;p99p100;343552.41;;0.17560001;0.17560001
;US-IL;1924;p99.9p100;1263681.3;;0.064599998;0.064599998
;US-IL;1924;p99.99p100;4160552.0;;0.021299999;0.021299999
;US-IL;1924;p90p100;86834.5;;0.4438;0.4438
;US-IL;1924;p90p95;48421.898;;0.1237;0.1237
;US-IL;1924;p95p99;70706.797;;0.1446;0.1446
;US-IL;1924;p99.5p99.9;333057.69;;0.068099998;0.068099998
;US-IL;1924;p99.9p99.99;941806.69;;0.043299999;0.043299999
;US-IL;1924;p99p99.5;167922.41;;0.0429;0.0429
;US-IL;1924;p95p100;125275.9;;0.3202;0.3202
;US-IL;1924;p0p90;12089.2;;0.55610001;0.55610001
;US-IL;1924;p0p99;16292.5;;0.82440001;0.82440001
;US-IL;1924;p99.5p100;519182.41;;0.1327;0.1327
;US-IL;1923;p0p100;3166979.8;54806034341.0;1.0;1.0
;US-IL;1923;p99p100;310584.91;;0.1594;0.1594
;US-IL;1923;p99.9p100;1140252.0;;0.058499999;0.058499999
;US-IL;1923;p99.99p100;4004999.0;;0.020500001;0.020500001
;US-IL;1923;p90p100;79368.5;;0.40720001;0.40720001
;US-IL;1923;p90p95;44153.301;;0.1133;0.1133
;US-IL;1923;p95p99;65551.0;;0.1345;0.1345
;US-IL;1923;p99.5p99.9;300467.91;;0.061700001;0.061700001
;US-IL;1923;p99.9p99.99;821946.0;;0.037999999;0.037999999
;US-IL;1923;p99p99.5;152745.2;;0.0392;0.0392
;US-IL;1923;p95p100;114557.8;;0.29390001;0.29390001
;US-IL;1923;p0p90;12837.4;;0.59280002;0.59280002
;US-IL;1923;p0p99;16548.801;;0.84060001;0.84060001
;US-IL;1923;p99.5p100;468424.69;;0.1202;0.1202
;US-IL;1922;p0p100;2957750.5;48303720512.0;1.0;1.0
;US-IL;1922;p99p100;299106.09;;0.17030001;0.17030001
;US-IL;1922;p99.9p100;1112229.9;;0.063299999;0.063299999
;US-IL;1922;p99.99p100;3696525.0;;0.021;0.021
;US-IL;1922;p90p100;75318.797;;0.42879999;0.42879999
;US-IL;1922;p90p95;40002.398;;0.1139;0.1139
;US-IL;1922;p95p99;63477.398;;0.1445;0.1445
;US-IL;1922;p99.5p99.9;288846.41;;0.065800004;0.065800004
;US-IL;1922;p99.9p99.99;825086.0;;0.042300001;0.042300001
;US-IL;1922;p99p99.5;144689.09;;0.041200001;0.041200001
;US-IL;1922;p95p100;110603.1;;0.31479999;0.31479999
;US-IL;1922;p0p90;11150.9;;0.57130003;0.57130003
;US-IL;1922;p0p99;14722.3;;0.82969999;0.82969999
;US-IL;1922;p99.5p100;453523.09;;0.12909999;0.12909999
;US-IL;1921;p0p100;2237335.5;40862289550.0;1.0;1.0
;US-IL;1921;p99p100;240007.2;;0.1584;0.1584
;US-IL;1921;p99.9p100;812112.69;;0.053599998;0.053599998
;US-IL;1921;p99.99p100;2371361.0;;0.015699999;0.015699999
;US-IL;1921;p90p100;63618.602;;0.41999999;0.41999999
;US-IL;1921;p90p95;33712.301;;0.1113;0.1113
;US-IL;1921;p95p99;56704.801;;0.1497;0.1497
;US-IL;1921;p99.5p99.9;241424.7;;0.063699998;0.063699998
;US-IL;1921;p99.9p99.99;638862.88;;0.037999999;0.037999999
;US-IL;1921;p99p99.5;124452.1;;0.041099999;0.041099999
;US-IL;1921;p95p100;93365.297;;0.3082;0.3082
;US-IL;1921;p0p90;9771.7002;;0.58060002;0.58060002
;US-IL;1921;p0p99;12877.1;;0.8416;0.8416
;US-IL;1921;p99.5p100;355562.31;;0.1174;0.1174
;US-IL;1920;p0p100;1902395.0;42470505991.0;1.0;1.0
;US-IL;1920;p99p100;237148.8;;0.1469;0.1469
;US-IL;1920;p99.9p100;808916.69;;0.050099999;0.050099999
;US-IL;1920;p99.99p100;2371169.3;;0.0147;0.0147
;US-IL;1920;p90p100;60547.301;;0.37509999;0.37509999
;US-IL;1920;p90p95;31171.6;;0.096600004;0.096600004
;US-IL;1920;p95p99;52984.398;;0.1313;0.1313
;US-IL;1920;p99.5p99.9;235609.2;;0.058400001;0.058400001
;US-IL;1920;p99.9p99.99;635333.0;;0.035399999;0.035399999
;US-IL;1920;p99p99.5;124026.8;;0.038400002;0.038400002
;US-IL;1920;p95p100;89817.297;;0.2782;0.2782
;US-IL;1920;p0p90;11212.0;;0.62519997;0.62519997
;US-IL;1920;p0p99;13907.8;;0.8531;0.8531
;US-IL;1920;p99.5p100;350270.69;;0.1085;0.1085
;US-IL;1919;p0p100;2941542.0;47918318889.0;1.0;1.0
;US-IL;1919;p99p100;285875.91;;0.15369999;0.15369999
;US-IL;1919;p99.9p100;1097139.3;;0.059;0.059
;US-IL;1919;p99.99p100;3576287.0;;0.019200001;0.019200001
;US-IL;1919;p90p100;74245.797;;0.39910001;0.39910001
;US-IL;1919;p90p95;39871.102;;0.1072;0.1072
;US-IL;1919;p95p99;64551.898;;0.1388;0.1388
;US-IL;1919;p99.5p99.9;268138.69;;0.057700001;0.057700001
;US-IL;1919;p99.9p99.99;821985.69;;0.039799999;0.039799999
;US-IL;1919;p99p99.5;137664.41;;0.037;0.037
;US-IL;1919;p95p100;108816.7;;0.29249999;0.29249999
;US-IL;1919;p0p90;12408.1;;0.60039997;0.60039997
;US-IL;1919;p0p99;15901.5;;0.84630001;0.84630001
;US-IL;1919;p99.5p100;434087.41;;0.1167;0.1167
;US-IL;1918;p0p100;3902333.5;47452205203.0;1.0;1.0
;US-IL;1918;p99p100;271966.59;;0.1454;0.1454
;US-IL;1918;p99.9p100;1077249.4;;0.057599999;0.057599999
;US-IL;1918;p99.99p100;3706974.5;;0.0198;0.0198
;US-IL;1918;p90p100;69304.203;;0.3705;0.3705
;US-IL;1918;p90p95;37878.898;;0.1012;0.1012
;US-IL;1918;p95p99;58123.199;;0.1243;0.1243
;US-IL;1918;p99.5p99.9;250993.3;;0.0537;0.0537
;US-IL;1918;p99.9p99.99;785061.81;;0.037799999;0.037799999
;US-IL;1918;p99p99.5;127689.5;;0.0341;0.0341
;US-IL;1918;p95p100;100891.9;;0.26969999;0.26969999
;US-IL;1918;p0p90;13075.1;;0.62910002;0.62910002
;US-IL;1918;p0p99;16148.0;;0.85460001;0.85460001
;US-IL;1918;p99.5p100;416244.0;;0.1113;0.1113
;US-IL;1917;p0p100;5722040.5;50325995582.0;1.0;1.0
;US-IL;1917;p99p100;313800.81;;0.1578;0.1578
;US-IL;1917;p99.9p100;1434828.6;;0.0722;0.0722
;US-IL;1917;p99.99p100;5542713.5;;0.027899999;0.027899999
;US-IL;1917;p90p100;76878.602;;0.38659999;0.38659999
;US-IL;1917;p90p95;44701.5;;0.1124;0.1124
