Variable Name;.;.;.;PPP conversion factor, LCU per EUR | individuals | Exchange rates | All Ages | local currency per foreign currency;Market exchange rate, LCU per EUR | individuals | Exchange rates | All Ages | local currency per foreign currency;PPP conversion factor, LCU per USD | individuals | Exchange rates | All Ages | local currency per foreign currency;Market exchange rate, LCU per USD | individuals | Exchange rates | All Ages | local currency per foreign currency;PPP conversion factor, LCU per CNY | individuals | Exchange rates | All Ages | local currency per foreign currency;Market exchange rate, LCU per CNY | individuals | Exchange rates | All Ages | local currency per foreign currency
Variable Category;.;.;.;Other macro;Other macro;Other macro;Other macro;Other macro;Other macro
Variable Description;.;.;.;PPP conversion factor of curent local currency to current PPP EUR.;Official exchange rate of the local currency to EUR.;PPP conversion factor of current local currency to current USD.;Official exchange rate of the local currency to USD.;PPP conversion factor of current local currency to current PPP CNY.;Official exchange rate of the local currency to CNY.
Variable Decomposition;.;.;.;;;;;;
Variable Unit;.;.;.;local currency per foreign currency;local currency per foreign currency;local currency per foreign currency;local currency per foreign currency;local currency per foreign currency;local currency per foreign currency
Methodological Notes;.;.;.;Using the evolution of the price index relative to the reference country, we extrapolate the PPP from the 2011 ICP for the United Kingdom.;;Using the evolution of the price index relative to the reference country, we extrapolate the PPP from the 2011 ICP for the United Kingdom.;;Using the evolution of the price index relative to the reference country, we extrapolate the PPP from the 2011 ICP for the United Kingdom.;
Sources;.;.;.;WID.world computations using:  http://stats.oecd.org/Index.aspx?DataSetCode=PPP2011 (OECD);;WID.world computations using:  http://stats.oecd.org/Index.aspx?DataSetCode=PPP2011 (OECD);;WID.world computations using:  http://stats.oecd.org/Index.aspx?DataSetCode=PPP2011 (OECD);
Variable Code;country;year;perc;xlceup999i;xlceux999i;xlcusp999i;xlcusx999i;xlcyup999i;xlcyux999i
;XI;2018;p0p100;1.0378398;0.8833915;0.78275692;0.72065026;0.24699979;0.1129001
;XI;2017;p0p100;1.0181657;;0.77456844;;0.2375716;
;XI;2016;p0p100;0.99570161;;0.76380813;;0.22850332;
;XI;2015;p0p100;0.97207934;;0.74723053;;0.21978119;
;XI;2014;p0p100;0.95391709;;0.7311067;;0.21139197;
;XI;2013;p0p100;0.93151635;;0.71971786;;0.20551227;
;XI;2012;p0p100;0.91251397;;0.70781308;;0.20272234;
;XI;2011;p0p100;0.89442581;;0.69800007;;0.19911365;
;XI;2010;p0p100;0.87428731;;0.69007063;;0.20823875;
;XI;2009;p0p100;0.85163915;;0.67848212;;0.21544331;
;XI;2008;p0p100;0.83208662;;0.66414124;;0.20550638;
;XI;2007;p0p100;0.82176042;;0.65568489;;0.21439211;
;XI;2006;p0p100;0.81477195;;0.65192652;;0.22306913;
