Variable Name;.;.;.;Fiscal income  | tax unit | Average | Adults | constant 2015 local currency;Fiscal income  | tax unit | Total | Adults | constant 2015 local currency;Fiscal income  | tax unit | Share | Adults | share of total (ratio);Pre-tax national income  | tax unit | Share | Adults | share of total (ratio)
Variable Category;.;.;.;Income inequality;Income inequality;Income inequality;Income inequality
Variable Description;.;.;.;Average Fiscal income within a given percentile group. Fiscal income is defined as the sum of all income items reported on income tax returns, before any deduction. It includes labour income, capital income and mixed income. The concept of fiscal income varies with national tax legislations, so in order to make international comparisons it is preferable to use the concept of national income. The population is comprised of individuals over age 20. The base unit is the tax unit defined by national fiscal administrations to measure personal income taxes.;Total Fiscal income  within a given percentile group. Fiscal income is defined as the sum of all income items reported on income tax returns, before any deduction. It includes labour income, capital income and mixed income. The concept of fiscal income varies with national tax legislations, so in order to make international comparisons it is preferable to use the concept of national income. The population is comprised of individuals over age 20.;Fiscal income share held by a given percentile group. Fiscal income is defined as the sum of all income items reported on income tax returns, before any deduction. It includes labour income, capital income and mixed income. The concept of fiscal income varies with national tax legislations, so in order to make international comparisons it is preferable to use the concept of national income. The population is comprised of individuals over age 20. The base unit is the tax unit defined by national fiscal administrations to measure personal income taxes.;Pre-tax national income share held by a given percentile group. Pre-tax national income  is the sum of all pre-tax personal income flows accruing to the owners of the production factors, labor and capital, before taking into account the operation of the tax/transfer system, but after taking into account the operation of pension system. The central difference between personal factor income and pre-tax income is the treatment of pensions, which are counted on a contribution basis by factor income and on a distribution basis by pre-tax income. The population is comprised of individuals over age 20. The base unit is the tax unit defined by national fiscal administrations to measure personal income taxes.
Variable Decomposition;.;.;.;[Fiscal income ]=[Fiscal labour income ]+[Fiscal capital income ];[Fiscal income ]=[Fiscal labour income ]+[Fiscal capital income ];[Fiscal income ]=[Fiscal labour income ]+[Fiscal capital income ];Pre-tax national income =Pre-tax labor income [total pre-tax income ranking]+Pre-tax capital income [total pre-tax income ranking]
Variable Unit;.;.;.;"USD; United States dollar | local currency | market";"USD; United States dollar | local currency | market";share;share
Methodological Notes;.;.;.;;;;Assuming the same distribution as fiscal income.
Sources;.;.;.;Frank, Sommeiller, Price & Saez (2015);Frank, Sommeiller, Price & Saez (2015);Frank, Sommeiller, Price & Saez (2015);WID.world computations using: Frank, Sommeiller, Price & Saez (2015)
Variable Code;country;year;perc;afiinc992t;mfiinc992t;sfiinc992t;sptinc992t
;US-MS;2015;p0p100;42982.102;65478395521.0;1.0;1.0
;US-MS;2015;p99p100;642018.63;;0.1494;0.1494
;US-MS;2015;p99.9p100;2366745.0;;0.055100001;0.055100001
;US-MS;2015;p99.99p100;8284483.0;;0.019300001;0.019300001
;US-MS;2015;p90p100;194744.5;;0.4531;0.4531
;US-MS;2015;p90p95;119873.2;;0.13940001;0.13940001
;US-MS;2015;p95p99;174856.59;;0.1627;0.1627
;US-MS;2015;p99.5p99.9;598245.31;;0.0557;0.0557
;US-MS;2015;p99.9p99.99;1749161.9;;0.036600001;0.036600001
;US-MS;2015;p99p99.5;330045.5;;0.038400002;0.038400002
;US-MS;2015;p95p100;268727.09;;0.31259999;0.31259999
;US-MS;2015;p0p90;26164.801;;0.54790002;0.54790002
;US-MS;2015;p0p99;36931.301;;0.8506;0.8506
;US-MS;2015;p99.5p100;952118.63;;0.1108;0.1108
;US-MS;2014;p0p100;42263.801;64231565536.0;1.0;1.0
;US-MS;2014;p99p100;615037.13;;0.1459;0.1459
;US-MS;2014;p99.9p100;2307790.3;;0.054699998;0.054699998
;US-MS;2014;p99.99p100;8540164.0;;0.020300001;0.020300001
;US-MS;2014;p90p100;188235.7;;0.44639999;0.44639999
;US-MS;2014;p90p95;111601.2;;0.1323;0.1323
;US-MS;2014;p95p99;177079.7;;0.168;0.168
;US-MS;2014;p99.5p99.9;567114.31;;0.053800002;0.053800002
;US-MS;2014;p99.9p99.99;1635538.9;;0.034899998;0.034899998
;US-MS;2014;p99p99.5;315964.41;;0.037500001;0.037500001
;US-MS;2014;p95p100;264573.59;;0.31369999;0.31369999
;US-MS;2014;p0p90;25917.9;;0.55320001;0.55320001
;US-MS;2014;p0p99;36377.102;;0.85409999;0.85409999
;US-MS;2014;p99.5p100;914038.0;;0.1084;0.1084
;US-MS;2013;p0p100;42136.398;62960457419.0;1.0;1.0
;US-MS;2013;p99p100;594843.88;;0.1461;0.1461
;US-MS;2013;p99.9p100;2156711.5;;0.052999999;0.052999999
;US-MS;2013;p99.99p100;7950958.5;;0.0195;0.0195
;US-MS;2013;p90p100;184399.91;;0.45300001;0.45300001
;US-MS;2013;p90p95;110501.1;;0.1357;0.1357
;US-MS;2013;p95p99;173567.2;;0.1706;0.1706
;US-MS;2013;p99.5p99.9;547104.63;;0.053800002;0.053800002
;US-MS;2013;p99.9p99.99;1519335.3;;0.033599999;0.033599999
;US-MS;2013;p99p99.5;321005.5;;0.0394;0.0394
;US-MS;2013;p95p100;257910.0;;0.3168;0.3168
;US-MS;2013;p0p90;24757.199;;0.5474;0.5474
;US-MS;2013;p0p99;35107.801;;0.85390002;0.85390002
;US-MS;2013;p99.5p100;869199.13;;0.1068;0.1068
;US-MS;2012;p0p100;46200.398;63838481234.0;1.0;1.0
;US-MS;2012;p99p100;694729.88;;0.1603;0.1603
;US-MS;2012;p99.9p100;2816386.5;;0.064999998;0.064999998
;US-MS;2012;p99.99p100;10986413.0;;0.0253;0.0253
;US-MS;2012;p90p100;195263.5;;0.45039999;0.45039999
;US-MS;2012;p90p95;110599.1;;0.1276;0.1276
;US-MS;2012;p95p99;175700.09;;0.1621;0.1621
;US-MS;2012;p99.5p99.9;621661.63;;0.057399999;0.057399999
;US-MS;2012;p99.9p99.99;1939482.6;;0.0403;0.0403
;US-MS;2012;p99p99.5;329559.09;;0.037999999;0.037999999
;US-MS;2012;p95p100;279405.09;;0.32229999;0.32229999
;US-MS;2012;p0p90;26461.4;;0.54930001;0.54930001
;US-MS;2012;p0p99;36772.301;;0.83969998;0.83969998
;US-MS;2012;p99.5p100;1060108.6;;0.1223;0.1223
;US-MS;2011;p0p100;45984.898;59982655731.0;1.0;1.0
;US-MS;2011;p99p100;561656.0;;0.1356;0.1356
;US-MS;2011;p99.9p100;1993927.9;;0.048099998;0.048099998
;US-MS;2011;p99.99p100;7047370.5;;0.017000001;0.017000001
;US-MS;2011;p90p100;177796.2;;0.42930001;0.42930001
;US-MS;2011;p90p95;107912.9;;0.1303;0.1303
;US-MS;2011;p95p99;168533.41;;0.1628;0.1628
;US-MS;2011;p99.5p99.9;528017.88;;0.050999999;0.050999999
;US-MS;2011;p99.9p99.99;1443670.8;;0.031399999;0.031399999
;US-MS;2011;p99p99.5;301869.0;;0.036400001;0.036400001
;US-MS;2011;p95p100;247084.09;;0.2983;0.2983
;US-MS;2011;p0p90;26283.6;;0.5711;0.5711
;US-MS;2011;p0p99;36162.801;;0.86440003;0.86440003
;US-MS;2011;p99.5p100;822056.63;;0.099200003;0.099200003
;US-MS;2010;p0p100;50330.398;60668764017.0;1.0;1.0
;US-MS;2010;p99p100;735479.19;;0.1726;0.1726
;US-MS;2010;p99.9p100;3631942.8;;0.085299999;0.085299999
;US-MS;2010;p99.99p100;21111854.0;;0.049600001;0.049600001
;US-MS;2010;p90p100;195979.7;;0.46000001;0.46000001
;US-MS;2010;p90p95;108382.2;;0.12720001;0.12720001
;US-MS;2010;p95p99;170120.8;;0.15970001;0.15970001
;US-MS;2010;p99.5p99.9;530381.0;;0.049800001;0.049800001
;US-MS;2010;p99.9p99.99;1692309.1;;0.035799999;0.035799999
;US-MS;2010;p99p99.5;321035.81;;0.037700001;0.037700001
;US-MS;2010;p95p100;283163.41;;0.33239999;0.33239999
;US-MS;2010;p0p90;25572.1;;0.54030001;0.54030001
;US-MS;2010;p0p99;35601.0;;0.82740003;0.82740003
;US-MS;2010;p99.5p100;1150281.4;;0.13500001;0.13500001
;US-MS;2009;p0p100;50841.398;58899218370.0;1.0;1.0
;US-MS;2009;p99p100;592452.63;;0.14219999;0.14219999
;US-MS;2009;p99.9p100;2428981.0;;0.0583;0.0583
;US-MS;2009;p99.99p100;10211559.0;;0.024499999;0.024499999
;US-MS;2009;p90p100;180094.0;;0.43239999;0.43239999
;US-MS;2009;p90p95;107222.5;;0.1287;0.1287
;US-MS;2009;p95p99;167004.41;;0.1604;0.1604
;US-MS;2009;p99.5p99.9;501285.09;;0.048099998;0.048099998
;US-MS;2009;p99.9p99.99;1531164.3;;0.033100002;0.033100002
;US-MS;2009;p99p99.5;286011.69;;0.034299999;0.034299999
;US-MS;2009;p95p100;252410.8;;0.303;0.303
;US-MS;2009;p0p90;26421.0;;0.57090002;0.57090002
;US-MS;2009;p0p99;36091.0;;0.85780001;0.85780001
;US-MS;2009;p99.5p100;895250.13;;0.1075;0.1075
;US-MS;2008;p0p100;55502.602;64159395853.0;1.0;1.0
;US-MS;2008;p99p100;754933.81;;0.1648;0.1648
;US-MS;2008;p99.9p100;3450214.3;;0.075300001;0.075300001
;US-MS;2008;p99.99p100;15372017.0;;0.033599999;0.033599999
;US-MS;2008;p90p100;201968.8;;0.44100001;0.44100001
;US-MS;2008;p90p95;112504.4;;0.1228;0.1228
;US-MS;2008;p95p99;172769.59;;0.15090001;0.15090001
;US-MS;2008;p99.5p99.9;607753.19;;0.053100001;0.053100001
;US-MS;2008;p99.9p99.99;2095351.3;;0.041200001;0.041200001
;US-MS;2008;p99p99.5;318866.81;;0.0348;0.0348
;US-MS;2008;p95p100;290518.41;;0.31720001;0.31720001
;US-MS;2008;p0p90;28682.801;;0.5636;0.5636
;US-MS;2008;p0p99;38635.898;;0.83520001;0.83520001
;US-MS;2008;p99.5p100;1185878.1;;0.1295;0.1295
;US-MS;2007;p0p100;64192.102;68488508608.0;1.0;1.0
;US-MS;2007;p99p100;800358.69;;0.1629;0.1629
;US-MS;2007;p99.9p100;3597918.3;;0.073200002;0.073200002
;US-MS;2007;p99.99p100;15228160.0;;0.030999999;0.030999999
;US-MS;2007;p90p100;208959.41;;0.42539999;0.42539999
;US-MS;2007;p90p95;113854.3;;0.1159;0.1159
;US-MS;2007;p95p99;175267.3;;0.1427;0.1427
;US-MS;2007;p99.5p99.9;652156.88;;0.053100001;0.053100001
;US-MS;2007;p99.9p99.99;2273849.8;;0.041700002;0.041700002
;US-MS;2007;p99p99.5;333261.59;;0.0339;0.0339
;US-MS;2007;p95p100;302721.19;;0.30809999;0.30809999
;US-MS;2007;p0p90;31751.9;;0.58170003;0.58170003
;US-MS;2007;p0p99;41536.102;;0.83710003;0.83710003
;US-MS;2007;p99.5p100;1257352.5;;0.12800001;0.12800001
;US-MS;2006;p0p100;63504.301;64230858684.0;1.0;1.0
;US-MS;2006;p99p100;840738.13;;0.183;0.183
;US-MS;2006;p99.9p100;3923895.3;;0.0854;0.0854
;US-MS;2006;p99.99p100;16995052.0;;0.037;0.037
;US-MS;2006;p90p100;210238.5;;0.45750001;0.45750001
;US-MS;2006;p90p95;110253.1;;0.12;0.12
;US-MS;2006;p95p99;174927.59;;0.1523;0.1523
;US-MS;2006;p99.5p99.9;681043.5;;0.059300002;0.059300002
;US-MS;2006;p99.9p99.99;2464461.8;;0.048300002;0.048300002
;US-MS;2006;p99p99.5;339527.0;;0.036899999;0.036899999
;US-MS;2006;p95p100;309317.0;;0.33660001;0.33660001
;US-MS;2006;p0p90;27894.0;;0.54629999;0.54629999
;US-MS;2006;p0p99;37925.602;;0.81699997;0.81699997
;US-MS;2006;p99.5p100;1337117.6;;0.1455;0.1455
;US-MS;2005;p0p100;66036.297;62637047162.0;1.0;1.0
;US-MS;2005;p99p100;716761.69;;0.16;0.16
;US-MS;2005;p99.9p100;3203623.8;;0.071500003;0.071500003
;US-MS;2005;p99.99p100;13338176.0;;0.0298;0.0298
;US-MS;2005;p90p100;191228.2;;0.42680001;0.42680001
;US-MS;2005;p90p95;103657.9;;0.1157;0.1157
;US-MS;2005;p95p99;166642.3;;0.1488;0.1488
;US-MS;2005;p99.5p99.9;592790.63;;0.052900001;0.052900001
;US-MS;2005;p99.9p99.99;2070826.8;;0.0416;0.0416
;US-MS;2005;p99p99.5;305723.69;;0.0341;0.0341
;US-MS;2005;p95p100;277565.59;;0.3098;0.3098
;US-MS;2005;p0p90;28726.9;;0.57709998;0.57709998
;US-MS;2005;p0p99;38012.602;;0.83999997;0.83999997
;US-MS;2005;p99.5p100;1123012.0;;0.12530001;0.12530001
;US-MS;2004;p0p100;67585.398;59217493126.0;1.0;1.0
;US-MS;2004;p99p100;575277.5;;0.134;0.134
;US-MS;2004;p99.9p100;2285629.5;;0.053199999;0.053199999
;US-MS;2004;p99.99p100;8693925.0;;0.020300001;0.020300001
;US-MS;2004;p90p100;173537.3;;0.4043;0.4043
;US-MS;2004;p90p95;100583.4;;0.1172;0.1172
;US-MS;2004;p95p99;161881.2;;0.15090001;0.15090001
;US-MS;2004;p99.5p99.9;499353.91;;0.046500001;0.046500001
;US-MS;2004;p99.9p99.99;1556043.6;;0.032600001;0.032600001
;US-MS;2004;p99p99.5;278744.5;;0.032499999;0.032499999
;US-MS;2004;p95p100;245076.7;;0.28549999;0.28549999
;US-MS;2004;p0p90;28621.4;;0.60009998;0.60009998
;US-MS;2004;p0p99;37547.301;;0.866;0.866
;US-MS;2004;p99.5p100;866647.88;;0.1009;0.1009
;US-MS;2003;p0p100;68394.602;55917483977.0;1.0;1.0
;US-MS;2003;p99p100;575672.13;;0.1398;0.1398
;US-MS;2003;p99.9p100;2317671.8;;0.056299999;0.056299999
;US-MS;2003;p99.99p100;9228200.0;;0.022399999;0.022399999
;US-MS;2003;p90p100;173354.2;;0.42089999;0.42089999
;US-MS;2003;p90p95;104304.8;;0.1266;0.1266
;US-MS;2003;p95p99;157860.7;;0.1533;0.1533
;US-MS;2003;p99.5p99.9;500075.41;;0.048599999;0.048599999
;US-MS;2003;p99.9p99.99;1534172.5;;0.033500001;0.033500001
;US-MS;2003;p99p99.5;279753.81;;0.034000002;0.034000002
;US-MS;2003;p95p100;241907.8;;0.29370001;0.29370001
;US-MS;2003;p0p90;26611.199;;0.58160001;0.58160001
;US-MS;2003;p0p99;35783.5;;0.86019999;0.86019999
;US-MS;2003;p99.5p100;869089.38;;0.1055;0.1055
;US-MS;2002;p0p100;72312.602;55264070576.0;1.0;1.0
;US-MS;2002;p99p100;568117.19;;0.1364;0.1364
;US-MS;2002;p99.9p100;2258688.5;;0.054200001;0.054200001
;US-MS;2002;p99.99p100;8829920.0;;0.021199999;0.021199999
;US-MS;2002;p90p100;172159.2;;0.41319999;0.41319999
;US-MS;2002;p90p95;104617.3;;0.1256;0.1256
;US-MS;2002;p95p99;156766.0;;0.1505;0.1505
;US-MS;2002;p99.5p99.9;499077.5;;0.047899999;0.047899999
;US-MS;2002;p99.9p99.99;1519234.1;;0.0328;0.0328
;US-MS;2002;p99p99.5;279839.69;;0.033599999;0.033599999
;US-MS;2002;p95p100;239338.7;;0.28729999;0.28729999
;US-MS;2002;p0p90;27236.4;;0.58840001;0.58840001
;US-MS;2002;p0p99;36342.398;;0.86360002;0.86360002
;US-MS;2002;p99.5p100;854765.31;;0.1026;0.1026
;US-MS;2001;p0p100;78542.602;57728285513.0;1.0;1.0
;US-MS;2001;p99p100;608405.19;;0.1388;0.1388
;US-MS;2001;p99.9p100;2425150.3;;0.055300001;0.055300001
;US-MS;2001;p99.99p100;9710198.0;;0.0222;0.0222
;US-MS;2001;p90p100;177526.91;;0.40509999;0.40509999
;US-MS;2001;p90p95;105495.7;;0.1204;0.1204
;US-MS;2001;p95p99;158986.0;;0.1451;0.1451
;US-MS;2001;p99.5p99.9;534219.19;;0.048799999;0.048799999
;US-MS;2001;p99.9p99.99;1620304.3;;0.033300001;0.033300001
;US-MS;2001;p99p99.5;303277.31;;0.034600001;0.034600001
;US-MS;2001;p95p100;249106.5;;0.28420001;0.28420001
;US-MS;2001;p0p90;29005.9;;0.59570003;0.59570003
;US-MS;2001;p0p99;38119.199;;0.86119998;0.86119998
;US-MS;2001;p99.5p100;914091.81;;0.1043;0.1043
;US-MS;2000;p0p100;87851.5;59975441810.0;1.0;1.0
;US-MS;2000;p99p100;678612.81;;0.1463;0.1463
;US-MS;2000;p99.9p100;2779265.8;;0.059900001;0.059900001
;US-MS;2000;p99.99p100;10830855.0;;0.023399999;0.023399999
;US-MS;2000;p90p100;188160.59;;0.4057;0.4057
;US-MS;2000;p90p95;106897.9;;0.1153;0.1153
;US-MS;2000;p95p99;164882.91;;0.14219999;0.14219999
;US-MS;2000;p99.5p99.9;591170.81;;0.050999999;0.050999999
;US-MS;2000;p99.9p99.99;1900115.8;;0.036899999;0.036899999
;US-MS;2000;p99p99.5;319200.09;;0.034400001;0.034400001
;US-MS;2000;p95p100;268483.09;;0.2895;0.2895
;US-MS;2000;p0p90;30757.0;;0.59689999;0.59689999
;US-MS;2000;p0p99;39989.199;;0.85369998;0.85369998
;US-MS;2000;p99.5p100;1035960.4;;0.1117;0.1117
;US-MS;1999;p0p100;91057.602;58811907402.0;1.0;1.0
;US-MS;1999;p99p100;668552.63;;0.1486;0.1486
;US-MS;1999;p99.9p100;2688924.5;;0.059799999;0.059799999
;US-MS;1999;p99.99p100;9929676.0;;0.0221;0.0221
;US-MS;1999;p90p100;185964.0;;0.41319999;0.41319999
;US-MS;1999;p90p95;105858.5;;0.1176;0.1176
;US-MS;1999;p95p99;164709.5;;0.1464;0.1464
;US-MS;1999;p99.5p99.9;594095.69;;0.0528;0.0528
;US-MS;1999;p99.9p99.99;1912839.3;;0.0383;0.0383
;US-MS;1999;p99p99.5;321916.59;;0.035799999;0.035799999
;US-MS;1999;p95p100;265650.69;;0.29519999;0.29519999
;US-MS;1999;p0p90;29355.0;;0.58710003;0.58710003
;US-MS;1999;p0p99;38702.801;;0.85140002;0.85140002
;US-MS;1999;p99.5p100;1015088.4;;0.1128;0.1128
;US-MS;1998;p0p100;90585.602;56392459339.0;1.0;1.0
;US-MS;1998;p99p100;634878.5;;0.1478;0.1478
;US-MS;1998;p99.9p100;2543459.3;;0.0592;0.0592
;US-MS;1998;p99.99p100;9469720.0;;0.022;0.022
;US-MS;1998;p90p100;177694.7;;0.41370001;0.41370001
;US-MS;1998;p90p95;101334.1;;0.1179;0.1179
;US-MS;1998;p95p99;158090.2;;0.1472;0.1472
;US-MS;1998;p99.5p99.9;565524.63;;0.052700002;0.052700002
;US-MS;1998;p99.9p99.99;1794119.6;;0.037599999;0.037599999
;US-MS;1998;p99p99.5;307048.5;;0.035700001;0.035700001
;US-MS;1998;p95p100;253719.8;;0.29530001;0.29530001
;US-MS;1998;p0p90;28008.801;;0.58679998;0.58679998
;US-MS;1998;p0p99;36978.199;;0.85219997;0.85219997
;US-MS;1998;p99.5p100;962624.19;;0.112;0.112
;US-MS;1997;p0p100;90166.898;52787058815.0;1.0;1.0
;US-MS;1997;p99p100;590908.31;;0.14210001;0.14210001
;US-MS;1997;p99.9p100;2265312.0;;0.054499999;0.054499999
;US-MS;1997;p99.99p100;8273838.0;;0.0199;0.0199
;US-MS;1997;p90p100;171438.5;;0.4122;0.4122
;US-MS;1997;p90p95;101335.9;;0.1218;0.1218
;US-MS;1997;p95p99;153791.91;;0.1479;0.1479
;US-MS;1997;p99.5p99.9;540434.0;;0.052000001;0.052000001
;US-MS;1997;p99.9p99.99;1608961.0;;0.0348;0.0348
;US-MS;1997;p99p99.5;294884.91;;0.035500001;0.035500001
;US-MS;1997;p95p100;241328.91;;0.29010001;0.29010001
;US-MS;1997;p0p90;27177.1;;0.58810002;0.58810002
;US-MS;1997;p0p99;36040.699;;0.85790002;0.85790002
;US-MS;1997;p99.5p100;886625.5;;0.1066;0.1066
;US-MS;1996;p0p100;89577.602;49463718106.0;1.0;1.0
;US-MS;1996;p99p100;542948.69;;0.1371;0.1371
;US-MS;1996;p99.9p100;2139020.0;;0.054000001;0.054000001
;US-MS;1996;p99.99p100;8203694.5;;0.0207;0.0207
;US-MS;1996;p90p100;162626.8;;0.41080001;0.41080001
;US-MS;1996;p90p95;98493.797;;0.1244;0.1244
;US-MS;1996;p95p99;147507.8;;0.149;0.149
;US-MS;1996;p99.5p99.9;482581.41;;0.048799999;0.048799999
;US-MS;1996;p99.9p99.99;1463628.5;;0.033300001;0.033300001
;US-MS;1996;p99p99.5;269453.19;;0.034000002;0.034000002
;US-MS;1996;p95p100;226644.09;;0.2863;0.2863
;US-MS;1996;p0p90;25942.301;;0.5898;0.5898
;US-MS;1996;p0p99;34503.898;;0.86290002;0.86290002
;US-MS;1996;p99.5p100;815870.81;;0.103;0.103
;US-MS;1995;p0p100;89798.703;46905256975.0;1.0;1.0
;US-MS;1995;p99p100;503553.69;;0.1337;0.1337
;US-MS;1995;p99.9p100;1920763.9;;0.050999999;0.050999999
;US-MS;1995;p99.99p100;7137678.0;;0.018999999;0.018999999
;US-MS;1995;p90p100;155318.5;;0.41249999;0.41249999
;US-MS;1995;p90p95;96193.297;;0.1277;0.1277
;US-MS;1995;p95p99;142110.09;;0.15099999;0.15099999
;US-MS;1995;p99.5p99.9;456146.81;;0.048500001;0.048500001
;US-MS;1995;p99.9p99.99;1341284.4;;0.032099999;0.032099999
;US-MS;1995;p99p99.5;257068.7;;0.0341;0.0341
;US-MS;1995;p95p100;214378.09;;0.28470001;0.28470001
;US-MS;1995;p0p90;24588.6;;0.58770001;0.58770001
;US-MS;1995;p0p99;32948.602;;0.86629999;0.86629999
;US-MS;1995;p99.5p100;749885.38;;0.099600002;0.099600002
;US-MS;1994;p0p100;91993.203;45154379119.0;1.0;1.0
;US-MS;1994;p99p100;463898.41;;0.1261;0.1261
;US-MS;1994;p99.9p100;1753368.0;;0.047699999;0.047699999
;US-MS;1994;p99.99p100;6652159.0;;0.018100001;0.018100001
;US-MS;1994;p90p100;147397.7;;0.4007;0.4007
;US-MS;1994;p90p95;93487.703;;0.12710001;0.12710001
;US-MS;1994;p95p99;135624.91;;0.14749999;0.14749999
;US-MS;1994;p99.5p99.9;419987.41;;0.045699999;0.045699999
;US-MS;1994;p99.9p99.99;1206497.5;;0.0295;0.0295
;US-MS;1994;p99p99.5;240124.0;;0.032600001;0.032600001
;US-MS;1994;p95p100;201260.91;;0.27360001;0.27360001
;US-MS;1994;p0p90;24501.199;;0.5995;0.5995
;US-MS;1994;p0p99;32467.801;;0.8739;0.8739
;US-MS;1994;p99.5p100;687534.38;;0.093500003;0.093500003
;US-MS;1993;p0p100;91525.398;42608646168.0;1.0;1.0
;US-MS;1993;p99p100;428658.31;;0.1222;0.1222
;US-MS;1993;p99.9p100;1540872.1;;0.043900002;0.043900002
;US-MS;1993;p99.99p100;5530567.0;;0.015799999;0.015799999
;US-MS;1993;p90p100;140761.7;;0.4012;0.4012
;US-MS;1993;p90p95;91169.0;;0.12989999;0.12989999
;US-MS;1993;p95p99;130733.5;;0.14910001;0.14910001
;US-MS;1993;p99.5p99.9;400546.09;;0.045699999;0.045699999
;US-MS;1993;p99.9p99.99;1093146.5;;0.028000001;0.028000001
;US-MS;1993;p99p99.5;226937.91;;0.032299999;0.032299999
;US-MS;1993;p95p100;190281.7;;0.2712;0.2712
;US-MS;1993;p0p90;23355.4;;0.59920001;0.59920001
;US-MS;1993;p0p99;31105.9;;0.87779999;0.87779999
;US-MS;1993;p99.5p100;630025.38;;0.0898;0.0898
;US-MS;1992;p0p100;96102.297;41569131543.0;1.0;1.0
;US-MS;1992;p99p100;431691.69;;0.1231;0.1231
;US-MS;1992;p99.9p100;1600325.1;;0.045600001;0.045600001
;US-MS;1992;p99.99p100;5891354.5;;0.016799999;0.016799999
;US-MS;1992;p90p100;140818.3;;0.4014;0.4014
;US-MS;1992;p90p95;93406.797;;0.1331;0.1331
;US-MS;1992;p95p99;127485.0;;0.1454;0.1454
;US-MS;1992;p99.5p99.9;397874.0;;0.045400001;0.045400001
;US-MS;1992;p99.9p99.99;1122740.9;;0.0288;0.0288
;US-MS;1992;p99p99.5;224280.7;;0.032000002;0.032000002
;US-MS;1992;p95p100;188337.59;;0.26840001;0.26840001
;US-MS;1992;p0p90;23330.301;;0.59859997;0.59859997
;US-MS;1992;p0p99;31073.301;;0.87690002;0.87690002
;US-MS;1992;p99.5p100;638969.38;;0.0911;0.0911
;US-MS;1991;p0p100;99455.898;40322129470.0;1.0;1.0
;US-MS;1991;p99p100;382283.5;;0.1107;0.1107
;US-MS;1991;p99.9p100;1255494.3;;0.036400001;0.036400001
;US-MS;1991;p99.99p100;4061179.3;;0.0118;0.0118
;US-MS;1991;p90p100;134751.91;;0.39019999;0.39019999
;US-MS;1991;p90p95;94313.5;;0.1366;0.1366
;US-MS;1991;p95p99;123807.2;;0.1434;0.1434
;US-MS;1991;p99.5p99.9;372750.0;;0.043200001;0.043200001
;US-MS;1991;p99.9p99.99;943190.19;;0.024599999;0.024599999
;US-MS;1991;p99p99.5;214774.91;;0.031099999;0.031099999
;US-MS;1991;p95p100;175478.7;;0.25409999;0.25409999
;US-MS;1991;p0p90;23380.699;;0.60939997;0.60939997
;US-MS;1991;p0p99;31017.801;;0.88929999;0.88929999
;US-MS;1991;p99.5p100;549810.13;;0.079599999;0.079599999
;US-MS;1990;p0p100;107659.6;40615193401.0;1.0;1.0
;US-MS;1990;p99p100;401793.69;;0.1153;0.1153
;US-MS;1990;p99.9p100;1390256.1;;0.039900001;0.039900001
;US-MS;1990;p99.99p100;4686122.5;;0.0135;0.0135
;US-MS;1990;p90p100;136145.59;;0.3908;0.3908
;US-MS;1990;p90p95;90437.102;;0.12980001;0.12980001
;US-MS;1990;p95p99;126843.1;;0.14560001;0.14560001
;US-MS;1990;p99.5p99.9;389267.41;;0.0447;0.0447
;US-MS;1990;p99.9p99.99;1025921.5;;0.0265;0.0265
;US-MS;1990;p99p99.5;213819.5;;0.0307;0.0307
;US-MS;1990;p95p100;181872.8;;0.26100001;0.26100001
;US-MS;1990;p0p90;23580.0;;0.6092;0.6092
;US-MS;1990;p0p99;31129.0;;0.8847;0.8847
;US-MS;1990;p99.5p100;589520.0;;0.084600002;0.084600002
;US-MS;1989;p0p100;118433.0;40789567093.0;1.0;1.0
;US-MS;1989;p99p100;416184.0;;0.1197;0.1197
;US-MS;1989;p99.9p100;1474974.1;;0.042399999;0.042399999
;US-MS;1989;p99.99p100;5164473.5;;0.0149;0.0149
;US-MS;1989;p90p100;134569.5;;0.38699999;0.38699999
;US-MS;1989;p90p95;85719.398;;0.1233;0.1233
;US-MS;1989;p95p99;121593.0;;0.1399;0.1399
;US-MS;1989;p99.5p99.9;375886.41;;0.043200001;0.043200001
;US-MS;1989;p99.9p99.99;1029616.3;;0.026699999;0.026699999
;US-MS;1989;p99p99.5;216666.0;;0.031199999;0.031199999
;US-MS;1989;p95p100;182898.41;;0.26300001;0.26300001
;US-MS;1989;p0p90;23988.6;;0.62089998;0.62089998
;US-MS;1989;p0p99;30916.699;;0.88029999;0.88029999
;US-MS;1989;p99.5p100;607417.63;;0.087300003;0.087300003
;US-MS;1988;p0p100;129420.5;40264683025.0;1.0;1.0
;US-MS;1988;p99p100;449000.09;;0.1286;0.1286
;US-MS;1988;p99.9p100;1711028.9;;0.048999999;0.048999999
;US-MS;1988;p99.99p100;6255692.0;;0.017899999;0.017899999
;US-MS;1988;p90p100;135589.41;;0.3883;0.3883
;US-MS;1988;p90p95;83229.703;;0.1192;0.1192
;US-MS;1988;p95p99;118623.7;;0.13590001;0.13590001
;US-MS;1988;p99.5p99.9;395167.09;;0.045299999;0.045299999
;US-MS;1988;p99.9p99.99;1167018.8;;0.030099999;0.030099999
;US-MS;1988;p99p99.5;216829.3;;0.030999999;0.030999999
;US-MS;1988;p95p100;187362.41;;0.2683;0.2683
;US-MS;1988;p0p90;24078.0;;0.62059999;0.62059999
;US-MS;1988;p0p99;30734.699;;0.8714;0.8714
;US-MS;1988;p99.5p100;671675.81;;0.096199997;0.096199997
;US-MS;1987;p0p100;131419.09;38097475839.0;1.0;1.0
;US-MS;1987;p99p100;375964.31;;0.114;0.114
;US-MS;1987;p99.9p100;1302528.5;;0.039500002;0.039500002
;US-MS;1987;p99.99p100;4542013.0;;0.0138;0.0138
;US-MS;1987;p90p100;126819.0;;0.38440001;0.38440001
;US-MS;1987;p90p95;83152.898;;0.126;0.126
;US-MS;1987;p95p99;117140.5;;0.142;0.142
;US-MS;1987;p99.5p99.9;343882.41;;0.041700002;0.041700002
;US-MS;1987;p99.9p99.99;920356.69;;0.0251;0.0251
;US-MS;1987;p99p99.5;204402.2;;0.030999999;0.030999999
;US-MS;1987;p95p100;170245.5;;0.25799999;0.25799999
;US-MS;1987;p0p90;22741.6;;0.62040001;0.62040001
;US-MS;1987;p0p99;29526.4;;0.88599998;0.88599998
;US-MS;1987;p99.5p100;542737.38;;0.0823;0.0823
;US-MS;1986;p0p100;148917.2;39171181217.0;1.0;1.0
;US-MS;1986;p99p100;517548.0;;0.148;0.148
;US-MS;1986;p99.9p100;2241911.5;;0.064099997;0.064099997
;US-MS;1986;p99.99p100;9437000.0;;0.027000001;0.027000001
;US-MS;1986;p90p100;145588.7;;0.41620001;0.41620001
;US-MS;1986;p90p95;88493.797;;0.1265;0.1265
;US-MS;1986;p95p99;121291.5;;0.13869999;0.13869999
;US-MS;1986;p99.5p99.9;433153.5;;0.0495;0.0495
;US-MS;1986;p99.9p99.99;1407185.4;;0.036200002;0.036200002
;US-MS;1986;p99p99.5;226184.7;;0.032299999;0.032299999
;US-MS;1986;p95p100;201977.8;;0.28870001;0.28870001
;US-MS;1986;p0p90;22921.801;;0.5898;0.5898
;US-MS;1986;p0p99;30105.301;;0.852;0.852
;US-MS;1986;p99.5p100;803163.5;;0.1148;0.1148
;US-MS;1985;p0p100;144067.7;36950385283.0;1.0;1.0
;US-MS;1985;p99p100;408126.5;;0.125;0.125
;US-MS;1985;p99.9p100;1616433.6;;0.0495;0.0495
;US-MS;1985;p99.99p100;6373580.5;;0.0195;0.0195
;US-MS;1985;p90p100;131610.5;;0.40310001;0.40310001
;US-MS;1985;p90p95;87212.297;;0.1336;0.1336
;US-MS;1985;p95p99;116385.1;;0.1426;0.1426
;US-MS;1985;p99.5p99.9;349751.59;;0.0429;0.0429
;US-MS;1985;p99.9p99.99;1057457.1;;0.029200001;0.029200001
;US-MS;1985;p99p99.5;203548.2;;0.031199999;0.031199999
;US-MS;1985;p95p100;175600.3;;0.26890001;0.26890001
;US-MS;1985;p0p90;21806.5;;0.60110003;0.60110003
;US-MS;1985;p0p99;28855.0;;0.875;0.875
;US-MS;1985;p99.5p100;609103.19;;0.0933;0.0933
;US-MS;1984;p0p100;149058.8;35938232925.0;1.0;1.0
;US-MS;1984;p99p100;394142.69;;0.1248;0.1248
;US-MS;1984;p99.9p100;1608945.8;;0.050999999;0.050999999
;US-MS;1984;p99.99p100;6831999.0;;0.021600001;0.021600001
;US-MS;1984;p90p100;127778.5;;0.40470001;0.40470001
;US-MS;1984;p90p95;86972.0;;0.13770001;0.13770001
;US-MS;1984;p95p99;111771.2;;0.1416;0.1416
;US-MS;1984;p99.5p99.9;334449.0;;0.042399999;0.042399999
;US-MS;1984;p99.9p99.99;1019636.9;;0.029100001;0.029100001
;US-MS;1984;p99p99.5;196269.91;;0.031099999;0.031099999
;US-MS;1984;p95p100;168465.59;;0.26679999;0.26679999
;US-MS;1984;p0p90;20926.801;;0.59649998;0.59649998
;US-MS;1984;p0p99;27911.301;;0.87519997;0.87519997
;US-MS;1984;p99.5p100;591062.63;;0.093599997;0.093599997
;US-MS;1983;p0p100;171479.5;34360926349.0;1.0;1.0
;US-MS;1983;p99p100;359754.0;;0.1119;0.1119
;US-MS;1983;p99.9p100;1375550.3;;0.042800002;0.042800002
;US-MS;1983;p99.99p100;5647138.5;;0.0176;0.0176
;US-MS;1983;p90p100;119167.6;;0.3707;0.3707
;US-MS;1983;p90p95;78202.297;;0.1216;0.1216
;US-MS;1983;p95p99;110187.7;;0.1371;0.1371
;US-MS;1983;p99.5p99.9;316520.5;;0.0394;0.0394
;US-MS;1983;p99.9p99.99;898049.38;;0.0251;0.0251
;US-MS;1983;p99p99.5;190194.8;;0.0296;0.0296
;US-MS;1983;p95p100;160167.59;;0.2491;0.2491
;US-MS;1983;p0p90;22491.301;;0.62959999;0.62959999
;US-MS;1983;p0p99;28840.699;;0.88810003;0.88810003
;US-MS;1983;p99.5p100;528965.19;;0.0823;0.0823
;US-MS;1982;p0p100;180298.3;34649109623.0;1.0;1.0
;US-MS;1982;p99p100;373282.5;;0.1151;0.1151
;US-MS;1982;p99.9p100;1443841.3;;0.044500001;0.044500001
;US-MS;1982;p99.99p100;5994875.5;;0.0185;0.0185
;US-MS;1982;p90p100;115744.3;;0.35699999;0.35699999
;US-MS;1982;p90p95;72913.5;;0.1125;0.1125
;US-MS;1982;p95p99;105142.4;;0.12970001;0.12970001
;US-MS;1982;p99.5p99.9;327550.5;;0.040399998;0.040399998
;US-MS;1982;p99.9p99.99;938170.81;;0.026000001;0.026000001
;US-MS;1982;p99p99.5;195756.41;;0.030200001;0.030200001
;US-MS;1982;p95p100;158212.41;;0.244;0.244
;US-MS;1982;p0p90;23150.301;;0.64270002;0.64270002
;US-MS;1982;p0p99;28976.4;;0.88489997;0.88489997
;US-MS;1982;p99.5p100;550808.63;;0.085000001;0.085000001
;US-MS;1981;p0p100;216733.41;35240484906.0;1.0;1.0
;US-MS;1981;p99p100;348231.31;;0.1005;0.1005
;US-MS;1981;p99.9p100;1069084.8;;0.0308;0.0308
;US-MS;1981;p99.99p100;3331393.5;;0.0096000005;0.0096000005
;US-MS;1981;p90p100;128372.6;;0.37040001;0.37040001
;US-MS;1981;p90p95;94371.203;;0.13609999;0.13609999
;US-MS;1981;p95p99;116389.3;;0.13429999;0.13429999
;US-MS;1981;p99.5p99.9;342250.59;;0.039500002;0.039500002
;US-MS;1981;p99.9p99.99;816511.38;;0.021199999;0.021199999
;US-MS;1981;p99p99.5;207592.7;;0.029899999;0.029899999
;US-MS;1981;p95p100;162785.41;;0.2348;0.2348
;US-MS;1981;p0p90;24235.801;;0.6293;0.6293
;US-MS;1981;p0p99;31494.0;;0.89950001;0.89950001
;US-MS;1981;p99.5p100;488672.19;;0.070500001;0.070500001
;US-MS;1980;p0p100;257997.5;34864534465.0;1.0;1.0
;US-MS;1980;p99p100;350684.91;;0.1019;0.1019
;US-MS;1980;p99.9p100;993339.19;;0.028899999;0.028899999
;US-MS;1980;p99.99p100;2824036.5;;0.0082;0.0082
;US-MS;1980;p90p100;128682.6;;0.3741;0.3741
;US-MS;1980;p90p95;86235.5;;0.12530001;0.12530001
;US-MS;1980;p95p99;126180.5;;0.14669999;0.14669999
;US-MS;1980;p99.5p99.9;348717.81;;0.0405;0.0405
;US-MS;1980;p99.9p99.99;789000.0;;0.0206;0.0206
;US-MS;1980;p99p99.5;223248.8;;0.032400001;0.032400001
;US-MS;1980;p95p100;171116.5;;0.24869999;0.24869999
;US-MS;1980;p0p90;23929.5;;0.6261;0.6261
;US-MS;1980;p0p99;31204.301;;0.89810002;0.89810002
;US-MS;1980;p99.5p100;478066.5;;0.069499999;0.069499999
;US-MS;1979;p0p100;327935.41;35679392331.0;1.0;1.0
;US-MS;1979;p99p100;357712.19;;0.101;0.101
;US-MS;1979;p99.9p100;989380.5;;0.027899999;0.027899999
;US-MS;1979;p99.99p100;2965578.0;;0.0083999997;0.0083999997
;US-MS;1979;p90p100;127735.0;;0.36059999;0.36059999
;US-MS;1979;p90p95;85059.0;;0.1201;0.1201
;US-MS;1979;p95p99;123562.7;;0.13950001;0.13950001
;US-MS;1979;p99.5p99.9;356761.09;;0.0403;0.0403
;US-MS;1979;p99.9p99.99;769096.5;;0.0195;0.0195
;US-MS;1979;p99p99.5;232248.0;;0.0328;0.0328
;US-MS;1979;p95p100;170383.59;;0.2405;0.2405
;US-MS;1979;p0p90;25166.9;;0.63940001;0.63940001
;US-MS;1979;p0p99;32167.199;;0.89899999;0.89899999
;US-MS;1979;p99.5p100;483629.09;;0.068300001;0.068300001
;US-MS;1978;p0p100;387359.09;33677989027.0;1.0;1.0
;US-MS;1978;p99p100;312804.19;;0.0898;0.0898
;US-MS;1978;p99.9p100;798626.13;;0.0229;0.0229
;US-MS;1978;p99.99p100;1714028.8;;0.0049000001;0.0049000001
;US-MS;1978;p90p100;120236.7;;0.345;0.345
;US-MS;1978;p90p95;80417.703;;0.1154;0.1154
;US-MS;1978;p95p99;122042.1;;0.1401;0.1401
;US-MS;1978;p99.5p99.9;331333.41;;0.037999999;0.037999999
;US-MS;1978;p99.9p99.99;696023.69;;0.017999999;0.017999999
;US-MS;1978;p99p99.5;200519.41;;0.0288;0.0288
;US-MS;1978;p95p100;160130.91;;0.2298;0.2298
;US-MS;1978;p0p90;25353.199;;0.6548;0.6548
;US-MS;1978;p0p99;32038.6;;0.9102;0.9102
;US-MS;1978;p99.5p100;425136.0;;0.061000001;0.061000001
;US-MS;1977;p0p100;443412.91;32516548291.0;1.0;1.0
;US-MS;1977;p99p100;312175.31;;0.090599999;0.090599999
;US-MS;1977;p99.9p100;827616.19;;0.024;0.024
;US-MS;1977;p99.99p100;2238579.3;;0.0065000001;0.0065000001
;US-MS;1977;p90p100;117910.6;;0.34220001;0.34220001
;US-MS;1977;p90p95;81211.898;;0.1178;0.1178
;US-MS;1977;p95p99;115217.3;;0.1337;0.1337
;US-MS;1977;p99.5p99.9;328163.91;;0.0381;0.0381
;US-MS;1977;p99.9p99.99;670031.0;;0.0175;0.0175
;US-MS;1977;p99p99.5;196050.3;;0.0284;0.0284
;US-MS;1977;p95p100;154611.8;;0.2243;0.2243
;US-MS;1977;p0p90;25188.6;;0.65789998;0.65789998
;US-MS;1977;p0p99;31653.6;;0.90939999;0.90939999
;US-MS;1977;p99.5p100;428311.09;;0.062100001;0.062100001
;US-MS;1976;p0p100;491951.59;31072666075.0;1.0;1.0
;US-MS;1976;p99p100;303098.81;;0.089900002;0.089900002
;US-MS;1976;p99.9p100;782942.0;;0.0232;0.0232
;US-MS;1976;p99.99p100;2001519.8;;0.0059000002;0.0059000002
;US-MS;1976;p90p100;117351.0;;0.34819999;0.34819999
;US-MS;1976;p90p95;81309.203;;0.1206;0.1206
;US-MS;1976;p95p99;115973.8;;0.1376;0.1376
;US-MS;1976;p99.5p99.9;317743.0;;0.037700001;0.037700001
;US-MS;1976;p99.9p99.99;647770.13;;0.0173;0.0173
;US-MS;1976;p99p99.5;195101.59;;0.028899999;0.028899999
;US-MS;1976;p95p100;153398.3;;0.22759999;0.22759999
;US-MS;1976;p0p90;24412.1;;0.65189999;0.65189999
;US-MS;1976;p0p99;30983.801;;0.91009998;0.91009998
;US-MS;1976;p99.5p100;411083.41;;0.061000001;0.061000001
;US-MS;1975;p0p100;513631.69;28353386257.0;1.0;1.0
;US-MS;1975;p99p100;294344.31;;0.093599997;0.093599997
;US-MS;1975;p99.9p100;747069.19;;0.023700001;0.023700001
;US-MS;1975;p99.99p100;1841942.8;;0.0059000002;0.0059000002
;US-MS;1975;p90p100;110236.9;;0.3504;0.3504
;US-MS;1975;p90p95;75714.703;;0.1203;0.1203
;US-MS;1975;p95p99;107364.4;;0.1365;0.1365
;US-MS;1975;p99.5p99.9;308142.19;;0.0392;0.0392
;US-MS;1975;p99.9p99.99;626143.31;;0.017899999;0.017899999
;US-MS;1975;p99p99.5;192321.0;;0.0306;0.0306
;US-MS;1975;p95p100;144760.91;;0.23010001;0.23010001
;US-MS;1975;p0p90;22709.0;;0.64960003;0.64960003
;US-MS;1975;p0p99;28804.9;;0.90640002;0.90640002
;US-MS;1975;p99.5p100;396295.09;;0.063000001;0.063000001
;US-MS;1974;p0p100;653863.69;29621284455.0;1.0;1.0
;US-MS;1974;p99p100;314754.5;;0.093599997;0.093599997
;US-MS;1974;p99.9p100;926461.69;;0.0275;0.0275
;US-MS;1974;p99.99p100;2939183.8;;0.0087000001;0.0087000001
;US-MS;1974;p90p100;116786.1;;0.34729999;0.34729999
;US-MS;1974;p90p95;79224.898;;0.1178;0.1178
;US-MS;1974;p95p99;114171.6;;0.1358;0.1358
;US-MS;1974;p99.5p99.9;309437.19;;0.036800001;0.036800001
;US-MS;1974;p99.9p99.99;701822.38;;0.0188;0.0188
;US-MS;1974;p99p99.5;196178.41;;0.029200001;0.029200001
;US-MS;1974;p95p100;154351.91;;0.2295;0.2295
;US-MS;1974;p0p90;24397.5;;0.65289998;0.65289998
;US-MS;1974;p0p99;30790.4;;0.90640002;0.90640002
;US-MS;1974;p99.5p100;433134.91;;0.064400002;0.064400002
;US-MS;1973;p0p100;828916.0;29790635958.0;1.0;1.0
;US-MS;1973;p99p100;335622.41;;0.097099997;0.097099997
;US-MS;1973;p99.9p100;882710.69;;0.0255;0.0255
;US-MS;1973;p99.99p100;2227126.5;;0.0063999998;0.0063999998
;US-MS;1973;p90p100;118911.2;;0.3439;0.3439
;US-MS;1973;p90p95;79321.398;;0.1147;0.1147
;US-MS;1973;p95p99;114222.6;;0.1321;0.1321
;US-MS;1973;p99.5p99.9;348536.19;;0.0403;0.0403
;US-MS;1973;p99.9p99.99;732701.19;;0.019099999;0.019099999
;US-MS;1973;p99p99.5;215734.59;;0.031199999;0.031199999
;US-MS;1973;p95p100;158500.91;;0.22920001;0.22920001
;US-MS;1973;p0p90;25211.0;;0.65619999;0.65619999
;US-MS;1973;p0p99;31539.0;;0.90289998;0.90289998
;US-MS;1973;p99.5p100;455358.41;;0.065800004;0.065800004
;US-MS;1972;p0p100;891646.81;27770488000.0;1.0;1.0
;US-MS;1972;p99p100;315311.81;;0.095600002;0.095600002
;US-MS;1972;p99.9p100;868790.81;;0.0264;0.0264
;US-MS;1972;p99.99p100;2156879.5;;0.0065000001;0.0065000001
;US-MS;1972;p90p100;115012.1;;0.34889999;0.34889999
;US-MS;1972;p90p95;76837.797;;0.1165;0.1165
;US-MS;1972;p95p99;112658.3;;0.1367;0.1367
;US-MS;1972;p99.5p99.9;323936.0;;0.039299998;0.039299998
;US-MS;1972;p99.9p99.99;725386.38;;0.0198;0.0198
;US-MS;1972;p99p99.5;197358.2;;0.029899999;0.029899999
;US-MS;1972;p95p100;153190.2;;0.2323;0.2323
;US-MS;1972;p0p90;23854.1;;0.6512;0.6512
;US-MS;1972;p0p99;30116.0;;0.90439999;0.90439999
;US-MS;1972;p99.5p100;433265.41;;0.065700002;0.065700002
;US-MS;1971;p0p100;882607.81;25204332451.0;1.0;1.0
;US-MS;1971;p99p100;293901.19;;0.095899999;0.095899999
;US-MS;1971;p99.9p100;764806.38;;0.025;0.025
;US-MS;1971;p99.99p100;1934023.4;;0.0063;0.0063
;US-MS;1971;p90p100;106387.0;;0.34729999;0.34729999
;US-MS;1971;p90p95;70993.602;;0.1159;0.1159
;US-MS;1971;p95p99;103754.4;;0.1355;0.1355
;US-MS;1971;p99.5p99.9;306380.91;;0.039999999;0.039999999
;US-MS;1971;p99.9p99.99;635257.63;;0.0187;0.0187
;US-MS;1971;p99p99.5;189311.3;;0.0309;0.0309
;US-MS;1971;p95p100;141782.5;;0.2314;0.2314
;US-MS;1971;p0p90;22220.5;;0.65280002;0.65280002
;US-MS;1971;p0p99;27976.199;;0.9041;0.9041
;US-MS;1971;p99.5p100;398419.69;;0.064999998;0.064999998
;US-MS;1970;p0p100;938801.19;23987356697.0;1.0;1.0
;US-MS;1970;p99p100;273804.19;;0.091499999;0.091499999
;US-MS;1970;p99.9p100;714660.88;;0.0239;0.0239
;US-MS;1970;p99.99p100;2095162.9;;0.0070000002;0.0070000002
;US-MS;1970;p90p100;103465.3;;0.3459;0.3459
;US-MS;1970;p90p95;71409.898;;0.1194;0.1194
;US-MS;1970;p95p99;100982.5;;0.13510001;0.13510001
;US-MS;1970;p99.5p99.9;288931.19;;0.038600001;0.038600001
;US-MS;1970;p99.9p99.99;560841.31;;0.016899999;0.016899999
;US-MS;1970;p99p99.5;173200.41;;0.028999999;0.028999999
;US-MS;1970;p95p100;135538.8;;0.22660001;0.22660001
;US-MS;1970;p0p90;21735.5;;0.6541;0.6541
;US-MS;1970;p0p99;27444.199;;0.90850002;0.90850002
;US-MS;1970;p99.5p100;374368.19;;0.062600002;0.062600002
;US-MS;1969;p0p100;1045969.5;23733751712.0;1.0;1.0
;US-MS;1969;p99p100;296758.09;;0.0995;0.0995
;US-MS;1969;p99.9p100;828680.31;;0.027799999;0.027799999
;US-MS;1969;p99.99p100;2676712.5;;0.0089999996;0.0089999996
;US-MS;1969;p90p100;104968.9;;0.35210001;0.35210001
;US-MS;1969;p90p95;69888.703;;0.1172;0.1172
;US-MS;1969;p95p99;100910.7;;0.1354;0.1354
;US-MS;1969;p99.5p99.9;308102.69;;0.041299999;0.041299999
;US-MS;1969;p99.9p99.99;625212.81;;0.0189;0.0189
;US-MS;1969;p99p99.5;181097.41;;0.030400001;0.030400001
;US-MS;1969;p95p100;140061.8;;0.2349;0.2349
;US-MS;1969;p0p90;21459.301;;0.64780003;0.64780003
;US-MS;1969;p0p99;27116.0;;0.9005;0.9005
;US-MS;1969;p99.5p100;412502.41;;0.069200002;0.069200002
;US-MS;1968;p0p100;1142408.4;23177373528.0;1.0;1.0
;US-MS;1968;p99p100;310039.91;;0.1059;0.1059
;US-MS;1968;p99.9p100;915890.63;;0.031300001;0.031300001
;US-MS;1968;p99.99p100;3190999.0;;0.0109;0.0109
;US-MS;1968;p90p100;106670.3;;0.36430001;0.36430001
;US-MS;1968;p90p95;69664.602;;0.119;0.119
;US-MS;1968;p95p99;102039.5;;0.13940001;0.13940001
;US-MS;1968;p99.5p99.9;313500.69;;0.042800002;0.042800002
;US-MS;1968;p99.9p99.99;664788.38;;0.020400001;0.020400001
;US-MS;1968;p99p99.5;186184.5;;0.031800002;0.031800002
;US-MS;1968;p95p100;143649.5;;0.24529999;0.24529999
;US-MS;1968;p0p90;20677.6;;0.63559997;0.63559997
;US-MS;1968;p0p99;26441.0;;0.89410001;0.89410001
;US-MS;1968;p99.5p100;433817.69;;0.074100003;0.074100003
;US-MS;1967;p0p100;1184348.3;22004755170.0;1.0;1.0
;US-MS;1967;p99p100;289857.31;;0.1037;0.1037
;US-MS;1967;p99.9p100;791858.19;;0.0283;0.0283
;US-MS;1967;p99.99p100;2116197.5;;0.0076000001;0.0076000001
;US-MS;1967;p90p100;101511.1;;0.36309999;0.36309999
;US-MS;1967;p90p95;68341.797;;0.1222;0.1222
;US-MS;1967;p95p99;95985.398;;0.1373;0.1373
;US-MS;1967;p99.5p99.9;308042.81;;0.044100001;0.044100001
;US-MS;1967;p99.9p99.99;645433.38;;0.0208;0.0208
;US-MS;1967;p99p99.5;174894.0;;0.031300001;0.031300001
;US-MS;1967;p95p100;134739.0;;0.241;0.241
;US-MS;1967;p0p90;19781.301;;0.63679999;0.63679999
;US-MS;1967;p0p99;25313.4;;0.89630002;0.89630002
;US-MS;1967;p99.5p100;404848.5;;0.072400004;0.072400004
;US-MS;1966;p0p100;1195769.5;20765029829.0;1.0;1.0
;US-MS;1966;p99p100;295599.31;;0.1113;0.1113
;US-MS;1966;p99.9p100;879417.69;;0.033100002;0.033100002
;US-MS;1966;p99.99p100;3208961.3;;0.0121;0.0121
;US-MS;1966;p90p100;99603.297;;0.375;0.375
;US-MS;1966;p90p95;65559.203;;0.1234;0.1234
;US-MS;1966;p95p99;93257.797;;0.14040001;0.14040001
;US-MS;1966;p99.5p99.9;284502.0;;0.042800002;0.042800002
;US-MS;1966;p99.9p99.99;620653.31;;0.021;0.021
;US-MS;1966;p99p99.5;187187.59;;0.0352;0.0352
;US-MS;1966;p95p100;133724.91;;0.25170001;0.25170001
;US-MS;1966;p0p90;18446.4;;0.625;0.625
;US-MS;1966;p0p99;23845.9;;0.88870001;0.88870001
;US-MS;1966;p99.5p100;403823.69;;0.075999998;0.075999998
;US-MS;1965;p0p100;1203540.3;19607526236.0;1.0;1.0
;US-MS;1965;p99p100;287816.69;;0.1139;0.1139
;US-MS;1965;p99.9p100;904702.31;;0.035799999;0.035799999
;US-MS;1965;p99.99p100;3949065.0;;0.0156;0.0156
;US-MS;1965;p90p100;95026.5;;0.37599999;0.37599999
;US-MS;1965;p90p95;61009.102;;0.1207;0.1207
;US-MS;1965;p95p99;89344.797;;0.14139999;0.14139999
;US-MS;1965;p99.5p99.9;280832.81;;0.044500001;0.044500001
;US-MS;1965;p99.9p99.99;566771.19;;0.020199999;0.020199999
;US-MS;1965;p99p99.5;169931.59;;0.033599999;0.033599999
;US-MS;1965;p95p100;129041.5;;0.25529999;0.25529999
;US-MS;1965;p0p90;17521.199;;0.62400001;0.62400001
;US-MS;1965;p0p99;22619.4;;0.88609999;0.88609999
;US-MS;1965;p99.5p100;405689.69;;0.080300003;0.080300003
;US-MS;1964;p0p100;1172743.3;18347773372.0;1.0;1.0
;US-MS;1964;p99p100;248258.8;;0.1041;0.1041
;US-MS;1964;p99.9p100;639828.19;;0.026799999;0.026799999
;US-MS;1964;p99.99p100;1579284.9;;0.0066;0.0066
;US-MS;1964;p90p100;87357.297;;0.36629999;0.36629999
;US-MS;1964;p90p95;57511.602;;0.1206;0.1206
;US-MS;1964;p95p99;84451.102;;0.1416;0.1416
;US-MS;1964;p99.5p99.9;267975.91;;0.0449;0.0449
;US-MS;1964;p99.9p99.99;534994.88;;0.020199999;0.020199999
;US-MS;1964;p99p99.5;153922.8;;0.032299999;0.032299999
;US-MS;1964;p95p100;117189.2;;0.2457;0.2457
;US-MS;1964;p0p90;16794.0;;0.63380003;0.63380003
;US-MS;1964;p0p99;21582.4;;0.89590001;0.89590001
;US-MS;1964;p99.5p100;342475.69;;0.071800001;0.071800001
;US-MS;1963;p0p100;1182555.1;17849163877.0;1.0;1.0
;US-MS;1963;p99p100;229848.7;;0.098099999;0.098099999
;US-MS;1963;p99.9p100;611502.0;;0.0261;0.0261
;US-MS;1963;p99.99p100;1463125.6;;0.0062000002;0.0062000002
;US-MS;1963;p90p100;81562.297;;0.34810001;0.34810001
;US-MS;1963;p90p95;53928.301;;0.1151;0.1151
;US-MS;1963;p95p99;79033.398;;0.1349;0.1349
;US-MS;1963;p99.5p99.9;239221.0;;0.040800001;0.040800001
;US-MS;1963;p99.9p99.99;518070.59;;0.0199;0.0199
;US-MS;1963;p99p99.5;145733.8;;0.031099999;0.031099999
;US-MS;1963;p95p100;109196.5;;0.233;0.233
;US-MS;1963;p0p90;16973.6;;0.65189999;0.65189999
;US-MS;1963;p0p99;21347.1;;0.90189999;0.90189999
;US-MS;1963;p99.5p100;313959.19;;0.067000002;0.067000002
;US-MS;1962;p0p100;1117724.5;16261647751.0;1.0;1.0
;US-MS;1962;p99p100;217815.7;;0.101;0.101
;US-MS;1962;p99.9p100;581584.19;;0.027000001;0.027000001
;US-MS;1962;p99.99p100;1367730.3;;0.0063;0.0063
;US-MS;1962;p90p100;78651.203;;0.3646;0.3646
;US-MS;1962;p90p95;51955.0;;0.1204;0.1204
;US-MS;1962;p95p99;77230.297;;0.1432;0.1432
;US-MS;1962;p99.5p99.9;227400.09;;0.042199999;0.042199999
;US-MS;1962;p99.9p99.99;496131.41;;0.0207;0.0207
;US-MS;1962;p99p99.5;136951.2;;0.0317;0.0317
;US-MS;1962;p95p100;105347.5;;0.24420001;0.24420001
;US-MS;1962;p0p90;15230.7;;0.6354;0.6354
;US-MS;1962;p0p99;19590.0;;0.89899999;0.89899999
;US-MS;1962;p99.5p100;298675.41;;0.069200002;0.069200002
;US-MS;1961;p0p100;1134719.0;15997974978.0;1.0;1.0
;US-MS;1961;p99p100;207918.3;;0.096900001;0.096900001
;US-MS;1961;p99.9p100;558649.69;;0.026000001;0.026000001
;US-MS;1961;p99.99p100;1386051.0;;0.0065000001;0.0065000001
;US-MS;1961;p90p100;74856.203;;0.34869999;0.34869999
;US-MS;1961;p90p95;48945.5;;0.114;0.114
;US-MS;1961;p95p99;73982.703;;0.13789999;0.13789999
;US-MS;1961;p99.5p99.9;220695.5;;0.041099999;0.041099999
;US-MS;1961;p99.9p99.99;467242.91;;0.0196;0.0196
;US-MS;1961;p99p99.5;127430.0;;0.0297;0.0297
;US-MS;1961;p95p100;100767.6;;0.23469999;0.23469999
;US-MS;1961;p0p90;15535.2;;0.65130001;0.65130001
;US-MS;1961;p0p99;19584.0;;0.90310001;0.90310001
;US-MS;1961;p99.5p100;288409.59;;0.067199998;0.067199998
;US-MS;1960;p0p100;1082296.3;14765338242.0;1.0;1.0
;US-MS;1960;p99p100;191702.91;;0.0955;0.0955
;US-MS;1960;p99.9p100;541825.81;;0.027000001;0.027000001
;US-MS;1960;p99.99p100;1285383.8;;0.0063999998;0.0063999998
;US-MS;1960;p90p100;72606.898;;0.36179999;0.36179999
;US-MS;1960;p90p95;49693.199;;0.1238;0.1238
;US-MS;1960;p95p99;71476.297;;0.1425;0.1425
;US-MS;1960;p99.5p99.9;193305.7;;0.0385;0.0385
;US-MS;1960;p99.9p99.99;460914.81;;0.0207;0.0207
;US-MS;1960;p99p99.5;120126.3;;0.029899999;0.029899999
;US-MS;1960;p95p100;95520.297;;0.23800001;0.23800001
;US-MS;1960;p0p90;14228.7;;0.63819999;0.63819999
;US-MS;1960;p0p99;18333.0;;0.90450001;0.90450001
;US-MS;1960;p99.5p100;263275.69;;0.0656;0.0656
;US-MS;1959;p0p100;1127398.8;15035887722.0;1.0;1.0
;US-MS;1959;p99p100;202317.59;;0.1001;0.1001
;US-MS;1959;p99.9p100;561687.69;;0.027799999;0.027799999
;US-MS;1959;p99.99p100;1685444.5;;0.0082999999;0.0082999999
;US-MS;1959;p90p100;72275.703;;0.35780001;0.35780001
;US-MS;1959;p90p95;47354.699;;0.1172;0.1172
;US-MS;1959;p95p99;70919.898;;0.14040001;0.14040001
;US-MS;1959;p99.5p99.9;211543.5;;0.041900001;0.041900001
;US-MS;1959;p99.9p99.99;437121.31;;0.0195;0.0195
;US-MS;1959;p99p99.5;122931.3;;0.030400001;0.030400001
;US-MS;1959;p95p100;97197.398;;0.2406;0.2406
;US-MS;1959;p0p90;14417.1;;0.64230001;0.64230001
;US-MS;1959;p0p99;18363.199;;0.89990002;0.89990002
;US-MS;1959;p99.5p100;281708.69;;0.069700003;0.069700003
;US-MS;1958;p0p100;1010907.7;13435289277.0;1.0;1.0
;US-MS;1958;p99p100;174381.0;;0.097599998;0.097599998
;US-MS;1958;p99.9p100;459469.5;;0.025699999;0.025699999
;US-MS;1958;p99.99p100;1074381.8;;0.0060000001;0.0060000001
;US-MS;1958;p90p100;65250.898;;0.36520001;0.36520001
;US-MS;1958;p90p95;44399.398;;0.1242;0.1242
;US-MS;1958;p95p99;64034.602;;0.1434;0.1434
;US-MS;1958;p99.5p99.9;182945.91;;0.041000001;0.041000001
;US-MS;1958;p99.9p99.99;392035.91;;0.0197;0.0197
;US-MS;1958;p99p99.5;110258.0;;0.0309;0.0309
;US-MS;1958;p95p100;86103.398;;0.241;0.241
;US-MS;1958;p0p90;12602.7;;0.63480002;0.63480002
;US-MS;1958;p0p99;16286.1;;0.90240002;0.90240002
;US-MS;1958;p99.5p100;238502.8;;0.066699997;0.066699997
;US-MS;1957;p0p100;1010062.4;12849294013.0;1.0;1.0
;US-MS;1957;p99p100;174195.0;;0.103;0.103
;US-MS;1957;p99.9p100;509382.19;;0.030099999;0.030099999
;US-MS;1957;p99.99p100;1395076.9;;0.0082;0.0082
;US-MS;1957;p90p100;63764.398;;0.37689999;0.37689999
;US-MS;1957;p90p95;42902.301;;0.1268;0.1268
;US-MS;1957;p95p99;62236.102;;0.1472;0.1472
;US-MS;1957;p99.5p99.9;178009.59;;0.042100001;0.042100001
;US-MS;1957;p99.9p99.99;411373.81;;0.0219;0.0219
;US-MS;1957;p99p99.5;104030.6;;0.0307;0.0307
;US-MS;1957;p95p100;84627.0;;0.25009999;0.25009999
;US-MS;1957;p0p90;11711.1;;0.62309998;0.62309998
;US-MS;1957;p0p99;15327.8;;0.89700001;0.89700001
;US-MS;1957;p99.5p100;244358.8;;0.0722;0.0722
;US-MS;1956;p0p100;1119670.5;13393611753.0;1.0;1.0
;US-MS;1956;p99p100;188570.3;;0.1079;0.1079
;US-MS;1956;p99.9p100;504696.81;;0.028899999;0.028899999
;US-MS;1956;p99.99p100;1324412.1;;0.0076000001;0.0076000001
;US-MS;1956;p90p100;66226.5;;0.3788;0.3788
;US-MS;1956;p90p95;45450.898;;0.13;0.13
;US-MS;1956;p95p99;61911.301;;0.1416;0.1416
;US-MS;1956;p99.5p99.9;199002.59;;0.045499999;0.045499999
;US-MS;1956;p99.9p99.99;414564.59;;0.021299999;0.021299999
;US-MS;1956;p99p99.5;116615.2;;0.033300001;0.033300001
;US-MS;1956;p95p100;87243.398;;0.24950001;0.24950001
;US-MS;1956;p0p90;12056.2;;0.62059999;0.62059999
;US-MS;1956;p0p99;15756.1;;0.89209998;0.89209998
;US-MS;1956;p99.5p100;260523.0;;0.074500002;0.074500002
;US-MS;1955;p0p100;1158923.6;13573425596.0;1.0;1.0
;US-MS;1955;p99p100;179778.5;;0.1023;0.1023
;US-MS;1955;p99.9p100;515309.31;;0.029300001;0.029300001
;US-MS;1955;p99.99p100;1185271.3;;0.0066999998;0.0066999998
;US-MS;1955;p90p100;63564.602;;0.36179999;0.36179999
;US-MS;1955;p90p95;43275.301;;0.1232;0.1232
;US-MS;1955;p95p99;60348.102;;0.1374;0.1374
;US-MS;1955;p99.5p99.9;184189.3;;0.041900001;0.041900001
;US-MS;1955;p99.9p99.99;440957.69;;0.022600001;0.022600001
;US-MS;1955;p99p99.5;109146.3;;0.031099999;0.031099999
;US-MS;1955;p95p100;84222.0;;0.2397;0.2397
;US-MS;1955;p0p90;12435.5;;0.63709998;0.63709998
;US-MS;1955;p0p99;15929.0;;0.89770001;0.89770001
;US-MS;1955;p99.5p100;250410.91;;0.0713;0.0713
;US-MS;1954;p0p100;1009784.0;12016445183.0;1.0;1.0
;US-MS;1954;p99p100;161549.09;;0.1048;0.1048
;US-MS;1954;p99.9p100;462496.19;;0.029999999;0.029999999
;US-MS;1954;p99.99p100;1213136.0;;0.0078999996;0.0078999996
;US-MS;1954;p90p100;60841.0;;0.39449999;0.39449999
;US-MS;1954;p90p95;43493.398;;0.141;0.141
;US-MS;1954;p95p99;58218.602;;0.15099999;0.15099999
;US-MS;1954;p99.5p99.9;169741.7;;0.044;0.044
;US-MS;1954;p99.9p99.99;379107.09;;0.0221;0.0221
;US-MS;1954;p99p99.5;94806.602;;0.0307;0.0307
;US-MS;1954;p95p100;78846.5;;0.25560001;0.25560001
;US-MS;1954;p0p90;10336.2;;0.60320002;0.60320002
;US-MS;1954;p0p99;13945.5;;0.89520001;0.89520001
;US-MS;1954;p99.5p100;228291.7;;0.074000001;0.074000001
;US-MS;1953;p0p100;1050202.4;12476849104.0;1.0;1.0
;US-MS;1953;p99p100;155145.5;;0.0977;0.0977
;US-MS;1953;p99.9p100;415503.69;;0.0262;0.0262
;US-MS;1953;p99.99p100;980537.69;;0.0062000002;0.0062000002
;US-MS;1953;p90p100;58358.199;;0.36750001;0.36750001
;US-MS;1953;p90p95;41837.898;;0.13169999;0.13169999
;US-MS;1953;p95p99;55526.699;;0.1399;0.1399
;US-MS;1953;p99.5p99.9;166484.91;;0.041900001;0.041900001
;US-MS;1953;p99.9p99.99;353602.09;;0.02;0.02
;US-MS;1953;p99p99.5;94096.5;;0.0296;0.0296
;US-MS;1953;p95p100;75410.5;;0.2374;0.2374
;US-MS;1953;p0p90;11126.8;;0.63059998;0.63059998
;US-MS;1953;p0p99;14473.1;;0.9023;0.9023
;US-MS;1953;p99.5p100;216207.8;;0.068099998;0.068099998
;US-MS;1952;p0p100;1055977.9;12471496080.0;1.0;1.0
;US-MS;1952;p99p100;163001.5;;0.1036;0.1036
;US-MS;1952;p99.9p100;494045.19;;0.031399999;0.031399999
;US-MS;1952;p99.99p100;1320010.3;;0.0083999997;0.0083999997
;US-MS;1952;p90p100;58985.102;;0.375;0.375
;US-MS;1952;p90p95;41529.602;;0.132;0.132
;US-MS;1952;p95p99;55725.602;;0.1417;0.1417
;US-MS;1952;p99.5p99.9;168230.0;;0.042800002;0.042800002
;US-MS;1952;p99.9p99.99;402997.81;;0.0231;0.0231
;US-MS;1952;p99p99.5;92649.5;;0.0295;0.0295
;US-MS;1952;p95p100;77116.297;;0.24510001;0.24510001
;US-MS;1952;p0p90;10880.5;;0.62260002;0.62260002
;US-MS;1952;p0p99;14241.2;;0.89639997;0.89639997
;US-MS;1952;p99.5p100;233355.0;;0.074199997;0.074199997
;US-MS;1951;p0p100;1088145.1;12410955692.0;1.0;1.0
;US-MS;1951;p99p100;190526.2;;0.1227;0.1227
;US-MS;1951;p99.9p100;603067.13;;0.038899999;0.038899999
;US-MS;1951;p99.99p100;1263693.6;;0.0081000002;0.0081000002
;US-MS;1951;p90p100;58072.898;;0.3741;0.3741
;US-MS;1951;p90p95;34246.398;;0.1103;0.1103
;US-MS;1951;p95p99;54165.898;;0.13959999;0.13959999
;US-MS;1951;p99.5p99.9;193770.09;;0.049899999;0.049899999
;US-MS;1951;p99.9p99.99;534517.31;;0.030999999;0.030999999
;US-MS;1951;p99p99.5;104144.5;;0.033500001;0.033500001
;US-MS;1951;p95p100;81717.102;;0.26320001;0.26320001
;US-MS;1951;p0p99;9838.4004;;0.6275;0.6275
;US-MS;1951;p99.5p100;276751.31;;0.089100003;0.089100003
;US-MS;1950;p0p100;1168663.0;11543192609.0;1.0;1.0
;US-MS;1950;p99p100;179768.0;;0.1256;0.1256
;US-MS;1950;p99.9p100;557721.88;;0.039000001;0.039000001
;US-MS;1950;p99.99p100;1126533.8;;0.0078999996;0.0078999996
;US-MS;1950;p90p100;54310.398;;0.3793;0.3793
;US-MS;1950;p90p95;31195.6;;0.1089;0.1089
;US-MS;1950;p95p99;51898.102;;0.145;0.145
;US-MS;1950;p99.5p99.9;186609.8;;0.052099999;0.052099999
;US-MS;1950;p99.9p99.99;512050.31;;0.032200001;0.032200001
;US-MS;1950;p99p99.5;98822.102;;0.034499999;0.034499999
;US-MS;1950;p95p100;77408.898;;0.2703;0.2703
;US-MS;1950;p0p90;9853.0;;0.61940002;0.61940002
;US-MS;1950;p0p99;12646.3;;0.87440002;0.87440002
;US-MS;1950;p99.5p100;260723.8;;0.0911;0.0911
;US-MS;1949;p0p100;1036973.1;10072085180.0;1.0;1.0
;US-MS;1949;p99p100;154936.3;;0.1244;0.1244
;US-MS;1949;p99.9p100;445141.41;;0.035700001;0.035700001
;US-MS;1949;p99.99p100;1088821.0;;0.0087000001;0.0087000001
;US-MS;1949;p90p100;49777.602;;0.39950001;0.39950001
;US-MS;1949;p90p95;30021.6;;0.1205;0.1205
;US-MS;1949;p95p99;48208.5;;0.1548;0.1548
;US-MS;1949;p99.5p99.9;165815.09;;0.053199999;0.053199999
;US-MS;1949;p99.9p99.99;373641.81;;0.027000001;0.027000001
;US-MS;1949;p99p99.5;88191.5;;0.035399999;0.035399999
;US-MS;1949;p95p100;69514.203;;0.27900001;0.27900001
;US-MS;1949;p0p90;8310.9004;;0.60039997;0.60039997
;US-MS;1949;p0p99;11019.5;;0.87559998;0.87559998
;US-MS;1949;p99.5p100;221680.5;;0.089000002;0.089000002
;US-MS;1948;p0p100;1151043.4;11465334741.0;1.0;1.0
;US-MS;1948;p99p100;170312.5;;0.1208;0.1208
;US-MS;1948;p99.9p100;529832.5;;0.037599999;0.037599999
;US-MS;1948;p99.99p100;1339738.4;;0.0094999997;0.0094999997
;US-MS;1948;p90p100;50633.398;;0.35910001;0.35910001
;US-MS;1948;p90p95;29305.301;;0.1039;0.1039
;US-MS;1948;p95p99;47376.102;;0.1344;0.1344
;US-MS;1948;p99.5p99.9;178348.41;;0.0506;0.0506
;US-MS;1948;p99.9p99.99;439865.19;;0.028100001;0.028100001
;US-MS;1948;p99p99.5;91980.797;;0.032600001;0.032600001
;US-MS;1948;p95p100;71956.5;;0.25510001;0.25510001
;US-MS;1948;p0p90;10042.4;;0.64090002;0.64090002
;US-MS;1948;p0p99;12523.7;;0.87919998;0.87919998
;US-MS;1948;p99.5p100;248643.91;;0.088200003;0.088200003
;US-MS;1947;p0p100;1175223.6;10134331149.0;1.0;1.0
;US-MS;1947;p99p100;162619.5;;0.1312;0.1312
;US-MS;1947;p99.9p100;482947.81;;0.039000001;0.039000001
;US-MS;1947;p99.99p100;1184169.8;;0.0096000005;0.0096000005
;US-MS;1947;p90p100;48084.602;;0.38789999;0.38789999
;US-MS;1947;p90p95;29224.801;;0.1179;0.1179
;US-MS;1947;p95p99;43027.398;;0.1388;0.1388
;US-MS;1947;p99.5p99.9;171574.59;;0.055399999;0.055399999
;US-MS;1947;p99.9p99.99;405106.59;;0.0294;0.0294
;US-MS;1947;p99p99.5;91390.203;;0.036899999;0.036899999
;US-MS;1947;p95p100;66946.203;;0.27000001;0.27000001
;US-MS;1947;p0p90;8430.4004;;0.61210001;0.61210001
;US-MS;1947;p0p99;10878.5;;0.86879998;0.86879998
;US-MS;1947;p99.5p100;233847.91;;0.094300002;0.094300002
;US-MS;1946;p0p100;1500303.8;9926007664.0;1.0;1.0
;US-MS;1946;p99p100;170860.41;;0.14120001;0.14120001
;US-MS;1946;p99.9p100;512489.31;;0.042399999;0.042399999
;US-MS;1946;p99.99p100;1289159.5;;0.0107;0.0107
;US-MS;1946;p90p100;50106.102;;0.41409999;0.41409999
;US-MS;1946;p90p95;29182.1;;0.1206;0.1206
;US-MS;1946;p95p99;46076.0;;0.1523;0.1523
;US-MS;1946;p99.5p99.9;176904.91;;0.058499999;0.058499999
;US-MS;1946;p99.9p99.99;426222.5;;0.0317;0.0317
;US-MS;1946;p99p99.5;97690.797;;0.040399998;0.040399998
;US-MS;1946;p95p100;71030.797;;0.29350001;0.29350001
;US-MS;1946;p0p90;7877.2998;;0.58590001;0.58590001
;US-MS;1946;p0p99;10496.7;;0.85879999;0.85879999
;US-MS;1946;p99.5p100;244021.3;;0.1008;0.1008
;US-MS;1945;p0p100;2031414.1;11546485813.0;1.0;1.0
;US-MS;1945;p99p100;156090.59;;0.1122;0.1122
;US-MS;1945;p99.9p100;474602.19;;0.0341;0.0341
;US-MS;1945;p99.99p100;1173805.0;;0.0083999997;0.0083999997
;US-MS;1945;p90p100;48846.699;;0.35120001;0.35120001
;US-MS;1945;p90p95;29506.801;;0.1061;0.1061
;US-MS;1945;p95p99;46227.301;;0.1329;0.1329
;US-MS;1945;p99.5p99.9;164134.59;;0.047200002;0.047200002
;US-MS;1945;p99.9p99.99;398964.41;;0.025800001;0.025800001
;US-MS;1945;p99p99.5;85963.797;;0.0309;0.0309
;US-MS;1945;p95p100;68188.203;;0.24510001;0.24510001
;US-MS;1945;p0p90;10023.7;;0.64859998;0.64859998
;US-MS;1945;p0p99;12472.4;;0.88779998;0.88779998
;US-MS;1945;p99.5p100;226211.7;;0.081299998;0.081299998
;US-MS;1944;p0p100;2235555.5;12283274841.0;1.0;1.0
;US-MS;1944;p99p100;147526.91;;0.1008;0.1008
;US-MS;1944;p99.9p100;450512.5;;0.0308;0.0308
;US-MS;1944;p99.99p100;1104879.5;;0.0076000001;0.0076000001
;US-MS;1944;p90p100;42977.199;;0.29370001;0.29370001
;US-MS;1944;p90p95;26332.6;;0.090000004;0.090000004
;US-MS;1944;p95p99;37824.301;;0.1034;0.1034
;US-MS;1944;p99.5p99.9;153331.0;;0.041900001;0.041900001
;US-MS;1944;p99.9p99.99;378260.31;;0.0233;0.0233
;US-MS;1944;p99p99.5;82305.0;;0.028100001;0.028100001
;US-MS;1944;p95p100;59757.801;;0.2042;0.2042
;US-MS;1944;p0p90;11474.4;;0.7058;0.7058
;US-MS;1944;p0p99;13290.0;;0.89920002;0.89920002
;US-MS;1944;p99.5p100;212800.3;;0.072700001;0.072700001
;US-MS;1943;p0p100;2274661.0;12194786332.0;1.0;1.0
;US-MS;1943;p99p100;172257.2;;0.1198;0.1198
;US-MS;1943;p99.9p100;546058.0;;0.037999999;0.037999999
;US-MS;1943;p99.99p100;1273403.4;;0.0088999998;0.0088999998
;US-MS;1943;p90p100;49765.699;;0.34599999;0.34599999
;US-MS;1943;p90p95;29428.4;;0.1023;0.1023
;US-MS;1943;p95p99;44547.5;;0.1239;0.1239
;US-MS;1943;p99.5p99.9;181919.3;;0.0506;0.0506
;US-MS;1943;p99.9p99.99;469283.69;;0.0294;0.0294
;US-MS;1943;p99p99.5;89737.203;;0.031199999;0.031199999
;US-MS;1943;p95p100;70097.898;;0.2437;0.2437
;US-MS;1943;p0p90;10449.7;;0.65380001;0.65380001
;US-MS;1943;p0p99;12789.4;;0.88020003;0.88020003
;US-MS;1943;p99.5p100;254774.59;;0.088600002;0.088600002
;US-MS;1942;p0p100;2107073.0;10105220009.0;1.0;1.0
;US-MS;1942;p99p100;165684.5;;0.1401;0.1401
;US-MS;1942;p99.9p100;567857.13;;0.048;0.048
;US-MS;1942;p99.99p100;1558594.3;;0.0132;0.0132
;US-MS;1942;p90p100;41246.699;;0.3488;0.3488
;US-MS;1942;p90p95;17776.301;;0.075199999;0.075199999
;US-MS;1942;p95p99;39479.301;;0.13349999;0.13349999
;US-MS;1942;p99.5p99.9;169547.2;;0.057300001;0.057300001
;US-MS;1942;p99.9p99.99;457447.31;;0.0348;0.0348
;US-MS;1942;p99p99.5;82137.703;;0.034699999;0.034699999
;US-MS;1942;p95p100;64724.301;;0.2737;0.2737
;US-MS;1942;p0p90;8556.9004;;0.6512;0.6512
;US-MS;1942;p0p99;10271.5;;0.8599;0.8599
;US-MS;1942;p99.5p100;249234.09;;0.1054;0.1054
;US-MS;1941;p0p100;1888797.3;7477028495.0;1.0;1.0
;US-MS;1941;p99p100;150144.2;;0.1734;0.1734
;US-MS;1941;p99.9p100;502709.69;;0.0581;0.0581
;US-MS;1941;p99.99p100;1337845.9;;0.0155;0.0155
;US-MS;1941;p90p100;35912.699;;0.41479999;0.41479999
;US-MS;1941;p90p95;12396.7;;0.071599998;0.071599998
;US-MS;1941;p95p99;36429.801;;0.1683;0.1683
;US-MS;1941;p99.5p99.9;154071.3;;0.071199998;0.071199998
;US-MS;1941;p99.9p99.99;409238.0;;0.0425;0.0425
;US-MS;1941;p99p99.5;76386.297;;0.044100001;0.044100001
;US-MS;1941;p95p100;59186.602;;0.3418;0.3418
;US-MS;1941;p0p90;5644.1001;;0.58679998;0.58679998
;US-MS;1941;p0p99;7227.8999;;0.82660002;0.82660002
;US-MS;1941;p99.5p100;223887.5;;0.1293;0.1293
;US-MS;1940;p0p100;1459010.8;5300457338.0;1.0;1.0
;US-MS;1940;p99p100;108592.9;;0.17900001;0.17900001
;US-MS;1940;p99.9p100;336025.19;;0.055399999;0.055399999
;US-MS;1940;p99.99p100;841625.38;;0.0139;0.0139
;US-MS;1940;p90p100;29796.801;;0.49129999;0.49129999
;US-MS;1940;p90p95;12388.4;;0.1021;0.1021
;US-MS;1940;p95p99;31872.9;;0.2102;0.2102
;US-MS;1940;p99.5p99.9;107592.5;;0.071000002;0.071000002
;US-MS;1940;p99.9p99.99;279312.5;;0.0414;0.0414
;US-MS;1940;p99p99.5;63733.0;;0.052499998;0.052499998
;US-MS;1940;p95p100;47248.301;;0.38949999;0.38949999
;US-MS;1940;p0p90;3429.5;;0.50889999;0.50889999
;US-MS;1940;p0p99;5029.7998;;0.82099998;0.82099998
;US-MS;1940;p99.5p100;153355.5;;0.12639999;0.12639999
;US-MS;1939;p0p100;1443199.3;5074084135.0;1.0;1.0
;US-MS;1939;p99p100;101162.8;;0.1719;0.1719
;US-MS;1939;p99.9p100;304373.41;;0.0517;0.0517
;US-MS;1939;p99.99p100;760143.13;;0.0129;0.0129
;US-MS;1939;p90p100;23536.4;;0.39989999;0.39989999
;US-MS;1939;p90p95;9406.7998;;0.079899997;0.079899997
;US-MS;1939;p95p99;21258.6;;0.1445;0.1445
;US-MS;1939;p99.5p99.9;101098.0;;0.068700001;0.068700001
;US-MS;1939;p99.9p99.99;253513.09;;0.038800001;0.038800001
;US-MS;1939;p99p99.5;60422.602;;0.0513;0.0513
;US-MS;1939;p95p100;37218.5;;0.31619999;0.31619999
;US-MS;1939;p0p90;3949.6001;;0.60390002;0.60390002
;US-MS;1939;p0p99;4923.6001;;0.82810003;0.82810003
;US-MS;1939;p99.5p100;141820.5;;0.1205;0.1205
;US-MS;1938;p0p100;1343543.3;4801949649.0;1.0;1.0
;US-MS;1938;p99p100;89517.703;;0.15880001;0.15880001
;US-MS;1938;p99.9p100;274266.81;;0.048599999;0.048599999
;US-MS;1938;p99.99p100;718431.88;;0.0127;0.0127
;US-MS;1938;p90p100;20963.6;;0.37180001;0.37180001
;US-MS;1938;p90p95;9701.7002;;0.086000003;0.086000003
;US-MS;1938;p95p99;17187.301;;0.1219;0.1219
;US-MS;1938;p99.5p99.9;87065.398;;0.061799999;0.061799999
;US-MS;1938;p99.9p99.99;223863.5;;0.035700001;0.035700001
;US-MS;1938;p99p99.5;54250.102;;0.048099998;0.048099998
;US-MS;1938;p95p100;31623.6;;0.28040001;0.28040001
;US-MS;1938;p0p90;3970.3999;;0.63370001;0.63370001
;US-MS;1938;p0p99;4791.5;;0.84119999;0.84119999
;US-MS;1938;p99.5p100;124649.4;;0.1105;0.1105
;US-MS;1937;p0p100;1409588.0;5169395176.0;1.0;1.0
;US-MS;1937;p99p100;90400.797;;0.1472;0.1472
;US-MS;1937;p99.9p100;297168.19;;0.0484;0.0484
;US-MS;1937;p99.99p100;768585.63;;0.0125;0.0125
;US-MS;1937;p90p100;19398.801;;0.31580001;0.31580001
;US-MS;1937;p90p95;8175.6001;;0.066600002;0.066600002
;US-MS;1937;p95p99;15030.0;;0.097900003;0.097900003
;US-MS;1937;p99.5p99.9;88327.703;;0.057500001;0.057500001
;US-MS;1937;p99.9p99.99;244813.59;;0.0359;0.0359
;US-MS;1937;p99p99.5;50708.199;;0.041299999;0.041299999
;US-MS;1937;p95p100;30108.9;;0.24510001;0.24510001
;US-MS;1937;p0p90;4698.2002;;0.68839997;0.68839997
;US-MS;1937;p0p99;5291.2998;;0.85280001;0.85280001
;US-MS;1937;p99.5p100;130095.4;;0.1059;0.1059
;US-MS;1936;p0p100;1577220.8;5333780780.0;1.0;1.0
;US-MS;1936;p99p100;98039.5;;0.1531;0.1531
;US-MS;1936;p99.9p100;334407.19;;0.052200001;0.052200001
;US-MS;1936;p99.99p100;866055.31;;0.0135;0.0135
;US-MS;1936;p90p100;20346.199;;0.31779999;0.31779999
;US-MS;1936;p90p95;8884.7002;;0.069399998;0.069399998
;US-MS;1936;p95p99;14650.2;;0.091499999;0.091499999
;US-MS;1936;p99.5p99.9;96067.297;;0.059999999;0.059999999
;US-MS;1936;p99.9p99.99;275356.09;;0.038699999;0.038699999
;US-MS;1936;p99p99.5;52348.5;;0.040899999;0.040899999
;US-MS;1936;p95p100;31322.1;;0.2446;0.2446
;US-MS;1936;p0p90;4878.8999;;0.68589997;0.68589997
;US-MS;1936;p0p99;5476.1001;;0.84689999;0.84689999
;US-MS;1936;p99.5p100;143734.2;;0.1123;0.1123
;US-MS;1935;p0p100;1286553.4;4223648870.0;1.0;1.0
;US-MS;1935;p99p100;71524.398;;0.13959999;0.13959999
;US-MS;1935;p99.9p100;228354.2;;0.044599999;0.044599999
;US-MS;1935;p99.99p100;702894.0;;0.0137;0.0137
;US-MS;1935;p90p100;16824.9;;0.3285;0.3285
;US-MS;1935;p90p95;9326.7002;;0.090999998;0.090999998
;US-MS;1935;p95p99;12500.9;;0.097599998;0.097599998
;US-MS;1935;p99.5p99.9;69710.898;;0.054400001;0.054400001
;US-MS;1935;p99.9p99.99;175633.8;;0.0309;0.0309
;US-MS;1935;p99p99.5;41617.801;;0.040600002;0.040600002
;US-MS;1935;p95p100;24358.199;;0.2378;0.2378
;US-MS;1935;p0p90;3822.3;;0.6717;0.6717
;US-MS;1935;p0p99;4451.0;;0.86040002;0.86040002
;US-MS;1935;p99.5p100;101436.6;;0.098999999;0.098999999
;US-MS;1934;p0p100;1310334.4;4050636668.0;1.0;1.0
;US-MS;1934;p99p100;66473.203;;0.1339;0.1339
;US-MS;1934;p99.9p100;196149.0;;0.039500002;0.039500002
;US-MS;1934;p99.99p100;463274.5;;0.0093;0.0093
;US-MS;1934;p90p100;16422.1;;0.33070001;0.33070001
;US-MS;1934;p90p95;9171.0996;;0.092299998;0.092299998
;US-MS;1934;p95p99;12948.3;;0.1043;0.1043
;US-MS;1934;p99.5p99.9;68522.797;;0.055199999;0.055199999
;US-MS;1934;p99.9p99.99;166487.09;;0.030200001;0.030200001
;US-MS;1934;p99p99.5;38896.0;;0.0392;0.0392
;US-MS;1934;p95p100;23853.0;;0.2402;0.2402
;US-MS;1934;p0p90;3693.8;;0.66949999;0.66949999
;US-MS;1934;p0p99;4344.3999;;0.86610001;0.86610001
;US-MS;1934;p99.5p100;94043.0;;0.094700001;0.094700001
;US-MS;1933;p0p100;1104057.5;3162715366.0;1.0;1.0
;US-MS;1933;p99p100;53523.5;;0.1366;0.1366
;US-MS;1933;p99.9p100;148739.59;;0.037999999;0.037999999
;US-MS;1933;p99.99p100;409071.91;;0.0104;0.0104
;US-MS;1933;p90p100;14598.4;;0.37270001;0.37270001
;US-MS;1933;p90p95;9714.2998;;0.124;0.124
;US-MS;1933;p95p99;11757.0;;0.1201;0.1201
;US-MS;1933;p99.5p99.9;56659.398;;0.0579;0.0579
;US-MS;1933;p99.9p99.99;119813.8;;0.0275;0.0275
;US-MS;1933;p99p99.5;31971.6;;0.040800001;0.040800001
;US-MS;1933;p95p100;20169.301;;0.25749999;0.25749999
;US-MS;1933;p0p90;2695.3999;;0.61930001;0.61930001
;US-MS;1933;p0p99;3416.0;;0.86339998;0.86339998
;US-MS;1933;p99.5p100;75075.5;;0.095799997;0.095799997
;US-MS;1932;p0p100;906770.63;2858226844.0;1.0;1.0
;US-MS;1932;p99p100;47482.301;;0.1328;0.1328
;US-MS;1932;p99.9p100;117089.7;;0.0328;0.0328
;US-MS;1932;p99.99p100;282643.91;;0.0078999996;0.0078999996
;US-MS;1932;p90p100;14290.1;;0.39969999;0.39969999
;US-MS;1932;p90p95;10685.7;;0.1495;0.1495
;US-MS;1932;p95p99;11650.4;;0.1304;0.1304
;US-MS;1932;p99.5p99.9;52543.102;;0.058800001;0.058800001
;US-MS;1932;p99.9p99.99;98694.703;;0.024800001;0.024800001
;US-MS;1932;p99p99.5;29512.199;;0.041299999;0.041299999
;US-MS;1932;p95p100;18865.4;;0.26390001;0.26390001
;US-MS;1932;p0p90;2333.0;;0.58740002;0.58740002
;US-MS;1932;p0p99;3131.3;;0.86720002;0.86720002
;US-MS;1932;p99.5p100;65452.398;;0.091499999;0.091499999
;US-MS;1931;p0p100;905374.19;3511064745.0;1.0;1.0
;US-MS;1931;p99p100;54923.602;;0.1238;0.1238
;US-MS;1931;p99.9p100;145174.09;;0.032699998;0.032699998
;US-MS;1931;p99.99p100;350367.19;;0.0078999996;0.0078999996
;US-MS;1931;p90p100;14341.9;;0.3233;0.3233
;US-MS;1931;p90p95;10982.5;;0.1238;0.1238
;US-MS;1931;p95p99;9914.2002;;0.089400001;0.089400001
;US-MS;1931;p99.5p99.9;60599.602;;0.0546;0.0546
;US-MS;1931;p99.9p99.99;122374.9;;0.024800001;0.024800001
;US-MS;1931;p99p99.5;32332.699;;0.036400001;0.036400001
;US-MS;1931;p95p100;19107.199;;0.21529999;0.21529999
;US-MS;1931;p0p90;3268.7;;0.6631;0.6631
;US-MS;1931;p0p99;3926.8;;0.87620002;0.87620002
;US-MS;1931;p99.5p100;77514.5;;0.087399997;0.087399997
;US-MS;1930;p0p100;851033.88;3922121022.0;1.0;1.0
;US-MS;1930;p99p100;67394.5;;0.1344;0.1344
;US-MS;1930;p99.9p100;194989.41;;0.038899999;0.038899999
;US-MS;1930;p99.99p100;526386.5;;0.0105;0.0105
;US-MS;1930;p90p100;15407.4;;0.3073;0.3073
;US-MS;1930;p90p95;9104.5;;0.090800002;0.090800002
;US-MS;1930;p95p99;10658.1;;0.085000001;0.085000001
;US-MS;1930;p99.5p99.9;67738.297;;0.054000001;0.054000001
;US-MS;1930;p99.9p99.99;158167.5;;0.0284;0.0284
;US-MS;1930;p99p99.5;41600.5;;0.041499998;0.041499998
;US-MS;1930;p95p100;22126.801;;0.22059999;0.22059999
;US-MS;1930;p0p90;3842.8999;;0.68980002;0.68980002
;US-MS;1930;p0p99;4384.0;;0.86559999;0.86559999
;US-MS;1930;p99.5p100;93188.5;;0.092900001;0.092900001
;US-MS;1929;p0p100;1159305.3;5579248164.0;1.0;1.0
;US-MS;1929;p99p100;91370.898;;0.12710001;0.12710001
;US-MS;1929;p99.9p100;282099.0;;0.0392;0.0392
;US-MS;1929;p99.99p100;753385.19;;0.0105;0.0105
;US-MS;1929;p90p100;19017.0;;0.26449999;0.26449999
;US-MS;1929;p90p95;8813.2002;;0.061299998;0.061299998
;US-MS;1929;p95p99;13941.3;;0.077600002;0.077600002
;US-MS;1929;p99.5p99.9;89913.797;;0.050000001;0.050000001
;US-MS;1929;p99.9p99.99;229734.0;;0.0288;0.0288
;US-MS;1929;p99p99.5;54390.898;;0.037799999;0.037799999
;US-MS;1929;p95p100;29435.0;;0.20469999;0.20469999
;US-MS;1929;p0p90;5864.6001;;0.73409998;0.73409998
;US-MS;1929;p0p99;6339.8999;;0.87290001;0.87290001
;US-MS;1929;p99.5p100;128350.8;;0.089299999;0.089299999
;US-MS;1928;p0p100;1116087.0;5329340628.0;1.0;1.0
;US-MS;1928;p99p100;92431.797;;0.13349999;0.13349999
;US-MS;1928;p99.9p100;293907.91;;0.0425;0.0425
;US-MS;1928;p99.99p100;845953.81;;0.0122;0.0122
;US-MS;1928;p90p100;19314.301;;0.27900001;0.27900001
;US-MS;1928;p90p95;8903.4004;;0.064300001;0.064300001
;US-MS;1928;p95p99;14318.9;;0.082699999;0.082699999
;US-MS;1928;p99.5p99.9;89617.797;;0.051800001;0.051800001
;US-MS;1928;p99.9p99.99;232569.59;;0.030200001;0.030200001
;US-MS;1928;p99p99.5;54387.898;;0.039299998;0.039299998
;US-MS;1928;p95p100;29938.301;;0.2163;0.2163
;US-MS;1928;p0p90;5533.2002;;0.71939999;0.71939999
;US-MS;1928;p0p99;6058.3999;;0.86650002;0.86650002
;US-MS;1928;p99.5p100;130475.8;;0.0942;0.0942
;US-MS;1927;p0p100;1026932.7;4988905862.0;1.0;1.0
;US-MS;1927;p99p100;90836.602;;0.1388;0.1388
;US-MS;1927;p99.9p100;291029.59;;0.044500001;0.044500001
;US-MS;1927;p99.99p100;831022.88;;0.0127;0.0127
;US-MS;1927;p90p100;19563.4;;0.29890001;0.29890001
;US-MS;1927;p90p95;9157.5996;;0.07;0.07
;US-MS;1927;p95p99;14705.3;;0.089900002;0.089900002
;US-MS;1927;p99.5p99.9;88889.203;;0.054299999;0.054299999
;US-MS;1927;p99.9p99.99;231030.3;;0.031800002;0.031800002
;US-MS;1927;p99p99.5;52355.801;;0.039999999;0.039999999
;US-MS;1927;p95p100;29950.199;;0.2288;0.2288
;US-MS;1927;p0p90;5099.7002;;0.70130002;0.70130002
;US-MS;1927;p0p99;5692.7002;;0.86119998;0.86119998
;US-MS;1927;p99.5p100;129317.3;;0.098800004;0.098800004
;US-MS;1926;p0p100;963866.19;4808639011.0;1.0;1.0
;US-MS;1926;p99p100;88181.5;;0.1382;0.1382
;US-MS;1926;p99.9p100;267240.91;;0.041900001;0.041900001
;US-MS;1926;p99.99p100;707876.13;;0.0111;0.0111
;US-MS;1926;p90p100;19346.6;;0.30320001;0.30320001
;US-MS;1926;p90p95;8886.7002;;0.069600001;0.069600001
;US-MS;1926;p95p99;14938.1;;0.093599997;0.093599997
;US-MS;1926;p99.5p99.9;86709.602;;0.054400001;0.054400001
;US-MS;1926;p99.9p99.99;218281.41;;0.0308;0.0308
;US-MS;1926;p99p99.5;53547.199;;0.041999999;0.041999999
;US-MS;1926;p95p100;29605.6;;0.23199999;0.23199999
;US-MS;1926;p0p90;4952.3999;;0.69849998;0.69849998
;US-MS;1926;p0p99;5554.5;;0.86180001;0.86180001
;US-MS;1926;p99.5p100;122815.9;;0.096199997;0.096199997
;US-MS;1925;p0p100;968767.5;4689447635.0;1.0;1.0
;US-MS;1925;p99p100;103161.6;;0.1639;0.1639
;US-MS;1925;p99.9p100;327656.41;;0.052099999;0.052099999
;US-MS;1925;p99.99p100;823908.63;;0.0131;0.0131
;US-MS;1925;p90p100;21358.801;;0.33939999;0.33939999
;US-MS;1925;p90p95;8561.2998;;0.068000004;0.068000004
;US-MS;1925;p95p99;15953.4;;0.1014;0.1014
;US-MS;1925;p99.5p99.9;101299.2;;0.064400002;0.064400002
;US-MS;1925;p99.9p99.99;272517.19;;0.039000001;0.039000001
;US-MS;1925;p99p99.5;59752.602;;0.047499999;0.047499999
;US-MS;1925;p95p100;33435.602;;0.26570001;0.26570001
;US-MS;1925;p0p90;4661.1001;;0.66659999;0.66659999
;US-MS;1925;p0p99;5314.2998;;0.83609998;0.83609998
;US-MS;1925;p99.5p100;146570.59;;0.1165;0.1165
;US-MS;1924;p0p100;963647.31;4379952172.0;1.0;1.0
;US-MS;1924;p99p100;88573.297;;0.1488;0.1488
;US-MS;1924;p99.9p100;297269.31;;0.049899999;0.049899999
;US-MS;1924;p99.99p100;1011061.3;;0.017000001;0.017000001
;US-MS;1924;p90p100;22047.5;;0.37029999;0.37029999
;US-MS;1924;p90p95;8793.2002;;0.073899999;0.073899999
;US-MS;1924;p95p99;21622.199;;0.1453;0.1453
;US-MS;1924;p99.5p99.9;81170.5;;0.054499999;0.054499999
;US-MS;1924;p99.9p99.99;217959.09;;0.032900002;0.032900002
;US-MS;1924;p99p99.5;52756.301;;0.044300001;0.044300001
;US-MS;1924;p95p100;35012.398;;0.29409999;0.29409999
;US-MS;1924;p0p90;4181.2002;;0.63209999;0.63209999
;US-MS;1924;p0p99;5118.8999;;0.85119998;0.85119998
;US-MS;1924;p99.5p100;124390.2;;0.1045;0.1045
;US-MS;1923;p0p100;960582.19;4275254296.0;1.0;1.0
;US-MS;1923;p99p100;89481.5;;0.1514;0.1514
;US-MS;1923;p99.9p100;308946.09;;0.052299999;0.052299999
;US-MS;1923;p99.99p100;992880.81;;0.016799999;0.016799999
;US-MS;1923;p90p100;22232.5;;0.3761;0.3761
;US-MS;1923;p90p95;8732.5996;;0.073899999;0.073899999
;US-MS;1923;p95p99;22083.199;;0.1494;0.1494
;US-MS;1923;p99.5p99.9;81077.297;;0.054900002;0.054900002
;US-MS;1923;p99.9p99.99;232953.59;;0.035500001;0.035500001
;US-MS;1923;p99p99.5;52312.0;;0.044199999;0.044199999
;US-MS;1923;p95p100;35562.898;;0.3008;0.3008
;US-MS;1923;p0p90;4107.2998;;0.62529999;0.62529999
;US-MS;1923;p0p99;5067.2002;;0.84859997;0.84859997
;US-MS;1923;p99.5p100;126651.0;;0.1071;0.1071
;US-MS;1922;p0p100;894248.13;3783237975.0;1.0;1.0
;US-MS;1922;p99p100;86853.203;;0.1635;0.1635
;US-MS;1922;p99.9p100;288107.69;;0.054200001;0.054200001
;US-MS;1922;p99.99p100;869512.38;;0.0164;0.0164
;US-MS;1922;p90p100;21937.1;;0.4131;0.4131
;US-MS;1922;p90p95;8905.9004;;0.083800003;0.083800003
;US-MS;1922;p95p99;21793.199;;0.16410001;0.16410001
;US-MS;1922;p99.5p99.9;80992.297;;0.061000001;0.061000001
;US-MS;1922;p99.9p99.99;223507.09;;0.037900001;0.037900001
;US-MS;1922;p99p99.5;51291.102;;0.048300002;0.048300002
;US-MS;1922;p95p100;34805.199;;0.32769999;0.32769999
;US-MS;1922;p0p90;3472.7;;0.58850002;0.58850002
;US-MS;1922;p0p99;4487.2998;;0.83649999;0.83649999
;US-MS;1922;p99.5p100;122415.4;;0.1152;0.1152
;US-MS;1921;p0p100;674271.38;3213329627.0;1.0;1.0
;US-MS;1921;p99p100;64293.801;;0.1408;0.1408
;US-MS;1921;p99.9p100;183278.91;;0.040100001;0.040100001
;US-MS;1921;p99.99p100;501196.81;;0.011;0.011
;US-MS;1921;p90p100;17483.1;;0.38299999;0.38299999
;US-MS;1921;p90p95;7906.2998;;0.086599998;0.086599998
;US-MS;1921;p95p99;17598.4;;0.1542;0.1542
;US-MS;1921;p99.5p99.9;62429.0;;0.054699998;0.054699998
;US-MS;1921;p99.9p99.99;147954.7;;0.029200001;0.029200001
;US-MS;1921;p99p99.5;41988.602;;0.046;0.046
;US-MS;1921;p95p100;26937.5;;0.29499999;0.29499999
;US-MS;1921;p0p90;3136.8;;0.61839998;0.61839998
;US-MS;1921;p0p99;3962.0;;0.8592;0.8592
;US-MS;1921;p99.5p100;86598.898;;0.094800003;0.094800003
;US-MS;1920;p0p100;620878.81;3643046926.0;1.0;1.0
;US-MS;1920;p99p100;73174.0;;0.1389;0.1389
;US-MS;1920;p99.9p100;241021.0;;0.0458;0.0458
;US-MS;1920;p99.99p100;707535.88;;0.0134;0.0134
;US-MS;1920;p90p100;19318.4;;0.36669999;0.36669999
;US-MS;1920;p90p95;8018.3999;;0.076099999;0.076099999
;US-MS;1920;p95p99;19810.801;;0.1504;0.1504
;US-MS;1920;p99.5p99.9;68605.297;;0.052099999;0.052099999
;US-MS;1920;p99.9p99.99;189186.0;;0.032299999;0.032299999
;US-MS;1920;p99p99.5;43259.699;;0.041099999;0.041099999
;US-MS;1920;p95p100;30483.5;;0.28929999;0.28929999
;US-MS;1920;p0p90;3713.8999;;0.63450003;0.63450003
;US-MS;1920;p0p99;4581.7002;;0.86110002;0.86110002
;US-MS;1920;p99.5p100;103088.4;;0.097900003;0.097900003
;US-MS;1919;p0p100;1299421.0;5645417665.0;1.0;1.0
;US-MS;1919;p99p100;127113.2;;0.1547;0.1547
;US-MS;1919;p99.9p100;446276.59;;0.054299999;0.054299999
;US-MS;1919;p99.99p100;1207542.8;;0.0147;0.0147
;US-MS;1919;p90p100;26053.0;;0.31709999;0.31709999
;US-MS;1919;p90p95;7983.5;;0.048599999;0.048599999
;US-MS;1919;p95p99;22870.0;;0.1113;0.1113
;US-MS;1919;p99.5p99.9;123225.3;;0.059999999;0.059999999
;US-MS;1919;p99.9p99.99;362182.09;;0.039700001;0.039700001
;US-MS;1919;p99p99.5;66222.797;;0.0403;0.0403
;US-MS;1919;p95p100;43718.602;;0.266;0.266
;US-MS;1919;p0p90;6258.2002;;0.68540001;0.68540001
;US-MS;1919;p0p99;7016.1001;;0.84530002;0.84530002
;US-MS;1919;p99.5p100;188003.59;;0.1144;0.1144
;US-MS;1918;p0p100;1688115.9;5555235111.0;1.0;1.0
;US-MS;1918;p99p100;105069.0;;0.12980001;0.12980001
;US-MS;1918;p99.9p100;333859.81;;0.041299999;0.041299999
;US-MS;1918;p99.99p100;893210.13;;0.011;0.011
;US-MS;1918;p90p100;23189.9;;0.28659999;0.28659999
;US-MS;1918;p90p95;8862.5;;0.0548;0.0548
;US-MS;1918;p95p99;20051.699;;0.099100001;0.099100001
;US-MS;1918;p99.5p99.9;100902.2;;0.049899999;0.049899999
;US-MS;1918;p99.9p99.99;271715.5;;0.030200001;0.030200001
;US-MS;1918;p99p99.5;62645.5;;0.038699999;0.038699999
;US-MS;1918;p95p100;37055.199;;0.229;0.229
;US-MS;1918;p0p90;6440.2002;;0.71630001;0.71630001
;US-MS;1918;p0p99;7112.6001;;0.87019998;0.87019998
;US-MS;1918;p99.5p100;147493.0;;0.0911;0.0911
;US-MS;1917;p0p100;2423996.0;5854502005.0;1.0;1.0
;US-MS;1917;p99p100;114419.0;;0.1358;0.1358
;US-MS;1917;p99.9p100;437551.0;;0.051899999;0.051899999
;US-MS;1917;p99.99p100;1306541.9;;0.0155;0.0155
;US-MS;1917;p90p100;23963.301;;0.2845;0.2845
;US-MS;1917;p90p95;9984.7998;;0.059300002;0.059300002
