Variable Name;.;.;.;Fiscal income  | tax unit | Average | Adults | constant 2015 local currency;Fiscal income  | tax unit | Total | Adults | constant 2015 local currency;Fiscal income  | tax unit | Share | Adults | share of total (ratio);Pre-tax national income  | tax unit | Share | Adults | share of total (ratio)
Variable Category;.;.;.;Income inequality;Income inequality;Income inequality;Income inequality
Variable Description;.;.;.;Average Fiscal income within a given percentile group. Fiscal income is defined as the sum of all income items reported on income tax returns, before any deduction. It includes labour income, capital income and mixed income. The concept of fiscal income varies with national tax legislations, so in order to make international comparisons it is preferable to use the concept of national income. The population is comprised of individuals over age 20. The base unit is the tax unit defined by national fiscal administrations to measure personal income taxes.;Total Fiscal income  within a given percentile group. Fiscal income is defined as the sum of all income items reported on income tax returns, before any deduction. It includes labour income, capital income and mixed income. The concept of fiscal income varies with national tax legislations, so in order to make international comparisons it is preferable to use the concept of national income. The population is comprised of individuals over age 20.;Fiscal income share held by a given percentile group. Fiscal income is defined as the sum of all income items reported on income tax returns, before any deduction. It includes labour income, capital income and mixed income. The concept of fiscal income varies with national tax legislations, so in order to make international comparisons it is preferable to use the concept of national income. The population is comprised of individuals over age 20. The base unit is the tax unit defined by national fiscal administrations to measure personal income taxes.;Pre-tax national income share held by a given percentile group. Pre-tax national income  is the sum of all pre-tax personal income flows accruing to the owners of the production factors, labor and capital, before taking into account the operation of the tax/transfer system, but after taking into account the operation of pension system. The central difference between personal factor income and pre-tax income is the treatment of pensions, which are counted on a contribution basis by factor income and on a distribution basis by pre-tax income. The population is comprised of individuals over age 20. The base unit is the tax unit defined by national fiscal administrations to measure personal income taxes.
Variable Decomposition;.;.;.;[Fiscal income ]=[Fiscal labour income ]+[Fiscal capital income ];[Fiscal income ]=[Fiscal labour income ]+[Fiscal capital income ];[Fiscal income ]=[Fiscal labour income ]+[Fiscal capital income ];Pre-tax national income =Pre-tax labor income [total pre-tax income ranking]+Pre-tax capital income [total pre-tax income ranking]
Variable Unit;.;.;.;"USD; United States dollar | local currency | market";"USD; United States dollar | local currency | market";share;share
Methodological Notes;.;.;.;;;;Assuming the same distribution as fiscal income.
Sources;.;.;.;Frank, Sommeiller, Price & Saez (2015);Frank, Sommeiller, Price & Saez (2015);Frank, Sommeiller, Price & Saez (2015);WID.world computations using: Frank, Sommeiller, Price & Saez (2015)
Variable Code;country;year;perc;afiinc992t;mfiinc992t;sfiinc992t;sptinc992t
;US-CO;2015;p0p100;77069.203;2.05582278316e+11;1.0;1.0
;US-CO;2015;p99p100;1394786.4;;0.18099999;0.18099999
;US-CO;2015;p99.9p100;6224377.0;;0.080799997;0.080799997
;US-CO;2015;p99.99p100;26223268.0;;0.034000002;0.034000002
;US-CO;2015;p90p100;346024.5;;0.449;0.449
;US-CO;2015;p90p95;171684.3;;0.1114;0.1114
;US-CO;2015;p95p99;301038.59;;0.15620001;0.15620001
;US-CO;2015;p99.5p99.9;1168159.4;;0.060600001;0.060600001
;US-CO;2015;p99.9p99.99;4044170.8;;0.047200002;0.047200002
;US-CO;2015;p99p99.5;608542.19;;0.039500002;0.039500002
;US-CO;2015;p95p100;520106.59;;0.33739999;0.33739999
;US-CO;2015;p0p90;47184.398;;0.551;0.551
;US-CO;2015;p0p99;63758.898;;0.81900001;0.81900001
;US-CO;2015;p99.5p100;2179551.0;;0.14139999;0.14139999
;US-CO;2014;p0p100;73931.602;1.96745425696e+11;1.0;1.0
;US-CO;2014;p99p100;1332083.5;;0.1806;0.1806
;US-CO;2014;p99.9p100;6000252.5;;0.0814;0.0814
;US-CO;2014;p99.99p100;26495504.0;;0.0359;0.0359
;US-CO;2014;p90p100;330168.0;;0.44760001;0.44760001
;US-CO;2014;p90p95;163591.59;;0.1109;0.1109
;US-CO;2014;p95p99;287896.59;;0.1561;0.1561
;US-CO;2014;p99.5p99.9;1104974.4;;0.059900001;0.059900001
;US-CO;2014;p99.9p99.99;3741477.3;;0.045699999;0.045699999
;US-CO;2014;p99p99.5;580979.19;;0.0394;0.0394
;US-CO;2014;p95p100;496681.5;;0.33669999;0.33669999
;US-CO;2014;p0p90;45243.602;;0.5521;0.5521
;US-CO;2014;p0p99;61046.0;;0.81940001;0.81940001
;US-CO;2014;p99.5p100;2083136.8;;0.14120001;0.14120001
;US-CO;2013;p0p100;72646.203;1.82237916782e+11;1.0;1.0
;US-CO;2013;p99p100;1157715.6;;0.16500001;0.16500001
;US-CO;2013;p99.9p100;5042769.0;;0.071900003;0.071900003
;US-CO;2013;p99.99p100;22066328.0;;0.031399999;0.031399999
;US-CO;2013;p90p100;301762.5;;0.43000001;0.43000001
;US-CO;2013;p90p95;155041.8;;0.1105;0.1105
;US-CO;2013;p95p99;271003.91;;0.15449999;0.15449999
;US-CO;2013;p99.5p99.9;970717.38;;0.055300001;0.055300001
;US-CO;2013;p99.9p99.99;3156416.3;;0.0405;0.0405
;US-CO;2013;p99p99.5;530514.0;;0.037799999;0.037799999
;US-CO;2013;p95p100;448402.81;;0.3195;0.3195
;US-CO;2013;p0p90;44448.5;;0.56999999;0.56999999
;US-CO;2013;p0p99;59193.5;;0.83499998;0.83499998
;US-CO;2013;p99.5p100;1785240.0;;0.12720001;0.12720001
;US-CO;2012;p0p100;72457.0;1.76927997282e+11;1.0;1.0
;US-CO;2012;p99p100;1475017.4;;0.21690001;0.21690001
;US-CO;2012;p99.9p100;7577287.5;;0.1114;0.1114
;US-CO;2012;p99.99p100;37930956.0;;0.055799998;0.055799998
;US-CO;2012;p90p100;336539.19;;0.495;0.495
;US-CO;2012;p90p95;160423.8;;0.118;0.118
;US-CO;2012;p95p99;271973.09;;0.16;0.16
;US-CO;2012;p99.5p99.9;1097488.8;;0.064599998;0.064599998
;US-CO;2012;p99.9p99.99;4201188.5;;0.055599999;0.055599999
;US-CO;2012;p99p99.5;556576.38;;0.040899999;0.040899999
;US-CO;2012;p95p100;512556.41;;0.37689999;0.37689999
;US-CO;2012;p0p90;38158.301;;0.50510001;0.50510001
;US-CO;2012;p0p99;53777.199;;0.78310001;0.78310001
;US-CO;2012;p99.5p100;2393484.0;;0.176;0.176
;US-CO;2011;p0p100;70086.5;1.63033636867e+11;1.0;1.0
;US-CO;2011;p99p100;1226473.6;;0.1943;0.1943
;US-CO;2011;p99.9p100;6036517.0;;0.095600002;0.095600002
;US-CO;2011;p99.99p100;29739768.0;;0.0471;0.0471
;US-CO;2011;p90p100;303527.09;;0.4808;0.4808
;US-CO;2011;p90p95;155945.41;;0.1235;0.1235
;US-CO;2011;p95p99;257209.3;;0.163;0.163
;US-CO;2011;p99.5p99.9;935703.81;;0.059300002;0.059300002
;US-CO;2011;p99.9p99.99;3394926.8;;0.0484;0.0484
;US-CO;2011;p99p99.5;497341.69;;0.0394;0.0394
;US-CO;2011;p95p100;451056.81;;0.35730001;0.35730001
;US-CO;2011;p0p90;36423.199;;0.51929998;0.51929998
;US-CO;2011;p0p99;51374.5;;0.8057;0.8057
;US-CO;2011;p99.5p100;1955473.3;;0.1549;0.1549
;US-CO;2010;p0p100;72691.797;1.56394392247e+11;1.0;1.0
;US-CO;2010;p99p100;1149531.9;;0.1868;0.1868
;US-CO;2010;p99.9p100;5560019.0;;0.090400003;0.090400003
;US-CO;2010;p99.99p100;27695028.0;;0.045000002;0.045000002
;US-CO;2010;p90p100;292160.5;;0.47490001;0.47490001
;US-CO;2010;p90p95;153618.2;;0.1248;0.1248
;US-CO;2010;p95p99;250717.41;;0.163;0.163
;US-CO;2010;p99.5p99.9;887687.38;;0.057700001;0.057700001
;US-CO;2010;p99.9p99.99;3100723.8;;0.045400001;0.045400001
;US-CO;2010;p99p99.5;477077.41;;0.038800001;0.038800001
;US-CO;2010;p95p100;430454.81;;0.34979999;0.34979999
;US-CO;2010;p0p90;35911.898;;0.52530003;0.52530003
;US-CO;2010;p0p99;50536.602;;0.8132;0.8132
;US-CO;2010;p99.5p100;1822149.9;;0.1481;0.1481
;US-CO;2009;p0p100;75398.602;1.53608764574e+11;1.0;1.0
;US-CO;2009;p99p100;997387.31;;0.16150001;0.16150001
;US-CO;2009;p99.9p100;4236717.0;;0.068599999;0.068599999
;US-CO;2009;p99.99p100;18454082.0;;0.029899999;0.029899999
;US-CO;2009;p90p100;274495.59;;0.44440001;0.44440001
;US-CO;2009;p90p95;152925.09;;0.1238;0.1238
;US-CO;2009;p95p99;245053.09;;0.1587;0.1587
;US-CO;2009;p99.5p99.9;832648.69;;0.0539;0.0539
;US-CO;2009;p99.9p99.99;2617154.0;;0.0381;0.0381
;US-CO;2009;p99p99.5;467277.31;;0.037799999;0.037799999
;US-CO;2009;p95p100;395737.91;;0.32030001;0.32030001
;US-CO;2009;p0p90;38286.898;;0.55779999;0.55779999
;US-CO;2009;p0p99;52323.801;;0.83850002;0.83850002
;US-CO;2009;p99.5p100;1523312.4;;0.1233;0.1233
;US-CO;2008;p0p100;84733.398;1.7139587932e+11;1.0;1.0
;US-CO;2008;p99p100;1296934.3;;0.1855;0.1855
;US-CO;2008;p99.9p100;5990454.0;;0.085699998;0.085699998
;US-CO;2008;p99.99p100;26974238.0;;0.038600001;0.038600001
;US-CO;2008;p90p100;318326.5;;0.4553;0.4553
;US-CO;2008;p90p95;160587.0;;0.1148;0.1148
;US-CO;2008;p95p99;268957.81;;0.1539;0.1539
;US-CO;2008;p99.5p99.9;1038954.2;;0.0594;0.0594
;US-CO;2008;p99.9p99.99;3612927.8;;0.046500001;0.046500001
;US-CO;2008;p99p99.5;542396.19;;0.038800001;0.038800001
;US-CO;2008;p95p100;475684.0;;0.34020001;0.34020001
;US-CO;2008;p0p90;42571.699;;0.54799998;0.54799998
;US-CO;2008;p0p99;57525.0;;0.81449997;0.81449997
;US-CO;2008;p99.5p100;2043785.1;;0.1462;0.1462
;US-CO;2007;p0p100;102502.3;1.84981354948e+11;1.0;1.0
;US-CO;2007;p99p100;1676385.9;;0.2137;0.2137
;US-CO;2007;p99.9p100;8252068.0;;0.1052;0.1052
;US-CO;2007;p99.99p100;38245572.0;;0.048799999;0.048799999
;US-CO;2007;p90p100;371917.0;;0.47409999;0.47409999
;US-CO;2007;p90p95;168717.91;;0.1075;0.1075
;US-CO;2007;p95p99;297743.09;;0.15180001;0.15180001
;US-CO;2007;p99.5p99.9;1302569.5;;0.066399999;0.066399999
;US-CO;2007;p99.9p99.99;4889336.0;;0.0561;0.0561
;US-CO;2007;p99p99.5;637769.38;;0.0407;0.0407
;US-CO;2007;p95p100;574913.5;;0.36649999;0.36649999
;US-CO;2007;p0p90;46080.398;;0.52869999;0.52869999
;US-CO;2007;p0p99;62301.199;;0.7863;0.7863
;US-CO;2007;p99.5p100;2706535.0;;0.1725;0.1725
;US-CO;2006;p0p100;104914.2;1.74316930879e+11;1.0;1.0
;US-CO;2006;p99p100;1639644.3;;0.21600001;0.21600001
;US-CO;2006;p99.9p100;8074927.0;;0.1064;0.1064
;US-CO;2006;p99.99p100;36904212.0;;0.048599999;0.048599999
;US-CO;2006;p90p100;361527.0;;0.47620001;0.47620001
;US-CO;2006;p90p95;164112.2;;0.1081;0.1081
;US-CO;2006;p95p99;288186.0;;0.15180001;0.15180001
;US-CO;2006;p99.5p99.9;1287186.5;;0.0678;0.0678
;US-CO;2006;p99.9p99.99;4866252.0;;0.057700001;0.057700001
;US-CO;2006;p99p99.5;625626.63;;0.041200001;0.041200001
;US-CO;2006;p95p100;558981.19;;0.36809999;0.36809999
;US-CO;2006;p0p90;44265.898;;0.5248;0.5248
;US-CO;2006;p0p99;60124.102;;0.78399998;0.78399998
;US-CO;2006;p99.5p100;2650222.0;;0.1745;0.1745
;US-CO;2005;p0p100;108187.2;1.66162276524e+11;1.0;1.0
;US-CO;2005;p99p100;1450899.5;;0.19769999;0.19769999
;US-CO;2005;p99.9p100;6957747.0;;0.094800003;0.094800003
;US-CO;2005;p99.99p100;31080512.0;;0.042300001;0.042300001
;US-CO;2005;p90p100;332467.09;;0.45300001;0.45300001
;US-CO;2005;p90p95;157230.91;;0.1071;0.1071
;US-CO;2005;p95p99;271048.41;;0.1477;0.1477
;US-CO;2005;p99.5p99.9;1154745.5;;0.062899999;0.062899999
;US-CO;2005;p99.9p99.99;4271602.0;;0.0524;0.0524
;US-CO;2005;p99p99.5;576101.31;;0.0392;0.0392
;US-CO;2005;p95p100;507420.41;;0.3457;0.3457
;US-CO;2005;p0p90;44711.699;;0.54830003;0.54830003
;US-CO;2005;p0p99;59481.801;;0.80229998;0.80229998
;US-CO;2005;p99.5p100;2321923.0;;0.1582;0.1582
;US-CO;2004;p0p100;105853.1;1.54315968039e+11;1.0;1.0
;US-CO;2004;p99p100;1236819.3;;0.184;0.184
;US-CO;2004;p99.9p100;5737839.0;;0.085299999;0.085299999
;US-CO;2004;p99.99p100;25484266.0;;0.037900001;0.037900001
;US-CO;2004;p90p100;299962.91;;0.44620001;0.44620001
;US-CO;2004;p90p95;151881.41;;0.113;0.113
;US-CO;2004;p95p99;250239.59;;0.1489;0.1489
;US-CO;2004;p99.5p99.9;1000702.2;;0.059500001;0.059500001
;US-CO;2004;p99.9p99.99;3535583.3;;0.0473;0.0473
;US-CO;2004;p99p99.5;519429.41;;0.038600001;0.038600001
;US-CO;2004;p95p100;447680.0;;0.333;0.333
;US-CO;2004;p0p90;41439.0;;0.55470002;0.55470002
;US-CO;2004;p0p99;55415.102;;0.81599998;0.81599998
;US-CO;2004;p99.5p100;1952248.1;;0.1452;0.1452
;US-CO;2003;p0p100;112558.4;1.48643363192e+11;1.0;1.0
;US-CO;2003;p99p100;1050334.0;;0.155;0.155
;US-CO;2003;p99.9p100;4512422.0;;0.066600002;0.066600002
;US-CO;2003;p99.99p100;19172566.0;;0.0283;0.0283
;US-CO;2003;p90p100;277591.09;;0.40959999;0.40959999
;US-CO;2003;p90p95;156679.2;;0.1156;0.1156
;US-CO;2003;p95p99;234933.41;;0.13869999;0.13869999
;US-CO;2003;p99.5p99.9;887872.81;;0.0524;0.0524
;US-CO;2003;p99.9p99.99;2870845.0;;0.0381;0.0381
;US-CO;2003;p99p99.5;481823.41;;0.035500001;0.035500001
;US-CO;2003;p95p100;398112.31;;0.29370001;0.29370001
;US-CO;2003;p0p90;44535.398;;0.59140003;0.59140003
;US-CO;2003;p0p99;57849.898;;0.84500003;0.84500003
;US-CO;2003;p99.5p100;1616990.3;;0.1193;0.1193
;US-CO;2002;p0p100;120584.4;1.5004506112e+11;1.0;1.0
;US-CO;2002;p99p100;1041661.6;;0.1499;0.1499
;US-CO;2002;p99.9p100;4370989.0;;0.062899999;0.062899999
;US-CO;2002;p99.99p100;18034946.0;;0.026000001;0.026000001
;US-CO;2002;p90p100;279216.09;;0.40189999;0.40189999
;US-CO;2002;p90p95;159101.09;;0.1145;0.1145
;US-CO;2002;p95p99;238356.59;;0.1372;0.1372
;US-CO;2002;p99.5p99.9;894770.31;;0.0515;0.0515
;US-CO;2002;p99.9p99.99;2845281.5;;0.036899999;0.036899999
;US-CO;2002;p99p99.5;489199.09;;0.0352;0.0352
;US-CO;2002;p95p100;399055.41;;0.2872;0.2872
;US-CO;2002;p0p90;46212.699;;0.59869999;0.59869999
;US-CO;2002;p0p99;59649.898;;0.85009998;0.85009998
;US-CO;2002;p99.5p100;1592906.0;;0.1146;0.1146
;US-CO;2001;p0p100;133852.91;1.56871527657e+11;1.0;1.0
;US-CO;2001;p99p100;1246908.3;;0.167;0.167
;US-CO;2001;p99.9p100;5711001.5;;0.076499999;0.076499999
;US-CO;2001;p99.99p100;25180198.0;;0.0337;0.0337
;US-CO;2001;p90p100;312380.31;;0.4183;0.4183
;US-CO;2001;p90p95;160992.5;;0.1078;0.1078
;US-CO;2001;p95p99;267858.5;;0.1435;0.1435
;US-CO;2001;p99.5p99.9;1019082.4;;0.0546;0.0546
;US-CO;2001;p99.9p99.99;3548069.8;;0.042800002;0.042800002
;US-CO;2001;p99p99.5;536338.31;;0.0359;0.0359
;US-CO;2001;p95p100;463733.19;;0.3105;0.3105
;US-CO;2001;p0p90;48276.301;;0.58179998;0.58179998
;US-CO;2001;p0p99;62841.199;;0.833;0.833
;US-CO;2001;p99.5p100;1957518.1;;0.1311;0.1311
;US-CO;2000;p0p100;148812.5;1.62754557329e+11;1.0;1.0
;US-CO;2000;p99p100;1670383.4;;0.21259999;0.21259999
;US-CO;2000;p99.9p100;8561688.0;;0.109;0.109
;US-CO;2000;p99.99p100;40751024.0;;0.051899999;0.051899999
;US-CO;2000;p90p100;367466.09;;0.46779999;0.46779999
;US-CO;2000;p90p95;167497.3;;0.1066;0.1066
;US-CO;2000;p95p99;291855.19;;0.1486;0.1486
;US-CO;2000;p99.5p99.9;1257832.4;;0.064000003;0.064000003
;US-CO;2000;p99.9p99.99;4979146.0;;0.057;0.057
;US-CO;2000;p99p99.5;623937.13;;0.039700001;0.039700001
;US-CO;2000;p95p100;567544.88;;0.3612;0.3612
;US-CO;2000;p0p90;46443.699;;0.53210002;0.53210002
;US-CO;2000;p0p99;62476.699;;0.78740001;0.78740001
;US-CO;2000;p99.5p100;2717068.0;;0.17290001;0.17290001
;US-CO;1999;p0p100;153473.91;1.49684104611e+11;1.0;1.0
;US-CO;1999;p99p100;1446056.3;;0.19069999;0.19069999
;US-CO;1999;p99.9p100;6985297.5;;0.092100002;0.092100002
;US-CO;1999;p99.99p100;30711238.0;;0.0405;0.0405
;US-CO;1999;p90p100;337877.41;;0.44549999;0.44549999
;US-CO;1999;p90p95;163793.8;;0.108;0.108
;US-CO;1999;p95p99;278404.91;;0.1468;0.1468
;US-CO;1999;p99.5p99.9;1154315.8;;0.060899999;0.060899999
;US-CO;1999;p99.9p99.99;4347252.0;;0.051600002;0.051600002
;US-CO;1999;p99p99.5;571748.19;;0.037700001;0.037700001
;US-CO;1999;p95p100;511956.59;;0.33750001;0.33750001
;US-CO;1999;p0p90;46735.898;;0.5546;0.5546
;US-CO;1999;p0p99;62007.398;;0.80930001;0.80930001
;US-CO;1999;p99.5p100;2320376.3;;0.153;0.153
;US-CO;1998;p0p100;147230.59;1.3698040277e+11;1.0;1.0
;US-CO;1998;p99p100;1233949.4;;0.1767;0.1767
;US-CO;1998;p99.9p100;5716883.0;;0.081900001;0.081900001
;US-CO;1998;p99.99p100;24191288.0;;0.034600001;0.034600001
;US-CO;1998;p90p100;301060.81;;0.4312;0.4312
;US-CO;1998;p90p95;153558.09;;0.11;0.11
;US-CO;1998;p95p99;251999.59;;0.1444;0.1444
;US-CO;1998;p99.5p99.9;1019152.0;;0.058400001;0.058400001
;US-CO;1998;p99.9p99.99;3673396.5;;0.047400001;0.047400001
;US-CO;1998;p99p99.5;508760.91;;0.036400001;0.036400001
;US-CO;1998;p95p100;448466.91;;0.32120001;0.32120001
;US-CO;1998;p0p90;44128.602;;0.56879997;0.56879997
;US-CO;1998;p0p99;58060.398;;0.8233;0.8233
;US-CO;1998;p99.5p100;1959131.9;;0.14030001;0.14030001
;US-CO;1997;p0p100;138183.41;1.22818139559e+11;1.0;1.0
;US-CO;1997;p99p100;1060508.3;;0.1664;0.1664
;US-CO;1997;p99.9p100;4794024.0;;0.075199999;0.075199999
;US-CO;1997;p99.99p100;20599400.0;;0.032299999;0.032299999
;US-CO;1997;p90p100;272130.91;;0.42699999;0.42699999
;US-CO;1997;p90p95;144160.09;;0.1131;0.1131
;US-CO;1997;p95p99;234861.2;;0.14740001;0.14740001
;US-CO;1997;p99.5p99.9;879173.38;;0.055199999;0.055199999
;US-CO;1997;p99.9p99.99;3038270.8;;0.0429;0.0429
;US-CO;1997;p99p99.5;458795.69;;0.035999998;0.035999998
;US-CO;1997;p95p100;400037.5;;0.31380001;0.31380001
;US-CO;1997;p0p90;40588.398;;0.57309997;0.57309997
;US-CO;1997;p0p99;53668.602;;0.83359998;0.83359998
;US-CO;1997;p99.5p100;1662185.8;;0.1304;0.1304
;US-CO;1996;p0p100;138181.41;1.12753663018e+11;1.0;1.0
;US-CO;1996;p99p100;920302.38;;0.1507;0.1507
;US-CO;1996;p99.9p100;3825509.3;;0.062600002;0.062600002
;US-CO;1996;p99.99p100;15480556.0;;0.0253;0.0253
;US-CO;1996;p90p100;249447.41;;0.40849999;0.40849999
;US-CO;1996;p90p95;138148.41;;0.1131;0.1131
;US-CO;1996;p95p99;220777.7;;0.1446;0.1446
;US-CO;1996;p99.5p99.9;798455.81;;0.052299999;0.052299999
;US-CO;1996;p99.9p99.99;2529249.5;;0.037300002;0.037300002
;US-CO;1996;p99p99.5;434744.0;;0.035599999;0.035599999
;US-CO;1996;p95p100;360707.81;;0.29530001;0.29530001
;US-CO;1996;p0p90;40153.398;;0.59179997;0.59179997
;US-CO;1996;p0p99;52389.398;;0.84930003;0.84930003
;US-CO;1996;p99.5p100;1405425.9;;0.1151;0.1151
;US-CO;1995;p0p100;139140.59;1.04476109158e+11;1.0;1.0
;US-CO;1995;p99p100;807927.38;;0.13850001;0.13850001
;US-CO;1995;p99.9p100;3203291.5;;0.054900002;0.054900002
;US-CO;1995;p99.99p100;12373010.0;;0.021199999;0.021199999
;US-CO;1995;p90p100;230453.3;;0.39500001;0.39500001
;US-CO;1995;p90p95;132661.3;;0.1137;0.1137
;US-CO;1995;p95p99;208313.91;;0.1428;0.1428
;US-CO;1995;p99.5p99.9;720040.81;;0.049400002;0.049400002
;US-CO;1995;p99.9p99.99;2184558.3;;0.0337;0.0337
;US-CO;1995;p99p99.5;398509.19;;0.034200002;0.034200002
;US-CO;1995;p95p100;328225.69;;0.28130001;0.28130001
;US-CO;1995;p0p90;39225.699;;0.60509998;0.60509998
;US-CO;1995;p0p99;50773.301;;0.86150002;0.86150002
;US-CO;1995;p99.5p100;1217243.6;;0.1043;0.1043
;US-CO;1994;p0p100;137255.09;97306760367.0;1.0;1.0
;US-CO;1994;p99p100;727797.5;;0.13259999;0.13259999
;US-CO;1994;p99.9p100;2839412.5;;0.0517;0.0517
;US-CO;1994;p99.99p100;11119514.0;;0.020300001;0.020300001
;US-CO;1994;p90p100;214833.91;;0.3915;0.3915
;US-CO;1994;p90p95;126837.5;;0.1156;0.1156
;US-CO;1994;p95p99;196589.59;;0.1433;0.1433
;US-CO;1994;p99.5p99.9;650592.13;;0.047400001;0.047400001
;US-CO;1994;p99.9p99.99;1917466.6;;0.031399999;0.031399999
;US-CO;1994;p99p99.5;366498.0;;0.033399999;0.033399999
;US-CO;1994;p95p100;302820.5;;0.27590001;0.27590001
;US-CO;1994;p0p90;37112.699;;0.60860002;0.60860002
;US-CO;1994;p0p99;48082.301;;0.86739999;0.86739999
;US-CO;1994;p99.5p100;1088996.9;;0.099200003;0.099200003
;US-CO;1993;p0p100;140135.41;92494832441.0;1.0;1.0
;US-CO;1993;p99p100;695363.63;;0.1295;0.1295
;US-CO;1993;p99.9p100;2662628.5;;0.049600001;0.049600001
;US-CO;1993;p99.99p100;10245402.0;;0.019099999;0.019099999
;US-CO;1993;p90p100;208984.41;;0.38909999;0.38909999
;US-CO;1993;p90p95;124775.8;;0.1161;0.1161
;US-CO;1993;p95p99;192652.2;;0.1435;0.1435
;US-CO;1993;p99.5p99.9;629358.38;;0.0469;0.0469
;US-CO;1993;p99.9p99.99;1816790.4;;0.030400001;0.030400001
;US-CO;1993;p99p99.5;353425.09;;0.032900002;0.032900002
;US-CO;1993;p95p100;293169.0;;0.27289999;0.27289999
;US-CO;1993;p0p90;36471.5;;0.61110002;0.61110002
;US-CO;1993;p0p99;47232.199;;0.87050003;0.87050003
;US-CO;1993;p99.5p100;1037008.9;;0.096500002;0.096500002
;US-CO;1992;p0p100;148359.59;88616528915.0;1.0;1.0
;US-CO;1992;p99p100;699355.81;;0.12909999;0.12909999
;US-CO;1992;p99.9p100;2712492.8;;0.050099999;0.050099999
;US-CO;1992;p99.99p100;10450129.0;;0.019300001;0.019300001
;US-CO;1992;p90p100;208352.91;;0.3847;0.3847
;US-CO;1992;p90p95;126554.2;;0.1168;0.1168
;US-CO;1992;p95p99;187911.59;;0.1388;0.1388
;US-CO;1992;p99.5p99.9;632608.31;;0.046700001;0.046700001
;US-CO;1992;p99.9p99.99;1851973.4;;0.0308;0.0308
;US-CO;1992;p99p99.5;349436.31;;0.032299999;0.032299999
;US-CO;1992;p95p100;290208.91;;0.26789999;0.26789999
;US-CO;1992;p0p90;37023.301;;0.6153;0.6153
;US-CO;1992;p0p99;47637.398;;0.87089998;0.87089998
;US-CO;1992;p99.5p100;1049152.0;;0.096900001;0.096900001
;US-CO;1991;p0p100;153608.41;84790476692.0;1.0;1.0
;US-CO;1991;p99p100;623679.63;;0.1169;0.1169
;US-CO;1991;p99.9p100;2275381.5;;0.0427;0.0427
;US-CO;1991;p99.99p100;8270934.0;;0.0155;0.0155
;US-CO;1991;p90p100;197511.5;;0.37029999;0.37029999
;US-CO;1991;p90p95;124149.3;;0.1164;0.1164
;US-CO;1991;p95p99;182852.5;;0.1371;0.1371
;US-CO;1991;p99.5p99.9;578845.0;;0.043400001;0.043400001
;US-CO;1991;p99.9p99.99;1608887.1;;0.0272;0.0272
;US-CO;1991;p99p99.5;328952.69;;0.0308;0.0308
;US-CO;1991;p95p100;271000.69;;0.25409999;0.25409999
;US-CO;1991;p0p90;37305.699;;0.62959999;0.62959999
;US-CO;1991;p0p99;47570.801;;0.88309997;0.88309997
;US-CO;1991;p99.5p100;918418.0;;0.086099997;0.086099997
;US-CO;1990;p0p100;166379.5;84080810708.0;1.0;1.0
;US-CO;1990;p99p100;662833.69;;0.1231;0.1231
;US-CO;1990;p99.9p100;2585276.0;;0.048;0.048
;US-CO;1990;p99.99p100;9938888.0;;0.0185;0.0185
;US-CO;1990;p90p100;197898.41;;0.36759999;0.36759999
;US-CO;1990;p90p95;118507.0;;0.1101;0.1101
;US-CO;1990;p95p99;180880.0;;0.1344;0.1344
;US-CO;1990;p99.5p99.9;603626.19;;0.044799998;0.044799998
;US-CO;1990;p99.9p99.99;1769095.5;;0.0296;0.0296
;US-CO;1990;p99p99.5;325560.0;;0.030200001;0.030200001
;US-CO;1990;p95p100;277296.09;;0.25749999;0.25749999
;US-CO;1990;p0p90;37829.898;;0.63239998;0.63239998
;US-CO;1990;p0p99;47684.301;;0.87690002;0.87690002
;US-CO;1990;p99.5p100;999979.38;;0.092900001;0.092900001
;US-CO;1989;p0p100;186360.0;83150814862.0;1.0;1.0
;US-CO;1989;p99p100;642635.5;;0.1175;0.1175
;US-CO;1989;p99.9p100;2418875.8;;0.044199999;0.044199999
;US-CO;1989;p99.99p100;8995081.0;;0.0164;0.0164
;US-CO;1989;p90p100;195648.41;;0.3576;0.3576
;US-CO;1989;p90p95;120051.0;;0.1097;0.1097
;US-CO;1989;p95p99;175045.2;;0.12800001;0.12800001
;US-CO;1989;p99.5p99.9;574708.88;;0.041999999;0.041999999
;US-CO;1989;p99.9p99.99;1651494.3;;0.0272;0.0272
;US-CO;1989;p99p99.5;322275.41;;0.0295;0.0295
;US-CO;1989;p95p100;270776.59;;0.2475;0.2475
;US-CO;1989;p0p90;39345.398;;0.64719999;0.64719999
;US-CO;1989;p0p99;48772.699;;0.88249999;0.88249999
;US-CO;1989;p99.5p100;955077.31;;0.087300003;0.087300003
;US-CO;1988;p0p100;196990.59;82226111092.0;1.0;1.0
;US-CO;1988;p99p100;662428.81;;0.1246;0.1246
;US-CO;1988;p99.9p100;2599330.8;;0.048900001;0.048900001
;US-CO;1988;p99.99p100;9785680.0;;0.0184;0.0184
;US-CO;1988;p90p100;194270.59;;0.3655;0.3655
;US-CO;1988;p90p95;117046.1;;0.1101;0.1101
;US-CO;1988;p95p99;169072.3;;0.12720001;0.12720001
;US-CO;1988;p99.5p99.9;579953.5;;0.0436;0.0436
;US-CO;1988;p99.9p99.99;1753152.3;;0.0297;0.0297
;US-CO;1988;p99p99.5;313984.19;;0.0295;0.0295
;US-CO;1988;p95p100;270825.91;;0.25479999;0.25479999
;US-CO;1988;p0p90;37873.602;;0.64139998;0.64139998
;US-CO;1988;p0p99;46993.199;;0.87540001;0.87540001
;US-CO;1988;p99.5p100;999721.38;;0.094099998;0.094099998
;US-CO;1987;p0p100;209522.7;78660308076.0;1.0;1.0
;US-CO;1987;p99p100;531185.88;;0.101;0.101
;US-CO;1987;p99.9p100;1837031.8;;0.034899998;0.034899998
;US-CO;1987;p99.99p100;6394510.0;;0.0122;0.0122
;US-CO;1987;p90p100;179496.0;;0.34130001;0.34130001
;US-CO;1987;p90p95;117815.5;;0.112;0.112
;US-CO;1987;p95p99;165837.0;;0.1261;0.1261
;US-CO;1987;p99.5p99.9;485974.91;;0.037;0.037
;US-CO;1987;p99.9p99.99;1298818.5;;0.0222;0.0222
;US-CO;1987;p99p99.5;289094.81;;0.0275;0.0275
;US-CO;1987;p95p100;240832.0;;0.2289;0.2289
;US-CO;1987;p0p90;38750.5;;0.6631;0.6631
;US-CO;1987;p0p99;47763.301;;0.89899999;0.89899999
;US-CO;1987;p99.5p100;766404.13;;0.072899997;0.072899997
;US-CO;1986;p0p100;237365.2;82947881243.0;1.0;1.0
;US-CO;1986;p99p100;726548.63;;0.1303;0.1303
;US-CO;1986;p99.9p100;3093424.0;;0.055500001;0.055500001
;US-CO;1986;p99.99p100;12795501.0;;0.0229;0.0229
;US-CO;1986;p90p100;203585.2;;0.3651;0.3651
;US-CO;1986;p90p95;119373.8;;0.1071;0.1071
;US-CO;1986;p95p99;174166.7;;0.125;0.125
;US-CO;1986;p99.5p99.9;610695.88;;0.0438;0.0438
;US-CO;1986;p99.9p99.99;1955341.0;;0.031599998;0.031599998
;US-CO;1986;p99p99.5;321563.41;;0.0288;0.0288
;US-CO;1986;p95p100;287166.59;;0.25749999;0.25749999
;US-CO;1986;p0p90;39700.301;;0.6408;0.6408
;US-CO;1986;p0p99;48979.898;;0.86970001;0.86970001
;US-CO;1986;p99.5p100;1121515.4;;0.1006;0.1006
;US-CO;1985;p0p100;237103.2;77973481146.0;1.0;1.0
;US-CO;1985;p99p100;579487.0;;0.1079;0.1079
;US-CO;1985;p99.9p100;2270374.3;;0.042300001;0.042300001
;US-CO;1985;p99.99p100;8825544.0;;0.0164;0.0164
;US-CO;1985;p90p100;184731.09;;0.34380001;0.34380001
;US-CO;1985;p90p95;117897.1;;0.1097;0.1097
;US-CO;1985;p95p99;167373.2;;0.1246;0.1246
;US-CO;1985;p99.5p99.9;497326.09;;0.037;0.037
;US-CO;1985;p99.9p99.99;1490231.3;;0.025;0.025
;US-CO;1985;p99p99.5;290922.5;;0.027100001;0.027100001
;US-CO;1985;p95p100;251254.59;;0.23379999;0.23379999
;US-CO;1985;p0p90;39414.801;;0.6602;0.6602
;US-CO;1985;p0p99;48420.102;;0.89209998;0.89209998
;US-CO;1985;p99.5p100;862012.81;;0.080200002;0.080200002
;US-CO;1984;p0p100;246962.59;75687614881.0;1.0;1.0
;US-CO;1984;p99p100;548427.5;;0.1048;0.1048
;US-CO;1984;p99.9p100;2132035.5;;0.040800001;0.040800001
;US-CO;1984;p99.99p100;8546156.0;;0.0163;0.0163
;US-CO;1984;p90p100;180268.0;;0.34459999;0.34459999
;US-CO;1984;p90p95;117527.2;;0.1123;0.1123
;US-CO;1984;p95p99;165105.91;;0.12620001;0.12620001
;US-CO;1984;p99.5p99.9;468771.91;;0.035799999;0.035799999
;US-CO;1984;p99.9p99.99;1370836.8;;0.023600001;0.023600001
;US-CO;1984;p99p99.5;281748.81;;0.026900001;0.026900001
;US-CO;1984;p95p100;242924.7;;0.2322;0.2322
;US-CO;1984;p0p90;38287.398;;0.65869999;0.65869999
;US-CO;1984;p0p99;47300.199;;0.89520001;0.89520001
;US-CO;1984;p99.5p100;810194.38;;0.077399999;0.077399999
;US-CO;1983;p0p100;294326.31;73007269762.0;1.0;1.0
;US-CO;1983;p99p100;486494.09;;0.088200003;0.088200003
;US-CO;1983;p99.9p100;1727397.8;;0.031300001;0.031300001
;US-CO;1983;p99.99p100;6594660.0;;0.012;0.012
;US-CO;1983;p90p100;174074.0;;0.31549999;0.31549999
;US-CO;1983;p90p95;119939.5;;0.1087;0.1087
;US-CO;1983;p95p99;163243.8;;0.1183;0.1183
;US-CO;1983;p99.5p99.9;434545.59;;0.031500001;0.031500001
;US-CO;1983;p99.9p99.99;1160678.9;;0.0189;0.0189
;US-CO;1983;p99p99.5;270316.19;;0.024499999;0.024499999
;US-CO;1983;p95p100;228578.5;;0.2071;0.2071
;US-CO;1983;p0p90;42067.898;;0.68610001;0.68610001
;US-CO;1983;p0p99;50825.0;;0.91180003;0.91180003
;US-CO;1983;p99.5p100;699223.0;;0.0634;0.0634
;US-CO;1982;p0p100;299104.69;71155414085.0;1.0;1.0
;US-CO;1982;p99p100;524427.88;;0.097499996;0.097499996
;US-CO;1982;p99.9p100;2028465.4;;0.037700001;0.037700001
;US-CO;1982;p99.99p100;8422253.0;;0.015699999;0.015699999
;US-CO;1982;p90p100;178089.59;;0.33109999;0.33109999
;US-CO;1982;p90p95;118460.0;;0.1101;0.1101
;US-CO;1982;p95p99;165814.0;;0.1233;0.1233
;US-CO;1982;p99.5p99.9;460178.59;;0.034200002;0.034200002
;US-CO;1982;p99.9p99.99;1318044.5;;0.0221;0.0221
;US-CO;1982;p99p99.5;275019.91;;0.025599999;0.025599999
;US-CO;1982;p95p100;238093.2;;0.22139999;0.22139999
;US-CO;1982;p0p90;39980.199;;0.66900003;0.66900003
;US-CO;1982;p0p99;49028.0;;0.90249997;0.90249997
;US-CO;1982;p99.5p100;773835.88;;0.071900003;0.071900003
;US-CO;1981;p0p100;338396.19;69361091502.0;1.0;1.0
;US-CO;1981;p99p100;497725.5;;0.092;0.092
;US-CO;1981;p99.9p100;1771576.5;;0.032699998;0.032699998
;US-CO;1981;p99.99p100;6749452.0;;0.0125;0.0125
;US-CO;1981;p90p100;176047.5;;0.32530001;0.32530001
;US-CO;1981;p90p95;120382.2;;0.1112;0.1112
;US-CO;1981;p95p99;165350.7;;0.1222;0.1222
;US-CO;1981;p99.5p99.9;446929.0;;0.033;0.033
;US-CO;1981;p99.9p99.99;1218422.8;;0.020300001;0.020300001
;US-CO;1981;p99p99.5;283627.09;;0.0262;0.0262
;US-CO;1981;p95p100;231856.7;;0.2142;0.2142
;US-CO;1981;p0p90;40564.301;;0.67460001;0.67460001
;US-CO;1981;p0p99;49637.5;;0.90799999;0.90799999
;US-CO;1981;p99.5p100;711725.5;;0.065800004;0.065800004
;US-CO;1980;p0p100;399603.31;66908471165.0;1.0;1.0
;US-CO;1980;p99p100;490010.31;;0.092;0.092
;US-CO;1980;p99.9p100;1674969.1;;0.031399999;0.031399999
;US-CO;1980;p99.99p100;6339802.5;;0.0119;0.0119
;US-CO;1980;p90p100;167773.59;;0.31490001;0.31490001
;US-CO;1980;p90p95;106821.5;;0.1002;0.1002
;US-CO;1980;p95p99;163462.0;;0.1227;0.1227
;US-CO;1980;p99.5p99.9;452200.41;;0.0339;0.0339
;US-CO;1980;p99.9p99.99;1156725.8;;0.0195;0.0195
;US-CO;1980;p99p99.5;283299.81;;0.0266;0.0266
;US-CO;1980;p95p100;228780.3;;0.2147;0.2147
;US-CO;1980;p0p90;40555.301;;0.68510002;0.68510002
;US-CO;1980;p0p99;48868.199;;0.90799999;0.90799999
;US-CO;1980;p99.5p100;696714.81;;0.065399997;0.065399997
;US-CO;1979;p0p100;500894.5;63902350091.0;1.0;1.0
;US-CO;1979;p99p100;481774.31;;0.089000002;0.089000002
;US-CO;1979;p99.9p100;1590199.0;;0.0294;0.0294
;US-CO;1979;p99.99p100;5693151.5;;0.0105;0.0105
;US-CO;1979;p90p100;170579.09;;0.31529999;0.31529999
;US-CO;1979;p90p95;112835.2;;0.1043;0.1043
;US-CO;1979;p95p99;164958.8;;0.122;0.122
;US-CO;1979;p99.5p99.9;453079.69;;0.033500001;0.033500001
;US-CO;1979;p99.9p99.99;1133845.3;;0.0189;0.0189
;US-CO;1979;p99p99.5;283058.91;;0.0262;0.0262
;US-CO;1979;p95p100;228311.59;;0.211;0.211
;US-CO;1979;p0p90;41164.199;;0.68470001;0.68470001
;US-CO;1979;p0p99;49785.301;;0.91100001;0.91100001
;US-CO;1979;p99.5p100;680610.81;;0.062899999;0.062899999
;US-CO;1978;p0p100;563989.31;59165219785.0;1.0;1.0
;US-CO;1978;p99p100;414880.59;;0.081799999;0.081799999
;US-CO;1978;p99.9p100;1195025.9;;0.023600001;0.023600001
;US-CO;1978;p99.99p100;3606125.8;;0.0071;0.0071
;US-CO;1978;p90p100;160226.09;;0.31580001;0.31580001
;US-CO;1978;p90p95;108801.6;;0.1072;0.1072
;US-CO;1978;p95p99;160979.5;;0.1269;0.1269
;US-CO;1978;p99.5p99.9;408864.31;;0.032200001;0.032200001
;US-CO;1978;p99.9p99.99;926860.63;;0.0164;0.0164
;US-CO;1978;p99p99.5;263642.81;;0.026000001;0.026000001
;US-CO;1978;p95p100;211682.7;;0.2086;0.2086
;US-CO;1978;p0p90;38564.301;;0.68409997;0.68409997
;US-CO;1978;p0p99;47057.398;;0.91820002;0.91820002
;US-CO;1978;p99.5p100;566161.19;;0.055799998;0.055799998
;US-CO;1977;p0p100;629396.63;54957061296.0;1.0;1.0
;US-CO;1977;p99p100;402284.59;;0.082199998;0.082199998
;US-CO;1977;p99.9p100;1117764.5;;0.0229;0.0229
;US-CO;1977;p99.99p100;3335895.0;;0.0068000001;0.0068000001
;US-CO;1977;p90p100;155657.59;;0.31819999;0.31819999
;US-CO;1977;p90p95;107215.9;;0.1096;0.1096
;US-CO;1977;p95p99;154540.59;;0.12639999;0.12639999
;US-CO;1977;p99.5p99.9;399905.31;;0.032699998;0.032699998
;US-CO;1977;p99.9p99.99;870643.63;;0.016000001;0.016000001
;US-CO;1977;p99p99.5;260994.91;;0.026699999;0.026699999
;US-CO;1977;p95p100;204102.41;;0.2086;0.2086
;US-CO;1977;p0p90;37053.301;;0.68180001;0.68180001
;US-CO;1977;p0p99;45342.699;;0.91780001;0.91780001
;US-CO;1977;p99.5p100;543638.69;;0.055599999;0.055599999
;US-CO;1976;p0p100;707182.63;52484429564.0;1.0;1.0
;US-CO;1976;p99p100;368050.41;;0.075999998;0.075999998
;US-CO;1976;p99.9p100;1038428.3;;0.021400001;0.021400001
;US-CO;1976;p99.99p100;2977336.5;;0.0060999999;0.0060999999
;US-CO;1976;p90p100;148961.91;;0.30739999;0.30739999
;US-CO;1976;p90p95;103443.5;;0.1068;0.1068
;US-CO;1976;p95p99;151100.7;;0.1247;0.1247
;US-CO;1976;p99.5p99.9;360255.59;;0.0297;0.0297
;US-CO;1976;p99.9p99.99;823170.63;;0.0153;0.0153
;US-CO;1976;p99p99.5;240117.2;;0.024800001;0.024800001
;US-CO;1976;p95p100;194488.59;;0.2007;0.2007
;US-CO;1976;p0p90;37282.898;;0.6925;0.6925
;US-CO;1976;p0p99;45222.699;;0.92400002;0.92400002
;US-CO;1976;p99.5p100;495958.5;;0.051199999;0.051199999
;US-CO;1975;p0p100;775611.5;49645510293.0;1.0;1.0
;US-CO;1975;p99p100;378946.69;;0.079800002;0.079800002
;US-CO;1975;p99.9p100;1096158.8;;0.0231;0.0231
;US-CO;1975;p99.99p100;4070721.0;;0.0086000003;0.0086000003
;US-CO;1975;p90p100;148253.3;;0.31209999;0.31209999
;US-CO;1975;p90p95;104606.9;;0.1101;0.1101
;US-CO;1975;p95p99;145175.5;;0.1222;0.1222
;US-CO;1975;p99.5p99.9;370638.41;;0.031199999;0.031199999
;US-CO;1975;p99.9p99.99;765125.31;;0.0145;0.0145
;US-CO;1975;p99p99.5;242147.0;;0.0255;0.0255
;US-CO;1975;p95p100;191927.59;;0.20200001;0.20200001
;US-CO;1975;p0p90;36311.602;;0.68790001;0.68790001
;US-CO;1975;p0p99;44158.898;;0.92019999;0.92019999
;US-CO;1975;p99.5p100;515716.59;;0.054299999;0.054299999
;US-CO;1974;p0p100;974332.5;50506373299.0;1.0;1.0
;US-CO;1974;p99p100;419848.19;;0.083800003;0.083800003
;US-CO;1974;p99.9p100;1243009.3;;0.024800001;0.024800001
;US-CO;1974;p99.99p100;3965482.3;;0.0078999996;0.0078999996
;US-CO;1974;p90p100;154868.09;;0.30899999;0.30899999
;US-CO;1974;p90p95;104695.3;;0.1045;0.1045
;US-CO;1974;p95p99;151276.8;;0.1207;0.1207
;US-CO;1974;p99.5p99.9;412396.09;;0.032900002;0.032900002
;US-CO;1974;p99.9p99.99;939655.0;;0.016899999;0.016899999
;US-CO;1974;p99p99.5;260763.09;;0.026000001;0.026000001
;US-CO;1974;p95p100;205044.91;;0.20460001;0.20460001
;US-CO;1974;p0p90;38479.102;;0.6911;0.6911
;US-CO;1974;p0p99;46378.0;;0.91619998;0.91619998
;US-CO;1974;p99.5p100;578767.5;;0.057700001;0.057700001
;US-CO;1973;p0p100;1211036.1;49146035716.0;1.0;1.0
;US-CO;1973;p99p100;402549.59;;0.079700001;0.079700001
;US-CO;1973;p99.9p100;1131671.5;;0.022399999;0.022399999
;US-CO;1973;p99.99p100;3315505.3;;0.0066;0.0066
;US-CO;1973;p90p100;155819.5;;0.30840001;0.30840001
;US-CO;1973;p90p95;107466.9;;0.1064;0.1064
;US-CO;1973;p95p99;154588.7;;0.1224;0.1224
;US-CO;1973;p99.5p99.9;410536.41;;0.032499999;0.032499999
;US-CO;1973;p99.9p99.99;888585.69;;0.015799999;0.015799999
;US-CO;1973;p99p99.5;250364.8;;0.024800001;0.024800001
;US-CO;1973;p95p100;204184.41;;0.20209999;0.20209999
;US-CO;1973;p0p90;38820.699;;0.69160002;0.69160002
;US-CO;1973;p0p99;46964.898;;0.92030001;0.92030001
;US-CO;1973;p99.5p100;554754.19;;0.054900002;0.054900002
;US-CO;1972;p0p100;1320336.5;45822341720.0;1.0;1.0
;US-CO;1972;p99p100;411864.41;;0.084399998;0.084399998
;US-CO;1972;p99.9p100;1167029.4;;0.0239;0.0239
;US-CO;1972;p99.99p100;3550266.0;;0.0073000002;0.0073000002
;US-CO;1972;p90p100;153642.09;;0.31470001;0.31470001
;US-CO;1972;p90p95;104255.2;;0.1068;0.1068
;US-CO;1972;p95p99;150831.09;;0.1236;0.1236
;US-CO;1972;p99.5p99.9;407452.91;;0.033399999;0.033399999
;US-CO;1972;p99.9p99.99;902010.19;;0.0166;0.0166
;US-CO;1972;p99p99.5;264020.91;;0.027000001;0.027000001
;US-CO;1972;p95p100;203040.0;;0.208;0.208
;US-CO;1972;p0p90;37173.0;;0.68529999;0.68529999
;US-CO;1972;p0p99;45151.301;;0.9156;0.9156
;US-CO;1972;p99.5p100;559707.88;;0.057300001;0.057300001
;US-CO;1971;p0p100;1332785.1;41851336221.0;1.0;1.0
;US-CO;1971;p99p100;381152.59;;0.082400002;0.082400002
;US-CO;1971;p99.9p100;1088021.3;;0.023499999;0.023499999
;US-CO;1971;p99.99p100;3449165.0;;0.0074999998;0.0074999998
;US-CO;1971;p90p100;143318.2;;0.3098;0.3098
;US-CO;1971;p90p95;97605.102;;0.1055;0.1055
;US-CO;1971;p95p99;141027.09;;0.1219;0.1219
;US-CO;1971;p99.5p99.9;373664.19;;0.032299999;0.032299999
;US-CO;1971;p99.9p99.99;825912.81;;0.016100001;0.016100001
;US-CO;1971;p99p99.5;245457.8;;0.0265;0.0265
;US-CO;1971;p95p100;189047.8;;0.2043;0.2043
;US-CO;1971;p0p90;35477.398;;0.69019997;0.69019997
;US-CO;1971;p0p99;42878.5;;0.91759998;0.91759998
;US-CO;1971;p99.5p100;516755.09;;0.0559;0.0559
;US-CO;1970;p0p100;1403036.8;38900878192.0;1.0;1.0
;US-CO;1970;p99p100;341695.19;;0.076399997;0.076399997
;US-CO;1970;p99.9p100;959320.69;;0.021500001;0.021500001
;US-CO;1970;p99.99p100;2972657.5;;0.0066999998;0.0066999998
;US-CO;1970;p90p100;135150.59;;0.30239999;0.30239999
;US-CO;1970;p90p95;95791.297;;0.1072;0.1072
;US-CO;1970;p95p99;132799.2;;0.1188;0.1188
;US-CO;1970;p99.5p99.9;344116.5;;0.0308;0.0308
;US-CO;1970;p99.9p99.99;735185.31;;0.0148;0.0148
;US-CO;1970;p99p99.5;215989.2;;0.0242;0.0242
;US-CO;1970;p95p100;174557.8;;0.1953;0.1953
;US-CO;1970;p0p90;34644.699;;0.69760001;0.69760001
;US-CO;1970;p0p99;41697.102;;0.92360002;0.92360002
;US-CO;1970;p99.5p100;467352.81;;0.052299999;0.052299999
;US-CO;1969;p0p100;1523684.8;36950103994.0;1.0;1.0
;US-CO;1969;p99p100;392968.5;;0.090499997;0.090499997
;US-CO;1969;p99.9p100;1250040.9;;0.0288;0.0288
;US-CO;1969;p99.99p100;4561982.5;;0.0105;0.0105
;US-CO;1969;p90p100;138191.91;;0.31819999;0.31819999
;US-CO;1969;p90p95;92433.797;;0.1064;0.1064
;US-CO;1969;p95p99;131744.59;;0.1213;0.1213
;US-CO;1969;p99.5p99.9;375202.81;;0.034600001;0.034600001
;US-CO;1969;p99.9p99.99;883670.81;;0.018300001;0.018300001
;US-CO;1969;p99p99.5;235685.41;;0.027100001;0.027100001
;US-CO;1969;p95p100;183968.59;;0.21179999;0.21179999
;US-CO;1969;p0p90;32895.801;;0.68169999;0.68169999
;US-CO;1969;p0p99;39897.699;;0.9095;0.9095
;US-CO;1969;p99.5p100;550338.5;;0.0634;0.0634
;US-CO;1968;p0p100;1660716.8;35465264527.0;1.0;1.0
;US-CO;1968;p99p100;405893.91;;0.095399998;0.095399998
;US-CO;1968;p99.9p100;1338470.6;;0.031399999;0.031399999
;US-CO;1968;p99.99p100;4807387.0;;0.0113;0.0113
;US-CO;1968;p90p100;139288.2;;0.32730001;0.32730001
;US-CO;1968;p90p95;90482.797;;0.1063;0.1063
;US-CO;1968;p95p99;133587.91;;0.1256;0.1256
;US-CO;1968;p99.5p99.9;391896.19;;0.036800001;0.036800001
;US-CO;1968;p99.9p99.99;955001.0;;0.020199999;0.020199999
;US-CO;1968;p99p99.5;230638.5;;0.027100001;0.027100001
;US-CO;1968;p95p100;188062.2;;0.2209;0.2209
;US-CO;1968;p0p90;31812.5;;0.67269999;0.67269999
;US-CO;1968;p0p99;38889.898;;0.90460002;0.90460002
;US-CO;1968;p99.5p100;581110.38;;0.068300001;0.068300001
;US-CO;1967;p0p100;1717161.8;33075369769.0;1.0;1.0
;US-CO;1967;p99p100;377447.91;;0.093099996;0.093099996
;US-CO;1967;p99.9p100;1195925.9;;0.0295;0.0295
;US-CO;1967;p99.99p100;4374785.0;;0.0108;0.0108
;US-CO;1967;p90p100;131612.7;;0.3247;0.3247
;US-CO;1967;p90p95;86050.203;;0.1061;0.1061
;US-CO;1967;p95p99;127205.4;;0.12549999;0.12549999
;US-CO;1967;p99.5p99.9;361616.69;;0.035700001;0.035700001
;US-CO;1967;p99.9p99.99;842899.0;;0.0187;0.0187
;US-CO;1967;p99p99.5;226432.91;;0.027899999;0.027899999
;US-CO;1967;p95p100;177221.41;;0.2186;0.2186
;US-CO;1967;p0p90;30412.801;;0.67519999;0.67519999
;US-CO;1967;p0p99;37133.801;;0.90689999;0.90689999
;US-CO;1967;p99.5p100;528495.38;;0.065200001;0.065200001
;US-CO;1966;p0p100;1759454.4;31196877034.0;1.0;1.0
;US-CO;1966;p99p100;338504.09;;0.086599998;0.086599998
;US-CO;1966;p99.9p100;993047.81;;0.0254;0.0254
;US-CO;1966;p99.99p100;3605753.8;;0.0092000002;0.0092000002
;US-CO;1966;p90p100;123592.2;;0.31619999;0.31619999
;US-CO;1966;p90p95;82495.297;;0.1055;0.1055
;US-CO;1966;p95p99;121446.3;;0.1243;0.1243
;US-CO;1966;p99.5p99.9;334993.81;;0.034299999;0.034299999
;US-CO;1966;p99.9p99.99;702839.81;;0.0162;0.0162
;US-CO;1966;p99p99.5;209732.09;;0.026799999;0.026799999
;US-CO;1966;p95p100;164830.91;;0.21089999;0.21089999
;US-CO;1966;p0p90;29690.0;;0.68370003;0.68370003
;US-CO;1966;p0p99;36061.0;;0.91339999;0.91339999
;US-CO;1966;p99.5p100;467117.81;;0.059799999;0.059799999
;US-CO;1965;p0p100;1822879.8;29864814640.0;1.0;1.0
;US-CO;1965;p99p100;342090.91;;0.089400001;0.089400001
;US-CO;1965;p99.9p100;999791.69;;0.0261;0.0261
;US-CO;1965;p99.99p100;3723121.5;;0.0097000003;0.0097000003
;US-CO;1965;p90p100;124160.2;;0.32440001;0.32440001
;US-CO;1965;p90p95;82356.602;;0.1076;0.1076
;US-CO;1965;p95p99;121906.3;;0.1274;0.1274
;US-CO;1965;p99.5p99.9;336147.0;;0.035100002;0.035100002
;US-CO;1965;p99.9p99.99;696757.13;;0.0164;0.0164
;US-CO;1965;p99p99.5;215064.09;;0.028100001;0.028100001
;US-CO;1965;p95p100;165956.41;;0.2168;0.2168
;US-CO;1965;p0p90;28736.199;;0.67570001;0.67570001
;US-CO;1965;p0p99;35207.102;;0.91060001;0.91060001
;US-CO;1965;p99.5p100;469041.69;;0.061299998;0.061299998
;US-CO;1964;p0p100;1839189.9;28499564865.0;1.0;1.0
;US-CO;1964;p99p100;344204.5;;0.092;0.092
;US-CO;1964;p99.9p100;1038332.0;;0.027799999;0.027799999
;US-CO;1964;p99.99p100;4484540.0;;0.012;0.012
;US-CO;1964;p90p100;120752.3;;0.32280001;0.32280001
;US-CO;1964;p90p95;80666.602;;0.1078;0.1078
;US-CO;1964;p95p99;114995.1;;0.123;0.123
;US-CO;1964;p99.5p99.9;325566.91;;0.0348;0.0348
;US-CO;1964;p99.9p99.99;655659.63;;0.015799999;0.015799999
;US-CO;1964;p99p99.5;219989.2;;0.0294;0.0294
;US-CO;1964;p95p100;160811.2;;0.215;0.215
;US-CO;1964;p0p90;28142.5;;0.67720002;0.67720002
;US-CO;1964;p0p99;34303.199;;0.90799999;0.90799999
;US-CO;1964;p99.5p100;468147.69;;0.062600002;0.062600002
;US-CO;1963;p0p100;1835453.9;27024820576.0;1.0;1.0
;US-CO;1963;p99p100;333510.69;;0.091700003;0.091700003
;US-CO;1963;p99.9p100;942346.38;;0.025900001;0.025900001
;US-CO;1963;p99.99p100;3597963.0;;0.0098999999;0.0098999999
;US-CO;1963;p90p100;117907.7;;0.3242;0.3242
;US-CO;1963;p90p95;78263.0;;0.1076;0.1076
;US-CO;1963;p95p99;113563.0;;0.1249;0.1249
;US-CO;1963;p99.5p99.9;358830.0;;0.039500002;0.039500002
;US-CO;1963;p99.9p99.99;647021.69;;0.016000001;0.016000001
;US-CO;1963;p99p99.5;191109.09;;0.0263;0.0263
;US-CO;1963;p95p100;157552.59;;0.2166;0.2166
;US-CO;1963;p0p90;27311.699;;0.67589998;0.67589998
;US-CO;1963;p0p99;33367.699;;0.90829998;0.90829998
;US-CO;1963;p99.5p100;475914.59;;0.065399997;0.065399997
;US-CO;1962;p0p100;1855437.6;25935257140.0;1.0;1.0
;US-CO;1962;p99p100;321327.5;;0.089699998;0.089699998
;US-CO;1962;p99.9p100;937112.38;;0.0262;0.0262
;US-CO;1962;p99.99p100;3069638.0;;0.0086000003;0.0086000003
;US-CO;1962;p90p100;114657.8;;0.3202;0.3202
;US-CO;1962;p90p95;76056.5;;0.1062;0.1062
;US-CO;1962;p95p99;111242.2;;0.1243;0.1243
;US-CO;1962;p99.5p99.9;314835.69;;0.0352;0.0352
;US-CO;1962;p99.9p99.99;701018.88;;0.0176;0.0176
;US-CO;1962;p99p99.5;203087.7;;0.0284;0.0284
;US-CO;1962;p95p100;153259.3;;0.214;0.214
;US-CO;1962;p0p90;27050.1;;0.67979997;0.67979997
;US-CO;1962;p0p99;32926.199;;0.91030002;0.91030002
;US-CO;1962;p99.5p100;439559.59;;0.0614;0.0614
;US-CO;1961;p0p100;1893348.9;25258838894.0;1.0;1.0
;US-CO;1961;p99p100;348785.81;;0.097400002;0.097400002
;US-CO;1961;p99.9p100;1208027.3;;0.0337;0.0337
;US-CO;1961;p99.99p100;5848394.0;;0.0163;0.0163
;US-CO;1961;p90p100;117708.5;;0.32859999;0.32859999
;US-CO;1961;p90p95;76065.398;;0.1062;0.1062
;US-CO;1961;p95p99;111995.5;;0.1251;0.1251
;US-CO;1961;p99.5p99.9;294337.81;;0.032900002;0.032900002
;US-CO;1961;p99.9p99.99;691509.5;;0.0174;0.0174
;US-CO;1961;p99p99.5;220570.5;;0.0308;0.0308
;US-CO;1961;p95p100;159352.3;;0.22239999;0.22239999
;US-CO;1961;p0p90;26721.1;;0.67140001;0.67140001
;US-CO;1961;p0p99;32658.199;;0.90259999;0.90259999
;US-CO;1961;p99.5p100;477008.19;;0.066600002;0.066600002
;US-CO;1960;p0p100;1839839.4;23392400467.0;1.0;1.0
;US-CO;1960;p99p100;305230.31;;0.089500003;0.089500003
;US-CO;1960;p99.9p100;896607.81;;0.0263;0.0263
;US-CO;1960;p99.99p100;2866696.3;;0.0083999997;0.0083999997
;US-CO;1960;p90p100;109195.0;;0.32010001;0.32010001
;US-CO;1960;p90p95;72654.0;;0.1065;0.1065
;US-CO;1960;p95p99;105863.8;;0.1241;0.1241
;US-CO;1960;p99.5p99.9;301310.91;;0.035300002;0.035300002
;US-CO;1960;p99.9p99.99;678660.19;;0.017899999;0.017899999
;US-CO;1960;p99p99.5;189801.41;;0.027799999;0.027799999
;US-CO;1960;p95p100;145735.91;;0.21359999;0.21359999
;US-CO;1960;p0p90;25770.301;;0.67989999;0.67989999
;US-CO;1960;p0p99;31373.699;;0.91049999;0.91049999
;US-CO;1960;p99.5p100;420653.81;;0.061700001;0.061700001
;US-CO;1959;p0p100;1857471.8;22452488892.0;1.0;1.0
;US-CO;1959;p99p100;308035.59;;0.092500001;0.092500001
;US-CO;1959;p99.9p100;854722.0;;0.025699999;0.025699999
;US-CO;1959;p99.99p100;2578723.8;;0.0077;0.0077
;US-CO;1959;p90p100;107643.3;;0.32339999;0.32339999
;US-CO;1959;p90p95;70923.797;;0.1065;0.1065
;US-CO;1959;p95p99;103448.7;;0.1243;0.1243
;US-CO;1959;p99.5p99.9;318305.81;;0.0383;0.0383
;US-CO;1959;p99.9p99.99;663599.88;;0.017899999;0.017899999
;US-CO;1959;p99p99.5;190296.09;;0.0286;0.0286
;US-CO;1959;p95p100;144363.91;;0.21690001;0.21690001
;US-CO;1959;p0p90;25023.9;;0.67659998;0.67659998
;US-CO;1959;p0p99;30510.199;;0.90750003;0.90750003
;US-CO;1959;p99.5p100;425783.59;;0.064000003;0.064000003
;US-CO;1958;p0p100;1782882.8;20885370596.0;1.0;1.0
;US-CO;1958;p99p100;293775.19;;0.093199998;0.093199998
;US-CO;1958;p99.9p100;808768.38;;0.025699999;0.025699999
;US-CO;1958;p99.99p100;2367243.0;;0.0074999998;0.0074999998
;US-CO;1958;p90p100;101517.0;;0.3222;0.3222
;US-CO;1958;p90p95;65793.102;;0.1044;0.1044
;US-CO;1958;p95p99;98108.398;;0.1245;0.1245
;US-CO;1958;p99.5p99.9;305573.41;;0.038800001;0.038800001
;US-CO;1958;p99.9p99.99;636268.69;;0.018200001;0.018200001
;US-CO;1958;p99p99.5;181000.7;;0.0287;0.0287
;US-CO;1958;p95p100;137241.5;;0.21780001;0.21780001
;US-CO;1958;p0p90;23734.0;;0.67790002;0.67790002
;US-CO;1958;p0p99;28862.1;;0.90679997;0.90679997
;US-CO;1958;p99.5p100;406548.31;;0.064499997;0.064499997
;US-CO;1957;p0p100;1931235.8;21059269623.0;1.0;1.0
;US-CO;1957;p99p100;298146.19;;0.092200004;0.092200004
;US-CO;1957;p99.9p100;912527.5;;0.028200001;0.028200001
;US-CO;1957;p99.99p100;2928031.5;;0.0091000004;0.0091000004
;US-CO;1957;p90p100;100363.1;;0.31029999;0.31029999
;US-CO;1957;p90p95;64242.898;;0.099299997;0.099299997
;US-CO;1957;p95p99;96068.297;;0.1188;0.1188
;US-CO;1957;p99.5p99.9;292831.09;;0.036200002;0.036200002
;US-CO;1957;p99.9p99.99;688707.69;;0.019200001;0.019200001
;US-CO;1957;p99p99.5;179507.41;;0.0277;0.0277
;US-CO;1957;p95p100;136483.5;;0.211;0.211
;US-CO;1957;p0p90;24786.5;;0.68970001;0.68970001
;US-CO;1957;p0p99;29659.4;;0.90780002;0.90780002
;US-CO;1957;p99.5p100;416783.81;;0.064400002;0.064400002
;US-CO;1956;p0p100;2006250.5;20006111694.0;1.0;1.0
;US-CO;1956;p99p100;349258.59;;0.1115;0.1115
;US-CO;1956;p99.9p100;893096.19;;0.0285;0.0285
;US-CO;1956;p99.99p100;2668941.0;;0.0085000005;0.0085000005
;US-CO;1956;p90p100;108929.7;;0.3477;0.3477
;US-CO;1956;p90p95;65923.797;;0.1052;0.1052
;US-CO;1956;p95p99;102514.2;;0.1309;0.1309
;US-CO;1956;p99.5p99.9;423215.09;;0.054000001;0.054000001
;US-CO;1956;p99.9p99.99;696703.5;;0.02;0.02
;US-CO;1956;p99p99.5;180068.91;;0.0287;0.0287
;US-CO;1956;p95p100;151863.09;;0.24240001;0.24240001
;US-CO;1956;p0p90;22716.301;;0.65259999;0.65259999
;US-CO;1956;p0p99;28117.199;;0.88849998;0.88849998
;US-CO;1956;p99.5p100;518451.41;;0.082699999;0.082699999
;US-CO;1955;p0p100;1966832.3;18675193667.0;1.0;1.0
;US-CO;1955;p99p100;318619.81;;0.1069;0.1069
;US-CO;1955;p99.9p100;991177.69;;0.033199999;0.033199999
;US-CO;1955;p99.99p100;3548006.8;;0.0119;0.0119
;US-CO;1955;p90p100;100372.6;;0.33669999;0.33669999
;US-CO;1955;p90p95;61354.398;;0.1029;0.1029
;US-CO;1955;p95p99;94608.898;;0.1269;0.1269
;US-CO;1955;p99.5p99.9;314705.31;;0.042199999;0.042199999
;US-CO;1955;p99.9p99.99;707080.69;;0.021299999;0.021299999
;US-CO;1955;p99p99.5;187242.09;;0.031399999;0.031399999
;US-CO;1955;p95p100;139405.5;;0.23379999;0.23379999
;US-CO;1955;p0p90;21973.199;;0.66329998;0.66329998
;US-CO;1955;p0p99;26896.9;;0.89310002;0.89310002
;US-CO;1955;p99.5p100;449997.69;;0.075499997;0.075499997
;US-CO;1954;p0p100;1834310.4;17209830251.0;1.0;1.0
;US-CO;1954;p99p100;301499.69;;0.1076;0.1076
;US-CO;1954;p99.9p100;972697.38;;0.034699999;0.034699999
;US-CO;1954;p99.99p100;3560075.8;;0.0127;0.0127
;US-CO;1954;p90p100;97034.5;;0.34639999;0.34639999
;US-CO;1954;p90p95;59659.301;;0.1065;0.1065
;US-CO;1954;p95p99;92659.898;;0.1323;0.1323
;US-CO;1954;p99.5p99.9;280630.09;;0.040100001;0.040100001
;US-CO;1954;p99.9p99.99;685197.0;;0.022;0.022
;US-CO;1954;p99p99.5;183956.0;;0.0328;0.0328
;US-CO;1954;p95p100;134410.8;;0.23989999;0.23989999
;US-CO;1954;p0p90;20343.801;;0.65359998;0.65359998
;US-CO;1954;p0p99;25251.301;;0.89240003;0.89240003
;US-CO;1954;p99.5p100;419043.91;;0.0748;0.0748
;US-CO;1953;p0p100;1843925.5;16796726652.0;1.0;1.0
;US-CO;1953;p99p100;262501.91;;0.094099998;0.094099998
;US-CO;1953;p99.9p100;722623.31;;0.025900001;0.025900001
;US-CO;1953;p99.99p100;1985486.6;;0.0071;0.0071
;US-CO;1953;p90p100;90637.0;;0.3251;0.3251
;US-CO;1953;p90p95;59506.699;;0.1067;0.1067
;US-CO;1953;p95p99;86874.602;;0.1246;0.1246
;US-CO;1953;p99.5p99.9;276017.69;;0.0396;0.0396
;US-CO;1953;p99.9p99.99;583098.0;;0.0188;0.0188
;US-CO;1953;p99p99.5;159795.41;;0.0287;0.0287
;US-CO;1953;p95p100;121967.4;;0.21870001;0.21870001
;US-CO;1953;p0p90;20894.1;;0.67449999;0.67449999
;US-CO;1953;p0p99;25511.5;;0.9059;0.9059
;US-CO;1953;p99.5p100;365232.81;;0.065499999;0.065499999
;US-CO;1952;p0p100;1928553.1;16983914764.0;1.0;1.0
;US-CO;1952;p99p100;313478.41;;0.1091;0.1091
;US-CO;1952;p99.9p100;861917.31;;0.029999999;0.029999999
;US-CO;1952;p99.99p100;2170497.5;;0.0076000001;0.0076000001
;US-CO;1952;p90p100;95705.797;;0.33320001;0.33320001
;US-CO;1952;p90p95;57589.398;;0.1002;0.1002
;US-CO;1952;p95p99;88771.898;;0.1236;0.1236
;US-CO;1952;p99.5p99.9;329646.31;;0.045899998;0.045899998
;US-CO;1952;p99.9p99.99;718173.81;;0.022500001;0.022500001
;US-CO;1952;p99p99.5;191079.8;;0.033300001;0.033300001
;US-CO;1952;p95p100;133715.91;;0.23270001;0.23270001
;US-CO;1952;p0p90;21286.801;;0.66689998;0.66689998
;US-CO;1952;p0p99;25849.5;;0.89090002;0.89090002
;US-CO;1952;p99.5p100;435928.41;;0.075900003;0.075900003
;US-CO;1951;p0p100;1949343.5;16122869656.0;1.0;1.0
;US-CO;1951;p99p100;338730.91;;0.1218;0.1218
;US-CO;1951;p99.9p100;1088182.3;;0.039099999;0.039099999
;US-CO;1951;p99.99p100;2760009.3;;0.0098999999;0.0098999999
;US-CO;1951;p90p100;98509.203;;0.35429999;0.35429999
;US-CO;1951;p90p95;55859.699;;0.1004;0.1004
;US-CO;1951;p95p99;91349.602;;0.1314;0.1314
;US-CO;1951;p99.5p99.9;334664.0;;0.048099998;0.048099998
;US-CO;1951;p99.9p99.99;905526.19;;0.029300001;0.029300001
;US-CO;1951;p99p99.5;190051.8;;0.034200002;0.034200002
;US-CO;1951;p95p100;141122.7;;0.2538;0.2538
;US-CO;1951;p0p99;18161.801;;0.64660001;0.64660001
;US-CO;1951;p99.5p100;486654.19;;0.087499999;0.087499999
;US-CO;1950;p0p100;2087558.4;14541323721.0;1.0;1.0
;US-CO;1950;p99p100;326843.69;;0.1278;0.1278
;US-CO;1950;p99.9p100;1025867.3;;0.040100001;0.040100001
;US-CO;1950;p99.99p100;2665012.0;;0.0104;0.0104
;US-CO;1950;p90p100;95445.5;;0.3732;0.3732
;US-CO;1950;p90p95;51759.5;;0.1012;0.1012
;US-CO;1950;p95p99;92401.0;;0.1445;0.1445
;US-CO;1950;p99.5p99.9;325015.31;;0.050799999;0.050799999
;US-CO;1950;p99.9p99.99;851412.63;;0.029999999;0.029999999
;US-CO;1950;p99p99.5;188693.3;;0.036899999;0.036899999
;US-CO;1950;p95p100;139191.59;;0.2721;0.2721
;US-CO;1950;p0p90;17794.1;;0.62620002;0.62620002
;US-CO;1950;p0p99;22531.9;;0.87220001;0.87220001
;US-CO;1950;p99.5p100;465055.81;;0.090899996;0.090899996
;US-CO;1949;p0p100;1972460.4;13273726911.0;1.0;1.0
;US-CO;1949;p99p100;259690.2;;0.1096;0.1096
;US-CO;1949;p99.9p100;724153.0;;0.0306;0.0306
;US-CO;1949;p99.99p100;1912516.8;;0.0081000002;0.0081000002
;US-CO;1949;p90p100;84681.602;;0.35730001;0.35730001
;US-CO;1949;p90p95;53591.398;;0.1131;0.1131
;US-CO;1949;p95p99;79734.203;;0.1346;0.1346
;US-CO;1949;p99.5p99.9;273222.31;;0.046100002;0.046100002
;US-CO;1949;p99.9p99.99;592137.63;;0.022500001;0.022500001
;US-CO;1949;p99p99.5;155968.41;;0.032900002;0.032900002
;US-CO;1949;p95p100;115665.7;;0.244;0.244
;US-CO;1949;p0p90;16924.6;;0.64279997;0.64279997
;US-CO;1949;p0p99;21314.199;;0.89039999;0.89039999
;US-CO;1949;p99.5p100;363408.81;;0.076700002;0.076700002
;US-CO;1948;p0p100;1922906.8;13037369219.0;1.0;1.0
;US-CO;1948;p99p100;298376.59;;0.1267;0.1267
;US-CO;1948;p99.9p100;856014.0;;0.0363;0.0363
;US-CO;1948;p99.99p100;2455810.5;;0.0104;0.0104
;US-CO;1948;p90p100;86400.203;;0.36680001;0.36680001
;US-CO;1948;p90p95;43912.801;;0.093199998;0.093199998
;US-CO;1948;p95p99;86606.0;;0.1471;0.1471
;US-CO;1948;p99.5p99.9;309233.09;;0.052499998;0.052499998
;US-CO;1948;p99.9p99.99;678277.13;;0.025900001;0.025900001
;US-CO;1948;p99p99.5;178172.8;;0.037799999;0.037799999
;US-CO;1948;p95p100;128939.3;;0.2737;0.2737
;US-CO;1948;p0p90;16571.301;;0.63309997;0.63309997
;US-CO;1948;p0p99;20781.9;;0.87330002;0.87330002
;US-CO;1948;p99.5p100;418585.81;;0.088799998;0.088799998
;US-CO;1947;p0p100;2155669.8;12430757281.0;1.0;1.0
;US-CO;1947;p99p100;274278.81;;0.1206;0.1206
;US-CO;1947;p99.9p100;778640.69;;0.034200002;0.034200002
;US-CO;1947;p99.99p100;2139932.3;;0.0093999999;0.0093999999
;US-CO;1947;p90p100;84019.297;;0.36950001;0.36950001
;US-CO;1947;p90p95;46302.898;;0.1018;0.1018
;US-CO;1947;p95p99;83616.703;;0.1471;0.1471
;US-CO;1947;p99.5p99.9;278978.81;;0.0491;0.0491
;US-CO;1947;p99.9p99.99;627463.31;;0.024800001;0.024800001
;US-CO;1947;p99p99.5;169619.59;;0.037300002;0.037300002
;US-CO;1947;p95p100;121734.8;;0.26769999;0.26769999
;US-CO;1947;p0p90;15927.6;;0.63050002;0.63050002
;US-CO;1947;p0p99;20196.6;;0.87940001;0.87940001
;US-CO;1947;p99.5p100;378909.0;;0.083300002;0.083300002
;US-CO;1946;p0p100;2694157.5;11710169416.0;1.0;1.0
;US-CO;1946;p99p100;290485.5;;0.1337;0.1337
;US-CO;1946;p99.9p100;882059.19;;0.040600002;0.040600002
;US-CO;1946;p99.99p100;2587887.3;;0.0119;0.0119
;US-CO;1946;p90p100;85198.0;;0.39210001;0.39210001
;US-CO;1946;p90p95;45680.699;;0.1051;0.1051
;US-CO;1946;p95p99;83281.703;;0.1533;0.1533
;US-CO;1946;p99.5p99.9;291417.19;;0.053599998;0.053599998
;US-CO;1946;p99.9p99.99;692548.38;;0.0287;0.0287
;US-CO;1946;p99p99.5;171397.2;;0.0394;0.0394
;US-CO;1946;p95p100;124715.0;;0.287;0.287
;US-CO;1946;p0p90;14676.7;;0.60790002;0.60790002
;US-CO;1946;p0p99;19014.4;;0.86629999;0.86629999
;US-CO;1946;p99.5p100;409545.0;;0.0942;0.0942
;US-CO;1945;p0p100;3175006.3;11647823243.0;1.0;1.0
;US-CO;1945;p99p100;282163.69;;0.12980001;0.12980001
;US-CO;1945;p99.9p100;900189.88;;0.0414;0.0414
;US-CO;1945;p99.99p100;2729608.0;;0.0126;0.0126
;US-CO;1945;p90p100;82277.602;;0.37850001;0.37850001
;US-CO;1945;p90p95;45965.5;;0.1057;0.1057
;US-CO;1945;p95p99;77711.797;;0.14300001;0.14300001
;US-CO;1945;p99.5p99.9;278443.09;;0.051199999;0.051199999
;US-CO;1945;p99.9p99.99;696958.13;;0.028899999;0.028899999
;US-CO;1945;p99p99.5;161510.91;;0.037099998;0.037099998
;US-CO;1945;p95p100;118589.7;;0.2728;0.2728
;US-CO;1945;p0p90;15011.3;;0.62150002;0.62150002
;US-CO;1945;p0p99;19107.9;;0.87019998;0.87019998
;US-CO;1945;p99.5p100;402785.81;;0.092600003;0.092600003
;US-CO;1944;p0p100;3109985.8;10835276313.0;1.0;1.0
;US-CO;1944;p99p100;248123.2;;0.1219;0.1219
;US-CO;1944;p99.9p100;828135.38;;0.0407;0.0407
;US-CO;1944;p99.99p100;2780829.8;;0.0137;0.0137
;US-CO;1944;p90p100;76319.297;;0.37490001;0.37490001
;US-CO;1944;p90p95;48560.102;;0.1193;0.1193
;US-CO;1944;p95p99;69100.797;;0.1358;0.1358
;US-CO;1944;p99.5p99.9;239554.3;;0.0471;0.0471
;US-CO;1944;p99.9p99.99;610836.0;;0.027000001;0.027000001
;US-CO;1944;p99p99.5;139088.7;;0.034200002;0.034200002
;US-CO;1944;p95p100;104755.3;;0.25729999;0.25729999
;US-CO;1944;p0p90;14091.3;;0.62300003;0.62300003
;US-CO;1944;p0p99;18055.0;;0.87809998;0.87809998
;US-CO;1944;p99.5p100;357255.0;;0.087800004;0.087800004
;US-CO;1943;p0p100;3537480.3;11814312369.0;1.0;1.0
;US-CO;1943;p99p100;294554.91;;0.13169999;0.13169999
;US-CO;1943;p99.9p100;1043730.7;;0.046700001;0.046700001
;US-CO;1943;p99.99p100;3544945.0;;0.015799999;0.015799999
;US-CO;1943;p90p100;80551.602;;0.3601;0.3601
;US-CO;1943;p90p95;44046.898;;0.098499998;0.098499998
;US-CO;1943;p95p99;72686.203;;0.13;0.13
;US-CO;1943;p99.5p99.9;281268.5;;0.050299998;0.050299998
;US-CO;1943;p99.9p99.99;758999.5;;0.0305;0.0305
;US-CO;1943;p99p99.5;155359.8;;0.034699999;0.034699999
;US-CO;1943;p95p100;117065.6;;0.2617;0.2617
;US-CO;1943;p0p90;15911.6;;0.64020002;0.64020002
;US-CO;1943;p0p99;19620.4;;0.86830002;0.86830002
;US-CO;1943;p99.5p100;433741.81;;0.096900001;0.096900001
;US-CO;1942;p0p100;3481146.3;10217612109.0;1.0;1.0
;US-CO;1942;p99p100;262319.19;;0.13429999;0.13429999
;US-CO;1942;p99.9p100;951214.69;;0.048700001;0.048700001
;US-CO;1942;p99.99p100;3109937.3;;0.015900001;0.015900001
;US-CO;1942;p90p100;71528.398;;0.36610001;0.36610001
;US-CO;1942;p90p95;40516.301;;0.1037;0.1037
;US-CO;1942;p95p99;62588.301;;0.12809999;0.12809999
;US-CO;1942;p99.5p99.9;250499.7;;0.0513;0.0513
;US-CO;1942;p99.9p99.99;711423.38;;0.0328;0.0328
;US-CO;1942;p99p99.5;134002.59;;0.034299999;0.034299999
;US-CO;1942;p95p100;102540.9;;0.2624;0.2624
;US-CO;1942;p0p90;13760.9;;0.63389999;0.63389999
;US-CO;1942;p0p99;17085.1;;0.86570001;0.86570001
;US-CO;1942;p99.5p100;390626.81;;0.1;0.1
;US-CO;1941;p0p100;3253827.8;7744675457.0;1.0;1.0
;US-CO;1941;p99p100;235156.0;;0.1577;0.1577
;US-CO;1941;p99.9p100;863166.69;;0.0579;0.0579
;US-CO;1941;p99.99p100;3208575.5;;0.021500001;0.021500001
;US-CO;1941;p90p100;65620.797;;0.44;0.44
;US-CO;1941;p90p95;37757.898;;0.1266;0.1266
;US-CO;1941;p95p99;58046.699;;0.1557;0.1557
;US-CO;1941;p99.5p99.9;221399.2;;0.0594;0.0594
;US-CO;1941;p99.9p99.99;603054.69;;0.036400001;0.036400001
;US-CO;1941;p99p99.5;120542.5;;0.040399998;0.040399998
;US-CO;1941;p95p100;93495.398;;0.31349999;0.31349999
;US-CO;1941;p0p90;9279.7998;;0.56;0.56
;US-CO;1941;p0p99;12688.8;;0.8423;0.8423
;US-CO;1941;p99.5p100;349738.69;;0.1173;0.1173
;US-CO;1940;p0p100;3220493.5;6911086600.0;1.0;1.0
;US-CO;1940;p99p100;208127.5;;0.15549999;0.15549999
;US-CO;1940;p99.9p100;725764.19;;0.054200001;0.054200001
;US-CO;1940;p99.99p100;2385855.0;;0.0178;0.0178
;US-CO;1940;p90p100;64031.199;;0.47830001;0.47830001
;US-CO;1940;p90p95;39427.5;;0.1472;0.1472
;US-CO;1940;p95p99;58675.0;;0.1753;0.1753
;US-CO;1940;p99.5p99.9;199530.91;;0.059599999;0.059599999
;US-CO;1940;p99.9p99.99;541160.81;;0.036400001;0.036400001
;US-CO;1940;p99p99.5;111372.8;;0.0416;0.0416
;US-CO;1940;p95p100;88612.797;;0.33090001;0.33090001
;US-CO;1940;p0p90;7766.0;;0.52200001;0.52200001
;US-CO;1940;p0p99;11421.3;;0.84450001;0.84450001
;US-CO;1940;p99.5p100;304811.0;;0.1138;0.1138
;US-CO;1939;p0p100;3185583.0;6588540623.0;1.0;1.0
;US-CO;1939;p99p100;207011.09;;0.1593;0.1593
;US-CO;1939;p99.9p100;734056.0;;0.056499999;0.056499999
;US-CO;1939;p99.99p100;2578228.0;;0.0198;0.0198
;US-CO;1939;p90p100;58547.602;;0.4506;0.4506
;US-CO;1939;p90p95;30243.4;;0.1164;0.1164
;US-CO;1939;p95p99;56282.199;;0.1733;0.1733
;US-CO;1939;p99.5p99.9;195796.0;;0.0603;0.0603
;US-CO;1939;p99.9p99.99;529253.13;;0.036699999;0.036699999
;US-CO;1939;p99p99.5;110519.0;;0.0425;0.0425
;US-CO;1939;p95p100;86453.398;;0.33270001;0.33270001
;US-CO;1939;p0p90;7954.2002;;0.551;0.551
;US-CO;1939;p0p99;11032.4;;0.84069997;0.84069997
;US-CO;1939;p99.5p100;303455.91;;0.1168;0.1168
;US-CO;1938;p0p100;3046062.0;6377839988.0;1.0;1.0
;US-CO;1938;p99p100;198884.09;;0.1556;0.1556
;US-CO;1938;p99.9p100;765978.0;;0.059900001;0.059900001
;US-CO;1938;p99.99p100;3344868.5;;0.0262;0.0262
;US-CO;1938;p90p100;53053.102;;0.41499999;0.41499999
;US-CO;1938;p90p95;25944.5;;0.1015;0.1015
;US-CO;1938;p95p99;49013.301;;0.1534;0.1534
;US-CO;1938;p99.5p99.9;178193.91;;0.055799998;0.055799998
;US-CO;1938;p99.9p99.99;481119.91;;0.0339;0.0339
;US-CO;1938;p99p99.5;102098.8;;0.039900001;0.039900001
;US-CO;1938;p95p100;78986.297;;0.3089;0.3089
;US-CO;1938;p0p90;8372.9004;;0.58939999;0.58939999
;US-CO;1938;p0p99;10904.3;;0.84439999;0.84439999
;US-CO;1938;p99.5p100;295644.81;;0.1156;0.1156
;US-CO;1937;p0p100;3043196.8;6510980742.0;1.0;1.0
;US-CO;1937;p99p100;237558.41;;0.17910001;0.17910001
;US-CO;1937;p99.9p100;911745.5;;0.068800002;0.068800002
;US-CO;1937;p99.99p100;3565430.3;;0.026900001;0.026900001
;US-CO;1937;p90p100;59853.699;;0.45140001;0.45140001
;US-CO;1937;p90p95;28384.699;;0.107;0.107
;US-CO;1937;p95p99;53660.699;;0.1619;0.1619
;US-CO;1937;p99.5p99.9;218612.5;;0.065899998;0.065899998
;US-CO;1937;p99.9p99.99;616834.63;;0.041900001;0.041900001
;US-CO;1937;p99p99.5;117878.5;;0.044399999;0.044399999
;US-CO;1937;p95p100;90439.0;;0.34099999;0.34099999
;US-CO;1937;p0p90;8133.0;;0.55199999;0.55199999
;US-CO;1937;p0p99;10995.3;;0.82090002;0.82090002
;US-CO;1937;p99.5p100;357239.41;;0.1347;0.1347
;US-CO;1936;p0p100;3454403.8;6787105147.0;1.0;1.0
;US-CO;1936;p99p100;257788.09;;0.1839;0.1839
;US-CO;1936;p99.9p100;996270.5;;0.071099997;0.071099997
;US-CO;1936;p99.99p100;3595867.0;;0.025599999;0.025599999
;US-CO;1936;p90p100;62497.602;;0.44569999;0.44569999
;US-CO;1936;p90p95;29423.6;;0.1049;0.1049
;US-CO;1936;p95p99;53980.699;;0.154;0.154
;US-CO;1936;p99.5p99.9;240612.41;;0.068599999;0.068599999
;US-CO;1936;p99.9p99.99;707405.38;;0.045400001;0.045400001
;US-CO;1936;p99p99.5;123834.8;;0.044199999;0.044199999
;US-CO;1936;p95p100;94745.5;;0.33790001;0.33790001
;US-CO;1936;p0p90;8680.7002;;0.55720001;0.55720001
;US-CO;1936;p0p99;11558.6;;0.8161;0.8161
;US-CO;1936;p99.5p100;391743.91;;0.1397;0.1397
;US-CO;1935;p0p100;2935663.5;5576156545.0;1.0;1.0
;US-CO;1935;p99p100;192154.8;;0.1644;0.1644
;US-CO;1935;p99.9p100;697930.19;;0.059700001;0.059700001
;US-CO;1935;p99.99p100;2380386.8;;0.020400001;0.020400001
;US-CO;1935;p90p100;51709.102;;0.4425;0.4425
;US-CO;1935;p90p95;26471.5;;0.1133;0.1133
;US-CO;1935;p95p99;47283.898;;0.1618;0.1618
;US-CO;1935;p99.5p99.9;180499.0;;0.061799999;0.061799999
;US-CO;1935;p99.9p99.99;510991.19;;0.0394;0.0394
;US-CO;1935;p99p99.5;100332.2;;0.0429;0.0429
;US-CO;1935;p95p100;76229.203;;0.32609999;0.32609999
;US-CO;1935;p0p90;7278.1001;;0.56050003;0.56050003
;US-CO;1935;p0p99;9863.9004;;0.83560002;0.83560002
;US-CO;1935;p99.5p100;283983.09;;0.1215;0.1215
;US-CO;1934;p0p100;2632969.0;4689813027.0;1.0;1.0
;US-CO;1934;p99p100;169658.59;;0.17;0.17
;US-CO;1934;p99.9p100;609323.0;;0.061099999;0.061099999
;US-CO;1934;p99.99p100;2197850.0;;0.022;0.022
;US-CO;1934;p90p100;48966.0;;0.49070001;0.49070001
;US-CO;1934;p90p95;25355.699;;0.12710001;0.12710001
;US-CO;1934;p95p99;48292.602;;0.1936;0.1936
;US-CO;1934;p99.5p99.9;158102.7;;0.0634;0.0634
;US-CO;1934;p99.9p99.99;432807.19;;0.039000001;0.039000001
;US-CO;1934;p99p99.5;90963.602;;0.045600001;0.045600001
;US-CO;1934;p95p100;72414.0;;0.36289999;0.36289999
;US-CO;1934;p0p90;5646.6001;;0.50929999;0.50929999
;US-CO;1934;p0p99;8365.0;;0.82999998;0.82999998
;US-CO;1934;p99.5p100;248345.5;;0.1244;0.1244
;US-CO;1933;p0p100;2835176.0;4660333702.0;1.0;1.0
;US-CO;1933;p99p100;140870.5;;0.14;0.14
;US-CO;1933;p99.9p100;499558.31;;0.049699999;0.049699999
;US-CO;1933;p99.99p100;1554892.8;;0.0155;0.0155
;US-CO;1933;p90p100;42103.801;;0.41859999;0.41859999
;US-CO;1933;p90p95;25071.801;;0.1246;0.1246
;US-CO;1933;p95p99;39911.102;;0.1587;0.1587
;US-CO;1933;p99.5p99.9;131349.59;;0.052200001;0.052200001
;US-CO;1933;p99.9p99.99;382298.91;;0.034200002;0.034200002
;US-CO;1933;p99p99.5;76749.602;;0.038199998;0.038199998
;US-CO;1933;p95p100;59970.801;;0.29809999;0.29809999
;US-CO;1933;p0p90;6444.6001;;0.57660002;0.57660002
;US-CO;1933;p0p99;8737.5996;;0.86000001;0.86000001
;US-CO;1933;p99.5p100;204991.3;;0.1019;0.1019
;US-CO;1932;p0p100;2496939.0;4497547099.0;1.0;1.0
;US-CO;1932;p99p100;143637.2;;0.1459;0.1459
;US-CO;1932;p99.9p100;490304.69;;0.049800001;0.049800001
;US-CO;1932;p99.99p100;1633786.4;;0.0166;0.0166
;US-CO;1932;p90p100;45779.5;;0.46509999;0.46509999
;US-CO;1932;p90p95;28212.801;;0.1433;0.1433
;US-CO;1932;p95p99;44098.898;;0.17919999;0.17919999
;US-CO;1932;p99.5p99.9;136700.3;;0.055500001;0.055500001
;US-CO;1932;p99.9p99.99;363251.19;;0.033199999;0.033199999
;US-CO;1932;p99p99.5;79853.203;;0.040600002;0.040600002
;US-CO;1932;p95p100;63847.898;;0.32429999;0.32429999
;US-CO;1932;p0p90;5814.2002;;0.5316;0.5316
;US-CO;1932;p0p99;8492.2998;;0.85409999;0.85409999
;US-CO;1932;p99.5p100;207421.2;;0.1054;0.1054
;US-CO;1931;p0p100;2389349.3;5273012666.0;1.0;1.0
;US-CO;1931;p99p100;175895.59;;0.15019999;0.15019999
;US-CO;1931;p99.9p100;621450.69;;0.053100001;0.053100001
;US-CO;1931;p99.99p100;2308578.0;;0.0197;0.0197
;US-CO;1931;p90p100;51841.5;;0.44279999;0.44279999
;US-CO;1931;p90p95;30593.4;;0.13060001;0.13060001
;US-CO;1931;p95p99;47256.5;;0.16140001;0.16140001
;US-CO;1931;p99.5p99.9;164690.3;;0.056299999;0.056299999
;US-CO;1931;p99.9p99.99;433992.09;;0.033399999;0.033399999
;US-CO;1931;p99p99.5;95748.797;;0.040899999;0.040899999
;US-CO;1931;p95p100;72860.0;;0.31110001;0.31110001
;US-CO;1931;p0p90;7255.6001;;0.55769998;0.55769998
;US-CO;1931;p0p99;10050.4;;0.84979999;0.84979999
;US-CO;1931;p99.5p100;256042.41;;0.1093;0.1093
;US-CO;1930;p0p100;2271139.8;5931798502.0;1.0;1.0
;US-CO;1930;p99p100;202222.5;;0.15109999;0.15109999
;US-CO;1930;p99.9p100;761366.13;;0.056899998;0.056899998
;US-CO;1930;p99.99p100;2917129.0;;0.0218;0.0218
;US-CO;1930;p90p100;54638.801;;0.40830001;0.40830001
;US-CO;1930;p90p95;28723.9;;0.1073;0.1073
;US-CO;1930;p95p99;49953.801;;0.14929999;0.14929999
;US-CO;1930;p99.5p99.9;183683.59;;0.054900002;0.054900002
;US-CO;1930;p99.9p99.99;521836.91;;0.035100002;0.035100002
;US-CO;1930;p99p99.5;105225.0;;0.039299998;0.039299998
;US-CO;1930;p95p100;80206.297;;0.29969999;0.29969999
;US-CO;1930;p0p90;8805.0;;0.59219998;0.59219998
;US-CO;1930;p0p99;11473.6;;0.84890002;0.84890002
;US-CO;1930;p99.5p100;299220.09;;0.1118;0.1118
;US-CO;1929;p0p100;2342704.8;6395975989.0;1.0;1.0
;US-CO;1929;p99p100;252397.7;;0.1737;0.1737
;US-CO;1929;p99.9p100;949090.13;;0.065300003;0.065300003
;US-CO;1929;p99.99p100;3175155.5;;0.0219;0.0219
;US-CO;1929;p90p100;60649.699;;0.4174;0.4174
;US-CO;1929;p90p95;28119.4;;0.096799999;0.096799999
;US-CO;1929;p95p99;54521.602;;0.15009999;0.15009999
;US-CO;1929;p99.5p99.9;235372.59;;0.064800002;0.064800002
;US-CO;1929;p99.9p99.99;701749.69;;0.043499999;0.043499999
;US-CO;1929;p99p99.5;126679.4;;0.0436;0.0436
;US-CO;1929;p95p100;93868.297;;0.32300001;0.32300001
;US-CO;1929;p0p90;9354.4004;;0.5794;0.5794
;US-CO;1929;p0p99;12127.1;;0.82630002;0.82630002
;US-CO;1929;p99.5p100;378116.09;;0.1301;0.1301
;US-CO;1928;p0p100;2352395.8;6378817785.0;1.0;1.0
;US-CO;1928;p99p100;261907.91;;0.1795;0.1795
;US-CO;1928;p99.9p100;1064195.6;;0.072899997;0.072899997
;US-CO;1928;p99.99p100;4043058.0;;0.0277;0.0277
;US-CO;1928;p90p100;61058.398;;0.41850001;0.41850001
;US-CO;1928;p90p95;27736.801;;0.095100001;0.095100001
;US-CO;1928;p95p99;53388.0;;0.1464;0.1464
;US-CO;1928;p99.5p99.9;234000.3;;0.064199999;0.064199999
;US-CO;1928;p99.9p99.99;733210.88;;0.045200001;0.045200001
;US-CO;1928;p99p99.5;123776.4;;0.042399999;0.042399999
;US-CO;1928;p95p100;94878.297;;0.32519999;0.32519999
;US-CO;1928;p0p90;9387.2002;;0.57910001;0.57910001
;US-CO;1928;p0p99;12091.7;;0.82050002;0.82050002
;US-CO;1928;p99.5p100;400039.31;;0.1371;0.1371
;US-CO;1927;p0p100;2257599.5;6234585681.0;1.0;1.0
;US-CO;1927;p99p100;231776.8;;0.1611;0.1611
;US-CO;1927;p99.9p100;868377.81;;0.060400002;0.060400002
;US-CO;1927;p99.99p100;2965638.5;;0.0206;0.0206
;US-CO;1927;p90p100;57440.0;;0.39930001;0.39930001
;US-CO;1927;p90p95;27780.0;;0.096500002;0.096500002
;US-CO;1927;p95p99;51554.0;;0.1433;0.1433
;US-CO;1927;p99.5p99.9;217171.09;;0.060400002;0.060400002
;US-CO;1927;p99.9p99.99;635348.81;;0.039700001;0.039700001
;US-CO;1927;p99p99.5;116141.2;;0.040399998;0.040399998
;US-CO;1927;p95p100;87416.0;;0.30379999;0.30379999
;US-CO;1927;p0p90;9575.2998;;0.59899998;0.59899998
;US-CO;1927;p0p99;12190.8;;0.83890003;0.83890003
;US-CO;1927;p99.5p100;347412.41;;0.1207;0.1207
;US-CO;1926;p0p100;2210112.0;6274224232.0;1.0;1.0
;US-CO;1926;p99p100;218778.0;;0.1495;0.1495
;US-CO;1926;p99.9p100;808608.81;;0.055300001;0.055300001
;US-CO;1926;p99.99p100;2872235.3;;0.0196;0.0196
;US-CO;1926;p90p100;57942.102;;0.396;0.396
;US-CO;1926;p90p95;30778.4;;0.1052;0.1052
;US-CO;1926;p95p99;53223.301;;0.1455;0.1455
;US-CO;1926;p99.5p99.9;205316.8;;0.0561;0.0561
;US-CO;1926;p99.9p99.99;579317.0;;0.035599999;0.035599999
;US-CO;1926;p99p99.5;111580.9;;0.0381;0.0381
;US-CO;1926;p95p100;86155.5;;0.29440001;0.29440001
;US-CO;1926;p0p90;9750.4004;;0.59979999;0.59979999
;US-CO;1926;p0p99;12568.9;;0.85049999;0.85049999
;US-CO;1926;p99.5p100;325975.19;;0.1114;0.1114
;US-CO;1925;p0p100;2316912.5;6388444446.0;1.0;1.0
;US-CO;1925;p99p100;212647.09;;0.14129999;0.14129999
;US-CO;1925;p99.9p100;790903.0;;0.0526;0.0526
;US-CO;1925;p99.99p100;2547053.8;;0.016899999;0.016899999
;US-CO;1925;p90p100;56617.699;;0.37619999;0.37619999
;US-CO;1925;p90p95;31835.801;;0.1058;0.1058
;US-CO;1925;p95p99;50762.301;;0.1349;0.1349
;US-CO;1925;p99.5p99.9;204142.3;;0.054299999;0.054299999
;US-CO;1925;p99.9p99.99;595775.19;;0.035599999;0.035599999
;US-CO;1925;p99p99.5;103799.8;;0.034499999;0.034499999
;US-CO;1925;p95p100;82969.102;;0.27559999;0.27559999
;US-CO;1925;p0p90;10334.7;;0.61799997;0.61799997
;US-CO;1925;p0p99;13054.0;;0.85869998;0.85869998
;US-CO;1925;p99.5p100;321494.5;;0.1068;0.1068
;US-CO;1924;p0p100;2403813.5;6229861211.0;1.0;1.0
;US-CO;1924;p99p100;190754.8;;0.1284;0.1284
;US-CO;1924;p99.9p100;689494.88;;0.046399999;0.046399999
;US-CO;1924;p99.99p100;2017547.3;;0.0136;0.0136
;US-CO;1924;p90p100;55814.0;;0.37580001;0.37580001
;US-CO;1924;p90p95;34610.301;;0.1165;0.1165
;US-CO;1924;p95p99;48975.699;;0.1319;0.1319
;US-CO;1924;p99.5p99.9;185008.5;;0.049800001;0.049800001
;US-CO;1924;p99.9p99.99;541933.63;;0.0328;0.0328
;US-CO;1924;p99p99.5;95603.797;;0.032200001;0.032200001
;US-CO;1924;p95p100;77331.5;;0.2604;0.2604
;US-CO;1924;p0p90;10281.8;;0.62309998;0.62309998
;US-CO;1924;p0p99;13073.9;;0.87159997;0.87159997
;US-CO;1924;p99.5p100;285905.81;;0.096299998;0.096299998
;US-CO;1923;p0p100;2499250.5;6349017544.0;1.0;1.0
;US-CO;1923;p99p100;176191.3;;0.1146;0.1146
;US-CO;1923;p99.9p100;654345.88;;0.0425;0.0425
;US-CO;1923;p99.99p100;2286705.0;;0.0149;0.0149
;US-CO;1923;p90p100;54090.699;;0.35170001;0.35170001
;US-CO;1923;p90p95;34144.5;;0.111;0.111
;US-CO;1923;p95p99;48702.398;;0.1267;0.1267
;US-CO;1923;p99.5p99.9;165112.0;;0.0429;0.0429
;US-CO;1923;p99.9p99.99;472972.19;;0.0277;0.0277
;US-CO;1923;p99p99.5;89423.898;;0.029100001;0.029100001
;US-CO;1923;p95p100;74200.102;;0.2412;0.2412
;US-CO;1923;p0p90;11069.8;;0.64780003;0.64780003
;US-CO;1923;p0p99;13755.7;;0.8854;0.8854
;US-CO;1923;p99.5p100;262958.81;;0.085500002;0.085500002
;US-CO;1922;p0p100;2426754.3;5866023614.0;1.0;1.0
;US-CO;1922;p99p100;192646.59;;0.1337;0.1337
;US-CO;1922;p99.9p100;776911.13;;0.0539;0.0539
;US-CO;1922;p99.99p100;3343870.0;;0.0232;0.0232
;US-CO;1922;p90p100;54433.898;;0.3777;0.3777
;US-CO;1922;p90p95;31780.5;;0.1103;0.1103
;US-CO;1922;p95p99;48369.602;;0.13420001;0.13420001
;US-CO;1922;p99.5p99.9;170140.41;;0.047200002;0.047200002
;US-CO;1922;p99.9p99.99;491693.5;;0.0307;0.0307
;US-CO;1922;p99p99.5;93798.703;;0.032499999;0.032499999
;US-CO;1922;p95p100;77225.0;;0.26789999;0.26789999
;US-CO;1922;p0p90;9958.0996;;0.62180001;0.62180001
;US-CO;1922;p0p99;12612.2;;0.86629999;0.86629999
;US-CO;1922;p99.5p100;291494.5;;0.1011;0.1011
;US-CO;1921;p0p100;1908513.1;5202007770.0;1.0;1.0
;US-CO;1921;p99p100;146704.91;;0.1135;0.1135
;US-CO;1921;p99.9p100;474331.0;;0.036699999;0.036699999
;US-CO;1921;p99.99p100;1309525.4;;0.0101;0.0101
;US-CO;1921;p90p100;47132.102;;0.36469999;0.36469999
;US-CO;1921;p90p95;29870.301;;0.1156;0.1156
;US-CO;1921;p95p99;44022.398;;0.1363;0.1363
;US-CO;1921;p99.5p99.9;144539.91;;0.0447;0.0447
;US-CO;1921;p99.9p99.99;381531.59;;0.0266;0.0266
;US-CO;1921;p99p99.5;82911.703;;0.032099999;0.032099999
;US-CO;1921;p95p100;64558.898;;0.2498;0.2498
;US-CO;1921;p0p90;9111.7998;;0.63459998;0.63459998
;US-CO;1921;p0p99;11570.7;;0.8865;0.8865
;US-CO;1921;p99.5p100;210498.09;;0.0814;0.0814
;US-CO;1920;p0p100;1620009.8;5442193129.0;1.0;1.0
;US-CO;1920;p99p100;156702.0;;0.114;0.114
;US-CO;1920;p99.9p100;518530.91;;0.037700001;0.037700001
;US-CO;1920;p99.99p100;1677055.6;;0.0122;0.0122
;US-CO;1920;p90p100;47938.5;;0.3488;0.3488
;US-CO;1920;p90p95;29426.199;;0.107;0.107
;US-CO;1920;p95p99;44095.301;;0.1283;0.1283
;US-CO;1920;p99.5p99.9;151691.0;;0.044100001;0.044100001
;US-CO;1920;p99.9p99.99;389806.0;;0.0255;0.0255
;US-CO;1920;p99p99.5;88345.0;;0.032099999;0.032099999
;US-CO;1920;p95p100;66616.703;;0.2423;0.2423
;US-CO;1920;p0p90;9935.9004;;0.65060002;0.65060002
;US-CO;1920;p0p99;12300.4;;0.88599998;0.88599998
;US-CO;1920;p99.5p100;225059.0;;0.081900001;0.081900001
;US-CO;1919;p0p100;2464243.0;6053658139.0;1.0;1.0
;US-CO;1919;p99p100;195936.59;;0.1257;0.1257
;US-CO;1919;p99.9p100;683080.38;;0.0438;0.0438
;US-CO;1919;p99.99p100;2026474.8;;0.013;0.013
;US-CO;1919;p90p100;57478.102;;0.3689;0.3689
;US-CO;1919;p90p95;33082.0;;0.1061;0.1061
;US-CO;1919;p95p99;53766.602;;0.138;0.138
;US-CO;1919;p99.5p99.9;184053.3;;0.047200002;0.047200002
;US-CO;1919;p99.9p99.99;534301.69;;0.0309;0.0309
;US-CO;1919;p99p99.5;107792.0;;0.034600001;0.034600001
;US-CO;1919;p95p100;82200.602;;0.2638;0.2638
;US-CO;1919;p0p90;10910.6;;0.63010001;0.63010001
;US-CO;1919;p0p99;13761.2;;0.8743;0.8743
;US-CO;1919;p99.5p100;284081.19;;0.091200002;0.091200002
;US-CO;1918;p0p100;3276229.0;6020775500.0;1.0;1.0
;US-CO;1918;p99p100;174369.41;;0.111;0.111
;US-CO;1918;p99.9p100;628317.63;;0.039999999;0.039999999
;US-CO;1918;p99.99p100;2098930.0;;0.0134;0.0134
;US-CO;1918;p90p100;56330.699;;0.35870001;0.35870001
;US-CO;1918;p90p95;38074.699;;0.1212;0.1212
;US-CO;1918;p95p99;51039.699;;0.13;0.13
;US-CO;1918;p99.5p99.9;163186.91;;0.0416;0.0416
;US-CO;1918;p99.9p99.99;464919.69;;0.0266;0.0266
;US-CO;1918;p99p99.5;92526.898;;0.0295;0.0295
;US-CO;1918;p95p100;75705.5;;0.241;0.241
;US-CO;1918;p0p90;11128.7;;0.63779998;0.63779998
;US-CO;1918;p0p99;14102.2;;0.889;0.889
;US-CO;1918;p99.5p100;256212.3;;0.081600003;0.081600003
;US-CO;1917;p0p100;4814400.5;6413101661.0;1.0;1.0
;US-CO;1917;p99p100;243228.7;;0.1454;0.1454
;US-CO;1917;p99.9p100;1030765.4;;0.0616;0.0616
;US-CO;1917;p99.99p100;3715253.8;;0.0222;0.0222
;US-CO;1917;p90p100;65727.398;;0.39289999;0.39289999
;US-CO;1917;p90p95;39326.699;;0.1175;0.1175
