Variable Name;.;.;.;Fiscal income  | tax unit | Average | Adults | constant 2015 local currency;Fiscal income  | tax unit | Total | Adults | constant 2015 local currency;Fiscal income  | tax unit | Share | Adults | share of total (ratio);Pre-tax national income  | tax unit | Share | Adults | share of total (ratio)
Variable Category;.;.;.;Income inequality;Income inequality;Income inequality;Income inequality
Variable Description;.;.;.;Average Fiscal income within a given percentile group. Fiscal income is defined as the sum of all income items reported on income tax returns, before any deduction. It includes labour income, capital income and mixed income. The concept of fiscal income varies with national tax legislations, so in order to make international comparisons it is preferable to use the concept of national income. The population is comprised of individuals over age 20. The base unit is the tax unit defined by national fiscal administrations to measure personal income taxes.;Total Fiscal income  within a given percentile group. Fiscal income is defined as the sum of all income items reported on income tax returns, before any deduction. It includes labour income, capital income and mixed income. The concept of fiscal income varies with national tax legislations, so in order to make international comparisons it is preferable to use the concept of national income. The population is comprised of individuals over age 20.;Fiscal income share held by a given percentile group. Fiscal income is defined as the sum of all income items reported on income tax returns, before any deduction. It includes labour income, capital income and mixed income. The concept of fiscal income varies with national tax legislations, so in order to make international comparisons it is preferable to use the concept of national income. The population is comprised of individuals over age 20. The base unit is the tax unit defined by national fiscal administrations to measure personal income taxes.;Pre-tax national income share held by a given percentile group. Pre-tax national income  is the sum of all pre-tax personal income flows accruing to the owners of the production factors, labor and capital, before taking into account the operation of the tax/transfer system, but after taking into account the operation of pension system. The central difference between personal factor income and pre-tax income is the treatment of pensions, which are counted on a contribution basis by factor income and on a distribution basis by pre-tax income. The population is comprised of individuals over age 20. The base unit is the tax unit defined by national fiscal administrations to measure personal income taxes.
Variable Decomposition;.;.;.;[Fiscal income ]=[Fiscal labour income ]+[Fiscal capital income ];[Fiscal income ]=[Fiscal labour income ]+[Fiscal capital income ];[Fiscal income ]=[Fiscal labour income ]+[Fiscal capital income ];Pre-tax national income =Pre-tax labor income [total pre-tax income ranking]+Pre-tax capital income [total pre-tax income ranking]
Variable Unit;.;.;.;"USD; United States dollar | local currency | market";"USD; United States dollar | local currency | market";share;share
Methodological Notes;.;.;.;;;;Assuming the same distribution as fiscal income.
Sources;.;.;.;Frank, Sommeiller, Price & Saez (2015);Frank, Sommeiller, Price & Saez (2015);Frank, Sommeiller, Price & Saez (2015);WID.world computations using: Frank, Sommeiller, Price & Saez (2015)
Variable Code;country;year;perc;afiinc992t;mfiinc992t;sfiinc992t;sptinc992t
;US-IA;2015;p0p100;64361.801;1.01332833207e+11;1.0;1.0
;US-IA;2015;p99p100;872030.31;;0.1355;0.1355
;US-IA;2015;p99.9p100;3397478.8;;0.0528;0.0528
;US-IA;2015;p99.99p100;12818936.0;;0.0199;0.0199
;US-IA;2015;p90p100;251031.41;;0.38999999;0.38999999
;US-IA;2015;p90p95;144989.3;;0.1126;0.1126
;US-IA;2015;p95p99;226648.5;;0.1409;0.1409
;US-IA;2015;p99.5p99.9;786824.13;;0.048900001;0.048900001
;US-IA;2015;p99.9p99.99;2394797.5;;0.033500001;0.033500001
;US-IA;2015;p99p99.5;432738.41;;0.033599999;0.033599999
;US-IA;2015;p95p100;356232.81;;0.27669999;0.27669999
;US-IA;2015;p0p90;43664.699;;0.61059999;0.61059999
;US-IA;2015;p0p99;56203.602;;0.86449999;0.86449999
;US-IA;2015;p99.5p100;1309149.3;;0.1017;0.1017
;US-IA;2014;p0p100;61788.898;97051377929.0;1.0;1.0
;US-IA;2014;p99p100;820698.88;;0.1331;0.1331
;US-IA;2014;p99.9p100;3181024.0;;0.051600002;0.051600002
;US-IA;2014;p99.99p100;12276541.0;;0.0199;0.0199
;US-IA;2014;p90p100;239523.8;;0.38859999;0.38859999
;US-IA;2014;p90p95;140624.0;;0.1141;0.1141
;US-IA;2014;p95p99;217531.41;;0.14120001;0.14120001
;US-IA;2014;p99.5p99.9;742007.0;;0.048099998;0.048099998
;US-IA;2014;p99.9p99.99;2194285.5;;0.032000002;0.032000002
;US-IA;2014;p99p99.5;412928.0;;0.033500001;0.033500001
;US-IA;2014;p95p100;338065.91;;0.27419999;0.27419999
;US-IA;2014;p0p90;41860.898;;0.61119998;0.61119998
;US-IA;2014;p0p99;53975.199;;0.86690003;0.86690003
;US-IA;2014;p99.5p100;1228382.8;;0.099600002;0.099600002
;US-IA;2013;p0p100;61880.301;94220260426.0;1.0;1.0
;US-IA;2013;p99p100;751430.69;;0.1257;0.1257
;US-IA;2013;p99.9p100;2757675.8;;0.046100002;0.046100002
;US-IA;2013;p99.99p100;10421121.0;;0.0174;0.0174
;US-IA;2013;p90p100;227774.5;;0.38100001;0.38100001
;US-IA;2013;p90p95;136141.91;;0.1139;0.1139
;US-IA;2013;p95p99;210690.59;;0.141;0.141
;US-IA;2013;p99.5p99.9;689304.0;;0.046100002;0.046100002
;US-IA;2013;p99.9p99.99;1913678.8;;0.0288;0.0288
;US-IA;2013;p99p99.5;400286.31;;0.033500001;0.033500001
;US-IA;2013;p95p100;318934.59;;0.26679999;0.26679999
;US-IA;2013;p0p90;41134.102;;0.61930001;0.61930001
;US-IA;2013;p0p99;52792.102;;0.8743;0.8743
;US-IA;2013;p99.5p100;1103190.0;;0.092299998;0.092299998
;US-IA;2012;p0p100;64059.0;94843327129.0;1.0;1.0
;US-IA;2012;p99p100;936997.88;;0.1559;0.1559
;US-IA;2012;p99.9p100;3958187.5;;0.065800004;0.065800004
;US-IA;2012;p99.99p100;16383874.0;;0.0273;0.0273
;US-IA;2012;p90p100;249210.2;;0.41460001;0.41460001
;US-IA;2012;p90p95;137404.2;;0.1143;0.1143
;US-IA;2012;p95p99;216433.5;;0.14399999;0.14399999
;US-IA;2012;p99.5p99.9;810495.0;;0.0539;0.0539
;US-IA;2012;p99.9p99.99;2611199.0;;0.039099999;0.039099999
;US-IA;2012;p99p99.5;434763.31;;0.036200002;0.036200002
;US-IA;2012;p95p100;360448.59;;0.29980001;0.29980001
;US-IA;2012;p0p90;39086.199;;0.58520001;0.58520001
;US-IA;2012;p0p99;51251.898;;0.8441;0.8441
;US-IA;2012;p99.5p100;1439484.8;;0.1197;0.1197
;US-IA;2011;p0p100;64595.602;88833188210.0;1.0;1.0
;US-IA;2011;p99p100;736081.31;;0.1265;0.1265
;US-IA;2011;p99.9p100;2783075.0;;0.047800001;0.047800001
;US-IA;2011;p99.99p100;10667468.0;;0.018300001;0.018300001
;US-IA;2011;p90p100;221996.91;;0.38159999;0.38159999
;US-IA;2011;p90p95;134288.0;;0.1154;0.1154
;US-IA;2011;p95p99;202290.2;;0.1391;0.1391
;US-IA;2011;p99.5p99.9;665083.63;;0.045699999;0.045699999
;US-IA;2011;p99.9p99.99;1918571.0;;0.0297;0.0297
;US-IA;2011;p99p99.5;383301.09;;0.032900002;0.032900002
;US-IA;2011;p95p100;308977.81;;0.26550001;0.26550001
;US-IA;2011;p0p90;40004.0;;0.61879998;0.61879998
;US-IA;2011;p0p99;51332.5;;0.87349999;0.87349999
;US-IA;2011;p99.5p100;1089553.8;;0.093599997;0.093599997
;US-IA;2010;p0p100;67240.898;85499937911.0;1.0;1.0
;US-IA;2010;p99p100;725724.19;;0.1275;0.1275
;US-IA;2010;p99.9p100;2810780.8;;0.049400002;0.049400002
;US-IA;2010;p99.99p100;11589110.0;;0.020400001;0.020400001
;US-IA;2010;p90p100;217514.2;;0.3822;0.3822
;US-IA;2010;p90p95;133647.0;;0.1174;0.1174
;US-IA;2010;p95p99;194026.41;;0.1364;0.1364
;US-IA;2010;p99.5p99.9;646445.31;;0.045400001;0.045400001
;US-IA;2010;p99.9p99.99;1833506.3;;0.028999999;0.028999999
;US-IA;2010;p99p99.5;371740.09;;0.032699998;0.032699998
;US-IA;2010;p95p100;300302.81;;0.2638;0.2638
;US-IA;2010;p0p90;39128.801;;0.61879998;0.61879998
;US-IA;2010;p0p99;50157.199;;0.8725;0.8725
;US-IA;2010;p99.5p100;1080946.4;;0.094999999;0.094999999
;US-IA;2009;p0p100;67769.0;82996827302.0;1.0;1.0
;US-IA;2009;p99p100;674923.81;;0.1216;0.1216
;US-IA;2009;p99.9p100;2637074.5;;0.047499999;0.047499999
;US-IA;2009;p99.99p100;10565436.0;;0.018999999;0.018999999
;US-IA;2009;p90p100;208090.59;;0.3748;0.3748
;US-IA;2009;p90p95;131273.91;;0.1182;0.1182
;US-IA;2009;p95p99;185745.7;;0.1338;0.1338
;US-IA;2009;p99.5p99.9;580527.0;;0.0418;0.0418
;US-IA;2009;p99.9p99.99;1705753.1;;0.0276;0.0276
;US-IA;2009;p99p99.5;338727.41;;0.0305;0.0305
;US-IA;2009;p95p100;283902.81;;0.25569999;0.25569999
;US-IA;2009;p0p90;38802.699;;0.62900001;0.62900001
;US-IA;2009;p0p99;49266.898;;0.87840003;0.87840003
;US-IA;2009;p99.5p100;1005201.4;;0.090499997;0.090499997
;US-IA;2008;p0p100;74275.602;90689868720.0;1.0;1.0
;US-IA;2008;p99p100;827321.63;;0.13500001;0.13500001
;US-IA;2008;p99.9p100;3485140.3;;0.056899998;0.056899998
;US-IA;2008;p99.99p100;14312442.0;;0.023399999;0.023399999
;US-IA;2008;p90p100;230362.41;;0.3759;0.3759
;US-IA;2008;p90p95;135603.5;;0.1106;0.1106
;US-IA;2008;p95p99;195571.7;;0.1276;0.1276
;US-IA;2008;p99.5p99.9;689004.81;;0.045000002;0.045000002
;US-IA;2008;p99.9p99.99;2223938.5;;0.032699998;0.032699998
;US-IA;2008;p99p99.5;375549.5;;0.0306;0.0306
;US-IA;2008;p95p100;323616.69;;0.264;0.264
;US-IA;2008;p0p90;42911.199;;0.63010001;0.63010001
;US-IA;2008;p0p99;53552.0;;0.86500001;0.86500001
;US-IA;2008;p99.5p100;1268094.8;;0.1035;0.1035
;US-IA;2007;p0p100;84608.203;95027744315.0;1.0;1.0
;US-IA;2007;p99p100;942622.63;;0.14560001;0.14560001
;US-IA;2007;p99.9p100;4165942.8;;0.064300001;0.064300001
;US-IA;2007;p99.99p100;17334776.0;;0.026799999;0.026799999
;US-IA;2007;p90p100;244013.41;;0.37689999;0.37689999
;US-IA;2007;p90p95;137590.8;;0.1063;0.1063
;US-IA;2007;p95p99;197084.41;;0.1218;0.1218
;US-IA;2007;p99.5p99.9;774101.88;;0.047800001;0.047800001
;US-IA;2007;p99.9p99.99;2662053.5;;0.037;0.037
;US-IA;2007;p99p99.5;398749.41;;0.0308;0.0308
;US-IA;2007;p95p100;348568.0;;0.2692;0.2692
;US-IA;2007;p0p90;45295.398;;0.62959999;0.62959999
;US-IA;2007;p0p99;55880.801;;0.85439998;0.85439998
;US-IA;2007;p99.5p100;1473279.9;;0.1138;0.1138
;US-IA;2006;p0p100;82250.898;88833123110.0;1.0;1.0
;US-IA;2006;p99p100;861556.69;;0.14480001;0.14480001
;US-IA;2006;p99.9p100;3715214.8;;0.062399998;0.062399998
;US-IA;2006;p99.99p100;14867309.0;;0.025;0.025
;US-IA;2006;p90p100;228429.59;;0.3838;0.3838
;US-IA;2006;p90p95;126121.0;;0.1059;0.1059
;US-IA;2006;p95p99;194072.5;;0.1304;0.1304
;US-IA;2006;p99.5p99.9;725962.19;;0.048799999;0.048799999
;US-IA;2006;p99.9p99.99;2463582.8;;0.037300002;0.037300002
;US-IA;2006;p99p99.5;375642.59;;0.031599998;0.031599998
;US-IA;2006;p95p100;329355.69;;0.27669999;0.27669999
;US-IA;2006;p0p90;41071.5;;0.62099999;0.62099999
;US-IA;2006;p0p99;51418.0;;0.85519999;0.85519999
;US-IA;2006;p99.5p100;1337982.4;;0.1124;0.1124
;US-IA;2005;p0p100;87293.703;86351418378.0;1.0;1.0
;US-IA;2005;p99p100;775329.69;;0.1309;0.1309
;US-IA;2005;p99.9p100;3192440.3;;0.0539;0.0539
;US-IA;2005;p99.99p100;12244679.0;;0.0207;0.0207
;US-IA;2005;p90p100;216041.2;;0.36480001;0.36480001
;US-IA;2005;p90p95;120093.6;;0.1014;0.1014
;US-IA;2005;p95p99;192565.09;;0.1301;0.1301
;US-IA;2005;p99.5p99.9;665585.13;;0.045000002;0.045000002
;US-IA;2005;p99.9p99.99;2175566.3;;0.033100002;0.033100002
;US-IA;2005;p99p99.5;356736.69;;0.030099999;0.030099999
;US-IA;2005;p95p100;310354.31;;0.26199999;0.26199999
;US-IA;2005;p0p90;42095.199;;0.6397;0.6397
;US-IA;2005;p0p99;51988.102;;0.86909997;0.86909997
;US-IA;2005;p99.5p100;1185141.5;;0.1001;0.1001
;US-IA;2004;p0p100;91714.398;84105305182.0;1.0;1.0
;US-IA;2004;p99p100;727364.31;;0.1249;0.1249
;US-IA;2004;p99.9p100;2983689.3;;0.051199999;0.051199999
;US-IA;2004;p99.99p100;11717551.0;;0.020099999;0.020099999
;US-IA;2004;p90p100;208574.0;;0.3581;0.3581
;US-IA;2004;p90p95;117501.5;;0.1009;0.1009
;US-IA;2004;p95p99;190357.59;;0.13070001;0.13070001
;US-IA;2004;p99.5p99.9;623584.31;;0.042800002;0.042800002
;US-IA;2004;p99.9p99.99;1993956.3;;0.0308;0.0308
;US-IA;2004;p99p99.5;342935.81;;0.0294;0.0294
;US-IA;2004;p95p100;298267.41;;0.25600001;0.25600001
;US-IA;2004;p0p90;41760.801;;0.64520001;0.64520001
;US-IA;2004;p0p99;51490.699;;0.87510002;0.87510002
;US-IA;2004;p99.5p100;1106352.5;;0.094999999;0.094999999
;US-IA;2003;p0p100;88626.297;76465744856.0;1.0;1.0
;US-IA;2003;p99p100;627358.63;;0.1176;0.1176
;US-IA;2003;p99.9p100;2385879.0;;0.0447;0.0447
;US-IA;2003;p99.99p100;8973653.0;;0.016799999;0.016799999
;US-IA;2003;p90p100;194503.59;;0.36449999;0.36449999
;US-IA;2003;p90p95;118661.9;;0.1112;0.1112
;US-IA;2003;p95p99;179518.09;;0.1346;0.1346
;US-IA;2003;p99.5p99.9;556300.81;;0.041700002;0.041700002
;US-IA;2003;p99.9p99.99;1630002.3;;0.0275;0.0275
;US-IA;2003;p99p99.5;319583.69;;0.029899999;0.029899999
;US-IA;2003;p95p100;269725.31;;0.2527;0.2527
;US-IA;2003;p0p90;37848.0;;0.6383;0.6383
;US-IA;2003;p0p99;47566.602;;0.88239998;0.88239998
;US-IA;2003;p99.5p100;931014.5;;0.087200001;0.087200001
;US-IA;2002;p0p100;95612.102;76416180535.0;1.0;1.0
;US-IA;2002;p99p100;628485.19;;0.1141;0.1141
;US-IA;2002;p99.9p100;2396469.5;;0.043499999;0.043499999
;US-IA;2002;p99.99p100;8985264.0;;0.0163;0.0163
;US-IA;2002;p90p100;195009.8;;0.354;0.354
;US-IA;2002;p90p95;119698.6;;0.1087;0.1087
;US-IA;2002;p95p99;179721.7;;0.1305;0.1305
;US-IA;2002;p99.5p99.9;560697.81;;0.0407;0.0407
;US-IA;2002;p99.9p99.99;1650230.9;;0.027000001;0.027000001
;US-IA;2002;p99p99.5;320577.0;;0.029100001;0.029100001
;US-IA;2002;p95p100;269875.41;;0.245;0.245
;US-IA;2002;p0p90;39644.5;;0.64770001;0.64770001
;US-IA;2002;p0p99;49291.301;;0.88590002;0.88590002
;US-IA;2002;p99.5p100;933776.31;;0.084799998;0.084799998
;US-IA;2001;p0p100;103330.1;78932332572.0;1.0;1.0
;US-IA;2001;p99p100;637330.81;;0.1105;0.1105
;US-IA;2001;p99.9p100;2265450.3;;0.039299998;0.039299998
;US-IA;2001;p99.99p100;7798998.5;;0.0135;0.0135
;US-IA;2001;p90p100;199447.5;;0.34599999;0.34599999
;US-IA;2001;p90p95;122119.4;;0.1059;0.1059
;US-IA;2001;p95p99;185383.41;;0.1286;0.1286
;US-IA;2001;p99.5p99.9;590185.81;;0.040899999;0.040899999
;US-IA;2001;p99.9p99.99;1660699.8;;0.025900001;0.025900001
;US-IA;2001;p99p99.5;347321.81;;0.030099999;0.030099999
;US-IA;2001;p95p100;276157.41;;0.2395;0.2395
;US-IA;2001;p0p90;41954.199;;0.65490001;0.65490001
;US-IA;2001;p0p99;51796.602;;0.88950002;0.88950002
;US-IA;2001;p99.5p100;928309.13;;0.080499999;0.080499999
;US-IA;2000;p0p100;116235.5;83957529087.0;1.0;1.0
;US-IA;2000;p99p100;752647.81;;0.1227;0.1227
;US-IA;2000;p99.9p100;2913463.8;;0.047499999;0.047499999
;US-IA;2000;p99.99p100;10458140.0;;0.017000001;0.017000001
;US-IA;2000;p90p100;217825.0;;0.35499999;0.35499999
;US-IA;2000;p90p95;125545.7;;0.1023;0.1023
;US-IA;2000;p95p99;196501.0;;0.12809999;0.12809999
;US-IA;2000;p99.5p99.9;665307.19;;0.043400001;0.043400001
;US-IA;2000;p99.9p99.99;2097885.5;;0.0308;0.0308
;US-IA;2000;p99p99.5;377853.91;;0.0308;0.0308
;US-IA;2000;p95p100;308931.09;;0.25170001;0.25170001
;US-IA;2000;p0p90;44152.398;;0.6476;0.6476
;US-IA;2000;p0p99;54376.199;;0.87730002;0.87730002
;US-IA;2000;p99.5p100;1124367.4;;0.091600001;0.091600001
;US-IA;1999;p0p100;121170.1;80908186638.0;1.0;1.0
;US-IA;1999;p99p100;792677.81;;0.13240001;0.13240001
;US-IA;1999;p99.9p100;3226747.0;;0.0539;0.0539
;US-IA;1999;p99.99p100;12378643.0;;0.0207;0.0207
;US-IA;1999;p90p100;222050.91;;0.37079999;0.37079999
;US-IA;1999;p90p95;126326.8;;0.1055;0.1055
;US-IA;1999;p95p99;198154.7;;0.13240001;0.13240001
;US-IA;1999;p99.5p99.9;690451.31;;0.046100002;0.046100002
;US-IA;1999;p99.9p99.99;2236871.5;;0.033599999;0.033599999
;US-IA;1999;p99p99.5;385399.09;;0.032200001;0.032200001
;US-IA;1999;p95p100;317276.81;;0.2649;0.2649
;US-IA;1999;p0p90;41889.699;;0.62959999;0.62959999
;US-IA;1999;p0p99;52481.199;;0.86760002;0.86760002
;US-IA;1999;p99.5p100;1199830.8;;0.1002;0.1002
;US-IA;1998;p0p100;123436.9;78279867342.0;1.0;1.0
;US-IA;1998;p99p100;755802.81;;0.12909999;0.12909999
;US-IA;1998;p99.9p100;3126865.3;;0.053399999;0.053399999
;US-IA;1998;p99.99p100;12462280.0;;0.021299999;0.021299999
;US-IA;1998;p90p100;212309.3;;0.36269999;0.36269999
;US-IA;1998;p90p95;122661.3;;0.1048;0.1048
;US-IA;1998;p95p99;187545.2;;0.12819999;0.12819999
;US-IA;1998;p99.5p99.9;646667.38;;0.044199999;0.044199999
;US-IA;1998;p99.9p99.99;2104244.3;;0.032400001;0.032400001
;US-IA;1998;p99p99.5;367507.09;;0.031399999;0.031399999
;US-IA;1998;p95p100;301515.09;;0.25749999;0.25749999
;US-IA;1998;p0p90;41485.301;;0.63779998;0.63779998
;US-IA;1998;p0p99;51492.801;;0.87089998;0.87089998
;US-IA;1998;p99.5p100;1143994.8;;0.0977;0.0977
;US-IA;1997;p0p100;119339.6;74748047608.0;1.0;1.0
;US-IA;1997;p99p100;661742.69;;0.1202;0.1202
;US-IA;1997;p99.9p100;2575173.0;;0.046799999;0.046799999
;US-IA;1997;p99.99p100;9848148.0;;0.017899999;0.017899999
;US-IA;1997;p90p100;196562.7;;0.35710001;0.35710001
;US-IA;1997;p90p95;118167.7;;0.1073;0.1073
;US-IA;1997;p95p99;177731.09;;0.1292;0.1292
;US-IA;1997;p99.5p99.9;584935.19;;0.0425;0.0425
;US-IA;1997;p99.9p99.99;1776510.9;;0.028999999;0.028999999
;US-IA;1997;p99p99.5;338995.19;;0.0308;0.0308
;US-IA;1997;p95p100;274681.81;;0.24950001;0.24950001
;US-IA;1997;p0p90;39343.699;;0.6433;0.6433
;US-IA;1997;p0p99;48917.102;;0.87980002;0.87980002
;US-IA;1997;p99.5p100;984083.38;;0.089400001;0.089400001
;US-IA;1996;p0p100;119684.4;70810783323.0;1.0;1.0
;US-IA;1996;p99p100;583442.31;;0.1103;0.1103
;US-IA;1996;p99.9p100;2153132.3;;0.0407;0.0407
;US-IA;1996;p99.99p100;7735388.0;;0.0146;0.0146
;US-IA;1996;p90p100;182843.7;;0.3457;0.3457
;US-IA;1996;p90p95;114281.3;;0.108;0.108
;US-IA;1996;p95p99;168099.09;;0.12710001;0.12710001
;US-IA;1996;p99.5p99.9;531942.5;;0.040199999;0.040199999
;US-IA;1996;p99.9p99.99;1530365.4;;0.026000001;0.026000001
;US-IA;1996;p99p99.5;306221.91;;0.028899999;0.028899999
;US-IA;1996;p95p100;251238.0;;0.2375;0.2375
;US-IA;1996;p0p90;38495.602;;0.65499997;0.65499997
;US-IA;1996;p0p99;47534.801;;0.8897;0.8897
;US-IA;1996;p99.5p100;859639.38;;0.081299998;0.081299998
;US-IA;1995;p0p100;116421.5;64836268743.0;1.0;1.0
;US-IA;1995;p99p100;533861.5;;0.1094;0.1094
;US-IA;1995;p99.9p100;1932599.5;;0.0396;0.0396
;US-IA;1995;p99.99p100;6815692.0;;0.014;0.014
;US-IA;1995;p90p100;172274.7;;0.3529;0.3529
;US-IA;1995;p90p95;108104.3;;0.1107;0.1107
;US-IA;1995;p95p99;162030.0;;0.1328;0.1328
;US-IA;1995;p99.5p99.9;493225.31;;0.040399998;0.040399998
;US-IA;1995;p99.9p99.99;1390346.4;;0.025599999;0.025599999
;US-IA;1995;p99p99.5;284833.41;;0.029200001;0.029200001
;US-IA;1995;p95p100;236361.41;;0.2421;0.2421
;US-IA;1995;p0p90;35113.199;;0.6473;0.6473
;US-IA;1995;p0p99;43918.801;;0.89060003;0.89060003
;US-IA;1995;p99.5p100;782599.88;;0.080200002;0.080200002
;US-IA;1994;p0p100;118609.6;62896652168.0;1.0;1.0
;US-IA;1994;p99p100;499983.19;;0.1054;0.1054
;US-IA;1994;p99.9p100;1812121.3;;0.038199998;0.038199998
;US-IA;1994;p99.99p100;6592625.0;;0.0139;0.0139
;US-IA;1994;p90p100;162653.5;;0.34299999;0.34299999
;US-IA;1994;p90p95;101989.1;;0.1075;0.1075
;US-IA;1994;p95p99;154132.91;;0.13;0.13
;US-IA;1994;p99.5p99.9;459656.19;;0.038800001;0.038800001
;US-IA;1994;p99.9p99.99;1276507.6;;0.0242;0.0242
;US-IA;1994;p99p99.5;267995.91;;0.0283;0.0283
;US-IA;1994;p95p100;223273.5;;0.23540001;0.23540001
;US-IA;1994;p0p90;34636.5;;0.6573;0.6573
;US-IA;1994;p0p99;42853.0;;0.89459997;0.89459997
;US-IA;1994;p99.5p100;731716.31;;0.077100001;0.077100001
;US-IA;1993;p0p100;117074.8;58730642640.0;1.0;1.0
;US-IA;1993;p99p100;479859.31;;0.1069;0.1069
;US-IA;1993;p99.9p100;1723918.0;;0.038400002;0.038400002
;US-IA;1993;p99.99p100;6223562.0;;0.0139;0.0139
;US-IA;1993;p90p100;161194.5;;0.3592;0.3592
;US-IA;1993;p90p95;104733.9;;0.1167;0.1167
;US-IA;1993;p95p99;152060.59;;0.1355;0.1355
;US-IA;1993;p99.5p99.9;444663.0;;0.0396;0.0396
;US-IA;1993;p99.9p99.99;1219232.6;;0.024499999;0.024499999
;US-IA;1993;p99p99.5;257246.09;;0.0287;0.0287
;US-IA;1993;p95p100;217569.09;;0.24240001;0.24240001
;US-IA;1993;p0p90;31967.5;;0.64109999;0.64109999
;US-IA;1993;p0p99;40480.699;;0.89310002;0.89310002
;US-IA;1993;p99.5p100;702016.19;;0.078199998;0.078199998
;US-IA;1992;p0p100;127896.9;61206750262.0;1.0;1.0
;US-IA;1992;p99p100;497242.19;;0.1065;0.1065
;US-IA;1992;p99.9p100;1853790.0;;0.039700001;0.039700001
;US-IA;1992;p99.99p100;6864924.0;;0.0147;0.0147
;US-IA;1992;p90p100;162569.41;;0.34819999;0.34819999
;US-IA;1992;p90p95;105930.8;;0.1135;0.1135
;US-IA;1992;p95p99;149816.09;;0.1284;0.1284
;US-IA;1992;p99.5p99.9;457125.91;;0.0392;0.0392
;US-IA;1992;p99.9p99.99;1296117.5;;0.025;0.025
;US-IA;1992;p99p99.5;257219.91;;0.0275;0.0275
;US-IA;1992;p95p100;219315.8;;0.2349;0.2349
;US-IA;1992;p0p90;33809.398;;0.65179998;0.65179998
;US-IA;1992;p0p99;42134.199;;0.89349997;0.89349997
;US-IA;1992;p99.5p100;737118.38;;0.078900002;0.078900002
;US-IA;1991;p0p100;131501.8;59150135023.0;1.0;1.0
;US-IA;1991;p99p100;453787.91;;0.099399999;0.099399999
;US-IA;1991;p99.9p100;1547372.0;;0.0339;0.0339
;US-IA;1991;p99.99p100;5257075.5;;0.0115;0.0115
;US-IA;1991;p90p100;157524.91;;0.345;0.345
;US-IA;1991;p90p95;106818.2;;0.117;0.117
;US-IA;1991;p95p99;147209.5;;0.12899999;0.12899999
;US-IA;1991;p99.5p99.9;431087.91;;0.037799999;0.037799999
;US-IA;1991;p99.9p99.99;1134683.3;;0.022399999;0.022399999
;US-IA;1991;p99p99.5;252814.0;;0.0277;0.0277
;US-IA;1991;p95p100;208496.7;;0.22830001;0.22830001
;US-IA;1991;p0p90;33213.301;;0.65469998;0.65469998
;US-IA;1991;p0p99;41534.102;;0.90060002;0.90060002
;US-IA;1991;p99.5p100;654781.31;;0.071699999;0.071699999
;US-IA;1990;p0p100;146721.5;60892988700.0;1.0;1.0
;US-IA;1990;p99p100;482601.69;;0.1017;0.1017
;US-IA;1990;p99.9p100;1727635.8;;0.036400001;0.036400001
;US-IA;1990;p99.99p100;6095986.0;;0.0128;0.0128
;US-IA;1990;p90p100;160702.59;;0.33849999;0.33849999
;US-IA;1990;p90p95;106346.9;;0.112;0.112
;US-IA;1990;p95p99;148147.2;;0.1248;0.1248
;US-IA;1990;p99.5p99.9;454930.81;;0.0383;0.0383
;US-IA;1990;p99.9p99.99;1244013.0;;0.023600001;0.023600001
;US-IA;1990;p99p99.5;255399.3;;0.026900001;0.026900001
;US-IA;1990;p95p100;215079.7;;0.2265;0.2265
;US-IA;1990;p0p90;34895.398;;0.66149998;0.66149998
;US-IA;1990;p0p99;43079.801;;0.89829999;0.89829999
;US-IA;1990;p99.5p100;709521.0;;0.074699998;0.074699998
;US-IA;1989;p0p100;156189.09;60728545956.0;1.0;1.0
;US-IA;1989;p99p100;475344.69;;0.1037;0.1037
;US-IA;1989;p99.9p100;1651001.6;;0.035999998;0.035999998
;US-IA;1989;p99.99p100;5665379.0;;0.0124;0.0124
;US-IA;1989;p90p100;156830.41;;0.34200001;0.34200001
;US-IA;1989;p90p95;101113.1;;0.1103;0.1103
;US-IA;1989;p95p99;142116.0;;0.124;0.124
;US-IA;1989;p99.5p99.9;430557.19;;0.037599999;0.037599999
;US-IA;1989;p99.9p99.99;1160623.6;;0.0228;0.0228
;US-IA;1989;p99p99.5;250471.8;;0.0273;0.0273
;US-IA;1989;p95p100;211863.5;;0.23100001;0.23100001
;US-IA;1989;p0p90;33919.801;;0.66579998;0.66579998
;US-IA;1989;p0p99;41515.5;;0.89630002;0.89630002
;US-IA;1989;p99.5p100;689562.38;;0.075199999;0.075199999
;US-IA;1988;p0p100;170638.5;59335415025.0;1.0;1.0
;US-IA;1988;p99p100;490037.81;;0.1064;0.1064
;US-IA;1988;p99.9p100;1757888.3;;0.038199998;0.038199998
;US-IA;1988;p99.99p100;6050065.0;;0.0131;0.0131
;US-IA;1988;p90p100;157202.09;;0.34150001;0.34150001
;US-IA;1988;p90p95;100130.3;;0.1087;0.1087
;US-IA;1988;p95p99;138826.5;;0.1206;0.1206
;US-IA;1988;p99.5p99.9;435343.69;;0.037799999;0.037799999
;US-IA;1988;p99.9p99.99;1225339.6;;0.024;0.024
;US-IA;1988;p99p99.5;245559.0;;0.026699999;0.026699999
;US-IA;1988;p95p100;213310.8;;0.2317;0.2317
;US-IA;1988;p0p90;34223.699;;0.66900003;0.66900003
;US-IA;1988;p0p99;41553.0;;0.89359999;0.89359999
;US-IA;1988;p99.5p100;719848.38;;0.078199998;0.078199998
;US-IA;1987;p0p100;183545.8;58411792429.0;1.0;1.0
;US-IA;1987;p99p100;404196.69;;0.087700002;0.087700002
;US-IA;1987;p99.9p100;1307583.8;;0.0284;0.0284
;US-IA;1987;p99.99p100;4257617.5;;0.0092000002;0.0092000002
;US-IA;1987;p90p100;146014.0;;0.31690001;0.31690001
;US-IA;1987;p90p95;99574.602;;0.1081;0.1081
;US-IA;1987;p95p99;135973.59;;0.118;0.118
;US-IA;1987;p99.5p99.9;372729.5;;0.032400001;0.032400001
;US-IA;1987;p99.9p99.99;944827.81;;0.0185;0.0185
;US-IA;1987;p99p99.5;228556.09;;0.024800001;0.024800001
;US-IA;1987;p95p100;192011.0;;0.2084;0.2084
;US-IA;1987;p0p90;35276.602;;0.68900001;0.68900001
;US-IA;1987;p0p99;42459.0;;0.91229999;0.91229999
;US-IA;1987;p99.5p100;571578.88;;0.061999999;0.061999999
;US-IA;1986;p0p100;201738.91;60608522313.0;1.0;1.0
;US-IA;1986;p99p100;530236.5;;0.1119;0.1119
;US-IA;1986;p99.9p100;2145526.0;;0.045299999;0.045299999
;US-IA;1986;p99.99p100;8429381.0;;0.0178;0.0178
;US-IA;1986;p90p100;156840.59;;0.331;0.331
;US-IA;1986;p90p95;95333.203;;0.1006;0.1006
;US-IA;1986;p95p99;135716.8;;0.1146;0.1146
;US-IA;1986;p99.5p99.9;450850.31;;0.0381;0.0381
;US-IA;1986;p99.9p99.99;1383162.8;;0.0263;0.0263
;US-IA;1986;p99p99.5;243288.5;;0.025699999;0.025699999
;US-IA;1986;p95p100;217587.7;;0.2296;0.2296
;US-IA;1986;p0p90;35649.102;;0.6771;0.6771
;US-IA;1986;p0p99;42509.898;;0.88810003;0.88810003
;US-IA;1986;p99.5p100;805716.63;;0.085000001;0.085000001
;US-IA;1985;p0p100;195136.2;57132593227.0;1.0;1.0
;US-IA;1985;p99p100;421558.5;;0.095299996;0.095299996
;US-IA;1985;p99.9p100;1586485.6;;0.0359;0.0359
;US-IA;1985;p99.99p100;5900436.5;;0.0133;0.0133
;US-IA;1985;p90p100;140235.7;;0.31709999;0.31709999
;US-IA;1985;p90p95;91836.5;;0.1038;0.1038
;US-IA;1985;p95p99;127802.2;;0.1156;0.1156
;US-IA;1985;p99.5p99.9;363417.5;;0.032900002;0.032900002
;US-IA;1985;p99.9p99.99;1051817.9;;0.021400001;0.021400001
;US-IA;1985;p99p99.5;216863.09;;0.024499999;0.024499999
;US-IA;1985;p95p100;188263.09;;0.2129;0.2129
;US-IA;1985;p0p90;33824.398;;0.68839997;0.68839997
;US-IA;1985;p0p99;40409.0;;0.90469998;0.90469998
;US-IA;1985;p99.5p100;619330.31;;0.07;0.07
;US-IA;1984;p0p100;209082.59;56862159290.0;1.0;1.0
;US-IA;1984;p99p100;409916.91;;0.092600003;0.092600003
;US-IA;1984;p99.9p100;1551922.3;;0.035;0.035
;US-IA;1984;p99.99p100;6045591.5;;0.0137;0.0137
;US-IA;1984;p90p100;138606.8;;0.31299999;0.31299999
;US-IA;1984;p90p95;91943.5;;0.1038;0.1038
;US-IA;1984;p95p99;127467.5;;0.1151;0.1151
;US-IA;1984;p99.5p99.9;351538.81;;0.031800002;0.031800002
;US-IA;1984;p99.9p99.99;1004649.2;;0.020400001;0.020400001
;US-IA;1984;p99p99.5;214092.09;;0.0242;0.0242
;US-IA;1984;p95p100;185179.8;;0.20909999;0.20909999
;US-IA;1984;p0p90;34007.301;;0.6911;0.6911
;US-IA;1984;p0p99;40594.602;;0.90740001;0.90740001
;US-IA;1984;p99.5p100;600619.0;;0.0678;0.0678
;US-IA;1983;p0p100;226767.0;53404924721.0;1.0;1.0
;US-IA;1983;p99p100;396684.09;;0.0933;0.0933
;US-IA;1983;p99.9p100;1448051.1;;0.0341;0.0341
;US-IA;1983;p99.99p100;5680418.5;;0.0134;0.0134
;US-IA;1983;p90p100;137905.2;;0.32440001;0.32440001
;US-IA;1983;p90p95;93342.297;;0.1098;0.1098
;US-IA;1983;p95p99;128695.7;;0.1211;0.1211
;US-IA;1983;p99.5p99.9;352467.0;;0.033199999;0.033199999
;US-IA;1983;p99.9p99.99;962895.69;;0.020400001;0.020400001
;US-IA;1983;p99p99.5;216443.91;;0.0255;0.0255
;US-IA;1983;p95p100;182667.41;;0.2148;0.2148
;US-IA;1983;p0p90;31970.801;;0.67680001;0.67680001
;US-IA;1983;p0p99;38937.898;;0.90670002;0.90670002
;US-IA;1983;p99.5p100;575013.5;;0.067599997;0.067599997
;US-IA;1982;p0p100;243462.5;54989683013.0;1.0;1.0
;US-IA;1982;p99p100;405199.81;;0.092600003;0.092600003
;US-IA;1982;p99.9p100;1567295.9;;0.035799999;0.035799999
;US-IA;1982;p99.99p100;6507463.0;;0.0149;0.0149
;US-IA;1982;p90p100;137014.5;;0.31299999;0.31299999
;US-IA;1982;p90p95;90145.898;;0.103;0.103
;US-IA;1982;p95p99;128185.5;;0.1171;0.1171
;US-IA;1982;p99.5p99.9;355557.41;;0.032499999;0.032499999
;US-IA;1982;p99.9p99.99;1018388.5;;0.0209;0.0209
;US-IA;1982;p99p99.5;212494.41;;0.0243;0.0243
;US-IA;1982;p95p100;184023.41;;0.2102;0.2102
;US-IA;1982;p0p90;33433.602;;0.68739998;0.68739998
;US-IA;1982;p0p99;40126.199;;0.90740001;0.90740001
;US-IA;1982;p99.5p100;597905.13;;0.068300001;0.068300001
;US-IA;1981;p0p100;281421.5;57795012533.0;1.0;1.0
;US-IA;1981;p99p100;358941.19;;0.079800002;0.079800002
;US-IA;1981;p99.9p100;1087000.4;;0.0242;0.0242
;US-IA;1981;p99.99p100;3331487.5;;0.0074;0.0074
;US-IA;1981;p90p100;143327.41;;0.31850001;0.31850001
;US-IA;1981;p90p95;107237.0;;0.1191;0.1191
;US-IA;1981;p95p99;135023.41;;0.12;0.12
;US-IA;1981;p99.5p99.9;350972.81;;0.031199999;0.031199999
;US-IA;1981;p99.9p99.99;836298.81;;0.0167;0.0167
;US-IA;1981;p99p99.5;218320.09;;0.0243;0.0243
;US-IA;1981;p95p100;179964.3;;0.1999;0.1999
;US-IA;1981;p0p90;34069.5;;0.68129998;0.68129998
;US-IA;1981;p0p99;41835.602;;0.92019999;0.92019999
;US-IA;1981;p99.5p100;499297.5;;0.055500001;0.055500001
;US-IA;1980;p0p100;333315.69;56678877772.0;1.0;1.0
;US-IA;1980;p99p100;372003.91;;0.083700001;0.083700001
;US-IA;1980;p99.9p100;1097615.8;;0.024700001;0.024700001
;US-IA;1980;p99.99p100;3320445.5;;0.0074999998;0.0074999998
;US-IA;1980;p90p100;147117.59;;0.331;0.331
;US-IA;1980;p90p95;104985.9;;0.1181;0.1181
;US-IA;1980;p95p99;143355.3;;0.12899999;0.12899999
;US-IA;1980;p99.5p99.9;358966.09;;0.032299999;0.032299999
;US-IA;1980;p99.9p99.99;849816.31;;0.017200001;0.017200001
;US-IA;1980;p99p99.5;236931.3;;0.026699999;0.026699999
;US-IA;1980;p95p100;189152.2;;0.2128;0.2128
;US-IA;1980;p0p90;33045.0;;0.6692;0.6692
;US-IA;1980;p0p99;41132.699;;0.9163;0.9163
;US-IA;1980;p99.5p100;507018.41;;0.057;0.057
;US-IA;1979;p0p100;425786.59;59079950714.0;1.0;1.0
;US-IA;1979;p99p100;387213.81;;0.084200002;0.084200002
;US-IA;1979;p99.9p100;1094997.8;;0.023800001;0.023800001
;US-IA;1979;p99.99p100;3379000.8;;0.0073000002;0.0073000002
;US-IA;1979;p90p100;147974.09;;0.32170001;0.32170001
;US-IA;1979;p90p95;103250.2;;0.1122;0.1122
;US-IA;1979;p95p99;143860.5;;0.1251;0.1251
;US-IA;1979;p99.5p99.9;375692.19;;0.032699998;0.032699998
;US-IA;1979;p99.9p99.99;840507.19;;0.0164;0.0164
;US-IA;1979;p99p99.5;255115.59;;0.0277;0.0277
;US-IA;1979;p95p100;192508.5;;0.2093;0.2093
;US-IA;1979;p0p90;34669.602;;0.67839998;0.67839998
;US-IA;1979;p0p99;42545.602;;0.91579998;0.91579998
;US-IA;1979;p99.5p100;519863.19;;0.056499999;0.056499999
;US-IA;1978;p0p100;527946.88;59069305577.0;1.0;1.0
;US-IA;1978;p99p100;354981.31;;0.074699998;0.074699998
;US-IA;1978;p99.9p100;872980.63;;0.0184;0.0184
;US-IA;1978;p99.99p100;2070407.3;;0.0044;0.0044
;US-IA;1978;p90p100;145135.5;;0.30559999;0.30559999
;US-IA;1978;p90p95;100310.3;;0.1056;0.1056
;US-IA;1978;p95p99;148847.41;;0.12540001;0.12540001
;US-IA;1978;p99.5p99.9;360374.5;;0.030400001;0.030400001
;US-IA;1978;p99.9p99.99;739161.0;;0.014;0.014
;US-IA;1978;p99p99.5;246917.5;;0.026000001;0.026000001
;US-IA;1978;p95p100;189916.8;;0.1999;0.1999
;US-IA;1978;p0p90;36639.5;;0.6943;0.6943
;US-IA;1978;p0p99;44387.398;;0.9253;0.9253
;US-IA;1978;p99.5p100;463262.41;;0.048799999;0.048799999
;US-IA;1977;p0p100;575132.81;54887626045.0;1.0;1.0
;US-IA;1977;p99p100;357580.0;;0.079999998;0.079999998
;US-IA;1977;p99.9p100;891730.63;;0.02;0.02
;US-IA;1977;p99.99p100;2172646.8;;0.0049000001;0.0049000001
;US-IA;1977;p90p100;141558.41;;0.31670001;0.31670001
;US-IA;1977;p90p95;99744.0;;0.1116;0.1116
;US-IA;1977;p95p99;139814.5;;0.1251;0.1251
;US-IA;1977;p99.5p99.9;358429.69;;0.032099999;0.032099999
;US-IA;1977;p99.9p99.99;748199.63;;0.0151;0.0151
;US-IA;1977;p99p99.5;249938.7;;0.028000001;0.028000001
;US-IA;1977;p95p100;183382.8;;0.2051;0.2051
;US-IA;1977;p0p90;33934.801;;0.68330002;0.68330002
;US-IA;1977;p0p99;41534.699;;0.92000002;0.92000002
;US-IA;1977;p99.5p100;465387.19;;0.052099999;0.052099999
;US-IA;1976;p0p100;637561.13;52997963115.0;1.0;1.0
;US-IA;1976;p99p100;351166.91;;0.080399998;0.080399998
;US-IA;1976;p99.9p100;899639.13;;0.0206;0.0206
;US-IA;1976;p99.99p100;2198440.3;;0.0049999999;0.0049999999
;US-IA;1976;p90p100;141465.59;;0.32390001;0.32390001
;US-IA;1976;p90p95;98485.5;;0.1127;0.1127
;US-IA;1976;p95p99;142779.5;;0.13070001;0.13070001
;US-IA;1976;p99.5p99.9;358000.59;;0.0328;0.0328
;US-IA;1976;p99.9p99.99;755625.69;;0.0156;0.0156
;US-IA;1976;p99p99.5;235654.5;;0.027000001;0.027000001
;US-IA;1976;p95p100;184455.2;;0.2111;0.2111
;US-IA;1976;p0p90;32817.102;;0.67619997;0.67619997
;US-IA;1976;p0p99;40575.102;;0.91960001;0.91960001
;US-IA;1976;p99.5p100;466635.41;;0.053399999;0.053399999
;US-IA;1975;p0p100;711032.5;52239007017.0;1.0;1.0
;US-IA;1975;p99p100;355610.69;;0.081699997;0.081699997
;US-IA;1975;p99.9p100;875599.38;;0.020099999;0.020099999
;US-IA;1975;p99.99p100;2101245.3;;0.0048000002;0.0048000002
;US-IA;1975;p90p100;140391.09;;0.3224;0.3224
;US-IA;1975;p90p95;98197.398;;0.1127;0.1127
;US-IA;1975;p95p99;139355.8;;0.12800001;0.12800001
;US-IA;1975;p99.5p99.9;350144.09;;0.032200001;0.032200001
;US-IA;1975;p99.9p99.99;740335.38;;0.0153;0.0153
;US-IA;1975;p99p99.5;255277.7;;0.029300001;0.029300001
;US-IA;1975;p95p100;182603.5;;0.2096;0.2096
;US-IA;1975;p0p90;32793.102;;0.67769998;0.67769998
;US-IA;1975;p0p99;40399.199;;0.91829997;0.91829997
;US-IA;1975;p99.5p100;455589.5;;0.052299999;0.052299999
;US-IA;1974;p0p100;856454.13;52220866900.0;1.0;1.0
;US-IA;1974;p99p100;393368.0;;0.089299999;0.089299999
;US-IA;1974;p99.9p100;1146736.0;;0.026000001;0.026000001
;US-IA;1974;p99.99p100;3604424.5;;0.0082;0.0082
;US-IA;1974;p90p100;147380.0;;0.3346;0.3346
;US-IA;1974;p90p95;100550.2;;0.1141;0.1141
;US-IA;1974;p95p99;144271.7;;0.131;0.131
;US-IA;1974;p99.5p99.9;387268.41;;0.0352;0.0352
;US-IA;1974;p99.9p99.99;871672.88;;0.0178;0.0178
;US-IA;1974;p99p99.5;246597.8;;0.028000001;0.028000001
;US-IA;1974;p95p100;194219.3;;0.22050001;0.22050001
;US-IA;1974;p0p90;32582.801;;0.66570002;0.66570002
;US-IA;1974;p0p99;40521.398;;0.91070002;0.91070002
;US-IA;1974;p99.5p100;539746.0;;0.061299998;0.061299998
;US-IA;1973;p0p100;1131726.5;55361148901.0;1.0;1.0
;US-IA;1973;p99p100;369872.59;;0.078299999;0.078299999
;US-IA;1973;p99.9p100;953224.88;;0.020199999;0.020199999
;US-IA;1973;p99.99p100;2756787.0;;0.0057999999;0.0057999999
;US-IA;1973;p90p100;143776.09;;0.30450001;0.30450001
;US-IA;1973;p90p95;97984.898;;0.1038;0.1038
;US-IA;1973;p95p99;144494.91;;0.1224;0.1224
;US-IA;1973;p99.5p99.9;380634.91;;0.032200001;0.032200001
;US-IA;1973;p99.9p99.99;752431.63;;0.0143;0.0143
;US-IA;1973;p99p99.5;244282.3;;0.025900001;0.025900001
;US-IA;1973;p95p100;189574.41;;0.2008;0.2008
;US-IA;1973;p0p90;36484.801;;0.69550002;0.69550002
;US-IA;1973;p0p99;43953.0;;0.9217;0.9217
;US-IA;1973;p99.5p100;495138.41;;0.0524;0.0524
;US-IA;1972;p0p100;1139873.1;48866653354.0;1.0;1.0
;US-IA;1972;p99p100;351665.91;;0.083400004;0.083400004
;US-IA;1972;p99.9p100;1035324.5;;0.024599999;0.024599999
;US-IA;1972;p99.99p100;3845612.0;;0.0091000004;0.0091000004
;US-IA;1972;p90p100;132278.7;;0.31389999;0.31389999
;US-IA;1972;p90p95;91411.5;;0.1084;0.1084
;US-IA;1972;p95p99;128532.8;;0.122;0.122
;US-IA;1972;p99.5p99.9;342184.31;;0.032499999;0.032499999
;US-IA;1972;p99.9p99.99;723056.0;;0.0154;0.0154
;US-IA;1972;p99p99.5;222316.8;;0.0264;0.0264
;US-IA;1972;p95p100;173161.3;;0.2054;0.2054
;US-IA;1972;p0p90;32131.6;;0.68610001;0.68610001
;US-IA;1972;p0p99;39019.5;;0.91659999;0.91659999
;US-IA;1972;p99.5p100;481015.0;;0.057100002;0.057100002
;US-IA;1971;p0p100;1131988.9;44997261216.0;1.0;1.0
;US-IA;1971;p99p100;314571.59;;0.0801;0.0801
;US-IA;1971;p99.9p100;879199.63;;0.022399999;0.022399999
;US-IA;1971;p99.99p100;3021103.0;;0.0077;0.0077
;US-IA;1971;p90p100;120685.3;;0.30720001;0.30720001
;US-IA;1971;p90p95;84809.898;;0.1079;0.1079
;US-IA;1971;p95p99;117103.4;;0.1192;0.1192
;US-IA;1971;p99.5p99.9;321873.81;;0.0328;0.0328
;US-IA;1971;p99.9p99.99;641312.13;;0.0147;0.0147
;US-IA;1971;p99p99.5;195502.0;;0.024900001;0.024900001
;US-IA;1971;p95p100;156593.2;;0.19930001;0.19930001
;US-IA;1971;p0p90;30247.301;;0.69279999;0.69279999
;US-IA;1971;p0p99;36510.898;;0.9199;0.9199
;US-IA;1971;p99.5p100;433607.09;;0.055199999;0.055199999
;US-IA;1970;p0p100;1257020.8;45212522920.0;1.0;1.0
;US-IA;1970;p99p100;297108.19;;0.074199997;0.074199997
;US-IA;1970;p99.9p100;753384.88;;0.0188;0.0188
;US-IA;1970;p99.99p100;1988397.8;;0.0049999999;0.0049999999
;US-IA;1970;p90p100;119508.4;;0.29840001;0.29840001
;US-IA;1970;p90p95;85036.102;;0.1062;0.1062
;US-IA;1970;p95p99;118283.8;;0.1181;0.1181
;US-IA;1970;p99.5p99.9;305077.91;;0.0305;0.0305
;US-IA;1970;p99.9p99.99;615505.69;;0.0138;0.0138
;US-IA;1970;p99p99.5;199034.2;;0.024900001;0.024900001
;US-IA;1970;p95p100;154026.3;;0.19230001;0.19230001
;US-IA;1970;p0p90;31215.5;;0.70160002;0.70160002
;US-IA;1970;p0p99;37448.801;;0.92580003;0.92580003
;US-IA;1970;p99.5p100;395048.41;;0.0493;0.0493
;US-IA;1969;p0p100;1417948.8;45522120577.0;1.0;1.0
;US-IA;1969;p99p100;325241.19;;0.080499999;0.080499999
;US-IA;1969;p99.9p100;968062.81;;0.024;0.024
;US-IA;1969;p99.99p100;3818476.0;;0.0093999999;0.0093999999
;US-IA;1969;p90p100;123465.6;;0.3055;0.3055
;US-IA;1969;p90p95;85965.898;;0.1064;0.1064
;US-IA;1969;p95p99;119984.2;;0.1188;0.1188
;US-IA;1969;p99.5p99.9;320987.19;;0.031800002;0.031800002
;US-IA;1969;p99.9p99.99;651955.63;;0.0145;0.0145
;US-IA;1969;p99p99.5;199961.5;;0.024700001;0.024700001
;US-IA;1969;p95p100;160997.59;;0.1992;0.1992
;US-IA;1969;p0p90;31183.0;;0.69440001;0.69440001
;US-IA;1969;p0p99;37537.699;;0.91949999;0.91949999
;US-IA;1969;p99.5p100;450621.09;;0.0557;0.0557
;US-IA;1968;p0p100;1528482.3;44098610232.0;1.0;1.0
;US-IA;1968;p99p100;341964.5;;0.087300003;0.087300003
;US-IA;1968;p99.9p100;980002.38;;0.025;0.025
;US-IA;1968;p99.99p100;2891457.5;;0.0074;0.0074
;US-IA;1968;p90p100;123619.9;;0.31560001;0.31560001
;US-IA;1968;p90p95;82060.0;;0.1047;0.1047
;US-IA;1968;p95p99;120912.9;;0.1235;0.1235
;US-IA;1968;p99.5p99.9;347350.31;;0.035500001;0.035500001
;US-IA;1968;p99.9p99.99;771240.88;;0.0177;0.0177
;US-IA;1968;p99p99.5;210136.2;;0.026799999;0.026799999
;US-IA;1968;p95p100;165140.8;;0.21080001;0.21080001
;US-IA;1968;p0p90;29786.9;;0.68440002;0.68440002
;US-IA;1968;p0p99;36112.602;;0.9127;0.9127
;US-IA;1968;p99.5p100;473684.19;;0.0605;0.0605
;US-IA;1967;p0p100;1604120.5;42599340712.0;1.0;1.0
;US-IA;1967;p99p100;326404.09;;0.086199999;0.086199999
;US-IA;1967;p99.9p100;849449.69;;0.022399999;0.022399999
;US-IA;1967;p99.99p100;2350363.3;;0.0062000002;0.0062000002
;US-IA;1967;p90p100;118126.6;;0.31189999;0.31189999
;US-IA;1967;p90p95;77784.102;;0.1027;0.1027
;US-IA;1967;p95p99;116600.5;;0.1232;0.1232
;US-IA;1967;p99.5p99.9;328846.59;;0.034699999;0.034699999
;US-IA;1967;p99.9p99.99;683396.0;;0.0162;0.0162
;US-IA;1967;p99p99.5;219894.41;;0.028999999;0.028999999
;US-IA;1967;p95p100;158517.0;;0.2093;0.2093
;US-IA;1967;p0p90;28944.699;;0.68790001;0.68790001
;US-IA;1967;p0p99;34953.898;;0.9138;0.9138
;US-IA;1967;p99.5p100;433012.19;;0.0572;0.0572
;US-IA;1966;p0p100;1712973.8;42733816903.0;1.0;1.0
;US-IA;1966;p99p100;313623.69;;0.082400002;0.082400002
;US-IA;1966;p99.9p100;809887.5;;0.021299999;0.021299999
;US-IA;1966;p99.99p100;2730899.5;;0.0071999999;0.0071999999
;US-IA;1966;p90p100;118864.5;;0.31240001;0.31240001
;US-IA;1966;p90p95;82438.102;;0.1083;0.1083
;US-IA;1966;p95p99;116070.9;;0.122;0.122
;US-IA;1966;p99.5p99.9;323921.69;;0.034000002;0.034000002
;US-IA;1966;p99.9p99.99;596626.38;;0.0141;0.0141
;US-IA;1966;p99p99.5;204954.91;;0.026900001;0.026900001
;US-IA;1966;p95p100;155550.2;;0.2044;0.2044
;US-IA;1966;p0p90;29064.0;;0.68739998;0.68739998
;US-IA;1966;p0p99;35269.301;;0.91759998;0.91759998
;US-IA;1966;p99.5p100;422016.59;;0.055500001;0.055500001
;US-IA;1965;p0p100;1715855.6;40363231041.0;1.0;1.0
;US-IA;1965;p99p100;323077.41;;0.089699998;0.089699998
;US-IA;1965;p99.9p100;814110.63;;0.022600001;0.022600001
;US-IA;1965;p99.99p100;3148377.0;;0.0087000001;0.0087000001
;US-IA;1965;p90p100;115023.4;;0.3193;0.3193
;US-IA;1965;p90p95;76651.297;;0.1064;0.1064
;US-IA;1965;p95p99;110953.7;;0.1232;0.1232
;US-IA;1965;p99.5p99.9;339205.19;;0.037700001;0.037700001
;US-IA;1965;p99.9p99.99;554534.63;;0.0139;0.0139
;US-IA;1965;p99p99.5;211534.41;;0.0294;0.0294
;US-IA;1965;p95p100;153388.09;;0.2129;0.2129
;US-IA;1965;p0p90;27255.1;;0.68080002;0.68080002
;US-IA;1965;p0p99;33129.199;;0.91030002;0.91030002
;US-IA;1965;p99.5p100;434508.81;;0.0603;0.0603
;US-IA;1964;p0p100;1629415.6;36996648962.0;1.0;1.0
;US-IA;1964;p99p100;290799.09;;0.087800004;0.087800004
;US-IA;1964;p99.9p100;753061.31;;0.022700001;0.022700001
;US-IA;1964;p99.99p100;2184914.3;;0.0066;0.0066
;US-IA;1964;p90p100;105641.3;;0.3188;0.3188
;US-IA;1964;p90p95;71428.898;;0.1078;0.1078
;US-IA;1964;p95p99;102128.0;;0.1233;0.1233
;US-IA;1964;p99.5p99.9;301321.69;;0.036400001;0.036400001
;US-IA;1964;p99.9p99.99;593602.19;;0.016100001;0.016100001
;US-IA;1964;p99p99.5;189510.8;;0.0286;0.0286
;US-IA;1964;p95p100;139824.5;;0.211;0.211
;US-IA;1964;p0p90;25082.199;;0.68129998;0.68129998
;US-IA;1964;p0p99;30533.5;;0.91219997;0.91219997
;US-IA;1964;p99.5p100;391798.31;;0.059099998;0.059099998
;US-IA;1963;p0p100;1612046.6;35492065349.0;1.0;1.0
;US-IA;1963;p99p100;249228.2;;0.078000002;0.078000002
;US-IA;1963;p99.9p100;638736.13;;0.02;0.02
;US-IA;1963;p99.99p100;1569411.8;;0.0049000001;0.0049000001
;US-IA;1963;p90p100;96153.5;;0.301;0.301
;US-IA;1963;p90p95;66710.5;;0.1044;0.1044
;US-IA;1963;p95p99;94689.297;;0.1186;0.1186
;US-IA;1963;p99.5p99.9;264085.19;;0.033100002;0.033100002
;US-IA;1963;p99.9p99.99;536510.19;;0.0151;0.0151
;US-IA;1963;p99p99.5;159064.09;;0.024900001;0.024900001
;US-IA;1963;p95p100;125597.1;;0.19660001;0.19660001
;US-IA;1963;p0p90;24808.699;;0.699;0.699
;US-IA;1963;p0p99;29747.6;;0.92199999;0.92199999
;US-IA;1963;p99.5p100;339386.91;;0.053100001;0.053100001
;US-IA;1962;p0p100;1568668.4;33459942190.0;1.0;1.0
;US-IA;1962;p99p100;248868.09;;0.082199998;0.082199998
;US-IA;1962;p99.9p100;651534.38;;0.021500001;0.021500001
;US-IA;1962;p99.99p100;1676714.5;;0.0055;0.0055
;US-IA;1962;p90p100;94127.398;;0.3109;0.3109
;US-IA;1962;p90p95;64168.199;;0.106;0.106
;US-IA;1962;p95p99;92891.602;;0.1227;0.1227
;US-IA;1962;p99.5p99.9;259613.7;;0.034299999;0.034299999
;US-IA;1962;p99.9p99.99;539382.88;;0.016000001;0.016000001
;US-IA;1962;p99p99.5;159198.91;;0.0263;0.0263
;US-IA;1962;p95p100;124087.0;;0.2049;0.2049
;US-IA;1962;p0p90;23182.1;;0.68910003;0.68910003
;US-IA;1962;p0p99;28067.5;;0.91780001;0.91780001
;US-IA;1962;p99.5p100;338530.41;;0.0559;0.0559
;US-IA;1961;p0p100;1586443.1;32958886652.0;1.0;1.0
;US-IA;1961;p99p100;269032.31;;0.089599997;0.089599997
;US-IA;1961;p99.9p100;738762.5;;0.024599999;0.024599999
;US-IA;1961;p99.99p100;1947220.3;;0.0065000001;0.0065000001
;US-IA;1961;p90p100;95418.203;;0.3179;0.3179
;US-IA;1961;p90p95;63117.602;;0.1051;0.1051
;US-IA;1961;p95p99;92394.398;;0.1231;0.1231
;US-IA;1961;p99.5p99.9;279278.81;;0.0372;0.0372
;US-IA;1961;p99.9p99.99;605103.31;;0.018100001;0.018100001
;US-IA;1961;p99p99.5;166753.5;;0.027799999;0.027799999
;US-IA;1961;p95p100;127719.8;;0.2128;0.2128
;US-IA;1961;p0p90;22746.0;;0.6821;0.6821
;US-IA;1961;p0p99;27599.0;;0.91039997;0.91039997
;US-IA;1961;p99.5p100;371315.59;;0.061900001;0.061900001
;US-IA;1960;p0p100;1538718.5;31091010180.0;1.0;1.0
;US-IA;1960;p99p100;248470.0;;0.087099999;0.087099999
;US-IA;1960;p99.9p100;649935.88;;0.0228;0.0228
;US-IA;1960;p99.99p100;1685324.8;;0.0059000002;0.0059000002
;US-IA;1960;p90p100;90666.102;;0.31779999;0.31779999
;US-IA;1960;p90p95;60949.301;;0.1068;0.1068
;US-IA;1960;p95p99;88362.5;;0.1239;0.1239
;US-IA;1960;p99.5p99.9;257572.0;;0.0361;0.0361
;US-IA;1960;p99.9p99.99;536576.63;;0.016899999;0.016899999
;US-IA;1960;p99p99.5;160352.7;;0.028100001;0.028100001
;US-IA;1960;p95p100;120382.8;;0.211;0.211
;US-IA;1960;p0p90;21626.4;;0.68220001;0.68220001
;US-IA;1960;p0p99;26307.6;;0.91289997;0.91289997
;US-IA;1960;p99.5p100;336580.59;;0.059;0.059
;US-IA;1959;p0p100;1590166.5;31248025384.0;1.0;1.0
;US-IA;1959;p99p100;248839.0;;0.087300003;0.087300003
;US-IA;1959;p99.9p100;661173.19;;0.0232;0.0232
;US-IA;1959;p99.99p100;1616866.3;;0.0057000001;0.0057000001
;US-IA;1959;p90p100;90559.398;;0.31779999;0.31779999
;US-IA;1959;p90p95;60789.5;;0.1067;0.1067
;US-IA;1959;p95p99;88206.703;;0.1238;0.1238
;US-IA;1959;p99.5p99.9;264192.81;;0.037099998;0.037099998
;US-IA;1959;p99.9p99.99;555752.0;;0.0176;0.0176
;US-IA;1959;p99p99.5;153880.91;;0.027000001;0.027000001
;US-IA;1959;p95p100;120330.5;;0.2111;0.2111
;US-IA;1959;p0p90;21599.6;;0.68220001;0.68220001
;US-IA;1959;p0p99;26269.699;;0.9127;0.9127
;US-IA;1959;p99.5p100;343804.0;;0.0603;0.0603
;US-IA;1958;p0p100;1560425.3;30398835404.0;1.0;1.0
;US-IA;1958;p99p100;227960.59;;0.082699999;0.082699999
;US-IA;1958;p99.9p100;602333.13;;0.0218;0.0218
;US-IA;1958;p99.99p100;1491906.6;;0.0054000001;0.0054000001
;US-IA;1958;p90p100;84998.703;;0.3082;0.3082
;US-IA;1958;p90p95;57987.699;;0.1051;0.1051
;US-IA;1958;p95p99;83024.297;;0.1204;0.1204
;US-IA;1958;p99.5p99.9;232999.2;;0.033799998;0.033799998
;US-IA;1958;p99.9p99.99;504500.09;;0.0165;0.0165
;US-IA;1958;p99p99.5;148767.41;;0.027000001;0.027000001
;US-IA;1958;p95p100;112010.9;;0.2031;0.2031
;US-IA;1958;p0p90;21200.0;;0.6918;0.6918
;US-IA;1958;p0p99;25555.4;;0.91729999;0.91729999
;US-IA;1958;p99.5p100;307151.69;;0.0557;0.0557
;US-IA;1957;p0p100;1666857.3;30921313232.0;1.0;1.0
;US-IA;1957;p99p100;219268.91;;0.078500003;0.078500003
;US-IA;1957;p99.9p100;590013.88;;0.0211;0.0211
;US-IA;1957;p99.99p100;1477904.8;;0.0052999998;0.0052999998
;US-IA;1957;p90p100;80442.703;;0.28819999;0.28819999
;US-IA;1957;p90p95;53971.199;;0.096699998;0.096699998
;US-IA;1957;p95p99;78827.703;;0.1129;0.1129
;US-IA;1957;p99.5p99.9;231764.91;;0.033199999;0.033199999
;US-IA;1957;p99.9p99.99;492016.69;;0.015900001;0.015900001
;US-IA;1957;p99p99.5;134916.91;;0.0242;0.0242
;US-IA;1957;p95p100;106914.9;;0.19149999;0.19149999
;US-IA;1957;p0p90;22080.6;;0.7119;0.7119
;US-IA;1957;p0p99;25983.6;;0.92150003;0.92150003
;US-IA;1957;p99.5p100;303619.41;;0.054400001;0.054400001
;US-IA;1956;p0p100;1681944.5;29187549476.0;1.0;1.0
;US-IA;1956;p99p100;219701.09;;0.0836;0.0836
;US-IA;1956;p99.9p100;631407.69;;0.024;0.024
;US-IA;1956;p99.99p100;1672139.0;;0.0063999998;0.0063999998
;US-IA;1956;p90p100;78090.797;;0.29730001;0.29730001
;US-IA;1956;p90p95;51449.5;;0.097900003;0.097900003
;US-IA;1956;p95p99;76202.398;;0.1161;0.1161
;US-IA;1956;p99.5p99.9;224642.5;;0.034200002;0.034200002
;US-IA;1956;p99.9p99.99;516920.59;;0.0177;0.0177
;US-IA;1956;p99p99.5;133127.2;;0.0253;0.0253
;US-IA;1956;p95p100;104902.7;;0.1997;0.1997
;US-IA;1956;p0p90;20496.801;;0.70240003;0.70240003
;US-IA;1956;p0p99;24310.5;;0.91640002;0.91640002
;US-IA;1956;p99.5p100;306272.69;;0.0583;0.0583
;US-IA;1955;p0p100;1682693.3;28442523050.0;1.0;1.0
;US-IA;1955;p99p100;232869.0;;0.091300003;0.091300003
;US-IA;1955;p99.9p100;635669.38;;0.024900001;0.024900001
;US-IA;1955;p99.99p100;1729750.9;;0.0068000001;0.0068000001
;US-IA;1955;p90p100;82290.102;;0.32260001;0.32260001
;US-IA;1955;p90p95;58345.5;;0.1144;0.1144
;US-IA;1955;p95p99;75422.703;;0.1183;0.1183
;US-IA;1955;p99.5p99.9;238099.5;;0.037300002;0.037300002
;US-IA;1955;p99.9p99.99;514177.09;;0.018100001;0.018100001
;US-IA;1955;p99p99.5;148128.59;;0.028999999;0.028999999
;US-IA;1955;p95p100;106899.7;;0.2095;0.2095
;US-IA;1955;p0p90;19160.1;;0.67610002;0.67610002
;US-IA;1955;p0p99;23412.5;;0.90869999;0.90869999
;US-IA;1955;p99.5p100;317609.69;;0.0623;0.0623
;US-IA;1954;p0p100;1764925.0;30154509521.0;1.0;1.0
;US-IA;1954;p99p100;213558.09;;0.0792;0.0792
;US-IA;1954;p99.9p100;573136.38;;0.021299999;0.021299999
;US-IA;1954;p99.99p100;1400305.5;;0.0052;0.0052
;US-IA;1954;p90p100;82205.102;;0.30500001;0.30500001
;US-IA;1954;p90p95;60033.801;;0.1114;0.1114
;US-IA;1954;p95p99;78432.297;;0.1164;0.1164
;US-IA;1954;p99.5p99.9;219535.0;;0.032600001;0.032600001
;US-IA;1954;p99.9p99.99;481252.5;;0.016100001;0.016100001
;US-IA;1954;p99p99.5;136862.91;;0.0254;0.0254
;US-IA;1954;p95p100;105402.0;;0.1955;0.1955
;US-IA;1954;p0p90;20755.0;;0.69300002;0.69300002
;US-IA;1954;p0p99;25069.199;;0.92079997;0.92079997
;US-IA;1954;p99.5p100;290254.0;;0.053800002;0.053800002
;US-IA;1953;p0p100;1647084.6;27949648219.0;1.0;1.0
;US-IA;1953;p99p100;204339.0;;0.082000002;0.082000002
;US-IA;1953;p99.9p100;535393.5;;0.021500001;0.021500001
;US-IA;1953;p99.99p100;1385137.3;;0.0055999998;0.0055999998
;US-IA;1953;p90p100;79410.5;;0.31889999;0.31889999
;US-IA;1953;p90p95;60818.0;;0.1221;0.1221
;US-IA;1953;p95p99;72944.5;;0.1172;0.1172
;US-IA;1953;p99.5p99.9;214023.41;;0.034400001;0.034400001
;US-IA;1953;p99.9p99.99;441791.09;;0.016000001;0.016000001
;US-IA;1953;p99p99.5;130523.6;;0.0262;0.0262
;US-IA;1953;p95p100;99171.703;;0.1991;0.1991
;US-IA;1953;p0p90;18779.5;;0.67860001;0.67860001
;US-IA;1953;p0p99;23092.6;;0.91799998;0.91799998
;US-IA;1953;p99.5p100;278194.5;;0.0559;0.0559
;US-IA;1952;p0p100;1765405.4;29626934016.0;1.0;1.0
;US-IA;1952;p99p100;201262.59;;0.076499999;0.076499999
;US-IA;1952;p99.9p100;550340.88;;0.0209;0.0209
;US-IA;1952;p99.99p100;1359802.3;;0.0052;0.0052
;US-IA;1952;p90p100;77515.703;;0.29480001;0.29480001
;US-IA;1952;p90p95;61329.398;;0.1166;0.1166
;US-IA;1952;p95p99;69060.297;;0.1051;0.1051
;US-IA;1952;p99.5p99.9;207343.0;;0.031500001;0.031500001
;US-IA;1952;p99.9p99.99;461533.19;;0.015799999;0.015799999
;US-IA;1952;p99p99.5;126731.6;;0.0241;0.0241
;US-IA;1952;p95p100;95419.398;;0.1814;0.1814
;US-IA;1952;p0p90;20502.699;;0.70169997;0.70169997
;US-IA;1952;p0p99;24528.4;;0.9235;0.9235
;US-IA;1952;p99.5p100;275841.91;;0.0524;0.0524
;US-IA;1951;p0p100;1804657.8;29096570969.0;1.0;1.0
;US-IA;1951;p99p100;251886.5;;0.097800002;0.097800002
;US-IA;1951;p99.9p100;708532.69;;0.0275;0.0275
;US-IA;1951;p99.99p100;1526201.3;;0.0059000002;0.0059000002
;US-IA;1951;p90p100;80926.398;;0.31439999;0.31439999
;US-IA;1951;p90p95;48432.398;;0.094099998;0.094099998
;US-IA;1951;p95p99;77614.297;;0.1206;0.1206
;US-IA;1951;p99.5p99.9;255375.2;;0.039700001;0.039700001
;US-IA;1951;p99.9p99.99;622893.31;;0.0218;0.0218
;US-IA;1951;p99p99.5;153349.0;;0.0298;0.0298
;US-IA;1951;p95p100;113079.8;;0.21960001;0.21960001
;US-IA;1951;p0p99;17894.4;;0.6882;0.6882
;US-IA;1951;p99.5p100;348689.91;;0.067699999;0.067699999
;US-IA;1950;p0p100;2099362.0;29161007825.0;1.0;1.0
;US-IA;1950;p99p100;248843.0;;0.096799999;0.096799999
;US-IA;1950;p99.9p100;690883.81;;0.026900001;0.026900001
;US-IA;1950;p99.99p100;1591759.6;;0.0062000002;0.0062000002
;US-IA;1950;p90p100;81715.0;;0.3177;0.3177
;US-IA;1950;p90p95;47819.102;;0.093000002;0.093000002
;US-IA;1950;p95p99;82464.0;;0.1283;0.1283
;US-IA;1950;p99.5p99.9;252836.59;;0.039299998;0.039299998
;US-IA;1950;p99.9p99.99;604368.13;;0.0211;0.0211
;US-IA;1950;p99p99.5;157570.7;;0.0306;0.0306
;US-IA;1950;p95p100;115560.8;;0.2247;0.2247
;US-IA;1950;p0p90;19475.301;;0.68150002;0.68150002
;US-IA;1950;p0p99;23465.801;;0.90319997;0.90319997
;US-IA;1950;p99.5p100;340229.31;;0.066100001;0.066100001
;US-IA;1949;p0p100;1835141.3;24893336300.0;1.0;1.0
;US-IA;1949;p99p100;213037.3;;0.096600004;0.096600004
;US-IA;1949;p99.9p100;581008.63;;0.0264;0.0264
;US-IA;1949;p99.99p100;1415993.0;;0.0063999998;0.0063999998
;US-IA;1949;p90p100;73943.203;;0.33539999;0.33539999
;US-IA;1949;p90p95;45982.301;;0.1043;0.1043
;US-IA;1949;p95p99;74168.297;;0.1346;0.1346
;US-IA;1949;p99.5p99.9;222535.3;;0.040399998;0.040399998
;US-IA;1949;p99.9p99.99;488259.41;;0.0199;0.0199
;US-IA;1949;p99p99.5;131840.7;;0.029899999;0.029899999
;US-IA;1949;p95p100;101834.9;;0.2309;0.2309
;US-IA;1949;p0p90;16279.9;;0.6645;0.6645
;US-IA;1949;p0p99;20119.0;;0.9034;0.9034
;US-IA;1949;p99.5p100;294230.31;;0.066699997;0.066699997
;US-IA;1948;p0p100;2158217.8;29815022526.0;1.0;1.0
;US-IA;1948;p99p100;219323.7;;0.082900003;0.082900003
;US-IA;1948;p99.9p100;588572.38;;0.022299999;0.022299999
;US-IA;1948;p99.99p100;1499676.8;;0.0057000001;0.0057000001
;US-IA;1948;p90p100;78112.102;;0.29539999;0.29539999
;US-IA;1948;p90p95;48024.102;;0.090800002;0.090800002
;US-IA;1948;p95p99;80445.102;;0.1217;0.1217
;US-IA;1948;p99.5p99.9;223352.41;;0.033799998;0.033799998
;US-IA;1948;p99.9p99.99;487362.59;;0.0166;0.0166
;US-IA;1948;p99p99.5;142262.09;;0.026900001;0.026900001
;US-IA;1948;p95p100;108164.7;;0.2045;0.2045
;US-IA;1948;p0p90;20698.199;;0.70450002;0.70450002
;US-IA;1948;p0p99;24492.4;;0.91710001;0.91710001
;US-IA;1948;p99.5p100;296393.31;;0.056000002;0.056000002
;US-IA;1947;p0p100;1921801.9;22825023223.0;1.0;1.0
;US-IA;1947;p99p100;221002.91;;0.109;0.109
;US-IA;1947;p99.9p100;580697.0;;0.0286;0.0286
;US-IA;1947;p99.99p100;1524784.8;;0.0074999998;0.0074999998
;US-IA;1947;p90p100;79910.398;;0.3942;0.3942
;US-IA;1947;p90p95;49411.199;;0.1219;0.1219
;US-IA;1947;p95p99;82806.0;;0.16339999;0.16339999
;US-IA;1947;p99.5p99.9;224488.7;;0.044300001;0.044300001
;US-IA;1947;p99.9p99.99;475868.0;;0.0211;0.0211
;US-IA;1947;p99p99.5;146237.59;;0.0361;0.0361
;US-IA;1947;p95p100;110413.1;;0.2723;0.2723
;US-IA;1947;p0p90;13642.2;;0.60570002;0.60570002
;US-IA;1947;p0p99;18243.0;;0.89099997;0.89099997
;US-IA;1947;p99.5p100;295727.91;;0.072899997;0.072899997
;US-IA;1946;p0p100;2734159.8;24741753163.0;1.0;1.0
;US-IA;1946;p99p100;222298.91;;0.1008;0.1008
;US-IA;1946;p99.9p100;620256.0;;0.028100001;0.028100001
;US-IA;1946;p99.99p100;1556471.3;;0.0071;0.0071
;US-IA;1946;p90p100;76389.797;;0.34639999;0.34639999
;US-IA;1946;p90p95;46999.199;;0.1066;0.1066
;US-IA;1946;p95p99;76673.0;;0.1391;0.1391
;US-IA;1946;p99.5p99.9;226364.41;;0.041099999;0.041099999
;US-IA;1946;p99.9p99.99;516268.41;;0.0211;0.0211
;US-IA;1946;p99p99.5;139412.5;;0.031599998;0.031599998
;US-IA;1946;p95p100;105782.4;;0.23989999;0.23989999
;US-IA;1946;p0p90;16013.4;;0.65359998;0.65359998
;US-IA;1946;p0p99;20029.0;;0.89920002;0.89920002
;US-IA;1946;p99.5p100;305141.91;;0.069200002;0.069200002
;US-IA;1945;p0p100;2844214.5;21958771232.0;1.0;1.0
;US-IA;1945;p99p100;199292.7;;0.1023;0.1023
;US-IA;1945;p99.9p100;569575.88;;0.029200001;0.029200001
;US-IA;1945;p99.99p100;1390363.8;;0.0071;0.0071
;US-IA;1945;p90p100;68746.398;;0.35299999;0.35299999
;US-IA;1945;p90p95;43754.398;;0.1123;0.1123
;US-IA;1945;p95p99;67388.898;;0.1384;0.1384
;US-IA;1945;p99.5p99.9;206413.91;;0.042399999;0.042399999
;US-IA;1945;p99.9p99.99;480979.59;;0.0222;0.0222
;US-IA;1945;p99p99.5;119526.0;;0.0307;0.0307
;US-IA;1945;p95p100;93742.297;;0.24070001;0.24070001
;US-IA;1945;p0p90;13994.6;;0.64679998;0.64679998
;US-IA;1945;p0p99;17657.301;;0.89770001;0.89770001
;US-IA;1945;p99.5p100;279019.5;;0.071599998;0.071599998
;US-IA;1944;p0p100;2791938.5;20692457356.0;1.0;1.0
;US-IA;1944;p99p100;177945.7;;0.097400002;0.097400002
;US-IA;1944;p99.9p100;522890.19;;0.0286;0.0286
;US-IA;1944;p99.99p100;1402674.4;;0.0077;0.0077
;US-IA;1944;p90p100;67527.898;;0.36950001;0.36950001
;US-IA;1944;p90p95;50589.301;;0.1384;0.1384
;US-IA;1944;p95p99;64762.699;;0.1418;0.1418
;US-IA;1944;p99.5p99.9;182380.3;;0.039900001;0.039900001
;US-IA;1944;p99.9p99.99;425477.09;;0.021;0.021
;US-IA;1944;p99p99.5;105525.0;;0.028899999;0.028899999
;US-IA;1944;p95p100;86908.703;;0.2378;0.2378
;US-IA;1944;p0p90;12637.4;;0.62239999;0.62239999
;US-IA;1944;p0p99;16661.199;;0.90259999;0.90259999
;US-IA;1944;p99.5p100;250528.59;;0.068499997;0.068499997
;US-IA;1943;p0p100;3239175.3;23262297848.0;1.0;1.0
;US-IA;1943;p99p100;211289.5;;0.1032;0.1032
;US-IA;1943;p99.9p100;644747.38;;0.031500001;0.031500001
;US-IA;1943;p99.99p100;1756415.5;;0.0086000003;0.0086000003
;US-IA;1943;p90p100;72029.703;;0.35170001;0.35170001
;US-IA;1943;p90p95;45191.5;;0.1103;0.1103
;US-IA;1943;p95p99;70674.602;;0.138;0.138
;US-IA;1943;p99.5p99.9;208692.5;;0.040800001;0.040800001
;US-IA;1943;p99.9p99.99;522690.69;;0.023;0.023
;US-IA;1943;p99p99.5;126613.0;;0.0309;0.0309
;US-IA;1943;p95p100;98847.898;;0.2413;0.2413
;US-IA;1943;p0p90;14758.8;;0.64850003;0.64850003
;US-IA;1943;p0p99;18556.0;;0.89679998;0.89679998
;US-IA;1943;p99.5p100;295929.41;;0.0722;0.0722
;US-IA;1942;p0p100;3170803.5;20229229903.0;1.0;1.0
;US-IA;1942;p99p100;187950.0;;0.1056;0.1056
;US-IA;1942;p99.9p100;564326.31;;0.0317;0.0317
;US-IA;1942;p99.99p100;1537305.6;;0.0086000003;0.0086000003
;US-IA;1942;p90p100;65352.0;;0.36719999;0.36719999
;US-IA;1942;p90p95;42271.801;;0.1188;0.1188
;US-IA;1942;p95p99;63469.699;;0.1427;0.1427
;US-IA;1942;p99.5p99.9;187158.91;;0.042100001;0.042100001
;US-IA;1942;p99.9p99.99;455877.31;;0.0231;0.0231
;US-IA;1942;p99p99.5;113186.6;;0.031800002;0.031800002
;US-IA;1942;p95p100;88426.203;;0.2484;0.2484
;US-IA;1942;p0p90;12516.4;;0.63300002;0.63300002
;US-IA;1942;p0p99;16077.0;;0.8944;0.8944
;US-IA;1942;p99.5p100;262649.31;;0.073799998;0.073799998
;US-IA;1941;p0p100;3095937.0;16190594165.0;1.0;1.0
;US-IA;1941;p99p100;170140.41;;0.1199;0.1199
;US-IA;1941;p99.9p100;526866.5;;0.037099998;0.037099998
;US-IA;1941;p99.99p100;1541296.4;;0.0109;0.0109
;US-IA;1941;p90p100;56148.898;;0.39570001;0.39570001
;US-IA;1941;p90p95;35925.398;;0.1266;0.1266
;US-IA;1941;p95p99;52982.898;;0.1494;0.1494
;US-IA;1941;p99.5p99.9;168428.8;;0.047499999;0.047499999
;US-IA;1941;p99.9p99.99;413693.31;;0.0262;0.0262
;US-IA;1941;p99p99.5;99915.703;;0.0352;0.0352
;US-IA;1941;p95p100;76491.297;;0.26949999;0.26949999
;US-IA;1941;p0p90;9527.2002;;0.60430002;0.60430002
;US-IA;1941;p0p99;12614.5;;0.88010001;0.88010001
;US-IA;1941;p99.5p100;240235.91;;0.084700003;0.084700003
;US-IA;1940;p0p100;3012156.8;14356302166.0;1.0;1.0
;US-IA;1940;p99p100;148883.3;;0.1189;0.1189
;US-IA;1940;p99.9p100;451119.41;;0.035999998;0.035999998
;US-IA;1940;p99.99p100;1205929.0;;0.0096000005;0.0096000005
;US-IA;1940;p90p100;50853.801;;0.4061;0.4061
;US-IA;1940;p90p95;33850.699;;0.13519999;0.13519999
;US-IA;1940;p95p99;47471.301;;0.1516;0.1516
;US-IA;1940;p99.5p99.9;150174.0;;0.048;0.048
;US-IA;1940;p99.9p99.99;366668.19;;0.0264;0.0264
;US-IA;1940;p99p99.5;87147.0;;0.0348;0.0348
;US-IA;1940;p95p100;67816.5;;0.27079999;0.27079999
;US-IA;1940;p0p90;8270.9004;;0.59439999;0.59439999
;US-IA;1940;p0p99;11144.9;;0.8811;0.8811
;US-IA;1940;p99.5p100;210488.8;;0.083999999;0.083999999
;US-IA;1939;p0p100;2955419.5;13668730053.0;1.0;1.0
;US-IA;1939;p99p100;139720.59;;0.1159;0.1159
;US-IA;1939;p99.9p100;415815.81;;0.034499999;0.034499999
;US-IA;1939;p99.99p100;1081964.8;;0.0089999996;0.0089999996
;US-IA;1939;p90p100;41910.199;;0.3477;0.3477
;US-IA;1939;p90p95;20536.699;;0.085199997;0.085199997
;US-IA;1939;p95p99;43613.898;;0.14470001;0.14470001
;US-IA;1939;p99.5p99.9;139844.2;;0.046399999;0.046399999
;US-IA;1939;p99.9p99.99;341536.69;;0.0255;0.0255
;US-IA;1939;p99p99.5;84184.203;;0.034899998;0.034899998
;US-IA;1939;p95p100;62882.398;;0.2608;0.2608
;US-IA;1939;p0p90;8762.5;;0.65429997;0.65429997
;US-IA;1939;p0p99;10763.9;;0.88410002;0.88410002
;US-IA;1939;p99.5p100;195136.2;;0.080899999;0.080899999
;US-IA;1938;p0p100;2737713.0;12906221331.0;1.0;1.0
;US-IA;1938;p99p100;124422.6;;0.1083;0.1083
;US-IA;1938;p99.9p100;376197.91;;0.032699998;0.032699998
;US-IA;1938;p99.99p100;995156.31;;0.0087000001;0.0087000001
;US-IA;1938;p90p100;37760.398;;0.32859999;0.32859999
;US-IA;1938;p90p95;19907.9;;0.086599998;0.086599998
;US-IA;1938;p95p99;37762.801;;0.13150001;0.13150001
;US-IA;1938;p99.5p99.9;125796.4;;0.0438;0.0438
;US-IA;1938;p99.9p99.99;306015.91;;0.024;0.024
;US-IA;1938;p99p99.5;72575.297;;0.031599998;0.031599998
;US-IA;1938;p95p100;55136.699;;0.23989999;0.23989999
;US-IA;1938;p0p90;8603.4004;;0.67390001;0.67390001
;US-IA;1938;p0p99;10349.3;;0.89170003;0.89170003
;US-IA;1938;p99.5p100;176123.59;;0.0766;0.0766
;US-IA;1937;p0p100;2980077.5;14453992452.0;1.0;1.0
;US-IA;1937;p99p100;132463.3;;0.102;0.102
;US-IA;1937;p99.9p100;423277.81;;0.032600001;0.032600001
;US-IA;1937;p99.99p100;1147831.1;;0.0088;0.0088
;US-IA;1937;p90p100;37562.699;;0.28929999;0.28929999
;US-IA;1937;p90p95;18285.801;;0.0704;0.0704
;US-IA;1937;p95p99;37381.199;;0.1151;0.1151
;US-IA;1937;p99.5p99.9;130582.3;;0.040199999;0.040199999
;US-IA;1937;p99.9p99.99;342801.81;;0.023800001;0.023800001
;US-IA;1937;p99p99.5;75809.398;;0.029200001;0.029200001
;US-IA;1937;p95p100;56389.699;;0.21709999;0.21709999
;US-IA;1937;p0p90;10279.6;;0.71240002;0.71240002
;US-IA;1937;p0p99;11779.0;;0.898;0.898
;US-IA;1937;p99.5p100;189120.7;;0.072800003;0.072800003
;US-IA;1936;p0p100;2515944.0;11282982281.0;1.0;1.0
;US-IA;1936;p99p100;139940.0;;0.13699999;0.13699999
;US-IA;1936;p99.9p100;457196.59;;0.044799998;0.044799998
;US-IA;1936;p99.99p100;1180910.1;;0.0116;0.0116
;US-IA;1936;p90p100;38562.898;;0.37760001;0.37760001
;US-IA;1936;p90p95;20355.4;;0.099699996;0.099699996
;US-IA;1936;p95p99;36186.199;;0.1417;0.1417
;US-IA;1936;p99.5p99.9;139323.7;;0.0546;0.0546
;US-IA;1936;p99.9p99.99;376812.91;;0.033199999;0.033199999
;US-IA;1936;p99p99.5;76990.0;;0.037700001;0.037700001
;US-IA;1936;p95p100;56947.102;;0.27880001;0.27880001
;US-IA;1936;p0p90;7052.3999;;0.62150002;0.62150002
;US-IA;1936;p0p99;8901.5;;0.86299998;0.86299998
;US-IA;1936;p99.5p100;202896.3;;0.099299997;0.099299997
;US-IA;1935;p0p100;2865377.0;12508047574.0;1.0;1.0
;US-IA;1935;p99p100;117242.9;;0.1028;0.1028
;US-IA;1935;p99.9p100;358436.59;;0.031399999;0.031399999
;US-IA;1935;p99.99p100;1010097.3;;0.0088999998;0.0088999998
;US-IA;1935;p90p100;34851.898;;0.3055;0.3055
;US-IA;1935;p90p95;20924.801;;0.091700003;0.091700003
;US-IA;1935;p95p99;32588.801;;0.1143;0.1143
;US-IA;1935;p99.5p99.9;116277.4;;0.040800001;0.040800001
;US-IA;1935;p99.9p99.99;286047.0;;0.022600001;0.022600001
;US-IA;1935;p99p99.5;69792.797;;0.0306;0.0306
;US-IA;1935;p95p100;49455.602;;0.2168;0.2168
;US-IA;1935;p0p90;8760.7998;;0.69120002;0.69120002
;US-IA;1935;p0p99;10338.0;;0.89719999;0.89719999
;US-IA;1935;p99.5p100;164703.09;;0.0722;0.0722
;US-IA;1934;p0p100;1961963.5;8086253623.0;1.0;1.0
;US-IA;1934;p99p100;106396.0;;0.14309999;0.14309999
;US-IA;1934;p99.9p100;319298.31;;0.0429;0.0429
;US-IA;1934;p99.99p100;848780.5;;0.0114;0.0114
;US-IA;1934;p90p100;31822.301;;0.428;0.428
;US-IA;1934;p90p95;19029.1;;0.12800001;0.12800001
;US-IA;1934;p95p99;30277.1;;0.1629;0.1629
;US-IA;1934;p99.5p99.9;106563.6;;0.057300001;0.057300001
;US-IA;1934;p99.9p99.99;260488.5;;0.031500001;0.031500001
;US-IA;1934;p99p99.5;63674.602;;0.042800002;0.042800002
;US-IA;1934;p95p100;45406.0;;0.3053;0.3053
;US-IA;1934;p0p90;4676.2002;;0.56599998;0.56599998
;US-IA;1934;p0p99;6435.5;;0.85689998;0.85689998
;US-IA;1934;p99.5p100;149103.5;;0.1003;0.1003
;US-IA;1933;p0p100;2042016.3;7820065558.0;1.0;1.0
;US-IA;1933;p99p100;93839.102;;0.1295;0.1295
;US-IA;1933;p99.9p100;283830.31;;0.0392;0.0392
;US-IA;1933;p99.99p100;841413.38;;0.0116;0.0116
;US-IA;1933;p90p100;28813.301;;0.39770001;0.39770001
;US-IA;1933;p90p95;18686.5;;0.12899999;0.12899999
;US-IA;1933;p95p99;26791.5;;0.1479;0.1479
;US-IA;1933;p99.5p99.9;89871.898;;0.049600001;0.049600001
;US-IA;1933;p99.9p99.99;221876.59;;0.0276;0.0276
;US-IA;1933;p99p99.5;59014.602;;0.0407;0.0407
;US-IA;1933;p95p100;40106.398;;0.27680001;0.27680001
;US-IA;1933;p0p90;4778.2998;;0.59359998;0.59359998
;US-IA;1933;p0p99;6370.2002;;0.87050003;0.87050003
;US-IA;1933;p99.5p100;128663.6;;0.088799998;0.088799998
;US-IA;1932;p0p100;2058219.1;8696434026.0;1.0;1.0
;US-IA;1932;p99p100;95348.602;;0.1175;0.1175
;US-IA;1932;p99.9p100;278371.41;;0.034299999;0.034299999
;US-IA;1932;p99.99p100;795654.81;;0.0098000001;0.0098000001
;US-IA;1932;p90p100;31865.199;;0.39269999;0.39269999
;US-IA;1932;p90p95;21543.1;;0.1327;0.1327
;US-IA;1932;p95p99;30552.4;;0.1506;0.1506
;US-IA;1932;p99.5p99.9;91555.0;;0.0451;0.0451
;US-IA;1932;p99.9p99.99;220895.41;;0.024499999;0.024499999
;US-IA;1932;p99p99.5;61778.801;;0.0381;0.0381
;US-IA;1932;p95p100;43362.102;;0.26719999;0.26719999
;US-IA;1932;p0p90;5401.6001;;0.59909999;0.59909999
;US-IA;1932;p0p99;7233.0;;0.88249999;0.88249999
;US-IA;1932;p99.5p100;128918.3;;0.079400003;0.079400003
;US-IA;1931;p0p100;1999494.8;10421946847.0;1.0;1.0
;US-IA;1931;p99p100;121622.7;;0.1241;0.1241
;US-IA;1931;p99.9p100;380576.0;;0.038800001;0.038800001
;US-IA;1931;p99.99p100;1189729.3;;0.0121;0.0121
;US-IA;1931;p90p100;31950.9;;0.32609999;0.32609999
;US-IA;1931;p90p95;18696.1;;0.095399998;0.095399998
;US-IA;1931;p95p99;25489.301;;0.1041;0.1041
;US-IA;1931;p99.5p99.9;119212.3;;0.048700001;0.048700001
;US-IA;1931;p99.9p99.99;290670.0;;0.026699999;0.026699999
;US-IA;1931;p99p99.5;71760.398;;0.036600001;0.036600001
;US-IA;1931;p95p100;44971.199;;0.2295;0.2295
;US-IA;1931;p0p90;7364.2998;;0.67640001;0.67640001
;US-IA;1931;p0p99;8668.9004;;0.87589997;0.87589997
;US-IA;1931;p99.5p100;171485.0;;0.087499999;0.087499999
;US-IA;1930;p0p100;1984236.1;12324033378.0;1.0;1.0
;US-IA;1930;p99p100;141116.0;;0.1207;0.1207
;US-IA;1930;p99.9p100;462967.81;;0.0396;0.0396
;US-IA;1930;p99.99p100;1486571.0;;0.0127;0.0127
;US-IA;1930;p90p100;36084.801;;0.3087;0.3087
;US-IA;1930;p90p95;17378.9;;0.074299999;0.074299999
;US-IA;1930;p95p99;31965.801;;0.1094;0.1094
;US-IA;1930;p99.5p99.9;137283.8;;0.046999998;0.046999998
;US-IA;1930;p99.9p99.99;349234.09;;0.026900001;0.026900001
;US-IA;1930;p99p99.5;79811.297;;0.0341;0.0341
;US-IA;1930;p95p100;53746.5;;0.2299;0.2299
;US-IA;1930;p0p90;9035.5;;0.69559997;0.69559997
;US-IA;1930;p0p99;10383.4;;0.8793;0.8793
;US-IA;1930;p99.5p100;202420.59;;0.086599998;0.086599998
;US-IA;1929;p0p100;2162333.0;14130919009.0;1.0;1.0
;US-IA;1929;p99p100;168982.91;;0.126;0.126
;US-IA;1929;p99.9p100;620780.38;;0.046300001;0.046300001
;US-IA;1929;p99.99p100;2368380.3;;0.0177;0.0177
;US-IA;1929;p90p100;39324.301;;0.29319999;0.29319999
;US-IA;1929;p90p95;15667.7;;0.058400001;0.058400001
;US-IA;1929;p95p99;35803.199;;0.1068;0.1068
;US-IA;1929;p99.5p99.9;156207.91;;0.046599999;0.046599999
;US-IA;1929;p99.9p99.99;426602.69;;0.0286;0.0286
;US-IA;1929;p99p99.5;88843.398;;0.033100002;0.033100002
;US-IA;1929;p95p100;62297.102;;0.2323;0.2323
;US-IA;1929;p0p90;10561.9;;0.70880002;0.70880002
;US-IA;1929;p0p99;11839.7;;0.87400001;0.87400001
;US-IA;1929;p99.5p100;249122.41;;0.092900001;0.092900001
;US-IA;1928;p0p100;2092118.4;13668353686.0;1.0;1.0
;US-IA;1928;p99p100;184766.3;;0.1424;0.1424
;US-IA;1928;p99.9p100;828828.31;;0.063900001;0.063900001
;US-IA;1928;p99.99p100;4371193.0;;0.0337;0.0337
;US-IA;1928;p90p100;39475.301;;0.30419999;0.30419999
;US-IA;1928;p90p95;14186.9;;0.054699998;0.054699998
;US-IA;1928;p95p99;33263.301;;0.1025;0.1025
;US-IA;1928;p99.5p99.9;150332.0;;0.046300001;0.046300001
;US-IA;1928;p99.9p99.99;435232.09;;0.030200001;0.030200001
;US-IA;1928;p99p99.5;83501.398;;0.032200001;0.032200001
;US-IA;1928;p95p100;63483.398;;0.2446;0.2446
;US-IA;1928;p0p90;10097.9;;0.70039999;0.70039999
;US-IA;1928;p0p99;11240.3;;0.85759997;0.85759997
;US-IA;1928;p99.5p100;286031.19;;0.1102;0.1102
;US-IA;1927;p0p100;1934610.9;12956748794.0;1.0;1.0
;US-IA;1927;p99p100;138176.59;;0.1121;0.1121
;US-IA;1927;p99.9p100;510747.59;;0.0414;0.0414
;US-IA;1927;p99.99p100;1715679.3;;0.0139;0.0139
;US-IA;1927;p90p100;34582.102;;0.28049999;0.28049999
;US-IA;1927;p90p95;15214.6;;0.061700001;0.061700001
;US-IA;1927;p95p99;32516.0;;0.1055;0.1055
;US-IA;1927;p99.5p99.9;133962.5;;0.043499999;0.043499999
;US-IA;1927;p99.9p99.99;376866.31;;0.0275;0.0275
;US-IA;1927;p99p99.5;67033.703;;0.0272;0.0272
;US-IA;1927;p95p100;53510.102;;0.21699999;0.21699999
;US-IA;1927;p0p90;9872.5;;0.72070003;0.72070003
;US-IA;1927;p0p99;11057.2;;0.88789999;0.88789999
;US-IA;1927;p99.5p100;209319.5;;0.084899999;0.084899999
;US-IA;1926;p0p100;1824869.5;12646225040.0;1.0;1.0
;US-IA;1926;p99p100;140205.41;;0.1161;0.1161
;US-IA;1926;p99.9p100;477272.19;;0.039500002;0.039500002
;US-IA;1926;p99.99p100;1485451.9;;0.0123;0.0123
;US-IA;1926;p90p100;35647.301;;0.2951;0.2951
;US-IA;1926;p90p95;15632.6;;0.0647;0.0647
;US-IA;1926;p95p99;33834.102;;0.112;0.112
;US-IA;1926;p99.5p99.9;135226.41;;0.044799998;0.044799998
;US-IA;1926;p99.9p99.99;365252.31;;0.0272;0.0272
;US-IA;1926;p99p99.5;76775.102;;0.031800002;0.031800002
;US-IA;1926;p95p100;54997.602;;0.22759999;0.22759999
;US-IA;1926;p0p90;9492.9004;;0.70719999;0.70719999
;US-IA;1926;p0p99;10786.5;;0.88389999;0.88389999
;US-IA;1926;p99.5p100;203635.59;;0.084299996;0.084299996
;US-IA;1925;p0p100;1843308.5;12488446620.0;1.0;1.0
;US-IA;1925;p99p100;139450.2;;0.1165;0.1165
;US-IA;1925;p99.9p100;499270.69;;0.041700002;0.041700002
;US-IA;1925;p99.99p100;1718291.8;;0.0144;0.0144
;US-IA;1925;p90p100;35130.398;;0.29339999;0.29339999
;US-IA;1925;p90p95;15473.0;;0.064599998;0.064599998
;US-IA;1925;p95p99;32935.801;;0.11;0.11
;US-IA;1925;p99.5p99.9;131517.2;;0.043900002;0.043900002
;US-IA;1925;p99.9p99.99;363823.91;;0.0273;0.0273
;US-IA;1925;p99p99.5;73832.602;;0.0308;0.0308
;US-IA;1925;p95p100;54132.102;;0.226;0.226
;US-IA;1925;p0p90;9431.0996;;0.70889997;0.70889997
;US-IA;1925;p0p99;10685.9;;0.88349998;0.88349998
;US-IA;1925;p99.5p100;205067.91;;0.085600004;0.085600004
;US-IA;1924;p0p100;1842722.8;11811474049.0;1.0;1.0
;US-IA;1924;p99p100;128179.3;;0.1126;0.1126
;US-IA;1924;p99.9p100;417451.91;;0.036699999;0.036699999
;US-IA;1924;p99.99p100;1112592.3;;0.0098000001;0.0098000001
;US-IA;1924;p90p100;40278.801;;0.3538;0.3538
;US-IA;1924;p90p95;22599.6;;0.099299997;0.099299997
;US-IA;1924;p95p99;40434.199;;0.14210001;0.14210001
;US-IA;1924;p99.5p99.9;125181.2;;0.044;0.044
;US-IA;1924;p99.9p99.99;340214.09;;0.026900001;0.026900001
;US-IA;1924;p99p99.5;72723.203;;0.0319;0.0319
;US-IA;1924;p95p100;57983.199;;0.25470001;0.25470001
;US-IA;1924;p0p90;8172.3999;;0.64609998;0.64609998
;US-IA;1924;p0p99;10204.6;;0.88739997;0.88739997
;US-IA;1924;p99.5p100;183635.3;;0.080700003;0.080700003
;US-IA;1923;p0p100;1846034.8;11674671917.0;1.0;1.0
;US-IA;1923;p99p100;123652.9;;0.1088;0.1088
;US-IA;1923;p99.9p100;394170.31;;0.034699999;0.034699999
;US-IA;1923;p99.99p100;1144269.6;;0.0101;0.0101
;US-IA;1923;p90p100;44907.398;;0.3953;0.3953
;US-IA;1923;p90p95;30277.6;;0.13330001;0.13330001
;US-IA;1923;p95p99;43785.602;;0.1542;0.1542
;US-IA;1923;p99.5p99.9;121878.3;;0.0429;0.0429
;US-IA;1923;p99.9p99.99;310827.0;;0.024599999;0.024599999
;US-IA;1923;p99p99.5;70969.297;;0.031199999;0.031199999
;US-IA;1923;p95p100;59759.0;;0.26300001;0.26300001
;US-IA;1923;p0p90;7620.5;;0.60369998;0.60369998
;US-IA;1923;p0p99;10226.0;;0.89120001;0.89120001
;US-IA;1923;p99.5p100;176336.59;;0.077600002;0.077600002
;US-IA;1922;p0p100;1727136.9;10461510466.0;1.0;1.0
;US-IA;1922;p99p100;123705.2;;0.1206;0.1206
;US-IA;1922;p99.9p100;385951.0;;0.037599999;0.037599999
;US-IA;1922;p99.99p100;1030040.2;;0.0099999998;0.0099999998
;US-IA;1922;p90p100;45895.699;;0.4474;0.4474
;US-IA;1922;p90p95;32244.4;;0.15719999;0.15719999
;US-IA;1922;p95p99;44034.199;;0.1717;0.1717
;US-IA;1922;p99.5p99.9;122554.3;;0.047800001;0.047800001
;US-IA;1922;p99.9p99.99;314385.5;;0.0276;0.0276
;US-IA;1922;p99p99.5;72176.797;;0.0352;0.0352
;US-IA;1922;p95p100;59968.398;;0.29229999;0.29229999
;US-IA;1922;p0p90;6274.2998;;0.55049998;0.55049998
;US-IA;1922;p0p99;9111.5;;0.87940001;0.87940001
;US-IA;1922;p99.5p100;175233.59;;0.0854;0.0854
;US-IA;1921;p0p100;1308780.9;8997751872.0;1.0;1.0
;US-IA;1921;p99p100;115385.3;;0.1302;0.1302
;US-IA;1921;p99.9p100;332359.91;;0.037500001;0.037500001
;US-IA;1921;p99.99p100;799817.81;;0.0089999996;0.0089999996
;US-IA;1921;p90p100;40329.602;;0.4551;0.4551
;US-IA;1921;p90p95;25762.6;;0.1454;0.1454
;US-IA;1921;p95p99;39965.602;;0.1804;0.1804
;US-IA;1921;p99.5p99.9;118176.3;;0.053300001;0.053300001
;US-IA;1921;p99.9p99.99;280420.09;;0.0285;0.0285
;US-IA;1921;p99p99.5;69757.602;;0.0394;0.0394
;US-IA;1921;p95p100;55049.5;;0.31060001;0.31060001
;US-IA;1921;p0p90;5356.5;;0.54400003;0.54400003
;US-IA;1921;p0p99;7785.3999;;0.86979997;0.86979997
;US-IA;1921;p99.5p100;161013.0;;0.090899996;0.090899996
;US-IA;1920;p0p100;1204139.3;10269889252.0;1.0;1.0
;US-IA;1920;p99p100;166603.0;;0.1631;0.1631
;US-IA;1920;p99.9p100;386718.91;;0.037900001;0.037900001
;US-IA;1920;p99.99p100;803846.88;;0.0078999996;0.0078999996
;US-IA;1920;p90p100;56786.102;;0.55580002;0.55580002
;US-IA;1920;p90p95;35604.199;;0.1743;0.1743
;US-IA;1920;p95p99;56104.0;;0.21969999;0.21969999
;US-IA;1920;p99.5p99.9;177707.8;;0.069600001;0.069600001
;US-IA;1920;p99.9p99.99;340371.31;;0.029999999;0.029999999
;US-IA;1920;p99p99.5;113696.0;;0.055599999;0.055599999
;US-IA;1920;p95p100;78203.797;;0.3827;0.3827
;US-IA;1920;p0p90;5028.6001;;0.44299999;0.44299999
;US-IA;1920;p0p99;8636.5;;0.8369;0.8369
;US-IA;1920;p99.5p100;219510.0;;0.1074;0.1074
;US-IA;1919;p0p100;2266466.8;14188590979.0;1.0;1.0
;US-IA;1919;p99p100;169958.2;;0.1186;0.1186
;US-IA;1919;p99.9p100;442553.19;;0.0309;0.0309
;US-IA;1919;p99.99p100;1008661.3;;0.0070000002;0.0070000002
;US-IA;1919;p90p100;64200.602;;0.4479;0.4479
;US-IA;1919;p90p95;44395.602;;0.1549;0.1549
;US-IA;1919;p95p99;63705.602;;0.1778;0.1778
;US-IA;1919;p99.5p99.9;172220.8;;0.048099998;0.048099998
;US-IA;1919;p99.9p99.99;380418.19;;0.0239;0.0239
;US-IA;1919;p99p99.5;113082.4;;0.039500002;0.039500002
;US-IA;1919;p95p100;84956.102;;0.29640001;0.29640001
;US-IA;1919;p0p90;8740.7998;;0.54890001;0.54890001
;US-IA;1919;p0p99;12760.3;;0.88139999;0.88139999
;US-IA;1919;p99.5p100;226834.0;;0.079099998;0.079099998
;US-IA;1918;p0p100;3020528.8;14198403536.0;1.0;1.0
;US-IA;1918;p99p100;166469.3;;0.115;0.115
;US-IA;1918;p99.9p100;444799.0;;0.0307;0.0307
;US-IA;1918;p99.99p100;1096650.6;;0.0076000001;0.0076000001
;US-IA;1918;p90p100;66912.0;;0.4621;0.4621
;US-IA;1918;p90p95;47786.398;;0.16500001;0.16500001
;US-IA;1918;p95p99;68024.602;;0.18790001;0.18790001
;US-IA;1918;p99.5p99.9;165390.41;;0.045699999;0.045699999
;US-IA;1918;p99.9p99.99;372380.19;;0.0231;0.0231
;US-IA;1918;p99p99.5;111669.4;;0.038600001;0.038600001
;US-IA;1918;p95p100;87713.203;;0.30289999;0.30289999
;US-IA;1918;p0p90;8560.0996;;0.53210002;0.53210002
;US-IA;1918;p0p99;12943.9;;0.88499999;0.88499999
;US-IA;1918;p99.5p100;221270.3;;0.076399997;0.076399997
;US-IA;1917;p0p100;4449322.0;15216715118.0;1.0;1.0
;US-IA;1917;p99p100;161799.5;;0.1046;0.1046
;US-IA;1917;p99.9p100;491888.31;;0.031800002;0.031800002
;US-IA;1917;p99.99p100;1284668.3;;0.0082999999;0.0082999999
;US-IA;1917;p90p100;60650.801;;0.39230001;0.39230001
;US-IA;1917;p90p95;44384.199;;0.1435;0.1435
