Variable Name;.;.;.;Fiscal income  | tax unit | Average | Adults | constant 2015 local currency;Fiscal income  | tax unit | Total | Adults | constant 2015 local currency;Fiscal income  | tax unit | Share | Adults | share of total (ratio);Pre-tax national income  | tax unit | Share | Adults | share of total (ratio)
Variable Category;.;.;.;Income inequality;Income inequality;Income inequality;Income inequality
Variable Description;.;.;.;Average Fiscal income within a given percentile group. Fiscal income is defined as the sum of all income items reported on income tax returns, before any deduction. It includes labour income, capital income and mixed income. The concept of fiscal income varies with national tax legislations, so in order to make international comparisons it is preferable to use the concept of national income. The population is comprised of individuals over age 20. The base unit is the tax unit defined by national fiscal administrations to measure personal income taxes.;Total Fiscal income  within a given percentile group. Fiscal income is defined as the sum of all income items reported on income tax returns, before any deduction. It includes labour income, capital income and mixed income. The concept of fiscal income varies with national tax legislations, so in order to make international comparisons it is preferable to use the concept of national income. The population is comprised of individuals over age 20.;Fiscal income share held by a given percentile group. Fiscal income is defined as the sum of all income items reported on income tax returns, before any deduction. It includes labour income, capital income and mixed income. The concept of fiscal income varies with national tax legislations, so in order to make international comparisons it is preferable to use the concept of national income. The population is comprised of individuals over age 20. The base unit is the tax unit defined by national fiscal administrations to measure personal income taxes.;Pre-tax national income share held by a given percentile group. Pre-tax national income  is the sum of all pre-tax personal income flows accruing to the owners of the production factors, labor and capital, before taking into account the operation of the tax/transfer system, but after taking into account the operation of pension system. The central difference between personal factor income and pre-tax income is the treatment of pensions, which are counted on a contribution basis by factor income and on a distribution basis by pre-tax income. The population is comprised of individuals over age 20. The base unit is the tax unit defined by national fiscal administrations to measure personal income taxes.
Variable Decomposition;.;.;.;[Fiscal income ]=[Fiscal labour income ]+[Fiscal capital income ];[Fiscal income ]=[Fiscal labour income ]+[Fiscal capital income ];[Fiscal income ]=[Fiscal labour income ]+[Fiscal capital income ];Pre-tax national income =Pre-tax labor income [total pre-tax income ranking]+Pre-tax capital income [total pre-tax income ranking]
Variable Unit;.;.;.;"USD; United States dollar | local currency | market";"USD; United States dollar | local currency | market";share;share
Methodological Notes;.;.;.;;;;Assuming the same distribution as fiscal income.
Sources;.;.;.;Frank, Sommeiller, Price & Saez (2015);Frank, Sommeiller, Price & Saez (2015);Frank, Sommeiller, Price & Saez (2015);WID.world computations using: Frank, Sommeiller, Price & Saez (2015)
Variable Code;country;year;perc;afiinc992t;mfiinc992t;sfiinc992t;sptinc992t
;US-CA;2015;p0p100;75349.703;1.51924978728e+12;1.0;1.0
;US-CA;2015;p99p100;1872646.0;;0.2485;0.2485
;US-CA;2015;p99.9p100;9706062.0;;0.1288;0.1288
;US-CA;2015;p99.99p100;47425728.0;;0.062899999;0.062899999
;US-CA;2015;p90p100;402697.19;;0.53439999;0.53439999
;US-CA;2015;p90p95;174520.3;;0.1158;0.1158
;US-CA;2015;p95p99;321363.31;;0.1706;0.1706
;US-CA;2015;p99.5p99.9;1403819.3;;0.074500002;0.074500002
;US-CA;2015;p99.9p99.99;5487278.0;;0.065499999;0.065499999
;US-CA;2015;p99p99.5;682339.81;;0.045299999;0.045299999
;US-CA;2015;p95p100;631382.19;;0.419;0.419
;US-CA;2015;p0p90;38956.699;;0.46529999;0.46529999
;US-CA;2015;p0p99;57195.199;;0.75150001;0.75150001
;US-CA;2015;p99.5p100;3064181.3;;0.2033;0.2033
;US-CA;2014;p0p100;70625.0;1.42061329321e+12;1.0;1.0
;US-CA;2014;p99p100;1675166.5;;0.2378;0.2378
;US-CA;2014;p99.9p100;8492253.0;;0.1205;0.1205
;US-CA;2014;p99.99p100;42119980.0;;0.059799999;0.059799999
;US-CA;2014;p90p100;368678.19;;0.52329999;0.52329999
;US-CA;2014;p90p95;162856.8;;0.1156;0.1156
;US-CA;2014;p95p99;299550.19;;0.1701;0.1701
;US-CA;2014;p99.5p99.9;1274195.8;;0.072300002;0.072300002
;US-CA;2014;p99.9p99.99;4745230.5;;0.060600001;0.060600001
;US-CA;2014;p99p99.5;632056.31;;0.0449;0.0449
;US-CA;2014;p95p100;574711.19;;0.40779999;0.40779999
;US-CA;2014;p0p90;37325.602;;0.47679999;0.47679999
;US-CA;2014;p0p99;54248.5;;0.7622;0.7622
;US-CA;2014;p99.5p100;2718312.0;;0.1929;0.1929
;US-CA;2013;p0p100;70004.102;1.34047488007e+12;1.0;1.0
;US-CA;2013;p99p100;1483790.4;;0.2194;0.2194
;US-CA;2013;p99.9p100;7318784.0;;0.1082;0.1082
;US-CA;2013;p99.99p100;36123064.0;;0.053399999;0.053399999
;US-CA;2013;p90p100;344766.0;;0.50980002;0.50980002
;US-CA;2013;p90p95;164758.09;;0.1218;0.1218
;US-CA;2013;p95p99;285279.59;;0.16869999;0.16869999
;US-CA;2013;p99.5p99.9;1137716.1;;0.067299999;0.067299999
;US-CA;2013;p99.9p99.99;4114143.5;;0.0548;0.0548
;US-CA;2013;p99p99.5;593532.81;;0.043900002;0.043900002
;US-CA;2013;p95p100;524948.69;;0.3881;0.3881
;US-CA;2013;p0p90;36826.301;;0.4901;0.4901
;US-CA;2013;p0p99;53321.699;;0.78060001;0.78060001
;US-CA;2013;p99.5p100;2373835.5;;0.17550001;0.17550001
;US-CA;2012;p0p100;74719.797;1.36377508869e+12;1.0;1.0
;US-CA;2012;p99p100;1749553.1;;0.24950001;0.24950001
;US-CA;2012;p99.9p100;9491573.0;;0.1354;0.1354
;US-CA;2012;p99.99p100;49690292.0;;0.070900001;0.070900001
;US-CA;2012;p90p100;368842.19;;0.52609998;0.52609998
;US-CA;2012;p90p95;161286.59;;0.115;0.115
;US-CA;2012;p95p99;283404.0;;0.1617;0.1617
;US-CA;2012;p99.5p99.9;1250720.9;;0.071400002;0.071400002
;US-CA;2012;p99.9p99.99;4998205.5;;0.064199999;0.064199999
;US-CA;2012;p99p99.5;599728.38;;0.042800002;0.042800002
;US-CA;2012;p95p100;576676.69;;0.41119999;0.41119999
;US-CA;2012;p0p90;36937.102;;0.47409999;0.47409999
;US-CA;2012;p0p99;53148.801;;0.75050002;0.75050002
;US-CA;2012;p99.5p100;2899232.5;;0.2068;0.2068
;US-CA;2011;p0p100;73339.602;1.25606387832e+12;1.0;1.0
;US-CA;2011;p99p100;1365940.1;;0.2068;0.2068
;US-CA;2011;p99.9p100;6666569.5;;0.1009;0.1009
;US-CA;2011;p99.99p100;32046122.0;;0.048500001;0.048500001
;US-CA;2011;p90p100;324523.41;;0.49129999;0.49129999
;US-CA;2011;p90p95;158365.41;;0.1199;0.1199
;US-CA;2011;p95p99;272136.5;;0.1648;0.1648
;US-CA;2011;p99.5p99.9;1062011.5;;0.064300001;0.064300001
;US-CA;2011;p99.9p99.99;3841877.5;;0.052299999;0.052299999
;US-CA;2011;p99p99.5;549071.13;;0.0416;0.0416
;US-CA;2011;p95p100;490911.41;;0.3716;0.3716
;US-CA;2011;p0p90;37329.0;;0.5086;0.5086
;US-CA;2011;p0p99;52925.398;;0.79320002;0.79320002
;US-CA;2011;p99.5p100;2182618.0;;0.1652;0.1652
;US-CA;2010;p0p100;76943.0;1.22745405179e+12;1.0;1.0
;US-CA;2010;p99p100;1384380.4;;0.21259999;0.21259999
;US-CA;2010;p99.9p100;7006494.0;;0.1076;0.1076
;US-CA;2010;p99.99p100;35853488.0;;0.055100001;0.055100001
;US-CA;2010;p90p100;322699.69;;0.4955;0.4955
;US-CA;2010;p90p95;155702.59;;0.1195;0.1195
;US-CA;2010;p95p99;266473.59;;0.1637;0.1637
;US-CA;2010;p99.5p99.9;1040454.2;;0.063900001;0.063900001
;US-CA;2010;p99.9p99.99;3802244.8;;0.052499998;0.052499998
;US-CA;2010;p99p99.5;535315.88;;0.041099999;0.041099999
;US-CA;2010;p95p100;490070.91;;0.37630001;0.37630001
;US-CA;2010;p0p90;36483.199;;0.50419998;0.50419998
;US-CA;2010;p0p99;51798.898;;0.78740001;0.78740001
;US-CA;2010;p99.5p100;2233010.5;;0.1714;0.1714
;US-CA;2009;p0p100;77737.602;1.17839642175e+12;1.0;1.0
;US-CA;2009;p99p100;1173947.3;;0.18430001;0.18430001
;US-CA;2009;p99.9p100;5283457.0;;0.082999997;0.082999997
;US-CA;2009;p99.99p100;24382890.0;;0.0383;0.0383
;US-CA;2009;p90p100;301226.91;;0.47299999;0.47299999
;US-CA;2009;p90p95;155359.2;;0.122;0.122
;US-CA;2009;p95p99;265626.5;;0.16680001;0.16680001
;US-CA;2009;p99.5p99.9;956262.13;;0.0601;0.0601
;US-CA;2009;p99.9p99.99;3149638.0;;0.044500001;0.044500001
;US-CA;2009;p99p99.5;522316.91;;0.041000001;0.041000001
;US-CA;2009;p95p100;447347.91;;0.35120001;0.35120001
;US-CA;2009;p0p90;37320.199;;0.52740002;0.52740002
;US-CA;2009;p0p99;52476.102;;0.81569999;0.81569999
;US-CA;2009;p99.5p100;1824445.0;;0.1432;0.1432
;US-CA;2008;p0p100;85300.797;1.29470037808e+12;1.0;1.0
;US-CA;2008;p99p100;1442366.8;;0.2049;0.2049
;US-CA;2008;p99.9p100;6906921.0;;0.098099999;0.098099999
;US-CA;2008;p99.99p100;32243402.0;;0.0458;0.0458
;US-CA;2008;p90p100;339855.31;;0.48280001;0.48280001
;US-CA;2008;p90p95;163926.5;;0.1164;0.1164
;US-CA;2008;p95p99;283446.5;;0.1611;0.1611
;US-CA;2008;p99.5p99.9;1135142.3;;0.064499997;0.064499997
;US-CA;2008;p99.9p99.99;4064713.5;;0.052000001;0.052000001
;US-CA;2008;p99p99.5;582644.0;;0.0414;0.0414
;US-CA;2008;p95p100;515852.59;;0.3664;0.3664
;US-CA;2008;p0p90;40574.199;;0.51880002;0.51880002
;US-CA;2008;p0p99;56528.898;;0.79509997;0.79509997
;US-CA;2008;p99.5p100;2297784.0;;0.16320001;0.16320001
;US-CA;2007;p0p100;102133.1;1.41682216356e+12;1.0;1.0
;US-CA;2007;p99p100;1894983.8;;0.24250001;0.24250001
;US-CA;2007;p99.9p100;9877166.0;;0.12639999;0.12639999
;US-CA;2007;p99.99p100;48471752.0;;0.061999999;0.061999999
;US-CA;2007;p90p100;396965.19;;0.5079;0.5079
;US-CA;2007;p90p95;169952.91;;0.1087;0.1087
;US-CA;2007;p95p99;306704.5;;0.15700001;0.15700001
;US-CA;2007;p99.5p99.9;1420748.8;;0.072700001;0.072700001
;US-CA;2007;p99.9p99.99;5587621.5;;0.064300001;0.064300001
;US-CA;2007;p99p99.5;677049.0;;0.043299999;0.043299999
;US-CA;2007;p95p100;624414.5;;0.3994;0.3994
;US-CA;2007;p0p90;42721.602;;0.4919;0.4919
;US-CA;2007;p0p99;59807.801;;0.75749999;0.75749999
;US-CA;2007;p99.5p100;3112591.5;;0.1991;0.1991
;US-CA;2006;p0p100;106091.6;1.37116998717e+12;1.0;1.0
;US-CA;2006;p99p100;1810681.8;;0.2359;0.2359
;US-CA;2006;p99.9p100;9254980.0;;0.1206;0.1206
;US-CA;2006;p99.99p100;43899264.0;;0.0572;0.0572
;US-CA;2006;p90p100;383283.41;;0.4993;0.4993
;US-CA;2006;p90p95;165672.59;;0.1079;0.1079
;US-CA;2006;p95p99;299302.0;;0.1559;0.1559
;US-CA;2006;p99.5p99.9;1387466.8;;0.072300002;0.072300002
;US-CA;2006;p99.9p99.99;5406999.5;;0.0634;0.0634
;US-CA;2006;p99p99.5;662587.69;;0.043200001;0.043200001
;US-CA;2006;p95p100;601457.88;;0.3917;0.3917
;US-CA;2006;p0p90;42662.801;;0.50010002;0.50010002
;US-CA;2006;p0p99;59257.0;;0.76410002;0.76410002
;US-CA;2006;p99.5p100;2959611.5;;0.1928;0.1928
;US-CA;2005;p0p100;108150.5;1.30579016989e+12;1.0;1.0
;US-CA;2005;p99p100;1747028.3;;0.23810001;0.23810001
;US-CA;2005;p99.9p100;8983999.0;;0.1224;0.1224
;US-CA;2005;p99.99p100;43035592.0;;0.058699999;0.058699999
;US-CA;2005;p90p100;369885.31;;0.50410002;0.50410002
;US-CA;2005;p90p95;158885.8;;0.1083;0.1083
;US-CA;2005;p95p99;290922.31;;0.1586;0.1586
;US-CA;2005;p99.5p99.9;1329091.8;;0.072499998;0.072499998
;US-CA;2005;p99.9p99.99;5205038.0;;0.0638;0.0638
;US-CA;2005;p99p99.5;641489.81;;0.043699998;0.043699998
;US-CA;2005;p95p100;581868.38;;0.39649999;0.39649999
;US-CA;2005;p0p90;40308.898;;0.49439999;0.49439999
;US-CA;2005;p0p99;56465.5;;0.76190001;0.76190001
;US-CA;2005;p99.5p100;2855243.5;;0.1946;0.1946
;US-CA;2004;p0p100;110140.4;1.22289462515e+12;1.0;1.0
;US-CA;2004;p99p100;1499076.9;;0.21430001;0.21430001
;US-CA;2004;p99.9p100;7368197.0;;0.1053;0.1053
;US-CA;2004;p99.99p100;34672104.0;;0.049600001;0.049600001
;US-CA;2004;p90p100;337565.69;;0.4826;0.4826
;US-CA;2004;p90p95;155091.59;;0.1109;0.1109
;US-CA;2004;p95p99;276786.41;;0.1583;0.1583
;US-CA;2004;p99.5p99.9;1172705.0;;0.067100003;0.067100003
;US-CA;2004;p99.9p99.99;4342965.5;;0.0559;0.0559
;US-CA;2004;p99p99.5;592314.13;;0.042300001;0.042300001
;US-CA;2004;p95p100;521128.19;;0.3725;0.3725
;US-CA;2004;p0p90;40108.602;;0.51599997;0.51599997
;US-CA;2004;p0p99;55516.398;;0.78570002;0.78570002
;US-CA;2004;p99.5p100;2407726.0;;0.17209999;0.17209999
;US-CA;2003;p0p100;109116.5;1.12677243991e+12;1.0;1.0
;US-CA;2003;p99p100;1255552.6;;0.1911;0.1911
;US-CA;2003;p99.9p100;5800091.5;;0.088299997;0.088299997
;US-CA;2003;p99.99p100;26498608.0;;0.0403;0.0403
;US-CA;2003;p90p100;305505.31;;0.465;0.465
;US-CA;2003;p90p95;158754.8;;0.1208;0.1208
;US-CA;2003;p95p99;251947.41;;0.1534;0.1534
;US-CA;2003;p99.5p99.9;1023843.5;;0.0623;0.0623
;US-CA;2003;p99.9p99.99;3511391.3;;0.048099998;0.048099998
;US-CA;2003;p99p99.5;536966.13;;0.040899999;0.040899999
;US-CA;2003;p95p100;452358.91;;0.34419999;0.34419999
;US-CA;2003;p0p90;38995.898;;0.53420001;0.53420001
;US-CA;2003;p0p99;53683.602;;0.8089;0.8089
;US-CA;2003;p99.5p100;1975616.6;;0.1503;0.1503
;US-CA;2002;p0p100;115942.9;1.09949128176e+12;1.0;1.0
;US-CA;2002;p99p100;1195419.3;;0.17900001;0.17900001
;US-CA;2002;p99.9p100;5283672.5;;0.079099998;0.079099998
;US-CA;2002;p99.99p100;22963262.0;;0.034400001;0.034400001
;US-CA;2002;p90p100;302106.31;;0.45230001;0.45230001
;US-CA;2002;p90p95;162569.0;;0.1217;0.1217
;US-CA;2002;p95p99;253390.7;;0.1517;0.1517
;US-CA;2002;p99.5p99.9;1001930.7;;0.059999999;0.059999999
;US-CA;2002;p99.9p99.99;3323154.3;;0.044799998;0.044799998
;US-CA;2002;p99p99.5;534581.63;;0.039999999;0.039999999
;US-CA;2002;p95p100;441627.59;;0.33059999;0.33059999
;US-CA;2002;p0p90;40626.898;;0.5474;0.5474
;US-CA;2002;p0p99;55395.801;;0.82099998;0.82099998
;US-CA;2002;p99.5p100;1856845.5;;0.139;0.139
;US-CA;2001;p0p100;125169.3;1.13737133063e+12;1.0;1.0
;US-CA;2001;p99p100;1417280.1;;0.20290001;0.20290001
;US-CA;2001;p99.9p100;6813179.0;;0.097599998;0.097599998
;US-CA;2001;p99.99p100;31367144.0;;0.0449;0.0449
;US-CA;2001;p90p100;331799.19;;0.47510001;0.47510001
;US-CA;2001;p90p95;161089.41;;0.1153;0.1153
;US-CA;2001;p95p99;274332.81;;0.15710001;0.15710001
;US-CA;2001;p99.5p99.9;1127366.6;;0.064599998;0.064599998
;US-CA;2001;p99.9p99.99;4079292.5;;0.0526;0.0526
;US-CA;2001;p99p99.5;570963.38;;0.040899999;0.040899999
;US-CA;2001;p95p100;502777.5;;0.36000001;0.36000001
;US-CA;2001;p0p90;40707.602;;0.52460003;0.52460003
;US-CA;2001;p0p99;56226.398;;0.79710001;0.79710001
;US-CA;2001;p99.5p100;2263141.0;;0.162;0.162
;US-CA;2000;p0p100;142099.0;1.20721222609e+12;1.0;1.0
;US-CA;2000;p99p100;2172007.5;;0.28960001;0.28960001
;US-CA;2000;p99.9p100;12212447.0;;0.1628;0.1628
;US-CA;2000;p99.99p100;63132252.0;;0.084200002;0.084200002
;US-CA;2000;p90p100;419264.59;;0.5589;0.5589
;US-CA;2000;p90p95;165991.41;;0.1106;0.1106
;US-CA;2000;p95p99;301153.59;;0.16060001;0.16060001
;US-CA;2000;p99.5p99.9;1528678.6;;0.081500001;0.081500001
;US-CA;2000;p99.9p99.99;6509881.0;;0.078100003;0.078100003
;US-CA;2000;p99p99.5;696010.63;;0.046399999;0.046399999
;US-CA;2000;p95p100;673847.69;;0.4492;0.4492
;US-CA;2000;p0p90;36554.699;;0.4386;0.4386
;US-CA;2000;p0p99;53830.0;;0.71039999;0.71039999
;US-CA;2000;p99.5p100;3652106.8;;0.24339999;0.24339999
;US-CA;1999;p0p100;139904.91;1.12029905879e+12;1.0;1.0
;US-CA;1999;p99p100;1685141.6;;0.2437;0.2437
;US-CA;1999;p99.9p100;8820572.0;;0.1276;0.1276
;US-CA;1999;p99.99p100;41983800.0;;0.060699999;0.060699999
;US-CA;1999;p90p100;358675.81;;0.51880002;0.51880002
;US-CA;1999;p90p95;158664.7;;0.1147;0.1147
;US-CA;1999;p95p99;277803.5;;0.16069999;0.16069999
;US-CA;1999;p99.5p99.9;1263601.8;;0.073100001;0.073100001
;US-CA;1999;p99.9p99.99;5084113.0;;0.066200003;0.066200003
;US-CA;1999;p99p99.5;598291.13;;0.043299999;0.043299999
;US-CA;1999;p95p100;559085.38;;0.4043;0.4043
;US-CA;1999;p0p90;36974.102;;0.4813;0.4813
;US-CA;1999;p0p99;52818.801;;0.75629997;0.75629997
;US-CA;1999;p99.5p100;2772131.0;;0.2005;0.2005
;US-CA;1998;p0p100;138506.2;1.03998642532e+12;1.0;1.0
;US-CA;1998;p99p100;1326770.4;;0.20200001;0.20200001
;US-CA;1998;p99.9p100;6483127.0;;0.098700002;0.098700002
;US-CA;1998;p99.99p100;29188322.0;;0.044399999;0.044399999
;US-CA;1998;p90p100;308677.19;;0.47;0.47
;US-CA;1998;p90p95;150580.5;;0.1146;0.1146
;US-CA;1998;p95p99;251964.2;;0.1534;0.1534
;US-CA;1998;p99.5p99.9;1050601.3;;0.064000003;0.064000003
;US-CA;1998;p99.9p99.99;3948887.3;;0.054099999;0.054099999
;US-CA;1998;p99p99.5;517227.31;;0.0394;0.0394
;US-CA;1998;p95p100;466853.5;;0.3554;0.3554
;US-CA;1998;p0p90;38681.199;;0.52999997;0.52999997
;US-CA;1998;p0p99;52943.699;;0.79799998;0.79799998
;US-CA;1998;p99.5p100;2136360.5;;0.1626;0.1626
;US-CA;1997;p0p100;133406.0;9.57459908084e+11;1.0;1.0
;US-CA;1997;p99p100;1190492.4;;0.1935;0.1935
;US-CA;1997;p99.9p100;5755194.5;;0.093500003;0.093500003
;US-CA;1997;p99.99p100;26396084.0;;0.0429;0.0429
;US-CA;1997;p90p100;286586.81;;0.4657;0.4657
;US-CA;1997;p90p95;144099.0;;0.1171;0.1171
;US-CA;1997;p95p99;238846.0;;0.15530001;0.15530001
;US-CA;1997;p99.5p99.9;944875.5;;0.0614;0.0614
;US-CA;1997;p99.9p99.99;3449600.0;;0.050500002;0.050500002
;US-CA;1997;p99p99.5;475303.19;;0.038600001;0.038600001
;US-CA;1997;p95p100;429133.09;;0.34869999;0.34869999
;US-CA;1997;p0p90;36527.102;;0.53430003;0.53430003
;US-CA;1997;p0p99;50129.801;;0.80650002;0.80650002
;US-CA;1997;p99.5p100;1905932.3;;0.1549;0.1549
;US-CA;1996;p0p100;131350.7;8.87380153873e+11;1.0;1.0
;US-CA;1996;p99p100;1018836.2;;0.17550001;0.17550001
;US-CA;1996;p99.9p100;4505105.0;;0.077600002;0.077600002
;US-CA;1996;p99.99p100;19392960.0;;0.033399999;0.033399999
;US-CA;1996;p90p100;260056.41;;0.44800001;0.44800001
;US-CA;1996;p90p95;137598.5;;0.1185;0.1185
;US-CA;1996;p95p99;223485.41;;0.154;0.154
;US-CA;1996;p99.5p99.9;856118.0;;0.059;0.059
;US-CA;1996;p99.9p99.99;2851574.0;;0.044199999;0.044199999
;US-CA;1996;p99p99.5;452768.31;;0.039000001;0.039000001
;US-CA;1996;p95p100;382542.91;;0.32949999;0.32949999
;US-CA;1996;p0p90;35595.898;;0.55190003;0.55190003
;US-CA;1996;p0p99;48344.801;;0.82450002;0.82450002
;US-CA;1996;p99.5p100;1585119.3;;0.1365;0.1365
;US-CA;1995;p0p100;132081.91;8.36417407052e+11;1.0;1.0
;US-CA;1995;p99p100;877098.81;;0.1584;0.1584
;US-CA;1995;p99.9p100;3637901.5;;0.065700002;0.065700002
;US-CA;1995;p99.99p100;14699690.0;;0.0265;0.0265
;US-CA;1995;p90p100;238498.3;;0.43059999;0.43059999
;US-CA;1995;p90p95;132420.5;;0.1195;0.1195
;US-CA;1995;p95p99;211461.09;;0.15270001;0.15270001
;US-CA;1995;p99.5p99.9;765429.38;;0.055300001;0.055300001
;US-CA;1995;p99.9p99.99;2408718.0;;0.039099999;0.039099999
;US-CA;1995;p99p99.5;414757.19;;0.0374;0.0374
;US-CA;1995;p95p100;344593.5;;0.31110001;0.31110001
;US-CA;1995;p0p90;35035.801;;0.5693;0.5693
;US-CA;1995;p0p99;47084.898;;0.8416;0.8416
;US-CA;1995;p99.5p100;1339514.3;;0.1209;0.1209
;US-CA;1994;p0p100;133693.2;8.01486594764e+11;1.0;1.0
;US-CA;1994;p99p100;762617.81;;0.1427;0.1427
;US-CA;1994;p99.9p100;3033716.8;;0.0568;0.0568
;US-CA;1994;p99.99p100;12113859.0;;0.022700001;0.022700001
;US-CA;1994;p90p100;219905.0;;0.41139999;0.41139999
;US-CA;1994;p90p95;127776.1;;0.1195;0.1195
;US-CA;1994;p95p99;199395.8;;0.14920001;0.14920001
;US-CA;1994;p99.5p99.9;676086.5;;0.0506;0.0506
;US-CA;1994;p99.9p99.99;2024232.8;;0.0341;0.0341
;US-CA;1994;p99p99.5;377405.0;;0.035300002;0.035300002
;US-CA;1994;p95p100;312036.69;;0.29190001;0.29190001
;US-CA;1994;p0p90;34962.301;;0.58859998;0.58859998
;US-CA;1994;p0p99;46292.0;;0.85729998;0.85729998
;US-CA;1994;p99.5p100;1147801.3;;0.1074;0.1074
;US-CA;1993;p0p100;138605.0;7.96085372147e+11;1.0;1.0
;US-CA;1993;p99p100;757324.81;;0.1426;0.1426
;US-CA;1993;p99.9p100;3030784.3;;0.057;0.057
;US-CA;1993;p99.99p100;12188426.0;;0.0229;0.0229
;US-CA;1993;p90p100;218096.91;;0.41049999;0.41049999
;US-CA;1993;p90p95;126657.3;;0.1192;0.1192
;US-CA;1993;p95p99;197601.09;;0.1488;0.1488
;US-CA;1993;p99.5p99.9;672796.31;;0.050700001;0.050700001
;US-CA;1993;p99.9p99.99;2012821.6;;0.0341;0.0341
;US-CA;1993;p99p99.5;370088.81;;0.0348;0.0348
;US-CA;1993;p95p100;309539.69;;0.2913;0.2913
;US-CA;1993;p0p90;34797.699;;0.58950001;0.58950001
;US-CA;1993;p0p99;46013.801;;0.8574;0.8574
;US-CA;1993;p99.5p100;1144523.5;;0.1077;0.1077
;US-CA;1992;p0p100;149397.0;8.1149681856e+11;1.0;1.0
;US-CA;1992;p99p100;808970.69;;0.14830001;0.14830001
;US-CA;1992;p99.9p100;3290354.5;;0.0603;0.0603
;US-CA;1992;p99.99p100;13293376.0;;0.0244;0.0244
;US-CA;1992;p90p100;226116.0;;0.41460001;0.41460001
;US-CA;1992;p90p95;130783.9;;0.1199;0.1199
;US-CA;1992;p95p99;199572.41;;0.1464;0.1464
;US-CA;1992;p99.5p99.9;716105.31;;0.052499998;0.052499998
;US-CA;1992;p99.9p99.99;2178729.0;;0.035999998;0.035999998
;US-CA;1992;p99p99.5;386835.19;;0.035500001;0.035500001
;US-CA;1992;p95p100;321452.59;;0.2947;0.2947
;US-CA;1992;p0p90;35469.301;;0.58539999;0.58539999
;US-CA;1992;p0p99;46912.699;;0.85170001;0.85170001
;US-CA;1992;p99.5p100;1231079.8;;0.1129;0.1129
;US-CA;1991;p0p100;158496.59;8.07802897724e+11;1.0;1.0
;US-CA;1991;p99p100;777919.31;;0.14139999;0.14139999
;US-CA;1991;p99.9p100;3027639.5;;0.055;0.055
;US-CA;1991;p99.99p100;11740360.0;;0.021299999;0.021299999
;US-CA;1991;p90p100;225360.09;;0.4095;0.4095
;US-CA;1991;p90p95;134011.59;;0.1218;0.1218
;US-CA;1991;p95p99;201375.7;;0.1464;0.1464
;US-CA;1991;p99.5p99.9;703295.69;;0.051100001;0.051100001
;US-CA;1991;p99.9p99.99;2059692.3;;0.0337;0.0337
;US-CA;1991;p99p99.5;387773.59;;0.0352;0.0352
;US-CA;1991;p95p100;316693.09;;0.28780001;0.28780001
;US-CA;1991;p0p90;36104.102;;0.5905;0.5905
;US-CA;1991;p0p99;47727.199;;0.85860002;0.85860002
;US-CA;1991;p99.5p100;1168060.6;;0.1061;0.1061
;US-CA;1990;p0p100;174907.59;8.24753733843e+11;1.0;1.0
;US-CA;1990;p99p100;912394.69;;0.1612;0.1612
;US-CA;1990;p99.9p100;3854930.3;;0.068099998;0.068099998
;US-CA;1990;p99.99p100;16053836.0;;0.0284;0.0284
;US-CA;1990;p90p100;240653.2;;0.42519999;0.42519999
;US-CA;1990;p90p95;133584.8;;0.118;0.118
;US-CA;1990;p95p99;206572.5;;0.146;0.146
;US-CA;1990;p99.5p99.9;798828.5;;0.056499999;0.056499999
;US-CA;1990;p99.9p99.99;2498204.8;;0.039700001;0.039700001
;US-CA;1990;p99p99.5;414939.31;;0.036699999;0.036699999
;US-CA;1990;p95p100;347712.41;;0.30720001;0.30720001
;US-CA;1990;p0p90;36143.699;;0.57480001;0.57480001
;US-CA;1990;p0p99;47950.801;;0.83880001;0.83880001
;US-CA;1990;p99.5p100;1410017.3;;0.1246;0.1246
;US-CA;1989;p0p100;202333.41;8.08639286896e+11;1.0;1.0
;US-CA;1989;p99p100;944641.5;;0.15899999;0.15899999
;US-CA;1989;p99.9p100;4144033.0;;0.069799997;0.069799997
;US-CA;1989;p99.99p100;17960650.0;;0.030200001;0.030200001
;US-CA;1989;p90p100;246758.0;;0.4154;0.4154
;US-CA;1989;p90p95;136256.7;;0.1147;0.1147
;US-CA;1989;p95p99;213192.8;;0.1436;0.1436
;US-CA;1989;p99.5p99.9;815788.88;;0.054900002;0.054900002
;US-CA;1989;p99.9p99.99;2649743.0;;0.040100001;0.040100001
;US-CA;1989;p99p99.5;426311.41;;0.0359;0.0359
;US-CA;1989;p95p100;357624.09;;0.301;0.301
;US-CA;1989;p0p90;38316.301;;0.58050001;0.58050001
;US-CA;1989;p0p99;50458.898;;0.84100002;0.84100002
;US-CA;1989;p99.5p100;1470149.8;;0.1237;0.1237
;US-CA;1988;p0p100;222850.59;8.02168442447e+11;1.0;1.0
;US-CA;1988;p99p100;981045.0;;0.16320001;0.16320001
;US-CA;1988;p99.9p100;4474478.0;;0.0744;0.0744
;US-CA;1988;p99.99p100;19579562.0;;0.032600001;0.032600001
;US-CA;1988;p90p100;247528.8;;0.41170001;0.41170001
;US-CA;1988;p90p95;134301.7;;0.1117;0.1117
;US-CA;1988;p95p99;207926.0;;0.1383;0.1383
;US-CA;1988;p99.5p99.9;829011.69;;0.055199999;0.055199999
;US-CA;1988;p99.9p99.99;2826644.0;;0.042300001;0.042300001
;US-CA;1988;p99p99.5;418758.5;;0.0348;0.0348
;US-CA;1988;p95p100;361056.69;;0.3003;0.3003
;US-CA;1988;p0p90;39089.602;;0.5851;0.5851
;US-CA;1988;p0p99;50822.301;;0.83679998;0.83679998
;US-CA;1988;p99.5p100;1549156.8;;0.1288;0.1288
;US-CA;1987;p0p100;229481.09;7.46430152698e+11;1.0;1.0
;US-CA;1987;p99p100;752991.13;;0.13070001;0.13070001
;US-CA;1987;p99.9p100;3017607.5;;0.0524;0.0524
;US-CA;1987;p99.99p100;12171837.0;;0.0211;0.0211
;US-CA;1987;p90p100;219581.2;;0.38119999;0.38119999
;US-CA;1987;p90p95;131318.2;;0.114;0.114
;US-CA;1987;p95p99;197741.41;;0.1373;0.1373
;US-CA;1987;p99.5p99.9;671479.81;;0.046599999;0.046599999
;US-CA;1987;p99.9p99.99;2018097.8;;0.031500001;0.031500001
;US-CA;1987;p99p99.5;373392.41;;0.032400001;0.032400001
;US-CA;1987;p95p100;307979.31;;0.26730001;0.26730001
;US-CA;1987;p0p90;39495.398;;0.61699998;0.61699998
;US-CA;1987;p0p99;50583.699;;0.86930001;0.86930001
;US-CA;1987;p99.5p100;1135711.1;;0.0986;0.0986
;US-CA;1986;p0p100;255531.59;7.51647195306e+11;1.0;1.0
;US-CA;1986;p99p100;952123.0;;0.1586;0.1586
;US-CA;1986;p99.9p100;4469858.0;;0.074500002;0.074500002
;US-CA;1986;p99.99p100;20414206.0;;0.034000002;0.034000002
;US-CA;1986;p90p100;240449.3;;0.40059999;0.40059999
;US-CA;1986;p90p95;130810.2;;0.109;0.109
;US-CA;1986;p95p99;200144.7;;0.13339999;0.13339999
;US-CA;1986;p99.5p99.9;778797.19;;0.051899999;0.051899999
;US-CA;1986;p99.9p99.99;2708704.5;;0.040600002;0.040600002
;US-CA;1986;p99p99.5;391042.31;;0.032600001;0.032600001
;US-CA;1986;p95p100;350175.09;;0.29170001;0.29170001
;US-CA;1986;p0p90;39918.699;;0.59859997;0.59859997
;US-CA;1986;p0p99;51011.602;;0.84140003;0.84140003
;US-CA;1986;p99.5p100;1514728.9;;0.12620001;0.12620001
;US-CA;1985;p0p100;249197.5;6.81512053805e+11;1.0;1.0
;US-CA;1985;p99p100;707772.13;;0.12530001;0.12530001
;US-CA;1985;p99.9p100;2997369.5;;0.053100001;0.053100001
;US-CA;1985;p99.99p100;12718720.0;;0.022500001;0.022500001
;US-CA;1985;p90p100;207860.3;;0.36809999;0.36809999
;US-CA;1985;p90p95;125862.7;;0.1114;0.1114
;US-CA;1985;p95p99;185719.8;;0.13150001;0.13150001
;US-CA;1985;p99.5p99.9;600736.38;;0.042599998;0.042599998
;US-CA;1985;p99.9p99.99;1925482.4;;0.0307;0.0307
;US-CA;1985;p99p99.5;338098.41;;0.029899999;0.029899999
;US-CA;1985;p95p100;289904.41;;0.25670001;0.25670001
;US-CA;1985;p0p90;39612.602;;0.63129997;0.63129997
;US-CA;1985;p0p99;49892.699;;0.87470001;0.87470001
;US-CA;1985;p99.5p100;1078412.3;;0.0955;0.0955
;US-CA;1984;p0p100;257670.7;6.47055450663e+11;1.0;1.0
;US-CA;1984;p99p100;635642.0;;0.1165;0.1165
;US-CA;1984;p99.9p100;2626834.0;;0.048099998;0.048099998
;US-CA;1984;p99.99p100;11278490.0;;0.0207;0.0207
;US-CA;1984;p90p100;195825.2;;0.35879999;0.35879999
;US-CA;1984;p90p95;122498.5;;0.1122;0.1122
;US-CA;1984;p95p99;177393.5;;0.13;0.13
;US-CA;1984;p99.5p99.9;538375.5;;0.039500002;0.039500002
;US-CA;1984;p99.9p99.99;1659873.8;;0.0274;0.0274
;US-CA;1984;p99p99.5;313911.41;;0.0288;0.0288
;US-CA;1984;p95p100;269144.91;;0.2466;0.2466
;US-CA;1984;p0p90;38904.699;;0.6415;0.6415
;US-CA;1984;p0p99;48710.398;;0.88349998;0.88349998
;US-CA;1984;p99.5p100;956920.63;;0.087700002;0.087700002
;US-CA;1983;p0p100;284526.41;6.0979685205e+11;1.0;1.0
;US-CA;1983;p99p100;550123.31;;0.1031;0.1031
;US-CA;1983;p99.9p100;2099068.5;;0.039299998;0.039299998
;US-CA;1983;p99.99p100;8599584.0;;0.016100001;0.016100001
;US-CA;1983;p90p100;182617.2;;0.3423;0.3423
;US-CA;1983;p90p95;120007.3;;0.1125;0.1125
;US-CA;1983;p95p99;168931.0;;0.1267;0.1267
;US-CA;1983;p99.5p99.9;484243.19;;0.0363;0.0363
;US-CA;1983;p99.9p99.99;1371592.9;;0.0231;0.0231
;US-CA;1983;p99p99.5;291258.81;;0.0273;0.0273
;US-CA;1983;p95p100;245289.5;;0.2299;0.2299
;US-CA;1983;p0p90;38999.0;;0.65799999;0.65799999
;US-CA;1983;p0p99;48326.398;;0.8969;0.8969
;US-CA;1983;p99.5p100;808360.19;;0.075800002;0.075800002
;US-CA;1982;p0p100;285964.19;5.87789883458e+11;1.0;1.0
;US-CA;1982;p99p100;545615.81;;0.1061;0.1061
;US-CA;1982;p99.9p100;2110419.0;;0.041000001;0.041000001
;US-CA;1982;p99.99p100;8762528.0;;0.017000001;0.017000001
;US-CA;1982;p90p100;182487.8;;0.3549;0.3549
;US-CA;1982;p90p95;120603.9;;0.1173;0.1173
;US-CA;1982;p95p99;168996.41;;0.13150001;0.13150001
;US-CA;1982;p99.5p99.9;478770.59;;0.0372;0.0372
;US-CA;1982;p99.9p99.99;1371295.9;;0.024;0.024
;US-CA;1982;p99p99.5;286131.19;;0.027799999;0.027799999
;US-CA;1982;p95p100;244638.7;;0.2379;0.2379
;US-CA;1982;p0p90;36858.898;;0.6451;0.6451
;US-CA;1982;p0p99;46427.301;;0.89389998;0.89389998
;US-CA;1982;p99.5p100;805100.31;;0.078299999;0.078299999
;US-CA;1981;p0p100;332314.0;5.87880303754e+11;1.0;1.0
;US-CA;1981;p99p100;529981.88;;0.099699996;0.099699996
;US-CA;1981;p99.9p100;1969674.5;;0.037099998;0.037099998
;US-CA;1981;p99.99p100;8008549.5;;0.0151;0.0151
;US-CA;1981;p90p100;178751.41;;0.33629999;0.33629999
;US-CA;1981;p90p95;119798.0;;0.1127;0.1127
;US-CA;1981;p95p99;164756.41;;0.124;0.124
;US-CA;1981;p99.5p99.9;476188.5;;0.035799999;0.035799999
;US-CA;1981;p99.9p99.99;1299422.4;;0.022;0.022
;US-CA;1981;p99p99.5;285675.09;;0.026900001;0.026900001
;US-CA;1981;p95p100;237737.8;;0.2237;0.2237
;US-CA;1981;p0p90;39180.102;;0.66350001;0.66350001
;US-CA;1981;p0p99;48329.199;;0.90030003;0.90030003
;US-CA;1981;p99.5p100;774413.69;;0.072899997;0.072899997
;US-CA;1980;p0p100;404065.59;5.83576757347e+11;1.0;1.0
;US-CA;1980;p99p100;532615.13;;0.098899998;0.098899998
;US-CA;1980;p99.9p100;1914725.6;;0.035500001;0.035500001
;US-CA;1980;p99.99p100;7556775.5;;0.014;0.014
;US-CA;1980;p90p100;176122.7;;0.32690001;0.32690001
;US-CA;1980;p90p95;109615.7;;0.1017;0.1017
;US-CA;1980;p95p99;170262.59;;0.12639999;0.12639999
;US-CA;1980;p99.5p99.9;483285.69;;0.0359;0.0359
;US-CA;1980;p99.9p99.99;1288234.0;;0.021500001;0.021500001
;US-CA;1980;p99p99.5;295911.5;;0.0275;0.0275
;US-CA;1980;p95p100;242719.2;;0.2253;0.2253
;US-CA;1980;p0p90;40283.898;;0.67299998;0.67299998
;US-CA;1980;p0p99;49038.801;;0.90109998;0.90109998
;US-CA;1980;p99.5p100;769341.81;;0.071400002;0.071400002
;US-CA;1979;p0p100;501657.59;5.63374023221e+11;1.0;1.0
;US-CA;1979;p99p100;561429.69;;0.1036;0.1036
;US-CA;1979;p99.9p100;2189241.0;;0.040399998;0.040399998
;US-CA;1979;p99.99p100;10344066.0;;0.019099999;0.019099999
;US-CA;1979;p90p100;182420.7;;0.33660001;0.33660001
;US-CA;1979;p90p95;114792.5;;0.1059;0.1059
;US-CA;1979;p95p99;172417.09;;0.12729999;0.12729999
;US-CA;1979;p99.5p99.9;483385.91;;0.035700001;0.035700001
;US-CA;1979;p99.9p99.99;1284302.4;;0.021299999;0.021299999
;US-CA;1979;p99p99.5;298297.19;;0.0275;0.0275
;US-CA;1979;p95p100;250233.0;;0.2309;0.2309
;US-CA;1979;p0p90;39928.898;;0.66320002;0.66320002
;US-CA;1979;p0p99;49064.0;;0.89639997;0.89639997
;US-CA;1979;p99.5p100;824184.5;;0.075999998;0.075999998
;US-CA;1978;p0p100;571280.0;5.2717821146e+11;1.0;1.0
;US-CA;1978;p99p100;461002.0;;0.089699998;0.089699998
;US-CA;1978;p99.9p100;1434926.0;;0.027899999;0.027899999
;US-CA;1978;p99.99p100;4991015.0;;0.0097000003;0.0097000003
;US-CA;1978;p90p100;169113.2;;0.32910001;0.32910001
;US-CA;1978;p90p95;112157.1;;0.1091;0.1091
;US-CA;1978;p95p99;167507.59;;0.1304;0.1304
;US-CA;1978;p99.5p99.9;443714.59;;0.034499999;0.034499999
;US-CA;1978;p99.9p99.99;1040164.3;;0.018200001;0.018200001
;US-CA;1978;p99p99.5;280153.5;;0.0273;0.0273
;US-CA;1978;p95p100;226214.59;;0.2201;0.2201
;US-CA;1978;p0p90;38302.699;;0.67079997;0.67079997
;US-CA;1978;p0p99;47254.0;;0.91030002;0.91030002
;US-CA;1978;p99.5p100;641789.81;;0.062399998;0.062399998
;US-CA;1977;p0p100;638596.13;4.95333338705e+11;1.0;1.0
;US-CA;1977;p99p100;447280.5;;0.090099998;0.090099998
;US-CA;1977;p99.9p100;1418024.3;;0.0286;0.0286
;US-CA;1977;p99.99p100;5094323.0;;0.0103;0.0103
;US-CA;1977;p90p100;165085.2;;0.33270001;0.33270001
;US-CA;1977;p90p95;116013.5;;0.1169;0.1169
;US-CA;1977;p95p99;155901.7;;0.1257;0.1257
;US-CA;1977;p99.5p99.9;428696.91;;0.034600001;0.034600001
;US-CA;1977;p99.9p99.99;1009904.7;;0.018300001;0.018300001
;US-CA;1977;p99p99.5;268067.69;;0.027000001;0.027000001
;US-CA;1977;p95p100;214167.8;;0.2158;0.2158
;US-CA;1977;p0p90;36796.5;;0.66729999;0.66729999
;US-CA;1977;p0p99;45610.301;;0.90990001;0.90990001
;US-CA;1977;p99.5p100;626431.13;;0.063100003;0.063100003
;US-CA;1976;p0p100;713845.63;4.75263857433e+11;1.0;1.0
;US-CA;1976;p99p100;423035.59;;0.086499996;0.086499996
;US-CA;1976;p99.9p100;1300613.0;;0.0266;0.0266
;US-CA;1976;p99.99p100;4598673.5;;0.0093999999;0.0093999999
;US-CA;1976;p90p100;157904.2;;0.3229;0.3229
;US-CA;1976;p90p95;108396.1;;0.1108;0.1108
;US-CA;1976;p95p99;153508.0;;0.12549999;0.12549999
;US-CA;1976;p99.5p99.9;404619.59;;0.033100002;0.033100002
;US-CA;1976;p99.9p99.99;934052.19;;0.017200001;0.017200001
;US-CA;1976;p99p99.5;262431.59;;0.026799999;0.026799999
;US-CA;1976;p95p100;207414.0;;0.212;0.212
;US-CA;1976;p0p90;36795.801;;0.6771;0.6771
;US-CA;1976;p0p99;45128.398;;0.91350001;0.91350001
;US-CA;1976;p99.5p100;583652.31;;0.059700001;0.059700001
;US-CA;1975;p0p100;769355.5;4.46122066265e+11;1.0;1.0
;US-CA;1975;p99p100;396743.19;;0.084200002;0.084200002
;US-CA;1975;p99.9p100;1168178.8;;0.024800001;0.024800001
;US-CA;1975;p99.99p100;3909087.0;;0.0082999999;0.0082999999
;US-CA;1975;p90p100;150833.41;;0.32010001;0.32010001
;US-CA;1975;p90p95;105347.5;;0.1118;0.1118
;US-CA;1975;p95p99;146236.3;;0.1241;0.1241
;US-CA;1975;p99.5p99.9;387479.0;;0.032900002;0.032900002
;US-CA;1975;p99.9p99.99;863571.88;;0.0165;0.0165
;US-CA;1975;p99p99.5;249957.2;;0.0265;0.0265
;US-CA;1975;p95p100;196337.8;;0.20829999;0.20829999
;US-CA;1975;p0p90;35598.801;;0.67989999;0.67989999
;US-CA;1975;p0p99;43592.102;;0.91579998;0.91579998
;US-CA;1975;p99.5p100;543539.31;;0.057700001;0.057700001
;US-CA;1974;p0p100;957574.19;4.54110718866e+11;1.0;1.0
;US-CA;1974;p99p100;443598.31;;0.090099998;0.090099998
;US-CA;1974;p99.9p100;1353560.8;;0.0275;0.0275
;US-CA;1974;p99.99p100;4445084.5;;0.0089999996;0.0089999996
;US-CA;1974;p90p100;158727.59;;0.32229999;0.32229999
;US-CA;1974;p90p95;105364.4;;0.107;0.107
;US-CA;1974;p95p99;154343.7;;0.12540001;0.12540001
;US-CA;1974;p99.5p99.9;433632.91;;0.0352;0.0352
;US-CA;1974;p99.9p99.99;1011938.9;;0.0185;0.0185
;US-CA;1974;p99p99.5;270460.0;;0.0275;0.0275
;US-CA;1974;p95p100;212082.8;;0.21529999;0.21529999
;US-CA;1974;p0p90;37074.102;;0.67750001;0.67750001
;US-CA;1974;p0p99;45267.5;;0.90990001;0.90990001
;US-CA;1974;p99.5p100;617086.0;;0.062600002;0.062600002
;US-CA;1973;p0p100;1188816.9;4.45713753442e+11;1.0;1.0
;US-CA;1973;p99p100;429448.0;;0.086599998;0.086599998
;US-CA;1973;p99.9p100;1309407.8;;0.0264;0.0264
;US-CA;1973;p99.99p100;4557986.0;;0.0092000002;0.0092000002
;US-CA;1973;p90p100;158913.2;;0.3204;0.3204
;US-CA;1973;p90p95;108023.1;;0.1089;0.1089
;US-CA;1973;p95p99;154900.0;;0.1249;0.1249
;US-CA;1973;p99.5p99.9;410011.31;;0.033100002;0.033100002
;US-CA;1973;p99.9p99.99;948528.63;;0.017200001;0.017200001
;US-CA;1973;p99p99.5;268979.0;;0.027100001;0.027100001
;US-CA;1973;p95p100;209810.2;;0.2115;0.2115
;US-CA;1973;p0p90;37447.0;;0.6796;0.6796
;US-CA;1973;p0p99;45756.898;;0.91339999;0.91339999
;US-CA;1973;p99.5p100;589892.63;;0.059500001;0.059500001
;US-CA;1972;p0p100;1334912.3;4.32229430113e+11;1.0;1.0
;US-CA;1972;p99p100;443752.31;;0.089900002;0.089900002
;US-CA;1972;p99.9p100;1476025.0;;0.029899999;0.029899999
;US-CA;1972;p99.99p100;5806347.0;;0.0118;0.0118
;US-CA;1972;p90p100;158610.59;;0.32139999;0.32139999
;US-CA;1972;p90p95;106459.4;;0.1078;0.1078
;US-CA;1972;p95p99;152522.2;;0.1236;0.1236
;US-CA;1972;p99.5p99.9;413636.5;;0.033500001;0.033500001
;US-CA;1972;p99.9p99.99;994939.69;;0.018100001;0.018100001
;US-CA;1972;p99p99.5;261481.2;;0.0265;0.0265
;US-CA;1972;p95p100;210768.91;;0.21349999;0.21349999
;US-CA;1972;p0p90;37217.199;;0.67860001;0.67860001
;US-CA;1972;p0p99;45373.602;;0.91009998;0.91009998
;US-CA;1972;p99.5p100;626023.31;;0.0634;0.0634
;US-CA;1971;p0p100;1375158.5;4.06846247049e+11;1.0;1.0
;US-CA;1971;p99p100;412524.41;;0.086400002;0.086400002
;US-CA;1971;p99.9p100;1338835.0;;0.028000001;0.028000001
;US-CA;1971;p99.99p100;5170283.0;;0.0108;0.0108
;US-CA;1971;p90p100;150885.7;;0.3161;0.3161
;US-CA;1971;p90p95;103036.9;;0.1079;0.1079
;US-CA;1971;p95p99;145313.41;;0.1218;0.1218
;US-CA;1971;p99.5p99.9;386759.91;;0.032400001;0.032400001
;US-CA;1971;p99.9p99.99;913047.31;;0.017200001;0.017200001
;US-CA;1971;p99p99.5;247942.7;;0.026000001;0.026000001
;US-CA;1971;p95p100;198753.91;;0.20819999;0.20819999
;US-CA;1971;p0p90;36269.0;;0.6839;0.6839
;US-CA;1971;p0p99;44047.199;;0.91360003;0.91360003
;US-CA;1971;p99.5p100;577111.81;;0.0605;0.0605
;US-CA;1970;p0p100;1524787.8;4.02242025544e+11;1.0;1.0
;US-CA;1970;p99p100;401733.59;;0.082699999;0.082699999
;US-CA;1970;p99.9p100;1241256.8;;0.025599999;0.025599999
;US-CA;1970;p99.99p100;4482657.0;;0.0092000002;0.0092000002
;US-CA;1970;p90p100;149669.0;;0.30809999;0.30809999
;US-CA;1970;p90p95;102376.9;;0.1054;0.1054
;US-CA;1970;p95p99;145799.59;;0.1201;0.1201
;US-CA;1970;p99.5p99.9;383789.19;;0.031599998;0.031599998
;US-CA;1970;p99.9p99.99;881125.81;;0.0163;0.0163
;US-CA;1970;p99p99.5;248196.2;;0.0255;0.0255
;US-CA;1970;p95p100;196978.3;;0.20280001;0.20280001
;US-CA;1970;p0p90;37341.699;;0.69190001;0.69190001
;US-CA;1970;p0p99;45008.5;;0.91729999;0.91729999
;US-CA;1970;p99.5p100;555261.19;;0.0572;0.0572
;US-CA;1969;p0p100;1747534.9;4.02769642111e+11;1.0;1.0
;US-CA;1969;p99p100;467193.31;;0.093800001;0.093800001
;US-CA;1969;p99.9p100;1698107.8;;0.0341;0.0341
;US-CA;1969;p99.99p100;7412886.5;;0.0149;0.0149
;US-CA;1969;p90p100;158842.91;;0.31889999;0.31889999
;US-CA;1969;p90p95;104235.9;;0.1046;0.1046
;US-CA;1969;p95p99;150044.7;;0.1205;0.1205
;US-CA;1969;p99.5p99.9;418428.81;;0.033599999;0.033599999
;US-CA;1969;p99.9p99.99;1062562.9;;0.019200001;0.019200001
;US-CA;1969;p99p99.5;260046.3;;0.0261;0.0261
;US-CA;1969;p95p100;213462.2;;0.21430001;0.21430001
;US-CA;1969;p0p90;37692.801;;0.68110001;0.68110001
;US-CA;1969;p0p99;45592.602;;0.90619999;0.90619999
;US-CA;1969;p99.5p100;674327.31;;0.067699999;0.067699999
;US-CA;1968;p0p100;1955619.1;3.96483210351e+11;1.0;1.0
;US-CA;1968;p99p100;514831.81;;0.1027;0.1027
;US-CA;1968;p99.9p100;1884480.6;;0.037599999;0.037599999
;US-CA;1968;p99.99p100;7747697.5;;0.0155;0.0155
;US-CA;1968;p90p100;165605.09;;0.33039999;0.33039999
;US-CA;1968;p90p95;103733.9;;0.1035;0.1035
;US-CA;1968;p95p99;155614.2;;0.1242;0.1242
;US-CA;1968;p99.5p99.9;465467.09;;0.0372;0.0372
;US-CA;1968;p99.9p99.99;1232377.4;;0.0221;0.0221
;US-CA;1968;p99p99.5;280369.19;;0.028000001;0.028000001
;US-CA;1968;p95p100;227463.3;;0.2269;0.2269
;US-CA;1968;p0p90;37287.398;;0.66960001;0.66960001
;US-CA;1968;p0p99;45423.398;;0.8973;0.8973
;US-CA;1968;p99.5p100;749303.5;;0.0748;0.0748
;US-CA;1967;p0p100;2057586.5;3.75843543283e+11;1.0;1.0
;US-CA;1967;p99p100;478520.5;;0.098499998;0.098499998
;US-CA;1967;p99.9p100;1665191.3;;0.034299999;0.034299999
;US-CA;1967;p99.99p100;6629188.5;;0.0136;0.0136
;US-CA;1967;p90p100;158904.3;;0.32710001;0.32710001
;US-CA;1967;p90p95;102282.8;;0.1053;0.1053
;US-CA;1967;p95p99;149839.91;;0.1234;0.1234
;US-CA;1967;p99.5p99.9;440297.69;;0.0363;0.0363
;US-CA;1967;p99.9p99.99;1113469.3;;0.0206;0.0206
;US-CA;1967;p99p99.5;271766.81;;0.028000001;0.028000001
;US-CA;1967;p95p100;215562.8;;0.2219;0.2219
;US-CA;1967;p0p90;36311.699;;0.6728;0.6728
;US-CA;1967;p0p99;44230.398;;0.90149999;0.90149999
;US-CA;1967;p99.5p100;685270.69;;0.070500001;0.070500001
;US-CA;1966;p0p100;2123918.5;3.56737748133e+11;1.0;1.0
;US-CA;1966;p99p100;432581.31;;0.091700003;0.091700003
;US-CA;1966;p99.9p100;1387212.0;;0.0294;0.0294
;US-CA;1966;p99.99p100;5018697.5;;0.0106;0.0106
;US-CA;1966;p90p100;149715.2;;0.31729999;0.31729999
;US-CA;1966;p90p95;100622.4;;0.1066;0.1066
;US-CA;1966;p95p99;140624.8;;0.1192;0.1192
;US-CA;1966;p99.5p99.9;411525.91;;0.034899998;0.034899998
;US-CA;1966;p99.9p99.99;983852.38;;0.0188;0.0188
;US-CA;1966;p99p99.5;258236.8;;0.0274;0.0274
;US-CA;1966;p95p100;199007.0;;0.21089999;0.21089999
;US-CA;1966;p0p90;35779.0;;0.6825;0.6825
;US-CA;1966;p0p99;43288.898;;0.90829998;0.90829998
;US-CA;1966;p99.5p100;606842.19;;0.064300001;0.064300001
;US-CA;1965;p0p100;2182365.5;3.38321807283e+11;1.0;1.0
;US-CA;1965;p99p100;454110.0;;0.099100001;0.099100001
;US-CA;1965;p99.9p100;1472560.8;;0.032099999;0.032099999
;US-CA;1965;p99.99p100;5677111.5;;0.0124;0.0124
;US-CA;1965;p90p100;150621.5;;0.32870001;0.32870001
;US-CA;1965;p90p95;96441.0;;0.1052;0.1052
;US-CA;1965;p95p99;142465.2;;0.1244;0.1244
;US-CA;1965;p99.5p99.9;427267.41;;0.037300002;0.037300002
;US-CA;1965;p99.9p99.99;1004980.8;;0.0197;0.0197
;US-CA;1965;p99p99.5;271807.59;;0.0297;0.0297
;US-CA;1965;p95p100;204798.8;;0.2235;0.2235
;US-CA;1965;p0p90;34181.398;;0.67129999;0.67129999
;US-CA;1965;p0p99;41700.199;;0.90090001;0.90090001
;US-CA;1965;p99.5p100;636375.81;;0.069399998;0.069399998
;US-CA;1964;p0p100;2206154.0;3.23125121481e+11;1.0;1.0
;US-CA;1964;p99p100;432544.31;;0.0964;0.0964
;US-CA;1964;p99.9p100;1360574.5;;0.030300001;0.030300001
;US-CA;1964;p99.99p100;4883187.0;;0.0109;0.0109
;US-CA;1964;p90p100;145213.7;;0.32370001;0.32370001
;US-CA;1964;p90p95;92453.398;;0.103;0.103
;US-CA;1964;p95p99;139348.7;;0.1242;0.1242
;US-CA;1964;p99.5p99.9;413901.41;;0.036899999;0.036899999
;US-CA;1964;p99.9p99.99;968986.5;;0.019400001;0.019400001
;US-CA;1964;p99p99.5;261734.59;;0.029200001;0.029200001
;US-CA;1964;p95p100;197971.91;;0.22059999;0.22059999
;US-CA;1964;p0p90;33715.0;;0.67629999;0.67629999
;US-CA;1964;p0p99;40948.898;;0.90359998;0.90359998
;US-CA;1964;p99.5p100;603251.31;;0.067199998;0.067199998
;US-CA;1963;p0p100;2159936.5;3.002660031e+11;1.0;1.0
;US-CA;1963;p99p100;386930.5;;0.090400003;0.090400003
;US-CA;1963;p99.9p100;1223792.1;;0.0286;0.0286
;US-CA;1963;p99.99p100;4295283.5;;0.0099999998;0.0099999998
;US-CA;1963;p90p100;136332.09;;0.31850001;0.31850001
;US-CA;1963;p90p95;90124.398;;0.1053;0.1053
;US-CA;1963;p95p99;131442.5;;0.1228;0.1228
;US-CA;1963;p99.5p99.9;371028.41;;0.034699999;0.034699999
;US-CA;1963;p99.9p99.99;882771.0;;0.0186;0.0186
;US-CA;1963;p99p99.5;232297.3;;0.027100001;0.027100001
;US-CA;1963;p95p100;182540.09;;0.2133;0.2133
;US-CA;1963;p0p90;32405.699;;0.6814;0.6814
;US-CA;1963;p0p99;39322.602;;0.90960002;0.90960002
;US-CA;1963;p99.5p100;541561.69;;0.063299999;0.063299999
;US-CA;1962;p0p100;2143487.0;2.82574842302e+11;1.0;1.0
;US-CA;1962;p99p100;374710.31;;0.090599999;0.090599999
;US-CA;1962;p99.9p100;1182761.3;;0.0286;0.0286
;US-CA;1962;p99.99p100;4111359.0;;0.0098999999;0.0098999999
;US-CA;1962;p90p100;131770.0;;0.31850001;0.31850001
;US-CA;1962;p90p95;86829.297;;0.1049;0.1049
;US-CA;1962;p95p99;127211.0;;0.123;0.123
;US-CA;1962;p99.5p99.9;363738.0;;0.0352;0.0352
;US-CA;1962;p99.9p99.99;857836.0;;0.0187;0.0187
;US-CA;1962;p99p99.5;221822.8;;0.026799999;0.026799999
;US-CA;1962;p95p100;176710.91;;0.21359999;0.21359999
;US-CA;1962;p0p90;31325.0;;0.68150002;0.68150002
;US-CA;1962;p0p99;38002.5;;0.90939999;0.90939999
;US-CA;1962;p99.5p100;527596.13;;0.0638;0.0638
;US-CA;1961;p0p100;2140846.0;2.69066223059e+11;1.0;1.0
;US-CA;1961;p99p100;399747.41;;0.098700002;0.098700002
;US-CA;1961;p99.9p100;1351676.6;;0.033399999;0.033399999
;US-CA;1961;p99.99p100;4961308.5;;0.0122;0.0122
;US-CA;1961;p90p100;132476.41;;0.32710001;0.32710001
;US-CA;1961;p90p95;84409.898;;0.1042;0.1042
;US-CA;1961;p95p99;125743.6;;0.1242;0.1242
;US-CA;1961;p99.5p99.9;374259.59;;0.037;0.037
;US-CA;1961;p99.9p99.99;950719.0;;0.0211;0.0211
;US-CA;1961;p99p99.5;229746.7;;0.0284;0.0284
;US-CA;1961;p95p100;180543.41;;0.2229;0.2229
;US-CA;1961;p0p90;30282.301;;0.67290002;0.67290002
;US-CA;1961;p0p99;36873.102;;0.90130001;0.90130001
;US-CA;1961;p99.5p100;569749.63;;0.070299998;0.070299998
;US-CA;1960;p0p100;2123928.0;2.54125515814e+11;1.0;1.0
;US-CA;1960;p99p100;365005.31;;0.092699997;0.092699997
;US-CA;1960;p99.9p100;1140969.8;;0.028999999;0.028999999
;US-CA;1960;p99.99p100;3673382.0;;0.0093;0.0093
;US-CA;1960;p90p100;125256.9;;0.31810001;0.31810001
;US-CA;1960;p90p95;81402.102;;0.1034;0.1034
;US-CA;1960;p95p99;120139.2;;0.122;0.122
;US-CA;1960;p99.5p99.9;358034.59;;0.036400001;0.036400001
;US-CA;1960;p99.9p99.99;860736.63;;0.0197;0.0197
;US-CA;1960;p99p99.5;215240.91;;0.0273;0.0273
;US-CA;1960;p95p100;169111.7;;0.2147;0.2147
;US-CA;1960;p0p90;29837.199;;0.68190002;0.68190002
;US-CA;1960;p0p99;36090.301;;0.9073;0.9073
;US-CA;1960;p99.5p100;514768.19;;0.065399997;0.065399997
;US-CA;1959;p0p100;2203656.0;2.48189501486e+11;1.0;1.0
;US-CA;1959;p99p100;390321.91;;0.098800004;0.098800004
;US-CA;1959;p99.9p100;1238169.3;;0.031399999;0.031399999
;US-CA;1959;p99.99p100;3932779.0;;0.0099999998;0.0099999998
;US-CA;1959;p90p100;127644.2;;0.32319999;0.32319999
;US-CA;1959;p90p95;80597.0;;0.102;0.102
;US-CA;1959;p95p99;120785.2;;0.1223;0.1223
;US-CA;1959;p99.5p99.9;387925.81;;0.039299998;0.039299998
;US-CA;1959;p99.9p99.99;939171.19;;0.021400001;0.021400001
;US-CA;1959;p99p99.5;222653.91;;0.028200001;0.028200001
;US-CA;1959;p95p100;174691.7;;0.2212;0.2212
;US-CA;1959;p0p90;29693.6;;0.67680001;0.67680001
;US-CA;1959;p0p99;35945.301;;0.9012;0.9012
;US-CA;1959;p99.5p100;557993.0;;0.070699997;0.070699997
;US-CA;1958;p0p100;2077525.8;2.24515748319e+11;1.0;1.0
;US-CA;1958;p99p100;344375.0;;0.093800001;0.093800001
;US-CA;1958;p99.9p100;1037888.4;;0.0283;0.0283
;US-CA;1958;p99.99p100;3327317.5;;0.0091000004;0.0091000004
;US-CA;1958;p90p100;117036.4;;0.31869999;0.31869999
;US-CA;1958;p90p95;76425.102;;0.1041;0.1041
;US-CA;1958;p95p99;110966.8;;0.1209;0.1209
;US-CA;1958;p99.5p99.9;354150.5;;0.038600001;0.038600001
;US-CA;1958;p99.9p99.99;783811.13;;0.019200001;0.019200001
;US-CA;1958;p99p99.5;197670.41;;0.026900001;0.026900001
;US-CA;1958;p95p100;157648.3;;0.2147;0.2147
;US-CA;1958;p0p90;27795.301;;0.68129998;0.68129998
;US-CA;1958;p0p99;33611.199;;0.90619999;0.90619999
;US-CA;1958;p99.5p100;491079.69;;0.0669;0.0669
;US-CA;1957;p0p100;2229571.5;2.22072140257e+11;1.0;1.0
;US-CA;1957;p99p100;339501.19;;0.090899996;0.090899996
;US-CA;1957;p99.9p100;1052815.9;;0.028200001;0.028200001
;US-CA;1957;p99.99p100;3470373.3;;0.0093;0.0093
;US-CA;1957;p90p100;115690.5;;0.3098;0.3098
;US-CA;1957;p90p95;75575.203;;0.1012;0.1012
;US-CA;1957;p95p99;109883.4;;0.1177;0.1177
;US-CA;1957;p99.5p99.9;341232.09;;0.036600001;0.036600001
;US-CA;1957;p99.9p99.99;784214.69;;0.0189;0.0189
;US-CA;1957;p99p99.5;195422.59;;0.0262;0.0262
;US-CA;1957;p95p100;155806.41;;0.2086;0.2086
;US-CA;1957;p0p90;28635.301;;0.69019997;0.69019997
;US-CA;1957;p0p99;34288.602;;0.9091;0.9091
;US-CA;1957;p99.5p100;483579.91;;0.064800002;0.064800002
;US-CA;1956;p0p100;2400590.5;2.16493063128e+11;1.0;1.0
;US-CA;1956;p99p100;350368.59;;0.093500003;0.093500003
;US-CA;1956;p99.9p100;1057549.1;;0.028200001;0.028200001
;US-CA;1956;p99.99p100;3382994.0;;0.0089999996;0.0089999996
;US-CA;1956;p90p100;118982.4;;0.31740001;0.31740001
;US-CA;1956;p90p95;78436.297;;0.1046;0.1046
;US-CA;1956;p95p99;112145.9;;0.1197;0.1197
;US-CA;1956;p99.5p99.9;348160.19;;0.0372;0.0372
;US-CA;1956;p99.9p99.99;799744.63;;0.019200001;0.019200001
;US-CA;1956;p99p99.5;210462.91;;0.028100001;0.028100001
;US-CA;1956;p95p100;159790.8;;0.2131;0.2131
;US-CA;1956;p0p90;28417.5;;0.68229997;0.68229997
;US-CA;1956;p0p99;34326.0;;0.90649998;0.90649998
;US-CA;1956;p99.5p100;490270.91;;0.065399997;0.065399997
;US-CA;1955;p0p100;2398988.5;2.03966133894e+11;1.0;1.0
;US-CA;1955;p99p100;382381.31;;0.1052;0.1052
;US-CA;1955;p99.9p100;1210782.8;;0.033300001;0.033300001
;US-CA;1955;p99.99p100;3944211.0;;0.0108;0.0108
;US-CA;1955;p90p100;122024.3;;0.33559999;0.33559999
;US-CA;1955;p90p95;77025.5;;0.1059;0.1059
;US-CA;1955;p95p99;113461.4;;0.1248;0.1248
;US-CA;1955;p99.5p99.9;371897.59;;0.040899999;0.040899999
;US-CA;1955;p99.9p99.99;907116.38;;0.022500001;0.022500001
;US-CA;1955;p99p99.5;225089.91;;0.0309;0.0309
;US-CA;1955;p95p100;167238.8;;0.2299;0.2299
;US-CA;1955;p0p90;26834.9;;0.66409999;0.66409999
;US-CA;1955;p0p99;32869.898;;0.89480001;0.89480001
;US-CA;1955;p99.5p100;539672.88;;0.074199997;0.074199997
;US-CA;1954;p0p100;2234649.5;1.85878395758e+11;1.0;1.0
;US-CA;1954;p99p100;348009.91;;0.102;0.102
;US-CA;1954;p99.9p100;1120972.6;;0.0328;0.0328
;US-CA;1954;p99.99p100;3569593.3;;0.0105;0.0105
;US-CA;1954;p90p100;111414.5;;0.3265;0.3265
;US-CA;1954;p90p95;70527.797;;0.1033;0.1033
;US-CA;1954;p95p99;103659.7;;0.1215;0.1215
;US-CA;1954;p99.5p99.9;339048.59;;0.039700001;0.039700001
;US-CA;1954;p99.9p99.99;848912.13;;0.022399999;0.022399999
;US-CA;1954;p99p99.5;200586.59;;0.0294;0.0294
;US-CA;1954;p95p100;152521.2;;0.2235;0.2235
;US-CA;1954;p0p90;25527.6;;0.67320001;0.67320001
;US-CA;1954;p0p99;30957.199;;0.898;0.898
;US-CA;1954;p99.5p100;495433.41;;0.0726;0.0726
;US-CA;1953;p0p100;2267019.3;1.81274180535e+11;1.0;1.0
;US-CA;1953;p99p100;310441.5;;0.090599999;0.090599999
;US-CA;1953;p99.9p100;926375.63;;0.027000001;0.027000001
;US-CA;1953;p99.99p100;2648848.0;;0.0077;0.0077
;US-CA;1953;p90p100;104016.5;;0.30340001;0.30340001
;US-CA;1953;p90p95;68104.102;;0.099299997;0.099299997
;US-CA;1953;p95p99;97577.203;;0.1139;0.1139
;US-CA;1953;p99.5p99.9;318484.91;;0.0372;0.0372
;US-CA;1953;p99.9p99.99;735733.63;;0.019300001;0.019300001
;US-CA;1953;p99p99.5;180866.5;;0.0264;0.0264
;US-CA;1953;p95p100;140136.91;;0.2044;0.2044
;US-CA;1953;p0p90;26517.0;;0.69620001;0.69620001
;US-CA;1953;p0p99;31489.4;;0.90939999;0.90939999
;US-CA;1953;p99.5p100;440017.59;;0.064199999;0.064199999
;US-CA;1952;p0p100;2244919.0;1.71826443642e+11;1.0;1.0
;US-CA;1952;p99p100;337151.31;;0.1008;0.1008
;US-CA;1952;p99.9p100;1032411.5;;0.0309;0.0309
;US-CA;1952;p99.99p100;2960295.5;;0.0088999998;0.0088999998
;US-CA;1952;p90p100;107178.7;;0.32049999;0.32049999
;US-CA;1952;p90p95;67315.203;;0.1007;0.1007
;US-CA;1952;p95p99;99833.297;;0.1194;0.1194
;US-CA;1952;p99.5p99.9;338546.81;;0.0405;0.0405
;US-CA;1952;p99.9p99.99;819130.38;;0.022;0.022
;US-CA;1952;p99p99.5;197047.8;;0.0295;0.0295
;US-CA;1952;p95p100;147269.8;;0.2202;0.2202
;US-CA;1952;p0p90;25229.301;;0.67909998;0.67909998
;US-CA;1952;p0p99;30370.301;;0.89920002;0.89920002
;US-CA;1952;p99.5p100;477278.19;;0.071400002;0.071400002
;US-CA;1951;p0p100;2208532.0;1.57189843375e+11;1.0;1.0
;US-CA;1951;p99p100;400241.19;;0.127;0.127
;US-CA;1951;p99.9p100;1336376.8;;0.042399999;0.042399999
;US-CA;1951;p99.99p100;3449936.8;;0.011;0.011
;US-CA;1951;p90p100;106434.2;;0.3378;0.3378
;US-CA;1951;p90p95;53745.699;;0.085299999;0.085299999
;US-CA;1951;p95p99;99777.5;;0.1267;0.1267
;US-CA;1951;p99.5p99.9;393709.19;;0.050000001;0.050000001
;US-CA;1951;p99.9p99.99;1104635.0;;0.031599998;0.031599998
;US-CA;1951;p99p99.5;217323.59;;0.034499999;0.034499999
;US-CA;1951;p95p100;159892.0;;0.2538;0.2538
;US-CA;1951;p0p99;21035.6;;0.66100001;0.66100001
;US-CA;1951;p99.5p100;582971.31;;0.092500001;0.092500001
;US-CA;1950;p0p100;2474040.8;1.46832654686e+11;1.0;1.0
;US-CA;1950;p99p100;381880.5;;0.126;0.126
;US-CA;1950;p99.9p100;1284094.3;;0.042399999;0.042399999
;US-CA;1950;p99.99p100;3347095.3;;0.011;0.011
;US-CA;1950;p90p100;105671.6;;0.3486;0.3486
;US-CA;1950;p90p95;57472.801;;0.094800003;0.094800003
;US-CA;1950;p95p99;96969.703;;0.12800001;0.12800001
;US-CA;1950;p99.5p99.9;373978.41;;0.049400002;0.049400002
;US-CA;1950;p99.9p99.99;1064009.1;;0.031599998;0.031599998
;US-CA;1950;p99p99.5;207808.2;;0.034299999;0.034299999
;US-CA;1950;p95p100;153932.2;;0.25389999;0.25389999
;US-CA;1950;p0p90;21922.4;;0.65090001;0.65090001
;US-CA;1950;p0p99;26758.6;;0.87400001;0.87400001
;US-CA;1950;p99.5p100;555963.88;;0.091700003;0.091700003
;US-CA;1949;p0p100;2336950.0;1.30941865168e+11;1.0;1.0
;US-CA;1949;p99p100;322457.0;;0.1148;0.1148
;US-CA;1949;p99.9p100;1071211.5;;0.038199998;0.038199998
;US-CA;1949;p99.99p100;3592170.0;;0.0128;0.0128
;US-CA;1949;p90p100;93697.5;;0.3337;0.3337
;US-CA;1949;p90p95;53874.398;;0.095899999;0.095899999
;US-CA;1949;p95p99;86323.797;;0.123;0.123
;US-CA;1949;p99.5p99.9;317725.91;;0.045299999;0.045299999
;US-CA;1949;p99.9p99.99;791098.31;;0.0254;0.0254
;US-CA;1949;p99p99.5;176491.59;;0.031399999;0.031399999
;US-CA;1949;p95p100;133560.5;;0.2378;0.2378
;US-CA;1949;p0p90;20784.301;;0.66619998;0.66619998
;US-CA;1949;p0p99;25103.6;;0.88520002;0.88520002
;US-CA;1949;p99.5p100;468423.0;;0.083400004;0.083400004
;US-CA;1948;p0p100;2348705.3;1.29568290592e+11;1.0;1.0
;US-CA;1948;p99p100;353959.81;;0.123;0.123
;US-CA;1948;p99.9p100;1129401.3;;0.039299998;0.039299998
;US-CA;1948;p99.99p100;3362105.3;;0.0117;0.0117
;US-CA;1948;p90p100;100009.3;;0.34760001;0.34760001
;US-CA;1948;p90p95;54563.301;;0.094800003;0.094800003
;US-CA;1948;p95p99;93360.203;;0.12980001;0.12980001
;US-CA;1948;p99.5p99.9;354956.69;;0.0493;0.0493
;US-CA;1948;p99.9p99.99;881339.63;;0.0276;0.0276
;US-CA;1948;p99p99.5;198076.91;;0.034400001;0.034400001
;US-CA;1948;p95p100;145478.3;;0.25279999;0.25279999
;US-CA;1948;p0p90;20858.0;;0.65240002;0.65240002
;US-CA;1948;p0p99;25489.699;;0.87699997;0.87699997
;US-CA;1948;p99.5p100;509844.5;;0.088600002;0.088600002
;US-CA;1947;p0p100;2784305.8;1.27662903083e+11;1.0;1.0
;US-CA;1947;p99p100;311358.41;;0.106;0.106
;US-CA;1947;p99.9p100;978802.13;;0.033300001;0.033300001
;US-CA;1947;p99.99p100;2837892.5;;0.0097000003;0.0097000003
;US-CA;1947;p90p100;88295.102;;0.30059999;0.30059999
;US-CA;1947;p90p95;47378.102;;0.080700003;0.080700003
;US-CA;1947;p95p99;83674.703;;0.114;0.114
;US-CA;1947;p99.5p99.9;310846.69;;0.042300001;0.042300001
;US-CA;1947;p99.9p99.99;772308.19;;0.023700001;0.023700001
;US-CA;1947;p99p99.5;178272.41;;0.030400001;0.030400001
;US-CA;1947;p95p100;129210.3;;0.22;0.22
;US-CA;1947;p0p90;22820.699;;0.69940001;0.69940001
;US-CA;1947;p0p99;26519.699;;0.89399999;0.89399999
;US-CA;1947;p99.5p100;444436.91;;0.0757;0.0757
;US-CA;1946;p0p100;3981775.3;1.34475567305e+11;1.0;1.0
;US-CA;1946;p99p100;371924.41;;0.1158;0.1158
;US-CA;1946;p99.9p100;1158174.3;;0.0361;0.0361
;US-CA;1946;p99.99p100;3372269.5;;0.0105;0.0105
;US-CA;1946;p90p100;103199.3;;0.32139999;0.32139999
;US-CA;1946;p90p95;53302.801;;0.082999997;0.082999997
;US-CA;1946;p95p99;98391.297;;0.1226;0.1226
;US-CA;1946;p99.5p99.9;374855.69;;0.046700001;0.046700001
;US-CA;1946;p99.9p99.99;912199.19;;0.025599999;0.025599999
;US-CA;1946;p99p99.5;212311.8;;0.033100002;0.033100002
;US-CA;1946;p95p100;153094.91;;0.2384;0.2384
;US-CA;1946;p0p90;24215.6;;0.67860001;0.67860001
;US-CA;1946;p0p99;28681.6;;0.88419998;0.88419998
;US-CA;1946;p99.5p100;531518.81;;0.082800001;0.082800001
;US-CA;1945;p0p100;4897646.5;1.36429418461e+11;1.0;1.0
;US-CA;1945;p99p100;368179.91;;0.1098;0.1098
;US-CA;1945;p99.9p100;1152697.6;;0.034400001;0.034400001
;US-CA;1945;p99.99p100;3111343.3;;0.0093;0.0093
;US-CA;1945;p90p100;100416.7;;0.29949999;0.29949999
;US-CA;1945;p90p95;52662.301;;0.078500003;0.078500003
;US-CA;1945;p95p99;93170.797;;0.1111;0.1111
;US-CA;1945;p99.5p99.9;372695.19;;0.044500001;0.044500001
;US-CA;1945;p99.9p99.99;938057.88;;0.0252;0.0252
;US-CA;1945;p99p99.5;207654.91;;0.030999999;0.030999999
;US-CA;1945;p95p100;148168.41;;0.2209;0.2209
;US-CA;1945;p0p90;26098.4;;0.70050001;0.70050001
;US-CA;1945;p0p99;30152.699;;0.89020002;0.89020002
;US-CA;1945;p99.5p100;528675.13;;0.0788;0.0788
;US-CA;1944;p0p100;5215384.5;1.34828687611e+11;1.0;1.0
;US-CA;1944;p99p100;339836.91;;0.099600002;0.099600002
;US-CA;1944;p99.9p100;1051512.4;;0.0308;0.0308
;US-CA;1944;p99.99p100;2796157.3;;0.0082;0.0082
;US-CA;1944;p90p100;99990.898;;0.2929;0.2929
;US-CA;1944;p90p95;58539.199;;0.085699998;0.085699998
;US-CA;1944;p95p99;91575.898;;0.1073;0.1073
;US-CA;1944;p99.5p99.9;346859.19;;0.040600002;0.040600002
;US-CA;1944;p99.9p99.99;858386.31;;0.022600001;0.022600001
;US-CA;1944;p99p99.5;191983.7;;0.028100001;0.028100001
;US-CA;1944;p95p100;141100.0;;0.2067;0.2067
;US-CA;1944;p0p90;26829.6;;0.70740002;0.70740002
;US-CA;1944;p0p99;31048.199;;0.90039998;0.90039998
;US-CA;1944;p99.5p100;487847.09;;0.071500003;0.071500003
;US-CA;1943;p0p100;5517022.5;1.33606478582e+11;1.0;1.0
;US-CA;1943;p99p100;385341.41;;0.1105;0.1105
;US-CA;1943;p99.9p100;1223543.3;;0.035100002;0.035100002
;US-CA;1943;p99.99p100;3049995.3;;0.0087000001;0.0087000001
;US-CA;1943;p90p100;101382.4;;0.2906;0.2906
;US-CA;1943;p90p95;51011.801;;0.073100001;0.073100001
;US-CA;1943;p95p99;93393.703;;0.1071;0.1071
;US-CA;1943;p99.5p99.9;394359.81;;0.045200001;0.045200001
;US-CA;1943;p99.9p99.99;1027085.7;;0.0265;0.0265
;US-CA;1943;p99p99.5;210413.7;;0.030200001;0.030200001
;US-CA;1943;p95p100;151786.41;;0.2175;0.2175
;US-CA;1943;p0p90;27491.5;;0.70920002;0.70920002
;US-CA;1943;p0p99;31347.699;;0.88950002;0.88950002
;US-CA;1943;p99.5p100;560243.81;;0.080300003;0.080300003
;US-CA;1942;p0p100;4965596.0;1.03276340275e+11;1.0;1.0
;US-CA;1942;p99p100;324413.5;;0.1164;0.1164
;US-CA;1942;p99.9p100;1136433.0;;0.040800001;0.040800001
;US-CA;1942;p99.99p100;3391999.0;;0.0122;0.0122
;US-CA;1942;p90p100;83493.398;;0.29960001;0.29960001
;US-CA;1942;p90p95;45789.801;;0.082199998;0.082199998
;US-CA;1942;p95p99;70412.102;;0.1011;0.1011
;US-CA;1942;p99.5p99.9;320387.19;;0.046;0.046
;US-CA;1942;p99.9p99.99;885495.0;;0.0286;0.0286
;US-CA;1942;p99p99.5;165203.91;;0.0296;0.0296
;US-CA;1942;p95p100;121199.4;;0.2174;0.2174
;US-CA;1942;p0p90;21687.9;;0.70039999;0.70039999
;US-CA;1942;p0p99;24873.4;;0.8836;0.8836
;US-CA;1942;p99.5p100;483613.69;;0.086800002;0.086800002
;US-CA;1941;p0p100;4893676.0;80656654140.0;1.0;1.0
;US-CA;1941;p99p100;304296.09;;0.1357;0.1357
;US-CA;1941;p99.9p100;1063442.6;;0.047400001;0.047400001
;US-CA;1941;p99.99p100;3263877.8;;0.0146;0.0146
;US-CA;1941;p90p100;84907.797;;0.3786;0.3786
;US-CA;1941;p90p95;51985.5;;0.1159;0.1159
;US-CA;1941;p95p99;71331.5;;0.12720001;0.12720001
;US-CA;1941;p99.5p99.9;298856.5;;0.053300001;0.053300001
;US-CA;1941;p99.9p99.99;818301.31;;0.0328;0.0328
;US-CA;1941;p99p99.5;156689.7;;0.034899998;0.034899998
;US-CA;1941;p95p100;117939.4;;0.26289999;0.26289999
;US-CA;1941;p0p90;15483.6;;0.62129998;0.62129998
;US-CA;1941;p0p99;19582.301;;0.86430001;0.86430001
;US-CA;1941;p99.5p100;451856.81;;0.1007;0.1007
;US-CA;1940;p0p100;4644827.0;67450272588.0;1.0;1.0
;US-CA;1940;p99p100;266298.91;;0.13789999;0.13789999
;US-CA;1940;p99.9p100;890693.13;;0.046100002;0.046100002
;US-CA;1940;p99.99p100;2488344.5;;0.0129;0.0129
;US-CA;1940;p90p100;78954.5;;0.40889999;0.40889999
;US-CA;1940;p90p95;46837.602;;0.1213;0.1213
;US-CA;1940;p95p99;72193.703;;0.1495;0.1495
;US-CA;1940;p99.5p99.9;265496.19;;0.055;0.055
;US-CA;1940;p99.9p99.99;712214.69;;0.033199999;0.033199999
;US-CA;1940;p99p99.5;141854.0;;0.036699999;0.036699999
;US-CA;1940;p95p100;111060.0;;0.28760001;0.28760001
;US-CA;1940;p0p90;12687.7;;0.59140003;0.59140003
;US-CA;1940;p0p99;16814.801;;0.86210001;0.86210001
;US-CA;1940;p99.5p100;390659.41;;0.1012;0.1012
;US-CA;1939;p0p100;4464229.0;61755781950.0;1.0;1.0
;US-CA;1939;p99p100;255219.5;;0.1402;0.1402
;US-CA;1939;p99.9p100;857047.69;;0.0471;0.0471
;US-CA;1939;p99.99p100;2253568.0;;0.0124;0.0124
;US-CA;1939;p90p100;80286.297;;0.44100001;0.44100001
;US-CA;1939;p90p95;50830.199;;0.13959999;0.13959999
;US-CA;1939;p95p99;73843.102;;0.1622;0.1622
;US-CA;1939;p99.5p99.9;252359.3;;0.055399999;0.055399999
;US-CA;1939;p99.9p99.99;701357.81;;0.034699999;0.034699999
;US-CA;1939;p99p99.5;136991.09;;0.037599999;0.037599999
;US-CA;1939;p95p100;110173.5;;0.3026;0.3026
;US-CA;1939;p0p90;11289.8;;0.55809999;0.55809999
;US-CA;1939;p0p99;15813.0;;0.85979998;0.85979998
;US-CA;1939;p99.5p100;373382.69;;0.1025;0.1025
;US-CA;1938;p0p100;4293276.0;59428549528.0;1.0;1.0
;US-CA;1938;p99p100;260069.8;;0.1443;0.1443
;US-CA;1938;p99.9p100;988374.19;;0.054900002;0.054900002
;US-CA;1938;p99.99p100;3630421.5;;0.020099999;0.020099999
;US-CA;1938;p90p100;78176.398;;0.4339;0.4339
;US-CA;1938;p90p95;52709.398;;0.1463;0.1463
;US-CA;1938;p95p99;66876.703;;0.1485;0.1485
;US-CA;1938;p99.5p99.9;240450.41;;0.053399999;0.053399999
;US-CA;1938;p99.9p99.99;694620.19;;0.034699999;0.034699999
;US-CA;1938;p99p99.5;130176.9;;0.0361;0.0361
;US-CA;1938;p95p100;105530.6;;0.29280001;0.29280001
;US-CA;1938;p0p90;11230.2;;0.56089997;0.56089997
;US-CA;1938;p0p99;15573.6;;0.85570002;0.85570002
;US-CA;1938;p99.5p100;389980.59;;0.1082;0.1082
;US-CA;1937;p0p100;4210198.5;58861445952.0;1.0;1.0
;US-CA;1937;p99p100;289721.41;;0.15790001;0.15790001
;US-CA;1937;p99.9p100;999994.5;;0.054499999;0.054499999
;US-CA;1937;p99.99p100;2700921.8;;0.0147;0.0147
;US-CA;1937;p90p100;82134.5;;0.44769999;0.44769999
;US-CA;1937;p90p95;50691.699;;0.1382;0.1382
;US-CA;1937;p95p99;71283.703;;0.15539999;0.15539999
;US-CA;1937;p99.5p99.9;288615.69;;0.062899999;0.062899999
;US-CA;1937;p99.9p99.99;811074.63;;0.039799999;0.039799999
;US-CA;1937;p99p99.5;148555.0;;0.0405;0.0405
;US-CA;1937;p95p100;114964.1;;0.31330001;0.31330001
;US-CA;1937;p0p90;11181.1;;0.5485;0.5485
;US-CA;1937;p0p99;15605.0;;0.84210002;0.84210002
;US-CA;1937;p99.5p100;430890.41;;0.1174;0.1174
;US-CA;1936;p0p100;4546931.0;57700875188.0;1.0;1.0
;US-CA;1936;p99p100;316786.69;;0.1717;0.1717
;US-CA;1936;p99.9p100;1115299.4;;0.060400002;0.060400002
;US-CA;1936;p99.99p100;3060937.5;;0.0166;0.0166
;US-CA;1936;p90p100;84508.297;;0.45789999;0.45789999
;US-CA;1936;p90p95;51705.199;;0.1401;0.1401
;US-CA;1936;p95p99;70683.0;;0.1532;0.1532
;US-CA;1936;p99.5p99.9;316199.0;;0.068499997;0.068499997
;US-CA;1936;p99.9p99.99;899173.19;;0.0438;0.0438
;US-CA;1936;p99p99.5;157563.41;;0.0427;0.0427
;US-CA;1936;p95p100;119913.1;;0.3249;0.3249
;US-CA;1936;p0p90;10972.0;;0.53509998;0.53509998
;US-CA;1936;p0p99;15441.9;;0.8283;0.8283
;US-CA;1936;p99.5p100;476015.91;;0.12899999;0.12899999
;US-CA;1935;p0p100;3992141.0;48409178651.0;1.0;1.0
;US-CA;1935;p99p100;245071.41;;0.1542;0.1542
;US-CA;1935;p99.9p100;867566.0;;0.0546;0.0546
;US-CA;1935;p99.99p100;2445890.5;;0.0154;0.0154
;US-CA;1935;p90p100;74400.797;;0.46810001;0.46810001
;US-CA;1935;p90p95;51798.5;;0.163;0.163
;US-CA;1935;p95p99;65267.5;;0.16429999;0.16429999
;US-CA;1935;p99.5p99.9;237164.5;;0.059700001;0.059700001
;US-CA;1935;p99.9p99.99;692238.0;;0.0392;0.0392
;US-CA;1935;p99p99.5;126909.7;;0.039900001;0.039900001
;US-CA;1935;p95p100;101129.9;;0.31819999;0.31819999
;US-CA;1935;p0p90;9156.9004;;0.51859999;0.51859999
;US-CA;1935;p0p99;13577.7;;0.84579998;0.84579998
;US-CA;1935;p99.5p100;363239.5;;0.1143;0.1143
;US-CA;1934;p0p100;3905267.8;43892905117.0;1.0;1.0
;US-CA;1934;p99p100;221094.59;;0.1494;0.1494
;US-CA;1934;p99.9p100;792676.88;;0.053599998;0.053599998
;US-CA;1934;p99.99p100;2250175.0;;0.0152;0.0152
;US-CA;1934;p90p100;68755.602;;0.4646;0.4646
;US-CA;1934;p90p95;43801.898;;0.148;0.148
;US-CA;1934;p95p99;65568.102;;0.1772;0.1772
;US-CA;1934;p99.5p99.9;210168.0;;0.0568;0.0568
;US-CA;1934;p99.9p99.99;630772.88;;0.038400002;0.038400002
;US-CA;1934;p99p99.5;115515.8;;0.039000001;0.039000001
;US-CA;1934;p95p100;96361.203;;0.3256;0.3256
;US-CA;1934;p0p90;8639.7002;;0.52539998;0.52539998
;US-CA;1934;p0p99;12715.7;;0.8506;0.8506
;US-CA;1934;p99.5p100;326666.91;;0.1104;0.1104
;US-CA;1933;p0p100;4019309.8;41206218991.0;1.0;1.0
;US-CA;1933;p99p100;195113.7;;0.13680001;0.13680001
;US-CA;1933;p99.9p100;736923.5;;0.0517;0.0517
;US-CA;1933;p99.99p100;2280810.5;;0.016000001;0.016000001
;US-CA;1933;p90p100;60263.199;;0.4226;0.4226
;US-CA;1933;p90p95;39321.898;;0.13789999;0.13789999
;US-CA;1933;p95p99;56156.5;;0.1575;0.1575
;US-CA;1933;p99.5p99.9;175539.8;;0.049199998;0.049199998
;US-CA;1933;p99.9p99.99;565380.5;;0.035700001;0.035700001
;US-CA;1933;p99p99.5;102410.8;;0.0359;0.0359
;US-CA;1933;p95p100;83736.703;;0.29359999;0.29359999
;US-CA;1933;p0p90;8996.2002;;0.56779999;0.56779999
;US-CA;1933;p0p99;12433.3;;0.86320001;0.86320001
;US-CA;1933;p99.5p100;287816.5;;0.1009;0.1009
;US-CA;1932;p0p100;3744197.5;41575875042.0;1.0;1.0
;US-CA;1932;p99p100;194618.7;;0.1318;0.1318
;US-CA;1932;p99.9p100;708804.0;;0.048;0.048
;US-CA;1932;p99.99p100;2100846.3;;0.0142;0.0142
;US-CA;1932;p90p100;65044.898;;0.44069999;0.44069999
;US-CA;1932;p90p95;47477.199;;0.1608;0.1608
;US-CA;1932;p95p99;59775.602;;0.162;0.162
;US-CA;1932;p99.5p99.9;178727.3;;0.0484;0.0484
;US-CA;1932;p99.9p99.99;554132.5;;0.033799998;0.033799998
;US-CA;1932;p99p99.5;104494.8;;0.035399999;0.035399999
;US-CA;1932;p95p100;86528.398;;0.2931;0.2931
;US-CA;1932;p0p90;8944.2002;;0.54530001;0.54530001
;US-CA;1932;p0p99;12944.1;;0.8682;0.8682
;US-CA;1932;p99.5p100;284742.69;;0.096500002;0.096500002
;US-CA;1931;p0p100;3515184.0;47269681972.0;1.0;1.0
;US-CA;1931;p99p100;228944.41;;0.1329;0.1329
;US-CA;1931;p99.9p100;805402.88;;0.046799999;0.046799999
;US-CA;1931;p99.99p100;2679522.0;;0.0156;0.0156
;US-CA;1931;p90p100;75376.797;;0.43759999;0.43759999
;US-CA;1931;p90p95;59105.699;;0.1716;0.1716
;US-CA;1931;p95p99;68167.398;;0.1583;0.1583
;US-CA;1931;p99.5p99.9;214144.5;;0.049699999;0.049699999
;US-CA;1931;p99.9p99.99;597167.38;;0.031199999;0.031199999
;US-CA;1931;p99p99.5;125492.7;;0.036400001;0.036400001
;US-CA;1931;p95p100;99844.797;;0.28979999;0.28979999
;US-CA;1931;p0p90;10282.9;;0.53719997;0.53719997
;US-CA;1931;p0p99;15087.4;;0.8671;0.8671
;US-CA;1931;p99.5p100;332396.19;;0.096500002;0.096500002
;US-CA;1930;p0p100;3231864.3;50838374914.0;1.0;1.0
;US-CA;1930;p99p100;281439.59;;0.1478;0.1478
;US-CA;1930;p99.9p100;1039770.8;;0.0546;0.0546
;US-CA;1930;p99.99p100;3546072.3;;0.0186;0.0186
;US-CA;1930;p90p100;85243.602;;0.44769999;0.44769999
;US-CA;1930;p90p95;65824.102;;0.1728;0.1728
;US-CA;1930;p95p99;73758.203;;0.1549;0.1549
;US-CA;1930;p99.5p99.9;262885.81;;0.055199999;0.055199999
;US-CA;1930;p99.9p99.99;761292.88;;0.035999998;0.035999998
;US-CA;1930;p99p99.5;144616.41;;0.037999999;0.037999999
;US-CA;1930;p95p100;114881.0;;0.3017;0.3017
;US-CA;1930;p0p90;11095.0;;0.5244;0.5244
;US-CA;1930;p0p99;16391.0;;0.85219997;0.85219997
;US-CA;1930;p99.5p100;418262.81;;0.1098;0.1098
;US-CA;1929;p0p100;3534123.3;55640517963.0;1.0;1.0
;US-CA;1929;p99p100;394026.19;;0.1798;0.1798
;US-CA;1929;p99.9p100;1551112.6;;0.070799999;0.070799999
;US-CA;1929;p99.99p100;5323191.0;;0.0243;0.0243
;US-CA;1929;p90p100;99769.5;;0.45519999;0.45519999
;US-CA;1929;p90p95;64704.0;;0.1476;0.1476
;US-CA;1929;p95p99;81999.5;;0.1496;0.1496
;US-CA;1929;p99.5p99.9;363745.91;;0.066399999;0.066399999
;US-CA;1929;p99.9p99.99;1131993.1;;0.046500001;0.046500001
;US-CA;1929;p99p99.5;186833.09;;0.042599998;0.042599998
;US-CA;1929;p95p100;144096.8;;0.32870001;0.32870001
;US-CA;1929;p0p90;12737.4;;0.523;0.523
;US-CA;1929;p0p99;18160.5;;0.82020003;0.82020003
;US-CA;1929;p99.5p100;601219.19;;0.1371;0.1371
;US-CA;1928;p0p100;3496329.5;52346363030.0;1.0;1.0
;US-CA;1928;p99p100;457351.91;;0.21089999;0.21089999
;US-CA;1928;p99.9p100;1914061.0;;0.088299997;0.088299997
;US-CA;1928;p99.99p100;7025687.0;;0.032400001;0.032400001
;US-CA;1928;p90p100;107704.6;;0.49669999;0.49669999
;US-CA;1928;p90p95;65074.801;;0.15000001;0.15000001
;US-CA;1928;p95p99;83589.703;;0.1542;0.1542
;US-CA;1928;p99.5p99.9;411987.19;;0.075999998;0.075999998
;US-CA;1928;p99.9p99.99;1346102.8;;0.0559;0.0559
;US-CA;1928;p99p99.5;202301.8;;0.046599999;0.046599999
;US-CA;1928;p95p100;158122.8;;0.3646;0.3646
;US-CA;1928;p0p90;11682.1;;0.4849;0.4849
;US-CA;1928;p0p99;17284.0;;0.78909999;0.78909999
;US-CA;1928;p99.5p100;712402.0;;0.16429999;0.16429999
;US-CA;1927;p0p100;3305877.0;48263175247.0;1.0;1.0
;US-CA;1927;p99p100;395128.69;;0.1876;0.1876
;US-CA;1927;p99.9p100;1502101.0;;0.0713;0.0713
;US-CA;1927;p99.99p100;5170274.0;;0.024499999;0.024499999
;US-CA;1927;p90p100;99191.898;;0.47080001;0.47080001
;US-CA;1927;p90p95;64183.102;;0.1523;0.1523
;US-CA;1927;p95p99;78291.203;;0.1487;0.1487
;US-CA;1927;p99.5p99.9;374110.5;;0.071000002;0.071000002
;US-CA;1927;p99.9p99.99;1094526.3;;0.046799999;0.046799999
;US-CA;1927;p99p99.5;190548.8;;0.045200001;0.045200001
;US-CA;1927;p95p100;141504.8;;0.33579999;0.33579999
;US-CA;1927;p0p90;11972.0;;0.5115;0.5115
;US-CA;1927;p0p99;17288.5;;0.81239998;0.81239998
;US-CA;1927;p99.5p100;599708.63;;0.14229999;0.14229999
;US-CA;1926;p0p100;3188539.8;45817385748.0;1.0;1.0
;US-CA;1926;p99p100;403480.41;;0.1911;0.1911
;US-CA;1926;p99.9p100;1583671.6;;0.075000003;0.075000003
;US-CA;1926;p99.99p100;5918216.5;;0.028000001;0.028000001
;US-CA;1926;p90p100;100330.3;;0.47530001;0.47530001
;US-CA;1926;p90p95;63569.301;;0.1506;0.1506
;US-CA;1926;p95p99;77920.203;;0.1477;0.1477
;US-CA;1926;p99.5p99.9;374905.31;;0.071000002;0.071000002
;US-CA;1926;p99.9p99.99;1102055.5;;0.046999998;0.046999998
;US-CA;1926;p99p99.5;190302.2;;0.0451;0.0451
;US-CA;1926;p95p100;142984.59;;0.3387;0.3387
;US-CA;1926;p0p90;11975.6;;0.51059997;0.51059997
;US-CA;1926;p0p99;17245.801;;0.8089;0.8089
;US-CA;1926;p99.5p100;616658.63;;0.1461;0.1461
;US-CA;1925;p0p100;3293252.3;44007568041.0;1.0;1.0
;US-CA;1925;p99p100;371664.31;;0.1737;0.1737
;US-CA;1925;p99.9p100;1324075.3;;0.061900001;0.061900001
;US-CA;1925;p99.99p100;4311722.5;;0.020199999;0.020199999
;US-CA;1925;p90p100;98589.602;;0.46090001;0.46090001
;US-CA;1925;p90p95;68047.102;;0.15899999;0.15899999
;US-CA;1925;p95p99;78099.602;;0.146;0.146
;US-CA;1925;p99.5p99.9;363853.91;;0.068000004;0.068000004
;US-CA;1925;p99.9p99.99;992114.5;;0.041700002;0.041700002
;US-CA;1925;p99p99.5;187430.5;;0.0438;0.0438
;US-CA;1925;p95p100;136665.91;;0.31940001;0.31940001
;US-CA;1925;p0p90;12387.7;;0.5212;0.5212
;US-CA;1925;p0p99;17853.801;;0.82630002;0.82630002
;US-CA;1925;p99.5p100;555898.19;;0.12989999;0.12989999
;US-CA;1924;p0p100;3366308.5;40482991280.0;1.0;1.0
;US-CA;1924;p99p100;330035.0;;0.1587;0.1587
;US-CA;1924;p99.9p100;1101423.1;;0.052999999;0.052999999
;US-CA;1924;p99.99p100;3241626.0;;0.0156;0.0156
;US-CA;1924;p90p100;85204.398;;0.40970001;0.40970001
;US-CA;1924;p90p95;47558.602;;0.1143;0.1143
;US-CA;1924;p95p99;71094.102;;0.1367;0.1367
;US-CA;1924;p99.5p99.9;332614.59;;0.064000003;0.064000003
;US-CA;1924;p99.9p99.99;863622.81;;0.0374;0.0374
;US-CA;1924;p99p99.5;173693.8;;0.0418;0.0418
;US-CA;1924;p95p100;122882.3;;0.29539999;0.29539999
;US-CA;1924;p0p90;13638.8;;0.59020001;0.59020001
;US-CA;1924;p0p99;17673.4;;0.84130001;0.84130001
;US-CA;1924;p99.5p100;486376.31;;0.1169;0.1169
;US-CA;1923;p0p100;3448266.0;38919094493.0;1.0;1.0
;US-CA;1923;p99p100;311889.41;;0.147;0.147
;US-CA;1923;p99.9p100;983423.63;;0.046300001;0.046300001
;US-CA;1923;p99.99p100;2778599.3;;0.0131;0.0131
;US-CA;1923;p90p100;83624.203;;0.39410001;0.39410001
;US-CA;1923;p90p95;46853.801;;0.1104;0.1104
;US-CA;1923;p95p99;72505.203;;0.1367;0.1367
;US-CA;1923;p99.5p99.9;319310.19;;0.060199998;0.060199998
;US-CA;1923;p99.9p99.99;783962.63;;0.033199999;0.033199999
;US-CA;1923;p99p99.5;171646.5;;0.040399998;0.040399998
;US-CA;1923;p95p100;120382.0;;0.2836;0.2836
;US-CA;1923;p0p90;14287.1;;0.60600001;0.60600001
;US-CA;1923;p0p99;18284.1;;0.85299999;0.85299999
;US-CA;1923;p99.5p100;452132.41;;0.1065;0.1065
;US-CA;1922;p0p100;3298789.5;33920479582.0;1.0;1.0
;US-CA;1922;p99p100;291393.09;;0.1487;0.1487
;US-CA;1922;p99.9p100;922330.81;;0.0471;0.0471
;US-CA;1922;p99.99p100;2434134.8;;0.0124;0.0124
;US-CA;1922;p90p100;77973.0;;0.398;0.398
;US-CA;1922;p90p95;42588.801;;0.1087;0.1087
;US-CA;1922;p95p99;68889.102;;0.1407;0.1407
;US-CA;1922;p99.5p99.9;299734.69;;0.0612;0.0612
;US-CA;1922;p99.9p99.99;754352.5;;0.034699999;0.034699999
;US-CA;1922;p99p99.5;158532.3;;0.0405;0.0405
;US-CA;1922;p95p100;113389.9;;0.28940001;0.28940001
;US-CA;1922;p0p90;13102.9;;0.60189998;0.60189998
;US-CA;1922;p0p99;16846.1;;0.8513;0.8513
;US-CA;1922;p99.5p100;424253.91;;0.1083;0.1083
;US-CA;1921;p0p100;2556005.3;28375998348.0;1.0;1.0
;US-CA;1921;p99p100;231027.0;;0.13349999;0.13349999
;US-CA;1921;p99.9p100;700224.31;;0.0405;0.0405
;US-CA;1921;p99.99p100;1598712.4;;0.0092000002;0.0092000002
;US-CA;1921;p90p100;66177.102;;0.38240001;0.38240001
;US-CA;1921;p90p95;38030.301;;0.1099;0.1099
;US-CA;1921;p95p99;60155.0;;0.139;0.139
;US-CA;1921;p99.5p99.9;239246.09;;0.055300001;0.055300001
;US-CA;1921;p99.9p99.99;600392.19;;0.031199999;0.031199999
;US-CA;1921;p99p99.5;130612.3;;0.037700001;0.037700001
;US-CA;1921;p95p100;94329.398;;0.27250001;0.27250001
;US-CA;1921;p0p90;11875.6;;0.61760002;0.61760002
;US-CA;1921;p0p99;15147.3;;0.86650002;0.86650002
;US-CA;1921;p99.5p100;331441.69;;0.095799997;0.095799997
;US-CA;1920;p0p100;2112620.5;27676778989.0;1.0;1.0
;US-CA;1920;p99p100;233173.09;;0.1301;0.1301
;US-CA;1920;p99.9p100;711291.31;;0.039700001;0.039700001
;US-CA;1920;p99.99p100;1719750.6;;0.0096000005;0.0096000005
;US-CA;1920;p90p100;66734.602;;0.3723;0.3723
;US-CA;1920;p90p95;38407.898;;0.1071;0.1071
;US-CA;1920;p95p99;60654.199;;0.1354;0.1354
;US-CA;1920;p99.5p99.9;240524.59;;0.0537;0.0537
;US-CA;1920;p99.9p99.99;599240.19;;0.030099999;0.030099999
;US-CA;1920;p99p99.5;131668.2;;0.036699999;0.036699999
;US-CA;1920;p95p100;95158.0;;0.26550001;0.26550001
;US-CA;1920;p0p90;12495.0;;0.62739998;0.62739998
;US-CA;1920;p0p99;15749.6;;0.86989999;0.86989999
;US-CA;1920;p99.5p100;334677.91;;0.093400002;0.093400002
;US-CA;1919;p0p100;2920684.5;27162406616.0;1.0;1.0
;US-CA;1919;p99p100;276463.41;;0.1497;0.1497
;US-CA;1919;p99.9p100;934082.63;;0.0506;0.0506
;US-CA;1919;p99.99p100;2606997.0;;0.0141;0.0141
;US-CA;1919;p90p100;73285.602;;0.39680001;0.39680001
;US-CA;1919;p90p95;39387.602;;0.1066;0.1066
;US-CA;1919;p95p99;65109.0;;0.141;0.141
;US-CA;1919;p99.5p99.9;272731.41;;0.059099998;0.059099998
;US-CA;1919;p99.9p99.99;749112.5;;0.036499999;0.036499999
;US-CA;1919;p99p99.5;147461.0;;0.039900001;0.039900001
;US-CA;1919;p95p100;107379.9;;0.29069999;0.29069999
;US-CA;1919;p0p90;12369.4;;0.60280001;0.60280001
;US-CA;1919;p0p99;15863.3;;0.85030001;0.85030001
;US-CA;1919;p99.5p100;405465.81;;0.1098;0.1098
;US-CA;1918;p0p100;3926703.5;26519605096.0;1.0;1.0
;US-CA;1918;p99p100;252949.7;;0.1344;0.1344
;US-CA;1918;p99.9p100;889179.88;;0.047200002;0.047200002
;US-CA;1918;p99.99p100;2469545.5;;0.0131;0.0131
;US-CA;1918;p90p100;68598.703;;0.3644;0.3644
;US-CA;1918;p90p95;39623.5;;0.1053;0.1053
;US-CA;1918;p95p99;59291.398;;0.126;0.126
;US-CA;1918;p99.5p99.9;249568.59;;0.052999999;0.052999999
;US-CA;1918;p99.9p99.99;713597.31;;0.0341;0.0341
;US-CA;1918;p99p99.5;128410.6;;0.0341;0.0341
;US-CA;1918;p95p100;98023.0;;0.2604;0.2604
;US-CA;1918;p0p90;13267.3;;0.63440001;0.63440001
;US-CA;1918;p0p99;16458.0;;0.86559999;0.86559999
;US-CA;1918;p99.5p100;377489.31;;0.1003;0.1003
;US-CA;1917;p0p100;5835107.0;27729817289.0;1.0;1.0
;US-CA;1917;p99p100;295375.91;;0.14569999;0.14569999
;US-CA;1917;p99.9p100;1137423.8;;0.0561;0.0561
;US-CA;1917;p99.99p100;3513339.0;;0.0173;0.0173
;US-CA;1917;p90p100;78286.602;;0.38609999;0.38609999
;US-CA;1917;p90p95;47489.0;;0.1171;0.1171
