Variable Name;.;.;.;Fiscal income  | tax unit | Average | Adults | constant 2015 local currency;Fiscal income  | tax unit | Total | Adults | constant 2015 local currency;Fiscal income  | tax unit | Share | Adults | share of total (ratio);Pre-tax national income  | tax unit | Share | Adults | share of total (ratio)
Variable Category;.;.;.;Income inequality;Income inequality;Income inequality;Income inequality
Variable Description;.;.;.;Average Fiscal income within a given percentile group. Fiscal income is defined as the sum of all income items reported on income tax returns, before any deduction. It includes labour income, capital income and mixed income. The concept of fiscal income varies with national tax legislations, so in order to make international comparisons it is preferable to use the concept of national income. The population is comprised of individuals over age 20. The base unit is the tax unit defined by national fiscal administrations to measure personal income taxes.;Total Fiscal income  within a given percentile group. Fiscal income is defined as the sum of all income items reported on income tax returns, before any deduction. It includes labour income, capital income and mixed income. The concept of fiscal income varies with national tax legislations, so in order to make international comparisons it is preferable to use the concept of national income. The population is comprised of individuals over age 20.;Fiscal income share held by a given percentile group. Fiscal income is defined as the sum of all income items reported on income tax returns, before any deduction. It includes labour income, capital income and mixed income. The concept of fiscal income varies with national tax legislations, so in order to make international comparisons it is preferable to use the concept of national income. The population is comprised of individuals over age 20. The base unit is the tax unit defined by national fiscal administrations to measure personal income taxes.;Pre-tax national income share held by a given percentile group. Pre-tax national income  is the sum of all pre-tax personal income flows accruing to the owners of the production factors, labor and capital, before taking into account the operation of the tax/transfer system, but after taking into account the operation of pension system. The central difference between personal factor income and pre-tax income is the treatment of pensions, which are counted on a contribution basis by factor income and on a distribution basis by pre-tax income. The population is comprised of individuals over age 20. The base unit is the tax unit defined by national fiscal administrations to measure personal income taxes.
Variable Decomposition;.;.;.;[Fiscal income ]=[Fiscal labour income ]+[Fiscal capital income ];[Fiscal income ]=[Fiscal labour income ]+[Fiscal capital income ];[Fiscal income ]=[Fiscal labour income ]+[Fiscal capital income ];Pre-tax national income =Pre-tax labor income [total pre-tax income ranking]+Pre-tax capital income [total pre-tax income ranking]
Variable Unit;.;.;.;"USD; United States dollar | local currency | market";"USD; United States dollar | local currency | market";share;share
Methodological Notes;.;.;.;;;;Assuming the same distribution as fiscal income.
Sources;.;.;.;Frank, Sommeiller, Price & Saez (2015);Frank, Sommeiller, Price & Saez (2015);Frank, Sommeiller, Price & Saez (2015);WID.world computations using: Frank, Sommeiller, Price & Saez (2015)
Variable Code;country;year;perc;afiinc992t;mfiinc992t;sfiinc992t;sptinc992t
;US-NH;2015;p0p100;77432.797;54339425845.0;1.0;1.0
;US-NH;2015;p99p100;1254371.6;;0.162;0.162
;US-NH;2015;p99.9p100;5825437.0;;0.075199999;0.075199999
;US-NH;2015;p99.99p100;26073992.0;;0.0337;0.0337
;US-NH;2015;p90p100;325090.19;;0.41980001;0.41980001
;US-NH;2015;p90p95;169308.2;;0.1093;0.1093
;US-NH;2015;p95p99;286359.19;;0.1479;0.1479
;US-NH;2015;p99.5p99.9;1002878.1;;0.051800001;0.051800001
;US-NH;2015;p99.9p99.99;3592999.8;;0.0418;0.0418
;US-NH;2015;p99p99.5;540123.63;;0.034899998;0.034899998
;US-NH;2015;p95p100;480373.59;;0.31020001;0.31020001
;US-NH;2015;p0p90;49955.301;;0.58060002;0.58060002
;US-NH;2015;p0p99;65544.5;;0.838;0.838
;US-NH;2015;p99.5p100;1967459.8;;0.127;0.127
;US-NH;2014;p0p100;74007.5;51812560035.0;1.0;1.0
;US-NH;2014;p99p100;1167869.1;;0.1582;0.1582
;US-NH;2014;p99.9p100;5357820.0;;0.0726;0.0726
;US-NH;2014;p99.99p100;24378216.0;;0.033;0.033
;US-NH;2014;p90p100;306021.31;;0.4145;0.4145
;US-NH;2014;p90p95;160224.0;;0.1085;0.1085
;US-NH;2014;p95p99;272680.0;;0.1477;0.1477
;US-NH;2014;p99.5p99.9;947058.63;;0.0513;0.0513
;US-NH;2014;p99.9p99.99;3255215.5;;0.039700001;0.039700001
;US-NH;2014;p99p99.5;507040.59;;0.034299999;0.034299999
;US-NH;2014;p95p100;451638.09;;0.30590001;0.30590001
;US-NH;2014;p0p90;48025.199;;0.58539999;0.58539999
;US-NH;2014;p0p99;62781.199;;0.84179997;0.84179997
;US-NH;2014;p99.5p100;1828655.1;;0.1238;0.1238
;US-NH;2013;p0p100;74819.297;49943607807.0;1.0;1.0
;US-NH;2013;p99p100;1063020.4;;0.1471;0.1471
;US-NH;2013;p99.9p100;4886005.5;;0.067599997;0.067599997
;US-NH;2013;p99.99p100;23076668.0;;0.0319;0.0319
;US-NH;2013;p90p100;286568.41;;0.39649999;0.39649999
;US-NH;2013;p90p95;151972.2;;0.1051;0.1051
;US-NH;2013;p95p99;260388.2;;0.1441;0.1441
;US-NH;2013;p99.5p99.9;851901.13;;0.0471;0.0471
;US-NH;2013;p99.9p99.99;2864993.5;;0.035700001;0.035700001
;US-NH;2013;p99p99.5;467447.81;;0.032299999;0.032299999
;US-NH;2013;p95p100;420986.31;;0.29120001;0.29120001
;US-NH;2013;p0p90;48481.0;;0.60369998;0.60369998
;US-NH;2013;p0p99;62270.5;;0.85290003;0.85290003
;US-NH;2013;p99.5p100;1658746.8;;0.1147;0.1147
;US-NH;2012;p0p100;79723.297;51566655206.0;1.0;1.0
;US-NH;2012;p99p100;1294832.5;;0.17309999;0.17309999
;US-NH;2012;p99.9p100;6614171.5;;0.088399999;0.088399999
;US-NH;2012;p99.99p100;33174384.0;;0.044300001;0.044300001
;US-NH;2012;p90p100;306575.5;;0.40979999;0.40979999
;US-NH;2012;p90p95;144555.91;;0.096600004;0.096600004
;US-NH;2012;p95p99;262059.09;;0.1401;0.1401
;US-NH;2012;p99.5p99.9;958437.38;;0.051199999;0.051199999
;US-NH;2012;p99.9p99.99;3659340.0;;0.044;0.044
;US-NH;2012;p99p99.5;500106.91;;0.033399999;0.033399999
;US-NH;2012;p95p100;468547.81;;0.3132;0.3132
;US-NH;2012;p0p90;49058.398;;0.59020001;0.59020001
;US-NH;2012;p0p99;62484.398;;0.82690001;0.82690001
;US-NH;2012;p99.5p100;2089614.0;;0.1397;0.1397
;US-NH;2011;p0p100;78086.602;48444367797.0;1.0;1.0
;US-NH;2011;p99p100;1127933.4;;0.1604;0.1604
;US-NH;2011;p99.9p100;5656050.5;;0.080399998;0.080399998
;US-NH;2011;p99.99p100;28760528.0;;0.040899999;0.040899999
;US-NH;2011;p90p100;293820.41;;0.41780001;0.41780001
;US-NH;2011;p90p95;159358.7;;0.1133;0.1133
;US-NH;2011;p95p99;252983.3;;0.14390001;0.14390001
;US-NH;2011;p99.5p99.9;843692.69;;0.048;0.048
;US-NH;2011;p99.9p99.99;3077023.3;;0.0394;0.0394
;US-NH;2011;p99p99.5;450031.31;;0.032000002;0.032000002
;US-NH;2011;p95p100;427945.31;;0.30419999;0.30419999
;US-NH;2011;p0p90;45526.0;;0.5826;0.5826
;US-NH;2011;p0p99;59648.199;;0.83960003;0.83960003
;US-NH;2011;p99.5p100;1805646.9;;0.1284;0.1284
;US-NH;2010;p0p100;83406.797;48139327704.0;1.0;1.0
;US-NH;2010;p99p100;1176290.4;;0.1666;0.1666
;US-NH;2010;p99.9p100;6313297.5;;0.089400001;0.089400001
;US-NH;2010;p99.99p100;36229560.0;;0.0513;0.0513
;US-NH;2010;p90p100;296806.0;;0.42039999;0.42039999
;US-NH;2010;p90p95;157842.41;;0.1118;0.1118
;US-NH;2010;p95p99;250243.5;;0.1418;0.1418
;US-NH;2010;p99.5p99.9;816470.31;;0.046300001;0.046300001
;US-NH;2010;p99.9p99.99;2993365.8;;0.038199998;0.038199998
;US-NH;2010;p99p99.5;437688.69;;0.030999999;0.030999999
;US-NH;2010;p95p100;435435.09;;0.30840001;0.30840001
;US-NH;2010;p0p90;45469.5;;0.57969999;0.57969999
;US-NH;2010;p0p99;59427.102;;0.83340001;0.83340001
;US-NH;2010;p99.5p100;1914246.9;;0.1356;0.1356
;US-NH;2009;p0p100;83527.0;46103158101.0;1.0;1.0
;US-NH;2009;p99p100;997001.5;;0.14569999;0.14569999
;US-NH;2009;p99.9p100;4270120.0;;0.062399998;0.062399998
;US-NH;2009;p99.99p100;18753474.0;;0.0274;0.0274
;US-NH;2009;p90p100;275305.81;;0.4023;0.4023
;US-NH;2009;p90p95;156800.8;;0.1146;0.1146
;US-NH;2009;p95p99;242149.2;;0.1415;0.1415
;US-NH;2009;p99.5p99.9;829589.38;;0.048500001;0.048500001
;US-NH;2009;p99.9p99.99;2624963.5;;0.034499999;0.034499999
;US-NH;2009;p99p99.5;463770.5;;0.0339;0.0339
;US-NH;2009;p95p100;393313.0;;0.28740001;0.28740001
;US-NH;2009;p0p90;45592.301;;0.59960002;0.59960002
;US-NH;2009;p0p99;59054.602;;0.85430002;0.85430002
;US-NH;2009;p99.5p100;1526505.0;;0.1115;0.1115
;US-NH;2008;p0p100;88658.797;49122492891.0;1.0;1.0
;US-NH;2008;p99p100;1163975.8;;0.1591;0.1591
;US-NH;2008;p99.9p100;5177343.5;;0.070799999;0.070799999
;US-NH;2008;p99.99p100;22450070.0;;0.0307;0.0307
;US-NH;2008;p90p100;300469.0;;0.41069999;0.41069999
;US-NH;2008;p90p95;161619.91;;0.1105;0.1105
;US-NH;2008;p95p99;254951.3;;0.13940001;0.13940001
;US-NH;2008;p99.5p99.9;948398.31;;0.051899999;0.051899999
;US-NH;2008;p99.9p99.99;3198771.5;;0.0394;0.0394
;US-NH;2008;p99p99.5;503956.81;;0.034400001;0.034400001
;US-NH;2008;p95p100;438321.5;;0.29960001;0.29960001
;US-NH;2008;p0p90;48268.699;;0.59380001;0.59380001
;US-NH;2008;p0p99;62139.801;;0.8409;0.8409
;US-NH;2008;p99.5p100;1813554.9;;0.1239;0.1239
;US-NH;2007;p0p100;104563.1;53427070661.0;1.0;1.0
;US-NH;2007;p99p100;1490110.9;;0.18619999;0.18619999
;US-NH;2007;p99.9p100;7064234.0;;0.088299997;0.088299997
;US-NH;2007;p99.99p100;31531246.0;;0.0394;0.0394
;US-NH;2007;p90p100;346109.5;;0.4325;0.4325
;US-NH;2007;p90p95;166751.8;;0.1042;0.1042
;US-NH;2007;p95p99;280629.69;;0.14030001;0.14030001
;US-NH;2007;p99.5p99.9;1182362.3;;0.059099998;0.059099998
;US-NH;2007;p99.9p99.99;4304277.5;;0.0484;0.0484
;US-NH;2007;p99p99.5;589285.31;;0.036800001;0.036800001
;US-NH;2007;p95p100;524650.19;;0.32780001;0.32780001
;US-NH;2007;p0p90;50837.199;;0.57179999;0.57179999
;US-NH;2007;p0p99;65775.797;;0.81379998;0.81379998
;US-NH;2007;p99.5p100;2378694.5;;0.1486;0.1486
;US-NH;2006;p0p100;107943.4;52010265466.0;1.0;1.0
;US-NH;2006;p99p100;1429127.9;;0.183;0.183
;US-NH;2006;p99.9p100;6761191.0;;0.086599998;0.086599998
;US-NH;2006;p99.99p100;29684088.0;;0.037999999;0.037999999
;US-NH;2006;p90p100;332478.81;;0.42559999;0.42559999
;US-NH;2006;p90p95;163147.5;;0.1044;0.1044
;US-NH;2006;p95p99;267778.41;;0.1371;0.1371
;US-NH;2006;p99.5p99.9;1148966.3;;0.058800001;0.058800001
;US-NH;2006;p99.9p99.99;4203896.5;;0.0484;0.0484
;US-NH;2006;p99p99.5;569147.38;;0.036400001;0.036400001
;US-NH;2006;p95p100;501079.31;;0.32069999;0.32069999
;US-NH;2006;p0p90;50054.699;;0.57669997;0.57669997
;US-NH;2006;p0p99;64464.602;;0.81699997;0.81699997
;US-NH;2006;p99.5p100;2282205.3;;0.1461;0.1461
;US-NH;2005;p0p100;110576.7;49460254870.0;1.0;1.0
;US-NH;2005;p99p100;1288930.0;;0.1718;0.1718
;US-NH;2005;p99.9p100;5835045.0;;0.077799998;0.077799998
;US-NH;2005;p99.99p100;24606356.0;;0.0328;0.0328
;US-NH;2005;p90p100;314312.59;;0.419;0.419
;US-NH;2005;p90p95;158283.0;;0.1055;0.1055
;US-NH;2005;p95p99;263336.41;;0.14040001;0.14040001
;US-NH;2005;p99.5p99.9;1059092.4;;0.056499999;0.056499999
;US-NH;2005;p99.9p99.99;3738375.3;;0.0449;0.0449
;US-NH;2005;p99p99.5;542937.88;;0.036200002;0.036200002
;US-NH;2005;p95p100;469294.69;;0.31279999;0.31279999
;US-NH;2005;p0p90;48659.102;;0.58380002;0.58380002
;US-NH;2005;p0p99;62755.301;;0.82819998;0.82819998
;US-NH;2005;p99.5p100;2027258.3;;0.13510001;0.13510001
;US-NH;2004;p0p100;114655.9;47293856151.0;1.0;1.0
;US-NH;2004;p99p100;1157846.9;;0.15899999;0.15899999
;US-NH;2004;p99.9p100;5076443.5;;0.069700003;0.069700003
;US-NH;2004;p99.99p100;21308342.0;;0.029300001;0.029300001
;US-NH;2004;p90p100;296493.69;;0.40720001;0.40720001
;US-NH;2004;p90p95;156088.5;;0.1072;0.1072
;US-NH;2004;p95p99;255098.0;;0.1401;0.1401
;US-NH;2004;p99.5p99.9;964100.38;;0.052999999;0.052999999
;US-NH;2004;p99.9p99.99;3253501.5;;0.040199999;0.040199999
;US-NH;2004;p99p99.5;513915.19;;0.035300002;0.035300002
;US-NH;2004;p95p100;435974.31;;0.2994;0.2994
;US-NH;2004;p0p90;48140.699;;0.59500003;0.59500003
;US-NH;2004;p0p99;61860.102;;0.84100002;0.84100002
;US-NH;2004;p99.5p100;1796778.3;;0.1234;0.1234
;US-NH;2003;p0p100;118236.5;44454314993.0;1.0;1.0
;US-NH;2003;p99p100;984043.38;;0.1382;0.1382
;US-NH;2003;p99.9p100;4015560.8;;0.056400001;0.056400001
;US-NH;2003;p99.99p100;16205650.0;;0.0228;0.0228
;US-NH;2003;p90p100;274218.41;;0.38519999;0.38519999
;US-NH;2003;p90p95;161155.09;;0.1132;0.1132
;US-NH;2003;p95p99;236872.0;;0.1331;0.1331
;US-NH;2003;p99.5p99.9;850294.5;;0.047800001;0.047800001
;US-NH;2003;p99.9p99.99;2637177.5;;0.033300001;0.033300001
;US-NH;2003;p99p99.5;472687.19;;0.033199999;0.033199999
;US-NH;2003;p95p100;386647.0;;0.27149999;0.27149999
;US-NH;2003;p0p90;48780.5;;0.61669999;0.61669999
;US-NH;2003;p0p99;61973.0;;0.86180001;0.86180001
;US-NH;2003;p99.5p100;1491647.3;;0.1048;0.1048
;US-NH;2002;p0p100;118067.5;44615795018.0;1.0;1.0
;US-NH;2002;p99p100;910663.13;;0.1339;0.1339
;US-NH;2002;p99.9p100;3588616.8;;0.0528;0.0528
;US-NH;2002;p99.99p100;13905241.0;;0.020400001;0.020400001
;US-NH;2002;p90p100;262652.91;;0.38609999;0.38609999
;US-NH;2002;p90p95;160204.3;;0.1178;0.1178
;US-NH;2002;p95p99;227702.59;;0.1339;0.1339
;US-NH;2002;p99.5p99.9;802728.63;;0.047200002;0.047200002
;US-NH;2002;p99.9p99.99;2426144.3;;0.032099999;0.032099999
;US-NH;2002;p99p99.5;451967.81;;0.033199999;0.033199999
;US-NH;2002;p95p100;364531.19;;0.26800001;0.26800001
;US-NH;2002;p0p90;46507.699;;0.61540002;0.61540002
;US-NH;2002;p0p99;59508.5;;0.86610001;0.86610001
;US-NH;2002;p99.5p100;1366494.9;;0.1004;0.1004
;US-NH;2001;p0p100;130992.7;46115849111.0;1.0;1.0
;US-NH;2001;p99p100;1091210.8;;0.14929999;0.14929999
;US-NH;2001;p99.9p100;4719467.5;;0.064599998;0.064599998
;US-NH;2001;p99.99p100;19401972.0;;0.0265;0.0265
;US-NH;2001;p90p100;292177.69;;0.3998;0.3998
;US-NH;2001;p90p95;159502.3;;0.1091;0.1091
;US-NH;2001;p95p99;257598.2;;0.141;0.141
;US-NH;2001;p99.5p99.9;925010.19;;0.0506;0.0506
;US-NH;2001;p99.9p99.99;3094736.8;;0.0381;0.0381
;US-NH;2001;p99p99.5;497517.69;;0.034000002;0.034000002
;US-NH;2001;p95p100;424545.41;;0.2904;0.2904
;US-NH;2001;p0p90;48771.102;;0.6006;0.6006
;US-NH;2001;p0p99;62802.0;;0.85070002;0.85070002
;US-NH;2001;p99.5p100;1685303.6;;0.1153;0.1153
;US-NH;2000;p0p100;152856.3;47805052477.0;1.0;1.0
;US-NH;2000;p99p100;1731364.8;;0.2146;0.2146
;US-NH;2000;p99.9p100;8971505.0;;0.1112;0.1112
;US-NH;2000;p99.99p100;43140968.0;;0.0535;0.0535
;US-NH;2000;p90p100;375358.41;;0.46520001;0.46520001
;US-NH;2000;p90p95;170178.5;;0.1055;0.1055
;US-NH;2000;p95p99;293261.31;;0.1454;0.1454
;US-NH;2000;p99.5p99.9;1296541.5;;0.064300001;0.064300001
;US-NH;2000;p99.9p99.99;5165475.5;;0.057599999;0.057599999
;US-NH;2000;p99p99.5;634359.38;;0.039299998;0.039299998
;US-NH;2000;p95p100;580693.69;;0.35980001;0.35980001
;US-NH;2000;p0p90;47922.301;;0.5345;0.5345
;US-NH;2000;p0p99;64016.898;;0.78539997;0.78539997
;US-NH;2000;p99.5p100;2829023.5;;0.1753;0.1753
;US-NH;1999;p0p100;152807.2;43463762920.0;1.0;1.0
;US-NH;1999;p99p100;1393975.3;;0.1846;0.1846
;US-NH;1999;p99.9p100;6719629.0;;0.089000002;0.089000002
;US-NH;1999;p99.99p100;29559180.0;;0.039099999;0.039099999
;US-NH;1999;p90p100;330542.5;;0.4377;0.4377
;US-NH;1999;p90p95;163990.59;;0.1086;0.1086
;US-NH;1999;p95p99;272694.31;;0.1444;0.1444
;US-NH;1999;p99.5p99.9;1110005.3;;0.058800001;0.058800001
;US-NH;1999;p99.9p99.99;4179894.8;;0.049800001;0.049800001
;US-NH;1999;p99p99.5;556159.19;;0.036800001;0.036800001
;US-NH;1999;p95p100;496990.59;;0.32910001;0.32910001
;US-NH;1999;p0p90;47191.602;;0.56239998;0.56239998
;US-NH;1999;p0p99;62200.602;;0.8154;0.8154
;US-NH;1999;p99.5p100;2231793.8;;0.1478;0.1478
;US-NH;1998;p0p100;146423.2;40213828690.0;1.0;1.0
;US-NH;1998;p99p100;1223114.8;;0.1761;0.1761
;US-NH;1998;p99.9p100;5951029.0;;0.085699998;0.085699998
;US-NH;1998;p99.99p100;27098682.0;;0.039000001;0.039000001
;US-NH;1998;p90p100;298291.91;;0.4296;0.4296
;US-NH;1998;p90p95;154407.41;;0.1112;0.1112
;US-NH;1998;p95p99;246684.5;;0.14210001;0.14210001
;US-NH;1998;p99.5p99.9;967931.19;;0.055799998;0.055799998
;US-NH;1998;p99.9p99.99;3586969.3;;0.046500001;0.046500001
;US-NH;1998;p99p99.5;482355.0;;0.034699999;0.034699999
;US-NH;1998;p95p100;442021.81;;0.31830001;0.31830001
;US-NH;1998;p0p90;44030.0;;0.57069999;0.57069999
;US-NH;1998;p0p99;57783.102;;0.82389998;0.82389998
;US-NH;1998;p99.5p100;1963907.9;;0.14139999;0.14139999
;US-NH;1997;p0p100;138197.7;36512046133.0;1.0;1.0
;US-NH;1997;p99p100;1127695.1;;0.1769;0.1769
;US-NH;1997;p99.9p100;5458169.0;;0.085600004;0.085600004
;US-NH;1997;p99.99p100;25030856.0;;0.039299998;0.039299998
;US-NH;1997;p90p100;277999.5;;0.43610001;0.43610001
;US-NH;1997;p90p95;145433.0;;0.1141;0.1141
;US-NH;1997;p95p99;231265.41;;0.1451;0.1451
;US-NH;1997;p99.5p99.9;893759.19;;0.0561;0.0561
;US-NH;1997;p99.9p99.99;3271914.3;;0.0462;0.0462
;US-NH;1997;p99p99.5;449966.0;;0.035300002;0.035300002
;US-NH;1997;p95p100;410530.5;;0.322;0.322
;US-NH;1997;p0p90;39943.0;;0.56400001;0.56400001
;US-NH;1997;p0p99;52996.602;;0.82309997;0.82309997
;US-NH;1997;p99.5p100;1805663.8;;0.1416;0.1416
;US-NH;1996;p0p100;135367.3;33644270619.0;1.0;1.0
;US-NH;1996;p99p100;921729.31;;0.1541;0.1541
;US-NH;1996;p99.9p100;4007198.3;;0.067000002;0.067000002
;US-NH;1996;p99.99p100;16959650.0;;0.0283;0.0283
;US-NH;1996;p90p100;247041.41;;0.4129;0.4129
;US-NH;1996;p90p95;137944.7;;0.1153;0.1153
;US-NH;1996;p95p99;214661.5;;0.1435;0.1435
;US-NH;1996;p99.5p99.9;781718.69;;0.052299999;0.052299999
;US-NH;1996;p99.9p99.99;2568100.3;;0.038600001;0.038600001
;US-NH;1996;p99p99.5;416740.5;;0.0348;0.0348
;US-NH;1996;p95p100;356087.69;;0.2976;0.2976
;US-NH;1996;p0p90;39025.898;;0.58710003;0.58710003
;US-NH;1996;p0p99;51118.699;;0.8459;0.8459
;US-NH;1996;p99.5p100;1426738.8;;0.1192;0.1192
;US-NH;1995;p0p100;136233.7;31595884951.0;1.0;1.0
;US-NH;1995;p99p100;786065.13;;0.1376;0.1376
;US-NH;1995;p99.9p100;3183872.0;;0.0557;0.0557
;US-NH;1995;p99.99p100;12563408.0;;0.022;0.022
;US-NH;1995;p90p100;226159.0;;0.39590001;0.39590001
;US-NH;1995;p90p95;132661.3;;0.1161;0.1161
;US-NH;1995;p95p99;203020.59;;0.14219999;0.14219999
;US-NH;1995;p99.5p99.9;693814.69;;0.048599999;0.048599999
;US-NH;1995;p99.9p99.99;2141727.8;;0.0337;0.0337
;US-NH;1995;p99p99.5;380167.09;;0.033300001;0.033300001
;US-NH;1995;p95p100;319618.5;;0.27970001;0.27970001
;US-NH;1995;p0p90;38346.699;;0.60409999;0.60409999
;US-NH;1995;p0p99;49762.898;;0.8624;0.8624
;US-NH;1995;p99.5p100;1191942.0;;0.1043;0.1043
;US-NH;1994;p0p100;137695.3;30059321187.0;1.0;1.0
;US-NH;1994;p99p100;702326.13;;0.1276;0.1276
;US-NH;1994;p99.9p100;2802248.0;;0.050900001;0.050900001
;US-NH;1994;p99.99p100;11223123.0;;0.020400001;0.020400001
;US-NH;1994;p90p100;209958.91;;0.38139999;0.38139999
;US-NH;1994;p90p95;127299.7;;0.1156;0.1156
;US-NH;1994;p95p99;190166.7;;0.1382;0.1382
;US-NH;1994;p99.5p99.9;621820.19;;0.045200001;0.045200001
;US-NH;1994;p99.9p99.99;1866273.9;;0.0305;0.0305
;US-NH;1994;p99p99.5;346625.91;;0.031500001;0.031500001
;US-NH;1994;p95p100;292587.81;;0.26570001;0.26570001
;US-NH;1994;p0p90;37846.0;;0.61870003;0.61870003
;US-NH;1994;p0p99;48517.301;;0.87239999;0.87239999
;US-NH;1994;p99.5p100;1058010.3;;0.096100003;0.096100003
;US-NH;1993;p0p100;140785.3;29077970727.0;1.0;1.0
;US-NH;1993;p99p100;724244.13;;0.13420001;0.13420001
;US-NH;1993;p99.9p100;3087601.0;;0.0572;0.0572
;US-NH;1993;p99.99p100;13227480.0;;0.024499999;0.024499999
;US-NH;1993;p90p100;209556.0;;0.3883;0.3883
;US-NH;1993;p90p95;125422.6;;0.1162;0.1162
;US-NH;1993;p95p99;186018.5;;0.13789999;0.13789999
;US-NH;1993;p99.5p99.9;624155.5;;0.046300001;0.046300001
;US-NH;1993;p99.9p99.99;1965601.8;;0.0328;0.0328
;US-NH;1993;p99p99.5;333280.31;;0.0309;0.0309
;US-NH;1993;p95p100;293662.91;;0.2721;0.2721
;US-NH;1993;p0p90;36662.102;;0.61150002;0.61150002
;US-NH;1993;p0p99;47192.102;;0.86580002;0.86580002
;US-NH;1993;p99.5p100;1115564.8;;0.1034;0.1034
;US-NH;1992;p0p100;147903.59;28975614609.0;1.0;1.0
;US-NH;1992;p99p100;736000.38;;0.1363;0.1363
;US-NH;1992;p99.9p100;3254972.3;;0.0603;0.0603
;US-NH;1992;p99.99p100;14298787.0;;0.0265;0.0265
;US-NH;1992;p90p100;210715.2;;0.39030001;0.39030001
;US-NH;1992;p90p95;127968.1;;0.1185;0.1185
;US-NH;1992;p95p99;182898.41;;0.1355;0.1355
;US-NH;1992;p99.5p99.9;623050.69;;0.0462;0.0462
;US-NH;1992;p99.9p99.99;2029137.1;;0.033799998;0.033799998
;US-NH;1992;p99p99.5;323545.69;;0.029999999;0.029999999
;US-NH;1992;p95p100;293520.0;;0.27180001;0.27180001
;US-NH;1992;p0p90;36564.199;;0.60949999;0.60949999
;US-NH;1992;p0p99;47099.102;;0.86369997;0.86369997
;US-NH;1992;p99.5p100;1148620.9;;0.1064;0.1064
;US-NH;1991;p0p100;154733.91;28708452231.0;1.0;1.0
;US-NH;1991;p99p100;648274.31;;0.1207;0.1207
;US-NH;1991;p99.9p100;2663853.5;;0.049600001;0.049600001
;US-NH;1991;p99.99p100;10906103.0;;0.020300001;0.020300001
;US-NH;1991;p90p100;199558.3;;0.37149999;0.37149999
;US-NH;1991;p90p95;125086.9;;0.1164;0.1164
;US-NH;1991;p95p99;180628.91;;0.1345;0.1345
;US-NH;1991;p99.5p99.9;571353.38;;0.0425;0.0425
;US-NH;1991;p99.9p99.99;1748605.3;;0.029300001;0.029300001
;US-NH;1991;p99p99.5;307093.91;;0.0286;0.0286
;US-NH;1991;p95p100;274150.81;;0.2552;0.2552
;US-NH;1991;p0p90;37508.801;;0.62840003;0.62840003
;US-NH;1991;p0p99;47717.102;;0.8793;0.8793
;US-NH;1991;p99.5p100;989437.81;;0.092100002;0.092100002
;US-NH;1990;p0p100;172169.3;29953410226.0;1.0;1.0
;US-NH;1990;p99p100;699168.31;;0.12549999;0.12549999
;US-NH;1990;p99.9p100;2981986.8;;0.0535;0.0535
;US-NH;1990;p99.99p100;12535978.0;;0.022500001;0.022500001
;US-NH;1990;p90p100;204180.09;;0.36649999;0.36649999
;US-NH;1990;p90p95;122728.4;;0.1102;0.1102
;US-NH;1990;p95p99;182238.3;;0.13079999;0.13079999
;US-NH;1990;p99.5p99.9;608996.5;;0.043699998;0.043699998
;US-NH;1990;p99.9p99.99;1919184.1;;0.030999999;0.030999999
;US-NH;1990;p99p99.5;314931.81;;0.0283;0.0283
;US-NH;1990;p95p100;285639.09;;0.25639999;0.25639999
;US-NH;1990;p0p90;39213.102;;0.63349998;0.63349998
;US-NH;1990;p0p99;49209.602;;0.87449998;0.87449998
;US-NH;1990;p99.5p100;1083564.3;;0.0973;0.0973
;US-NH;1989;p0p100;200197.91;31551616378.0;1.0;1.0
;US-NH;1989;p99p100;734059.69;;0.1249;0.1249
;US-NH;1989;p99.9p100;2839752.3;;0.048300002;0.048300002
;US-NH;1989;p99.99p100;10853559.0;;0.0185;0.0185
;US-NH;1989;p90p100;217441.59;;0.37;0.37
;US-NH;1989;p90p95;131078.8;;0.1115;0.1115
;US-NH;1989;p95p99;193541.41;;0.13169999;0.13169999
;US-NH;1989;p99.5p99.9;653088.5;;0.044399999;0.044399999
;US-NH;1989;p99.9p99.99;1918187.9;;0.0294;0.0294
;US-NH;1989;p99p99.5;361654.91;;0.0308;0.0308
;US-NH;1989;p95p100;303431.0;;0.2581;0.2581
;US-NH;1989;p0p90;41384.301;;0.63370001;0.63370001
;US-NH;1989;p0p99;51952.699;;0.87510002;0.87510002
;US-NH;1989;p99.5p100;1099986.9;;0.093599997;0.093599997
;US-NH;1988;p0p100;229518.91;31570529206.0;1.0;1.0
;US-NH;1988;p99p100;875035.88;;0.14129999;0.14129999
;US-NH;1988;p99.9p100;3707844.5;;0.059900001;0.059900001
;US-NH;1988;p99.99p100;15073853.0;;0.0243;0.0243
;US-NH;1988;p90p100;237640.59;;0.3838;0.3838
;US-NH;1988;p90p95;135982.59;;0.1098;0.1098
;US-NH;1988;p95p99;203489.5;;0.1314;0.1314
;US-NH;1988;p99.5p99.9;753765.13;;0.048700001;0.048700001
;US-NH;1988;p99.9p99.99;2422834.5;;0.0352;0.0352
;US-NH;1988;p99p99.5;393919.81;;0.031800002;0.031800002
;US-NH;1988;p95p100;339039.19;;0.27379999;0.27379999
;US-NH;1988;p0p90;42569.199;;0.61870003;0.61870003
;US-NH;1988;p0p99;53710.301;;0.85869998;0.85869998
;US-NH;1988;p99.5p100;1351487.5;;0.1091;0.1091
;US-NH;1987;p0p100;234103.5;29015401056.0;1.0;1.0
;US-NH;1987;p99p100;679858.19;;0.1157;0.1157
;US-NH;1987;p99.9p100;2557357.0;;0.043499999;0.043499999
;US-NH;1987;p99.99p100;9682442.0;;0.0165;0.0165
;US-NH;1987;p90p100;211214.41;;0.3594;0.3594
;US-NH;1987;p90p95;131675.0;;0.112;0.112
;US-NH;1987;p95p99;192598.59;;0.1311;0.1311
;US-NH;1987;p99.5p99.9;613887.13;;0.0418;0.0418
;US-NH;1987;p99.9p99.99;1754090.8;;0.026900001;0.026900001
;US-NH;1987;p99p99.5;351434.31;;0.029899999;0.029899999
;US-NH;1987;p95p100;290650.81;;0.2473;0.2473
;US-NH;1987;p0p90;41912.0;;0.6419;0.6419
;US-NH;1987;p0p99;52494.5;;0.88429999;0.88429999
;US-NH;1987;p99.5p100;1006046.5;;0.085600004;0.085600004
;US-NH;1986;p0p100;256598.0;28375268163.0;1.0;1.0
;US-NH;1986;p99p100;914219.88;;0.1517;0.1517
;US-NH;1986;p99.9p100;4238740.5;;0.070299998;0.070299998
;US-NH;1986;p99.99p100;19114994.0;;0.0317;0.0317
;US-NH;1986;p90p100;233962.0;;0.38820001;0.38820001
;US-NH;1986;p90p95;128564.4;;0.1067;0.1067
;US-NH;1986;p95p99;195512.7;;0.12980001;0.12980001
;US-NH;1986;p99.5p99.9;750705.13;;0.049800001;0.049800001
;US-NH;1986;p99.9p99.99;2583416.0;;0.038600001;0.038600001
;US-NH;1986;p99p99.5;379244.09;;0.031500001;0.031500001
;US-NH;1986;p95p100;339339.41;;0.28150001;0.28150001
;US-NH;1986;p0p90;40987.602;;0.61199999;0.61199999
;US-NH;1986;p0p99;51647.5;;0.84829998;0.84829998
;US-NH;1986;p99.5p100;1448840.9;;0.1202;0.1202
;US-NH;1985;p0p100;240720.8;24839324446.0;1.0;1.0
;US-NH;1985;p99p100;603720.63;;0.1107;0.1107
;US-NH;1985;p99.9p100;2433909.0;;0.044599999;0.044599999
;US-NH;1985;p99.99p100;9772652.0;;0.017899999;0.017899999
;US-NH;1985;p90p100;186750.3;;0.3423;0.3423
;US-NH;1985;p90p95;116964.1;;0.1072;0.1072
;US-NH;1985;p95p99;168410.2;;0.1235;0.1235
;US-NH;1985;p99.5p99.9;516203.81;;0.037900001;0.037900001
;US-NH;1985;p99.9p99.99;1585335.4;;0.0262;0.0262
;US-NH;1985;p99p99.5;297733.41;;0.0273;0.0273
;US-NH;1985;p95p100;256352.0;;0.235;0.235
;US-NH;1985;p0p90;40009.398;;0.66009998;0.66009998
;US-NH;1985;p0p99;49003.398;;0.88929999;0.88929999
;US-NH;1985;p99.5p100;906009.69;;0.082999997;0.082999997
;US-NH;1984;p0p100;245790.5;22949818246.0;1.0;1.0
;US-NH;1984;p99p100;543165.19;;0.1043;0.1043
;US-NH;1984;p99.9p100;2179394.3;;0.041900001;0.041900001
;US-NH;1984;p99.99p100;9057079.0;;0.0174;0.0174
;US-NH;1984;p90p100;172673.2;;0.3317;0.3317
;US-NH;1984;p90p95;110238.6;;0.1059;0.1059
;US-NH;1984;p95p99;157299.5;;0.1209;0.1209
;US-NH;1984;p99.5p99.9;462185.31;;0.035500001;0.035500001
;US-NH;1984;p99.9p99.99;1388809.8;;0.024;0.024
;US-NH;1984;p99p99.5;273492.81;;0.0263;0.0263
;US-NH;1984;p95p100;235065.3;;0.22570001;0.22570001
;US-NH;1984;p0p90;38763.898;;0.67009997;0.67009997
;US-NH;1984;p0p99;47102.602;;0.89569998;0.89569998
;US-NH;1984;p99.5p100;810274.81;;0.077799998;0.077799998
;US-NH;1983;p0p100;265728.69;21270197550.0;1.0;1.0
;US-NH;1983;p99p100;465847.09;;0.093500003;0.093500003
;US-NH;1983;p99.9p100;1733501.8;;0.0348;0.0348
;US-NH;1983;p99.99p100;6929456.5;;0.0139;0.0139
;US-NH;1983;p90p100;158738.0;;0.3186;0.3186
;US-NH;1983;p90p95;106091.9;;0.1065;0.1065
;US-NH;1983;p95p99;147596.2;;0.1185;0.1185
;US-NH;1983;p99.5p99.9;412303.19;;0.033100002;0.033100002
;US-NH;1983;p99.9p99.99;1144145.3;;0.0207;0.0207
;US-NH;1983;p99p99.5;250922.2;;0.0252;0.0252
;US-NH;1983;p95p100;211537.8;;0.2123;0.2123
;US-NH;1983;p0p90;37761.301;;0.68220001;0.68220001
;US-NH;1983;p0p99;45617.801;;0.90649998;0.90649998
;US-NH;1983;p99.5p100;679268.19;;0.0682;0.0682
;US-NH;1982;p0p100;262394.69;20143538797.0;1.0;1.0
;US-NH;1982;p99p100;445420.5;;0.094400004;0.094400004
;US-NH;1982;p99.9p100;1722867.9;;0.036499999;0.036499999
;US-NH;1982;p99.99p100;7153402.5;;0.0152;0.0152
;US-NH;1982;p90p100;150637.2;;0.3193;0.3193
;US-NH;1982;p90p95;99408.102;;0.1053;0.1053
;US-NH;1982;p95p99;140652.3;;0.1192;0.1192
;US-NH;1982;p99.5p99.9;390850.59;;0.033100002;0.033100002
;US-NH;1982;p99.9p99.99;1119475.1;;0.021400001;0.021400001
;US-NH;1982;p99p99.5;233586.91;;0.024800001;0.024800001
;US-NH;1982;p95p100;202065.09;;0.2141;0.2141
;US-NH;1982;p0p90;35700.5;;0.68099999;0.68099999
;US-NH;1982;p0p99;43158.5;;0.90560001;0.90560001
;US-NH;1982;p99.5p100;657254.0;;0.069700003;0.069700003
;US-NH;1981;p0p100;290648.0;19485616336.0;1.0;1.0
;US-NH;1981;p99p100;374516.59;;0.080600001;0.080600001
;US-NH;1981;p99.9p100;1168072.6;;0.0251;0.0251
;US-NH;1981;p99.99p100;3632029.0;;0.0077999998;0.0077999998
;US-NH;1981;p90p100;148706.8;;0.31990001;0.31990001
;US-NH;1981;p90p95;107506.7;;0.1156;0.1156
;US-NH;1981;p95p99;144006.41;;0.1239;0.1239
;US-NH;1981;p99.5p99.9;353108.91;;0.030400001;0.030400001
;US-NH;1981;p99.9p99.99;892969.81;;0.0173;0.0173
;US-NH;1981;p99p99.5;231772.7;;0.024900001;0.024900001
;US-NH;1981;p95p100;190299.3;;0.20469999;0.20469999
;US-NH;1981;p0p90;35120.5;;0.68000001;0.68000001
;US-NH;1981;p0p99;43168.699;;0.91939998;0.91939998
;US-NH;1981;p99.5p100;516928.09;;0.055599999;0.055599999
;US-NH;1980;p0p100;354595.91;19145383863.0;1.0;1.0
;US-NH;1980;p99p100;394952.0;;0.083499998;0.083499998
;US-NH;1980;p99.9p100;1318990.8;;0.027899999;0.027899999
;US-NH;1980;p99.99p100;4693282.0;;0.0098999999;0.0098999999
;US-NH;1980;p90p100;149347.2;;0.3159;0.3159
;US-NH;1980;p90p95;105371.4;;0.1114;0.1114
;US-NH;1980;p95p99;142760.0;;0.1208;0.1208
;US-NH;1980;p99.5p99.9;365112.59;;0.0309;0.0309
;US-NH;1980;p99.9p99.99;943815.5;;0.017999999;0.017999999
;US-NH;1980;p99p99.5;233977.91;;0.024700001;0.024700001
;US-NH;1980;p95p100;193240.0;;0.2044;0.2044
;US-NH;1980;p0p90;35945.199;;0.68430001;0.68430001
;US-NH;1980;p0p99;43766.898;;0.91649997;0.91649997
;US-NH;1980;p99.5p100;555907.38;;0.058800001;0.058800001
;US-NH;1979;p0p100;436554.0;18349441302.0;1.0;1.0
;US-NH;1979;p99p100;407772.41;;0.086499996;0.086499996
;US-NH;1979;p99.9p100;1463877.0;;0.030999999;0.030999999
;US-NH;1979;p99.99p100;5926874.0;;0.0126;0.0126
;US-NH;1979;p90p100;148974.3;;0.3159;0.3159
;US-NH;1979;p90p95;101803.8;;0.1079;0.1079
;US-NH;1979;p95p99;143105.41;;0.1214;0.1214
;US-NH;1979;p99.5p99.9;373317.31;;0.0317;0.0317
;US-NH;1979;p99.9p99.99;968048.38;;0.0185;0.0185
;US-NH;1979;p99p99.5;224025.91;;0.023800001;0.023800001
;US-NH;1979;p95p100;196025.59;;0.2079;0.2079
;US-NH;1979;p0p90;35848.5;;0.68419999;0.68419999
;US-NH;1979;p0p99;43512.801;;0.91350001;0.91350001
;US-NH;1979;p99.5p100;591365.81;;0.062700003;0.062700003
;US-NH;1978;p0p100;504405.31;17102266078.0;1.0;1.0
;US-NH;1978;p99p100;356887.81;;0.078699999;0.078699999
;US-NH;1978;p99.9p100;1000833.9;;0.0221;0.0221
;US-NH;1978;p99.99p100;2944567.0;;0.0065000001;0.0065000001
;US-NH;1978;p90p100;143830.8;;0.317;0.317
;US-NH;1978;p90p95;98672.0;;0.1087;0.1087
;US-NH;1978;p95p99;147171.2;;0.12970001;0.12970001
;US-NH;1978;p99.5p99.9;348689.69;;0.0307;0.0307
;US-NH;1978;p99.9p99.99;784563.88;;0.0156;0.0156
;US-NH;1978;p99p99.5;234674.0;;0.025900001;0.025900001
;US-NH;1978;p95p100;188976.7;;0.20819999;0.20819999
;US-NH;1978;p0p90;34429.301;;0.68290001;0.68290001
;US-NH;1978;p0p99;42228.898;;0.92129999;0.92129999
;US-NH;1978;p99.5p100;479205.09;;0.0528;0.0528
;US-NH;1977;p0p100;562289.19;15886831702.0;1.0;1.0
;US-NH;1977;p99p100;340861.69;;0.078000002;0.078000002
;US-NH;1977;p99.9p100;918932.63;;0.021;0.021
;US-NH;1977;p99.99p100;2748271.0;;0.0063;0.0063
;US-NH;1977;p90p100;137724.91;;0.3152;0.3152
;US-NH;1977;p90p95;97223.0;;0.1112;0.1112
;US-NH;1977;p95p99;137554.8;;0.1259;0.1259
;US-NH;1977;p99.5p99.9;339172.41;;0.030999999;0.030999999
;US-NH;1977;p99.9p99.99;715136.5;;0.0147;0.0147
;US-NH;1977;p99p99.5;226508.7;;0.025900001;0.025900001
;US-NH;1977;p95p100;178237.2;;0.20389999;0.20389999
;US-NH;1977;p0p90;33251.102;;0.68489999;0.68489999
;US-NH;1977;p0p99;40695.398;;0.92199999;0.92199999
;US-NH;1977;p99.5p100;455301.69;;0.052099999;0.052099999
;US-NH;1976;p0p100;620489.31;14918038208.0;1.0;1.0
;US-NH;1976;p99p100;323506.69;;0.076099999;0.076099999
;US-NH;1976;p99.9p100;875826.5;;0.0206;0.0206
;US-NH;1976;p99.99p100;2481623.8;;0.0057999999;0.0057999999
;US-NH;1976;p90p100;129936.0;;0.30559999;0.30559999
;US-NH;1976;p90p95;93385.0;;0.1098;0.1098
;US-NH;1976;p95p99;127265.3;;0.1197;0.1197
;US-NH;1976;p99.5p99.9;319497.69;;0.030099999;0.030099999
;US-NH;1976;p99.9p99.99;697564.69;;0.0148;0.0148
;US-NH;1976;p99p99.5;216070.41;;0.0254;0.0254
;US-NH;1976;p95p100;166512.5;;0.19580001;0.19580001
;US-NH;1976;p0p90;32796.898;;0.6943;0.6943
;US-NH;1976;p0p99;39673.102;;0.92390001;0.92390001
;US-NH;1976;p99.5p100;430905.59;;0.050700001;0.050700001
;US-NH;1975;p0p100;656899.63;13636824790.0;1.0;1.0
;US-NH;1975;p99p100;315178.09;;0.078299999;0.078299999
;US-NH;1975;p99.9p100;801009.31;;0.0199;0.0199
;US-NH;1975;p99.99p100;2432505.5;;0.0060000001;0.0060000001
;US-NH;1975;p90p100;127222.2;;0.31619999;0.31619999
;US-NH;1975;p90p95;89431.602;;0.1111;0.1111
;US-NH;1975;p95p99;127503.3;;0.1268;0.1268
;US-NH;1975;p99.5p99.9;318389.0;;0.0317;0.0317
;US-NH;1975;p99.9p99.99;619978.38;;0.0139;0.0139
;US-NH;1975;p99p99.5;214949.91;;0.026699999;0.026699999
;US-NH;1975;p95p100;165033.7;;0.2051;0.2051
;US-NH;1975;p0p90;30571.5;;0.68379998;0.68379998
;US-NH;1975;p0p99;37458.398;;0.9217;0.9217
;US-NH;1975;p99.5p100;415223.91;;0.051600002;0.051600002
;US-NH;1974;p0p100;841391.13;14161704293.0;1.0;1.0
;US-NH;1974;p99p100;332096.0;;0.076700002;0.076700002
;US-NH;1974;p99.9p100;904691.69;;0.0209;0.0209
;US-NH;1974;p99.99p100;2664428.5;;0.0062000002;0.0062000002
;US-NH;1974;p90p100;133214.91;;0.30779999;0.30779999
;US-NH;1974;p90p95;94471.203;;0.1092;0.1092
;US-NH;1974;p95p99;131456.8;;0.1215;0.1215
;US-NH;1974;p99.5p99.9;329772.5;;0.0305;0.0305
;US-NH;1974;p99.9p99.99;703624.31;;0.0146;0.0146
;US-NH;1974;p99p99.5;216517.41;;0.025;0.025
;US-NH;1974;p95p100;171989.59;;0.1987;0.1987
;US-NH;1974;p0p90;33324.398;;0.69309998;0.69309998
;US-NH;1974;p0p99;40357.801;;0.92330003;0.92330003
;US-NH;1974;p99.5p100;446478.69;;0.051600002;0.051600002
;US-NH;1973;p0p100;1069299.1;14106174239.0;1.0;1.0
;US-NH;1973;p99p100;363776.31;;0.081500001;0.081500001
;US-NH;1973;p99.9p100;1041425.6;;0.0233;0.0233
;US-NH;1973;p99.99p100;3851998.8;;0.0086000003;0.0086000003
;US-NH;1973;p90p100;140038.59;;0.31389999;0.31389999
;US-NH;1973;p90p95;98133.5;;0.11;0.11
;US-NH;1973;p95p99;136503.3;;0.1224;0.1224
;US-NH;1973;p99.5p99.9;363917.19;;0.032600001;0.032600001
;US-NH;1973;p99.9p99.99;729380.88;;0.0147;0.0147
;US-NH;1973;p99p99.5;228112.59;;0.025599999;0.025599999
;US-NH;1973;p95p100;181960.0;;0.204;0.204
;US-NH;1973;p0p90;34003.602;;0.68599999;0.68599999
;US-NH;1973;p0p99;41384.0;;0.91850001;0.91850001
;US-NH;1973;p99.5p100;499413.09;;0.056000002;0.056000002
;US-NH;1972;p0p100;1185246.8;13386902503.0;1.0;1.0
;US-NH;1972;p99p100;373522.41;;0.085199997;0.085199997
;US-NH;1972;p99.9p100;1118686.9;;0.0255;0.0255
;US-NH;1972;p99.99p100;3691759.3;;0.0083999997;0.0083999997
;US-NH;1972;p90p100;139301.91;;0.3179;0.3179
;US-NH;1972;p90p95;93335.703;;0.1065;0.1065
;US-NH;1972;p95p99;138208.59;;0.1261;0.1261
;US-NH;1972;p99.5p99.9;361929.0;;0.033;0.033
;US-NH;1972;p99.9p99.99;832656.88;;0.017100001;0.017100001
;US-NH;1972;p99p99.5;233585.3;;0.026699999;0.026699999
;US-NH;1972;p95p100;185273.7;;0.2114;0.2114
;US-NH;1972;p0p90;33215.898;;0.6821;0.6821
;US-NH;1972;p0p99;40493.301;;0.91479999;0.91479999
;US-NH;1972;p99.5p100;513459.59;;0.058600001;0.058600001
;US-NH;1971;p0p100;1224941.1;12532655285.0;1.0;1.0
;US-NH;1971;p99p100;367167.0;;0.086400002;0.086400002
;US-NH;1971;p99.9p100;1002540.3;;0.023600001;0.023600001
;US-NH;1971;p99.99p100;3640542.0;;0.0086000003;0.0086000003
;US-NH;1971;p90p100;131675.3;;0.30970001;0.30970001
;US-NH;1971;p90p95;89657.898;;0.1054;0.1054
;US-NH;1971;p95p99;125342.9;;0.1179;0.1179
;US-NH;1971;p99.5p99.9;334061.19;;0.031399999;0.031399999
;US-NH;1971;p99.9p99.99;709467.31;;0.015;0.015
;US-NH;1971;p99p99.5;266155.5;;0.031300001;0.031300001
;US-NH;1971;p95p100;173707.8;;0.2043;0.2043
;US-NH;1971;p0p90;32613.0;;0.69029999;0.69029999
;US-NH;1971;p0p99;39238.602;;0.91360003;0.91360003
;US-NH;1971;p99.5p100;467912.5;;0.055;0.055
;US-NH;1970;p0p100;1348438.6;12195517857.0;1.0;1.0
;US-NH;1970;p99p100;346332.81;;0.080600001;0.080600001
;US-NH;1970;p99.9p100;842326.63;;0.0196;0.0196
;US-NH;1970;p99.99p100;2455418.8;;0.0057000001;0.0057000001
;US-NH;1970;p90p100;131992.91;;0.3073;0.3073
;US-NH;1970;p90p95;90603.703;;0.1055;0.1055
;US-NH;1970;p95p99;130184.8;;0.1212;0.1212
;US-NH;1970;p99.5p99.9;360737.5;;0.033599999;0.033599999
;US-NH;1970;p99.9p99.99;662573.81;;0.0139;0.0139
;US-NH;1970;p99p99.5;234996.5;;0.0274;0.0274
;US-NH;1970;p95p100;173400.41;;0.2018;0.2018
;US-NH;1970;p0p90;33067.102;;0.69279999;0.69279999
;US-NH;1970;p0p99;39893.301;;0.91939998;0.91939998
;US-NH;1970;p99.5p100;457488.59;;0.053199999;0.053199999
;US-NH;1969;p0p100;1549990.9;12312115909.0;1.0;1.0
;US-NH;1969;p99p100;344055.5;;0.0779;0.0779
;US-NH;1969;p99.9p100;1015301.7;;0.023;0.023
;US-NH;1969;p99.99p100;3421573.5;;0.0077;0.0077
;US-NH;1969;p90p100;127608.9;;0.28889999;0.28889999
;US-NH;1969;p90p95;87144.703;;0.0986;0.0986
;US-NH;1969;p95p99;124153.2;;0.1124;0.1124
;US-NH;1969;p99.5p99.9;340716.91;;0.0308;0.0308
;US-NH;1969;p99.9p99.99;749904.31;;0.0153;0.0153
;US-NH;1969;p99p99.5;212346.59;;0.024;0.024
;US-NH;1969;p95p100;168098.59;;0.1903;0.1903
;US-NH;1969;p0p90;34903.5;;0.71109998;0.71109998
;US-NH;1969;p0p99;41149.102;;0.92210001;0.92210001
;US-NH;1969;p99.5p100;475875.0;;0.0539;0.0539
;US-NH;1968;p0p100;1692843.3;11890814906.0;1.0;1.0
;US-NH;1968;p99p100;405167.0;;0.093400002;0.093400002
;US-NH;1968;p99.9p100;1311967.3;;0.030200001;0.030200001
;US-NH;1968;p99.99p100;5181970.5;;0.0119;0.0119
;US-NH;1968;p90p100;132824.09;;0.3062;0.3062
;US-NH;1968;p90p95;84615.898;;0.097499996;0.097499996
;US-NH;1968;p95p99;124966.4;;0.1152;0.1152
;US-NH;1968;p99.5p99.9;371582.41;;0.034299999;0.034299999
;US-NH;1968;p99.9p99.99;882261.31;;0.018300001;0.018300001
;US-NH;1968;p99p99.5;250611.5;;0.028899999;0.028899999
;US-NH;1968;p95p100;181012.91;;0.2086;0.2086
;US-NH;1968;p0p90;33446.898;;0.69389999;0.69389999
;US-NH;1968;p0p99;39728.898;;0.9066;0.9066
;US-NH;1968;p99.5p100;559586.19;;0.064499997;0.064499997
;US-NH;1967;p0p100;1754036.9;11158959772.0;1.0;1.0
;US-NH;1967;p99p100;368628.69;;0.089000002;0.089000002
;US-NH;1967;p99.9p100;1038786.4;;0.0251;0.0251
;US-NH;1967;p99.99p100;3040468.5;;0.0073000002;0.0073000002
;US-NH;1967;p90p100;126956.5;;0.3066;0.3066
;US-NH;1967;p90p95;83277.203;;0.1006;0.1006
;US-NH;1967;p95p99;121227.6;;0.1171;0.1171
;US-NH;1967;p99.5p99.9;358581.91;;0.034600001;0.034600001
;US-NH;1967;p99.9p99.99;817122.19;;0.0178;0.0178
;US-NH;1967;p99p99.5;242694.2;;0.029300001;0.029300001
;US-NH;1967;p95p100;170683.41;;0.2061;0.2061
;US-NH;1967;p0p90;31896.9;;0.69330001;0.69330001
;US-NH;1967;p0p99;38102.199;;0.91100001;0.91100001
;US-NH;1967;p99.5p100;494657.81;;0.059700001;0.059700001
;US-NH;1966;p0p100;1763051.3;10367970691.0;1.0;1.0
;US-NH;1966;p99p100;329779.91;;0.084200002;0.084200002
;US-NH;1966;p99.9p100;981080.5;;0.025;0.025
;US-NH;1966;p99.99p100;3043085.8;;0.0077999998;0.0077999998
;US-NH;1966;p90p100;123313.8;;0.31490001;0.31490001
;US-NH;1966;p90p95;81037.797;;0.1035;0.1035
;US-NH;1966;p95p99;124702.6;;0.1274;0.1274
;US-NH;1966;p99.5p99.9;323603.0;;0.033;0.033
;US-NH;1966;p99.9p99.99;752330.38;;0.0173;0.0173
;US-NH;1966;p99p99.5;203875.7;;0.026000001;0.026000001
;US-NH;1966;p95p100;165680.7;;0.2115;0.2115
;US-NH;1966;p0p90;29811.301;;0.685;0.685
;US-NH;1966;p0p99;36229.801;;0.91579998;0.91579998
;US-NH;1966;p99.5p100;455535.41;;0.058200002;0.058200002
;US-NH;1965;p0p100;1781352.0;9719670544.0;1.0;1.0
;US-NH;1965;p99p100;341914.31;;0.091399997;0.091399997
;US-NH;1965;p99.9p100;934936.81;;0.025;0.025
;US-NH;1965;p99.99p100;2675562.0;;0.0071999999;0.0071999999
;US-NH;1965;p90p100;117221.5;;0.3134;0.3134
;US-NH;1965;p90p95;77308.797;;0.1033;0.1033
;US-NH;1965;p95p99;110924.0;;0.1186;0.1186
;US-NH;1965;p99.5p99.9;308798.91;;0.033;0.033
;US-NH;1965;p99.9p99.99;740103.31;;0.0178;0.0178
;US-NH;1965;p99p99.5;249424.41;;0.033300001;0.033300001
;US-NH;1965;p95p100;157128.0;;0.20999999;0.20999999
;US-NH;1965;p0p90;28539.6;;0.68669999;0.68669999
;US-NH;1965;p0p99;34328.102;;0.90859997;0.90859997
;US-NH;1965;p99.5p100;434165.5;;0.057999998;0.057999998
;US-NH;1964;p0p100;1767285.1;9158461114.0;1.0;1.0
;US-NH;1964;p99p100;302386.59;;0.084100001;0.084100001
;US-NH;1964;p99.9p100;829665.81;;0.0231;0.0231
;US-NH;1964;p99.99p100;2669074.5;;0.0074;0.0074
;US-NH;1964;p90p100;108285.2;;0.30129999;0.30129999
;US-NH;1964;p90p95;74204.203;;0.1032;0.1032
;US-NH;1964;p95p99;102349.2;;0.1139;0.1139
;US-NH;1964;p99.5p99.9;326322.5;;0.0363;0.0363
;US-NH;1964;p99.9p99.99;625017.63;;0.015699999;0.015699999
;US-NH;1964;p99p99.5;177664.09;;0.024700001;0.024700001
;US-NH;1964;p95p100;142329.8;;0.198;0.198
;US-NH;1964;p0p90;27903.0;;0.69870001;0.69870001
;US-NH;1964;p0p99;33248.5;;0.91589999;0.91589999
;US-NH;1964;p99.5p100;427123.5;;0.0594;0.0594
;US-NH;1963;p0p100;1727132.3;8539912848.0;1.0;1.0
;US-NH;1963;p99p100;281279.09;;0.082199998;0.082199998
;US-NH;1963;p99.9p100;763968.69;;0.022299999;0.022299999
;US-NH;1963;p99.99p100;2049488.3;;0.0060000001;0.0060000001
;US-NH;1963;p90p100;105734.1;;0.30899999;0.30899999
;US-NH;1963;p90p95;70116.797;;0.1024;0.1024
;US-NH;1963;p95p99;106369.8;;0.1243;0.1243
;US-NH;1963;p99.5p99.9;280839.5;;0.0328;0.0328
;US-NH;1963;p99.9p99.99;622278.5;;0.0164;0.0164
;US-NH;1963;p99p99.5;184830.2;;0.027000001;0.027000001
;US-NH;1963;p95p100;141351.59;;0.20649999;0.20649999
;US-NH;1963;p0p90;26277.4;;0.69099998;0.69099998
;US-NH;1963;p0p99;31727.301;;0.91780001;0.91780001
;US-NH;1963;p99.5p100;377719.91;;0.055199999;0.055199999
;US-NH;1962;p0p100;1748576.5;8242170563.0;1.0;1.0
;US-NH;1962;p99p100;254236.3;;0.075300001;0.075300001
;US-NH;1962;p99.9p100;678185.38;;0.020099999;0.020099999
;US-NH;1962;p99.99p100;1597834.9;;0.0046999999;0.0046999999
;US-NH;1962;p90p100;96988.898;;0.28740001;0.28740001
;US-NH;1962;p90p95;67466.297;;0.1;0.1
;US-NH;1962;p95p99;94580.797;;0.1121;0.1121
;US-NH;1962;p99.5p99.9;265547.59;;0.031500001;0.031500001
;US-NH;1962;p99.9p99.99;578206.38;;0.0154;0.0154
;US-NH;1962;p99p99.5;159877.41;;0.023700001;0.023700001
;US-NH;1962;p95p100;126512.0;;0.1874;0.1874
;US-NH;1962;p0p90;26721.699;;0.71259999;0.71259999
;US-NH;1962;p0p99;31520.6;;0.92470002;0.92470002
;US-NH;1962;p99.5p100;348589.69;;0.051600002;0.051600002
;US-NH;1961;p0p100;1745533.1;7885474117.0;1.0;1.0
;US-NH;1961;p99p100;277090.5;;0.083899997;0.083899997
;US-NH;1961;p99.9p100;771797.69;;0.023399999;0.023399999
;US-NH;1961;p99.99p100;2327113.5;;0.0070000002;0.0070000002
;US-NH;1961;p90p100;99096.203;;0.3001;0.3001
;US-NH;1961;p90p95;66816.703;;0.1012;0.1012
;US-NH;1961;p95p99;94951.797;;0.115;0.115
;US-NH;1961;p99.5p99.9;282571.91;;0.034200002;0.034200002
;US-NH;1961;p99.9p99.99;599414.5;;0.0163;0.0163
;US-NH;1961;p99p99.5;173639.59;;0.0263;0.0263
;US-NH;1961;p95p100;131377.3;;0.1989;0.1989
;US-NH;1961;p0p90;25681.6;;0.69989997;0.69989997
;US-NH;1961;p0p99;30557.699;;0.91610003;0.91610003
;US-NH;1961;p99.5p100;380546.59;;0.057599999;0.057599999
;US-NH;1960;p0p100;1732959.1;7492114606.0;1.0;1.0
;US-NH;1960;p99p100;243327.8;;0.0757;0.0757
;US-NH;1960;p99.9p100;659358.38;;0.020500001;0.020500001
;US-NH;1960;p99.99p100;1921021.0;;0.0060000001;0.0060000001
;US-NH;1960;p90p100;94580.898;;0.29440001;0.29440001
;US-NH;1960;p90p95;65763.203;;0.1023;0.1023
;US-NH;1960;p95p99;93418.203;;0.1163;0.1163
;US-NH;1960;p99.5p99.9;249307.7;;0.030999999;0.030999999
;US-NH;1960;p99.9p99.99;520346.91;;0.0146;0.0146
;US-NH;1960;p99p99.5;154889.8;;0.0241;0.0241
;US-NH;1960;p95p100;123398.1;;0.192;0.192
;US-NH;1960;p0p90;25192.9;;0.70569998;0.70569998
;US-NH;1960;p0p99;29997.301;;0.92430001;0.92430001
;US-NH;1960;p99.5p100;331760.19;;0.051600002;0.051600002
;US-NH;1959;p0p100;1746740.9;7290983404.0;1.0;1.0
;US-NH;1959;p99p100;257136.91;;0.082099997;0.082099997
;US-NH;1959;p99.9p100;722577.38;;0.0231;0.0231
;US-NH;1959;p99.99p100;2132577.3;;0.0068000001;0.0068000001
;US-NH;1959;p90p100;93557.203;;0.29890001;0.29890001
;US-NH;1959;p90p95;61584.5;;0.098399997;0.098399997
;US-NH;1959;p95p99;92633.203;;0.1184;0.1184
;US-NH;1959;p99.5p99.9;254506.09;;0.032499999;0.032499999
;US-NH;1959;p99.9p99.99;566331.5;;0.0163;0.0163
;US-NH;1959;p99p99.5;166051.7;;0.0265;0.0265
;US-NH;1959;p95p100;125530.9;;0.2005;0.2005
;US-NH;1959;p0p90;24383.801;;0.70109999;0.70109999
;US-NH;1959;p0p99;29020.0;;0.91790003;0.91790003
;US-NH;1959;p99.5p100;348232.41;;0.055599999;0.055599999
;US-NH;1958;p0p100;1612665.3;6624804977.0;1.0;1.0
;US-NH;1958;p99p100;231554.59;;0.081200004;0.081200004
;US-NH;1958;p99.9p100;679372.31;;0.023800001;0.023800001
;US-NH;1958;p99.99p100;1843280.8;;0.0065000001;0.0065000001
;US-NH;1958;p90p100;85740.297;;0.3008;0.3008
;US-NH;1958;p90p95;57191.301;;0.1003;0.1003
;US-NH;1958;p95p99;84975.0;;0.1193;0.1193
;US-NH;1958;p99.5p99.9;230266.0;;0.032299999;0.032299999
;US-NH;1958;p99.9p99.99;550882.31;;0.0174;0.0174
;US-NH;1958;p99p99.5;142912.09;;0.0251;0.0251
;US-NH;1958;p95p100;114290.3;;0.2005;0.2005
;US-NH;1958;p0p90;22142.699;;0.69919997;0.69919997
;US-NH;1958;p0p99;26451.699;;0.9188;0.9188
;US-NH;1958;p99.5p100;320196.0;;0.056200001;0.056200001
;US-NH;1957;p0p100;1741964.9;6764738156.0;1.0;1.0
;US-NH;1957;p99p100;243078.09;;0.083300002;0.083300002
;US-NH;1957;p99.9p100;621009.13;;0.021299999;0.021299999
;US-NH;1957;p99.99p100;1471257.5;;0.0049999999;0.0049999999
;US-NH;1957;p90p100;86807.898;;0.29750001;0.29750001
;US-NH;1957;p90p95;56319.301;;0.096500002;0.096500002
;US-NH;1957;p95p99;85852.898;;0.1177;0.1177
;US-NH;1957;p99.5p99.9;252677.5;;0.034600001;0.034600001
;US-NH;1957;p99.9p99.99;527345.88;;0.0163;0.0163
;US-NH;1957;p99p99.5;159553.2;;0.0273;0.0273
;US-NH;1957;p95p100;117296.8;;0.20100001;0.20100001
;US-NH;1957;p0p90;22771.199;;0.70249999;0.70249999
;US-NH;1957;p0p99;27013.699;;0.91670001;0.91670001
;US-NH;1957;p99.5p100;326599.59;;0.056000002;0.056000002
;US-NH;1956;p0p100;1835426.1;6619301124.0;1.0;1.0
;US-NH;1956;p99p100;231995.5;;0.080899999;0.080899999
;US-NH;1956;p99.9p100;731566.69;;0.0255;0.0255
;US-NH;1956;p99.99p100;1958762.8;;0.0068000001;0.0068000001
;US-NH;1956;p90p100;83857.797;;0.29260001;0.29260001
;US-NH;1956;p90p95;56411.699;;0.098399997;0.098399997
;US-NH;1956;p95p99;81436.5;;0.1137;0.1137
;US-NH;1956;p99.5p99.9;229044.0;;0.032000002;0.032000002
;US-NH;1956;p99.9p99.99;596494.31;;0.0187;0.0187
;US-NH;1956;p99p99.5;134377.3;;0.023399999;0.023399999
;US-NH;1956;p95p100;111548.9;;0.1946;0.1946
;US-NH;1956;p0p90;22513.6;;0.70700002;0.70700002
;US-NH;1956;p0p99;26607.199;;0.91909999;0.91909999
;US-NH;1956;p99.5p100;329612.59;;0.057500001;0.057500001
;US-NH;1955;p0p100;1846050.0;6437734872.0;1.0;1.0
;US-NH;1955;p99p100;256762.5;;0.091799997;0.091799997
;US-NH;1955;p99.9p100;844990.19;;0.030200001;0.030200001
;US-NH;1955;p99.99p100;2461101.0;;0.0088;0.0088
;US-NH;1955;p90p100;85020.5;;0.30379999;0.30379999
;US-NH;1955;p90p95;53806.602;;0.096100003;0.096100003
;US-NH;1955;p95p99;81318.297;;0.1162;0.1162
;US-NH;1955;p99.5p99.9;254016.7;;0.0363;0.0363
;US-NH;1955;p99.9p99.99;665496.13;;0.021400001;0.021400001
;US-NH;1955;p99p99.5;141314.41;;0.0252;0.0252
;US-NH;1955;p95p100;116396.1;;0.208;0.208
;US-NH;1955;p0p90;21636.199;;0.69590002;0.69590002
;US-NH;1955;p0p99;25672.4;;0.90820003;0.90820003
;US-NH;1955;p99.5p100;372210.59;;0.066500001;0.066500001
;US-NH;1954;p0p100;1713978.8;5997843610.0;1.0;1.0
;US-NH;1954;p99p100;240431.59;;0.091899998;0.091899998
;US-NH;1954;p99.9p100;641513.81;;0.024499999;0.024499999
;US-NH;1954;p99.99p100;1791647.4;;0.0068000001;0.0068000001
;US-NH;1954;p90p100;76087.297;;0.29069999;0.29069999
;US-NH;1954;p90p95;46100.199;;0.088100001;0.088100001
;US-NH;1954;p95p99;72405.102;;0.1106;0.1106
;US-NH;1954;p99.5p99.9;254057.0;;0.038800001;0.038800001
;US-NH;1954;p99.9p99.99;513737.5;;0.0177;0.0177
;US-NH;1954;p99p99.5;149317.09;;0.0285;0.0285
;US-NH;1954;p95p100;106001.8;;0.2025;0.2025
;US-NH;1954;p0p90;20633.9;;0.7094;0.7094
;US-NH;1954;p0p99;24011.801;;0.90810001;0.90810001
;US-NH;1954;p99.5p100;331546.69;;0.063299999;0.063299999
;US-NH;1953;p0p100;1676148.8;5783275887.0;1.0;1.0
;US-NH;1953;p99p100;220923.59;;0.087200001;0.087200001
;US-NH;1953;p99.9p100;600913.63;;0.023700001;0.023700001
;US-NH;1953;p99.99p100;1658950.3;;0.0065000001;0.0065000001
;US-NH;1953;p90p100;81207.797;;0.3204;0.3204
;US-NH;1953;p90p95;62568.102;;0.1234;0.1234
;US-NH;1953;p95p99;71147.898;;0.1123;0.1123
;US-NH;1953;p99.5p99.9;228197.59;;0.035999998;0.035999998
;US-NH;1953;p99.9p99.99;483992.5;;0.017200001;0.017200001
;US-NH;1953;p99p99.5;139228.09;;0.0275;0.0275
;US-NH;1953;p95p100;101085.3;;0.19939999;0.19939999
;US-NH;1953;p0p90;19066.4;;0.6771;0.6771
;US-NH;1953;p0p99;23369.0;;0.91280001;0.91280001
;US-NH;1953;p99.5p100;302656.0;;0.059700001;0.059700001
;US-NH;1952;p0p100;1618345.0;5482157151.0;1.0;1.0
;US-NH;1952;p99p100;211716.3;;0.087800004;0.087800004
;US-NH;1952;p99.9p100;625454.63;;0.025900001;0.025900001
;US-NH;1952;p99.99p100;1746985.6;;0.0071999999;0.0071999999
;US-NH;1952;p90p100;74970.703;;0.31099999;0.31099999
;US-NH;1952;p90p95;57340.602;;0.1189;0.1189
;US-NH;1952;p95p99;64632.801;;0.1073;0.1073
;US-NH;1952;p99.5p99.9;215144.7;;0.035700001;0.035700001
;US-NH;1952;p99.9p99.99;501538.09;;0.0187;0.0187
;US-NH;1952;p99p99.5;126304.9;;0.0262;0.0262
;US-NH;1952;p95p100;94019.102;;0.19499999;0.19499999
;US-NH;1952;p0p90;18371.9;;0.68589997;0.68589997
;US-NH;1952;p0p99;22210.199;;0.91219997;0.91219997
;US-NH;1952;p99.5p100;297152.09;;0.0616;0.0616
;US-NH;1951;p0p100;1667609.8;5387864785.0;1.0;1.0
;US-NH;1951;p99p100;256012.09;;0.1076;0.1076
;US-NH;1951;p99.9p100;782428.0;;0.032900002;0.032900002
;US-NH;1951;p99.99p100;1840596.9;;0.0077;0.0077
;US-NH;1951;p90p100;78829.602;;0.33140001;0.33140001
;US-NH;1951;p90p95;46473.898;;0.0977;0.0977
;US-NH;1951;p95p99;74134.297;;0.1247;0.1247
;US-NH;1951;p99.5p99.9;259903.7;;0.043699998;0.043699998
;US-NH;1951;p99.9p99.99;668780.63;;0.0253;0.0253
;US-NH;1951;p99p99.5;145034.3;;0.0305;0.0305
;US-NH;1951;p95p100;110939.5;;0.2332;0.2332
;US-NH;1951;p0p99;16109.4;;0.67040002;0.67040002
;US-NH;1951;p99.5p100;366282.81;;0.077;0.077
;US-NH;1950;p0p100;1859814.5;5139221577.0;1.0;1.0
;US-NH;1950;p99p100;244149.59;;0.1072;0.1072
;US-NH;1950;p99.9p100;784090.0;;0.034400001;0.034400001
;US-NH;1950;p99.99p100;1735256.6;;0.0076000001;0.0076000001
;US-NH;1950;p90p100;73980.797;;0.3247;0.3247
;US-NH;1950;p90p95;43700.801;;0.095899999;0.095899999
;US-NH;1950;p95p99;69311.797;;0.1217;0.1217
;US-NH;1950;p99.5p99.9;243446.5;;0.0427;0.0427
;US-NH;1950;p99.9p99.99;696771.31;;0.0275;0.0275
;US-NH;1950;p99p99.5;136830.7;;0.029999999;0.029999999
;US-NH;1950;p95p100;104203.7;;0.2287;0.2287
;US-NH;1950;p0p90;17076.5;;0.67449999;0.67449999
;US-NH;1950;p0p99;20548.9;;0.89279997;0.89279997
;US-NH;1950;p99.5p100;351494.81;;0.077100001;0.077100001
;US-NH;1949;p0p100;1805196.9;4847534369.0;1.0;1.0
;US-NH;1949;p99p100;209058.41;;0.0964;0.0964
;US-NH;1949;p99.9p100;650117.69;;0.029999999;0.029999999
;US-NH;1949;p99.99p100;1784387.5;;0.0082;0.0082
;US-NH;1949;p90p100;67109.102;;0.30939999;0.30939999
;US-NH;1949;p90p95;41681.398;;0.096100003;0.096100003
;US-NH;1949;p95p99;63383.199;;0.1169;0.1169
;US-NH;1949;p99.5p99.9;213384.8;;0.0394;0.0394
;US-NH;1949;p99.9p99.99;524106.19;;0.0217;0.0217
;US-NH;1949;p99p99.5;117385.0;;0.027100001;0.027100001
;US-NH;1949;p95p100;92475.5;;0.2132;0.2132
;US-NH;1949;p0p90;16642.699;;0.69059998;0.69059998
;US-NH;1949;p0p99;19795.801;;0.90359998;0.90359998
;US-NH;1949;p99.5p100;300731.41;;0.069300003;0.069300003
;US-NH;1948;p0p100;1777113.6;4836241585.0;1.0;1.0
;US-NH;1948;p99p100;202879.8;;0.093199998;0.093199998
;US-NH;1948;p99.9p100;590085.81;;0.027100001;0.027100001
;US-NH;1948;p99.99p100;1442578.8;;0.0066;0.0066
;US-NH;1948;p90p100;68144.297;;0.31299999;0.31299999
;US-NH;1948;p90p95;44613.102;;0.1025;0.1025
;US-NH;1948;p95p99;63834.898;;0.1173;0.1173
;US-NH;1948;p99.5p99.9;209946.8;;0.038600001;0.038600001
;US-NH;1948;p99.9p99.99;495392.19;;0.020500001;0.020500001
;US-NH;1948;p99p99.5;119790.3;;0.0275;0.0275
;US-NH;1948;p95p100;91617.703;;0.2104;0.2104
;US-NH;1948;p0p90;16620.9;;0.68709999;0.68709999
;US-NH;1948;p0p99;19942.301;;0.90679997;0.90679997
;US-NH;1948;p99.5p100;285972.5;;0.065700002;0.065700002
;US-NH;1947;p0p100;1997029.5;4649542060.0;1.0;1.0
;US-NH;1947;p99p100;218155.3;;0.1036;0.1036
;US-NH;1947;p99.9p100;713340.0;;0.0339;0.0339
;US-NH;1947;p99.99p100;2218104.5;;0.0105;0.0105
;US-NH;1947;p90p100;69386.398;;0.3294;0.3294
;US-NH;1947;p90p95;43948.602;;0.1043;0.1043
;US-NH;1947;p95p99;64006.199;;0.1215;0.1215
;US-NH;1947;p99.5p99.9;217383.09;;0.041299999;0.041299999
;US-NH;1947;p99.9p99.99;546170.5;;0.0233;0.0233
;US-NH;1947;p99p99.5;119740.3;;0.0284;0.0284
;US-NH;1947;p95p100;94828.0;;0.2251;0.2251
;US-NH;1947;p0p90;15694.3;;0.6706;0.6706
;US-NH;1947;p0p99;19073.301;;0.89639997;0.89639997
;US-NH;1947;p99.5p100;316574.31;;0.075099997;0.075099997
;US-NH;1946;p0p100;2610007.0;4607247618.0;1.0;1.0
;US-NH;1946;p99p100;253463.8;;0.1204;0.1204
;US-NH;1946;p99.9p100;824390.81;;0.0392;0.0392
;US-NH;1946;p99.99p100;2391127.0;;0.0114;0.0114
;US-NH;1946;p90p100;75075.703;;0.35659999;0.35659999
;US-NH;1946;p90p95;44707.602;;0.1062;0.1062
;US-NH;1946;p95p99;68444.602;;0.1301;0.1301
;US-NH;1946;p99.5p99.9;252769.91;;0.048;0.048
;US-NH;1946;p99.9p99.99;650335.0;;0.027799999;0.027799999
;US-NH;1946;p99p99.5;139833.91;;0.033199999;0.033199999
;US-NH;1946;p95p100;105445.2;;0.25049999;0.25049999
;US-NH;1946;p0p90;15047.3;;0.6433;0.6433
;US-NH;1946;p0p99;18702.801;;0.87959999;0.87959999
;US-NH;1946;p99.5p100;367093.91;;0.087200001;0.087200001
;US-NH;1945;p0p100;3047519.3;4567258821.0;1.0;1.0
;US-NH;1945;p99p100;226075.2;;0.1083;0.1083
;US-NH;1945;p99.9p100;687907.31;;0.033;0.033
;US-NH;1945;p99.99p100;1580307.8;;0.0076000001;0.0076000001
;US-NH;1945;p90p100;67846.297;;0.32519999;0.32519999
;US-NH;1945;p90p95;40336.102;;0.096699998;0.096699998
;US-NH;1945;p95p99;62692.398;;0.1202;0.1202
;US-NH;1945;p99.5p99.9;232229.59;;0.044500001;0.044500001
;US-NH;1945;p99.9p99.99;592652.13;;0.025599999;0.025599999
;US-NH;1945;p99p99.5;128782.4;;0.0309;0.0309
;US-NH;1945;p95p100;95358.203;;0.22849999;0.22849999
;US-NH;1945;p0p90;15640.9;;0.67460001;0.67460001
;US-NH;1945;p0p99;18792.801;;0.89170003;0.89170003
;US-NH;1945;p99.5p100;323345.5;;0.077500001;0.077500001
;US-NH;1944;p0p100;3108019.8;4449627338.0;1.0;1.0
;US-NH;1944;p99p100;194040.8;;0.095399998;0.095399998
;US-NH;1944;p99.9p100;600147.13;;0.0295;0.0295
;US-NH;1944;p99.99p100;1418709.8;;0.0070000002;0.0070000002
;US-NH;1944;p90p100;61437.5;;0.30199999;0.30199999
;US-NH;1944;p90p95;40775.398;;0.1002;0.1002
;US-NH;1944;p95p99;55496.699;;0.1091;0.1091
;US-NH;1944;p99.5p99.9;198674.5;;0.039099999;0.039099999
;US-NH;1944;p99.9p99.99;509885.0;;0.022600001;0.022600001
;US-NH;1944;p99p99.5;109161.1;;0.026799999;0.026799999
;US-NH;1944;p95p100;83051.5;;0.2041;0.2041
;US-NH;1944;p0p90;15714.4;;0.69520003;0.69520003
;US-NH;1944;p0p99;18588.301;;0.90460002;0.90460002
;US-NH;1944;p99.5p100;279002.91;;0.068599999;0.068599999
;US-NH;1943;p0p100;3244039.0;4478247345.0;1.0;1.0
;US-NH;1943;p99p100;222949.41;;0.1087;0.1087
;US-NH;1943;p99.9p100;735138.0;;0.035799999;0.035799999
;US-NH;1943;p99.99p100;1697856.6;;0.0082999999;0.0082999999
;US-NH;1943;p90p100;69842.797;;0.3405;0.3405
;US-NH;1943;p90p95;45528.898;;0.111;0.111
;US-NH;1943;p95p99;61897.0;;0.1207;0.1207
;US-NH;1943;p99.5p99.9;224795.0;;0.0438;0.0438
;US-NH;1943;p99.9p99.99;633826.5;;0.027799999;0.027799999
;US-NH;1943;p99p99.5;119010.7;;0.028999999;0.028999999
;US-NH;1943;p95p100;94128.898;;0.22939999;0.22939999
;US-NH;1943;p0p90;15030.3;;0.65939999;0.65939999
;US-NH;1943;p0p99;18469.301;;0.89130002;0.89130002
;US-NH;1943;p99.5p100;326878.91;;0.079700001;0.079700001
;US-NH;1942;p0p100;3430131.5;4185957243.0;1.0;1.0
;US-NH;1942;p99p100;221404.59;;0.115;0.115
;US-NH;1942;p99.9p100;738207.88;;0.0383;0.0383
;US-NH;1942;p99.99p100;1870152.8;;0.0097000003;0.0097000003
;US-NH;1942;p90p100;65932.703;;0.3425;0.3425
;US-NH;1942;p90p95;40580.102;;0.1054;0.1054
;US-NH;1942;p95p99;58722.102;;0.122;0.122
;US-NH;1942;p99.5p99.9;221977.7;;0.046100002;0.046100002
;US-NH;1942;p99.9p99.99;611817.38;;0.0286;0.0286
;US-NH;1942;p99p99.5;117527.9;;0.0305;0.0305
;US-NH;1942;p95p100;91281.703;;0.23710001;0.23710001
;US-NH;1942;p0p90;14066.8;;0.65759999;0.65759999
;US-NH;1942;p0p99;17209.199;;0.88499999;0.88499999
;US-NH;1942;p99.5p100;325258.91;;0.0845;0.0845
;US-NH;1941;p0p100;3822495.0;3805062624.0;1.0;1.0
;US-NH;1941;p99p100;238902.09;;0.1364;0.1364
;US-NH;1941;p99.9p100;852434.5;;0.048700001;0.048700001
;US-NH;1941;p99.99p100;2666322.8;;0.0152;0.0152
;US-NH;1941;p90p100;66778.297;;0.38119999;0.38119999
;US-NH;1941;p90p95;38857.898;;0.1109;0.1109
;US-NH;1941;p95p99;58647.102;;0.1339;0.1339
;US-NH;1941;p99.5p99.9;229700.0;;0.0524;0.0524
;US-NH;1941;p99.9p99.99;650462.38;;0.033399999;0.033399999
;US-NH;1941;p99p99.5;123488.7;;0.0352;0.0352
;US-NH;1941;p95p100;94723.703;;0.2703;0.2703
;US-NH;1941;p0p90;12047.6;;0.6189;0.6189
;US-NH;1941;p0p99;15283.7;;0.86360002;0.86360002
;US-NH;1941;p99.5p100;354275.59;;0.1011;0.1011
;US-NH;1940;p0p100;3636565.0;3282999174.0;1.0;1.0
;US-NH;1940;p99p100;221219.59;;0.1463;0.1463
;US-NH;1940;p99.9p100;747782.88;;0.0495;0.0495
;US-NH;1940;p99.99p100;2161798.3;;0.0143;0.0143
;US-NH;1940;p90p100;64070.801;;0.42379999;0.42379999
;US-NH;1940;p90p95;38822.199;;0.1284;0.1284
;US-NH;1940;p95p99;56301.0;;0.149;0.149
;US-NH;1940;p99.5p99.9;218325.91;;0.057799999;0.057799999
;US-NH;1940;p99.9p99.99;589991.5;;0.035100002;0.035100002
;US-NH;1940;p99p99.5;118063.8;;0.039000001;0.039000001
;US-NH;1940;p95p100;89302.898;;0.29539999;0.29539999
;US-NH;1940;p0p90;9682.4004;;0.57639998;0.57639998
;US-NH;1940;p0p99;13036.2;;0.85369998;0.85369998
;US-NH;1940;p99.5p100;324302.91;;0.1073;0.1073
;US-NH;1939;p0p100;3663959.5;3206894359.0;1.0;1.0
;US-NH;1939;p99p100;218238.09;;0.146;0.146
;US-NH;1939;p99.9p100;753983.13;;0.050500002;0.050500002
;US-NH;1939;p99.99p100;2161910.5;;0.0145;0.0145
;US-NH;1939;p90p100;59647.0;;0.39919999;0.39919999
;US-NH;1939;p90p95;30457.0;;0.1019;0.1019
;US-NH;1939;p95p99;55922.398;;0.1497;0.1497
;US-NH;1939;p99.5p99.9;212419.41;;0.056899998;0.056899998
;US-NH;1939;p99.9p99.99;597240.88;;0.035999998;0.035999998
;US-NH;1939;p99p99.5;115657.4;;0.038699999;0.038699999
;US-NH;1939;p95p100;88394.102;;0.2958;0.2958
;US-NH;1939;p0p90;10002.0;;0.6024;0.6024
;US-NH;1939;p0p99;12889.7;;0.85399997;0.85399997
;US-NH;1939;p99.5p100;320776.59;;0.1073;0.1073
;US-NH;1938;p0p100;3326870.0;2965395011.0;1.0;1.0
;US-NH;1938;p99p100;191176.0;;0.13689999;0.13689999
;US-NH;1938;p99.9p100;655213.0;;0.0469;0.0469
;US-NH;1938;p99.99p100;1999604.1;;0.0143;0.0143
;US-NH;1938;p90p100;54210.5;;0.3883;0.3883
;US-NH;1938;p90p95;29188.801;;0.1045;0.1045
;US-NH;1938;p95p99;50557.301;;0.14480001;0.14480001
;US-NH;1938;p99.5p99.9;184464.0;;0.0528;0.0528
;US-NH;1938;p99.9p99.99;504302.31;;0.032499999;0.032499999
;US-NH;1938;p99p99.5;103474.6;;0.037099998;0.037099998
;US-NH;1938;p95p100;78700.602;;0.2818;0.2818
;US-NH;1938;p0p90;9524.2998;;0.61390001;0.61390001
;US-NH;1938;p0p99;12172.6;;0.86309999;0.86309999
;US-NH;1938;p99.5p100;278773.41;;0.099799998;0.099799998
;US-NH;1937;p0p100;3358661.8;3077319992.0;1.0;1.0
;US-NH;1937;p99p100;232200.59;;0.1587;0.1587
;US-NH;1937;p99.9p100;869434.31;;0.0594;0.0594
;US-NH;1937;p99.99p100;2362202.5;;0.016100001;0.016100001
;US-NH;1937;p90p100;59072.898;;0.40360001;0.40360001
;US-NH;1937;p90p95;28814.801;;0.098399997;0.098399997
;US-NH;1937;p95p99;52746.801;;0.1442;0.1442
;US-NH;1937;p99.5p99.9;219144.3;;0.059900001;0.059900001
;US-NH;1937;p99.9p99.99;703632.19;;0.043299999;0.043299999
;US-NH;1937;p99p99.5;115200.0;;0.0394;0.0394
;US-NH;1937;p95p100;88636.102;;0.3028;0.3028
;US-NH;1937;p0p90;9736.5996;;0.59869999;0.59869999
;US-NH;1937;p0p99;12438.0;;0.84130001;0.84130001
;US-NH;1937;p99.5p100;349202.31;;0.1193;0.1193
;US-NH;1936;p0p100;3581877.3;3031728877.0;1.0;1.0
;US-NH;1936;p99p100;240850.3;;0.1657;0.1657
;US-NH;1936;p99.9p100;874697.31;;0.060199998;0.060199998
;US-NH;1936;p99.99p100;2569073.5;;0.0177;0.0177
;US-NH;1936;p90p100;60248.801;;0.41440001;0.41440001
;US-NH;1936;p90p95;30495.5;;0.1049;0.1049
;US-NH;1936;p95p99;52119.102;;0.1434;0.1434
;US-NH;1936;p99.5p99.9;234847.8;;0.064599998;0.064599998
;US-NH;1936;p99.9p99.99;686463.19;;0.0425;0.0425
;US-NH;1936;p99p99.5;118888.6;;0.040899999;0.040899999
;US-NH;1936;p95p100;89870.5;;0.3091;0.3091
;US-NH;1936;p0p90;9466.9004;;0.58609998;0.58609998
;US-NH;1936;p0p99;12252.3;;0.83429998;0.83429998
;US-NH;1936;p99.5p100;362816.09;;0.1248;0.1248
;US-NH;1935;p0p100;3459533.3;2847688995.0;1.0;1.0
;US-NH;1935;p99p100;190597.7;;0.1384;0.1384
;US-NH;1935;p99.9p100;634388.81;;0.046100002;0.046100002
;US-NH;1935;p99.99p100;1795547.4;;0.013;0.013
;US-NH;1935;p90p100;53786.398;;0.39050001;0.39050001
;US-NH;1935;p90p95;30831.301;;0.1119;0.1119
;US-NH;1935;p95p99;48962.898;;0.14219999;0.14219999
;US-NH;1935;p99.5p99.9;189178.41;;0.054900002;0.054900002
;US-NH;1935;p99.9p99.99;505400.91;;0.033;0.033
;US-NH;1935;p99p99.5;102990.4;;0.0374;0.0374
;US-NH;1935;p95p100;77235.602;;0.28040001;0.28040001
;US-NH;1935;p0p90;9295.7998;;0.60750002;0.60750002
;US-NH;1935;p0p99;11986.2;;0.86159998;0.86159998
;US-NH;1935;p99.5p100;278213.31;;0.101;0.101
;US-NH;1934;p0p100;3541592.3;2750001009.0;1.0;1.0
;US-NH;1934;p99p100;184793.0;;0.13770001;0.13770001
;US-NH;1934;p99.9p100;626705.69;;0.046700001;0.046700001
;US-NH;1934;p99.99p100;1804141.6;;0.0134;0.0134
;US-NH;1934;p90p100;53939.398;;0.40189999;0.40189999
;US-NH;1934;p90p95;29998.301;;0.1118;0.1118
;US-NH;1934;p95p99;52011.102;;0.155;0.155
;US-NH;1934;p99.5p99.9;180091.8;;0.0537;0.0537
;US-NH;1934;p99.9p99.99;495909.0;;0.033300001;0.033300001
;US-NH;1934;p99p99.5;100167.1;;0.037300002;0.037300002
;US-NH;1934;p95p100;78427.703;;0.2922;0.2922
;US-NH;1934;p0p90;8881.0996;;0.59549999;0.59549999
;US-NH;1934;p0p99;11690.3;;0.86229998;0.86229998
;US-NH;1934;p99.5p100;269408.69;;0.1004;0.1004
;US-NH;1933;p0p100;3478895.0;2507731108.0;1.0;1.0
;US-NH;1933;p99p100;168265.59;;0.1363;0.1363
;US-NH;1933;p99.9p100;577101.63;;0.046799999;0.046799999
;US-NH;1933;p99.99p100;1740229.1;;0.0141;0.0141
;US-NH;1933;p90p100;49752.398;;0.40310001;0.40310001
;US-NH;1933;p90p95;27847.4;;0.1128;0.1128
;US-NH;1933;p95p99;48087.5;;0.1558;0.1558
;US-NH;1933;p99.5p99.9;159273.0;;0.051600002;0.051600002
;US-NH;1933;p99.9p99.99;447865.19;;0.032699998;0.032699998
;US-NH;1933;p99p99.5;93692.5;;0.037999999;0.037999999
;US-NH;1933;p95p100;71952.0;;0.2915;0.2915
;US-NH;1933;p0p90;8160.2002;;0.59500003;0.59500003
;US-NH;1933;p0p99;10767.8;;0.86369997;0.86369997
;US-NH;1933;p99.5p100;242838.8;;0.098399997;0.098399997
;US-NH;1932;p0p100;3079854.5;2447252692.0;1.0;1.0
;US-NH;1932;p99p100;165527.5;;0.1363;0.1363
;US-NH;1932;p99.9p100;538134.0;;0.044300001;0.044300001
;US-NH;1932;p99.99p100;1499352.3;;0.0123;0.0123
;US-NH;1932;p90p100;52361.5;;0.4312;0.4312
;US-NH;1932;p90p95;32125.1;;0.1323;0.1323
;US-NH;1932;p95p99;50207.0;;0.1654;0.1654
;US-NH;1932;p99.5p99.9;160723.09;;0.052900001;0.052900001
;US-NH;1932;p99.9p99.99;431331.91;;0.032000002;0.032000002
;US-NH;1932;p99p99.5;94849.703;;0.039099999;0.039099999
;US-NH;1932;p95p100;73109.398;;0.30109999;0.30109999
;US-NH;1932;p0p90;7635.6001;;0.56599998;0.56599998
;US-NH;1932;p0p99;10592.5;;0.86369997;0.86369997
;US-NH;1932;p99.5p100;236205.3;;0.0973;0.0973
;US-NH;1931;p0p100;2884964.8;2825391882.0;1.0;1.0
;US-NH;1931;p99p100;190797.8;;0.13500001;0.13500001
;US-NH;1931;p99.9p100;605806.88;;0.0429;0.0429
;US-NH;1931;p99.99p100;1780617.5;;0.0126;0.0126
;US-NH;1931;p90p100;57720.398;;0.40830001;0.40830001
;US-NH;1931;p90p95;33429.898;;0.1182;0.1182
;US-NH;1931;p95p99;54387.301;;0.1539;0.1539
;US-NH;1931;p99.5p99.9;188949.91;;0.0535;0.0535
;US-NH;1931;p99.9p99.99;475272.31;;0.030300001;0.030300001
;US-NH;1931;p99p99.5;109274.4;;0.038600001;0.038600001
;US-NH;1931;p95p100;81386.0;;0.28780001;0.28780001
;US-NH;1931;p0p90;9314.0996;;0.59289998;0.59289998
;US-NH;1931;p0p99;12353.2;;0.86500001;0.86500001
;US-NH;1931;p99.5p100;272321.19;;0.096299998;0.096299998
;US-NH;1930;p0p100;2579814.5;3007933043.0;1.0;1.0
;US-NH;1930;p99p100;208860.5;;0.1374;0.1374
;US-NH;1930;p99.9p100;709811.0;;0.046700001;0.046700001
;US-NH;1930;p99.99p100;2088784.8;;0.0137;0.0137
;US-NH;1930;p90p100;57423.398;;0.37779999;0.37779999
;US-NH;1930;p90p95;32229.9;;0.106;0.106
;US-NH;1930;p95p99;52190.398;;0.1373;0.1373
;US-NH;1930;p99.5p99.9;202077.2;;0.053199999;0.053199999
;US-NH;1930;p99.9p99.99;556591.63;;0.033;0.033
;US-NH;1930;p99p99.5;114097.1;;0.037500001;0.037500001
;US-NH;1930;p95p100;83297.797;;0.27399999;0.27399999
;US-NH;1930;p0p90;10457.8;;0.61919999;0.61919999
;US-NH;1930;p0p99;13243.5;;0.86260003;0.86260003
;US-NH;1930;p99.5p100;303623.91;;0.0999;0.0999
;US-NH;1929;p0p100;2642411.0;3236666300.0;1.0;1.0
;US-NH;1929;p99p100;271900.31;;0.16590001;0.16590001
;US-NH;1929;p99.9p100;1026427.5;;0.062600002;0.062600002
;US-NH;1929;p99.99p100;3233504.0;;0.0197;0.0197
;US-NH;1929;p90p100;62974.699;;0.38429999;0.38429999
;US-NH;1929;p90p95;28620.699;;0.087300003;0.087300003
;US-NH;1929;p95p99;54486.398;;0.133;0.133
;US-NH;1929;p99.5p99.9;255378.09;;0.0623;0.0623
;US-NH;1929;p99.9p99.99;781197.13;;0.0429;0.0429
;US-NH;1929;p99p99.5;134212.59;;0.040899999;0.040899999
;US-NH;1929;p95p100;97789.398;;0.2983;0.2983
;US-NH;1929;p0p90;11176.8;;0.61379999;0.61379999
;US-NH;1929;p0p99;13807.7;;0.83410001;0.83410001
;US-NH;1929;p99.5p100;409588.0;;0.125;0.125
;US-NH;1928;p0p100;2586833.3;3162842669.0;1.0;1.0
;US-NH;1928;p99p100;273120.81;;0.17020001;0.17020001
;US-NH;1928;p99.9p100;1075517.3;;0.067000002;0.067000002
;US-NH;1928;p99.99p100;3642761.0;;0.022700001;0.022700001
;US-NH;1928;p90p100;61815.898;;0.38530001;0.38530001
;US-NH;1928;p90p95;27516.699;;0.0858;0.0858
;US-NH;1928;p95p99;52405.801;;0.13070001;0.13070001
;US-NH;1928;p99.5p99.9;253106.5;;0.063100003;0.063100003
;US-NH;1928;p99.9p99.99;790268.0;;0.044300001;0.044300001
;US-NH;1928;p99p99.5;128653.0;;0.040100001;0.040100001
;US-NH;1928;p95p100;96378.102;;0.30039999;0.30039999
;US-NH;1928;p0p90;10934.0;;0.61339998;0.61339998
;US-NH;1928;p0p99;13447.2;;0.82980001;0.82980001
;US-NH;1928;p99.5p100;417588.59;;0.1301;0.1301
;US-NH;1927;p0p100;2420361.0;3028944263.0;1.0;1.0
;US-NH;1927;p99p100;257302.8;;0.16680001;0.16680001
;US-NH;1927;p99.9p100;1019225.2;;0.066100001;0.066100001
;US-NH;1927;p99.99p100;3751258.0;;0.0243;0.0243
;US-NH;1927;p90p100;60081.199;;0.38949999;0.38949999
;US-NH;1927;p90p95;27744.801;;0.089900002;0.089900002
;US-NH;1927;p95p99;51052.102;;0.13240001;0.13240001
;US-NH;1927;p99.5p99.9;236017.8;;0.0612;0.0612
;US-NH;1927;p99.9p99.99;715666.0;;0.0418;0.0418
;US-NH;1927;p99p99.5;121946.3;;0.039500002;0.039500002
;US-NH;1927;p95p100;92200.898;;0.29890001;0.29890001
;US-NH;1927;p0p90;10468.4;;0.61080003;0.61080003
;US-NH;1927;p0p99;12980.7;;0.83319998;0.83319998
;US-NH;1927;p99.5p100;392659.31;;0.12729999;0.12729999
;US-NH;1926;p0p100;2310057.0;2986689058.0;1.0;1.0
;US-NH;1926;p99p100;218249.0;;0.1427;0.1427
;US-NH;1926;p99.9p100;775263.0;;0.050700001;0.050700001
;US-NH;1926;p99.99p100;2149957.3;;0.0141;0.0141
;US-NH;1926;p90p100;55498.398;;0.36289999;0.36289999
;US-NH;1926;p90p95;28381.4;;0.092799999;0.092799999
;US-NH;1926;p95p99;49580.699;;0.12970001;0.12970001
;US-NH;1926;p99.5p99.9;209726.2;;0.054900002;0.054900002
;US-NH;1926;p99.9p99.99;622519.31;;0.036600001;0.036600001
;US-NH;1926;p99p99.5;113664.5;;0.0372;0.0372
;US-NH;1926;p95p100;83185.0;;0.27200001;0.27200001
;US-NH;1926;p0p90;10786.5;;0.63480002;0.63480002
;US-NH;1926;p0p99;13242.5;;0.85729998;0.85729998
;US-NH;1926;p99.5p100;322833.59;;0.1056;0.1056
;US-NH;1925;p0p100;2360985.3;2979692097.0;1.0;1.0
;US-NH;1925;p99p100;218130.5;;0.14219999;0.14219999
;US-NH;1925;p99.9p100;759545.31;;0.0495;0.0495
;US-NH;1925;p99.99p100;2071447.5;;0.0135;0.0135
;US-NH;1925;p90p100;57678.801;;0.3761;0.3761
;US-NH;1925;p90p95;31342.9;;0.1022;0.1022
;US-NH;1925;p95p99;52186.301;;0.13609999;0.13609999
;US-NH;1925;p99.5p99.9;215729.3;;0.056299999;0.056299999
;US-NH;1925;p99.9p99.99;613778.31;;0.035999998;0.035999998
;US-NH;1925;p99p99.5;111768.5;;0.036400001;0.036400001
;US-NH;1925;p95p100;85198.898;;0.27779999;0.27779999
;US-NH;1925;p0p90;10555.9;;0.61949998;0.61949998
;US-NH;1925;p0p99;13287.8;;0.85780001;0.85780001
;US-NH;1925;p99.5p100;324492.5;;0.1058;0.1058
;US-NH;1924;p0p100;2388139.0;2847088252.0;1.0;1.0
;US-NH;1924;p99p100;202331.59;;0.1371;0.1371
;US-NH;1924;p99.9p100;699176.0;;0.047400001;0.047400001
;US-NH;1924;p99.99p100;2028523.6;;0.0137;0.0137
;US-NH;1924;p90p100;58250.801;;0.39480001;0.39480001
;US-NH;1924;p90p95;34835.398;;0.1181;0.1181
;US-NH;1924;p95p99;51773.102;;0.14040001;0.14040001
;US-NH;1924;p99.5p99.9;199319.59;;0.054000001;0.054000001
;US-NH;1924;p99.9p99.99;551470.69;;0.033599999;0.033599999
;US-NH;1924;p99p99.5;105372.3;;0.035700001;0.035700001
;US-NH;1924;p95p100;81884.797;;0.2775;0.2775
;US-NH;1924;p0p90;9908.7002;;0.60439998;0.60439998
;US-NH;1924;p0p99;12859.2;;0.86290002;0.86290002
;US-NH;1924;p99.5p100;299290.91;;0.1014;0.1014
;US-NH;1923;p0p100;2420716.0;2842990289.0;1.0;1.0
;US-NH;1923;p99p100;188923.0;;0.1268;0.1268
;US-NH;1923;p99.9p100;629181.63;;0.042199999;0.042199999
;US-NH;1923;p99.99p100;1498452.3;;0.0101;0.0101
;US-NH;1923;p90p100;57746.102;;0.3876;0.3876
;US-NH;1923;p90p95;36191.898;;0.1215;0.1215
;US-NH;1923;p95p99;52098.0;;0.1399;0.1399
;US-NH;1923;p99.5p99.9;189169.41;;0.050799999;0.050799999
;US-NH;1923;p99.9p99.99;532599.38;;0.032200001;0.032200001
;US-NH;1923;p99p99.5;100674.4;;0.033799998;0.033799998
;US-NH;1923;p95p100;79462.898;;0.2667;0.2667
;US-NH;1923;p0p90;10126.7;;0.61180001;0.61180001
;US-NH;1923;p0p99;13138.9;;0.8732;0.8732
;US-NH;1923;p99.5p100;277171.59;;0.093000002;0.093000002
;US-NH;1922;p0p100;2291580.3;2573706073.0;1.0;1.0
;US-NH;1922;p99p100;186803.59;;0.1373;0.1373
;US-NH;1922;p99.9p100;647609.81;;0.047600001;0.047600001
;US-NH;1922;p99.99p100;1744432.8;;0.0128;0.0128
;US-NH;1922;p90p100;53937.602;;0.39629999;0.39629999
;US-NH;1922;p90p95;31359.4;;0.1152;0.1152
;US-NH;1922;p95p99;49105.102;;0.1443;0.1443
;US-NH;1922;p99.5p99.9;183651.41;;0.054000001;0.054000001
;US-NH;1922;p99.9p99.99;525740.5;;0.0348;0.0348
;US-NH;1922;p99p99.5;97164.203;;0.035700001;0.035700001
;US-NH;1922;p95p100;76644.797;;0.2816;0.2816
;US-NH;1922;p0p90;9121.7002;;0.60320002;0.60320002
;US-NH;1922;p0p99;11860.3;;0.86269999;0.86269999
;US-NH;1922;p99.5p100;276443.0;;0.1016;0.1016
;US-NH;1921;p0p100;1757031.8;2236312175.0;1.0;1.0
;US-NH;1921;p99p100;151424.0;;0.12729999;0.12729999
;US-NH;1921;p99.9p100;477257.69;;0.040100001;0.040100001
;US-NH;1921;p99.99p100;1219769.3;;0.0103;0.0103
;US-NH;1921;p90p100;47180.5;;0.39660001;0.39660001
;US-NH;1921;p90p95;28888.5;;0.1214;0.1214
;US-NH;1921;p95p99;44117.898;;0.14830001;0.14830001
;US-NH;1921;p99.5p99.9;153107.41;;0.0515;0.0515
;US-NH;1921;p99.9p99.99;394756.41;;0.029899999;0.029899999
;US-NH;1921;p99p99.5;84910.703;;0.035700001;0.035700001
;US-NH;1921;p95p100;65579.102;;0.27559999;0.27559999
;US-NH;1921;p0p90;7970.0;;0.60299999;0.60299999
;US-NH;1921;p0p99;10487.0;;0.87269998;0.87269998
;US-NH;1921;p99.5p100;217937.41;;0.091600001;0.091600001
;US-NH;1920;p0p100;1535568.3;2420881374.0;1.0;1.0
;US-NH;1920;p99p100;156724.2;;0.1203;0.1203
;US-NH;1920;p99.9p100;518052.09;;0.039799999;0.039799999
;US-NH;1920;p99.99p100;1241191.6;;0.0094999997;0.0094999997
;US-NH;1920;p90p100;46818.5;;0.3594;0.3594
;US-NH;1920;p90p95;28531.199;;0.1095;0.1095
;US-NH;1920;p95p99;42390.199;;0.1302;0.1302
;US-NH;1920;p99.5p99.9;157010.91;;0.0482;0.0482
;US-NH;1920;p99.9p99.99;437703.09;;0.030200001;0.030200001
;US-NH;1920;p99p99.5;84229.203;;0.032299999;0.032299999
;US-NH;1920;p95p100;65257.0;;0.25040001;0.25040001
;US-NH;1920;p0p90;9265.0996;;0.6401;0.6401
;US-NH;1920;p0p99;11576.5;;0.87970001;0.87970001
;US-NH;1920;p99.5p100;229219.2;;0.088;0.088
;US-NH;1919;p0p100;2100752.5;2451756556.0;1.0;1.0
;US-NH;1919;p99p100;179943.3;;0.1355;0.1355
;US-NH;1919;p99.9p100;641664.19;;0.048300002;0.048300002
;US-NH;1919;p99.99p100;1782929.3;;0.0134;0.0134
;US-NH;1919;p90p100;51574.199;;0.38820001;0.38820001
;US-NH;1919;p90p95;29592.1;;0.1114;0.1114
;US-NH;1919;p95p99;47316.5;;0.1425;0.1425
;US-NH;1919;p99.5p99.9;172188.8;;0.051800001;0.051800001
;US-NH;1919;p99.9p99.99;515493.31;;0.034899998;0.034899998
;US-NH;1919;p99p99.5;93599.203;;0.0352;0.0352
;US-NH;1919;p95p100;73841.898;;0.27790001;0.27790001
;US-NH;1919;p0p90;9014.5996;;0.61070001;0.61070001
;US-NH;1919;p0p99;11600.9;;0.86449999;0.86449999
;US-NH;1919;p99.5p100;266287.5;;0.1002;0.1002
;US-NH;1918;p0p100;2793105.8;2468617010.0;1.0;1.0
;US-NH;1918;p99p100;193143.8;;0.1443;0.1443
;US-NH;1918;p99.9p100;747073.88;;0.055799998;0.055799998
;US-NH;1918;p99.99p100;1996651.3;;0.0149;0.0149
;US-NH;1918;p90p100;49875.199;;0.3725;0.3725
;US-NH;1918;p90p95;25421.4;;0.094899997;0.094899997
;US-NH;1918;p95p99;44460.199;;0.1328;0.1328
;US-NH;1918;p99.5p99.9;183647.09;;0.054900002;0.054900002
;US-NH;1918;p99.9p99.99;608244.69;;0.040899999;0.040899999
;US-NH;1918;p99p99.5;89955.797;;0.033599999;0.033599999
;US-NH;1918;p95p100;74196.797;;0.2771;0.2771
;US-NH;1918;p0p90;9342.2998;;0.62800002;0.62800002
;US-NH;1918;p0p99;11573.3;;0.85570002;0.85570002
;US-NH;1918;p99.5p100;296331.81;;0.1107;0.1107
;US-NH;1917;p0p100;4104659.3;2662019533.0;1.0;1.0
;US-NH;1917;p99p100;214320.59;;0.1503;0.1503
;US-NH;1917;p99.9p100;886771.88;;0.062199999;0.062199999
;US-NH;1917;p99.99p100;2639153.0;;0.0185;0.0185
;US-NH;1917;p90p100;48869.102;;0.34259999;0.34259999
;US-NH;1917;p90p95;20577.0;;0.072099999;0.072099999
