Variable Name;.;.;.;PPP conversion factor, LCU per EUR | individuals | Exchange rates | All Ages | local currency per foreign currency;Market exchange rate, LCU per EUR | individuals | Exchange rates | All Ages | local currency per foreign currency;PPP conversion factor, LCU per USD | individuals | Exchange rates | All Ages | local currency per foreign currency;Market exchange rate, LCU per USD | individuals | Exchange rates | All Ages | local currency per foreign currency;PPP conversion factor, LCU per CNY | individuals | Exchange rates | All Ages | local currency per foreign currency;Market exchange rate, LCU per CNY | individuals | Exchange rates | All Ages | local currency per foreign currency
Variable Category;.;.;.;Other macro;Other macro;Other macro;Other macro;Other macro;Other macro
Variable Description;.;.;.;PPP conversion factor of curent local currency to current PPP EUR.;Official exchange rate of the local currency to EUR.;PPP conversion factor of current local currency to current USD.;Official exchange rate of the local currency to USD.;PPP conversion factor of current local currency to current PPP CNY.;Official exchange rate of the local currency to CNY.
Variable Decomposition;.;.;.;;;;;;
Variable Unit;.;.;.;local currency per foreign currency;local currency per foreign currency;local currency per foreign currency;local currency per foreign currency;local currency per foreign currency;local currency per foreign currency
Methodological Notes;.;.;.;;;;;;
Sources;.;.;.;;;;;;
Variable Code;country;year;perc;xlceup999i;xlceux999i;xlcusp999i;xlcusx999i;xlcyup999i;xlcyux999i
;XF;2018;p0p100;1.0;1.8857172;0.75421751;1.5383242;0.23799415;0.24100034
;XF;2016;p0p100;;;;;;
;XF;2015;p0p100;;;;;;
;XF;2014;p0p100;;;;;;
;XF;2013;p0p100;;;;;;
;XF;2012;p0p100;;;;;;
;XF;2011;p0p100;;;;;;
;XF;2010;p0p100;;;;;;
;XF;2009;p0p100;;;;;;
;XF;2008;p0p100;;;;;;
;XF;2007;p0p100;;;;;;
;XF;2006;p0p100;;;;;;
;XF;2005;p0p100;;;;;;
;XF;2004;p0p100;;;;;;
;XF;2003;p0p100;;;;;;
;XF;2002;p0p100;;;;;;
;XF;2001;p0p100;;;;;;
;XF;2000;p0p100;;;;;;
;XF;1999;p0p100;;;;;;
;XF;1998;p0p100;;;;;;
;XF;1997;p0p100;;;;;;
;XF;1996;p0p100;;;;;;
;XF;1995;p0p100;;;;;;
;XF;1994;p0p100;;;;;;
;XF;1993;p0p100;;;;;;
;XF;1992;p0p100;;;;;;
;XF;1991;p0p100;;;;;;
;XF;1990;p0p100;;;;;;
;XF;1989;p0p100;;;;;;
;XF;1988;p0p100;;;;;;
