Variable Name;.;.;.;Fiscal income  | tax unit | Average | Adults | constant 2015 local currency;Fiscal income  | tax unit | Total | Adults | constant 2015 local currency;Fiscal income  | tax unit | Share | Adults | share of total (ratio);Pre-tax national income  | tax unit | Share | Adults | share of total (ratio)
Variable Category;.;.;.;Income inequality;Income inequality;Income inequality;Income inequality
Variable Description;.;.;.;Average Fiscal income within a given percentile group. Fiscal income is defined as the sum of all income items reported on income tax returns, before any deduction. It includes labour income, capital income and mixed income. The concept of fiscal income varies with national tax legislations, so in order to make international comparisons it is preferable to use the concept of national income. The population is comprised of individuals over age 20. The base unit is the tax unit defined by national fiscal administrations to measure personal income taxes.;Total Fiscal income  within a given percentile group. Fiscal income is defined as the sum of all income items reported on income tax returns, before any deduction. It includes labour income, capital income and mixed income. The concept of fiscal income varies with national tax legislations, so in order to make international comparisons it is preferable to use the concept of national income. The population is comprised of individuals over age 20.;Fiscal income share held by a given percentile group. Fiscal income is defined as the sum of all income items reported on income tax returns, before any deduction. It includes labour income, capital income and mixed income. The concept of fiscal income varies with national tax legislations, so in order to make international comparisons it is preferable to use the concept of national income. The population is comprised of individuals over age 20. The base unit is the tax unit defined by national fiscal administrations to measure personal income taxes.;Pre-tax national income share held by a given percentile group. Pre-tax national income  is the sum of all pre-tax personal income flows accruing to the owners of the production factors, labor and capital, before taking into account the operation of the tax/transfer system, but after taking into account the operation of pension system. The central difference between personal factor income and pre-tax income is the treatment of pensions, which are counted on a contribution basis by factor income and on a distribution basis by pre-tax income. The population is comprised of individuals over age 20. The base unit is the tax unit defined by national fiscal administrations to measure personal income taxes.
Variable Decomposition;.;.;.;[Fiscal income ]=[Fiscal labour income ]+[Fiscal capital income ];[Fiscal income ]=[Fiscal labour income ]+[Fiscal capital income ];[Fiscal income ]=[Fiscal labour income ]+[Fiscal capital income ];Pre-tax national income =Pre-tax labor income [total pre-tax income ranking]+Pre-tax capital income [total pre-tax income ranking]
Variable Unit;.;.;.;"USD; United States dollar | local currency | market";"USD; United States dollar | local currency | market";share;share
Methodological Notes;.;.;.;;;;Assuming the same distribution as fiscal income.
Sources;.;.;.;Frank, Sommeiller, Price & Saez (2015);Frank, Sommeiller, Price & Saez (2015);Frank, Sommeiller, Price & Saez (2015);WID.world computations using: Frank, Sommeiller, Price & Saez (2015)
Variable Code;country;year;perc;afiinc992t;mfiinc992t;sfiinc992t;sptinc992t
;US-ME;2015;p0p100;51308.102;37608604035.0;1.0;1.0
;US-ME;2015;p99p100;725425.13;;0.14139999;0.14139999
;US-ME;2015;p99.9p100;2530359.3;;0.0493;0.0493
;US-ME;2015;p99.99p100;8334454.0;;0.0162;0.0162
;US-ME;2015;p90p100;225089.59;;0.43869999;0.43869999
;US-ME;2015;p90p95;133513.3;;0.1301;0.1301
;US-ME;2015;p95p99;212623.59;;0.16580001;0.16580001
;US-ME;2015;p99.5p99.9;688662.81;;0.0537;0.0537
;US-ME;2015;p99.9p99.99;1935607.6;;0.034000002;0.034000002
;US-ME;2015;p99p99.5;391075.59;;0.0381;0.0381
;US-ME;2015;p95p100;315799.91;;0.30770001;0.30770001
;US-ME;2015;p0p90;32046.6;;0.56209999;0.56209999
;US-ME;2015;p0p99;44498.801;;0.85860002;0.85860002
;US-ME;2015;p99.5p100;1057224.8;;0.103;0.103
;US-ME;2014;p0p100;49234.199;36002968839.0;1.0;1.0
;US-ME;2014;p99p100;670193.13;;0.1364;0.1364
;US-ME;2014;p99.9p100;2358447.5;;0.048;0.048
;US-ME;2014;p99.99p100;8115745.5;;0.0165;0.0165
;US-ME;2014;p90p100;211274.0;;0.43009999;0.43009999
;US-ME;2014;p90p95;128169.4;;0.1305;0.1305
;US-ME;2014;p95p99;200104.91;;0.163;0.163
;US-ME;2014;p99.5p99.9;635025.63;;0.0517;0.0517
;US-ME;2014;p99.9p99.99;1744294.1;;0.032000002;0.032000002
;US-ME;2014;p99p99.5;362156.69;;0.036899999;0.036899999
;US-ME;2014;p95p100;294004.31;;0.29929999;0.29929999
;US-ME;2014;p0p90;31080.6;;0.56950003;0.56950003
;US-ME;2014;p0p99;42844.102;;0.86360002;0.86360002
;US-ME;2014;p99.5p100;978133.19;;0.099600002;0.099600002
;US-ME;2013;p0p100;50935.398;34545704731.0;1.0;1.0
;US-ME;2013;p99p100;643919.81;;0.1309;0.1309
;US-ME;2013;p99.9p100;2259641.3;;0.045899998;0.045899998
;US-ME;2013;p99.99p100;8042014.0;;0.0163;0.0163
;US-ME;2013;p90p100;205256.59;;0.41710001;0.41710001
;US-ME;2013;p90p95;125733.2;;0.1278;0.1278
;US-ME;2013;p95p99;194248.7;;0.15790001;0.15790001
;US-ME;2013;p99.5p99.9;602388.88;;0.048999999;0.048999999
;US-ME;2013;p99.9p99.99;1624711.0;;0.0297;0.0297
;US-ME;2013;p99p99.5;354400.59;;0.035999998;0.035999998
;US-ME;2013;p95p100;284288.41;;0.28889999;0.28889999
;US-ME;2013;p0p90;31889.699;;0.58329999;0.58329999
;US-ME;2013;p0p99;43198.199;;0.86909997;0.86909997
;US-ME;2013;p99.5p100;934048.38;;0.094899997;0.094899997
;US-ME;2012;p0p100;53763.102;35776336268.0;1.0;1.0
;US-ME;2012;p99p100;753359.13;;0.14929999;0.14929999
;US-ME;2012;p99.9p100;3019553.8;;0.059900001;0.059900001
;US-ME;2012;p99.99p100;11686899.0;;0.0232;0.0232
;US-ME;2012;p90p100;215712.09;;0.4276;0.4276
;US-ME;2012;p90p95;127324.2;;0.12620001;0.12620001
;US-ME;2012;p95p99;191030.3;;0.1515;0.1515
;US-ME;2012;p99.5p99.9;673572.31;;0.053399999;0.053399999
;US-ME;2012;p99.9p99.99;2090570.8;;0.037300002;0.037300002
;US-ME;2012;p99p99.5;364747.41;;0.036200002;0.036200002
;US-ME;2012;p95p100;303385.59;;0.30070001;0.30070001
;US-ME;2012;p0p90;32080.699;;0.57230002;0.57230002
;US-ME;2012;p0p99;43348.199;;0.85070002;0.85070002
;US-ME;2012;p99.5p100;1142217.8;;0.1132;0.1132
;US-ME;2011;p0p100;54463.199;34348088779.0;1.0;1.0
;US-ME;2011;p99p100;640688.88;;0.13060001;0.13060001
;US-ME;2011;p99.9p100;2350278.5;;0.047899999;0.047899999
;US-ME;2011;p99.99p100;8662355.0;;0.0177;0.0177
;US-ME;2011;p90p100;201701.7;;0.41119999;0.41119999
;US-ME;2011;p90p95;125173.3;;0.1276;0.1276
;US-ME;2011;p95p99;186749.2;;0.1523;0.1523
;US-ME;2011;p99.5p99.9;587263.69;;0.047899999;0.047899999
;US-ME;2011;p99.9p99.99;1660408.4;;0.0305;0.0305
;US-ME;2011;p99p99.5;341332.09;;0.0348;0.0348
;US-ME;2011;p95p100;277460.69;;0.28279999;0.28279999
;US-ME;2011;p0p90;32121.1;;0.58929998;0.58929998
;US-ME;2011;p0p99;43077.801;;0.86940002;0.86940002
;US-ME;2011;p99.5p100;940718.31;;0.095899999;0.095899999
;US-ME;2010;p0p100;59230.0;34991698348.0;1.0;1.0
;US-ME;2010;p99p100;658922.13;;0.1314;0.1314
;US-ME;2010;p99.9p100;2511698.0;;0.050099999;0.050099999
;US-ME;2010;p99.99p100;10455020.0;;0.0209;0.0209
;US-ME;2010;p90p100;201908.59;;0.40279999;0.40279999
;US-ME;2010;p90p95;124589.3;;0.1243;0.1243
;US-ME;2010;p95p99;183105.09;;0.1461;0.1461
;US-ME;2010;p99.5p99.9;576726.63;;0.046;0.046
;US-ME;2010;p99.9p99.99;1627486.1;;0.029200001;0.029200001
;US-ME;2010;p99p99.5;354061.31;;0.035300002;0.035300002
;US-ME;2010;p95p100;278202.0;;0.2775;0.2775
;US-ME;2010;p0p90;33323.699;;0.59820002;0.59820002
;US-ME;2010;p0p99;43983.0;;0.86860001;0.86860001
;US-ME;2010;p99.5p100;965173.31;;0.096299998;0.096299998
;US-ME;2009;p0p100;59281.602;33854025434.0;1.0;1.0
;US-ME;2009;p99p100;617724.13;;0.12720001;0.12720001
;US-ME;2009;p99.9p100;2367619.5;;0.048700001;0.048700001
;US-ME;2009;p99.99p100;9305221.0;;0.019200001;0.019200001
;US-ME;2009;p90p100;193985.91;;0.3994;0.3994
;US-ME;2009;p90p95;117701.4;;0.1212;0.1212
;US-ME;2009;p95p99;182025.3;;0.1499;0.1499
;US-ME;2009;p99.5p99.9;534536.69;;0.044;0.044
;US-ME;2009;p99.9p99.99;1546513.8;;0.0287;0.0287
;US-ME;2009;p99p99.5;314690.0;;0.032400001;0.032400001
;US-ME;2009;p95p100;269564.31;;0.2775;0.2775
;US-ME;2009;p0p90;32632.9;;0.60470003;0.60470003
;US-ME;2009;p0p99;42820.602;;0.87279999;0.87279999
;US-ME;2009;p99.5p100;914701.19;;0.0942;0.0942
;US-ME;2008;p0p100;62374.898;36003261857.0;1.0;1.0
;US-ME;2008;p99p100;723614.19;;0.1406;0.1406
;US-ME;2008;p99.9p100;2962889.8;;0.057599999;0.057599999
;US-ME;2008;p99.99p100;11826918.0;;0.023;0.023
;US-ME;2008;p90p100;208420.91;;0.40490001;0.40490001
;US-ME;2008;p90p95;121214.3;;0.1178;0.1178
;US-ME;2008;p95p99;184510.3;;0.1434;0.1434
;US-ME;2008;p99.5p99.9;608882.38;;0.0473;0.0473
;US-ME;2008;p99.9p99.99;1920793.6;;0.033599999;0.033599999
;US-ME;2008;p99p99.5;336302.81;;0.032699998;0.032699998
;US-ME;2008;p95p100;294359.5;;0.28600001;0.28600001
;US-ME;2008;p0p90;34444.5;;0.60229999;0.60229999
;US-ME;2008;p0p99;44680.301;;0.85939997;0.85939997
;US-ME;2008;p99.5p100;1099690.4;;0.1068;0.1068
;US-ME;2007;p0p100;74184.398;38935742104.0;1.0;1.0
;US-ME;2007;p99p100;889760.5;;0.1567;0.1567
;US-ME;2007;p99.9p100;3794083.5;;0.066799998;0.066799998
;US-ME;2007;p99.99p100;15232465.0;;0.026799999;0.026799999
;US-ME;2007;p90p100;234511.91;;0.4131;0.4131
;US-ME;2007;p90p95;130017.6;;0.1145;0.1145
;US-ME;2007;p95p99;195804.5;;0.138;0.138
;US-ME;2007;p99.5p99.9;742039.31;;0.052299999;0.052299999
;US-ME;2007;p99.9p99.99;2478931.5;;0.039299998;0.039299998
;US-ME;2007;p99p99.5;388695.5;;0.034200002;0.034200002
;US-ME;2007;p95p100;337354.0;;0.29710001;0.29710001
;US-ME;2007;p0p90;37524.699;;0.59490001;0.59490001
;US-ME;2007;p0p99;48357.199;;0.84329998;0.84329998
;US-ME;2007;p99.5p100;1375757.8;;0.1212;0.1212
;US-ME;2006;p0p100;75626.398;37834233091.0;1.0;1.0
;US-ME;2006;p99p100;880471.0;;0.1609;0.1609
;US-ME;2006;p99.9p100;3820854.5;;0.069799997;0.069799997
;US-ME;2006;p99.99p100;15387014.0;;0.028100001;0.028100001
;US-ME;2006;p90p100;228221.3;;0.417;0.417
;US-ME;2006;p90p95;121282.1;;0.1108;0.1108
;US-ME;2006;p95p99;195328.91;;0.1428;0.1428
;US-ME;2006;p99.5p99.9;739765.5;;0.054099999;0.054099999
;US-ME;2006;p99.9p99.99;2523319.5;;0.041499998;0.041499998
;US-ME;2006;p99p99.5;381651.31;;0.034899998;0.034899998
;US-ME;2006;p95p100;334075.69;;0.30520001;0.30520001
;US-ME;2006;p0p90;35746.0;;0.58789998;0.58789998
;US-ME;2006;p0p99;46384.801;;0.8391;0.8391
;US-ME;2006;p99.5p100;1369960.4;;0.1252;0.1252
;US-ME;2005;p0p100;77750.898;36594596134.0;1.0;1.0
;US-ME;2005;p99p100;812532.31;;0.154;0.154
;US-ME;2005;p99.9p100;3399387.3;;0.064400002;0.064400002
;US-ME;2005;p99.99p100;13247957.0;;0.0251;0.0251
;US-ME;2005;p90p100;218177.41;;0.4136;0.4136
;US-ME;2005;p90p95;116555.9;;0.1105;0.1105
;US-ME;2005;p95p99;193629.7;;0.1468;0.1468
;US-ME;2005;p99.5p99.9;692880.63;;0.052499998;0.052499998
;US-ME;2005;p99.9p99.99;2294186.5;;0.039099999;0.039099999
;US-ME;2005;p99p99.5;368605.41;;0.034899998;0.034899998
;US-ME;2005;p95p100;318530.91;;0.3019;0.3019
;US-ME;2005;p0p90;34633.801;;0.5909;0.5909
;US-ME;2005;p0p99;45072.898;;0.84600002;0.84600002
;US-ME;2005;p99.5p100;1247982.9;;0.1183;0.1183
;US-ME;2004;p0p100;82391.5;36069429122.0;1.0;1.0
;US-ME;2004;p99p100;740654.38;;0.1415;0.1415
;US-ME;2004;p99.9p100;2992775.0;;0.0572;0.0572
;US-ME;2004;p99.99p100;11577484.0;;0.0221;0.0221
;US-ME;2004;p90p100;208601.0;;0.39860001;0.39860001
;US-ME;2004;p90p95;113966.6;;0.1089;0.1089
;US-ME;2004;p95p99;191953.09;;0.14669999;0.14669999
;US-ME;2004;p99.5p99.9;638782.19;;0.048799999;0.048799999
;US-ME;2004;p99.9p99.99;2017833.4;;0.034699999;0.034699999
;US-ME;2004;p99p99.5;353776.09;;0.033799998;0.033799998
;US-ME;2004;p95p100;302192.19;;0.28870001;0.28870001
;US-ME;2004;p0p90;35171.102;;0.6049;0.6049
;US-ME;2004;p0p99;45375.5;;0.8585;0.8585
;US-ME;2004;p99.5p100;1121469.5;;0.1072;0.1072
;US-ME;2003;p0p100;85146.703;34210197809.0;1.0;1.0
;US-ME;2003;p99p100;662622.81;;0.1292;0.1292
;US-ME;2003;p99.9p100;2551771.5;;0.049800001;0.049800001
;US-ME;2003;p99.99p100;9718639.0;;0.018999999;0.018999999
;US-ME;2003;p90p100;197897.59;;0.38600001;0.38600001
;US-ME;2003;p90p95;116668.6;;0.1138;0.1138
;US-ME;2003;p95p99;181959.91;;0.142;0.142
;US-ME;2003;p99.5p99.9;585063.38;;0.045600001;0.045600001
;US-ME;2003;p99.9p99.99;1731678.4;;0.030400001;0.030400001
;US-ME;2003;p99p99.5;334152.41;;0.032600001;0.032600001
;US-ME;2003;p95p100;278654.31;;0.27180001;0.27180001
;US-ME;2003;p0p90;35129.0;;0.61669999;0.61669999
;US-ME;2003;p0p99;45094.102;;0.87080002;0.87080002
;US-ME;2003;p99.5p100;987064.13;;0.096299998;0.096299998
;US-ME;2002;p0p100;84585.297;33623929380.0;1.0;1.0
;US-ME;2002;p99p100;634508.5;;0.1302;0.1302
;US-ME;2002;p99.9p100;2420604.5;;0.049699999;0.049699999
;US-ME;2002;p99.99p100;9080134.0;;0.0186;0.0186
;US-ME;2002;p90p100;192261.59;;0.39449999;0.39449999
;US-ME;2002;p90p95;114885.8;;0.1179;0.1179
;US-ME;2002;p95p99;177531.2;;0.14569999;0.14569999
;US-ME;2002;p99.5p99.9;565975.63;;0.046500001;0.046500001
;US-ME;2002;p99.9p99.99;1666412.6;;0.0308;0.0308
;US-ME;2002;p99p99.5;323521.91;;0.033199999;0.033199999
;US-ME;2002;p95p100;269290.31;;0.27630001;0.27630001
;US-ME;2002;p0p90;32884.199;;0.60729998;0.60729998
;US-ME;2002;p0p99;42813.602;;0.86979997;0.86979997
;US-ME;2002;p99.5p100;942862.5;;0.096699998;0.096699998
;US-ME;2001;p0p100;94464.703;34156417554.0;1.0;1.0
;US-ME;2001;p99p100;703255.31;;0.13339999;0.13339999
;US-ME;2001;p99.9p100;2742081.5;;0.052000001;0.052000001
;US-ME;2001;p99.99p100;10633748.0;;0.020199999;0.020199999
;US-ME;2001;p90p100;204492.41;;0.38800001;0.38800001
;US-ME;2001;p90p95;118102.4;;0.112;0.112
;US-ME;2001;p95p99;186900.3;;0.1418;0.1418
;US-ME;2001;p99.5p99.9;600951.88;;0.045600001;0.045600001
;US-ME;2001;p99.9p99.99;1872007.0;;0.032000002;0.032000002
;US-ME;2001;p99p99.5;376458.0;;0.035700001;0.035700001
;US-ME;2001;p95p100;290467.59;;0.27559999;0.27559999
;US-ME;2001;p0p90;35878.0;;0.61269999;0.61269999
;US-ME;2001;p0p99;46134.398;;0.86659998;0.86659998
;US-ME;2001;p99.5p100;1031034.1;;0.097800002;0.097800002
;US-ME;2000;p0p100;106012.7;35276348608.0;1.0;1.0
;US-ME;2000;p99p100;926222.19;;0.1655;0.1655
;US-ME;2000;p99.9p100;4293208.5;;0.076700002;0.076700002
;US-ME;2000;p99.99p100;19152746.0;;0.034200002;0.034200002
;US-ME;2000;p90p100;234683.59;;0.41940001;0.41940001
;US-ME;2000;p90p95;121814.2;;0.1088;0.1088
;US-ME;2000;p95p99;201195.09;;0.14380001;0.14380001
;US-ME;2000;p99.5p99.9;723599.13;;0.0517;0.0517
;US-ME;2000;p99.9p99.99;2648468.3;;0.042599998;0.042599998
;US-ME;2000;p99p99.5;409830.09;;0.036600001;0.036600001
;US-ME;2000;p95p100;346923.19;;0.31;0.31
;US-ME;2000;p0p90;36201.699;;0.58219999;0.58219999
;US-ME;2000;p0p99;47171.898;;0.83450001;0.83450001
;US-ME;2000;p99.5p100;1440645.8;;0.1287;0.1287
;US-ME;1999;p0p100;106988.5;33686293040.0;1.0;1.0
;US-ME;1999;p99p100;806583.31;;0.1525;0.1525
;US-ME;1999;p99.9p100;3434303.3;;0.064999998;0.064999998
;US-ME;1999;p99.99p100;13674967.0;;0.025900001;0.025900001
;US-ME;1999;p90p100;217029.5;;0.41049999;0.41049999
;US-ME;1999;p90p95;118758.2;;0.1123;0.1123
;US-ME;1999;p95p99;191806.5;;0.1451;0.1451
;US-ME;1999;p99.5p99.9;671599.38;;0.050799999;0.050799999
;US-ME;1999;p99.9p99.99;2317487.5;;0.0394;0.0394
;US-ME;1999;p99p99.5;387528.59;;0.036600001;0.036600001
;US-ME;1999;p95p100;314938.81;;0.2978;0.2978
;US-ME;1999;p0p90;34652.199;;0.5898;0.5898
;US-ME;1999;p0p99;45261.199;;0.84750003;0.84750003
;US-ME;1999;p99.5p100;1225518.5;;0.1159;0.1159
;US-ME;1998;p0p100;107537.1;31638257026.0;1.0;1.0
;US-ME;1998;p99p100;759453.0;;0.1489;0.1489
;US-ME;1998;p99.9p100;3248029.0;;0.063699998;0.063699998
;US-ME;1998;p99.99p100;13795265.0;;0.027100001;0.027100001
;US-ME;1998;p90p100;205935.41;;0.40380001;0.40380001
;US-ME;1998;p90p95;114848.5;;0.1126;0.1126
;US-ME;1998;p95p99;180692.2;;0.1417;0.1417
;US-ME;1998;p99.5p99.9;626523.31;;0.0491;0.0491
;US-ME;1998;p99.9p99.99;2080717.8;;0.036699999;0.036699999
;US-ME;1998;p99p99.5;367175.41;;0.035999998;0.035999998
;US-ME;1998;p95p100;296700.91;;0.29089999;0.29089999
;US-ME;1998;p0p90;33813.0;;0.59670001;0.59670001
;US-ME;1998;p0p99;43839.801;;0.85110003;0.85110003
;US-ME;1998;p99.5p100;1151630.0;;0.1129;0.1129
;US-ME;1997;p0p100;102999.3;29442550981.0;1.0;1.0
;US-ME;1997;p99p100;657578.88;;0.1384;0.1384
;US-ME;1997;p99.9p100;2620016.5;;0.055100001;0.055100001
;US-ME;1997;p99.99p100;10334551.0;;0.0218;0.0218
;US-ME;1997;p90p100;188922.5;;0.39770001;0.39770001
;US-ME;1997;p90p95;110225.0;;0.116;0.116
;US-ME;1997;p95p99;169716.0;;0.1429;0.1429
;US-ME;1997;p99.5p99.9;576271.0;;0.048500001;0.048500001
;US-ME;1997;p99.9p99.99;1770068.4;;0.033500001;0.033500001
;US-ME;1997;p99p99.5;328852.41;;0.034600001;0.034600001
;US-ME;1997;p95p100;267409.69;;0.2814;0.2814
;US-ME;1997;p0p90;31814.0;;0.6027;0.6027
;US-ME;1997;p0p99;41346.0;;0.86159998;0.86159998
;US-ME;1997;p99.5p100;985959.63;;0.1038;0.1038
;US-ME;1996;p0p100;101826.6;27699480370.0;1.0;1.0
;US-ME;1996;p99p100;565981.63;;0.1258;0.1258
;US-ME;1996;p99.9p100;2143436.5;;0.047600001;0.047600001
;US-ME;1996;p99.99p100;7902373.5;;0.0176;0.0176
;US-ME;1996;p90p100;172799.0;;0.384;0.384
;US-ME;1996;p90p95;103444.0;;0.1149;0.1149
;US-ME;1996;p95p99;160979.41;;0.14309999;0.14309999
;US-ME;1996;p99.5p99.9;511098.59;;0.045400001;0.045400001
;US-ME;1996;p99.9p99.99;1501423.4;;0.029999999;0.029999999
;US-ME;1996;p99p99.5;290693.19;;0.032299999;0.032299999
;US-ME;1996;p95p100;242044.0;;0.26890001;0.26890001
;US-ME;1996;p0p90;30834.4;;0.61669999;0.61669999
;US-ME;1996;p0p99;39739.301;;0.87419999;0.87419999
;US-ME;1996;p99.5p100;840432.69;;0.093400002;0.093400002
;US-ME;1995;p0p100;104842.9;26373853330.0;1.0;1.0
;US-ME;1995;p99p100;511018.91;;0.1162;0.1162
;US-ME;1995;p99.9p100;1843626.6;;0.041900001;0.041900001
;US-ME;1995;p99.99p100;6479832.5;;0.0147;0.0147
;US-ME;1995;p90p100;165337.8;;0.3761;0.3761
;US-ME;1995;p90p95;104388.2;;0.1187;0.1187
;US-ME;1995;p95p99;155039.59;;0.1411;0.1411
;US-ME;1995;p99.5p99.9;472685.91;;0.043000001;0.043000001
;US-ME;1995;p99.9p99.99;1328799.0;;0.0272;0.0272
;US-ME;1995;p99p99.5;273405.0;;0.031099999;0.031099999
;US-ME;1995;p95p100;226202.2;;0.25729999;0.25729999
;US-ME;1995;p0p90;30489.301;;0.62419999;0.62419999
;US-ME;1995;p0p99;39245.301;;0.88380003;0.88380003
;US-ME;1995;p99.5p100;748347.81;;0.085100003;0.085100003
;US-ME;1994;p0p100;108194.7;25508819057.0;1.0;1.0
;US-ME;1994;p99p100;493898.0;;0.1142;0.1142
;US-ME;1994;p99.9p100;1840642.6;;0.0425;0.0425
;US-ME;1994;p99.99p100;6885587.5;;0.015900001;0.015900001
;US-ME;1994;p90p100;159781.5;;0.36939999;0.36939999
;US-ME;1994;p90p95;101608.6;;0.1174;0.1174
;US-ME;1994;p95p99;148934.5;;0.13770001;0.13770001
;US-ME;1994;p99.5p99.9;449538.19;;0.0416;0.0416
;US-ME;1994;p99.9p99.99;1276782.6;;0.0266;0.0266
;US-ME;1994;p99p99.5;258715.0;;0.029899999;0.029899999
;US-ME;1994;p95p100;217902.0;;0.25189999;0.25189999
;US-ME;1994;p0p90;30325.4;;0.63090003;0.63090003
;US-ME;1994;p0p99;38708.199;;0.8858;0.8858
;US-ME;1994;p99.5p100;728898.63;;0.084200002;0.084200002
;US-ME;1993;p0p100;110693.3;25141830315.0;1.0;1.0
;US-ME;1993;p99p100;459923.0;;0.1084;0.1084
;US-ME;1993;p99.9p100;1603513.3;;0.037799999;0.037799999
;US-ME;1993;p99.99p100;5617974.5;;0.0132;0.0132
;US-ME;1993;p90p100;154470.2;;0.36410001;0.36410001
;US-ME;1993;p90p95;100306.3;;0.1182;0.1182
;US-ME;1993;p95p99;145770.91;;0.1374;0.1374
;US-ME;1993;p99.5p99.9;430400.31;;0.040600002;0.040600002
;US-ME;1993;p99.9p99.99;1151989.6;;0.0244;0.0244
;US-ME;1993;p99p99.5;252488.5;;0.0298;0.0298
;US-ME;1993;p95p100;208552.09;;0.2458;0.2458
;US-ME;1993;p0p90;29999.6;;0.63639998;0.63639998
;US-ME;1993;p0p99;38211.301;;0.89160001;0.89160001
;US-ME;1993;p99.5p100;666807.31;;0.078599997;0.078599997
;US-ME;1992;p0p100;118319.1;25414817903.0;1.0;1.0
;US-ME;1992;p99p100;472780.59;;0.1095;0.1095
;US-ME;1992;p99.9p100;1666401.0;;0.038600001;0.038600001
;US-ME;1992;p99.99p100;5834209.5;;0.0135;0.0135
;US-ME;1992;p90p100;156520.59;;0.3624;0.3624
;US-ME;1992;p90p95;103086.7;;0.1193;0.1193
;US-ME;1992;p95p99;144371.41;;0.1337;0.1337
;US-ME;1992;p99.5p99.9;443604.09;;0.041099999;0.041099999
;US-ME;1992;p99.9p99.99;1202100.3;;0.0251;0.0251
;US-ME;1992;p99p99.5;256228.91;;0.0297;0.0297
;US-ME;1992;p95p100;210068.0;;0.2432;0.2432
;US-ME;1992;p0p90;30599.0;;0.6376;0.6376
;US-ME;1992;p0p99;38849.801;;0.89050001;0.89050001
;US-ME;1992;p99.5p100;689115.38;;0.079800002;0.079800002
;US-ME;1991;p0p100;126798.5;25438586207.0;1.0;1.0
;US-ME;1991;p99p100;453233.59;;0.103;0.103
;US-ME;1991;p99.9p100;1589650.1;;0.0361;0.0361
;US-ME;1991;p99.99p100;5576041.0;;0.0127;0.0127
;US-ME;1991;p90p100;154100.41;;0.34999999;0.34999999
;US-ME;1991;p90p95;104197.8;;0.1183;0.1183
;US-ME;1991;p95p99;142040.3;;0.12909999;0.12909999
;US-ME;1991;p99.5p99.9;424455.09;;0.038600001;0.038600001
;US-ME;1991;p99.9p99.99;1146338.5;;0.023399999;0.023399999
;US-ME;1991;p99p99.5;248666.8;;0.028200001;0.028200001
;US-ME;1991;p95p100;204256.2;;0.23199999;0.23199999
;US-ME;1991;p0p90;31779.699;;0.64969999;0.64969999
;US-ME;1991;p0p99;39890.301;;0.89700001;0.89700001
;US-ME;1991;p99.5p100;657816.69;;0.074699998;0.074699998
;US-ME;1990;p0p100;144093.09;26747856181.0;1.0;1.0
;US-ME;1990;p99p100;469273.31;;0.1006;0.1006
;US-ME;1990;p99.9p100;1579735.9;;0.0339;0.0339
;US-ME;1990;p99.99p100;5218164.0;;0.0112;0.0112
;US-ME;1990;p90p100;157045.8;;0.33680001;0.33680001
;US-ME;1990;p90p95;104599.7;;0.1122;0.1122
;US-ME;1990;p95p99;144522.59;;0.124;0.124
;US-ME;1990;p99.5p99.9;454235.31;;0.039000001;0.039000001
;US-ME;1990;p99.9p99.99;1177820.3;;0.022700001;0.022700001
;US-ME;1990;p99p99.5;258758.0;;0.0277;0.0277
;US-ME;1990;p95p100;209513.91;;0.2247;0.2247
;US-ME;1990;p0p90;34356.699;;0.66320002;0.66320002
;US-ME;1990;p0p99;42355.398;;0.8994;0.8994
;US-ME;1990;p99.5p100;679405.5;;0.072899997;0.072899997
;US-ME;1989;p0p100;160591.2;27212495832.0;1.0;1.0
;US-ME;1989;p99p100;526053.0;;0.1116;0.1116
;US-ME;1989;p99.9p100;1931522.3;;0.041000001;0.041000001
;US-ME;1989;p99.99p100;7006685.0;;0.0149;0.0149
;US-ME;1989;p90p100;164179.8;;0.34819999;0.34819999
;US-ME;1989;p90p95;102332.5;;0.1085;0.1085
;US-ME;1989;p95p99;147524.59;;0.1252;0.1252
;US-ME;1989;p99.5p99.9;472480.31;;0.040100001;0.040100001
;US-ME;1989;p99.9p99.99;1331152.8;;0.0254;0.0254
;US-ME;1989;p99p99.5;267976.5;;0.0284;0.0284
;US-ME;1989;p95p100;225532.91;;0.2392;0.2392
;US-ME;1989;p0p90;34444.5;;0.65750003;0.65750003
;US-ME;1989;p0p99;42308.699;;0.88840002;0.88840002
;US-ME;1989;p99.5p100;775994.5;;0.0823;0.0823
;US-ME;1988;p0p100;176092.2;26627270489.0;1.0;1.0
;US-ME;1988;p99p100;576583.69;;0.1214;0.1214
;US-ME;1988;p99.9p100;2260891.5;;0.047600001;0.047600001
;US-ME;1988;p99.99p100;8505584.0;;0.017899999;0.017899999
;US-ME;1988;p90p100;169213.59;;0.35620001;0.35620001
;US-ME;1988;p90p95;101995.8;;0.1073;0.1073
;US-ME;1988;p95p99;147284.8;;0.124;0.124
;US-ME;1988;p99.5p99.9;504863.0;;0.0425;0.0425
;US-ME;1988;p99.9p99.99;1525305.3;;0.028899999;0.028899999
;US-ME;1988;p99p99.5;273418.59;;0.0288;0.0288
;US-ME;1988;p95p100;235844.91;;0.2482;0.2482
;US-ME;1988;p0p90;34342.398;;0.65060002;0.65060002
;US-ME;1988;p0p99;42165.0;;0.8786;0.8786
;US-ME;1988;p99.5p100;869982.19;;0.091600001;0.091600001
;US-ME;1987;p0p100;179700.5;24376283655.0;1.0;1.0
;US-ME;1987;p99p100;507496.81;;0.1125;0.1125
;US-ME;1987;p99.9p100;1893388.9;;0.041999999;0.041999999
;US-ME;1987;p99.99p100;7109955.0;;0.015799999;0.015799999
;US-ME;1987;p90p100;158966.3;;0.3524;0.3524
;US-ME;1987;p90p95;99620.203;;0.1104;0.1104
;US-ME;1987;p95p99;145165.7;;0.1287;0.1287
;US-ME;1987;p99.5p99.9;458915.69;;0.0407;0.0407
;US-ME;1987;p99.9p99.99;1302732.1;;0.026000001;0.026000001
;US-ME;1987;p99p99.5;263707.0;;0.029200001;0.029200001
;US-ME;1987;p95p100;218212.41;;0.2419;0.2419
;US-ME;1987;p0p90;32539.801;;0.64920002;0.64920002
;US-ME;1987;p0p99;40440.5;;0.88749999;0.88749999
;US-ME;1987;p99.5p100;749133.81;;0.082999997;0.082999997
;US-ME;1986;p0p100;193760.3;24170848218.0;1.0;1.0
;US-ME;1986;p99p100;649512.81;;0.1427;0.1427
;US-ME;1986;p99.9p100;2970754.8;;0.065300003;0.065300003
;US-ME;1986;p99.99p100;13213581.0;;0.028999999;0.028999999
;US-ME;1986;p90p100;168649.5;;0.37059999;0.37059999
;US-ME;1986;p90p95;93682.398;;0.1029;0.1029
;US-ME;1986;p95p99;141518.41;;0.1244;0.1244
;US-ME;1986;p99.5p99.9;535528.63;;0.0471;0.0471
;US-ME;1986;p99.9p99.99;1821716.6;;0.035999998;0.035999998
;US-ME;1986;p99p99.5;272347.91;;0.029899999;0.029899999
;US-ME;1986;p95p100;243519.7;;0.26750001;0.26750001
;US-ME;1986;p0p90;31892.699;;0.63069999;0.63069999
;US-ME;1986;p0p99;39412.0;;0.85729998;0.85729998
;US-ME;1986;p99.5p100;1025020.1;;0.1126;0.1126
;US-ME;1985;p0p100;180938.5;21512619439.0;1.0;1.0
;US-ME;1985;p99p100;452212.31;;0.1103;0.1103
;US-ME;1985;p99.9p100;1847829.3;;0.0451;0.0451
;US-ME;1985;p99.99p100;7547774.0;;0.0184;0.0184
;US-ME;1985;p90p100;137963.7;;0.33649999;0.33649999
;US-ME;1985;p90p95;85652.703;;0.1044;0.1044
;US-ME;1985;p95p99;124122.6;;0.1211;0.1211
;US-ME;1985;p99.5p99.9;385889.69;;0.037599999;0.037599999
;US-ME;1985;p99.9p99.99;1198546.4;;0.0263;0.0263
;US-ME;1985;p99p99.5;221139.5;;0.027000001;0.027000001
;US-ME;1985;p95p100;190182.3;;0.23190001;0.23190001
;US-ME;1985;p0p90;30303.199;;0.66509998;0.66509998
;US-ME;1985;p0p99;36849.5;;0.8897;0.8897
;US-ME;1985;p99.5p100;681423.31;;0.083099999;0.083099999
;US-ME;1984;p0p100;192605.8;20410811209.0;1.0;1.0
;US-ME;1984;p99p100;410744.69;;0.1007;0.1007
;US-ME;1984;p99.9p100;1652437.3;;0.0405;0.0405
;US-ME;1984;p99.99p100;6898938.0;;0.016899999;0.016899999
;US-ME;1984;p90p100;134970.0;;0.3308;0.3308
;US-ME;1984;p90p95;92357.797;;0.1132;0.1132
;US-ME;1984;p95p99;118602.4;;0.1163;0.1163
;US-ME;1984;p99.5p99.9;349337.59;;0.034299999;0.034299999
;US-ME;1984;p99.9p99.99;1051773.9;;0.0232;0.0232
;US-ME;1984;p99p99.5;206485.5;;0.0253;0.0253
;US-ME;1984;p95p100;177448.2;;0.2175;0.2175
;US-ME;1984;p0p90;30410.5;;0.67089999;0.67089999
;US-ME;1984;p0p99;37060.801;;0.89929998;0.89929998
;US-ME;1984;p99.5p100;613203.19;;0.075199999;0.075199999
;US-ME;1983;p0p100;208957.3;19253235642.0;1.0;1.0
;US-ME;1983;p99p100;380548.59;;0.097099997;0.097099997
;US-ME;1983;p99.9p100;1498429.8;;0.038199998;0.038199998
;US-ME;1983;p99.99p100;6331536.5;;0.0162;0.0162
;US-ME;1983;p90p100;122251.2;;0.31209999;0.31209999
;US-ME;1983;p90p95;78606.797;;0.1003;0.1003
;US-ME;1983;p95p99;112297.8;;0.1147;0.1147
;US-ME;1983;p99.5p99.9;332494.41;;0.0339;0.0339
;US-ME;1983;p99.9p99.99;966353.38;;0.0222;0.0222
;US-ME;1983;p99p99.5;197051.8;;0.0251;0.0251
;US-ME;1983;p95p100;165840.5;;0.21170001;0.21170001
;US-ME;1983;p0p90;29928.801;;0.68760002;0.68760002
;US-ME;1983;p0p99;35728.102;;0.90289998;0.90289998
;US-ME;1983;p99.5p100;564616.5;;0.072099999;0.072099999
;US-ME;1982;p0p100;212514.5;18779433036.0;1.0;1.0
;US-ME;1982;p99p100;342613.41;;0.089699998;0.089699998
;US-ME;1982;p99.9p100;1325214.5;;0.034699999;0.034699999
;US-ME;1982;p99.99p100;5502333.5;;0.0144;0.0144
;US-ME;1982;p90p100;111968.0;;0.29300001;0.29300001
;US-ME;1982;p90p95;72226.797;;0.094499998;0.094499998
;US-ME;1982;p95p99;103821.6;;0.1087;0.1087
;US-ME;1982;p99.5p99.9;300638.81;;0.031500001;0.031500001
;US-ME;1982;p99.9p99.99;861090.19;;0.020300001;0.020300001
;US-ME;1982;p99p99.5;179673.0;;0.023499999;0.023499999
;US-ME;1982;p95p100;151609.7;;0.19840001;0.19840001
;US-ME;1982;p0p90;30024.301;;0.70719999;0.70719999
;US-ME;1982;p0p99;35137.5;;0.91030002;0.91030002
;US-ME;1982;p99.5p100;505553.91;;0.066200003;0.066200003
;US-ME;1981;p0p100;237140.91;18523808149.0;1.0;1.0
;US-ME;1981;p99p100;303973.81;;0.080200002;0.080200002
;US-ME;1981;p99.9p100;885093.69;;0.0233;0.0233
;US-ME;1981;p99.99p100;2932352.5;;0.0077;0.0077
;US-ME;1981;p90p100;123338.3;;0.32519999;0.32519999
;US-ME;1981;p90p95;94108.5;;0.1241;0.1241
;US-ME;1981;p95p99;115234.7;;0.1215;0.1215
;US-ME;1981;p99.5p99.9;302538.69;;0.0319;0.0319
;US-ME;1981;p99.9p99.99;656897.5;;0.0156;0.0156
;US-ME;1981;p99p99.5;187464.0;;0.024700001;0.024700001
;US-ME;1981;p95p100;153123.3;;0.20190001;0.20190001
;US-ME;1981;p0p90;28420.301;;0.67439997;0.67439997
;US-ME;1981;p0p99;35237.699;;0.91979998;0.91979998
;US-ME;1981;p99.5p100;420223.19;;0.055399999;0.055399999
;US-ME;1980;p0p100;290327.09;18700470045.0;1.0;1.0
;US-ME;1980;p99p100;316889.91;;0.081900001;0.081900001
;US-ME;1980;p99.9p100;882694.31;;0.0228;0.0228
;US-ME;1980;p99.99p100;3048951.8;;0.0078999996;0.0078999996
;US-ME;1980;p90p100;121293.3;;0.31330001;0.31330001
;US-ME;1980;p90p95;84730.0;;0.1094;0.1094
;US-ME;1980;p95p99;117972.3;;0.1219;0.1219
;US-ME;1980;p99.5p99.9;315858.81;;0.032600001;0.032600001
;US-ME;1980;p99.9p99.99;641733.69;;0.0149;0.0149
;US-ME;1980;p99p99.5;204088.5;;0.0264;0.0264
;US-ME;1980;p95p100;157799.91;;0.20379999;0.20379999
;US-ME;1980;p0p90;29542.199;;0.68690002;0.68690002
;US-ME;1980;p0p99;35899.801;;0.9181;0.9181
;US-ME;1980;p99.5p100;429636.31;;0.055500001;0.055500001
;US-ME;1979;p0p100;354366.41;18285092474.0;1.0;1.0
;US-ME;1979;p99p100;308498.91;;0.080600001;0.080600001
;US-ME;1979;p99.9p100;859140.63;;0.022399999;0.022399999
;US-ME;1979;p99.99p100;2724484.5;;0.0071;0.0071
;US-ME;1979;p90p100;120700.0;;0.31529999;0.31529999
;US-ME;1979;p90p95;81543.203;;0.1065;0.1065
;US-ME;1979;p95p99;122650.5;;0.12819999;0.12819999
;US-ME;1979;p99.5p99.9;315559.91;;0.033;0.033
;US-ME;1979;p99.9p99.99;651373.81;;0.0153;0.0153
;US-ME;1979;p99p99.5;192666.7;;0.0252;0.0252
;US-ME;1979;p95p100;159791.7;;0.2087;0.2087
;US-ME;1979;p0p90;29122.5;;0.68470001;0.68470001
;US-ME;1979;p0p99;35548.199;;0.91939998;0.91939998
;US-ME;1979;p99.5p100;424596.19;;0.055500001;0.055500001
;US-ME;1978;p0p100;424155.0;17570757707.0;1.0;1.0
;US-ME;1978;p99p100;299432.09;;0.078500003;0.078500003
;US-ME;1978;p99.9p100;804762.81;;0.0211;0.0211
;US-ME;1978;p99.99p100;2395380.8;;0.0063;0.0063
;US-ME;1978;p90p100;119553.9;;0.31330001;0.31330001
;US-ME;1978;p90p95;80313.398;;0.1052;0.1052
;US-ME;1978;p95p99;123858.6;;0.12980001;0.12980001
;US-ME;1978;p99.5p99.9;290865.59;;0.0305;0.0305
;US-ME;1978;p99.9p99.99;627814.88;;0.0148;0.0148
;US-ME;1978;p99p99.5;205253.09;;0.026900001;0.026900001
;US-ME;1978;p95p100;158854.5;;0.20819999;0.20819999
;US-ME;1978;p0p90;29102.199;;0.6864;0.6864
;US-ME;1978;p0p99;35517.199;;0.92150003;0.92150003
;US-ME;1978;p99.5p100;393769.0;;0.051600002;0.051600002
;US-ME;1977;p0p100;487673.91;17036388530.0;1.0;1.0
;US-ME;1977;p99p100;298067.69;;0.078599997;0.078599997
;US-ME;1977;p99.9p100;757844.81;;0.02;0.02
;US-ME;1977;p99.99p100;2262359.3;;0.0060000001;0.0060000001
;US-ME;1977;p90p100;116178.2;;0.3066;0.3066
;US-ME;1977;p90p95;80876.0;;0.1067;0.1067
;US-ME;1977;p95p99;114827.3;;0.1212;0.1212
;US-ME;1977;p99.5p99.9;287479.5;;0.030300001;0.030300001
;US-ME;1977;p99.9p99.99;590228.5;;0.014;0.014
;US-ME;1977;p99p99.5;214579.5;;0.0283;0.0283
;US-ME;1977;p95p100;151485.5;;0.1999;0.1999
;US-ME;1977;p0p90;29201.5;;0.69349998;0.69349998
;US-ME;1977;p0p99;35270.5;;0.92140001;0.92140001
;US-ME;1977;p99.5p100;381732.0;;0.0504;0.0504
;US-ME;1976;p0p100;555913.31;16723744676.0;1.0;1.0
;US-ME;1976;p99p100;296731.69;;0.0779;0.0779
;US-ME;1976;p99.9p100;766227.31;;0.020099999;0.020099999
;US-ME;1976;p99.99p100;1987358.3;;0.0052;0.0052
;US-ME;1976;p90p100;117345.8;;0.30809999;0.30809999
;US-ME;1976;p90p95;82293.203;;0.108;0.108
;US-ME;1976;p95p99;116330.2;;0.1222;0.1222
;US-ME;1976;p99.5p99.9;306957.0;;0.032200001;0.032200001
;US-ME;1976;p99.9p99.99;630756.13;;0.0149;0.0149
;US-ME;1976;p99p99.5;194357.09;;0.0255;0.0255
;US-ME;1976;p95p100;152409.59;;0.2001;0.2001
;US-ME;1976;p0p90;29281.4;;0.69190001;0.69190001
;US-ME;1976;p0p99;35474.602;;0.92210001;0.92210001
;US-ME;1976;p99.5p100;399083.69;;0.0524;0.0524
;US-ME;1975;p0p100;574096.81;15091315267.0;1.0;1.0
;US-ME;1975;p99p100;283970.09;;0.080799997;0.080799997
;US-ME;1975;p99.9p100;732646.31;;0.0208;0.0208
;US-ME;1975;p99.99p100;1939826.5;;0.0055;0.0055
;US-ME;1975;p90p100;114222.3;;0.32480001;0.32480001
;US-ME;1975;p90p95;80795.102;;0.1149;0.1149
;US-ME;1975;p95p99;113603.1;;0.1292;0.1292
;US-ME;1975;p99.5p99.9;288798.41;;0.032900002;0.032900002
;US-ME;1975;p99.9p99.99;599072.5;;0.0153;0.0153
;US-ME;1975;p99p99.5;189983.2;;0.027000001;0.027000001
;US-ME;1975;p95p100;147672.91;;0.20999999;0.20999999
;US-ME;1975;p0p90;26379.699;;0.67519999;0.67519999
;US-ME;1975;p0p99;32650.699;;0.9192;0.9192
;US-ME;1975;p99.5p100;377835.5;;0.0537;0.0537
;US-ME;1974;p0p100;740617.69;15974156718.0;1.0;1.0
;US-ME;1974;p99p100;295757.19;;0.077600002;0.077600002
;US-ME;1974;p99.9p100;815762.69;;0.021400001;0.021400001
;US-ME;1974;p99.99p100;2431353.3;;0.0063999998;0.0063999998
;US-ME;1974;p90p100;117163.4;;0.30759999;0.30759999
;US-ME;1974;p90p95;82515.102;;0.1083;0.1083
;US-ME;1974;p95p99;115465.8;;0.1212;0.1212
;US-ME;1974;p99.5p99.9;293273.19;;0.0308;0.0308
;US-ME;1974;p99.9p99.99;631895.63;;0.0149;0.0149
;US-ME;1974;p99p99.5;191477.7;;0.0251;0.0251
;US-ME;1974;p95p100;151835.41;;0.19930001;0.19930001
;US-ME;1974;p0p90;29339.301;;0.69319999;0.69319999
;US-ME;1974;p0p99;35489.398;;0.9224;0.9224
;US-ME;1974;p99.5p100;399111.59;;0.0524;0.0524
;US-ME;1973;p0p100;925198.0;15828129692.0;1.0;1.0
;US-ME;1973;p99p100;321726.59;;0.083400004;0.083400004
;US-ME;1973;p99.9p100;788589.13;;0.020400001;0.020400001
;US-ME;1973;p99.99p100;1915821.8;;0.0049999999;0.0049999999
;US-ME;1973;p90p100;123250.7;;0.3193;0.3193
;US-ME;1973;p90p95;84269.203;;0.1092;0.1092
;US-ME;1973;p95p99;122364.4;;0.1268;0.1268
;US-ME;1973;p99.5p99.9;333379.59;;0.034600001;0.034600001
;US-ME;1973;p99.9p99.99;662718.88;;0.0155;0.0155
;US-ME;1973;p99p99.5;218617.5;;0.0283;0.0283
;US-ME;1973;p95p100;162239.3;;0.2102;0.2102
;US-ME;1973;p0p90;29193.1;;0.6807;0.6807
;US-ME;1973;p0p99;35736.602;;0.91659999;0.91659999
;US-ME;1973;p99.5p100;424405.91;;0.055;0.055
;US-ME;1972;p0p100;1018325.6;15094594864.0;1.0;1.0
;US-ME;1972;p99p100;302574.69;;0.080399998;0.080399998
;US-ME;1972;p99.9p100;823146.31;;0.0219;0.0219
;US-ME;1972;p99.99p100;2260587.3;;0.0060000001;0.0060000001
;US-ME;1972;p90p100;115634.2;;0.3071;0.3071
;US-ME;1972;p90p95;78337.5;;0.104;0.104
;US-ME;1972;p95p99;115526.6;;0.1227;0.1227
;US-ME;1972;p99.5p99.9;302102.31;;0.032099999;0.032099999
;US-ME;1972;p99.9p99.99;663217.13;;0.015900001;0.015900001
;US-ME;1972;p99p99.5;198523.2;;0.0264;0.0264
;US-ME;1972;p95p100;152938.7;;0.2031;0.2031
;US-ME;1972;p0p90;28988.801;;0.6929;0.6929
;US-ME;1972;p0p99;34975.801;;0.91960001;0.91960001
;US-ME;1972;p99.5p100;406626.0;;0.054000001;0.054000001
;US-ME;1971;p0p100;1053015.3;14308846788.0;1.0;1.0
;US-ME;1971;p99p100;305120.0;;0.083499998;0.083499998
;US-ME;1971;p99.9p100;790270.81;;0.021600001;0.021600001
;US-ME;1971;p99.99p100;2546769.5;;0.0070000002;0.0070000002
;US-ME;1971;p90p100;114315.6;;0.31279999;0.31279999
;US-ME;1971;p90p95;81376.102;;0.1113;0.1113
;US-ME;1971;p95p99;107838.3;;0.118;0.118
;US-ME;1971;p99.5p99.9;316454.19;;0.034600001;0.034600001
;US-ME;1971;p99.9p99.99;595262.69;;0.0147;0.0147
;US-ME;1971;p99p99.5;198571.3;;0.0272;0.0272
;US-ME;1971;p95p100;147293.3;;0.2015;0.2015
;US-ME;1971;p0p90;27909.9;;0.68720001;0.68720001
;US-ME;1971;p0p99;33837.5;;0.91649997;0.91649997
;US-ME;1971;p99.5p100;411582.41;;0.056299999;0.056299999
;US-ME;1970;p0p100;1159828.4;14098845100.0;1.0;1.0
;US-ME;1970;p99p100;291724.69;;0.079000004;0.079000004
;US-ME;1970;p99.9p100;745838.88;;0.020199999;0.020199999
;US-ME;1970;p99.99p100;2222792.3;;0.0060000001;0.0060000001
;US-ME;1970;p90p100;111003.4;;0.30039999;0.30039999
;US-ME;1970;p90p95;76646.797;;0.1037;0.1037
;US-ME;1970;p95p99;108806.6;;0.1178;0.1178
;US-ME;1970;p99.5p99.9;301205.09;;0.032600001;0.032600001
;US-ME;1970;p99.9p99.99;581316.81;;0.0142;0.0142
;US-ME;1970;p99p99.5;192904.41;;0.0261;0.0261
;US-ME;1970;p95p100;145379.7;;0.19670001;0.19670001
;US-ME;1970;p0p90;28721.9;;0.69959998;0.69959998
;US-ME;1970;p0p99;34375.602;;0.921;0.921
;US-ME;1970;p99.5p100;390434.19;;0.0528;0.0528
;US-ME;1969;p0p100;1277267.8;13838942431.0;1.0;1.0
;US-ME;1969;p99p100;318144.0;;0.087399997;0.087399997
;US-ME;1969;p99.9p100;941621.69;;0.025900001;0.025900001
;US-ME;1969;p99.99p100;3505312.8;;0.0096000005;0.0096000005
;US-ME;1969;p90p100;114499.8;;0.3145;0.3145
;US-ME;1969;p90p95;76005.398;;0.1044;0.1044
;US-ME;1969;p95p99;111755.8;;0.1228;0.1228
;US-ME;1969;p99.5p99.9;313838.81;;0.034499999;0.034499999
;US-ME;1969;p99.9p99.99;657832.69;;0.0163;0.0163
;US-ME;1969;p99p99.5;196780.09;;0.027000001;0.027000001
;US-ME;1969;p95p100;153006.91;;0.2101;0.2101
;US-ME;1969;p0p90;27725.199;;0.68540001;0.68540001
;US-ME;1969;p0p99;33559.102;;0.91259998;0.91259998
;US-ME;1969;p99.5p100;439612.81;;0.060400002;0.060400002
;US-ME;1968;p0p100;1396919.3;13582516640.0;1.0;1.0
;US-ME;1968;p99p100;341010.31;;0.095299996;0.095299996
;US-ME;1968;p99.9p100;1033394.8;;0.028899999;0.028899999
;US-ME;1968;p99.99p100;3769488.0;;0.0105;0.0105
;US-ME;1968;p90p100;116297.4;;0.3249;0.3249
;US-ME;1968;p90p95;74960.398;;0.1047;0.1047
;US-ME;1968;p95p99;111749.1;;0.1249;0.1249
;US-ME;1968;p99.5p99.9;323709.19;;0.036200002;0.036200002
;US-ME;1968;p99.9p99.99;730701.13;;0.0184;0.0184
;US-ME;1968;p99p99.5;216354.09;;0.030200001;0.030200001
;US-ME;1968;p95p100;157611.91;;0.2201;0.2201
;US-ME;1968;p0p90;26855.9;;0.67519999;0.67519999
;US-ME;1968;p0p99;32716.5;;0.90469998;0.90469998
;US-ME;1968;p99.5p100;465525.59;;0.064999998;0.064999998
;US-ME;1967;p0p100;1482535.1;13249538677.0;1.0;1.0
;US-ME;1967;p99p100;334904.69;;0.095700003;0.095700003
;US-ME;1967;p99.9p100;946435.88;;0.027000001;0.027000001
;US-ME;1967;p99.99p100;3317268.3;;0.0094999997;0.0094999997
;US-ME;1967;p90p100;112055.7;;0.3202;0.3202
;US-ME;1967;p90p95;71934.703;;0.1028;0.1028
;US-ME;1967;p95p99;106541.2;;0.1218;0.1218
;US-ME;1967;p99.5p99.9;332083.0;;0.037999999;0.037999999
;US-ME;1967;p99.9p99.99;683264.5;;0.0176;0.0176
;US-ME;1967;p99p99.5;214891.09;;0.0307;0.0307
;US-ME;1967;p95p100;152200.59;;0.2174;0.2174
;US-ME;1967;p0p90;26433.6;;0.67979997;0.67979997
;US-ME;1967;p0p99;31968.801;;0.90429997;0.90429997
;US-ME;1967;p99.5p100;454987.91;;0.064999998;0.064999998
;US-ME;1966;p0p100;1537852.0;12892906978.0;1.0;1.0
;US-ME;1966;p99p100;292855.09;;0.085699998;0.085699998
;US-ME;1966;p99.9p100;846384.0;;0.024800001;0.024800001
;US-ME;1966;p99.99p100;2739516.3;;0.0080000004;0.0080000004
;US-ME;1966;p90p100;105638.2;;0.30919999;0.30919999
;US-ME;1966;p90p95;72555.5;;0.1062;0.1062
;US-ME;1966;p95p99;100459.3;;0.1176;0.1176
;US-ME;1966;p99.5p99.9;284804.0;;0.033300001;0.033300001
;US-ME;1966;p99.9p99.99;636288.5;;0.016799999;0.016799999
;US-ME;1966;p99p99.5;187943.59;;0.0275;0.0275
;US-ME;1966;p95p100;138923.2;;0.2033;0.2033
;US-ME;1966;p0p90;26212.199;;0.69050002;0.69050002
;US-ME;1966;p0p99;31549.6;;0.91430002;0.91430002
;US-ME;1966;p99.5p100;397550.59;;0.058200002;0.058200002
;US-ME;1965;p0p100;1584694.4;12509831209.0;1.0;1.0
;US-ME;1965;p99p100;316940.19;;0.095200002;0.095200002
;US-ME;1965;p99.9p100;1028460.3;;0.0309;0.0309
;US-ME;1965;p99.99p100;4668722.0;;0.014;0.014
;US-ME;1965;p90p100;105127.9;;0.3159;0.3159
;US-ME;1965;p90p95;69382.398;;0.1043;0.1043
;US-ME;1965;p95p99;96847.5;;0.1164;0.1164
;US-ME;1965;p99.5p99.9;293729.91;;0.035300002;0.035300002
;US-ME;1965;p99.9p99.99;624590.0;;0.016899999;0.016899999
;US-ME;1965;p99p99.5;193141.41;;0.028999999;0.028999999
;US-ME;1965;p95p100;140867.7;;0.21170001;0.21170001
;US-ME;1965;p0p90;25291.1;;0.68409997;0.68409997
;US-ME;1965;p0p99;30409.301;;0.9048;0.9048
;US-ME;1965;p99.5p100;440697.31;;0.066200003;0.066200003
;US-ME;1964;p0p100;1544402.5;11751064644.0;1.0;1.0
;US-ME;1964;p99p100;293703.5;;0.093500003;0.093500003
;US-ME;1964;p99.9p100;768774.31;;0.024499999;0.024499999
;US-ME;1964;p99.99p100;2308122.3;;0.0073000002;0.0073000002
;US-ME;1964;p90p100;99547.203;;0.317;0.317
;US-ME;1964;p90p95;65910.703;;0.1049;0.1049
;US-ME;1964;p95p99;93038.297;;0.1185;0.1185
;US-ME;1964;p99.5p99.9;290859.69;;0.037;0.037
;US-ME;1964;p99.9p99.99;597402.88;;0.017100001;0.017100001
;US-ME;1964;p99p99.5;200422.3;;0.0319;0.0319
;US-ME;1964;p95p100;133165.59;;0.212;0.212
;US-ME;1964;p0p90;23840.199;;0.6832;0.6832
;US-ME;1964;p0p99;28757.801;;0.90649998;0.90649998
;US-ME;1964;p99.5p100;386546.09;;0.061500002;0.061500002
;US-ME;1963;p0p100;1478135.1;10890290706.0;1.0;1.0
;US-ME;1963;p99p100;239706.0;;0.081799999;0.081799999
;US-ME;1963;p99.9p100;650807.0;;0.0222;0.0222
;US-ME;1963;p99.99p100;1704357.4;;0.0057999999;0.0057999999
;US-ME;1963;p90p100;89108.203;;0.30419999;0.30419999
;US-ME;1963;p90p95;60881.102;;0.1039;0.1039
;US-ME;1963;p95p99;86743.203;;0.1185;0.1185
;US-ME;1963;p99.5p99.9;244329.09;;0.033399999;0.033399999
;US-ME;1963;p99.9p99.99;534786.38;;0.0164;0.0164
;US-ME;1963;p99p99.5;153537.59;;0.0262;0.0262
;US-ME;1963;p95p100;117335.8;;0.20029999;0.20029999
;US-ME;1963;p0p90;22642.699;;0.69580001;0.69580001
;US-ME;1963;p0p99;27163.5;;0.91820002;0.91820002
;US-ME;1963;p99.5p100;325869.09;;0.055599999;0.055599999
;US-ME;1962;p0p100;1487839.8;10604918023.0;1.0;1.0
;US-ME;1962;p99p100;230108.41;;0.0801;0.0801
;US-ME;1962;p99.9p100;686419.81;;0.0239;0.0239
;US-ME;1962;p99.99p100;1775722.3;;0.0062000002;0.0062000002
;US-ME;1962;p90p100;86731.0;;0.30199999;0.30199999
;US-ME;1962;p90p95;59679.199;;0.1039;0.1039
;US-ME;1962;p95p99;84701.797;;0.118;0.118
;US-ME;1962;p99.5p99.9;225590.41;;0.031399999;0.031399999
;US-ME;1962;p99.9p99.99;567214.13;;0.0178;0.0178
;US-ME;1962;p99p99.5;142302.5;;0.024800001;0.024800001
;US-ME;1962;p95p100;113783.2;;0.1981;0.1981
;US-ME;1962;p0p90;22268.4;;0.6979;0.6979
;US-ME;1962;p0p99;26681.301;;0.9199;0.9199
;US-ME;1962;p99.5p100;317910.41;;0.055399999;0.055399999
;US-ME;1961;p0p100;1509735.0;10466254773.0;1.0;1.0
;US-ME;1961;p99p100;255454.8;;0.089400001;0.089400001
;US-ME;1961;p99.9p100;690885.31;;0.0242;0.0242
;US-ME;1961;p99.99p100;1840554.8;;0.0063999998;0.0063999998
;US-ME;1961;p90p100;88489.703;;0.3098;0.3098
;US-ME;1961;p90p95;57926.102;;0.1014;0.1014
;US-ME;1961;p95p99;84955.703;;0.119;0.119
;US-ME;1961;p99.5p99.9;272914.0;;0.038199998;0.038199998
;US-ME;1961;p99.9p99.99;563704.19;;0.0178;0.0178
;US-ME;1961;p99p99.5;154252.0;;0.027000001;0.027000001
;US-ME;1961;p95p100;119054.0;;0.2084;0.2084
;US-ME;1961;p0p90;21903.6;;0.69019997;0.69019997
;US-ME;1961;p0p99;26270.199;;0.91060001;0.91060001
;US-ME;1961;p99.5p100;356660.69;;0.062399998;0.062399998
;US-ME;1960;p0p100;1538845.3;10360926396.0;1.0;1.0
;US-ME;1960;p99p100;227058.09;;0.079599999;0.079599999
;US-ME;1960;p99.9p100;630083.63;;0.0221;0.0221
;US-ME;1960;p99.99p100;2377836.0;;0.0082999999;0.0082999999
;US-ME;1960;p90p100;83002.797;;0.29089999;0.29089999
;US-ME;1960;p90p95;55896.602;;0.097999997;0.097999997
;US-ME;1960;p95p99;80872.797;;0.1134;0.1134
;US-ME;1960;p99.5p99.9;228002.91;;0.032000002;0.032000002
;US-ME;1960;p99.9p99.99;435637.41;;0.0137;0.0137
;US-ME;1960;p99p99.5;145355.09;;0.0255;0.0255
;US-ME;1960;p95p100;110108.7;;0.193;0.193
;US-ME;1960;p0p90;22481.301;;0.70920002;0.70920002
;US-ME;1960;p0p99;26526.199;;0.92040002;0.92040002
;US-ME;1960;p99.5p100;308755.41;;0.054099999;0.054099999
;US-ME;1959;p0p100;1532473.0;10013093766.0;1.0;1.0
;US-ME;1959;p99p100;214584.91;;0.078100003;0.078100003
;US-ME;1959;p99.9p100;579775.38;;0.0211;0.0211
;US-ME;1959;p99.99p100;1672445.0;;0.0060999999;0.0060999999
;US-ME;1959;p90p100;81312.703;;0.29609999;0.29609999
;US-ME;1959;p90p95;55183.602;;0.1005;0.1005
;US-ME;1959;p95p99;80661.797;;0.1175;0.1175
;US-ME;1959;p99.5p99.9;219062.8;;0.0319;0.0319
;US-ME;1959;p99.9p99.99;458749.5;;0.015;0.015
;US-ME;1959;p99p99.5;137829.3;;0.0251;0.0251
;US-ME;1959;p95p100;107443.2;;0.1956;0.1956
;US-ME;1959;p0p90;21478.199;;0.70389998;0.70389998
;US-ME;1959;p0p99;25571.4;;0.92189997;0.92189997
;US-ME;1959;p99.5p100;291348.59;;0.052999999;0.052999999
;US-ME;1958;p0p100;1472616.9;9518461382.0;1.0;1.0
;US-ME;1958;p99p100;230734.5;;0.088699996;0.088699996
;US-ME;1958;p99.9p100;689838.19;;0.0265;0.0265
;US-ME;1958;p99.99p100;1553006.1;;0.0060000001;0.0060000001
;US-ME;1958;p90p100;79960.398;;0.30720001;0.30720001
;US-ME;1958;p90p95;52738.801;;0.1013;0.1013
;US-ME;1958;p95p99;76294.898;;0.1173;0.1173
;US-ME;1958;p99.5p99.9;229694.91;;0.035300002;0.035300002
;US-ME;1958;p99.9p99.99;595380.69;;0.0206;0.0206
;US-ME;1958;p99p99.5;139661.3;;0.026799999;0.026799999
;US-ME;1958;p95p100;107182.6;;0.2059;0.2059
;US-ME;1958;p0p90;20033.9;;0.69270003;0.69270003
;US-ME;1958;p0p99;23959.699;;0.9113;0.9113
;US-ME;1958;p99.5p100;321806.91;;0.061799999;0.061799999
;US-ME;1957;p0p100;1551050.9;9526119913.0;1.0;1.0
;US-ME;1957;p99p100;222638.5;;0.085699998;0.085699998
;US-ME;1957;p99.9p100;603979.81;;0.0233;0.0233
;US-ME;1957;p99.99p100;1556817.5;;0.0060000001;0.0060000001
;US-ME;1957;p90p100;80110.398;;0.30840001;0.30840001
;US-ME;1957;p90p95;52889.0;;0.1018;0.1018
;US-ME;1957;p95p99;78506.898;;0.1209;0.1209
;US-ME;1957;p99.5p99.9;228418.5;;0.0352;0.0352
;US-ME;1957;p99.9p99.99;498720.81;;0.0173;0.0173
;US-ME;1957;p99p99.5;141575.3;;0.0273;0.0273
;US-ME;1957;p95p100;107332.3;;0.2066;0.2066
;US-ME;1957;p0p90;19962.4;;0.69160002;0.69160002
;US-ME;1957;p0p99;23990.5;;0.91430002;0.91430002
;US-ME;1957;p99.5p100;303699.5;;0.058499999;0.058499999
;US-ME;1956;p0p100;1680962.5;9637002113.0;1.0;1.0
;US-ME;1956;p99p100;230286.41;;0.087700002;0.087700002
;US-ME;1956;p99.9p100;727191.38;;0.0277;0.0277
;US-ME;1956;p99.99p100;1630393.1;;0.0062000002;0.0062000002
;US-ME;1956;p90p100;75819.898;;0.2888;0.2888
;US-ME;1956;p90p95;47470.898;;0.090400003;0.090400003
;US-ME;1956;p95p99;72681.5;;0.1108;0.1108
;US-ME;1956;p99.5p99.9;224951.3;;0.034299999;0.034299999
;US-ME;1956;p99.9p99.99;628843.5;;0.021600001;0.021600001
;US-ME;1956;p99p99.5;135130.59;;0.025699999;0.025699999
;US-ME;1956;p95p100;104202.7;;0.19850001;0.19850001
;US-ME;1956;p0p90;20737.5;;0.71100003;0.71100003
;US-ME;1956;p0p99;24188.1;;0.91229999;0.91229999
;US-ME;1956;p99.5p100;325440.59;;0.061999999;0.061999999
;US-ME;1955;p0p100;1680994.3;9366877386.0;1.0;1.0
;US-ME;1955;p99p100;237082.59;;0.093000002;0.093000002
;US-ME;1955;p99.9p100;698489.5;;0.0274;0.0274
;US-ME;1955;p99.99p100;1960241.5;;0.0077;0.0077
;US-ME;1955;p90p100;76842.102;;0.30160001;0.30160001
;US-ME;1955;p90p95;50564.898;;0.099200003;0.099200003
;US-ME;1955;p95p99;70011.797;;0.1099;0.1099
;US-ME;1955;p99.5p99.9;243038.0;;0.038199998;0.038199998
;US-ME;1955;p99.9p99.99;558366.19;;0.0197;0.0197
;US-ME;1955;p99p99.5;140039.91;;0.0275;0.0275
;US-ME;1955;p95p100;103422.3;;0.20290001;0.20290001
;US-ME;1955;p0p90;19757.4;;0.69779998;0.69779998
;US-ME;1955;p0p99;23343.9;;0.90700001;0.90700001
;US-ME;1955;p99.5p100;334125.41;;0.0656;0.0656
;US-ME;1954;p0p100;1520169.8;8543799589.0;1.0;1.0
;US-ME;1954;p99p100;206643.2;;0.089000002;0.089000002
;US-ME;1954;p99.9p100;563467.88;;0.0243;0.0243
;US-ME;1954;p99.99p100;1491283.8;;0.0063999998;0.0063999998
;US-ME;1954;p90p100;76508.797;;0.32949999;0.32949999
;US-ME;1954;p90p95;61053.301;;0.13150001;0.13150001
;US-ME;1954;p95p99;65208.699;;0.1124;0.1124
;US-ME;1954;p99.5p99.9;217062.91;;0.0374;0.0374
;US-ME;1954;p99.9p99.99;460395.41;;0.0178;0.0178
;US-ME;1954;p99p99.5;126944.3;;0.0273;0.0273
;US-ME;1954;p95p100;93478.102;;0.2013;0.2013
;US-ME;1954;p0p90;17209.699;;0.66720003;0.66720003
;US-ME;1954;p0p99;21363.4;;0.91100001;0.91100001
;US-ME;1954;p99.5p100;286342.59;;0.061700001;0.061700001
;US-ME;1953;p0p100;1520806.4;8471002439.0;1.0;1.0
;US-ME;1953;p99p100;204409.2;;0.0889;0.0889
;US-ME;1953;p99.9p100;628074.13;;0.0273;0.0273
;US-ME;1953;p99.99p100;2026166.5;;0.0088;0.0088
;US-ME;1953;p90p100;72398.297;;0.31479999;0.31479999
;US-ME;1953;p90p95;54728.301;;0.119;0.119
;US-ME;1953;p95p99;62713.301;;0.1091;0.1091
;US-ME;1953;p99.5p99.9;209664.0;;0.036499999;0.036499999
;US-ME;1953;p99.9p99.99;472628.59;;0.0185;0.0185
;US-ME;1953;p99p99.5;115475.4;;0.0251;0.0251
;US-ME;1953;p95p100;91051.5;;0.198;0.198
;US-ME;1953;p0p90;17451.9;;0.68300003;0.68300003
;US-ME;1953;p0p99;21163.199;;0.91109997;0.91109997
;US-ME;1953;p99.5p100;293331.19;;0.0638;0.0638
;US-ME;1952;p0p100;1564114.0;8597626767.0;1.0;1.0
;US-ME;1952;p99p100;206398.91;;0.088600002;0.088600002
;US-ME;1952;p99.9p100;639325.63;;0.0274;0.0274
;US-ME;1952;p99.99p100;1982255.1;;0.0085000005;0.0085000005
;US-ME;1952;p90p100;71821.102;;0.30829999;0.30829999
;US-ME;1952;p90p95;53374.898;;0.1146;0.1146
;US-ME;1952;p95p99;62728.602;;0.1077;0.1077
;US-ME;1952;p99.5p99.9;207566.7;;0.035599999;0.035599999
;US-ME;1952;p99.9p99.99;490250.41;;0.0189;0.0189
;US-ME;1952;p99p99.5;118906.7;;0.0255;0.0255
;US-ME;1952;p95p100;91434.898;;0.1962;0.1962
;US-ME;1952;p0p90;17839.301;;0.68910003;0.68910003
;US-ME;1952;p0p99;21448.0;;0.91140002;0.91140002
;US-ME;1952;p99.5p100;293898.91;;0.063100003;0.063100003
;US-ME;1951;p0p100;1549964.0;8167779093.0;1.0;1.0
;US-ME;1951;p99p100;238368.8;;0.1078;0.1078
;US-ME;1951;p99.9p100;789973.19;;0.035700001;0.035700001
;US-ME;1951;p99.99p100;2183201.3;;0.0098999999;0.0098999999
;US-ME;1951;p90p100;72191.602;;0.3265;0.3265
;US-ME;1951;p90p95;43575.301;;0.098499998;0.098499998
;US-ME;1951;p95p99;65651.102;;0.1188;0.1188
;US-ME;1951;p99.5p99.9;234293.41;;0.042399999;0.042399999
;US-ME;1951;p99.9p99.99;635306.31;;0.025900001;0.025900001
;US-ME;1951;p99p99.5;130577.3;;0.0295;0.0295
;US-ME;1951;p95p100;100458.6;;0.2272;0.2272
;US-ME;1951;p0p99;15075.7;;0.67500001;0.67500001
;US-ME;1951;p99.5p100;345936.81;;0.078199998;0.078199998
;US-ME;1950;p0p100;1730900.9;7841340569.0;1.0;1.0
;US-ME;1950;p99p100;223623.41;;0.1055;0.1055
;US-ME;1950;p99.9p100;697362.13;;0.032900002;0.032900002
;US-ME;1950;p99.99p100;1722271.0;;0.0081000002;0.0081000002
;US-ME;1950;p90p100;69785.898;;0.32910001;0.32910001
;US-ME;1950;p90p95;42902.301;;0.1012;0.1012
;US-ME;1950;p95p99;64904.898;;0.1224;0.1224
;US-ME;1950;p99.5p99.9;227156.8;;0.042800002;0.042800002
;US-ME;1950;p99.9p99.99;592401.81;;0.0251;0.0251
;US-ME;1950;p99p99.5;126189.2;;0.0298;0.0298
;US-ME;1950;p95p100;96567.102;;0.2277;0.2277
;US-ME;1950;p0p90;15799.2;;0.67049998;0.67049998
;US-ME;1950;p0p99;19160.9;;0.89450002;0.89450002
;US-ME;1950;p99.5p100;321085.81;;0.0757;0.0757
;US-ME;1949;p0p100;1737549.9;7652948246.0;1.0;1.0
;US-ME;1949;p99p100;193014.3;;0.092500001;0.092500001
;US-ME;1949;p99.9p100;566498.31;;0.027100001;0.027100001
;US-ME;1949;p99.99p100;1513253.6;;0.0071999999;0.0071999999
;US-ME;1949;p90p100;63373.5;;0.30360001;0.30360001
;US-ME;1949;p90p95;40659.801;;0.097400002;0.097400002
;US-ME;1949;p95p99;59291.898;;0.1136;0.1136
;US-ME;1949;p99.5p99.9;197808.7;;0.037900001;0.037900001
;US-ME;1949;p99.9p99.99;461321.81;;0.0199;0.0199
;US-ME;1949;p99p99.5;114479.7;;0.0274;0.0274
;US-ME;1949;p95p100;85991.797;;0.206;0.206
;US-ME;1949;p0p90;16156.5;;0.6965;0.6965
;US-ME;1949;p0p99;19136.9;;0.90750003;0.90750003
;US-ME;1949;p99.5p100;271546.81;;0.064999998;0.064999998
;US-ME;1948;p0p100;1753444.6;7830414775.0;1.0;1.0
;US-ME;1948;p99p100;211359.3;;0.098399997;0.098399997
;US-ME;1948;p99.9p100;637069.13;;0.0297;0.0297
;US-ME;1948;p99.99p100;1840265.6;;0.0086000003;0.0086000003
;US-ME;1948;p90p100;66604.703;;0.31009999;0.31009999
;US-ME;1948;p90p95;41573.602;;0.096799999;0.096799999
;US-ME;1948;p95p99;61678.699;;0.1148;0.1148
;US-ME;1948;p99.5p99.9;213118.09;;0.039700001;0.039700001
;US-ME;1948;p99.9p99.99;503393.41;;0.0211;0.0211
;US-ME;1948;p99p99.5;124815.0;;0.029100001;0.029100001
;US-ME;1948;p95p100;91599.203;;0.2132;0.2132
;US-ME;1948;p0p90;16469.199;;0.69;0.69
;US-ME;1948;p0p99;19563.801;;0.9016;0.9016
;US-ME;1948;p99.5p100;297906.91;;0.069300003;0.069300003
;US-ME;1947;p0p100;1953220.9;7465893030.0;1.0;1.0
;US-ME;1947;p99p100;199005.59;;0.096600004;0.096600004
;US-ME;1947;p99.9p100;608209.5;;0.0295;0.0295
;US-ME;1947;p99.99p100;1748751.5;;0.0085000005;0.0085000005
;US-ME;1947;p90p100;63034.398;;0.30599999;0.30599999
;US-ME;1947;p90p95;39575.398;;0.096000001;0.096000001
;US-ME;1947;p95p99;58378.699;;0.1133;0.1133
;US-ME;1947;p99.5p99.9;200764.5;;0.039000001;0.039000001
;US-ME;1947;p99.9p99.99;481529.69;;0.021;0.021
;US-ME;1947;p99p99.5;115750.5;;0.028100001;0.028100001
;US-ME;1947;p95p100;86496.797;;0.20990001;0.20990001
;US-ME;1947;p0p90;15886.7;;0.69400001;0.69400001
;US-ME;1947;p0p99;18800.0;;0.9034;0.9034
;US-ME;1947;p99.5p100;282252.59;;0.068499997;0.068499997
;US-ME;1946;p0p100;2635735.8;7642073239.0;1.0;1.0
;US-ME;1946;p99p100;229519.41;;0.108;0.108
;US-ME;1946;p99.9p100;698780.63;;0.032900002;0.032900002
;US-ME;1946;p99.99p100;1919284.9;;0.0089999996;0.0089999996
;US-ME;1946;p90p100;69438.102;;0.32659999;0.32659999
;US-ME;1946;p90p95;41017.801;;0.096500002;0.096500002
;US-ME;1946;p95p99;64951.199;;0.1222;0.1222
;US-ME;1946;p99.5p99.9;232226.3;;0.043699998;0.043699998
;US-ME;1946;p99.9p99.99;563198.5;;0.023800001;0.023800001
;US-ME;1946;p99p99.5;133484.41;;0.031399999;0.031399999
;US-ME;1946;p95p100;97859.703;;0.23019999;0.23019999
;US-ME;1946;p0p90;15904.3;;0.67330003;0.67330003
;US-ME;1946;p0p99;19154.199;;0.89200002;0.89200002
;US-ME;1946;p99.5p100;325536.69;;0.0766;0.0766
;US-ME;1945;p0p100;3112392.3;7665097801.0;1.0;1.0
;US-ME;1945;p99p100;225813.91;;0.106;0.106
;US-ME;1945;p99.9p100;683075.38;;0.032099999;0.032099999
;US-ME;1945;p99.99p100;1762292.5;;0.0082999999;0.0082999999
;US-ME;1945;p90p100;68093.797;;0.3195;0.3195
;US-ME;1945;p90p95;40901.898;;0.096000001;0.096000001
;US-ME;1945;p95p99;62669.602;;0.1176;0.1176
;US-ME;1945;p99.5p99.9;234075.09;;0.043900002;0.043900002
;US-ME;1945;p99.9p99.99;565556.69;;0.0239;0.0239
;US-ME;1945;p99p99.5;127755.1;;0.029999999;0.029999999
;US-ME;1945;p95p100;95287.797;;0.2236;0.2236
;US-ME;1945;p0p90;16108.4;;0.6803;0.6803
;US-ME;1945;p0p99;19244.1;;0.89399999;0.89399999
;US-ME;1945;p99.5p100;323853.0;;0.075999998;0.075999998
;US-ME;1944;p0p100;3451344.5;8123574322.0;1.0;1.0
;US-ME;1944;p99p100;203859.2;;0.0902;0.0902
;US-ME;1944;p99.9p100;612754.69;;0.027100001;0.027100001
;US-ME;1944;p99.99p100;1611168.1;;0.0071;0.0071
;US-ME;1944;p90p100;64035.5;;0.28349999;0.28349999
;US-ME;1944;p90p95;41536.398;;0.091899998;0.091899998
;US-ME;1944;p95p99;58356.398;;0.1033;0.1033
;US-ME;1944;p99.5p99.9;209942.3;;0.0372;0.0372
;US-ME;1944;p99.9p99.99;502269.91;;0.02;0.02
;US-ME;1944;p99p99.5;117294.3;;0.026000001;0.026000001
;US-ME;1944;p95p100;87293.898;;0.19320001;0.19320001
;US-ME;1944;p0p90;17932.801;;0.71450001;0.71450001
;US-ME;1944;p0p99;20759.0;;0.90979999;0.90979999
;US-ME;1944;p99.5p100;290552.19;;0.064300001;0.064300001
;US-ME;1943;p0p100;3893506.8;8840700853.0;1.0;1.0
;US-ME;1943;p99p100;239005.41;;0.097099997;0.097099997
;US-ME;1943;p99.9p100;733653.38;;0.0298;0.0298
;US-ME;1943;p99.99p100;1865586.1;;0.0076000001;0.0076000001
;US-ME;1943;p90p100;75557.5;;0.30689999;0.30689999
;US-ME;1943;p90p95;48474.199;;0.098399997;0.098399997
;US-ME;1943;p95p99;68481.5;;0.1113;0.1113
;US-ME;1943;p99.5p99.9;246659.3;;0.040100001;0.040100001
;US-ME;1943;p99.9p99.99;611288.13;;0.022299999;0.022299999
;US-ME;1943;p99p99.5;133890.7;;0.0272;0.0272
;US-ME;1943;p95p100;102614.6;;0.2084;0.2084
;US-ME;1943;p0p90;18961.4;;0.69309998;0.69309998
;US-ME;1943;p0p99;22455.6;;0.90289998;0.90289998
;US-ME;1943;p99.5p100;344097.5;;0.069899999;0.069899999
;US-ME;1942;p0p100;3636093.0;7302096105.0;1.0;1.0
;US-ME;1942;p99p100;221403.91;;0.1085;0.1085
;US-ME;1942;p99.9p100;713431.0;;0.035;0.035
;US-ME;1942;p99.99p100;2135924.8;;0.0105;0.0105
;US-ME;1942;p90p100;67886.102;;0.33270001;0.33270001
;US-ME;1942;p90p95;42314.699;;0.1037;0.1037
;US-ME;1942;p95p99;61426.398;;0.1204;0.1204
;US-ME;1942;p99.5p99.9;223799.5;;0.043900002;0.043900002
;US-ME;1942;p99.9p99.99;555183.5;;0.024499999;0.024499999
;US-ME;1942;p99p99.5;120997.9;;0.0296;0.0296
;US-ME;1942;p95p100;93453.102;;0.229;0.229
;US-ME;1942;p0p90;15134.3;;0.66750002;0.66750002
;US-ME;1942;p0p99;18376.801;;0.8915;0.8915
;US-ME;1942;p99.5p100;321775.69;;0.0788;0.0788
;US-ME;1941;p0p100;3586440.5;5877759398.0;1.0;1.0
;US-ME;1941;p99p100;221451.7;;0.1347;0.1347
;US-ME;1941;p99.9p100;754152.31;;0.045899998;0.045899998
;US-ME;1941;p99.99p100;2371028.3;;0.0144;0.0144
;US-ME;1941;p90p100;63927.699;;0.38890001;0.38890001
;US-ME;1941;p90p95;39332.801;;0.1196;0.1196
;US-ME;1941;p95p99;55364.301;;0.1347;0.1347
;US-ME;1941;p99.5p99.9;218018.0;;0.053100001;0.053100001
;US-ME;1941;p99.9p99.99;574141.88;;0.031399999;0.031399999
;US-ME;1941;p99p99.5;117513.7;;0.035700001;0.035700001
;US-ME;1941;p95p100;88610.797;;0.26949999;0.26949999
;US-ME;1941;p0p90;11159.2;;0.611;0.611
;US-ME;1941;p0p99;14367.1;;0.8653;0.8653
;US-ME;1941;p99.5p100;325327.19;;0.098999999;0.098999999
;US-ME;1940;p0p100;3460614.5;5146010836.0;1.0;1.0
;US-ME;1940;p99p100;210171.5;;0.1461;0.1461
;US-ME;1940;p99.9p100;719581.63;;0.050000001;0.050000001
;US-ME;1940;p99.99p100;2162395.5;;0.015;0.015
;US-ME;1940;p90p100;59494.699;;0.41350001;0.41350001
;US-ME;1940;p90p95;34873.102;;0.1212;0.1212
;US-ME;1940;p95p99;52580.898;;0.1462;0.1462
;US-ME;1940;p99.5p99.9;205299.0;;0.057100002;0.057100002
;US-ME;1940;p99.9p99.99;558761.5;;0.035;0.035
;US-ME;1940;p99p99.5;112056.8;;0.038899999;0.038899999
;US-ME;1940;p95p100;84111.602;;0.29229999;0.29229999
;US-ME;1940;p0p90;9376.7998;;0.58660001;0.58660001
;US-ME;1940;p0p99;12409.0;;0.85390002;0.85390002
;US-ME;1940;p99.5p100;308218.59;;0.1071;0.1071
;US-ME;1939;p0p100;3379555.0;4875381277.0;1.0;1.0
;US-ME;1939;p99p100;203725.3;;0.1478;0.1478
;US-ME;1939;p99.9p100;701477.38;;0.050900001;0.050900001
;US-ME;1939;p99.99p100;2153401.0;;0.0156;0.0156
;US-ME;1939;p90p100;52314.898;;0.37959999;0.37959999
;US-ME;1939;p90p95;22841.0;;0.082900003;0.082900003
;US-ME;1939;p95p99;50316.102;;0.146;0.146
;US-ME;1939;p99.5p99.9;198512.09;;0.057599999;0.057599999
;US-ME;1939;p99.9p99.99;539988.88;;0.035300002;0.035300002
;US-ME;1939;p99p99.5;108259.1;;0.039299998;0.039299998
;US-ME;1939;p95p100;80995.898;;0.2938;0.2938
;US-ME;1939;p0p90;9546.5996;;0.62339997;0.62339997
;US-ME;1939;p0p99;11864.7;;0.85219997;0.85219997
;US-ME;1939;p99.5p100;299149.5;;0.1085;0.1085
;US-ME;1938;p0p100;3103219.3;4561957906.0;1.0;1.0
;US-ME;1938;p99p100;287083.09;;0.22040001;0.22040001
;US-ME;1938;p99.9p100;1679282.5;;0.12890001;0.12890001
;US-ME;1938;p99.99p100;12663420.0;;0.097199999;0.097199999
;US-ME;1938;p90p100;59840.801;;0.45950001;0.45950001
;US-ME;1938;p90p95;22547.4;;0.086599998;0.086599998
;US-ME;1938;p95p99;46078.699;;0.1415;0.1415
;US-ME;1938;p99.5p99.9;178578.09;;0.0548;0.0548
;US-ME;1938;p99.9p99.99;480925.91;;0.033199999;0.033199999
;US-ME;1938;p99p99.5;98041.898;;0.037599999;0.037599999
;US-ME;1938;p95p100;94129.797;;0.36140001;0.36140001
;US-ME;1938;p0p90;7944.2002;;0.54900002;0.54900002
;US-ME;1938;p0p99;10255.7;;0.77960002;0.77960002
;US-ME;1938;p99.5p100;476830.81;;0.1831;0.1831
;US-ME;1937;p0p100;3214000.5;4859834126.0;1.0;1.0
;US-ME;1937;p99p100;220936.91;;0.1578;0.1578
;US-ME;1937;p99.9p100;819084.0;;0.058499999;0.058499999
;US-ME;1937;p99.99p100;2801092.0;;0.02;0.02
;US-ME;1937;p90p100;53561.699;;0.38240001;0.38240001
;US-ME;1937;p90p95;22873.5;;0.081699997;0.081699997
;US-ME;1937;p95p99;48390.0;;0.1382;0.1382
;US-ME;1937;p99.5p99.9;211025.7;;0.0603;0.0603
;US-ME;1937;p99.9p99.99;598854.31;;0.0385;0.0385
;US-ME;1937;p99p99.5;109237.4;;0.039000001;0.039000001
;US-ME;1937;p95p100;82899.703;;0.296;0.296
;US-ME;1937;p0p90;9685.0996;;0.62239999;0.62239999
;US-ME;1937;p0p99;11915.0;;0.84219998;0.84219998
;US-ME;1937;p99.5p100;332637.19;;0.1188;0.1188
;US-ME;1936;p0p100;3560417.8;4976531247.0;1.0;1.0
;US-ME;1936;p99p100;235298.09;;0.1628;0.1628
;US-ME;1936;p99.9p100;884207.19;;0.0612;0.0612
;US-ME;1936;p99.99p100;2944138.0;;0.020400001;0.020400001
;US-ME;1936;p90p100;55311.0;;0.3827;0.3827
;US-ME;1936;p90p95;24285.199;;0.083999999;0.083999999
;US-ME;1936;p95p99;47497.199;;0.13150001;0.13150001
;US-ME;1936;p99.5p99.9;223369.3;;0.061799999;0.061799999
;US-ME;1936;p99.9p99.99;655327.81;;0.040800001;0.040800001
;US-ME;1936;p99p99.5;115063.5;;0.039799999;0.039799999
;US-ME;1936;p95p100;85058.203;;0.29429999;0.29429999
;US-ME;1936;p0p90;9982.2998;;0.62169999;0.62169999
;US-ME;1936;p0p99;12220.4;;0.83719999;0.83719999
;US-ME;1936;p99.5p100;355536.19;;0.123;0.123
;US-ME;1935;p0p100;3151205.5;4286224603.0;1.0;1.0
;US-ME;1935;p99p100;180824.5;;0.1441;0.1441
;US-ME;1935;p99.9p100;653016.31;;0.052099999;0.052099999
;US-ME;1935;p99.99p100;2121675.5;;0.016899999;0.016899999
;US-ME;1935;p90p100;47655.801;;0.37990001;0.37990001
;US-ME;1935;p90p95;23913.1;;0.095299996;0.095299996
;US-ME;1935;p95p99;42998.699;;0.1371;0.1371
;US-ME;1935;p99.5p99.9;171993.91;;0.0548;0.0548
;US-ME;1935;p99.9p99.99;489840.91;;0.035100002;0.035100002
;US-ME;1935;p99p99.5;93458.0;;0.0372;0.0372
;US-ME;1935;p95p100;70555.398;;0.28119999;0.28119999
;US-ME;1935;p0p90;8690.0;;0.62339997;0.62339997
;US-ME;1935;p0p99;10845.1;;0.85589999;0.85589999
;US-ME;1935;p99.5p100;268195.69;;0.1069;0.1069
;US-ME;1934;p0p100;3224528.0;4140002730.0;1.0;1.0
;US-ME;1934;p99p100;171149.59;;0.1401;0.1401
;US-ME;1934;p99.9p100;603663.31;;0.049400002;0.049400002
;US-ME;1934;p99.99p100;1948772.4;;0.015900001;0.015900001
;US-ME;1934;p90p100;46657.602;;0.3818;0.3818
;US-ME;1934;p90p95;23356.699;;0.095600002;0.095600002
;US-ME;1934;p95p99;44052.801;;0.1442;0.1442
;US-ME;1934;p99.5p99.9;163600.5;;0.053599998;0.053599998
;US-ME;1934;p99.9p99.99;454215.41;;0.033500001;0.033500001
;US-ME;1934;p99p99.5;90682.5;;0.037099998;0.037099998
;US-ME;1934;p95p100;69521.398;;0.2845;0.2845
;US-ME;1934;p0p90;8420.2998;;0.62019998;0.62019998
;US-ME;1934;p0p99;10614.4;;0.8599;0.8599
;US-ME;1934;p99.5p100;251610.0;;0.103;0.103
;US-ME;1933;p0p100;3199841.5;3816324616.0;1.0;1.0
;US-ME;1933;p99p100;158088.5;;0.1393;0.1393
;US-ME;1933;p99.9p100;614896.31;;0.054200001;0.054200001
;US-ME;1933;p99.99p100;2403197.5;;0.021199999;0.021199999
;US-ME;1933;p90p100;43830.898;;0.38609999;0.38609999
;US-ME;1933;p90p95;24266.0;;0.1069;0.1069
;US-ME;1933;p95p99;39907.102;;0.1406;0.1406
;US-ME;1933;p99.5p99.9;141051.8;;0.049699999;0.049699999
;US-ME;1933;p99.9p99.99;416196.19;;0.033;0.033
;US-ME;1933;p99p99.5;80356.203;;0.035399999;0.035399999
;US-ME;1933;p95p100;63551.5;;0.27990001;0.27990001
;US-ME;1933;p0p90;7735.7998;;0.61330003;0.61330003
;US-ME;1933;p0p99;9870.5;;0.86070001;0.86070001
;US-ME;1933;p99.5p100;235820.7;;0.1039;0.1039
;US-ME;1932;p0p100;2815452.5;3703830042.0;1.0;1.0
;US-ME;1932;p99p100;167470.7;;0.15090001;0.15090001
;US-ME;1932;p99.9p100;593549.5;;0.0535;0.0535
;US-ME;1932;p99.99p100;1860745.3;;0.016799999;0.016799999
;US-ME;1932;p90p100;48346.102;;0.43560001;0.43560001
;US-ME;1932;p90p95;27562.1;;0.1242;0.1242
;US-ME;1932;p95p99;43905.102;;0.1582;0.1582
;US-ME;1932;p99.5p99.9;158025.0;;0.056899998;0.056899998
;US-ME;1932;p99.9p99.99;452750.0;;0.036699999;0.036699999
;US-ME;1932;p99p99.5;89811.398;;0.0405;0.0405
;US-ME;1932;p95p100;68692.5;;0.30939999;0.30939999
;US-ME;1932;p0p90;6989.3999;;0.56669998;0.56669998
;US-ME;1932;p0p99;9519.9004;;0.84909999;0.84909999
;US-ME;1932;p99.5p100;245130.0;;0.1104;0.1104
;US-ME;1931;p0p100;2611275.5;4236645438.0;1.0;1.0
;US-ME;1931;p99p100;205592.59;;0.16069999;0.16069999
;US-ME;1931;p99.9p100;769110.88;;0.0601;0.0601
;US-ME;1931;p99.99p100;3098417.5;;0.0242;0.0242
;US-ME;1931;p90p100;54923.602;;0.42919999;0.42919999
;US-ME;1931;p90p95;28005.199;;0.1094;0.1094
;US-ME;1931;p95p99;47084.398;;0.1472;0.1472
;US-ME;1931;p99.5p99.9;188031.09;;0.058800001;0.058800001
;US-ME;1931;p99.9p99.99;510299.0;;0.0359;0.0359
;US-ME;1931;p99p99.5;106938.2;;0.0418;0.0418
;US-ME;1931;p95p100;79027.703;;0.30880001;0.30880001
;US-ME;1931;p0p90;8285.4004;;0.58270001;0.58270001
;US-ME;1931;p0p99;10849.0;;0.83929998;0.83929998
;US-ME;1931;p99.5p100;304247.09;;0.1189;0.1189
;US-ME;1930;p0p100;2358350.5;4558230707.0;1.0;1.0
;US-ME;1930;p99p100;220383.59;;0.1586;0.1586
;US-ME;1930;p99.9p100;758954.69;;0.0546;0.0546
;US-ME;1930;p99.99p100;2123712.3;;0.0153;0.0153
;US-ME;1930;p90p100;54499.5;;0.39219999;0.39219999
;US-ME;1930;p90p95;22708.699;;0.081699997;0.081699997
;US-ME;1930;p95p99;48573.801;;0.1398;0.1398
;US-ME;1930;p99.5p99.9;215354.2;;0.061999999;0.061999999
;US-ME;1930;p99.9p99.99;607315.0;;0.039299998;0.039299998
;US-ME;1930;p99p99.5;116692.9;;0.041999999;0.041999999
;US-ME;1930;p95p100;82901.0;;0.2983;0.2983
;US-ME;1930;p0p90;9569.5996;;0.61979997;0.61979997
;US-ME;1930;p0p99;11809.1;;0.84140003;0.84140003
;US-ME;1930;p99.5p100;324074.31;;0.1166;0.1166
;US-ME;1929;p0p100;2354013.3;4796930694.0;1.0;1.0
;US-ME;1929;p99p100;290677.19;;0.1991;0.1991
;US-ME;1929;p99.9p100;1234285.8;;0.0845;0.0845
;US-ME;1929;p99.99p100;4663265.0;;0.0319;0.0319
;US-ME;1929;p90p100;60837.699;;0.41670001;0.41670001
;US-ME;1929;p90p95;20808.5;;0.0713;0.0713
;US-ME;1929;p95p99;50287.199;;0.13779999;0.13779999
;US-ME;1929;p99.5p99.9;256890.2;;0.0704;0.0704
;US-ME;1929;p99.9p99.99;853288.31;;0.0526;0.0526
;US-ME;1929;p99p99.5;128985.2;;0.044199999;0.044199999
;US-ME;1929;p95p100;98297.297;;0.33660001;0.33660001
;US-ME;1929;p0p90;9601.4004;;0.59189999;0.59189999
;US-ME;1929;p0p99;11811.3;;0.80089998;0.80089998
;US-ME;1929;p99.5p100;452369.31;;0.1549;0.1549
;US-ME;1928;p0p100;2324940.0;4745987522.0;1.0;1.0
;US-ME;1928;p99p100;288671.41;;0.20020001;0.20020001
;US-ME;1928;p99.9p100;1262903.3;;0.0876;0.0876
;US-ME;1928;p99.99p100;5360859.0;;0.0372;0.0372
;US-ME;1928;p90p100;58810.898;;0.40790001;0.40790001
;US-ME;1928;p90p95;18818.0;;0.065300003;0.065300003
;US-ME;1928;p95p99;47786.699;;0.13259999;0.13259999
;US-ME;1928;p99.5p99.9;251315.91;;0.069700003;0.069700003
;US-ME;1928;p99.9p99.99;807574.88;;0.0504;0.0504
;US-ME;1928;p99p99.5;123709.4;;0.0429;0.0429
;US-ME;1928;p95p100;95904.602;;0.33250001;0.33250001
;US-ME;1928;p0p90;9645.0;;0.602;0.602
;US-ME;1928;p0p99;11649.4;;0.79979998;0.79979998
;US-ME;1928;p99.5p100;453633.41;;0.1573;0.1573
;US-ME;1927;p0p100;2194614.3;4601757934.0;1.0;1.0
;US-ME;1927;p99p100;257098.8;;0.1838;0.1838
;US-ME;1927;p99.9p100;1069938.4;;0.076499999;0.076499999
;US-ME;1927;p99.99p100;4087413.5;;0.029200001;0.029200001
;US-ME;1927;p90p100;54640.699;;0.39070001;0.39070001
;US-ME;1927;p90p95;18474.1;;0.066;0.066
;US-ME;1927;p95p99;45479.102;;0.1301;0.1301
;US-ME;1927;p99.5p99.9;229844.41;;0.065700002;0.065700002
;US-ME;1927;p99.9p99.99;734663.38;;0.0473;0.0473
;US-ME;1927;p99p99.5;116334.3;;0.0416;0.0416
;US-ME;1927;p95p100;87792.398;;0.31389999;0.31389999
;US-ME;1927;p0p90;9634.9004;;0.62;0.62
;US-ME;1927;p0p99;11529.6;;0.81620002;0.81620002
;US-ME;1927;p99.5p100;397863.19;;0.14219999;0.14219999
;US-ME;1926;p0p100;2113175.0;4594158603.0;1.0;1.0
;US-ME;1926;p99p100;259528.3;;0.1855;0.1855
;US-ME;1926;p99.9p100;1129120.5;;0.080700003;0.080700003
;US-ME;1926;p99.99p100;4831746.5;;0.034499999;0.034499999
;US-ME;1926;p90p100;55650.0;;0.3978;0.3978
;US-ME;1926;p90p95;19633.699;;0.070200004;0.070200004
;US-ME;1926;p95p99;46005.602;;0.13150001;0.13150001
;US-ME;1926;p99.5p99.9;223321.5;;0.063900001;0.063900001
;US-ME;1926;p99.9p99.99;717717.69;;0.0462;0.0462
;US-ME;1926;p99p99.5;114575.2;;0.041000001;0.041000001
;US-ME;1926;p95p100;88736.797;;0.31720001;0.31720001
;US-ME;1926;p0p90;9524.5;;0.6128;0.6128
;US-ME;1926;p0p99;11509.0;;0.81449997;0.81449997
;US-ME;1926;p99.5p100;404481.31;;0.1446;0.1446
;US-ME;1925;p0p100;2178917.5;4640564863.0;1.0;1.0
;US-ME;1925;p99p100;231884.7;;0.1638;0.1638
;US-ME;1925;p99.9p100;962149.31;;0.068000004;0.068000004
;US-ME;1925;p99.99p100;3549554.0;;0.0251;0.0251
;US-ME;1925;p90p100;51099.602;;0.361;0.361
;US-ME;1925;p90p95;17700.801;;0.0625;0.0625
;US-ME;1925;p95p99;44207.0;;0.1249;0.1249
;US-ME;1925;p99.5p99.9;209887.3;;0.059300002;0.059300002
;US-ME;1925;p99.9p99.99;674659.88;;0.0429;0.0429
;US-ME;1925;p99p99.5;103429.7;;0.036499999;0.036499999
;US-ME;1925;p95p100;81715.203;;0.28870001;0.28870001
;US-ME;1925;p0p90;10201.6;;0.6487;0.6487
;US-ME;1925;p0p99;11954.3;;0.8362;0.8362
;US-ME;1925;p99.5p100;360339.69;;0.12729999;0.12729999
;US-ME;1924;p0p100;2223524.3;4489354213.0;1.0;1.0
;US-ME;1924;p99p100;200760.8;;0.1461;0.1461
;US-ME;1924;p99.9p100;734301.38;;0.0535;0.0535
;US-ME;1924;p99.99p100;2213185.5;;0.016100001;0.016100001
;US-ME;1924;p90p100;54814.801;;0.39899999;0.39899999
;US-ME;1924;p90p95;30332.301;;0.1104;0.1104
;US-ME;1924;p95p99;48929.102;;0.1425;0.1425
;US-ME;1924;p99.5p99.9;194008.7;;0.056499999;0.056499999
;US-ME;1924;p99.9p99.99;569981.0;;0.037300002;0.037300002
;US-ME;1924;p99p99.5;99454.398;;0.036200002;0.036200002
;US-ME;1924;p95p100;79295.5;;0.2886;0.2886
;US-ME;1924;p0p90;9172.7998;;0.60100001;0.60100001
;US-ME;1924;p0p99;11847.8;;0.85390002;0.85390002
;US-ME;1924;p99.5p100;302067.19;;0.1099;0.1099
;US-ME;1923;p0p100;2273845.0;4538807928.0;1.0;1.0
;US-ME;1923;p99p100;187451.3;;0.134;0.134
;US-ME;1923;p99.9p100;686922.63;;0.0491;0.0491
;US-ME;1923;p99.99p100;2305741.0;;0.0165;0.0165
;US-ME;1923;p90p100;53750.801;;0.38409999;0.38409999
;US-ME;1923;p90p95;31886.199;;0.1139;0.1139
;US-ME;1923;p95p99;47745.102;;0.1365;0.1365
;US-ME;1923;p99.5p99.9;178647.41;;0.051100001;0.051100001
;US-ME;1923;p99.9p99.99;507053.91;;0.032600001;0.032600001
;US-ME;1923;p99p99.5;94600.297;;0.033799998;0.033799998
;US-ME;1923;p95p100;75686.297;;0.27039999;0.27039999
;US-ME;1923;p0p90;9571.5;;0.61559999;0.61559999
;US-ME;1923;p0p99;12240.8;;0.866;0.866
;US-ME;1923;p99.5p100;280302.41;;0.1002;0.1002
;US-ME;1922;p0p100;2171635.0;4160148765.0;1.0;1.0
;US-ME;1922;p99p100;189377.09;;0.1468;0.1468
;US-ME;1922;p99.9p100;712761.88;;0.055300001;0.055300001
;US-ME;1922;p99.99p100;2425033.5;;0.0188;0.0188
;US-ME;1922;p90p100;53506.5;;0.4149;0.4149
;US-ME;1922;p90p95;30739.301;;0.1192;0.1192
;US-ME;1922;p95p99;48132.0;;0.14929999;0.14929999
;US-ME;1922;p99.5p99.9;177204.0;;0.055;0.055
;US-ME;1922;p99.9p99.99;522509.5;;0.036499999;0.036499999
;US-ME;1922;p99p99.5;94438.703;;0.036600001;0.036600001
;US-ME;1922;p95p100;76381.0;;0.29609999;0.29609999
;US-ME;1922;p0p90;8379.2998;;0.58469999;0.58469999
;US-ME;1922;p0p99;11114.7;;0.85320002;0.85320002
;US-ME;1922;p99.5p100;284315.5;;0.1102;0.1102
;US-ME;1921;p0p100;1679833.1;3659871413.0;1.0;1.0
;US-ME;1921;p99p100;161918.41;;0.1424;0.1424
;US-ME;1921;p99.9p100;569278.0;;0.050099999;0.050099999
;US-ME;1921;p99.99p100;1852010.4;;0.0163;0.0163
;US-ME;1921;p90p100;46951.801;;0.41280001;0.41280001
;US-ME;1921;p90p95;28502.199;;0.12530001;0.12530001
;US-ME;1921;p95p99;41386.801;;0.14560001;0.14560001
;US-ME;1921;p99.5p99.9;155402.2;;0.054699998;0.054699998
;US-ME;1921;p99.9p99.99;426752.19;;0.033799998;0.033799998
;US-ME;1921;p99p99.5;85659.5;;0.037700001;0.037700001
;US-ME;1921;p95p100;65493.102;;0.2879;0.2879
;US-ME;1921;p0p90;7415.5;;0.58679998;0.58679998
;US-ME;1921;p0p99;9853.0996;;0.85759997;0.85759997
;US-ME;1921;p99.5p100;238177.3;;0.1047;0.1047
;US-ME;1920;p0p100;1415618.0;3833946528.0;1.0;1.0
;US-ME;1920;p99p100;151579.59;;0.12620001;0.12620001
;US-ME;1920;p99.9p100;515907.59;;0.043000001;0.043000001
;US-ME;1920;p99.99p100;1618586.5;;0.0135;0.0135
;US-ME;1920;p90p100;44696.398;;0.3721;0.3721
;US-ME;1920;p90p95;26516.9;;0.1104;0.1104
;US-ME;1920;p95p99;40833.0;;0.13600001;0.13600001
;US-ME;1920;p99.5p99.9;149703.3;;0.049899999;0.049899999
;US-ME;1920;p99.9p99.99;393387.69;;0.0295;0.0295
;US-ME;1920;p99p99.5;80215.0;;0.033399999;0.033399999
;US-ME;1920;p95p100;62982.301;;0.2622;0.2622
;US-ME;1920;p0p90;8372.5996;;0.62739998;0.62739998
;US-ME;1920;p0p99;10600.5;;0.87379998;0.87379998
;US-ME;1920;p99.5p100;222944.2;;0.092799999;0.092799999
;US-ME;1919;p0p100;1983401.8;3978249321.0;1.0;1.0
;US-ME;1919;p99p100;166883.3;;0.1331;0.1331
;US-ME;1919;p99.9p100;596960.81;;0.047600001;0.047600001
;US-ME;1919;p99.99p100;1913227.3;;0.0153;0.0153
;US-ME;1919;p90p100;47117.0;;0.3757;0.3757
;US-ME;1919;p90p95;24750.1;;0.098700002;0.098700002
;US-ME;1919;p95p99;45235.398;;0.1443;0.1443
;US-ME;1919;p99.5p99.9;157284.91;;0.0502;0.0502
;US-ME;1919;p99.9p99.99;450924.41;;0.032400001;0.032400001
;US-ME;1919;p99p99.5;88379.102;;0.0352;0.0352
;US-ME;1919;p95p100;69565.0;;0.2773;0.2773
;US-ME;1919;p0p90;8696.9004;;0.62410003;0.62410003
;US-ME;1919;p0p99;10983.3;;0.86690003;0.86690003
;US-ME;1919;p99.5p100;245387.5;;0.097800002;0.097800002
;US-ME;1918;p0p100;2622980.3;3985872692.0;1.0;1.0
;US-ME;1918;p99p100;172635.7;;0.1373;0.1373
;US-ME;1918;p99.9p100;652614.69;;0.051899999;0.051899999
;US-ME;1918;p99.99p100;1989231.8;;0.015799999;0.015799999
;US-ME;1918;p90p100;45069.602;;0.3585;0.3585
;US-ME;1918;p90p95;21137.301;;0.084100001;0.084100001
;US-ME;1918;p95p99;42633.699;;0.1356;0.1356
;US-ME;1918;p99.5p99.9;161919.8;;0.0515;0.0515
;US-ME;1918;p99.9p99.99;504108.59;;0.0361;0.0361
;US-ME;1918;p99p99.5;85213.5;;0.0339;0.0339
;US-ME;1918;p95p100;68634.102;;0.27289999;0.27289999
;US-ME;1918;p0p90;8983.2002;;0.64300001;0.64300001
;US-ME;1918;p0p99;10956.7;;0.86269999;0.86269999
;US-ME;1918;p99.5p100;260058.2;;0.1034;0.1034
;US-ME;1917;p0p100;3834039.5;4276967973.0;1.0;1.0
;US-ME;1917;p99p100;200767.41;;0.1507;0.1507
;US-ME;1917;p99.9p100;833615.88;;0.062600002;0.062600002
;US-ME;1917;p99.99p100;2553595.5;;0.019200001;0.019200001
;US-ME;1917;p90p100;45425.602;;0.3409;0.3409
;US-ME;1917;p90p95;19358.0;;0.0726;0.0726
