Variable Name;.;.;.;Fiscal income  | tax unit | Average | Adults | constant 2015 local currency;Fiscal income  | tax unit | Total | Adults | constant 2015 local currency;Fiscal income  | tax unit | Share | Adults | share of total (ratio);Pre-tax national income  | tax unit | Share | Adults | share of total (ratio)
Variable Category;.;.;.;Income inequality;Income inequality;Income inequality;Income inequality
Variable Description;.;.;.;Average Fiscal income within a given percentile group. Fiscal income is defined as the sum of all income items reported on income tax returns, before any deduction. It includes labour income, capital income and mixed income. The concept of fiscal income varies with national tax legislations, so in order to make international comparisons it is preferable to use the concept of national income. The population is comprised of individuals over age 20. The base unit is the tax unit defined by national fiscal administrations to measure personal income taxes.;Total Fiscal income  within a given percentile group. Fiscal income is defined as the sum of all income items reported on income tax returns, before any deduction. It includes labour income, capital income and mixed income. The concept of fiscal income varies with national tax legislations, so in order to make international comparisons it is preferable to use the concept of national income. The population is comprised of individuals over age 20.;Fiscal income share held by a given percentile group. Fiscal income is defined as the sum of all income items reported on income tax returns, before any deduction. It includes labour income, capital income and mixed income. The concept of fiscal income varies with national tax legislations, so in order to make international comparisons it is preferable to use the concept of national income. The population is comprised of individuals over age 20. The base unit is the tax unit defined by national fiscal administrations to measure personal income taxes.;Pre-tax national income share held by a given percentile group. Pre-tax national income  is the sum of all pre-tax personal income flows accruing to the owners of the production factors, labor and capital, before taking into account the operation of the tax/transfer system, but after taking into account the operation of pension system. The central difference between personal factor income and pre-tax income is the treatment of pensions, which are counted on a contribution basis by factor income and on a distribution basis by pre-tax income. The population is comprised of individuals over age 20. The base unit is the tax unit defined by national fiscal administrations to measure personal income taxes.
Variable Decomposition;.;.;.;[Fiscal income ]=[Fiscal labour income ]+[Fiscal capital income ];[Fiscal income ]=[Fiscal labour income ]+[Fiscal capital income ];[Fiscal income ]=[Fiscal labour income ]+[Fiscal capital income ];Pre-tax national income =Pre-tax labor income [total pre-tax income ranking]+Pre-tax capital income [total pre-tax income ranking]
Variable Unit;.;.;.;"USD; United States dollar | local currency | market";"USD; United States dollar | local currency | market";share;share
Methodological Notes;.;.;.;;;;Assuming the same distribution as fiscal income.
Sources;.;.;.;Frank, Sommeiller, Price & Saez (2015);Frank, Sommeiller, Price & Saez (2015);Frank, Sommeiller, Price & Saez (2015);WID.world computations using: Frank, Sommeiller, Price & Saez (2015)
Variable Code;country;year;perc;afiinc992t;mfiinc992t;sfiinc992t;sptinc992t
;US-FL;2015;p0p100;57024.102;6.14830269798e+11;1.0;1.0
;US-FL;2015;p99p100;1706771.5;;0.29929999;0.29929999
;US-FL;2015;p99.9p100;9272044.0;;0.1626;0.1626
;US-FL;2015;p99.99p100;47189428.0;;0.082800001;0.082800001
;US-FL;2015;p90p100;341410.5;;0.59869999;0.59869999
;US-FL;2015;p90p95;141312.3;;0.1239;0.1239
;US-FL;2015;p95p99;251681.7;;0.17649999;0.17649999
;US-FL;2015;p99.5p99.9;1238391.4;;0.086900003;0.086900003
;US-FL;2015;p99.9p99.99;5005701.5;;0.079000004;0.079000004
;US-FL;2015;p99p99.5;570918.69;;0.050099999;0.050099999
;US-FL;2015;p95p100;542151.88;;0.4754;0.4754
;US-FL;2015;p0p90;25398.9;;0.40090001;0.40090001
;US-FL;2015;p0p99;40360.0;;0.70069999;0.70069999
;US-FL;2015;p99.5p100;2844961.5;;0.24950001;0.24950001
;US-FL;2014;p0p100;53675.898;5.77358123009e+11;1.0;1.0
;US-FL;2014;p99p100;1516166.3;;0.28310001;0.28310001
;US-FL;2014;p99.9p100;7927611.5;;0.148;0.148
;US-FL;2014;p99.99p100;40243004.0;;0.075199999;0.075199999
;US-FL;2014;p90p100;314814.59;;0.58789998;0.58789998
;US-FL;2014;p90p95;135790.5;;0.1268;0.1268
;US-FL;2014;p95p99;238430.2;;0.1781;0.1781
;US-FL;2014;p99.5p99.9;1138025.0;;0.085000001;0.085000001
;US-FL;2014;p99.9p99.99;4319763.5;;0.0726;0.0726
;US-FL;2014;p99p99.5;535673.5;;0.050000001;0.050000001
;US-FL;2014;p95p100;494065.91;;0.46129999;0.46129999
;US-FL;2014;p0p90;24532.699;;0.41229999;0.41229999
;US-FL;2014;p0p99;38774.801;;0.71689999;0.71689999
;US-FL;2014;p99.5p100;2496727.8;;0.2331;0.2331
;US-FL;2013;p0p100;53418.699;5.41093007136e+11;1.0;1.0
;US-FL;2013;p99p100;1330718.4;;0.2579;0.2579
;US-FL;2013;p99.9p100;6615893.0;;0.12819999;0.12819999
;US-FL;2013;p99.99p100;32450640.0;;0.062899999;0.062899999
;US-FL;2013;p90p100;290517.5;;0.56300002;0.56300002
;US-FL;2013;p90p95;132861.2;;0.1287;0.1287
;US-FL;2013;p95p99;227979.09;;0.1767;0.1767
;US-FL;2013;p99.5p99.9;1035836.3;;0.080300003;0.080300003
;US-FL;2013;p99.9p99.99;3742178.3;;0.065300003;0.065300003
;US-FL;2013;p99p99.5;509310.0;;0.0493;0.0493
;US-FL;2013;p95p100;448449.91;;0.43450001;0.43450001
;US-FL;2013;p0p90;25043.5;;0.4368;0.4368
;US-FL;2013;p0p99;38683.898;;0.7421;0.7421
;US-FL;2013;p99.5p100;2151769.5;;0.2085;0.2085
;US-FL;2012;p0p100;57097.5;5.54235093439e+11;1.0;1.0
;US-FL;2012;p99p100;1629358.5;;0.30410001;0.30410001
;US-FL;2012;p99.9p100;8995302.0;;0.1679;0.1679
;US-FL;2012;p99.99p100;47382880.0;;0.088399999;0.088399999
;US-FL;2012;p90p100;318960.09;;0.59530002;0.59530002
;US-FL;2012;p90p95;132416.91;;0.1236;0.1236
;US-FL;2012;p95p99;224934.41;;0.1679;0.1679
;US-FL;2012;p99.5p99.9;1164213.0;;0.086900003;0.086900003
;US-FL;2012;p99.9p99.99;4701570.5;;0.079000004;0.079000004
;US-FL;2012;p99p99.5;527687.5;;0.049199998;0.049199998
;US-FL;2012;p95p100;505932.09;;0.47220001;0.47220001
;US-FL;2012;p0p90;24104.301;;0.40490001;0.40490001
;US-FL;2012;p0p99;37660.102;;0.69590002;0.69590002
;US-FL;2012;p99.5p100;2730804.5;;0.25479999;0.25479999
;US-FL;2011;p0p100;58503.199;5.30032831435e+11;1.0;1.0
;US-FL;2011;p99p100;1274063.6;;0.2418;0.2418
;US-FL;2011;p99.9p100;6497005.5;;0.1233;0.1233
;US-FL;2011;p99.99p100;32406808.0;;0.061500002;0.061500002
;US-FL;2011;p90p100;278273.81;;0.52810001;0.52810001
;US-FL;2011;p90p95;130450.7;;0.1238;0.1238
;US-FL;2011;p95p99;214493.91;;0.1628;0.1628
;US-FL;2011;p99.5p99.9;967318.88;;0.073399998;0.073399998
;US-FL;2011;p99.9p99.99;3607653.3;;0.0616;0.0616
;US-FL;2011;p99p99.5;474956.81;;0.0451;0.0451
;US-FL;2011;p95p100;426476.41;;0.40470001;0.40470001
;US-FL;2011;p0p90;27620.801;;0.4718;0.4718
;US-FL;2011;p0p99;40355.602;;0.75819999;0.75819999
;US-FL;2011;p99.5p100;2072653.8;;0.19670001;0.19670001
;US-FL;2010;p0p100;62932.602;5.24029181639e+11;1.0;1.0
;US-FL;2010;p99p100;1250187.8;;0.23469999;0.23469999
;US-FL;2010;p99.9p100;6306293.0;;0.1184;0.1184
;US-FL;2010;p99.99p100;31923444.0;;0.059900001;0.059900001
;US-FL;2010;p90p100;275474.41;;0.51719999;0.51719999
;US-FL;2010;p90p95;131104.91;;0.1231;0.1231
;US-FL;2010;p95p99;212698.2;;0.15970001;0.15970001
;US-FL;2010;p99.5p99.9;953204.19;;0.071599998;0.071599998
;US-FL;2010;p99.9p99.99;3460532.5;;0.058499999;0.058499999
;US-FL;2010;p99p99.5;476498.0;;0.0447;0.0447
;US-FL;2010;p95p100;420247.31;;0.39449999;0.39449999
;US-FL;2010;p0p90;28556.699;;0.48249999;0.48249999
;US-FL;2010;p0p99;41176.199;;0.76529998;0.76529998
;US-FL;2010;p99.5p100;2023373.8;;0.1899;0.1899
;US-FL;2009;p0p100;62319.199;4.93637789124e+11;1.0;1.0
;US-FL;2009;p99p100;1172355.1;;0.2296;0.2296
;US-FL;2009;p99.9p100;6171057.5;;0.1209;0.1209
;US-FL;2009;p99.99p100;33308676.0;;0.065200001;0.065200001
;US-FL;2009;p90p100;265513.81;;0.51999998;0.51999998
;US-FL;2009;p90p95;131127.59;;0.1284;0.1284
;US-FL;2009;p95p99;207977.3;;0.1629;0.1629
;US-FL;2009;p99.5p99.9;875693.69;;0.068599999;0.068599999
;US-FL;2009;p99.9p99.99;3276308.3;;0.057799999;0.057799999
;US-FL;2009;p99p99.5;444237.69;;0.043499999;0.043499999
;US-FL;2009;p95p100;400409.59;;0.39210001;0.39210001
;US-FL;2009;p0p90;26866.1;;0.4736;0.4736
;US-FL;2009;p0p99;39732.199;;0.77039999;0.77039999
;US-FL;2009;p99.5p100;1909944.1;;0.18700001;0.18700001
;US-FL;2008;p0p100;70855.0;5.62486809856e+11;1.0;1.0
;US-FL;2008;p99p100;1514478.8;;0.259;0.259
;US-FL;2008;p99.9p100;8515345.0;;0.14560001;0.14560001
;US-FL;2008;p99.99p100;46675500.0;;0.079800002;0.079800002
;US-FL;2008;p90p100;310249.31;;0.53060001;0.53060001
;US-FL;2008;p90p95;137206.0;;0.1173;0.1173
;US-FL;2008;p95p99;229211.3;;0.1568;0.1568
;US-FL;2008;p99.5p99.9;1077818.1;;0.073700003;0.073700003
;US-FL;2008;p99.9p99.99;4399490.0;;0.067699999;0.067699999
;US-FL;2008;p99p99.5;512726.69;;0.0438;0.0438
;US-FL;2008;p95p100;484143.0;;0.414;0.414
;US-FL;2008;p0p90;29929.301;;0.46070001;0.46070001
;US-FL;2008;p0p99;43759.898;;0.741;0.741
;US-FL;2008;p99.5p100;2532139.5;;0.2165;0.2165
;US-FL;2007;p0p100;86806.0;6.30383378238e+11;1.0;1.0
;US-FL;2007;p99p100;2020855.8;;0.30419999;0.30419999
;US-FL;2007;p99.9p100;11986565.0;;0.1804;0.1804
;US-FL;2007;p99.99p100;66939692.0;;0.1008;0.1008
;US-FL;2007;p90p100;375768.09;;0.56569999;0.56569999
;US-FL;2007;p90p95;144628.0;;0.1089;0.1089
;US-FL;2007;p95p99;259625.0;;0.15629999;0.15629999
;US-FL;2007;p99.5p99.9;1368599.3;;0.082400002;0.082400002
;US-FL;2007;p99.9p99.99;5983949.0;;0.081100002;0.081100002
;US-FL;2007;p99p99.5;613241.38;;0.0462;0.0462
;US-FL;2007;p95p100;608370.0;;0.45789999;0.45789999
;US-FL;2007;p0p90;31326.199;;0.4244;0.4244
;US-FL;2007;p0p99;46688.5;;0.69580001;0.69580001
;US-FL;2007;p99.5p100;3451036.3;;0.2597;0.2597
;US-FL;2006;p0p100;89863.602;6.11332191488e+11;1.0;1.0
;US-FL;2006;p99p100;2032105.6;;0.3125;0.3125
;US-FL;2006;p99.9p100;11876064.0;;0.18260001;0.18260001
;US-FL;2006;p99.99p100;64409088.0;;0.098999999;0.098999999
;US-FL;2006;p90p100;377756.19;;0.58090001;0.58090001
;US-FL;2006;p90p95;142700.59;;0.1097;0.1097
;US-FL;2006;p95p99;263687.19;;0.1622;0.1622
;US-FL;2006;p99.5p99.9;1397638.8;;0.086000003;0.086000003
;US-FL;2006;p99.9p99.99;6079143.5;;0.084100001;0.084100001
;US-FL;2006;p99p99.5;626134.69;;0.048099998;0.048099998
;US-FL;2006;p95p100;614659.0;;0.47260001;0.47260001
;US-FL;2006;p0p90;29680.301;;0.41080001;0.41080001
;US-FL;2006;p0p99;45158.699;;0.6875;0.6875
;US-FL;2006;p99.5p100;3458252.0;;0.26589999;0.26589999
;US-FL;2005;p0p100;93067.797;5.74744418428e+11;1.0;1.0
;US-FL;2005;p99p100;2006604.0;;0.31779999;0.31779999
;US-FL;2005;p99.9p100;11638227.0;;0.18430001;0.18430001
;US-FL;2005;p99.99p100;62878220.0;;0.099600002;0.099600002
;US-FL;2005;p90p100;375872.0;;0.59530002;0.59530002
;US-FL;2005;p90p95;140060.5;;0.1109;0.1109
;US-FL;2005;p95p99;268518.59;;0.1701;0.1701
;US-FL;2005;p99.5p99.9;1383590.6;;0.087700002;0.087700002
;US-FL;2005;p99.9p99.99;5980456.0;;0.085199997;0.085199997
;US-FL;2005;p99p99.5;630544.63;;0.049899999;0.049899999
;US-FL;2005;p95p100;614414.69;;0.48660001;0.48660001
;US-FL;2005;p0p90;27819.6;;0.39649999;0.39649999
;US-FL;2005;p0p99;43507.699;;0.68220001;0.68220001
;US-FL;2005;p99.5p100;3400441.8;;0.26930001;0.26930001
;US-FL;2004;p0p100;93398.398;5.22186291529e+11;1.0;1.0
;US-FL;2004;p99p100;1576601.5;;0.2658;0.2658
;US-FL;2004;p99.9p100;8573596.0;;0.1445;0.1445
;US-FL;2004;p99.99p100;44636048.0;;0.075199999;0.075199999
;US-FL;2004;p90p100;321424.59;;0.54189998;0.54189998
;US-FL;2004;p90p95;134450.0;;0.1133;0.1133
;US-FL;2004;p95p99;244943.3;;0.1652;0.1652
;US-FL;2004;p99.5p99.9;1148188.8;;0.077399999;0.077399999
;US-FL;2004;p99.9p99.99;4618646.0;;0.070100002;0.070100002
;US-FL;2004;p99p99.5;552734.88;;0.046599999;0.046599999
;US-FL;2004;p95p100;510687.5;;0.4305;0.4305
;US-FL;2004;p0p90;29802.1;;0.4522;0.4522
;US-FL;2004;p0p99;43992.801;;0.7342;0.7342
;US-FL;2004;p99.5p100;2610486.5;;0.22;0.22
;US-FL;2003;p0p100;94496.297;4.77679854791e+11;1.0;1.0
;US-FL;2003;p99p100;1169909.9;;0.20559999;0.20559999
;US-FL;2003;p99.9p100;5781595.5;;0.1016;0.1016
;US-FL;2003;p99.99p100;28257342.0;;0.049699999;0.049699999
;US-FL;2003;p90p100;268594.31;;0.47209999;0.47209999
;US-FL;2003;p90p95;128809.5;;0.1132;0.1132
;US-FL;2003;p95p99;219281.3;;0.1542;0.1542
;US-FL;2003;p99.5p99.9;917006.31;;0.064499997;0.064499997
;US-FL;2003;p99.9p99.99;3322639.5;;0.0526;0.0526
;US-FL;2003;p99p99.5;465843.91;;0.040899999;0.040899999
;US-FL;2003;p95p100;408889.41;;0.35929999;0.35929999
;US-FL;2003;p0p90;33193.301;;0.52499998;0.52499998
;US-FL;2003;p0p99;45656.5;;0.79439998;0.79439998
;US-FL;2003;p99.5p100;1878620.0;;0.16509999;0.16509999
;US-FL;2002;p0p100;97801.797;4.69801582555e+11;1.0;1.0
;US-FL;2002;p99p100;1165430.1;;0.2068;0.2068
;US-FL;2002;p99.9p100;5674143.0;;0.1007;0.1007
;US-FL;2002;p99.99p100;27164168.0;;0.0482;0.0482
;US-FL;2002;p90p100;268840.19;;0.47710001;0.47710001
;US-FL;2002;p90p95;129047.6;;0.1145;0.1145
;US-FL;2002;p95p99;220546.2;;0.1566;0.1566
;US-FL;2002;p99.5p99.9;924754.5;;0.0656;0.0656
;US-FL;2002;p99.9p99.99;3318389.0;;0.052999999;0.052999999
;US-FL;2002;p99p99.5;471383.69;;0.0418;0.0418
;US-FL;2002;p95p100;409079.41;;0.36300001;0.36300001
;US-FL;2002;p0p90;32568.4;;0.52020001;0.52020001
;US-FL;2002;p0p99;45141.801;;0.79320002;0.79320002
;US-FL;2002;p99.5p100;1863736.6;;0.1654;0.1654
;US-FL;2001;p0p100;103781.7;4.76389118262e+11;1.0;1.0
;US-FL;2001;p99p100;1247592.0;;0.2155;0.2155
;US-FL;2001;p99.9p100;5956485.5;;0.1029;0.1029
;US-FL;2001;p99.99p100;27298138.0;;0.0471;0.0471
;US-FL;2001;p90p100;281308.5;;0.4858;0.4858
;US-FL;2001;p90p95;131549.7;;0.1136;0.1136
;US-FL;2001;p95p99;227698.7;;0.1573;0.1573
;US-FL;2001;p99.5p99.9;995845.31;;0.068800002;0.068800002
;US-FL;2001;p99.9p99.99;3580803.3;;0.0557;0.0557
;US-FL;2001;p99p99.5;507924.09;;0.043900002;0.043900002
;US-FL;2001;p95p100;431450.0;;0.37259999;0.37259999
;US-FL;2001;p0p90;33047.801;;0.51370001;0.51370001
;US-FL;2001;p0p99;45886.898;;0.7845;0.7845
;US-FL;2001;p99.5p100;1986927.8;;0.1716;0.1716
;US-FL;2000;p0p100;116238.3;4.92805560339e+11;1.0;1.0
;US-FL;2000;p99p100;1530095.0;;0.2494;0.2494
;US-FL;2000;p99.9p100;7728242.0;;0.1259;0.1259
;US-FL;2000;p99.99p100;35868208.0;;0.058499999;0.058499999
;US-FL;2000;p90p100;319876.31;;0.52130002;0.52130002
;US-FL;2000;p90p95;137910.0;;0.1124;0.1124
;US-FL;2000;p95p99;245881.3;;0.1603;0.1603
;US-FL;2000;p99.5p99.9;1174907.9;;0.0766;0.0766
;US-FL;2000;p99.9p99.99;4602857.0;;0.067500003;0.067500003
;US-FL;2000;p99p99.5;574465.69;;0.046799999;0.046799999
;US-FL;2000;p95p100;502310.59;;0.4093;0.4093
;US-FL;2000;p0p90;32586.9;;0.47799999;0.47799999
;US-FL;2000;p0p99;46524.602;;0.75059998;0.75059998
;US-FL;2000;p99.5p100;2485846.0;;0.2026;0.2026
;US-FL;1999;p0p100;124322.2;4.67956143026e+11;1.0;1.0
;US-FL;1999;p99p100;1459765.3;;0.2376;0.2376
;US-FL;1999;p99.9p100;7170190.0;;0.1167;0.1167
;US-FL;1999;p99.99p100;32084372.0;;0.052200001;0.052200001
;US-FL;1999;p90p100;313369.69;;0.50999999;0.50999999
;US-FL;1999;p90p95;137536.5;;0.1119;0.1119
;US-FL;1999;p95p99;247197.59;;0.1609;0.1609
;US-FL;1999;p99.5p99.9;1151745.3;;0.075000003;0.075000003
;US-FL;1999;p99.9p99.99;4391440.0;;0.064300001;0.064300001
;US-FL;1999;p99p99.5;564730.63;;0.046;0.046
;US-FL;1999;p95p100;489579.81;;0.39840001;0.39840001
;US-FL;1999;p0p90;33427.602;;0.48969999;0.48969999
;US-FL;1999;p0p99;47316.398;;0.76239997;0.76239997
;US-FL;1999;p99.5p100;2354835.0;;0.19159999;0.19159999
;US-FL;1998;p0p100;123352.5;4.40349682061e+11;1.0;1.0
;US-FL;1998;p99p100;1399164.4;;0.2392;0.2392
;US-FL;1998;p99.9p100;6978828.5;;0.1193;0.1193
;US-FL;1998;p99.99p100;31909364.0;;0.054499999;0.054499999
;US-FL;1998;p90p100;297735.09;;0.509;0.509
;US-FL;1998;p90p95;131304.2;;0.1122;0.1122
;US-FL;1998;p95p99;231410.41;;0.1582;0.1582
;US-FL;1998;p99.5p99.9;1094628.8;;0.074900001;0.074900001
;US-FL;1998;p99.9p99.99;4190346.5;;0.064499997;0.064499997
;US-FL;1998;p99p99.5;528171.0;;0.0451;0.0451
;US-FL;1998;p95p100;464605.19;;0.3971;0.3971
;US-FL;1998;p0p90;31880.699;;0.4905;0.4905
;US-FL;1998;p0p99;44953.699;;0.7608;0.7608
;US-FL;1998;p99.5p100;2270238.3;;0.19410001;0.19410001
;US-FL;1997;p0p100;118127.7;4.04689917685e+11;1.0;1.0
;US-FL;1997;p99p100;1262846.4;;0.2318;0.2318
;US-FL;1997;p99.9p100;6171394.5;;0.1133;0.1133
;US-FL;1997;p99.99p100;28174458.0;;0.0517;0.0517
;US-FL;1997;p90p100;276234.09;;0.50700003;0.50700003
;US-FL;1997;p90p95;125155.5;;0.1149;0.1149
;US-FL;1997;p95p99;219000.7;;0.1608;0.1608
;US-FL;1997;p99.5p99.9;1007652.1;;0.074000001;0.074000001
;US-FL;1997;p99.9p99.99;3714558.0;;0.0614;0.0614
;US-FL;1997;p99p99.5;486818.09;;0.0447;0.0447
;US-FL;1997;p95p100;427593.81;;0.3924;0.3924
;US-FL;1997;p0p90;29825.9;;0.49270001;0.49270001
;US-FL;1997;p0p99;42280.699;;0.76819998;0.76819998
;US-FL;1997;p99.5p100;2039267.6;;0.18709999;0.18709999
;US-FL;1996;p0p100;117829.6;3.78391581812e+11;1.0;1.0
;US-FL;1996;p99p100;1085068.8;;0.2084;0.2084
;US-FL;1996;p99.9p100;5189079.0;;0.099600002;0.099600002
;US-FL;1996;p99.99p100;24158054.0;;0.046399999;0.046399999
;US-FL;1996;p90p100;250175.8;;0.4804;0.4804
;US-FL;1996;p90p95;119942.0;;0.1152;0.1152
;US-FL;1996;p95p99;204543.59;;0.15710001;0.15710001
;US-FL;1996;p99.5p99.9;869029.13;;0.066799998;0.066799998
;US-FL;1996;p99.9p99.99;3085564.0;;0.053300001;0.053300001
;US-FL;1996;p99p99.5;442866.31;;0.0425;0.0425
;US-FL;1996;p95p100;380570.41;;0.36539999;0.36539999
;US-FL;1996;p0p90;30013.4;;0.5187;0.5187
;US-FL;1996;p0p99;41639.801;;0.79159999;0.79159999
;US-FL;1996;p99.5p100;1728461.3;;0.16599999;0.16599999
;US-FL;1995;p0p100;118709.2;3.56707086137e+11;1.0;1.0
;US-FL;1995;p99p100;927490.0;;0.18629999;0.18629999
;US-FL;1995;p99.9p100;4166857.0;;0.083700001;0.083700001
;US-FL;1995;p99.99p100;18237394.0;;0.036600001;0.036600001
;US-FL;1995;p90p100;226645.41;;0.4553;0.4553
;US-FL;1995;p90p95;114877.5;;0.1154;0.1154
;US-FL;1995;p95p99;191218.09;;0.15369999;0.15369999
;US-FL;1995;p99.5p99.9;775081.19;;0.0623;0.0623
;US-FL;1995;p99.9p99.99;2602841.8;;0.0471;0.0471
;US-FL;1995;p99p99.5;404459.31;;0.040600002;0.040600002
;US-FL;1995;p95p100;338514.5;;0.34;0.34
;US-FL;1995;p0p90;30106.699;;0.54430002;0.54430002
;US-FL;1995;p0p99;40911.699;;0.81370002;0.81370002
;US-FL;1995;p99.5p100;1450951.5;;0.14569999;0.14569999
;US-FL;1994;p0p100;120325.3;3.35199990365e+11;1.0;1.0
;US-FL;1994;p99p100;849441.88;;0.17659999;0.17659999
;US-FL;1994;p99.9p100;3771192.5;;0.078400001;0.078400001
;US-FL;1994;p99.99p100;16805950.0;;0.034899998;0.034899998
;US-FL;1994;p90p100;212700.0;;0.44209999;0.44209999
;US-FL;1994;p90p95;109635.3;;0.1139;0.1139
;US-FL;1994;p95p99;182404.0;;0.1517;0.1517
;US-FL;1994;p99.5p99.9;712857.38;;0.059300002;0.059300002
;US-FL;1994;p99.9p99.99;2333302.5;;0.0436;0.0436
;US-FL;1994;p99p99.5;377902.41;;0.039299998;0.039299998
;US-FL;1994;p95p100;315853.81;;0.3283;0.3283
;US-FL;1994;p0p90;29789.801;;0.55729997;0.55729997
;US-FL;1994;p0p99;40016.0;;0.82340002;0.82340002
;US-FL;1994;p99.5p100;1321434.5;;0.1373;0.1373
;US-FL;1993;p0p100;124053.6;3.27285552214e+11;1.0;1.0
;US-FL;1993;p99p100;827096.81;;0.17389999;0.17389999
;US-FL;1993;p99.9p100;3626242.5;;0.076300003;0.076300003
;US-FL;1993;p99.99p100;15976333.0;;0.033599999;0.033599999
;US-FL;1993;p90p100;209560.41;;0.44069999;0.44069999
;US-FL;1993;p90p95;109588.8;;0.1152;0.1152
;US-FL;1993;p95p99;180194.91;;0.1516;0.1516
;US-FL;1993;p99.5p99.9;702179.5;;0.059099998;0.059099998
;US-FL;1993;p99.9p99.99;2262258.0;;0.042800002;0.042800002
;US-FL;1993;p99p99.5;370024.81;;0.038899999;0.038899999
;US-FL;1993;p95p100;309631.31;;0.3256;0.3256
;US-FL;1993;p0p90;29521.801;;0.55879998;0.55879998
;US-FL;1993;p0p99;39675.199;;0.82609999;0.82609999
;US-FL;1993;p99.5p100;1284777.8;;0.13510001;0.13510001
;US-FL;1992;p0p100;129515.5;3.20661678698e+11;1.0;1.0
;US-FL;1992;p99p100;876346.31;;0.18539999;0.18539999
;US-FL;1992;p99.9p100;3947543.8;;0.083499998;0.083499998
;US-FL;1992;p99.99p100;17662852.0;;0.0374;0.0374
;US-FL;1992;p90p100;214506.91;;0.45370001;0.45370001
;US-FL;1992;p90p95;111057.4;;0.1175;0.1175
;US-FL;1992;p95p99;178245.5;;0.1508;0.1508
;US-FL;1992;p99.5p99.9;733694.19;;0.062100001;0.062100001
;US-FL;1992;p99.9p99.99;2425544.3;;0.0462;0.0462
;US-FL;1992;p99p99.5;377704.31;;0.039900001;0.039900001
;US-FL;1992;p95p100;317846.59;;0.3362;0.3362
;US-FL;1992;p0p90;28689.801;;0.54619998;0.54619998
;US-FL;1992;p0p99;38901.602;;0.81459999;0.81459999
;US-FL;1992;p99.5p100;1375235.9;;0.1454;0.1454
;US-FL;1991;p0p100;138049.2;3.18116178519e+11;1.0;1.0
;US-FL;1991;p99p100;776493.69;;0.162;0.162
;US-FL;1991;p99.9p100;3237518.8;;0.067500003;0.067500003
;US-FL;1991;p99.99p100;13449134.0;;0.028100001;0.028100001
;US-FL;1991;p90p100;203545.2;;0.42469999;0.42469999
;US-FL;1991;p90p95;111772.1;;0.1166;0.1166
;US-FL;1991;p95p99;174715.8;;0.14579999;0.14579999
;US-FL;1991;p99.5p99.9;679305.5;;0.056699999;0.056699999
;US-FL;1991;p99.9p99.99;2103720.5;;0.039500002;0.039500002
;US-FL;1991;p99p99.5;362623.0;;0.037799999;0.037799999
;US-FL;1991;p95p100;295109.69;;0.30790001;0.30790001
;US-FL;1991;p0p90;30648.9;;0.57550001;0.57550001
;US-FL;1991;p0p99;40570.602;;0.838;0.838
;US-FL;1991;p99.5p100;1190339.9;;0.1242;0.1242
;US-FL;1990;p0p100;154029.09;3.23873341134e+11;1.0;1.0
;US-FL;1990;p99p100;883479.38;;0.17730001;0.17730001
;US-FL;1990;p99.9p100;3912381.5;;0.078500003;0.078500003
;US-FL;1990;p99.99p100;17077114.0;;0.034299999;0.034299999
;US-FL;1990;p90p100;216255.8;;0.4339;0.4339
;US-FL;1990;p90p95;112036.4;;0.1124;0.1124
;US-FL;1990;p95p99;179763.2;;0.1443;0.1443
;US-FL;1990;p99.5p99.9;752973.63;;0.060400002;0.060400002
;US-FL;1990;p99.9p99.99;2446661.3;;0.044199999;0.044199999
;US-FL;1990;p99p99.5;382534.69;;0.038400002;0.038400002
;US-FL;1990;p95p100;320454.19;;0.3215;0.3215
;US-FL;1990;p0p90;31347.699;;0.5661;0.5661
;US-FL;1990;p0p99;41419.0;;0.82270002;0.82270002
;US-FL;1990;p99.5p100;1384785.3;;0.1389;0.1389
;US-FL;1989;p0p100;172649.3;3.19591536379e+11;1.0;1.0
;US-FL;1989;p99p100;947696.81;;0.18700001;0.18700001
;US-FL;1989;p99.9p100;4591481.0;;0.090599999;0.090599999
;US-FL;1989;p99.99p100;21977526.0;;0.043400001;0.043400001
;US-FL;1989;p90p100;224154.0;;0.44220001;0.44220001
;US-FL;1989;p90p95;114502.5;;0.113;0.113
;US-FL;1989;p95p99;187614.09;;0.1481;0.1481
;US-FL;1989;p99.5p99.9;792862.5;;0.062600002;0.062600002
;US-FL;1989;p99.9p99.99;2789525.0;;0.0495;0.0495
;US-FL;1989;p99p99.5;395649.81;;0.039000001;0.039000001
;US-FL;1989;p95p100;334722.31;;0.33019999;0.33019999
;US-FL;1989;p0p90;30664.9;;0.54449999;0.54449999
;US-FL;1989;p0p99;41625.398;;0.81300002;0.81300002
;US-FL;1989;p99.5p100;1519660.4;;0.1499;0.1499
;US-FL;1988;p0p100;186621.8;3.05837952703e+11;1.0;1.0
;US-FL;1988;p99p100;1055114.6;;0.2096;0.2096
;US-FL;1988;p99.9p100;5510650.5;;0.1094;0.1094
;US-FL;1988;p99.99p100;27612978.0;;0.0548;0.0548
;US-FL;1988;p90p100;232480.59;;0.46169999;0.46169999
;US-FL;1988;p90p95;113037.1;;0.1123;0.1123
;US-FL;1988;p95p99;186398.3;;0.1481;0.1481
;US-FL;1988;p99.5p99.9;851027.31;;0.067599997;0.067599997
;US-FL;1988;p99.9p99.99;3236515.3;;0.0579;0.0579
;US-FL;1988;p99p99.5;403601.81;;0.040100001;0.040100001
;US-FL;1988;p95p100;353225.41;;0.35080001;0.35080001
;US-FL;1988;p0p90;29051.1;;0.51929998;0.51929998
;US-FL;1988;p0p99;40201.0;;0.79040003;0.79040003
;US-FL;1988;p99.5p100;1735487.9;;0.1723;0.1723
;US-FL;1987;p0p100;190807.2;2.82326983794e+11;1.0;1.0
;US-FL;1987;p99p100;783768.31;;0.1636;0.1636
;US-FL;1987;p99.9p100;3539899.5;;0.073899999;0.073899999
;US-FL;1987;p99.99p100;16092170.0;;0.033599999;0.033599999
;US-FL;1987;p90p100;202797.59;;0.42340001;0.42340001
;US-FL;1987;p90p95;111289.9;;0.1162;0.1162
;US-FL;1987;p95p99;177099.3;;0.1479;0.1479
;US-FL;1987;p99.5p99.9;677770.38;;0.056600001;0.056600001
;US-FL;1987;p99.9p99.99;2241896.8;;0.042100001;0.042100001
;US-FL;1987;p99p99.5;356637.19;;0.0372;0.0372
;US-FL;1987;p95p100;294863.91;;0.30779999;0.30779999
;US-FL;1987;p0p90;30144.0;;0.56639999;0.56639999
;US-FL;1987;p0p99;40466.199;;0.83639997;0.83639997
;US-FL;1987;p99.5p100;1225457.6;;0.1279;0.1279
;US-FL;1986;p0p100;211625.09;2.8353144646e+11;1.0;1.0
;US-FL;1986;p99p100;1122461.4;;0.22579999;0.22579999
;US-FL;1986;p99.9p100;6293309.0;;0.1266;0.1266
;US-FL;1986;p99.99p100;34464076.0;;0.069300003;0.069300003
;US-FL;1986;p90p100;234662.59;;0.47209999;0.47209999
;US-FL;1986;p90p95;108717.9;;0.1094;0.1094
;US-FL;1986;p95p99;181600.41;;0.1461;0.1461
;US-FL;1986;p99.5p99.9;855177.13;;0.068800002;0.068800002
;US-FL;1986;p99.9p99.99;3466941.8;;0.062799998;0.062799998
;US-FL;1986;p99p99.5;393197.59;;0.039500002;0.039500002
;US-FL;1986;p95p100;362238.41;;0.3644;0.3644
;US-FL;1986;p0p90;27840.1;;0.50410002;0.50410002
;US-FL;1986;p0p99;38873.5;;0.77420002;0.77420002
;US-FL;1986;p99.5p100;1886252.0;;0.18970001;0.18970001
;US-FL;1985;p0p100;208399.0;2.55202482157e+11;1.0;1.0
;US-FL;1985;p99p100;764375.13;;0.1619;0.1619
;US-FL;1985;p99.9p100;3743610.0;;0.079300001;0.079300001
;US-FL;1985;p99.99p100;18792214.0;;0.039799999;0.039799999
;US-FL;1985;p90p100;192801.8;;0.40830001;0.40830001
;US-FL;1985;p90p95;104618.8;;0.1108;0.1108
;US-FL;1985;p95p99;166014.09;;0.1406;0.1406
;US-FL;1985;p99.5p99.9;629408.0;;0.053300001;0.053300001
;US-FL;1985;p99.9p99.99;2290627.8;;0.043699998;0.043699998
;US-FL;1985;p99p99.5;329325.19;;0.034899998;0.034899998
;US-FL;1985;p95p100;281733.91;;0.2983;0.2983
;US-FL;1985;p0p90;30277.199;;0.57700002;0.57700002
;US-FL;1985;p0p99;39982.102;;0.83810002;0.83810002
;US-FL;1985;p99.5p100;1217810.3;;0.12890001;0.12890001
;US-FL;1984;p0p100;214502.7;2.37674836579e+11;1.0;1.0
;US-FL;1984;p99p100;712792.19;;0.1569;0.1569
;US-FL;1984;p99.9p100;3480929.8;;0.0766;0.0766
;US-FL;1984;p99.99p100;18112852.0;;0.039900001;0.039900001
;US-FL;1984;p90p100;184163.8;;0.40529999;0.40529999
;US-FL;1984;p90p95;101498.7;;0.1117;0.1117
;US-FL;1984;p95p99;159795.41;;0.1407;0.1407
;US-FL;1984;p99.5p99.9;582019.13;;0.051199999;0.051199999
;US-FL;1984;p99.9p99.99;2076494.0;;0.041099999;0.041099999
;US-FL;1984;p99p99.5;312071.31;;0.034299999;0.034299999
;US-FL;1984;p95p100;267045.31;;0.29390001;0.29390001
;US-FL;1984;p0p90;29333.9;;0.58109999;0.58109999
;US-FL;1984;p0p99;38694.898;;0.84310001;0.84310001
;US-FL;1984;p99.5p100;1129562.3;;0.1243;0.1243
;US-FL;1983;p0p100;242992.8;2.24073219919e+11;1.0;1.0
;US-FL;1983;p99p100;617006.81;;0.1354;0.1354
;US-FL;1983;p99.9p100;2801062.0;;0.061500002;0.061500002
;US-FL;1983;p99.99p100;13614599.0;;0.029899999;0.029899999
;US-FL;1983;p90p100;170826.3;;0.375;0.375
;US-FL;1983;p90p95;98549.898;;0.1082;0.1082
;US-FL;1983;p95p99;150601.5;;0.1322;0.1322
;US-FL;1983;p99.5p99.9;516516.19;;0.045400001;0.045400001
;US-FL;1983;p99.9p99.99;1688592.8;;0.033399999;0.033399999
;US-FL;1983;p99p99.5;286115.81;;0.031399999;0.031399999
;US-FL;1983;p95p100;242393.8;;0.266;0.266
;US-FL;1983;p0p90;31364.5;;0.6196;0.6196
;US-FL;1983;p0p99;39785.199;;0.8646;0.8646
;US-FL;1983;p99.5p100;956402.31;;0.105;0.105
;US-FL;1982;p0p100;237420.41;2.09972432014e+11;1.0;1.0
;US-FL;1982;p99p100;523063.69;;0.1225;0.1225
;US-FL;1982;p99.9p100;2023188.5;;0.047400001;0.047400001
;US-FL;1982;p99.99p100;8400344.0;;0.0197;0.0197
;US-FL;1982;p90p100;155322.0;;0.36379999;0.36379999
;US-FL;1982;p90p95;95667.5;;0.112;0.112
;US-FL;1982;p95p99;138716.41;;0.13;0.13
;US-FL;1982;p99.5p99.9;458981.5;;0.043000001;0.043000001
;US-FL;1982;p99.9p99.99;1314615.8;;0.0277;0.0277
;US-FL;1982;p99p99.5;274304.5;;0.032099999;0.032099999
;US-FL;1982;p95p100;214165.91;;0.25080001;0.25080001
;US-FL;1982;p0p90;30142.1;;0.63550001;0.63550001
;US-FL;1982;p0p99;37838.301;;0.8775;0.8775
;US-FL;1982;p99.5p100;771822.88;;0.090400003;0.090400003
;US-FL;1981;p0p100;295562.81;2.08419281682e+11;1.0;1.0
;US-FL;1981;p99p100;542227.0;;0.1147;0.1147
;US-FL;1981;p99.9p100;2035340.8;;0.043099999;0.043099999
;US-FL;1981;p99.99p100;7889706.5;;0.0167;0.0167
;US-FL;1981;p90p100;169853.7;;0.35929999;0.35929999
;US-FL;1981;p90p95;106514.9;;0.1127;0.1127
;US-FL;1981;p95p99;155765.59;;0.1318;0.1318
;US-FL;1981;p99.5p99.9;491620.59;;0.0416;0.0416
;US-FL;1981;p99.9p99.99;1385004.5;;0.0264;0.0264
;US-FL;1981;p99p99.5;284816.91;;0.030099999;0.030099999
;US-FL;1981;p95p100;232883.3;;0.2463;0.2463
;US-FL;1981;p0p90;33650.898;;0.64069998;0.64069998
;US-FL;1981;p0p99;42268.602;;0.88529998;0.88529998
;US-FL;1981;p99.5p100;799869.88;;0.084600002;0.084600002
;US-FL;1980;p0p100;352599.5;2.00151409479e+11;1.0;1.0
;US-FL;1980;p99p100;550859.5;;0.1172;0.1172
;US-FL;1980;p99.9p100;1906479.6;;0.040600002;0.040600002
;US-FL;1980;p99.99p100;6939474.5;;0.0148;0.0148
;US-FL;1980;p90p100;169393.2;;0.3603;0.3603
;US-FL;1980;p90p95;103658.3;;0.1102;0.1102
;US-FL;1980;p95p99;156426.7;;0.1331;0.1331
;US-FL;1980;p99.5p99.9;521500.09;;0.044399999;0.044399999
;US-FL;1980;p99.9p99.99;1347052.4;;0.025800001;0.025800001
;US-FL;1980;p99p99.5;303260.59;;0.032299999;0.032299999
;US-FL;1980;p95p100;235237.0;;0.2502;0.2502
;US-FL;1980;p0p90;33404.398;;0.63950002;0.63950002
;US-FL;1980;p0p99;41923.199;;0.88279998;0.88279998
;US-FL;1980;p99.5p100;798489.13;;0.084899999;0.084899999
;US-FL;1979;p0p100;423046.19;1.86327840615e+11;1.0;1.0
;US-FL;1979;p99p100;548098.13;;0.1199;0.1199
;US-FL;1979;p99.9p100;1980275.3;;0.043299999;0.043299999
;US-FL;1979;p99.99p100;7890703.5;;0.0173;0.0173
;US-FL;1979;p90p100;164641.3;;0.3603;0.3603
;US-FL;1979;p90p95;99001.5;;0.1083;0.1083
;US-FL;1979;p95p99;151183.09;;0.1323;0.1323
;US-FL;1979;p99.5p99.9;497890.31;;0.0436;0.0436
;US-FL;1979;p99.9p99.99;1323550.9;;0.0261;0.0261
;US-FL;1979;p99p99.5;301745.5;;0.033;0.033
;US-FL;1979;p95p100;230601.2;;0.25229999;0.25229999
;US-FL;1979;p0p90;32464.801;;0.63940001;0.63940001
;US-FL;1979;p0p99;40621.5;;0.88010001;0.88010001
;US-FL;1979;p99.5p100;794255.0;;0.086900003;0.086900003
;US-FL;1978;p0p100;488974.91;1.73039266666e+11;1.0;1.0
;US-FL;1978;p99p100;458874.09;;0.1043;0.1043
;US-FL;1978;p99.9p100;1424167.5;;0.032400001;0.032400001
;US-FL;1978;p99.99p100;4634716.0;;0.0105;0.0105
;US-FL;1978;p90p100;154089.5;;0.35030001;0.35030001
;US-FL;1978;p90p95;95742.5;;0.1088;0.1088
;US-FL;1978;p95p99;151157.41;;0.1375;0.1375
;US-FL;1978;p99.5p99.9;447025.91;;0.0407;0.0407
;US-FL;1978;p99.9p99.99;1067469.5;;0.0218;0.0218
;US-FL;1978;p99p99.5;275335.09;;0.031300001;0.031300001
;US-FL;1978;p95p100;212837.09;;0.2419;0.2419
;US-FL;1978;p0p90;31738.9;;0.6494;0.6494
;US-FL;1978;p0p99;39796.602;;0.89569998;0.89569998
;US-FL;1978;p99.5p100;642322.81;;0.072999999;0.072999999
;US-FL;1977;p0p100;545798.81;1.60366241576e+11;1.0;1.0
;US-FL;1977;p99p100;436452.69;;0.1029;0.1029
;US-FL;1977;p99.9p100;1369278.3;;0.032299999;0.032299999
;US-FL;1977;p99.99p100;4630605.5;;0.0109;0.0109
;US-FL;1977;p90p100;147898.2;;0.34869999;0.34869999
;US-FL;1977;p90p95;94121.203;;0.111;0.111
;US-FL;1977;p95p99;142982.5;;0.1348;0.1348
;US-FL;1977;p99.5p99.9;421788.41;;0.039799999;0.039799999
;US-FL;1977;p99.9p99.99;1006853.3;;0.021400001;0.021400001
;US-FL;1977;p99p99.5;261652.2;;0.0308;0.0308
;US-FL;1977;p95p100;201653.2;;0.2377;0.2377
;US-FL;1977;p0p90;30695.0;;0.65130001;0.65130001
;US-FL;1977;p0p99;38435.301;;0.89709997;0.89709997
;US-FL;1977;p99.5p100;611193.13;;0.071999997;0.071999997
;US-FL;1976;p0p100;613510.38;1.52834341752e+11;1.0;1.0
;US-FL;1976;p99p100;418803.09;;0.099600002;0.099600002
;US-FL;1976;p99.9p100;1286801.1;;0.0306;0.0306
;US-FL;1976;p99.99p100;4245506.5;;0.0101;0.0101
;US-FL;1976;p90p100;146029.3;;0.34740001;0.34740001
;US-FL;1976;p90p95;95702.398;;0.1138;0.1138
;US-FL;1976;p95p99;140711.09;;0.1339;0.1339
;US-FL;1976;p99.5p99.9;407900.5;;0.038800001;0.038800001
;US-FL;1976;p99.9p99.99;958063.38;;0.020500001;0.020500001
;US-FL;1976;p99p99.5;254079.0;;0.030200001;0.030200001
;US-FL;1976;p95p100;196331.5;;0.2335;0.2335
;US-FL;1976;p0p90;30478.801;;0.65259999;0.65259999
;US-FL;1976;p0p99;38227.5;;0.90039998;0.90039998
;US-FL;1976;p99.5p100;583557.38;;0.069399998;0.069399998
;US-FL;1975;p0p100;683516.13;1.46488425487e+11;1.0;1.0
;US-FL;1975;p99p100;424141.09;;0.1013;0.1013
;US-FL;1975;p99.9p100;1337160.3;;0.0319;0.0319
;US-FL;1975;p99.99p100;4961793.5;;0.0119;0.0119
;US-FL;1975;p90p100;145642.8;;0.3479;0.3479
;US-FL;1975;p90p95;93944.602;;0.1122;0.1122
;US-FL;1975;p95p99;140565.7;;0.13429999;0.13429999
;US-FL;1975;p99.5p99.9;406386.5;;0.038800001;0.038800001
;US-FL;1975;p99.9p99.99;933785.5;;0.020099999;0.020099999
;US-FL;1975;p99p99.5;256228.41;;0.0306;0.0306
;US-FL;1975;p95p100;197287.41;;0.23559999;0.23559999
;US-FL;1975;p0p90;30336.4;;0.65210003;0.65210003
;US-FL;1975;p0p99;38004.5;;0.8987;0.8987
;US-FL;1975;p99.5p100;592192.5;;0.070699997;0.070699997
;US-FL;1974;p0p100;879590.38;1.52285005102e+11;1.0;1.0
;US-FL;1974;p99p100;456725.31;;0.101;0.101
;US-FL;1974;p99.9p100;1474307.3;;0.032600001;0.032600001
;US-FL;1974;p99.99p100;5110350.0;;0.0113;0.0113
;US-FL;1974;p90p100;154413.2;;0.34130001;0.34130001
;US-FL;1974;p90p95;98934.203;;0.1093;0.1093
;US-FL;1974;p95p99;148682.91;;0.13150001;0.13150001
;US-FL;1974;p99.5p99.9;441880.09;;0.039099999;0.039099999
;US-FL;1974;p99.9p99.99;1078310.1;;0.021500001;0.021500001
;US-FL;1974;p99p99.5;268629.5;;0.0297;0.0297
;US-FL;1974;p95p100;209862.09;;0.23190001;0.23190001
;US-FL;1974;p0p90;33059.602;;0.6577;0.6577
;US-FL;1974;p0p99;41083.398;;0.89899999;0.89899999
;US-FL;1974;p99.5p100;646201.88;;0.071400002;0.071400002
;US-FL;1973;p0p100;1097088.8;1.48330195671e+11;1.0;1.0
;US-FL;1973;p99p100;525441.31;;0.1148;0.1148
;US-FL;1973;p99.9p100;1730943.4;;0.037799999;0.037799999
;US-FL;1973;p99.99p100;6278130.5;;0.0137;0.0137
;US-FL;1973;p90p100;168106.09;;0.3673;0.3673
;US-FL;1973;p90p95;101472.7;;0.1109;0.1109
;US-FL;1973;p95p99;162027.5;;0.1416;0.1416
;US-FL;1973;p99.5p99.9;507533.59;;0.044399999;0.044399999
;US-FL;1973;p99.9p99.99;1226001.3;;0.0241;0.0241
;US-FL;1973;p99p99.5;299343.69;;0.032699998;0.032699998
;US-FL;1973;p95p100;234702.5;;0.25639999;0.25639999
;US-FL;1973;p0p90;32171.6;;0.63260001;0.63260001
;US-FL;1973;p0p99;40922.0;;0.88520002;0.88520002
;US-FL;1973;p99.5p100;752224.88;;0.082199998;0.082199998
;US-FL;1972;p0p100;1180771.3;1.36186346594e+11;1.0;1.0
;US-FL;1972;p99p100;521411.41;;0.1194;0.1194
;US-FL;1972;p99.9p100;1767844.3;;0.0405;0.0405
;US-FL;1972;p99.99p100;6299025.5;;0.0144;0.0144
;US-FL;1972;p90p100;161564.8;;0.37009999;0.37009999
;US-FL;1972;p90p95;96036.602;;0.11;0.11
;US-FL;1972;p95p99;153470.2;;0.1406;0.1406
;US-FL;1972;p99.5p99.9;487667.31;;0.0447;0.0447
;US-FL;1972;p99.9p99.99;1264287.3;;0.0261;0.0261
;US-FL;1972;p99p99.5;299268.69;;0.034299999;0.034299999
;US-FL;1972;p95p100;227054.91;;0.25999999;0.25999999
;US-FL;1972;p0p90;30558.6;;0.63;0.63
;US-FL;1972;p0p99;38832.301;;0.88059998;0.88059998
;US-FL;1972;p99.5p100;743554.19;;0.085199997;0.085199997
;US-FL;1971;p0p100;1180479.0;1.22885725936e+11;1.0;1.0
;US-FL;1971;p99p100;465460.19;;0.1136;0.1136
;US-FL;1971;p99.9p100;1555476.8;;0.037999999;0.037999999
;US-FL;1971;p99.99p100;6051866.0;;0.0148;0.0148
;US-FL;1971;p90p100;148085.3;;0.36140001;0.36140001
;US-FL;1971;p90p95;91010.898;;0.1111;0.1111
;US-FL;1971;p95p99;140009.2;;0.1367;0.1367
;US-FL;1971;p99.5p99.9;439096.59;;0.0429;0.0429
;US-FL;1971;p99.9p99.99;1055777.1;;0.0232;0.0232
;US-FL;1971;p99p99.5;268739.91;;0.0328;0.0328
;US-FL;1971;p95p100;205107.2;;0.25029999;0.25029999
;US-FL;1971;p0p90;29075.801;;0.63859999;0.63859999
;US-FL;1971;p0p99;36686.898;;0.88639998;0.88639998
;US-FL;1971;p99.5p100;662252.5;;0.080799997;0.080799997
;US-FL;1970;p0p100;1257089.5;1.15257525992e+11;1.0;1.0
;US-FL;1970;p99p100;420855.0;;0.1051;0.1051
;US-FL;1970;p99.9p100;1342386.8;;0.033500001;0.033500001
;US-FL;1970;p99.99p100;5143088.5;;0.0128;0.0128
;US-FL;1970;p90p100;141186.8;;0.35249999;0.35249999
;US-FL;1970;p90p95;89496.898;;0.1117;0.1117
;US-FL;1970;p95p99;135794.2;;0.1356;0.1356
;US-FL;1970;p99.5p99.9;401707.59;;0.040100001;0.040100001
;US-FL;1970;p99.9p99.99;920383.5;;0.0207;0.0207
;US-FL;1970;p99p99.5;252004.5;;0.031500001;0.031500001
;US-FL;1970;p95p100;192824.41;;0.24070001;0.24070001
;US-FL;1970;p0p90;28812.699;;0.64749998;0.64749998
;US-FL;1970;p0p99;36201.102;;0.89490002;0.89490002
;US-FL;1970;p99.5p100;589760.5;;0.073600002;0.073600002
;US-FL;1969;p0p100;1381074.3;1.0941424443e+11;1.0;1.0
;US-FL;1969;p99p100;480219.0;;0.122;0.122
;US-FL;1969;p99.9p100;1764406.8;;0.044799998;0.044799998
;US-FL;1969;p99.99p100;7555255.5;;0.019200001;0.019200001
;US-FL;1969;p90p100;147267.3;;0.3741;0.3741
;US-FL;1969;p90p95;89059.203;;0.1131;0.1131
;US-FL;1969;p95p99;136734.3;;0.1389;0.1389
;US-FL;1969;p99.5p99.9;432375.19;;0.043900002;0.043900002
;US-FL;1969;p99.9p99.99;1120723.0;;0.025599999;0.025599999
;US-FL;1969;p99p99.5;261656.41;;0.033199999;0.033199999
;US-FL;1969;p95p100;205452.09;;0.26100001;0.26100001
;US-FL;1969;p0p90;27377.1;;0.62589997;0.62589997
;US-FL;1969;p0p99;34910.602;;0.87800002;0.87800002
;US-FL;1969;p99.5p100;698735.81;;0.088799998;0.088799998
;US-FL;1968;p0p100;1467231.1;1.01126732237e+11;1.0;1.0
;US-FL;1968;p99p100;500132.41;;0.133;0.133
;US-FL;1968;p99.9p100;1840278.1;;0.048900001;0.048900001
;US-FL;1968;p99.99p100;7739863.0;;0.0206;0.0206
;US-FL;1968;p90p100;145992.59;;0.3883;0.3883
;US-FL;1968;p90p95;84244.5;;0.112;0.112
;US-FL;1968;p95p99;134694.7;;0.1433;0.1433
;US-FL;1968;p99.5p99.9;451495.09;;0.048;0.048
;US-FL;1968;p99.9p99.99;1183544.8;;0.0283;0.0283
;US-FL;1968;p99p99.5;270989.31;;0.035999998;0.035999998
;US-FL;1968;p95p100;207774.7;;0.27630001;0.27630001
;US-FL;1968;p0p90;25557.0;;0.6117;0.6117
;US-FL;1968;p0p99;32929.398;;0.86699998;0.86699998
;US-FL;1968;p99.5p100;729290.88;;0.097000003;0.097000003
;US-FL;1967;p0p100;1484602.3;91177351296.0;1.0;1.0
;US-FL;1967;p99p100;429258.31;;0.1225;0.1225
;US-FL;1967;p99.9p100;1479513.4;;0.042199999;0.042199999
;US-FL;1967;p99.99p100;5890498.5;;0.016799999;0.016799999
;US-FL;1967;p90p100;134398.5;;0.38350001;0.38350001
;US-FL;1967;p90p95;82708.797;;0.118;0.118
;US-FL;1967;p95p99;125266.1;;0.14300001;0.14300001
;US-FL;1967;p99.5p99.9;400370.81;;0.045699999;0.045699999
;US-FL;1967;p99.9p99.99;989255.38;;0.0254;0.0254
;US-FL;1967;p99p99.5;242310.7;;0.034600001;0.034600001
;US-FL;1967;p95p100;186075.09;;0.26550001;0.26550001
;US-FL;1967;p0p90;24009.4;;0.61659998;0.61659998
;US-FL;1967;p0p99;31065.0;;0.8775;0.8775
;US-FL;1967;p99.5p100;616198.5;;0.087899998;0.087899998
;US-FL;1966;p0p100;1505941.9;84110115672.0;1.0;1.0
;US-FL;1966;p99p100;384466.41;;0.1149;0.1149
;US-FL;1966;p99.9p100;1307974.3;;0.039099999;0.039099999
;US-FL;1966;p99.99p100;5228195.0;;0.0156;0.0156
;US-FL;1966;p90p100;125013.6;;0.37369999;0.37369999
;US-FL;1966;p90p95;79688.602;;0.1191;0.1191
;US-FL;1966;p95p99;116791.3;;0.13959999;0.13959999
;US-FL;1966;p99.5p99.9;361354.19;;0.043200001;0.043200001
;US-FL;1966;p99.9p99.99;872266.88;;0.023499999;0.023499999
;US-FL;1966;p99p99.5;218400.8;;0.032600001;0.032600001
;US-FL;1966;p95p100;170332.59;;0.25459999;0.25459999
;US-FL;1966;p0p90;23280.4;;0.62629998;0.62629998
;US-FL;1966;p0p99;29908.199;;0.88510001;0.88510001
;US-FL;1966;p99.5p100;550592.88;;0.0823;0.0823
;US-FL;1965;p0p100;1547634.3;78904288715.0;1.0;1.0
;US-FL;1965;p99p100;406831.59;;0.1252;0.1252
;US-FL;1965;p99.9p100;1391598.0;;0.042800002;0.042800002
;US-FL;1965;p99.99p100;5805512.5;;0.017899999;0.017899999
;US-FL;1965;p90p100;125143.0;;0.38510001;0.38510001
;US-FL;1965;p90p95;76412.102;;0.1176;0.1176
;US-FL;1965;p95p99;115643.4;;0.14229999;0.14229999
;US-FL;1965;p99.5p99.9;378205.0;;0.046599999;0.046599999
;US-FL;1965;p99.9p99.99;901333.69;;0.025;0.025
;US-FL;1965;p99p99.5;232823.5;;0.035799999;0.035799999
;US-FL;1965;p95p100;173877.41;;0.26750001;0.26750001
;US-FL;1965;p0p90;22201.6;;0.61489999;0.61489999
;US-FL;1965;p0p99;28715.301;;0.87480003;0.87480003
;US-FL;1965;p99.5p100;580857.31;;0.089400001;0.089400001
;US-FL;1964;p0p100;1540774.0;73401442789.0;1.0;1.0
;US-FL;1964;p99p100;383872.0;;0.1225;0.1225
;US-FL;1964;p99.9p100;1278549.4;;0.040800001;0.040800001
;US-FL;1964;p99.99p100;5499823.0;;0.0176;0.0176
;US-FL;1964;p90p100;118528.9;;0.37830001;0.37830001
;US-FL;1964;p90p95;72738.898;;0.1161;0.1161
;US-FL;1964;p95p99;109411.9;;0.1397;0.1397
;US-FL;1964;p99.5p99.9;352787.19;;0.045000002;0.045000002
;US-FL;1964;p99.9p99.99;809802.81;;0.0233;0.0233
;US-FL;1964;p99p99.5;229799.41;;0.036699999;0.036699999
;US-FL;1964;p95p100;164335.41;;0.2622;0.2622
;US-FL;1964;p0p90;21645.699;;0.62169999;0.62169999
;US-FL;1964;p0p99;27772.5;;0.8775;0.8775
;US-FL;1964;p99.5p100;537893.81;;0.0858;0.0858
;US-FL;1963;p0p100;1501173.8;67131727252.0;1.0;1.0
;US-FL;1963;p99p100;331486.41;;0.1114;0.1114
;US-FL;1963;p99.9p100;1075193.3;;0.0361;0.0361
;US-FL;1963;p99.99p100;4200169.0;;0.0141;0.0141
;US-FL;1963;p90p100;109081.3;;0.36669999;0.36669999
;US-FL;1963;p90p95;68296.5;;0.1148;0.1148
;US-FL;1963;p95p99;104460.5;;0.14049999;0.14049999
;US-FL;1963;p99.5p99.9;321911.31;;0.043299999;0.043299999
;US-FL;1963;p99.9p99.99;727533.19;;0.022;0.022
;US-FL;1963;p99p99.5;190446.3;;0.032000002;0.032000002
;US-FL;1963;p95p100;149865.7;;0.25189999;0.25189999
;US-FL;1963;p0p90;20930.6;;0.63330001;0.63330001
;US-FL;1963;p0p99;26697.6;;0.88859999;0.88859999
;US-FL;1963;p99.5p100;472528.59;;0.079400003;0.079400003
;US-FL;1962;p0p100;1497211.6;62795494047.0;1.0;1.0
;US-FL;1962;p99p100;322366.59;;0.1116;0.1116
;US-FL;1962;p99.9p100;1013729.1;;0.035100002;0.035100002
;US-FL;1962;p99.99p100;3924271.8;;0.0136;0.0136
;US-FL;1962;p90p100;107387.1;;0.3716;0.3716
;US-FL;1962;p90p95;67348.297;;0.1165;0.1165
;US-FL;1962;p95p99;103690.3;;0.1435;0.1435
;US-FL;1962;p99.5p99.9;314543.81;;0.043499999;0.043499999
;US-FL;1962;p99.9p99.99;689723.5;;0.021500001;0.021500001
;US-FL;1962;p99p99.5;190281.5;;0.032900002;0.032900002
;US-FL;1962;p95p100;147425.5;;0.25510001;0.25510001
;US-FL;1962;p0p90;20176.199;;0.62840003;0.62840003
;US-FL;1962;p0p99;25932.1;;0.88840002;0.88840002
;US-FL;1962;p99.5p100;454450.41;;0.078599997;0.078599997
;US-FL;1961;p0p100;1515179.1;59919930542.0;1.0;1.0
;US-FL;1961;p99p100;338738.59;;0.1182;0.1182
;US-FL;1961;p99.9p100;1155356.5;;0.0403;0.0403
;US-FL;1961;p99.99p100;4743385.0;;0.0165;0.0165
;US-FL;1961;p90p100;106635.3;;0.37200001;0.37200001
;US-FL;1961;p90p95;65224.801;;0.1138;0.1138
;US-FL;1961;p95p99;100371.4;;0.1401;0.1401
;US-FL;1961;p99.5p99.9;323042.31;;0.0451;0.0451
;US-FL;1961;p99.9p99.99;756419.63;;0.023700001;0.023700001
;US-FL;1961;p99p99.5;187960.2;;0.0328;0.0328
;US-FL;1961;p95p100;148045.3;;0.25819999;0.25819999
;US-FL;1961;p0p90;20002.1;;0.62800002;0.62800002
;US-FL;1961;p0p99;25533.0;;0.8818;0.8818
;US-FL;1961;p99.5p100;489516.5;;0.0854;0.0854
;US-FL;1960;p0p100;1523286.3;56718476645.0;1.0;1.0
;US-FL;1960;p99p100;316978.81;;0.1122;0.1122
;US-FL;1960;p99.9p100;1058302.8;;0.037500001;0.037500001
;US-FL;1960;p99.99p100;3934169.5;;0.0139;0.0139
;US-FL;1960;p90p100;102008.4;;0.3612;0.3612
;US-FL;1960;p90p95;62969.5;;0.1115;0.1115
;US-FL;1960;p95p99;97064.797;;0.1375;0.1375
;US-FL;1960;p99.5p99.9;304519.81;;0.043099999;0.043099999
;US-FL;1960;p99.9p99.99;738490.69;;0.023499999;0.023499999
;US-FL;1960;p99p99.5;178779.7;;0.0317;0.0317
;US-FL;1960;p95p100;141047.8;;0.24969999;0.24969999
;US-FL;1960;p0p90;20046.6;;0.63880002;0.63880002
;US-FL;1960;p0p99;25326.5;;0.88779998;0.88779998
;US-FL;1960;p99.5p100;455179.81;;0.080600001;0.080600001
;US-FL;1959;p0p100;1630663.8;55835072884.0;1.0;1.0
;US-FL;1959;p99p100;354234.5;;0.1212;0.1212
;US-FL;1959;p99.9p100;1165760.8;;0.039900001;0.039900001
;US-FL;1959;p99.99p100;4254190.5;;0.0146;0.0146
;US-FL;1959;p90p100;107128.0;;0.36660001;0.36660001
;US-FL;1959;p90p95;62636.301;;0.1072;0.1072
;US-FL;1959;p95p99;100963.1;;0.1382;0.1382
;US-FL;1959;p99.5p99.9;333043.81;;0.045600001;0.045600001
;US-FL;1959;p99.9p99.99;822351.81;;0.0253;0.0253
;US-FL;1959;p99p99.5;208985.91;;0.035799999;0.035799999
;US-FL;1959;p95p100;151618.41;;0.25940001;0.25940001
;US-FL;1959;p0p90;20564.6;;0.63340002;0.63340002
;US-FL;1959;p0p99;25938.199;;0.87879997;0.87879997
;US-FL;1959;p99.5p100;499488.81;;0.085500002;0.085500002
;US-FL;1958;p0p100;1569778.1;50386043692.0;1.0;1.0
;US-FL;1958;p99p100;314665.09;;0.1134;0.1134
;US-FL;1958;p99.9p100;1021666.0;;0.036800001;0.036800001
;US-FL;1958;p99.99p100;3628266.5;;0.0131;0.0131
;US-FL;1958;p90p100;99210.5;;0.3576;0.3576
;US-FL;1958;p90p95;59458.602;;0.1072;0.1072
;US-FL;1958;p95p99;95035.102;;0.13699999;0.13699999
;US-FL;1958;p99.5p99.9;309051.19;;0.044599999;0.044599999
;US-FL;1958;p99.9p99.99;731673.63;;0.023700001;0.023700001
;US-FL;1958;p99p99.5;177837.59;;0.032000002;0.032000002
;US-FL;1958;p95p100;138961.3;;0.25040001;0.25040001
;US-FL;1958;p0p90;19804.1;;0.64240003;0.64240003
;US-FL;1958;p0p99;24846.6;;0.88660002;0.88660002
;US-FL;1958;p99.5p100;451493.09;;0.0814;0.0814
;US-FL;1957;p0p100;1663609.9;48079986930.0;1.0;1.0
;US-FL;1957;p99p100;333858.69;;0.1198;0.1198
;US-FL;1957;p99.9p100;1065965.9;;0.0383;0.0383
;US-FL;1957;p99.99p100;4039069.5;;0.0145;0.0145
;US-FL;1957;p90p100;102215.7;;0.3669;0.3669
;US-FL;1957;p90p95;61577.602;;0.1105;0.1105
;US-FL;1957;p95p99;95101.0;;0.1365;0.1365
;US-FL;1957;p99.5p99.9;330247.81;;0.047400001;0.047400001
;US-FL;1957;p99.9p99.99;734908.31;;0.023700001;0.023700001
;US-FL;1957;p99p99.5;190365.41;;0.034200002;0.034200002
;US-FL;1957;p95p100;142853.2;;0.25639999;0.25639999
;US-FL;1957;p0p90;19601.1;;0.63319999;0.63319999
;US-FL;1957;p0p99;24771.199;;0.88020003;0.88020003
;US-FL;1957;p99.5p100;477352.5;;0.085699998;0.085699998
;US-FL;1956;p0p100;1783817.3;45602112736.0;1.0;1.0
;US-FL;1956;p99p100;374204.69;;0.13429999;0.13429999
;US-FL;1956;p99.9p100;1404254.8;;0.0504;0.0504
;US-FL;1956;p99.99p100;5750668.0;;0.0206;0.0206
;US-FL;1956;p90p100;105203.7;;0.3777;0.3777
;US-FL;1956;p90p95;57883.398;;0.1039;0.1039
;US-FL;1956;p95p99;96632.898;;0.1388;0.1388
;US-FL;1956;p99.5p99.9;342724.91;;0.049199998;0.049199998
;US-FL;1956;p99.9p99.99;919175.13;;0.0297;0.0297
;US-FL;1956;p99p99.5;194056.5;;0.0348;0.0348
;US-FL;1956;p95p100;152146.7;;0.27309999;0.27309999
;US-FL;1956;p0p90;19280.199;;0.62290001;0.62290001
;US-FL;1956;p0p99;24356.699;;0.86570001;0.86570001
;US-FL;1956;p99.5p100;554356.0;;0.0995;0.0995
;US-FL;1955;p0p100;1721853.6;40541825873.0;1.0;1.0
;US-FL;1955;p99p100;339952.0;;0.1302;0.1302
;US-FL;1955;p99.9p100;1179097.8;;0.045200001;0.045200001
;US-FL;1955;p99.99p100;4837875.5;;0.0185;0.0185
;US-FL;1955;p90p100;98493.703;;0.37740001;0.37740001
;US-FL;1955;p90p95;56016.898;;0.1073;0.1073
;US-FL;1955;p95p99;90809.297;;0.1392;0.1392
;US-FL;1955;p99.5p99.9;315060.69;;0.048300002;0.048300002
;US-FL;1955;p99.9p99.99;772475.63;;0.0266;0.0266
;US-FL;1955;p99p99.5;192034.5;;0.036800001;0.036800001
;US-FL;1955;p95p100;140645.09;;0.2694;0.2694
;US-FL;1955;p0p90;18075.6;;0.62330002;0.62330002
;US-FL;1955;p0p99;22930.5;;0.86979997;0.86979997
;US-FL;1955;p99.5p100;487869.5;;0.093500003;0.093500003
;US-FL;1954;p0p100;1582559.3;35614368758.0;1.0;1.0
;US-FL;1954;p99p100;299647.09;;0.124;0.124
;US-FL;1954;p99.9p100;1036818.8;;0.0429;0.0429
;US-FL;1954;p99.99p100;4147063.3;;0.017200001;0.017200001
;US-FL;1954;p90p100;94074.898;;0.3892;0.3892
;US-FL;1954;p90p95;61144.102;;0.1265;0.1265
;US-FL;1954;p95p99;84280.602;;0.13950001;0.13950001
;US-FL;1954;p99.5p99.9;280865.69;;0.046500001;0.046500001
;US-FL;1954;p99.9p99.99;691205.13;;0.025699999;0.025699999
;US-FL;1954;p99p99.5;167236.8;;0.034600001;0.034600001
;US-FL;1954;p95p100;127363.4;;0.26350001;0.26350001
;US-FL;1954;p0p90;16382.4;;0.61000001;0.61000001
;US-FL;1954;p0p99;21386.4;;0.87599999;0.87599999
;US-FL;1954;p99.5p100;432057.19;;0.089400001;0.089400001
;US-FL;1953;p0p100;1607795.8;33980196059.0;1.0;1.0
;US-FL;1953;p99p100;277927.19;;0.1143;0.1143
;US-FL;1953;p99.9p100;969836.0;;0.039900001;0.039900001
;US-FL;1953;p99.99p100;4037325.8;;0.0166;0.0166
;US-FL;1953;p90p100;89428.203;;0.36790001;0.36790001
;US-FL;1953;p90p95;60009.301;;0.1234;0.1234
;US-FL;1953;p95p99;79475.203;;0.13079999;0.13079999
;US-FL;1953;p99.5p99.9;261325.91;;0.043000001;0.043000001
;US-FL;1953;p99.9p99.99;626454.31;;0.0232;0.0232
;US-FL;1953;p99p99.5;152658.7;;0.031399999;0.031399999
;US-FL;1953;p95p100;119192.8;;0.24510001;0.24510001
;US-FL;1953;p0p90;17061.5;;0.63160002;0.63160002
;US-FL;1953;p0p99;21749.199;;0.88569999;0.88569999
;US-FL;1953;p99.5p100;403164.91;;0.082900003;0.082900003
;US-FL;1952;p0p100;1567985.3;30989468150.0;1.0;1.0
;US-FL;1952;p99p100;282753.81;;0.1211;0.1211
;US-FL;1952;p99.9p100;929568.31;;0.039799999;0.039799999
;US-FL;1952;p99.99p100;3465537.0;;0.0148;0.0148
;US-FL;1952;p90p100;89153.203;;0.38170001;0.38170001
;US-FL;1952;p90p95;57835.398;;0.1238;0.1238
;US-FL;1952;p95p99;80419.398;;0.13770001;0.13770001
;US-FL;1952;p99.5p99.9;270942.19;;0.046399999;0.046399999
;US-FL;1952;p99.9p99.99;646291.88;;0.024900001;0.024900001
;US-FL;1952;p99p99.5;162788.7;;0.034899998;0.034899998
;US-FL;1952;p95p100;120886.4;;0.2588;0.2588
;US-FL;1952;p0p90;16023.0;;0.61750001;0.61750001
;US-FL;1952;p0p99;20735.0;;0.87889999;0.87889999
;US-FL;1952;p99.5p100;402729.09;;0.086199999;0.086199999
;US-FL;1951;p0p100;1559600.3;28001767652.0;1.0;1.0
;US-FL;1951;p99p100;327675.41;;0.1473;0.1473
;US-FL;1951;p99.9p100;1172691.8;;0.052700002;0.052700002
;US-FL;1951;p99.99p100;3966373.0;;0.0178;0.0178
;US-FL;1951;p90p100;88951.0;;0.3998;0.3998
;US-FL;1951;p90p95;47898.199;;0.1076;0.1076
;US-FL;1951;p95p99;80948.602;;0.1455;0.1455
;US-FL;1951;p99.5p99.9;308638.69;;0.055500001;0.055500001
;US-FL;1951;p99.9p99.99;853934.81;;0.034499999;0.034499999
;US-FL;1951;p99p99.5;175190.0;;0.0394;0.0394
;US-FL;1951;p95p100;130282.1;;0.29280001;0.29280001
;US-FL;1951;p0p99;13473.6;;0.59960002;0.59960002
;US-FL;1951;p99.5p100;480273.81;;0.1079;0.1079
;US-FL;1950;p0p100;1822988.8;26663655990.0;1.0;1.0
;US-FL;1950;p99p100;320237.59;;0.1434;0.1434
;US-FL;1950;p99.9p100;1112194.3;;0.049800001;0.049800001
;US-FL;1950;p99.99p100;3371448.8;;0.0151;0.0151
;US-FL;1950;p90p100;85294.797;;0.38190001;0.38190001
;US-FL;1950;p90p95;44299.199;;0.099200003;0.099200003
;US-FL;1950;p95p99;77925.703;;0.13959999;0.13959999
;US-FL;1950;p99.5p99.9;308003.19;;0.055199999;0.055199999
;US-FL;1950;p99.9p99.99;849500.69;;0.034200002;0.034200002
;US-FL;1950;p99p99.5;171602.2;;0.038400002;0.038400002
;US-FL;1950;p95p100;126400.8;;0.28299999;0.28299999
;US-FL;1950;p0p90;15344.5;;0.61830002;0.61830002
;US-FL;1950;p0p99;19324.6;;0.85659999;0.85659999
;US-FL;1950;p99.5p100;468869.41;;0.105;0.105
;US-FL;1949;p0p100;1694664.1;23369195981.0;1.0;1.0
;US-FL;1949;p99p100;261144.91;;0.1283;0.1283
;US-FL;1949;p99.9p100;902192.81;;0.044300001;0.044300001
;US-FL;1949;p99.99p100;3327862.5;;0.0163;0.0163
;US-FL;1949;p90p100;74741.5;;0.3671;0.3671
;US-FL;1949;p90p95;42867.398;;0.1053;0.1053
;US-FL;1949;p95p99;68001.0;;0.1336;0.1336
;US-FL;1949;p99.5p99.9;252430.59;;0.049600001;0.049600001
;US-FL;1949;p99.9p99.99;632650.88;;0.028000001;0.028000001
;US-FL;1949;p99p99.5;139908.09;;0.034400001;0.034400001
;US-FL;1949;p95p100;106650.6;;0.26190001;0.26190001
;US-FL;1949;p0p90;14317.3;;0.6329;0.6329
;US-FL;1949;p0p99;17928.301;;0.87169999;0.87169999
;US-FL;1949;p99.5p100;382382.91;;0.093900003;0.093900003
;US-FL;1948;p0p100;1654660.3;22434751595.0;1.0;1.0
;US-FL;1948;p99p100;274420.81;;0.1354;0.1354
;US-FL;1948;p99.9p100;939497.63;;0.046300001;0.046300001
;US-FL;1948;p99.99p100;3391555.5;;0.0167;0.0167
;US-FL;1948;p90p100;77385.602;;0.38170001;0.38170001
;US-FL;1948;p90p95;43235.602;;0.1066;0.1066
;US-FL;1948;p95p99;70820.898;;0.1397;0.1397
;US-FL;1948;p99.5p99.9;263477.0;;0.052000001;0.052000001
;US-FL;1948;p99.9p99.99;667024.5;;0.0296;0.0296
;US-FL;1948;p99p99.5;150159.59;;0.037;0.037
;US-FL;1948;p95p100;111543.3;;0.27509999;0.27509999
;US-FL;1948;p0p90;13925.2;;0.6182;0.6182
;US-FL;1948;p0p99;17704.301;;0.8646;0.8646
;US-FL;1948;p99.5p100;398682.19;;0.098300003;0.098300003
;US-FL;1947;p0p100;1995384.9;22455766002.0;1.0;1.0
;US-FL;1947;p99p100;280707.09;;0.13339999;0.13339999
;US-FL;1947;p99.9p100;1001433.4;;0.047600001;0.047600001
;US-FL;1947;p99.99p100;4170769.8;;0.0198;0.0198
;US-FL;1947;p90p100;77418.297;;0.3678;0.3678
;US-FL;1947;p90p95;42025.102;;0.099799998;0.099799998
;US-FL;1947;p95p99;70829.602;;0.1346;0.1346
;US-FL;1947;p99.5p99.9;261661.0;;0.049699999;0.049699999
;US-FL;1947;p99.9p99.99;649141.19;;0.027799999;0.027799999
;US-FL;1947;p99p99.5;151805.91;;0.0361;0.0361
;US-FL;1947;p95p100;112810.3;;0.26800001;0.26800001
;US-FL;1947;p0p90;14783.7;;0.6322;0.6322
;US-FL;1947;p0p99;18423.9;;0.86659998;0.86659998
;US-FL;1947;p99.5p100;409617.31;;0.0973;0.0973
;US-FL;1946;p0p100;2892885.0;23947620363.0;1.0;1.0
;US-FL;1946;p99p100;349243.5;;0.1497;0.1497
;US-FL;1946;p99.9p100;1221896.8;;0.0524;0.0524
;US-FL;1946;p99.99p100;5110874.5;;0.0219;0.0219
;US-FL;1946;p90p100;94157.898;;0.40360001;0.40360001
;US-FL;1946;p90p95;48877.199;;0.1047;0.1047
;US-FL;1946;p95p99;86984.703;;0.14910001;0.14910001
;US-FL;1946;p99.5p99.9;332049.19;;0.056899998;0.056899998
;US-FL;1946;p99.9p99.99;789717.81;;0.0305;0.0305
;US-FL;1946;p99p99.5;188478.8;;0.040399998;0.040399998
;US-FL;1946;p95p100;139437.8;;0.29879999;0.29879999
;US-FL;1946;p0p90;15462.4;;0.59640002;0.59640002
;US-FL;1946;p0p99;20039.801;;0.85030001;0.85030001
;US-FL;1946;p99.5p100;510019.41;;0.1093;0.1093
;US-FL;1945;p0p100;3929480.0;26793621947.0;1.0;1.0
;US-FL;1945;p99p100;345628.09;;0.1285;0.1285
;US-FL;1945;p99.9p100;1262707.5;;0.0469;0.0469
;US-FL;1945;p99.99p100;5177513.0;;0.019200001;0.019200001
;US-FL;1945;p90p100;89791.398;;0.3337;0.3337
;US-FL;1945;p90p95;46623.801;;0.086599998;0.086599998
;US-FL;1945;p95p99;79779.203;;0.1186;0.1186
;US-FL;1945;p99.5p99.9;323295.69;;0.048099998;0.048099998
;US-FL;1945;p99.9p99.99;817451.5;;0.0273;0.0273
;US-FL;1945;p99p99.5;180059.2;;0.033500001;0.033500001
;US-FL;1945;p95p100;132956.3;;0.2471;0.2471
;US-FL;1945;p0p90;19927.6;;0.66659999;0.66659999
;US-FL;1945;p0p99;23684.699;;0.87150002;0.87150002
;US-FL;1945;p99.5p100;511218.69;;0.094999999;0.094999999
;US-FL;1944;p0p100;4196389.5;26519092362.0;1.0;1.0
;US-FL;1944;p99p100;316206.69;;0.1151;0.1151
;US-FL;1944;p99.9p100;1102704.5;;0.040100001;0.040100001
;US-FL;1944;p99.99p100;4062930.5;;0.0148;0.0148
;US-FL;1944;p90p100;85502.297;;0.31130001;0.31130001
;US-FL;1944;p90p95;47768.5;;0.086999997;0.086999997
;US-FL;1944;p95p99;73722.898;;0.1074;0.1074
;US-FL;1944;p99.5p99.9;297537.0;;0.043299999;0.043299999
;US-FL;1944;p99.9p99.99;772784.69;;0.0253;0.0253
;US-FL;1944;p99p99.5;173973.8;;0.0317;0.0317
;US-FL;1944;p95p100;122389.8;;0.2228;0.2228
;US-FL;1944;p0p90;21074.801;;0.69059998;0.69059998
;US-FL;1944;p0p99;24550.0;;0.88489997;0.88489997
;US-FL;1944;p99.5p100;458511.19;;0.083499998;0.083499998
;US-FL;1943;p0p100;4368729.5;25827121429.0;1.0;1.0
;US-FL;1943;p99p100;350424.91;;0.1268;0.1268
;US-FL;1943;p99.9p100;1216947.4;;0.044100001;0.044100001
;US-FL;1943;p99.99p100;3780357.0;;0.0137;0.0137
;US-FL;1943;p90p100;87072.898;;0.3152;0.3152
;US-FL;1943;p90p95;45028.0;;0.081500001;0.081500001
;US-FL;1943;p95p99;73850.297;;0.1069;0.1069
;US-FL;1943;p99.5p99.9;352968.31;;0.051100001;0.051100001
;US-FL;1943;p99.9p99.99;928794.13;;0.030300001;0.030300001
;US-FL;1943;p99p99.5;175091.0;;0.0317;0.0317
;US-FL;1943;p95p100;129140.4;;0.23370001;0.23370001
;US-FL;1943;p0p90;21021.699;;0.68480003;0.68480003
;US-FL;1943;p0p99;24365.6;;0.8732;0.8732
;US-FL;1943;p99.5p100;525768.81;;0.095200002;0.095200002
;US-FL;1942;p0p100;3616714.0;18338038296.0;1.0;1.0
;US-FL;1942;p99p100;288582.09;;0.14219999;0.14219999
;US-FL;1942;p99.9p100;1080645.8;;0.053199999;0.053199999
;US-FL;1942;p99.99p100;3816566.3;;0.0188;0.0188
;US-FL;1942;p90p100;71401.797;;0.35179999;0.35179999
;US-FL;1942;p90p95;36663.199;;0.090300001;0.090300001
;US-FL;1942;p95p99;60558.602;;0.1193;0.1193
;US-FL;1942;p99.5p99.9;276338.31;;0.054499999;0.054499999
;US-FL;1942;p99.9p99.99;777080.31;;0.034499999;0.034499999
;US-FL;1942;p99p99.5;140011.59;;0.034499999;0.034499999
;US-FL;1942;p95p100;106145.5;;0.2615;0.2615
;US-FL;1942;p0p90;14618.2;;0.64819998;0.64819998
;US-FL;1942;p0p99;17588.4;;0.85780001;0.85780001
;US-FL;1942;p99.5p100;437167.59;;0.1077;0.1077
;US-FL;1941;p0p100;3454970.0;13863398115.0;1.0;1.0
;US-FL;1941;p99p100;299090.91;;0.18889999;0.18889999
;US-FL;1941;p99.9p100;1188885.8;;0.075099997;0.075099997
;US-FL;1941;p99.99p100;4938110.5;;0.031199999;0.031199999
;US-FL;1941;p90p100;73208.297;;0.4623;0.4623
;US-FL;1941;p90p95;38382.602;;0.1212;0.1212
;US-FL;1941;p95p99;60191.898;;0.152;0.152
;US-FL;1941;p99.5p99.9;273926.31;;0.069200002;0.069200002
;US-FL;1941;p99.9p99.99;773920.38;;0.044;0.044
;US-FL;1941;p99p99.5;141463.0;;0.0447;0.0447
;US-FL;1941;p95p100;107934.6;;0.34079999;0.34079999
;US-FL;1941;p0p90;9461.2998;;0.5377;0.5377
;US-FL;1941;p0p99;12974.2;;0.81110001;0.81110001
;US-FL;1941;p99.5p100;456779.59;;0.1442;0.1442
;US-FL;1940;p0p100;3303742.8;11664120452.0;1.0;1.0
;US-FL;1940;p99p100;299442.09;;0.21799999;0.21799999
;US-FL;1940;p99.9p100;1232531.5;;0.089699998;0.089699998
;US-FL;1940;p99.99p100;5189817.5;;0.037799999;0.037799999
;US-FL;1940;p90p100;71636.602;;0.52160001;0.52160001
;US-FL;1940;p90p95;36212.898;;0.1318;0.1318
;US-FL;1940;p95p99;59104.199;;0.17209999;0.17209999
;US-FL;1940;p99.5p99.9;267948.09;;0.078000002;0.078000002
;US-FL;1940;p99.9p99.99;794596.63;;0.052099999;0.052099999
;US-FL;1940;p99p99.5;138378.3;;0.0504;0.0504
;US-FL;1940;p95p100;107106.3;;0.3899;0.3899
;US-FL;1940;p0p90;7290.8999;;0.47780001;0.47780001
;US-FL;1940;p0p99;10848.5;;0.78200001;0.78200001
;US-FL;1940;p99.5p100;460637.0;;0.16769999;0.16769999
;US-FL;1939;p0p100;3194893.8;10703578232.0;1.0;1.0
;US-FL;1939;p99p100;270382.19;;0.2075;0.2075
;US-FL;1939;p99.9p100;1078332.6;;0.082800001;0.082800001
;US-FL;1939;p99.99p100;4230253.0;;0.032499999;0.032499999
;US-FL;1939;p90p100;61972.102;;0.4756;0.4756
;US-FL;1939;p90p95;23755.301;;0.091200002;0.091200002
;US-FL;1939;p95p99;56110.102;;0.17219999;0.17219999
;US-FL;1939;p99.5p99.9;246947.0;;0.075800002;0.075800002
;US-FL;1939;p99.9p99.99;728650.5;;0.050299998;0.050299998
;US-FL;1939;p99p99.5;127751.5;;0.048999999;0.048999999
;US-FL;1939;p95p100;98904.898;;0.3795;0.3795
;US-FL;1939;p0p90;7658.5;;0.52899998;0.52899998
;US-FL;1939;p0p99;10430.6;;0.79250002;0.79250002
;US-FL;1939;p99.5p100;413104.69;;0.1585;0.1585
;US-FL;1938;p0p100;2851416.0;9521779351.0;1.0;1.0
;US-FL;1938;p99p100;260896.09;;0.21799999;0.21799999
;US-FL;1938;p99.9p100;1161679.9;;0.097099997;0.097099997
;US-FL;1938;p99.99p100;5473734.5;;0.045699999;0.045699999
;US-FL;1938;p90p100;58133.898;;0.4858;0.4858
;US-FL;1938;p90p95;21439.199;;0.089599997;0.089599997
;US-FL;1938;p95p99;49629.801;;0.16590001;0.16590001
;US-FL;1938;p99.5p99.9;221303.2;;0.074000001;0.074000001
;US-FL;1938;p99.9p99.99;686503.19;;0.051600002;0.051600002
;US-FL;1938;p99p99.5;113235.5;;0.0473;0.0473
;US-FL;1938;p95p100;91793.5;;0.38350001;0.38350001
;US-FL;1938;p0p90;6992.7002;;0.52590001;0.52590001
;US-FL;1938;p0p99;9452.7998;;0.78200001;0.78200001
;US-FL;1938;p99.5p100;408835.69;;0.1708;0.1708
;US-FL;1937;p0p100;2818246.0;9468220080.0;1.0;1.0
;US-FL;1937;p99p100;294209.5;;0.2396;0.2396
;US-FL;1937;p99.9p100;1241422.6;;0.1011;0.1011
;US-FL;1937;p99.99p100;4807240.5;;0.039099999;0.039099999
;US-FL;1937;p90p100;61379.301;;0.4998;0.4998
;US-FL;1937;p90p95;19812.199;;0.080700003;0.080700003
;US-FL;1937;p95p99;51409.301;;0.1674;0.1674
;US-FL;1937;p99.5p99.9;264507.09;;0.086199999;0.086199999
;US-FL;1937;p99.9p99.99;845148.19;;0.061900001;0.061900001
;US-FL;1937;p99p99.5;128523.7;;0.052299999;0.052299999
;US-FL;1937;p95p100;99982.297;;0.40709999;0.40709999
;US-FL;1937;p0p90;6990.7998;;0.51230001;0.51230001
;US-FL;1937;p0p99;9432.9004;;0.7604;0.7604
;US-FL;1937;p99.5p100;459891.59;;0.18719999;0.18719999
;US-FL;1936;p0p100;2881511.8;8752968239.0;1.0;1.0
;US-FL;1936;p99p100;288374.0;;0.2466;0.2466
;US-FL;1936;p99.9p100;1238912.1;;0.1059;0.1059
;US-FL;1936;p99.99p100;4902914.5;;0.041900001;0.041900001
;US-FL;1936;p90p100;58709.898;;0.50199997;0.50199997
;US-FL;1936;p90p95;19572.9;;0.083700001;0.083700001
;US-FL;1936;p95p99;46116.102;;0.1577;0.1577
;US-FL;1936;p99.5p99.9;254531.59;;0.087099999;0.087099999
;US-FL;1936;p99.9p99.99;831739.19;;0.064000003;0.064000003
;US-FL;1936;p99p99.5;125333.7;;0.053599998;0.053599998
;US-FL;1936;p95p100;94553.898;;0.40419999;0.40419999
;US-FL;1936;p0p90;6654.1001;;0.51200002;0.51200002
;US-FL;1936;p0p99;8900.9004;;0.75340003;0.75340003
;US-FL;1936;p99.5p100;451410.69;;0.193;0.193
;US-FL;1935;p0p100;2499540.0;7227077040.0;1.0;1.0
;US-FL;1935;p99p100;207552.5;;0.2086;0.2086
;US-FL;1935;p99.9p100;878465.31;;0.088299997;0.088299997
;US-FL;1935;p99.99p100;3582601.8;;0.035999998;0.035999998
;US-FL;1935;p90p100;48279.699;;0.48519999;0.48519999
;US-FL;1935;p90p95;20186.4;;0.1014;0.1014
;US-FL;1935;p95p99;40484.898;;0.1627;0.1627
;US-FL;1935;p99.5p99.9;181845.41;;0.073100001;0.073100001
;US-FL;1935;p99.9p99.99;577960.13;;0.052299999;0.052299999
;US-FL;1935;p99p99.5;93923.398;;0.047200002;0.047200002
;US-FL;1935;p95p100;73998.797;;0.37180001;0.37180001
;US-FL;1935;p0p90;5829.3999;;0.5273;0.5273
;US-FL;1935;p0p99;7954.6001;;0.79140002;0.79140002
;US-FL;1935;p99.5p100;321176.31;;0.16140001;0.16140001
;US-FL;1934;p0p100;2468411.0;6589486156.0;1.0;1.0
;US-FL;1934;p99p100;169253.3;;0.18089999;0.18089999
;US-FL;1934;p99.9p100;671177.38;;0.071800001;0.071800001
;US-FL;1934;p99.99p100;2711853.0;;0.028999999;0.028999999
;US-FL;1934;p90p100;42265.602;;0.45179999;0.45179999
;US-FL;1934;p90p95;18866.5;;0.1008;0.1008
;US-FL;1934;p95p99;37898.199;;0.1621;0.1621
;US-FL;1934;p99.5p99.9;151576.09;;0.064800002;0.064800002
;US-FL;1934;p99.9p99.99;444394.41;;0.042800002;0.042800002
;US-FL;1934;p99p99.5;83007.797;;0.044399999;0.044399999
;US-FL;1934;p95p100;64463.801;;0.34459999;0.34459999
;US-FL;1934;p0p90;5780.7002;;0.55620003;0.55620003
;US-FL;1934;p0p99;7739.2002;;0.81910002;0.81910002
;US-FL;1934;p99.5p100;255500.91;;0.1366;0.1366
;US-FL;1933;p0p100;2311409.0;5606456667.0;1.0;1.0
;US-FL;1933;p99p100;134834.2;;0.1644;0.1644
;US-FL;1933;p99.9p100;524135.5;;0.063900001;0.063900001
;US-FL;1933;p99.99p100;2063510.8;;0.0252;0.0252
;US-FL;1933;p90p100;35872.301;;0.43740001;0.43740001
;US-FL;1933;p90p95;19150.301;;0.1168;0.1168
;US-FL;1933;p95p99;31748.0;;0.1549;0.1549
;US-FL;1933;p99.5p99.9;119438.3;;0.0583;0.0583
;US-FL;1933;p99.9p99.99;353093.81;;0.038800001;0.038800001
;US-FL;1933;p99p99.5;69290.602;;0.042199999;0.042199999
;US-FL;1933;p95p100;52445.602;;0.31979999;0.31979999
;US-FL;1933;p0p90;5138.7002;;0.56400001;0.56400001
;US-FL;1933;p0p99;6921.5;;0.83560002;0.83560002
;US-FL;1933;p99.5p100;200377.8;;0.1222;0.1222
;US-FL;1932;p0p100;2212398.0;5789700311.0;1.0;1.0
;US-FL;1932;p99p100;135609.5;;0.15549999;0.15549999
;US-FL;1932;p99.9p100;531945.31;;0.061000001;0.061000001
;US-FL;1932;p99.99p100;2130459.3;;0.0244;0.0244
;US-FL;1932;p90p100;37937.801;;0.435;0.435
;US-FL;1932;p90p95;21034.0;;0.1206;0.1206
;US-FL;1932;p95p99;33745.398;;0.1548;0.1548
;US-FL;1932;p99.5p99.9;117775.2;;0.054000001;0.054000001
;US-FL;1932;p99.9p99.99;354332.81;;0.036600001;0.036600001
;US-FL;1932;p99p99.5;70609.797;;0.0405;0.0405
;US-FL;1932;p95p100;54240.699;;0.3109;0.3109
;US-FL;1932;p0p90;5516.0;;0.56919998;0.56919998
;US-FL;1932;p0p99;7440.2998;;0.84450001;0.84450001
;US-FL;1932;p99.5p100;200609.2;;0.115;0.115
;US-FL;1931;p0p100;2001218.0;6317555264.0;1.0;1.0
;US-FL;1931;p99p100;164286.0;;0.1675;0.1675
;US-FL;1931;p99.9p100;669067.69;;0.0682;0.0682
;US-FL;1931;p99.99p100;3155588.8;;0.032200001;0.032200001
;US-FL;1931;p90p100;42350.5;;0.43180001;0.43180001
;US-FL;1931;p90p95;22950.199;;0.117;0.117
;US-FL;1931;p95p99;33932.898;;0.1384;0.1384
;US-FL;1931;p99.5p99.9;142409.8;;0.0581;0.0581
;US-FL;1931;p99.9p99.99;392787.69;;0.035999998;0.035999998
;US-FL;1931;p99p99.5;80830.5;;0.041200001;0.041200001
;US-FL;1931;p95p100;60371.898;;0.30779999;0.30779999
;US-FL;1931;p0p90;6288.0;;0.57709998;0.57709998
;US-FL;1931;p0p99;8246.5;;0.83249998;0.83249998
;US-FL;1931;p99.5p100;247741.41;;0.12630001;0.12630001
;US-FL;1930;p0p100;1865311.3;6861509776.0;1.0;1.0
;US-FL;1930;p99p100;174660.0;;0.15889999;0.15889999
;US-FL;1930;p99.9p100;691504.88;;0.062899999;0.062899999
;US-FL;1930;p99.99p100;2569042.5;;0.023399999;0.023399999
;US-FL;1930;p90p100;42288.5;;0.38479999;0.38479999
;US-FL;1930;p90p95;19254.801;;0.0876;0.0876
;US-FL;1930;p95p99;35669.699;;0.12980001;0.12980001
;US-FL;1930;p99.5p99.9;156229.2;;0.056899998;0.056899998
;US-FL;1930;p99.9p99.99;482889.69;;0.039500002;0.039500002
;US-FL;1930;p99p99.5;86035.602;;0.039099999;0.039099999
;US-FL;1930;p95p100;63529.199;;0.289;0.289
;US-FL;1930;p0p90;7615.3999;;0.62360001;0.62360001
;US-FL;1930;p0p99;9336.7998;;0.84109998;0.84109998
;US-FL;1930;p99.5p100;263284.41;;0.1198;0.1198
;US-FL;1929;p0p100;2033763.4;7567590095.0;1.0;1.0
;US-FL;1929;p99p100;239435.8;;0.18979999;0.18979999
;US-FL;1929;p99.9p100;1156910.0;;0.091700003;0.091700003
;US-FL;1929;p99.99p100;5580251.5;;0.044199999;0.044199999
;US-FL;1929;p90p100;49013.102;;0.38859999;0.38859999
;US-FL;1929;p90p95;17053.301;;0.067599997;0.067599997
;US-FL;1929;p95p99;38950.602;;0.1235;0.1235
;US-FL;1929;p99.5p99.9;188928.3;;0.059900001;0.059900001
;US-FL;1929;p99.9p99.99;665427.63;;0.047499999;0.047499999
;US-FL;1929;p99p99.5;96347.102;;0.038199998;0.038199998
;US-FL;1929;p95p100;79030.297;;0.31330001;0.31330001
;US-FL;1929;p0p90;8676.2998;;0.61909997;0.61909997
;US-FL;1929;p0p99;10322.5;;0.81019998;0.81019998
;US-FL;1929;p99.5p100;382524.59;;0.1516;0.1516
;US-FL;1928;p0p100;1948820.1;6969657213.0;1.0;1.0
;US-FL;1928;p99p100;271187.5;;0.2244;0.2244
;US-FL;1928;p99.9p100;1387454.6;;0.1148;0.1148
;US-FL;1928;p99.99p100;6987302.0;;0.057799999;0.057799999
;US-FL;1928;p90p100;54345.0;;0.44960001;0.44960001
;US-FL;1928;p90p95;18293.301;;0.0757;0.0757
;US-FL;1928;p95p99;42352.5;;0.1402;0.1402
;US-FL;1928;p99.5p99.9;204014.2;;0.067500003;0.067500003
;US-FL;1928;p99.9p99.99;765249.31;;0.057;0.057
;US-FL;1928;p99p99.5;101672.7;;0.042100001;0.042100001
;US-FL;1928;p95p100;88104.5;;0.36449999;0.36449999
;US-FL;1928;p0p90;7518.0;;0.55980003;0.55980003
;US-FL;1928;p0p99;9469.7002;;0.77560002;0.77560002
;US-FL;1928;p99.5p100;440702.31;;0.1823;0.1823
;US-FL;1927;p0p100;1784788.3;6290704240.0;1.0;1.0
;US-FL;1927;p99p100;269373.31;;0.2368;0.2368
;US-FL;1927;p99.9p100;1135743.1;;0.0999;0.0999
;US-FL;1927;p99.99p100;4385247.5;;0.038600001;0.038600001
;US-FL;1927;p90p100;62585.0;;0.5503;0.5503
;US-FL;1927;p90p95;27838.699;;0.1224;0.1224
;US-FL;1927;p95p99;53621.102;;0.1886;0.1886
;US-FL;1927;p99.5p99.9;239280.8;;0.084200002;0.084200002
;US-FL;1927;p99.9p99.99;774687.13;;0.061299998;0.061299998
;US-FL;1927;p99p99.5;120173.4;;0.0528;0.0528
;US-FL;1927;p95p100;96662.602;;0.4249;0.4249
;US-FL;1927;p0p90;5714.6001;;0.4522;0.4522
;US-FL;1927;p0p99;8767.5996;;0.76319999;0.76319999
;US-FL;1927;p99.5p100;418573.31;;0.184;0.184
;US-FL;1926;p0p100;1667371.9;5846179585.0;1.0;1.0
;US-FL;1926;p99p100;380680.81;;0.34490001;0.34490001
;US-FL;1926;p99.9p100;1465108.4;;0.1327;0.1327
;US-FL;1926;p99.99p100;5710099.5;;0.0517;0.0517
;US-FL;1926;p90p100;92833.0;;0.84100002;0.84100002
;US-FL;1926;p90p95;52298.699;;0.2369;0.2369
;US-FL;1926;p95p99;75207.703;;0.27250001;0.27250001
;US-FL;1926;p99.5p99.9;352387.91;;0.1277;0.1277
;US-FL;1926;p99.9p99.99;993442.81;;0.081;0.081
;US-FL;1926;p99p99.5;186429.7;;0.084399998;0.084399998
;US-FL;1926;p95p100;136233.8;;0.6171;0.6171
;US-FL;1926;p0p90;1786.6;;0.14569999;0.14569999
;US-FL;1926;p0p99;7304.2002;;0.65509999;0.65509999
;US-FL;1926;p99.5p100;574932.0;;0.2604;0.2604
;US-FL;1925;p0p100;1668039.3;5497024667.0;1.0;1.0
;US-FL;1925;p99p100;685916.13;;0.63309997;0.63309997
;US-FL;1925;p99.9p100;2158144.8;;0.1992;0.1992
;US-FL;1925;p99.99p100;7318101.5;;0.067500003;0.067500003
;US-FL;1925;p90p100;180161.0;;1.6628;1.6628
;US-FL;1925;p90p95;97130.297;;0.44819999;0.44819999
;US-FL;1925;p95p99;162430.8;;0.59960002;0.59960002
;US-FL;1925;p99.5p99.9;680918.13;;0.25139999;0.25139999
;US-FL;1925;p99.9p99.99;1584816.3;;0.13160001;0.13160001
;US-FL;1925;p99p99.5;395468.81;;0.1825;0.1825
;US-FL;1925;p95p100;266597.41;;1.2302999;1.2302999
;US-FL;1925;p0p90;-8197.5996;;-0.68089998;-0.68089998
;US-FL;1925;p0p99;4016.1001;;0.3669;0.3669
;US-FL;1925;p99.5p100;976363.38;;0.4506;0.4506
;US-FL;1924;p0p100;1651489.6;4950298436.0;1.0;1.0
;US-FL;1924;p99p100;283332.19;;0.27770001;0.27770001
;US-FL;1924;p99.9p100;971116.19;;0.095200002;0.095200002
;US-FL;1924;p99.99p100;3025694.5;;0.0297;0.0297
;US-FL;1924;p90p100;68665.398;;0.67299998;0.67299998
;US-FL;1924;p90p95;35036.398;;0.1717;0.1717
;US-FL;1924;p95p99;56718.699;;0.22239999;0.22239999
;US-FL;1924;p99.5p99.9;290825.59;;0.114;0.114
;US-FL;1924;p99.9p99.99;742829.81;;0.065499999;0.065499999
;US-FL;1924;p99p99.5;139780.7;;0.068499997;0.068499997
;US-FL;1924;p95p100;102041.4;;0.50010002;0.50010002
;US-FL;1924;p0p90;3721.1001;;0.32820001;0.32820001
;US-FL;1924;p0p99;7444.0;;0.72229999;0.72229999
;US-FL;1924;p99.5p100;426883.69;;0.20919999;0.20919999
;US-FL;1923;p0p100;1638563.8;4658863479.0;1.0;1.0
;US-FL;1923;p99p100;174604.0;;0.1732;0.1732
;US-FL;1923;p99.9p100;649162.13;;0.064400002;0.064400002
;US-FL;1923;p99.99p100;2209918.5;;0.0219;0.0219
;US-FL;1923;p90p100;47117.102;;0.4673;0.4673
;US-FL;1923;p90p95;23976.801;;0.1189;0.1189
;US-FL;1923;p95p99;44026.699;;0.17460001;0.17460001
;US-FL;1923;p99.5p99.9;174190.59;;0.0691;0.0691
;US-FL;1923;p99.9p99.99;475744.69;;0.0425;0.0425
;US-FL;1923;p99p99.5;80023.203;;0.039700001;0.039700001
;US-FL;1923;p95p100;70142.203;;0.34779999;0.34779999
;US-FL;1923;p0p90;5975.1001;;0.53329998;0.53329998
;US-FL;1923;p0p99;8421.7002;;0.82679999;0.82679999
;US-FL;1923;p99.5p100;269184.91;;0.13349999;0.13349999
;US-FL;1922;p0p100;1518300.8;3975005291.0;1.0;1.0
;US-FL;1922;p99p100;164611.7;;0.18260001;0.18260001
;US-FL;1922;p99.9p100;570337.63;;0.063199997;0.063199997
;US-FL;1922;p99.99p100;1886605.1;;0.0209;0.0209
;US-FL;1922;p90p100;44681.199;;0.4955;0.4955
;US-FL;1922;p90p95;21660.6;;0.1201;0.1201
;US-FL;1922;p95p99;43305.5;;0.1921;0.1921
;US-FL;1922;p99.5p99.9;158861.2;;0.070500001;0.070500001
;US-FL;1922;p99.9p99.99;424085.59;;0.042300001;0.042300001
;US-FL;1922;p99p99.5;88067.0;;0.048799999;0.048799999
;US-FL;1922;p95p100;67566.797;;0.37470001;0.37470001
;US-FL;1922;p0p90;5062.0;;0.50520003;0.50520003
;US-FL;1922;p0p99;7445.5;;0.81739998;0.81739998
;US-FL;1922;p99.5p100;241156.5;;0.1337;0.1337
;US-FL;1921;p0p100;1139477.0;3255257496.0;1.0;1.0
;US-FL;1921;p99p100;129704.0;;0.1681;0.1681
;US-FL;1921;p99.9p100;392115.5;;0.050799999;0.050799999
;US-FL;1921;p99.99p100;973948.13;;0.0126;0.0126
;US-FL;1921;p90p100;38885.199;;0.50400001;0.50400001
;US-FL;1921;p90p95;20606.699;;0.13349999;0.13349999
;US-FL;1921;p95p99;38906.898;;0.2017;0.2017
;US-FL;1921;p99.5p99.9;132391.2;;0.068599999;0.068599999
;US-FL;1921;p99.9p99.99;327467.41;;0.038199998;0.038199998
;US-FL;1921;p99p99.5;75072.0;;0.048700001;0.048700001
;US-FL;1921;p95p100;57066.301;;0.3698;0.3698
;US-FL;1921;p0p90;4257.2002;;0.4966;0.4966
;US-FL;1921;p0p99;6482.8999;;0.8319;0.8319
;US-FL;1921;p99.5p100;184336.0;;0.1195;0.1195
;US-FL;1920;p0p100;989660.0;3372005321.0;1.0;1.0
;US-FL;1920;p99p100;144133.7;;0.1717;0.1717
;US-FL;1920;p99.9p100;462260.19;;0.055100001;0.055100001
;US-FL;1920;p99.99p100;1357853.3;;0.0162;0.0162
;US-FL;1920;p90p100;40651.5;;0.4842;0.4842
;US-FL;1920;p90p95;21979.801;;0.1309;0.1309
;US-FL;1920;p95p99;38101.0;;0.1815;0.1815
;US-FL;1920;p99.5p99.9;145247.41;;0.069200002;0.069200002
;US-FL;1920;p99.9p99.99;362749.81;;0.038899999;0.038899999
;US-FL;1920;p99p99.5;79617.602;;0.047400001;0.047400001
;US-FL;1920;p95p100;59307.602;;0.35319999;0.35319999
;US-FL;1920;p0p90;4813.3999;;0.51590002;0.51590002
;US-FL;1920;p0p99;7025.3999;;0.8283;0.8283
;US-FL;1920;p99.5p100;208649.91;;0.1242;0.1242
;US-FL;1919;p0p100;1526964.6;3751601598.0;1.0;1.0
;US-FL;1919;p99p100;149360.7;;0.1547;0.1547
;US-FL;1919;p99.9p100;503199.31;;0.052099999;0.052099999
;US-FL;1919;p99.99p100;1563924.1;;0.0162;0.0162
;US-FL;1919;p90p100;40244.801;;0.41679999;0.41679999
;US-FL;1919;p90p95;18134.5;;0.093900003;0.093900003
;US-FL;1919;p95p99;40394.5;;0.1673;0.1673
;US-FL;1919;p99.5p99.9;147255.0;;0.061000001;0.061000001
;US-FL;1919;p99.9p99.99;385594.81;;0.0359;0.0359
;US-FL;1919;p99p99.5;80024.898;;0.0414;0.0414
;US-FL;1919;p95p100;62187.801;;0.322;0.322
;US-FL;1919;p0p90;6267.6001;;0.58420002;0.58420002
;US-FL;1919;p0p99;8244.7998;;0.84530002;0.84530002
;US-FL;1919;p99.5p100;218696.5;;0.1132;0.1132
;US-FL;1918;p0p100;1995687.3;3616858377.0;1.0;1.0
;US-FL;1918;p99p100;129084.7;;0.1349;0.1349
;US-FL;1918;p99.9p100;399181.0;;0.041700002;0.041700002
;US-FL;1918;p99.99p100;975491.38;;0.0102;0.0102
;US-FL;1918;p90p100;32814.602;;0.34299999;0.34299999
;US-FL;1918;p90p95;13246.3;;0.069200002;0.069200002
;US-FL;1918;p95p99;32509.801;;0.13590001;0.13590001
;US-FL;1918;p99.5p99.9;130172.7;;0.054400001;0.054400001
;US-FL;1918;p99.9p99.99;335154.91;;0.031500001;0.031500001
;US-FL;1918;p99p99.5;74196.703;;0.038800001;0.038800001
;US-FL;1918;p95p100;51824.699;;0.27090001;0.27090001
;US-FL;1918;p0p90;7014.2998;;0.65990001;0.65990001
;US-FL;1918;p0p99;8359.2002;;0.86510003;0.86510003
;US-FL;1918;p99.5p100;183973.2;;0.096199997;0.096199997
;US-FL;1917;p0p100;2882924.0;3734456836.0;1.0;1.0
;US-FL;1917;p99p100;137931.5;;0.13770001;0.13770001
;US-FL;1917;p99.9p100;497452.41;;0.049699999;0.049699999
;US-FL;1917;p99.99p100;1775775.1;;0.0177;0.0177
;US-FL;1917;p90p100;34810.398;;0.3475;0.3475
;US-FL;1917;p90p95;16197.7;;0.080799997;0.080799997
