Variable Name;.;.;.;Fiscal income  | tax unit | Average | Adults | constant 2015 local currency;Fiscal income  | tax unit | Total | Adults | constant 2015 local currency;Fiscal income  | tax unit | Share | Adults | share of total (ratio);Pre-tax national income  | tax unit | Share | Adults | share of total (ratio)
Variable Category;.;.;.;Income inequality;Income inequality;Income inequality;Income inequality
Variable Description;.;.;.;Average Fiscal income within a given percentile group. Fiscal income is defined as the sum of all income items reported on income tax returns, before any deduction. It includes labour income, capital income and mixed income. The concept of fiscal income varies with national tax legislations, so in order to make international comparisons it is preferable to use the concept of national income. The population is comprised of individuals over age 20. The base unit is the tax unit defined by national fiscal administrations to measure personal income taxes.;Total Fiscal income  within a given percentile group. Fiscal income is defined as the sum of all income items reported on income tax returns, before any deduction. It includes labour income, capital income and mixed income. The concept of fiscal income varies with national tax legislations, so in order to make international comparisons it is preferable to use the concept of national income. The population is comprised of individuals over age 20.;Fiscal income share held by a given percentile group. Fiscal income is defined as the sum of all income items reported on income tax returns, before any deduction. It includes labour income, capital income and mixed income. The concept of fiscal income varies with national tax legislations, so in order to make international comparisons it is preferable to use the concept of national income. The population is comprised of individuals over age 20. The base unit is the tax unit defined by national fiscal administrations to measure personal income taxes.;Pre-tax national income share held by a given percentile group. Pre-tax national income  is the sum of all pre-tax personal income flows accruing to the owners of the production factors, labor and capital, before taking into account the operation of the tax/transfer system, but after taking into account the operation of pension system. The central difference between personal factor income and pre-tax income is the treatment of pensions, which are counted on a contribution basis by factor income and on a distribution basis by pre-tax income. The population is comprised of individuals over age 20. The base unit is the tax unit defined by national fiscal administrations to measure personal income taxes.
Variable Decomposition;.;.;.;[Fiscal income ]=[Fiscal labour income ]+[Fiscal capital income ];[Fiscal income ]=[Fiscal labour income ]+[Fiscal capital income ];[Fiscal income ]=[Fiscal labour income ]+[Fiscal capital income ];Pre-tax national income =Pre-tax labor income [total pre-tax income ranking]+Pre-tax capital income [total pre-tax income ranking]
Variable Unit;.;.;.;"USD; United States dollar | local currency | market";"USD; United States dollar | local currency | market";share;share
Methodological Notes;.;.;.;;;;Assuming the same distribution as fiscal income.
Sources;.;.;.;Frank, Sommeiller, Price & Saez (2015);Frank, Sommeiller, Price & Saez (2015);Frank, Sommeiller, Price & Saez (2015);WID.world computations using: Frank, Sommeiller, Price & Saez (2015)
Variable Code;country;year;perc;afiinc992t;mfiinc992t;sfiinc992t;sptinc992t
;US-KY;2015;p0p100;48234.699;1.09730437671e+11;1.0;1.0
;US-KY;2015;p99p100;795263.13;;0.1649;0.1649
;US-KY;2015;p99.9p100;3390710.5;;0.070299998;0.070299998
;US-KY;2015;p99.99p100;14295536.0;;0.0296;0.0296
;US-KY;2015;p90p100;223646.41;;0.4637;0.4637
;US-KY;2015;p90p95;130230.0;;0.13500001;0.13500001
;US-KY;2015;p95p99;196061.91;;0.1626;0.1626
;US-KY;2015;p99.5p99.9;684740.63;;0.0568;0.0568
;US-KY;2015;p99.9p99.99;2201734.8;;0.041099999;0.041099999
;US-KY;2015;p99p99.5;363242.19;;0.037700001;0.037700001
;US-KY;2015;p95p100;316279.91;;0.32789999;0.32789999
;US-KY;2015;p0p90;28793.801;;0.53729999;0.53729999
;US-KY;2015;p0p99;40688.898;;0.8351;0.8351
;US-KY;2015;p99.5p100;1226052.0;;0.12710001;0.12710001
;US-KY;2014;p0p100;46078.199;1.04576295495e+11;1.0;1.0
;US-KY;2014;p99p100;718067.69;;0.15620001;0.15620001
;US-KY;2014;p99.9p100;3023224.0;;0.065800004;0.065800004
;US-KY;2014;p99.99p100;13258920.0;;0.0288;0.0288
;US-KY;2014;p90p100;208544.5;;0.45370001;0.45370001
;US-KY;2014;p90p95;125188.2;;0.1362;0.1362
;US-KY;2014;p95p99;185018.2;;0.161;0.161
;US-KY;2014;p99.5p99.9;621178.38;;0.054099999;0.054099999
;US-KY;2014;p99.9p99.99;1895955.4;;0.037099998;0.037099998
;US-KY;2014;p99p99.5;335341.59;;0.036499999;0.036499999
;US-KY;2014;p95p100;291550.19;;0.31709999;0.31709999
;US-KY;2014;p0p90;27905.801;;0.54640001;0.54640001
;US-KY;2014;p0p99;39180.102;;0.84380001;0.84380001
;US-KY;2014;p99.5p100;1100743.9;;0.1197;0.1197
;US-KY;2013;p0p100;47154.699;1.01645052756e+11;1.0;1.0
;US-KY;2013;p99p100;651374.63;;0.14300001;0.14300001
;US-KY;2013;p99.9p100;2448639.0;;0.053800002;0.053800002
;US-KY;2013;p99.99p100;9466213.0;;0.0208;0.0208
;US-KY;2013;p90p100;199025.3;;0.43689999;0.43689999
;US-KY;2013;p90p95;123036.2;;0.13500001;0.13500001
;US-KY;2013;p95p99;180199.7;;0.1582;0.1582
;US-KY;2013;p99.5p99.9;592878.81;;0.052099999;0.052099999
;US-KY;2013;p99.9p99.99;1674960.3;;0.033100002;0.033100002
;US-KY;2013;p99p99.5;339024.0;;0.0372;0.0372
;US-KY;2013;p95p100;274513.69;;0.30129999;0.30129999
;US-KY;2013;p0p90;28525.1;;0.5636;0.5636
;US-KY;2013;p0p99;39433.699;;0.85699999;0.85699999
;US-KY;2013;p99.5p100;964200.63;;0.1058;0.1058
;US-KY;2012;p0p100;50734.602;1.04454745998e+11;1.0;1.0
;US-KY;2012;p99p100;750701.81;;0.1577;0.1577
;US-KY;2012;p99.9p100;3134773.0;;0.065800004;0.065800004
;US-KY;2012;p99.99p100;12839322.0;;0.027000001;0.027000001
;US-KY;2012;p90p100;209892.41;;0.4409;0.4409
;US-KY;2012;p90p95;125245.2;;0.13150001;0.13150001
;US-KY;2012;p95p99;179697.7;;0.15099999;0.15099999
;US-KY;2012;p99.5p99.9;655266.88;;0.055100001;0.055100001
;US-KY;2012;p99.9p99.99;2084542.6;;0.0394;0.0394
;US-KY;2012;p99p99.5;350911.59;;0.036899999;0.036899999
;US-KY;2012;p95p100;293808.41;;0.30860001;0.30860001
;US-KY;2012;p0p90;29578.5;;0.55919999;0.55919999
;US-KY;2012;p0p99;40504.5;;0.8423;0.8423
;US-KY;2012;p99.5p100;1150701.5;;0.1209;0.1209
;US-KY;2011;p0p100;49723.301;98819438981.0;1.0;1.0
;US-KY;2011;p99p100;645444.5;;0.1441;0.1441
;US-KY;2011;p99.9p100;2448472.0;;0.054699998;0.054699998
;US-KY;2011;p99.99p100;9634255.0;;0.021500001;0.021500001
;US-KY;2011;p90p100;195466.3;;0.43650001;0.43650001
;US-KY;2011;p90p95;116428.1;;0.13;0.13
;US-KY;2011;p95p99;181129.59;;0.1618;0.1618
;US-KY;2011;p99.5p99.9;579156.38;;0.0517;0.0517
;US-KY;2011;p99.9p99.99;1658960.4;;0.033300001;0.033300001
;US-KY;2011;p99p99.5;337751.31;;0.037700001;0.037700001
;US-KY;2011;p95p100;273925.41;;0.30579999;0.30579999
;US-KY;2011;p0p90;28062.6;;0.56389999;0.56389999
;US-KY;2011;p0p99;38717.5;;0.85589999;0.85589999
;US-KY;2011;p99.5p100;953759.63;;0.1065;0.1065
;US-KY;2010;p0p100;53152.5;98372569058.0;1.0;1.0
;US-KY;2010;p99p100;686692.5;;0.15260001;0.15260001
;US-KY;2010;p99.9p100;2869588.5;;0.0638;0.0638
;US-KY;2010;p99.99p100;13194401.0;;0.029300001;0.029300001
;US-KY;2010;p90p100;198954.8;;0.44220001;0.44220001
;US-KY;2010;p90p95;115232.1;;0.12809999;0.12809999
;US-KY;2010;p95p99;180917.2;;0.1609;0.1609
;US-KY;2010;p99.5p99.9;572391.38;;0.050900001;0.050900001
;US-KY;2010;p99.9p99.99;1721562.0;;0.034400001;0.034400001
;US-KY;2010;p99p99.5;341619.31;;0.037999999;0.037999999
;US-KY;2010;p95p100;282016.0;;0.3134;0.3134
;US-KY;2010;p0p90;27915.1;;0.55839998;0.55839998
;US-KY;2010;p0p99;38506.602;;0.84740001;0.84740001
;US-KY;2010;p99.5p100;1032774.3;;0.1148;0.1148
;US-KY;2009;p0p100;53855.398;94684760591.0;1.0;1.0
;US-KY;2009;p99p100;621351.13;;0.1408;0.1408
;US-KY;2009;p99.9p100;2467240.8;;0.0559;0.0559
;US-KY;2009;p99.99p100;10045774.0;;0.0228;0.0228
;US-KY;2009;p90p100;190677.41;;0.4321;0.4321
;US-KY;2009;p90p95;114183.5;;0.1294;0.1294
;US-KY;2009;p95p99;177411.91;;0.1608;0.1608
;US-KY;2009;p99.5p99.9;531629.0;;0.0482;0.0482
;US-KY;2009;p99.9p99.99;1582501.0;;0.032299999;0.032299999
;US-KY;2009;p99p99.5;307878.19;;0.034899998;0.034899998
;US-KY;2009;p95p100;266551.69;;0.30199999;0.30199999
;US-KY;2009;p0p90;28026.199;;0.57169998;0.57169998
;US-KY;2009;p0p99;38293.398;;0.8592;0.8592
;US-KY;2009;p99.5p100;929918.13;;0.1054;0.1054
;US-KY;2008;p0p100;58267.898;1.02876453291e+11;1.0;1.0
;US-KY;2008;p99p100;757503.88;;0.1575;0.1575
;US-KY;2008;p99.9p100;3274255.0;;0.068099998;0.068099998
;US-KY;2008;p99.99p100;13797098.0;;0.0287;0.0287
;US-KY;2008;p90p100;209020.3;;0.43470001;0.43470001
;US-KY;2008;p90p95;118678.8;;0.1234;0.1234
;US-KY;2008;p95p99;181406.3;;0.15090001;0.15090001
;US-KY;2008;p99.5p99.9;624585.81;;0.052000001;0.052000001
;US-KY;2008;p99.9p99.99;2058379.9;;0.0385;0.0385
;US-KY;2008;p99p99.5;336367.59;;0.035;0.035
;US-KY;2008;p95p100;298272.81;;0.31020001;0.31020001
;US-KY;2008;p0p90;30531.199;;0.5715;0.5715
;US-KY;2008;p0p99;40914.801;;0.84249997;0.84249997
;US-KY;2008;p99.5p100;1170114.1;;0.1217;0.1217
;US-KY;2007;p0p100;68867.203;1.09552992702e+11;1.0;1.0
;US-KY;2007;p99p100;905364.0;;0.1718;0.1718
;US-KY;2007;p99.9p100;4099977.0;;0.077799998;0.077799998
;US-KY;2007;p99.99p100;17481118.0;;0.033199999;0.033199999
;US-KY;2007;p90p100;229964.41;;0.43630001;0.43630001
;US-KY;2007;p90p95;123388.6;;0.1171;0.1171
;US-KY;2007;p95p99;189757.09;;0.14399999;0.14399999
;US-KY;2007;p99.5p99.9;735160.13;;0.055799998;0.055799998
;US-KY;2007;p99.9p99.99;2578577.3;;0.044;0.044
;US-KY;2007;p99p99.5;374382.81;;0.035500001;0.035500001
;US-KY;2007;p95p100;335184.91;;0.31799999;0.31799999
;US-KY;2007;p0p90;33401.102;;0.5704;0.5704
;US-KY;2007;p0p99;44089.398;;0.82819998;0.82819998
;US-KY;2007;p99.5p100;1425464.3;;0.13519999;0.13519999
;US-KY;2006;p0p100;69142.398;1.05648535259e+11;1.0;1.0
;US-KY;2006;p99p100;838133.31;;0.1675;0.1675
;US-KY;2006;p99.9p100;3706914.0;;0.074100003;0.074100003
;US-KY;2006;p99.99p100;15214593.0;;0.030400001;0.030400001
;US-KY;2006;p90p100;217830.5;;0.43540001;0.43540001
;US-KY;2006;p90p95;117179.1;;0.1171;0.1171
;US-KY;2006;p95p99;185153.7;;0.148;0.148
;US-KY;2006;p99.5p99.9;697933.0;;0.055799998;0.055799998
;US-KY;2006;p99.9p99.99;2417605.3;;0.043499999;0.043499999
;US-KY;2006;p99p99.5;356870.0;;0.035700001;0.035700001
;US-KY;2006;p95p100;317357.41;;0.31709999;0.31709999
;US-KY;2006;p0p90;31661.301;;0.56950003;0.56950003
;US-KY;2006;p0p99;42073.0;;0.83249998;0.83249998
;US-KY;2006;p99.5p100;1311567.9;;0.1311;0.1311
;US-KY;2005;p0p100;73313.797;1.02849345125e+11;1.0;1.0
;US-KY;2005;p99p100;789383.38;;0.1587;0.1587
;US-KY;2005;p99.9p100;3403587.0;;0.068400003;0.068400003
;US-KY;2005;p99.99p100;13670172.0;;0.0275;0.0275
;US-KY;2005;p90p100;211528.41;;0.4253;0.4253
;US-KY;2005;p90p95;114519.7;;0.1151;0.1151
;US-KY;2005;p95p99;185348.5;;0.14910001;0.14910001
;US-KY;2005;p99.5p99.9;664214.0;;0.053399999;0.053399999
;US-KY;2005;p99.9p99.99;2253616.0;;0.040800001;0.040800001
;US-KY;2005;p99p99.5;348397.31;;0.035;0.035
;US-KY;2005;p95p100;307185.0;;0.30880001;0.30880001
;US-KY;2005;p0p90;32003.6;;0.57910001;0.57910001
;US-KY;2005;p0p99;42266.102;;0.84130001;0.84130001
;US-KY;2005;p99.5p100;1223478.0;;0.123;0.123
;US-KY;2004;p0p100;76792.898;97671659014.0;1.0;1.0
;US-KY;2004;p99p100;726043.13;;0.1489;0.1489
;US-KY;2004;p99.9p100;3032890.5;;0.062199999;0.062199999
;US-KY;2004;p99.99p100;12129214.0;;0.024900001;0.024900001
;US-KY;2004;p90p100;204032.0;;0.4183;0.4183
;US-KY;2004;p90p95;112791.5;;0.1156;0.1156
;US-KY;2004;p95p99;185569.5;;0.1522;0.1522
;US-KY;2004;p99.5p99.9;617798.0;;0.050700001;0.050700001
;US-KY;2004;p99.9p99.99;2004706.1;;0.037;0.037
;US-KY;2004;p99p99.5;336876.69;;0.034499999;0.034499999
;US-KY;2004;p95p100;294127.0;;0.30149999;0.30149999
;US-KY;2004;p0p90;31708.199;;0.5851;0.5851
;US-KY;2004;p0p99;41931.398;;0.85110003;0.85110003
;US-KY;2004;p99.5p100;1110401.3;;0.1138;0.1138
;US-KY;2003;p0p100;75796.898;91842826776.0;1.0;1.0
;US-KY;2003;p99p100;637448.38;;0.1397;0.1397
;US-KY;2003;p99.9p100;2495419.3;;0.054699998;0.054699998
;US-KY;2003;p99.99p100;9661183.0;;0.021199999;0.021199999
;US-KY;2003;p90p100;191685.5;;0.41999999;0.41999999
;US-KY;2003;p90p95;114246.4;;0.1252;0.1252
;US-KY;2003;p95p99;175723.2;;0.154;0.154
;US-KY;2003;p99.5p99.9;559578.31;;0.048999999;0.048999999
;US-KY;2003;p99.9p99.99;1678297.4;;0.033100002;0.033100002
;US-KY;2003;p99p99.5;317164.0;;0.034699999;0.034699999
;US-KY;2003;p95p100;268618.69;;0.29429999;0.29429999
;US-KY;2003;p0p90;29552.9;;0.58279997;0.58279997
;US-KY;2003;p0p99;39661.699;;0.8603;0.8603
;US-KY;2003;p99.5p100;954263.5;;0.1045;0.1045
;US-KY;2002;p0p100;81486.398;91732545118.0;1.0;1.0
;US-KY;2002;p99p100;627024.5;;0.1336;0.1336
;US-KY;2002;p99.9p100;2384361.5;;0.050799999;0.050799999
;US-KY;2002;p99.99p100;8915420.0;;0.018999999;0.018999999
;US-KY;2002;p90p100;191512.5;;0.40790001;0.40790001
;US-KY;2002;p90p95;115544.9;;0.1231;0.1231
;US-KY;2002;p95p99;176655.59;;0.1505;0.1505
;US-KY;2002;p99.5p99.9;559930.13;;0.047699999;0.047699999
;US-KY;2002;p99.9p99.99;1644337.6;;0.031500001;0.031500001
;US-KY;2002;p99p99.5;320546.59;;0.0341;0.0341
;US-KY;2002;p95p100;267101.5;;0.2845;0.2845
;US-KY;2002;p0p90;30986.6;;0.5941;0.5941
;US-KY;2002;p0p99;41085.898;;0.8664;0.8664
;US-KY;2002;p99.5p100;930838.38;;0.099100001;0.099100001
;US-KY;2001;p0p100;88801.297;94792542669.0;1.0;1.0
;US-KY;2001;p99p100;667591.0;;0.1347;0.1347
;US-KY;2001;p99.9p100;2445795.0;;0.049400002;0.049400002
;US-KY;2001;p99.99p100;8936338.0;;0.017999999;0.017999999
;US-KY;2001;p90p100;200047.0;;0.40380001;0.40380001
;US-KY;2001;p90p95;118299.5;;0.1194;0.1194
;US-KY;2001;p95p99;184317.5;;0.1488;0.1488
;US-KY;2001;p99.5p99.9;612080.5;;0.049400002;0.049400002
;US-KY;2001;p99.9p99.99;1733164.4;;0.031500001;0.031500001
;US-KY;2001;p99p99.5;354347.81;;0.035799999;0.035799999
;US-KY;2001;p95p100;281303.41;;0.28389999;0.28389999
;US-KY;2001;p0p90;32871.801;;0.59710002;0.59710002
;US-KY;2001;p0p99;43302.898;;0.8653;0.8653
;US-KY;2001;p99.5p100;981726.81;;0.099100001;0.099100001
;US-KY;2000;p0p100;100966.2;1.00634344105e+11;1.0;1.0
;US-KY;2000;p99p100;773008.81;;0.145;0.145
;US-KY;2000;p99.9p100;3081825.5;;0.057799999;0.057799999
;US-KY;2000;p99.99p100;11450429.0;;0.021500001;0.021500001
;US-KY;2000;p90p100;215344.91;;0.40400001;0.40400001
;US-KY;2000;p90p95;120350.2;;0.1129;0.1129
;US-KY;2000;p95p99;192128.3;;0.1442;0.1442
;US-KY;2000;p99.5p99.9;676106.69;;0.050700001;0.050700001
;US-KY;2000;p99.9p99.99;2173196.8;;0.036699999;0.036699999
;US-KY;2000;p99p99.5;377154.59;;0.035399999;0.035399999
;US-KY;2000;p95p100;309357.5;;0.2902;0.2902
;US-KY;2000;p0p90;35449.699;;0.59859997;0.59859997
;US-KY;2000;p0p99;46028.699;;0.85500002;0.85500002
;US-KY;2000;p99.5p100;1166064.8;;0.1094;0.1094
;US-KY;1999;p0p100;102340.2;95890132887.0;1.0;1.0
;US-KY;1999;p99p100;753917.19;;0.14910001;0.14910001
;US-KY;1999;p99.9p100;2964480.3;;0.058600001;0.058600001
;US-KY;1999;p99.99p100;10580263.0;;0.0209;0.0209
;US-KY;1999;p90p100;210826.5;;0.41679999;0.41679999
;US-KY;1999;p90p95;119228.3;;0.1179;0.1179
;US-KY;1999;p95p99;188723.8;;0.14929999;0.14929999
;US-KY;1999;p99.5p99.9;674474.0;;0.053300001;0.053300001
;US-KY;1999;p99.9p99.99;2155292.3;;0.038400002;0.038400002
;US-KY;1999;p99p99.5;372723.0;;0.036800001;0.036800001
;US-KY;1999;p95p100;301970.5;;0.2985;0.2985
;US-KY;1999;p0p90;32786.199;;0.58340001;0.58340001
;US-KY;1999;p0p99;43472.801;;0.85089999;0.85089999
;US-KY;1999;p99.5p100;1134980.6;;0.1122;0.1122
;US-KY;1998;p0p100;101455.4;91121376367.0;1.0;1.0
;US-KY;1998;p99p100;735138.13;;0.15279999;0.15279999
;US-KY;1998;p99.9p100;2975291.0;;0.061799999;0.061799999
;US-KY;1998;p99.99p100;11025192.0;;0.0229;0.0229
;US-KY;1998;p90p100;202595.91;;0.42109999;0.42109999
;US-KY;1998;p90p95;114936.3;;0.1194;0.1194
;US-KY;1998;p95p99;178231.8;;0.14820001;0.14820001
;US-KY;1998;p99.5p99.9;653251.13;;0.054299999;0.054299999
;US-KY;1998;p99.9p99.99;2105192.3;;0.0394;0.0394
;US-KY;1998;p99p99.5;350856.0;;0.036499999;0.036499999
;US-KY;1998;p95p100;289888.59;;0.30129999;0.30129999
;US-KY;1998;p0p90;30968.1;;0.57929999;0.57929999
;US-KY;1998;p0p99;41172.199;;0.84719998;0.84719998
;US-KY;1998;p99.5p100;1119330.9;;0.1163;0.1163
;US-KY;1997;p0p100;100234.4;85764045859.0;1.0;1.0
;US-KY;1997;p99p100;666513.63;;0.1442;0.1442
;US-KY;1997;p99.9p100;2554461.3;;0.055300001;0.055300001
;US-KY;1997;p99.99p100;9222390.0;;0.0199;0.0199
;US-KY;1997;p90p100;190670.7;;0.41240001;0.41240001
;US-KY;1997;p90p95;111618.8;;0.1207;0.1207
;US-KY;1997;p95p99;170107.5;;0.1472;0.1472
;US-KY;1997;p99.5p99.9;614771.31;;0.053199999;0.053199999
;US-KY;1997;p99.9p99.99;1827096.3;;0.035599999;0.035599999
;US-KY;1997;p99p99.5;328579.81;;0.035500001;0.035500001
;US-KY;1997;p95p100;269504.19;;0.2915;0.2915
;US-KY;1997;p0p90;30199.1;;0.58789998;0.58789998
;US-KY;1997;p0p99;39967.602;;0.85579997;0.85579997
;US-KY;1997;p99.5p100;1004131.5;;0.1086;0.1086
;US-KY;1996;p0p100;100764.5;80212017444.0;1.0;1.0
;US-KY;1996;p99p100;598343.13;;0.1344;0.1344
;US-KY;1996;p99.9p100;2234589.0;;0.0502;0.0502
;US-KY;1996;p99.99p100;8124257.5;;0.018200001;0.018200001
;US-KY;1996;p90p100;179509.8;;0.40310001;0.40310001
;US-KY;1996;p90p95;107305.2;;0.1205;0.1205
;US-KY;1996;p95p99;164844.8;;0.1481;0.1481
;US-KY;1996;p99.5p99.9;543165.69;;0.048799999;0.048799999
;US-KY;1996;p99.9p99.99;1577748.3;;0.0319;0.0319
;US-KY;1996;p99p99.5;310950.41;;0.034899998;0.034899998
;US-KY;1996;p95p100;251601.91;;0.2825;0.2825
;US-KY;1996;p0p90;29570.5;;0.59759998;0.59759998
;US-KY;1996;p0p99;38938.301;;0.86559999;0.86559999
;US-KY;1996;p99.5p100;884761.81;;0.099299997;0.099299997
;US-KY;1995;p0p100;100587.1;75850445982.0;1.0;1.0
;US-KY;1995;p99p100;558185.19;;0.1323;0.1323
;US-KY;1995;p99.9p100;2064826.3;;0.048999999;0.048999999
;US-KY;1995;p99.99p100;7441209.0;;0.0176;0.0176
;US-KY;1995;p90p100;170394.3;;0.40400001;0.40400001
;US-KY;1995;p90p95;102512.9;;0.1215;0.1215
;US-KY;1995;p95p99;158267.2;;0.15009999;0.15009999
;US-KY;1995;p99.5p99.9;511670.81;;0.048500001;0.048500001
;US-KY;1995;p99.9p99.99;1467726.3;;0.031300001;0.031300001
;US-KY;1995;p99p99.5;292521.41;;0.034699999;0.034699999
;US-KY;1995;p95p100;238227.0;;0.28240001;0.28240001
;US-KY;1995;p0p90;27942.0;;0.59619999;0.59619999
;US-KY;1995;p0p99;36966.301;;0.86769998;0.86769998
;US-KY;1995;p99.5p100;823600.88;;0.097599998;0.097599998
;US-KY;1994;p0p100;102316.0;73422712907.0;1.0;1.0
;US-KY;1994;p99p100;508870.5;;0.1244;0.1244
;US-KY;1994;p99.9p100;1836272.1;;0.0449;0.0449
;US-KY;1994;p99.99p100;6651294.5;;0.0163;0.0163
;US-KY;1994;p90p100;162044.59;;0.39610001;0.39610001
;US-KY;1994;p90p95;102174.8;;0.1249;0.1249
;US-KY;1994;p95p99;150143.5;;0.1468;0.1468
;US-KY;1994;p99.5p99.9;468534.09;;0.0458;0.0458
;US-KY;1994;p99.9p99.99;1296577.8;;0.0285;0.0285
;US-KY;1994;p99p99.5;273729.59;;0.033500001;0.033500001
;US-KY;1994;p95p100;221866.7;;0.2712;0.2712
;US-KY;1994;p0p90;27466.9;;0.60430002;0.60430002
;US-KY;1994;p0p99;36182.602;;0.87559998;0.87559998
;US-KY;1994;p99.5p100;743741.38;;0.090899996;0.090899996
;US-KY;1993;p0p100;103922.0;71635010918.0;1.0;1.0
;US-KY;1993;p99p100;503371.19;;0.12639999;0.12639999
;US-KY;1993;p99.9p100;1856293.0;;0.046599999;0.046599999
;US-KY;1993;p99.99p100;6878986.5;;0.0173;0.0173
;US-KY;1993;p90p100;158941.41;;0.39899999;0.39899999
;US-KY;1993;p90p95;99796.703;;0.12530001;0.12530001
;US-KY;1993;p95p99;146732.41;;0.1473;0.1473
;US-KY;1993;p99.5p99.9;462174.5;;0.046399999;0.046399999
;US-KY;1993;p99.9p99.99;1294247.3;;0.029200001;0.029200001
;US-KY;1993;p99p99.5;264139.91;;0.033199999;0.033199999
;US-KY;1993;p95p100;218028.91;;0.2737;0.2737
;US-KY;1993;p0p90;26613.1;;0.6013;0.6013
;US-KY;1993;p0p99;35150.801;;0.87360001;0.87360001
;US-KY;1993;p99.5p100;742232.38;;0.093199998;0.093199998
;US-KY;1992;p0p100;112963.4;71678412633.0;1.0;1.0
;US-KY;1992;p99p100;511449.0;;0.124;0.124
;US-KY;1992;p99.9p100;1854105.4;;0.045000002;0.045000002
;US-KY;1992;p99.99p100;6676506.0;;0.0162;0.0162
;US-KY;1992;p90p100;161167.8;;0.39089999;0.39089999
;US-KY;1992;p90p95;102750.1;;0.1246;0.1246
;US-KY;1992;p95p99;146714.59;;0.14229999;0.14229999
;US-KY;1992;p99.5p99.9;475170.81;;0.046100002;0.046100002
;US-KY;1992;p99.9p99.99;1317166.8;;0.0287;0.0287
;US-KY;1992;p99p99.5;270890.5;;0.0328;0.0328
;US-KY;1992;p95p100;219672.59;;0.26640001;0.26640001
;US-KY;1992;p0p90;27911.0;;0.6092;0.6092
;US-KY;1992;p0p99;36484.5;;0.87599999;0.87599999
;US-KY;1992;p99.5p100;751814.81;;0.091200002;0.091200002
;US-KY;1991;p0p100;116526.2;69204648602.0;1.0;1.0
;US-KY;1991;p99p100;477214.41;;0.118;0.118
;US-KY;1991;p99.9p100;1662191.9;;0.041099999;0.041099999
;US-KY;1991;p99.99p100;5768415.0;;0.0143;0.0143
;US-KY;1991;p90p100;155724.91;;0.3849;0.3849
;US-KY;1991;p90p95;102864.8;;0.12710001;0.12710001
;US-KY;1991;p95p99;141702.5;;0.1401;0.1401
;US-KY;1991;p99.5p99.9;450227.41;;0.044500001;0.044500001
;US-KY;1991;p99.9p99.99;1205500.9;;0.026799999;0.026799999
;US-KY;1991;p99p99.5;261444.2;;0.032299999;0.032299999
;US-KY;1991;p95p100;208789.7;;0.25799999;0.25799999
;US-KY;1991;p0p90;27639.9;;0.61489999;0.61489999
;US-KY;1991;p0p99;36045.5;;0.88200003;0.88200003
;US-KY;1991;p99.5p100;693001.38;;0.085600004;0.085600004
;US-KY;1990;p0p100;125727.7;69552768857.0;1.0;1.0
;US-KY;1990;p99p100;506794.31;;0.1246;0.1246
;US-KY;1990;p99.9p100;1864800.0;;0.0458;0.0458
;US-KY;1990;p99.99p100;6740025.5;;0.0166;0.0166
;US-KY;1990;p90p100;158277.8;;0.38909999;0.38909999
;US-KY;1990;p90p95;101783.8;;0.1251;0.1251
;US-KY;1990;p95p99;141756.2;;0.13940001;0.13940001
;US-KY;1990;p99.5p99.9;475115.59;;0.046700001;0.046700001
;US-KY;1990;p99.9p99.99;1324657.6;;0.029300001;0.029300001
;US-KY;1990;p99p99.5;260278.09;;0.032000002;0.032000002
;US-KY;1990;p95p100;214788.09;;0.264;0.264
;US-KY;1990;p0p90;27616.1;;0.61089998;0.61089998
;US-KY;1990;p0p99;35973.801;;0.87540001;0.87540001
;US-KY;1990;p99.5p100;753095.19;;0.092600003;0.092600003
;US-KY;1989;p0p100;138107.5;68967518054.0;1.0;1.0
;US-KY;1989;p99p100;534362.69;;0.1318;0.1318
;US-KY;1989;p99.9p100;2056711.3;;0.050700001;0.050700001
;US-KY;1989;p99.99p100;7820835.0;;0.019300001;0.019300001
;US-KY;1989;p90p100;159096.0;;0.3924;0.3924
;US-KY;1989;p90p95;96226.703;;0.1187;0.1187
;US-KY;1989;p95p99;141749.59;;0.1398;0.1398
;US-KY;1989;p99.5p99.9;475891.59;;0.0469;0.0469
;US-KY;1989;p99.9p99.99;1392074.0;;0.0309;0.0309
;US-KY;1989;p99p99.5;264146.91;;0.032600001;0.032600001
;US-KY;1989;p95p100;221672.0;;0.27340001;0.27340001
;US-KY;1989;p0p90;27560.9;;0.61180001;0.61180001
;US-KY;1989;p0p99;35557.301;;0.8682;0.8682
;US-KY;1989;p99.5p100;799514.69;;0.0986;0.0986
;US-KY;1988;p0p100;150026.91;68720375437.0;1.0;1.0
;US-KY;1988;p99p100;543133.81;;0.13420001;0.13420001
;US-KY;1988;p99.9p100;2163646.5;;0.0535;0.0535
;US-KY;1988;p99.99p100;8269378.0;;0.020400001;0.020400001
;US-KY;1988;p90p100;156898.09;;0.3876;0.3876
;US-KY;1988;p90p95;93605.0;;0.1156;0.1156
;US-KY;1988;p95p99;136151.7;;0.1345;0.1345
;US-KY;1988;p99.5p99.9;474133.59;;0.0469;0.0469
;US-KY;1988;p99.9p99.99;1450633.9;;0.032299999;0.032299999
;US-KY;1988;p99p99.5;254922.0;;0.031500001;0.031500001
;US-KY;1988;p95p100;219722.59;;0.2714;0.2714
;US-KY;1988;p0p90;27829.9;;0.61879998;0.61879998
;US-KY;1988;p0p99;35399.5;;0.86580002;0.86580002
;US-KY;1988;p99.5p100;823418.31;;0.1017;0.1017
;US-KY;1987;p0p100;149704.09;63724465783.0;1.0;1.0
;US-KY;1987;p99p100;442039.91;;0.1176;0.1176
;US-KY;1987;p99.9p100;1580556.3;;0.042100001;0.042100001
;US-KY;1987;p99.99p100;5688252.5;;0.0151;0.0151
;US-KY;1987;p90p100;144474.5;;0.38440001;0.38440001
;US-KY;1987;p90p95;92954.797;;0.1237;0.1237
;US-KY;1987;p95p99;132846.91;;0.14139999;0.14139999
;US-KY;1987;p99.5p99.9;402496.5;;0.042800002;0.042800002
;US-KY;1987;p99.9p99.99;1104579.4;;0.0265;0.0265
;US-KY;1987;p99p99.5;235824.0;;0.031399999;0.031399999
;US-KY;1987;p95p100;195798.41;;0.26050001;0.26050001
;US-KY;1987;p0p90;25852.5;;0.61909997;0.61909997
;US-KY;1987;p0p99;33495.5;;0.88239998;0.88239998
;US-KY;1987;p99.5p100;644215.5;;0.085699998;0.085699998
;US-KY;1986;p0p100;169052.41;65592957742.0;1.0;1.0
;US-KY;1986;p99p100;603549.19;;0.152;0.152
;US-KY;1986;p99.9p100;2700540.3;;0.068000004;0.068000004
;US-KY;1986;p99.99p100;11746927.0;;0.0296;0.0296
;US-KY;1986;p90p100;160422.59;;0.40400001;0.40400001
;US-KY;1986;p90p95;90646.203;;0.1141;0.1141
;US-KY;1986;p95p99;135473.7;;0.1365;0.1365
;US-KY;1986;p99.5p99.9;500781.5;;0.0504;0.0504
;US-KY;1986;p99.9p99.99;1672061.9;;0.037900001;0.037900001
;US-KY;1986;p99p99.5;257418.2;;0.032400001;0.032400001
;US-KY;1986;p95p100;229981.59;;0.28960001;0.28960001
;US-KY;1986;p0p90;26431.4;;0.59909999;0.59909999
;US-KY;1986;p0p99;34014.0;;0.84799999;0.84799999
;US-KY;1986;p99.5p100;946043.38;;0.1191;0.1191
;US-KY;1985;p0p100;170778.41;62317410786.0;1.0;1.0
;US-KY;1985;p99p100;460775.69;;0.1191;0.1191
;US-KY;1985;p99.9p100;1865461.9;;0.0482;0.0482
;US-KY;1985;p99.99p100;7538483.5;;0.0195;0.0195
;US-KY;1985;p90p100;141947.0;;0.36680001;0.36680001
;US-KY;1985;p90p95;88673.898;;0.1146;0.1146
;US-KY;1985;p95p99;127916.3;;0.1322;0.1322
;US-KY;1985;p99.5p99.9;393718.41;;0.0407;0.0407
;US-KY;1985;p99.9p99.99;1213178.8;;0.028200001;0.028200001
;US-KY;1985;p99p99.5;226657.0;;0.029300001;0.029300001
;US-KY;1985;p95p100;195093.2;;0.25209999;0.25209999
;US-KY;1985;p0p90;27329.4;;0.63559997;0.63559997
;US-KY;1985;p0p99;34437.301;;0.88090003;0.88090003
;US-KY;1985;p99.5p100;692353.31;;0.089400001;0.089400001
;US-KY;1984;p0p100;183216.41;61303454024.0;1.0;1.0
;US-KY;1984;p99p100;436107.5;;0.1124;0.1124
;US-KY;1984;p99.9p100;1774189.9;;0.045699999;0.045699999
;US-KY;1984;p99.99p100;7500386.5;;0.019300001;0.019300001
;US-KY;1984;p90p100;136666.0;;0.3522;0.3522
;US-KY;1984;p90p95;86453.898;;0.1114;0.1114
;US-KY;1984;p95p99;124183.8;;0.12800001;0.12800001
;US-KY;1984;p99.5p99.9;370270.0;;0.038199998;0.038199998
;US-KY;1984;p99.9p99.99;1125650.4;;0.0261;0.0261
;US-KY;1984;p99p99.5;217644.5;;0.028000001;0.028000001
;US-KY;1984;p95p100;186857.5;;0.24070001;0.24070001
;US-KY;1984;p0p90;27984.801;;0.64899999;0.64899999
;US-KY;1984;p0p99;34795.699;;0.8876;0.8876
;US-KY;1984;p99.5p100;653318.13;;0.084200002;0.084200002
;US-KY;1983;p0p100;197155.2;57329191553.0;1.0;1.0
;US-KY;1983;p99p100;411876.69;;0.1114;0.1114
;US-KY;1983;p99.9p100;1638565.1;;0.044300001;0.044300001
;US-KY;1983;p99.99p100;6993984.5;;0.0189;0.0189
;US-KY;1983;p90p100;130900.8;;0.35409999;0.35409999
;US-KY;1983;p90p95;83556.5;;0.113;0.113
;US-KY;1983;p95p99;119949.4;;0.12980001;0.12980001
;US-KY;1983;p99.5p99.9;358940.19;;0.038800001;0.038800001
;US-KY;1983;p99.9p99.99;1052070.3;;0.025599999;0.025599999
;US-KY;1983;p99p99.5;211694.8;;0.0286;0.0286
;US-KY;1983;p95p100;178152.0;;0.241;0.241
;US-KY;1983;p0p90;26497.0;;0.64520001;0.64520001
;US-KY;1983;p0p99;33176.602;;0.88859999;0.88859999
;US-KY;1983;p99.5p100;613035.19;;0.082900003;0.082900003
;US-KY;1982;p0p100;208482.3;58141272298.0;1.0;1.0
;US-KY;1982;p99p100;397614.41;;0.1061;0.1061
;US-KY;1982;p99.9p100;1537956.0;;0.041000001;0.041000001
;US-KY;1982;p99.99p100;6385643.0;;0.017000001;0.017000001
;US-KY;1982;p90p100;125042.1;;0.33360001;0.33360001
;US-KY;1982;p90p95;79388.797;;0.1059;0.1059
;US-KY;1982;p95p99;114135.6;;0.1218;0.1218
;US-KY;1982;p99.5p99.9;348901.41;;0.0372;0.0372
;US-KY;1982;p99.9p99.99;999324.19;;0.024;0.024
;US-KY;1982;p99p99.5;208516.5;;0.027799999;0.027799999
;US-KY;1982;p95p100;170395.41;;0.2273;0.2273
;US-KY;1982;p0p90;27751.301;;0.6663;0.6663
;US-KY;1982;p0p99;33849.5;;0.89389998;0.89389998
;US-KY;1982;p99.5p100;586712.31;;0.078299999;0.078299999
;US-KY;1981;p0p100;237635.3;58400197784.0;1.0;1.0
;US-KY;1981;p99p100;373255.59;;0.098200001;0.098200001
;US-KY;1981;p99.9p100;1248302.1;;0.0328;0.0328
;US-KY;1981;p99.99p100;4735460.5;;0.0125;0.0125
;US-KY;1981;p90p100;136546.41;;0.35929999;0.35929999
;US-KY;1981;p90p95;100732.6;;0.13249999;0.13249999
;US-KY;1981;p95p99;122688.9;;0.12909999;0.12909999
;US-KY;1981;p99.5p99.9;348613.31;;0.036699999;0.036699999
;US-KY;1981;p99.9p99.99;860768.13;;0.020400001;0.020400001
;US-KY;1981;p99p99.5;217386.91;;0.0286;0.0286
;US-KY;1981;p95p100;172814.3;;0.2274;0.2274
;US-KY;1981;p0p90;27033.6;;0.64020002;0.64020002
;US-KY;1981;p0p99;34617.699;;0.90179998;0.90179998
;US-KY;1981;p99.5p100;528984.5;;0.069600001;0.069600001
;US-KY;1980;p0p100;289727.31;58346876249.0;1.0;1.0
;US-KY;1980;p99p100;375397.41;;0.097199999;0.097199999
;US-KY;1980;p99.9p100;1156530.0;;0.029899999;0.029899999
;US-KY;1980;p99.99p100;3772607.8;;0.0098000001;0.0098000001
;US-KY;1980;p90p100;135357.5;;0.3504;0.3504
;US-KY;1980;p90p95;96908.203;;0.12540001;0.12540001
;US-KY;1980;p95p99;123291.8;;0.1277;0.1277
;US-KY;1980;p99.5p99.9;367922.5;;0.0381;0.0381
;US-KY;1980;p99.9p99.99;865276.63;;0.020199999;0.020199999
;US-KY;1980;p99p99.5;224844.7;;0.029100001;0.029100001
;US-KY;1980;p95p100;173713.5;;0.22480001;0.22480001
;US-KY;1980;p0p90;27889.699;;0.6498;0.6498
;US-KY;1980;p0p99;35228.0;;0.90280002;0.90280002
;US-KY;1980;p99.5p100;525926.38;;0.068099998;0.068099998
;US-KY;1979;p0p100;371075.69;59598463703.0;1.0;1.0
;US-KY;1979;p99p100;381626.41;;0.095200002;0.095200002
;US-KY;1979;p99.9p100;1176087.1;;0.029300001;0.029300001
;US-KY;1979;p99.99p100;3779680.5;;0.0093999999;0.0093999999
;US-KY;1979;p90p100;135772.8;;0.3387;0.3387
;US-KY;1979;p90p95;92456.297;;0.1153;0.1153
;US-KY;1979;p95p99;128339.5;;0.12809999;0.12809999
;US-KY;1979;p99.5p99.9;371945.5;;0.037099998;0.037099998
;US-KY;1979;p99.9p99.99;886141.81;;0.0199;0.0199
;US-KY;1979;p99p99.5;230461.5;;0.0287;0.0287
;US-KY;1979;p95p100;178991.7;;0.2233;0.2233
;US-KY;1979;p0p90;29456.199;;0.66140002;0.66140002
;US-KY;1979;p0p99;36632.602;;0.9048;0.9048
;US-KY;1979;p99.5p100;532989.69;;0.066500001;0.066500001
;US-KY;1978;p0p100;435595.41;56846364438.0;1.0;1.0
;US-KY;1978;p99p100;354828.81;;0.090599999;0.090599999
;US-KY;1978;p99.9p100;1022468.6;;0.0261;0.0261
;US-KY;1978;p99.99p100;3011145.5;;0.0077;0.0077
;US-KY;1978;p90p100;134566.0;;0.3434;0.3434
;US-KY;1978;p90p95;91803.797;;0.1171;0.1171
;US-KY;1978;p95p99;132998.8;;0.1358;0.1358
;US-KY;1978;p99.5p99.9;356499.0;;0.036400001;0.036400001
;US-KY;1978;p99.9p99.99;801201.31;;0.0184;0.0184
;US-KY;1978;p99p99.5;219864.09;;0.028100001;0.028100001
;US-KY;1978;p95p100;177337.59;;0.2263;0.2263
;US-KY;1978;p0p90;28586.5;;0.6566;0.6566
;US-KY;1978;p0p99;35997.199;;0.90939999;0.90939999
;US-KY;1978;p99.5p100;489782.69;;0.0625;0.0625
;US-KY;1977;p0p100;494780.69;54658718179.0;1.0;1.0
;US-KY;1977;p99p100;357472.59;;0.093000002;0.093000002
;US-KY;1977;p99.9p100;1078230.9;;0.028000001;0.028000001
;US-KY;1977;p99.99p100;3433392.8;;0.0088999998;0.0088999998
;US-KY;1977;p90p100;131346.2;;0.3416;0.3416
;US-KY;1977;p90p95;90233.0;;0.1173;0.1173
;US-KY;1977;p95p99;126215.2;;0.1313;0.1313
;US-KY;1977;p99.5p99.9;362994.41;;0.037799999;0.037799999
;US-KY;1977;p99.9p99.99;816207.0;;0.019099999;0.019099999
;US-KY;1977;p99p99.5;208762.3;;0.027100001;0.027100001
;US-KY;1977;p95p100;172461.3;;0.2243;0.2243
;US-KY;1977;p0p90;28129.699;;0.6584;0.6584
;US-KY;1977;p0p99;35228.301;;0.90700001;0.90700001
;US-KY;1977;p99.5p100;506100.19;;0.065800004;0.065800004
;US-KY;1976;p0p100;540151.69;51580565302.0;1.0;1.0
;US-KY;1976;p99p100;345664.81;;0.093400002;0.093400002
;US-KY;1976;p99.9p100;1030133.8;;0.027799999;0.027799999
;US-KY;1976;p99.99p100;3088406.0;;0.0082999999;0.0082999999
;US-KY;1976;p90p100;126166.3;;0.3409;0.3409
;US-KY;1976;p90p95;87124.297;;0.1177;0.1177
;US-KY;1976;p95p99;120098.2;;0.12980001;0.12980001
;US-KY;1976;p99.5p99.9;349338.0;;0.037799999;0.037799999
;US-KY;1976;p99.9p99.99;801560.69;;0.0195;0.0195
;US-KY;1976;p99p99.5;205844.7;;0.027799999;0.027799999
;US-KY;1976;p95p100;165212.59;;0.22319999;0.22319999
;US-KY;1976;p0p90;27100.301;;0.6591;0.6591
;US-KY;1976;p0p99;33889.5;;0.9066;0.9066
;US-KY;1976;p99.5p100;485521.59;;0.0656;0.0656
;US-KY;1975;p0p100;572146.88;47922401172.0;1.0;1.0
;US-KY;1975;p99p100;372585.91;;0.1063;0.1063
;US-KY;1975;p99.9p100;1244535.0;;0.035500001;0.035500001
;US-KY;1975;p99.99p100;4879072.5;;0.0139;0.0139
;US-KY;1975;p90p100;127177.3;;0.36289999;0.36289999
;US-KY;1975;p90p95;84371.102;;0.1204;0.1204
;US-KY;1975;p95p99;119291.9;;0.1362;0.1362
;US-KY;1975;p99.5p99.9;362360.09;;0.0414;0.0414
;US-KY;1975;p99.9p99.99;839800.19;;0.021600001;0.021600001
;US-KY;1975;p99p99.5;207141.91;;0.0296;0.0296
;US-KY;1975;p95p100;169958.3;;0.24250001;0.24250001
;US-KY;1975;p0p90;24805.9;;0.63709998;0.63709998
;US-KY;1975;p0p99;31634.9;;0.8937;0.8937
;US-KY;1975;p99.5p100;538360.38;;0.076800004;0.076800004
;US-KY;1974;p0p100;722202.0;49821500470.0;1.0;1.0
;US-KY;1974;p99p100;357621.41;;0.096299998;0.096299998
;US-KY;1974;p99.9p100;1061717.5;;0.0286;0.0286
;US-KY;1974;p99.99p100;3396159.5;;0.0091000004;0.0091000004
;US-KY;1974;p90p100;131547.59;;0.35409999;0.35409999
;US-KY;1974;p90p95;88783.297;;0.1195;0.1195
;US-KY;1974;p95p99;128445.9;;0.1383;0.1383
;US-KY;1974;p99.5p99.9;351125.31;;0.037799999;0.037799999
;US-KY;1974;p99.9p99.99;801803.31;;0.019400001;0.019400001
;US-KY;1974;p99p99.5;221742.41;;0.0298;0.0298
;US-KY;1974;p95p100;174314.3;;0.23459999;0.23459999
;US-KY;1974;p0p90;26659.4;;0.64590001;0.64590001
;US-KY;1974;p0p99;33907.801;;0.90369999;0.90369999
;US-KY;1974;p99.5p100;493397.91;;0.066399999;0.066399999
;US-KY;1973;p0p100;882386.5;48465559576.0;1.0;1.0
;US-KY;1973;p99p100;353505.0;;0.096000001;0.096000001
;US-KY;1973;p99.9p100;978385.81;;0.0266;0.0266
;US-KY;1973;p99.99p100;2979980.5;;0.0081000002;0.0081000002
;US-KY;1973;p90p100;127451.6;;0.34619999;0.34619999
;US-KY;1973;p90p95;86881.703;;0.118;0.118
;US-KY;1973;p95p99;121660.3;;0.1322;0.1322
;US-KY;1973;p99.5p99.9;365248.69;;0.039700001;0.039700001
;US-KY;1973;p99.9p99.99;755699.38;;0.0185;0.0185
;US-KY;1973;p99p99.5;219177.59;;0.0298;0.0298
;US-KY;1973;p95p100;168027.91;;0.2282;0.2282
;US-KY;1973;p0p90;26738.9;;0.65380001;0.65380001
;US-KY;1973;p0p99;33611.602;;0.90399998;0.90399998
;US-KY;1973;p99.5p100;487866.09;;0.066299997;0.066299997
;US-KY;1972;p0p100;967808.63;46232661535.0;1.0;1.0
;US-KY;1972;p99p100;349029.5;;0.097499996;0.097499996
;US-KY;1972;p99.9p100;1054279.1;;0.0295;0.0295
;US-KY;1972;p99.99p100;3627910.3;;0.0101;0.0101
;US-KY;1972;p90p100;125139.3;;0.3497;0.3497
;US-KY;1972;p90p95;83573.102;;0.1168;0.1168
;US-KY;1972;p95p99;121128.7;;0.1354;0.1354
;US-KY;1972;p99.5p99.9;338226.0;;0.037799999;0.037799999
;US-KY;1972;p99.9p99.99;768232.38;;0.019300001;0.019300001
;US-KY;1972;p99p99.5;216468.2;;0.030200001;0.030200001
;US-KY;1972;p95p100;166709.59;;0.23289999;0.23289999
;US-KY;1972;p0p90;25856.4;;0.65030003;0.65030003
;US-KY;1972;p0p99;32619.9;;0.90249997;0.90249997
;US-KY;1972;p99.5p100;481590.69;;0.067299999;0.067299999
;US-KY;1971;p0p100;985285.0;43311343440.0;1.0;1.0
;US-KY;1971;p99p100;331858.19;;0.097000003;0.097000003
;US-KY;1971;p99.9p100;944023.69;;0.0276;0.0276
;US-KY;1971;p99.99p100;3036799.0;;0.0088999998;0.0088999998
;US-KY;1971;p90p100;118922.1;;0.3477;0.3477
;US-KY;1971;p90p95;81222.703;;0.1187;0.1187
;US-KY;1971;p95p99;112831.3;;0.132;0.132
;US-KY;1971;p99.5p99.9;330721.19;;0.038699999;0.038699999
;US-KY;1971;p99.9p99.99;711684.63;;0.0187;0.0187
;US-KY;1971;p99p99.5;210056.09;;0.0307;0.0307
;US-KY;1971;p95p100;156637.0;;0.229;0.229
;US-KY;1971;p0p90;24786.301;;0.6523;0.6523
;US-KY;1971;p0p99;31192.801;;0.903;0.903
;US-KY;1971;p99.5p100;453601.81;;0.066299997;0.066299997
;US-KY;1970;p0p100;1064079.6;42002863746.0;1.0;1.0
;US-KY;1970;p99p100;315544.41;;0.093099996;0.093099996
;US-KY;1970;p99.9p100;913154.81;;0.026900001;0.026900001
;US-KY;1970;p99.99p100;2836145.5;;0.0083999997;0.0083999997
;US-KY;1970;p90p100;115514.8;;0.34079999;0.34079999
;US-KY;1970;p90p95;79708.398;;0.1176;0.1176
;US-KY;1970;p95p99;110290.1;;0.1301;0.1301
;US-KY;1970;p99.5p99.9;315465.0;;0.0372;0.0372
;US-KY;1970;p99.9p99.99;699084.63;;0.0186;0.0186
;US-KY;1970;p99p99.5;195937.8;;0.028899999;0.028899999
;US-KY;1970;p95p100;151341.3;;0.22319999;0.22319999
;US-KY;1970;p0p90;24830.5;;0.65920001;0.65920001
;US-KY;1970;p0p99;31053.9;;0.90689999;0.90689999
;US-KY;1970;p99.5p100;435135.0;;0.064199999;0.064199999
;US-KY;1969;p0p100;1193597.8;41716583719.0;1.0;1.0
;US-KY;1969;p99p100;324643.91;;0.095399998;0.095399998
;US-KY;1969;p99.9p100;971977.0;;0.0286;0.0286
;US-KY;1969;p99.99p100;3144541.8;;0.0092000002;0.0092000002
;US-KY;1969;p90p100;115692.3;;0.34009999;0.34009999
;US-KY;1969;p90p95;76603.5;;0.1126;0.1126
;US-KY;1969;p95p99;112360.4;;0.1321;0.1321
;US-KY;1969;p99.5p99.9;327683.19;;0.0385;0.0385
;US-KY;1969;p99.9p99.99;732762.13;;0.019400001;0.019400001
;US-KY;1969;p99p99.5;192570.09;;0.0283;0.0283
;US-KY;1969;p95p100;154793.2;;0.22750001;0.22750001
;US-KY;1969;p0p90;24942.301;;0.65979999;0.65979999
;US-KY;1969;p0p99;31084.6;;0.90460002;0.90460002
;US-KY;1969;p99.5p100;456777.19;;0.067100003;0.067100003
;US-KY;1968;p0p100;1302226.8;40573293653.0;1.0;1.0
;US-KY;1968;p99p100;344489.09;;0.1032;0.1032
;US-KY;1968;p99.9p100;998911.31;;0.029899999;0.029899999
;US-KY;1968;p99.99p100;2917316.5;;0.0087000001;0.0087000001
;US-KY;1968;p90p100;116374.1;;0.34869999;0.34869999
;US-KY;1968;p90p95;73935.602;;0.1108;0.1108
;US-KY;1968;p95p99;112361.1;;0.1347;0.1347
;US-KY;1968;p99.5p99.9;347424.0;;0.0416;0.0416
;US-KY;1968;p99.9p99.99;789551.5;;0.021299999;0.021299999
;US-KY;1968;p99p99.5;211336.0;;0.0317;0.0317
;US-KY;1968;p95p100;158796.91;;0.2379;0.2379
;US-KY;1968;p0p90;24147.6;;0.6512;0.6512
;US-KY;1968;p0p99;30230.199;;0.89679998;0.89679998
;US-KY;1968;p99.5p100;477534.59;;0.071500003;0.071500003
;US-KY;1967;p0p100;1355316.3;38556352094.0;1.0;1.0
;US-KY;1967;p99p100;316703.09;;0.098999999;0.098999999
;US-KY;1967;p99.9p100;886054.19;;0.0277;0.0277
;US-KY;1967;p99.99p100;2373359.5;;0.0074;0.0074
;US-KY;1967;p90p100;111762.8;;0.3493;0.3493
;US-KY;1967;p90p95;74920.898;;0.1171;0.1171
;US-KY;1967;p95p99;106689.9;;0.13339999;0.13339999
;US-KY;1967;p99.5p99.9;330380.59;;0.041299999;0.041299999
;US-KY;1967;p99.9p99.99;721604.0;;0.020300001;0.020300001
;US-KY;1967;p99p99.5;191882.41;;0.029999999;0.029999999
;US-KY;1967;p95p100;148665.41;;0.2323;0.2323
;US-KY;1967;p0p90;23126.1;;0.6505;0.6505
;US-KY;1967;p0p99;29119.0;;0.90100002;0.90100002
;US-KY;1967;p99.5p100;441556.5;;0.068999998;0.068999998
;US-KY;1966;p0p100;1370528.9;36332802038.0;1.0;1.0
;US-KY;1966;p99p100;296005.81;;0.097199999;0.097199999
;US-KY;1966;p99.9p100;816434.31;;0.026799999;0.026799999
;US-KY;1966;p99.99p100;2275614.3;;0.0074999998;0.0074999998
;US-KY;1966;p90p100;106208.0;;0.3488;0.3488
;US-KY;1966;p90p95;74205.297;;0.1219;0.1219
;US-KY;1966;p95p99;99092.602;;0.1302;0.1302
;US-KY;1966;p99.5p99.9;312833.81;;0.041099999;0.041099999
;US-KY;1966;p99.9p99.99;654737.63;;0.019400001;0.019400001
;US-KY;1966;p99p99.5;177611.2;;0.029200001;0.029200001
;US-KY;1966;p95p100;138464.09;;0.2274;0.2274
;US-KY;1966;p0p90;22017.199;;0.65079999;0.65079999
;US-KY;1966;p0p99;27763.199;;0.90280002;0.90280002
;US-KY;1966;p99.5p100;414332.31;;0.068000004;0.068000004
;US-KY;1965;p0p100;1378578.1;34184288822.0;1.0;1.0
;US-KY;1965;p99p100;301273.19;;0.1041;0.1041
;US-KY;1965;p99.9p100;822852.5;;0.0284;0.0284
;US-KY;1965;p99.99p100;2348147.0;;0.0081000002;0.0081000002
;US-KY;1965;p90p100;104246.9;;0.3601;0.3601
;US-KY;1965;p90p95;70228.898;;0.1213;0.1213
;US-KY;1965;p95p99;97496.602;;0.1347;0.1347
;US-KY;1965;p99.5p99.9;308718.69;;0.0427;0.0427
;US-KY;1965;p99.9p99.99;652107.69;;0.020300001;0.020300001
;US-KY;1965;p99p99.5;190699.59;;0.032900002;0.032900002
;US-KY;1965;p95p100;138257.0;;0.2388;0.2388
;US-KY;1965;p0p90;20583.699;;0.63999999;0.63999999
;US-KY;1965;p0p99;26195.9;;0.89590001;0.89590001
;US-KY;1965;p99.5p100;411773.69;;0.071099997;0.071099997
;US-KY;1964;p0p100;1351598.3;32089906080.0;1.0;1.0
;US-KY;1964;p99p100;288590.09;;0.105;0.105
;US-KY;1964;p99.9p100;807934.19;;0.0294;0.0294
;US-KY;1964;p99.99p100;4408806.5;;0.016000001;0.016000001
;US-KY;1964;p90p100;100182.3;;0.36449999;0.36449999
;US-KY;1964;p90p95;66505.898;;0.121;0.121
;US-KY;1964;p95p99;95173.5;;0.13850001;0.13850001
;US-KY;1964;p99.5p99.9;301732.41;;0.043900002;0.043900002
;US-KY;1964;p99.9p99.99;408487.0;;0.0134;0.0134
;US-KY;1964;p99p99.5;174046.09;;0.0317;0.0317
;US-KY;1964;p95p100;133839.09;;0.24349999;0.24349999
;US-KY;1964;p0p90;19409.4;;0.63550001;0.63550001
;US-KY;1964;p0p99;24849.0;;0.89499998;0.89499998
;US-KY;1964;p99.5p100;403075.0;;0.073299997;0.073299997
;US-KY;1963;p0p100;1356053.6;30968568155.0;1.0;1.0
;US-KY;1963;p99p100;257610.09;;0.095899999;0.095899999
;US-KY;1963;p99.9p100;706967.0;;0.0263;0.0263
;US-KY;1963;p99.99p100;1797501.5;;0.0066999998;0.0066999998
;US-KY;1963;p90p100;93477.297;;0.3479;0.3479
;US-KY;1963;p90p95;63270.301;;0.1177;0.1177
;US-KY;1963;p95p99;90203.203;;0.13429999;0.13429999
;US-KY;1963;p99.5p99.9;267024.0;;0.039799999;0.039799999
;US-KY;1963;p99.9p99.99;587011.0;;0.0197;0.0197
;US-KY;1963;p99p99.5;159929.8;;0.0298;0.0298
;US-KY;1963;p95p100;123684.6;;0.23019999;0.23019999
;US-KY;1963;p0p90;19469.4;;0.65210003;0.65210003
;US-KY;1963;p0p99;24539.199;;0.9041;0.9041
;US-KY;1963;p99.5p100;355286.91;;0.066100001;0.066100001
;US-KY;1962;p0p100;1341247.8;29437025985.0;1.0;1.0
;US-KY;1962;p99p100;242273.7;;0.093599997;0.093599997
;US-KY;1962;p99.9p100;664462.88;;0.025699999;0.025699999
;US-KY;1962;p99.99p100;1656914.6;;0.0063999998;0.0063999998
;US-KY;1962;p90p100;88759.5;;0.34290001;0.34290001
;US-KY;1962;p90p95;60345.301;;0.1166;0.1166
;US-KY;1962;p95p99;85899.102;;0.1327;0.1327
;US-KY;1962;p99.5p99.9;249333.5;;0.0385;0.0385
;US-KY;1962;p99.9p99.99;556117.69;;0.019300001;0.019300001
;US-KY;1962;p99p99.5;151770.8;;0.029300001;0.029300001
;US-KY;1962;p95p100;117174.1;;0.2263;0.2263
;US-KY;1962;p0p90;18900.699;;0.65710002;0.65710002
;US-KY;1962;p0p99;23700.6;;0.90640002;0.90640002
;US-KY;1962;p99.5p100;332771.41;;0.064300001;0.064300001
;US-KY;1961;p0p100;1321183.3;28015752144.0;1.0;1.0
;US-KY;1961;p99p100;249350.91;;0.099799998;0.099799998
;US-KY;1961;p99.9p100;722277.38;;0.028899999;0.028899999
;US-KY;1961;p99.99p100;2177049.0;;0.0087000001;0.0087000001
;US-KY;1961;p90p100;88587.5;;0.35440001;0.35440001
;US-KY;1961;p90p95;58862.801;;0.1177;0.1177
;US-KY;1961;p95p99;85556.297;;0.13689999;0.13689999
;US-KY;1961;p99.5p99.9;256368.91;;0.041000001;0.041000001
;US-KY;1961;p99.9p99.99;561038.81;;0.020199999;0.020199999
;US-KY;1961;p99p99.5;149047.3;;0.0298;0.0298
;US-KY;1961;p95p100;118313.2;;0.2367;0.2367
;US-KY;1961;p0p90;17929.1;;0.64560002;0.64560002
;US-KY;1961;p0p99;22728.699;;0.90020001;0.90020001
;US-KY;1961;p99.5p100;349657.09;;0.069899999;0.069899999
;US-KY;1960;p0p100;1307487.4;26748821619.0;1.0;1.0
;US-KY;1960;p99p100;234807.2;;0.096900001;0.096900001
;US-KY;1960;p99.9p100;634006.31;;0.0262;0.0262
;US-KY;1960;p99.99p100;1519563.4;;0.0063;0.0063
;US-KY;1960;p90p100;84026.102;;0.3466;0.3466
;US-KY;1960;p90p95;55980.801;;0.1155;0.1155
;US-KY;1960;p95p99;81388.602;;0.13429999;0.13429999
;US-KY;1960;p99.5p99.9;245431.91;;0.0405;0.0405
;US-KY;1960;p99.9p99.99;537568.81;;0.02;0.02
;US-KY;1960;p99p99.5;145990.0;;0.030099999;0.030099999
;US-KY;1960;p95p100;112071.4;;0.23119999;0.23119999
;US-KY;1960;p0p90;17599.9;;0.6534;0.6534
;US-KY;1960;p0p99;22115.0;;0.90310001;0.90310001
;US-KY;1960;p99.5p100;323620.31;;0.066699997;0.066699997
;US-KY;1959;p0p100;1348026.0;26782546069.0;1.0;1.0
;US-KY;1959;p99p100;239302.0;;0.099100001;0.099100001
;US-KY;1959;p99.9p100;702458.81;;0.029100001;0.029100001
;US-KY;1959;p99.99p100;1838244.5;;0.0076000001;0.0076000001
;US-KY;1959;p90p100;85248.703;;0.3529;0.3529
;US-KY;1959;p90p95;56028.699;;0.116;0.116
;US-KY;1959;p95p99;83264.398;;0.13789999;0.13789999
;US-KY;1959;p99.5p99.9;240592.09;;0.039799999;0.039799999
;US-KY;1959;p99.9p99.99;576937.69;;0.021500001;0.021500001
;US-KY;1959;p99p99.5;145560.0;;0.030099999;0.030099999
;US-KY;1959;p95p100;114469.6;;0.2369;0.2369
;US-KY;1959;p0p90;17367.9;;0.64709997;0.64709997
;US-KY;1959;p0p99;21983.1;;0.90090001;0.90090001
;US-KY;1959;p99.5p100;333049.81;;0.068899997;0.068899997
;US-KY;1958;p0p100;1284802.8;25270056805.0;1.0;1.0
;US-KY;1958;p99p100;228523.5;;0.1006;0.1006
;US-KY;1958;p99.9p100;659537.5;;0.028999999;0.028999999
;US-KY;1958;p99.99p100;1870176.8;;0.0082;0.0082
;US-KY;1958;p90p100;80549.5;;0.3547;0.3547
;US-KY;1958;p90p95;53249.602;;0.1172;0.1172
;US-KY;1958;p95p99;77682.102;;0.13680001;0.13680001
;US-KY;1958;p99.5p99.9;236016.59;;0.0416;0.0416
;US-KY;1958;p99.9p99.99;525677.81;;0.0208;0.0208
;US-KY;1958;p99p99.5;136138.2;;0.029999999;0.029999999
;US-KY;1958;p95p100;107850.0;;0.2375;0.2375
;US-KY;1958;p0p90;16281.5;;0.64529997;0.64529997
;US-KY;1958;p0p99;20629.1;;0.8994;0.8994
;US-KY;1958;p99.5p100;320908.19;;0.070699997;0.070699997
;US-KY;1957;p0p100;1346782.1;25188059648.0;1.0;1.0
;US-KY;1957;p99p100;262433.19;;0.1163;0.1163
;US-KY;1957;p99.9p100;819002.88;;0.0363;0.0363
;US-KY;1957;p99.99p100;1640997.8;;0.0073000002;0.0073000002
;US-KY;1957;p90p100;83873.102;;0.37180001;0.37180001
;US-KY;1957;p90p95;53782.5;;0.1192;0.1192
;US-KY;1957;p95p99;76846.203;;0.1363;0.1363
;US-KY;1957;p99.5p99.9;276541.09;;0.048999999;0.048999999
;US-KY;1957;p99.9p99.99;729152.5;;0.029100001;0.029100001
;US-KY;1957;p99p99.5;139759.5;;0.030999999;0.030999999
;US-KY;1957;p95p100;113963.9;;0.25260001;0.25260001
;US-KY;1957;p0p90;15741.7;;0.62809998;0.62809998
;US-KY;1957;p0p99;20132.801;;0.88370001;0.88370001
;US-KY;1957;p99.5p100;385108.91;;0.0854;0.0854
;US-KY;1956;p0p100;1445016.0;25245187707.0;1.0;1.0
;US-KY;1956;p99p100;238195.8;;0.1056;0.1056
;US-KY;1956;p99.9p100;681230.19;;0.030200001;0.030200001
;US-KY;1956;p99.99p100;1478561.1;;0.0066;0.0066
;US-KY;1956;p90p100;78446.297;;0.3477;0.3477
;US-KY;1956;p90p95;48900.5;;0.1084;0.1084
;US-KY;1956;p95p99;75470.203;;0.1338;0.1338
;US-KY;1956;p99.5p99.9;247035.3;;0.0438;0.0438
;US-KY;1956;p99.9p99.99;594631.69;;0.023700001;0.023700001
;US-KY;1956;p99p99.5;142177.7;;0.031500001;0.031500001
;US-KY;1956;p95p100;108015.6;;0.2393;0.2393
;US-KY;1956;p0p90;16354.2;;0.6523;0.6523
;US-KY;1956;p0p99;20386.5;;0.8944;0.8944
;US-KY;1956;p99.5p100;334211.69;;0.074100003;0.074100003
;US-KY;1955;p0p100;1447399.5;24595387279.0;1.0;1.0
;US-KY;1955;p99p100;234524.2;;0.1069;0.1069
;US-KY;1955;p99.9p100;688481.63;;0.031399999;0.031399999
;US-KY;1955;p99.99p100;1793274.0;;0.0082;0.0082
;US-KY;1955;p90p100;82133.398;;0.3743;0.3743
;US-KY;1955;p90p95;60092.699;;0.13689999;0.13689999
;US-KY;1955;p95p99;72614.797;;0.13240001;0.13240001
;US-KY;1955;p99.5p99.9;237238.5;;0.043299999;0.043299999
;US-KY;1955;p99.9p99.99;565816.31;;0.0232;0.0232
;US-KY;1955;p99p99.5;141564.2;;0.032299999;0.032299999
;US-KY;1955;p95p100;104988.7;;0.2393;0.2393
;US-KY;1955;p0p90;15206.4;;0.62379998;0.62379998
;US-KY;1955;p0p99;19793.1;;0.89310002;0.89310002
;US-KY;1955;p99.5p100;327484.41;;0.074600004;0.074600004
;US-KY;1954;p0p100;1372769.3;23545490742.0;1.0;1.0
;US-KY;1954;p99p100;231032.91;;0.1102;0.1102
;US-KY;1954;p99.9p100;615223.81;;0.029300001;0.029300001
;US-KY;1954;p99.99p100;1377352.0;;0.0066;0.0066
;US-KY;1954;p90p100;80321.797;;0.3831;0.3831
;US-KY;1954;p90p95;58974.102;;0.1406;0.1406
;US-KY;1954;p95p99;70638.898;;0.1348;0.1348
;US-KY;1954;p99.5p99.9;245088.09;;0.046799999;0.046799999
;US-KY;1954;p99.9p99.99;530574.19;;0.0228;0.0228
;US-KY;1954;p99p99.5;142952.7;;0.0341;0.0341
;US-KY;1954;p95p100;102705.8;;0.2449;0.2449
;US-KY;1954;p0p90;14311.6;;0.61440003;0.61440003
;US-KY;1954;p0p99;18843.199;;0.88980001;0.88980001
;US-KY;1954;p99.5p100;319113.59;;0.076099999;0.076099999
;US-KY;1953;p0p100;1421058.0;24173446187.0;1.0;1.0
;US-KY;1953;p99p100;204247.59;;0.095100001;0.095100001
;US-KY;1953;p99.9p100;569550.69;;0.0265;0.0265
;US-KY;1953;p99.99p100;1478842.8;;0.0068999999;0.0068999999
;US-KY;1953;p90p100;75642.703;;0.352;0.352
;US-KY;1953;p90p95;57676.0;;0.13420001;0.13420001
;US-KY;1953;p95p99;67335.0;;0.12530001;0.12530001
;US-KY;1953;p99.5p99.9;214615.91;;0.039999999;0.039999999
;US-KY;1953;p99.9p99.99;469369.69;;0.0197;0.0197
;US-KY;1953;p99p99.5;122982.8;;0.0286;0.0286
;US-KY;1953;p95p100;94693.398;;0.2203;0.2203
;US-KY;1953;p0p90;15407.2;;0.64529997;0.64529997
;US-KY;1953;p0p99;19641.301;;0.90490001;0.90490001
;US-KY;1953;p99.5p100;285526.81;;0.066399999;0.066399999
;US-KY;1952;p0p100;1393762.4;23414207731.0;1.0;1.0
;US-KY;1952;p99p100;208450.3;;0.1004;0.1004
;US-KY;1952;p99.9p100;615149.81;;0.0296;0.0296
;US-KY;1952;p99.99p100;1741195.6;;0.0083999997;0.0083999997
;US-KY;1952;p90p100;74467.102;;0.35870001;0.35870001
;US-KY;1952;p90p95;55842.0;;0.1345;0.1345
;US-KY;1952;p95p99;65899.703;;0.127;0.127
;US-KY;1952;p99.5p99.9;209599.59;;0.040399998;0.040399998
;US-KY;1952;p99.9p99.99;490652.91;;0.021299999;0.021299999
;US-KY;1952;p99p99.5;126269.9;;0.030400001;0.030400001
;US-KY;1952;p95p100;94364.297;;0.2273;0.2273
;US-KY;1952;p0p90;14718.4;;0.63810003;0.63810003
;US-KY;1952;p0p99;18864.301;;0.89960003;0.89960003
;US-KY;1952;p99.5p100;290661.91;;0.07;0.07
;US-KY;1951;p0p100;1420151.8;22888232269.0;1.0;1.0
;US-KY;1951;p99p100;233451.2;;0.1152;0.1152
;US-KY;1951;p99.9p100;741088.69;;0.036600001;0.036600001
;US-KY;1951;p99.99p100;1749818.9;;0.0086000003;0.0086000003
;US-KY;1951;p90p100;72717.0;;0.359;0.359
;US-KY;1951;p90p95;47344.5;;0.1169;0.1169
;US-KY;1951;p95p99;63022.5;;0.1244;0.1244
;US-KY;1951;p99.5p99.9;237692.0;;0.0469;0.0469
;US-KY;1951;p99.9p99.99;632650.81;;0.028100001;0.028100001
;US-KY;1951;p99p99.5;127037.2;;0.031399999;0.031399999
;US-KY;1951;p95p100;97315.398;;0.2402;0.2402
;US-KY;1951;p0p99;13171.5;;0.6437;0.6437
;US-KY;1951;p99.5p100;339728.91;;0.083800003;0.083800003
;US-KY;1950;p0p100;1483170.4;20564536767.0;1.0;1.0
;US-KY;1950;p99p100;222584.09;;0.1225;0.1225
;US-KY;1950;p99.9p100;688957.38;;0.037900001;0.037900001
;US-KY;1950;p99.99p100;1596465.3;;0.0088;0.0088
;US-KY;1950;p90p100;69060.203;;0.38010001;0.38010001
;US-KY;1950;p90p95;42050.602;;0.1157;0.1157
;US-KY;1950;p95p99;64428.801;;0.1418;0.1418
;US-KY;1950;p99.5p99.9;226327.3;;0.049800001;0.049800001
;US-KY;1950;p99.9p99.99;601287.81;;0.0298;0.0298
;US-KY;1950;p99p99.5;126464.9;;0.0348;0.0348
;US-KY;1950;p95p100;95980.203;;0.26409999;0.26409999
;US-KY;1950;p0p90;12502.7;;0.61930001;0.61930001
;US-KY;1950;p0p99;16105.8;;0.8775;0.8775
;US-KY;1950;p99.5p100;318735.41;;0.087700002;0.087700002
;US-KY;1949;p0p100;1391637.9;18837681824.0;1.0;1.0
;US-KY;1949;p99p100;192472.2;;0.1151;0.1151
;US-KY;1949;p99.9p100;590984.13;;0.035300002;0.035300002
;US-KY;1949;p99.99p100;1594974.0;;0.0094999997;0.0094999997
;US-KY;1949;p90p100;61645.102;;0.3687;0.3687
;US-KY;1949;p90p95;37999.0;;0.1136;0.1136
;US-KY;1949;p95p99;58486.301;;0.1399;0.1399
;US-KY;1949;p99.5p99.9;201786.7;;0.048300002;0.048300002
;US-KY;1949;p99.9p99.99;479448.09;;0.025800001;0.025800001
;US-KY;1949;p99p99.5;105318.4;;0.031500001;0.031500001
;US-KY;1949;p95p100;85243.297;;0.25490001;0.25490001
;US-KY;1949;p0p90;11728.4;;0.63129997;0.63129997
;US-KY;1949;p0p99;14944.5;;0.88489997;0.88489997
;US-KY;1949;p99.5p100;279626.31;;0.0836;0.0836
;US-KY;1948;p0p100;1450038.9;19983984241.0;1.0;1.0
;US-KY;1948;p99p100;213188.3;;0.12;0.12
;US-KY;1948;p99.9p100;641658.19;;0.0361;0.0361
;US-KY;1948;p99.99p100;1728453.5;;0.0097000003;0.0097000003
;US-KY;1948;p90p100;64440.5;;0.36269999;0.36269999
;US-KY;1948;p90p95;38710.602;;0.109;0.109
;US-KY;1948;p95p99;59401.699;;0.1338;0.1338
;US-KY;1948;p99.5p99.9;219591.5;;0.049400002;0.049400002
;US-KY;1948;p99.9p99.99;520923.69;;0.0264;0.0264
;US-KY;1948;p99p99.5;122375.7;;0.034400001;0.034400001
;US-KY;1948;p95p100;90150.203;;0.25369999;0.25369999
;US-KY;1948;p0p90;12579.0;;0.63730001;0.63730001
;US-KY;1948;p0p99;15790.7;;0.88;0.88
;US-KY;1948;p99.5p100;304003.0;;0.085600004;0.085600004
;US-KY;1947;p0p100;1513432.3;17926810132.0;1.0;1.0
;US-KY;1947;p99p100;206400.5;;0.1293;0.1293
;US-KY;1947;p99.9p100;607876.13;;0.0381;0.0381
;US-KY;1947;p99.99p100;1609090.0;;0.0101;0.0101
;US-KY;1947;p90p100;62496.5;;0.3915;0.3915
;US-KY;1947;p90p95;37576.398;;0.1177;0.1177
;US-KY;1947;p95p99;57677.602;;0.1445;0.1445
;US-KY;1947;p99.5p99.9;211776.5;;0.053100001;0.053100001
;US-KY;1947;p99.9p99.99;496700.81;;0.028000001;0.028000001
;US-KY;1947;p99p99.5;121794.7;;0.0381;0.0381
;US-KY;1947;p95p100;87418.5;;0.27379999;0.27379999
;US-KY;1947;p0p90;10792.6;;0.6085;0.6085
;US-KY;1947;p0p99;14039.7;;0.8707;0.8707
;US-KY;1947;p99.5p100;290995.0;;0.0911;0.0911
;US-KY;1946;p0p100;2005518.3;18094458546.0;1.0;1.0
;US-KY;1946;p99p100;216528.91;;0.1339;0.1339
;US-KY;1946;p99.9p100;692881.0;;0.042800002;0.042800002
;US-KY;1946;p99.99p100;2061762.3;;0.0127;0.0127
;US-KY;1946;p90p100;62580.398;;0.38690001;0.38690001
;US-KY;1946;p90p95;36851.898;;0.1139;0.1139
;US-KY;1946;p95p99;56256.398;;0.1391;0.1391
;US-KY;1946;p99.5p99.9;220316.41;;0.054499999;0.054499999
;US-KY;1946;p99.9p99.99;540801.19;;0.030099999;0.030099999
;US-KY;1946;p99p99.5;118232.2;;0.036499999;0.036499999
;US-KY;1946;p95p100;88309.898;;0.273;0.273
;US-KY;1946;p0p90;11018.7;;0.61309999;0.61309999
;US-KY;1946;p0p99;14151.3;;0.86610001;0.86610001
;US-KY;1946;p99.5p100;314829.0;;0.0973;0.0973
;US-KY;1945;p0p100;2393990.0;18422785201.0;1.0;1.0
;US-KY;1945;p99p100;200026.91;;0.122;0.122
;US-KY;1945;p99.9p100;634789.63;;0.038699999;0.038699999
;US-KY;1945;p99.99p100;1635538.3;;0.0099999998;0.0099999998
;US-KY;1945;p90p100;58678.398;;0.35800001;0.35800001
;US-KY;1945;p90p95;37498.301;;0.1144;0.1144
;US-KY;1945;p95p99;49822.199;;0.1216;0.1216
;US-KY;1945;p99.5p99.9;206220.3;;0.050299998;0.050299998
;US-KY;1945;p99.9p99.99;525837.13;;0.028899999;0.028899999
;US-KY;1945;p99p99.5;108131.1;;0.033;0.033
;US-KY;1945;p95p100;79862.0;;0.2436;0.2436
;US-KY;1945;p0p90;11689.9;;0.6419;0.6419
;US-KY;1945;p0p99;14536.1;;0.87800002;0.87800002
;US-KY;1945;p99.5p100;291922.09;;0.089000002;0.089000002
;US-KY;1944;p0p100;2480829.3;18321678724.0;1.0;1.0
;US-KY;1944;p99p100;167582.91;;0.1032;0.1032
;US-KY;1944;p99.9p100;576022.88;;0.035500001;0.035500001
;US-KY;1944;p99.99p100;1837904.9;;0.0113;0.0113
;US-KY;1944;p90p100;47344.801;;0.29159999;0.29159999
;US-KY;1944;p90p95;28223.9;;0.086900003;0.086900003
;US-KY;1944;p95p99;41087.5;;0.1012;0.1012
;US-KY;1944;p99.5p99.9;167501.09;;0.041299999;0.041299999
;US-KY;1944;p99.9p99.99;435732.31;;0.0242;0.0242
;US-KY;1944;p99p99.5;85906.797;;0.0265;0.0265
;US-KY;1944;p95p100;66425.898;;0.2045;0.2045
;US-KY;1944;p0p90;12786.1;;0.7087;0.7087
;US-KY;1944;p0p99;14709.0;;0.89679998;0.89679998
;US-KY;1944;p99.5p100;249196.3;;0.076700002;0.076700002
;US-KY;1943;p0p100;2629431.0;18811224382.0;1.0;1.0
;US-KY;1943;p99p100;196924.8;;0.1184;0.1184
;US-KY;1943;p99.9p100;750685.81;;0.0451;0.0451
;US-KY;1943;p99.99p100;2644926.0;;0.015900001;0.015900001
;US-KY;1943;p90p100;62339.801;;0.37490001;0.37490001
;US-KY;1943;p90p95;40395.602;;0.1215;0.1215
;US-KY;1943;p95p99;56066.301;;0.1349;0.1349
;US-KY;1943;p99.5p99.9;186911.3;;0.045000002;0.045000002
;US-KY;1943;p99.9p99.99;534063.19;;0.028899999;0.028899999
;US-KY;1943;p99p99.5;94227.898;;0.0283;0.0283
;US-KY;1943;p95p100;84260.398;;0.2534;0.2534
;US-KY;1943;p0p90;11556.9;;0.62550002;0.62550002
;US-KY;1943;p0p99;14806.4;;0.88160002;0.88160002
;US-KY;1943;p99.5p100;299635.81;;0.090099998;0.090099998
;US-KY;1942;p0p100;2437836.5;15489114049.0;1.0;1.0
;US-KY;1942;p99p100;174078.3;;0.12720001;0.12720001
;US-KY;1942;p99.9p100;621222.13;;0.045400001;0.045400001
;US-KY;1942;p99.99p100;1913241.8;;0.014;0.014
;US-KY;1942;p90p100;52386.898;;0.3829;0.3829
;US-KY;1942;p90p95;31694.9;;0.1158;0.1158
;US-KY;1942;p95p99;47797.5;;0.1397;0.1397
;US-KY;1942;p99.5p99.9;169816.41;;0.049600001;0.049600001
;US-KY;1942;p99.9p99.99;477562.59;;0.031399999;0.031399999
;US-KY;1942;p99p99.5;88055.602;;0.032200001;0.032200001
;US-KY;1942;p95p100;73076.703;;0.26710001;0.26710001
;US-KY;1942;p0p90;9383.0;;0.61720002;0.61720002
;US-KY;1942;p0p99;12061.9;;0.87279999;0.87279999
;US-KY;1942;p99.5p100;260097.91;;0.095100001;0.095100001
;US-KY;1941;p0p100;2369063.3;12334860246.0;1.0;1.0
;US-KY;1941;p99p100;168775.2;;0.15539999;0.15539999
;US-KY;1941;p99.9p100;583145.19;;0.0537;0.0537
;US-KY;1941;p99.99p100;1691291.1;;0.0156;0.0156
;US-KY;1941;p90p100;51259.5;;0.47209999;0.47209999
;US-KY;1941;p90p95;31439.0;;0.14480001;0.14480001
;US-KY;1941;p95p99;46683.801;;0.17200001;0.17200001
;US-KY;1941;p99.5p99.9;165584.7;;0.061000001;0.061000001
;US-KY;1941;p99.9p99.99;459483.59;;0.0381;0.0381
;US-KY;1941;p99p99.5;88363.797;;0.0407;0.0407
;US-KY;1941;p95p100;71147.602;;0.3276;0.3276
;US-KY;1941;p0p90;6369.0;;0.52789998;0.52789998
;US-KY;1941;p0p99;9263.0996;;0.84460002;0.84460002
;US-KY;1941;p99.5p100;249148.91;;0.1147;0.1147
;US-KY;1940;p0p100;2223048.5;10545708620.0;1.0;1.0
;US-KY;1940;p99p100;149808.09;;0.1621;0.1621
;US-KY;1940;p99.9p100;497192.19;;0.053800002;0.053800002
;US-KY;1940;p99.99p100;1386481.8;;0.015;0.015
;US-KY;1940;p90p100;47195.5;;0.51069999;0.51069999
;US-KY;1940;p90p95;27022.699;;0.1462;0.1462
;US-KY;1940;p95p99;46688.898;;0.20209999;0.20209999
;US-KY;1940;p99.5p99.9;145759.7;;0.063100003;0.063100003
;US-KY;1940;p99.9p99.99;397840.91;;0.038699999;0.038699999
;US-KY;1940;p99p99.5;83424.5;;0.0451;0.0451
;US-KY;1940;p95p100;67370.297;;0.36449999;0.36449999
;US-KY;1940;p0p90;5029.1001;;0.48980001;0.48980001
;US-KY;1940;p0p99;7821.8999;;0.83789998;0.83789998
;US-KY;1940;p99.5p100;216105.5;;0.1169;0.1169
;US-KY;1939;p0p100;2179114.3;9993549570.0;1.0;1.0
;US-KY;1939;p99p100;138703.3;;0.1561;0.1561
;US-KY;1939;p99.9p100;455649.5;;0.0513;0.0513
;US-KY;1939;p99.99p100;1259327.8;;0.0142;0.0142
;US-KY;1939;p90p100;36823.102;;0.41429999;0.41429999
;US-KY;1939;p90p95;15638.6;;0.088;0.088
;US-KY;1939;p95p99;37061.898;;0.16680001;0.16680001
;US-KY;1939;p99.5p99.9;135996.09;;0.0612;0.0612
;US-KY;1939;p99.9p99.99;366127.0;;0.037099998;0.037099998
;US-KY;1939;p99p99.5;77365.797;;0.043499999;0.043499999
;US-KY;1939;p95p100;57403.699;;0.32300001;0.32300001
;US-KY;1939;p0p90;5818.6001;;0.58920002;0.58920002
;US-KY;1939;p0p99;7576.1001;;0.84390002;0.84390002
;US-KY;1939;p99.5p100;199978.2;;0.1125;0.1125
;US-KY;1938;p0p100;2039543.6;9498255408.0;1.0;1.0
;US-KY;1938;p99p100;133810.09;;0.15629999;0.15629999
;US-KY;1938;p99.9p100;448282.69;;0.0524;0.0524
;US-KY;1938;p99.99p100;1428842.4;;0.0167;0.0167
;US-KY;1938;p90p100;35004.801;;0.40889999;0.40889999
;US-KY;1938;p90p95;16291.5;;0.095200002;0.095200002
;US-KY;1938;p95p99;32472.199;;0.1517;0.1517
;US-KY;1938;p99.5p99.9;128532.6;;0.0601;0.0601
;US-KY;1938;p99.9p99.99;338492.0;;0.035599999;0.035599999
;US-KY;1938;p99p99.5;74900.297;;0.0438;0.0438
;US-KY;1938;p95p100;52736.0;;0.308;0.308
;US-KY;1938;p0p90;5678.0;;0.597;0.597
;US-KY;1938;p0p99;7294.7002;;0.84369999;0.84369999
;US-KY;1938;p99.5p100;192609.91;;0.1125;0.1125
;US-KY;1937;p0p100;2227281.0;10631727877.0;1.0;1.0
;US-KY;1937;p99p100;143391.8;;0.1477;0.1477
;US-KY;1937;p99.9p100;477920.09;;0.049199998;0.049199998
;US-KY;1937;p99.99p100;1267762.8;;0.0131;0.0131
;US-KY;1937;p90p100;35130.301;;0.36199999;0.36199999
;US-KY;1937;p90p95;14715.4;;0.075800002;0.075800002
;US-KY;1937;p95p99;32398.199;;0.13349999;0.13349999
;US-KY;1937;p99.5p99.9;141043.09;;0.0581;0.0581
;US-KY;1937;p99.9p99.99;390196.81;;0.036200002;0.036200002
;US-KY;1937;p99p99.5;78368.5;;0.040399998;0.040399998
;US-KY;1937;p95p100;54596.102;;0.28130001;0.28130001
;US-KY;1937;p0p90;6933.2002;;0.64289999;0.64289999
;US-KY;1937;p0p99;8355.0996;;0.85229999;0.85229999
;US-KY;1937;p99.5p100;208417.91;;0.1074;0.1074
;US-KY;1936;p0p100;2134487.0;9385425886.0;1.0;1.0
;US-KY;1936;p99p100;156223.0;;0.1803;0.1803
;US-KY;1936;p99.9p100;553299.69;;0.063900001;0.063900001
;US-KY;1936;p99.99p100;1563822.3;;0.018100001;0.018100001
;US-KY;1936;p90p100;36159.301;;0.4174;0.4174
;US-KY;1936;p90p95;15638.5;;0.090300001;0.090300001
;US-KY;1936;p95p99;30657.301;;0.1415;0.1415
;US-KY;1936;p99.5p99.9;152841.91;;0.070600003;0.070600003
;US-KY;1936;p99.9p99.99;441043.31;;0.0458;0.0458
;US-KY;1936;p99p99.5;79517.703;;0.045899998;0.045899998
;US-KY;1936;p95p100;55769.898;;0.32190001;0.32190001
;US-KY;1936;p0p90;5659.0;;0.58789998;0.58789998
;US-KY;1936;p0p99;7173.1001;;0.8197;0.8197
;US-KY;1936;p99.5p100;232932.2;;0.1344;0.1344
;US-KY;1935;p0p100;2003990.0;8544954362.0;1.0;1.0
;US-KY;1935;p99p100;128657.8;;0.1613;0.1613
;US-KY;1935;p99.9p100;444096.59;;0.0557;0.0557
;US-KY;1935;p99.99p100;1320445.8;;0.0166;0.0166
;US-KY;1935;p90p100;32258.199;;0.4043;0.4043
;US-KY;1935;p90p95;16443.199;;0.1031;0.1031
;US-KY;1935;p95p99;27290.6;;0.13680001;0.13680001
;US-KY;1935;p99.5p99.9;124910.2;;0.062600002;0.062600002
;US-KY;1935;p99.9p99.99;346740.31;;0.039099999;0.039099999
;US-KY;1935;p99p99.5;68576.5;;0.043000001;0.043000001
;US-KY;1935;p95p100;47599.0;;0.2983;0.2983
;US-KY;1935;p0p90;5308.2998;;0.5988;0.5988
;US-KY;1935;p0p99;6758.8999;;0.8387;0.8387
;US-KY;1935;p99.5p100;188744.0;;0.1183;0.1183
;US-KY;1934;p0p100;1866130.1;7484688204.0;1.0;1.0
;US-KY;1934;p99p100;118396.5;;0.1674;0.1674
;US-KY;1934;p99.9p100;392388.41;;0.055500001;0.055500001
;US-KY;1934;p99.99p100;1096216.3;;0.0155;0.0155
;US-KY;1934;p90p100;30503.6;;0.43130001;0.43130001
;US-KY;1934;p90p95;15499.5;;0.1096;0.1096
;US-KY;1934;p95p99;26786.4;;0.1515;0.1515
;US-KY;1934;p99.5p99.9;115627.0;;0.065399997;0.065399997
;US-KY;1934;p99.9p99.99;314206.91;;0.039999999;0.039999999
;US-KY;1934;p99p99.5;65809.398;;0.046500001;0.046500001
;US-KY;1934;p95p100;45302.5;;0.32030001;0.32030001
;US-KY;1934;p0p90;4490.6001;;0.5715;0.5715
;US-KY;1934;p0p99;5947.3999;;0.8326;0.8326
;US-KY;1934;p99.5p100;170974.8;;0.1209;0.1209
;US-KY;1933;p0p100;1839218.3;6828554323.0;1.0;1.0
;US-KY;1933;p99p100;105998.8;;0.16240001;0.16240001
;US-KY;1933;p99.9p100;367736.91;;0.056400001;0.056400001
;US-KY;1933;p99.99p100;1314076.9;;0.020099999;0.020099999
;US-KY;1933;p90p100;28236.5;;0.43270001;0.43270001
;US-KY;1933;p90p95;16173.1;;0.1239;0.1239
;US-KY;1933;p95p99;24152.199;;0.1481;0.1481
;US-KY;1933;p99.5p99.9;97856.898;;0.059999999;0.059999999
;US-KY;1933;p99.9p99.99;262588.0;;0.036200002;0.036200002
;US-KY;1933;p99p99.5;60164.699;;0.046100002;0.046100002
;US-KY;1933;p95p100;40610.602;;0.31119999;0.31119999
;US-KY;1933;p0p90;4100.7002;;0.56559998;0.56559998
;US-KY;1933;p0p99;5520.6001;;0.83759999;0.83759999
;US-KY;1933;p99.5p100;151832.91;;0.1163;0.1163
;US-KY;1932;p0p100;1620281.1;6612309506.0;1.0;1.0
;US-KY;1932;p99p100;100146.6;;0.1568;0.1568
;US-KY;1932;p99.9p100;317779.0;;0.049699999;0.049699999
;US-KY;1932;p99.99p100;950920.5;;0.0149;0.0149
;US-KY;1932;p90p100;28380.0;;0.4443;0.4443
;US-KY;1932;p90p95;17563.6;;0.1375;0.1375
;US-KY;1932;p95p99;24245.301;;0.15180001;0.15180001
;US-KY;1932;p99.5p99.9;96776.797;;0.060600001;0.060600001
;US-KY;1932;p99.9p99.99;247429.91;;0.034899998;0.034899998
;US-KY;1932;p99p99.5;59315.898;;0.046399999;0.046399999
;US-KY;1932;p95p100;39539.398;;0.30950001;0.30950001
;US-KY;1932;p0p90;3931.3999;;0.5539;0.5539
;US-KY;1932;p0p99;5440.6001;;0.84320003;0.84320003
;US-KY;1932;p99.5p100;140977.2;;0.1104;0.1104
;US-KY;1931;p0p100;1601150.8;8030506662.0;1.0;1.0
;US-KY;1931;p99p100;114932.5;;0.14650001;0.14650001
;US-KY;1931;p99.9p100;354519.5;;0.045200001;0.045200001
;US-KY;1931;p99.99p100;1023513.0;;0.013;0.013
;US-KY;1931;p90p100;29548.5;;0.3766;0.3766
;US-KY;1931;p90p95;17746.6;;0.1131;0.1131
;US-KY;1931;p95p99;22628.6;;0.1154;0.1154
;US-KY;1931;p99.5p99.9;113270.6;;0.057700001;0.057700001
;US-KY;1931;p99.9p99.99;280186.81;;0.032099999;0.032099999
;US-KY;1931;p99p99.5;68344.602;;0.0436;0.0436
;US-KY;1931;p95p100;41399.801;;0.2638;0.2638
;US-KY;1931;p0p90;5449.5;;0.62510002;0.62510002
;US-KY;1931;p0p99;6764.7002;;0.85350001;0.85350001
;US-KY;1931;p99.5p100;161520.41;;0.1029;0.1029
;US-KY;1930;p0p100;1407045.3;8377581014.0;1.0;1.0
;US-KY;1930;p99p100;130639.0;;0.1576;0.1576
;US-KY;1930;p99.9p100;434816.31;;0.052499998;0.052499998
;US-KY;1930;p99.99p100;1381918.3;;0.0167;0.0167
;US-KY;1930;p90p100;30558.699;;0.36860001;0.36860001
;US-KY;1930;p90p95;14687.9;;0.088600002;0.088600002
;US-KY;1930;p95p99;24093.699;;0.1163;0.1163
;US-KY;1930;p99.5p99.9;128028.5;;0.061799999;0.061799999
;US-KY;1930;p99.9p99.99;329582.69;;0.035799999;0.035799999
;US-KY;1930;p99p99.5;71891.898;;0.043400001;0.043400001
;US-KY;1930;p95p100;45530.199;;0.2746;0.2746
;US-KY;1930;p0p90;5872.7002;;0.6376;0.6376
;US-KY;1930;p0p99;7054.2002;;0.84240001;0.84240001
;US-KY;1930;p99.5p100;189386.0;;0.1142;0.1142
;US-KY;1929;p0p100;1628276.0;10172096932.0;1.0;1.0
;US-KY;1929;p99p100;186451.09;;0.1846;0.1846
;US-KY;1929;p99.9p100;766606.38;;0.075900003;0.075900003
;US-KY;1929;p99.99p100;2929949.0;;0.028999999;0.028999999
;US-KY;1929;p90p100;36418.699;;0.36059999;0.36059999
;US-KY;1929;p90p95;12868.2;;0.063699998;0.063699998
;US-KY;1929;p95p99;26596.9;;0.1053;0.1053
;US-KY;1929;p99.5p99.9;168628.91;;0.066799998;0.066799998
;US-KY;1929;p99.9p99.99;526235.13;;0.0469;0.0469
;US-KY;1929;p99p99.5;84677.797;;0.041900001;0.041900001
;US-KY;1929;p95p100;58612.602;;0.2902;0.2902
;US-KY;1929;p0p90;7252.2002;;0.64630002;0.64630002
;US-KY;1929;p0p99;8317.5;;0.8154;0.8154
;US-KY;1929;p99.5p100;288224.41;;0.1427;0.1427
;US-KY;1928;p0p100;1600920.8;9970522776.0;1.0;1.0
;US-KY;1928;p99p100;186173.8;;0.1875;0.1875
;US-KY;1928;p99.9p100;748366.69;;0.075400002;0.075400002
;US-KY;1928;p99.99p100;2767430.8;;0.027899999;0.027899999
;US-KY;1928;p90p100;36813.398;;0.37079999;0.37079999
;US-KY;1928;p90p95;12984.8;;0.065399997;0.065399997
;US-KY;1928;p95p99;27619.0;;0.1113;0.1113
;US-KY;1928;p99.5p99.9;173014.3;;0.069700003;0.069700003
;US-KY;1928;p99.9p99.99;524026.31;;0.047499999;0.047499999
;US-KY;1928;p99p99.5;84262.703;;0.042399999;0.042399999
;US-KY;1928;p95p100;59342.898;;0.29879999;0.29879999
;US-KY;1928;p0p90;7014.8999;;0.6358;0.6358
;US-KY;1928;p0p99;8148.8999;;0.8125;0.8125
;US-KY;1928;p99.5p100;288084.81;;0.1451;0.1451
;US-KY;1927;p0p100;1504372.3;9577659637.0;1.0;1.0
;US-KY;1927;p99p100;164155.0;;0.17120001;0.17120001
;US-KY;1927;p99.9p100;606286.81;;0.063199997;0.063199997
;US-KY;1927;p99.99p100;1935953.6;;0.020199999;0.020199999
;US-KY;1927;p90p100;33612.301;;0.3506;0.3506
;US-KY;1927;p90p95;12128.4;;0.063299999;0.063299999
;US-KY;1927;p95p99;25854.6;;0.1079;0.1079
;US-KY;1927;p99.5p99.9;158274.0;;0.066;0.066
;US-KY;1927;p99.9p99.99;458546.0;;0.043000001;0.043000001
;US-KY;1927;p99p99.5;80433.5;;0.041999999;0.041999999
;US-KY;1927;p95p100;53560.102;;0.2793;0.2793
;US-KY;1927;p0p90;7005.0;;0.65759999;0.65759999
;US-KY;1927;p0p99;8025.3999;;0.82880002;0.82880002
;US-KY;1927;p99.5p100;247876.5;;0.1293;0.1293
;US-KY;1926;p0p100;1442021.0;9472964405.0;1.0;1.0
;US-KY;1926;p99p100;153307.7;;0.16060001;0.16060001
;US-KY;1926;p99.9p100;534481.5;;0.056000002;0.056000002
;US-KY;1926;p99.99p100;1472609.3;;0.0154;0.0154
;US-KY;1926;p90p100;32526.199;;0.3407;0.3407
;US-KY;1926;p90p95;11562.1;;0.060600001;0.060600001
;US-KY;1926;p95p99;26405.5;;0.1106;0.1106
;US-KY;1926;p99.5p99.9;151570.7;;0.063500002;0.063500002
;US-KY;1926;p99.9p99.99;430245.09;;0.040600002;0.040600002
;US-KY;1926;p99p99.5;78462.5;;0.041099999;0.041099999
;US-KY;1926;p95p100;51812.398;;0.2714;0.2714
;US-KY;1926;p0p90;7087.5;;0.66820002;0.66820002
;US-KY;1926;p0p99;8094.1001;;0.83939999;0.83939999
;US-KY;1926;p99.5p100;228152.91;;0.1195;0.1195
;US-KY;1925;p0p100;1480184.8;9479710187.0;1.0;1.0
;US-KY;1925;p99p100;154220.59;;0.1604;0.1604
;US-KY;1925;p99.9p100;535126.31;;0.0557;0.0557
;US-KY;1925;p99.99p100;1542364.8;;0.016000001;0.016000001
;US-KY;1925;p90p100;34406.199;;0.35780001;0.35780001
;US-KY;1925;p90p95;12677.8;;0.065899998;0.065899998
;US-KY;1925;p95p99;29659.5;;0.1234;0.1234
;US-KY;1925;p99.5p99.9;153366.7;;0.0638;0.0638
;US-KY;1925;p99.9p99.99;423210.91;;0.0396;0.0396
;US-KY;1925;p99p99.5;78722.602;;0.040899999;0.040899999
;US-KY;1925;p95p100;54549.898;;0.28369999;0.28369999
;US-KY;1925;p0p90;6947.1001;;0.65030003;0.65030003
;US-KY;1925;p0p99;8154.2002;;0.83960003;0.83960003
;US-KY;1925;p99.5p100;229718.59;;0.1195;0.1195
;US-KY;1924;p0p100;1503681.9;9085574158.0;1.0;1.0
;US-KY;1924;p99p100;142732.41;;0.15360001;0.15360001
;US-KY;1924;p99.9p100;501675.91;;0.054000001;0.054000001
;US-KY;1924;p99.99p100;1423893.3;;0.0153;0.0153
;US-KY;1924;p90p100;38131.801;;0.41049999;0.41049999
;US-KY;1924;p90p95;15675.9;;0.084399998;0.084399998
;US-KY;1924;p95p99;39475.301;;0.17;0.17
;US-KY;1924;p99.5p99.9;140183.2;;0.060400002;0.060400002
;US-KY;1924;p99.9p99.99;399207.31;;0.038699999;0.038699999
;US-KY;1924;p99p99.5;72983.0;;0.039299998;0.039299998
;US-KY;1924;p95p100;60126.699;;0.32359999;0.32359999
;US-KY;1924;p0p90;6110.7002;;0.59200001;0.59200001
;US-KY;1924;p0p99;7941.7998;;0.84640002;0.84640002
;US-KY;1924;p99.5p100;212481.7;;0.1144;0.1144
;US-KY;1923;p0p100;1530784.1;9100276777.0;1.0;1.0
;US-KY;1923;p99p100;131599.09;;0.1397;0.1397
;US-KY;1923;p99.9p100;437128.41;;0.046399999;0.046399999
;US-KY;1923;p99.99p100;1141721.3;;0.0121;0.0121
;US-KY;1923;p90p100;33810.0;;0.35890001;0.35890001
;US-KY;1923;p90p95;18738.301;;0.0995;0.0995
;US-KY;1923;p95p99;28184.5;;0.1197;0.1197
;US-KY;1923;p99.5p99.9;131219.59;;0.0557;0.0557
;US-KY;1923;p99.9p99.99;358842.09;;0.034299999;0.034299999
;US-KY;1923;p99p99.5;70797.0;;0.037599999;0.037599999
;US-KY;1923;p95p100;48867.398;;0.25940001;0.25940001
;US-KY;1923;p0p90;6711.1001;;0.64120001;0.64120001
;US-KY;1923;p0p99;8186.1001;;0.8603;0.8603
;US-KY;1923;p99.5p100;192401.2;;0.1021;0.1021
;US-KY;1922;p0p100;1455388.5;8263536490.0;1.0;1.0
;US-KY;1922;p99p100;128025.1;;0.1481;0.1481
;US-KY;1922;p99.9p100;420756.19;;0.048700001;0.048700001
;US-KY;1922;p99.99p100;1031021.6;;0.0119;0.0119
;US-KY;1922;p90p100;34092.102;;0.3944;0.3944
;US-KY;1922;p90p95;14478.4;;0.083800003;0.083800003
;US-KY;1922;p95p99;34853.699;;0.1613;0.1613
;US-KY;1922;p99.5p99.9;127811.3;;0.059099998;0.059099998
;US-KY;1922;p99.9p99.99;352948.91;;0.036800001;0.036800001
;US-KY;1922;p99p99.5;69649.898;;0.0403;0.0403
;US-KY;1922;p95p100;53488.0;;0.30939999;0.30939999
;US-KY;1922;p0p90;5828.1001;;0.60680002;0.60680002
;US-KY;1922;p0p99;7437.7002;;0.85189998;0.85189998
;US-KY;1922;p99.5p100;186400.3;;0.1078;0.1078
;US-KY;1921;p0p100;1120720.3;7202233658.0;1.0;1.0
;US-KY;1921;p99p100;108025.1;;0.1424;0.1424
;US-KY;1921;p99.9p100;337669.09;;0.044500001;0.044500001
;US-KY;1921;p99.99p100;837726.19;;0.011;0.011
;US-KY;1921;p90p100;30837.5;;0.4064;0.4064
;US-KY;1921;p90p95;13918.4;;0.091700003;0.091700003
;US-KY;1921;p95p99;32417.6;;0.1709;0.1709
;US-KY;1921;p99.5p99.9;106682.2;;0.056200001;0.056200001
;US-KY;1921;p99.9p99.99;282107.19;;0.033500001;0.033500001
;US-KY;1921;p99p99.5;63170.602;;0.0416;0.0416
;US-KY;1921;p95p100;47539.102;;0.3132;0.3132
;US-KY;1921;p0p90;5016.8999;;0.59500003;0.59500003
;US-KY;1921;p0p99;6573.6001;;0.85759997;0.85759997
;US-KY;1921;p99.5p100;152879.59;;0.1007;0.1007
;US-KY;1920;p0p100;977809.19;7773734164.0;1.0;1.0
;US-KY;1920;p99p100;115967.9;;0.1398;0.1398
;US-KY;1920;p99.9p100;359265.5;;0.043299999;0.043299999
;US-KY;1920;p99.99p100;844230.19;;0.0102;0.0102
;US-KY;1920;p90p100;32399.1;;0.39050001;0.39050001
;US-KY;1920;p90p95;15832.9;;0.095399998;0.095399998
;US-KY;1920;p95p99;32088.4;;0.1547;0.1547
;US-KY;1920;p99.5p99.9;119205.4;;0.057500001;0.057500001
;US-KY;1920;p99.9p99.99;305380.5;;0.033100002;0.033100002
;US-KY;1920;p99p99.5;64718.301;;0.039000001;0.039000001
;US-KY;1920;p95p100;48864.301;;0.29449999;0.29449999
;US-KY;1920;p0p90;5623.3999;;0.61009997;0.61009997
;US-KY;1920;p0p99;7208.2998;;0.86019999;0.86019999
;US-KY;1920;p99.5p100;167217.41;;0.1008;0.1008
;US-KY;1919;p0p100;1494436.5;8751378548.0;1.0;1.0
;US-KY;1919;p99p100;133838.0;;0.1416;0.1416
;US-KY;1919;p99.9p100;419152.59;;0.044399999;0.044399999
;US-KY;1919;p99.99p100;1104864.1;;0.0117;0.0117
;US-KY;1919;p90p100;36003.301;;0.38100001;0.38100001
;US-KY;1919;p90p95;14116.6;;0.074699998;0.074699998
;US-KY;1919;p95p99;38508.602;;0.163;0.163
;US-KY;1919;p99.5p99.9;132447.59;;0.0561;0.0561
;US-KY;1919;p99.9p99.99;343466.5;;0.032699998;0.032699998
;US-KY;1919;p99p99.5;77602.703;;0.041099999;0.041099999
;US-KY;1919;p95p100;57574.5;;0.3046;0.3046
;US-KY;1919;p0p90;6518.5;;0.62080002;0.62080002
;US-KY;1919;p0p99;8193.7998;;0.85839999;0.85839999
;US-KY;1919;p99.5p100;190073.3;;0.1006;0.1006
;US-KY;1918;p0p100;1976362.5;8720770090.0;1.0;1.0
;US-KY;1918;p99p100;141886.7;;0.1498;0.1498
;US-KY;1918;p99.9p100;497667.81;;0.052499998;0.052499998
;US-KY;1918;p99.99p100;1423684.6;;0.015;0.015
;US-KY;1918;p90p100;34721.898;;0.36649999;0.36649999
;US-KY;1918;p90p95;13288.5;;0.070100002;0.070100002
;US-KY;1918;p95p99;33861.0;;0.14300001;0.14300001
;US-KY;1918;p99.5p99.9;134818.5;;0.056899998;0.056899998
;US-KY;1918;p99.9p99.99;394783.91;;0.037500001;0.037500001
;US-KY;1918;p99p99.5;76386.203;;0.0403;0.0403
;US-KY;1918;p95p100;55466.102;;0.29269999;0.29269999
;US-KY;1918;p0p90;6706.7998;;0.63709998;0.63709998
;US-KY;1918;p0p99;8136.2998;;0.8502;0.8502
;US-KY;1918;p99.5p100;207387.59;;0.1095;0.1095
;US-KY;1917;p0p100;2888903.3;9307099420.0;1.0;1.0
;US-KY;1917;p99p100;136187.41;;0.1357;0.1357
;US-KY;1917;p99.9p100;527294.63;;0.052499998;0.052499998
;US-KY;1917;p99.99p100;1624849.1;;0.0162;0.0162
;US-KY;1917;p90p100;32845.699;;0.3272;0.3272
;US-KY;1917;p90p95;15091.8;;0.075199999;0.075199999
