Variable Name;.;.;.;PPP conversion factor, LCU per EUR | individuals | Exchange rates | All Ages | local currency per foreign currency;Market exchange rate, LCU per EUR | individuals | Exchange rates | All Ages | local currency per foreign currency;PPP conversion factor, LCU per USD | individuals | Exchange rates | All Ages | local currency per foreign currency;Market exchange rate, LCU per USD | individuals | Exchange rates | All Ages | local currency per foreign currency;PPP conversion factor, LCU per CNY | individuals | Exchange rates | All Ages | local currency per foreign currency;Market exchange rate, LCU per CNY | individuals | Exchange rates | All Ages | local currency per foreign currency
Variable Category;.;.;.;Other macro;Other macro;Other macro;Other macro;Other macro;Other macro
Variable Description;.;.;.;PPP conversion factor of curent local currency to current PPP EUR.;Official exchange rate of the local currency to EUR.;PPP conversion factor of current local currency to current USD.;Official exchange rate of the local currency to USD.;PPP conversion factor of current local currency to current PPP CNY.;Official exchange rate of the local currency to CNY.
Variable Decomposition;.;.;.;;;;;;
Variable Unit;.;.;.;local currency per foreign currency;local currency per foreign currency;local currency per foreign currency;local currency per foreign currency;local currency per foreign currency;local currency per foreign currency
Methodological Notes;.;.;.;Using the evolution of the price index relative to the reference country, we extrapolate the PPP from the 2011 ICP.;;Using the evolution of the price index relative to the reference country, we extrapolate the PPP from the 2011 ICP.;;Using the evolution of the price index relative to the reference country, we extrapolate the PPP from the 2011 ICP.;
Sources;.;.;.;WID.world computations using:  http://data.worldbank.org/ (World Bank);;WID.world computations using:  http://data.worldbank.org/ (World Bank);;WID.world computations using:  http://data.worldbank.org/ (World Bank);
Variable Code;country;year;perc;xlceup999i;xlceux999i;xlcusp999i;xlcusx999i;xlcyup999i;xlcyux999i
;VC;2018;p0p100;2.1516809;3.2952642;1.6228354;2.6882;0.51208746;0.42114472
;VC;2017;p0p100;2.1604085;3.0426054;1.6435283;2.7;0.50409448;0.39948186
;VC;2016;p0p100;2.161454;2.9866097;1.6580632;2.7;0.49603155;0.40635249
;VC;2015;p0p100;2.179456;2.9944804;1.6753324;2.7;0.49276164;0.43356162
;VC;2014;p0p100;2.1576025;3.5821812;1.6536423;2.7;0.47813362;0.43949363
;VC;2013;p0p100;2.183876;3.5848997;1.6873289;2.7;0.48180935;0.43578202
;VC;2012;p0p100;2.1629727;3.4691279;1.6777611;2.7;0.48052183;0.42773411
;VC;2011;p0p100;2.1672535;3.7533612;1.6913009;2.7;0.48246568;0.41786212
;VC;2010;p0p100;2.1963882;3.5759461;1.7335982;2.7;0.52313823;0.39880249
;VC;2009;p0p100;2.1169605;3.7508159;1.6865357;2.7;0.53553784;0.39523286
;VC;2008;p0p100;2.1560745;3.9550316;1.7209002;2.7;0.53250116;0.38856441
;VC;2007;p0p100;2.1999269;3.6954031;1.7553277;2.7;0.57394701;0.35491142
;VC;2006;p0p100;2.0791411;3.3871055;1.6635909;2.7;0.56922942;0.3386243
;VC;2005;p0p100;2.0580208;3.3577077;1.6628513;2.7;0.57133543;0.32949665
;VC;2004;p0p100;2.0374553;3.3525171;1.6645423;2.7;0.57854819;0.326213
;VC;2003;p0p100;1.9963018;3.0472865;1.6450769;2.7;0.59311706;0.3262037
;VC;2002;p0p100;2.1063988;2.5410531;1.7357724;2.7;0.63344628;0.32620683
;VC;2001;p0p100;2.136626;2.416086;1.7488062;2.7;0.62738436;0.32620248
;VC;2000;p0p100;2.0514488;2.4875603;1.6801544;2.7;0.5985164;0.32614589
;VC;1999;p0p100;2.0856354;2.8765411;1.7239312;2.7;0.64055526;0.3261559
;VC;1998;p0p100;2.1247976;;1.7555684;2.7;0.64949548;0.32612801
;VC;1997;p0p100;2.0871267;;1.7287245;2.7;0.63592458;0.32570082
;VC;1996;p0p100;2.0471423;;1.7322477;2.7;0.66560572;0.32474661
;VC;1995;p0p100;2.0236185;;1.7035044;2.7;0.70823085;0.32329845
;VC;1994;p0p100;;;1.7215223;2.7;0.8397935;0.31327075
;VC;1993;p0p100;;;1.6893425;2.7;1.0216447;0.46859071
;VC;1992;p0p100;;;1.7327111;2.7;1.2967867;0.48961014
;VC;1991;p0p100;;;1.7201536;2.7;1.3744321;0.50719547
;VC;1990;p0p100;;;1.6824346;2.7;1.3458542;0.5644747
;VC;1989;p0p100;;;1.6350362;2.7;1.4249334;0.71711087
;VC;1988;p0p100;;;1.5933648;2.7;1.580584;0.72539699
;VC;1987;p0p100;;;1.6309682;2.7;1.8054563;0.72539699
;VC;1986;p0p100;;;1.5046896;2.7;1.736843;0.78197592
;VC;1985;p0p100;;;1.4379064;2.7;1.7162203;0.91941237
;VC;1984;p0p100;;;1.4385289;2.7;1.697855;1.1637722
;VC;1983;p0p100;;;1.4637272;2.7;1.6414934;1.3666216
;VC;1982;p0p100;;;1.3929579;2.7;1.5123999;1.4266529
;VC;1981;p0p100;;;1.3323276;2.7;1.3821416;1.5840036
;VC;1980;p0p100;;;1.2414259;2.7;1.1942451;1.8019389
;VC;1979;p0p100;;;1.2358005;2.7;1.1611629;1.7364026
;VC;1978;p0p100;;;1.1901163;2.7;1.0833521;1.6037164
;VC;1977;p0p100;;;1.1041001;2.7;0.96275502;1.4533136
;VC;1976;p0p100;;;1.0177079;2.6146708;0.84757507;1.3467859
;VC;1975;p0p100;;;1.0122849;2.1697958;0.83269083;1.1666677
;VC;1974;p0p100;;;0.95502865;2.0532324;0.72984415;1.0469762
;VC;1973;p0p100;;;0.82707334;1.9592192;0.58650804;0.9848215
;VC;1972;p0p100;;;0.69543576;1.9212781;0.47655123;0.85577786
;VC;1971;p0p100;;;0.68232495;1.9748727;0.44917619;0.80220389
;VC;1970;p0p100;;;0.68788683;2.0;0.44491574;0.81241071
;VC;1969;p0p100;;;0.72405243;2.0;0.45391631;0.81241071
;VC;1968;p0p100;;;0.72061193;2.0;0.42888188;0.81241071
