Variable Name;.;.;.;Fiscal income  | tax unit | Average | Adults | constant 2015 local currency;Fiscal income  | tax unit | Total | Adults | constant 2015 local currency;Fiscal income  | tax unit | Share | Adults | share of total (ratio);Pre-tax national income  | tax unit | Share | Adults | share of total (ratio)
Variable Category;.;.;.;Income inequality;Income inequality;Income inequality;Income inequality
Variable Description;.;.;.;Average Fiscal income within a given percentile group. Fiscal income is defined as the sum of all income items reported on income tax returns, before any deduction. It includes labour income, capital income and mixed income. The concept of fiscal income varies with national tax legislations, so in order to make international comparisons it is preferable to use the concept of national income. The population is comprised of individuals over age 20. The base unit is the tax unit defined by national fiscal administrations to measure personal income taxes.;Total Fiscal income  within a given percentile group. Fiscal income is defined as the sum of all income items reported on income tax returns, before any deduction. It includes labour income, capital income and mixed income. The concept of fiscal income varies with national tax legislations, so in order to make international comparisons it is preferable to use the concept of national income. The population is comprised of individuals over age 20.;Fiscal income share held by a given percentile group. Fiscal income is defined as the sum of all income items reported on income tax returns, before any deduction. It includes labour income, capital income and mixed income. The concept of fiscal income varies with national tax legislations, so in order to make international comparisons it is preferable to use the concept of national income. The population is comprised of individuals over age 20. The base unit is the tax unit defined by national fiscal administrations to measure personal income taxes.;Pre-tax national income share held by a given percentile group. Pre-tax national income  is the sum of all pre-tax personal income flows accruing to the owners of the production factors, labor and capital, before taking into account the operation of the tax/transfer system, but after taking into account the operation of pension system. The central difference between personal factor income and pre-tax income is the treatment of pensions, which are counted on a contribution basis by factor income and on a distribution basis by pre-tax income. The population is comprised of individuals over age 20. The base unit is the tax unit defined by national fiscal administrations to measure personal income taxes.
Variable Decomposition;.;.;.;[Fiscal income ]=[Fiscal labour income ]+[Fiscal capital income ];[Fiscal income ]=[Fiscal labour income ]+[Fiscal capital income ];[Fiscal income ]=[Fiscal labour income ]+[Fiscal capital income ];Pre-tax national income =Pre-tax labor income [total pre-tax income ranking]+Pre-tax capital income [total pre-tax income ranking]
Variable Unit;.;.;.;"USD; United States dollar | local currency | market";"USD; United States dollar | local currency | market";share;share
Methodological Notes;.;.;.;;;;Assuming the same distribution as fiscal income.
Sources;.;.;.;Frank, Sommeiller, Price & Saez (2015);Frank, Sommeiller, Price & Saez (2015);Frank, Sommeiller, Price & Saez (2015);WID.world computations using: Frank, Sommeiller, Price & Saez (2015)
Variable Code;country;year;perc;afiinc992t;mfiinc992t;sfiinc992t;sptinc992t
;US-WI;2015;p0p100;63294.898;1.86916460285e+11;1.0;1.0
;US-WI;2015;p99p100;1066627.1;;0.16850001;0.16850001
;US-WI;2015;p99.9p100;4776849.5;;0.075499997;0.075499997
;US-WI;2015;p99.99p100;20514672.0;;0.032400001;0.032400001
;US-WI;2015;p90p100;272538.59;;0.43059999;0.43059999
;US-WI;2015;p90p95;145578.5;;0.115;0.115
;US-WI;2015;p95p99;231728.8;;0.1464;0.1464
;US-WI;2015;p99.5p99.9;888964.88;;0.056200001;0.056200001
;US-WI;2015;p99.9p99.99;3054802.0;;0.043400001;0.043400001
;US-WI;2015;p99p99.5;465470.69;;0.036800001;0.036800001
;US-WI;2015;p95p100;398964.19;;0.3152;0.3152
;US-WI;2015;p0p90;40069.801;;0.56980002;0.56980002
;US-WI;2015;p0p99;53160.199;;0.83149999;0.83149999
;US-WI;2015;p99.5p100;1666649.8;;0.13169999;0.13169999
;US-WI;2014;p0p100;60797.199;1.79115110385e+11;1.0;1.0
;US-WI;2014;p99p100;981684.81;;0.1619;0.1619
;US-WI;2014;p99.9p100;4378846.5;;0.0722;0.0722
;US-WI;2014;p99.99p100;19422490.0;;0.032000002;0.032000002
;US-WI;2014;p90p100;256893.09;;0.4235;0.4235
;US-WI;2014;p90p95;140948.2;;0.1162;0.1162
;US-WI;2014;p95p99;220387.8;;0.1453;0.1453
;US-WI;2014;p99.5p99.9;819841.81;;0.054099999;0.054099999
;US-WI;2014;p99.9p99.99;2720123.8;;0.040399998;0.040399998
;US-WI;2014;p99p99.5;432419.0;;0.035599999;0.035599999
;US-WI;2014;p95p100;372594.91;;0.30720001;0.30720001
;US-WI;2014;p0p90;38842.699;;0.57639998;0.57639998
;US-WI;2014;p0p99;51349.801;;0.83810002;0.83810002
;US-WI;2014;p99.5p100;1530908.8;;0.12620001;0.12620001
;US-WI;2013;p0p100;60555.602;1.72197682916e+11;1.0;1.0
;US-WI;2013;p99p100;933689.19;;0.1596;0.1596
;US-WI;2013;p99.9p100;4248463.5;;0.0726;0.0726
;US-WI;2013;p99.99p100;19573170.0;;0.033500001;0.033500001
;US-WI;2013;p90p100;245212.59;;0.4192;0.4192
;US-WI;2013;p90p95;137096.8;;0.1172;0.1172
;US-WI;2013;p95p99;207823.09;;0.14210001;0.14210001
;US-WI;2013;p99.5p99.9;764251.63;;0.052299999;0.052299999
;US-WI;2013;p99.9p99.99;2547268.0;;0.0392;0.0392
;US-WI;2013;p99p99.5;406344.91;;0.034699999;0.034699999
;US-WI;2013;p95p100;353023.69;;0.3017;0.3017
;US-WI;2013;p0p90;37769.398;;0.58109999;0.58109999
;US-WI;2013;p0p99;49658.5;;0.84039998;0.84039998
;US-WI;2013;p99.5p100;1461137.8;;0.1249;0.1249
;US-WI;2012;p0p100;62977.898;1.75890308021e+11;1.0;1.0
;US-WI;2012;p99p100;1067090.3;;0.1806;0.1806
;US-WI;2012;p99.9p100;5036349.5;;0.085199997;0.085199997
;US-WI;2012;p99.99p100;22967110.0;;0.038899999;0.038899999
;US-WI;2012;p90p100;259238.8;;0.43869999;0.43869999
;US-WI;2012;p90p95;138215.3;;0.1169;0.1169
;US-WI;2012;p95p99;208023.3;;0.1408;0.1408
;US-WI;2012;p99.5p99.9;865233.19;;0.058600001;0.058600001
;US-WI;2012;p99.9p99.99;3064933.0;;0.046700001;0.046700001
;US-WI;2012;p99p99.5;435138.31;;0.036800001;0.036800001
;US-WI;2012;p95p100;379797.19;;0.3213;0.3213
;US-WI;2012;p0p90;36857.199;;0.56129998;0.56129998
;US-WI;2012;p0p99;48913.199;;0.81940001;0.81940001
;US-WI;2012;p99.5p100;1699155.3;;0.14380001;0.14380001
;US-WI;2011;p0p100;62008.898;1.65316737133e+11;1.0;1.0
;US-WI;2011;p99p100;874336.31;;0.1566;0.1566
;US-WI;2011;p99.9p100;3887015.0;;0.069600001;0.069600001
;US-WI;2011;p99.99p100;17511148.0;;0.031399999;0.031399999
;US-WI;2011;p90p100;235698.41;;0.42199999;0.42199999
;US-WI;2011;p90p95;137057.59;;0.1227;0.1227
;US-WI;2011;p95p99;198640.59;;0.14229999;0.14229999
;US-WI;2011;p99.5p99.9;726095.13;;0.052000001;0.052000001
;US-WI;2011;p99.9p99.99;2376311.0;;0.0383;0.0383
;US-WI;2011;p99p99.5;390320.91;;0.034899998;0.034899998
;US-WI;2011;p95p100;333754.5;;0.29879999;0.29879999
;US-WI;2011;p0p90;35895.5;;0.57840002;0.57840002
;US-WI;2011;p0p99;47582.699;;0.8434;0.8434
;US-WI;2011;p99.5p100;1358582.8;;0.1216;0.1216
;US-WI;2010;p0p100;65149.602;1.61438182642e+11;1.0;1.0
;US-WI;2010;p99p100;879216.38;;0.1594;0.1594
;US-WI;2010;p99.9p100;4037495.5;;0.073200002;0.073200002
;US-WI;2010;p99.99p100;19380398.0;;0.035100002;0.035100002
;US-WI;2010;p90p100;234928.0;;0.426;0.426
;US-WI;2010;p90p95;137443.41;;0.1246;0.1246
;US-WI;2010;p95p99;194684.59;;0.14120001;0.14120001
;US-WI;2010;p99.5p99.9;711068.0;;0.051600002;0.051600002
;US-WI;2010;p99.9p99.99;2332237.5;;0.0381;0.0381
;US-WI;2010;p99p99.5;381931.19;;0.034600001;0.034600001
;US-WI;2010;p95p100;331567.59;;0.30059999;0.30059999
;US-WI;2010;p0p90;35213.699;;0.5747;0.5747
;US-WI;2010;p0p99;46818.898;;0.84060001;0.84060001
;US-WI;2010;p99.5p100;1376900.8;;0.1248;0.1248
;US-WI;2009;p0p100;66388.703;1.57454974937e+11;1.0;1.0
;US-WI;2009;p99p100;845117.69;;0.15539999;0.15539999
;US-WI;2009;p99.9p100;3897371.3;;0.071699999;0.071699999
;US-WI;2009;p99.99p100;18429932.0;;0.0339;0.0339
;US-WI;2009;p90p100;227560.8;;0.41839999;0.41839999
;US-WI;2009;p90p95;137707.91;;0.1266;0.1266
;US-WI;2009;p95p99;184496.59;;0.1357;0.1357
;US-WI;2009;p99.5p99.9;680579.63;;0.050000001;0.050000001
;US-WI;2009;p99.9p99.99;2286368.3;;0.037799999;0.037799999
;US-WI;2009;p99p99.5;367506.69;;0.033799998;0.033799998
;US-WI;2009;p95p100;316603.31;;0.29100001;0.29100001
;US-WI;2009;p0p90;35185.199;;0.58219999;0.58219999
;US-WI;2009;p0p99;46405.398;;0.84460002;0.84460002
;US-WI;2009;p99.5p100;1323079.0;;0.1216;0.1216
;US-WI;2008;p0p100;72900.602;1.71656031803e+11;1.0;1.0
;US-WI;2008;p99p100;990768.69;;0.1647;0.1647
;US-WI;2008;p99.9p100;4669465.0;;0.077600002;0.077600002
;US-WI;2008;p99.99p100;21454066.0;;0.035700001;0.035700001
;US-WI;2008;p90p100;250751.2;;0.41679999;0.41679999
;US-WI;2008;p90p95;141918.2;;0.118;0.118
;US-WI;2008;p95p99;199417.7;;0.13259999;0.13259999
;US-WI;2008;p99.5p99.9;786011.81;;0.052299999;0.052299999
;US-WI;2008;p99.9p99.99;2778395.0;;0.0416;0.0416
;US-WI;2008;p99p99.5;406476.59;;0.033799998;0.033799998
;US-WI;2008;p95p100;358306.59;;0.2978;0.2978
;US-WI;2008;p0p90;39177.801;;0.5862;0.5862
;US-WI;2008;p0p99;50754.898;;0.83530003;0.83530003
;US-WI;2008;p99.5p100;1570812.9;;0.13060001;0.13060001
;US-WI;2007;p0p100;85617.398;1.83915980201e+11;1.0;1.0
;US-WI;2007;p99p100;1154244.1;;0.1762;0.1762
;US-WI;2007;p99.9p100;5542347.0;;0.084600002;0.084600002
;US-WI;2007;p99.99p100;25056436.0;;0.038199998;0.038199998
;US-WI;2007;p90p100;274460.41;;0.41890001;0.41890001
;US-WI;2007;p90p95;144687.5;;0.1104;0.1104
;US-WI;2007;p95p99;213139.0;;0.1301;0.1301
;US-WI;2007;p99.5p99.9;909555.88;;0.055500001;0.055500001
;US-WI;2007;p99.9p99.99;3345742.5;;0.046;0.046
;US-WI;2007;p99p99.5;450596.5;;0.034400001;0.034400001
;US-WI;2007;p95p100;402781.91;;0.30739999;0.30739999
;US-WI;2007;p0p90;42614.0;;0.58539999;0.58539999
;US-WI;2007;p0p99;54523.301;;0.82380003;0.82380003
;US-WI;2007;p99.5p100;1849644.9;;0.14120001;0.14120001
;US-WI;2006;p0p100;86485.203;1.7730444524e+11;1.0;1.0
;US-WI;2006;p99p100;1112853.5;;0.1778;0.1778
;US-WI;2006;p99.9p100;5305421.5;;0.084799998;0.084799998
;US-WI;2006;p99.99p100;23472006.0;;0.037500001;0.037500001
;US-WI;2006;p90p100;265836.09;;0.42480001;0.42480001
;US-WI;2006;p90p95;142245.5;;0.1136;0.1136
;US-WI;2006;p95p99;206021.91;;0.13169999;0.13169999
;US-WI;2006;p99.5p99.9;890789.38;;0.056899998;0.056899998
;US-WI;2006;p99.9p99.99;3279675.5;;0.047200002;0.047200002
;US-WI;2006;p99p99.5;439663.09;;0.035100002;0.035100002
;US-WI;2006;p95p100;388102.0;;0.31009999;0.31009999
;US-WI;2006;p0p90;40188.801;;0.57789999;0.57789999
;US-WI;2006;p0p99;51974.602;;0.8222;0.8222
;US-WI;2006;p99.5p100;1781246.3;;0.14229999;0.14229999
;US-WI;2005;p0p100;90719.398;1.71002350562e+11;1.0;1.0
;US-WI;2005;p99p100;1020260.6;;0.16580001;0.16580001
;US-WI;2005;p99.9p100;4694438.0;;0.076300003;0.076300003
;US-WI;2005;p99.99p100;20120762.0;;0.032699998;0.032699998
;US-WI;2005;p90p100;253181.59;;0.41139999;0.41139999
;US-WI;2005;p90p95;137437.59;;0.1117;0.1117
;US-WI;2005;p95p99;203337.7;;0.1322;0.1322
;US-WI;2005;p99.5p99.9;831186.63;;0.054000001;0.054000001
;US-WI;2005;p99.9p99.99;2972928.0;;0.043499999;0.043499999
;US-WI;2005;p99p99.5;422853.09;;0.034400001;0.034400001
;US-WI;2005;p95p100;367277.5;;0.29840001;0.29840001
;US-WI;2005;p0p90;40459.398;;0.59170002;0.59170002
;US-WI;2005;p0p99;51861.602;;0.83420002;0.83420002
;US-WI;2005;p99.5p100;1612558.3;;0.131;0.131
;US-WI;2004;p0p100;95500.5;1.65300484571e+11;1.0;1.0
;US-WI;2004;p99p100;927130.13;;0.1529;0.1529
;US-WI;2004;p99.9p100;4128655.5;;0.068099998;0.068099998
;US-WI;2004;p99.99p100;17601848.0;;0.028999999;0.028999999
;US-WI;2004;p90p100;241385.0;;0.398;0.398
;US-WI;2004;p90p95;128714.5;;0.1061;0.1061
;US-WI;2004;p95p99;209262.2;;0.138;0.138
;US-WI;2004;p99.5p99.9;766200.81;;0.050500002;0.050500002
;US-WI;2004;p99.9p99.99;2618522.0;;0.038899999;0.038899999
;US-WI;2004;p99p99.5;405447.59;;0.033399999;0.033399999
;US-WI;2004;p95p100;353147.59;;0.2911;0.2911
;US-WI;2004;p0p90;40709.898;;0.60409999;0.60409999
;US-WI;2004;p0p99;51901.699;;0.84710002;0.84710002
;US-WI;2004;p99.5p100;1445502.6;;0.1192;0.1192
;US-WI;2003;p0p100;97426.602;1.57307122192e+11;1.0;1.0
;US-WI;2003;p99p100;833175.38;;0.142;0.142
;US-WI;2003;p99.9p100;3560836.5;;0.060699999;0.060699999
;US-WI;2003;p99.99p100;15050673.0;;0.025699999;0.025699999
;US-WI;2003;p90p100;228429.41;;0.38940001;0.38940001
;US-WI;2003;p90p95;129550.6;;0.1104;0.1104
;US-WI;2003;p95p99;200057.8;;0.1364;0.1364
;US-WI;2003;p99.5p99.9;705962.5;;0.048099998;0.048099998
;US-WI;2003;p99.9p99.99;2273024.3;;0.034899998;0.034899998
;US-WI;2003;p99p99.5;384044.91;;0.032699998;0.032699998
;US-WI;2003;p95p100;326962.41;;0.27869999;0.27869999
;US-WI;2003;p0p90;39876.398;;0.61180001;0.61180001
;US-WI;2003;p0p99;50840.102;;0.85799998;0.85799998
;US-WI;2003;p99.5p100;1280660.8;;0.1092;0.1092
;US-WI;2002;p0p100;100077.7;1.57608657379e+11;1.0;1.0
;US-WI;2002;p99p100;804991.63;;0.13959999;0.13959999
;US-WI;2002;p99.9p100;3393692.0;;0.058899999;0.058899999
;US-WI;2002;p99.99p100;14068104.0;;0.0244;0.0244
;US-WI;2002;p90p100;222870.0;;0.38659999;0.38659999
;US-WI;2002;p90p95;126691.5;;0.1099;0.1099
;US-WI;2002;p95p99;197092.59;;0.1367;0.1367
;US-WI;2002;p99.5p99.9;690035.13;;0.047899999;0.047899999
;US-WI;2002;p99.9p99.99;2202560.0;;0.034400001;0.034400001
;US-WI;2002;p99p99.5;376438.59;;0.032600001;0.032600001
;US-WI;2002;p95p100;318837.41;;0.27649999;0.27649999
;US-WI;2002;p0p90;39340.199;;0.61409998;0.61409998
;US-WI;2002;p0p99;50107.102;;0.86040002;0.86040002
;US-WI;2002;p99.5p100;1232722.5;;0.1069;0.1069
;US-WI;2001;p0p100;109584.2;1.61496978353e+11;1.0;1.0
;US-WI;2001;p99p100;843054.5;;0.13789999;0.13789999
;US-WI;2001;p99.9p100;3459503.8;;0.056600001;0.056600001
;US-WI;2001;p99.99p100;13872043.0;;0.022700001;0.022700001
;US-WI;2001;p90p100;232364.7;;0.38;0.38
;US-WI;2001;p90p95;131127.91;;0.1072;0.1072
;US-WI;2001;p95p99;205491.59;;0.1344;0.1344
;US-WI;2001;p99.5p99.9;729970.31;;0.047800001;0.047800001
;US-WI;2001;p99.9p99.99;2309029.5;;0.034000002;0.034000002
;US-WI;2001;p99p99.5;408980.91;;0.033399999;0.033399999
;US-WI;2001;p95p100;333224.81;;0.27250001;0.27250001
;US-WI;2001;p0p90;42150.301;;0.62050003;0.62050003
;US-WI;2001;p0p99;53243.301;;0.86210001;0.86210001
;US-WI;2001;p99.5p100;1277756.3;;0.1045;0.1045
;US-WI;2000;p0p100;125472.0;1.688214006e+11;1.0;1.0
;US-WI;2000;p99p100;1035125.7;;0.15629999;0.15629999
;US-WI;2000;p99.9p100;4663502.0;;0.0704;0.0704
;US-WI;2000;p99.99p100;19571588.0;;0.0295;0.0295
;US-WI;2000;p90p100;261334.59;;0.3946;0.3946
;US-WI;2000;p90p95;136866.2;;0.1033;0.1033
;US-WI;2000;p95p99;221590.09;;0.1338;0.1338
;US-WI;2000;p99.5p99.9;847096.69;;0.051199999;0.051199999
;US-WI;2000;p99.9p99.99;3022862.3;;0.041099999;0.041099999
;US-WI;2000;p99p99.5;451917.91;;0.0341;0.0341
;US-WI;2000;p95p100;385044.31;;0.29069999;0.29069999
;US-WI;2000;p0p90;44668.898;;0.60699999;0.60699999
;US-WI;2000;p0p99;56447.898;;0.84369999;0.84369999
;US-WI;2000;p99.5p100;1616334.1;;0.122;0.122
;US-WI;1999;p0p100;128453.9;1.62826022692e+11;1.0;1.0
;US-WI;1999;p99p100;962529.88;;0.1516;0.1516
;US-WI;1999;p99.9p100;4082283.0;;0.064300001;0.064300001
;US-WI;1999;p99.99p100;15690102.0;;0.024700001;0.024700001
;US-WI;1999;p90p100;251507.3;;0.3962;0.3962
;US-WI;1999;p90p95;136002.91;;0.1071;0.1071
;US-WI;1999;p95p99;217462.2;;0.13699999;0.13699999
;US-WI;1999;p99.5p99.9;832100.31;;0.0524;0.0524
;US-WI;1999;p99.9p99.99;2826233.5;;0.040100001;0.040100001
;US-WI;1999;p99p99.5;440712.91;;0.034699999;0.034699999
;US-WI;1999;p95p100;366635.19;;0.2888;0.2888
;US-WI;1999;p0p90;42599.5;;0.60390002;0.60390002
;US-WI;1999;p0p99;54401.5;;0.8484;0.8484
;US-WI;1999;p99.5p100;1484244.3;;0.1169;0.1169
;US-WI;1998;p0p100;129704.5;1.54496911743e+11;1.0;1.0
;US-WI;1998;p99p100;963595.38;;0.1567;0.1567
;US-WI;1998;p99.9p100;4325116.0;;0.070299998;0.070299998
;US-WI;1998;p99.99p100;18147220.0;;0.0295;0.0295
;US-WI;1998;p90p100;244943.91;;0.39820001;0.39820001
;US-WI;1998;p90p95;131427.7;;0.1068;0.1068
;US-WI;1998;p95p99;206690.2;;0.1344;0.1344
;US-WI;1998;p99.5p99.9;798333.19;;0.051899999;0.051899999
;US-WI;1998;p99.9p99.99;2798237.3;;0.040899999;0.040899999
;US-WI;1998;p99p99.5;422801.31;;0.034400001;0.034400001
;US-WI;1998;p95p100;358212.5;;0.29120001;0.29120001
;US-WI;1998;p0p90;41142.898;;0.602;0.602
;US-WI;1998;p0p99;52396.102;;0.84329998;0.84329998
;US-WI;1998;p99.5p100;1504339.1;;0.1223;0.1223
;US-WI;1997;p0p100;126140.1;1.43686011059e+11;1.0;1.0
;US-WI;1997;p99p100;868351.69;;0.14920001;0.14920001
;US-WI;1997;p99.9p100;3737205.5;;0.064199999;0.064199999
;US-WI;1997;p99.99p100;15205300.0;;0.0261;0.0261
;US-WI;1997;p90p100;229041.7;;0.3937;0.3937
;US-WI;1997;p90p95;127015.1;;0.1092;0.1092
;US-WI;1997;p95p99;196495.91;;0.13510001;0.13510001
;US-WI;1997;p99.5p99.9;740353.63;;0.050900001;0.050900001
;US-WI;1997;p99.9p99.99;2469754.8;;0.038199998;0.038199998
;US-WI;1997;p99p99.5;396241.41;;0.0341;0.0341
;US-WI;1997;p95p100;330921.5;;0.28439999;0.28439999
;US-WI;1997;p0p90;39206.199;;0.60650003;0.60650003
;US-WI;1997;p0p99;49998.5;;0.85079998;0.85079998
;US-WI;1997;p99.5p100;1340283.0;;0.1152;0.1152
;US-WI;1996;p0p100;125001.3;1.34144486604e+11;1.0;1.0
;US-WI;1996;p99p100;776444.19;;0.14049999;0.14049999
;US-WI;1996;p99.9p100;3270707.5;;0.0592;0.0592
;US-WI;1996;p99.99p100;13412564.0;;0.0243;0.0243
;US-WI;1996;p90p100;213569.09;;0.38659999;0.38659999
;US-WI;1996;p90p95;123138.7;;0.1115;0.1115
;US-WI;1996;p95p99;185756.5;;0.1345;0.1345
;US-WI;1996;p99.5p99.9;669290.5;;0.048500001;0.048500001
;US-WI;1996;p99.9p99.99;2143090.0;;0.034899998;0.034899998
;US-WI;1996;p99p99.5;362145.69;;0.0328;0.0328
;US-WI;1996;p95p100;303914.31;;0.27509999;0.27509999
;US-WI;1996;p0p90;37665.0;;0.61360002;0.61360002
;US-WI;1996;p0p99;47958.801;;0.85949999;0.85949999
;US-WI;1996;p99.5p100;1190489.1;;0.1077;0.1077
;US-WI;1995;p0p100;124344.4;1.26904444451e+11;1.0;1.0
;US-WI;1995;p99p100;687752.31;;0.1319;0.1319
;US-WI;1995;p99.9p100;2730319.0;;0.0524;0.0524
;US-WI;1995;p99.99p100;10559650.0;;0.020300001;0.020300001
;US-WI;1995;p90p100;198928.2;;0.38150001;0.38150001
;US-WI;1995;p90p95;119521.3;;0.1146;0.1146
;US-WI;1995;p95p99;175921.0;;0.13500001;0.13500001
;US-WI;1995;p99.5p99.9;612590.88;;0.046999998;0.046999998
;US-WI;1995;p99.9p99.99;1860494.4;;0.032099999;0.032099999
;US-WI;1995;p99p99.5;338836.81;;0.032499999;0.032499999
;US-WI;1995;p95p100;278279.59;;0.2669;0.2669
;US-WI;1995;p0p90;35836.199;;0.61860001;0.61860001
;US-WI;1995;p0p99;45720.102;;0.86809999;0.86809999
;US-WI;1995;p99.5p100;1036585.1;;0.099399999;0.099399999
;US-WI;1994;p0p100;125601.1;1.21976086457e+11;1.0;1.0
;US-WI;1994;p99p100;636879.81;;0.1268;0.1268
;US-WI;1994;p99.9p100;2552713.8;;0.050799999;0.050799999
;US-WI;1994;p99.99p100;10270371.0;;0.020500001;0.020500001
;US-WI;1994;p90p100;187387.2;;0.37310001;0.37310001
;US-WI;1994;p90p95;112608.2;;0.1121;0.1121
;US-WI;1994;p95p99;168468.3;;0.13420001;0.13420001
;US-WI;1994;p99.5p99.9;562742.0;;0.044799998;0.044799998
;US-WI;1994;p99.9p99.99;1695200.6;;0.030400001;0.030400001
;US-WI;1994;p99p99.5;313024.81;;0.031199999;0.031199999
;US-WI;1994;p95p100;262145.41;;0.26100001;0.26100001
;US-WI;1994;p0p90;34979.801;;0.62690002;0.62690002
;US-WI;1994;p0p99;44293.898;;0.8732;0.8732
;US-WI;1994;p99.5p100;960734.88;;0.095700003;0.095700003
;US-WI;1993;p0p100;128814.9;1.17336444444e+11;1.0;1.0
;US-WI;1993;p99p100;603744.13;;0.1223;0.1223
;US-WI;1993;p99.9p100;2347988.0;;0.047600001;0.047600001
;US-WI;1993;p99.99p100;9176110.0;;0.0186;0.0186
;US-WI;1993;p90p100;181017.41;;0.36660001;0.36660001
;US-WI;1993;p90p95;108603.2;;0.11;0.11
;US-WI;1993;p95p99;165846.7;;0.1344;0.1344
;US-WI;1993;p99.5p99.9;542992.69;;0.044;0.044
;US-WI;1993;p99.9p99.99;1587282.3;;0.028899999;0.028899999
;US-WI;1993;p99p99.5;302718.41;;0.0307;0.0307
;US-WI;1993;p95p100;253406.59;;0.25659999;0.25659999
;US-WI;1993;p0p90;34754.0;;0.63349998;0.63349998
;US-WI;1993;p0p99;43774.699;;0.87769997;0.87769997
;US-WI;1993;p99.5p100;904594.0;;0.091600001;0.091600001
;US-WI;1992;p0p100;134143.91;1.157338622e+11;1.0;1.0
;US-WI;1992;p99p100;631290.0;;0.12890001;0.12890001
;US-WI;1992;p99.9p100;2544987.8;;0.052000001;0.052000001
;US-WI;1992;p99.99p100;10191196.0;;0.0208;0.0208
;US-WI;1992;p90p100;181462.09;;0.37059999;0.37059999
;US-WI;1992;p90p95;106668.6;;0.1089;0.1089
;US-WI;1992;p95p99;162515.5;;0.1328;0.1328
;US-WI;1992;p99.5p99.9;561189.19;;0.0458;0.0458
;US-WI;1992;p99.9p99.99;1695157.5;;0.031199999;0.031199999
;US-WI;1992;p99p99.5;304416.91;;0.031099999;0.031099999
;US-WI;1992;p95p100;256274.41;;0.2617;0.2617
;US-WI;1992;p0p90;34244.301;;0.62940001;0.62940001
;US-WI;1992;p0p99;43083.398;;0.87110001;0.87110001
;US-WI;1992;p99.5p100;958125.5;;0.097800002;0.097800002
;US-WI;1991;p0p100;137160.8;1.11085299089e+11;1.0;1.0
;US-WI;1991;p99p100;549666.5;;0.1154;0.1154
;US-WI;1991;p99.9p100;2022809.1;;0.0425;0.0425
;US-WI;1991;p99.99p100;7416827.5;;0.0156;0.0156
;US-WI;1991;p90p100;173516.2;;0.3644;0.3644
;US-WI;1991;p90p95;111349.9;;0.1169;0.1169
;US-WI;1991;p95p99;157399.59;;0.1322;0.1322
;US-WI;1991;p99.5p99.9;508482.0;;0.0427;0.0427
;US-WI;1991;p99.9p99.99;1423236.5;;0.026900001;0.026900001
;US-WI;1991;p99p99.5;287799.59;;0.030200001;0.030200001
;US-WI;1991;p95p100;235842.09;;0.2476;0.2476
;US-WI;1991;p0p90;33624.898;;0.63550001;0.63550001
;US-WI;1991;p0p99;42550.199;;0.88459998;0.88459998
;US-WI;1991;p99.5p100;811541.81;;0.085199997;0.085199997
;US-WI;1990;p0p100;151340.2;1.12507377291e+11;1.0;1.0
;US-WI;1990;p99p100;584807.81;;0.1194;0.1194
;US-WI;1990;p99.9p100;2278920.5;;0.046500001;0.046500001
;US-WI;1990;p99.99p100;8753338.0;;0.017899999;0.017899999
;US-WI;1990;p90p100;176697.5;;0.3608;0.3608
;US-WI;1990;p90p95;110414.5;;0.1127;0.1127
;US-WI;1990;p95p99;157515.41;;0.1287;0.1287
;US-WI;1990;p99.5p99.9;532781.19;;0.043499999;0.043499999
;US-WI;1990;p99.9p99.99;1560339.6;;0.0287;0.0287
;US-WI;1990;p99p99.5;287470.31;;0.0294;0.0294
;US-WI;1990;p95p100;242993.41;;0.2481;0.2481
;US-WI;1990;p0p90;34777.801;;0.63919997;0.63919997
;US-WI;1990;p0p99;43557.0;;0.88059998;0.88059998
;US-WI;1990;p99.5p100;882030.0;;0.090099998;0.090099998
;US-WI;1989;p0p100;165672.8;1.11651551998e+11;1.0;1.0
;US-WI;1989;p99p100;546211.81;;0.1123;0.1123
;US-WI;1989;p99.9p100;1972737.6;;0.040600002;0.040600002
;US-WI;1989;p99.99p100;7039149.0;;0.0145;0.0145
;US-WI;1989;p90p100;173305.91;;0.3563;0.3563
;US-WI;1989;p90p95;109129.7;;0.1122;0.1122
;US-WI;1989;p95p99;156142.2;;0.1284;0.1284
;US-WI;1989;p99.5p99.9;491900.69;;0.0405;0.0405
;US-WI;1989;p99.9p99.99;1367800.8;;0.0253;0.0253
;US-WI;1989;p99p99.5;281102.0;;0.028899999;0.028899999
;US-WI;1989;p95p100;236890.41;;0.24349999;0.24349999
;US-WI;1989;p0p90;35142.0;;0.65030003;0.65030003
;US-WI;1989;p0p99;43612.0;;0.88770002;0.88770002
;US-WI;1989;p99.5p100;801741.31;;0.082400002;0.082400002
;US-WI;1988;p0p100;180278.91;1.08950545607e+11;1.0;1.0
;US-WI;1988;p99p100;636605.81;;0.1309;0.1309
;US-WI;1988;p99.9p100;2548434.3;;0.0524;0.0524
;US-WI;1988;p99.99p100;9787762.0;;0.020099999;0.020099999
;US-WI;1988;p90p100;183002.91;;0.37619999;0.37619999
;US-WI;1988;p90p95;108828.9;;0.1119;0.1119
;US-WI;1988;p95p99;158650.91;;0.1305;0.1305
;US-WI;1988;p99.5p99.9;555192.81;;0.045699999;0.045699999
;US-WI;1988;p99.9p99.99;1705279.6;;0.031599998;0.031599998
;US-WI;1988;p99p99.5;297834.91;;0.0306;0.0306
;US-WI;1988;p95p100;256657.59;;0.2638;0.2638
;US-WI;1988;p0p90;34030.898;;0.62970001;0.62970001
;US-WI;1988;p0p99;42699.699;;0.86909997;0.86909997
;US-WI;1988;p99.5p100;966548.13;;0.099399999;0.099399999
;US-WI;1987;p0p100;188759.7;1.03497423859e+11;1.0;1.0
;US-WI;1987;p99p100;476593.5;;0.1006;0.1006
;US-WI;1987;p99.9p100;1643440.8;;0.034699999;0.034699999
;US-WI;1987;p99.99p100;5704012.0;;0.012;0.012
;US-WI;1987;p90p100;161517.8;;0.3409;0.3409
;US-WI;1987;p90p95;106197.2;;0.1121;0.1121
;US-WI;1987;p95p99;149285.0;;0.126;0.126
;US-WI;1987;p99.5p99.9;436198.69;;0.036800001;0.036800001
;US-WI;1987;p99.9p99.99;1163096.3;;0.0221;0.0221
;US-WI;1987;p99p99.5;259828.3;;0.0274;0.0274
;US-WI;1987;p95p100;216520.7;;0.22849999;0.22849999
;US-WI;1987;p0p90;34936.5;;0.66360003;0.66360003
;US-WI;1987;p0p99;43049.801;;0.8994;0.8994
;US-WI;1987;p99.5p100;687034.88;;0.072499998;0.072499998
;US-WI;1986;p0p100;206428.8;1.06377886691e+11;1.0;1.0
;US-WI;1986;p99p100;622204.31;;0.1283;0.1283
;US-WI;1986;p99.9p100;2657788.3;;0.0548;0.0548
;US-WI;1986;p99.99p100;11029929.0;;0.022700001;0.022700001
;US-WI;1986;p90p100;173747.09;;0.3583;0.3583
;US-WI;1986;p90p95;101638.6;;0.1048;0.1048
;US-WI;1986;p95p99;148522.5;;0.1225;0.1225
;US-WI;1986;p99.5p99.9;522573.5;;0.043099999;0.043099999
;US-WI;1986;p99.9p99.99;1677773.1;;0.031099999;0.031099999
;US-WI;1986;p99p99.5;274731.41;;0.0283;0.0283
;US-WI;1986;p95p100;245337.5;;0.25299999;0.25299999
;US-WI;1986;p0p90;34876.699;;0.6473;0.6473
;US-WI;1986;p0p99;42693.699;;0.87169999;0.87169999
;US-WI;1986;p99.5p100;961411.63;;0.099100001;0.099100001
;US-WI;1985;p0p100;196231.3;97807597953.0;1.0;1.0
;US-WI;1985;p99p100;474465.5;;0.1067;0.1067
;US-WI;1985;p99.9p100;1861135.1;;0.041900001;0.041900001
;US-WI;1985;p99.99p100;7252724.0;;0.0163;0.0163
;US-WI;1985;p90p100;151092.91;;0.3398;0.3398
;US-WI;1985;p90p95;96368.398;;0.1084;0.1084
;US-WI;1985;p95p99;136872.0;;0.1231;0.1231
;US-WI;1985;p99.5p99.9;407112.5;;0.036600001;0.036600001
;US-WI;1985;p99.9p99.99;1220906.9;;0.024700001;0.024700001
;US-WI;1985;p99p99.5;238038.8;;0.026799999;0.026799999
;US-WI;1985;p95p100;205566.91;;0.23109999;0.23109999
;US-WI;1985;p0p90;32814.0;;0.66409999;0.66409999
;US-WI;1985;p0p99;40125.301;;0.8933;0.8933
;US-WI;1985;p99.5p100;706025.0;;0.079400003;0.079400003
;US-WI;1984;p0p100;208258.0;95372134760.0;1.0;1.0
;US-WI;1984;p99p100;438400.5;;0.099399999;0.099399999
;US-WI;1984;p99.9p100;1699936.4;;0.0385;0.0385
;US-WI;1984;p99.99p100;6802747.5;;0.0154;0.0154
;US-WI;1984;p90p100;144528.41;;0.3276;0.3276
;US-WI;1984;p90p95;94401.5;;0.107;0.107
;US-WI;1984;p95p99;132428.09;;0.1201;0.1201
;US-WI;1984;p99.5p99.9;374830.5;;0.034000002;0.034000002
;US-WI;1984;p99.9p99.99;1093451.0;;0.022299999;0.022299999
;US-WI;1984;p99p99.5;225603.09;;0.025599999;0.025599999
;US-WI;1984;p95p100;194585.0;;0.22059999;0.22059999
;US-WI;1984;p0p90;33115.801;;0.67559999;0.67559999
;US-WI;1984;p0p99;40130.398;;0.90060002;0.90060002
;US-WI;1984;p99.5p100;647114.38;;0.073299997;0.073299997
;US-WI;1983;p0p100;229877.8;90497789521.0;1.0;1.0
;US-WI;1983;p99p100;395770.59;;0.091799997;0.091799997
;US-WI;1983;p99.9p100;1453247.8;;0.0337;0.0337
;US-WI;1983;p99.99p100;5733824.5;;0.0133;0.0133
;US-WI;1983;p90p100;136746.09;;0.31729999;0.31729999
;US-WI;1983;p90p95;92202.102;;0.107;0.107
;US-WI;1983;p95p99;127474.1;;0.1183;0.1183
;US-WI;1983;p99.5p99.9;351241.81;;0.032600001;0.032600001
;US-WI;1983;p99.9p99.99;964163.88;;0.020099999;0.020099999
;US-WI;1983;p99p99.5;215098.59;;0.025;0.025
;US-WI;1983;p95p100;181467.91;;0.2105;0.2105
;US-WI;1983;p0p90;32742.1;;0.68370003;0.68370003
;US-WI;1983;p0p99;39536.199;;0.90820003;0.90820003
;US-WI;1983;p99.5p100;574728.5;;0.066699997;0.066699997
;US-WI;1982;p0p100;238658.8;90108584753.0;1.0;1.0
;US-WI;1982;p99p100;431417.19;;0.1005;0.1005
;US-WI;1982;p99.9p100;1668703.9;;0.038899999;0.038899999
;US-WI;1982;p99.99p100;6928512.0;;0.016100001;0.016100001
;US-WI;1982;p90p100;138140.8;;0.32190001;0.32190001
;US-WI;1982;p90p95;88634.5;;0.1033;0.1033
;US-WI;1982;p95p99;126781.8;;0.1182;0.1182
;US-WI;1982;p99.5p99.9;378562.91;;0.035300002;0.035300002
;US-WI;1982;p99.9p99.99;1084280.8;;0.022700001;0.022700001
;US-WI;1982;p99p99.5;226243.3;;0.0264;0.0264
;US-WI;1982;p95p100;187453.8;;0.2184;0.2184
;US-WI;1982;p0p90;32329.0;;0.67799997;0.67799997
;US-WI;1982;p0p99;38988.898;;0.89950001;0.89950001
;US-WI;1982;p99.5p100;636591.13;;0.074199997;0.074199997
;US-WI;1981;p0p100;265585.09;91952532389.0;1.0;1.0
;US-WI;1981;p99p100;368230.5;;0.0867;0.0867
;US-WI;1981;p99.9p100;1131417.1;;0.0266;0.0266
;US-WI;1981;p99.99p100;3855022.5;;0.0091000004;0.0091000004
;US-WI;1981;p90p100;143855.5;;0.3387;0.3387
;US-WI;1981;p90p95;109799.8;;0.1293;0.1293
;US-WI;1981;p95p99;131021.5;;0.1234;0.1234
;US-WI;1981;p99.5p99.9;357959.5;;0.0337;0.0337
;US-WI;1981;p99.9p99.99;828038.63;;0.0175;0.0175
;US-WI;1981;p99p99.5;222508.91;;0.0262;0.0262
;US-WI;1981;p95p100;178560.59;;0.2102;0.2102
;US-WI;1981;p0p90;31186.699;;0.66079998;0.66079998
;US-WI;1981;p0p99;39183.5;;0.91329998;0.91329998
;US-WI;1981;p99.5p100;513700.81;;0.0605;0.0605
;US-WI;1980;p0p100;335333.59;94075766211.0;1.0;1.0
;US-WI;1980;p99p100;376724.59;;0.084299996;0.084299996
;US-WI;1980;p99.9p100;1068572.4;;0.0239;0.0239
;US-WI;1980;p99.99p100;3246408.5;;0.0073000002;0.0073000002
;US-WI;1980;p90p100;143020.5;;0.31990001;0.31990001
;US-WI;1980;p90p95;103708.8;;0.116;0.116
;US-WI;1980;p95p99;133550.5;;0.1195;0.1195
;US-WI;1980;p99.5p99.9;368689.81;;0.033;0.033
;US-WI;1980;p99.9p99.99;825808.19;;0.0166;0.0166
;US-WI;1980;p99p99.5;244292.59;;0.0273;0.0273
;US-WI;1980;p95p100;182216.7;;0.20379999;0.20379999
;US-WI;1980;p0p90;33798.801;;0.68040001;0.68040001
;US-WI;1980;p0p99;41356.801;;0.91570002;0.91570002
;US-WI;1980;p99.5p100;509087.09;;0.056899998;0.056899998
;US-WI;1979;p0p100;433036.0;94495080130.0;1.0;1.0
;US-WI;1979;p99p100;398478.09;;0.085199997;0.085199997
;US-WI;1979;p99.9p100;1140212.3;;0.0244;0.0244
;US-WI;1979;p99.99p100;3413417.0;;0.0073000002;0.0073000002
;US-WI;1979;p90p100;146948.41;;0.31420001;0.31420001
;US-WI;1979;p90p95;102994.5;;0.1101;0.1101
;US-WI;1979;p95p99;138768.5;;0.1187;0.1187
;US-WI;1979;p99.5p99.9;397321.31;;0.034000002;0.034000002
;US-WI;1979;p99.9p99.99;886816.63;;0.017100001;0.017100001
;US-WI;1979;p99p99.5;251090.5;;0.026799999;0.026799999
;US-WI;1979;p95p100;190698.91;;0.20379999;0.20379999
;US-WI;1979;p0p90;35656.301;;0.68610001;0.68610001
;US-WI;1979;p0p99;43222.801;;0.91479999;0.91479999
;US-WI;1979;p99.5p100;546244.81;;0.058400001;0.058400001
;US-WI;1978;p0p100;498702.31;90107611384.0;1.0;1.0
;US-WI;1978;p99p100;356229.19;;0.079400003;0.079400003
;US-WI;1978;p99.9p100;929318.69;;0.0207;0.0207
;US-WI;1978;p99.99p100;2440741.5;;0.0054000001;0.0054000001
;US-WI;1978;p90p100;142539.5;;0.3177;0.3177
;US-WI;1978;p90p95;99051.102;;0.1104;0.1104
;US-WI;1978;p95p99;143533.2;;0.12800001;0.12800001
;US-WI;1978;p99.5p99.9;377013.31;;0.033599999;0.033599999
;US-WI;1978;p99.9p99.99;760803.5;;0.0153;0.0153
;US-WI;1978;p99p99.5;224650.3;;0.025;0.025
;US-WI;1978;p95p100;185962.59;;0.20730001;0.20730001
;US-WI;1978;p0p90;34009.398;;0.68229997;0.68229997
;US-WI;1978;p0p99;41717.398;;0.9206;0.9206
;US-WI;1978;p99.5p100;487830.5;;0.054400001;0.054400001
;US-WI;1977;p0p100;568945.19;86752512504.0;1.0;1.0
;US-WI;1977;p99p100;351700.41;;0.079499997;0.079499997
;US-WI;1977;p99.9p100;915623.88;;0.0207;0.0207
;US-WI;1977;p99.99p100;2514420.5;;0.0057000001;0.0057000001
;US-WI;1977;p90p100;137240.41;;0.31040001;0.31040001
;US-WI;1977;p90p95;97132.703;;0.1098;0.1098
;US-WI;1977;p95p99;133762.41;;0.121;0.121
;US-WI;1977;p99.5p99.9;359029.81;;0.032499999;0.032499999
;US-WI;1977;p99.9p99.99;737134.5;;0.015;0.015
;US-WI;1977;p99p99.5;232870.2;;0.0263;0.0263
;US-WI;1977;p95p100;177359.3;;0.2006;0.2006
;US-WI;1977;p0p90;33879.801;;0.68959999;0.68959999
;US-WI;1977;p0p99;41108.398;;0.92049998;0.92049998
;US-WI;1977;p99.5p100;470615.5;;0.053199999;0.053199999
;US-WI;1976;p0p100;628036.81;82524801541.0;1.0;1.0
;US-WI;1976;p99p100;340551.19;;0.079099998;0.079099998
;US-WI;1976;p99.9p100;867019.13;;0.020099999;0.020099999
;US-WI;1976;p99.99p100;2336932.5;;0.0054000001;0.0054000001
;US-WI;1976;p90p100;133544.41;;0.31040001;0.31040001
;US-WI;1976;p90p95;94853.5;;0.1102;0.1102
;US-WI;1976;p95p99;130181.7;;0.121;0.121
;US-WI;1976;p99.5p99.9;356925.09;;0.033199999;0.033199999
;US-WI;1976;p99.9p99.99;703899.38;;0.0147;0.0147
;US-WI;1976;p99p99.5;221776.41;;0.025800001;0.025800001
;US-WI;1976;p95p100;172255.0;;0.20020001;0.20020001
;US-WI;1976;p0p90;32972.0;;0.68970001;0.68970001
;US-WI;1976;p0p99;40023.199;;0.92089999;0.92089999
;US-WI;1976;p99.5p100;459304.09;;0.053399999;0.053399999
;US-WI;1975;p0p100;680570.63;78198298576.0;1.0;1.0
;US-WI;1975;p99p100;329429.69;;0.079000004;0.079000004
;US-WI;1975;p99.9p100;839899.5;;0.020099999;0.020099999
;US-WI;1975;p99.99p100;2256747.5;;0.0054000001;0.0054000001
;US-WI;1975;p90p100;128244.6;;0.30759999;0.30759999
;US-WI;1975;p90p95;91596.0;;0.1099;0.1099
;US-WI;1975;p95p99;123803.1;;0.1188;0.1188
;US-WI;1975;p99.5p99.9;340817.81;;0.032699998;0.032699998
;US-WI;1975;p99.9p99.99;683072.5;;0.0147;0.0147
;US-WI;1975;p99p99.5;217740.8;;0.0261;0.0261
;US-WI;1975;p95p100;164927.5;;0.1978;0.1978
;US-WI;1975;p0p90;32067.9;;0.69239998;0.69239998
;US-WI;1975;p0p99;38778.898;;0.921;0.921
;US-WI;1975;p99.5p100;441008.41;;0.052900001;0.052900001
;US-WI;1974;p0p100;852332.38;80412645103.0;1.0;1.0
;US-WI;1974;p99p100;335639.59;;0.0766;0.0766
;US-WI;1974;p99.9p100;903387.69;;0.0206;0.0206
;US-WI;1974;p99.99p100;2629935.8;;0.0060000001;0.0060000001
;US-WI;1974;p90p100;136281.7;;0.3109;0.3109
;US-WI;1974;p90p95;97290.797;;0.111;0.111
;US-WI;1974;p95p99;134645.3;;0.1229;0.1229
;US-WI;1974;p99.5p99.9;333726.81;;0.0305;0.0305
;US-WI;1974;p99.9p99.99;705336.19;;0.0145;0.0145
;US-WI;1974;p99p99.5;220307.59;;0.0251;0.0251
;US-WI;1974;p95p100;175308.41;;0.2;0.2
;US-WI;1974;p0p90;33614.801;;0.69010001;0.69010001
;US-WI;1974;p0p99;40890.398;;0.92339998;0.92339998
;US-WI;1974;p99.5p100;449609.31;;0.0513;0.0513
;US-WI;1973;p0p100;1072430.1;80309088992.0;1.0;1.0
;US-WI;1973;p99p100;346939.91;;0.077500001;0.077500001
;US-WI;1973;p99.9p100;926266.63;;0.0207;0.0207
;US-WI;1973;p99.99p100;2748843.0;;0.0060999999;0.0060999999
;US-WI;1973;p90p100;134951.2;;0.30160001;0.30160001
;US-WI;1973;p90p95;97218.297;;0.1087;0.1087
;US-WI;1973;p95p99;129149.1;;0.1155;0.1155
;US-WI;1973;p99.5p99.9;350451.0;;0.031300001;0.031300001
;US-WI;1973;p99.9p99.99;723428.19;;0.0146;0.0146
;US-WI;1973;p99p99.5;227998.91;;0.0255;0.0255
;US-WI;1973;p95p100;172709.0;;0.193;0.193
;US-WI;1973;p0p90;34715.398;;0.69840002;0.69840002
;US-WI;1973;p0p99;41686.0;;0.92250001;0.92250001
;US-WI;1973;p99.5p100;465603.81;;0.052000001;0.052000001
;US-WI;1972;p0p100;1180682.1;76661594799.0;1.0;1.0
;US-WI;1972;p99p100;366391.5;;0.083899997;0.083899997
;US-WI;1972;p99.9p100;1081588.3;;0.024800001;0.024800001
;US-WI;1972;p99.99p100;3859780.0;;0.0088;0.0088
;US-WI;1972;p90p100;135694.0;;0.31079999;0.31079999
;US-WI;1972;p90p95;93882.898;;0.1075;0.1075
;US-WI;1972;p95p99;130302.1;;0.1194;0.1194
;US-WI;1972;p99.5p99.9;354558.09;;0.032499999;0.032499999
;US-WI;1972;p99.9p99.99;772845.19;;0.015900001;0.015900001
;US-WI;1972;p99p99.5;232622.09;;0.0266;0.0266
;US-WI;1972;p95p100;177521.41;;0.2033;0.2033
;US-WI;1972;p0p90;33428.602;;0.68919998;0.68919998
;US-WI;1972;p0p99;40394.898;;0.91610003;0.91610003
;US-WI;1972;p99.5p100;500160.91;;0.057300001;0.057300001
;US-WI;1971;p0p100;1220921.0;72723866707.0;1.0;1.0
;US-WI;1971;p99p100;341642.91;;0.080600001;0.080600001
;US-WI;1971;p99.9p100;931583.0;;0.022;0.022
;US-WI;1971;p99.99p100;2881858.0;;0.0068000001;0.0068000001
;US-WI;1971;p90p100;130783.2;;0.30860001;0.30860001
;US-WI;1971;p90p95;89851.102;;0.106;0.106
;US-WI;1971;p95p99;129265.5;;0.122;0.122
;US-WI;1971;p99.5p99.9;340580.91;;0.032099999;0.032099999
;US-WI;1971;p99.9p99.99;715120.38;;0.0152;0.0152
;US-WI;1971;p99p99.5;224115.09;;0.0264;0.0264
;US-WI;1971;p95p100;171735.91;;0.2026;0.2026
;US-WI;1971;p0p90;32556.1;;0.69139999;0.69139999
;US-WI;1971;p0p99;39355.5;;0.91939998;0.91939998
;US-WI;1971;p99.5p100;459063.41;;0.054200001;0.054200001
;US-WI;1970;p0p100;1339789.8;71442247790.0;1.0;1.0
;US-WI;1970;p99p100;326367.81;;0.076499999;0.076499999
;US-WI;1970;p99.9p100;891884.0;;0.0209;0.0209
;US-WI;1970;p99.99p100;2624174.3;;0.0060999999;0.0060999999
;US-WI;1970;p90p100;127821.2;;0.29949999;0.29949999
;US-WI;1970;p90p95;90199.102;;0.1057;0.1057
;US-WI;1970;p95p99;125285.5;;0.1174;0.1174
;US-WI;1970;p99.5p99.9;333910.59;;0.031300001;0.031300001
;US-WI;1970;p99.9p99.99;698878.69;;0.0147;0.0147
;US-WI;1970;p99p99.5;206934.59;;0.0242;0.0242
;US-WI;1970;p95p100;165484.7;;0.1939;0.1939
;US-WI;1970;p0p90;33221.199;;0.70050001;0.70050001
;US-WI;1970;p0p99;39816.699;;0.9235;0.9235
;US-WI;1970;p99.5p100;445749.41;;0.052200001;0.052200001
;US-WI;1969;p0p100;1519335.3;71705249881.0;1.0;1.0
;US-WI;1969;p99p100;371427.41;;0.0858;0.0858
;US-WI;1969;p99.9p100;1101400.3;;0.0254;0.0254
;US-WI;1969;p99.99p100;3711138.5;;0.0086000003;0.0086000003
;US-WI;1969;p90p100;132919.0;;0.30689999;0.30689999
;US-WI;1969;p90p95;90693.703;;0.1047;0.1047
;US-WI;1969;p95p99;126134.7;;0.1165;0.1165
;US-WI;1969;p99.5p99.9;368301.19;;0.034000002;0.034000002
;US-WI;1969;p99.9p99.99;813563.63;;0.016899999;0.016899999
;US-WI;1969;p99p99.5;227787.09;;0.0263;0.0263
;US-WI;1969;p95p100;175170.5;;0.2023;0.2023
;US-WI;1969;p0p90;33343.199;;0.69300002;0.69300002
;US-WI;1969;p0p99;39990.102;;0.91420001;0.91420001
;US-WI;1969;p99.5p100;515178.91;;0.059500001;0.059500001
;US-WI;1968;p0p100;1668389.3;70166602531.0;1.0;1.0
;US-WI;1968;p99p100;405080.19;;0.094700001;0.094700001
;US-WI;1968;p99.9p100;1214790.5;;0.0284;0.0284
;US-WI;1968;p99.99p100;4102010.0;;0.0096000005;0.0096000005
;US-WI;1968;p90p100;135645.0;;0.31720001;0.31720001
;US-WI;1968;p90p95;87188.398;;0.102;0.102
;US-WI;1968;p95p99;128814.4;;0.1205;0.1205
;US-WI;1968;p99.5p99.9;395357.09;;0.037;0.037
;US-WI;1968;p99.9p99.99;896679.63;;0.0189;0.0189
;US-WI;1968;p99p99.5;250950.5;;0.029300001;0.029300001
;US-WI;1968;p95p100;184077.0;;0.21529999;0.21529999
;US-WI;1968;p0p90;32434.6;;0.68269998;0.68269998
;US-WI;1968;p0p99;39096.699;;0.90530002;0.90530002
;US-WI;1968;p99.5p100;559071.81;;0.065399997;0.065399997
;US-WI;1967;p0p100;1737899.3;66710191653.0;1.0;1.0
;US-WI;1967;p99p100;390251.19;;0.095100001;0.095100001
;US-WI;1967;p99.9p100;1163583.4;;0.0284;0.0284
;US-WI;1967;p99.99p100;3955255.8;;0.0096000005;0.0096000005
;US-WI;1967;p90p100;130687.1;;0.31850001;0.31850001
;US-WI;1967;p90p95;83016.898;;0.1012;0.1012
;US-WI;1967;p95p99;125429.2;;0.1223;0.1223
;US-WI;1967;p99.5p99.9;382368.09;;0.037300002;0.037300002
;US-WI;1967;p99.9p99.99;853806.0;;0.0187;0.0187
;US-WI;1967;p99p99.5;241917.3;;0.0295;0.0295
;US-WI;1967;p95p100;178374.91;;0.2174;0.2174
;US-WI;1967;p0p90;31061.6;;0.6814;0.6814
;US-WI;1967;p0p99;37499.0;;0.90490001;0.90490001
;US-WI;1967;p99.5p100;538641.5;;0.0656;0.0656
;US-WI;1966;p0p100;1806133.3;64581135558.0;1.0;1.0
;US-WI;1966;p99p100;358558.31;;0.089400001;0.089400001
;US-WI;1966;p99.9p100;1005472.9;;0.0251;0.0251
;US-WI;1966;p99.99p100;3070521.5;;0.0077;0.0077
;US-WI;1966;p90p100;123657.8;;0.3082;0.3082
;US-WI;1966;p90p95;80871.898;;0.1008;0.1008
;US-WI;1966;p95p99;118523.1;;0.1182;0.1182
;US-WI;1966;p99.5p99.9;353876.0;;0.035300002;0.035300002
;US-WI;1966;p99.9p99.99;776418.69;;0.0174;0.0174
;US-WI;1966;p99p99.5;231974.5;;0.028899999;0.028899999
;US-WI;1966;p95p100;166519.2;;0.2075;0.2075
;US-WI;1966;p0p90;30840.699;;0.6918;0.6918
;US-WI;1966;p0p99;36905.801;;0.91060001;0.91060001
;US-WI;1966;p99.5p100;484855.0;;0.060400002;0.060400002
;US-WI;1965;p0p100;1820108.8;60851397696.0;1.0;1.0
;US-WI;1965;p99p100;349724.19;;0.091499999;0.091499999
;US-WI;1965;p99.9p100;1033213.2;;0.027000001;0.027000001
;US-WI;1965;p99.99p100;3607787.5;;0.0093999999;0.0093999999
;US-WI;1965;p90p100;121426.6;;0.3177;0.3177
;US-WI;1965;p90p95;80852.898;;0.1058;0.1058
;US-WI;1965;p95p99;115050.8;;0.1204;0.1204
;US-WI;1965;p99.5p99.9;352338.41;;0.036899999;0.036899999
;US-WI;1965;p99.9p99.99;746389.63;;0.0176;0.0176
;US-WI;1965;p99p99.5;210714.91;;0.0276;0.0276
;US-WI;1965;p95p100;161992.59;;0.2119;0.2119
;US-WI;1965;p0p90;28975.1;;0.68229997;0.68229997
;US-WI;1965;p0p99;35071.199;;0.90850002;0.90850002
;US-WI;1965;p99.5p100;488698.81;;0.063900001;0.063900001
;US-WI;1964;p0p100;1785730.8;57140984279.0;1.0;1.0
;US-WI;1964;p99p100;330063.19;;0.090899996;0.090899996
;US-WI;1964;p99.9p100;939352.5;;0.025900001;0.025900001
;US-WI;1964;p99.99p100;2894902.8;;0.0080000004;0.0080000004
;US-WI;1964;p90p100;113998.5;;0.31389999;0.31389999
;US-WI;1964;p90p95;76638.797;;0.1055;0.1055
;US-WI;1964;p95p99;106662.8;;0.1175;0.1175
;US-WI;1964;p99.5p99.9;328521.41;;0.036200002;0.036200002
;US-WI;1964;p99.9p99.99;721700.19;;0.017899999;0.017899999
;US-WI;1964;p99p99.5;209125.91;;0.0288;0.0288
;US-WI;1964;p95p100;151329.7;;0.2084;0.2084
;US-WI;1964;p0p90;27686.5;;0.68620002;0.68620002
;US-WI;1964;p0p99;33347.898;;0.9091;0.9091
;US-WI;1964;p99.5p100;450769.41;;0.062100001;0.062100001
;US-WI;1963;p0p100;1729680.1;53217425404.0;1.0;1.0
;US-WI;1963;p99p100;301125.91;;0.087899998;0.087899998
;US-WI;1963;p99.9p100;833652.81;;0.0243;0.0243
;US-WI;1963;p99.99p100;2388394.3;;0.0070000002;0.0070000002
;US-WI;1963;p90p100;107979.3;;0.31510001;0.31510001
;US-WI;1963;p90p95;72741.898;;0.1061;0.1061
;US-WI;1963;p95p99;103739.9;;0.1211;0.1211
;US-WI;1963;p99.5p99.9;304104.09;;0.035500001;0.035500001
;US-WI;1963;p99.9p99.99;661916.63;;0.0174;0.0174
;US-WI;1963;p99p99.5;191966.59;;0.028000001;0.028000001
;US-WI;1963;p95p100;143217.09;;0.2089;0.2089
;US-WI;1963;p0p90;26084.199;;0.685;0.685
;US-WI;1963;p0p99;31577.801;;0.91210002;0.91210002
;US-WI;1963;p99.5p100;410278.91;;0.059900001;0.059900001
;US-WI;1962;p0p100;1750361.8;51735592137.0;1.0;1.0
;US-WI;1962;p99p100;291167.0;;0.086199999;0.086199999
;US-WI;1962;p99.9p100;828622.88;;0.024499999;0.024499999
;US-WI;1962;p99.99p100;2368125.5;;0.0070000002;0.0070000002
;US-WI;1962;p90p100;104837.5;;0.31029999;0.31029999
;US-WI;1962;p90p95;70901.602;;0.1049;0.1049
;US-WI;1962;p95p99;100675.5;;0.1192;0.1192
;US-WI;1962;p99.5p99.9;295181.5;;0.035;0.035
;US-WI;1962;p99.9p99.99;659202.5;;0.0176;0.0176
;US-WI;1962;p99p99.5;180079.0;;0.026699999;0.026699999
;US-WI;1962;p95p100;138773.8;;0.2054;0.2054
;US-WI;1962;p0p90;25887.699;;0.68970001;0.68970001
;US-WI;1962;p0p99;31182.4;;0.9138;0.9138
;US-WI;1962;p99.5p100;402249.91;;0.059500001;0.059500001
;US-WI;1961;p0p100;1756283.3;50135263254.0;1.0;1.0
;US-WI;1961;p99p100;296366.19;;0.089199997;0.089199997
;US-WI;1961;p99.9p100;895469.0;;0.027000001;0.027000001
;US-WI;1961;p99.99p100;2845793.5;;0.0086000003;0.0086000003
;US-WI;1961;p90p100;103379.0;;0.31110001;0.31110001
;US-WI;1961;p90p95;68262.297;;0.1027;0.1027
;US-WI;1961;p95p99;99031.703;;0.1192;0.1192
;US-WI;1961;p99.5p99.9;297417.81;;0.035799999;0.035799999
;US-WI;1961;p99.9p99.99;679159.5;;0.0184;0.0184
;US-WI;1961;p99p99.5;175612.3;;0.0264;0.0264
;US-WI;1961;p95p100;138496.8;;0.2084;0.2084
;US-WI;1961;p0p90;25431.699;;0.68889999;0.68889999
;US-WI;1961;p0p99;30568.5;;0.91079998;0.91079998
;US-WI;1961;p99.5p100;417122.81;;0.062799998;0.062799998
;US-WI;1960;p0p100;1771841.0;48779158312.0;1.0;1.0
;US-WI;1960;p99p100;286815.31;;0.087300003;0.087300003
;US-WI;1960;p99.9p100;854787.0;;0.026000001;0.026000001
;US-WI;1960;p99.99p100;2774817.5;;0.0083999997;0.0083999997
;US-WI;1960;p90p100;101179.3;;0.308;0.308
;US-WI;1960;p90p95;67721.602;;0.1031;0.1031
;US-WI;1960;p95p99;96593.102;;0.1176;0.1176
;US-WI;1960;p99.5p99.9;285578.09;;0.0348;0.0348
;US-WI;1960;p99.9p99.99;642251.13;;0.0176;0.0176
;US-WI;1960;p99p99.5;173951.3;;0.0265;0.0265
;US-WI;1960;p95p100;134636.8;;0.2049;0.2049
;US-WI;1960;p0p90;25260.1;;0.69199997;0.69199997
;US-WI;1960;p0p99;30286.199;;0.9127;0.9127
;US-WI;1960;p99.5p100;399676.09;;0.060800001;0.060800001
;US-WI;1959;p0p100;1832490.8;48603357564.0;1.0;1.0
;US-WI;1959;p99p100;288446.41;;0.087800004;0.087800004
;US-WI;1959;p99.9p100;864920.13;;0.0263;0.0263
;US-WI;1959;p99.99p100;2525162.3;;0.0077;0.0077
;US-WI;1959;p90p100;100103.9;;0.3048;0.3048
;US-WI;1959;p90p95;66017.398;;0.1005;0.1005
;US-WI;1959;p95p99;95629.898;;0.1165;0.1165
;US-WI;1959;p99.5p99.9;289825.91;;0.035300002;0.035300002
;US-WI;1959;p99.9p99.99;680983.88;;0.0187;0.0187
;US-WI;1959;p99p99.5;171972.8;;0.0262;0.0262
;US-WI;1959;p95p100;134191.41;;0.2043;0.2043
;US-WI;1959;p0p90;25363.6;;0.69510001;0.69510001
;US-WI;1959;p0p99;30255.9;;0.91219997;0.91219997
;US-WI;1959;p99.5p100;404925.5;;0.061700001;0.061700001
;US-WI;1958;p0p100;1703970.4;44384482772.0;1.0;1.0
;US-WI;1958;p99p100;265884.31;;0.088299997;0.088299997
;US-WI;1958;p99.9p100;795786.63;;0.0264;0.0264
;US-WI;1958;p99.99p100;2225160.8;;0.0074;0.0074
;US-WI;1958;p90p100;93580.102;;0.3107;0.3107
;US-WI;1958;p90p95;62381.398;;0.1036;0.1036
;US-WI;1958;p95p99;89504.0;;0.1189;0.1189
;US-WI;1958;p99.5p99.9;265421.41;;0.035300002;0.035300002
;US-WI;1958;p99.9p99.99;637818.0;;0.019099999;0.019099999
;US-WI;1958;p99p99.5;160174.09;;0.0266;0.0266
;US-WI;1958;p95p100;124779.7;;0.20720001;0.20720001
;US-WI;1958;p0p90;23064.6;;0.6893;0.6893
;US-WI;1958;p0p99;27735.0;;0.91170001;0.91170001
;US-WI;1958;p99.5p100;371593.5;;0.061700001;0.061700001
;US-WI;1957;p0p100;1850418.3;45466883299.0;1.0;1.0
;US-WI;1957;p99p100;292975.69;;0.094499998;0.094499998
;US-WI;1957;p99.9p100;887880.19;;0.0286;0.0286
;US-WI;1957;p99.99p100;2546148.8;;0.0082;0.0082
;US-WI;1957;p90p100;96772.102;;0.3123;0.3123
;US-WI;1957;p90p95;62306.602;;0.1005;0.1005
;US-WI;1957;p95p99;90803.602;;0.1172;0.1172
;US-WI;1957;p99.5p99.9;298730.91;;0.038600001;0.038600001
;US-WI;1957;p99.9p99.99;704170.19;;0.020400001;0.020400001
;US-WI;1957;p99p99.5;169313.7;;0.0273;0.0273
;US-WI;1957;p95p100;131237.91;;0.21170001;0.21170001
;US-WI;1957;p0p90;23681.5;;0.68769997;0.68769997
;US-WI;1957;p0p99;28344.4;;0.90549999;0.90549999
;US-WI;1957;p99.5p100;416637.59;;0.067199998;0.067199998
;US-WI;1956;p0p100;1999929.0;45538309335.0;1.0;1.0
;US-WI;1956;p99p100;294396.31;;0.094300002;0.094300002
;US-WI;1956;p99.9p100;887927.13;;0.0284;0.0284
;US-WI;1956;p99.99p100;2545291.3;;0.0082;0.0082
;US-WI;1956;p90p100;96163.797;;0.30790001;0.30790001
;US-WI;1956;p90p95;60126.0;;0.096299998;0.096299998
;US-WI;1956;p95p99;91700.703;;0.1175;0.1175
;US-WI;1956;p99.5p99.9;291468.09;;0.037300002;0.037300002
;US-WI;1956;p99.9p99.99;704943.88;;0.020300001;0.020300001
;US-WI;1956;p99p99.5;177841.09;;0.0285;0.0285
;US-WI;1956;p95p100;132240.09;;0.21170001;0.21170001
;US-WI;1956;p0p90;24012.801;;0.69199997;0.69199997
;US-WI;1956;p0p99;28571.6;;0.90570003;0.90570003
;US-WI;1956;p99.5p100;410948.5;;0.065800004;0.065800004
;US-WI;1955;p0p100;1980867.4;43521668190.0;1.0;1.0
;US-WI;1955;p99p100;284246.0;;0.094700001;0.094700001
;US-WI;1955;p99.9p100;884015.63;;0.0294;0.0294
;US-WI;1955;p99.99p100;2578550.5;;0.0086000003;0.0086000003
;US-WI;1955;p90p100;91797.898;;0.3057;0.3057
;US-WI;1955;p90p95;57484.602;;0.095700003;0.095700003
;US-WI;1955;p95p99;86743.5;;0.1156;0.1156
;US-WI;1955;p99.5p99.9;277734.81;;0.037;0.037
;US-WI;1955;p99.9p99.99;695810.63;;0.0209;0.0209
;US-WI;1955;p99p99.5;169503.0;;0.028200001;0.028200001
;US-WI;1955;p95p100;126236.0;;0.2102;0.2102
;US-WI;1955;p0p90;23156.0;;0.69410002;0.69410002
;US-WI;1955;p0p99;27459.1;;0.90530002;0.90530002
;US-WI;1955;p99.5p100;398989.19;;0.066399999;0.066399999
;US-WI;1954;p0p100;1837428.1;40423503790.0;1.0;1.0
;US-WI;1954;p99p100;246218.59;;0.087700002;0.087700002
;US-WI;1954;p99.9p100;726777.0;;0.025900001;0.025900001
;US-WI;1954;p99.99p100;2232031.5;;0.0080000004;0.0080000004
;US-WI;1954;p90p100;85575.398;;0.30500001;0.30500001
;US-WI;1954;p90p95;56238.0;;0.1002;0.1002
;US-WI;1954;p95p99;82623.5;;0.1178;0.1178
;US-WI;1954;p99.5p99.9;241834.7;;0.034499999;0.034499999
;US-WI;1954;p99.9p99.99;559535.69;;0.017899999;0.017899999
;US-WI;1954;p99p99.5;153615.3;;0.0274;0.0274
;US-WI;1954;p95p100;115305.0;;0.20550001;0.20550001
;US-WI;1954;p0p90;21647.0;;0.6943;0.6943
;US-WI;1954;p0p99;25857.801;;0.91229999;0.91229999
;US-WI;1954;p99.5p100;338822.59;;0.060400002;0.060400002
;US-WI;1953;p0p100;1898348.8;41090805888.0;1.0;1.0
;US-WI;1953;p99p100;250582.41;;0.087300003;0.087300003
;US-WI;1953;p99.9p100;720499.88;;0.0251;0.0251
;US-WI;1953;p99.99p100;1915729.4;;0.0066999998;0.0066999998
;US-WI;1953;p90p100;85595.898;;0.29820001;0.29820001
;US-WI;1953;p90p95;56217.801;;0.097900003;0.097900003
;US-WI;1953;p95p99;81340.0;;0.1133;0.1133
;US-WI;1953;p99.5p99.9;257097.91;;0.035799999;0.035799999
;US-WI;1953;p99.9p99.99;588655.38;;0.0185;0.0185
;US-WI;1953;p99p99.5;151465.41;;0.0264;0.0264
;US-WI;1953;p95p100;115165.2;;0.2006;0.2006
;US-WI;1953;p0p90;22369.801;;0.70139998;0.70139998
;US-WI;1953;p0p99;26463.199;;0.9127;0.9127
;US-WI;1953;p99.5p100;349718.91;;0.060899999;0.060899999
;US-WI;1952;p0p100;1916299.9;40637271653.0;1.0;1.0
;US-WI;1952;p99p100;261080.5;;0.091499999;0.091499999
;US-WI;1952;p99.9p100;746858.63;;0.0262;0.0262
;US-WI;1952;p99.99p100;2001095.4;;0.0070000002;0.0070000002
;US-WI;1952;p90p100;84451.203;;0.29589999;0.29589999
;US-WI;1952;p90p95;53239.199;;0.0933;0.0933
;US-WI;1952;p95p99;79609.5;;0.1116;0.1116
;US-WI;1952;p99.5p99.9;271059.69;;0.037999999;0.037999999
;US-WI;1952;p99.9p99.99;608580.81;;0.019200001;0.019200001
;US-WI;1952;p99p99.5;156079.2;;0.0273;0.0273
;US-WI;1952;p95p100;115866.9;;0.20299999;0.20299999
;US-WI;1952;p0p90;22316.1;;0.70370001;0.70370001
;US-WI;1952;p0p99;26194.5;;0.90850002;0.90850002
;US-WI;1952;p99.5p100;366112.91;;0.064099997;0.064099997
;US-WI;1951;p0p100;2000674.9;40378753251.0;1.0;1.0
;US-WI;1951;p99p100;298787.19;;0.1047;0.1047
;US-WI;1951;p99.9p100;953259.5;;0.033399999;0.033399999
;US-WI;1951;p99.99p100;2313090.5;;0.0081000002;0.0081000002
;US-WI;1951;p90p100;89316.797;;0.31299999;0.31299999
;US-WI;1951;p90p95;53753.801;;0.0942;0.0942
;US-WI;1951;p95p99;80560.703;;0.1129;0.1129
;US-WI;1951;p99.5p99.9;300398.19;;0.042100001;0.042100001
;US-WI;1951;p99.9p99.99;806119.19;;0.0254;0.0254
;US-WI;1951;p99p99.5;164737.2;;0.028899999;0.028899999
;US-WI;1951;p95p100;124467.2;;0.2181;0.2181
;US-WI;1951;p0p99;19845.5;;0.68839997;0.68839997
;US-WI;1951;p99.5p100;432453.5;;0.075800002;0.075800002
;US-WI;1950;p0p100;2179862.5;37547788166.0;1.0;1.0
;US-WI;1950;p99p100;283488.31;;0.1062;0.1062
;US-WI;1950;p99.9p100;899592.31;;0.0337;0.0337
;US-WI;1950;p99.99p100;2089760.8;;0.0077999998;0.0077999998
;US-WI;1950;p90p100;84888.102;;0.3179;0.3179
;US-WI;1950;p90p95;51579.398;;0.096600004;0.096600004
;US-WI;1950;p95p99;76810.398;;0.115;0.115
;US-WI;1950;p99.5p99.9;279758.69;;0.041900001;0.041900001
;US-WI;1950;p99.9p99.99;784325.0;;0.0264;0.0264
;US-WI;1950;p99p99.5;163397.41;;0.0306;0.0306
;US-WI;1950;p95p100;118089.7;;0.2211;0.2211
;US-WI;1950;p0p90;20226.199;;0.68159997;0.68159997
;US-WI;1950;p0p99;24112.1;;0.89380002;0.89380002
;US-WI;1950;p99.5p100;403631.5;;0.075599998;0.075599998
;US-WI;1949;p0p100;2022496.4;33848232885.0;1.0;1.0
;US-WI;1949;p99p100;242944.3;;0.1;0.1
;US-WI;1949;p99.9p100;754349.88;;0.030999999;0.030999999
;US-WI;1949;p99.99p100;2178205.8;;0.0089999996;0.0089999996
;US-WI;1949;p90p100;76919.797;;0.31659999;0.31659999
;US-WI;1949;p90p95;48635.801;;0.1001;0.1001
;US-WI;1949;p95p99;70687.102;;0.1164;0.1164
;US-WI;1949;p99.5p99.9;243163.0;;0.039999999;0.039999999
;US-WI;1949;p99.9p99.99;596159.13;;0.0221;0.0221
;US-WI;1949;p99p99.5;140486.5;;0.028899999;0.028899999
;US-WI;1949;p95p100;105108.6;;0.2163;0.2163
;US-WI;1949;p0p90;18456.0;;0.68360001;0.68360001
;US-WI;1949;p0p99;22090.6;;0.89999998;0.89999998
;US-WI;1949;p99.5p100;345400.5;;0.071099997;0.071099997
;US-WI;1948;p0p100;2020547.5;34264010926.0;1.0;1.0
;US-WI;1948;p99p100;249556.2;;0.1008;0.1008
;US-WI;1948;p99.9p100;772189.19;;0.031199999;0.031199999
;US-WI;1948;p99.99p100;2225575.0;;0.0089999996;0.0089999996
;US-WI;1948;p90p100;77959.5;;0.31490001;0.31490001
;US-WI;1948;p90p95;48080.602;;0.097099997;0.097099997
;US-WI;1948;p95p99;72384.297;;0.117;0.117
;US-WI;1948;p99.5p99.9;247401.7;;0.039999999;0.039999999
;US-WI;1948;p99.9p99.99;610717.81;;0.0222;0.0222
;US-WI;1948;p99p99.5;146758.0;;0.0296;0.0296
;US-WI;1948;p95p100;107801.4;;0.2177;0.2177
;US-WI;1948;p0p90;18843.4;;0.68510002;0.68510002
;US-WI;1948;p0p99;22483.301;;0.89920002;0.89920002
;US-WI;1948;p99.5p100;352358.09;;0.071199998;0.071199998
;US-WI;1947;p0p100;2196168.3;31856058221.0;1.0;1.0
;US-WI;1947;p99p100;241989.8;;0.1045;0.1045
;US-WI;1947;p99.9p100;725755.38;;0.031300001;0.031300001
;US-WI;1947;p99.99p100;2053541.9;;0.0088999998;0.0088999998
;US-WI;1947;p90p100;74936.898;;0.32350001;0.32350001
;US-WI;1947;p90p95;44961.199;;0.097000003;0.097000003
;US-WI;1947;p95p99;70656.5;;0.122;0.122
;US-WI;1947;p99.5p99.9;245221.8;;0.042300001;0.042300001
;US-WI;1947;p99.9p99.99;578285.31;;0.022500001;0.022500001
;US-WI;1947;p99p99.5;142639.41;;0.0308;0.0308
;US-WI;1947;p95p100;104914.7;;0.2265;0.2265
;US-WI;1947;p0p90;17411.5;;0.67650002;0.67650002
;US-WI;1947;p0p99;20954.199;;0.8955;0.8955
;US-WI;1947;p99.5p100;341327.09;;0.073700003;0.073700003
;US-WI;1946;p0p100;2841893.8;31248766249.0;1.0;1.0
;US-WI;1946;p99p100;264494.0;;0.1154;0.1154
;US-WI;1946;p99.9p100;794003.63;;0.034600001;0.034600001
;US-WI;1946;p99.99p100;2301655.5;;0.0099999998;0.0099999998
;US-WI;1946;p90p100;79277.297;;0.3459;0.3459
;US-WI;1946;p90p95;45731.102;;0.099799998;0.099799998
;US-WI;1946;p95p99;74914.797;;0.13070001;0.13070001
;US-WI;1946;p99.5p99.9;267990.59;;0.046799999;0.046799999
;US-WI;1946;p99.9p99.99;626511.81;;0.024599999;0.024599999
;US-WI;1946;p99p99.5;155770.09;;0.034000002;0.034000002
;US-WI;1946;p95p100;112824.7;;0.24609999;0.24609999
;US-WI;1946;p0p90;16658.5;;0.6541;0.6541
;US-WI;1946;p0p99;20480.5;;0.88459998;0.88459998
;US-WI;1946;p99.5p100;373192.5;;0.0814;0.0814
;US-WI;1945;p0p100;3306716.8;30864249659.0;1.0;1.0
;US-WI;1945;p99p100;243544.5;;0.1076;0.1076
;US-WI;1945;p99.9p100;744709.81;;0.032900002;0.032900002
;US-WI;1945;p99.99p100;2011657.3;;0.0088999998;0.0088999998
;US-WI;1945;p90p100;75803.203;;0.3348;0.3348
;US-WI;1945;p90p95;48414.699;;0.1069;0.1069
;US-WI;1945;p95p99;68124.602;;0.1204;0.1204
;US-WI;1945;p99.5p99.9;248606.59;;0.043900002;0.043900002
;US-WI;1945;p99.9p99.99;605856.19;;0.0241;0.0241
;US-WI;1945;p99p99.5;139254.8;;0.0308;0.0308
;US-WI;1945;p95p100;103196.2;;0.2279;0.2279
;US-WI;1945;p0p90;16730.4;;0.66509998;0.66509998
;US-WI;1945;p0p99;20408.9;;0.89240003;0.89240003
;US-WI;1945;p99.5p100;347808.09;;0.076800004;0.076800004
;US-WI;1944;p0p100;3351383.0;29877062944.0;1.0;1.0
;US-WI;1944;p99p100;209562.2;;0.0955;0.0955
;US-WI;1944;p99.9p100;639462.5;;0.029200001;0.029200001
;US-WI;1944;p99.99p100;1723750.8;;0.0078999996;0.0078999996
;US-WI;1944;p90p100;67480.602;;0.30759999;0.30759999
;US-WI;1944;p90p95;44550.602;;0.1015;0.1015
;US-WI;1944;p95p99;62135.801;;0.1133;0.1133
;US-WI;1944;p99.5p99.9;213123.41;;0.038899999;0.038899999
;US-WI;1944;p99.9p99.99;519389.59;;0.021299999;0.021299999
;US-WI;1944;p99p99.5;120830.3;;0.0275;0.0275
;US-WI;1944;p95p100;91399.398;;0.20829999;0.20829999
;US-WI;1944;p0p90;16807.0;;0.68959999;0.68959999
;US-WI;1944;p0p99;20040.5;;0.90450001;0.90450001
;US-WI;1944;p99.5p100;298429.91;;0.068000004;0.068000004
;US-WI;1943;p0p100;3633068.8;31224393133.0;1.0;1.0
;US-WI;1943;p99p100;236516.2;;0.1029;0.1029
;US-WI;1943;p99.9p100;737408.38;;0.032099999;0.032099999
;US-WI;1943;p99.99p100;1851864.8;;0.0081000002;0.0081000002
;US-WI;1943;p90p100;74753.898;;0.32539999;0.32539999
;US-WI;1943;p90p95;47608.0;;0.1036;0.1036
;US-WI;1943;p95p99;68179.0;;0.1187;0.1187
;US-WI;1943;p99.5p99.9;241181.8;;0.041999999;0.041999999
;US-WI;1943;p99.9p99.99;617307.0;;0.0242;0.0242
;US-WI;1943;p99p99.5;132550.59;;0.0288;0.0288
;US-WI;1943;p95p100;101875.5;;0.2217;0.2217
;US-WI;1943;p0p90;17220.4;;0.67460001;0.67460001
;US-WI;1943;p0p99;20817.199;;0.89709997;0.89709997
;US-WI;1943;p99.5p100;340459.41;;0.074100003;0.074100003
;US-WI;1942;p0p100;3513897.5;26692909132.0;1.0;1.0
;US-WI;1942;p99p100;223907.0;;0.1135;0.1135
;US-WI;1942;p99.9p100;740621.88;;0.037599999;0.037599999
;US-WI;1942;p99.99p100;2204064.5;;0.0112;0.0112
;US-WI;1942;p90p100;68272.0;;0.34619999;0.34619999
;US-WI;1942;p90p95;42967.0;;0.1089;0.1089
;US-WI;1942;p95p99;60953.398;;0.1236;0.1236
;US-WI;1942;p99.5p99.9;225082.8;;0.045699999;0.045699999
;US-WI;1942;p99.9p99.99;577800.88;;0.0264;0.0264
;US-WI;1942;p99p99.5;119559.1;;0.030300001;0.030300001
;US-WI;1942;p95p100;93572.203;;0.23720001;0.23720001
;US-WI;1942;p0p90;14329.2;;0.65390003;0.65390003
;US-WI;1942;p0p99;17658.801;;0.8865;0.8865
;US-WI;1942;p99.5p100;328230.0;;0.0832;0.0832
;US-WI;1941;p0p100;3678552.5;22789723316.0;1.0;1.0
;US-WI;1941;p99p100;223647.41;;0.13259999;0.13259999
;US-WI;1941;p99.9p100;759831.63;;0.0451;0.0451
;US-WI;1941;p99.99p100;2302955.5;;0.0137;0.0137
;US-WI;1941;p90p100;64891.398;;0.3849;0.3849
;US-WI;1941;p90p95;39854.199;;0.1182;0.1182
;US-WI;1941;p95p99;56567.102;;0.13420001;0.13420001
;US-WI;1941;p99.5p99.9;221234.91;;0.052499998;0.052499998
;US-WI;1941;p99.9p99.99;587857.31;;0.031399999;0.031399999
;US-WI;1941;p99p99.5;118192.4;;0.035100002;0.035100002
;US-WI;1941;p95p100;90015.797;;0.2669;0.2669
;US-WI;1941;p0p90;11521.6;;0.61500001;0.61500001
;US-WI;1941;p0p99;14771.4;;0.86739999;0.86739999
;US-WI;1941;p99.5p100;329043.19;;0.097599998;0.097599998
;US-WI;1940;p0p100;3511195.5;19724501069.0;1.0;1.0
;US-WI;1940;p99p100;198453.7;;0.13600001;0.13600001
;US-WI;1940;p99.9p100;671883.0;;0.046;0.046
;US-WI;1940;p99.99p100;2056886.5;;0.0141;0.0141
;US-WI;1940;p90p100;60891.699;;0.4172;0.4172
;US-WI;1940;p90p95;38108.699;;0.1305;0.1305
;US-WI;1940;p95p99;54897.199;;0.1504;0.1504
;US-WI;1940;p99.5p99.9;195075.91;;0.0535;0.0535
;US-WI;1940;p99.9p99.99;517586.91;;0.0319;0.0319
;US-WI;1940;p99p99.5;106328.1;;0.036400001;0.036400001
;US-WI;1940;p95p100;83648.0;;0.28650001;0.28650001
;US-WI;1940;p0p90;9457.9004;;0.58310002;0.58310002
;US-WI;1940;p0p99;12739.7;;0.86400002;0.86400002
;US-WI;1940;p99.5p100;290509.81;;0.0995;0.0995
;US-WI;1939;p0p100;3431163.5;18608592815.0;1.0;1.0
;US-WI;1939;p99p100;183776.2;;0.1313;0.1313
;US-WI;1939;p99.9p100;618496.31;;0.044199999;0.044199999
;US-WI;1939;p99.99p100;1961071.5;;0.014;0.014
;US-WI;1939;p90p100;55647.0;;0.39770001;0.39770001
;US-WI;1939;p90p95;32602.6;;0.1165;0.1165
;US-WI;1939;p95p99;52406.102;;0.1498;0.1498
;US-WI;1939;p99.5p99.9;179127.91;;0.051199999;0.051199999
;US-WI;1939;p99.9p99.99;469230.09;;0.030200001;0.030200001
;US-WI;1939;p99p99.5;100434.9;;0.0359;0.0359
;US-WI;1939;p95p100;78715.703;;0.28130001;0.28130001
;US-WI;1939;p0p90;9367.0;;0.6024;0.6024
;US-WI;1939;p0p99;12278.8;;0.86870003;0.86870003
;US-WI;1939;p99.5p100;267053.81;;0.095399998;0.095399998
;US-WI;1938;p0p100;3275697.8;18015871286.0;1.0;1.0
;US-WI;1938;p99p100;166665.0;;0.1212;0.1212
;US-WI;1938;p99.9p100;564177.5;;0.041000001;0.041000001
;US-WI;1938;p99.99p100;1922615.9;;0.014;0.014
;US-WI;1938;p90p100;50007.801;;0.3637;0.3637
;US-WI;1938;p90p95;29898.699;;0.1087;0.1087
;US-WI;1938;p95p99;46258.102;;0.1346;0.1346
;US-WI;1938;p99.5p99.9;160866.91;;0.046799999;0.046799999
;US-WI;1938;p99.9p99.99;412612.69;;0.027000001;0.027000001
;US-WI;1938;p99p99.5;91537.102;;0.033300001;0.033300001
;US-WI;1938;p95p100;70369.703;;0.2559;0.2559
;US-WI;1938;p0p90;9708.7002;;0.63559997;0.63559997
;US-WI;1938;p0p99;12203.3;;0.87879997;0.87879997
;US-WI;1938;p99.5p100;241682.2;;0.087899998;0.087899998
;US-WI;1937;p0p100;3398443.5;19131882334.0;1.0;1.0
;US-WI;1937;p99p100;194332.91;;0.1312;0.1312
;US-WI;1937;p99.9p100;675072.69;;0.045600001;0.045600001
;US-WI;1937;p99.99p100;1986328.3;;0.0134;0.0134
;US-WI;1937;p90p100;54249.602;;0.36629999;0.36629999
;US-WI;1937;p90p95;30996.801;;0.1047;0.1047
;US-WI;1937;p95p99;48759.102;;0.13169999;0.13169999
;US-WI;1937;p99.5p99.9;188721.59;;0.050999999;0.050999999
;US-WI;1937;p99.9p99.99;529408.13;;0.032200001;0.032200001
;US-WI;1937;p99p99.5;102677.2;;0.034699999;0.034699999
;US-WI;1937;p95p100;77868.203;;0.26289999;0.26289999
;US-WI;1937;p0p90;10405.9;;0.63239998;0.63239998
;US-WI;1937;p0p99;12995.6;;0.86879998;0.86879998
;US-WI;1937;p99.5p100;285991.31;;0.096600004;0.096600004
;US-WI;1936;p0p100;3589710.0;18589891002.0;1.0;1.0
;US-WI;1936;p99p100;201246.2;;0.1381;0.1381
;US-WI;1936;p99.9p100;724970.19;;0.049800001;0.049800001
;US-WI;1936;p99.99p100;2292823.5;;0.015699999;0.015699999
;US-WI;1936;p90p100;52820.301;;0.36250001;0.36250001
;US-WI;1936;p90p95;29861.9;;0.1025;0.1025
;US-WI;1936;p95p99;45478.602;;0.1249;0.1249
;US-WI;1936;p99.5p99.9;194015.8;;0.053300001;0.053300001
;US-WI;1936;p99.9p99.99;550775.69;;0.034000002;0.034000002
;US-WI;1936;p99p99.5;102291.9;;0.035100002;0.035100002
;US-WI;1936;p95p100;76638.797;;0.26300001;0.26300001
;US-WI;1936;p0p90;10272.6;;0.63450003;0.63450003
;US-WI;1936;p0p99;12684.5;;0.86189997;0.86189997
;US-WI;1936;p99.5p100;300205.41;;0.103;0.103
;US-WI;1935;p0p100;3314410.8;16622094543.0;1.0;1.0
;US-WI;1935;p99p100;148804.8;;0.1128;0.1128
;US-WI;1935;p99.9p100;481111.09;;0.036499999;0.036499999
;US-WI;1935;p99.99p100;1396048.4;;0.0106;0.0106
;US-WI;1935;p90p100;45060.699;;0.34150001;0.34150001
;US-WI;1935;p90p95;28670.4;;0.1086;0.1086
;US-WI;1935;p95p99;41571.0;;0.126;0.126
;US-WI;1935;p99.5p99.9;149005.5;;0.045200001;0.045200001
;US-WI;1935;p99.9p99.99;379471.19;;0.025900001;0.025900001
;US-WI;1935;p99p99.5;82197.602;;0.031099999;0.031099999
;US-WI;1935;p95p100;62933.898;;0.2385;0.2385
;US-WI;1935;p0p90;9566.7998;;0.65249997;0.65249997
;US-WI;1935;p0p99;11824.8;;0.8872;0.8872
;US-WI;1935;p99.5p100;215420.0;;0.081600003;0.081600003
;US-WI;1934;p0p100;2924778.0;13778379725.0;1.0;1.0
;US-WI;1934;p99p100;140028.09;;0.12630001;0.12630001
;US-WI;1934;p99.9p100;468130.59;;0.042199999;0.042199999
;US-WI;1934;p99.99p100;1454151.6;;0.0131;0.0131
;US-WI;1934;p90p100;42271.602;;0.38139999;0.38139999
;US-WI;1934;p90p95;25188.199;;0.1136;0.1136
;US-WI;1934;p95p99;40660.199;;0.14669999;0.14669999
;US-WI;1934;p99.5p99.9;135249.7;;0.048799999;0.048799999
;US-WI;1934;p99.9p99.99;358584.81;;0.029100001;0.029100001
;US-WI;1934;p99p99.5;78224.102;;0.035300002;0.035300002
;US-WI;1934;p95p100;60373.699;;0.27239999;0.27239999
;US-WI;1934;p0p90;7553.0;;0.61330003;0.61330003
;US-WI;1934;p0p99;9781.2998;;0.87370002;0.87370002
;US-WI;1934;p99.5p100;201821.3;;0.090999998;0.090999998
;US-WI;1933;p0p100;2892560.5;12596782100.0;1.0;1.0
;US-WI;1933;p99p100;118436.4;;0.1154;0.1154
;US-WI;1933;p99.9p100;393787.81;;0.038400002;0.038400002
;US-WI;1933;p99.99p100;1293275.4;;0.0126;0.0126
;US-WI;1933;p90p100;38376.398;;0.3739;0.3739
;US-WI;1933;p90p95;25787.699;;0.1256;0.1256
;US-WI;1933;p95p99;36742.898;;0.1432;0.1432
;US-WI;1933;p99.5p99.9;111297.3;;0.043400001;0.043400001
;US-WI;1933;p99.9p99.99;293844.69;;0.025800001;0.025800001
;US-WI;1933;p99p99.5;69077.5;;0.0337;0.0337
;US-WI;1933;p95p100;52868.301;;0.25760001;0.25760001
;US-WI;1933;p0p90;7021.1001;;0.61570001;0.61570001
;US-WI;1933;p0p99;9169.7998;;0.88459998;0.88459998
;US-WI;1933;p99.5p100;167795.41;;0.081799999;0.081799999
;US-WI;1932;p0p100;2739610.0;13096082039.0;1.0;1.0
;US-WI;1932;p99p100;122333.6;;0.1133;0.1133
;US-WI;1932;p99.9p100;375179.91;;0.034699999;0.034699999
;US-WI;1932;p99.99p100;1144446.9;;0.0106;0.0106
;US-WI;1932;p90p100;42217.801;;0.39089999;0.39089999
;US-WI;1932;p90p95;28372.9;;0.1314;0.1314
;US-WI;1932;p95p99;41696.398;;0.15440001;0.15440001
;US-WI;1932;p99.5p99.9;118178.3;;0.0438;0.0438
;US-WI;1932;p99.9p99.99;289705.81;;0.0241;0.0241
;US-WI;1932;p99p99.5;75088.5;;0.0348;0.0348
;US-WI;1932;p95p100;57545.898;;0.26640001;0.26640001
;US-WI;1932;p0p90;7211.7998;;0.60100001;0.60100001
;US-WI;1932;p0p99;9673.9004;;0.88669997;0.88669997
;US-WI;1932;p99.5p100;169578.7;;0.078500003;0.078500003
;US-WI;1931;p0p100;2552455.3;14975003563.0;1.0;1.0
;US-WI;1931;p99p100;153123.09;;0.1224;0.1224
;US-WI;1931;p99.9p100;500953.5;;0.040100001;0.040100001
;US-WI;1931;p99.99p100;1640761.9;;0.0131;0.0131
;US-WI;1931;p90p100;49231.5;;0.39359999;0.39359999
;US-WI;1931;p90p95;34553.801;;0.1381;0.1381
;US-WI;1931;p95p99;45753.5;;0.1463;0.1463
;US-WI;1931;p99.5p99.9;148286.3;;0.047400001;0.047400001
;US-WI;1931;p99.9p99.99;374308.09;;0.026900001;0.026900001
;US-WI;1931;p99p99.5;87426.5;;0.034899998;0.034899998
;US-WI;1931;p95p100;66900.0;;0.2674;0.2674
;US-WI;1931;p0p90;8243.5;;0.59310001;0.59310001
;US-WI;1931;p0p99;11087.8;;0.87760001;0.87760001
;US-WI;1931;p99.5p100;218819.7;;0.087499999;0.087499999
;US-WI;1930;p0p100;2474639.8;17211900444.0;1.0;1.0
;US-WI;1930;p99p100;201282.59;;0.1381;0.1381
;US-WI;1930;p99.9p100;727425.31;;0.049899999;0.049899999
;US-WI;1930;p99.99p100;2411496.5;;0.0165;0.0165
;US-WI;1930;p90p100;56129.801;;0.38499999;0.38499999
;US-WI;1930;p90p95;35487.102;;0.1217;0.1217
;US-WI;1930;p95p99;49258.699;;0.13510001;0.13510001
;US-WI;1930;p99.5p99.9;190795.3;;0.052299999;0.052299999
;US-WI;1930;p99.9p99.99;540306.31;;0.033399999;0.033399999
;US-WI;1930;p99p99.5;104443.9;;0.035799999;0.035799999
;US-WI;1930;p95p100;79477.797;;0.2726;0.2726
;US-WI;1930;p0p90;9802.7998;;0.60509998;0.60509998
;US-WI;1930;p0p99;12694.2;;0.86189997;0.86189997
;US-WI;1930;p99.5p100;298121.31;;0.1022;0.1022
;US-WI;1929;p0p100;2741620.3;19869025234.0;1.0;1.0
;US-WI;1929;p99p100;258411.7;;0.152;0.152
;US-WI;1929;p99.9p100;1056903.1;;0.062199999;0.062199999
;US-WI;1929;p99.99p100;4021395.8;;0.023600001;0.023600001
;US-WI;1929;p90p100;62576.398;;0.368;0.368
;US-WI;1929;p90p95;35006.0;;0.1029;0.1029
;US-WI;1929;p95p99;52497.301;;0.1235;0.1235
;US-WI;1929;p99.5p99.9;231759.8;;0.054499999;0.054499999
;US-WI;1929;p99.9p99.99;727515.19;;0.0385;0.0385
;US-WI;1929;p99p99.5;120034.9;;0.035300002;0.035300002
;US-WI;1929;p95p100;93498.102;;0.27489999;0.27489999
;US-WI;1929;p0p90;11744.0;;0.62159997;0.62159997
;US-WI;1929;p0p99;14565.4;;0.84799999;0.84799999
;US-WI;1929;p99.5p100;396788.41;;0.1167;0.1167
;US-WI;1928;p0p100;2654458.3;19045454043.0;1.0;1.0
;US-WI;1928;p99p100;274828.5;;0.16689999;0.16689999
;US-WI;1928;p99.9p100;1181079.8;;0.071699999;0.071699999
;US-WI;1928;p99.99p100;5025223.5;;0.0305;0.0305
;US-WI;1928;p90p100;63907.0;;0.38820001;0.38820001
;US-WI;1928;p90p95;33397.898;;0.1014;0.1014
;US-WI;1928;p95p99;52510.801;;0.1276;0.1276
;US-WI;1928;p99.5p99.9;239461.7;;0.058200002;0.058200002
;US-WI;1928;p99.9p99.99;753952.69;;0.041200001;0.041200001
;US-WI;1928;p99p99.5;121871.7;;0.037;0.037
;US-WI;1928;p95p100;96806.203;;0.294;0.294
;US-WI;1928;p0p90;11049.7;;0.60409999;0.60409999
;US-WI;1928;p0p99;13853.6;;0.83310002;0.83310002
;US-WI;1928;p99.5p100;427785.31;;0.12989999;0.12989999
;US-WI;1927;p0p100;2456338.3;17891227151.0;1.0;1.0
;US-WI;1927;p99p100;250163.59;;0.15979999;0.15979999
;US-WI;1927;p99.9p100;1017250.3;;0.064999998;0.064999998
;US-WI;1927;p99.99p100;4108396.3;;0.0262;0.0262
;US-WI;1927;p90p100;61789.0;;0.39469999;0.39469999
;US-WI;1927;p90p95;33821.102;;0.108;0.108
;US-WI;1927;p95p99;52310.199;;0.1337;0.1337
;US-WI;1927;p99.5p99.9;224034.7;;0.0572;0.0572
;US-WI;1927;p99.9p99.99;673789.63;;0.038699999;0.038699999
;US-WI;1927;p99p99.5;117649.5;;0.037599999;0.037599999
;US-WI;1927;p95p100;91738.5;;0.29300001;0.29300001
;US-WI;1927;p0p90;10408.9;;0.59850001;0.59850001
;US-WI;1927;p0p99;13284.3;;0.84020001;0.84020001
;US-WI;1927;p99.5p100;382677.81;;0.1222;0.1222
;US-WI;1926;p0p100;2318629.0;17305094100.0;1.0;1.0
;US-WI;1926;p99p100;223473.91;;0.14560001;0.14560001
;US-WI;1926;p99.9p100;865179.13;;0.056400001;0.056400001
;US-WI;1926;p99.99p100;3223421.5;;0.021;0.021
;US-WI;1926;p90p100;57296.199;;0.37329999;0.37329999
;US-WI;1926;p90p95;31934.9;;0.104;0.104
;US-WI;1926;p95p99;49640.398;;0.1294;0.1294
;US-WI;1926;p99.5p99.9;205686.59;;0.053599998;0.053599998
;US-WI;1926;p99.9p99.99;603152.19;;0.035399999;0.035399999
;US-WI;1926;p99p99.5;109362.8;;0.035599999;0.035599999
;US-WI;1926;p95p100;84290.297;;0.2746;0.2746
;US-WI;1926;p0p90;10591.4;;0.62099999;0.62099999
;US-WI;1926;p0p99;13247.1;;0.85439998;0.85439998
;US-WI;1926;p99.5p100;337585.09;;0.11;0.11
;US-WI;1925;p0p100;2343701.8;16935204668.0;1.0;1.0
;US-WI;1925;p99p100;205680.59;;0.13510001;0.13510001
;US-WI;1925;p99.9p100;766409.69;;0.050299998;0.050299998
;US-WI;1925;p99.99p100;2727796.5;;0.017899999;0.017899999
;US-WI;1925;p90p100;57962.199;;0.38069999;0.38069999
;US-WI;1925;p90p95;36480.602;;0.1198;0.1198
;US-WI;1925;p95p99;52000.898;;0.1366;0.1366
;US-WI;1925;p99.5p99.9;192634.8;;0.0506;0.0506
;US-WI;1925;p99.9p99.99;548477.88;;0.032400001;0.032400001
;US-WI;1925;p99p99.5;103971.3;;0.0341;0.0341
;US-WI;1925;p95p100;82531.0;;0.27110001;0.27110001
;US-WI;1925;p0p90;10292.3;;0.6085;0.6085
;US-WI;1925;p0p99;13300.2;;0.86489999;0.86489999
;US-WI;1925;p99.5p100;307389.81;;0.101;0.101
;US-WI;1924;p0p100;2344602.5;15872856731.0;1.0;1.0
;US-WI;1924;p99p100;184645.0;;0.1275;0.1275
;US-WI;1924;p99.9p100;656971.88;;0.045400001;0.045400001
;US-WI;1924;p99.99p100;1882823.0;;0.013;0.013
;US-WI;1924;p90p100;53446.5;;0.36899999;0.36899999
;US-WI;1924;p90p95;31668.1;;0.1093;0.1093
;US-WI;1924;p95p99;48089.5;;0.1328;0.1328
;US-WI;1924;p99.5p99.9;179212.8;;0.0495;0.0495
;US-WI;1924;p99.9p99.99;520766.31;;0.032400001;0.032400001
;US-WI;1924;p99p99.5;94525.297;;0.032600001;0.032600001
;US-WI;1924;p95p100;75400.602;;0.26030001;0.26030001
;US-WI;1924;p0p90;10146.1;;0.6304;0.6304
;US-WI;1924;p0p99;12766.1;;0.8725;0.8725
;US-WI;1924;p99.5p100;274764.59;;0.094800003;0.094800003
;US-WI;1923;p0p100;2350466.0;15547646205.0;1.0;1.0
;US-WI;1923;p99p100;172586.91;;0.1193;0.1193
;US-WI;1923;p99.9p100;594561.19;;0.041099999;0.041099999
;US-WI;1923;p99.99p100;1717626.8;;0.0119;0.0119
;US-WI;1923;p90p100;55755.5;;0.38550001;0.38550001
;US-WI;1923;p90p95;34177.5;;0.1181;0.1181
;US-WI;1923;p95p99;53673.801;;0.14839999;0.14839999
;US-WI;1923;p99.5p99.9;167832.59;;0.046399999;0.046399999
;US-WI;1923;p99.9p99.99;469777.81;;0.029200001;0.029200001
;US-WI;1923;p99p99.5;91995.703;;0.031800002;0.031800002
;US-WI;1923;p95p100;77456.398;;0.26769999;0.26769999
;US-WI;1923;p0p90;9869.7002;;0.61409998;0.61409998
;US-WI;1923;p0p99;12867.3;;0.88069999;0.88069999
;US-WI;1923;p99.5p100;253178.2;;0.087499999;0.087499999
;US-WI;1922;p0p100;2200623.8;13806491407.0;1.0;1.0
;US-WI;1922;p99p100;164528.41;;0.1259;0.1259
;US-WI;1922;p99.9p100;563055.38;;0.043099999;0.043099999
;US-WI;1922;p99.99p100;1489972.6;;0.0114;0.0114
;US-WI;1922;p90p100;47798.199;;0.36570001;0.36570001
;US-WI;1922;p90p95;27720.4;;0.106;0.106
;US-WI;1922;p95p99;43850.898;;0.13420001;0.13420001
;US-WI;1922;p99.5p99.9;160391.91;;0.0491;0.0491
;US-WI;1922;p99.9p99.99;460064.59;;0.0317;0.0317
;US-WI;1922;p99p99.5;88132.203;;0.0337;0.0337
;US-WI;1922;p95p100;67986.398;;0.26010001;0.26010001
;US-WI;1922;p0p90;9204.7002;;0.63389999;0.63389999
;US-WI;1922;p0p99;11539.6;;0.87410003;0.87410003
;US-WI;1922;p99.5p100;240924.59;;0.092200004;0.092200004
;US-WI;1921;p0p100;1668748.4;11767708831.0;1.0;1.0
;US-WI;1921;p99p100;142088.59;;0.1258;0.1258
;US-WI;1921;p99.9p100;448381.5;;0.039700001;0.039700001
;US-WI;1921;p99.99p100;1144519.3;;0.0101;0.0101
;US-WI;1921;p90p100;43992.398;;0.38940001;0.38940001
;US-WI;1921;p90p95;24920.4;;0.1103;0.1103
;US-WI;1921;p95p99;43286.898;;0.1532;0.1532
;US-WI;1921;p99.5p99.9;140984.59;;0.049899999;0.049899999
;US-WI;1921;p99.9p99.99;371032.81;;0.0296;0.0296
;US-WI;1921;p99p99.5;81713.203;;0.036200002;0.036200002
;US-WI;1921;p95p100;63047.199;;0.27900001;0.27900001
;US-WI;1921;p0p90;7667.0;;0.61070001;0.61070001
;US-WI;1921;p0p99;9977.5996;;0.87419999;0.87419999
;US-WI;1921;p99.5p100;202464.0;;0.089599997;0.089599997
;US-WI;1920;p0p100;1527080.6;13229672579.0;1.0;1.0
;US-WI;1920;p99p100;152486.2;;0.1177;0.1177
;US-WI;1920;p99.9p100;489024.31;;0.037700001;0.037700001
;US-WI;1920;p99.99p100;1184103.9;;0.0091000004;0.0091000004
;US-WI;1920;p90p100;42601.102;;0.32879999;0.32879999
;US-WI;1920;p90p95;24922.1;;0.096199997;0.096199997
;US-WI;1920;p95p99;37332.199;;0.1153;0.1153
;US-WI;1920;p99.5p99.9;152545.91;;0.0471;0.0471
;US-WI;1920;p99.9p99.99;411793.09;;0.0286;0.0286
;US-WI;1920;p99p99.5;85130.797;;0.032900002;0.032900002
;US-WI;1920;p95p100;60363.0;;0.233;0.233
;US-WI;1920;p0p90;9657.5;;0.67089999;0.67089999
;US-WI;1920;p0p99;11546.6;;0.88230002;0.88230002
;US-WI;1920;p99.5p100;219841.59;;0.084799998;0.084799998
;US-WI;1919;p0p100;2215265.0;14029040890.0;1.0;1.0
;US-WI;1919;p99p100;155307.2;;0.1109;0.1109
;US-WI;1919;p99.9p100;509780.69;;0.036400001;0.036400001
;US-WI;1919;p99.99p100;1386804.5;;0.0098999999;0.0098999999
;US-WI;1919;p90p100;45177.0;;0.32249999;0.32249999
;US-WI;1919;p90p95;23969.9;;0.085600004;0.085600004
;US-WI;1919;p95p99;44274.0;;0.12639999;0.12639999
;US-WI;1919;p99.5p99.9;151341.5;;0.043200001;0.043200001
;US-WI;1919;p99.9p99.99;412883.09;;0.0265;0.0265
;US-WI;1919;p99p99.5;87312.703;;0.031199999;0.031199999
;US-WI;1919;p95p100;66480.602;;0.23729999;0.23729999
;US-WI;1919;p0p90;10540.9;;0.67720002;0.67720002
;US-WI;1919;p0p99;12581.2;;0.88910002;0.88910002
;US-WI;1919;p99.5p100;223301.7;;0.079700001;0.079700001
;US-WI;1918;p0p100;2934792.5;13898264911.0;1.0;1.0
;US-WI;1918;p99p100;166358.5;;0.1183;0.1183
;US-WI;1918;p99.9p100;614004.13;;0.0436;0.0436
;US-WI;1918;p99.99p100;1627513.1;;0.0116;0.0116
;US-WI;1918;p90p100;47107.801;;0.33489999;0.33489999
;US-WI;1918;p90p95;25991.1;;0.092399999;0.092399999
;US-WI;1918;p95p99;43870.301;;0.1247;0.1247
;US-WI;1918;p99.5p99.9;159724.7;;0.045400001;0.045400001
;US-WI;1918;p99.9p99.99;501402.81;;0.032099999;0.032099999
;US-WI;1918;p99p99.5;82137.5;;0.029200001;0.029200001
;US-WI;1918;p95p100;68367.898;;0.243;0.243
;US-WI;1918;p0p90;10389.1;;0.66460001;0.66460001
;US-WI;1918;p0p99;12529.9;;0.88169998;0.88169998
;US-WI;1918;p99.5p100;250579.91;;0.089100003;0.089100003
;US-WI;1917;p0p100;4297405.5;14746003703.0;1.0;1.0
;US-WI;1917;p99p100;181271.5;;0.1214;0.1214
;US-WI;1917;p99.9p100;742845.13;;0.049699999;0.049699999
;US-WI;1917;p99.99p100;2174641.0;;0.0146;0.0146
;US-WI;1917;p90p100;47654.301;;0.31909999;0.31909999
;US-WI;1917;p90p95;25885.6;;0.0867;0.0867
