Variable Name;.;.;.;Fiscal income  | tax unit | Average | Adults | constant 2015 local currency;Fiscal income  | tax unit | Total | Adults | constant 2015 local currency;Fiscal income  | tax unit | Share | Adults | share of total (ratio);Pre-tax national income  | tax unit | Share | Adults | share of total (ratio)
Variable Category;.;.;.;Income inequality;Income inequality;Income inequality;Income inequality
Variable Description;.;.;.;Average Fiscal income within a given percentile group. Fiscal income is defined as the sum of all income items reported on income tax returns, before any deduction. It includes labour income, capital income and mixed income. The concept of fiscal income varies with national tax legislations, so in order to make international comparisons it is preferable to use the concept of national income. The population is comprised of individuals over age 20. The base unit is the tax unit defined by national fiscal administrations to measure personal income taxes.;Total Fiscal income  within a given percentile group. Fiscal income is defined as the sum of all income items reported on income tax returns, before any deduction. It includes labour income, capital income and mixed income. The concept of fiscal income varies with national tax legislations, so in order to make international comparisons it is preferable to use the concept of national income. The population is comprised of individuals over age 20.;Fiscal income share held by a given percentile group. Fiscal income is defined as the sum of all income items reported on income tax returns, before any deduction. It includes labour income, capital income and mixed income. The concept of fiscal income varies with national tax legislations, so in order to make international comparisons it is preferable to use the concept of national income. The population is comprised of individuals over age 20. The base unit is the tax unit defined by national fiscal administrations to measure personal income taxes.;Pre-tax national income share held by a given percentile group. Pre-tax national income  is the sum of all pre-tax personal income flows accruing to the owners of the production factors, labor and capital, before taking into account the operation of the tax/transfer system, but after taking into account the operation of pension system. The central difference between personal factor income and pre-tax income is the treatment of pensions, which are counted on a contribution basis by factor income and on a distribution basis by pre-tax income. The population is comprised of individuals over age 20. The base unit is the tax unit defined by national fiscal administrations to measure personal income taxes.
Variable Decomposition;.;.;.;[Fiscal income ]=[Fiscal labour income ]+[Fiscal capital income ];[Fiscal income ]=[Fiscal labour income ]+[Fiscal capital income ];[Fiscal income ]=[Fiscal labour income ]+[Fiscal capital income ];Pre-tax national income =Pre-tax labor income [total pre-tax income ranking]+Pre-tax capital income [total pre-tax income ranking]
Variable Unit;.;.;.;"USD; United States dollar | local currency | market";"USD; United States dollar | local currency | market";share;share
Methodological Notes;.;.;.;;;;Assuming the same distribution as fiscal income.
Sources;.;.;.;Frank, Sommeiller, Price & Saez (2015);Frank, Sommeiller, Price & Saez (2015);Frank, Sommeiller, Price & Saez (2015);WID.world computations using: Frank, Sommeiller, Price & Saez (2015)
Variable Code;country;year;perc;afiinc992t;mfiinc992t;sfiinc992t;sptinc992t
;US-DE;2015;p0p100;62395.602;30772067731.0;1.0;1.0
;US-DE;2015;p99p100;961666.63;;0.1541;0.1541
;US-DE;2015;p99.9p100;4013686.3;;0.064300001;0.064300001
;US-DE;2015;p99.99p100;15907150.0;;0.0255;0.0255
;US-DE;2015;p90p100;272518.69;;0.4368;0.4368
;US-DE;2015;p90p95;156410.09;;0.12530001;0.12530001
;US-DE;2015;p95p99;243629.41;;0.15620001;0.15620001
;US-DE;2015;p99.5p99.9;837184.69;;0.0537;0.0537
;US-DE;2015;p99.9p99.99;2733477.8;;0.0394;0.0394
;US-DE;2015;p99p99.5;448967.19;;0.035999998;0.035999998
;US-DE;2015;p95p100;387746.19;;0.3107;0.3107
;US-DE;2015;p0p90;39095.0;;0.56389999;0.56389999
;US-DE;2015;p0p99;53312.102;;0.8459;0.8459
;US-DE;2015;p99.5p100;1472644.3;;0.118;0.118
;US-DE;2014;p0p100;58360.199;28713695520.0;1.0;1.0
;US-DE;2014;p99p100;867791.0;;0.149;0.149
;US-DE;2014;p99.9p100;3303271.3;;0.056699999;0.056699999
;US-DE;2014;p99.99p100;12165238.0;;0.0209;0.0209
;US-DE;2014;p90p100;256649.09;;0.44080001;0.44080001
;US-DE;2014;p90p95;151873.59;;0.1304;0.1304
;US-DE;2014;p95p99;234473.0;;0.1611;0.1611
;US-DE;2014;p99.5p99.9;795166.88;;0.0546;0.0546
;US-DE;2014;p99.9p99.99;2348039.0;;0.0363;0.0363
;US-DE;2014;p99p99.5;440331.19;;0.037799999;0.037799999
;US-DE;2014;p95p100;361024.41;;0.31;0.31
;US-DE;2014;p0p90;36152.5;;0.55879998;0.55879998
;US-DE;2014;p0p99;50044.5;;0.85100001;0.85100001
;US-DE;2014;p99.5p100;1295154.9;;0.1112;0.1112
;US-DE;2013;p0p100;60198.199;27535844300.0;1.0;1.0
;US-DE;2013;p99p100;807519.0;;0.1389;0.1389
;US-DE;2013;p99.9p100;2897586.0;;0.049800001;0.049800001
;US-DE;2013;p99.99p100;10077359.0;;0.0173;0.0173
;US-DE;2013;p90p100;247224.59;;0.4251;0.4251
;US-DE;2013;p90p95;149833.2;;0.1288;0.1288
;US-DE;2013;p95p99;228061.2;;0.1569;0.1569
;US-DE;2013;p99.5p99.9;754821.63;;0.051899999;0.051899999
;US-DE;2013;p99.9p99.99;2110190.3;;0.032699998;0.032699998
;US-DE;2013;p99p99.5;432087.0;;0.0372;0.0372
;US-DE;2013;p95p100;344058.59;;0.2958;0.2958
;US-DE;2013;p0p90;37169.801;;0.57520002;0.57520002
;US-DE;2013;p0p99;50584.199;;0.86110002;0.86110002
;US-DE;2013;p99.5p100;1183625.8;;0.1018;0.1018
;US-DE;2012;p0p100;62905.5;28042306126.0;1.0;1.0
;US-DE;2012;p99p100;945554.69;;0.1602;0.1602
;US-DE;2012;p99.9p100;3880419.3;;0.065700002;0.065700002
;US-DE;2012;p99.99p100;15021104.0;;0.0254;0.0254
;US-DE;2012;p90p100;261404.8;;0.4429;0.4429
;US-DE;2012;p90p95;149436.0;;0.1266;0.1266
;US-DE;2012;p95p99;229557.2;;0.1556;0.1556
;US-DE;2012;p99.5p99.9;841075.88;;0.057;0.057
;US-DE;2012;p99.9p99.99;2686306.3;;0.041000001;0.041000001
;US-DE;2012;p99p99.5;443081.09;;0.037500001;0.037500001
;US-DE;2012;p95p100;372637.09;;0.31560001;0.31560001
;US-DE;2012;p0p90;36526.0;;0.55690002;0.55690002
;US-DE;2012;p0p99;50072.199;;0.8398;0.8398
;US-DE;2012;p99.5p100;1448295.4;;0.1227;0.1227
;US-DE;2011;p0p100;66208.102;27675967205.0;1.0;1.0
;US-DE;2011;p99p100;817199.19;;0.13699999;0.13699999
;US-DE;2011;p99.9p100;3050773.0;;0.051199999;0.051199999
;US-DE;2011;p99.99p100;10793382.0;;0.018100001;0.018100001
;US-DE;2011;p90p100;245837.91;;0.41229999;0.41229999
;US-DE;2011;p90p95;148207.8;;0.1243;0.1243
;US-DE;2011;p95p99;224146.09;;0.1504;0.1504
;US-DE;2011;p99.5p99.9;754550.38;;0.0506;0.0506
;US-DE;2011;p99.9p99.99;2207622.0;;0.033300001;0.033300001
;US-DE;2011;p99p99.5;420253.19;;0.0352;0.0352
;US-DE;2011;p95p100;342678.91;;0.28729999;0.28729999
;US-DE;2011;p0p90;38967.102;;0.58810002;0.58810002
;US-DE;2011;p0p99;51980.102;;0.86299998;0.86299998
;US-DE;2011;p99.5p100;1214865.5;;0.1019;0.1019
;US-DE;2010;p0p100;70946.5;27044534360.0;1.0;1.0
;US-DE;2010;p99p100;826416.5;;0.1376;0.1376
;US-DE;2010;p99.9p100;3125628.8;;0.052099999;0.052099999
;US-DE;2010;p99.99p100;11506963.0;;0.019200001;0.019200001
;US-DE;2010;p90p100;246708.5;;0.41080001;0.41080001
;US-DE;2010;p90p95;148290.0;;0.1235;0.1235
;US-DE;2010;p95p99;223560.41;;0.1489;0.1489
;US-DE;2010;p99.5p99.9;755874.81;;0.0504;0.0504
;US-DE;2010;p99.9p99.99;2191118.3;;0.0328;0.0328
;US-DE;2010;p99p99.5;422277.31;;0.0352;0.0352
;US-DE;2010;p95p100;344056.31;;0.28650001;0.28650001
;US-DE;2010;p0p90;39372.0;;0.59009999;0.59009999
;US-DE;2010;p0p99;52308.301;;0.8624;0.8624
;US-DE;2010;p99.5p100;1231949.0;;0.1026;0.1026
;US-DE;2009;p0p100;73508.297;26965034925.0;1.0;1.0
;US-DE;2009;p99p100;825430.81;;0.1371;0.1371
;US-DE;2009;p99.9p100;3319803.0;;0.055100001;0.055100001
;US-DE;2009;p99.99p100;13691196.0;;0.022700001;0.022700001
;US-DE;2009;p90p100;245194.41;;0.40709999;0.40709999
;US-DE;2009;p90p95;149212.41;;0.1239;0.1239
;US-DE;2009;p95p99;218572.5;;0.1452;0.1452
;US-DE;2009;p99.5p99.9;703174.5;;0.046700001;0.046700001
;US-DE;2009;p99.9p99.99;2114832.8;;0.031599998;0.031599998
;US-DE;2009;p99p99.5;404806.19;;0.033599999;0.033599999
;US-DE;2009;p95p100;340262.19;;0.2825;0.2825
;US-DE;2009;p0p90;39903.301;;0.59630001;0.59630001
;US-DE;2009;p0p99;52496.301;;0.86290002;0.86290002
;US-DE;2009;p99.5p100;1240112.8;;0.103;0.103
;US-DE;2008;p0p100;77983.203;28564767268.0;1.0;1.0
;US-DE;2008;p99p100;1048489.7;;0.1629;0.1629
;US-DE;2008;p99.9p100;4652760.0;;0.072300002;0.072300002
;US-DE;2008;p99.99p100;20128192.0;;0.031300001;0.031300001
;US-DE;2008;p90p100;275345.31;;0.42789999;0.42789999
;US-DE;2008;p90p95;153929.5;;0.1196;0.1196
;US-DE;2008;p95p99;230425.0;;0.1432;0.1432
;US-DE;2008;p99.5p99.9;855158.38;;0.053199999;0.053199999
;US-DE;2008;p99.9p99.99;2878831.0;;0.0403;0.0403
;US-DE;2008;p99p99.5;454909.81;;0.035300002;0.035300002
;US-DE;2008;p95p100;395479.19;;0.3073;0.3073
;US-DE;2008;p0p90;41262.898;;0.57709998;0.57709998
;US-DE;2008;p0p99;54408.301;;0.83710003;0.83710003
;US-DE;2008;p99.5p100;1632469.0;;0.1268;0.1268
;US-DE;2007;p0p100;96054.703;31739741455.0;1.0;1.0
;US-DE;2007;p99p100;1343107.1;;0.18269999;0.18269999
;US-DE;2007;p99.9p100;6375893.5;;0.0867;0.0867
;US-DE;2007;p99.99p100;28497124.0;;0.038800001;0.038800001
;US-DE;2007;p90p100;316795.31;;0.43099999;0.43099999
;US-DE;2007;p90p95;159924.5;;0.1088;0.1088
;US-DE;2007;p95p99;252423.91;;0.1374;0.1374
;US-DE;2007;p99.5p99.9;1064954.9;;0.057999998;0.057999998
;US-DE;2007;p99.9p99.99;3881107.8;;0.047499999;0.047499999
;US-DE;2007;p99p99.5;530433.69;;0.0361;0.0361
;US-DE;2007;p95p100;472447.69;;0.32139999;0.32139999
;US-DE;2007;p0p90;46844.5;;0.57349998;0.57349998
;US-DE;2007;p0p99;60683.699;;0.81730002;0.81730002
;US-DE;2007;p99.5p100;2144897.3;;0.1459;0.1459
;US-DE;2006;p0p100;99641.602;31281700676.0;1.0;1.0
;US-DE;2006;p99p100;1342029.1;;0.18610001;0.18610001
;US-DE;2006;p99.9p100;6454512.5;;0.089500003;0.089500003
;US-DE;2006;p99.99p100;28808016.0;;0.039999999;0.039999999
;US-DE;2006;p90p100;311725.69;;0.4323;0.4323
;US-DE;2006;p90p95;157334.3;;0.1091;0.1091
;US-DE;2006;p95p99;245016.8;;0.13590001;0.13590001
;US-DE;2006;p99.5p99.9;1068752.3;;0.059300002;0.059300002
;US-DE;2006;p99.9p99.99;3963182.0;;0.0495;0.0495
;US-DE;2006;p99p99.5;525311.81;;0.036400001;0.036400001
;US-DE;2006;p95p100;465157.59;;0.32260001;0.32260001
;US-DE;2006;p0p90;45652.398;;0.56980002;0.56980002
;US-DE;2006;p0p99;59276.301;;0.81389999;0.81389999
;US-DE;2006;p99.5p100;2153762.0;;0.1494;0.1494
;US-DE;2005;p0p100;102775.8;30214012452.0;1.0;1.0
;US-DE;2005;p99p100;1443719.3;;0.2071;0.2071
;US-DE;2005;p99.9p100;7439231.5;;0.1067;0.1067
;US-DE;2005;p99.99p100;35707680.0;;0.051199999;0.051199999
;US-DE;2005;p90p100;317042.09;;0.45469999;0.45469999
;US-DE;2005;p90p95;153366.2;;0.11;0.11
;US-DE;2005;p95p99;239589.8;;0.1374;0.1374
;US-DE;2005;p99.5p99.9;1096785.6;;0.062899999;0.062899999
;US-DE;2005;p99.9p99.99;4302358.5;;0.055500001;0.055500001
;US-DE;2005;p99p99.5;528859.81;;0.037900001;0.037900001
;US-DE;2005;p95p100;480170.69;;0.3443;0.3443
;US-DE;2005;p0p90;42220.602;;0.54500002;0.54500002
;US-DE;2005;p0p99;55846.0;;0.79290003;0.79290003
;US-DE;2005;p99.5p100;2360965.0;;0.1693;0.1693
;US-DE;2004;p0p100;112239.6;29369218698.0;1.0;1.0
;US-DE;2004;p99p100;1242385.1;;0.1743;0.1743
;US-DE;2004;p99.9p100;6053929.0;;0.084899999;0.084899999
;US-DE;2004;p99.99p100;28242300.0;;0.0396;0.0396
;US-DE;2004;p90p100;294504.91;;0.4131;0.4131
;US-DE;2004;p90p95;153705.3;;0.1078;0.1078
;US-DE;2004;p95p99;232624.3;;0.1305;0.1305
;US-DE;2004;p99.5p99.9;977108.63;;0.0548;0.0548
;US-DE;2004;p99.9p99.99;3593163.5;;0.045400001;0.045400001
;US-DE;2004;p99p99.5;495546.09;;0.0348;0.0348
;US-DE;2004;p95p100;434512.59;;0.3048;0.3048
;US-DE;2004;p0p90;46500.898;;0.58710003;0.58710003
;US-DE;2004;p0p99;59456.0;;0.82569999;0.82569999
;US-DE;2004;p99.5p100;1990254.6;;0.13959999;0.13959999
;US-DE;2003;p0p100;117961.7;28312529266.0;1.0;1.0
;US-DE;2003;p99p100;985318.81;;0.13869999;0.13869999
;US-DE;2003;p99.9p100;4273096.0;;0.060199998;0.060199998
;US-DE;2003;p99.99p100;18327228.0;;0.025800001;0.025800001
;US-DE;2003;p90p100;264679.81;;0.37259999;0.37259999
;US-DE;2003;p90p95;157642.59;;0.111;0.111
;US-DE;2003;p95p99;217388.59;;0.1224;0.1224
;US-DE;2003;p99.5p99.9;829327.88;;0.046700001;0.046700001
;US-DE;2003;p99.9p99.99;2702061.5;;0.034200002;0.034200002
;US-DE;2003;p99p99.5;448071.09;;0.031500001;0.031500001
;US-DE;2003;p95p100;371022.81;;0.26120001;0.26120001
;US-DE;2003;p0p90;49587.0;;0.62830001;0.62830001
;US-DE;2003;p0p99;61793.0;;0.86129999;0.86129999
;US-DE;2003;p99.5p100;1521199.1;;0.1071;0.1071
;US-DE;2002;p0p100;125020.6;28521794481.0;1.0;1.0
;US-DE;2002;p99p100;932939.69;;0.1295;0.1295
;US-DE;2002;p99.9p100;3931604.3;;0.0546;0.0546
;US-DE;2002;p99.99p100;16291764.0;;0.022600001;0.022600001
;US-DE;2002;p90p100;257952.91;;0.3581;0.3581
;US-DE;2002;p90p95;158963.3;;0.1104;0.1104
;US-DE;2002;p95p99;212158.2;;0.1178;0.1178
;US-DE;2002;p99.5p99.9;799847.81;;0.044399999;0.044399999
;US-DE;2002;p99.9p99.99;2552292.0;;0.0319;0.0319
;US-DE;2002;p99p99.5;436423.09;;0.030300001;0.030300001
;US-DE;2002;p95p100;356334.41;;0.2474;0.2474
;US-DE;2002;p0p90;51426.199;;0.6426;0.6426
;US-DE;2002;p0p99;63329.699;;0.87050003;0.87050003
;US-DE;2002;p99.5p100;1428492.4;;0.099200003;0.099200003
;US-DE;2001;p0p100;136184.3;29289667179.0;1.0;1.0
;US-DE;2001;p99p100;1016100.4;;0.1337;0.1337
;US-DE;2001;p99.9p100;4348829.0;;0.0572;0.0572
;US-DE;2001;p99.99p100;17520370.0;;0.0231;0.0231
;US-DE;2001;p90p100;271933.91;;0.35789999;0.35789999
;US-DE;2001;p90p95;151952.5;;0.1;0.1
;US-DE;2001;p95p99;235157.09;;0.1238;0.1238
;US-DE;2001;p99.5p99.9;869477.31;;0.0458;0.0458
;US-DE;2001;p99.9p99.99;2893089.3;;0.034299999;0.034299999
;US-DE;2001;p99p99.5;465684.31;;0.0306;0.0306
;US-DE;2001;p95p100;391520.91;;0.25760001;0.25760001
;US-DE;2001;p0p90;54240.699;;0.64249998;0.64249998
;US-DE;2001;p0p99;66486.602;;0.86629999;0.86629999
;US-DE;2001;p99.5p100;1566920.3;;0.1031;0.1031
;US-DE;2000;p0p100;146118.41;28900925705.0;1.0;1.0
;US-DE;2000;p99p100;1244349.9;;0.1613;0.1613
;US-DE;2000;p99.9p100;6020745.5;;0.078100003;0.078100003
;US-DE;2000;p99.99p100;26903556.0;;0.034899998;0.034899998
;US-DE;2000;p90p100;302942.31;;0.3928;0.3928
;US-DE;2000;p90p95;156260.0;;0.1013;0.1013
;US-DE;2000;p95p99;249260.3;;0.1293;0.1293
;US-DE;2000;p99.5p99.9;979908.63;;0.050799999;0.050799999
;US-DE;2000;p99.9p99.99;3708976.3;;0.043299999;0.043299999
;US-DE;2000;p99p99.5;496827.41;;0.032200001;0.032200001
;US-DE;2000;p95p100;448858.09;;0.29100001;0.29100001
;US-DE;2000;p0p90;52131.102;;0.60829997;0.60829997
;US-DE;2000;p0p99;65343.5;;0.8387;0.8387
;US-DE;2000;p99.5p100;1990996.3;;0.12909999;0.12909999
;US-DE;1999;p0p100;144794.3;26777352219.0;1.0;1.0
;US-DE;1999;p99p100;1682426.5;;0.2351;0.2351
;US-DE;1999;p99.9p100;8513511.0;;0.119;0.119
;US-DE;1999;p99.99p100;40076084.0;;0.056000002;0.056000002
;US-DE;1999;p90p100;345015.31;;0.48210001;0.48210001
;US-DE;1999;p90p95;139107.59;;0.097199999;0.097199999
;US-DE;1999;p95p99;269251.91;;0.1505;0.1505
;US-DE;1999;p99.5p99.9;1281649.0;;0.071599998;0.071599998
;US-DE;1999;p99.9p99.99;4963573.0;;0.062399998;0.062399998
;US-DE;1999;p99p99.5;638797.88;;0.044599999;0.044599999
;US-DE;1999;p95p100;551664.69;;0.38550001;0.38550001
;US-DE;1999;p0p90;41152.801;;0.5176;0.5176
;US-DE;1999;p0p99;55287.0;;0.76490003;0.76490003
;US-DE;1999;p99.5p100;2726117.5;;0.19050001;0.19050001
;US-DE;1998;p0p100;139453.0;24499396915.0;1.0;1.0
;US-DE;1998;p99p100;1056475.5;;0.15979999;0.15979999
;US-DE;1998;p99.9p100;4734218.5;;0.071599998;0.071599998
;US-DE;1998;p99.99p100;19635906.0;;0.0297;0.0297
;US-DE;1998;p90p100;271727.09;;0.4109;0.4109
;US-DE;1998;p90p95;147212.5;;0.1113;0.1113
;US-DE;1998;p95p99;230560.09;;0.13950001;0.13950001
;US-DE;1998;p99.5p99.9;892114.0;;0.054000001;0.054000001
;US-DE;1998;p99.9p99.99;3091072.8;;0.042100001;0.042100001
;US-DE;1998;p99p99.5;451456.5;;0.0341;0.0341
;US-DE;1998;p95p100;395930.31;;0.2994;0.2994
;US-DE;1998;p0p90;43307.398;;0.58939999;0.58939999
;US-DE;1998;p0p99;56127.5;;0.84020001;0.84020001
;US-DE;1998;p99.5p100;1661460.8;;0.1256;0.1256
;US-DE;1997;p0p100;131971.3;21994849339.0;1.0;1.0
;US-DE;1997;p99p100;1276118.5;;0.2096;0.2096
;US-DE;1997;p99.9p100;5510623.5;;0.090499997;0.090499997
;US-DE;1997;p99.99p100;22602230.0;;0.037099998;0.037099998
;US-DE;1997;p90p100;288322.19;;0.47369999;0.47369999
;US-DE;1997;p90p95;128157.5;;0.1053;0.1053
;US-DE;1997;p95p99;242119.09;;0.1591;0.1591
;US-DE;1997;p99.5p99.9;1097057.6;;0.072099999;0.072099999
;US-DE;1997;p99.9p99.99;3620179.3;;0.0535;0.0535
;US-DE;1997;p99p99.5;571407.13;;0.0469;0.0469
;US-DE;1997;p95p100;448820.59;;0.3687;0.3687
;US-DE;1997;p0p90;35572.699;;0.52590001;0.52590001
;US-DE;1997;p0p99;48596.5;;0.79040003;0.79040003
;US-DE;1997;p99.5p100;1980646.5;;0.1627;0.1627
;US-DE;1996;p0p100;132070.5;20834405512.0;1.0;1.0
;US-DE;1996;p99p100;832784.13;;0.1427;0.1427
;US-DE;1996;p99.9p100;3427937.0;;0.058699999;0.058699999
;US-DE;1996;p99.99p100;13736366.0;;0.023499999;0.023499999
;US-DE;1996;p90p100;236972.41;;0.40599999;0.40599999
;US-DE;1996;p90p95;138083.41;;0.1183;0.1183
;US-DE;1996;p95p99;211436.41;;0.14489999;0.14489999
;US-DE;1996;p99.5p99.9;725893.5;;0.049699999;0.049699999
;US-DE;1996;p99.9p99.99;2281181.3;;0.0352;0.0352
;US-DE;1996;p99p99.5;397059.91;;0.034000002;0.034000002
;US-DE;1996;p95p100;335751.19;;0.28760001;0.28760001
;US-DE;1996;p0p90;38545.102;;0.59429997;0.59429997
;US-DE;1996;p0p99;50545.398;;0.85729998;0.85729998
;US-DE;1996;p99.5p100;1268025.4;;0.1086;0.1086
;US-DE;1995;p0p100;132563.09;19654044604.0;1.0;1.0
;US-DE;1995;p99p100;707551.69;;0.12729999;0.12729999
;US-DE;1995;p99.9p100;2650489.0;;0.047699999;0.047699999
;US-DE;1995;p99.99p100;9672719.0;;0.0174;0.0174
;US-DE;1995;p90p100;218562.2;;0.39320001;0.39320001
;US-DE;1995;p90p95;133910.7;;0.1205;0.1205
;US-DE;1995;p95p99;202067.59;;0.1454;0.1454
;US-DE;1995;p99.5p99.9;645512.38;;0.046500001;0.046500001
;US-DE;1995;p99.9p99.99;1870550.9;;0.030300001;0.030300001
;US-DE;1995;p99p99.5;366878.19;;0.033;0.033
;US-DE;1995;p95p100;303132.59;;0.27270001;0.27270001
;US-DE;1995;p0p90;37490.398;;0.60699999;0.60699999
;US-DE;1995;p0p99;49001.301;;0.87269998;0.87269998
;US-DE;1995;p99.5p100;1047951.2;;0.094300002;0.094300002
;US-DE;1994;p0p100;135100.41;18798259366.0;1.0;1.0
;US-DE;1994;p99p100;647573.88;;0.1199;0.1199
;US-DE;1994;p99.9p100;2417641.8;;0.044799998;0.044799998
;US-DE;1994;p99.99p100;9060120.0;;0.016799999;0.016799999
;US-DE;1994;p90p100;205359.8;;0.3802;0.3802
;US-DE;1994;p90p95;129820.3;;0.1202;0.1202
;US-DE;1994;p95p99;189184.91;;0.1401;0.1401
;US-DE;1994;p99.5p99.9;589021.81;;0.0436;0.0436
;US-DE;1994;p99.9p99.99;1675342.8;;0.027899999;0.027899999
;US-DE;1994;p99p99.5;338709.19;;0.031399999;0.031399999
;US-DE;1994;p95p100;280836.69;;0.2599;0.2599
;US-DE;1994;p0p90;37217.801;;0.62010002;0.62010002
;US-DE;1994;p0p99;48022.398;;0.88010001;0.88010001
;US-DE;1994;p99.5p100;956205.19;;0.088500001;0.088500001
;US-DE;1993;p0p100;141839.41;18607486376.0;1.0;1.0
;US-DE;1993;p99p100;645288.31;;0.1187;0.1187
;US-DE;1993;p99.9p100;2396148.8;;0.044100001;0.044100001
;US-DE;1993;p99.99p100;8941152.0;;0.0164;0.0164
;US-DE;1993;p90p100;204126.91;;0.37549999;0.37549999
;US-DE;1993;p90p95;128373.7;;0.1181;0.1181
;US-DE;1993;p95p99;188485.0;;0.13869999;0.13869999
;US-DE;1993;p99.5p99.9;590975.88;;0.043499999;0.043499999
;US-DE;1993;p99.9p99.99;1664191.5;;0.0275;0.0275
;US-DE;1993;p99p99.5;336665.0;;0.030999999;0.030999999
;US-DE;1993;p95p100;279805.0;;0.25729999;0.25729999
;US-DE;1993;p0p90;37743.801;;0.62480003;0.62480003
;US-DE;1993;p0p99;48397.699;;0.88129997;0.88129997
;US-DE;1993;p99.5p100;953474.31;;0.087700002;0.087700002
;US-DE;1992;p0p100;152325.59;18680424375.0;1.0;1.0
;US-DE;1992;p99p100;665525.38;;0.1197;0.1197
;US-DE;1992;p99.9p100;2495855.5;;0.0449;0.0449
;US-DE;1992;p99.99p100;9297301.0;;0.0167;0.0167
;US-DE;1992;p90p100;207135.41;;0.3725;0.3725
;US-DE;1992;p90p95;131419.41;;0.1182;0.1182
;US-DE;1992;p95p99;187300.09;;0.1347;0.1347
;US-DE;1992;p99.5p99.9;610416.69;;0.043900002;0.043900002
;US-DE;1992;p99.9p99.99;1739022.9;;0.028100001;0.028100001
;US-DE;1992;p99p99.5;342529.5;;0.0308;0.0308
;US-DE;1992;p95p100;282957.69;;0.25440001;0.25440001
;US-DE;1992;p0p90;38766.801;;0.6275;0.6275
;US-DE;1992;p0p99;49441.398;;0.88029999;0.88029999
;US-DE;1992;p99.5p100;988337.19;;0.0889;0.0889
;US-DE;1991;p0p100;159572.91;18625648644.0;1.0;1.0
;US-DE;1991;p99p100;614599.5;;0.1109;0.1109
;US-DE;1991;p99.9p100;2189613.0;;0.039500002;0.039500002
;US-DE;1991;p99.99p100;7772310.5;;0.014;0.014
;US-DE;1991;p90p100;201856.59;;0.36430001;0.36430001
;US-DE;1991;p90p95;132228.41;;0.1193;0.1193
;US-DE;1991;p95p99;186038.41;;0.13429999;0.13429999
;US-DE;1991;p99.5p99.9;575367.31;;0.041499998;0.041499998
;US-DE;1991;p99.9p99.99;1568860.9;;0.0255;0.0255
;US-DE;1991;p99p99.5;330618.31;;0.0298;0.0298
;US-DE;1991;p95p100;271727.0;;0.24519999;0.24519999
;US-DE;1991;p0p90;39117.801;;0.63550001;0.63550001
;US-DE;1991;p0p99;49754.301;;0.88910002;0.88910002
;US-DE;1991;p99.5p100;898597.38;;0.081100002;0.081100002
;US-DE;1990;p0p100;172650.09;18599734906.0;1.0;1.0
;US-DE;1990;p99p100;642953.31;;0.1151;0.1151
;US-DE;1990;p99.9p100;2330433.3;;0.041700002;0.041700002
;US-DE;1990;p99.99p100;8325731.5;;0.0149;0.0149
;US-DE;1990;p90p100;204372.0;;0.36579999;0.36579999
;US-DE;1990;p90p95;128816.6;;0.1153;0.1153
;US-DE;1990;p95p99;189137.3;;0.1354;0.1354
;US-DE;1990;p99.5p99.9;603330.5;;0.043200001;0.043200001
;US-DE;1990;p99.9p99.99;1666431.3;;0.026799999;0.026799999
;US-DE;1990;p99p99.5;336754.91;;0.030099999;0.030099999
;US-DE;1990;p95p100;279944.41;;0.25060001;0.25060001
;US-DE;1990;p0p90;39365.602;;0.63419998;0.63419998
;US-DE;1990;p0p99;49934.602;;0.88489997;0.88489997
;US-DE;1990;p99.5p100;948810.69;;0.084899999;0.084899999
;US-DE;1989;p0p100;193487.41;18588050934.0;1.0;1.0
;US-DE;1989;p99p100;671213.5;;0.1182;0.1182
;US-DE;1989;p99.9p100;2504048.8;;0.044100001;0.044100001
;US-DE;1989;p99.99p100;9229273.0;;0.0162;0.0162
;US-DE;1989;p90p100;206176.41;;0.36300001;0.36300001
;US-DE;1989;p90p95;127229.5;;0.112;0.112
;US-DE;1989;p95p99;184757.2;;0.1301;0.1301
;US-DE;1989;p99.5p99.9;601218.5;;0.042300001;0.042300001
;US-DE;1989;p99.9p99.99;1715459.8;;0.0272;0.0272
;US-DE;1989;p99p99.5;338518.59;;0.0298;0.0298
;US-DE;1989;p95p100;284583.59;;0.25049999;0.25049999
;US-DE;1989;p0p90;40541.898;;0.64230001;0.64230001
;US-DE;1989;p0p99;50597.602;;0.8818;0.8818
;US-DE;1989;p99.5p100;994879.63;;0.0876;0.0876
;US-DE;1988;p0p100;211609.41;17753508205.0;1.0;1.0
;US-DE;1988;p99p100;731515.63;;0.12809999;0.12809999
;US-DE;1988;p99.9p100;2890817.5;;0.0506;0.0506
;US-DE;1988;p99.99p100;10960361.0;;0.019200001;0.019200001
;US-DE;1988;p90p100;213018.2;;0.37310001;0.37310001
;US-DE;1988;p90p95;127753.5;;0.1119;0.1119
;US-DE;1988;p95p99;185139.3;;0.12970001;0.12970001
;US-DE;1988;p99.5p99.9;639578.63;;0.044799998;0.044799998
;US-DE;1988;p99.9p99.99;1944341.9;;0.0307;0.0307
;US-DE;1988;p99p99.5;345142.5;;0.030200001;0.030200001
;US-DE;1988;p95p100;297594.91;;0.2606;0.2606
;US-DE;1988;p0p90;40187.199;;0.63349998;0.63349998
;US-DE;1988;p0p99;50279.301;;0.87190002;0.87190002
;US-DE;1988;p99.5p100;1106340.9;;0.096900001;0.096900001
;US-DE;1987;p0p100;215838.5;16459780850.0;1.0;1.0
;US-DE;1987;p99p100;580561.81;;0.1071;0.1071
;US-DE;1987;p99.9p100;2048958.3;;0.037799999;0.037799999
;US-DE;1987;p99.99p100;7278438.0;;0.0134;0.0134
;US-DE;1987;p90p100;192239.3;;0.35479999;0.35479999
;US-DE;1987;p90p95;124664.9;;0.115;0.115
;US-DE;1987;p95p99;177108.7;;0.13070001;0.13070001
;US-DE;1987;p99.5p99.9;529647.31;;0.039099999;0.039099999
;US-DE;1987;p99.9p99.99;1438535.8;;0.0239;0.0239
;US-DE;1987;p99p99.5;312173.91;;0.0288;0.0288
;US-DE;1987;p95p100;259510.59;;0.2395;0.2395
;US-DE;1987;p0p90;39070.5;;0.64899999;0.64899999
;US-DE;1987;p0p99;48866.0;;0.89289999;0.89289999
;US-DE;1987;p99.5p100;842777.88;;0.077799998;0.077799998
;US-DE;1986;p0p100;239485.41;16541868147.0;1.0;1.0
;US-DE;1986;p99p100;772216.63;;0.1373;0.1373
;US-DE;1986;p99.9p100;3326596.0;;0.059099998;0.059099998
;US-DE;1986;p99.99p100;13924025.0;;0.024800001;0.024800001
;US-DE;1986;p90p100;213702.2;;0.37990001;0.37990001
;US-DE;1986;p90p95;124237.8;;0.1104;0.1104
;US-DE;1986;p95p99;182294.59;;0.1296;0.1296
;US-DE;1986;p99.5p99.9;647205.63;;0.046;0.046
;US-DE;1986;p99.9p99.99;2092786.9;;0.033500001;0.033500001
;US-DE;1986;p99p99.5;338862.5;;0.030099999;0.030099999
;US-DE;1986;p95p100;302592.59;;0.26899999;0.26899999
;US-DE;1986;p0p90;39101.0;;0.62559998;0.62559998
;US-DE;1986;p0p99;49021.602;;0.86269999;0.86269999
;US-DE;1986;p99.5p100;1196328.8;;0.1063;0.1063
;US-DE;1985;p0p100;236597.2;15176237026.0;1.0;1.0
;US-DE;1985;p99p100;584601.38;;0.109;0.109
;US-DE;1985;p99.9p100;2283751.8;;0.042599998;0.042599998
;US-DE;1985;p99.99p100;8847643.0;;0.0165;0.0165
;US-DE;1985;p90p100;186931.2;;0.3486;0.3486
;US-DE;1985;p90p95;119525.5;;0.1115;0.1115
;US-DE;1985;p95p99;169443.09;;0.12639999;0.12639999
;US-DE;1985;p99.5p99.9;501895.69;;0.0374;0.0374
;US-DE;1985;p99.9p99.99;1500187.0;;0.0252;0.0252
;US-DE;1985;p99p99.5;294014.5;;0.0274;0.0274
;US-DE;1985;p95p100;254009.8;;0.2369;0.2369
;US-DE;1985;p0p90;39055.102;;0.65560001;0.65560001
;US-DE;1985;p0p99;48252.699;;0.89099997;0.89099997
;US-DE;1985;p99.5p100;868842.19;;0.081;0.081
;US-DE;1984;p0p100;241167.0;14234125914.0;1.0;1.0
;US-DE;1984;p99p100;554217.19;;0.1085;0.1085
;US-DE;1984;p99.9p100;2166942.5;;0.042399999;0.042399999
;US-DE;1984;p99.99p100;8742406.0;;0.017100001;0.017100001
;US-DE;1984;p90p100;181066.7;;0.35440001;0.35440001
;US-DE;1984;p90p95;117603.4;;0.1151;0.1151
;US-DE;1984;p95p99;165682.3;;0.12970001;0.12970001
;US-DE;1984;p99.5p99.9;473353.5;;0.037099998;0.037099998
;US-DE;1984;p99.9p99.99;1391092.0;;0.024499999;0.024499999
;US-DE;1984;p99p99.5;283697.19;;0.027799999;0.027799999
;US-DE;1984;p95p100;244452.7;;0.2393;0.2393
;US-DE;1984;p0p90;36820.301;;0.6487;0.6487
;US-DE;1984;p0p99;46001.699;;0.8915;0.8915
;US-DE;1984;p99.5p100;820199.13;;0.080300003;0.080300003
;US-DE;1983;p0p100;270118.41;13601214886.0;1.0;1.0
;US-DE;1983;p99p100;479371.09;;0.094700001;0.094700001
;US-DE;1983;p99.9p100;1715133.3;;0.0339;0.0339
;US-DE;1983;p99.99p100;6596974.0;;0.013;0.013
;US-DE;1983;p90p100;170168.7;;0.336;0.336
;US-DE;1983;p90p95;116680.7;;0.1152;0.1152
;US-DE;1983;p95p99;159374.3;;0.1259;0.1259
;US-DE;1983;p99.5p99.9;427582.91;;0.033799998;0.033799998
;US-DE;1983;p99.9p99.99;1149183.3;;0.020400001;0.020400001
;US-DE;1983;p99p99.5;265041.09;;0.0262;0.0262
;US-DE;1983;p95p100;223986.59;;0.2211;0.2211
;US-DE;1983;p0p90;37449.5;;0.66549999;0.66549999
;US-DE;1983;p0p99;46312.5;;0.90530002;0.90530002
;US-DE;1983;p99.5p100;690601.69;;0.0682;0.0682
;US-DE;1982;p0p100;274620.09;13261833997.0;1.0;1.0
;US-DE;1982;p99p100;508813.31;;0.103;0.103
;US-DE;1982;p99.9p100;1968068.8;;0.039900001;0.039900001
;US-DE;1982;p99.99p100;8171484.5;;0.0165;0.0165
;US-DE;1982;p90p100;175498.91;;0.3554;0.3554
;US-DE;1982;p90p95;117512.1;;0.119;0.119
;US-DE;1982;p95p99;164269.8;;0.1331;0.1331
;US-DE;1982;p99.5p99.9;446476.91;;0.036200002;0.036200002
;US-DE;1982;p99.9p99.99;1278800.3;;0.0233;0.0233
;US-DE;1982;p99p99.5;266831.31;;0.027000001;0.027000001
;US-DE;1982;p95p100;233969.59;;0.2369;0.2369
;US-DE;1982;p0p90;35383.199;;0.64490002;0.64490002
;US-DE;1982;p0p99;44738.699;;0.89700001;0.89700001
;US-DE;1982;p99.5p100;750795.31;;0.075999998;0.075999998
;US-DE;1981;p0p100;314356.19;13092350505.0;1.0;1.0
;US-DE;1981;p99p100;511788.69;;0.1018;0.1018
;US-DE;1981;p99.9p100;2138975.8;;0.0425;0.0425
;US-DE;1981;p99.99p100;9341270.0;;0.0186;0.0186
;US-DE;1981;p90p100;175471.59;;0.34900001;0.34900001
;US-DE;1981;p90p95;117204.1;;0.1166;0.1166
;US-DE;1981;p95p99;164265.59;;0.13070001;0.13070001
;US-DE;1981;p99.5p99.9;431555.41;;0.034299999;0.034299999
;US-DE;1981;p99.9p99.99;1340536.0;;0.024;0.024
;US-DE;1981;p99p99.5;252834.0;;0.0251;0.0251
;US-DE;1981;p95p100;233752.91;;0.2325;0.2325
;US-DE;1981;p0p90;36346.602;;0.65069997;0.65069997
;US-DE;1981;p0p99;45612.0;;0.89819998;0.89819998
;US-DE;1981;p99.5p100;771188.13;;0.076700002;0.076700002
;US-DE;1980;p0p100;382272.69;13221615008.0;1.0;1.0
;US-DE;1980;p99p100;526219.5;;0.1032;0.1032
;US-DE;1980;p99.9p100;2193582.5;;0.043000001;0.043000001
;US-DE;1980;p99.99p100;9033678.0;;0.0177;0.0177
;US-DE;1980;p90p100;172331.2;;0.33809999;0.33809999
;US-DE;1980;p90p95;107439.1;;0.1054;0.1054
;US-DE;1980;p95p99;165110.3;;0.1296;0.1296
;US-DE;1980;p99.5p99.9;434392.19;;0.0341;0.0341
;US-DE;1980;p99.9p99.99;1434423.8;;0.0253;0.0253
;US-DE;1980;p99p99.5;267221.81;;0.0262;0.0262
;US-DE;1980;p95p100;237308.59;;0.23280001;0.23280001
;US-DE;1980;p0p90;37471.699;;0.66170001;0.66170001
;US-DE;1980;p0p99;46168.398;;0.89679998;0.89679998
;US-DE;1980;p99.5p100;785301.5;;0.077;0.077
;US-DE;1979;p0p100;469854.91;12976300338.0;1.0;1.0
;US-DE;1979;p99p100;521570.69;;0.1028;0.1028
;US-DE;1979;p99.9p100;2218370.5;;0.043699998;0.043699998
;US-DE;1979;p99.99p100;9998195.0;;0.0197;0.0197
;US-DE;1979;p90p100;173875.41;;0.34259999;0.34259999
;US-DE;1979;p90p95;109692.0;;0.1081;0.1081
;US-DE;1979;p95p99;167384.59;;0.1319;0.1319
;US-DE;1979;p99.5p99.9;432505.31;;0.0341;0.0341
;US-DE;1979;p99.9p99.99;1354766.6;;0.024;0.024
;US-DE;1979;p99p99.5;253310.7;;0.025;0.025
;US-DE;1979;p95p100;238225.09;;0.23469999;0.23469999
;US-DE;1979;p0p90;37063.102;;0.65719998;0.65719998
;US-DE;1979;p0p99;45996.699;;0.89719999;0.89719999
;US-DE;1979;p99.5p100;789088.63;;0.077699997;0.077699997
;US-DE;1978;p0p100;567043.19;12646377975.0;1.0;1.0
;US-DE;1978;p99p100;476334.31;;0.093400002;0.093400002
;US-DE;1978;p99.9p100;1938775.1;;0.037999999;0.037999999
;US-DE;1978;p99.99p100;7626914.5;;0.015;0.015
;US-DE;1978;p90p100;169863.0;;0.333;0.333
;US-DE;1978;p90p95;110244.2;;0.1081;0.1081
;US-DE;1978;p95p99;168013.91;;0.13169999;0.13169999
;US-DE;1978;p99.5p99.9;407270.41;;0.0319;0.0319
;US-DE;1978;p99.9p99.99;1308151.1;;0.0231;0.0231
;US-DE;1978;p99p99.5;239835.5;;0.023499999;0.023499999
;US-DE;1978;p95p100;229728.09;;0.2252;0.2252
;US-DE;1978;p0p90;37788.102;;0.66670001;0.66670001
;US-DE;1978;p0p99;46714.102;;0.9066;0.9066
;US-DE;1978;p99.5p100;712350.0;;0.069799997;0.069799997
;US-DE;1977;p0p100;655987.38;12353685035.0;1.0;1.0
;US-DE;1977;p99p100;468441.19;;0.091899998;0.091899998
;US-DE;1977;p99.9p100;1829692.3;;0.0359;0.0359
;US-DE;1977;p99.99p100;7410224.0;;0.0145;0.0145
;US-DE;1977;p90p100;169380.41;;0.33230001;0.33230001
;US-DE;1977;p90p95;117455.0;;0.1152;0.1152
;US-DE;1977;p95p99;159549.3;;0.1252;0.1252
;US-DE;1977;p99.5p99.9;411110.5;;0.032299999;0.032299999
;US-DE;1977;p99.9p99.99;1211257.6;;0.021400001;0.021400001
;US-DE;1977;p99p99.5;242536.0;;0.023800001;0.023800001
;US-DE;1977;p95p100;221311.91;;0.21709999;0.21709999
;US-DE;1977;p0p90;37817.301;;0.66759998;0.66759998
;US-DE;1977;p0p99;46761.801;;0.90810001;0.90810001
;US-DE;1977;p99.5p100;694050.19;;0.068099998;0.068099998
;US-DE;1976;p0p100;757869.19;12306730624.0;1.0;1.0
;US-DE;1976;p99p100;472751.0;;0.090999998;0.090999998
;US-DE;1976;p99.9p100;1799534.8;;0.034699999;0.034699999
;US-DE;1976;p99.99p100;7144192.5;;0.0138;0.0138
;US-DE;1976;p90p100;166969.91;;0.32159999;0.32159999
;US-DE;1976;p90p95;112127.5;;0.108;0.108
;US-DE;1976;p95p99;159059.09;;0.1225;0.1225
;US-DE;1976;p99.5p99.9;398100.41;;0.0307;0.0307
;US-DE;1976;p99.9p99.99;1205234.9;;0.0209;0.0209
;US-DE;1976;p99p99.5;268308.5;;0.025800001;0.025800001
;US-DE;1976;p95p100;221799.7;;0.21359999;0.21359999
;US-DE;1976;p0p90;39135.398;;0.67830002;0.67830002
;US-DE;1976;p0p99;47672.898;;0.90899998;0.90899998
;US-DE;1976;p99.5p100;677284.13;;0.065200001;0.065200001
;US-DE;1975;p0p100;826373.69;11741114245.0;1.0;1.0
;US-DE;1975;p99p100;451884.31;;0.089299999;0.089299999
;US-DE;1975;p99.9p100;1592183.8;;0.031500001;0.031500001
;US-DE;1975;p99.99p100;6122226.0;;0.0121;0.0121
;US-DE;1975;p90p100;165637.59;;0.3272;0.3272
;US-DE;1975;p90p95;114214.1;;0.1128;0.1128
;US-DE;1975;p95p99;158359.41;;0.1251;0.1251
;US-DE;1975;p99.5p99.9;388413.0;;0.0307;0.0307
;US-DE;1975;p99.9p99.99;1087837.3;;0.019300001;0.019300001
;US-DE;1975;p99p99.5;275793.91;;0.0272;0.0272
;US-DE;1975;p95p100;217067.91;;0.21439999;0.21439999
;US-DE;1975;p0p90;37830.0;;0.67269999;0.67269999
;US-DE;1975;p0p99;46562.801;;0.91070002;0.91070002
;US-DE;1975;p99.5p100;628089.81;;0.061999999;0.061999999
;US-DE;1974;p0p100;1055902.8;12325586817.0;1.0;1.0
;US-DE;1974;p99p100;521925.5;;0.096100003;0.096100003
;US-DE;1974;p99.9p100;1665027.4;;0.0307;0.0307
;US-DE;1974;p99.99p100;5706506.5;;0.0105;0.0105
;US-DE;1974;p90p100;178565.5;;0.32879999;0.32879999
;US-DE;1974;p90p95;115278.6;;0.1061;0.1061
;US-DE;1974;p95p99;172318.2;;0.1269;0.1269
;US-DE;1974;p99.5p99.9;506130.5;;0.037300002;0.037300002
;US-DE;1974;p99.9p99.99;1223577.8;;0.020300001;0.020300001
;US-DE;1974;p99p99.5;309347.69;;0.0285;0.0285
;US-DE;1974;p95p100;241823.09;;0.2226;0.2226
;US-DE;1974;p0p90;40453.699;;0.67040002;0.67040002
;US-DE;1974;p0p99;49584.699;;0.90390003;0.90390003
;US-DE;1974;p99.5p100;735835.19;;0.067699999;0.067699999
;US-DE;1973;p0p100;1347168.9;12489518653.0;1.0;1.0
;US-DE;1973;p99p100;628223.88;;0.1118;0.1118
;US-DE;1973;p99.9p100;2776782.0;;0.049400002;0.049400002
;US-DE;1973;p99.99p100;12627170.0;;0.022500001;0.022500001
;US-DE;1973;p90p100;187829.09;;0.33419999;0.33419999
;US-DE;1973;p90p95;114314.9;;0.1017;0.1017
;US-DE;1973;p95p99;169596.7;;0.1207;0.1207
;US-DE;1973;p99.5p99.9;480255.5;;0.034200002;0.034200002
;US-DE;1973;p99.9p99.99;1684832.0;;0.027000001;0.027000001
;US-DE;1973;p99p99.5;318573.31;;0.0283;0.0283
;US-DE;1973;p95p100;261305.3;;0.2325;0.2325
;US-DE;1973;p0p90;41563.602;;0.6656;0.6656
;US-DE;1973;p0p99;50421.801;;0.88819999;0.88819999
;US-DE;1973;p99.5p100;939640.81;;0.0836;0.0836
;US-DE;1972;p0p100;1495891.5;12031853471.0;1.0;1.0
;US-DE;1972;p99p100;627275.0;;0.1134;0.1134
;US-DE;1972;p99.9p100;2993971.5;;0.054099999;0.054099999
;US-DE;1972;p99.99p100;12382620.0;;0.022399999;0.022399999
;US-DE;1972;p90p100;181941.91;;0.329;0.329
;US-DE;1972;p90p95;111116.4;;0.1004;0.1004
;US-DE;1972;p95p99;159111.3;;0.1151;0.1151
;US-DE;1972;p99.5p99.9;471745.69;;0.0341;0.0341
;US-DE;1972;p99.9p99.99;1951066.9;;0.0317;0.0317
;US-DE;1972;p99p99.5;280423.31;;0.0254;0.0254
;US-DE;1972;p95p100;252735.41;;0.22849999;0.22849999
;US-DE;1972;p0p90;41228.699;;0.67089999;0.67089999
;US-DE;1972;p0p99;49532.0;;0.88660002;0.88660002
;US-DE;1972;p99.5p100;974126.81;;0.088100001;0.088100001
;US-DE;1971;p0p100;1536954.3;11347430569.0;1.0;1.0
;US-DE;1971;p99p100;599861.13;;0.1124;0.1124
;US-DE;1971;p99.9p100;2673166.0;;0.050099999;0.050099999
;US-DE;1971;p99.99p100;10790800.0;;0.020199999;0.020199999
;US-DE;1971;p90p100;178248.0;;0.33410001;0.33410001
;US-DE;1971;p90p95;109851.2;;0.103;0.103
;US-DE;1971;p95p99;158240.59;;0.1186;0.1186
;US-DE;1971;p99.5p99.9;455847.41;;0.034200002;0.034200002
;US-DE;1971;p99.9p99.99;1770878.4;;0.029899999;0.029899999
;US-DE;1971;p99p99.5;302335.5;;0.0283;0.0283
;US-DE;1971;p95p100;246583.8;;0.23109999;0.23109999
;US-DE;1971;p0p90;39464.301;;0.66579998;0.66579998
;US-DE;1971;p0p99;47827.602;;0.8876;0.8876
;US-DE;1971;p99.5p100;897741.81;;0.084100001;0.084100001
;US-DE;1970;p0p100;1647285.5;10894170444.0;1.0;1.0
;US-DE;1970;p99p100;602419.81;;0.1148;0.1148
;US-DE;1970;p99.9p100;2751462.5;;0.0524;0.0524
;US-DE;1970;p99.99p100;11321208.0;;0.021600001;0.021600001
;US-DE;1970;p90p100;177396.7;;0.338;0.338
;US-DE;1970;p90p95;105036.2;;0.1001;0.1001
;US-DE;1970;p95p99;161323.09;;0.123;0.123
;US-DE;1970;p99.5p99.9;455994.41;;0.0348;0.0348
;US-DE;1970;p99.9p99.99;1800590.9;;0.0309;0.0309
;US-DE;1970;p99p99.5;292201.31;;0.027799999;0.027799999
;US-DE;1970;p95p100;249620.09;;0.2378;0.2378
;US-DE;1970;p0p90;38595.398;;0.66189998;0.66189998
;US-DE;1970;p0p99;46923.301;;0.88520002;0.88520002
;US-DE;1970;p99.5p100;913277.31;;0.086999997;0.086999997
;US-DE;1969;p0p100;1896277.4;10988589671.0;1.0;1.0
;US-DE;1969;p99p100;729187.0;;0.1349;0.1349
;US-DE;1969;p99.9p100;3764116.5;;0.069600001;0.069600001
;US-DE;1969;p99.99p100;16186204.0;;0.029899999;0.029899999
;US-DE;1969;p90p100;187047.41;;0.3461;0.3461
;US-DE;1969;p90p95;101189.7;;0.093599997;0.093599997
;US-DE;1969;p95p99;158573.0;;0.1174;0.1174
;US-DE;1969;p99.5p99.9;519942.31;;0.0385;0.0385
;US-DE;1969;p99.9p99.99;2383183.0;;0.039700001;0.039700001
;US-DE;1969;p99p99.5;290178.19;;0.026799999;0.026799999
;US-DE;1969;p95p100;272821.0;;0.25240001;0.25240001
;US-DE;1969;p0p90;39279.602;;0.6541;0.6541
;US-DE;1969;p0p99;47228.602;;0.86510003;0.86510003
;US-DE;1969;p99.5p100;1167508.3;;0.108;0.108
;US-DE;1968;p0p100;2104773.8;10760120186.0;1.0;1.0
;US-DE;1968;p99p100;782774.13;;0.1451;0.1451
;US-DE;1968;p99.9p100;3925311.5;;0.072800003;0.072800003
;US-DE;1968;p99.99p100;15817459.0;;0.029300001;0.029300001
;US-DE;1968;p90p100;196888.91;;0.36500001;0.36500001
;US-DE;1968;p90p95;103229.4;;0.095700003;0.095700003
;US-DE;1968;p95p99;167688.7;;0.1244;0.1244
;US-DE;1968;p99.5p99.9;581138.81;;0.043099999;0.043099999
;US-DE;1968;p99.9p99.99;2603754.3;;0.043400001;0.043400001
;US-DE;1968;p99p99.5;315260.69;;0.029200001;0.029200001
;US-DE;1968;p95p100;290659.91;;0.2694;0.2694
;US-DE;1968;p0p90;38050.0;;0.63489997;0.63489997
;US-DE;1968;p0p99;46578.0;;0.8549;0.8549
;US-DE;1968;p99.5p100;1250833.1;;0.1159;0.1159
;US-DE;1967;p0p100;2217168.5;10241907654.0;1.0;1.0
;US-DE;1967;p99p100;804944.19;;0.1538;0.1538
;US-DE;1967;p99.9p100;4214076.0;;0.080499999;0.080499999
;US-DE;1967;p99.99p100;22239448.0;;0.0425;0.0425
;US-DE;1967;p90p100;196337.7;;0.37509999;0.37509999
;US-DE;1967;p90p95;101918.2;;0.097400002;0.097400002
;US-DE;1967;p95p99;161662.3;;0.1235;0.1235
;US-DE;1967;p99.5p99.9;578786.69;;0.044199999;0.044199999
;US-DE;1967;p99.9p99.99;2206600.3;;0.037900001;0.037900001
;US-DE;1967;p99p99.5;303850.0;;0.028999999;0.028999999
;US-DE;1967;p95p100;290517.81;;0.2775;0.2775
;US-DE;1967;p0p90;36371.0;;0.62540001;0.62540001
;US-DE;1967;p0p99;44738.5;;0.84619999;0.84619999
;US-DE;1967;p99.5p100;1305584.4;;0.1247;0.1247
;US-DE;1966;p0p100;2296239.8;9781908241.0;1.0;1.0
;US-DE;1966;p99p100;859268.5;;0.16850001;0.16850001
;US-DE;1966;p99.9p100;4838437.0;;0.094899997;0.094899997
;US-DE;1966;p99.99p100;19933694.0;;0.039099999;0.039099999
;US-DE;1966;p90p100;198824.3;;0.38980001;0.38980001
;US-DE;1966;p90p95;100349.6;;0.098399997;0.098399997
;US-DE;1966;p95p99;155236.0;;0.1217;0.1217
;US-DE;1966;p99.5p99.9;580860.31;;0.045499999;0.045499999
;US-DE;1966;p99.9p99.99;3160406.8;;0.055799998;0.055799998
;US-DE;1966;p99p99.5;296148.09;;0.028999999;0.028999999
;US-DE;1966;p95p100;296241.41;;0.2904;0.2904
;US-DE;1966;p0p90;34601.102;;0.61049998;0.61049998
;US-DE;1966;p0p99;42845.602;;0.83149999;0.83149999
;US-DE;1966;p99.5p100;1424857.8;;0.1397;0.1397
;US-DE;1965;p0p100;2432393.5;9591653137.0;1.0;1.0
;US-DE;1965;p99p100;1341726.3;;0.26269999;0.26269999
;US-DE;1965;p99.9p100;9250781.0;;0.1811;0.1811
;US-DE;1965;p99.99p100;47133820.0;;0.092299998;0.092299998
;US-DE;1965;p90p100;249533.59;;0.48859999;0.48859999
;US-DE;1965;p90p95;97092.297;;0.095100001;0.095100001
;US-DE;1965;p95p99;167349.41;;0.1311;0.1311
;US-DE;1965;p99.5p99.9;634682.69;;0.049699999;0.049699999
;US-DE;1965;p99.9p99.99;5053464.0;;0.089000002;0.089000002
;US-DE;1965;p99p99.5;333217.19;;0.032600001;0.032600001
;US-DE;1965;p95p100;402071.5;;0.39359999;0.39359999
;US-DE;1965;p0p90;28954.801;;0.51020002;0.51020002
;US-DE;1965;p0p99;38037.301;;0.73729998;0.73729998
;US-DE;1965;p99.5p100;2352343.3;;0.23029999;0.23029999
;US-DE;1964;p0p100;2374937.0;8873728892.0;1.0;1.0
;US-DE;1964;p99p100;1172408.4;;0.2427;0.2427
;US-DE;1964;p99.9p100;7961087.5;;0.1648;0.1648
;US-DE;1964;p99.99p100;40601664.0;;0.084100001;0.084100001
;US-DE;1964;p90p100;226416.41;;0.46880001;0.46880001
;US-DE;1964;p90p95;88841.703;;0.092;0.092
;US-DE;1964;p95p99;161530.41;;0.1338;0.1338
;US-DE;1964;p99.5p99.9;559266.81;;0.046300001;0.046300001
;US-DE;1964;p99.9p99.99;4339328.0;;0.080899999;0.080899999
;US-DE;1964;p99p99.5;314337.5;;0.032499999;0.032499999
;US-DE;1964;p95p100;364354.81;;0.37720001;0.37720001
;US-DE;1964;p0p90;28466.199;;0.53049999;0.53049999
;US-DE;1964;p0p99;36942.602;;0.75730002;0.75730002
;US-DE;1964;p99.5p100;2036619.4;;0.21080001;0.21080001
;US-DE;1963;p0p100;2319567.3;8249987137.0;1.0;1.0
;US-DE;1963;p99p100;863944.5;;0.18799999;0.18799999
;US-DE;1963;p99.9p100;5265533.0;;0.1146;0.1146
;US-DE;1963;p99.99p100;24506382.0;;0.053300001;0.053300001
;US-DE;1963;p90p100;185640.3;;0.4039;0.4039
;US-DE;1963;p90p95;86957.602;;0.094599999;0.094599999
;US-DE;1963;p95p99;139411.91;;0.1213;0.1213
;US-DE;1963;p99.5p99.9;520332.59;;0.045299999;0.045299999
;US-DE;1963;p99.9p99.99;3119362.0;;0.061099999;0.061099999
;US-DE;1963;p99p99.5;264534.31;;0.0288;0.0288
;US-DE;1963;p95p100;284318.5;;0.30930001;0.30930001
;US-DE;1963;p0p90;30417.0;;0.59560001;0.59560001
;US-DE;1963;p0p99;37699.301;;0.81199998;0.81199998
;US-DE;1963;p99.5p100;1463459.1;;0.1592;0.1592
;US-DE;1962;p0p100;2283499.0;7724254430.0;1.0;1.0
;US-DE;1962;p99p100;845336.13;;0.1918;0.1918
;US-DE;1962;p99.9p100;5241625.0;;0.1189;0.1189
;US-DE;1962;p99.99p100;24498472.0;;0.055599999;0.055599999
;US-DE;1962;p90p100;179312.7;;0.40689999;0.40689999
;US-DE;1962;p90p95;84191.0;;0.0955;0.0955
;US-DE;1962;p95p99;131705.8;;0.1195;0.1195
;US-DE;1962;p99.5p99.9;497191.0;;0.0451;0.0451
;US-DE;1962;p99.9p99.99;3088108.0;;0.063100003;0.063100003
;US-DE;1962;p99p99.5;253935.91;;0.0288;0.0288
;US-DE;1962;p95p100;274430.41;;0.31130001;0.31130001
;US-DE;1962;p0p90;29007.199;;0.59240001;0.59240001
;US-DE;1962;p0p99;35978.301;;0.8082;0.8082
;US-DE;1962;p99.5p100;1436848.3;;0.163;0.163
;US-DE;1961;p0p100;2306807.5;7460881980.0;1.0;1.0
;US-DE;1961;p99p100;846203.81;;0.1939;0.1939
;US-DE;1961;p99.9p100;5339553.5;;0.1224;0.1224
;US-DE;1961;p99.99p100;25702146.0;;0.058899999;0.058899999
;US-DE;1961;p90p100;177099.8;;0.40580001;0.40580001
;US-DE;1961;p90p95;81654.5;;0.093599997;0.093599997
;US-DE;1961;p95p99;129087.0;;0.1183;0.1183
;US-DE;1961;p99.5p99.9;481702.5;;0.044199999;0.044199999
;US-DE;1961;p99.9p99.99;3073077.8;;0.0634;0.0634
;US-DE;1961;p99p99.5;240861.91;;0.0276;0.0276
;US-DE;1961;p95p100;272534.91;;0.31220001;0.31220001
;US-DE;1961;p0p90;28809.199;;0.5941;0.5941
;US-DE;1961;p0p99;35534.898;;0.80610001;0.80610001
;US-DE;1961;p99.5p100;1451478.4;;0.1663;0.1663
;US-DE;1960;p0p100;2347619.5;7249419395.0;1.0;1.0
;US-DE;1960;p99p100;798348.13;;0.18340001;0.18340001
;US-DE;1960;p99.9p100;5044551.0;;0.1159;0.1159
;US-DE;1960;p99.99p100;23668272.0;;0.054400001;0.054400001
;US-DE;1960;p90p100;180632.09;;0.41499999;0.41499999
;US-DE;1960;p90p95;80924.203;;0.093000002;0.093000002
;US-DE;1960;p95p99;150829.09;;0.13860001;0.13860001
;US-DE;1960;p99.5p99.9;482081.19;;0.044300001;0.044300001
;US-DE;1960;p99.9p99.99;2961509.0;;0.0612;0.0612
;US-DE;1960;p99p99.5;210861.0;;0.0242;0.0242
;US-DE;1960;p95p100;280344.41;;0.322;0.322
;US-DE;1960;p0p90;28258.6;;0.58429998;0.58429998
;US-DE;1960;p0p99;35902.5;;0.81660002;0.81660002
;US-DE;1960;p99.5p100;1385937.5;;0.1592;0.1592
;US-DE;1959;p0p100;2429634.3;7097314222.0;1.0;1.0
;US-DE;1959;p99p100;893116.19;;0.2051;0.2051
;US-DE;1959;p99.9p100;5470604.0;;0.1256;0.1256
;US-DE;1959;p99.99p100;25347498.0;;0.058200002;0.058200002
;US-DE;1959;p90p100;183918.2;;0.4224;0.4224
;US-DE;1959;p90p95;79382.602;;0.091200002;0.091200002
;US-DE;1959;p95p99;137243.5;;0.1261;0.1261
;US-DE;1959;p99.5p99.9;545303.31;;0.050099999;0.050099999
;US-DE;1959;p99.9p99.99;3254741.0;;0.067299999;0.067299999
;US-DE;1959;p99p99.5;259895.8;;0.0298;0.0298
;US-DE;1959;p95p100;288443.41;;0.33129999;0.33129999
;US-DE;1959;p0p90;27927.699;;0.57730001;0.57730001
;US-DE;1959;p0p99;34956.898;;0.7949;0.7949
;US-DE;1959;p99.5p100;1526239.9;;0.1753;0.1753
;US-DE;1958;p0p100;2390150.0;6732643251.0;1.0;1.0
;US-DE;1958;p99p100;836286.63;;0.198;0.198
;US-DE;1958;p99.9p100;5059843.0;;0.1198;0.1198
;US-DE;1958;p99.99p100;22890858.0;;0.054200001;0.054200001
;US-DE;1958;p90p100;173062.91;;0.40970001;0.40970001
;US-DE;1958;p90p95;78809.203;;0.0933;0.0933
;US-DE;1958;p95p99;125053.3;;0.1184;0.1184
;US-DE;1958;p99.5p99.9;517326.09;;0.048999999;0.048999999
;US-DE;1958;p99.9p99.99;3067457.3;;0.065399997;0.065399997
;US-DE;1958;p99p99.5;253826.91;;0.029999999;0.029999999
;US-DE;1958;p95p100;267307.0;;0.31639999;0.31639999
;US-DE;1958;p0p90;27681.6;;0.58969998;0.58969998
;US-DE;1958;p0p99;34223.602;;0.80199999;0.80199999
;US-DE;1958;p99.5p100;1418773.9;;0.1679;0.1679
;US-DE;1957;p0p100;2611414.0;6813260536.0;1.0;1.0
;US-DE;1957;p99p100;874649.81;;0.2;0.2
;US-DE;1957;p99.9p100;5394577.0;;0.1233;0.1233
;US-DE;1957;p99.99p100;23416374.0;;0.0535;0.0535
;US-DE;1957;p90p100;187098.5;;0.4278;0.4278
;US-DE;1957;p90p95;80232.898;;0.091700003;0.091700003
;US-DE;1957;p95p99;148768.7;;0.13609999;0.13609999
;US-DE;1957;p99.5p99.9;538888.69;;0.0493;0.0493
;US-DE;1957;p99.9p99.99;3384417.8;;0.069600001;0.069600001
;US-DE;1957;p99p99.5;244747.8;;0.028000001;0.028000001
;US-DE;1957;p95p100;293956.0;;0.33610001;0.33610001
;US-DE;1957;p0p90;27785.1;;0.57179999;0.57179999
;US-DE;1957;p0p99;35342.801;;0.80000001;0.80000001
;US-DE;1957;p99.5p100;1504597.8;;0.17200001;0.17200001
;US-DE;1956;p0p100;2989311.5;7096597311.0;1.0;1.0
;US-DE;1956;p99p100;951187.13;;0.20379999;0.20379999
;US-DE;1956;p99.9p100;5987034.5;;0.1283;0.1283
;US-DE;1956;p99.99p100;26024796.0;;0.055799998;0.055799998
;US-DE;1956;p90p100;190015.3;;0.40709999;0.40709999
;US-DE;1956;p90p95;82477.5;;0.088299997;0.088299997
;US-DE;1956;p95p99;131835.0;;0.113;0.113
;US-DE;1956;p99.5p99.9;554702.69;;0.047499999;0.047499999
;US-DE;1956;p99.9p99.99;3747985.3;;0.072300002;0.072300002
;US-DE;1956;p99p99.5;271598.91;;0.029100001;0.029100001
;US-DE;1956;p95p100;295699.09;;0.31670001;0.31670001
;US-DE;1956;p0p90;30810.9;;0.59399998;0.59399998
;US-DE;1956;p0p99;37543.102;;0.79619998;0.79619998
;US-DE;1956;p99.5p100;1630830.9;;0.17470001;0.17470001
;US-DE;1955;p0p100;2821108.5;6345257484.0;1.0;1.0
;US-DE;1955;p99p100;1098180.6;;0.2568;0.2568
;US-DE;1955;p99.9p100;7105198.5;;0.1662;0.1662
;US-DE;1955;p99.99p100;29905932.0;;0.069899999;0.069899999
;US-DE;1955;p90p100;202079.7;;0.4725;0.4725
;US-DE;1955;p90p95;78468.602;;0.091700003;0.091700003
;US-DE;1955;p95p99;127736.4;;0.1195;0.1195
;US-DE;1955;p99.5p99.9;626865.88;;0.058600001;0.058600001
;US-DE;1955;p99.9p99.99;4571129.5;;0.096199997;0.096199997
;US-DE;1955;p99p99.5;273728.81;;0.032000002;0.032000002
;US-DE;1955;p95p100;322063.41;;0.3766;0.3766
;US-DE;1955;p0p90;25277.9;;0.53200001;0.53200001
;US-DE;1955;p0p99;32102.9;;0.7432;0.7432
;US-DE;1955;p99.5p100;1922626.3;;0.22480001;0.22480001
;US-DE;1954;p0p100;2491459.5;5509592546.0;1.0;1.0
;US-DE;1954;p99p100;884629.38;;0.2325;0.2325
;US-DE;1954;p99.9p100;5109786.5;;0.13429999;0.13429999
;US-DE;1954;p99.99p100;24641582.0;;0.064800002;0.064800002
;US-DE;1954;p90p100;174833.41;;0.45950001;0.45950001
;US-DE;1954;p90p95;72370.797;;0.095100001;0.095100001
;US-DE;1954;p95p99;120145.2;;0.12630001;0.12630001
;US-DE;1954;p99.5p99.9;608792.31;;0.064000003;0.064000003
;US-DE;1954;p99.9p99.99;2939241.3;;0.069499999;0.069499999
;US-DE;1954;p99p99.5;260229.7;;0.034200002;0.034200002
;US-DE;1954;p95p100;273506.31;;0.3594;0.3594
;US-DE;1954;p0p90;23088.5;;0.54610002;0.54610002
;US-DE;1954;p0p99;29498.5;;0.76749998;0.76749998
;US-DE;1954;p99.5p100;1509017.4;;0.1983;0.1983
;US-DE;1953;p0p100;2501195.0;5343439509.0;1.0;1.0
;US-DE;1953;p99p100;767524.81;;0.20290001;0.20290001
;US-DE;1953;p99.9p100;4516832.5;;0.1194;0.1194
;US-DE;1953;p99.99p100;21096932.0;;0.055799998;0.055799998
;US-DE;1953;p90p100;162304.0;;0.42919999;0.42919999
;US-DE;1953;p90p95;70630.297;;0.093400002;0.093400002
;US-DE;1953;p95p99;120191.7;;0.12710001;0.12710001
;US-DE;1953;p99.5p99.9;492721.59;;0.052099999;0.052099999
;US-DE;1953;p99.9p99.99;2656686.0;;0.063199997;0.063199997
;US-DE;1953;p99p99.5;234285.91;;0.030999999;0.030999999
;US-DE;1953;p95p100;250224.59;;0.3308;0.3308
;US-DE;1953;p0p90;24264.0;;0.57740003;0.57740003
;US-DE;1953;p0p99;30449.0;;0.79710001;0.79710001
;US-DE;1953;p99.5p100;1300035.8;;0.1719;0.1719
;US-DE;1952;p0p100;2464037.3;5063790726.0;1.0;1.0
;US-DE;1952;p99p100;747743.88;;0.20370001;0.20370001
;US-DE;1952;p99.9p100;4140243.3;;0.1128;0.1128
;US-DE;1952;p99.99p100;17870676.0;;0.048700001;0.048700001
;US-DE;1952;p90p100;162753.8;;0.4434;0.4434
;US-DE;1952;p90p95;74627.5;;0.1017;0.1017
;US-DE;1952;p95p99;122079.6;;0.1331;0.1331
;US-DE;1952;p99.5p99.9;514839.0;;0.0561;0.0561
;US-DE;1952;p99.9p99.99;2600833.0;;0.0638;0.0638
;US-DE;1952;p99p99.5;252624.91;;0.034400001;0.034400001
;US-DE;1952;p95p100;247837.2;;0.33759999;0.33759999
;US-DE;1952;p0p90;22930.0;;0.56230003;0.56230003
;US-DE;1952;p0p99;29519.6;;0.79629999;0.79629999
;US-DE;1952;p99.5p100;1242218.5;;0.1692;0.1692
;US-DE;1951;p0p100;2515329.5;4830603033.0;1.0;1.0
;US-DE;1951;p99p100;889275.13;;0.24779999;0.24779999
;US-DE;1951;p99.9p100;5394444.5;;0.1503;0.1503
;US-DE;1951;p99.99p100;18977238.0;;0.052900001;0.052900001
;US-DE;1951;p90p100;162932.41;;0.45410001;0.45410001
;US-DE;1951;p90p95;58340.0;;0.081299998;0.081299998
;US-DE;1951;p95p99;122172.7;;0.1362;0.1362
;US-DE;1951;p99.5p99.9;609593.63;;0.068000004;0.068000004
;US-DE;1951;p99.9p99.99;3838221.8;;0.096299998;0.096299998
;US-DE;1951;p99p99.5;276953.59;;0.038600001;0.038600001
;US-DE;1951;p95p100;271630.5;;0.37850001;0.37850001
;US-DE;1951;p0p99;19092.4;;0.52679998;0.52679998
;US-DE;1951;p99.5p100;1521252.8;;0.212;0.212
;US-DE;1950;p0p100;3040322.5;4892914708.0;1.0;1.0
;US-DE;1950;p99p100;1152697.9;;0.30950001;0.30950001
;US-DE;1950;p99.9p100;7489068.5;;0.20110001;0.20110001
;US-DE;1950;p99.99p100;27992892.0;;0.075199999;0.075199999
;US-DE;1950;p90p100;189238.09;;0.50809997;0.50809997
;US-DE;1950;p90p95;55808.199;;0.074900001;0.074900001
;US-DE;1950;p95p99;115164.7;;0.1237;0.1237
;US-DE;1950;p99.5p99.9;654276.63;;0.070299998;0.070299998
;US-DE;1950;p99.9p99.99;4913037.5;;0.1187;0.1187
;US-DE;1950;p99p99.5;276913.59;;0.0372;0.0372
;US-DE;1950;p95p100;324142.09;;0.43509999;0.43509999
;US-DE;1950;p0p90;20697.5;;0.50010002;0.50010002
;US-DE;1950;p0p99;25980.301;;0.69050002;0.69050002
;US-DE;1950;p99.5p100;2026827.3;;0.2721;0.2721
;US-DE;1949;p0p100;2683030.5;4157191815.0;1.0;1.0
;US-DE;1949;p99p100;818889.38;;0.25400001;0.25400001
;US-DE;1949;p99.9p100;4959807.5;;0.1539;0.1539
;US-DE;1949;p99.99p100;22564078.0;;0.07;0.07
;US-DE;1949;p90p100;152843.0;;0.47420001;0.47420001
;US-DE;1949;p90p95;57356.699;;0.089000002;0.089000002
;US-DE;1949;p95p99;105904.7;;0.1314;0.1314
;US-DE;1949;p99.5p99.9;512916.69;;0.063600004;0.063600004
;US-DE;1949;p99.9p99.99;3003406.3;;0.083899997;0.083899997
;US-DE;1949;p99p99.5;235549.5;;0.036499999;0.036499999
;US-DE;1949;p95p100;249280.2;;0.3867;0.3867
;US-DE;1949;p0p90;18824.6;;0.52560002;0.52560002
;US-DE;1949;p0p99;24289.1;;0.74599999;0.74599999
;US-DE;1949;p99.5p100;1402288.3;;0.2175;0.2175
;US-DE;1948;p0p100;2452294.0;3815059831.0;1.0;1.0
;US-DE;1948;p99p100;677607.13;;0.2255;0.2255
;US-DE;1948;p99.9p100;3695552.5;;0.123;0.123
;US-DE;1948;p99.99p100;16581892.0;;0.055199999;0.055199999
;US-DE;1948;p90p100;132608.0;;0.44139999;0.44139999
;US-DE;1948;p90p95;48803.0;;0.081200004;0.081200004
;US-DE;1948;p95p99;101211.7;;0.1348;0.1348
;US-DE;1948;p99.5p99.9;487470.81;;0.064900003;0.064900003
;US-DE;1948;p99.9p99.99;2263452.0;;0.0678;0.0678
;US-DE;1948;p99p99.5;226036.2;;0.037599999;0.037599999
;US-DE;1948;p95p100;216676.09;;0.36059999;0.36059999
;US-DE;1948;p0p90;18643.9;;0.55849999;0.55849999
;US-DE;1948;p0p99;23502.4;;0.77450001;0.77450001
;US-DE;1948;p99.5p100;1129127.0;;0.18790001;0.18790001
;US-DE;1947;p0p100;2966204.5;3911295992.0;1.0;1.0
;US-DE;1947;p99p100;662738.38;;0.21179999;0.21179999
;US-DE;1947;p99.9p100;3645438.5;;0.1165;0.1165
;US-DE;1947;p99.99p100;17596976.0;;0.056200001;0.056200001
;US-DE;1947;p90p100;133779.5;;0.4276;0.4276
;US-DE;1947;p90p95;54320.398;;0.086800002;0.086800002
;US-DE;1947;p95p99;100715.5;;0.1288;0.1288
;US-DE;1947;p99.5p99.9;466800.81;;0.059700001;0.059700001
;US-DE;1947;p99.9p99.99;2094331.1;;0.060199998;0.060199998
;US-DE;1947;p99p99.5;223180.09;;0.035700001;0.035700001
;US-DE;1947;p95p100;213221.59;;0.34079999;0.34079999
;US-DE;1947;p0p90;19904.9;;0.57260001;0.57260001
;US-DE;1947;p0p99;24908.4;;0.78820002;0.78820002
;US-DE;1947;p99.5p100;1102558.3;;0.1762;0.1762
;US-DE;1946;p0p100;3924309.5;3887003304.0;1.0;1.0
;US-DE;1946;p99p100;720849.0;;0.2278;0.2278
;US-DE;1946;p99.9p100;3897257.3;;0.1231;0.1231
;US-DE;1946;p99.99p100;17205030.0;;0.054400001;0.054400001
;US-DE;1946;p90p100;142468.7;;0.4501;0.4501
;US-DE;1946;p90p95;58565.301;;0.092500001;0.092500001
;US-DE;1946;p95p99;102666.3;;0.12970001;0.12970001
;US-DE;1946;p99.5p99.9;521575.19;;0.065899998;0.065899998
;US-DE;1946;p99.9p99.99;2418328.5;;0.068800002;0.068800002
;US-DE;1946;p99p99.5;245370.5;;0.038800001;0.038800001
;US-DE;1946;p95p100;226365.3;;0.3576;0.3576
;US-DE;1946;p0p90;19339.5;;0.5499;0.5499
;US-DE;1946;p0p99;24689.0;;0.77219999;0.77219999
;US-DE;1946;p99.5p100;1196724.3;;0.1891;0.1891
;US-DE;1945;p0p100;4702864.5;3918151743.0;1.0;1.0
;US-DE;1945;p99p100;676056.88;;0.20999999;0.20999999
;US-DE;1945;p99.9p100;3532751.8;;0.1097;0.1097
;US-DE;1945;p99.99p100;14231726.0;;0.044199999;0.044199999
;US-DE;1945;p90p100;134364.2;;0.41729999;0.41729999
;US-DE;1945;p90p95;52775.102;;0.082000002;0.082000002
;US-DE;1945;p95p99;100786.6;;0.1252;0.1252
;US-DE;1945;p99.5p99.9;505883.69;;0.062799998;0.062799998
;US-DE;1945;p99.9p99.99;2317165.8;;0.064800002;0.064800002
;US-DE;1945;p99p99.5;240861.0;;0.0374;0.0374
;US-DE;1945;p95p100;215936.5;;0.3353;0.3353
;US-DE;1945;p0p90;20880.699;;0.58359998;0.58359998
;US-DE;1945;p0p99;25695.699;;0.79000002;0.79000002
;US-DE;1945;p99.5p100;1111667.8;;0.1726;0.1726
;US-DE;1944;p0p100;5032961.0;3968541595.0;1.0;1.0
;US-DE;1944;p99p100;650682.13;;0.19750001;0.19750001
;US-DE;1944;p99.9p100;3183282.3;;0.096600004;0.096600004
;US-DE;1944;p99.99p100;11886642.0;;0.0361;0.0361
;US-DE;1944;p90p100;143861.91;;0.43669999;0.43669999
;US-DE;1944;p90p95;65688.102;;0.099699996;0.099699996
;US-DE;1944;p95p99;106803.8;;0.12970001;0.12970001
;US-DE;1944;p99.5p99.9;518181.0;;0.062899999;0.062899999
;US-DE;1944;p99.9p99.99;2213092.5;;0.0605;0.0605
;US-DE;1944;p99p99.5;249359.5;;0.037799999;0.037799999
;US-DE;1944;p95p100;217060.59;;0.32949999;0.32949999
;US-DE;1944;p0p90;20984.0;;0.5733;0.5733
;US-DE;1944;p0p99;26702.301;;0.80250001;0.80250001
;US-DE;1944;p99.5p100;1050416.1;;0.1594;0.1594
;US-DE;1943;p0p100;5458249.0;4111504072.0;1.0;1.0
;US-DE;1943;p99p100;648475.63;;0.18790001;0.18790001
;US-DE;1943;p99.9p100;3064096.0;;0.088799998;0.088799998
;US-DE;1943;p99.99p100;10260552.0;;0.0297;0.0297
;US-DE;1943;p90p100;132991.3;;0.38530001;0.38530001
;US-DE;1943;p90p95;56832.199;;0.0823;0.0823
;US-DE;1943;p95p99;99608.398;;0.1154;0.1154
;US-DE;1943;p99.5p99.9;541617.81;;0.062799998;0.062799998
;US-DE;1943;p99.9p99.99;2246389.3;;0.058600001;0.058600001
;US-DE;1943;p99p99.5;251366.41;;0.036400001;0.036400001
;US-DE;1943;p95p100;209243.41;;0.30309999;0.30309999
;US-DE;1943;p0p90;23576.5;;0.61479998;0.61479998
;US-DE;1943;p0p99;28314.301;;0.81209999;0.81209999
;US-DE;1943;p99.5p100;1045750.5;;0.1515;0.1515
;US-DE;1942;p0p100;5634506.5;3717261970.0;1.0;1.0
;US-DE;1942;p99p100;622814.38;;0.197;0.197
;US-DE;1942;p99.9p100;2862699.3;;0.090499997;0.090499997
;US-DE;1942;p99.99p100;9804478.0;;0.030999999;0.030999999
;US-DE;1942;p90p100;125548.1;;0.39700001;0.39700001
;US-DE;1942;p90p95;52350.102;;0.082800001;0.082800001
;US-DE;1942;p95p99;92948.398;;0.1176;0.1176
;US-DE;1942;p99.5p99.9;537957.0;;0.068000004;0.068000004
;US-DE;1942;p99.9p99.99;2092140.6;;0.059500001;0.059500001
;US-DE;1942;p99p99.5;243372.7;;0.0385;0.0385
;US-DE;1942;p95p100;198770.3;;0.3143;0.3143
;US-DE;1942;p0p90;21172.699;;0.60259998;0.60259998
;US-DE;1942;p0p99;25651.301;;0.80299997;0.80299997
;US-DE;1942;p99.5p100;1002486.1;;0.1585;0.1585
;US-DE;1941;p0p100;6676392.0;3559572565.0;1.0;1.0
;US-DE;1941;p99p100;970571.38;;0.31720001;0.31720001
;US-DE;1941;p99.9p100;5727349.0;;0.18719999;0.18719999
;US-DE;1941;p99.99p100;23981260.0;;0.078400001;0.078400001
;US-DE;1941;p90p100;160818.09;;0.5255;0.5255
;US-DE;1941;p90p95;51440.0;;0.084100001;0.084100001
;US-DE;1941;p95p99;94403.5;;0.1234;0.1234
;US-DE;1941;p99.5p99.9;665265.0;;0.086999997;0.086999997
;US-DE;1941;p99.9p99.99;3707266.0;;0.109;0.109
;US-DE;1941;p99p99.5;268450.91;;0.043900002;0.043900002
;US-DE;1941;p95p100;268988.91;;0.4395;0.4395
;US-DE;1941;p0p90;16126.9;;0.4743;0.4743
;US-DE;1941;p0p99;21105.6;;0.68279999;0.68279999
;US-DE;1941;p99.5p100;1674496.3;;0.27360001;0.27360001
;US-DE;1940;p0p100;6801096.0;3258046749.0;1.0;1.0
;US-DE;1940;p99p100;1172175.0;;0.41460001;0.41460001
;US-DE;1940;p99.9p100;7449048.0;;0.26350001;0.26350001
;US-DE;1940;p99.99p100;29431998.0;;0.1041;0.1041
;US-DE;1940;p90p100;176940.2;;0.62580001;0.62580001
;US-DE;1940;p90p95;49245.199;;0.087099999;0.087099999
;US-DE;1940;p95p99;89598.797;;0.1268;0.1268
;US-DE;1940;p99.5p99.9;739100.63;;0.1046;0.1046
;US-DE;1940;p99.9p99.99;5013730.5;;0.1596;0.1596
;US-DE;1940;p99p99.5;271569.59;;0.048;0.048
;US-DE;1940;p95p100;305109.31;;0.53960001;0.53960001
;US-DE;1940;p0p90;11619.8;;0.36989999;0.36989999
;US-DE;1940;p0p99;16719.199;;0.58539999;0.58539999
;US-DE;1940;p99.5p100;2076180.3;;0.36719999;0.36719999
;US-DE;1939;p0p100;6097312.5;2812333945.0;1.0;1.0
;US-DE;1939;p99p100;1161937.3;;0.4673;0.4673
;US-DE;1939;p99.9p100;7469805.5;;0.30039999;0.30039999
;US-DE;1939;p99.99p100;30252886.0;;0.1217;0.1217
;US-DE;1939;p90p100;177177.5;;0.71249998;0.71249998
;US-DE;1939;p90p95;50096.699;;0.1007;0.1007
;US-DE;1939;p95p99;84288.602;;0.1356;0.1356
;US-DE;1939;p99.5p99.9;729640.19;;0.1174;0.1174
;US-DE;1939;p99.9p99.99;4942839.5;;0.1789;0.1789
;US-DE;1939;p99p99.5;253320.41;;0.050900001;0.050900001
;US-DE;1939;p95p100;298726.19;;0.6006;0.6006
;US-DE;1939;p0p90;8146.7998;;0.29480001;0.29480001
;US-DE;1939;p0p99;13381.9;;0.5327;0.5327
;US-DE;1939;p99.5p100;2073685.6;;0.41690001;0.41690001
;US-DE;1938;p0p100;5151954.0;2403303457.0;1.0;1.0
;US-DE;1938;p99p100;783303.5;;0.36230001;0.36230001
;US-DE;1938;p99.9p100;4663787.5;;0.2157;0.2157
;US-DE;1938;p99.99p100;19727392.0;;0.091200002;0.091200002
;US-DE;1938;p90p100;137373.91;;0.63529998;0.63529998
;US-DE;1938;p90p95;52004.0;;0.1203;0.1203
;US-DE;1938;p95p99;74950.0;;0.13869999;0.13869999
;US-DE;1938;p99.5p99.9;537722.19;;0.0995;0.0995
;US-DE;1938;p99.9p99.99;2998110.0;;0.1248;0.1248
;US-DE;1938;p99p99.5;211361.8;;0.048900001;0.048900001
;US-DE;1938;p95p100;215907.09;;0.4993;0.4993
;US-DE;1938;p0p90;9050.5;;0.37670001;0.37670001
;US-DE;1938;p0p99;13928.6;;0.63770002;0.63770002
;US-DE;1938;p99.5p100;1358017.5;;0.31400001;0.31400001
;US-DE;1937;p0p100;5815598.0;2769402772.0;1.0;1.0
;US-DE;1937;p99p100;1083880.8;;0.42770001;0.42770001
;US-DE;1937;p99.9p100;6388288.5;;0.25209999;0.25209999
;US-DE;1937;p99.99p100;23535366.0;;0.092900001;0.092900001
;US-DE;1937;p90p100;172229.41;;0.6796;0.6796
;US-DE;1937;p90p95;51324.5;;0.1013;0.1013
;US-DE;1937;p95p99;83683.0;;0.1321;0.1321
;US-DE;1937;p99.5p99.9;770633.81;;0.1216;0.1216
;US-DE;1937;p99.9p99.99;4482819.0;;0.1592;0.1592
;US-DE;1937;p99p99.5;273501.81;;0.054000001;0.054000001
;US-DE;1937;p95p100;283871.81;;0.56010002;0.56010002
;US-DE;1937;p0p90;9544.5996;;0.33899999;0.33899999
;US-DE;1937;p0p99;14649.5;;0.57230002;0.57230002
;US-DE;1937;p99.5p100;1894188.0;;0.37369999;0.37369999
;US-DE;1936;p0p100;6034870.5;2636504000.0;1.0;1.0
;US-DE;1936;p99p100;1157871.3;;0.4727;0.4727
;US-DE;1936;p99.9p100;6985532.0;;0.2852;0.2852
;US-DE;1936;p99.99p100;27556960.0;;0.1125;0.1125
;US-DE;1936;p90p100;181081.7;;0.73930001;0.73930001
;US-DE;1936;p90p95;51381.0;;0.1049;0.1049
;US-DE;1936;p95p99;83033.797;;0.1356;0.1356
;US-DE;1936;p99.5p99.9;799211.63;;0.1305;0.1305
;US-DE;1936;p99.9p99.99;4699478.5;;0.1727;0.1727
;US-DE;1936;p99p99.5;279082.41;;0.057;0.057
;US-DE;1936;p95p100;297821.19;;0.60790002;0.60790002
;US-DE;1936;p0p90;7807.5;;0.28690001;0.28690001
;US-DE;1936;p0p99;13046.4;;0.5273;0.5273
;US-DE;1936;p99.5p100;2036535.6;;0.41569999;0.41569999
;US-DE;1935;p0p100;5036123.0;2124944761.0;1.0;1.0
;US-DE;1935;p99p100;749002.13;;0.37360001;0.37360001
;US-DE;1935;p99.9p100;4477363.5;;0.2233;0.2233
;US-DE;1935;p99.99p100;17929596.0;;0.089400001;0.089400001
;US-DE;1935;p90p100;130178.9;;0.64929998;0.64929998
;US-DE;1935;p90p95;43419.602;;0.1083;0.1083
;US-DE;1935;p95p99;69093.898;;0.13789999;0.13789999
;US-DE;1935;p99.5p99.9;508771.81;;0.1015;0.1015
;US-DE;1935;p99.9p99.99;2982465.0;;0.1339;0.1339
;US-DE;1935;p99p99.5;195257.91;;0.048700001;0.048700001
;US-DE;1935;p95p100;206393.59;;0.5147;0.5147
;US-DE;1935;p0p90;8472.7002;;0.38029999;0.38029999
;US-DE;1935;p0p99;12685.6;;0.62639999;0.62639999
;US-DE;1935;p99.5p100;1302613.4;;0.3249;0.3249
;US-DE;1934;p0p100;4932662.5;1949788166.0;1.0;1.0
;US-DE;1934;p99p100;652474.0;;0.34900001;0.34900001
;US-DE;1934;p99.9p100;3931381.5;;0.2103;0.2103
;US-DE;1934;p99.99p100;16900620.0;;0.090400003;0.090400003
;US-DE;1934;p90p100;118425.3;;0.63349998;0.63349998
;US-DE;1934;p90p95;39077.602;;0.1045;0.1045
;US-DE;1934;p95p99;68193.297;;0.1459;0.1459
;US-DE;1934;p99.5p99.9;437926.09;;0.093699999;0.093699999
;US-DE;1934;p99.9p99.99;2490018.3;;0.1199;0.1199
;US-DE;1934;p99p99.5;168394.09;;0.045000002;0.045000002
;US-DE;1934;p95p100;189565.7;;0.50709999;0.50709999
;US-DE;1934;p0p90;8318.4004;;0.4005;0.4005
;US-DE;1934;p0p99;12291.1;;0.65100002;0.65100002
;US-DE;1934;p99.5p100;1136763.0;;0.30410001;0.30410001
;US-DE;1933;p0p100;4849648.0;1767327656.0;1.0;1.0
;US-DE;1933;p99p100;520780.09;;0.30270001;0.30270001
;US-DE;1933;p99.9p100;2878788.0;;0.1673;0.1673
;US-DE;1933;p99.99p100;11175367.0;;0.064999998;0.064999998
;US-DE;1933;p90p100;99883.102;;0.58050001;0.58050001
;US-DE;1933;p90p95;38154.0;;0.1109;0.1109
;US-DE;1933;p95p99;61071.5;;0.142;0.142
;US-DE;1933;p99.5p99.9;397502.19;;0.092399999;0.092399999
;US-DE;1933;p99.9p99.99;1956945.6;;0.1024;0.1024
;US-DE;1933;p99p99.5;147801.0;;0.043000001;0.043000001
;US-DE;1933;p95p100;155297.0;;0.4513;0.4513
;US-DE;1933;p0p90;8497.4004;;0.4445;0.4445
;US-DE;1933;p0p99;12119.4;;0.69730002;0.69730002
;US-DE;1933;p99.5p100;893759.19;;0.2597;0.2597
;US-DE;1932;p0p100;4409344.0;1759078606.0;1.0;1.0
;US-DE;1932;p99p100;512594.0;;0.2949;0.2949
;US-DE;1932;p99.9p100;2845416.5;;0.1637;0.1637
;US-DE;1932;p99.99p100;12131995.0;;0.069799997;0.069799997
;US-DE;1932;p90p100;102505.1;;0.58969998;0.58969998
;US-DE;1932;p90p95;42085.0;;0.1211;0.1211
;US-DE;1932;p95p99;62086.898;;0.1429;0.1429
;US-DE;1932;p99.5p99.9;384049.09;;0.088399999;0.088399999
;US-DE;1932;p99.9p99.99;1813575.4;;0.093900003;0.093900003
;US-DE;1932;p99p99.5;148865.7;;0.042800002;0.042800002
;US-DE;1932;p95p100;154911.09;;0.4456;0.4456
;US-DE;1932;p0p90;8521.5996;;0.44119999;0.44119999
;US-DE;1932;p0p99;12381.0;;0.7051;0.7051
;US-DE;1932;p99.5p100;876322.38;;0.25209999;0.25209999
;US-DE;1931;p0p100;4183346.3;2042772955.0;1.0;1.0
;US-DE;1931;p99p100;528999.5;;0.25799999;0.25799999
;US-DE;1931;p99.9p100;3032076.8;;0.1479;0.1479
;US-DE;1931;p99.99p100;12079072.0;;0.058899999;0.058899999
;US-DE;1931;p90p100;111490.3;;0.5438;0.5438
;US-DE;1931;p90p95;52470.398;;0.12800001;0.12800001
;US-DE;1931;p95p99;66536.0;;0.12980001;0.12980001
;US-DE;1931;p99.5p99.9;365653.0;;0.0713;0.0713
;US-DE;1931;p99.9p99.99;2026855.3;;0.089000002;0.089000002
;US-DE;1931;p99p99.5;159061.0;;0.038800001;0.038800001
;US-DE;1931;p95p100;162243.8;;0.39570001;0.39570001
;US-DE;1931;p0p90;11028.2;;0.4842;0.4842
;US-DE;1931;p0p99;15363.9;;0.74199998;0.74199998
;US-DE;1931;p99.5p100;898937.88;;0.2192;0.2192
;US-DE;1930;p0p100;3565692.5;2058624624.0;1.0;1.0
;US-DE;1930;p99p100;605600.38;;0.28830001;0.28830001
;US-DE;1930;p99.9p100;3170201.5;;0.15090001;0.15090001
;US-DE;1930;p99.99p100;12455595.0;;0.059300002;0.059300002
;US-DE;1930;p90p100;118086.7;;0.56209999;0.56209999
;US-DE;1930;p90p95;50380.199;;0.1199;0.1199
;US-DE;1930;p95p99;70037.703;;0.13339999;0.13339999
;US-DE;1930;p99.5p99.9;483254.19;;0.092;0.092
;US-DE;1930;p99.9p99.99;2138491.0;;0.091600001;0.091600001
;US-DE;1930;p99p99.5;190557.2;;0.045400001;0.045400001
;US-DE;1930;p95p100;179051.8;;0.42609999;0.42609999
;US-DE;1930;p0p90;10702.0;;0.4585;0.4585
;US-DE;1930;p0p99;15103.3;;0.71170002;0.71170002
;US-DE;1930;p99.5p100;1020643.7;;0.2429;0.2429
;US-DE;1929;p0p100;4089971.0;2473308382.0;1.0;1.0
;US-DE;1929;p99p100;1769261.4;;0.69749999;0.69749999
;US-DE;1929;p99.9p100;13556500.0;;0.53439999;0.53439999
;US-DE;1929;p99.99p100;90604440.0;;0.3572;0.3572
;US-DE;1929;p90p100;245947.59;;0.96960002;0.96960002
;US-DE;1929;p90p95;47836.199;;0.094300002;0.094300002
;US-DE;1929;p95p99;75807.898;;0.1195;0.1195
;US-DE;1929;p99.5p99.9;726486.31;;0.1146;0.1146
;US-DE;1929;p99.9p99.99;4995612.0;;0.1772;0.1772
;US-DE;1929;p99p99.5;246032.91;;0.048500001;0.048500001
;US-DE;1929;p95p100;417680.81;;0.8233;0.8233
;US-DE;1929;p0p90;2499.8;;0.088699996;0.088699996
;US-DE;1929;p0p99;7751.5;;0.30250001;0.30250001
;US-DE;1929;p99.5p100;3292489.8;;0.64899999;0.64899999
;US-DE;1928;p0p100;3797560.0;2285499792.0;1.0;1.0
;US-DE;1928;p99p100;1142486.8;;0.4851;0.4851
;US-DE;1928;p99.9p100;6845996.5;;0.29069999;0.29069999
;US-DE;1928;p99.99p100;25921682.0;;0.1101;0.1101
;US-DE;1928;p90p100;177120.2;;0.75199997;0.75199997
;US-DE;1928;p90p95;46368.199;;0.098399997;0.098399997
;US-DE;1928;p95p99;80927.0;;0.1374;0.1374
;US-DE;1928;p99.5p99.9;801994.19;;0.1362;0.1362
;US-DE;1928;p99.9p99.99;4726476.0;;0.1806;0.1806
;US-DE;1928;p99p99.5;274178.81;;0.058200002;0.058200002
;US-DE;1928;p95p100;294730.81;;0.6257;0.6257
;US-DE;1928;p0p90;7302.8999;;0.2791;0.2791
;US-DE;1928;p0p99;12250.6;;0.51490003;0.51490003
;US-DE;1928;p99.5p100;2010794.6;;0.4269;0.4269
;US-DE;1927;p0p100;3370021.5;2069751149.0;1.0;1.0
;US-DE;1927;p99p100;943944.81;;0.4395;0.4395
;US-DE;1927;p99.9p100;5621047.0;;0.2617;0.2617
;US-DE;1927;p99.99p100;22225356.0;;0.1035;0.1035
;US-DE;1927;p90p100;150230.2;;0.69950002;0.69950002
;US-DE;1927;p90p95;41174.102;;0.095899999;0.095899999
;US-DE;1927;p95p99;70825.102;;0.1319;0.1319
;US-DE;1927;p99.5p99.9;666169.31;;0.1241;0.1241
;US-DE;1927;p99.9p99.99;3776123.8;;0.1582;0.1582
;US-DE;1927;p99p99.5;230744.7;;0.0537;0.0537
;US-DE;1927;p95p100;246986.8;;0.57499999;0.57499999
;US-DE;1927;p0p90;7938.2998;;0.33270001;0.33270001
;US-DE;1927;p0p99;12157.8;;0.56050003;0.56050003
;US-DE;1927;p99.5p100;1657144.8;;0.3858;0.3858
;US-DE;1926;p0p100;3050644.0;1929923592.0;1.0;1.0
;US-DE;1926;p99p100;664245.31;;0.32890001;0.32890001
;US-DE;1926;p99.9p100;3801831.0;;0.1883;0.1883
;US-DE;1926;p99.99p100;15608756.0;;0.077299997;0.077299997
;US-DE;1926;p90p100;115425.6;;0.5715;0.5715
;US-DE;1926;p90p95;39768.898;;0.098499998;0.098499998
;US-DE;1926;p95p99;63696.102;;0.12620001;0.12620001
;US-DE;1926;p99.5p99.9;487851.41;;0.096600004;0.096600004
;US-DE;1926;p99.9p99.99;2489950.3;;0.111;0.111
;US-DE;1926;p99p99.5;177843.41;;0.044;0.044
;US-DE;1926;p95p100;184627.5;;0.4571;0.4571
;US-DE;1926;p0p90;10018.4;;0.4465;0.4465
;US-DE;1926;p0p99;13689.7;;0.67110002;0.67110002
;US-DE;1926;p99.5p100;1150647.3;;0.28490001;0.28490001
;US-DE;1925;p0p100;2957184.5;1820726641.0;1.0;1.0
;US-DE;1925;p99p100;473681.91;;0.2466;0.2466
;US-DE;1925;p99.9p100;2200252.5;;0.1145;0.1145
;US-DE;1925;p99.99p100;6802674.0;;0.035399999;0.035399999
;US-DE;1925;p90p100;90561.898;;0.47150001;0.47150001
;US-DE;1925;p90p95;36683.0;;0.0955;0.0955
;US-DE;1925;p95p99;57989.102;;0.1208;0.1208
;US-DE;1925;p99.5p99.9;435970.0;;0.090800002;0.090800002
;US-DE;1925;p99.9p99.99;1688872.3;;0.079099998;0.079099998
;US-DE;1925;p99p99.5;158537.2;;0.041299999;0.041299999
;US-DE;1925;p95p100;141530.59;;0.36840001;0.36840001
;US-DE;1925;p0p90;11464.9;;0.53719997;0.53719997
;US-DE;1925;p0p99;14618.3;;0.75340003;0.75340003
;US-DE;1925;p99.5p100;788826.5;;0.2053;0.2053
;US-DE;1924;p0p100;2837011.5;1645119844.0;1.0;1.0
;US-DE;1924;p99p100;365061.5;;0.20829999;0.20829999
;US-DE;1924;p99.9p100;1648289.3;;0.093999997;0.093999997
;US-DE;1924;p99.99p100;5819812.0;;0.033199999;0.033199999
;US-DE;1924;p90p100;77497.203;;0.44220001;0.44220001
;US-DE;1924;p90p95;37194.898;;0.1061;0.1061
;US-DE;1924;p95p99;55378.301;;0.12639999;0.12639999
;US-DE;1924;p99.5p99.9;330634.5;;0.075499997;0.075499997
;US-DE;1924;p99.9p99.99;1184786.8;;0.060800001;0.060800001
;US-DE;1924;p99p99.5;135957.59;;0.038800001;0.038800001
;US-DE;1924;p95p100;117314.9;;0.33469999;0.33469999
;US-DE;1924;p0p90;10890.6;;0.55919999;0.55919999
;US-DE;1924;p0p99;14016.6;;0.79170001;0.79170001
;US-DE;1924;p99.5p100;594165.5;;0.16949999;0.16949999
;US-DE;1923;p0p100;2727480.5;1553442710.0;1.0;1.0
;US-DE;1923;p99p100;258646.3;;0.1541;0.1541
;US-DE;1923;p99.9p100;941081.13;;0.0561;0.0561
;US-DE;1923;p99.99p100;2248020.0;;0.0134;0.0134
;US-DE;1923;p90p100;64531.801;;0.3845;0.3845
;US-DE;1923;p90p95;34890.398;;0.1039;0.1039
;US-DE;1923;p95p99;52972.102;;0.12620001;0.12620001
;US-DE;1923;p99.5p99.9;259894.41;;0.061900001;0.061900001
;US-DE;1923;p99.9p99.99;795870.69;;0.0427;0.0427
;US-DE;1923;p99p99.5;121161.0;;0.0361;0.0361
;US-DE;1923;p95p100;94107.0;;0.28029999;0.28029999
;US-DE;1923;p0p90;11483.0;;0.61570001;0.61570001
;US-DE;1923;p0p99;14341.5;;0.8459;0.8459
;US-DE;1923;p99.5p100;396131.59;;0.118;0.118
;US-DE;1922;p0p100;2448889.8;1329848189.0;1.0;1.0
;US-DE;1922;p99p100;259152.2;;0.17820001;0.17820001
;US-DE;1922;p99.9p100;968725.19;;0.066600002;0.066600002
;US-DE;1922;p99.99p100;2743614.5;;0.0189;0.0189
;US-DE;1922;p90p100;64695.898;;0.44479999;0.44479999
;US-DE;1922;p90p95;36091.699;;0.1241;0.1241
;US-DE;1922;p95p99;51924.0;;0.1428;0.1428
;US-DE;1922;p99.5p99.9;259088.7;;0.0713;0.0713
;US-DE;1922;p99.9p99.99;771515.31;;0.047699999;0.047699999
;US-DE;1922;p99p99.5;117288.3;;0.0403;0.0403
;US-DE;1922;p95p100;93369.602;;0.32100001;0.32100001
;US-DE;1922;p0p90;8967.7002;;0.55489999;0.55489999
;US-DE;1922;p0p99;12073.2;;0.82179999;0.82179999
;US-DE;1922;p99.5p100;401016.0;;0.13789999;0.13789999
;US-DE;1921;p0p100;1780861.3;1092694610.0;1.0;1.0
;US-DE;1921;p99p100;186389.0;;0.15459999;0.15459999
;US-DE;1921;p99.9p100;656648.31;;0.054499999;0.054499999
;US-DE;1921;p99.99p100;1861751.8;;0.0154;0.0154
;US-DE;1921;p90p100;51765.0;;0.42930001;0.42930001
;US-DE;1921;p90p95;30683.1;;0.12720001;0.12720001
;US-DE;1921;p95p99;44534.301;;0.1477;0.1477
;US-DE;1921;p99.5p99.9;184641.91;;0.061299998;0.061299998
;US-DE;1921;p99.9p99.99;522747.91;;0.039000001;0.039000001
;US-DE;1921;p99p99.5;93734.797;;0.038899999;0.038899999
;US-DE;1921;p95p100;72905.297;;0.30230001;0.30230001
;US-DE;1921;p0p90;7642.6001;;0.5704;0.5704
;US-DE;1921;p0p99;10296.8;;0.84539998;0.84539998
;US-DE;1921;p99.5p100;279043.19;;0.1157;0.1157
;US-DE;1920;p0p100;1589771.3;1204652564.0;1.0;1.0
;US-DE;1920;p99p100;203744.59;;0.15109999;0.15109999
;US-DE;1920;p99.9p100;733318.69;;0.054400001;0.054400001
;US-DE;1920;p99.99p100;2223325.5;;0.0165;0.0165
;US-DE;1920;p90p100;52029.0;;0.38569999;0.38569999
;US-DE;1920;p90p95;28533.0;;0.1058;0.1058
;US-DE;1920;p95p99;43471.398;;0.12890001;0.12890001
;US-DE;1920;p99.5p99.9;200970.41;;0.059599999;0.059599999
;US-DE;1920;p99.9p99.99;567762.38;;0.037900001;0.037900001
;US-DE;1920;p99p99.5;100049.1;;0.037099998;0.037099998
;US-DE;1920;p95p100;75526.0;;0.28;0.28
;US-DE;1920;p0p90;9205.5;;0.6142;0.6142
;US-DE;1920;p0p99;11566.1;;0.84890002;0.84890002
;US-DE;1920;p99.5p100;307440.09;;0.114;0.114
;US-DE;1919;p0p100;2851074.8;1583711523.0;1.0;1.0
;US-DE;1919;p99p100;440805.0;;0.2445;0.2445
;US-DE;1919;p99.9p100;2348613.5;;0.1303;0.1303
;US-DE;1919;p99.99p100;10647285.0;;0.059099998;0.059099998
;US-DE;1919;p90p100;82451.297;;0.45730001;0.45730001
;US-DE;1919;p90p95;32667.6;;0.090599999;0.090599999
;US-DE;1919;p95p99;54222.699;;0.1203;0.1203
;US-DE;1919;p99.5p99.9;335187.41;;0.0744;0.0744
;US-DE;1919;p99.9p99.99;1422770.3;;0.071000002;0.071000002
;US-DE;1919;p99p99.5;145233.91;;0.0403;0.0403
;US-DE;1919;p95p100;131539.09;;0.36480001;0.36480001
;US-DE;1919;p0p90;10905.2;;0.54439998;0.54439998
;US-DE;1919;p0p99;13758.7;;0.75550002;0.75550002
;US-DE;1919;p99.5p100;736376.0;;0.2042;0.2042
;US-DE;1918;p0p100;3762795.3;1567415570.0;1.0;1.0
;US-DE;1918;p99p100;458808.91;;0.25440001;0.25440001
;US-DE;1918;p99.9p100;2527694.0;;0.1401;0.1401
;US-DE;1918;p99.99p100;13505696.0;;0.074900001;0.074900001
;US-DE;1918;p90p100;86165.703;;0.4777;0.4777
;US-DE;1918;p90p95;36197.301;;0.1003;0.1003
;US-DE;1918;p95p99;53872.199;;0.1195;0.1195
;US-DE;1918;p99.5p99.9;336825.69;;0.074699998;0.074699998
;US-DE;1918;p99.9p99.99;1307841.4;;0.065300003;0.065300003
;US-DE;1918;p99p99.5;142611.59;;0.039500002;0.039500002
;US-DE;1918;p95p100;134860.0;;0.37380001;0.37380001
;US-DE;1918;p0p90;10538.3;;0.52579999;0.52579999
;US-DE;1918;p0p99;13585.0;;0.74559999;0.74559999
;US-DE;1918;p99.5p100;775004.38;;0.2148;0.2148
;US-DE;1917;p0p100;5488957.0;1661396860.0;1.0;1.0
;US-DE;1917;p99p100;765688.5;;0.4014;0.4014
;US-DE;1917;p99.9p100;5239678.0;;0.27469999;0.27469999
;US-DE;1917;p99.99p100;29051222.0;;0.1523;0.1523
;US-DE;1917;p90p100;120787.8;;0.63319999;0.63319999
;US-DE;1917;p90p95;33895.602;;0.088799998;0.088799998
