Variable Name;.;.;.;Fiscal income  | tax unit | Average | Adults | constant 2015 local currency;Fiscal income  | tax unit | Total | Adults | constant 2015 local currency;Fiscal income  | tax unit | Share | Adults | share of total (ratio);Pre-tax national income  | tax unit | Share | Adults | share of total (ratio)
Variable Category;.;.;.;Income inequality;Income inequality;Income inequality;Income inequality
Variable Description;.;.;.;Average Fiscal income within a given percentile group. Fiscal income is defined as the sum of all income items reported on income tax returns, before any deduction. It includes labour income, capital income and mixed income. The concept of fiscal income varies with national tax legislations, so in order to make international comparisons it is preferable to use the concept of national income. The population is comprised of individuals over age 20. The base unit is the tax unit defined by national fiscal administrations to measure personal income taxes.;Total Fiscal income  within a given percentile group. Fiscal income is defined as the sum of all income items reported on income tax returns, before any deduction. It includes labour income, capital income and mixed income. The concept of fiscal income varies with national tax legislations, so in order to make international comparisons it is preferable to use the concept of national income. The population is comprised of individuals over age 20.;Fiscal income share held by a given percentile group. Fiscal income is defined as the sum of all income items reported on income tax returns, before any deduction. It includes labour income, capital income and mixed income. The concept of fiscal income varies with national tax legislations, so in order to make international comparisons it is preferable to use the concept of national income. The population is comprised of individuals over age 20. The base unit is the tax unit defined by national fiscal administrations to measure personal income taxes.;Pre-tax national income share held by a given percentile group. Pre-tax national income  is the sum of all pre-tax personal income flows accruing to the owners of the production factors, labor and capital, before taking into account the operation of the tax/transfer system, but after taking into account the operation of pension system. The central difference between personal factor income and pre-tax income is the treatment of pensions, which are counted on a contribution basis by factor income and on a distribution basis by pre-tax income. The population is comprised of individuals over age 20. The base unit is the tax unit defined by national fiscal administrations to measure personal income taxes.
Variable Decomposition;.;.;.;[Fiscal income ]=[Fiscal labour income ]+[Fiscal capital income ];[Fiscal income ]=[Fiscal labour income ]+[Fiscal capital income ];[Fiscal income ]=[Fiscal labour income ]+[Fiscal capital income ];Pre-tax national income =Pre-tax labor income [total pre-tax income ranking]+Pre-tax capital income [total pre-tax income ranking]
Variable Unit;.;.;.;"USD; United States dollar | local currency | market";"USD; United States dollar | local currency | market";share;share
Methodological Notes;.;.;.;;;;Assuming the same distribution as fiscal income.
Sources;.;.;.;Frank, Sommeiller, Price & Saez (2015);Frank, Sommeiller, Price & Saez (2015);Frank, Sommeiller, Price & Saez (2015);WID.world computations using: Frank, Sommeiller, Price & Saez (2015)
Variable Code;country;year;perc;afiinc992t;mfiinc992t;sfiinc992t;sptinc992t
;US-NC;2015;p0p100;55240.801;2.79300778975e+11;1.0;1.0
;US-NC;2015;p99p100;998731.69;;0.18080001;0.18080001
;US-NC;2015;p99.9p100;4298132.0;;0.077799998;0.077799998
;US-NC;2015;p99.99p100;17799898.0;;0.032200001;0.032200001
;US-NC;2015;p90p100;264747.81;;0.47929999;0.47929999
;US-NC;2015;p90p95;140855.41;;0.1275;0.1275
;US-NC;2015;p95p99;235010.59;;0.17020001;0.17020001
;US-NC;2015;p99.5p99.9;853020.19;;0.061799999;0.061799999
;US-NC;2015;p99.9p99.99;2831250.8;;0.046100002;0.046100002
;US-NC;2015;p99p99.5;453793.09;;0.041099999;0.041099999
;US-NC;2015;p95p100;388139.09;;0.3513;0.3513
;US-NC;2015;p0p90;31987.199;;0.52109998;0.52109998
;US-NC;2015;p0p99;45710.602;;0.81919998;0.81919998
;US-NC;2015;p99.5p100;1542180.0;;0.13959999;0.13959999
;US-NC;2014;p0p100;52555.301;2.6509322202e+11;1.0;1.0
;US-NC;2014;p99p100;880533.38;;0.1679;0.1679
;US-NC;2014;p99.9p100;3550139.5;;0.067699999;0.067699999
;US-NC;2014;p99.99p100;14315175.0;;0.0273;0.0273
;US-NC;2014;p90p100;245311.3;;0.46790001;0.46790001
;US-NC;2014;p90p95;135448.2;;0.1292;0.1292
;US-NC;2014;p95p99;223641.59;;0.1706;0.1706
;US-NC;2014;p99.5p99.9;779501.0;;0.059500001;0.059500001
;US-NC;2014;p99.9p99.99;2375784.0;;0.040800001;0.040800001
;US-NC;2014;p99p99.5;428655.5;;0.040899999;0.040899999
;US-NC;2014;p95p100;354929.91;;0.33849999;0.33849999
;US-NC;2014;p0p90;30979.699;;0.53179997;0.53179997
;US-NC;2014;p0p99;44066.102;;0.83209997;0.83209997
;US-NC;2014;p99.5p100;1332332.4;;0.12710001;0.12710001
;US-NC;2013;p0p100;53242.602;2.51730806205e+11;1.0;1.0
;US-NC;2013;p99p100;783946.0;;0.1524;0.1524
;US-NC;2013;p99.9p100;2896029.0;;0.056299999;0.056299999
;US-NC;2013;p99.99p100;10836270.0;;0.0211;0.0211
;US-NC;2013;p90p100;231680.3;;0.45039999;0.45039999
;US-NC;2013;p90p95;133072.3;;0.1294;0.1294
;US-NC;2013;p95p99;216301.0;;0.1682;0.1682
;US-NC;2013;p99.5p99.9;718948.81;;0.0559;0.0559
;US-NC;2013;p99.9p99.99;2021959.1;;0.035399999;0.035399999
;US-NC;2013;p99p99.5;413924.5;;0.040199999;0.040199999
;US-NC;2013;p95p100;329924.09;;0.32069999;0.32069999
;US-NC;2013;p0p90;31421.9;;0.54979998;0.54979998
;US-NC;2013;p0p99;44035.102;;0.84759998;0.84759998
;US-NC;2013;p99.5p100;1154582.4;;0.1122;0.1122
;US-NC;2012;p0p100;57473.699;2.62982520717e+11;1.0;1.0
;US-NC;2012;p99p100;906969.0;;0.1682;0.1682
;US-NC;2012;p99.9p100;3883971.5;;0.071999997;0.071999997
;US-NC;2012;p99.99p100;16366577.0;;0.030300001;0.030300001
;US-NC;2012;p90p100;243601.0;;0.4517;0.4517
;US-NC;2012;p90p95;133317.41;;0.1236;0.1236
;US-NC;2012;p95p99;215084.5;;0.1595;0.1595
;US-NC;2012;p99.5p99.9;776208.5;;0.057599999;0.057599999
;US-NC;2012;p99.9p99.99;2527031.5;;0.042199999;0.042199999
;US-NC;2012;p99p99.5;416902.41;;0.038699999;0.038699999
;US-NC;2012;p95p100;353356.31;;0.3276;0.3276
;US-NC;2012;p0p90;32845.0;;0.54809999;0.54809999
;US-NC;2012;p0p99;45313.5;;0.83179998;0.83179998
;US-NC;2012;p99.5p100;1397268.3;;0.1295;0.1295
;US-NC;2011;p0p100;56718.199;2.40789993092e+11;1.0;1.0
;US-NC;2011;p99p100;784213.63;;0.15350001;0.15350001
;US-NC;2011;p99.9p100;3112201.3;;0.060899999;0.060899999
;US-NC;2011;p99.99p100;12516592.0;;0.024499999;0.024499999
;US-NC;2011;p90p100;228717.8;;0.44769999;0.44769999
;US-NC;2011;p90p95;131702.0;;0.12890001;0.12890001
;US-NC;2011;p95p99;210544.91;;0.1649;0.1649
;US-NC;2011;p99.5p99.9;692453.13;;0.054200001;0.054200001
;US-NC;2011;p99.9p99.99;2077242.8;;0.036600001;0.036600001
;US-NC;2011;p99p99.5;391868.09;;0.038400002;0.038400002
;US-NC;2011;p95p100;325210.41;;0.31830001;0.31830001
;US-NC;2011;p0p90;31364.1;;0.55260003;0.55260003
;US-NC;2011;p0p99;43679.602;;0.84649998;0.84649998
;US-NC;2011;p99.5p100;1177146.5;;0.1152;0.1152
;US-NC;2010;p0p100;61873.5;2.42873903499e+11;1.0;1.0
;US-NC;2010;p99p100;776406.31;;0.14830001;0.14830001
;US-NC;2010;p99.9p100;3093024.8;;0.059099998;0.059099998
;US-NC;2010;p99.99p100;12687265.0;;0.0242;0.0242
;US-NC;2010;p90p100;226577.3;;0.43259999;0.43259999
;US-NC;2010;p90p95;131304.3;;0.12540001;0.12540001
;US-NC;2010;p95p99;207349.5;;0.1584;0.1584
;US-NC;2010;p99.5p99.9;683554.88;;0.052200001;0.052200001
;US-NC;2010;p99.9p99.99;2024848.6;;0.0348;0.0348
;US-NC;2010;p99p99.5;386947.31;;0.036899999;0.036899999
;US-NC;2010;p95p100;321093.59;;0.3066;0.3066
;US-NC;2010;p0p90;33056.301;;0.56809998;0.56809998
;US-NC;2010;p0p99;45056.398;;0.85170001;0.85170001
;US-NC;2010;p99.5p100;1167016.9;;0.1114;0.1114
;US-NC;2009;p0p100;65212.102;2.43112751405e+11;1.0;1.0
;US-NC;2009;p99p100;741615.13;;0.1388;0.1388
;US-NC;2009;p99.9p100;2957730.3;;0.055399999;0.055399999
;US-NC;2009;p99.99p100;12095838.0;;0.022600001;0.022600001
;US-NC;2009;p90p100;219741.09;;0.4113;0.4113
;US-NC;2009;p90p95;131270.3;;0.1228;0.1228
;US-NC;2009;p95p99;198606.41;;0.1487;0.1487
;US-NC;2009;p99.5p99.9;633591.31;;0.047400001;0.047400001
;US-NC;2009;p99.9p99.99;1892690.5;;0.0319;0.0319
;US-NC;2009;p99p99.5;366178.59;;0.034299999;0.034299999
;US-NC;2009;p95p100;307513.41;;0.28780001;0.28780001
;US-NC;2009;p0p90;35158.398;;0.59219998;0.59219998
;US-NC;2009;p0p99;46477.199;;0.86119998;0.86119998
;US-NC;2009;p99.5p100;1111372.9;;0.104;0.104
;US-NC;2008;p0p100;73202.398;2.70897983439e+11;1.0;1.0
;US-NC;2008;p99p100;917505.31;;0.15189999;0.15189999
;US-NC;2008;p99.9p100;3913535.3;;0.064800002;0.064800002
;US-NC;2008;p99.99p100;16273371.0;;0.026900001;0.026900001
;US-NC;2008;p90p100;247087.09;;0.4091;0.4091
;US-NC;2008;p90p95;137297.59;;0.1136;0.1136
;US-NC;2008;p95p99;213185.59;;0.14120001;0.14120001
;US-NC;2008;p99.5p99.9;760481.88;;0.0504;0.0504
;US-NC;2008;p99.9p99.99;2479489.0;;0.036899999;0.036899999
;US-NC;2008;p99p99.5;412103.0;;0.0341;0.0341
;US-NC;2008;p95p100;355779.09;;0.29449999;0.29449999
;US-NC;2008;p0p90;40056.102;;0.59680003;0.59680003
;US-NC;2008;p0p99;51746.5;;0.84810001;0.84810001
;US-NC;2008;p99.5p100;1411613.8;;0.1168;0.1168
;US-NC;2007;p0p100;84649.703;2.81219545117e+11;1.0;1.0
;US-NC;2007;p99p100;1156170.3;;0.1785;0.1785
;US-NC;2007;p99.9p100;5231372.5;;0.080799997;0.080799997
;US-NC;2007;p99.99p100;22286352.0;;0.034400001;0.034400001
;US-NC;2007;p90p100;282838.0;;0.4366;0.4366
;US-NC;2007;p90p95;143951.7;;0.1111;0.1111
;US-NC;2007;p95p99;233555.41;;0.1442;0.1442
;US-NC;2007;p99.5p99.9;939191.5;;0.057999998;0.057999998
;US-NC;2007;p99.9p99.99;3291976.8;;0.045699999;0.045699999
;US-NC;2007;p99p99.5;478475.09;;0.036899999;0.036899999
;US-NC;2007;p95p100;420561.09;;0.32460001;0.32460001
;US-NC;2007;p0p90;40999.602;;0.56959999;0.56959999
;US-NC;2007;p0p99;53755.898;;0.8215;0.8215
;US-NC;2007;p99.5p100;1819890.4;;0.14049999;0.14049999
;US-NC;2006;p0p100;83657.297;2.61048683031e+11;1.0;1.0
;US-NC;2006;p99p100;1092816.4;;0.1805;0.1805
;US-NC;2006;p99.9p100;4836241.5;;0.079899997;0.079899997
;US-NC;2006;p99.99p100;19861734.0;;0.0328;0.0328
;US-NC;2006;p90p100;271050.19;;0.44769999;0.44769999
;US-NC;2006;p90p95;139625.09;;0.1153;0.1153
;US-NC;2006;p95p99;226663.5;;0.1498;0.1498
;US-NC;2006;p99.5p99.9;909750.0;;0.0601;0.0601
;US-NC;2006;p99.9p99.99;3152868.0;;0.0469;0.0469
;US-NC;2006;p99p99.5;465045.59;;0.038400002;0.038400002
;US-NC;2006;p95p100;401464.0;;0.33160001;0.33160001
;US-NC;2006;p0p90;37445.898;;0.55669999;0.55669999
;US-NC;2006;p0p99;50110.0;;0.81950003;0.81950003
;US-NC;2006;p99.5p100;1710423.0;;0.14129999;0.14129999
;US-NC;2005;p0p100;86923.203;2.47347869789e+11;1.0;1.0
;US-NC;2005;p99p100;1006884.9;;0.1707;0.1707
;US-NC;2005;p99.9p100;4376192.5;;0.074199997;0.074199997
;US-NC;2005;p99.99p100;17717450.0;;0.029999999;0.029999999
;US-NC;2005;p90p100;256419.0;;0.4348;0.4348
;US-NC;2005;p90p95;134364.09;;0.1139;0.1139
;US-NC;2005;p95p99;218608.5;;0.14830001;0.14830001
;US-NC;2005;p99.5p99.9;844095.69;;0.057300001;0.057300001
;US-NC;2005;p99.9p99.99;2882537.3;;0.044;0.044
;US-NC;2005;p99p99.5;441093.31;;0.0374;0.0374
;US-NC;2005;p95p100;377195.69;;0.31979999;0.31979999
;US-NC;2005;p0p90;37288.602;;0.56910002;0.56910002
;US-NC;2005;p0p99;49395.301;;0.82929999;0.82929999
;US-NC;2005;p99.5p100;1564342.6;;0.13259999;0.13259999
;US-NC;2004;p0p100;88533.297;2.29785569819e+11;1.0;1.0
;US-NC;2004;p99p100;883016.31;;0.15700001;0.15700001
;US-NC;2004;p99.9p100;3675957.3;;0.065399997;0.065399997
;US-NC;2004;p99.99p100;14650546.0;;0.0261;0.0261
;US-NC;2004;p90p100;238499.8;;0.4242;0.4242
;US-NC;2004;p90p95;125646.9;;0.1117;0.1117
;US-NC;2004;p95p99;216903.59;;0.1543;0.1543
;US-NC;2004;p99.5p99.9;752454.5;;0.0535;0.0535
;US-NC;2004;p99.9p99.99;2434875.8;;0.039000001;0.039000001
;US-NC;2004;p99p99.5;410963.69;;0.036499999;0.036499999
;US-NC;2004;p95p100;350600.41;;0.3118;0.3118
;US-NC;2004;p0p90;36166.0;;0.57889998;0.57889998
;US-NC;2004;p0p99;47877.602;;0.84299999;0.84299999
;US-NC;2004;p99.5p100;1349077.5;;0.12;0.12
;US-NC;2003;p0p100;86782.602;2.0936689677e+11;1.0;1.0
;US-NC;2003;p99p100;776058.0;;0.1485;0.1485
;US-NC;2003;p99.9p100;3082446.5;;0.059;0.059
;US-NC;2003;p99.99p100;12108357.0;;0.0232;0.0232
;US-NC;2003;p90p100;223306.41;;0.42730001;0.42730001
;US-NC;2003;p90p95;127642.0;;0.1221;0.1221
;US-NC;2003;p95p99;203581.8;;0.1558;0.1558
;US-NC;2003;p99.5p99.9;677628.81;;0.051899999;0.051899999
;US-NC;2003;p99.9p99.99;2056298.1;;0.035399999;0.035399999
;US-NC;2003;p99p99.5;381483.0;;0.036499999;0.036499999
;US-NC;2003;p95p100;318593.91;;0.3048;0.3048
;US-NC;2003;p0p90;33388.398;;0.5751;0.5751
;US-NC;2003;p0p99;44943.199;;0.85149997;0.85149997
;US-NC;2003;p99.5p100;1166849.3;;0.1117;0.1117
;US-NC;2002;p0p100;91541.102;2.06884187592e+11;1.0;1.0
;US-NC;2002;p99p100;751334.69;;0.1425;0.1425
;US-NC;2002;p99.9p100;2883903.0;;0.054699998;0.054699998
;US-NC;2002;p99.99p100;10884535.0;;0.0206;0.0206
;US-NC;2002;p90p100;221555.41;;0.4201;0.4201
;US-NC;2002;p90p95;128716.6;;0.122;0.122
;US-NC;2002;p95p99;204333.7;;0.155;0.155
;US-NC;2002;p99.5p99.9;668732.63;;0.050700001;0.050700001
;US-NC;2002;p99.9p99.99;1978713.1;;0.033799998;0.033799998
;US-NC;2002;p99p99.5;381170.0;;0.0361;0.0361
;US-NC;2002;p95p100;314102.5;;0.2978;0.2978
;US-NC;2002;p0p90;34087.301;;0.58170003;0.58170003
;US-NC;2002;p0p99;45681.301;;0.85750002;0.85750002
;US-NC;2002;p99.5p100;1118524.1;;0.106;0.106
;US-NC;2001;p0p100;101424.1;2.15632813432e+11;1.0;1.0
;US-NC;2001;p99p100;801609.19;;0.1417;0.1417
;US-NC;2001;p99.9p100;2932426.0;;0.051800001;0.051800001
;US-NC;2001;p99.99p100;10435199.0;;0.0184;0.0184
;US-NC;2001;p90p100;233224.2;;0.41209999;0.41209999
;US-NC;2001;p90p95;133407.09;;0.1179;0.1179
;US-NC;2001;p95p99;214918.3;;0.15189999;0.15189999
;US-NC;2001;p99.5p99.9;740348.69;;0.052299999;0.052299999
;US-NC;2001;p99.9p99.99;2110295.3;;0.033599999;0.033599999
;US-NC;2001;p99p99.5;421892.09;;0.037300002;0.037300002
;US-NC;2001;p95p100;332607.81;;0.29390001;0.29390001
;US-NC;2001;p0p90;37008.801;;0.58859998;0.58859998
;US-NC;2001;p0p99;49063.102;;0.85829997;0.85829997
;US-NC;2001;p99.5p100;1182351.5;;0.1045;0.1045
;US-NC;2000;p0p100;114709.9;2.30196052589e+11;1.0;1.0
;US-NC;2000;p99p100;966822.5;;0.15970001;0.15970001
;US-NC;2000;p99.9p100;3986669.0;;0.065800004;0.065800004
;US-NC;2000;p99.99p100;15212916.0;;0.0251;0.0251
;US-NC;2000;p90p100;255982.91;;0.42269999;0.42269999
;US-NC;2000;p90p95;135823.41;;0.1122;0.1122
;US-NC;2000;p95p99;226122.5;;0.1494;0.1494
;US-NC;2000;p99.5p99.9;834788.81;;0.055100001;0.055100001
;US-NC;2000;p99.9p99.99;2763846.5;;0.041099999;0.041099999
;US-NC;2000;p99p99.5;455773.0;;0.037599999;0.037599999
;US-NC;2000;p95p100;375316.19;;0.30989999;0.30989999
;US-NC;2000;p0p90;38989.699;;0.57950002;0.57950002
;US-NC;2000;p0p99;51399.301;;0.84030002;0.84030002
;US-NC;2000;p99.5p100;1474896.8;;0.1218;0.1218
;US-NC;1999;p0p100;124001.5;2.22951869069e+11;1.0;1.0
;US-NC;1999;p99p100;928174.19;;0.1515;0.1515
;US-NC;1999;p99.9p100;3639499.8;;0.0594;0.0594
;US-NC;1999;p99.99p100;13029964.0;;0.021299999;0.021299999
;US-NC;1999;p90p100;251877.59;;0.41100001;0.41100001
;US-NC;1999;p90p95;136374.09;;0.1113;0.1113
;US-NC;1999;p95p99;226419.09;;0.1478;0.1478
;US-NC;1999;p99.5p99.9;836597.38;;0.0546;0.0546
;US-NC;1999;p99.9p99.99;2640927.8;;0.038800001;0.038800001
;US-NC;1999;p99p99.5;455820.59;;0.0372;0.0372
;US-NC;1999;p95p100;366999.5;;0.2994;0.2994
;US-NC;1999;p0p90;40112.898;;0.5891;0.5891
;US-NC;1999;p0p99;52525.898;;0.84850001;0.84850001
;US-NC;1999;p99.5p100;1400372.3;;0.1143;0.1143
;US-NC;1998;p0p100;123443.5;2.10624698712e+11;1.0;1.0
;US-NC;1998;p99p100;893243.81;;0.15260001;0.15260001
;US-NC;1998;p99.9p100;3671118.3;;0.062700003;0.062700003
;US-NC;1998;p99.99p100;14144887.0;;0.0242;0.0242
;US-NC;1998;p90p100;239409.0;;0.40900001;0.40900001
;US-NC;1998;p90p95;130072.5;;0.1111;0.1111
;US-NC;1998;p95p99;211895.2;;0.14480001;0.14480001
;US-NC;1998;p99.5p99.9;779152.19;;0.053199999;0.053199999
;US-NC;1998;p99.9p99.99;2530636.0;;0.038899999;0.038899999
;US-NC;1998;p99p99.5;427086.0;;0.036499999;0.036499999
;US-NC;1998;p95p100;348461.59;;0.2976;0.2976
;US-NC;1998;p0p90;38461.602;;0.59130001;0.59130001
;US-NC;1998;p0p99;50107.699;;0.84740001;0.84740001
;US-NC;1998;p99.5p100;1359291.9;;0.1161;0.1161
;US-NC;1997;p0p100;119901.9;1.9665672565e+11;1.0;1.0
;US-NC;1997;p99p100;808867.81;;0.1463;0.1463
;US-NC;1997;p99.9p100;3227333.0;;0.058400001;0.058400001
;US-NC;1997;p99.99p100;12563996.0;;0.022700001;0.022700001
;US-NC;1997;p90p100;223472.7;;0.4041;0.4041
;US-NC;1997;p90p95;124415.0;;0.1125;0.1125
;US-NC;1997;p95p99;200609.7;;0.1451;0.1451
;US-NC;1997;p99.5p99.9;719381.19;;0.052000001;0.052000001
;US-NC;1997;p99.9p99.99;2200082.3;;0.035799999;0.035799999
;US-NC;1997;p99p99.5;395158.5;;0.035700001;0.035700001
;US-NC;1997;p95p100;322379.09;;0.2915;0.2915
;US-NC;1997;p0p90;36633.102;;0.59609997;0.59609997
;US-NC;1997;p0p99;47692.898;;0.85369998;0.85369998
;US-NC;1997;p99.5p100;1222220.0;;0.1105;0.1105
;US-NC;1996;p0p100;117690.0;1.81165327546e+11;1.0;1.0
;US-NC;1996;p99p100;717077.0;;0.13789999;0.13789999
;US-NC;1996;p99.9p100;2810484.0;;0.054000001;0.054000001
;US-NC;1996;p99.99p100;10723463.0;;0.0206;0.0206
;US-NC;1996;p90p100;206275.91;;0.39660001;0.39660001
;US-NC;1996;p90p95;119440.0;;0.1148;0.1148
;US-NC;1996;p95p99;186950.09;;0.14380001;0.14380001
;US-NC;1996;p99.5p99.9;638728.5;;0.0491;0.0491
;US-NC;1996;p99.9p99.99;1929139.8;;0.033399999;0.033399999
;US-NC;1996;p99p99.5;357501.59;;0.034400001;0.034400001
;US-NC;1996;p95p100;293023.91;;0.28169999;0.28169999
;US-NC;1996;p0p90;34901.602;;0.60390002;0.60390002
;US-NC;1996;p0p99;45294.602;;0.86210001;0.86210001
;US-NC;1996;p99.5p100;1075855.3;;0.1034;0.1034
;US-NC;1995;p0p100;120172.9;1.70211758132e+11;1.0;1.0
;US-NC;1995;p99p100;649259.31;;0.1288;0.1288
;US-NC;1995;p99.9p100;2423779.0;;0.048099998;0.048099998
;US-NC;1995;p99.99p100;8815006.0;;0.0175;0.0175
;US-NC;1995;p90p100;194514.91;;0.38600001;0.38600001
;US-NC;1995;p90p95;116276.2;;0.1154;0.1154
;US-NC;1995;p95p99;178591.59;;0.1418;0.1418
;US-NC;1995;p99.5p99.9;593110.38;;0.0471;0.0471
;US-NC;1995;p99.9p99.99;1713936.9;;0.0306;0.0306
;US-NC;1995;p99p99.5;337637.0;;0.033500001;0.033500001
;US-NC;1995;p95p100;272703.69;;0.27059999;0.27059999
;US-NC;1995;p0p90;34387.898;;0.6142;0.6142
;US-NC;1995;p0p99;44342.102;;0.87120003;0.87120003
;US-NC;1995;p99.5p100;960620.0;;0.095299996;0.095299996
;US-NC;1994;p0p100;120476.6;1.61280718859e+11;1.0;1.0
;US-NC;1994;p99p100;594853.0;;0.1235;0.1235
;US-NC;1994;p99.9p100;2257958.3;;0.0469;0.0469
;US-NC;1994;p99.99p100;8603230.0;;0.017899999;0.017899999
;US-NC;1994;p90p100;181367.59;;0.37650001;0.37650001
;US-NC;1994;p90p95;109305.0;;0.1135;0.1135
;US-NC;1994;p95p99;168068.7;;0.13959999;0.13959999
;US-NC;1994;p99.5p99.9;537655.69;;0.044599999;0.044599999
;US-NC;1994;p99.9p99.99;1549864.6;;0.028999999;0.028999999
;US-NC;1994;p99p99.5;306786.81;;0.031800002;0.031800002
;US-NC;1994;p95p100;253408.3;;0.26300001;0.26300001
;US-NC;1994;p0p90;33381.199;;0.62370002;0.62370002
;US-NC;1994;p0p99;42648.801;;0.87650001;0.87650001
;US-NC;1994;p99.5p100;882754.38;;0.091600001;0.091600001
;US-NC;1993;p0p100;122730.1;1.54839001028e+11;1.0;1.0
;US-NC;1993;p99p100;565688.81;;0.1203;0.1203
;US-NC;1993;p99.9p100;2130369.0;;0.045299999;0.045299999
;US-NC;1993;p99.99p100;8062168.0;;0.017100001;0.017100001
;US-NC;1993;p90p100;176616.41;;0.37540001;0.37540001
;US-NC;1993;p90p95;108586.4;;0.1154;0.1154
;US-NC;1993;p95p99;164372.2;;0.1398;0.1398
;US-NC;1993;p99.5p99.9;515334.5;;0.0438;0.0438
;US-NC;1993;p99.9p99.99;1467781.6;;0.028100001;0.028100001
;US-NC;1993;p99p99.5;291650.31;;0.030999999;0.030999999
;US-NC;1993;p95p100;244601.3;;0.25999999;0.25999999
;US-NC;1993;p0p90;32656.699;;0.62480003;0.62480003
;US-NC;1993;p0p99;41803.199;;0.87970001;0.87970001
;US-NC;1993;p99.5p100;839410.31;;0.089199997;0.089199997
;US-NC;1992;p0p100;127888.0;1.51526247486e+11;1.0;1.0
;US-NC;1992;p99p100;573624.19;;0.1229;0.1229
;US-NC;1992;p99.9p100;2211285.5;;0.047400001;0.047400001
;US-NC;1992;p99.99p100;8467297.0;;0.018100001;0.018100001
;US-NC;1992;p90p100;176235.91;;0.3775;0.3775
;US-NC;1992;p90p95;109240.4;;0.117;0.117
;US-NC;1992;p95p99;160705.0;;0.13770001;0.13770001
;US-NC;1992;p99.5p99.9;520229.5;;0.044599999;0.044599999
;US-NC;1992;p99.9p99.99;1515471.0;;0.029200001;0.029200001
;US-NC;1992;p99p99.5;288184.5;;0.0309;0.0309
;US-NC;1992;p95p100;243299.2;;0.2606;0.2606
;US-NC;1992;p0p90;32288.1;;0.6225;0.6225
;US-NC;1992;p0p99;41359.301;;0.87709999;0.87709999
;US-NC;1992;p99.5p100;858952.38;;0.092;0.092
;US-NC;1991;p0p100;129448.7;1.44473659073e+11;1.0;1.0
;US-NC;1991;p99p100;502781.69;;0.1119;0.1119
;US-NC;1991;p99.9p100;1796661.3;;0.039999999;0.039999999
;US-NC;1991;p99.99p100;6396768.0;;0.0142;0.0142
;US-NC;1991;p90p100;167036.8;;0.37169999;0.37169999
;US-NC;1991;p90p95;108848.7;;0.1211;0.1211
;US-NC;1991;p95p99;156100.7;;0.1389;0.1389
;US-NC;1991;p99.5p99.9;470183.81;;0.0418;0.0418
;US-NC;1991;p99.9p99.99;1285181.8;;0.025699999;0.025699999
;US-NC;1991;p99p99.5;269797.69;;0.029999999;0.029999999
;US-NC;1991;p95p100;225413.2;;0.25080001;0.25080001
;US-NC;1991;p0p90;31368.1;;0.62809998;0.62809998
;US-NC;1991;p0p99;40319.199;;0.88810003;0.88810003
;US-NC;1991;p99.5p100;735778.69;;0.081900001;0.081900001
;US-NC;1990;p0p100;143667.0;1.46475876707e+11;1.0;1.0
;US-NC;1990;p99p100;536909.19;;0.1155;0.1155
;US-NC;1990;p99.9p100;1984161.5;;0.0427;0.0427
;US-NC;1990;p99.99p100;7227393.5;;0.0155;0.0155
;US-NC;1990;p90p100;170879.8;;0.36759999;0.36759999
;US-NC;1990;p90p95;108501.5;;0.1167;0.1167
;US-NC;1990;p95p99;157319.8;;0.1354;0.1354
;US-NC;1990;p99.5p99.9;500104.5;;0.043000001;0.043000001
;US-NC;1990;p99.9p99.99;1403110.1;;0.0272;0.0272
;US-NC;1990;p99p99.5;276623.31;;0.0298;0.0298
;US-NC;1990;p95p100;233273.5;;0.2509;0.2509
;US-NC;1990;p0p90;32666.4;;0.63239998;0.63239998
;US-NC;1990;p0p99;41532.898;;0.88450003;0.88450003
;US-NC;1990;p99.5p100;796957.81;;0.085699998;0.085699998
;US-NC;1989;p0p100;161089.3;1.45250155908e+11;1.0;1.0
;US-NC;1989;p99p100;614236.88;;0.12989999;0.12989999
;US-NC;1989;p99.9p100;2398871.3;;0.050700001;0.050700001
;US-NC;1989;p99.99p100;9255942.0;;0.0196;0.0196
;US-NC;1989;p90p100;180229.3;;0.3811;0.3811
;US-NC;1989;p90p95;107969.5;;0.1142;0.1142
;US-NC;1989;p95p99;160116.09;;0.1354;0.1354
;US-NC;1989;p99.5p99.9;545450.0;;0.046100002;0.046100002
;US-NC;1989;p99.9p99.99;1614225.1;;0.0307;0.0307
;US-NC;1989;p99p99.5;300735.59;;0.031800002;0.031800002
;US-NC;1989;p95p100;252222.2;;0.2667;0.2667
;US-NC;1989;p0p90;32694.9;;0.62220001;0.62220001
;US-NC;1989;p0p99;41565.699;;0.87010002;0.87010002
;US-NC;1989;p99.5p100;923066.31;;0.097599998;0.097599998
;US-NC;1988;p0p100;177445.3;1.4249449302e+11;1.0;1.0
;US-NC;1988;p99p100;628386.69;;0.1313;0.1313
;US-NC;1988;p99.9p100;2539280.8;;0.052999999;0.052999999
;US-NC;1988;p99.99p100;9844679.0;;0.0206;0.0206
;US-NC;1988;p90p100;178950.8;;0.37380001;0.37380001
;US-NC;1988;p90p95;105759.5;;0.1105;0.1105
;US-NC;1988;p95p99;154843.3;;0.1294;0.1294
;US-NC;1988;p99.5p99.9;546983.69;;0.045699999;0.045699999
;US-NC;1988;p99.9p99.99;1692715.9;;0.031800002;0.031800002
;US-NC;1988;p99p99.5;292167.41;;0.0305;0.0305
;US-NC;1988;p95p100;251685.5;;0.26289999;0.26289999
;US-NC;1988;p0p90;33595.398;;0.63160002;0.63160002
;US-NC;1988;p0p99;42010.5;;0.86870003;0.86870003
;US-NC;1988;p99.5p100;956771.81;;0.0999;0.0999
;US-NC;1987;p0p100;179757.59;1.31604328636e+11;1.0;1.0
;US-NC;1987;p99p100;507487.91;;0.1125;0.1125
;US-NC;1987;p99.9p100;1839137.3;;0.040800001;0.040800001
;US-NC;1987;p99.99p100;6708463.0;;0.0149;0.0149
;US-NC;1987;p90p100;163649.91;;0.36269999;0.36269999
;US-NC;1987;p90p95;104430.0;;0.1157;0.1157
;US-NC;1987;p95p99;150166.0;;0.1331;0.1331
;US-NC;1987;p99.5p99.9;461129.0;;0.040899999;0.040899999
;US-NC;1987;p99.9p99.99;1279089.6;;0.0255;0.0255
;US-NC;1987;p99p99.5;268523.0;;0.0298;0.0298
;US-NC;1987;p95p100;222685.3;;0.2467;0.2467
;US-NC;1987;p0p90;32097.9;;0.64020002;0.64020002
;US-NC;1987;p0p99;40455.102;;0.88749999;0.88749999
;US-NC;1987;p99.5p100;742597.38;;0.0823;0.0823
;US-NC;1986;p0p100;198387.59;1.32615242788e+11;1.0;1.0
;US-NC;1986;p99p100;669061.38;;0.1436;0.1436
;US-NC;1986;p99.9p100;2977208.5;;0.063900001;0.063900001
;US-NC;1986;p99.99p100;12878048.0;;0.0276;0.0276
;US-NC;1986;p90p100;178880.3;;0.38389999;0.38389999
;US-NC;1986;p90p95;101501.6;;0.1089;0.1089
;US-NC;1986;p95p99;151292.7;;0.12989999;0.12989999
;US-NC;1986;p99.5p99.9;555987.81;;0.047699999;0.047699999
;US-NC;1986;p99.9p99.99;1847747.4;;0.035700001;0.035700001
;US-NC;1986;p99p99.5;286562.19;;0.0307;0.0307
;US-NC;1986;p95p100;255981.8;;0.27469999;0.27469999
;US-NC;1986;p0p90;32072.9;;0.61940002;0.61940002
;US-NC;1986;p0p99;40312.5;;0.85640001;0.85640001
;US-NC;1986;p99.5p100;1046948.5;;0.1123;0.1123
;US-NC;1985;p0p100;189818.59;1.19719992643e+11;1.0;1.0
;US-NC;1985;p99p100;492630.41;;0.1145;0.1145
;US-NC;1985;p99.9p100;1971786.8;;0.0458;0.0458
;US-NC;1985;p99.99p100;7861792.0;;0.018300001;0.018300001
;US-NC;1985;p90p100;153580.09;;0.35699999;0.35699999
;US-NC;1985;p90p95;96666.797;;0.1124;0.1124
;US-NC;1985;p95p99;138670.0;;0.12890001;0.12890001
;US-NC;1985;p99.5p99.9;421603.91;;0.0392;0.0392
;US-NC;1985;p99.9p99.99;1286505.3;;0.026900001;0.026900001
;US-NC;1985;p99p99.5;244070.3;;0.0284;0.0284
;US-NC;1985;p95p100;210314.0;;0.2445;0.2445
;US-NC;1985;p0p90;30871.699;;0.64590001;0.64590001
;US-NC;1985;p0p99;38473.898;;0.88550001;0.88550001
;US-NC;1985;p99.5p100;737629.31;;0.085699998;0.085699998
;US-NC;1984;p0p100;199547.41;1.13399562175e+11;1.0;1.0
;US-NC;1984;p99p100;460166.09;;0.1089;0.1089
;US-NC;1984;p99.9p100;1845796.5;;0.043699998;0.043699998
;US-NC;1984;p99.99p100;7675626.5;;0.018200001;0.018200001
;US-NC;1984;p90p100;146364.59;;0.34630001;0.34630001
;US-NC;1984;p90p95;93476.398;;0.1106;0.1106
;US-NC;1984;p95p99;133342.41;;0.12620001;0.12620001
;US-NC;1984;p99.5p99.9;391558.31;;0.037099998;0.037099998
;US-NC;1984;p99.9p99.99;1176035.4;;0.025;0.025
;US-NC;1984;p99p99.5;231763.0;;0.0274;0.0274
;US-NC;1984;p95p100;199216.3;;0.2357;0.2357
;US-NC;1984;p0p90;30788.301;;0.65560001;0.65560001
;US-NC;1984;p0p99;38046.801;;0.89109999;0.89109999
;US-NC;1984;p99.5p100;686372.5;;0.081200004;0.081200004
;US-NC;1983;p0p100;215362.91;1.0494497056e+11;1.0;1.0
;US-NC;1983;p99p100;394822.0;;0.097800002;0.097800002
;US-NC;1983;p99.9p100;1463675.3;;0.036200002;0.036200002
;US-NC;1983;p99.99p100;5829321.5;;0.0144;0.0144
;US-NC;1983;p90p100;135067.5;;0.33450001;0.33450001
;US-NC;1983;p90p95;90498.898;;0.1121;0.1121
;US-NC;1983;p95p99;125679.6;;0.1245;0.1245
;US-NC;1983;p99.5p99.9;349715.91;;0.034600001;0.034600001
;US-NC;1983;p99.9p99.99;967481.13;;0.021600001;0.021600001
;US-NC;1983;p99p99.5;213209.5;;0.0264;0.0264
;US-NC;1983;p95p100;179779.59;;0.2226;0.2226
;US-NC;1983;p0p90;29896.199;;0.66640002;0.66640002
;US-NC;1983;p0p99;36797.0;;0.90219998;0.90219998
;US-NC;1983;p99.5p100;575036.31;;0.071199998;0.071199998
;US-NC;1982;p0p100;214867.59;1.00417527011e+11;1.0;1.0
;US-NC;1982;p99p100;399653.19;;0.1034;0.1034
;US-NC;1982;p99.9p100;1545841.9;;0.039999999;0.039999999
;US-NC;1982;p99.99p100;6418385.0;;0.0166;0.0166
;US-NC;1982;p90p100;129170.3;;0.33430001;0.33430001
;US-NC;1982;p90p95;83141.797;;0.1076;0.1076
;US-NC;1982;p95p99;119054.6;;0.1233;0.1233
;US-NC;1982;p99.5p99.9;350690.41;;0.0363;0.0363
;US-NC;1982;p99.9p99.99;1004448.2;;0.023399999;0.023399999
;US-NC;1982;p99p99.5;209585.7;;0.027100001;0.027100001
;US-NC;1982;p95p100;175057.09;;0.22660001;0.22660001
;US-NC;1982;p0p90;28577.301;;0.66570002;0.66570002
;US-NC;1982;p0p99;34988.699;;0.89660001;0.89660001
;US-NC;1982;p99.5p100;589720.69;;0.076300003;0.076300003
;US-NC;1981;p0p100;253479.91;1.0045913535e+11;1.0;1.0
;US-NC;1981;p99p100;353126.81;;0.087099999;0.087099999
;US-NC;1981;p99.9p100;1057965.6;;0.0261;0.0261
;US-NC;1981;p99.99p100;3311983.0;;0.0082;0.0082
;US-NC;1981;p90p100;137173.0;;0.33840001;0.33840001
;US-NC;1981;p90p95;101823.7;;0.1256;0.1256
;US-NC;1981;p95p99;127837.9;;0.1261;0.1261
;US-NC;1981;p99.5p99.9;338151.81;;0.033399999;0.033399999
;US-NC;1981;p99.9p99.99;806350.13;;0.017899999;0.017899999
;US-NC;1981;p99p99.5;222731.41;;0.0275;0.0275
;US-NC;1981;p95p100;173007.7;;0.21340001;0.21340001
;US-NC;1981;p0p90;29789.1;;0.66140002;0.66140002
;US-NC;1981;p0p99;37380.602;;0.91289997;0.91289997
;US-NC;1981;p99.5p100;483149.91;;0.059599999;0.059599999
;US-NC;1980;p0p100;310297.69;99243402722.0;1.0;1.0
;US-NC;1980;p99p100;371599.59;;0.0898;0.0898
;US-NC;1980;p99.9p100;1069717.8;;0.025900001;0.025900001
;US-NC;1980;p99.99p100;3369510.0;;0.0081000002;0.0081000002
;US-NC;1980;p90p100;136290.91;;0.3294;0.3294
;US-NC;1980;p90p95;94625.898;;0.1144;0.1144
;US-NC;1980;p95p99;129444.9;;0.1252;0.1252
;US-NC;1980;p99.5p99.9;368629.0;;0.035599999;0.035599999
;US-NC;1980;p99.9p99.99;813526.19;;0.0177;0.0177
;US-NC;1980;p99p99.5;233882.7;;0.0283;0.0283
;US-NC;1980;p95p100;177899.59;;0.215;0.215
;US-NC;1980;p0p90;30833.6;;0.67070001;0.67070001
;US-NC;1980;p0p99;38036.801;;0.9102;0.9102
;US-NC;1980;p99.5p100;509265.41;;0.061500002;0.061500002
;US-NC;1979;p0p100;376629.81;97546675782.0;1.0;1.0
;US-NC;1979;p99p100;367537.19;;0.090300001;0.090300001
;US-NC;1979;p99.9p100;1172996.9;;0.0288;0.0288
;US-NC;1979;p99.99p100;4251525.0;;0.0105;0.0105
;US-NC;1979;p90p100;134398.41;;0.33039999;0.33039999
;US-NC;1979;p90p95;89914.297;;0.1105;0.1105
;US-NC;1979;p95p99;131684.41;;0.1295;0.1295
;US-NC;1979;p99.5p99.9;354691.19;;0.034899998;0.034899998
;US-NC;1979;p99.9p99.99;830628.81;;0.0184;0.0184
;US-NC;1979;p99p99.5;216671.5;;0.0266;0.0266
;US-NC;1979;p95p100;178839.59;;0.2198;0.2198
;US-NC;1979;p0p90;30271.801;;0.66970003;0.66970003
;US-NC;1979;p0p99;37380.898;;0.90969998;0.90969998
;US-NC;1979;p99.5p100;518507.31;;0.063699998;0.063699998
;US-NC;1978;p0p100;458730.31;94426429344.0;1.0;1.0
;US-NC;1978;p99p100;338206.31;;0.082000002;0.082000002
;US-NC;1978;p99.9p100;875421.69;;0.021199999;0.021199999
;US-NC;1978;p99.99p100;2385682.0;;0.0057999999;0.0057999999
;US-NC;1978;p90p100;131589.0;;0.31889999;0.31889999
;US-NC;1978;p90p95;88685.797;;0.1075;0.1075
;US-NC;1978;p95p99;133735.8;;0.1296;0.1296
;US-NC;1978;p99.5p99.9;343110.09;;0.033300001;0.033300001
;US-NC;1978;p99.9p99.99;707158.13;;0.0154;0.0154
;US-NC;1978;p99p99.5;226701.91;;0.0275;0.0275
;US-NC;1978;p95p100;174546.5;;0.2115;0.2115
;US-NC;1978;p0p90;31224.4;;0.68099999;0.68099999
;US-NC;1978;p0p99;38267.301;;0.91799998;0.91799998
;US-NC;1978;p99.5p100;449845.5;;0.054499999;0.054499999
;US-NC;1977;p0p100;516212.5;89640235233.0;1.0;1.0
;US-NC;1977;p99p100;338146.09;;0.084299996;0.084299996
;US-NC;1977;p99.9p100;852297.31;;0.021199999;0.021199999
;US-NC;1977;p99.99p100;2351229.0;;0.0059000002;0.0059000002
;US-NC;1977;p90p100;127705.3;;0.31830001;0.31830001
;US-NC;1977;p90p95;87535.5;;0.1091;0.1091
;US-NC;1977;p95p99;125303.9;;0.1249;0.1249
;US-NC;1977;p99.5p99.9;346251.19;;0.034499999;0.034499999
;US-NC;1977;p99.9p99.99;684977.31;;0.0154;0.0154
;US-NC;1977;p99p99.5;228642.2;;0.0285;0.0285
;US-NC;1977;p95p100;167876.3;;0.20919999;0.20919999
;US-NC;1977;p0p90;30386.1;;0.68169999;0.68169999
;US-NC;1977;p0p99;37105.898;;0.91570002;0.91570002
;US-NC;1977;p99.5p100;447760.31;;0.055799998;0.055799998
;US-NC;1976;p0p100;582760.69;87176472929.0;1.0;1.0
;US-NC;1976;p99p100;328339.41;;0.082199998;0.082199998
;US-NC;1976;p99.9p100;847318.88;;0.021199999;0.021199999
;US-NC;1976;p99.99p100;2263592.5;;0.0057000001;0.0057000001
;US-NC;1976;p90p100;128195.6;;0.3211;0.3211
;US-NC;1976;p90p95;90491.797;;0.1133;0.1133
;US-NC;1976;p95p99;125309.6;;0.12549999;0.12549999
;US-NC;1976;p99.5p99.9;337647.5;;0.033799998;0.033799998
;US-NC;1976;p99.9p99.99;690162.31;;0.0156;0.0156
;US-NC;1976;p99p99.5;216775.09;;0.027100001;0.027100001
;US-NC;1976;p95p100;165915.0;;0.2078;0.2078
;US-NC;1976;p0p90;30119.5;;0.6789;0.6789
;US-NC;1976;p0p99;37013.301;;0.91780001;0.91780001
;US-NC;1976;p99.5p100;439873.5;;0.055100001;0.055100001
;US-NC;1975;p0p100;623773.63;81565711053.0;1.0;1.0
;US-NC;1975;p99p100;310716.09;;0.081299998;0.081299998
;US-NC;1975;p99.9p100;782033.81;;0.020500001;0.020500001
;US-NC;1975;p99.99p100;2032728.5;;0.0052999998;0.0052999998
;US-NC;1975;p90p100;122872.6;;0.32159999;0.32159999
;US-NC;1975;p90p95;85673.5;;0.1121;0.1121
;US-NC;1975;p95p99;122431.9;;0.12819999;0.12819999
;US-NC;1975;p99.5p99.9;322089.5;;0.0337;0.0337
;US-NC;1975;p99.9p99.99;643706.69;;0.0152;0.0152
;US-NC;1975;p99p99.5;206851.41;;0.027100001;0.027100001
;US-NC;1975;p95p100;160085.59;;0.2095;0.2095
;US-NC;1975;p0p90;28800.5;;0.67839998;0.67839998
;US-NC;1975;p0p99;35454.0;;0.91869998;0.91869998
;US-NC;1975;p99.5p100;414459.81;;0.054200001;0.054200001
;US-NC;1974;p0p100;797865.5;85634417997.0;1.0;1.0
;US-NC;1974;p99p100;336201.31;;0.081900001;0.081900001
;US-NC;1974;p99.9p100;953845.63;;0.0232;0.0232
;US-NC;1974;p99.99p100;2921007.3;;0.0071;0.0071
;US-NC;1974;p90p100;129453.9;;0.31549999;0.31549999
;US-NC;1974;p90p95;89724.102;;0.1093;0.1093
;US-NC;1974;p95p99;127165.3;;0.124;0.124
;US-NC;1974;p99.5p99.9;332219.09;;0.032400001;0.032400001
;US-NC;1974;p99.9p99.99;731909.5;;0.016100001;0.016100001
;US-NC;1974;p99p99.5;214159.2;;0.0261;0.0261
;US-NC;1974;p95p100;169200.7;;0.2062;0.2062
;US-NC;1974;p0p90;31236.9;;0.68510002;0.68510002
;US-NC;1974;p0p99;38055.0;;0.9181;0.9181
;US-NC;1974;p99.5p100;457555.31;;0.0557;0.0557
;US-NC;1973;p0p100;1003163.8;85431438647.0;1.0;1.0
;US-NC;1973;p99p100;354561.41;;0.084700003;0.084700003
;US-NC;1973;p99.9p100;930254.88;;0.0222;0.0222
;US-NC;1973;p99.99p100;2477008.8;;0.0059000002;0.0059000002
;US-NC;1973;p90p100;129908.8;;0.31040001;0.31040001
;US-NC;1973;p90p95;88803.5;;0.1061;0.1061
;US-NC;1973;p95p99;125136.9;;0.1196;0.1196
;US-NC;1973;p99.5p99.9;364256.09;;0.0348;0.0348
;US-NC;1973;p99.9p99.99;757833.88;;0.0163;0.0163
;US-NC;1973;p99p99.5;231434.5;;0.0277;0.0277
;US-NC;1973;p95p100;171021.5;;0.2043;0.2043
;US-NC;1973;p0p90;32065.9;;0.68959999;0.68959999
;US-NC;1973;p0p99;38690.199;;0.91530001;0.91530001
;US-NC;1973;p99.5p100;477443.09;;0.057;0.057
;US-NC;1972;p0p100;1088383.1;80338480067.0;1.0;1.0
;US-NC;1972;p99p100;365981.09;;0.090899996;0.090899996
;US-NC;1972;p99.9p100;1003436.4;;0.024900001;0.024900001
;US-NC;1972;p99.99p100;2924758.5;;0.0073000002;0.0073000002
;US-NC;1972;p90p100;130138.2;;0.32339999;0.32339999
;US-NC;1972;p90p95;86340.5;;0.1073;0.1073
;US-NC;1972;p95p99;125926.3;;0.1252;0.1252
;US-NC;1972;p99.5p99.9;370751.91;;0.036899999;0.036899999
;US-NC;1972;p99.9p99.99;789738.69;;0.0177;0.0177
;US-NC;1972;p99p99.5;234276.8;;0.029100001;0.029100001
;US-NC;1972;p95p100;173937.91;;0.21610001;0.21610001
;US-NC;1972;p0p90;30256.0;;0.6767;0.6767
;US-NC;1972;p0p99;36951.898;;0.9091;0.9091
;US-NC;1972;p99.5p100;497685.41;;0.061799999;0.061799999
;US-NC;1971;p0p100;1086323.6;73534708160.0;1.0;1.0
;US-NC;1971;p99p100;342278.0;;0.090800002;0.090800002
;US-NC;1971;p99.9p100;1008835.2;;0.026799999;0.026799999
;US-NC;1971;p99.99p100;3421839.0;;0.0091000004;0.0091000004
;US-NC;1971;p90p100;123532.4;;0.3276;0.3276
;US-NC;1971;p90p95;83827.898;;0.1112;0.1112
;US-NC;1971;p95p99;118492.6;;0.1257;0.1257
;US-NC;1971;p99.5p99.9;337510.5;;0.035799999;0.035799999
;US-NC;1971;p99.9p99.99;740858.19;;0.0177;0.0177
;US-NC;1971;p99p99.5;212581.7;;0.028200001;0.028200001
;US-NC;1971;p95p100;163249.09;;0.2165;0.2165
;US-NC;1971;p0p90;28170.5;;0.6724;0.6724
;US-NC;1971;p0p99;34630.0;;0.90920001;0.90920001
;US-NC;1971;p99.5p100;471938.0;;0.062600002;0.062600002
;US-NC;1970;p0p100;1173369.8;71079431111.0;1.0;1.0
;US-NC;1970;p99p100;328261.09;;0.087800004;0.087800004
;US-NC;1970;p99.9p100;921101.31;;0.024599999;0.024599999
;US-NC;1970;p99.99p100;3016545.8;;0.0081000002;0.0081000002
;US-NC;1970;p90p100;119804.5;;0.32049999;0.32049999
;US-NC;1970;p90p95;81932.797;;0.1096;0.1096
;US-NC;1970;p95p99;115047.4;;0.1231;0.1231
;US-NC;1970;p99.5p99.9;334116.31;;0.035799999;0.035799999
;US-NC;1970;p99.9p99.99;688008.63;;0.0166;0.0166
;US-NC;1970;p99p99.5;204780.41;;0.0274;0.0274
;US-NC;1970;p95p100;157689.91;;0.21089999;0.21089999
;US-NC;1970;p0p90;28223.0;;0.67949998;0.67949998
;US-NC;1970;p0p99;34442.301;;0.91219997;0.91219997
;US-NC;1970;p99.5p100;451717.59;;0.060400002;0.060400002
;US-NC;1969;p0p100;1316811.9;70053469015.0;1.0;1.0
;US-NC;1969;p99p100;355485.41;;0.094700001;0.094700001
;US-NC;1969;p99.9p100;1086729.1;;0.028999999;0.028999999
;US-NC;1969;p99.99p100;3803657.3;;0.0101;0.0101
;US-NC;1969;p90p100;120679.9;;0.3215;0.3215
;US-NC;1969;p90p95;77735.102;;0.1036;0.1036
;US-NC;1969;p95p99;115677.9;;0.1233;0.1233
;US-NC;1969;p99.5p99.9;345846.59;;0.036899999;0.036899999
;US-NC;1969;p99.9p99.99;786630.0;;0.0189;0.0189
;US-NC;1969;p99p99.5;216844.09;;0.028899999;0.028899999
;US-NC;1969;p95p100;163627.3;;0.21799999;0.21799999
;US-NC;1969;p0p90;28291.4;;0.67839998;0.67839998
;US-NC;1969;p0p99;34320.398;;0.90530002;0.90530002
;US-NC;1969;p99.5p100;494226.41;;0.065800004;0.065800004
;US-NC;1968;p0p100;1435803.6;67538999966.0;1.0;1.0
;US-NC;1968;p99p100;373054.31;;0.1014;0.1014
;US-NC;1968;p99.9p100;1156839.6;;0.031399999;0.031399999
;US-NC;1968;p99.99p100;3793588.5;;0.0103;0.0103
;US-NC;1968;p90p100;121505.4;;0.33019999;0.33019999
;US-NC;1968;p90p95;74493.0;;0.1012;0.1012
;US-NC;1968;p95p99;117374.7;;0.1276;0.1276
;US-NC;1968;p99.5p99.9;371981.0;;0.040399998;0.040399998
;US-NC;1968;p99.9p99.99;866822.13;;0.021199999;0.021199999
;US-NC;1968;p99p99.5;217249.5;;0.0295;0.0295
;US-NC;1968;p95p100;168518.3;;0.229;0.229
;US-NC;1968;p0p90;27380.699;;0.66970003;0.66970003
;US-NC;1968;p0p99;33399.398;;0.89859998;0.89859998
;US-NC;1968;p99.5p100;528798.13;;0.071900003;0.071900003
;US-NC;1967;p0p100;1492178.5;63567165344.0;1.0;1.0
;US-NC;1967;p99p100;348777.81;;0.098999999;0.098999999
;US-NC;1967;p99.9p100;1002526.5;;0.0285;0.0285
;US-NC;1967;p99.99p100;3198381.8;;0.0091000004;0.0091000004
;US-NC;1967;p90p100;115526.1;;0.32800001;0.32800001
;US-NC;1967;p90p95;74422.602;;0.1056;0.1056
;US-NC;1967;p95p99;108637.3;;0.1234;0.1234
;US-NC;1967;p99.5p99.9;345382.59;;0.0392;0.0392
;US-NC;1967;p99.9p99.99;759056.81;;0.019400001;0.019400001
;US-NC;1967;p99p99.5;220774.5;;0.031300001;0.031300001
;US-NC;1967;p95p100;156657.2;;0.22239999;0.22239999
;US-NC;1967;p0p90;26300.801;;0.67199999;0.67199999
;US-NC;1967;p0p99;32058.6;;0.90100002;0.90100002
;US-NC;1967;p99.5p100;476844.81;;0.067699999;0.067699999
;US-NC;1966;p0p100;1517226.8;59740490498.0;1.0;1.0
;US-NC;1966;p99p100;342601.41;;0.1016;0.1016
;US-NC;1966;p99.9p100;1106695.8;;0.0328;0.0328
;US-NC;1966;p99.99p100;4766971.0;;0.0141;0.0141
;US-NC;1966;p90p100;113304.2;;0.3362;0.3362
;US-NC;1966;p90p95;74328.102;;0.1103;0.1103
;US-NC;1966;p95p99;104792.3;;0.1244;0.1244
;US-NC;1966;p99.5p99.9;327939.41;;0.038899999;0.038899999
;US-NC;1966;p99.9p99.99;699712.19;;0.0187;0.0187
;US-NC;1966;p99p99.5;201345.2;;0.029899999;0.029899999
;US-NC;1966;p95p100;152358.5;;0.226;0.226
;US-NC;1966;p0p90;24857.199;;0.6638;0.6638
;US-NC;1966;p0p99;30584.301;;0.89840001;0.89840001
;US-NC;1966;p99.5p100;483830.0;;0.071800001;0.071800001
;US-NC;1965;p0p100;1513889.4;55302879052.0;1.0;1.0
;US-NC;1965;p99p100;344010.09;;0.1082;0.1082
;US-NC;1965;p99.9p100;1056974.5;;0.033300001;0.033300001
;US-NC;1965;p99.99p100;4113059.0;;0.0129;0.0129
;US-NC;1965;p90p100;111511.8;;0.35080001;0.35080001
;US-NC;1965;p90p95;72882.602;;0.1146;0.1146
;US-NC;1965;p95p99;101668.4;;0.1279;0.1279
;US-NC;1965;p99.5p99.9;328503.91;;0.041299999;0.041299999
;US-NC;1965;p99.9p99.99;717165.13;;0.020300001;0.020300001
;US-NC;1965;p99p99.5;213659.8;;0.033599999;0.033599999
;US-NC;1965;p95p100;150136.2;;0.2362;0.2362
;US-NC;1965;p0p90;22931.1;;0.64920002;0.64920002
;US-NC;1965;p0p99;28634.199;;0.89179999;0.89179999
;US-NC;1965;p99.5p100;474296.19;;0.074600004;0.074600004
;US-NC;1964;p0p100;1500718.6;52063014175.0;1.0;1.0
;US-NC;1964;p99p100;294719.5;;0.096600004;0.096600004
;US-NC;1964;p99.9p100;859325.0;;0.028200001;0.028200001
;US-NC;1964;p99.99p100;1995747.1;;0.0065000001;0.0065000001
;US-NC;1964;p90p100;100609.9;;0.32969999;0.32969999
;US-NC;1964;p90p95;65238.398;;0.1069;0.1069
;US-NC;1964;p95p99;96304.203;;0.12620001;0.12620001
;US-NC;1964;p99.5p99.9;297594.09;;0.039000001;0.039000001
;US-NC;1964;p99.9p99.99;732389.5;;0.021600001;0.021600001
;US-NC;1964;p99p99.5;179342.41;;0.0294;0.0294
;US-NC;1964;p95p100;135972.09;;0.2228;0.2228
;US-NC;1964;p0p90;22732.301;;0.67040002;0.67040002
;US-NC;1964;p0p99;27850.199;;0.9034;0.9034
;US-NC;1964;p99.5p100;410010.19;;0.067199998;0.067199998
;US-NC;1963;p0p100;1458299.8;48267088107.0;1.0;1.0
;US-NC;1963;p99p100;273824.59;;0.094800003;0.094800003
;US-NC;1963;p99.9p100;803482.69;;0.027799999;0.027799999
;US-NC;1963;p99.99p100;2485277.0;;0.0086000003;0.0086000003
;US-NC;1963;p90p100;94728.0;;0.32780001;0.32780001
;US-NC;1963;p90p95;61510.602;;0.1064;0.1064
;US-NC;1963;p95p99;91475.703;;0.1266;0.1266
;US-NC;1963;p99.5p99.9;276006.69;;0.038199998;0.038199998
;US-NC;1963;p99.9p99.99;617306.81;;0.019200001;0.019200001
;US-NC;1963;p99p99.5;165982.41;;0.0287;0.0287
;US-NC;1963;p95p100;127945.4;;0.22139999;0.22139999
;US-NC;1963;p0p90;21581.5;;0.67220002;0.67220002
;US-NC;1963;p0p99;26421.9;;0.9052;0.9052
;US-NC;1963;p99.5p100;381664.69;;0.066;0.066
;US-NC;1962;p0p100;1463163.8;46162437020.0;1.0;1.0
;US-NC;1962;p99p100;271268.59;;0.096100003;0.096100003
;US-NC;1962;p99.9p100;783657.31;;0.027799999;0.027799999
;US-NC;1962;p99.99p100;2328279.8;;0.0082;0.0082
;US-NC;1962;p90p100;93150.5;;0.3299;0.3299
;US-NC;1962;p90p95;60252.398;;0.1067;0.1067
;US-NC;1962;p95p99;89743.5;;0.12710001;0.12710001
;US-NC;1962;p99.5p99.9;273369.09;;0.038699999;0.038699999
;US-NC;1962;p99.9p99.99;613353.69;;0.0195;0.0195
;US-NC;1962;p99p99.5;166796.0;;0.0295;0.0295
;US-NC;1962;p95p100;126048.6;;0.22319999;0.22319999
;US-NC;1962;p0p90;21027.301;;0.67019999;0.67019999
;US-NC;1962;p0p99;25784.4;;0.90390003;0.90390003
;US-NC;1962;p99.5p100;375737.0;;0.066500001;0.066500001
;US-NC;1961;p0p100;1459556.8;44128779738.0;1.0;1.0
;US-NC;1961;p99p100;262602.09;;0.095100001;0.095100001
;US-NC;1961;p99.9p100;792019.69;;0.0287;0.0287
;US-NC;1961;p99.99p100;2475851.0;;0.0089999996;0.0089999996
;US-NC;1961;p90p100;90400.102;;0.3274;0.3274
;US-NC;1961;p90p95;58838.398;;0.1065;0.1065
;US-NC;1961;p95p99;86804.297;;0.1257;0.1257
;US-NC;1961;p99.5p99.9;261282.59;;0.037799999;0.037799999
;US-NC;1961;p99.9p99.99;605305.0;;0.0197;0.0197
;US-NC;1961;p99p99.5;157696.59;;0.0286;0.0286
;US-NC;1961;p95p100;121962.4;;0.2208;0.2208
;US-NC;1961;p0p90;20636.301;;0.67259997;0.67259997
;US-NC;1961;p0p99;25239.199;;0.90490001;0.90490001
;US-NC;1961;p99.5p100;367510.5;;0.066500001;0.066500001
;US-NC;1960;p0p100;1443496.6;41763360867.0;1.0;1.0
;US-NC;1960;p99p100;245894.3;;0.091899998;0.091899998
;US-NC;1960;p99.9p100;703896.63;;0.0263;0.0263
;US-NC;1960;p99.99p100;2001109.4;;0.0074999998;0.0074999998
;US-NC;1960;p90p100;85930.703;;0.3211;0.3211
;US-NC;1960;p90p95;55573.398;;0.1038;0.1038
;US-NC;1960;p95p99;83887.5;;0.12540001;0.12540001
;US-NC;1960;p99.5p99.9;247459.41;;0.037;0.037
;US-NC;1960;p99.9p99.99;561140.19;;0.0189;0.0189
;US-NC;1960;p99p99.5;152722.91;;0.0285;0.0285
;US-NC;1960;p95p100;116288.0;;0.2172;0.2172
;US-NC;1960;p0p90;20189.9;;0.6789;0.6789
;US-NC;1960;p0p99;24550.199;;0.90810001;0.90810001
;US-NC;1960;p99.5p100;339061.41;;0.063299999;0.063299999
;US-NC;1959;p0p100;1463040.0;40689766701.0;1.0;1.0
;US-NC;1959;p99p100;250212.3;;0.095399998;0.095399998
;US-NC;1959;p99.9p100;761097.0;;0.028999999;0.028999999
;US-NC;1959;p99.99p100;2285206.3;;0.0087000001;0.0087000001
;US-NC;1959;p90p100;84884.898;;0.3238;0.3238
;US-NC;1959;p90p95;54387.602;;0.1037;0.1037
;US-NC;1959;p95p99;81676.898;;0.1246;0.1246
;US-NC;1959;p99.5p99.9;253022.59;;0.038600001;0.038600001
;US-NC;1959;p99.9p99.99;592150.31;;0.020300001;0.020300001
;US-NC;1959;p99p99.5;145726.59;;0.027799999;0.027799999
;US-NC;1959;p95p100;115382.7;;0.2201;0.2201
;US-NC;1959;p0p90;19698.6;;0.67619997;0.67619997
;US-NC;1959;p0p99;23954.801;;0.90460002;0.90460002
;US-NC;1959;p99.5p100;354701.31;;0.067599997;0.067599997
;US-NC;1958;p0p100;1384560.4;37732881223.0;1.0;1.0
;US-NC;1958;p99p100;222382.91;;0.090899996;0.090899996
;US-NC;1958;p99.9p100;608878.38;;0.024900001;0.024900001
;US-NC;1958;p99.99p100;1814978.4;;0.0074;0.0074
;US-NC;1958;p90p100;76949.797;;0.3145;0.3145
;US-NC;1958;p90p95;49983.102;;0.1021;0.1021
;US-NC;1958;p95p99;74300.797;;0.1215;0.1215
;US-NC;1958;p99.5p99.9;234843.8;;0.038400002;0.038400002
;US-NC;1958;p99.9p99.99;475305.09;;0.0175;0.0175
;US-NC;1958;p99p99.5;134829.91;;0.0275;0.0275
;US-NC;1958;p95p100;103917.0;;0.2123;0.2123
;US-NC;1958;p0p90;18641.301;;0.68559998;0.68559998
;US-NC;1958;p0p99;22472.0;;0.9091;0.9091
;US-NC;1958;p99.5p100;309935.09;;0.063299999;0.063299999
;US-NC;1957;p0p100;1446857.3;37112852094.0;1.0;1.0
;US-NC;1957;p99p100;238723.09;;0.098499998;0.098499998
;US-NC;1957;p99.9p100;713491.38;;0.0294;0.0294
;US-NC;1957;p99.99p100;2171371.5;;0.0089999996;0.0089999996
;US-NC;1957;p90p100;79423.602;;0.32780001;0.32780001
;US-NC;1957;p90p95;50910.5;;0.105;0.105
;US-NC;1957;p95p99;75240.5;;0.1242;0.1242
;US-NC;1957;p99.5p99.9;242102.09;;0.039999999;0.039999999
;US-NC;1957;p99.9p99.99;551766.31;;0.020500001;0.020500001
;US-NC;1957;p99p99.5;140994.5;;0.029100001;0.029100001
;US-NC;1957;p95p100;107936.8;;0.2227;0.2227
;US-NC;1957;p0p90;18099.6;;0.67220002;0.67220002
;US-NC;1957;p0p99;22065.301;;0.90149999;0.90149999
;US-NC;1957;p99.5p100;336451.19;;0.069399998;0.069399998
;US-NC;1956;p0p100;1635631.5;38793195899.0;1.0;1.0
;US-NC;1956;p99p100;248231.3;;0.097199999;0.097199999
;US-NC;1956;p99.9p100;765614.81;;0.029999999;0.029999999
;US-NC;1956;p99.99p100;2167483.0;;0.0085000005;0.0085000005
;US-NC;1956;p90p100;81139.703;;0.3177;0.3177
;US-NC;1956;p90p95;54421.898;;0.1065;0.1065
;US-NC;1956;p95p99;73049.602;;0.1144;0.1144
;US-NC;1956;p99.5p99.9;255051.5;;0.039900001;0.039900001
;US-NC;1956;p99.9p99.99;610922.13;;0.021500001;0.021500001
;US-NC;1956;p99p99.5;139104.8;;0.0272;0.0272
;US-NC;1956;p95p100;108085.9;;0.21160001;0.21160001
;US-NC;1956;p0p90;19350.9;;0.68190002;0.68190002
;US-NC;1956;p0p99;23291.801;;0.90280002;0.90280002
;US-NC;1956;p99.5p100;357357.5;;0.07;0.07
;US-NC;1955;p0p100;1645072.8;37564480987.0;1.0;1.0
;US-NC;1955;p99p100;252773.0;;0.1014;0.1014
;US-NC;1955;p99.9p100;753750.81;;0.030200001;0.030200001
;US-NC;1955;p99.99p100;2327060.0;;0.0093;0.0093
;US-NC;1955;p90p100;81494.898;;0.32679999;0.32679999
;US-NC;1955;p90p95;55773.199;;0.1118;0.1118
;US-NC;1955;p95p99;71446.703;;0.1146;0.1146
;US-NC;1955;p99.5p99.9;253675.3;;0.0407;0.0407
;US-NC;1955;p99.9p99.99;578986.19;;0.0209;0.0209
;US-NC;1955;p99p99.5;151858.3;;0.030400001;0.030400001
;US-NC;1955;p95p100;107712.2;;0.21600001;0.21600001
;US-NC;1955;p0p90;18625.0;;0.67220002;0.67220002
;US-NC;1955;p0p99;22635.4;;0.89859998;0.89859998
;US-NC;1955;p99.5p100;353687.81;;0.070900001;0.070900001
;US-NC;1954;p0p100;1521436.3;34709948577.0;1.0;1.0
;US-NC;1954;p99p100;228233.41;;0.098200001;0.098200001
;US-NC;1954;p99.9p100;656117.88;;0.028200001;0.028200001
;US-NC;1954;p99.99p100;1805395.8;;0.0077999998;0.0077999998
;US-NC;1954;p90p100;77078.0;;0.3317;0.3317
;US-NC;1954;p90p95;57727.602;;0.1242;0.1242
;US-NC;1954;p95p99;64867.0;;0.1117;0.1117
;US-NC;1954;p99.5p99.9;240567.59;;0.0414;0.0414
;US-NC;1954;p99.9p99.99;528438.31;;0.020500001;0.020500001
;US-NC;1954;p99p99.5;132790.59;;0.0286;0.0286
;US-NC;1954;p95p100;97545.297;;0.20990001;0.20990001
;US-NC;1954;p0p90;17191.199;;0.66589999;0.66589999
;US-NC;1954;p0p99;21164.801;;0.90179998;0.90179998
;US-NC;1954;p99.5p100;323676.5;;0.069700003;0.069700003
;US-NC;1953;p0p100;1525205.0;34159214234.0;1.0;1.0
;US-NC;1953;p99p100;210000.59;;0.0911;0.0911
;US-NC;1953;p99.9p100;562456.88;;0.0244;0.0244
;US-NC;1953;p99.99p100;1332584.9;;0.0057999999;0.0057999999
;US-NC;1953;p90p100;74722.398;;0.324;0.324
;US-NC;1953;p90p95;54708.199;;0.1186;0.1186
;US-NC;1953;p95p99;66951.797;;0.1161;0.1161
;US-NC;1953;p99.5p99.9;222722.2;;0.038600001;0.038600001
;US-NC;1953;p99.9p99.99;478064.5;;0.0187;0.0187
;US-NC;1953;p99p99.5;129459.9;;0.028100001;0.028100001
;US-NC;1953;p95p100;95548.0;;0.20720001;0.20720001
;US-NC;1953;p0p90;17274.4;;0.67409998;0.67409998
;US-NC;1953;p0p99;21173.9;;0.90890002;0.90890002
;US-NC;1953;p99.5p100;290566.41;;0.063000001;0.063000001
;US-NC;1952;p0p100;1523309.8;33349914322.0;1.0;1.0
;US-NC;1952;p99p100;233305.59;;0.1028;0.1028
;US-NC;1952;p99.9p100;706779.69;;0.031099999;0.031099999
;US-NC;1952;p99.99p100;1993987.0;;0.0088;0.0088
;US-NC;1952;p90p100;75747.5;;0.33379999;0.33379999
;US-NC;1952;p90p95;54575.5;;0.1203;0.1203
;US-NC;1952;p95p99;64078.898;;0.113;0.113
;US-NC;1952;p99.5p99.9;241070.7;;0.0425;0.0425
;US-NC;1952;p99.9p99.99;564487.38;;0.022399999;0.022399999
;US-NC;1952;p99p99.5;132455.7;;0.029200001;0.029200001
;US-NC;1952;p95p100;97940.0;;0.2158;0.2158
;US-NC;1952;p0p90;16737.5;;0.66390002;0.66390002
;US-NC;1952;p0p99;20562.301;;0.89719999;0.89719999
;US-NC;1952;p99.5p100;334156.91;;0.073600002;0.073600002
;US-NC;1951;p0p100;1596574.3;33192913045.0;1.0;1.0
;US-NC;1951;p99p100;269946.5;;0.1185;0.1185
;US-NC;1951;p99.9p100;909984.5;;0.039999999;0.039999999
;US-NC;1951;p99.99p100;2483856.3;;0.0109;0.0109
;US-NC;1951;p90p100;75548.898;;0.3317;0.3317
;US-NC;1951;p90p95;42806.5;;0.093999997;0.093999997
;US-NC;1951;p95p99;67804.102;;0.1191;0.1191
;US-NC;1951;p99.5p99.9;264280.59;;0.046399999;0.046399999
;US-NC;1951;p99.9p99.99;735632.31;;0.029100001;0.029100001
;US-NC;1951;p99p99.5;146084.7;;0.032099999;0.032099999
;US-NC;1951;p95p100;108267.8;;0.2377;0.2377
;US-NC;1951;p0p99;15378.1;;0.66850001;0.66850001
;US-NC;1951;p99.5p100;393729.91;;0.086400002;0.086400002
;US-NC;1950;p0p100;1789643.6;31683712218.0;1.0;1.0
;US-NC;1950;p99p100;244553.2;;0.1115;0.1115
;US-NC;1950;p99.9p100;813604.13;;0.037099998;0.037099998
;US-NC;1950;p99.99p100;2086460.3;;0.0094999997;0.0094999997
;US-NC;1950;p90p100;70996.898;;0.3238;0.3238
;US-NC;1950;p90p95;42437.699;;0.096799999;0.096799999
;US-NC;1950;p95p99;63248.5;;0.1154;0.1154
;US-NC;1950;p99.5p99.9;244920.59;;0.0447;0.0447
;US-NC;1950;p99.9p99.99;679385.0;;0.027899999;0.027899999
;US-NC;1950;p99p99.5;130497.9;;0.0298;0.0298
;US-NC;1950;p95p100;99486.898;;0.2269;0.2269
;US-NC;1950;p0p90;16467.9;;0.676;0.676
;US-NC;1950;p0p99;19676.4;;0.88849998;0.88849998
;US-NC;1950;p99.5p100;358603.19;;0.081799999;0.081799999
;US-NC;1949;p0p100;1590729.3;27161258414.0;1.0;1.0
;US-NC;1949;p99p100;207262.7;;0.1084;0.1084
;US-NC;1949;p99.9p100;702471.63;;0.036800001;0.036800001
;US-NC;1949;p99.99p100;2396145.0;;0.0125;0.0125
;US-NC;1949;p90p100;62245.801;;0.32570001;0.32570001
;US-NC;1949;p90p95;37197.602;;0.0973;0.0973
;US-NC;1949;p95p99;57290.801;;0.1199;0.1199
;US-NC;1949;p99.5p99.9;204760.2;;0.0429;0.0429
;US-NC;1949;p99.9p99.99;514278.91;;0.0242;0.0242
;US-NC;1949;p99p99.5;110224.2;;0.0288;0.0288
;US-NC;1949;p95p100;87279.703;;0.22830001;0.22830001
;US-NC;1949;p0p90;14319.5;;0.67430001;0.67430001
;US-NC;1949;p0p99;17211.199;;0.89160001;0.89160001
;US-NC;1949;p99.5p100;304302.41;;0.079599999;0.079599999
;US-NC;1948;p0p100;1604860.1;27561496686.0;1.0;1.0
;US-NC;1948;p99p100;228386.8;;0.1162;0.1162
;US-NC;1948;p99.9p100;792272.13;;0.0403;0.0403
;US-NC;1948;p99.99p100;2816282.3;;0.0143;0.0143
;US-NC;1948;p90p100;65050.5;;0.33090001;0.33090001
;US-NC;1948;p90p95;37871.0;;0.096299998;0.096299998
;US-NC;1948;p95p99;58175.301;;0.1184;0.1184
;US-NC;1948;p99.5p99.9;222444.8;;0.045299999;0.045299999
;US-NC;1948;p99.9p99.99;567366.0;;0.026000001;0.026000001
;US-NC;1948;p99p99.5;120360.9;;0.0306;0.0306
;US-NC;1948;p95p100;92221.398;;0.23450001;0.23450001
;US-NC;1948;p0p90;14618.9;;0.6692;0.6692
;US-NC;1948;p0p99;17553.1;;0.88380003;0.88380003
;US-NC;1948;p99.5p100;336411.19;;0.085600004;0.085600004
;US-NC;1947;p0p100;1736905.5;25327378078.0;1.0;1.0
;US-NC;1947;p99p100;226201.0;;0.1235;0.1235
;US-NC;1947;p99.9p100;777600.5;;0.042399999;0.042399999
;US-NC;1947;p99.99p100;2730633.5;;0.0149;0.0149
;US-NC;1947;p90p100;62407.301;;0.34060001;0.34060001
;US-NC;1947;p90p95;35547.801;;0.097000003;0.097000003
;US-NC;1947;p95p99;55024.898;;0.1201;0.1201
;US-NC;1947;p99.5p99.9;219555.7;;0.047899999;0.047899999
;US-NC;1947;p99.9p99.99;560572.31;;0.0275;0.0275
;US-NC;1947;p99p99.5;121246.0;;0.033100002;0.033100002
;US-NC;1947;p95p100;89267.102;;0.2436;0.2436
;US-NC;1947;p0p90;13422.2;;0.65939999;0.65939999
;US-NC;1947;p0p99;16220.6;;0.87650001;0.87650001
;US-NC;1947;p99.5p100;331165.31;;0.090400003;0.090400003
;US-NC;1946;p0p100;2392717.5;26253981415.0;1.0;1.0
;US-NC;1946;p99p100;258828.09;;0.13410001;0.13410001
;US-NC;1946;p99.9p100;930257.88;;0.0482;0.0482
;US-NC;1946;p99.99p100;3439348.0;;0.0178;0.0178
;US-NC;1946;p90p100;68474.0;;0.35479999;0.35479999
;US-NC;1946;p90p95;37458.0;;0.097099997;0.097099997
;US-NC;1946;p95p99;59649.602;;0.1236;0.1236
;US-NC;1946;p99.5p99.9;251602.3;;0.052200001;0.052200001
;US-NC;1946;p99.9p99.99;651447.88;;0.030400001;0.030400001
;US-NC;1946;p99p99.5;130354.9;;0.033799998;0.033799998
;US-NC;1946;p95p100;99490.0;;0.25780001;0.25780001
;US-NC;1946;p0p90;13834.0;;0.64520001;0.64520001
;US-NC;1946;p0p99;16878.4;;0.86589998;0.86589998
;US-NC;1946;p99.5p100;387333.91;;0.1004;0.1004
;US-NC;1945;p0p100;2788152.5;25777753964.0;1.0;1.0
;US-NC;1945;p99p100;229807.91;;0.1204;0.1204
;US-NC;1945;p99.9p100;792911.0;;0.041499998;0.041499998
;US-NC;1945;p99.99p100;2432298.0;;0.0127;0.0127
;US-NC;1945;p90p100;62797.199;;0.329;0.329
;US-NC;1945;p90p95;35789.699;;0.093699999;0.093699999
;US-NC;1945;p95p99;54801.602;;0.1148;0.1148
;US-NC;1945;p99.5p99.9;229790.59;;0.048099998;0.048099998
;US-NC;1945;p99.9p99.99;610574.88;;0.0288;0.0288
;US-NC;1945;p99p99.5;117218.4;;0.0307;0.0307
;US-NC;1945;p95p100;89805.203;;0.2352;0.2352
;US-NC;1945;p0p90;14233.6;;0.67110002;0.67110002
;US-NC;1945;p0p99;16961.301;;0.87959999;0.87959999
;US-NC;1945;p99.5p100;342420.31;;0.089699998;0.089699998
;US-NC;1944;p0p100;2919063.8;25586939921.0;1.0;1.0
;US-NC;1944;p99p100;199686.8;;0.1045;0.1045
;US-NC;1944;p99.9p100;708375.69;;0.037099998;0.037099998
;US-NC;1944;p99.99p100;2259429.0;;0.0118;0.0118
;US-NC;1944;p90p100;53853.398;;0.28189999;0.28189999
;US-NC;1944;p90p95;30395.9;;0.079499997;0.079499997
;US-NC;1944;p95p99;45991.898;;0.096299998;0.096299998
;US-NC;1944;p99.5p99.9;199159.0;;0.041700002;0.041700002
;US-NC;1944;p99.9p99.99;535937.38;;0.0252;0.0252
;US-NC;1944;p99p99.5;98254.703;;0.025699999;0.025699999
;US-NC;1944;p95p100;76852.5;;0.20110001;0.20110001
;US-NC;1944;p0p90;15278.2;;0.71969998;0.71969998
;US-NC;1944;p0p99;17282.0;;0.8955;0.8955
;US-NC;1944;p99.5p100;300978.69;;0.0788;0.0788
;US-NC;1943;p0p100;3034885.8;25457443655.0;1.0;1.0
;US-NC;1943;p99p100;213772.8;;0.1114;0.1114
;US-NC;1943;p99.9p100;802119.63;;0.0418;0.0418
;US-NC;1943;p99.99p100;2474921.3;;0.0129;0.0129
;US-NC;1943;p90p100;59496.102;;0.31;0.31
;US-NC;1943;p90p95;35832.898;;0.093400002;0.093400002
;US-NC;1943;p95p99;50496.199;;0.1052;0.1052
;US-NC;1943;p99.5p99.9;207761.91;;0.043299999;0.043299999
;US-NC;1943;p99.9p99.99;614277.69;;0.0288;0.0288
;US-NC;1943;p99p99.5;100954.0;;0.0263;0.0263
;US-NC;1943;p95p100;83150.0;;0.2166;0.2166
;US-NC;1943;p0p90;14715.4;;0.69010001;0.69010001
;US-NC;1943;p0p99;17226.0;;0.88859999;0.88859999
;US-NC;1943;p99.5p100;326609.59;;0.085100003;0.085100003
;US-NC;1942;p0p100;2888820.5;21260355420.0;1.0;1.0
;US-NC;1942;p99p100;204144.91;;0.1259;0.1259
;US-NC;1942;p99.9p100;787549.13;;0.048599999;0.048599999
;US-NC;1942;p99.99p100;2756535.8;;0.017000001;0.017000001
;US-NC;1942;p90p100;50724.602;;0.31290001;0.31290001
;US-NC;1942;p90p95;27436.301;;0.084600002;0.084600002
;US-NC;1942;p95p99;41503.0;;0.1024;0.1024
;US-NC;1942;p99.5p99.9;195435.59;;0.0482;0.0482
;US-NC;1942;p99.9p99.99;569052.19;;0.031599998;0.031599998
;US-NC;1942;p99p99.5;94491.203;;0.029100001;0.029100001
;US-NC;1942;p95p100;74014.898;;0.22830001;0.22830001
;US-NC;1942;p0p90;12376.9;;0.68699998;0.68699998
;US-NC;1942;p0p99;14314.8;;0.87410003;0.87410003
;US-NC;1942;p99.5p100;313824.59;;0.096799999;0.096799999
;US-NC;1941;p0p100;2822501.3;16816302014.0;1.0;1.0
;US-NC;1941;p99p100;196932.91;;0.1522;0.1522
;US-NC;1941;p99.9p100;739043.0;;0.057100002;0.057100002
;US-NC;1941;p99.99p100;2550192.0;;0.0197;0.0197
;US-NC;1941;p90p100;50415.102;;0.3897;0.3897
;US-NC;1941;p90p95;26293.801;;0.1016;0.1016
;US-NC;1941;p95p99;43849.398;;0.1356;0.1356
;US-NC;1941;p99.5p99.9;189351.09;;0.058499999;0.058499999
;US-NC;1941;p99.9p99.99;537865.31;;0.0374;0.0374
;US-NC;1941;p99p99.5;94616.703;;0.036600001;0.036600001
;US-NC;1941;p95p100;74463.703;;0.28780001;0.28780001
;US-NC;1941;p0p90;8775.9004;;0.61049998;0.61049998
;US-NC;1941;p0p99;11078.0;;0.84780002;0.84780002
;US-NC;1941;p99.5p100;299276.69;;0.1157;0.1157
;US-NC;1940;p0p100;2489305.5;13349180049.0;1.0;1.0
;US-NC;1940;p99p100;165282.09;;0.15970001;0.15970001
;US-NC;1940;p99.9p100;624671.69;;0.060400002;0.060400002
;US-NC;1940;p99.99p100;2253814.3;;0.0218;0.0218
;US-NC;1940;p90p100;43218.102;;0.41760001;0.41760001
;US-NC;1940;p90p95;19187.199;;0.092699997;0.092699997
;US-NC;1940;p95p99;42783.602;;0.1654;0.1654
;US-NC;1940;p99.5p99.9;155594.7;;0.0601;0.0601
;US-NC;1940;p99.9p99.99;443882.59;;0.038600001;0.038600001
;US-NC;1940;p99p99.5;81210.797;;0.0392;0.0392
;US-NC;1940;p95p100;67300.703;;0.32519999;0.32519999
;US-NC;1940;p0p90;6694.0;;0.58219999;0.58219999
;US-NC;1940;p0p99;8783.7002;;0.84030002;0.84030002
;US-NC;1940;p99.5p100;249374.09;;0.1205;0.1205
;US-NC;1939;p0p100;2493533.3;12840435314.0;1.0;1.0
;US-NC;1939;p99p100;154034.91;;0.1515;0.1515
;US-NC;1939;p99.9p100;584024.31;;0.057399999;0.057399999
;US-NC;1939;p99.99p100;2154640.5;;0.021199999;0.021199999
;US-NC;1939;p90p100;35474.0;;0.3488;0.3488
;US-NC;1939;p90p95;13626.9;;0.067000002;0.067000002
;US-NC;1939;p95p99;32268.1;;0.1269;0.1269
;US-NC;1939;p99.5p99.9;144666.41;;0.056899998;0.056899998
;US-NC;1939;p99.9p99.99;409683.0;;0.0363;0.0363
;US-NC;1939;p99p99.5;75587.703;;0.0372;0.0372
;US-NC;1939;p95p100;56589.199;;0.2782;0.2782
;US-NC;1939;p0p90;7396.5;;0.65460002;0.65460002
;US-NC;1939;p0p99;8716.5;;0.84850001;0.84850001
;US-NC;1939;p99.5p100;232508.41;;0.1143;0.1143
;US-NC;1938;p0p100;2223853.5;11550933304.0;1.0;1.0
;US-NC;1938;p99p100;140445.0;;0.1505;0.1505
;US-NC;1938;p99.9p100;537857.88;;0.057599999;0.057599999
;US-NC;1938;p99.99p100;2087556.8;;0.022399999;0.022399999
;US-NC;1938;p90p100;33235.0;;0.35609999;0.35609999
;US-NC;1938;p90p95;14136.8;;0.0757;0.0757
;US-NC;1938;p95p99;28768.699;;0.1233;0.1233
;US-NC;1938;p99.5p99.9;130101.5;;0.055799998;0.055799998
;US-NC;1938;p99.9p99.99;365950.69;;0.035300002;0.035300002
;US-NC;1938;p99p99.5;69297.5;;0.037099998;0.037099998
;US-NC;1938;p95p100;51068.102;;0.27360001;0.27360001
;US-NC;1938;p0p90;6745.2998;;0.65039998;0.65039998
;US-NC;1938;p0p99;8009.0;;0.8495;0.8495
;US-NC;1938;p99.5p100;211617.2;;0.1134;0.1134
;US-NC;1937;p0p100;2332725.3;12335812778.0;1.0;1.0
;US-NC;1937;p99p100;155184.91;;0.15270001;0.15270001
;US-NC;1937;p99.9p100;612290.13;;0.060199998;0.060199998
;US-NC;1937;p99.99p100;2319026.0;;0.0228;0.0228
;US-NC;1937;p90p100;33914.398;;0.33360001;0.33360001
;US-NC;1937;p90p95;12834.0;;0.063100003;0.063100003
;US-NC;1937;p95p99;28415.301;;0.1118;0.1118
;US-NC;1937;p99.5p99.9;143381.0;;0.056400001;0.056400001
;US-NC;1937;p99.9p99.99;422622.81;;0.0374;0.0374
;US-NC;1937;p99p99.5;73206.203;;0.035999998;0.035999998
;US-NC;1937;p95p100;53774.801;;0.26449999;0.26449999
;US-NC;1937;p0p90;7594.2998;;0.6724;0.6724
;US-NC;1937;p0p99;8700.0996;;0.84729999;0.84729999
;US-NC;1937;p99.5p100;237163.09;;0.1167;0.1167
;US-NC;1936;p0p100;2378069.5;11506296872.0;1.0;1.0
;US-NC;1936;p99p100;158111.5;;0.1638;0.1638
;US-NC;1936;p99.9p100;656695.31;;0.068000004;0.068000004
;US-NC;1936;p99.99p100;2554933.5;;0.0265;0.0265
;US-NC;1936;p90p100;33742.301;;0.34959999;0.34959999
;US-NC;1936;p90p95;13587.1;;0.0704;0.0704
;US-NC;1936;p95p99;26397.801;;0.1094;0.1094
;US-NC;1936;p99.5p99.9;142025.09;;0.058899999;0.058899999
;US-NC;1936;p99.9p99.99;445751.0;;0.0416;0.0416
;US-NC;1936;p99p99.5;71262.0;;0.036899999;0.036899999
;US-NC;1936;p95p100;52734.398;;0.27320001;0.27320001
;US-NC;1936;p0p90;7039.8999;;0.65640002;0.65640002
;US-NC;1936;p0p99;8152.6001;;0.8362;0.8362
;US-NC;1936;p99.5p100;244960.3;;0.1269;0.1269
;US-NC;1935;p0p100;2270006.5;10579548483.0;1.0;1.0
;US-NC;1935;p99p100;131529.7;;0.1455;0.1455
;US-NC;1935;p99.9p100;537100.13;;0.0594;0.0594
;US-NC;1935;p99.99p100;2239910.5;;0.024800001;0.024800001
;US-NC;1935;p90p100;30275.0;;0.33500001;0.33500001
;US-NC;1935;p90p95;13967.4;;0.077299997;0.077299997
;US-NC;1935;p95p99;23995.301;;0.1062;0.1062
;US-NC;1935;p99.5p99.9;114564.7;;0.050700001;0.050700001
;US-NC;1935;p99.9p99.99;347867.19;;0.034600001;0.034600001
;US-NC;1935;p99p99.5;63984.301;;0.035399999;0.035399999
;US-NC;1935;p95p100;45586.398;;0.25220001;0.25220001
;US-NC;1935;p0p90;6737.1001;;0.671;0.671
;US-NC;1935;p0p99;7799.6001;;0.8545;0.8545
;US-NC;1935;p99.5p100;199075.3;;0.1101;0.1101
;US-NC;1934;p0p100;2251968.0;9806072466.0;1.0;1.0
;US-NC;1934;p99p100;127311.3;;0.14920001;0.14920001
;US-NC;1934;p99.9p100;526675.0;;0.061700001;0.061700001
;US-NC;1934;p99.99p100;2342171.0;;0.0274;0.0274
;US-NC;1934;p90p100;29841.199;;0.3497;0.3497
;US-NC;1934;p90p95;13471.8;;0.078900002;0.078900002
;US-NC;1934;p95p99;24444.699;;0.1146;0.1146
;US-NC;1934;p99.5p99.9;108405.8;;0.050799999;0.050799999
;US-NC;1934;p99.9p99.99;324900.81;;0.034299999;0.034299999
;US-NC;1934;p99p99.5;62558.0;;0.036699999;0.036699999
;US-NC;1934;p95p100;45415.898;;0.26609999;0.26609999
;US-NC;1934;p0p90;6233.0;;0.6573;0.6573
;US-NC;1934;p0p99;7334.2998;;0.85079998;0.85079998
;US-NC;1934;p99.5p100;192066.0;;0.1125;0.1125
;US-NC;1933;p0p100;2079019.3;8323967455.0;1.0;1.0
;US-NC;1933;p99p100;108339.2;;0.1469;0.1469
;US-NC;1933;p99.9p100;453301.0;;0.061500002;0.061500002
;US-NC;1933;p99.99p100;2200208.5;;0.0298;0.0298
;US-NC;1933;p90p100;26755.801;;0.36269999;0.36269999
;US-NC;1933;p90p95;13898.1;;0.0942;0.0942
;US-NC;1933;p95p99;21880.0;;0.1187;0.1187
;US-NC;1933;p99.5p99.9;88099.703;;0.047800001;0.047800001
;US-NC;1933;p99.9p99.99;259200.09;;0.031599998;0.031599998
;US-NC;1933;p99p99.5;55538.5;;0.037599999;0.037599999
;US-NC;1933;p95p100;39352.699;;0.26679999;0.26679999
;US-NC;1933;p0p90;5247.3999;;0.64029998;0.64029998
;US-NC;1933;p0p99;6356.2998;;0.8531;0.8531
;US-NC;1933;p99.5p100;161139.91;;0.1092;0.1092
;US-NC;1932;p0p100;1620079.6;7081915871.0;1.0;1.0
;US-NC;1932;p99p100;98192.102;;0.15369999;0.15369999
;US-NC;1932;p99.9p100;409136.31;;0.064099997;0.064099997
;US-NC;1932;p99.99p100;2135979.5;;0.033399999;0.033399999
;US-NC;1932;p90p100;24122.199;;0.3777;0.3777
;US-NC;1932;p90p95;13475.0;;0.1055;0.1055
;US-NC;1932;p95p99;18106.801;;0.1134;0.1134
;US-NC;1932;p99.5p99.9;78597.898;;0.049199998;0.049199998
;US-NC;1932;p99.9p99.99;217265.2;;0.0306;0.0306
;US-NC;1932;p99p99.5;51678.602;;0.0405;0.0405
;US-NC;1932;p95p100;34431.0;;0.26949999;0.26949999
;US-NC;1932;p0p90;4452.2002;;0.62739998;0.62739998
;US-NC;1932;p0p99;5459.6001;;0.84630001;0.84630001
;US-NC;1932;p99.5p100;144705.59;;0.1133;0.1133
;US-NC;1931;p0p100;1548991.5;8265832538.0;1.0;1.0
;US-NC;1931;p99p100;106865.3;;0.1408;0.1408
;US-NC;1931;p99.9p100;428798.91;;0.056499999;0.056499999
;US-NC;1931;p99.99p100;1978642.3;;0.0261;0.0261
;US-NC;1931;p90p100;24917.9;;0.3283;0.3283
;US-NC;1931;p90p95;14468.8;;0.095299996;0.095299996
;US-NC;1931;p95p99;16555.301;;0.087200001;0.087200001
;US-NC;1931;p99.5p99.9;89478.602;;0.047200002;0.047200002
;US-NC;1931;p99.9p99.99;256594.09;;0.030400001;0.030400001
;US-NC;1931;p99p99.5;56388.0;;0.037099998;0.037099998
;US-NC;1931;p95p100;35118.898;;0.2313;0.2313
;US-NC;1931;p0p90;5707.2002;;0.6767;0.6767
;US-NC;1931;p0p99;6588.0;;0.8592;0.8592
;US-NC;1931;p99.5p100;157342.7;;0.1036;0.1036
;US-NC;1930;p0p100;1443925.3;9085678964.0;1.0;1.0
;US-NC;1930;p99p100;109886.6;;0.1292;0.1292
;US-NC;1930;p99.9p100;447549.69;;0.0526;0.0526
;US-NC;1930;p99.99p100;2049176.0;;0.0241;0.0241
;US-NC;1930;p90p100;23899.5;;0.2809;0.2809
;US-NC;1930;p90p95;11839.6;;0.069600001;0.069600001
;US-NC;1930;p95p99;16543.6;;0.077799998;0.077799998
;US-NC;1930;p99.5p99.9;92947.797;;0.043699998;0.043699998
;US-NC;1930;p99.9p99.99;269591.19;;0.0285;0.0285
;US-NC;1930;p99p99.5;55905.0;;0.032900002;0.032900002
;US-NC;1930;p95p100;35436.5;;0.20829999;0.20829999
;US-NC;1930;p0p90;6838.6001;;0.72350001;0.72350001
;US-NC;1930;p0p99;7483.2998;;0.87080002;0.87080002
;US-NC;1930;p99.5p100;163868.2;;0.096299998;0.096299998
;US-NC;1929;p0p100;1587660.8;10359578991.0;1.0;1.0
;US-NC;1929;p99p100;128140.6;;0.1301;0.1301
;US-NC;1929;p99.9p100;547458.31;;0.055599999;0.055599999
;US-NC;1929;p99.99p100;2338920.3;;0.023800001;0.023800001
;US-NC;1929;p90p100;25807.9;;0.26210001;0.26210001
;US-NC;1929;p90p95;10735.4;;0.054499999;0.054499999
;US-NC;1929;p95p99;18724.1;;0.076099999;0.076099999
;US-NC;1929;p99.5p99.9;109637.7;;0.044500001;0.044500001
;US-NC;1929;p99.9p99.99;348407.0;;0.031800002;0.031800002
;US-NC;1929;p99p99.5;59079.5;;0.029999999;0.029999999
;US-NC;1929;p95p100;40631.199;;0.20630001;0.20630001
;US-NC;1929;p0p90;8088.6001;;0.73930001;0.73930001
;US-NC;1929;p0p99;8652.0;;0.86989999;0.86989999
;US-NC;1929;p99.5p100;197201.8;;0.1001;0.1001
;US-NC;1928;p0p100;1548317.4;9954280283.0;1.0;1.0
;US-NC;1928;p99p100;162899.5;;0.1696;0.1696
;US-NC;1928;p99.9p100;798623.63;;0.0832;0.0832
;US-NC;1928;p99.99p100;3964123.8;;0.041299999;0.041299999
;US-NC;1928;p90p100;30826.699;;0.32100001;0.32100001
;US-NC;1928;p90p95;11158.9;;0.0581;0.0581
;US-NC;1928;p95p99;21111.1;;0.087899998;0.087899998
;US-NC;1928;p99.5p99.9;127436.8;;0.053100001;0.053100001
;US-NC;1928;p99.9p99.99;446901.31;;0.041900001;0.041900001
;US-NC;1928;p99p99.5;64124.699;;0.033399999;0.033399999
;US-NC;1928;p95p100;49528.801;;0.2579;0.2579
;US-NC;1928;p0p90;7301.7002;;0.68430001;0.68430001
;US-NC;1928;p0p99;8054.3999;;0.83039999;0.83039999
;US-NC;1928;p99.5p100;261674.2;;0.1362;0.1362
;US-NC;1927;p0p100;1443131.6;9373713022.0;1.0;1.0
;US-NC;1927;p99p100;149150.8;;0.1622;0.1622
;US-NC;1927;p99.9p100;649819.81;;0.070699997;0.070699997
;US-NC;1927;p99.99p100;2732142.8;;0.0297;0.0297
;US-NC;1927;p90p100;30450.0;;0.33109999;0.33109999
;US-NC;1927;p90p95;11921.0;;0.064800002;0.064800002
;US-NC;1927;p95p99;22613.699;;0.098399997;0.098399997
;US-NC;1927;p99.5p99.9;128437.7;;0.0559;0.0559
;US-NC;1927;p99.9p99.99;418450.5;;0.041000001;0.041000001
;US-NC;1927;p99p99.5;65587.5;;0.035700001;0.035700001
;US-NC;1927;p95p100;47976.801;;0.2608;0.2608
;US-NC;1927;p0p90;6893.7002;;0.67460001;0.67460001
;US-NC;1927;p0p99;7782.7998;;0.83780003;0.83780003
;US-NC;1927;p99.5p100;232714.09;;0.1265;0.1265
;US-NC;1926;p0p100;1372090.4;9088631147.0;1.0;1.0
;US-NC;1926;p99p100;136778.3;;0.1506;0.1506
;US-NC;1926;p99.9p100;537341.81;;0.0592;0.0592
;US-NC;1926;p99.99p100;2040898.6;;0.022500001;0.022500001
;US-NC;1926;p90p100;29845.699;;0.32859999;0.32859999
;US-NC;1926;p90p95;12231.3;;0.067299999;0.067299999
;US-NC;1926;p95p99;23988.301;;0.1056;0.1056
;US-NC;1926;p99.5p99.9;125345.6;;0.055199999;0.055199999
;US-NC;1926;p99.9p99.99;370280.0;;0.036699999;0.036699999
;US-NC;1926;p99p99.5;65811.703;;0.036200002;0.036200002
;US-NC;1926;p95p100;46563.898;;0.2563;0.2563
;US-NC;1926;p0p90;6827.1001;;0.67650002;0.67650002
;US-NC;1926;p0p99;7793.3999;;0.84939998;0.84939998
;US-NC;1926;p99.5p100;207744.8;;0.1144;0.1144
;US-NC;1925;p0p100;1396971.4;8915956731.0;1.0;1.0
;US-NC;1925;p99p100;137022.41;;0.15099999;0.15099999
;US-NC;1925;p99.9p100;521587.5;;0.057500001;0.057500001
;US-NC;1925;p99.99p100;1757868.5;;0.019400001;0.019400001
;US-NC;1925;p90p100;31534.5;;0.3475;0.3475
;US-NC;1925;p90p95;13034.8;;0.071800001;0.071800001
;US-NC;1925;p95p99;27183.9;;0.1198;0.1198
;US-NC;1925;p99.5p99.9;128147.5;;0.056499999;0.056499999
;US-NC;1925;p99.9p99.99;384222.91;;0.0381;0.0381
;US-NC;1925;p99p99.5;67209.203;;0.037;0.037
;US-NC;1925;p95p100;49120.398;;0.27070001;0.27070001
;US-NC;1925;p0p90;6627.7002;;0.6573;0.6573
;US-NC;1925;p0p99;7781.8999;;0.84899998;0.84899998
;US-NC;1925;p99.5p100;206835.5;;0.114;0.114
;US-NC;1924;p0p100;1407628.6;8376943539.0;1.0;1.0
;US-NC;1924;p99p100;128018.9;;0.1472;0.1472
;US-NC;1924;p99.9p100;490057.31;;0.056400001;0.056400001
;US-NC;1924;p99.99p100;1769157.3;;0.020300001;0.020300001
;US-NC;1924;p90p100;33874.301;;0.38949999;0.38949999
;US-NC;1924;p90p95;13636.8;;0.078400001;0.078400001
;US-NC;1924;p95p99;35092.5;;0.16140001;0.16140001
;US-NC;1924;p99.5p99.9;114866.1;;0.0528;0.0528
;US-NC;1924;p99.9p99.99;347935.09;;0.035999998;0.035999998
;US-NC;1924;p99p99.5;66133.5;;0.037999999;0.037999999
;US-NC;1924;p95p100;53677.801;;0.30860001;0.30860001
;US-NC;1924;p0p90;5922.8999;;0.61299998;0.61299998
;US-NC;1924;p0p99;7491.0;;0.85280001;0.85280001
;US-NC;1924;p99.5p100;189904.3;;0.1092;0.1092
;US-NC;1923;p0p100;1421368.0;8225231515.0;1.0;1.0
;US-NC;1923;p99p100;128561.0;;0.147;0.147
;US-NC;1923;p99.9p100;500170.59;;0.0572;0.0572
;US-NC;1923;p99.99p100;1818051.8;;0.0208;0.0208
;US-NC;1923;p90p100;34439.602;;0.3937;0.3937
;US-NC;1923;p90p95;14807.2;;0.084600002;0.084600002
;US-NC;1923;p95p99;35192.699;;0.1609;0.1609
;US-NC;1923;p99.5p99.9;115258.1;;0.052700002;0.052700002
;US-NC;1923;p99.9p99.99;353738.59;;0.036400001;0.036400001
;US-NC;1923;p99p99.5;64881.301;;0.037099998;0.037099998
;US-NC;1923;p95p100;53866.398;;0.30790001;0.30790001
;US-NC;1923;p0p90;5903.6001;;0.6074;0.6074
;US-NC;1923;p0p99;7536.7002;;0.85299999;0.85299999
;US-NC;1923;p99.5p100;192240.7;;0.1099;0.1099
;US-NC;1922;p0p100;1340392.6;7321832641.0;1.0;1.0
;US-NC;1922;p99p100;117791.0;;0.148;0.148
;US-NC;1922;p99.9p100;444526.19;;0.055799998;0.055799998
;US-NC;1922;p99.99p100;1565551.4;;0.0197;0.0197
;US-NC;1922;p90p100;31745.801;;0.39879999;0.39879999
;US-NC;1922;p90p95;12908.7;;0.081100002;0.081100002
;US-NC;1922;p95p99;33487.398;;0.1683;0.1683
;US-NC;1922;p99.5p99.9;106995.9;;0.053800002;0.053800002
;US-NC;1922;p99.9p99.99;319967.91;;0.036200002;0.036200002
;US-NC;1922;p99p99.5;61080.102;;0.038400002;0.038400002
;US-NC;1922;p95p100;50348.102;;0.31619999;0.31619999
;US-NC;1922;p0p90;5330.8999;;0.6027;0.6027
;US-NC;1922;p0p99;6851.2002;;0.852;0.852
;US-NC;1922;p99.5p100;174502.0;;0.1096;0.1096
;US-NC;1921;p0p100;1023789.7;6255778661.0;1.0;1.0
;US-NC;1921;p99p100;93095.5;;0.13429999;0.13429999
;US-NC;1921;p99.9p100;328976.0;;0.047499999;0.047499999
;US-NC;1921;p99.99p100;1092571.9;;0.015799999;0.015799999
;US-NC;1921;p90p100;24535.199;;0.354;0.354
;US-NC;1921;p90p95;10200.0;;0.073600002;0.073600002
;US-NC;1921;p95p99;25034.6;;0.1445;0.1445
;US-NC;1921;p99.5p99.9;85661.898;;0.049400002;0.049400002
;US-NC;1921;p99.9p99.99;244132.09;;0.0317;0.0317
;US-NC;1921;p99p99.5;51866.398;;0.0374;0.0374
;US-NC;1921;p95p100;38646.801;;0.27880001;0.27880001
;US-NC;1921;p0p90;4988.2998;;0.64770001;0.64770001
;US-NC;1921;p0p99;6061.5;;0.86570001;0.86570001
;US-NC;1921;p99.5p100;134324.7;;0.096900001;0.096900001
;US-NC;1920;p0p100;955436.5;7138020736.0;1.0;1.0
;US-NC;1920;p99p100;111093.7;;0.13699999;0.13699999
;US-NC;1920;p99.9p100;453421.31;;0.0559;0.0559
;US-NC;1920;p99.99p100;1809064.1;;0.022299999;0.022299999
;US-NC;1920;p90p100;26285.1;;0.32429999;0.32429999
;US-NC;1920;p90p95;9557.5996;;0.059;0.059
;US-NC;1920;p95p99;25673.6;;0.1267;0.1267
;US-NC;1920;p99.5p99.9;98724.297;;0.048700001;0.048700001
;US-NC;1920;p99.9p99.99;302794.41;;0.033599999;0.033599999
;US-NC;1920;p99p99.5;52523.699;;0.032400001;0.032400001
;US-NC;1920;p95p100;42757.699;;0.26370001;0.26370001
;US-NC;1920;p0p90;6100.3999;;0.67729998;0.67729998
;US-NC;1920;p0p99;7065.7998;;0.86299998;0.86299998
;US-NC;1920;p99.5p100;169663.7;;0.1047;0.1047
;US-NC;1919;p0p100;1636341.3;8955906805.0;1.0;1.0
;US-NC;1919;p99p100;144566.2;;0.1397;0.1397
;US-NC;1919;p99.9p100;549345.31;;0.053100001;0.053100001
;US-NC;1919;p99.99p100;1974039.9;;0.019099999;0.019099999
;US-NC;1919;p90p100;31194.301;;0.30149999;0.30149999
;US-NC;1919;p90p95;9387.7002;;0.045400001;0.045400001
;US-NC;1919;p95p99;29488.0;;0.114;0.114
;US-NC;1919;p99.5p99.9;132260.91;;0.051100001;0.051100001
;US-NC;1919;p99.9p99.99;390928.5;;0.034000002;0.034000002
;US-NC;1919;p99p99.5;73395.5;;0.035500001;0.035500001
;US-NC;1919;p95p100;52503.699;;0.25369999;0.25369999
;US-NC;1919;p0p90;8059.3999;;0.70099998;0.70099998
;US-NC;1919;p0p99;8991.9004;;0.8603;0.8603
;US-NC;1919;p99.5p100;215737.0;;0.1042;0.1042
;US-NC;1918;p0p100;2101178.0;8618348341.0;1.0;1.0
;US-NC;1918;p99p100;115239.7;;0.1144;0.1144
;US-NC;1918;p99.9p100;450403.81;;0.0447;0.0447
;US-NC;1918;p99.99p100;1637265.6;;0.0163;0.0163
;US-NC;1918;p90p100;23377.6;;0.2321;0.2321
;US-NC;1918;p90p95;7711.2998;;0.0383;0.0383
;US-NC;1918;p95p99;19205.699;;0.076300003;0.076300003
;US-NC;1918;p99.5p99.9;104370.5;;0.0414;0.0414
;US-NC;1918;p99.9p99.99;318530.41;;0.0285;0.0285
;US-NC;1918;p99p99.5;56902.699;;0.028200001;0.028200001
;US-NC;1918;p95p100;38412.5;;0.19069999;0.19069999
;US-NC;1918;p0p90;8628.9004;;0.77100003;0.77100003
;US-NC;1918;p0p99;9009.9004;;0.88559997;0.88559997
;US-NC;1918;p99.5p100;173576.91;;0.086199999;0.086199999
;US-NC;1917;p0p100;2982147.3;8882182056.0;1.0;1.0
;US-NC;1917;p99p100;114644.6;;0.1106;0.1106
;US-NC;1917;p99.9p100;459972.5;;0.044399999;0.044399999
;US-NC;1917;p99.99p100;1760637.0;;0.017000001;0.017000001
;US-NC;1917;p90p100;26100.0;;0.25189999;0.25189999
;US-NC;1917;p90p95;11802.6;;0.056899998;0.056899998
