Variable Name;.;.;.;Fiscal income  | tax unit | Average | Adults | constant 2015 local currency;Fiscal income  | tax unit | Total | Adults | constant 2015 local currency;Fiscal income  | tax unit | Share | Adults | share of total (ratio);Pre-tax national income  | tax unit | Share | Adults | share of total (ratio)
Variable Category;.;.;.;Income inequality;Income inequality;Income inequality;Income inequality
Variable Description;.;.;.;Average Fiscal income within a given percentile group. Fiscal income is defined as the sum of all income items reported on income tax returns, before any deduction. It includes labour income, capital income and mixed income. The concept of fiscal income varies with national tax legislations, so in order to make international comparisons it is preferable to use the concept of national income. The population is comprised of individuals over age 20. The base unit is the tax unit defined by national fiscal administrations to measure personal income taxes.;Total Fiscal income  within a given percentile group. Fiscal income is defined as the sum of all income items reported on income tax returns, before any deduction. It includes labour income, capital income and mixed income. The concept of fiscal income varies with national tax legislations, so in order to make international comparisons it is preferable to use the concept of national income. The population is comprised of individuals over age 20.;Fiscal income share held by a given percentile group. Fiscal income is defined as the sum of all income items reported on income tax returns, before any deduction. It includes labour income, capital income and mixed income. The concept of fiscal income varies with national tax legislations, so in order to make international comparisons it is preferable to use the concept of national income. The population is comprised of individuals over age 20. The base unit is the tax unit defined by national fiscal administrations to measure personal income taxes.;Pre-tax national income share held by a given percentile group. Pre-tax national income  is the sum of all pre-tax personal income flows accruing to the owners of the production factors, labor and capital, before taking into account the operation of the tax/transfer system, but after taking into account the operation of pension system. The central difference between personal factor income and pre-tax income is the treatment of pensions, which are counted on a contribution basis by factor income and on a distribution basis by pre-tax income. The population is comprised of individuals over age 20. The base unit is the tax unit defined by national fiscal administrations to measure personal income taxes.
Variable Decomposition;.;.;.;[Fiscal income ]=[Fiscal labour income ]+[Fiscal capital income ];[Fiscal income ]=[Fiscal labour income ]+[Fiscal capital income ];[Fiscal income ]=[Fiscal labour income ]+[Fiscal capital income ];Pre-tax national income =Pre-tax labor income [total pre-tax income ranking]+Pre-tax capital income [total pre-tax income ranking]
Variable Unit;.;.;.;"USD; United States dollar | local currency | market";"USD; United States dollar | local currency | market";share;share
Methodological Notes;.;.;.;;;;Assuming the same distribution as fiscal income.
Sources;.;.;.;Frank, Sommeiller, Price & Saez (2015);Frank, Sommeiller, Price & Saez (2015);Frank, Sommeiller, Price & Saez (2015);WID.world computations using: Frank, Sommeiller, Price & Saez (2015)
Variable Code;country;year;perc;afiinc992t;mfiinc992t;sfiinc992t;sptinc992t
;US-SD;2015;p0p100;70939.5;29888827351.0;1.0;1.0
;US-SD;2015;p99p100;1249888.8;;0.1762;0.1762
;US-SD;2015;p99.9p100;5580815.0;;0.078699999;0.078699999
;US-SD;2015;p99.99p100;23608440.0;;0.033300001;0.033300001
;US-SD;2015;p90p100;295356.69;;0.4163;0.4163
;US-SD;2015;p90p95;143031.09;;0.1008;0.1008
;US-SD;2015;p95p99;246868.91;;0.1392;0.1392
;US-SD;2015;p99.5p99.9;1049804.9;;0.0592;0.0592
;US-SD;2015;p99.9p99.99;3613933.0;;0.0458;0.0458
;US-SD;2015;p99p99.5;542380.19;;0.038199998;0.038199998
;US-SD;2015;p95p100;447574.31;;0.31549999;0.31549999
;US-SD;2015;p0p90;45987.5;;0.58340001;0.58340001
;US-SD;2015;p0p99;59031.0;;0.82380003;0.82380003
;US-SD;2015;p99.5p100;1956141.6;;0.13789999;0.13789999
;US-SD;2014;p0p100;67220.102;28254605360.0;1.0;1.0
;US-SD;2014;p99p100;1192104.3;;0.1778;0.1778
;US-SD;2014;p99.9p100;5279464.5;;0.078699999;0.078699999
;US-SD;2014;p99.99p100;22973672.0;;0.034299999;0.034299999
;US-SD;2014;p90p100;284963.09;;0.4249;0.4249
;US-SD;2014;p90p95;138853.8;;0.1035;0.1035
;US-SD;2014;p95p99;240812.09;;0.1436;0.1436
;US-SD;2014;p99.5p99.9;1005748.2;;0.059999999;0.059999999
;US-SD;2014;p99.9p99.99;3332393.5;;0.0447;0.0447
;US-SD;2014;p99p99.5;524657.19;;0.039099999;0.039099999
;US-SD;2014;p95p100;431051.5;;0.32139999;0.32139999
;US-SD;2014;p0p90;42825.398;;0.5747;0.5747
;US-SD;2014;p0p99;55696.699;;0.8222;0.8222
;US-SD;2014;p99.5p100;1859500.8;;0.13860001;0.13860001
;US-SD;2013;p0p100;67712.703;27237586672.0;1.0;1.0
;US-SD;2013;p99p100;1077686.8;;0.1648;0.1648
;US-SD;2013;p99.9p100;4671533.5;;0.071400002;0.071400002
;US-SD;2013;p99.99p100;20663902.0;;0.031599998;0.031599998
;US-SD;2013;p90p100;265591.81;;0.40599999;0.40599999
;US-SD;2013;p90p95;134211.7;;0.1026;0.1026
;US-SD;2013;p95p99;226753.8;;0.13869999;0.13869999
;US-SD;2013;p99.5p99.9;903245.81;;0.055199999;0.055199999
;US-SD;2013;p99.9p99.99;2898747.3;;0.039900001;0.039900001
;US-SD;2013;p99p99.5;498697.81;;0.0381;0.0381
;US-SD;2013;p95p100;396949.59;;0.30340001;0.30340001
;US-SD;2013;p0p90;43167.0;;0.59390002;0.59390002
;US-SD;2013;p0p99;55187.801;;0.83520001;0.83520001
;US-SD;2013;p99.5p100;1657011.1;;0.1267;0.1267
;US-SD;2012;p0p100;71804.398;27940196369.0;1.0;1.0
;US-SD;2012;p99p100;1367674.1;;0.20299999;0.20299999
;US-SD;2012;p99.9p100;6465576.0;;0.096000001;0.096000001
;US-SD;2012;p99.99p100;29455670.0;;0.043699998;0.043699998
;US-SD;2012;p90p100;298007.5;;0.44229999;0.44229999
;US-SD;2012;p90p95;134796.3;;0.1;0.1
;US-SD;2012;p95p99;234726.3;;0.13940001;0.13940001
;US-SD;2012;p99.5p99.9;1115221.0;;0.066200003;0.066200003
;US-SD;2012;p99.9p99.99;3938240.8;;0.0526;0.0526
;US-SD;2012;p99p99.5;550577.38;;0.040899999;0.040899999
;US-SD;2012;p95p100;461324.81;;0.3423;0.3423
;US-SD;2012;p0p90;41716.199;;0.55720001;0.55720001
;US-SD;2012;p0p99;54242.898;;0.79699999;0.79699999
;US-SD;2012;p99.5p100;2184894.8;;0.1621;0.1621
;US-SD;2011;p0p100;72343.203;26970153052.0;1.0;1.0
;US-SD;2011;p99p100;1043806.9;;0.1602;0.1602
;US-SD;2011;p99.9p100;4708157.5;;0.072300002;0.072300002
;US-SD;2011;p99.99p100;21185678.0;;0.032499999;0.032499999
;US-SD;2011;p90p100;251109.59;;0.3854;0.3854
;US-SD;2011;p90p95;129460.3;;0.099299997;0.099299997
;US-SD;2011;p95p99;204905.3;;0.1258;0.1258
;US-SD;2011;p99.5p99.9;865222.81;;0.053100001;0.053100001
;US-SD;2011;p99.9p99.99;2881186.3;;0.039799999;0.039799999
;US-SD;2011;p99p99.5;453664.5;;0.0348;0.0348
;US-SD;2011;p95p100;372700.81;;0.28600001;0.28600001
;US-SD;2011;p0p90;44497.801;;0.6146;0.6146
;US-SD;2011;p0p99;55272.699;;0.8398;0.8398
;US-SD;2011;p99.5p100;1634113.3;;0.12540001;0.12540001
;US-SD;2010;p0p100;75533.0;25583763923.0;1.0;1.0
;US-SD;2010;p99p100;1003542.2;;0.15700001;0.15700001
;US-SD;2010;p99.9p100;4601920.0;;0.071999997;0.071999997
;US-SD;2010;p99.99p100;21790978.0;;0.0341;0.0341
;US-SD;2010;p90p100;244794.59;;0.3829;0.3829
;US-SD;2010;p90p95;127718.2;;0.0999;0.0999
;US-SD;2010;p95p99;201250.09;;0.1259;0.1259
;US-SD;2010;p99.5p99.9;815752.31;;0.050999999;0.050999999
;US-SD;2010;p99.9p99.99;2691219.8;;0.037900001;0.037900001
;US-SD;2010;p99p99.5;433853.19;;0.0339;0.0339
;US-SD;2010;p95p100;361709.5;;0.28290001;0.28290001
;US-SD;2010;p0p90;43846.602;;0.61729997;0.61729997
;US-SD;2010;p0p99;54440.301;;0.84299999;0.84299999
;US-SD;2010;p99.5p100;1573653.3;;0.1231;0.1231
;US-SD;2009;p0p100;74077.102;24044881678.0;1.0;1.0
;US-SD;2009;p99p100;961888.63;;0.1585;0.1585
;US-SD;2009;p99.9p100;4724815.5;;0.077799998;0.077799998
;US-SD;2009;p99.99p100;23798102.0;;0.0392;0.0392
;US-SD;2009;p90p100;235220.2;;0.3876;0.3876
;US-SD;2009;p90p95;125625.9;;0.1035;0.1035
;US-SD;2009;p95p99;190762.8;;0.1257;0.1257
;US-SD;2009;p99.5p99.9;749531.31;;0.049400002;0.049400002
;US-SD;2009;p99.9p99.99;2650506.8;;0.039299998;0.039299998
;US-SD;2009;p99p99.5;392886.69;;0.032400001;0.032400001
;US-SD;2009;p95p100;344800.09;;0.2841;0.2841
;US-SD;2009;p0p90;41169.0;;0.61049998;0.61049998
;US-SD;2009;p0p99;51588.699;;0.84149998;0.84149998
;US-SD;2009;p99.5p100;1534769.8;;0.12639999;0.12639999
;US-SD;2008;p0p100;81182.0;26180700814.0;1.0;1.0
;US-SD;2008;p99p100;1108449.8;;0.1655;0.1655
;US-SD;2008;p99.9p100;5526690.0;;0.082500003;0.082500003
;US-SD;2008;p99.99p100;26863452.0;;0.040100001;0.040100001
;US-SD;2008;p90p100;257254.91;;0.384;0.384
;US-SD;2008;p90p95;128864.2;;0.096199997;0.096199997
;US-SD;2008;p95p99;204699.09;;0.1222;0.1222
;US-SD;2008;p99.5p99.9;853562.63;;0.050999999;0.050999999
;US-SD;2008;p99.9p99.99;3158490.0;;0.042399999;0.042399999
;US-SD;2008;p99p99.5;429851.59;;0.032099999;0.032099999
;US-SD;2008;p95p100;385394.81;;0.2877;0.2877
;US-SD;2008;p0p90;45850.0;;0.616;0.616
;US-SD;2008;p0p99;56468.801;;0.83450001;0.83450001
;US-SD;2008;p99.5p100;1787432.8;;0.13339999;0.13339999
;US-SD;2007;p0p100;92322.102;26995016033.0;1.0;1.0
;US-SD;2007;p99p100;1228234.4;;0.17380001;0.17380001
;US-SD;2007;p99.9p100;6154571.5;;0.087099999;0.087099999
;US-SD;2007;p99.99p100;29036474.0;;0.041099999;0.041099999
;US-SD;2007;p90p100;273694.0;;0.3874;0.3874
;US-SD;2007;p90p95;130796.5;;0.092600003;0.092600003
;US-SD;2007;p95p99;212041.5;;0.12;0.12
;US-SD;2007;p99.5p99.9;944295.19;;0.0535;0.0535
;US-SD;2007;p99.9p99.99;3596286.0;;0.0458;0.0458
;US-SD;2007;p99p99.5;458476.09;;0.032400001;0.032400001
;US-SD;2007;p95p100;416014.31;;0.29440001;0.29440001
;US-SD;2007;p0p90;48244.602;;0.6146;0.6146
;US-SD;2007;p0p99;58958.699;;0.82620001;0.82620001
;US-SD;2007;p99.5p100;1993641.9;;0.1411;0.1411
;US-SD;2006;p0p100;88285.898;24186226796.0;1.0;1.0
;US-SD;2006;p99p100;1187448.1;;0.1859;0.1859
;US-SD;2006;p99.9p100;5982457.5;;0.093599997;0.093599997
;US-SD;2006;p99.99p100;27970034.0;;0.0438;0.0438
;US-SD;2006;p90p100;261922.7;;0.41;0.41
;US-SD;2006;p90p95;121765.2;;0.095299996;0.095299996
;US-SD;2006;p95p99;205247.41;;0.1285;0.1285
;US-SD;2006;p99.5p99.9;918731.88;;0.057500001;0.057500001
;US-SD;2006;p99.9p99.99;3538360.0;;0.049800001;0.049800001
;US-SD;2006;p99p99.5;441756.91;;0.034600001;0.034600001
;US-SD;2006;p95p100;401928.69;;0.31459999;0.31459999
;US-SD;2006;p0p90;41914.5;;0.5905;0.5905
;US-SD;2006;p0p99;52537.398;;0.81410003;0.81410003
;US-SD;2006;p99.5p100;1932503.3;;0.1512;0.1512
;US-SD;2005;p0p100;93205.703;23693474827.0;1.0;1.0
;US-SD;2005;p99p100;1058504.3;;0.1674;0.1674
;US-SD;2005;p99.9p100;5239388.0;;0.082900003;0.082900003
;US-SD;2005;p99.99p100;24157766.0;;0.038199998;0.038199998
;US-SD;2005;p90p100;242227.5;;0.3831;0.3831
;US-SD;2005;p90p95;114714.8;;0.090700001;0.090700001
;US-SD;2005;p95p99;196930.59;;0.1246;0.1246
;US-SD;2005;p99.5p99.9;826161.38;;0.052299999;0.052299999
;US-SD;2005;p99.9p99.99;3136085.5;;0.044599999;0.044599999
;US-SD;2005;p99p99.5;406037.91;;0.032099999;0.032099999
;US-SD;2005;p95p100;369521.09;;0.2922;0.2922
;US-SD;2005;p0p90;43384.699;;0.61750001;0.61750001
;US-SD;2005;p0p99;53179.0;;0.8326;0.8326
;US-SD;2005;p99.5p100;1710189.5;;0.13519999;0.13519999
;US-SD;2004;p0p100;95795.602;22328361043.0;1.0;1.0
;US-SD;2004;p99p100;928786.88;;0.15270001;0.15270001
;US-SD;2004;p99.9p100;4425422.5;;0.072700001;0.072700001
;US-SD;2004;p99.99p100;20187152.0;;0.033199999;0.033199999
;US-SD;2004;p90p100;224863.5;;0.3696;0.3696
;US-SD;2004;p90p95;110929.1;;0.091200002;0.091200002
;US-SD;2004;p95p99;191148.09;;0.1257;0.1257
;US-SD;2004;p99.5p99.9;740293.88;;0.048700001;0.048700001
;US-SD;2004;p99.9p99.99;2673000.5;;0.039500002;0.039500002
;US-SD;2004;p99p99.5;379447.69;;0.031199999;0.031199999
;US-SD;2004;p95p100;338801.91;;0.2784;0.2784
;US-SD;2004;p0p90;42629.199;;0.63059998;0.63059998
;US-SD;2004;p0p99;52074.301;;0.84729999;0.84729999
;US-SD;2004;p99.5p100;1477868.3;;0.1215;0.1215
;US-SD;2003;p0p100;95080.898;20670485296.0;1.0;1.0
;US-SD;2003;p99p100;755115.69;;0.1319;0.1319
;US-SD;2003;p99.9p100;3225627.3;;0.056299999;0.056299999
;US-SD;2003;p99.99p100;13627091.0;;0.023800001;0.023800001
;US-SD;2003;p90p100;203166.91;;0.3549;0.3549
;US-SD;2003;p90p95;112150.2;;0.097900003;0.097900003
;US-SD;2003;p95p99;178450.41;;0.1247;0.1247
;US-SD;2003;p99.5p99.9;639963.0;;0.0447;0.0447
;US-SD;2003;p99.9p99.99;2059696.3;;0.032400001;0.032400001
;US-SD;2003;p99p99.5;348221.91;;0.030400001;0.030400001
;US-SD;2003;p95p100;293995.81;;0.2568;0.2568
;US-SD;2003;p0p90;41097.898;;0.64609998;0.64609998
;US-SD;2003;p0p99;50201.898;;0.86809999;0.86809999
;US-SD;2003;p99.5p100;1160503.5;;0.1014;0.1014
;US-SD;2002;p0p100;89782.898;19208420529.0;1.0;1.0
;US-SD;2002;p99p100;719015.5;;0.139;0.139
;US-SD;2002;p99.9p100;3051558.5;;0.059;0.059
;US-SD;2002;p99.99p100;12734656.0;;0.024599999;0.024599999
;US-SD;2002;p90p100;195854.3;;0.3786;0.3786
;US-SD;2002;p90p95;110083.1;;0.1064;0.1064
;US-SD;2002;p95p99;171961.8;;0.133;0.133
;US-SD;2002;p99.5p99.9;614476.0;;0.047499999;0.047499999
;US-SD;2002;p99.9p99.99;1972029.0;;0.034299999;0.034299999
;US-SD;2002;p99p99.5;334169.19;;0.032299999;0.032299999
;US-SD;2002;p95p100;281476.91;;0.2721;0.2721
;US-SD;2002;p0p90;35739.301;;0.62190002;0.62190002
;US-SD;2002;p0p99;44984.699;;0.861;0.861
;US-SD;2002;p99.5p100;1103280.5;;0.1066;0.1066
;US-SD;2001;p0p100;101892.9;20212091989.0;1.0;1.0
;US-SD;2001;p99p100;760891.81;;0.1338;0.1338
;US-SD;2001;p99.9p100;2999616.8;;0.0528;0.0528
;US-SD;2001;p99.99p100;11568302.0;;0.020300001;0.020300001
;US-SD;2001;p90p100;205761.2;;0.3619;0.3619
;US-SD;2001;p90p95;113554.5;;0.0999;0.0999
;US-SD;2001;p95p99;181704.0;;0.1278;0.1278
;US-SD;2001;p99.5p99.9;672766.5;;0.0473;0.0473
;US-SD;2001;p99.9p99.99;2055246.5;;0.032499999;0.032499999
;US-SD;2001;p99p99.5;382099.31;;0.033599999;0.033599999
;US-SD;2001;p95p100;297713.41;;0.26179999;0.26179999
;US-SD;2001;p0p90;40329.102;;0.63849998;0.63849998
;US-SD;2001;p0p99;49738.602;;0.86619997;0.86619997
;US-SD;2001;p99.5p100;1140419.4;;0.1003;0.1003
;US-SD;2000;p0p100;116579.4;21196655690.0;1.0;1.0
;US-SD;2000;p99p100;945341.0;;0.15360001;0.15360001
;US-SD;2000;p99.9p100;4313705.0;;0.070100002;0.070100002
;US-SD;2000;p99.99p100;18388546.0;;0.029899999;0.029899999
;US-SD;2000;p90p100;231213.5;;0.3757;0.3757
;US-SD;2000;p90p95;117362.7;;0.095399998;0.095399998
;US-SD;2000;p95p99;193723.8;;0.1259;0.1259
;US-SD;2000;p99.5p99.9;772484.69;;0.0502;0.0502
;US-SD;2000;p99.9p99.99;2762393.5;;0.040399998;0.040399998
;US-SD;2000;p99p99.5;403389.09;;0.0328;0.0328
;US-SD;2000;p95p100;344568.81;;0.28;0.28
;US-SD;2000;p0p90;42768.301;;0.62550002;0.62550002
;US-SD;2000;p0p99;52613.199;;0.84640002;0.84640002
;US-SD;2000;p99.5p100;1485773.9;;0.1207;0.1207
;US-SD;1999;p0p100;123592.6;20514139192.0;1.0;1.0
;US-SD;1999;p99p100;1037356.1;;0.1698;0.1698
;US-SD;1999;p99.9p100;5301379.0;;0.086800002;0.086800002
;US-SD;1999;p99.99p100;26683180.0;;0.043699998;0.043699998
;US-SD;1999;p90p100;239304.91;;0.39179999;0.39179999
;US-SD;1999;p90p95;117110.9;;0.095899999;0.095899999
;US-SD;1999;p95p99;192515.5;;0.1261;0.1261
;US-SD;1999;p99.5p99.9;761396.5;;0.049899999;0.049899999
;US-SD;1999;p99.9p99.99;2872244.3;;0.042300001;0.042300001
;US-SD;1999;p99p99.5;407028.59;;0.033300001;0.033300001
;US-SD;1999;p95p100;361466.5;;0.29589999;0.29589999
;US-SD;1999;p0p90;41322.301;;0.60890001;0.60890001
;US-SD;1999;p0p99;51218.898;;0.83020002;0.83020002
;US-SD;1999;p99.5p100;1667698.1;;0.1365;0.1365
;US-SD;1998;p0p100;120239.2;19340911641.0;1.0;1.0
;US-SD;1998;p99p100;863077.38;;0.1514;0.1514
;US-SD;1998;p99.9p100;3993934.0;;0.07;0.07
;US-SD;1998;p99.99p100;18351712.0;;0.032200001;0.032200001
;US-SD;1998;p90p100;212216.5;;0.37220001;0.37220001
;US-SD;1998;p90p95;110031.0;;0.096500002;0.096500002
;US-SD;1998;p95p99;177014.59;;0.1242;0.1242
;US-SD;1998;p99.5p99.9;689326.69;;0.0484;0.0484
;US-SD;1998;p99.9p99.99;2386956.3;;0.037700001;0.037700001
;US-SD;1998;p99p99.5;375830.5;;0.033;0.033
;US-SD;1998;p95p100;314287.41;;0.27559999;0.27559999
;US-SD;1998;p0p90;39797.102;;0.62819999;0.62819999
;US-SD;1998;p0p99;48877.5;;0.84859997;0.84859997
;US-SD;1998;p99.5p100;1350284.3;;0.1184;0.1184
;US-SD;1997;p0p100;116773.7;17926889448.0;1.0;1.0
;US-SD;1997;p99p100;860066.31;;0.15970001;0.15970001
;US-SD;1997;p99.9p100;4308880.5;;0.079999998;0.079999998
;US-SD;1997;p99.99p100;22890516.0;;0.0425;0.0425
;US-SD;1997;p90p100;205868.59;;0.3822;0.3822
;US-SD;1997;p90p95;103938.2;;0.096500002;0.096500002
;US-SD;1997;p95p99;169827.3;;0.1261;0.1261
;US-SD;1997;p99.5p99.9;617476.13;;0.045899998;0.045899998
;US-SD;1997;p99.9p99.99;2211423.3;;0.037;0.037
;US-SD;1997;p99p99.5;366005.91;;0.034000002;0.034000002
;US-SD;1997;p95p100;307834.19;;0.28580001;0.28580001
;US-SD;1997;p0p90;36991.699;;0.61809999;0.61809999
;US-SD;1997;p0p99;45718.301;;0.84030002;0.84030002
;US-SD;1997;p99.5p100;1354142.5;;0.1257;0.1257
;US-SD;1996;p0p100;119796.0;17466967241.0;1.0;1.0
;US-SD;1996;p99p100;670376.0;;0.1266;0.1266
;US-SD;1996;p99.9p100;2867489.0;;0.054200001;0.054200001
;US-SD;1996;p99.99p100;11940532.0;;0.022600001;0.022600001
;US-SD;1996;p90p100;180993.5;;0.34189999;0.34189999
;US-SD;1996;p90p95;98762.898;;0.0933;0.0933
;US-SD;1996;p95p99;161396.59;;0.1219;0.1219
;US-SD;1996;p99.5p99.9;573409.0;;0.043299999;0.043299999
;US-SD;1996;p99.9p99.99;1859056.4;;0.031599998;0.031599998
;US-SD;1996;p99p99.5;308037.0;;0.029100001;0.029100001
;US-SD;1996;p95p100;263211.91;;0.24860001;0.24860001
;US-SD;1996;p0p90;38720.199;;0.65820003;0.65820003
;US-SD;1996;p0p99;46706.5;;0.87339997;0.87339997
;US-SD;1996;p99.5p100;1032609.3;;0.097499996;0.097499996
;US-SD;1995;p0p100;116981.0;15752543088.0;1.0;1.0
;US-SD;1995;p99p100;667267.19;;0.13600001;0.13600001
;US-SD;1995;p99.9p100;2970512.5;;0.060600001;0.060600001
;US-SD;1995;p99.99p100;12883024.0;;0.0263;0.0263
;US-SD;1995;p90p100;179283.8;;0.3655;0.3655
;US-SD;1995;p90p95;100419.4;;0.1024;0.1024
;US-SD;1995;p95p99;155864.5;;0.12710001;0.12710001
;US-SD;1995;p99.5p99.9;560630.63;;0.045699999;0.045699999
;US-SD;1995;p99.9p99.99;1868721.9;;0.034299999;0.034299999
;US-SD;1995;p99p99.5;293819.09;;0.029899999;0.029899999
;US-SD;1995;p95p100;258154.41;;0.2631;0.2631
;US-SD;1995;p0p90;34572.801;;0.63429999;0.63429999
;US-SD;1995;p0p99;42808.301;;0.86400002;0.86400002
;US-SD;1995;p99.5p100;1040995.8;;0.1061;0.1061
;US-SD;1994;p0p100;126128.0;15685373164.0;1.0;1.0
;US-SD;1994;p99p100;620331.19;;0.123;0.123
;US-SD;1994;p99.9p100;2660582.5;;0.0528;0.0528
;US-SD;1994;p99.99p100;11454318.0;;0.022700001;0.022700001
;US-SD;1994;p90p100;171259.91;;0.3396;0.3396
;US-SD;1994;p90p95;98209.898;;0.097400002;0.097400002
;US-SD;1994;p95p99;150303.8;;0.1192;0.1192
;US-SD;1994;p99.5p99.9;530484.31;;0.042100001;0.042100001
;US-SD;1994;p99.9p99.99;1688285.5;;0.030099999;0.030099999
;US-SD;1994;p99p99.5;285838.19;;0.0283;0.0283
;US-SD;1994;p95p100;244320.2;;0.2422;0.2422
;US-SD;1994;p0p90;36990.898;;0.6602;0.6602
;US-SD;1994;p0p99;44673.898;;0.87699997;0.87699997
;US-SD;1994;p99.5p100;955042.19;;0.094700001;0.094700001
;US-SD;1993;p0p100;122821.4;14900590444.0;1.0;1.0
;US-SD;1993;p99p100;665685.0;;0.14139999;0.14139999
;US-SD;1993;p99.9p100;3218095.5;;0.068400003;0.068400003
;US-SD;1993;p99.99p100;15633235.0;;0.033199999;0.033199999
;US-SD;1993;p90p100;173873.7;;0.36930001;0.36930001
;US-SD;1993;p90p95;96795.102;;0.1028;0.1028
;US-SD;1993;p95p99;147262.41;;0.1251;0.1251
;US-SD;1993;p99.5p99.9;531705.0;;0.045200001;0.045200001
;US-SD;1993;p99.9p99.99;1855127.1;;0.035500001;0.035500001
;US-SD;1993;p99p99.5;267525.81;;0.0284;0.0284
;US-SD;1993;p95p100;250988.09;;0.26660001;0.26660001
;US-SD;1993;p0p90;32943.801;;0.62980002;0.62980002
;US-SD;1993;p0p99;40828.5;;0.85860002;0.85860002
;US-SD;1993;p99.5p100;1064910.3;;0.1131;0.1131
;US-SD;1992;p0p100;130865.9;14821235974.0;1.0;1.0
;US-SD;1992;p99p100;659293.13;;0.138;0.138
;US-SD;1992;p99.9p100;3137342.3;;0.065700002;0.065700002
;US-SD;1992;p99.99p100;14829548.0;;0.030999999;0.030999999
;US-SD;1992;p90p100;172518.7;;0.3612;0.3612
;US-SD;1992;p90p95;98717.703;;0.1033;0.1033
;US-SD;1992;p95p99;143081.2;;0.1198;0.1198
;US-SD;1992;p99.5p99.9;532394.38;;0.044599999;0.044599999
;US-SD;1992;p99.9p99.99;1840724.8;;0.034699999;0.034699999
;US-SD;1992;p99p99.5;267036.0;;0.028000001;0.028000001
;US-SD;1992;p95p100;246313.91;;0.25780001;0.25780001
;US-SD;1992;p0p90;33895.0;;0.63859999;0.63859999
;US-SD;1992;p0p99;41592.0;;0.86199999;0.86199999
;US-SD;1992;p99.5p100;1051850.9;;0.1101;0.1101
;US-SD;1991;p0p100;132828.41;14194038511.0;1.0;1.0
;US-SD;1991;p99p100;527137.88;;0.1143;0.1143
;US-SD;1991;p99.9p100;2181573.0;;0.0473;0.0473
;US-SD;1991;p99.99p100;9051580.0;;0.0196;0.0196
;US-SD;1991;p90p100;156736.09;;0.33989999;0.33989999
;US-SD;1991;p90p95;98547.898;;0.1068;0.1068
;US-SD;1991;p95p99;136991.09;;0.1188;0.1188
;US-SD;1991;p99.5p99.9;458588.09;;0.039799999;0.039799999
;US-SD;1991;p99.9p99.99;1418786.8;;0.0277;0.0277
;US-SD;1991;p99p99.5;251482.5;;0.0273;0.0273
;US-SD;1991;p95p100;215025.8;;0.2331;0.2331
;US-SD;1991;p0p90;33818.199;;0.66000003;0.66000003
;US-SD;1991;p0p99;41258.5;;0.88569999;0.88569999
;US-SD;1991;p99.5p100;802781.0;;0.086999997;0.086999997
;US-SD;1990;p0p100;146876.91;14311002014.0;1.0;1.0
;US-SD;1990;p99p100;525817.63;;0.1106;0.1106
;US-SD;1990;p99.9p100;2034413.3;;0.042800002;0.042800002
;US-SD;1990;p99.99p100;7744229.0;;0.0163;0.0163
;US-SD;1990;p90p100;156389.7;;0.32910001;0.32910001
;US-SD;1990;p90p95;97604.0;;0.1027;0.1027
;US-SD;1990;p95p99;137514.3;;0.1157;0.1157
;US-SD;1990;p99.5p99.9;481819.69;;0.040600002;0.040600002
;US-SD;1990;p99.9p99.99;1400850.6;;0.0265;0.0265
;US-SD;1990;p99p99.5;259163.2;;0.0273;0.0273
;US-SD;1990;p95p100;215186.7;;0.2264;0.2264
;US-SD;1990;p0p90;35429.199;;0.67089999;0.67089999
;US-SD;1990;p0p99;42694.102;;0.88940001;0.88940001
;US-SD;1990;p99.5p100;792361.19;;0.083400004;0.083400004
;US-SD;1989;p0p100;148080.41;13625442174.0;1.0;1.0
;US-SD;1989;p99p100;474998.69;;0.1093;0.1093
;US-SD;1989;p99.9p100;1792525.1;;0.041200001;0.041200001
;US-SD;1989;p99.99p100;6683143.0;;0.0154;0.0154
;US-SD;1989;p90p100;144238.09;;0.33180001;0.33180001
;US-SD;1989;p90p95;88359.0;;0.1016;0.1016
;US-SD;1989;p95p99;128988.2;;0.1187;0.1187
;US-SD;1989;p99.5p99.9;424592.09;;0.039099999;0.039099999
;US-SD;1989;p99.9p99.99;1222635.0;;0.0253;0.0253
;US-SD;1989;p99p99.5;237813.3;;0.0274;0.0274
;US-SD;1989;p95p100;199780.5;;0.2298;0.2298
;US-SD;1989;p0p90;32488.5;;0.67259997;0.67259997
;US-SD;1989;p0p99;39114.398;;0.89069998;0.89069998
;US-SD;1989;p99.5p100;706487.69;;0.081299998;0.081299998
;US-SD;1988;p0p100;161965.8;13524931357.0;1.0;1.0
;US-SD;1988;p99p100;528084.31;;0.1208;0.1208
;US-SD;1988;p99.9p100;2200123.8;;0.050299998;0.050299998
;US-SD;1988;p99.99p100;8794236.0;;0.020099999;0.020099999
;US-SD;1988;p90p100;145864.5;;0.33379999;0.33379999
;US-SD;1988;p90p95;84448.0;;0.096600004;0.096600004
;US-SD;1988;p95p99;125389.5;;0.1148;0.1148
;US-SD;1988;p99.5p99.9;456670.91;;0.0418;0.0418
;US-SD;1988;p99.9p99.99;1448136.4;;0.0298;0.0298
;US-SD;1988;p99p99.5;240526.0;;0.0275;0.0275
;US-SD;1988;p95p100;207045.59;;0.2369;0.2369
;US-SD;1988;p0p90;32497.699;;0.66930002;0.66930002
;US-SD;1988;p0p99;38805.199;;0.87919998;0.87919998
;US-SD;1988;p99.5p100;811477.19;;0.092900001;0.092900001
;US-SD;1987;p0p100;173689.09;13149730232.0;1.0;1.0
;US-SD;1987;p99p100;401603.0;;0.092100002;0.092100002
;US-SD;1987;p99.9p100;1425724.0;;0.032699998;0.032699998
;US-SD;1987;p99.99p100;5094416.5;;0.0117;0.0117
;US-SD;1987;p90p100;132201.59;;0.30320001;0.30320001
;US-SD;1987;p90p95;85428.102;;0.097999997;0.097999997
;US-SD;1987;p95p99;121691.8;;0.1116;0.1116
;US-SD;1987;p99.5p99.9;366068.41;;0.033599999;0.033599999
;US-SD;1987;p99.9p99.99;998907.5;;0.0206;0.0206
;US-SD;1987;p99p99.5;215182.59;;0.024700001;0.024700001
;US-SD;1987;p95p100;178779.8;;0.205;0.205
;US-SD;1987;p0p90;33904.801;;0.69980001;0.69980001
;US-SD;1987;p0p99;39985.801;;0.90789998;0.90789998
;US-SD;1987;p99.5p100;584023.63;;0.067000002;0.067000002
;US-SD;1986;p0p100;189482.59;13579484123.0;1.0;1.0
;US-SD;1986;p99p100;525418.63;;0.118;0.118
;US-SD;1986;p99.9p100;2331201.0;;0.0524;0.0524
;US-SD;1986;p99.99p100;10054078.0;;0.022600001;0.022600001
;US-SD;1986;p90p100;144964.8;;0.32570001;0.32570001
;US-SD;1986;p90p95;87793.102;;0.0986;0.0986
;US-SD;1986;p95p99;119279.5;;0.1072;0.1072
;US-SD;1986;p99.5p99.9;436968.91;;0.039299998;0.039299998
;US-SD;1986;p99.9p99.99;1448611.1;;0.029300001;0.029300001
;US-SD;1986;p99p99.5;225540.5;;0.0253;0.0253
;US-SD;1986;p95p100;201460.09;;0.2263;0.2263
;US-SD;1986;p0p90;33514.102;;0.67769998;0.67769998
;US-SD;1986;p0p99;39650.602;;0.88200003;0.88200003
;US-SD;1986;p99.5p100;821432.88;;0.092299998;0.092299998
;US-SD;1985;p0p100;185276.09;12658364192.0;1.0;1.0
;US-SD;1985;p99p100;404576.81;;0.0964;0.0964
;US-SD;1985;p99.9p100;1635485.1;;0.039000001;0.039000001
;US-SD;1985;p99.99p100;6601943.0;;0.015699999;0.015699999
;US-SD;1985;p90p100;128955.1;;0.3071;0.3071
;US-SD;1985;p90p95;85980.203;;0.1024;0.1024
;US-SD;1985;p95p99;112535.8;;0.1072;0.1072
;US-SD;1985;p99.5p99.9;345759.5;;0.032900002;0.032900002
;US-SD;1985;p99.9p99.99;1063898.8;;0.0228;0.0228
;US-SD;1985;p99p99.5;199209.5;;0.023700001;0.023700001
;US-SD;1985;p95p100;171498.91;;0.2042;0.2042
;US-SD;1985;p0p90;32432.1;;0.69520003;0.69520003
;US-SD;1985;p0p99;38323.602;;0.90359998;0.90359998
;US-SD;1985;p99.5p100;607617.5;;0.072400004;0.072400004
;US-SD;1984;p0p100;206715.59;12718267576.0;1.0;1.0
;US-SD;1984;p99p100;384471.81;;0.087800004;0.087800004
;US-SD;1984;p99.9p100;1520496.6;;0.034699999;0.034699999
;US-SD;1984;p99.99p100;6226959.5;;0.0142;0.0142
;US-SD;1984;p90p100;128515.8;;0.29350001;0.29350001
;US-SD;1984;p90p95;88685.5;;0.1013;0.1013
;US-SD;1984;p95p99;113389.2;;0.1036;0.1036
;US-SD;1984;p99.5p99.9;327816.5;;0.029899999;0.029899999
;US-SD;1984;p99.9p99.99;972500.63;;0.02;0.02
;US-SD;1984;p99p99.5;195415.0;;0.022299999;0.022299999
;US-SD;1984;p95p100;168206.41;;0.1921;0.1921
;US-SD;1984;p0p90;34478.102;;0.7087;0.7087
;US-SD;1984;p0p99;40345.102;;0.91219997;0.91219997
;US-SD;1984;p99.5p100;570957.19;;0.065200001;0.065200001
;US-SD;1983;p0p100;226251.5;11744611156.0;1.0;1.0
;US-SD;1983;p99p100;356350.19;;0.083999999;0.083999999
;US-SD;1983;p99.9p100;1332207.1;;0.031399999;0.031399999
;US-SD;1983;p99.99p100;5349710.0;;0.0126;0.0126
;US-SD;1983;p90p100;120843.5;;0.28490001;0.28490001
;US-SD;1983;p90p95;80517.398;;0.094899997;0.094899997
;US-SD;1983;p95p99;112258.5;;0.1059;0.1059
;US-SD;1983;p99.5p99.9;315081.69;;0.0297;0.0297
;US-SD;1983;p99.9p99.99;877667.81;;0.0186;0.0186
;US-SD;1983;p99p99.5;191339.91;;0.022600001;0.022600001
;US-SD;1983;p95p100;161272.8;;0.1901;0.1901
;US-SD;1983;p0p90;33734.0;;0.71569997;0.71569997
;US-SD;1983;p0p99;39247.699;;0.91600001;0.91600001
;US-SD;1983;p99.5p100;520347.0;;0.061299998;0.061299998
;US-SD;1982;p0p100;237793.2;11838437704.0;1.0;1.0
;US-SD;1982;p99p100;339819.5;;0.079499997;0.079499997
;US-SD;1982;p99.9p100;1314407.8;;0.0307;0.0307
;US-SD;1982;p99.99p100;5457463.0;;0.0128;0.0128
;US-SD;1982;p90p100;113062.9;;0.26440001;0.26440001
;US-SD;1982;p90p95;73507.703;;0.086000003;0.086000003
;US-SD;1982;p95p99;105526.0;;0.098700002;0.098700002
;US-SD;1982;p99.5p99.9;298187.09;;0.027899999;0.027899999
;US-SD;1982;p99.9p99.99;854068.19;;0.017999999;0.017999999
;US-SD;1982;p99p99.5;178207.8;;0.0208;0.0208
;US-SD;1982;p95p100;152603.09;;0.1785;0.1785
;US-SD;1982;p0p90;34958.801;;0.73580003;0.73580003
;US-SD;1982;p0p99;39757.0;;0.92049998;0.92049998
;US-SD;1982;p99.5p100;501431.19;;0.058600001;0.058600001
;US-SD;1981;p0p100;252284.8;12014103096.0;1.0;1.0
;US-SD;1981;p99p100;300432.19;;0.074500002;0.074500002
;US-SD;1981;p99.9p100;833632.19;;0.0207;0.0207
;US-SD;1981;p99.99p100;2279641.8;;0.0057000001;0.0057000001
;US-SD;1981;p90p100;126048.5;;0.31240001;0.31240001
;US-SD;1981;p90p95;100772.6;;0.1249;0.1249
;US-SD;1981;p95p99;114839.9;;0.1139;0.1139
;US-SD;1981;p99.5p99.9;305333.19;;0.030300001;0.030300001
;US-SD;1981;p99.9p99.99;671521.69;;0.015;0.015
;US-SD;1981;p99p99.5;188149.41;;0.0233;0.0233
;US-SD;1981;p95p100;152105.7;;0.1885;0.1885
;US-SD;1981;p0p90;30800.301;;0.68699998;0.68699998
;US-SD;1981;p0p99;37719.801;;0.92549998;0.92549998
;US-SD;1981;p99.5p100;412417.19;;0.051100001;0.051100001
;US-SD;1980;p0p100;287681.69;11433791865.0;1.0;1.0
;US-SD;1980;p99p100;325700.59;;0.084899999;0.084899999
;US-SD;1980;p99.9p100;855761.81;;0.022299999;0.022299999
;US-SD;1980;p99.99p100;2632717.8;;0.0068999999;0.0068999999
;US-SD;1980;p90p100;128240.1;;0.33430001;0.33430001
;US-SD;1980;p90p95;91502.797;;0.1193;0.1193
;US-SD;1980;p95p99;124621.1;;0.13;0.13
;US-SD;1980;p99.5p99.9;317362.5;;0.033100002;0.033100002
;US-SD;1980;p99.9p99.99;657729.69;;0.0154;0.0154
;US-SD;1980;p99p99.5;225803.2;;0.0294;0.0294
;US-SD;1980;p95p100;164893.0;;0.2149;0.2149
;US-SD;1980;p0p90;28381.4;;0.66589999;0.66589999
;US-SD;1980;p0p99;35454.5;;0.91509998;0.91509998
;US-SD;1980;p99.5p100;425502.19;;0.055500001;0.055500001
;US-SD;1979;p0p100;407154.19;12678205963.0;1.0;1.0
;US-SD;1979;p99p100;336001.91;;0.076399997;0.076399997
;US-SD;1979;p99.9p100;950063.88;;0.021600001;0.021600001
;US-SD;1979;p99.99p100;2819402.0;;0.0063999998;0.0063999998
;US-SD;1979;p90p100;128926.5;;0.29319999;0.29319999
;US-SD;1979;p90p95;88644.0;;0.1008;0.1008
;US-SD;1979;p95p99;127388.3;;0.1159;0.1159
;US-SD;1979;p99.5p99.9;331104.09;;0.030099999;0.030099999
;US-SD;1979;p99.9p99.99;741660.81;;0.0152;0.0152
;US-SD;1979;p99p99.5;217230.0;;0.024700001;0.024700001
;US-SD;1979;p95p100;169088.0;;0.19220001;0.19220001
;US-SD;1979;p0p90;34546.602;;0.70700002;0.70700002
;US-SD;1979;p0p99;41029.898;;0.92360002;0.92360002
;US-SD;1979;p99.5p100;455184.0;;0.0517;0.0517
;US-SD;1978;p0p100;475068.41;12318609367.0;1.0;1.0
;US-SD;1978;p99p100;309534.81;;0.072400004;0.072400004
;US-SD;1978;p99.9p100;762695.31;;0.0178;0.0178
;US-SD;1978;p99.99p100;1865498.4;;0.0044;0.0044
;US-SD;1978;p90p100;125032.2;;0.29260001;0.29260001
;US-SD;1978;p90p95;84819.797;;0.099200003;0.099200003
;US-SD;1978;p95p99;129375.2;;0.1211;0.1211
;US-SD;1978;p99.5p99.9;315902.59;;0.0296;0.0296
;US-SD;1978;p99.9p99.99;639545.13;;0.0135;0.0135
;US-SD;1978;p99p99.5;213658.2;;0.025;0.025
;US-SD;1978;p95p100;165273.3;;0.1934;0.1934
;US-SD;1978;p0p90;33584.898;;0.70730001;0.70730001
;US-SD;1978;p0p99;40041.5;;0.92760003;0.92760003
;US-SD;1978;p99.5p100;405587.0;;0.047499999;0.047499999
;US-SD;1977;p0p100;519330.59;11437865596.0;1.0;1.0
;US-SD;1977;p99p100;314288.59;;0.0779;0.0779
;US-SD;1977;p99.9p100;961790.0;;0.023800001;0.023800001
;US-SD;1977;p99.99p100;3727324.0;;0.0092000002;0.0092000002
;US-SD;1977;p90p100;120094.2;;0.2976;0.2976
;US-SD;1977;p90p95;83626.797;;0.1036;0.1036
;US-SD;1977;p95p99;117130.8;;0.1161;0.1161
;US-SD;1977;p99.5p99.9;288325.09;;0.0286;0.0286
;US-SD;1977;p99.9p99.99;655129.13;;0.0146;0.0146
;US-SD;1977;p99p99.5;205719.91;;0.0255;0.0255
;US-SD;1977;p95p100;156567.0;;0.19400001;0.19400001
;US-SD;1977;p0p90;31497.5;;0.70240003;0.70240003
;US-SD;1977;p0p99;37591.602;;0.92210001;0.92210001
;US-SD;1977;p99.5p100;422918.59;;0.0524;0.0524
;US-SD;1976;p0p100;559446.88;10686901378.0;1.0;1.0
;US-SD;1976;p99p100;305962.41;;0.079800002;0.079800002
;US-SD;1976;p99.9p100;766382.63;;0.02;0.02
;US-SD;1976;p99.99p100;2170885.5;;0.0057000001;0.0057000001
;US-SD;1976;p90p100;121478.1;;0.31690001;0.31690001
;US-SD;1976;p90p95;84027.398;;0.1096;0.1096
;US-SD;1976;p95p99;122178.3;;0.1275;0.1275
;US-SD;1976;p99.5p99.9;311562.41;;0.032499999;0.032499999
;US-SD;1976;p99.9p99.99;610467.0;;0.0143;0.0143
;US-SD;1976;p99p99.5;209051.3;;0.0273;0.0273
;US-SD;1976;p95p100;158933.8;;0.20730001;0.20730001
;US-SD;1976;p0p90;29091.9;;0.68309999;0.68309999
;US-SD;1976;p0p99;35625.898;;0.92019999;0.92019999
;US-SD;1976;p99.5p100;402823.59;;0.052499998;0.052499998
;US-SD;1975;p0p100;679788.19;11428660882.0;1.0;1.0
;US-SD;1975;p99p100;311798.91;;0.074900001;0.074900001
;US-SD;1975;p99.9p100;866871.13;;0.0208;0.0208
;US-SD;1975;p99.99p100;3111847.5;;0.0074999998;0.0074999998
;US-SD;1975;p90p100;122974.4;;0.29530001;0.29530001
;US-SD;1975;p90p95;84859.797;;0.1019;0.1019
;US-SD;1975;p95p99;123422.7;;0.1186;0.1186
;US-SD;1975;p99.5p99.9;307841.19;;0.0296;0.0296
;US-SD;1975;p99.9p99.99;617138.0;;0.0133;0.0133
;US-SD;1975;p99p99.5;203791.5;;0.024499999;0.024499999
;US-SD;1975;p95p100;161094.5;;0.1934;0.1934
;US-SD;1975;p0p90;32600.801;;0.70469999;0.70469999
;US-SD;1975;p0p99;38908.602;;0.92510003;0.92510003
;US-SD;1975;p99.5p100;419728.91;;0.0504;0.0504
;US-SD;1974;p0p100;832107.81;11561033196.0;1.0;1.0
;US-SD;1974;p99p100;351465.69;;0.082099997;0.082099997
;US-SD;1974;p99.9p100;1035707.8;;0.0242;0.0242
;US-SD;1974;p99.99p100;3289381.0;;0.0077;0.0077
;US-SD;1974;p90p100;130256.2;;0.3044;0.3044
;US-SD;1974;p90p95;88302.297;;0.1032;0.1032
;US-SD;1974;p95p99;127319.6;;0.119;0.119
;US-SD;1974;p99.5p99.9;345469.41;;0.032299999;0.032299999
;US-SD;1974;p99.9p99.99;784258.0;;0.0165;0.0165
;US-SD;1974;p99p99.5;218908.0;;0.025599999;0.025599999
;US-SD;1974;p95p100;172214.91;;0.20119999;0.20119999
;US-SD;1974;p0p90;33087.301;;0.69580001;0.69580001
;US-SD;1974;p0p99;39679.801;;0.91790003;0.91790003
;US-SD;1974;p99.5p100;483820.59;;0.056499999;0.056499999
;US-SD;1973;p0p100;1147357.5;12735037281.0;1.0;1.0
;US-SD;1973;p99p100;315329.41;;0.065899998;0.065899998
;US-SD;1973;p99.9p100;756392.19;;0.015799999;0.015799999
;US-SD;1973;p99.99p100;1976329.6;;0.0041;0.0041
;US-SD;1973;p90p100;131471.09;;0.27469999;0.27469999
;US-SD;1973;p90p95;90011.602;;0.093999997;0.093999997
;US-SD;1973;p95p99;137331.09;;0.1148;0.1148
;US-SD;1973;p99.5p99.9;326933.09;;0.0273;0.0273
;US-SD;1973;p99.9p99.99;620358.38;;0.0117;0.0117
;US-SD;1973;p99p99.5;217354.91;;0.022700001;0.022700001
;US-SD;1973;p95p100;172938.5;;0.1807;0.1807
;US-SD;1973;p0p90;38577.801;;0.72539997;0.72539997
;US-SD;1973;p0p99;45162.602;;0.93409997;0.93409997
;US-SD;1973;p99.5p100;412808.5;;0.043099999;0.043099999
;US-SD;1972;p0p100;1097573.3;10631344368.0;1.0;1.0
;US-SD;1972;p99p100;260921.2;;0.064300001;0.064300001
;US-SD;1972;p99.9p100;649698.31;;0.016000001;0.016000001
;US-SD;1972;p99.99p100;1732626.3;;0.0043000001;0.0043000001
;US-SD;1972;p90p100;107091.5;;0.26390001;0.26390001
;US-SD;1972;p90p95;75757.797;;0.0933;0.0933
;US-SD;1972;p95p99;107820.2;;0.1063;0.1063
;US-SD;1972;p99.5p99.9;265804.59;;0.0262;0.0262
;US-SD;1972;p99.9p99.99;529191.31;;0.0117;0.0117
;US-SD;1972;p99p99.5;178870.5;;0.022;0.022
;US-SD;1972;p95p100;138444.0;;0.1706;0.1706
;US-SD;1972;p0p90;33193.5;;0.73610002;0.73610002
;US-SD;1972;p0p99;38356.301;;0.9357;0.9357
;US-SD;1972;p99.5p100;342971.91;;0.042300001;0.042300001
;US-SD;1971;p0p100;1061017.8;9489118488.0;1.0;1.0
;US-SD;1971;p99p100;245444.2;;0.066600002;0.066600002
;US-SD;1971;p99.9p100;591427.31;;0.016100001;0.016100001
;US-SD;1971;p99.99p100;1574110.1;;0.0043000001;0.0043000001
;US-SD;1971;p90p100;102812.8;;0.27919999;0.27919999
;US-SD;1971;p90p95;75009.203;;0.1018;0.1018
;US-SD;1971;p95p99;101977.7;;0.1108;0.1108
;US-SD;1971;p99.5p99.9;258546.09;;0.028100001;0.028100001
;US-SD;1971;p99.9p99.99;482490.69;;0.0118;0.0118
;US-SD;1971;p99p99.5;165291.5;;0.022399999;0.022399999
;US-SD;1971;p95p100;130663.6;;0.17739999;0.17739999
;US-SD;1971;p0p90;29495.801;;0.72079998;0.72079998
;US-SD;1971;p0p99;34720.898;;0.93339998;0.93339998
;US-SD;1971;p99.5p100;325494.41;;0.044199999;0.044199999
;US-SD;1970;p0p100;1130062.8;9106236800.0;1.0;1.0
;US-SD;1970;p99p100;235048.2;;0.065300003;0.065300003
;US-SD;1970;p99.9p100;495939.91;;0.0138;0.0138
;US-SD;1970;p99.99p100;1108403.6;;0.0031000001;0.0031000001
;US-SD;1970;p90p100;100128.4;;0.27810001;0.27810001
;US-SD;1970;p90p95;71257.398;;0.098999999;0.098999999
;US-SD;1970;p95p99;102574.6;;0.114;0.114
;US-SD;1970;p99.5p99.9;257881.5;;0.0287;0.0287
;US-SD;1970;p99.9p99.99;427273.19;;0.0107;0.0107
;US-SD;1970;p99p99.5;163985.7;;0.0228;0.0228
;US-SD;1970;p95p100;129037.6;;0.17919999;0.17919999
;US-SD;1970;p0p90;28875.699;;0.72189999;0.72189999
;US-SD;1970;p0p99;33990.301;;0.93470001;0.93470001
;US-SD;1970;p99.5p100;305951.41;;0.0425;0.0425
;US-SD;1969;p0p100;1244833.5;8983113658.0;1.0;1.0
;US-SD;1969;p99p100;276402.91;;0.0779;0.0779
;US-SD;1969;p99.9p100;623634.69;;0.0176;0.0176
;US-SD;1969;p99.99p100;1969596.1;;0.0055999998;0.0055999998
;US-SD;1969;p90p100;104359.0;;0.29409999;0.29409999
;US-SD;1969;p90p95;69450.203;;0.097900003;0.097900003
;US-SD;1969;p95p99;105047.5;;0.1184;0.1184
;US-SD;1969;p99.5p99.9;289472.09;;0.032600001;0.032600001
;US-SD;1969;p99.9p99.99;475592.41;;0.0121;0.0121
;US-SD;1969;p99p99.5;196357.3;;0.0277;0.0277
;US-SD;1969;p95p100;139280.41;;0.1963;0.1963
;US-SD;1969;p0p90;27823.801;;0.7058;0.7058
;US-SD;1969;p0p99;33047.0;;0.92210001;0.92210001
;US-SD;1969;p99.5p100;356686.09;;0.050299998;0.050299998
;US-SD;1968;p0p100;1368608.6;8904939811.0;1.0;1.0
;US-SD;1968;p99p100;281611.0;;0.080300003;0.080300003
;US-SD;1968;p99.9p100;644346.38;;0.0184;0.0184
;US-SD;1968;p99.99p100;1576584.4;;0.0044999998;0.0044999998
;US-SD;1968;p90p100;107711.2;;0.3071;0.3071
;US-SD;1968;p90p95;73301.398;;0.1045;0.1045
;US-SD;1968;p95p99;107166.2;;0.1222;0.1222
;US-SD;1968;p99.5p99.9;288729.41;;0.032900002;0.032900002
;US-SD;1968;p99.9p99.99;544273.69;;0.014;0.014
;US-SD;1968;p99p99.5;203386.41;;0.028999999;0.028999999
;US-SD;1968;p95p100;142075.7;;0.2025;0.2025
;US-SD;1968;p0p90;27003.199;;0.6929;0.6929
;US-SD;1968;p0p99;32583.699;;0.91970003;0.91970003
;US-SD;1968;p99.5p100;359600.91;;0.0513;0.0513
;US-SD;1967;p0p100;1440165.6;8653644787.0;1.0;1.0
;US-SD;1967;p99p100;253063.59;;0.0744;0.0744
;US-SD;1967;p99.9p100;622808.5;;0.018300001;0.018300001
;US-SD;1967;p99.99p100;1421615.3;;0.0041999999;0.0041999999
;US-SD;1967;p90p100;101145.1;;0.29750001;0.29750001
;US-SD;1967;p90p95;71407.602;;0.105;0.105
;US-SD;1967;p95p99;100532.5;;0.1183;0.1183
;US-SD;1967;p99.5p99.9;284685.41;;0.033500001;0.033500001
;US-SD;1967;p99.9p99.99;534809.81;;0.0142;0.0142
;US-SD;1967;p99p99.5;153791.8;;0.022600001;0.022600001
;US-SD;1967;p95p100;130979.6;;0.1926;0.1926
;US-SD;1967;p0p90;26527.801;;0.70230001;0.70230001
;US-SD;1967;p0p99;31785.1;;0.92559999;0.92559999
;US-SD;1967;p99.5p100;352363.0;;0.051800001;0.051800001
;US-SD;1966;p0p100;1541244.4;8728643461.0;1.0;1.0
;US-SD;1966;p99p100;239360.91;;0.069899999;0.069899999
;US-SD;1966;p99.9p100;628453.13;;0.0184;0.0184
;US-SD;1966;p99.99p100;1664694.5;;0.0049000001;0.0049000001
;US-SD;1966;p90p100;98177.898;;0.2868;0.2868
;US-SD;1966;p90p95;70278.703;;0.1026;0.1026
;US-SD;1966;p95p99;98183.297;;0.1147;0.1147
;US-SD;1966;p99.5p99.9;245880.91;;0.0287;0.0287
;US-SD;1966;p99.9p99.99;513694.81;;0.0135;0.0135
;US-SD;1966;p99p99.5;155479.7;;0.022700001;0.022700001
;US-SD;1966;p95p100;126378.2;;0.1846;0.1846
;US-SD;1966;p0p90;27118.9;;0.71289998;0.71289998
;US-SD;1966;p0p99;32166.0;;0.93010002;0.93010002
;US-SD;1966;p99.5p100;323042.91;;0.047200002;0.047200002
;US-SD;1965;p0p100;1551515.3;8312832722.0;1.0;1.0
;US-SD;1965;p99p100;234005.41;;0.071800001;0.071800001
;US-SD;1965;p99.9p100;576897.81;;0.0177;0.0177
;US-SD;1965;p99.99p100;1396197.1;;0.0043000001;0.0043000001
;US-SD;1965;p90p100;93096.602;;0.28580001;0.28580001
;US-SD;1965;p90p95;66629.602;;0.1023;0.1023
;US-SD;1965;p95p99;90918.797;;0.1116;0.1116
;US-SD;1965;p99.5p99.9;277046.19;;0.034000002;0.034000002
;US-SD;1965;p99.9p99.99;484660.31;;0.0134;0.0134
;US-SD;1965;p99p99.5;130686.0;;0.020099999;0.020099999
;US-SD;1965;p95p100;119550.1;;0.18350001;0.18350001
;US-SD;1965;p0p90;25858.1;;0.71439999;0.71439999
;US-SD;1965;p0p99;30543.301;;0.92820001;0.92820001
;US-SD;1965;p99.5p100;337350.19;;0.051800001;0.051800001
;US-SD;1964;p0p100;1445011.5;7497614971.0;1.0;1.0
;US-SD;1964;p99p100;241360.5;;0.082099997;0.082099997
;US-SD;1964;p99.9p100;580413.19;;0.0198;0.0198
;US-SD;1964;p99.99p100;1695496.5;;0.0057999999;0.0057999999
;US-SD;1964;p90p100;91905.898;;0.31279999;0.31279999
;US-SD;1964;p90p95;64123.199;;0.1091;0.1091
;US-SD;1964;p95p99;89279.602;;0.1215;0.1215
;US-SD;1964;p99.5p99.9;267023.91;;0.0363;0.0363
;US-SD;1964;p99.9p99.99;456240.09;;0.014;0.014
;US-SD;1964;p99p99.5;152696.8;;0.026000001;0.026000001
;US-SD;1964;p95p100;119650.0;;0.2036;0.2036
;US-SD;1964;p0p90;22441.1;;0.68730003;0.68730003
;US-SD;1964;p0p99;27244.9;;0.91790003;0.91790003
;US-SD;1964;p99.5p100;329858.91;;0.0561;0.0561
;US-SD;1963;p0p100;1530076.8;7723635661.0;1.0;1.0
;US-SD;1963;p99p100;210188.5;;0.069300003;0.069300003
;US-SD;1963;p99.9p100;626404.69;;0.0207;0.0207
;US-SD;1963;p99.99p100;1956880.4;;0.0065000001;0.0065000001
;US-SD;1963;p90p100;86228.102;;0.28439999;0.28439999
;US-SD;1963;p90p95;62548.398;;0.1032;0.1032
;US-SD;1963;p95p99;84838.703;;0.1119;0.1119
;US-SD;1963;p99.5p99.9;208472.41;;0.0275;0.0275
;US-SD;1963;p99.9p99.99;479082.0;;0.0142;0.0142
;US-SD;1963;p99p99.5;128225.5;;0.0211;0.0211
;US-SD;1963;p95p100;109908.7;;0.1813;0.1813
;US-SD;1963;p0p90;24105.9;;0.71560001;0.71560001
;US-SD;1963;p0p99;28501.301;;0.9307;0.9307
;US-SD;1963;p99.5p100;292149.5;;0.0482;0.0482
;US-SD;1962;p0p100;1640494.9;8049285107.0;1.0;1.0
;US-SD;1962;p99p100;212400.2;;0.067100003;0.067100003
;US-SD;1962;p99.9p100;551097.0;;0.0174;0.0174
;US-SD;1962;p99.99p100;1392093.9;;0.0044;0.0044
;US-SD;1962;p90p100;84971.797;;0.26840001;0.26840001
;US-SD;1962;p90p95;59405.0;;0.093800001;0.093800001
;US-SD;1962;p95p99;85073.703;;0.1075;0.1075
;US-SD;1962;p99.5p99.9;219654.0;;0.027799999;0.027799999
;US-SD;1962;p99.9p99.99;459205.81;;0.0131;0.0131
;US-SD;1962;p99p99.5;138399.91;;0.0219;0.0219
;US-SD;1962;p95p100;110539.2;;0.17460001;0.17460001
;US-SD;1962;p0p90;25739.4;;0.7317;0.7317
;US-SD;1962;p0p99;29836.199;;0.93290001;0.93290001
;US-SD;1962;p99.5p100;286393.5;;0.045200001;0.045200001
;US-SD;1961;p0p100;1504472.4;7213635174.0;1.0;1.0
;US-SD;1961;p99p100;199736.8;;0.070200004;0.070200004
;US-SD;1961;p99.9p100;493742.59;;0.0173;0.0173
;US-SD;1961;p99.99p100;1141748.3;;0.0040000002;0.0040000002
;US-SD;1961;p90p100;82986.203;;0.29159999;0.29159999
;US-SD;1961;p90p95;58613.0;;0.103;0.103
;US-SD;1961;p95p99;84273.5;;0.1184;0.1184
;US-SD;1961;p99.5p99.9;199871.7;;0.028100001;0.028100001
;US-SD;1961;p99.9p99.99;422267.59;;0.0134;0.0134
;US-SD;1961;p99p99.5;140718.2;;0.024700001;0.024700001
;US-SD;1961;p95p100;107361.5;;0.1886;0.1886
;US-SD;1961;p0p90;22404.0;;0.70840001;0.70840001
;US-SD;1961;p0p99;26732.5;;0.92979997;0.92979997
;US-SD;1961;p99.5p100;258763.7;;0.045499999;0.045499999
;US-SD;1960;p0p100;1536661.5;7189676444.0;1.0;1.0
;US-SD;1960;p99p100;198322.7;;0.069600001;0.069600001
;US-SD;1960;p99.9p100;530527.31;;0.0186;0.0186
;US-SD;1960;p99.99p100;1097409.3;;0.0038999999;0.0038999999
;US-SD;1960;p90p100;78246.203;;0.2746;0.2746
;US-SD;1960;p90p95;54412.801;;0.0955;0.0955
;US-SD;1960;p95p99;78020.602;;0.1095;0.1095
;US-SD;1960;p99.5p99.9;205862.3;;0.028899999;0.028899999
;US-SD;1960;p99.9p99.99;469619.59;;0.0148;0.0148
;US-SD;1960;p99p99.5;125445.4;;0.022;0.022
;US-SD;1960;p95p100;102079.2;;0.17910001;0.17910001
;US-SD;1960;p0p90;22962.801;;0.72539997;0.72539997
;US-SD;1960;p0p99;26775.6;;0.93040001;0.93040001
;US-SD;1960;p99.5p100;271195.69;;0.047600001;0.047600001
;US-SD;1959;p0p100;1308161.8;5960084727.0;1.0;1.0
;US-SD;1959;p99p100;190741.2;;0.0814;0.0814
;US-SD;1959;p99.9p100;536999.19;;0.0229;0.0229
;US-SD;1959;p99.99p100;1180132.9;;0.0049999999;0.0049999999
;US-SD;1959;p90p100;71017.297;;0.30289999;0.30289999
;US-SD;1959;p90p95;49263.301;;0.1051;0.1051
;US-SD;1959;p95p99;68283.297;;0.1165;0.1165
;US-SD;1959;p99.5p99.9;188714.3;;0.032200001;0.032200001
;US-SD;1959;p99.9p99.99;466314.69;;0.017899999;0.017899999
;US-SD;1959;p99p99.5;123036.9;;0.0262;0.0262
;US-SD;1959;p95p100;92772.703;;0.1979;0.1979
;US-SD;1959;p0p90;18155.301;;0.69700003;0.69700003
;US-SD;1959;p0p99;21752.1;;0.91860002;0.91860002
;US-SD;1959;p99.5p100;258453.0;;0.055100001;0.055100001
;US-SD;1958;p0p100;1458674.9;6596888176.0;1.0;1.0
;US-SD;1958;p99p100;197900.7;;0.076800004;0.076800004
;US-SD;1958;p99.9p100;473474.19;;0.0184;0.0184
;US-SD;1958;p99.99p100;1133423.8;;0.0044;0.0044
;US-SD;1958;p90p100;77474.703;;0.30050001;0.30050001
;US-SD;1958;p90p95;54717.199;;0.1061;0.1061
;US-SD;1958;p95p99;75818.102;;0.1176;0.1176
;US-SD;1958;p99.5p99.9;209802.41;;0.032600001;0.032600001
;US-SD;1958;p99.9p99.99;401013.69;;0.014;0.014
;US-SD;1958;p99p99.5;132862.59;;0.025800001;0.025800001
;US-SD;1958;p95p100;100233.9;;0.1944;0.1944
;US-SD;1958;p0p90;20038.6;;0.69950002;0.69950002
;US-SD;1958;p0p99;24042.5;;0.92320001;0.92320001
;US-SD;1958;p99.5p100;262936.41;;0.050999999;0.050999999
;US-SD;1957;p0p100;1546743.3;6669602715.0;1.0;1.0
;US-SD;1957;p99p100;178129.91;;0.068800002;0.068800002
;US-SD;1957;p99.9p100;416625.31;;0.016100001;0.016100001
;US-SD;1957;p99.99p100;997700.31;;0.0038999999;0.0038999999
;US-SD;1957;p90p100;68726.297;;0.26530001;0.26530001
;US-SD;1957;p90p95;47650.398;;0.092;0.092
;US-SD;1957;p95p99;67722.898;;0.1046;0.1046
;US-SD;1957;p99.5p99.9;195003.09;;0.030099999;0.030099999
;US-SD;1957;p99.9p99.99;352589.19;;0.0122;0.0122
;US-SD;1957;p99p99.5;116640.5;;0.022500001;0.022500001
;US-SD;1957;p95p100;89803.102;;0.1733;0.1733
;US-SD;1957;p0p90;21147.801;;0.73470002;0.73470002
;US-SD;1957;p0p99;24367.199;;0.93120003;0.93120003
;US-SD;1957;p99.5p100;239616.91;;0.0462;0.0462
;US-SD;1956;p0p100;1468195.5;5929903811.0;1.0;1.0
;US-SD;1956;p99p100;191653.0;;0.0836;0.0836
;US-SD;1956;p99.9p100;449830.09;;0.0196;0.0196
;US-SD;1956;p99.99p100;1011916.3;;0.0044;0.0044
;US-SD;1956;p90p100;69512.703;;0.30320001;0.30320001
;US-SD;1956;p90p95;51272.0;;0.1118;0.1118
;US-SD;1956;p95p99;62331.602;;0.1087;0.1087
;US-SD;1956;p99.5p99.9;210008.8;;0.036600001;0.036600001
;US-SD;1956;p99.9p99.99;388610.31;;0.0153;0.0153
;US-SD;1956;p99p99.5;124720.3;;0.0272;0.0272
;US-SD;1956;p95p100;88196.203;;0.19230001;0.19230001
;US-SD;1956;p0p90;17727.9;;0.69590002;0.69590002
;US-SD;1956;p0p99;21222.301;;0.91640002;0.91640002
;US-SD;1956;p99.5p100;258581.8;;0.056400001;0.056400001
;US-SD;1955;p0p100;1451328.1;5716919958.0;1.0;1.0
;US-SD;1955;p99p100;169573.59;;0.077100001;0.077100001
;US-SD;1955;p99.9p100;413945.59;;0.0188;0.0188
;US-SD;1955;p99.99p100;950510.63;;0.0043000001;0.0043000001
;US-SD;1955;p90p100;70332.797;;0.3197;0.3197
;US-SD;1955;p90p95;53783.801;;0.1222;0.1222
;US-SD;1955;p95p99;67347.898;;0.1225;0.1225
;US-SD;1955;p99.5p99.9;179093.09;;0.032600001;0.032600001
;US-SD;1955;p99.9p99.99;354398.69;;0.0145;0.0145
;US-SD;1955;p99p99.5;113088.0;;0.025699999;0.025699999
;US-SD;1955;p95p100;87768.0;;0.19949999;0.19949999
;US-SD;1955;p0p90;16578.9;;0.67820001;0.67820001
;US-SD;1955;p0p99;20509.301;;0.92290002;0.92290002
;US-SD;1955;p99.5p100;226059.5;;0.051399998;0.051399998
;US-SD;1954;p0p100;1564802.4;6238418177.0;1.0;1.0
;US-SD;1954;p99p100;174977.41;;0.073200002;0.073200002
;US-SD;1954;p99.9p100;437863.81;;0.018300001;0.018300001
;US-SD;1954;p99.99p100;1032129.3;;0.0043000001;0.0043000001
;US-SD;1954;p90p100;69783.703;;0.292;0.292
;US-SD;1954;p90p95;53284.199;;0.1115;0.1115
;US-SD;1954;p95p99;65573.602;;0.1098;0.1098
;US-SD;1954;p99.5p99.9;189098.59;;0.0317;0.0317
;US-SD;1954;p99.9p99.99;371854.19;;0.014;0.014
;US-SD;1954;p99p99.5;111105.4;;0.0232;0.0232
;US-SD;1954;p95p100;87404.398;;0.1829;0.1829
;US-SD;1954;p0p90;18734.301;;0.70550001;0.70550001
;US-SD;1954;p0p99;22371.699;;0.92680001;0.92680001
;US-SD;1954;p99.5p100;238850.0;;0.050000001;0.050000001
;US-SD;1953;p0p100;1538136.3;6098173254.0;1.0;1.0
;US-SD;1953;p99p100;165201.91;;0.071000002;0.071000002
;US-SD;1953;p99.9p100;408748.91;;0.0176;0.0176
;US-SD;1953;p99.99p100;949248.63;;0.0041;0.0041
;US-SD;1953;p90p100;67912.297;;0.292;0.292
;US-SD;1953;p90p95;57987.5;;0.1247;0.1247
;US-SD;1953;p95p99;58147.0;;0.1;0.1
;US-SD;1953;p99.5p99.9;173258.59;;0.0298;0.0298
;US-SD;1953;p99.9p99.99;349599.5;;0.0135;0.0135
;US-SD;1953;p99p99.5;110199.5;;0.023700001;0.023700001
;US-SD;1953;p95p100;79520.297;;0.171;0.171
;US-SD;1953;p0p90;18198.699;;0.70420003;0.70420003
;US-SD;1953;p0p99;21823.9;;0.92900002;0.92900002
;US-SD;1953;p99.5p100;220252.8;;0.047400001;0.047400001
;US-SD;1952;p0p100;1448634.3;5687234381.0;1.0;1.0
;US-SD;1952;p99p100;174923.09;;0.081100002;0.081100002
;US-SD;1952;p99.9p100;497095.5;;0.023;0.023
;US-SD;1952;p99.99p100;1332699.3;;0.0062000002;0.0062000002
;US-SD;1952;p90p100;68042.5;;0.31529999;0.31529999
;US-SD;1952;p90p95;53220.898;;0.1233;0.1233
;US-SD;1952;p95p99;61742.801;;0.1145;0.1145
;US-SD;1952;p99.5p99.9;177771.41;;0.033;0.033
;US-SD;1952;p99.9p99.99;404968.31;;0.016899999;0.016899999
;US-SD;1952;p99p99.5;108308.2;;0.0251;0.0251
;US-SD;1952;p95p100;84296.203;;0.1953;0.1953
;US-SD;1952;p0p90;16329.2;;0.68110001;0.68110001
;US-SD;1952;p0p99;20028.5;;0.91890001;0.91890001
;US-SD;1952;p99.5p100;241573.09;;0.056000002;0.056000002
;US-SD;1951;p0p100;1774321.8;6700928841.0;1.0;1.0
;US-SD;1951;p99p100;203576.3;;0.080399998;0.080399998
;US-SD;1951;p99.9p100;524524.69;;0.0207;0.0207
;US-SD;1951;p99.99p100;1025795.3;;0.0041;0.0041
;US-SD;1951;p90p100;71567.102;;0.28279999;0.28279999
;US-SD;1951;p90p95;42447.801;;0.083899997;0.083899997
;US-SD;1951;p95p99;73486.5;;0.1161;0.1161
;US-SD;1951;p99.5p99.9;210008.41;;0.033199999;0.033199999
;US-SD;1951;p99.9p99.99;473913.09;;0.016899999;0.016899999
;US-SD;1951;p99p99.5;129298.3;;0.0255;0.0255
;US-SD;1951;p95p100;100432.0;;0.19840001;0.19840001
;US-SD;1951;p0p99;18417.0;;0.72039998;0.72039998
;US-SD;1951;p99.5p100;275930.19;;0.054499999;0.054499999
;US-SD;1950;p0p100;1867046.4;6082492732.0;1.0;1.0
;US-SD;1950;p99p100;204482.0;;0.089400001;0.089400001
;US-SD;1950;p99.9p100;497777.0;;0.0218;0.0218
;US-SD;1950;p99.99p100;872948.0;;0.0038000001;0.0038000001
;US-SD;1950;p90p100;68401.602;;0.29899999;0.29899999
;US-SD;1950;p90p95;41480.301;;0.090700001;0.090700001
;US-SD;1950;p95p99;68115.797;;0.1191;0.1191
;US-SD;1950;p99.5p99.9;218086.41;;0.0381;0.0381
;US-SD;1950;p99.9p99.99;477228.5;;0.0188;0.0188
;US-SD;1950;p99p99.5;135354.3;;0.0296;0.0296
;US-SD;1950;p95p100;95238.898;;0.20819999;0.20819999
;US-SD;1950;p0p90;17787.699;;0.69989997;0.69989997
;US-SD;1950;p0p99;21039.1;;0.91060001;0.91060001
;US-SD;1950;p99.5p100;273731.59;;0.059799999;0.059799999
;US-SD;1949;p0p100;1578788.8;5025344986.0;1.0;1.0
;US-SD;1949;p99p100;170574.41;;0.089900002;0.089900002
;US-SD;1949;p99.9p100;415548.5;;0.0219;0.0219
;US-SD;1949;p99.99p100;901447.63;;0.0048000002;0.0048000002
;US-SD;1949;p90p100;65504.199;;0.34529999;0.34529999
;US-SD;1949;p90p95;42974.0;;0.1133;0.1133
;US-SD;1949;p95p99;67415.5;;0.14219999;0.14219999
;US-SD;1949;p99.5p99.9;181377.2;;0.038199998;0.038199998
;US-SD;1949;p99.9p99.99;361585.31;;0.017200001;0.017200001
;US-SD;1949;p99p99.5;112932.0;;0.0298;0.0298
;US-SD;1949;p95p100;87908.102;;0.2317;0.2317
;US-SD;1949;p0p90;13796.9;;0.65460002;0.65460002
;US-SD;1949;p0p99;17436.9;;0.91009998;0.91009998
;US-SD;1949;p99.5p100;228211.8;;0.060199998;0.060199998
;US-SD;1948;p0p100;2060457.6;6682650880.0;1.0;1.0
;US-SD;1948;p99p100;211088.2;;0.0836;0.0836
;US-SD;1948;p99.9p100;505214.81;;0.02;0.02
;US-SD;1948;p99.99p100;1033597.0;;0.0041;0.0041
;US-SD;1948;p90p100;77667.703;;0.30770001;0.30770001
;US-SD;1948;p90p95;46644.898;;0.092399999;0.092399999
;US-SD;1948;p95p99;83145.703;;0.1318;0.1318
;US-SD;1948;p99.5p99.9;220990.5;;0.035;0.035
;US-SD;1948;p99.9p99.99;446541.69;;0.015900001;0.015900001
;US-SD;1948;p99p99.5;144356.0;;0.0286;0.0286
;US-SD;1948;p95p100;108666.2;;0.21520001;0.21520001
;US-SD;1948;p0p90;19415.5;;0.69220001;0.69220001
;US-SD;1948;p0p99;23365.801;;0.91640002;0.91640002
;US-SD;1948;p99.5p100;277830.81;;0.055;0.055
;US-SD;1947;p0p100;2035158.1;5677575442.0;1.0;1.0
;US-SD;1947;p99p100;203448.7;;0.094800003;0.094800003
;US-SD;1947;p99.9p100;486506.09;;0.022700001;0.022700001
;US-SD;1947;p99.99p100;1107465.8;;0.0052;0.0052
;US-SD;1947;p90p100;77404.797;;0.36059999;0.36059999
;US-SD;1947;p90p95;48719.5;;0.1135;0.1135
;US-SD;1947;p95p99;81802.0;;0.1524;0.1524
;US-SD;1947;p99.5p99.9;213461.0;;0.039799999;0.039799999
;US-SD;1947;p99.9p99.99;417598.19;;0.0175;0.0175
;US-SD;1947;p99p99.5;138786.2;;0.032299999;0.032299999
;US-SD;1947;p95p100;106094.2;;0.2471;0.2471
;US-SD;1947;p0p90;15248.8;;0.63929999;0.63929999
;US-SD;1947;p0p99;19628.1;;0.9052;0.9052
;US-SD;1947;p99.5p100;268066.81;;0.062399998;0.062399998
;US-SD;1946;p0p100;2514079.3;5346439448.0;1.0;1.0
;US-SD;1946;p99p100;185559.59;;0.091499999;0.091499999
;US-SD;1946;p99.9p100;483222.5;;0.023800001;0.023800001
;US-SD;1946;p99.99p100;1131999.8;;0.0055999998;0.0055999998
;US-SD;1946;p90p100;68860.898;;0.3396;0.3396
;US-SD;1946;p90p95;45367.602;;0.1119;0.1119
;US-SD;1946;p95p99;69077.898;;0.1363;0.1363
;US-SD;1946;p99.5p99.9;193473.2;;0.038199998;0.038199998
;US-SD;1946;p99.9p99.99;411170.0;;0.018300001;0.018300001
;US-SD;1946;p99p99.5;119652.3;;0.0295;0.0295
;US-SD;1946;p95p100;92357.203;;0.2277;0.2277
;US-SD;1946;p0p90;14877.6;;0.66039997;0.66039997
;US-SD;1946;p0p99;18607.199;;0.90850002;0.90850002
;US-SD;1946;p99.5p100;251422.0;;0.061999999;0.061999999
;US-SD;1945;p0p100;2995702.0;5438014423.0;1.0;1.0
;US-SD;1945;p99p100;163863.09;;0.079899997;0.079899997
;US-SD;1945;p99.9p100;449280.19;;0.0219;0.0219
;US-SD;1945;p99.99p100;1044691.9;;0.0051000002;0.0051000002
;US-SD;1945;p90p100;59029.898;;0.28780001;0.28780001
;US-SD;1945;p90p95;38900.0;;0.094800003;0.094800003
;US-SD;1945;p95p99;58022.398;;0.1132;0.1132
;US-SD;1945;p99.5p99.9;168552.2;;0.032900002;0.032900002
;US-SD;1945;p99.9p99.99;385574.5;;0.016899999;0.016899999
;US-SD;1945;p99p99.5;103005.1;;0.0251;0.0251
;US-SD;1945;p95p100;79164.297;;0.193;0.193
;US-SD;1945;p0p90;16226.9;;0.71200001;0.71200001
;US-SD;1945;p0p99;19062.801;;0.92009997;0.92009997
;US-SD;1945;p99.5p100;224672.5;;0.0548;0.0548
;US-SD;1944;p0p100;2833263.5;4939763818.0;1.0;1.0
;US-SD;1944;p99p100;136394.7;;0.073600002;0.073600002
;US-SD;1944;p99.9p100;370551.69;;0.02;0.02
;US-SD;1944;p99.99p100;942786.13;;0.0051000002;0.0051000002
;US-SD;1944;p90p100;53751.301;;0.2899;0.2899
;US-SD;1944;p90p95;42307.602;;0.1141;0.1141
;US-SD;1944;p95p99;50952.801;;0.1099;0.1099
;US-SD;1944;p99.5p99.9;136883.0;;0.0295;0.0295
;US-SD;1944;p99.9p99.99;307291.5;;0.0149;0.0149
;US-SD;1944;p99p99.5;89386.203;;0.0241;0.0241
;US-SD;1944;p95p100;67632.102;;0.1824;0.1824
;US-SD;1944;p0p90;14473.0;;0.70240003;0.70240003
;US-SD;1944;p0p99;17354.1;;0.92640001;0.92640001
;US-SD;1944;p99.5p100;183663.3;;0.0495;0.0495
;US-SD;1943;p0p100;2885339.5;4876913233.0;1.0;1.0
;US-SD;1943;p99p100;162206.91;;0.0889;0.0889
;US-SD;1943;p99.9p100;468719.09;;0.025699999;0.025699999
;US-SD;1943;p99.99p100;1204989.1;;0.0066;0.0066
;US-SD;1943;p90p100;57622.699;;0.31580001;0.31580001
;US-SD;1943;p90p95;36470.5;;0.0999;0.0999
;US-SD;1943;p95p99;57835.398;;0.1268;0.1268
;US-SD;1943;p99.5p99.9;164182.0;;0.035999998;0.035999998
;US-SD;1943;p99.9p99.99;388915.31;;0.019200001;0.019200001
;US-SD;1943;p99p99.5;99259.703;;0.0272;0.0272
;US-SD;1943;p95p100;78757.203;;0.2158;0.2158
;US-SD;1943;p0p90;13872.6;;0.68430001;0.68430001
;US-SD;1943;p0p99;16791.699;;0.91109997;0.91109997
;US-SD;1943;p99.5p100;225121.7;;0.061700001;0.061700001
;US-SD;1942;p0p100;3002592.8;4510797574.0;1.0;1.0
;US-SD;1942;p99p100;141819.41;;0.084200002;0.084200002
;US-SD;1942;p99.9p100;411801.19;;0.0244;0.0244
;US-SD;1942;p99.99p100;1039754.2;;0.0062000002;0.0062000002
;US-SD;1942;p90p100;49979.801;;0.29660001;0.29660001
;US-SD;1942;p90p95;32885.602;;0.097599998;0.097599998
;US-SD;1942;p95p99;48322.301;;0.1147;0.1147
;US-SD;1942;p99.5p99.9;144148.59;;0.034200002;0.034200002
;US-SD;1942;p99.9p99.99;341679.09;;0.018200001;0.018200001
;US-SD;1942;p99p99.5;85855.203;;0.0255;0.0255
;US-SD;1942;p95p100;67068.602;;0.199;0.199
;US-SD;1942;p0p90;13174.6;;0.70359999;0.70359999
;US-SD;1942;p0p99;15589.4;;0.91579998;0.91579998
;US-SD;1942;p99.5p100;197733.7;;0.058699999;0.058699999
;US-SD;1941;p0p100;2509461.0;3091825575.0;1.0;1.0
;US-SD;1941;p99p100;119295.0;;0.1037;0.1037
;US-SD;1941;p99.9p100;328474.31;;0.0286;0.0286
;US-SD;1941;p99.99p100;795357.0;;0.0068999999;0.0068999999
;US-SD;1941;p90p100;46245.898;;0.4021;0.4021
;US-SD;1941;p90p95;33253.199;;0.1446;0.1446
;US-SD;1941;p95p99;44370.102;;0.1543;0.1543
;US-SD;1941;p99.5p99.9;122090.8;;0.0425;0.0425
;US-SD;1941;p99.9p99.99;276011.91;;0.021600001;0.021600001
;US-SD;1941;p99p99.5;74950.297;;0.032600001;0.032600001
;US-SD;1941;p95p100;59446.699;;0.25839999;0.25839999
;US-SD;1941;p0p90;7636.8999;;0.59759998;0.59759998
;US-SD;1941;p0p99;10412.9;;0.89630002;0.89630002
;US-SD;1941;p99.5p100;163507.8;;0.071099997;0.071099997
;US-SD;1940;p0p100;2303392.8;2587699361.0;1.0;1.0
;US-SD;1940;p99p100;106085.6;;0.1108;0.1108
;US-SD;1940;p99.9p100;295120.41;;0.0308;0.0308
;US-SD;1940;p99.99p100;707067.88;;0.0074;0.0074
;US-SD;1940;p90p100;38450.5;;0.40149999;0.40149999
;US-SD;1940;p90p95;23539.699;;0.1229;0.1229
;US-SD;1940;p95p99;40068.0;;0.1674;0.1674
;US-SD;1940;p99.5p99.9;109661.0;;0.0458;0.0458
;US-SD;1940;p99.9p99.99;248821.8;;0.023399999;0.023399999
;US-SD;1940;p99p99.5;65164.199;;0.034000002;0.034000002
;US-SD;1940;p95p100;53349.301;;0.27860001;0.27860001
;US-SD;1940;p0p90;6374.3999;;0.59909999;0.59909999
;US-SD;1940;p0p99;8600.9004;;0.88919997;0.88919997
;US-SD;1940;p99.5p100;146880.91;;0.076700002;0.076700002
;US-SD;1939;p0p100;2276868.5;2500059157.0;1.0;1.0
;US-SD;1939;p99p100;101918.9;;0.1098;0.1098
;US-SD;1939;p99.9p100;286832.5;;0.0309;0.0309
;US-SD;1939;p99.99p100;718242.31;;0.0077;0.0077
;US-SD;1939;p90p100;30182.699;;0.32499999;0.32499999
;US-SD;1939;p90p95;14953.3;;0.080499999;0.080499999
;US-SD;1939;p95p99;30908.5;;0.1331;0.1331
;US-SD;1939;p99.5p99.9;101912.2;;0.043900002;0.043900002
;US-SD;1939;p99.9p99.99;238693.09;;0.0231;0.0231
;US-SD;1939;p99p99.5;64737.602;;0.034899998;0.034899998
;US-SD;1939;p95p100;45140.102;;0.2431;0.2431
;US-SD;1939;p0p90;6982.2998;;0.6767;0.6767
;US-SD;1939;p0p99;8350.4004;;0.89020002;0.89020002
;US-SD;1939;p99.5p100;138981.2;;0.0748;0.0748
;US-SD;1938;p0p100;2025235.0;2283034328.0;1.0;1.0
;US-SD;1938;p99p100;91848.5;;0.1081;0.1081
;US-SD;1938;p99.9p100;247330.59;;0.029100001;0.029100001
;US-SD;1938;p99.99p100;567838.88;;0.0066999998;0.0066999998
;US-SD;1938;p90p100;27726.699;;0.32620001;0.32620001
;US-SD;1938;p90p95;15376.6;;0.090499997;0.090499997
;US-SD;1938;p95p99;26902.6;;0.1266;0.1266
;US-SD;1938;p99.5p99.9;92721.5;;0.0436;0.0436
;US-SD;1938;p99.9p99.99;210493.91;;0.022299999;0.022299999
;US-SD;1938;p99p99.5;59614.301;;0.035100002;0.035100002
;US-SD;1938;p95p100;39916.898;;0.2348;0.2348
;US-SD;1938;p0p90;6377.3999;;0.6753;0.6753
;US-SD;1938;p0p99;7657.8999;;0.8919;0.8919
;US-SD;1938;p99.5p100;123883.9;;0.072899997;0.072899997
;US-SD;1937;p0p100;1949850.3;2277770139.0;1.0;1.0
;US-SD;1937;p99p100;89831.203;;0.1057;0.1057
;US-SD;1937;p99.9p100;241430.59;;0.0284;0.0284
;US-SD;1937;p99.99p100;544391.88;;0.0063999998;0.0063999998
;US-SD;1937;p90p100;26340.4;;0.31;0.31
;US-SD;1937;p90p95;13948.1;;0.082099997;0.082099997
;US-SD;1937;p95p99;25882.4;;0.1218;0.1218
;US-SD;1937;p99.5p99.9;90887.102;;0.042800002;0.042800002
;US-SD;1937;p99.9p99.99;207797.59;;0.022;0.022
;US-SD;1937;p99p99.5;58671.801;;0.034499999;0.034499999
;US-SD;1937;p95p100;38666.301;;0.22750001;0.22750001
;US-SD;1937;p0p90;6517.2998;;0.69029999;0.69029999
;US-SD;1937;p0p99;7675.0;;0.89429998;0.89429998
;US-SD;1937;p99.5p100;120995.0;;0.071199998;0.071199998
;US-SD;1936;p0p100;1659509.4;1805400447.0;1.0;1.0
;US-SD;1936;p99p100;99311.297;;0.14740001;0.14740001
;US-SD;1936;p99.9p100;275182.31;;0.040899999;0.040899999
;US-SD;1936;p99.99p100;639970.38;;0.0094999997;0.0094999997
;US-SD;1936;p90p100;28079.4;;0.41690001;0.41690001
;US-SD;1936;p90p95;15556.4;;0.1155;0.1155
;US-SD;1936;p95p99;26362.5;;0.1566;0.1566
;US-SD;1936;p99.5p99.9;101193.7;;0.0601;0.0601
;US-SD;1936;p99.9p99.99;234673.5;;0.031399999;0.031399999
;US-SD;1936;p99p99.5;62641.801;;0.046500001;0.046500001
;US-SD;1936;p95p100;40960.398;;0.30410001;0.30410001
;US-SD;1936;p0p90;4344.7002;;0.58050001;0.58050001
;US-SD;1936;p0p99;5800.6001;;0.85259998;0.85259998
;US-SD;1936;p99.5p100;135989.09;;0.1009;0.1009
;US-SD;1935;p0p100;2274793.3;2426292150.0;1.0;1.0
;US-SD;1935;p99p100;93243.203;;0.103;0.103
;US-SD;1935;p99.9p100;259317.5;;0.0286;0.0286
;US-SD;1935;p99.99p100;692009.63;;0.0076000001;0.0076000001
;US-SD;1935;p90p100;27247.0;;0.30090001;0.30090001
;US-SD;1935;p90p95;16307.6;;0.090000004;0.090000004
;US-SD;1935;p95p99;25110.301;;0.1109;0.1109
;US-SD;1935;p99.5p99.9;93648.203;;0.0414;0.0414
;US-SD;1935;p99.9p99.99;211256.0;;0.021;0.021
;US-SD;1935;p99p99.5;59722.301;;0.033;0.033
;US-SD;1935;p95p100;38696.0;;0.2137;0.2137
;US-SD;1935;p0p90;7004.0;;0.6961;0.6961
;US-SD;1935;p0p99;8205.5;;0.89700001;0.89700001
;US-SD;1935;p99.5p100;126775.7;;0.07;0.07
;US-SD;1934;p0p100;1497200.4;1518631138.0;1.0;1.0
;US-SD;1934;p99p100;83787.898;;0.1477;0.1477
;US-SD;1934;p99.9p100;214572.2;;0.037799999;0.037799999
;US-SD;1934;p99.99p100;535067.38;;0.0093999999;0.0093999999
;US-SD;1934;p90p100;24991.4;;0.44049999;0.44049999
;US-SD;1934;p90p95;15170.6;;0.1337;0.1337
;US-SD;1934;p95p99;23519.4;;0.16580001;0.16580001
;US-SD;1934;p99.5p99.9;85179.602;;0.0601;0.0601
;US-SD;1934;p99.9p99.99;178979.5;;0.0284;0.0284
;US-SD;1934;p99p99.5;56506.602;;0.049800001;0.049800001
;US-SD;1934;p95p100;35512.5;;0.31299999;0.31299999
;US-SD;1934;p0p90;3485.2;;0.5528;0.5528
;US-SD;1934;p0p99;4884.7998;;0.85229999;0.85229999
;US-SD;1934;p99.5p100;111049.8;;0.097900003;0.097900003
;US-SD;1933;p0p100;1198284.9;1137495685.0;1.0;1.0
;US-SD;1933;p99p100;75493.203;;0.1776;0.1776
;US-SD;1933;p99.9p100;204381.8;;0.048099998;0.048099998
;US-SD;1933;p99.99p100;560336.19;;0.0132;0.0132
;US-SD;1933;p90p100;22926.301;;0.53930002;0.53930002
;US-SD;1933;p90p95;15698.2;;0.1846;0.1846
;US-SD;1933;p95p99;20433.5;;0.19230001;0.19230001
;US-SD;1933;p99.5p99.9;72428.203;;0.068099998;0.068099998
;US-SD;1933;p99.9p99.99;164831.41;;0.034899998;0.034899998
;US-SD;1933;p99p99.5;52167.398;;0.0614;0.0614
;US-SD;1933;p95p100;31405.199;;0.36939999;0.36939999
;US-SD;1933;p0p90;2104.7;;0.44549999;0.44549999
;US-SD;1933;p0p99;3531.8;;0.82239997;0.82239997
;US-SD;1933;p99.5p100;98818.898;;0.1162;0.1162
;US-SD;1932;p0p100;1459797.0;1539937282.0;1.0;1.0
;US-SD;1932;p99p100;73274.0;;0.12729999;0.12729999
;US-SD;1932;p99.9p100;177860.7;;0.0309;0.0309
;US-SD;1932;p99.99p100;433465.69;;0.0074999998;0.0074999998
;US-SD;1932;p90p100;24277.199;;0.42179999;0.42179999
;US-SD;1932;p90p95;17877.801;;0.15530001;0.15530001
;US-SD;1932;p95p99;22020.0;;0.153;0.153
;US-SD;1932;p99.5p99.9;71424.102;;0.049600001;0.049600001
;US-SD;1932;p99.9p99.99;149460.09;;0.023399999;0.023399999
;US-SD;1932;p99p99.5;53836.5;;0.046799999;0.046799999
;US-SD;1932;p95p100;32206.301;;0.2798;0.2798
;US-SD;1932;p0p90;3608.3999;;0.5643;0.5643
;US-SD;1932;p0p99;5073.0;;0.87269998;0.87269998
;US-SD;1932;p99.5p100;92711.5;;0.080499999;0.080499999
;US-SD;1931;p0p100;1325226.8;1737009705.0;1.0;1.0
;US-SD;1931;p99p100;88705.297;;0.1366;0.1366
;US-SD;1931;p99.9p100;231725.41;;0.035700001;0.035700001
;US-SD;1931;p99.99p100;566188.81;;0.0087000001;0.0087000001
;US-SD;1931;p90p100;25827.699;;0.39770001;0.39770001
;US-SD;1931;p90p95;18688.699;;0.14390001;0.14390001
;US-SD;1931;p95p99;21332.699;;0.1314;0.1314
;US-SD;1931;p99.5p99.9;89720.102;;0.055300001;0.055300001
;US-SD;1931;p99.9p99.99;194562.7;;0.027000001;0.027000001
;US-SD;1931;p99p99.5;59289.5;;0.045600001;0.045600001
;US-SD;1931;p95p100;34863.199;;0.26840001;0.26840001
;US-SD;1931;p0p90;4243.7998;;0.58810002;0.58810002
;US-SD;1931;p0p99;5663.7998;;0.86339998;0.86339998
;US-SD;1931;p99.5p100;118121.2;;0.090899996;0.090899996
;US-SD;1930;p0p100;1562457.1;2457953263.0;1.0;1.0
;US-SD;1930;p99p100;96783.297;;0.1051;0.1051
;US-SD;1930;p99.9p100;246233.8;;0.026699999;0.026699999
;US-SD;1930;p99.99p100;613200.69;;0.0066999998;0.0066999998
;US-SD;1930;p90p100;27730.699;;0.3012;0.3012
;US-SD;1930;p90p95;16697.6;;0.090700001;0.090700001
;US-SD;1930;p95p99;25581.6;;0.1112;0.1112
;US-SD;1930;p99.5p99.9;100040.8;;0.043499999;0.043499999
;US-SD;1930;p99.9p99.99;205459.7;;0.020099999;0.020099999
;US-SD;1930;p99p99.5;64287.301;;0.034899998;0.034899998
;US-SD;1930;p95p100;39672.898;;0.2155;0.2155
;US-SD;1930;p0p90;7088.5;;0.69300002;0.69300002
;US-SD;1930;p0p99;8321.0;;0.89490002;0.89490002
;US-SD;1930;p99.5p100;129279.4;;0.070200004;0.070200004
;US-SD;1929;p0p100;1747128.4;2880671993.0;1.0;1.0
;US-SD;1929;p99p100;118464.5;;0.1093;0.1093
;US-SD;1929;p99.9p100;367473.09;;0.0339;0.0339
;US-SD;1929;p99.99p100;1419834.1;;0.0131;0.0131
;US-SD;1929;p90p100;30017.0;;0.27700001;0.27700001
;US-SD;1929;p90p95;14680.3;;0.067699999;0.067699999
;US-SD;1929;p95p99;28105.5;;0.1037;0.1037
;US-SD;1929;p99.5p99.9;114649.0;;0.042300001;0.042300001
;US-SD;1929;p99.9p99.99;250544.09;;0.0208;0.0208
;US-SD;1929;p99p99.5;71715.297;;0.033100002;0.033100002
;US-SD;1929;p95p100;46030.801;;0.2124;0.2124
;US-SD;1929;p0p90;8658.9004;;0.71920002;0.71920002
;US-SD;1929;p0p99;9748.7998;;0.89069998;0.89069998
;US-SD;1929;p99.5p100;165213.8;;0.076200001;0.076200001
;US-SD;1928;p0p100;1702285.8;2795108665.0;1.0;1.0
;US-SD;1928;p99p100;109784.1;;0.104;0.104
;US-SD;1928;p99.9p100;296901.59;;0.028100001;0.028100001
;US-SD;1928;p99.99p100;781454.19;;0.0074;0.0074
;US-SD;1928;p90p100;29328.801;;0.27779999;0.27779999
;US-SD;1928;p90p95;14784.6;;0.07;0.07
;US-SD;1928;p95p99;28714.301;;0.1088;0.1088
;US-SD;1928;p99.5p99.9;112147.9;;0.0425;0.0425
;US-SD;1928;p99.9p99.99;243062.5;;0.0207;0.0207
;US-SD;1928;p99p99.5;70469.602;;0.033399999;0.033399999
;US-SD;1928;p95p100;44737.699;;0.2119;0.2119
;US-SD;1928;p0p90;8413.5;;0.71719998;0.71719998
;US-SD;1928;p0p99;9555.5;;0.89600003;0.89600003
;US-SD;1928;p99.5p100;149098.59;;0.070600003;0.070600003
;US-SD;1927;p0p100;1585198.9;2657893729.0;1.0;1.0
;US-SD;1927;p99p100;96405.703;;0.095399998;0.095399998
;US-SD;1927;p99.9p100;249188.41;;0.024700001;0.024700001
;US-SD;1927;p99.99p100;587050.5;;0.0057999999;0.0057999999
;US-SD;1927;p90p100;27602.1;;0.27320001;0.27320001
;US-SD;1927;p90p95;14894.7;;0.073700003;0.073700003
;US-SD;1927;p95p99;27499.6;;0.1089;0.1089
;US-SD;1927;p99.5p99.9;98930.703;;0.0392;0.0392
;US-SD;1927;p99.9p99.99;211648.2;;0.0189;0.0189
;US-SD;1927;p99p99.5;63829.102;;0.031599998;0.031599998
;US-SD;1927;p95p100;41105.5;;0.2035;0.2035
;US-SD;1927;p0p90;8103.2998;;0.722;0.722
;US-SD;1927;p0p99;9230.0;;0.90460002;0.90460002
;US-SD;1927;p99.5p100;128982.2;;0.0638;0.0638
;US-SD;1926;p0p100;1505795.3;2602325185.0;1.0;1.0
;US-SD;1926;p99p100;92011.398;;0.092299998;0.092299998
;US-SD;1926;p99.9p100;250096.7;;0.0251;0.0251
;US-SD;1926;p99.99p100;648462.81;;0.0065000001;0.0065000001
;US-SD;1926;p90p100;28225.199;;0.28310001;0.28310001
;US-SD;1926;p90p95;15692.4;;0.078699999;0.078699999
;US-SD;1926;p95p99;29142.199;;0.1169;0.1169
;US-SD;1926;p99.5p99.9;91462.797;;0.036699999;0.036699999
;US-SD;1926;p99.9p99.99;205833.91;;0.0186;0.0186
;US-SD;1926;p99p99.5;60833.301;;0.0305;0.0305
;US-SD;1926;p95p100;41546.699;;0.2084;0.2084
;US-SD;1926;p0p90;7886.6001;;0.71200001;0.71200001
;US-SD;1926;p0p99;9139.7002;;0.9077;0.9077
;US-SD;1926;p99.5p100;123189.6;;0.061799999;0.061799999
;US-SD;1925;p0p100;1531708.3;2577912463.0;1.0;1.0
;US-SD;1925;p99p100;95935.398;;0.0964;0.0964
;US-SD;1925;p99.9p100;237199.41;;0.023800001;0.023800001
;US-SD;1925;p99.99p100;543151.63;;0.0055;0.0055
;US-SD;1925;p90p100;36137.0;;0.36320001;0.36320001
;US-SD;1925;p90p95;21639.4;;0.1087;0.1087
;US-SD;1925;p95p99;41617.801;;0.1673;0.1673
;US-SD;1925;p99.5p99.9;97491.0;;0.0392;0.0392
;US-SD;1925;p99.9p99.99;203204.7;;0.0184;0.0184
;US-SD;1925;p99p99.5;66438.203;;0.033399999;0.033399999
;US-SD;1925;p95p100;52138.801;;0.26199999;0.26199999
;US-SD;1925;p0p90;6937.2002;;0.6275;0.6275
;US-SD;1925;p0p99;9081.0;;0.90359998;0.90359998
;US-SD;1925;p99.5p100;125432.6;;0.063000001;0.063000001
;US-SD;1924;p0p100;1541991.5;2445811201.0;1.0;1.0
;US-SD;1924;p99p100;87968.102;;0.092299998;0.092299998
;US-SD;1924;p99.9p100;226103.8;;0.023700001;0.023700001
;US-SD;1924;p99.99p100;582479.69;;0.0060999999;0.0060999999
;US-SD;1924;p90p100;36131.102;;0.3793;0.3793
;US-SD;1924;p90p95;23865.9;;0.12530001;0.12530001
;US-SD;1924;p95p99;38912.199;;0.16339999;0.16339999
;US-SD;1924;p99.5p99.9;86869.5;;0.036499999;0.036499999
;US-SD;1924;p99.9p99.99;186506.5;;0.0176;0.0176
;US-SD;1924;p99p99.5;61219.801;;0.032099999;0.032099999
;US-SD;1924;p95p100;48723.398;;0.25569999;0.25569999
;US-SD;1924;p0p90;6552.1001;;0.61900002;0.61900002
;US-SD;1924;p0p99;8734.0996;;0.9077;0.9077
;US-SD;1924;p99.5p100;114716.4;;0.060199998;0.060199998
;US-SD;1923;p0p100;1555628.3;2425060622.0;1.0;1.0
;US-SD;1923;p99p100;80094.0;;0.083700001;0.083700001
;US-SD;1923;p99.9p100;204626.7;;0.021400001;0.021400001
;US-SD;1923;p99.99p100;488420.91;;0.0051000002;0.0051000002
;US-SD;1923;p90p100;29731.6;;0.31060001;0.31060001
;US-SD;1923;p90p95;16243.6;;0.084799998;0.084799998
;US-SD;1923;p95p99;33972.398;;0.1419;0.1419
;US-SD;1923;p99.5p99.9;79648.398;;0.033300001;0.033300001
;US-SD;1923;p99.9p99.99;173095.09;;0.0163;0.0163
;US-SD;1923;p99p99.5;55544.199;;0.028999999;0.028999999
;US-SD;1923;p95p100;43196.699;;0.2256;0.2256
;US-SD;1923;p0p90;7334.6001;;0.68949997;0.68949997
;US-SD;1923;p0p99;8860.7998;;0.9163;0.9163
;US-SD;1923;p99.5p100;104643.8;;0.054699998;0.054699998
;US-SD;1922;p0p100;1465671.5;2179874013.0;1.0;1.0
;US-SD;1922;p99p100;84538.297;;0.097099997;0.097099997
;US-SD;1922;p99.9p100;210050.2;;0.0241;0.0241
;US-SD;1922;p99.99p100;508566.91;;0.0057999999;0.0057999999
;US-SD;1922;p90p100;30662.801;;0.35229999;0.35229999
;US-SD;1922;p90p95;16867.4;;0.096900001;0.096900001
;US-SD;1922;p95p99;34462.602;;0.1584;0.1584
;US-SD;1922;p99.5p99.9;81874.703;;0.037599999;0.037599999
;US-SD;1922;p99.9p99.99;176881.7;;0.018300001;0.018300001
;US-SD;1922;p99p99.5;61566.801;;0.035399999;0.035399999
;US-SD;1922;p95p100;44477.699;;0.25549999;0.25549999
;US-SD;1922;p0p90;6263.7998;;0.6476;0.6476
;US-SD;1922;p0p99;7938.6001;;0.90289998;0.90289998
;US-SD;1922;p99.5p100;107509.8;;0.061799999;0.061799999
;US-SD;1921;p0p100;1118460.8;1880745789.0;1.0;1.0
;US-SD;1921;p99p100;77061.398;;0.1018;0.1018
;US-SD;1921;p99.9p100;188876.7;;0.024900001;0.024900001
;US-SD;1921;p99.99p100;414443.41;;0.0055;0.0055
;US-SD;1921;p90p100;27838.6;;0.36759999;0.36759999
;US-SD;1921;p90p95;15313.1;;0.1011;0.1011
;US-SD;1921;p95p99;31143.1;;0.1645;0.1645
;US-SD;1921;p99.5p99.9;75486.297;;0.039900001;0.039900001
;US-SD;1921;p99.9p99.99;163813.8;;0.0195;0.0195
;US-SD;1921;p99p99.5;55958.398;;0.036899999;0.036899999
;US-SD;1921;p95p100;40326.801;;0.26629999;0.26629999
;US-SD;1921;p0p90;5323.1001;;0.63260001;0.63260001
;US-SD;1921;p0p99;6870.8999;;0.89819998;0.89819998
;US-SD;1921;p99.5p100;98164.398;;0.064800002;0.064800002
;US-SD;1920;p0p100;1182098.3;2456405426.0;1.0;1.0
;US-SD;1920;p99p100;114300.5;;0.114;0.114
;US-SD;1920;p99.9p100;266022.19;;0.0265;0.0265
;US-SD;1920;p99.99p100;523981.0;;0.0052;0.0052
;US-SD;1920;p90p100;42512.102;;0.42390001;0.42390001
;US-SD;1920;p90p95;27319.801;;0.1362;0.1362
;US-SD;1920;p95p99;43819.801;;0.17479999;0.17479999
;US-SD;1920;p99.5p99.9;122524.5;;0.048900001;0.048900001
;US-SD;1920;p99.9p99.99;237360.0;;0.021299999;0.021299999
;US-SD;1920;p99p99.5;77376.898;;0.038600001;0.038600001
;US-SD;1920;p95p100;57916.0;;0.28870001;0.28870001
;US-SD;1920;p0p90;6408.1001;;0.5751;0.5751
;US-SD;1920;p0p99;8975.9004;;0.88599998;0.88599998
;US-SD;1920;p99.5p100;151224.0;;0.075400002;0.075400002
;US-SD;1919;p0p100;2725005.5;4176527676.0;1.0;1.0
;US-SD;1919;p99p100;147768.2;;0.0858;0.0858
;US-SD;1919;p99.9p100;349357.31;;0.020300001;0.020300001
;US-SD;1919;p99.99p100;716767.38;;0.0041999999;0.0041999999
;US-SD;1919;p90p100;60481.398;;0.35100001;0.35100001
;US-SD;1919;p90p95;43494.102;;0.12620001;0.12620001
;US-SD;1919;p95p99;61177.301;;0.142;0.142
;US-SD;1919;p99.5p99.9;151405.3;;0.035100002;0.035100002
;US-SD;1919;p99.9p99.99;309256.09;;0.0162;0.0162
;US-SD;1919;p99p99.5;103991.8;;0.030200001;0.030200001
;US-SD;1919;p95p100;78495.5;;0.2278;0.2278
;US-SD;1919;p0p90;12371.7;;0.6462;0.6462
;US-SD;1919;p0p99;15913.4;;0.91420001;0.91420001
;US-SD;1919;p99.5p100;191544.7;;0.055599999;0.055599999
;US-SD;1918;p0p100;3503808.0;4051869728.0;1.0;1.0
;US-SD;1918;p99p100;149218.3;;0.088799998;0.088799998
;US-SD;1918;p99.9p100;336498.91;;0.02;0.02
;US-SD;1918;p99.99p100;781844.31;;0.0046999999;0.0046999999
;US-SD;1918;p90p100;70606.297;;0.42039999;0.42039999
;US-SD;1918;p90p95;56378.5;;0.16779999;0.16779999
;US-SD;1918;p95p99;71956.602;;0.1714;0.1714
;US-SD;1918;p99.5p99.9;150425.91;;0.035799999;0.035799999
;US-SD;1918;p99.9p99.99;287023.91;;0.0154;0.0154
;US-SD;1918;p99p99.5;110799.5;;0.033;0.033
;US-SD;1918;p95p100;87408.5;;0.26019999;0.26019999
;US-SD;1918;p0p90;10673.8;;0.57200003;0.57200003
;US-SD;1918;p0p99;15458.2;;0.91119999;0.91119999
;US-SD;1918;p99.5p100;187638.5;;0.0559;0.0559
;US-SD;1917;p0p100;4979553.5;4209948015.0;1.0;1.0
;US-SD;1917;p99p100;141714.0;;0.081900001;0.081900001
;US-SD;1917;p99.9p100;346909.09;;0.02;0.02
;US-SD;1917;p99.99p100;855302.88;;0.0049000001;0.0049000001
;US-SD;1917;p90p100;67051.797;;0.38749999;0.38749999
;US-SD;1917;p90p95;58963.398;;0.17039999;0.17039999
