Variable Name;.;.;.;Fiscal income  | tax unit | Average | Adults | constant 2015 local currency;Fiscal income  | tax unit | Total | Adults | constant 2015 local currency;Fiscal income  | tax unit | Share | Adults | share of total (ratio);Pre-tax national income  | tax unit | Share | Adults | share of total (ratio)
Variable Category;.;.;.;Income inequality;Income inequality;Income inequality;Income inequality
Variable Description;.;.;.;Average Fiscal income within a given percentile group. Fiscal income is defined as the sum of all income items reported on income tax returns, before any deduction. It includes labour income, capital income and mixed income. The concept of fiscal income varies with national tax legislations, so in order to make international comparisons it is preferable to use the concept of national income. The population is comprised of individuals over age 20. The base unit is the tax unit defined by national fiscal administrations to measure personal income taxes.;Total Fiscal income  within a given percentile group. Fiscal income is defined as the sum of all income items reported on income tax returns, before any deduction. It includes labour income, capital income and mixed income. The concept of fiscal income varies with national tax legislations, so in order to make international comparisons it is preferable to use the concept of national income. The population is comprised of individuals over age 20.;Fiscal income share held by a given percentile group. Fiscal income is defined as the sum of all income items reported on income tax returns, before any deduction. It includes labour income, capital income and mixed income. The concept of fiscal income varies with national tax legislations, so in order to make international comparisons it is preferable to use the concept of national income. The population is comprised of individuals over age 20. The base unit is the tax unit defined by national fiscal administrations to measure personal income taxes.;Pre-tax national income share held by a given percentile group. Pre-tax national income  is the sum of all pre-tax personal income flows accruing to the owners of the production factors, labor and capital, before taking into account the operation of the tax/transfer system, but after taking into account the operation of pension system. The central difference between personal factor income and pre-tax income is the treatment of pensions, which are counted on a contribution basis by factor income and on a distribution basis by pre-tax income. The population is comprised of individuals over age 20. The base unit is the tax unit defined by national fiscal administrations to measure personal income taxes.
Variable Decomposition;.;.;.;[Fiscal income ]=[Fiscal labour income ]+[Fiscal capital income ];[Fiscal income ]=[Fiscal labour income ]+[Fiscal capital income ];[Fiscal income ]=[Fiscal labour income ]+[Fiscal capital income ];Pre-tax national income =Pre-tax labor income [total pre-tax income ranking]+Pre-tax capital income [total pre-tax income ranking]
Variable Unit;.;.;.;"USD; United States dollar | local currency | market";"USD; United States dollar | local currency | market";share;share
Methodological Notes;.;.;.;;;;Assuming the same distribution as fiscal income.
Sources;.;.;.;Frank, Sommeiller, Price & Saez (2015);Frank, Sommeiller, Price & Saez (2015);Frank, Sommeiller, Price & Saez (2015);WID.world computations using: Frank, Sommeiller, Price & Saez (2015)
Variable Code;country;year;perc;afiinc992t;mfiinc992t;sfiinc992t;sptinc992t
;US-MO;2015;p0p100;56515.699;1.75560935545e+11;1.0;1.0
;US-MO;2015;p99p100;1045000.0;;0.1849;0.1849
;US-MO;2015;p99.9p100;4874503.0;;0.086300001;0.086300001
;US-MO;2015;p99.99p100;21884540.0;;0.038699999;0.038699999
;US-MO;2015;p90p100;264094.31;;0.4673;0.4673
;US-MO;2015;p90p95;140177.7;;0.124;0.124
;US-MO;2015;p95p99;222880.3;;0.1577;0.1577
;US-MO;2015;p99.5p99.9;846421.88;;0.059900001;0.059900001
;US-MO;2015;p99.9p99.99;2998108.8;;0.047699999;0.047699999
;US-MO;2015;p99p99.5;437235.81;;0.038699999;0.038699999
;US-MO;2015;p95p100;387521.41;;0.34279999;0.34279999
;US-MO;2015;p0p90;33481.102;;0.53320003;0.53320003
;US-MO;2015;p0p99;46531.0;;0.81510001;0.81510001
;US-MO;2015;p99.5p100;1652102.1;;0.1462;0.1462
;US-MO;2014;p0p100;54648.0;1.69356545617e+11;1.0;1.0
;US-MO;2014;p99p100;972895.81;;0.1785;0.1785
;US-MO;2014;p99.9p100;4647285.5;;0.085199997;0.085199997
;US-MO;2014;p99.99p100;22508300.0;;0.041299999;0.041299999
;US-MO;2014;p90p100;249304.8;;0.45730001;0.45730001
;US-MO;2014;p90p95;135212.3;;0.124;0.124
;US-MO;2014;p95p99;210804.59;;0.1547;0.1547
;US-MO;2014;p99.5p99.9;768394.63;;0.056400001;0.056400001
;US-MO;2014;p99.9p99.99;2661230.0;;0.043900002;0.043900002
;US-MO;2014;p99p99.5;401762.41;;0.036800001;0.036800001
;US-MO;2014;p95p100;363183.59;;0.33309999;0.33309999
;US-MO;2014;p0p90;32885.898;;0.54290003;0.54290003
;US-MO;2014;p0p99;45241.898;;0.8215;0.8215
;US-MO;2014;p99.5p100;1544014.8;;0.1416;0.1416
;US-MO;2013;p0p100;53898.602;1.6365261782e+11;1.0;1.0
;US-MO;2013;p99p100;876605.38;;0.1684;0.1684
;US-MO;2013;p99.9p100;3865509.0;;0.074199997;0.074199997
;US-MO;2013;p99.99p100;17469098.0;;0.033599999;0.033599999
;US-MO;2013;p90p100;234790.3;;0.45089999;0.45089999
;US-MO;2013;p90p95;132381.09;;0.12710001;0.12710001
;US-MO;2013;p95p99;201907.0;;0.1551;0.1551
;US-MO;2013;p99.5p99.9;730996.0;;0.056200001;0.056200001
;US-MO;2013;p99.9p99.99;2356374.5;;0.0407;0.0407
;US-MO;2013;p99p99.5;395437.59;;0.037999999;0.037999999
;US-MO;2013;p95p100;336883.91;;0.32350001;0.32350001
;US-MO;2013;p0p90;31782.0;;0.54939997;0.54939997
;US-MO;2013;p0p99;43739.301;;0.83160001;0.83160001
;US-MO;2013;p99.5p100;1357972.3;;0.1304;0.1304
;US-MO;2012;p0p100;58114.699;1.68039513751e+11;1.0;1.0
;US-MO;2012;p99p100;1025525.8;;0.1881;0.1881
;US-MO;2012;p99.9p100;4862819.0;;0.089199997;0.089199997
;US-MO;2012;p99.99p100;22579592.0;;0.0414;0.0414
;US-MO;2012;p90p100;250433.41;;0.45919999;0.45919999
;US-MO;2012;p90p95;133594.5;;0.1225;0.1225
;US-MO;2012;p95p99;202197.7;;0.14830001;0.14830001
;US-MO;2012;p99.5p99.9;822943.19;;0.060400002;0.060400002
;US-MO;2012;p99.9p99.99;2910285.3;;0.048;0.048
;US-MO;2012;p99p99.5;420509.5;;0.038600001;0.038600001
;US-MO;2012;p95p100;366821.09;;0.33629999;0.33629999
;US-MO;2012;p0p90;32769.301;;0.54079998;0.54079998
;US-MO;2012;p0p99;44723.5;;0.81190002;0.81190002
;US-MO;2012;p99.5p100;1630657.4;;0.1495;0.1495
;US-MO;2011;p0p100;57307.801;1.57264913113e+11;1.0;1.0
;US-MO;2011;p99p100;848514.88;;0.1644;0.1644
;US-MO;2011;p99.9p100;3736921.0;;0.072400004;0.072400004
;US-MO;2011;p99.99p100;16693511.0;;0.032299999;0.032299999
;US-MO;2011;p90p100;228901.41;;0.44350001;0.44350001
;US-MO;2011;p90p95;131463.41;;0.12729999;0.12729999
;US-MO;2011;p95p99;195190.59;;0.1513;0.1513
;US-MO;2011;p99.5p99.9;710044.69;;0.055;0.055
;US-MO;2011;p99.9p99.99;2300974.8;;0.040100001;0.040100001
;US-MO;2011;p99p99.5;381512.91;;0.037;0.037
;US-MO;2011;p95p100;325827.5;;0.31560001;0.31560001
;US-MO;2011;p0p90;31941.301;;0.55690002;0.55690002
;US-MO;2011;p0p99;43566.5;;0.83560002;0.83560002
;US-MO;2011;p99.5p100;1315765.9;;0.1275;0.1275
;US-MO;2010;p0p100;62164.602;1.58761933265e+11;1.0;1.0
;US-MO;2010;p99p100;867544.13;;0.1649;0.1649
;US-MO;2010;p99.9p100;3993123.8;;0.075900003;0.075900003
;US-MO;2010;p99.99p100;19109840.0;;0.0363;0.0363
;US-MO;2010;p90p100;229825.0;;0.4368;0.4368
;US-MO;2010;p90p95;132165.0;;0.1256;0.1256
;US-MO;2010;p95p99;191597.91;;0.14569999;0.14569999
;US-MO;2010;p99.5p99.9;701336.63;;0.053300001;0.053300001
;US-MO;2010;p99.9p99.99;2312955.8;;0.0396;0.0396
;US-MO;2010;p99p99.5;375236.59;;0.035700001;0.035700001
;US-MO;2010;p95p100;326764.69;;0.3105;0.3105
;US-MO;2010;p0p90;32966.699;;0.56389999;0.56389999
;US-MO;2010;p0p99;44384.699;;0.8351;0.8351
;US-MO;2010;p99.5p100;1360219.4;;0.1293;0.1293
;US-MO;2009;p0p100;63750.199;1.55636776826e+11;1.0;1.0
;US-MO;2009;p99p100;773710.31;;0.1481;0.1481
;US-MO;2009;p99.9p100;3309381.5;;0.0634;0.0634
;US-MO;2009;p99.99p100;14514854.0;;0.027799999;0.027799999
;US-MO;2009;p90p100;218753.59;;0.4188;0.4188
;US-MO;2009;p90p95;131274.09;;0.1257;0.1257
;US-MO;2009;p95p99;188266.7;;0.1442;0.1442
;US-MO;2009;p99.5p99.9;644136.5;;0.0493;0.0493
;US-MO;2009;p99.9p99.99;2035975.3;;0.035100002;0.035100002
;US-MO;2009;p99p99.5;360318.91;;0.034499999;0.034499999
;US-MO;2009;p95p100;305508.5;;0.29249999;0.29249999
;US-MO;2009;p0p90;33860.5;;0.58350003;0.58350003
;US-MO;2009;p0p99;44943.199;;0.85189998;0.85189998
;US-MO;2009;p99.5p100;1184152.0;;0.1134;0.1134
;US-MO;2008;p0p100;68237.797;1.67921172008e+11;1.0;1.0
;US-MO;2008;p99p100;1055332.8;;0.1874;0.1874
;US-MO;2008;p99.9p100;5196399.0;;0.092299998;0.092299998
;US-MO;2008;p99.99p100;24943834.0;;0.044300001;0.044300001
;US-MO;2008;p90p100;253993.7;;0.45109999;0.45109999
;US-MO;2008;p90p95;136971.91;;0.1216;0.1216
;US-MO;2008;p95p99;198725.7;;0.14120001;0.14120001
;US-MO;2008;p99.5p99.9;818347.13;;0.0581;0.0581
;US-MO;2008;p99.9p99.99;2997491.0;;0.047899999;0.047899999
;US-MO;2008;p99p99.5;414558.81;;0.036800001;0.036800001
;US-MO;2008;p95p100;370150.81;;0.32870001;0.32870001
;US-MO;2008;p0p90;34412.801;;0.55000001;0.55000001
;US-MO;2008;p0p99;46216.301;;0.81260002;0.81260002
;US-MO;2008;p99.5p100;1695378.5;;0.1505;0.1505
;US-MO;2007;p0p100;78608.898;1.77430847626e+11;1.0;1.0
;US-MO;2007;p99p100;1152918.4;;0.1917;0.1917
;US-MO;2007;p99.9p100;5659812.5;;0.094099998;0.094099998
;US-MO;2007;p99.99p100;26159840.0;;0.043499999;0.043499999
;US-MO;2007;p90p100;268501.0;;0.4463;0.4463
;US-MO;2007;p90p95;139563.8;;0.116;0.116
;US-MO;2007;p95p99;205655.3;;0.1367;0.1367
;US-MO;2007;p99.5p99.9;897250.81;;0.059700001;0.059700001
;US-MO;2007;p99.9p99.99;3360449.5;;0.050299998;0.050299998
;US-MO;2007;p99p99.5;439882.5;;0.036600001;0.036600001
;US-MO;2007;p95p100;396146.31;;0.32929999;0.32929999
;US-MO;2007;p0p90;37248.801;;0.55729997;0.55729997
;US-MO;2007;p0p99;49119.199;;0.80830002;0.80830002
;US-MO;2007;p99.5p100;1859864.8;;0.15459999;0.15459999
;US-MO;2006;p0p100;80225.797;1.70113732464e+11;1.0;1.0
;US-MO;2006;p99p100;1044352.4;;0.17990001;0.17990001
;US-MO;2006;p99.9p100;4898886.5;;0.084399998;0.084399998
;US-MO;2006;p99.99p100;21325346.0;;0.036699999;0.036699999
;US-MO;2006;p90p100;252955.41;;0.4357;0.4357
;US-MO;2006;p90p95;136237.0;;0.1173;0.1173
;US-MO;2006;p95p99;198300.59;;0.1366;0.1366
;US-MO;2006;p99.5p99.9;843633.81;;0.0581;0.0581
;US-MO;2006;p99.9p99.99;3065391.5;;0.047499999;0.047499999
;US-MO;2006;p99p99.5;419583.69;;0.0361;0.0361
;US-MO;2006;p95p100;368357.81;;0.31729999;0.31729999
;US-MO;2006;p0p90;36606.898;;0.5675;0.5675
;US-MO;2006;p0p99;48091.301;;0.82010001;0.82010001
;US-MO;2006;p99.5p100;1663475.3;;0.1433;0.1433
;US-MO;2005;p0p100;83571.898;1.64313594127e+11;1.0;1.0
;US-MO;2005;p99p100;979200.5;;0.1727;0.1727
;US-MO;2005;p99.9p100;4548493.0;;0.080200002;0.080200002
;US-MO;2005;p99.99p100;19681206.0;;0.034699999;0.034699999
;US-MO;2005;p90p100;241843.59;;0.42660001;0.42660001
;US-MO;2005;p90p95;123757.3;;0.1091;0.1091
;US-MO;2005;p95p99;203028.8;;0.1432;0.1432
;US-MO;2005;p99.5p99.9;793632.38;;0.056000002;0.056000002
;US-MO;2005;p99.9p99.99;2860613.0;;0.045400001;0.045400001
;US-MO;2005;p99p99.5;401944.19;;0.035399999;0.035399999
;US-MO;2005;p95p100;358964.59;;0.31659999;0.31659999
;US-MO;2005;p0p90;36289.5;;0.57609999;0.57609999
;US-MO;2005;p0p99;47378.301;;0.82730001;0.82730001
;US-MO;2005;p99.5p100;1552091.3;;0.13689999;0.13689999
;US-MO;2004;p0p100;88274.898;1.58906186762e+11;1.0;1.0
;US-MO;2004;p99p100;872307.38;;0.1556;0.1556
;US-MO;2004;p99.9p100;3859346.5;;0.068800002;0.068800002
;US-MO;2004;p99.99p100;16347059.0;;0.029200001;0.029200001
;US-MO;2004;p90p100;228950.8;;0.4084;0.4084
;US-MO;2004;p90p95;120503.7;;0.1075;0.1075
;US-MO;2004;p95p99;202345.7;;0.1444;0.1444
;US-MO;2004;p99.5p99.9;723189.38;;0.051600002;0.051600002
;US-MO;2004;p99.9p99.99;2458521.0;;0.039500002;0.039500002
;US-MO;2004;p99p99.5;383859.09;;0.034200002;0.034200002
;US-MO;2004;p95p100;336686.41;;0.3003;0.3003
;US-MO;2004;p0p90;36985.0;;0.59369999;0.59369999
;US-MO;2004;p0p99;47820.0;;0.84439999;0.84439999
;US-MO;2004;p99.5p100;1357368.3;;0.1211;0.1211
;US-MO;2003;p0p100;88150.297;1.49785869541e+11;1.0;1.0
;US-MO;2003;p99p100;769071.0;;0.14489999;0.14489999
;US-MO;2003;p99.9p100;3229392.3;;0.060800001;0.060800001
;US-MO;2003;p99.99p100;13411072.0;;0.0253;0.0253
;US-MO;2003;p90p100;216048.41;;0.40700001;0.40700001
;US-MO;2003;p90p95;123713.6;;0.1165;0.1165
;US-MO;2003;p95p99;192279.59;;0.14489999;0.14489999
;US-MO;2003;p99.5p99.9;656706.5;;0.0495;0.0495
;US-MO;2003;p99.9p99.99;2084441.3;;0.035300002;0.035300002
;US-MO;2003;p99p99.5;360215.69;;0.0339;0.0339
;US-MO;2003;p95p100;308010.0;;0.29010001;0.29010001
;US-MO;2003;p0p90;35062.301;;0.59450001;0.59450001
;US-MO;2003;p0p99;45845.699;;0.85509998;0.85509998
;US-MO;2003;p99.5p100;1175866.0;;0.1108;0.1108
;US-MO;2002;p0p100;93147.297;1.47707691518e+11;1.0;1.0
;US-MO;2002;p99p100;775181.5;;0.1445;0.1445
;US-MO;2002;p99.9p100;3207257.5;;0.059799999;0.059799999
;US-MO;2002;p99.99p100;13048071.0;;0.0243;0.0243
;US-MO;2002;p90p100;218323.3;;0.4068;0.4068
;US-MO;2002;p90p95;125439.3;;0.1169;0.1169
;US-MO;2002;p95p99;194643.59;;0.1451;0.1451
;US-MO;2002;p99.5p99.9;669976.19;;0.049899999;0.049899999
;US-MO;2002;p99.9p99.99;2106276.5;;0.035300002;0.035300002
;US-MO;2002;p99p99.5;368725.09;;0.034400001;0.034400001
;US-MO;2002;p95p100;310961.09;;0.2897;0.2897
;US-MO;2002;p0p90;35423.898;;0.5941;0.5941
;US-MO;2002;p0p99;46375.199;;0.85549998;0.85549998
;US-MO;2002;p99.5p100;1180385.3;;0.11;0.11
;US-MO;2001;p0p100;100550.1;1.52510820893e+11;1.0;1.0
;US-MO;2001;p99p100;846227.38;;0.1508;0.1508
;US-MO;2001;p99.9p100;3535865.3;;0.063000001;0.063000001
;US-MO;2001;p99.99p100;14618134.0;;0.0261;0.0261
;US-MO;2001;p90p100;229951.3;;0.40990001;0.40990001
;US-MO;2001;p90p95;128374.9;;0.1144;0.1144
;US-MO;2001;p95p99;202200.5;;0.1442;0.1442
;US-MO;2001;p99.5p99.9;725209.88;;0.0517;0.0517
;US-MO;2001;p99.9p99.99;2309117.5;;0.037;0.037
;US-MO;2001;p99p99.5;404082.5;;0.035999998;0.035999998
;US-MO;2001;p95p100;331197.81;;0.29519999;0.29519999
;US-MO;2001;p0p90;36814.301;;0.59060001;0.59060001
;US-MO;2001;p0p99;48119.898;;0.84920001;0.84920001
;US-MO;2001;p99.5p100;1288919.3;;0.1149;0.1149
;US-MO;2000;p0p100;113582.8;1.62065263912e+11;1.0;1.0
;US-MO;2000;p99p100;1007930.3;;0.1681;0.1681
;US-MO;2000;p99.9p100;4650067.0;;0.077600002;0.077600002
;US-MO;2000;p99.99p100;20317902.0;;0.0339;0.0339
;US-MO;2000;p90p100;252165.5;;0.4206;0.4206
;US-MO;2000;p90p95;131265.91;;0.1095;0.1095
;US-MO;2000;p95p99;212644.09;;0.1419;0.1419
;US-MO;2000;p99.5p99.9;809195.19;;0.054000001;0.054000001
;US-MO;2000;p99.9p99.99;2919139.0;;0.0438;0.0438
;US-MO;2000;p99p99.5;432345.59;;0.0361;0.0361
;US-MO;2000;p95p100;372370.69;;0.3105;0.3105
;US-MO;2000;p0p90;38702.199;;0.58090001;0.58090001
;US-MO;2000;p0p99;50383.102;;0.8319;0.8319
;US-MO;2000;p99.5p100;1581821.4;;0.1319;0.1319
;US-MO;1999;p0p100;117966.3;1.56067238957e+11;1.0;1.0
;US-MO;1999;p99p100;951270.31;;0.16320001;0.16320001
;US-MO;1999;p99.9p100;4223344.0;;0.072400004;0.072400004
;US-MO;1999;p99.99p100;17633146.0;;0.030200001;0.030200001
;US-MO;1999;p90p100;244637.7;;0.41960001;0.41960001
;US-MO;1999;p90p95;130263.2;;0.1117;0.1117
;US-MO;1999;p95p99;210385.59;;0.1443;0.1443
;US-MO;1999;p99.5p99.9;788670.13;;0.054099999;0.054099999
;US-MO;1999;p99.9p99.99;2746661.3;;0.042399999;0.042399999
;US-MO;1999;p99p99.5;425674.5;;0.036499999;0.036499999
;US-MO;1999;p95p100;358699.69;;0.30759999;0.30759999
;US-MO;1999;p0p90;37614.199;;0.58069998;0.58069998
;US-MO;1999;p0p99;49279.898;;0.83679998;0.83679998
;US-MO;1999;p99.5p100;1476783.0;;0.1267;0.1267
;US-MO;1998;p0p100;120474.6;1.48751554305e+11;1.0;1.0
;US-MO;1998;p99p100;921872.69;;0.16140001;0.16140001
;US-MO;1998;p99.9p100;4121631.0;;0.072099999;0.072099999
;US-MO;1998;p99.99p100;17211322.0;;0.030099999;0.030099999
;US-MO;1998;p90p100;236205.41;;0.41339999;0.41339999
;US-MO;1998;p90p95;126659.0;;0.1108;0.1108
;US-MO;1998;p95p99;201221.3;;0.1409;0.1409
;US-MO;1998;p99.5p99.9;759515.19;;0.053199999;0.053199999
;US-MO;1998;p99.9p99.99;2676737.5;;0.042199999;0.042199999
;US-MO;1998;p99p99.5;411142.91;;0.035999998;0.035999998
;US-MO;1998;p95p100;345515.09;;0.30239999;0.30239999
;US-MO;1998;p0p90;37250.301;;0.58679998;0.58679998
;US-MO;1998;p0p99;48396.301;;0.83859998;0.83859998
;US-MO;1998;p99.5p100;1432542.4;;0.12540001;0.12540001
;US-MO;1997;p0p100;119009.9;1.41825086191e+11;1.0;1.0
;US-MO;1997;p99p100;816021.31;;0.1487;0.1487
;US-MO;1997;p99.9p100;3423817.5;;0.062399998;0.062399998
;US-MO;1997;p99.99p100;13545273.0;;0.024700001;0.024700001
;US-MO;1997;p90p100;219712.7;;0.4003;0.4003
;US-MO;1997;p90p95;122303.7;;0.1114;0.1114
;US-MO;1997;p95p99;192111.8;;0.14;0.14
;US-MO;1997;p99.5p99.9;703420.31;;0.0513;0.0513
;US-MO;1997;p99.9p99.99;2308344.5;;0.037799999;0.037799999
;US-MO;1997;p99p99.5;383540.19;;0.034899998;0.034899998
;US-MO;1997;p95p100;316973.31;;0.28870001;0.28870001
;US-MO;1997;p0p90;36589.102;;0.59990001;0.59990001
;US-MO;1997;p0p99;47205.102;;0.8513;0.8513
;US-MO;1997;p99.5p100;1248252.5;;0.1137;0.1137
;US-MO;1996;p0p100;116666.3;1.32196056932e+11;1.0;1.0
;US-MO;1996;p99p100;744985.88;;0.1445;0.1445
;US-MO;1996;p99.9p100;3118991.3;;0.0605;0.0605
;US-MO;1996;p99.99p100;12712145.0;;0.024700001;0.024700001
;US-MO;1996;p90p100;206400.2;;0.4003;0.4003
;US-MO;1996;p90p95;118496.5;;0.1149;0.1149
;US-MO;1996;p95p99;181504.91;;0.1408;0.1408
;US-MO;1996;p99.5p99.9;644115.63;;0.050000001;0.050000001
;US-MO;1996;p99.9p99.99;2052230.3;;0.035799999;0.035799999
;US-MO;1996;p99p99.5;349531.19;;0.0339;0.0339
;US-MO;1996;p95p100;294226.81;;0.28529999;0.28529999
;US-MO;1996;p0p90;34369.602;;0.59990001;0.59990001
;US-MO;1996;p0p99;44555.699;;0.85549998;0.85549998
;US-MO;1996;p99.5p100;1140147.1;;0.1106;0.1106
;US-MO;1995;p0p100;116903.8;1.24992313588e+11;1.0;1.0
;US-MO;1995;p99p100;665830.31;;0.1358;0.1358
;US-MO;1995;p99.9p100;2622584.3;;0.0535;0.0535
;US-MO;1995;p99.99p100;10063526.0;;0.020500001;0.020500001
;US-MO;1995;p90p100;193561.2;;0.39489999;0.39489999
;US-MO;1995;p90p95;114215.5;;0.1165;0.1165
;US-MO;1995;p95p99;174644.0;;0.1425;0.1425
;US-MO;1995;p99.5p99.9;595113.31;;0.048599999;0.048599999
;US-MO;1995;p99.9p99.99;1795939.3;;0.033;0.033
;US-MO;1995;p99p99.5;330385.09;;0.0337;0.0337
;US-MO;1995;p95p100;272868.91;;0.27829999;0.27829999
;US-MO;1995;p0p90;32965.398;;0.60519999;0.60519999
;US-MO;1995;p0p99;42790.102;;0.8642;0.8642
;US-MO;1995;p99.5p100;1001171.1;;0.1021;0.1021
;US-MO;1994;p0p100;118121.8;1.20255038171e+11;1.0;1.0
;US-MO;1994;p99p100;616176.5;;0.1305;0.1305
;US-MO;1994;p99.9p100;2454884.8;;0.052000001;0.052000001
;US-MO;1994;p99.99p100;9817398.0;;0.0208;0.0208
;US-MO;1994;p90p100;181674.91;;0.3847;0.3847
;US-MO;1994;p90p95;107645.4;;0.114;0.114
;US-MO;1994;p95p99;165582.91;;0.1402;0.1402
;US-MO;1994;p99.5p99.9;545899.63;;0.0462;0.0462
;US-MO;1994;p99.9p99.99;1636453.4;;0.031199999;0.031199999
;US-MO;1994;p99p99.5;304515.81;;0.032200001;0.032200001
;US-MO;1994;p95p100;255693.59;;0.27070001;0.27070001
;US-MO;1994;p0p90;32292.199;;0.61540002;0.61540002
;US-MO;1994;p0p99;41482.301;;0.86949998;0.86949998
;US-MO;1994;p99.5p100;927818.38;;0.098200001;0.098200001
;US-MO;1993;p0p100;121426.9;1.16256409988e+11;1.0;1.0
;US-MO;1993;p99p100;601915.19;;0.1293;0.1293
;US-MO;1993;p99.9p100;2396736.0;;0.0515;0.0515
;US-MO;1993;p99.99p100;9590137.0;;0.0206;0.0206
;US-MO;1993;p90p100;179528.59;;0.38569999;0.38569999
;US-MO;1993;p90p95;108120.6;;0.1162;0.1162
;US-MO;1993;p95p99;163176.59;;0.1402;0.1402
;US-MO;1993;p99.5p99.9;535924.69;;0.046100002;0.046100002
;US-MO;1993;p99.9p99.99;1596810.4;;0.0309;0.0309
;US-MO;1993;p99p99.5;295496.19;;0.0317;0.0317
;US-MO;1993;p95p100;250908.7;;0.26949999;0.26949999
;US-MO;1993;p0p90;31769.1;;0.61430001;0.61430001
;US-MO;1993;p0p99;40932.699;;0.8707;0.8707
;US-MO;1993;p99.5p100;908278.88;;0.097599998;0.097599998
;US-MO;1992;p0p100;129926.6;1.15971786774e+11;1.0;1.0
;US-MO;1992;p99p100;629117.0;;0.1327;0.1327
;US-MO;1992;p99.9p100;2579086.5;;0.054400001;0.054400001
;US-MO;1992;p99.99p100;10502268.0;;0.0221;0.0221
;US-MO;1992;p90p100;182749.5;;0.38530001;0.38530001
;US-MO;1992;p90p95;110201.8;;0.1162;0.1162
;US-MO;1992;p95p99;161891.41;;0.1365;0.1365
;US-MO;1992;p99.5p99.9;554766.38;;0.046799999;0.046799999
;US-MO;1992;p99.9p99.99;1698695.8;;0.032200001;0.032200001
;US-MO;1992;p99p99.5;298572.31;;0.031500001;0.031500001
;US-MO;1992;p95p100;255340.5;;0.2692;0.2692
;US-MO;1992;p0p90;32388.199;;0.6146;0.6146
;US-MO;1992;p0p99;41550.398;;0.86729997;0.86729997
;US-MO;1992;p99.5p100;959656.31;;0.1012;0.1012
;US-MO;1991;p0p100;134970.7;1.12706499734e+11;1.0;1.0
;US-MO;1991;p99p100;567562.13;;0.1211;0.1211
;US-MO;1991;p99.9p100;2169715.0;;0.046300001;0.046300001
;US-MO;1991;p99.99p100;8264179.5;;0.0176;0.0176
;US-MO;1991;p90p100;175815.5;;0.3752;0.3752
;US-MO;1991;p90p95;110965.6;;0.1184;0.1184
;US-MO;1991;p95p99;159103.7;;0.1358;0.1358
;US-MO;1991;p99.5p99.9;517079.81;;0.044100001;0.044100001
;US-MO;1991;p99.9p99.99;1492533.6;;0.0287;0.0287
;US-MO;1991;p99p99.5;287503.0;;0.0307;0.0307
;US-MO;1991;p95p100;240788.0;;0.25690001;0.25690001
;US-MO;1991;p0p90;32525.6;;0.62470001;0.62470001
;US-MO;1991;p0p99;41601.398;;0.87889999;0.87889999
;US-MO;1991;p99.5p100;847621.81;;0.090400003;0.090400003
;US-MO;1990;p0p100;146278.3;1.14624378793e+11;1.0;1.0
;US-MO;1990;p99p100;586425.31;;0.1239;0.1239
;US-MO;1990;p99.9p100;2276961.0;;0.048099998;0.048099998
;US-MO;1990;p99.99p100;8714190.0;;0.0184;0.0184
;US-MO;1990;p90p100;177091.59;;0.37419999;0.37419999
;US-MO;1990;p90p95;109907.5;;0.1161;0.1161
;US-MO;1990;p95p99;158727.2;;0.13410001;0.13410001
;US-MO;1990;p99.5p99.9;535113.31;;0.045200001;0.045200001
;US-MO;1990;p99.9p99.99;1562578.4;;0.0297;0.0297
;US-MO;1990;p99p99.5;289219.41;;0.0306;0.0306
;US-MO;1990;p95p100;244287.5;;0.2581;0.2581
;US-MO;1990;p0p90;32914.301;;0.62589997;0.62589997
;US-MO;1990;p0p99;41886.199;;0.8761;0.8761
;US-MO;1990;p99.5p100;883505.63;;0.0933;0.0933
;US-MO;1989;p0p100;157678.2;1.15395416218e+11;1.0;1.0
;US-MO;1989;p99p100;589978.81;;0.1275;0.1275
;US-MO;1989;p99.9p100;2253277.3;;0.048700001;0.048700001
;US-MO;1989;p99.99p100;8502283.0;;0.0184;0.0184
;US-MO;1989;p90p100;177018.5;;0.38240001;0.38240001
;US-MO;1989;p90p95;107606.3;;0.1162;0.1162
;US-MO;1989;p95p99;157951.3;;0.1365;0.1365
;US-MO;1989;p99.5p99.9;526199.63;;0.045499999;0.045499999
;US-MO;1989;p99.9p99.99;1529768.0;;0.0297;0.0297
;US-MO;1989;p99p99.5;293108.69;;0.0317;0.0317
;US-MO;1989;p95p100;246070.09;;0.2658;0.2658
;US-MO;1989;p0p90;31994.699;;0.62199998;0.62199998
;US-MO;1989;p0p99;40799.102;;0.8725;0.8725
;US-MO;1989;p99.5p100;880674.81;;0.095100001;0.095100001
;US-MO;1988;p0p100;175003.09;1.15178213433e+11;1.0;1.0
;US-MO;1988;p99p100;634997.38;;0.1345;0.1345
;US-MO;1988;p99.9p100;2563820.8;;0.054299999;0.054299999
;US-MO;1988;p99.99p100;9931401.0;;0.021;0.021
;US-MO;1988;p90p100;180986.59;;0.38330001;0.38330001
;US-MO;1988;p90p95;107022.9;;0.1133;0.1133
;US-MO;1988;p95p99;156632.0;;0.1327;0.1327
;US-MO;1988;p99.5p99.9;552834.0;;0.046799999;0.046799999
;US-MO;1988;p99.9p99.99;1709663.3;;0.032600001;0.032600001
;US-MO;1988;p99p99.5;295407.31;;0.031300001;0.031300001
;US-MO;1988;p95p100;254483.91;;0.26949999;0.26949999
;US-MO;1988;p0p90;32643.1;;0.62220001;0.62220001
;US-MO;1988;p0p99;41278.199;;0.86549997;0.86549997
;US-MO;1988;p99.5p100;966590.5;;0.1024;0.1024
;US-MO;1987;p0p100;186585.2;1.09915004991e+11;1.0;1.0
;US-MO;1987;p99p100;515093.81;;0.11;0.11
;US-MO;1987;p99.9p100;1842384.5;;0.039299998;0.039299998
;US-MO;1987;p99.99p100;6632766.5;;0.0142;0.0142
;US-MO;1987;p90p100;168294.8;;0.35929999;0.35929999
;US-MO;1987;p90p95;108258.7;;0.1156;0.1156
;US-MO;1987;p95p99;154742.09;;0.1321;0.1321
;US-MO;1987;p99.5p99.9;468991.5;;0.040100001;0.040100001
;US-MO;1987;p99.9p99.99;1287405.6;;0.024700001;0.024700001
;US-MO;1987;p99p99.5;274741.59;;0.029300001;0.029300001
;US-MO;1987;p95p100;228103.7;;0.24349999;0.24349999
;US-MO;1987;p0p90;33516.801;;0.64399999;0.64399999
;US-MO;1987;p0p99;42109.5;;0.88999999;0.88999999
;US-MO;1987;p99.5p100;750757.69;;0.0801;0.0801
;US-MO;1986;p0p100;206619.91;1.13349529355e+11;1.0;1.0
;US-MO;1986;p99p100;717208.38;;0.1478;0.1478
;US-MO;1986;p99.9p100;3214608.3;;0.066200003;0.066200003
;US-MO;1986;p99.99p100;14007160.0;;0.028899999;0.028899999
;US-MO;1986;p90p100;190282.41;;0.39210001;0.39210001
;US-MO;1986;p90p95;107375.1;;0.1106;0.1106
;US-MO;1986;p95p99;160612.2;;0.13240001;0.13240001
;US-MO;1986;p99.5p99.9;594804.31;;0.048999999;0.048999999
;US-MO;1986;p99.9p99.99;1988890.0;;0.036899999;0.036899999
;US-MO;1986;p99p99.5;305491.91;;0.031500001;0.031500001
;US-MO;1986;p95p100;272943.59;;0.28119999;0.28119999
;US-MO;1986;p0p90;32936.699;;0.61080003;0.61080003
;US-MO;1986;p0p99;41779.398;;0.85219997;0.85219997
;US-MO;1986;p99.5p100;1124797.8;;0.1159;0.1159
;US-MO;1985;p0p100;200342.0;1.04767185987e+11;1.0;1.0
;US-MO;1985;p99p100;535879.69;;0.118;0.118
;US-MO;1985;p99.9p100;2167480.5;;0.047699999;0.047699999
;US-MO;1985;p99.99p100;8742136.0;;0.019300001;0.019300001
;US-MO;1985;p90p100;165220.41;;0.36390001;0.36390001
;US-MO;1985;p90p95;103265.3;;0.1137;0.1137
;US-MO;1985;p95p99;148911.91;;0.1312;0.1312
;US-MO;1985;p99.5p99.9;457972.31;;0.0403;0.0403
;US-MO;1985;p99.9p99.99;1410253.9;;0.028000001;0.028000001
;US-MO;1985;p99p99.5;263743.91;;0.028999999;0.028999999
;US-MO;1985;p95p100;227024.8;;0.25;0.25
;US-MO;1985;p0p90;32207.1;;0.63849998;0.63849998
;US-MO;1985;p0p99;40445.898;;0.88200003;0.88200003
;US-MO;1985;p99.5p100;804990.88;;0.088699996;0.088699996
;US-MO;1984;p0p100;209738.41;1.0026523965e+11;1.0;1.0
;US-MO;1984;p99p100;492589.91;;0.1109;0.1109
;US-MO;1984;p99.9p100;1963374.5;;0.044199999;0.044199999
;US-MO;1984;p99.99p100;8102526.5;;0.018200001;0.018200001
;US-MO;1984;p90p100;157717.5;;0.35499999;0.35499999
;US-MO;1984;p90p95;101150.4;;0.1138;0.1138
;US-MO;1984;p95p99;143846.5;;0.1295;0.1295
;US-MO;1984;p99.5p99.9;419552.81;;0.037799999;0.037799999
;US-MO;1984;p99.9p99.99;1253360.3;;0.0254;0.0254
;US-MO;1984;p99p99.5;249099.59;;0.028000001;0.028000001
;US-MO;1984;p95p100;214238.3;;0.2411;0.2411
;US-MO;1984;p0p90;31948.1;;0.64719999;0.64719999
;US-MO;1984;p0p99;39899.801;;0.88910002;0.88910002
;US-MO;1984;p99.5p100;733311.38;;0.082500003;0.082500003
;US-MO;1983;p0p100;228186.41;94662474951.0;1.0;1.0
;US-MO;1983;p99p100;441276.59;;0.1031;0.1031
;US-MO;1983;p99.9p100;1659727.6;;0.038800001;0.038800001
;US-MO;1983;p99.99p100;6704572.5;;0.015699999;0.015699999
;US-MO;1983;p90p100;148698.91;;0.34760001;0.34760001
;US-MO;1983;p90p95;98674.703;;0.1153;0.1153
;US-MO;1983;p95p99;137966.5;;0.12899999;0.12899999
;US-MO;1983;p99.5p99.9;389666.81;;0.036400001;0.036400001
;US-MO;1983;p99.9p99.99;1090814.4;;0.0229;0.0229
;US-MO;1983;p99p99.5;235960.91;;0.0276;0.0276
;US-MO;1983;p95p100;198827.5;;0.2324;0.2324
;US-MO;1983;p0p90;31042.699;;0.653;0.653
;US-MO;1983;p0p99;38756.301;;0.8969;0.8969
;US-MO;1983;p99.5p100;645559.69;;0.075400002;0.075400002
;US-MO;1982;p0p100;233127.0;92753076726.0;1.0;1.0
;US-MO;1982;p99p100;444169.0;;0.106;0.106
;US-MO;1982;p99.9p100;1718027.1;;0.041000001;0.041000001
;US-MO;1982;p99.99p100;7133303.5;;0.017000001;0.017000001
;US-MO;1982;p90p100;144119.59;;0.34380001;0.34380001
;US-MO;1982;p90p95;93159.102;;0.1111;0.1111
;US-MO;1982;p95p99;132801.5;;0.1267;0.1267
;US-MO;1982;p99.5p99.9;389752.41;;0.0372;0.0372
;US-MO;1982;p99.9p99.99;1116329.8;;0.024;0.024
;US-MO;1982;p99p99.5;232930.59;;0.027799999;0.027799999
;US-MO;1982;p95p100;194980.7;;0.2326;0.2326
;US-MO;1982;p0p90;30563.199;;0.65619999;0.65619999
;US-MO;1982;p0p99;37855.398;;0.89399999;0.89399999
;US-MO;1982;p99.5p100;655407.31;;0.078199998;0.078199998
;US-MO;1981;p0p100;257585.5;92801581032.0;1.0;1.0
;US-MO;1981;p99p100;392337.09;;0.095200002;0.095200002
;US-MO;1981;p99.9p100;1302971.3;;0.031599998;0.031599998
;US-MO;1981;p99.99p100;4577079.0;;0.0111;0.0111
;US-MO;1981;p90p100;147010.0;;0.35690001;0.35690001
;US-MO;1981;p90p95;105358.7;;0.1279;0.1279
;US-MO;1981;p95p99;138060.3;;0.13410001;0.13410001
;US-MO;1981;p99.5p99.9;375993.09;;0.036499999;0.036499999
;US-MO;1981;p99.9p99.99;938528.5;;0.020500001;0.020500001
;US-MO;1981;p99p99.5;222580.0;;0.027000001;0.027000001
;US-MO;1981;p95p100;189006.09;;0.22939999;0.22939999
;US-MO;1981;p0p90;29427.801;;0.64289999;0.64289999
;US-MO;1981;p0p99;37647.801;;0.9048;0.9048
;US-MO;1981;p99.5p100;562030.63;;0.0682;0.0682
;US-MO;1980;p0p100;308756.91;92222104299.0;1.0;1.0
;US-MO;1980;p99p100;411977.69;;0.1001;0.1001
;US-MO;1980;p99.9p100;1298069.4;;0.031500001;0.031500001
;US-MO;1980;p99.99p100;4597907.5;;0.0112;0.0112
;US-MO;1980;p90p100;145133.0;;0.35249999;0.35249999
;US-MO;1980;p90p95;98823.898;;0.12;0.12
;US-MO;1980;p95p99;136259.91;;0.13240001;0.13240001
;US-MO;1980;p99.5p99.9;401658.31;;0.039000001;0.039000001
;US-MO;1980;p99.9p99.99;931149.0;;0.020400001;0.020400001
;US-MO;1980;p99p99.5;242744.5;;0.0295;0.0295
;US-MO;1980;p95p100;191407.09;;0.2325;0.2325
;US-MO;1980;p0p90;29619.1;;0.64749998;0.64749998
;US-MO;1980;p0p99;37421.398;;0.89990002;0.89990002
;US-MO;1980;p99.5p100;581194.69;;0.070600003;0.070600003
;US-MO;1979;p0p100;395374.81;94404405064.0;1.0;1.0
;US-MO;1979;p99p100;414501.31;;0.097099997;0.097099997
;US-MO;1979;p99.9p100;1307594.0;;0.0306;0.0306
;US-MO;1979;p99.99p100;4678671.5;;0.011;0.011
;US-MO;1979;p90p100;147545.5;;0.34549999;0.34549999
;US-MO;1979;p90p95;101912.0;;0.1193;0.1193
;US-MO;1979;p95p99;137660.0;;0.12890001;0.12890001
;US-MO;1979;p99.5p99.9;397007.09;;0.0372;0.0372
;US-MO;1979;p99.9p99.99;932641.31;;0.0197;0.0197
;US-MO;1979;p99p99.5;249908.3;;0.029300001;0.029300001
;US-MO;1979;p95p100;193024.91;;0.226;0.226
;US-MO;1979;p0p90;31067.199;;0.65469998;0.65469998
;US-MO;1979;p0p99;38951.801;;0.90289998;0.90289998
;US-MO;1979;p99.5p100;579303.19;;0.0678;0.0678
;US-MO;1978;p0p100;462827.91;90328080401.0;1.0;1.0
;US-MO;1978;p99p100;386885.31;;0.092900001;0.092900001
;US-MO;1978;p99.9p100;1190008.0;;0.0286;0.0286
;US-MO;1978;p99.99p100;4367708.5;;0.0105;0.0105
;US-MO;1978;p90p100;143299.3;;0.34419999;0.34419999
;US-MO;1978;p90p95;97036.5;;0.1165;0.1165
;US-MO;1978;p95p99;140269.7;;0.1348;0.1348
;US-MO;1978;p99.5p99.9;375876.41;;0.0361;0.0361
;US-MO;1978;p99.9p99.99;837462.63;;0.018100001;0.018100001
;US-MO;1978;p99p99.5;235114.5;;0.028200001;0.028200001
;US-MO;1978;p95p100;189602.09;;0.2277;0.2277
;US-MO;1978;p0p90;30336.801;;0.65579998;0.65579998
;US-MO;1978;p0p99;38147.898;;0.90710002;0.90710002
;US-MO;1978;p99.5p100;538605.13;;0.0647;0.0647
;US-MO;1977;p0p100;525083.38;87107514323.0;1.0;1.0
;US-MO;1977;p99p100;372511.19;;0.091300003;0.091300003
;US-MO;1977;p99.9p100;1105883.6;;0.027100001;0.027100001
;US-MO;1977;p99.99p100;3707102.0;;0.0091000004;0.0091000004
;US-MO;1977;p90p100;140147.41;;0.34349999;0.34349999
;US-MO;1977;p90p95;97166.703;;0.1191;0.1191
;US-MO;1977;p95p99;135787.3;;0.1331;0.1331
;US-MO;1977;p99.5p99.9;366702.31;;0.0359;0.0359
;US-MO;1977;p99.9p99.99;816769.19;;0.017999999;0.017999999
;US-MO;1977;p99p99.5;230439.5;;0.028200001;0.028200001
;US-MO;1977;p95p100;183133.0;;0.2244;0.2244
;US-MO;1977;p0p90;29767.801;;0.6566;0.6566
;US-MO;1977;p0p99;37455.102;;0.90869999;0.90869999
;US-MO;1977;p99.5p100;514574.59;;0.063100003;0.063100003
;US-MO;1976;p0p100;579633.81;83464449653.0;1.0;1.0
;US-MO;1976;p99p100;360102.31;;0.090700001;0.090700001
;US-MO;1976;p99.9p100;1006707.4;;0.0254;0.0254
;US-MO;1976;p99.99p100;3018671.0;;0.0076000001;0.0076000001
;US-MO;1976;p90p100;137602.0;;0.34650001;0.34650001
;US-MO;1976;p90p95;95320.797;;0.12;0.12
;US-MO;1976;p95p99;134836.7;;0.1358;0.1358
;US-MO;1976;p99.5p99.9;366523.59;;0.036899999;0.036899999
;US-MO;1976;p99.9p99.99;783276.69;;0.0178;0.0178
;US-MO;1976;p99p99.5;225489.09;;0.0284;0.0284
;US-MO;1976;p95p100;179889.59;;0.2265;0.2265
;US-MO;1976;p0p90;28836.0;;0.65350002;0.65350002
;US-MO;1976;p0p99;36476.0;;0.90930003;0.90930003
;US-MO;1976;p99.5p100;494720.0;;0.0623;0.0623
;US-MO;1975;p0p100;623444.69;79068447579.0;1.0;1.0
;US-MO;1975;p99p100;351071.0;;0.091899998;0.091899998
;US-MO;1975;p99.9p100;984081.38;;0.025800001;0.025800001
;US-MO;1975;p99.99p100;3108597.0;;0.0081000002;0.0081000002
;US-MO;1975;p90p100;132397.8;;0.34670001;0.34670001
;US-MO;1975;p90p95;91389.5;;0.1197;0.1197
;US-MO;1975;p95p99;128997.4;;0.13510001;0.13510001
;US-MO;1975;p99.5p99.9;351945.09;;0.036899999;0.036899999
;US-MO;1975;p99.9p99.99;748187.13;;0.0176;0.0176
;US-MO;1975;p99p99.5;223640.09;;0.029300001;0.029300001
;US-MO;1975;p95p100;173412.41;;0.2271;0.2271
;US-MO;1975;p0p90;27718.699;;0.65329999;0.65329999
;US-MO;1975;p0p99;35026.0;;0.90810001;0.90810001
;US-MO;1975;p99.5p100;478482.31;;0.062700003;0.062700003
;US-MO;1974;p0p100;777155.5;81514928189.0;1.0;1.0
;US-MO;1974;p99p100;363712.5;;0.090999998;0.090999998
;US-MO;1974;p99.9p100;1052543.3;;0.0263;0.0263
;US-MO;1974;p99.99p100;3285162.8;;0.0082;0.0082
;US-MO;1974;p90p100;137279.5;;0.3434;0.3434
;US-MO;1974;p90p95;94062.5;;0.1177;0.1177
;US-MO;1974;p95p99;134515.3;;0.1346;0.1346
;US-MO;1974;p99.5p99.9;358444.81;;0.0359;0.0359
;US-MO;1974;p99.9p99.99;802136.69;;0.018100001;0.018100001
;US-MO;1974;p99p99.5;229003.09;;0.0286;0.0286
;US-MO;1974;p95p100;180507.8;;0.22579999;0.22579999
;US-MO;1974;p0p90;29176.0;;0.65689999;0.65689999
;US-MO;1974;p0p99;36701.199;;0.90899998;0.90899998
;US-MO;1974;p99.5p100;497956.0;;0.0623;0.0623
;US-MO;1973;p0p100;998827.19;83759219340.0;1.0;1.0
;US-MO;1973;p99p100;378493.41;;0.090800002;0.090800002
;US-MO;1973;p99.9p100;1087244.8;;0.0261;0.0261
;US-MO;1973;p99.99p100;3423813.3;;0.0082;0.0082
;US-MO;1973;p90p100;139154.0;;0.33399999;0.33399999
;US-MO;1973;p90p95;94588.398;;0.1135;0.1135
;US-MO;1973;p95p99;135033.7;;0.1296;0.1296
;US-MO;1973;p99.5p99.9;378486.0;;0.0363;0.0363
;US-MO;1973;p99.9p99.99;827397.19;;0.017899999;0.017899999
;US-MO;1973;p99p99.5;236741.09;;0.0284;0.0284
;US-MO;1973;p95p100;183725.7;;0.22050001;0.22050001
;US-MO;1973;p0p90;30836.199;;0.66600001;0.66600001
;US-MO;1973;p0p99;38265.801;;0.90920001;0.90920001
;US-MO;1973;p99.5p100;520232.0;;0.062399998;0.062399998
;US-MO;1972;p0p100;1099571.8;80528141661.0;1.0;1.0
;US-MO;1972;p99p100;396776.81;;0.097599998;0.097599998
;US-MO;1972;p99.9p100;1248167.3;;0.0307;0.0307
;US-MO;1972;p99.99p100;4427513.0;;0.0109;0.0109
;US-MO;1972;p90p100;138360.7;;0.34029999;0.34029999
;US-MO;1972;p90p95;92075.398;;0.1132;0.1132
;US-MO;1972;p95p99;131617.59;;0.1295;0.1295
;US-MO;1972;p99.5p99.9;382634.0;;0.037599999;0.037599999
;US-MO;1972;p99.9p99.99;894836.38;;0.0198;0.0198
;US-MO;1972;p99p99.5;237721.7;;0.029200001;0.029200001
;US-MO;1972;p95p100;184649.3;;0.2271;0.2271
;US-MO;1972;p0p90;29800.1;;0.65969998;0.65969998
;US-MO;1972;p0p99;37058.699;;0.90240002;0.90240002
;US-MO;1972;p99.5p100;555832.0;;0.068400003;0.068400003
;US-MO;1971;p0p100;1132114.9;76611126483.0;1.0;1.0
;US-MO;1971;p99p100;377705.19;;0.096100003;0.096100003
;US-MO;1971;p99.9p100;1173794.5;;0.029899999;0.029899999
;US-MO;1971;p99.99p100;4116970.8;;0.0105;0.0105
;US-MO;1971;p90p100;133563.5;;0.33989999;0.33989999
;US-MO;1971;p90p95;89486.5;;0.1139;0.1139
;US-MO;1971;p95p99;127629.9;;0.12989999;0.12989999
;US-MO;1971;p99.5p99.9;364490.81;;0.037099998;0.037099998
;US-MO;1971;p99.9p99.99;846877.63;;0.019400001;0.019400001
;US-MO;1971;p99p99.5;228991.7;;0.029100001;0.029100001
;US-MO;1971;p95p100;177645.59;;0.226;0.226
;US-MO;1971;p0p90;28821.801;;0.66009998;0.66009998
;US-MO;1971;p0p99;35877.602;;0.90390003;0.90390003
;US-MO;1971;p99.5p100;526412.13;;0.067000002;0.067000002
;US-MO;1970;p0p100;1224604.3;74723787550.0;1.0;1.0
;US-MO;1970;p99p100;359015.19;;0.092;0.092
;US-MO;1970;p99.9p100;1078440.3;;0.0276;0.0276
;US-MO;1970;p99.99p100;3656743.8;;0.0093999999;0.0093999999
;US-MO;1970;p90p100;130384.2;;0.33419999;0.33419999
;US-MO;1970;p90p95;89576.898;;0.1148;0.1148
;US-MO;1970;p95p99;124256.2;;0.1274;0.1274
;US-MO;1970;p99.5p99.9;353235.09;;0.036200002;0.036200002
;US-MO;1970;p99.9p99.99;791765.63;;0.018300001;0.018300001
;US-MO;1970;p99p99.5;219693.09;;0.028200001;0.028200001
;US-MO;1970;p95p100;171210.2;;0.2194;0.2194
;US-MO;1970;p0p90;28859.9;;0.66579998;0.66579998
;US-MO;1970;p0p99;35780.398;;0.90799999;0.90799999
;US-MO;1970;p99.5p100;498345.69;;0.063900001;0.063900001
;US-MO;1969;p0p100;1358276.9;73620714753.0;1.0;1.0
;US-MO;1969;p99p100;415095.0;;0.1072;0.1072
;US-MO;1969;p99.9p100;1435316.4;;0.037099998;0.037099998
;US-MO;1969;p99.99p100;6017830.5;;0.0155;0.0155
;US-MO;1969;p90p100;136220.2;;0.35190001;0.35190001
;US-MO;1969;p90p95;88854.602;;0.1148;0.1148
;US-MO;1969;p95p99;125714.1;;0.12989999;0.12989999
;US-MO;1969;p99.5p99.9;381455.31;;0.0394;0.0394
;US-MO;1969;p99.9p99.99;926232.63;;0.021500001;0.021500001
;US-MO;1969;p99p99.5;237941.5;;0.0307;0.0307
;US-MO;1969;p95p100;183594.0;;0.23710001;0.23710001
;US-MO;1969;p0p90;27879.699;;0.64810002;0.64810002
;US-MO;1969;p0p99;34912.102;;0.89279997;0.89279997
;US-MO;1969;p99.5p100;592276.81;;0.076499999;0.076499999
;US-MO;1968;p0p100;1551994.3;75232811181.0;1.0;1.0
;US-MO;1968;p99p100;456237.69;;0.1147;0.1147
;US-MO;1968;p99.9p100;1665297.6;;0.041900001;0.041900001
;US-MO;1968;p99.99p100;7251304.5;;0.018200001;0.018200001
;US-MO;1968;p90p100;139828.91;;0.35159999;0.35159999
;US-MO;1968;p90p95;85968.0;;0.1081;0.1081
;US-MO;1968;p95p99;128055.4;;0.1288;0.1288
;US-MO;1968;p99.5p99.9;406217.81;;0.040899999;0.040899999
;US-MO;1968;p99.9p99.99;1042663.1;;0.023600001;0.023600001
;US-MO;1968;p99p99.5;254381.0;;0.032000002;0.032000002
;US-MO;1968;p95p100;193689.0;;0.24349999;0.24349999
;US-MO;1968;p0p90;28658.6;;0.64850003;0.64850003
;US-MO;1968;p0p99;35566.898;;0.88529998;0.88529998
;US-MO;1968;p99.5p100;658074.0;;0.082699999;0.082699999
;US-MO;1967;p0p100;1591177.3;70654531261.0;1.0;1.0
;US-MO;1967;p99p100;413501.41;;0.1101;0.1101
;US-MO;1967;p99.9p100;1357549.8;;0.0361;0.0361
;US-MO;1967;p99.99p100;4990109.5;;0.0133;0.0133
;US-MO;1967;p90p100;131440.59;;0.34990001;0.34990001
;US-MO;1967;p90p95;81053.297;;0.1079;0.1079
;US-MO;1967;p95p99;123893.2;;0.1319;0.1319
;US-MO;1967;p99.5p99.9;392375.59;;0.0418;0.0418
;US-MO;1967;p99.9p99.99;954117.38;;0.0229;0.0229
;US-MO;1967;p99p99.5;241598.41;;0.032200001;0.032200001
;US-MO;1967;p95p100;181817.09;;0.242;0.242
;US-MO;1967;p0p90;27132.5;;0.65009999;0.65009999
;US-MO;1967;p0p99;33765.5;;0.88990003;0.88990003
;US-MO;1967;p99.5p100;585421.19;;0.0779;0.0779
;US-MO;1966;p0p100;1627929.3;67579499747.0;1.0;1.0
;US-MO;1966;p99p100;366961.0;;0.1015;0.1015
;US-MO;1966;p99.9p100;1182361.6;;0.032699998;0.032699998
;US-MO;1966;p99.99p100;4248743.0;;0.0117;0.0117
;US-MO;1966;p90p100;124960.8;;0.34549999;0.34549999
;US-MO;1966;p90p95;83700.102;;0.1157;0.1157
;US-MO;1966;p95p99;116233.1;;0.1286;0.1286
;US-MO;1966;p99.5p99.9;353140.59;;0.039099999;0.039099999
;US-MO;1966;p99.9p99.99;841786.0;;0.0209;0.0209
;US-MO;1966;p99p99.5;214743.41;;0.0297;0.0297
;US-MO;1966;p95p100;166376.41;;0.23;0.23
;US-MO;1966;p0p90;26289.5;;0.65429997;0.65429997
;US-MO;1966;p0p99;32822.301;;0.89850003;0.89850003
;US-MO;1966;p99.5p100;519160.19;;0.071800001;0.071800001
;US-MO;1965;p0p100;1668358.3;64991393352.0;1.0;1.0
;US-MO;1965;p99p100;402285.19;;0.1148;0.1148
;US-MO;1965;p99.9p100;1283420.4;;0.036600001;0.036600001
;US-MO;1965;p99.99p100;5227088.0;;0.0149;0.0149
;US-MO;1965;p90p100;126565.8;;0.36129999;0.36129999
;US-MO;1965;p90p95;80761.0;;0.1153;0.1153
;US-MO;1965;p95p99;114893.3;;0.1312;0.1312
;US-MO;1965;p99.5p99.9;384246.0;;0.043900002;0.043900002
;US-MO;1965;p99.9p99.99;845232.13;;0.0217;0.0217
;US-MO;1965;p99p99.5;240381.8;;0.034299999;0.034299999
;US-MO;1965;p95p100;172368.41;;0.24600001;0.24600001
;US-MO;1965;p0p90;24861.4;;0.63870001;0.63870001
;US-MO;1965;p0p99;31321.699;;0.88520002;0.88520002
;US-MO;1965;p99.5p100;564158.19;;0.080499999;0.080499999
;US-MO;1964;p0p100;1622785.3;60723359737.0;1.0;1.0
;US-MO;1964;p99p100;358243.5;;0.1086;0.1086
;US-MO;1964;p99.9p100;1073063.6;;0.032499999;0.032499999
;US-MO;1964;p99.99p100;3715123.0;;0.0113;0.0113
;US-MO;1964;p90p100;117718.2;;0.3567;0.3567
;US-MO;1964;p90p95;76074.297;;0.1153;0.1153
;US-MO;1964;p95p99;109623.6;;0.1329;0.1329
;US-MO;1964;p99.5p99.9;352210.31;;0.0427;0.0427
;US-MO;1964;p99.9p99.99;779285.69;;0.021299999;0.021299999
;US-MO;1964;p99p99.5;219915.0;;0.033300001;0.033300001
;US-MO;1964;p95p100;159352.91;;0.2414;0.2414
;US-MO;1964;p0p90;23590.4;;0.6433;0.6433
;US-MO;1964;p0p99;29716.0;;0.89139998;0.89139998
;US-MO;1964;p99.5p100;496435.91;;0.075199999;0.075199999
;US-MO;1963;p0p100;1598363.3;57716013647.0;1.0;1.0
;US-MO;1963;p99p100;334097.09;;0.1055;0.1055
;US-MO;1963;p99.9p100;1004282.3;;0.0317;0.0317
;US-MO;1963;p99.99p100;3494079.0;;0.011;0.011
;US-MO;1963;p90p100;111519.0;;0.35210001;0.35210001
;US-MO;1963;p90p95;71859.5;;0.1134;0.1134
;US-MO;1963;p95p99;105448.9;;0.1332;0.1332
;US-MO;1963;p99.5p99.9;341638.19;;0.043099999;0.043099999
;US-MO;1963;p99.9p99.99;727896.13;;0.0207;0.0207
;US-MO;1963;p99p99.5;193843.09;;0.0306;0.0306
;US-MO;1963;p95p100;151178.5;;0.2387;0.2387
;US-MO;1963;p0p90;22800.0;;0.64789999;0.64789999
;US-MO;1963;p0p99;28616.4;;0.89450002;0.89450002
;US-MO;1963;p99.5p100;474352.41;;0.074900001;0.074900001
;US-MO;1962;p0p100;1586054.8;55218200776.0;1.0;1.0
;US-MO;1962;p99p100;315567.91;;0.1031;0.1031
;US-MO;1962;p99.9p100;948402.38;;0.030999999;0.030999999
;US-MO;1962;p99.99p100;2852088.5;;0.0093;0.0093
;US-MO;1962;p90p100;106702.3;;0.3486;0.3486
;US-MO;1962;p90p95;68975.0;;0.1127;0.1127
;US-MO;1962;p95p99;101644.9;;0.1328;0.1328
;US-MO;1962;p99.5p99.9;322795.81;;0.042199999;0.042199999
;US-MO;1962;p99.9p99.99;738393.38;;0.0217;0.0217
;US-MO;1962;p99p99.5;182911.8;;0.029899999;0.029899999
;US-MO;1962;p95p100;144429.5;;0.2359;0.2359
;US-MO;1962;p0p90;22156.699;;0.65140003;0.65140003
;US-MO;1962;p0p99;27732.699;;0.8969;0.8969
;US-MO;1962;p99.5p100;448224.31;;0.073200002;0.073200002
;US-MO;1961;p0p100;1593326.4;53768227572.0;1.0;1.0
;US-MO;1961;p99p100;339262.59;;0.1125;0.1125
;US-MO;1961;p99.9p100;1045552.4;;0.034699999;0.034699999
;US-MO;1961;p99.99p100;3254637.0;;0.0108;0.0108
;US-MO;1961;p90p100;107200.8;;0.3556;0.3556
;US-MO;1961;p90p95;67575.703;;0.1121;0.1121
;US-MO;1961;p95p99;98716.0;;0.131;0.131
;US-MO;1961;p99.5p99.9;362681.91;;0.048099998;0.048099998
;US-MO;1961;p99.9p99.99;800607.0;;0.0239;0.0239
;US-MO;1961;p99p99.5;179127.2;;0.0297;0.0297
;US-MO;1961;p95p100;146826.0;;0.24349999;0.24349999
;US-MO;1961;p0p90;21581.9;;0.6444;0.6444
;US-MO;1961;p0p99;27021.1;;0.88749999;0.88749999
;US-MO;1961;p99.5p100;499394.69;;0.082800001;0.082800001
;US-MO;1960;p0p100;1594831.8;52091444614.0;1.0;1.0
;US-MO;1960;p99p100;309521.09;;0.1047;0.1047
;US-MO;1960;p99.9p100;908459.31;;0.0307;0.0307
;US-MO;1960;p99.99p100;2692894.0;;0.0091000004;0.0091000004
;US-MO;1960;p90p100;102998.5;;0.34830001;0.34830001
;US-MO;1960;p90p95;65279.102;;0.1104;0.1104
;US-MO;1960;p95p99;98517.703;;0.13330001;0.13330001
;US-MO;1960;p99.5p99.9;316338.09;;0.042800002;0.042800002
;US-MO;1960;p99.9p99.99;711688.5;;0.0217;0.0217
;US-MO;1960;p99p99.5;183897.59;;0.031099999;0.031099999
;US-MO;1960;p95p100;140718.2;;0.2379;0.2379
;US-MO;1960;p0p90;21411.4;;0.65170002;0.65170002
;US-MO;1960;p0p99;26741.801;;0.89529997;0.89529997
;US-MO;1960;p99.5p100;435142.81;;0.073600002;0.073600002
;US-MO;1959;p0p100;1648618.9;52099171380.0;1.0;1.0
;US-MO;1959;p99p100;317972.81;;0.1076;0.1076
;US-MO;1959;p99.9p100;958900.0;;0.032499999;0.032499999
;US-MO;1959;p99.99p100;2818262.5;;0.0094999997;0.0094999997
;US-MO;1959;p90p100;102785.9;;0.3479;0.3479
;US-MO;1959;p90p95;63919.301;;0.1082;0.1082
;US-MO;1959;p95p99;97572.797;;0.1321;0.1321
;US-MO;1959;p99.5p99.9;325756.0;;0.044100001;0.044100001
;US-MO;1959;p99.9p99.99;752876.0;;0.0229;0.0229
;US-MO;1959;p99p99.5;183458.8;;0.030999999;0.030999999
;US-MO;1959;p95p100;141652.41;;0.2397;0.2397
;US-MO;1959;p0p90;21404.801;;0.65210003;0.65210003
;US-MO;1959;p0p99;26629.5;;0.89240003;0.89240003
;US-MO;1959;p99.5p100;452490.31;;0.0766;0.0766
;US-MO;1958;p0p100;1566978.3;48838492740.0;1.0;1.0
;US-MO;1958;p99p100;293192.69;;0.1059;0.1059
;US-MO;1958;p99.9p100;890816.81;;0.032200001;0.032200001
;US-MO;1958;p99.99p100;2720869.3;;0.0098000001;0.0098000001
;US-MO;1958;p90p100;95788.203;;0.3459;0.3459
;US-MO;1958;p90p95;60469.398;;0.1092;0.1092
;US-MO;1958;p95p99;90585.5;;0.13079999;0.13079999
;US-MO;1958;p99.5p99.9;292345.31;;0.042199999;0.042199999
;US-MO;1958;p99.9p99.99;687994.13;;0.022399999;0.022399999
;US-MO;1958;p99p99.5;174265.59;;0.031500001;0.031500001
;US-MO;1958;p95p100;131107.0;;0.2367;0.2367
;US-MO;1958;p0p90;20129.301;;0.6541;0.6541
;US-MO;1958;p0p99;25013.5;;0.89410001;0.89410001
;US-MO;1958;p99.5p100;412119.09;;0.0744;0.0744
;US-MO;1957;p0p100;1611558.9;47582334209.0;1.0;1.0
;US-MO;1957;p99p100;301220.31;;0.1116;0.1116
;US-MO;1957;p99.9p100;904027.88;;0.033500001;0.033500001
;US-MO;1957;p99.99p100;2568158.8;;0.0094999997;0.0094999997
;US-MO;1957;p90p100;95314.797;;0.3531;0.3531
;US-MO;1957;p90p95;59221.5;;0.1097;0.1097
;US-MO;1957;p95p99;88954.5;;0.1318;0.1318
;US-MO;1957;p99.5p99.9;310335.91;;0.046;0.046
;US-MO;1957;p99.9p99.99;719710.13;;0.024;0.024
;US-MO;1957;p99p99.5;173259.7;;0.032099999;0.032099999
;US-MO;1957;p95p100;131408.0;;0.24339999;0.24339999
;US-MO;1957;p0p90;19398.699;;0.6469;0.6469
;US-MO;1957;p0p99;24220.301;;0.88840002;0.88840002
;US-MO;1957;p99.5p100;429181.0;;0.079499997;0.079499997
;US-MO;1956;p0p100;1769365.8;48618140570.0;1.0;1.0
;US-MO;1956;p99p100;313661.59;;0.1135;0.1135
;US-MO;1956;p99.9p100;1009476.2;;0.036499999;0.036499999
;US-MO;1956;p99.99p100;3122905.5;;0.0113;0.0113
;US-MO;1956;p90p100;95747.602;;0.34650001;0.34650001
;US-MO;1956;p90p95;56901.5;;0.103;0.103
;US-MO;1956;p95p99;89677.797;;0.12980001;0.12980001
;US-MO;1956;p99.5p99.9;311381.91;;0.0451;0.0451
;US-MO;1956;p99.9p99.99;775448.69;;0.0253;0.0253
;US-MO;1956;p99p99.5;176272.09;;0.0319;0.0319
;US-MO;1956;p95p100;134474.5;;0.24339999;0.24339999
;US-MO;1956;p0p90;20066.9;;0.65369999;0.65369999
;US-MO;1956;p0p99;24740.301;;0.8865;0.8865
;US-MO;1956;p99.5p100;451050.69;;0.081600003;0.081600003
;US-MO;1955;p0p100;1786277.3;47562153791.0;1.0;1.0
;US-MO;1955;p99p100;318306.81;;0.1176;0.1176
;US-MO;1955;p99.9p100;1025733.2;;0.037900001;0.037900001
;US-MO;1955;p99.99p100;3409016.5;;0.0126;0.0126
;US-MO;1955;p90p100;95471.797;;0.35260001;0.35260001
;US-MO;1955;p90p95;56441.199;;0.1042;0.1042
;US-MO;1955;p95p99;88371.203;;0.1305;0.1305
;US-MO;1955;p99.5p99.9;312395.19;;0.046100002;0.046100002
;US-MO;1955;p99.9p99.99;760955.31;;0.0253;0.0253
;US-MO;1955;p99p99.5;181552.09;;0.033500001;0.033500001
;US-MO;1955;p95p100;134360.8;;0.2481;0.2481
;US-MO;1955;p0p90;19485.801;;0.64770001;0.64770001
;US-MO;1955;p0p99;24135.5;;0.88239998;0.88239998
;US-MO;1955;p99.5p100;455061.5;;0.083999999;0.083999999
;US-MO;1954;p0p100;1663678.3;44545058506.0;1.0;1.0
;US-MO;1954;p99p100;300325.19;;0.1182;0.1182
;US-MO;1954;p99.9p100;931669.38;;0.036699999;0.036699999
;US-MO;1954;p99.99p100;2787235.5;;0.011;0.011
;US-MO;1954;p90p100;90712.703;;0.35699999;0.35699999
;US-MO;1954;p90p95;53808.602;;0.1059;0.1059
;US-MO;1954;p95p99;84162.602;;0.13249999;0.13249999
;US-MO;1954;p99.5p99.9;303390.69;;0.047800001;0.047800001
;US-MO;1954;p99.9p99.99;725510.63;;0.025699999;0.025699999
;US-MO;1954;p99p99.5;171604.59;;0.033799998;0.033799998
;US-MO;1954;p95p100;127405.7;;0.2507;0.2507
;US-MO;1954;p0p90;18164.0;;0.64340001;0.64340001
;US-MO;1954;p0p99;22630.9;;0.8818;0.8818
;US-MO;1954;p99.5p100;429045.81;;0.084399998;0.084399998
;US-MO;1953;p0p100;1684530.5;44565445141.0;1.0;1.0
;US-MO;1953;p99p100;291183.91;;0.1143;0.1143
;US-MO;1953;p99.9p100;841508.38;;0.033;0.033
;US-MO;1953;p99.99p100;2248190.8;;0.0088;0.0088
;US-MO;1953;p90p100;92041.898;;0.36140001;0.36140001
;US-MO;1953;p90p95;56913.398;;0.1117;0.1117
;US-MO;1953;p95p99;85898.703;;0.1349;0.1349
;US-MO;1953;p99.5p99.9;299467.19;;0.046999998;0.046999998
;US-MO;1953;p99.9p99.99;686301.88;;0.0242;0.0242
;US-MO;1953;p99p99.5;174577.7;;0.034299999;0.034299999
;US-MO;1953;p95p100;126971.3;;0.2492;0.2492
;US-MO;1953;p0p90;18084.9;;0.639;0.639
;US-MO;1953;p0p99;22787.301;;0.88569999;0.88569999
;US-MO;1953;p99.5p100;407808.09;;0.0801;0.0801
;US-MO;1952;p0p100;1642020.6;42739999264.0;1.0;1.0
;US-MO;1952;p99p100;287554.5;;0.1176;0.1176
;US-MO;1952;p99.9p100;876802.5;;0.035799999;0.035799999
;US-MO;1952;p99.99p100;2483271.3;;0.0102;0.0102
;US-MO;1952;p90p100;92062.203;;0.37639999;0.37639999
;US-MO;1952;p90p95;63868.5;;0.13060001;0.13060001
;US-MO;1952;p95p99;79584.797;;0.1302;0.1302
;US-MO;1952;p99.5p99.9;293517.19;;0.048;0.048
;US-MO;1952;p99.9p99.99;699184.38;;0.025699999;0.025699999
;US-MO;1952;p99p99.5;164995.8;;0.0337;0.0337
;US-MO;1952;p95p100;121194.0;;0.24779999;0.24779999
;US-MO;1952;p0p90;16893.801;;0.62169999;0.62169999
;US-MO;1952;p0p99;21800.4;;0.88239998;0.88239998
;US-MO;1952;p99.5p100;410121.41;;0.083800003;0.083800003
;US-MO;1951;p0p100;1698016.5;42243241829.0;1.0;1.0
;US-MO;1951;p99p100;328334.5;;0.1356;0.1356
;US-MO;1951;p99.9p100;1057209.3;;0.0436;0.0436
;US-MO;1951;p99.99p100;2547272.8;;0.0105;0.0105
;US-MO;1951;p90p100;92433.898;;0.38159999;0.38159999
;US-MO;1951;p90p95;52530.398;;0.1084;0.1084
;US-MO;1951;p95p99;83188.602;;0.1374;0.1374
;US-MO;1951;p99.5p99.9;328003.19;;0.054200001;0.054200001
;US-MO;1951;p99.9p99.99;896242.38;;0.033300001;0.033300001
;US-MO;1951;p99p99.5;181013.41;;0.0374;0.0374
;US-MO;1951;p95p100;132289.5;;0.27309999;0.27309999
;US-MO;1951;p0p99;15140.8;;0.61879998;0.61879998
;US-MO;1951;p99.5p100;475235.41;;0.098099999;0.098099999
;US-MO;1950;p0p100;1892480.8;40352438442.0;1.0;1.0
;US-MO;1950;p99p100;311982.59;;0.1346;0.1346
;US-MO;1950;p99.9p100;1025693.3;;0.044199999;0.044199999
;US-MO;1950;p99.99p100;2588595.0;;0.0112;0.0112
;US-MO;1950;p90p100;87020.898;;0.37529999;0.37529999
;US-MO;1950;p90p95;49657.398;;0.1071;0.1071
;US-MO;1950;p95p99;77465.398;;0.1336;0.1336
;US-MO;1950;p99.5p99.9;311407.69;;0.0537;0.0537
;US-MO;1950;p99.9p99.99;862857.13;;0.033500001;0.033500001
;US-MO;1950;p99p99.5;169787.8;;0.036600001;0.036600001
;US-MO;1950;p95p100;124367.9;;0.26820001;0.26820001
;US-MO;1950;p0p90;16081.8;;0.6243;0.6243
;US-MO;1950;p0p99;20267.9;;0.86540002;0.86540002
;US-MO;1950;p99.5p100;454186.41;;0.097900003;0.097900003
;US-MO;1949;p0p100;1752328.1;36458620920.0;1.0;1.0
;US-MO;1949;p99p100;260942.3;;0.1239;0.1239
;US-MO;1949;p99.9p100;806621.31;;0.0383;0.0383
;US-MO;1949;p99.99p100;2274361.3;;0.0108;0.0108
;US-MO;1949;p90p100;79026.0;;0.37540001;0.37540001
;US-MO;1949;p90p95;48519.199;;0.1152;0.1152
;US-MO;1949;p95p99;71615.203;;0.13609999;0.13609999
;US-MO;1949;p99.5p99.9;264708.31;;0.050299998;0.050299998
;US-MO;1949;p99.9p99.99;643558.63;;0.0275;0.0275
;US-MO;1949;p99p99.5;148792.5;;0.035300002;0.035300002
;US-MO;1949;p95p100;109477.1;;0.25999999;0.25999999
;US-MO;1949;p0p90;14614.7;;0.62480003;0.62480003
;US-MO;1949;p0p99;18630.1;;0.8761;0.8761
;US-MO;1949;p99.5p100;373091.0;;0.088600002;0.088600002
;US-MO;1948;p0p100;1766724.6;37404861630.0;1.0;1.0
;US-MO;1948;p99p100;273003.41;;0.1261;0.1261
;US-MO;1948;p99.9p100;850314.19;;0.039299998;0.039299998
;US-MO;1948;p99.99p100;2311025.5;;0.0107;0.0107
;US-MO;1948;p90p100;77814.102;;0.35949999;0.35949999
;US-MO;1948;p90p95;43789.301;;0.1012;0.1012
;US-MO;1948;p95p99;71554.102;;0.1322;0.1322
;US-MO;1948;p99.5p99.9;278349.59;;0.051399998;0.051399998
;US-MO;1948;p99.9p99.99;688038.88;;0.0286;0.0286
;US-MO;1948;p99p99.5;153267.3;;0.035399999;0.035399999
;US-MO;1948;p95p100;111843.6;;0.25839999;0.25839999
;US-MO;1948;p0p90;15403.0;;0.64050001;0.64050001
;US-MO;1948;p0p99;19105.4;;0.8739;0.8739
;US-MO;1948;p99.5p100;392740.91;;0.090700001;0.090700001
;US-MO;1947;p0p100;1921494.9;34946946618.0;1.0;1.0
;US-MO;1947;p99p100;268755.09;;0.13259999;0.13259999
;US-MO;1947;p99.9p100;849181.63;;0.041900001;0.041900001
;US-MO;1947;p99.99p100;2656018.3;;0.0131;0.0131
;US-MO;1947;p90p100;76844.203;;0.37920001;0.37920001
;US-MO;1947;p90p95;43755.699;;0.1079;0.1079
;US-MO;1947;p95p99;70225.297;;0.13860001;0.13860001
;US-MO;1947;p99.5p99.9;270337.09;;0.053399999;0.053399999
;US-MO;1947;p99.9p99.99;648450.88;;0.0288;0.0288
;US-MO;1947;p99p99.5;151402.91;;0.0374;0.0374
;US-MO;1947;p95p100;109933.0;;0.2712;0.2712
;US-MO;1947;p0p90;13981.2;;0.62089998;0.62089998
;US-MO;1947;p0p99;17757.4;;0.86739999;0.86739999
;US-MO;1947;p99.5p100;386105.19;;0.095299996;0.095299996
;US-MO;1946;p0p100;2593617.5;35911040110.0;1.0;1.0
;US-MO;1946;p99p100;296449.19;;0.1417;0.1417
;US-MO;1946;p99.9p100;927624.0;;0.044300001;0.044300001
;US-MO;1946;p99.99p100;2733550.5;;0.0131;0.0131
;US-MO;1946;p90p100;80825.5;;0.38640001;0.38640001
;US-MO;1946;p90p95;43254.102;;0.1034;0.1034
;US-MO;1946;p95p99;73882.297;;0.14129999;0.14129999
;US-MO;1946;p99.5p99.9;299808.91;;0.057300001;0.057300001
;US-MO;1946;p99.9p99.99;726991.69;;0.031300001;0.031300001
;US-MO;1946;p99p99.5;167516.8;;0.039999999;0.039999999
;US-MO;1946;p95p100;118396.7;;0.28299999;0.28299999
;US-MO;1946;p0p90;14261.9;;0.61360002;0.61360002
;US-MO;1946;p0p99;18135.1;;0.85829997;0.85829997
;US-MO;1946;p99.5p100;425371.5;;0.1017;0.1017
;US-MO;1945;p0p100;2968821.3;35042358654.0;1.0;1.0
;US-MO;1945;p99p100;272961.5;;0.13429999;0.13429999
;US-MO;1945;p99.9p100;851781.63;;0.041900001;0.041900001
;US-MO;1945;p99.99p100;2290739.3;;0.0113;0.0113
;US-MO;1945;p90p100;75617.703;;0.37200001;0.37200001
;US-MO;1945;p90p95;42144.0;;0.1037;0.1037
;US-MO;1945;p95p99;68125.898;;0.13410001;0.13410001
;US-MO;1945;p99.5p99.9;280876.5;;0.055300001;0.055300001
;US-MO;1945;p99.9p99.99;694169.31;;0.0307;0.0307
;US-MO;1945;p99p99.5;150873.0;;0.037099998;0.037099998
;US-MO;1945;p95p100;109091.3;;0.2683;0.2683
;US-MO;1945;p0p90;14180.9;;0.6279;0.6279
;US-MO;1945;p0p99;17774.9;;0.86570001;0.86570001
;US-MO;1945;p99.5p100;395038.19;;0.097199999;0.097199999
;US-MO;1944;p0p100;3053143.0;34567265313.0;1.0;1.0
;US-MO;1944;p99p100;246847.5;;0.1235;0.1235
;US-MO;1944;p99.9p100;782961.38;;0.0392;0.0392
;US-MO;1944;p99.99p100;2221486.3;;0.0111;0.0111
;US-MO;1944;p90p100;68690.0;;0.34369999;0.34369999
;US-MO;1944;p90p95;38906.699;;0.0973;0.0973
;US-MO;1944;p95p99;60621.0;;0.1213;0.1213
;US-MO;1944;p99.5p99.9;253850.7;;0.050799999;0.050799999
;US-MO;1944;p99.9p99.99;623446.31;;0.028100001;0.028100001
;US-MO;1944;p99p99.5;134014.59;;0.033500001;0.033500001
;US-MO;1944;p95p100;97921.797;;0.245;0.245
;US-MO;1944;p0p90;14605.3;;0.65780002;0.65780002
;US-MO;1944;p0p99;17692.1;;0.87650001;0.87650001
;US-MO;1944;p99.5p100;359707.5;;0.090000004;0.090000004
;US-MO;1943;p0p100;3208060.3;35165795265.0;1.0;1.0
;US-MO;1943;p99p100;268300.41;;0.1323;0.1323
;US-MO;1943;p99.9p100;906709.81;;0.0447;0.0447
;US-MO;1943;p99.99p100;2461009.5;;0.0121;0.0121
;US-MO;1943;p90p100;73971.5;;0.3646;0.3646
;US-MO;1943;p90p95;43409.5;;0.107;0.107
;US-MO;1943;p95p99;63586.102;;0.12540001;0.12540001
;US-MO;1943;p99.5p99.9;272459.81;;0.0537;0.0537
;US-MO;1943;p99.9p99.99;736184.19;;0.032699998;0.032699998
;US-MO;1943;p99p99.5;137278.41;;0.033799998;0.033799998
;US-MO;1943;p95p100;104527.5;;0.25760001;0.25760001
;US-MO;1943;p0p90;14319.7;;0.63529998;0.63529998
;US-MO;1943;p0p99;17781.4;;0.86769998;0.86769998
;US-MO;1943;p99.5p100;399323.5;;0.098399997;0.098399997
;US-MO;1942;p0p100;3214256.5;31275077630.0;1.0;1.0
;US-MO;1942;p99p100;253775.91;;0.1407;0.1407
;US-MO;1942;p99.9p100;864231.31;;0.047899999;0.047899999
;US-MO;1942;p99.99p100;2611484.0;;0.0145;0.0145
;US-MO;1942;p90p100;69075.398;;0.3829;0.3829
;US-MO;1942;p90p95;39209.199;;0.1087;0.1087
;US-MO;1942;p95p99;60226.699;;0.13349999;0.13349999
;US-MO;1942;p99.5p99.9;255016.0;;0.056499999;0.056499999
;US-MO;1942;p99.9p99.99;669888.5;;0.033399999;0.033399999
;US-MO;1942;p99p99.5;130647.9;;0.036200002;0.036200002
;US-MO;1942;p95p100;98941.898;;0.27419999;0.27419999
;US-MO;1942;p0p90;12369.7;;0.6171;0.6171
;US-MO;1942;p0p99;15658.4;;0.85930002;0.85930002
;US-MO;1942;p99.5p100;376891.81;;0.1045;0.1045
;US-MO;1941;p0p100;3334792.5;26576356988.0;1.0;1.0
;US-MO;1941;p99p100;252499.41;;0.1652;0.1652
;US-MO;1941;p99.9p100;870719.81;;0.057;0.057
;US-MO;1941;p99.99p100;2651277.0;;0.0173;0.0173
;US-MO;1941;p90p100;67898.602;;0.44420001;0.44420001
;US-MO;1941;p90p95;39196.102;;0.12819999;0.12819999
;US-MO;1941;p95p99;57641.102;;0.1508;0.1508
;US-MO;1941;p99.5p99.9;251851.7;;0.065899998;0.065899998
;US-MO;1941;p99.9p99.99;672310.81;;0.0396;0.0396
;US-MO;1941;p99p99.5;129246.4;;0.042300001;0.042300001
;US-MO;1941;p95p100;96617.102;;0.3161;0.3161
;US-MO;1941;p0p90;9439.2002;;0.55580002;0.55580002
;US-MO;1941;p0p99;12888.4;;0.8348;0.8348
;US-MO;1941;p99.5p100;375720.91;;0.1229;0.1229
;US-MO;1940;p0p100;3112496.3;22588005378.0;1.0;1.0
;US-MO;1940;p99p100;228980.8;;0.177;0.177
;US-MO;1940;p99.9p100;794120.88;;0.0614;0.0614
;US-MO;1940;p99.99p100;2376240.5;;0.0184;0.0184
;US-MO;1940;p90p100;62578.0;;0.48359999;0.48359999
;US-MO;1940;p90p95;36432.199;;0.1408;0.1408
;US-MO;1940;p95p99;53662.898;;0.16590001;0.16590001
;US-MO;1940;p99.5p99.9;226418.5;;0.07;0.07
;US-MO;1940;p99.9p99.99;617751.81;;0.043000001;0.043000001
;US-MO;1940;p99p99.5;117904.6;;0.045600001;0.045600001
;US-MO;1940;p95p100;88721.0;;0.34279999;0.34279999
;US-MO;1940;p0p90;7425.0;;0.51639998;0.51639998
;US-MO;1940;p0p99;10757.2;;0.82300001;0.82300001
;US-MO;1940;p99.5p100;340028.0;;0.1314;0.1314
;US-MO;1939;p0p100;3158129.0;22174079140.0;1.0;1.0
;US-MO;1939;p99p100;221346.09;;0.1718;0.1718
;US-MO;1939;p99.9p100;763919.63;;0.059300002;0.059300002
;US-MO;1939;p99.99p100;2199440.3;;0.017100001;0.017100001
;US-MO;1939;p90p100;56825.602;;0.44119999;0.44119999
;US-MO;1939;p90p95;26229.301;;0.1018;0.1018
;US-MO;1939;p95p99;53063.102;;0.1648;0.1648
;US-MO;1939;p99.5p99.9;219477.91;;0.0682;0.0682
;US-MO;1939;p99.9p99.99;604115.19;;0.042199999;0.042199999
;US-MO;1939;p99p99.5;114252.7;;0.044399999;0.044399999
;US-MO;1939;p95p100;86708.898;;0.33660001;0.33660001
;US-MO;1939;p0p90;8037.1001;;0.56160003;0.56160003
;US-MO;1939;p0p99;10774.5;;0.82819998;0.82819998
;US-MO;1939;p99.5p100;328425.09;;0.1275;0.1275
;US-MO;1938;p0p100;2908876.3;20756101765.0;1.0;1.0
;US-MO;1938;p99p100;204014.5;;0.1671;0.1671
;US-MO;1938;p99.9p100;743208.5;;0.060899999;0.060899999
;US-MO;1938;p99.99p100;2577404.0;;0.0211;0.0211
;US-MO;1938;p90p100;53250.102;;0.43619999;0.43619999
;US-MO;1938;p90p95;26247.6;;0.1075;0.1075
;US-MO;1938;p95p99;47921.301;;0.15700001;0.15700001
;US-MO;1938;p99.5p99.9;195456.7;;0.064000003;0.064000003
;US-MO;1938;p99.9p99.99;538737.19;;0.039700001;0.039700001
;US-MO;1938;p99p99.5;102950.0;;0.042199999;0.042199999
;US-MO;1938;p95p100;79124.602;;0.32409999;0.32409999
;US-MO;1938;p0p90;7711.0;;0.56849998;0.56849998
;US-MO;1938;p0p99;10270.9;;0.83289999;0.83289999
;US-MO;1938;p99.5p100;305080.41;;0.1249;0.1249
;US-MO;1937;p0p100;2964686.8;21699568592.0;1.0;1.0
;US-MO;1937;p99p100;228042.2;;0.17649999;0.17649999
;US-MO;1937;p99.9p100;811401.63;;0.062799998;0.062799998
;US-MO;1937;p99.99p100;2243444.5;;0.0174;0.0174
;US-MO;1937;p90p100;56055.301;;0.4339;0.4339
;US-MO;1937;p90p95;25605.1;;0.099100001;0.099100001
;US-MO;1937;p95p99;49815.801;;0.1542;0.1542
;US-MO;1937;p99.5p99.9;226532.59;;0.070100002;0.070100002
;US-MO;1937;p99.9p99.99;652338.38;;0.045400001;0.045400001
;US-MO;1937;p99p99.5;112579.4;;0.0436;0.0436
;US-MO;1937;p95p100;85461.5;;0.3308;0.3308
;US-MO;1937;p0p90;8183.7998;;0.57010001;0.57010001
;US-MO;1937;p0p99;10745.8;;0.82349998;0.82349998
;US-MO;1937;p99.5p100;343505.81;;0.1329;0.1329
;US-MO;1936;p0p100;3063067.0;20667796647.0;1.0;1.0
;US-MO;1936;p99p100;246612.8;;0.19840001;0.19840001
;US-MO;1936;p99.9p100;890147.81;;0.071599998;0.071599998
;US-MO;1936;p99.99p100;2533126.5;;0.020400001;0.020400001
;US-MO;1936;p90p100;58431.5;;0.47;0.47
;US-MO;1936;p90p95;26904.199;;0.1082;0.1082
;US-MO;1936;p95p99;49593.0;;0.1596;0.1596
;US-MO;1936;p99.5p99.9;245976.2;;0.079099998;0.079099998
;US-MO;1936;p99.9p99.99;707631.69;;0.051199999;0.051199999
;US-MO;1936;p99p99.5;118419.7;;0.047600001;0.047600001
;US-MO;1936;p95p100;88997.602;;0.35789999;0.35789999
;US-MO;1936;p0p90;7374.8999;;0.53390002;0.53390002
;US-MO;1936;p0p99;10067.1;;0.80159998;0.80159998
;US-MO;1936;p99.5p100;374808.41;;0.1507;0.1507
;US-MO;1935;p0p100;2874317.3;18821742966.0;1.0;1.0
;US-MO;1935;p99p100;192028.91;;0.16779999;0.16779999
;US-MO;1935;p99.9p100;675109.81;;0.059;0.059
;US-MO;1935;p99.99p100;1885289.4;;0.0165;0.0165
;US-MO;1935;p90p100;50177.801;;0.43849999;0.43849999
;US-MO;1935;p90p95;25647.9;;0.1121;0.1121
;US-MO;1935;p95p99;44481.602;;0.15549999;0.15549999
;US-MO;1935;p99.5p99.9;189715.59;;0.066299997;0.066299997
;US-MO;1935;p99.9p99.99;540679.13;;0.0425;0.0425
;US-MO;1935;p99p99.5;97272.0;;0.0425;0.0425
;US-MO;1935;p95p100;73996.703;;0.3233;0.3233
;US-MO;1935;p0p90;7178.3999;;0.56459999;0.56459999
;US-MO;1935;p0p99;9618.5;;0.83219999;0.83219999
;US-MO;1935;p99.5p100;286789.19;;0.12530001;0.12530001
;US-MO;1934;p0p100;2696329.5;16620706345.0;1.0;1.0
;US-MO;1934;p99p100;173939.2;;0.17020001;0.17020001
;US-MO;1934;p99.9p100;589896.63;;0.057700001;0.057700001
;US-MO;1934;p99.99p100;1577418.1;;0.0154;0.0154
;US-MO;1934;p90p100;47066.102;;0.46059999;0.46059999
;US-MO;1934;p90p95;23746.6;;0.1162;0.1162
;US-MO;1934;p95p99;43918.699;;0.1719;0.1719
;US-MO;1934;p99.5p99.9;173530.5;;0.067900002;0.067900002
;US-MO;1934;p99.9p99.99;480211.0;;0.042300001;0.042300001
;US-MO;1934;p99p99.5;91075.898;;0.044599999;0.044599999
;US-MO;1934;p95p100;70009.797;;0.34259999;0.34259999
;US-MO;1934;p0p90;6149.5;;0.54159999;0.54159999
;US-MO;1934;p0p99;8564.2998;;0.82980001;0.82980001
;US-MO;1934;p99.5p100;256797.0;;0.1257;0.1257
;US-MO;1933;p0p100;2762276.8;15773973977.0;1.0;1.0
;US-MO;1933;p99p100;158197.3;;0.16140001;0.16140001
;US-MO;1933;p99.9p100;566464.81;;0.057799999;0.057799999
;US-MO;1933;p99.99p100;1660121.3;;0.016899999;0.016899999
;US-MO;1933;p90p100;44455.398;;0.45359999;0.45359999
;US-MO;1933;p90p95;25198.1;;0.1286;0.1286
;US-MO;1933;p95p99;40590.102;;0.1657;0.1657
;US-MO;1933;p99.5p99.9;151390.91;;0.061799999;0.061799999
;US-MO;1933;p99.9p99.99;444947.5;;0.040899999;0.040899999
;US-MO;1933;p99p99.5;81989.0;;0.0418;0.0418
;US-MO;1933;p95p100;64098.699;;0.32699999;0.32699999
;US-MO;1933;p0p90;5927.5;;0.54439998;0.54439998
;US-MO;1933;p0p99;8301.2998;;0.83859998;0.83859998
;US-MO;1933;p99.5p100;234405.7;;0.1196;0.1196
;US-MO;1932;p0p100;2611138.5;16402305375.0;1.0;1.0
;US-MO;1932;p99p100;160237.5;;0.1557;0.1557
;US-MO;1932;p99.9p100;564007.13;;0.0548;0.0548
;US-MO;1932;p99.99p100;1664203.1;;0.0162;0.0162
;US-MO;1932;p90p100;47269.699;;0.45919999;0.45919999
;US-MO;1932;p90p95;27326.9;;0.1327;0.1327
;US-MO;1932;p95p99;43606.602;;0.16940001;0.16940001
;US-MO;1932;p99.5p99.9;152588.2;;0.059300002;0.059300002
;US-MO;1932;p99.9p99.99;441763.0;;0.038600001;0.038600001
;US-MO;1932;p99p99.5;85603.102;;0.0416;0.0416
;US-MO;1932;p95p100;66948.602;;0.32519999;0.32519999
;US-MO;1932;p0p90;6201.1001;;0.54220003;0.54220003
;US-MO;1932;p0p99;8779.4004;;0.84429997;0.84429997
;US-MO;1932;p99.5p100;234872.0;;0.1141;0.1141
;US-MO;1931;p0p100;2511064.8;19400573533.0;1.0;1.0
;US-MO;1931;p99p100;185271.41;;0.1506;0.1506
;US-MO;1931;p99.9p100;632422.69;;0.051399998;0.051399998
;US-MO;1931;p99.99p100;1932975.8;;0.015699999;0.015699999
;US-MO;1931;p90p100;51486.602;;0.41839999;0.41839999
;US-MO;1931;p90p95;29125.801;;0.1183;0.1183
;US-MO;1931;p95p99;44648.301;;0.1451;0.1451
;US-MO;1931;p99.5p99.9;182137.09;;0.0592;0.0592
;US-MO;1931;p99.9p99.99;487916.81;;0.035700001;0.035700001
;US-MO;1931;p99p99.5;98348.602;;0.039999999;0.039999999
;US-MO;1931;p95p100;72885.398;;0.29620001;0.29620001
;US-MO;1931;p0p90;8011.6001;;0.58600003;0.58600003
;US-MO;1931;p0p99;10558.2;;0.84939998;0.84939998
;US-MO;1931;p99.5p100;272194.19;;0.1106;0.1106
;US-MO;1930;p0p100;2216793.5;20347707646.0;1.0;1.0
;US-MO;1930;p99p100;219355.91;;0.1679;0.1679
;US-MO;1930;p99.9p100;791872.5;;0.060600001;0.060600001
;US-MO;1930;p99.99p100;2518800.5;;0.019300001;0.019300001
;US-MO;1930;p90p100;53268.102;;0.40779999;0.40779999
;US-MO;1930;p90p95;23074.1;;0.088299997;0.088299997
;US-MO;1930;p95p99;45855.301;;0.14040001;0.14040001
;US-MO;1930;p99.5p99.9;213002.3;;0.065200001;0.065200001
;US-MO;1930;p99.9p99.99;599991.63;;0.041299999;0.041299999
;US-MO;1930;p99p99.5;109935.5;;0.042100001;0.042100001
;US-MO;1930;p95p100;80599.297;;0.30860001;0.30860001
;US-MO;1930;p0p90;8754.9004;;0.60329998;0.60329998
;US-MO;1930;p0p99;10977.1;;0.83209997;0.83209997
;US-MO;1930;p99.5p100;328776.31;;0.1259;0.1259
;US-MO;1929;p0p100;2349115.5;22588253773.0;1.0;1.0
;US-MO;1929;p99p100;289461.0;;0.1987;0.1987
;US-MO;1929;p99.9p100;1233212.6;;0.084600002;0.084600002
;US-MO;1929;p99.99p100;4919513.0;;0.033799998;0.033799998
;US-MO;1929;p90p100;61529.398;;0.42230001;0.42230001
;US-MO;1929;p90p95;24256.6;;0.0832;0.0832
;US-MO;1929;p95p99;49736.102;;0.1365;0.1365
;US-MO;1929;p99.5p99.9;257969.0;;0.070799999;0.070799999
;US-MO;1929;p99.9p99.99;823623.81;;0.050900001;0.050900001
;US-MO;1929;p99p99.5;125904.4;;0.043200001;0.043200001
;US-MO;1929;p95p100;97618.703;;0.33500001;0.33500001
;US-MO;1929;p0p90;9414.0996;;0.58149999;0.58149999
;US-MO;1929;p0p99;11792.9;;0.80129999;0.80129999
;US-MO;1929;p99.5p100;453017.69;;0.15549999;0.15549999
;US-MO;1928;p0p100;2292820.8;21944725718.0;1.0;1.0
;US-MO;1928;p99p100;296071.31;;0.20819999;0.20819999
;US-MO;1928;p99.9p100;1257220.5;;0.088399999;0.088399999
;US-MO;1928;p99.99p100;4913036.0;;0.034499999;0.034499999
;US-MO;1928;p90p100;62252.699;;0.43779999;0.43779999
;US-MO;1928;p90p95;24459.4;;0.086000003;0.086000003
;US-MO;1928;p95p99;49721.602;;0.1399;0.1399
;US-MO;1928;p99.5p99.9;267561.81;;0.075300001;0.075300001
;US-MO;1928;p99.9p99.99;851018.81;;0.0539;0.0539
;US-MO;1928;p99p99.5;126649.2;;0.044500001;0.044500001
;US-MO;1928;p95p100;98919.602;;0.34779999;0.34779999
;US-MO;1928;p0p90;8942.0996;;0.56590003;0.56590003
;US-MO;1928;p0p99;11373.4;;0.79180002;0.79180002
;US-MO;1928;p99.5p100;465493.5;;0.1637;0.1637
;US-MO;1927;p0p100;2138845.8;20893523478.0;1.0;1.0
;US-MO;1927;p99p100;253672.7;;0.18610001;0.18610001
;US-MO;1927;p99.9p100;981219.69;;0.071999997;0.071999997
;US-MO;1927;p99.99p100;3263234.8;;0.0239;0.0239
;US-MO;1927;p90p100;56235.0;;0.41260001;0.41260001
;US-MO;1927;p90p95;22712.9;;0.083300002;0.083300002
;US-MO;1927;p95p99;46882.102;;0.1376;0.1376
;US-MO;1927;p99.5p99.9;240930.8;;0.070699997;0.070699997
;US-MO;1927;p99.9p99.99;727662.38;;0.048;0.048
;US-MO;1927;p99p99.5;118356.8;;0.043400001;0.043400001
;US-MO;1927;p95p100;88196.898;;0.32350001;0.32350001
;US-MO;1927;p0p90;8980.2998;;0.59299999;0.59299999
;US-MO;1927;p0p99;11205.2;;0.81389999;0.81389999
;US-MO;1927;p99.5p100;388988.59;;0.1427;0.1427
;US-MO;1926;p0p100;2035259.0;20482277719.0;1.0;1.0
;US-MO;1926;p99p100;247607.7;;0.1838;0.1838
;US-MO;1926;p99.9p100;953440.88;;0.070799999;0.070799999
;US-MO;1926;p99.99p100;3080480.3;;0.0229;0.0229
;US-MO;1926;p90p100;56345.898;;0.41819999;0.41819999
;US-MO;1926;p90p95;23256.6;;0.086300001;0.086300001
;US-MO;1926;p95p99;47896.699;;0.14219999;0.14219999
;US-MO;1926;p99.5p99.9;235222.8;;0.069799997;0.069799997
;US-MO;1926;p99.9p99.99;717103.19;;0.047899999;0.047899999
;US-MO;1926;p99p99.5;116349.0;;0.043200001;0.043200001
;US-MO;1926;p95p100;87808.602;;0.32589999;0.32589999
;US-MO;1926;p0p90;8798.5;;0.58770001;0.58770001
;US-MO;1926;p0p99;11108.4;;0.81620002;0.81620002
;US-MO;1926;p99.5p100;378866.5;;0.1406;0.1406
;US-MO;1925;p0p100;2073900.5;20315497602.0;1.0;1.0
;US-MO;1925;p99p100;253588.41;;0.1882;0.1882
;US-MO;1925;p99.9p100;1023794.7;;0.075999998;0.075999998
;US-MO;1925;p99.99p100;3856664.3;;0.0286;0.0286
;US-MO;1925;p90p100;58285.301;;0.43270001;0.43270001
;US-MO;1925;p90p95;25728.0;;0.0955;0.0955
;US-MO;1925;p95p99;48869.898;;0.1451;0.1451
;US-MO;1925;p99.5p99.9;235029.91;;0.069799997;0.069799997
;US-MO;1925;p99.9p99.99;709031.38;;0.047400001;0.047400001
;US-MO;1925;p99p99.5;114394.0;;0.0425;0.0425
;US-MO;1925;p95p100;89776.203;;0.33320001;0.33320001
;US-MO;1925;p0p90;8549.2998;;0.57120001;0.57120001
;US-MO;1925;p0p99;11046.0;;0.8118;0.8118
;US-MO;1925;p99.5p100;392782.91;;0.14579999;0.14579999
;US-MO;1924;p0p100;2091471.3;19298557151.0;1.0;1.0
;US-MO;1924;p99p100;210353.09;;0.1628;0.1628
;US-MO;1924;p99.9p100;742261.19;;0.057399999;0.057399999
;US-MO;1924;p99.99p100;2082569.4;;0.016100001;0.016100001
;US-MO;1924;p90p100;56902.398;;0.4404;0.4404
;US-MO;1924;p90p95;31884.199;;0.1234;0.1234
;US-MO;1924;p95p99;49852.301;;0.1543;0.1543
;US-MO;1924;p99.5p99.9;209597.7;;0.064900003;0.064900003
;US-MO;1924;p99.9p99.99;593338.19;;0.041299999;0.041299999
;US-MO;1924;p99p99.5;104575.8;;0.0405;0.0405
;US-MO;1924;p95p100;81952.5;;0.31709999;0.31709999
;US-MO;1924;p0p90;8032.5;;0.55949998;0.55949998
;US-MO;1924;p0p99;10926.8;;0.83719999;0.83719999
;US-MO;1924;p99.5p100;316130.41;;0.1223;0.1223
;US-MO;1923;p0p100;2113653.5;19158747907.0;1.0;1.0
;US-MO;1923;p99p100;193161.59;;0.1485;0.1485
;US-MO;1923;p99.9p100;669972.63;;0.0515;0.0515
;US-MO;1923;p99.99p100;1808013.8;;0.0139;0.0139
;US-MO;1923;p90p100;53359.699;;0.4102;0.4102
;US-MO;1923;p90p95;30286.199;;0.1164;0.1164
;US-MO;1923;p95p99;47262.898;;0.1453;0.1453
;US-MO;1923;p99.5p99.9;193032.0;;0.0594;0.0594
;US-MO;1923;p99.9p99.99;543526.0;;0.037599999;0.037599999
;US-MO;1923;p99p99.5;97903.297;;0.037599999;0.037599999
;US-MO;1923;p95p100;76442.703;;0.2938;0.2938
;US-MO;1923;p0p90;8523.0;;0.58969998;0.58969998
;US-MO;1923;p0p99;11187.4;;0.85149997;0.85149997
;US-MO;1923;p99.5p100;288420.0;;0.1109;0.1109
;US-MO;1922;p0p100;1994907.3;17243226377.0;1.0;1.0
;US-MO;1922;p99p100;188359.5;;0.15899999;0.15899999
;US-MO;1922;p99.9p100;648567.0;;0.054699998;0.054699998
;US-MO;1922;p99.99p100;1642232.0;;0.0139;0.0139
;US-MO;1922;p90p100;50066.602;;0.4226;0.4226
;US-MO;1922;p90p95;26931.9;;0.1137;0.1137
;US-MO;1922;p95p99;44409.102;;0.1499;0.1499
;US-MO;1922;p99.5p99.9;189671.8;;0.064000003;0.064000003
;US-MO;1922;p99.9p99.99;538159.69;;0.040899999;0.040899999
;US-MO;1922;p99p99.5;95268.102;;0.040199999;0.040199999
;US-MO;1922;p95p100;73199.203;;0.3089;0.3089
;US-MO;1922;p0p90;7601.3999;;0.57740003;0.57740003
;US-MO;1922;p0p99;10064.8;;0.84100002;0.84100002
;US-MO;1922;p99.5p100;281450.81;;0.1188;0.1188
;US-MO;1921;p0p100;1524982.8;14895663281.0;1.0;1.0
;US-MO;1921;p99p100;156667.41;;0.1517;0.1517
;US-MO;1921;p99.9p100;515408.69;;0.049899999;0.049899999
;US-MO;1921;p99.99p100;1316189.1;;0.0127;0.0127
;US-MO;1921;p90p100;44417.0;;0.43020001;0.43020001
;US-MO;1921;p90p95;25486.1;;0.1234;0.1234
;US-MO;1921;p95p99;40019.602;;0.155;0.155
;US-MO;1921;p99.5p99.9;159291.0;;0.061700001;0.061700001
;US-MO;1921;p99.9p99.99;426433.09;;0.0372;0.0372
;US-MO;1921;p99p99.5;82820.203;;0.040100001;0.040100001
;US-MO;1921;p95p100;63349.199;;0.30680001;0.30680001
;US-MO;1921;p0p90;6537.2002;;0.56980002;0.56980002
;US-MO;1921;p0p99;8847.0996;;0.84829998;0.84829998
;US-MO;1921;p99.5p100;230514.5;;0.1116;0.1116
;US-MO;1920;p0p100;1312472.0;15834584928.0;1.0;1.0
;US-MO;1920;p99p100;167159.91;;0.15009999;0.15009999
;US-MO;1920;p99.9p100;555786.0;;0.049899999;0.049899999
;US-MO;1920;p99.99p100;1410892.6;;0.0127;0.0127
;US-MO;1920;p90p100;43626.301;;0.39179999;0.39179999
;US-MO;1920;p90p95;23102.699;;0.1037;0.1037
;US-MO;1920;p95p99;38344.5;;0.13770001;0.13770001
;US-MO;1920;p99.5p99.9;169813.91;;0.061000001;0.061000001
;US-MO;1920;p99.9p99.99;460774.09;;0.0372;0.0372
;US-MO;1920;p99p99.5;87311.5;;0.0392;0.0392
;US-MO;1920;p95p100;64107.602;;0.2879;0.2879
;US-MO;1920;p0p90;7527.5;;0.60839999;0.60839999
;US-MO;1920;p0p99;9559.2002;;0.84990001;0.84990001
;US-MO;1920;p99.5p100;247008.3;;0.1109;0.1109
;US-MO;1919;p0p100;2007379.9;17836469179.0;1.0;1.0
;US-MO;1919;p99p100;190270.41;;0.1499;0.1499
;US-MO;1919;p99.9p100;670173.69;;0.0528;0.0528
;US-MO;1919;p99.99p100;1773947.1;;0.014;0.014
;US-MO;1919;p90p100;47247.398;;0.37220001;0.37220001
;US-MO;1919;p90p95;20623.199;;0.081200004;0.081200004
;US-MO;1919;p95p99;44460.699;;0.1401;0.1401
;US-MO;1919;p99.5p99.9;186747.59;;0.058800001;0.058800001
;US-MO;1919;p99.9p99.99;548327.31;;0.038899999;0.038899999
;US-MO;1919;p99p99.5;96842.703;;0.0381;0.0381
;US-MO;1919;p95p100;73622.703;;0.28999999;0.28999999
;US-MO;1919;p0p90;8869.2002;;0.62879997;0.62879997
;US-MO;1919;p0p99;10900.2;;0.85009998;0.85009998
;US-MO;1919;p99.5p100;283698.0;;0.1117;0.1117
;US-MO;1918;p0p100;2670032.5;17874104550.0;1.0;1.0
;US-MO;1918;p99p100;193568.2;;0.1512;0.1512
;US-MO;1918;p99.9p100;693789.63;;0.054200001;0.054200001
;US-MO;1918;p99.99p100;1896172.8;;0.0148;0.0148
;US-MO;1918;p90p100;49472.801;;0.3865;0.3865
;US-MO;1918;p90p95;22326.6;;0.087200001;0.087200001
;US-MO;1918;p95p99;46728.699;;0.146;0.146
;US-MO;1918;p99.5p99.9;188638.41;;0.059;0.059
;US-MO;1918;p99.9p99.99;560202.69;;0.0394;0.0394
;US-MO;1918;p99p99.5;97469.203;;0.0381;0.0381
;US-MO;1918;p95p100;76096.602;;0.29730001;0.29730001
;US-MO;1918;p0p90;8753.0996;;0.61549997;0.61549997
;US-MO;1918;p0p99;10973.1;;0.8488;0.8488
;US-MO;1918;p99.5p100;289667.59;;0.1132;0.1132
;US-MO;1917;p0p100;3925371.5;19183190914.0;1.0;1.0
;US-MO;1917;p99p100;223972.2;;0.16419999;0.16419999
;US-MO;1917;p99.9p100;956356.19;;0.070100002;0.070100002
;US-MO;1917;p99.99p100;3276096.8;;0.024;0.024
;US-MO;1917;p90p100;53250.398;;0.39039999;0.39039999
;US-MO;1917;p90p95;23558.0;;0.086300001;0.086300001
