Variable Name;.;.;.;Fiscal income  | tax unit | Average | Adults | constant 2015 local currency;Fiscal income  | tax unit | Total | Adults | constant 2015 local currency;Fiscal income  | tax unit | Share | Adults | share of total (ratio);Pre-tax national income  | tax unit | Share | Adults | share of total (ratio)
Variable Category;.;.;.;Income inequality;Income inequality;Income inequality;Income inequality
Variable Description;.;.;.;Average Fiscal income within a given percentile group. Fiscal income is defined as the sum of all income items reported on income tax returns, before any deduction. It includes labour income, capital income and mixed income. The concept of fiscal income varies with national tax legislations, so in order to make international comparisons it is preferable to use the concept of national income. The population is comprised of individuals over age 20. The base unit is the tax unit defined by national fiscal administrations to measure personal income taxes.;Total Fiscal income  within a given percentile group. Fiscal income is defined as the sum of all income items reported on income tax returns, before any deduction. It includes labour income, capital income and mixed income. The concept of fiscal income varies with national tax legislations, so in order to make international comparisons it is preferable to use the concept of national income. The population is comprised of individuals over age 20.;Fiscal income share held by a given percentile group. Fiscal income is defined as the sum of all income items reported on income tax returns, before any deduction. It includes labour income, capital income and mixed income. The concept of fiscal income varies with national tax legislations, so in order to make international comparisons it is preferable to use the concept of national income. The population is comprised of individuals over age 20. The base unit is the tax unit defined by national fiscal administrations to measure personal income taxes.;Pre-tax national income share held by a given percentile group. Pre-tax national income  is the sum of all pre-tax personal income flows accruing to the owners of the production factors, labor and capital, before taking into account the operation of the tax/transfer system, but after taking into account the operation of pension system. The central difference between personal factor income and pre-tax income is the treatment of pensions, which are counted on a contribution basis by factor income and on a distribution basis by pre-tax income. The population is comprised of individuals over age 20. The base unit is the tax unit defined by national fiscal administrations to measure personal income taxes.
Variable Decomposition;.;.;.;[Fiscal income ]=[Fiscal labour income ]+[Fiscal capital income ];[Fiscal income ]=[Fiscal labour income ]+[Fiscal capital income ];[Fiscal income ]=[Fiscal labour income ]+[Fiscal capital income ];Pre-tax national income =Pre-tax labor income [total pre-tax income ranking]+Pre-tax capital income [total pre-tax income ranking]
Variable Unit;.;.;.;"USD; United States dollar | local currency | market";"USD; United States dollar | local currency | market";share;share
Methodological Notes;.;.;.;;;;Assuming the same distribution as fiscal income.
Sources;.;.;.;Frank, Sommeiller, Price & Saez (2015);Frank, Sommeiller, Price & Saez (2015);Frank, Sommeiller, Price & Saez (2015);WID.world computations using: Frank, Sommeiller, Price & Saez (2015)
Variable Code;country;year;perc;afiinc992t;mfiinc992t;sfiinc992t;sptinc992t
;US-PA;2015;p0p100;64605.5;4.39269406806e+11;1.0;1.0
;US-PA;2015;p99p100;1217718.8;;0.1885;0.1885
;US-PA;2015;p99.9p100;5668350.5;;0.087700002;0.087700002
;US-PA;2015;p99.99p100;25369134.0;;0.039299998;0.039299998
;US-PA;2015;p90p100;303239.31;;0.46939999;0.46939999
;US-PA;2015;p90p95;154200.09;;0.1193;0.1193
;US-PA;2015;p95p99;260165.2;;0.1611;0.1611
;US-PA;2015;p99.5p99.9;977589.88;;0.0605;0.0605
;US-PA;2015;p99.9p99.99;3496332.5;;0.048700001;0.048700001
;US-PA;2015;p99p99.5;518636.41;;0.040100001;0.040100001
;US-PA;2015;p95p100;451932.59;;0.34979999;0.34979999
;US-PA;2015;p0p90;38113.102;;0.5309;0.5309
;US-PA;2015;p0p99;52957.898;;0.81150001;0.81150001
;US-PA;2015;p99.5p100;1915811.4;;0.14830001;0.14830001
;US-PA;2014;p0p100;61956.801;4.20261582079e+11;1.0;1.0
;US-PA;2014;p99p100;1085558.9;;0.17560001;0.17560001
;US-PA;2014;p99.9p100;4713173.5;;0.076300003;0.076300003
;US-PA;2014;p99.99p100;20270292.0;;0.0328;0.0328
;US-PA;2014;p90p100;282585.31;;0.45719999;0.45719999
;US-PA;2014;p90p95;148665.8;;0.1203;0.1203
;US-PA;2014;p95p99;249103.8;;0.1612;0.1612
;US-PA;2014;p99.5p99.9;918775.5;;0.059500001;0.059500001
;US-PA;2014;p99.9p99.99;3003427.0;;0.043699998;0.043699998
;US-PA;2014;p99p99.5;494411.91;;0.039999999;0.039999999
;US-PA;2014;p95p100;416328.0;;0.33680001;0.33680001
;US-PA;2014;p0p90;37261.398;;0.54259998;0.54259998
;US-PA;2014;p0p99;51469.102;;0.82440001;0.82440001
;US-PA;2014;p99.5p100;1676643.1;;0.1356;0.1356
;US-PA;2013;p0p100;60776.699;4.03847394277e+11;1.0;1.0
;US-PA;2013;p99p100;973564.88;;0.16580001;0.16580001
;US-PA;2013;p99.9p100;4085870.5;;0.069600001;0.069600001
;US-PA;2013;p99.99p100;17406524.0;;0.0296;0.0296
;US-PA;2013;p90p100;263999.19;;0.44960001;0.44960001
;US-PA;2013;p90p95;143492.7;;0.1222;0.1222
;US-PA;2013;p95p99;236862.91;;0.16140001;0.16140001
;US-PA;2013;p99.5p99.9;834061.63;;0.0568;0.0568
;US-PA;2013;p99.9p99.99;2611317.0;;0.039999999;0.039999999
;US-PA;2013;p99p99.5;462963.91;;0.0394;0.0394
;US-PA;2013;p95p100;384266.09;;0.3272;0.3272
;US-PA;2013;p0p90;35912.602;;0.55049998;0.55049998
;US-PA;2013;p0p99;49471.398;;0.83420002;0.83420002
;US-PA;2013;p99.5p100;1484559.4;;0.12639999;0.12639999
;US-PA;2012;p0p100;64455.398;4.12541284229e+11;1.0;1.0
;US-PA;2012;p99p100;1170613.1;;0.1935;0.1935
;US-PA;2012;p99.9p100;5576965.5;;0.092200004;0.092200004
;US-PA;2012;p99.99p100;25975212.0;;0.0429;0.0429
;US-PA;2012;p90p100;284246.59;;0.47;0.47
;US-PA;2012;p90p95;143813.5;;0.1189;0.1189
;US-PA;2012;p95p99;237893.09;;0.1573;0.1573
;US-PA;2012;p99.5p99.9;929994.31;;0.061500002;0.061500002
;US-PA;2012;p99.9p99.99;3328016.5;;0.0495;0.0495
;US-PA;2012;p99p99.5;482242.0;;0.039900001;0.039900001
;US-PA;2012;p95p100;424375.59;;0.35080001;0.35080001
;US-PA;2012;p0p90;35612.301;;0.52990001;0.52990001
;US-PA;2012;p0p99;49267.898;;0.80650002;0.80650002
;US-PA;2012;p99.5p100;1859122.3;;0.15369999;0.15369999
;US-PA;2011;p0p100;64645.602;3.86963543286e+11;1.0;1.0
;US-PA;2011;p99p100;985228.88;;0.1692;0.1692
;US-PA;2011;p99.9p100;4290155.0;;0.073700003;0.073700003
;US-PA;2011;p99.99p100;18821694.0;;0.032299999;0.032299999
;US-PA;2011;p90p100;262871.41;;0.4515;0.4515
;US-PA;2011;p90p95;142480.91;;0.1224;0.1224
;US-PA;2011;p95p99;232448.3;;0.15970001;0.15970001
;US-PA;2011;p99.5p99.9;824385.88;;0.056600001;0.056600001
;US-PA;2011;p99.9p99.99;2681470.0;;0.0414;0.0414
;US-PA;2011;p99p99.5;452858.41;;0.038899999;0.038899999
;US-PA;2011;p95p100;382963.81;;0.32890001;0.32890001
;US-PA;2011;p0p90;35495.199;;0.54869998;0.54869998
;US-PA;2011;p0p99;48861.301;;0.8308;0.8308
;US-PA;2011;p99.5p100;1517978.4;;0.1304;0.1304
;US-PA;2010;p0p100;68969.102;3.84452415312e+11;1.0;1.0
;US-PA;2010;p99p100;1005483.3;;0.17219999;0.17219999
;US-PA;2010;p99.9p100;4595043.5;;0.078699999;0.078699999
;US-PA;2010;p99.99p100;21837974.0;;0.0374;0.0374
;US-PA;2010;p90p100;263325.0;;0.45109999;0.45109999
;US-PA;2010;p90p95;141738.41;;0.1214;0.1214
;US-PA;2010;p95p99;229343.5;;0.15719999;0.15719999
;US-PA;2010;p99.5p99.9;810334.63;;0.055500001;0.055500001
;US-PA;2010;p99.9p99.99;2678423.8;;0.041299999;0.041299999
;US-PA;2010;p99p99.5;443625.0;;0.037999999;0.037999999
;US-PA;2010;p95p100;384535.91;;0.3294;0.3294
;US-PA;2010;p0p90;35623.398;;0.5492;0.5492
;US-PA;2010;p0p99;48808.898;;0.82779998;0.82779998
;US-PA;2010;p99.5p100;1567908.0;;0.13429999;0.13429999
;US-PA;2009;p0p100;69560.0;3.67794215782e+11;1.0;1.0
;US-PA;2009;p99p100;913882.69;;0.1604;0.1604
;US-PA;2009;p99.9p100;3904895.0;;0.068499997;0.068499997
;US-PA;2009;p99.99p100;17109042.0;;0.029999999;0.029999999
;US-PA;2009;p90p100;251052.3;;0.44049999;0.44049999
;US-PA;2009;p90p95;140647.59;;0.1234;0.1234
;US-PA;2009;p95p99;222697.7;;0.15629999;0.15629999
;US-PA;2009;p99.5p99.9;761150.69;;0.053399999;0.053399999
;US-PA;2009;p99.9p99.99;2403819.5;;0.037999999;0.037999999
;US-PA;2009;p99p99.5;425980.81;;0.0374;0.0374
;US-PA;2009;p95p100;361118.31;;0.3168;0.3168
;US-PA;2009;p0p90;35557.398;;0.56150001;0.56150001
;US-PA;2009;p0p99;48335.301;;0.83960003;0.83960003
;US-PA;2009;p99.5p100;1398248.0;;0.1227;0.1227
;US-PA;2008;p0p100;75304.602;4.01562352924e+11;1.0;1.0
;US-PA;2008;p99p100;1108099.5;;0.17829999;0.17829999
;US-PA;2008;p99.9p100;5072745.0;;0.081600003;0.081600003
;US-PA;2008;p99.99p100;22638882.0;;0.036400001;0.036400001
;US-PA;2008;p90p100;277442.31;;0.4465;0.4465
;US-PA;2008;p90p95;145248.5;;0.1169;0.1169
;US-PA;2008;p95p99;232824.2;;0.1499;0.1499
;US-PA;2008;p99.5p99.9;891379.88;;0.057399999;0.057399999
;US-PA;2008;p99.9p99.99;3077384.8;;0.044599999;0.044599999
;US-PA;2008;p99p99.5;467308.41;;0.037599999;0.037599999
;US-PA;2008;p95p100;408968.31;;0.32910001;0.32910001
;US-PA;2008;p0p90;38475.398;;0.55729997;0.55729997
;US-PA;2008;p0p99;51573.602;;0.82169998;0.82169998
;US-PA;2008;p99.5p100;1741521.3;;0.1401;0.1401
;US-PA;2007;p0p100;86845.797;4.28751879871e+11;1.0;1.0
;US-PA;2007;p99p100;1339029.8;;0.2015;0.2015
;US-PA;2007;p99.9p100;6515858.0;;0.097999997;0.097999997
;US-PA;2007;p99.99p100;29852628.0;;0.0449;0.0449
;US-PA;2007;p90p100;306153.0;;0.46070001;0.46070001
;US-PA;2007;p90p95;148580.0;;0.1118;0.1118
;US-PA;2007;p95p99;242182.59;;0.14579999;0.14579999
;US-PA;2007;p99.5p99.9;1047357.1;;0.063000001;0.063000001
;US-PA;2007;p99.9p99.99;3894629.3;;0.052700002;0.052700002
;US-PA;2007;p99p99.5;515611.69;;0.038800001;0.038800001
;US-PA;2007;p95p100;462933.59;;0.34830001;0.34830001
;US-PA;2007;p0p90;40096.0;;0.54299998;0.54299998
;US-PA;2007;p0p99;53606.398;;0.7985;0.7985
;US-PA;2007;p99.5p100;2154380.8;;0.1621;0.1621
;US-PA;2006;p0p100;86769.0;4.0463485008e+11;1.0;1.0
;US-PA;2006;p99p100;1223111.9;;0.1948;0.1948
;US-PA;2006;p99.9p100;5747183.5;;0.091499999;0.091499999
;US-PA;2006;p99.99p100;25060648.0;;0.039900001;0.039900001
;US-PA;2006;p90p100;288077.69;;0.45879999;0.45879999
;US-PA;2006;p90p95;144433.0;;0.115;0.115
;US-PA;2006;p95p99;231630.0;;0.1476;0.1476
;US-PA;2006;p99.5p99.9;987104.88;;0.062899999;0.062899999
;US-PA;2006;p99.9p99.99;3591668.8;;0.0515;0.0515
;US-PA;2006;p99p99.5;490545.69;;0.039099999;0.039099999
;US-PA;2006;p95p100;430896.31;;0.34310001;0.34310001
;US-PA;2006;p0p90;37958.102;;0.54409999;0.54409999
;US-PA;2006;p0p99;51068.398;;0.80519998;0.80519998
;US-PA;2006;p99.5p100;1949206.1;;0.1552;0.1552
;US-PA;2005;p0p100;91355.203;3.93060703558e+11;1.0;1.0
;US-PA;2005;p99p100;1146838.8;;0.185;0.185
;US-PA;2005;p99.9p100;5329809.0;;0.086000003;0.086000003
;US-PA;2005;p99.99p100;23073272.0;;0.0372;0.0372
;US-PA;2005;p90p100;275434.5;;0.44440001;0.44440001
;US-PA;2005;p90p95;139883.59;;0.1129;0.1129
;US-PA;2005;p95p99;225068.8;;0.1453;0.1453
;US-PA;2005;p99.5p99.9;929250.5;;0.059999999;0.059999999
;US-PA;2005;p99.9p99.99;3350781.5;;0.048700001;0.048700001
;US-PA;2005;p99p99.5;470520.5;;0.037999999;0.037999999
;US-PA;2005;p95p100;409972.09;;0.33070001;0.33070001
;US-PA;2005;p0p90;38430.301;;0.55809999;0.55809999
;US-PA;2005;p0p99;51018.602;;0.815;0.815
;US-PA;2005;p99.5p100;1818076.5;;0.14669999;0.14669999
;US-PA;2004;p0p100;95628.898;3.77453077959e+11;1.0;1.0
;US-PA;2004;p99p100;999570.81;;0.1646;0.1646
;US-PA;2004;p99.9p100;4375008.5;;0.071999997;0.071999997
;US-PA;2004;p99.99p100;18332678.0;;0.030200001;0.030200001
;US-PA;2004;p90p100;257619.7;;0.4242;0.4242
;US-PA;2004;p90p95;137436.7;;0.1131;0.1131
;US-PA;2004;p95p99;220782.5;;0.1454;0.1454
;US-PA;2004;p99.5p99.9;832984.0;;0.054900002;0.054900002
;US-PA;2004;p99.9p99.99;2807131.3;;0.0416;0.0416
;US-PA;2004;p99p99.5;444380.5;;0.036600001;0.036600001
;US-PA;2004;p95p100;376827.59;;0.31020001;0.31020001
;US-PA;2004;p0p90;39021.0;;0.57819998;0.57819998
;US-PA;2004;p0p99;51252.398;;0.83539999;0.83539999
;US-PA;2004;p99.5p100;1550362.4;;0.1276;0.1276
;US-PA;2003;p0p100;94771.398;3.51681724901e+11;1.0;1.0
;US-PA;2003;p99p100;897000.88;;0.15719999;0.15719999
;US-PA;2003;p99.9p100;3788583.0;;0.066399999;0.066399999
;US-PA;2003;p99.99p100;15825193.0;;0.0277;0.0277
;US-PA;2003;p90p100;242659.41;;0.42519999;0.42519999
;US-PA;2003;p90p95;133944.2;;0.1174;0.1174
;US-PA;2003;p95p99;214329.3;;0.15019999;0.15019999
;US-PA;2003;p99.5p99.9;764019.38;;0.053599998;0.053599998
;US-PA;2003;p99.9p99.99;2436523.0;;0.038400002;0.038400002
;US-PA;2003;p99p99.5;417936.69;;0.036600001;0.036600001
;US-PA;2003;p95p100;351150.59;;0.30770001;0.30770001
;US-PA;2003;p0p90;36525.699;;0.57609999;0.57609999
;US-PA;2003;p0p99;48580.5;;0.84280002;0.84280002
;US-PA;2003;p99.5p100;1373870.4;;0.1204;0.1204
;US-PA;2002;p0p100;96808.102;3.47782976804e+11;1.0;1.0
;US-PA;2002;p99p100;839859.81;;0.1506;0.1506
;US-PA;2002;p99.9p100;3385518.3;;0.060699999;0.060699999
;US-PA;2002;p99.99p100;13419168.0;;0.0241;0.0241
;US-PA;2002;p90p100;235264.3;;0.42179999;0.42179999
;US-PA;2002;p90p95;132293.41;;0.1186;0.1186
;US-PA;2002;p95p99;212300.59;;0.1523;0.1523
;US-PA;2002;p99.5p99.9;733775.0;;0.0526;0.0526
;US-PA;2002;p99.9p99.99;2258751.0;;0.036400001;0.036400001
;US-PA;2002;p99p99.5;408789.91;;0.036600001;0.036600001
;US-PA;2002;p95p100;338054.81;;0.30309999;0.30309999
;US-PA;2002;p0p90;35901.898;;0.5794;0.5794
;US-PA;2002;p0p99;47852.199;;0.84939998;0.84939998
;US-PA;2002;p99.5p100;1268884.0;;0.1138;0.1138
;US-PA;2001;p0p100;105032.2;3.59159679755e+11;1.0;1.0
;US-PA;2001;p99p100;920401.69;;0.15710001;0.15710001
;US-PA;2001;p99.9p100;3893491.8;;0.066399999;0.066399999
;US-PA;2001;p99.99p100;16315696.0;;0.027799999;0.027799999
;US-PA;2001;p90p100;247852.5;;0.42289999;0.42289999
;US-PA;2001;p90p95;135090.2;;0.1153;0.1153
;US-PA;2001;p95p99;220087.7;;0.15019999;0.15019999
;US-PA;2001;p99.5p99.9;773310.69;;0.0528;0.0528
;US-PA;2001;p99.9p99.99;2517332.5;;0.038699999;0.038699999
;US-PA;2001;p99p99.5;442769.81;;0.037799999;0.037799999
;US-PA;2001;p95p100;360360.41;;0.3075;0.3075
;US-PA;2001;p0p90;37599.301;;0.57740003;0.57740003
;US-PA;2001;p0p99;49896.602;;0.84289998;0.84289998
;US-PA;2001;p99.5p100;1398670.8;;0.1193;0.1193
;US-PA;2000;p0p100;118259.4;3.79618864566e+11;1.0;1.0
;US-PA;2000;p99p100;1127039.3;;0.1805;0.1805
;US-PA;2000;p99.9p100;5284024.0;;0.084600002;0.084600002
;US-PA;2000;p99.99p100;23122464.0;;0.037;0.037
;US-PA;2000;p90p100;276979.59;;0.44369999;0.44369999
;US-PA;2000;p90p95;140097.7;;0.1122;0.1122
;US-PA;2000;p95p99;234006.2;;0.1499;0.1499
;US-PA;2000;p99.5p99.9;900738.63;;0.057700001;0.057700001
;US-PA;2000;p99.9p99.99;3313022.3;;0.047800001;0.047800001
;US-PA;2000;p99p99.5;470929.09;;0.037700001;0.037700001
;US-PA;2000;p95p100;413291.31;;0.331;0.331
;US-PA;2000;p0p90;38678.398;;0.55760002;0.55760002
;US-PA;2000;p0p99;51673.602;;0.81950003;0.81950003
;US-PA;2000;p99.5p100;1781667.0;;0.1427;0.1427
;US-PA;1999;p0p100;123697.7;3.65076547247e+11;1.0;1.0
;US-PA;1999;p99p100;1066650.4;;0.1745;0.1745
;US-PA;1999;p99.9p100;4737027.5;;0.077500001;0.077500001
;US-PA;1999;p99.99p100;19365010.0;;0.0317;0.0317
;US-PA;1999;p90p100;269660.5;;0.4411;0.4411
;US-PA;1999;p90p95;139523.3;;0.1141;0.1141
;US-PA;1999;p95p99;232614.91;;0.1522;0.1522
;US-PA;1999;p99.5p99.9;887562.88;;0.0581;0.0581
;US-PA;1999;p99.9p99.99;3132967.5;;0.046100002;0.046100002
;US-PA;1999;p99p99.5;474394.5;;0.038800001;0.038800001
;US-PA;1999;p95p100;399561.0;;0.32679999;0.32679999
;US-PA;1999;p0p90;37970.102;;0.55900002;0.55900002
;US-PA;1999;p0p99;50975.5;;0.82550001;0.82550001
;US-PA;1999;p99.5p100;1658818.4;;0.1357;0.1357
;US-PA;1998;p0p100;123293.2;3.47421030694e+11;1.0;1.0
;US-PA;1998;p99p100;1020466.2;;0.1745;0.1745
;US-PA;1998;p99.9p100;4544716.0;;0.077699997;0.077699997
;US-PA;1998;p99.99p100;18891710.0;;0.032299999;0.032299999
;US-PA;1998;p90p100;257291.3;;0.44010001;0.44010001
;US-PA;1998;p90p95;134142.3;;0.1147;0.1147
;US-PA;1998;p95p99;220037.2;;0.1505;0.1505
;US-PA;1998;p99.5p99.9;846135.19;;0.0579;0.0579
;US-PA;1998;p99.9p99.99;2962177.0;;0.045600001;0.045600001
;US-PA;1998;p99p99.5;454248.09;;0.038800001;0.038800001
;US-PA;1998;p95p100;380281.91;;0.32519999;0.32519999
;US-PA;1998;p0p90;36386.898;;0.56010002;0.56010002
;US-PA;1998;p0p99;48750.602;;0.82550001;0.82550001
;US-PA;1998;p99.5p100;1586619.3;;0.1357;0.1357
;US-PA;1997;p0p100;120271.7;3.28660347205e+11;1.0;1.0
;US-PA;1997;p99p100;909397.88;;0.1639;0.1639
;US-PA;1997;p99.9p100;3885351.3;;0.07;0.07
;US-PA;1997;p99.99p100;15940728.0;;0.0287;0.0287
;US-PA;1997;p90p100;238745.5;;0.43040001;0.43040001
;US-PA;1997;p90p95;128809.0;;0.1161;0.1161
;US-PA;1997;p95p99;208301.91;;0.15019999;0.15019999
;US-PA;1997;p99.5p99.9;774633.38;;0.0559;0.0559
;US-PA;1997;p99.9p99.99;2551909.5;;0.0414;0.0414
;US-PA;1997;p99p99.5;421157.81;;0.037999999;0.037999999
;US-PA;1997;p95p100;348587.59;;0.31420001;0.31420001
;US-PA;1997;p0p90;35119.602;;0.56980002;0.56980002
;US-PA;1997;p0p99;46849.801;;0.83609998;0.83609998
;US-PA;1997;p99.5p100;1397405.3;;0.1259;0.1259
;US-PA;1996;p0p100;117873.4;3.0938239357e+11;1.0;1.0
;US-PA;1996;p99p100;818037.38;;0.15700001;0.15700001
;US-PA;1996;p99.9p100;3420024.5;;0.065700002;0.065700002
;US-PA;1996;p99.99p100;13919509.0;;0.026699999;0.026699999
;US-PA;1996;p90p100;221687.7;;0.42559999;0.42559999
;US-PA;1996;p90p95;123776.1;;0.1188;0.1188
;US-PA;1996;p95p99;194908.8;;0.1497;0.1497
;US-PA;1996;p99.5p99.9;707760.5;;0.054299999;0.054299999
;US-PA;1996;p99.9p99.99;2252441.5;;0.038899999;0.038899999
;US-PA;1996;p99p99.5;384322.0;;0.036899999;0.036899999
;US-PA;1996;p95p100;319554.31;;0.30669999;0.30669999
;US-PA;1996;p0p90;33262.801;;0.5747;0.5747
;US-PA;1996;p0p99;44356.699;;0.84299999;0.84299999
;US-PA;1996;p99.5p100;1251417.9;;0.1201;0.1201
;US-PA;1995;p0p100;118915.6;2.95943800477e+11;1.0;1.0
;US-PA;1995;p99p100;724089.88;;0.1452;0.1452
;US-PA;1995;p99.9p100;2870813.5;;0.057599999;0.057599999
;US-PA;1995;p99.99p100;11088487.0;;0.0222;0.0222
;US-PA;1995;p90p100;206343.09;;0.4138;0.4138
;US-PA;1995;p90p95;119951.1;;0.1203;0.1203
;US-PA;1995;p95p99;184872.8;;0.14830001;0.14830001
;US-PA;1995;p99.5p99.9;645330.81;;0.051800001;0.051800001
;US-PA;1995;p99.9p99.99;1957850.4;;0.035300002;0.035300002
;US-PA;1995;p99p99.5;357165.19;;0.035799999;0.035799999
;US-PA;1995;p95p100;292708.5;;0.29350001;0.29350001
;US-PA;1995;p0p90;32481.699;;0.58630002;0.58630002
;US-PA;1995;p0p99;43053.699;;0.85479999;0.85479999
;US-PA;1995;p99.5p100;1090923.3;;0.1094;0.1094
;US-PA;1994;p0p100;120408.6;2.85325893208e+11;1.0;1.0
;US-PA;1994;p99p100;641214.81;;0.1332;0.1332
;US-PA;1994;p99.9p100;2467397.5;;0.0513;0.0513
;US-PA;1994;p99.99p100;9530465.0;;0.0198;0.0198
;US-PA;1994;p90p100;191569.8;;0.39789999;0.39789999
;US-PA;1994;p90p95;114526.9;;0.1189;0.1189
;US-PA;1994;p95p99;175455.2;;0.14579999;0.14579999
;US-PA;1994;p99.5p99.9;576435.81;;0.047899999;0.047899999
;US-PA;1994;p99.9p99.99;1680088.4;;0.031399999;0.031399999
;US-PA;1994;p99p99.5;326822.69;;0.0339;0.0339
;US-PA;1994;p95p100;268595.09;;0.27900001;0.27900001
;US-PA;1994;p0p90;32215.699;;0.60219997;0.60219997
;US-PA;1994;p0p99;42153.0;;0.86680001;0.86680001
;US-PA;1994;p99.5p100;955473.69;;0.099200003;0.099200003
;US-PA;1993;p0p100;124691.7;2.82522821083e+11;1.0;1.0
;US-PA;1993;p99p100;629835.19;;0.1318;0.1318
;US-PA;1993;p99.9p100;2417247.5;;0.0506;0.0506
;US-PA;1993;p99.99p100;9322558.0;;0.0195;0.0195
;US-PA;1993;p90p100;187876.59;;0.39309999;0.39309999
;US-PA;1993;p90p95;111414.2;;0.1166;0.1166
;US-PA;1993;p95p99;172971.0;;0.14480001;0.14480001
;US-PA;1993;p99.5p99.9;569527.0;;0.047699999;0.047699999
;US-PA;1993;p99.9p99.99;1647122.3;;0.030999999;0.030999999
;US-PA;1993;p99p99.5;319483.31;;0.033399999;0.033399999
;US-PA;1993;p95p100;264323.5;;0.27649999;0.27649999
;US-PA;1993;p0p90;32238.0;;0.60710001;0.60710001
;US-PA;1993;p0p99;41914.801;;0.8682;0.8682
;US-PA;1993;p99.5p100;939933.5;;0.098300003;0.098300003
;US-PA;1992;p0p100;131914.0;2.83693699369e+11;1.0;1.0
;US-PA;1992;p99p100;660704.63;;0.1372;0.1372
;US-PA;1992;p99.9p100;2611742.0;;0.054200001;0.054200001
;US-PA;1992;p99.99p100;10255004.0;;0.021299999;0.021299999
;US-PA;1992;p90p100;190372.09;;0.39539999;0.39539999
;US-PA;1992;p90p95;111465.6;;0.1157;0.1157
;US-PA;1992;p95p99;171435.8;;0.1424;0.1424
;US-PA;1992;p99.5p99.9;592676.31;;0.049199998;0.049199998
;US-PA;1992;p99.9p99.99;1761978.5;;0.032900002;0.032900002
;US-PA;1992;p99p99.5;324475.91;;0.0337;0.0337
;US-PA;1992;p95p100;269294.41;;0.27959999;0.27959999
;US-PA;1992;p0p90;32351.699;;0.60470003;0.60470003
;US-PA;1992;p0p99;41964.199;;0.8628;0.8628
;US-PA;1992;p99.5p100;996854.69;;0.1035;0.1035
;US-PA;1991;p0p100;137389.59;2.79053687681e+11;1.0;1.0
;US-PA;1991;p99p100;601680.19;;0.1261;0.1261
;US-PA;1991;p99.9p100;2227349.0;;0.046700001;0.046700001
;US-PA;1991;p99.99p100;8215206.0;;0.017200001;0.017200001
;US-PA;1991;p90p100;184518.09;;0.38679999;0.38679999
;US-PA;1991;p90p95;114344.5;;0.1199;0.1199
;US-PA;1991;p95p99;168059.0;;0.1409;0.1409
;US-PA;1991;p99.5p99.9;555331.81;;0.046599999;0.046599999
;US-PA;1991;p99.9p99.99;1561807.3;;0.0295;0.0295
;US-PA;1991;p99p99.5;313450.19;;0.032900002;0.032900002
;US-PA;1991;p95p100;254776.0;;0.26710001;0.26710001
;US-PA;1991;p0p90;32495.1;;0.61309999;0.61309999
;US-PA;1991;p0p99;42105.102;;0.8739;0.8739
;US-PA;1991;p99.5p100;889918.13;;0.0933;0.0933
;US-PA;1990;p0p100;152200.8;2.85403079529e+11;1.0;1.0
;US-PA;1990;p99p100;667203.81;;0.1355;0.1355
;US-PA;1990;p99.9p100;2630953.5;;0.053399999;0.053399999
;US-PA;1990;p99.99p100;10225777.0;;0.0208;0.0208
;US-PA;1990;p90p100;191230.3;;0.3883;0.3883
;US-PA;1990;p90p95;113090.7;;0.1148;0.1148
;US-PA;1990;p95p99;169905.7;;0.138;0.138
;US-PA;1990;p99.5p99.9;604606.88;;0.0491;0.0491
;US-PA;1990;p99.9p99.99;1787751.4;;0.032699998;0.032699998
;US-PA;1990;p99p99.5;324419.31;;0.032900002;0.032900002
;US-PA;1990;p95p100;269373.81;;0.2735;0.2735
;US-PA;1990;p0p90;33472.398;;0.6117;0.6117
;US-PA;1990;p0p99;43006.0;;0.86449999;0.86449999
;US-PA;1990;p99.5p100;1009893.5;;0.1025;0.1025
;US-PA;1989;p0p100;162297.7;2.83884401346e+11;1.0;1.0
;US-PA;1989;p99p100;672835.5;;0.14120001;0.14120001
;US-PA;1989;p99.9p100;2721241.0;;0.057100002;0.057100002
;US-PA;1989;p99.99p100;10873459.0;;0.0228;0.0228
;US-PA;1989;p90p100;190638.8;;0.40009999;0.40009999
;US-PA;1989;p90p95;111549.8;;0.1171;0.1171
;US-PA;1989;p95p99;168107.3;;0.1411;0.1411
;US-PA;1989;p99.5p99.9;593053.13;;0.049800001;0.049800001
;US-PA;1989;p99.9p99.99;1804834.3;;0.0341;0.0341
;US-PA;1989;p99p99.5;321765.69;;0.033799998;0.033799998
;US-PA;1989;p95p100;269613.09;;0.28290001;0.28290001
;US-PA;1989;p0p90;31836.199;;0.60140002;0.60140002
;US-PA;1989;p0p99;41332.102;;0.85879999;0.85879999
;US-PA;1989;p99.5p100;1021827.7;;0.1072;0.1072
;US-PA;1988;p0p100;176430.2;2.78710145695e+11;1.0;1.0
;US-PA;1988;p99p100;740157.38;;0.15549999;0.15549999
;US-PA;1988;p99.9p100;3229566.8;;0.0678;0.0678
;US-PA;1988;p99.99p100;13519841.0;;0.0284;0.0284
;US-PA;1988;p90p100;195206.5;;0.41010001;0.41010001
;US-PA;1988;p90p95;109411.8;;0.1149;0.1149
;US-PA;1988;p95p99;165956.5;;0.13950001;0.13950001
;US-PA;1988;p99.5p99.9;633013.31;;0.053199999;0.053199999
;US-PA;1988;p99.9p99.99;2083012.3;;0.0394;0.0394
;US-PA;1988;p99p99.5;326372.19;;0.034299999;0.034299999
;US-PA;1988;p95p100;280966.19;;0.2951;0.2951
;US-PA;1988;p0p90;31223.301;;0.59039998;0.59039998
;US-PA;1988;p0p99;40604.898;;0.84450001;0.84450001
;US-PA;1988;p99.5p100;1153295.8;;0.1211;0.1211
;US-PA;1987;p0p100;178538.91;2.59376863712e+11;1.0;1.0
;US-PA;1987;p99p100;563971.19;;0.1258;0.1258
;US-PA;1987;p99.9p100;2148295.3;;0.047899999;0.047899999
;US-PA;1987;p99.99p100;8236666.0;;0.0184;0.0184
;US-PA;1987;p90p100;173020.8;;0.38600001;0.38600001
;US-PA;1987;p90p95;106998.6;;0.1194;0.1194
;US-PA;1987;p95p99;157409.59;;0.14049999;0.14049999
;US-PA;1987;p99.5p99.9;508078.31;;0.045299999;0.045299999
;US-PA;1987;p99.9p99.99;1466389.6;;0.0294;0.0294
;US-PA;1987;p99p99.5;289189.59;;0.032299999;0.032299999
;US-PA;1987;p95p100;238996.2;;0.26660001;0.26660001
;US-PA;1987;p0p90;30612.801;;0.61470002;0.61470002
;US-PA;1987;p0p99;39575.5;;0.87419999;0.87419999
;US-PA;1987;p99.5p100;837725.13;;0.093500003;0.093500003
;US-PA;1986;p0p100;199260.0;2.65201576131e+11;1.0;1.0
;US-PA;1986;p99p100;733231.38;;0.1567;0.1567
;US-PA;1986;p99.9p100;3382482.3;;0.072300002;0.072300002
;US-PA;1986;p99.99p100;15175998.0;;0.032400001;0.032400001
;US-PA;1986;p90p100;188659.7;;0.40310001;0.40310001
;US-PA;1986;p90p95;104090.5;;0.1112;0.1112
;US-PA;1986;p95p99;157900.7;;0.1349;0.1349
;US-PA;1986;p99.5p99.9;603011.19;;0.0515;0.0515
;US-PA;1986;p99.9p99.99;2066249.9;;0.039700001;0.039700001
;US-PA;1986;p99p99.5;305387.0;;0.032600001;0.032600001
;US-PA;1986;p95p100;273178.19;;0.29179999;0.29179999
;US-PA;1986;p0p90;31075.699;;0.59750003;0.59750003
;US-PA;1986;p0p99;39871.301;;0.84329998;0.84329998
;US-PA;1986;p99.5p100;1160201.4;;0.1239;0.1239
;US-PA;1985;p0p100;191543.5;2.45463309835e+11;1.0;1.0
;US-PA;1985;p99p100;547287.31;;0.1261;0.1261
;US-PA;1985;p99.9p100;2299951.3;;0.052999999;0.052999999
;US-PA;1985;p99.99p100;9691792.0;;0.022299999;0.022299999
;US-PA;1985;p90p100;162092.2;;0.3734;0.3734
;US-PA;1985;p90p95;98705.203;;0.1137;0.1137
;US-PA;1985;p95p99;145056.09;;0.1337;0.1337
;US-PA;1985;p99.5p99.9;465054.5;;0.0429;0.0429
;US-PA;1985;p99.9p99.99;1480122.9;;0.0307;0.0307
;US-PA;1985;p99p99.5;262798.19;;0.030300001;0.030300001
;US-PA;1985;p95p100;225483.09;;0.2597;0.2597
;US-PA;1985;p0p90;30214.801;;0.62650001;0.62650001
;US-PA;1985;p0p99;38316.699;;0.8739;0.8739
;US-PA;1985;p99.5p100;831864.13;;0.095799997;0.095799997
;US-PA;1984;p0p100;199126.91;2.36750699304e+11;1.0;1.0
;US-PA;1984;p99p100;501486.19;;0.1189;0.1189
;US-PA;1984;p99.9p100;2088241.1;;0.0495;0.0495
;US-PA;1984;p99.99p100;9059732.0;;0.021500001;0.021500001
;US-PA;1984;p90p100;153313.0;;0.3635;0.3635
;US-PA;1984;p90p95;95424.203;;0.1131;0.1131
;US-PA;1984;p95p99;138674.7;;0.13150001;0.13150001
;US-PA;1984;p99.5p99.9;424162.5;;0.040199999;0.040199999
;US-PA;1984;p99.9p99.99;1315899.6;;0.028100001;0.028100001
;US-PA;1984;p99p99.5;246437.3;;0.029200001;0.029200001
;US-PA;1984;p95p100;211204.0;;0.25040001;0.25040001
;US-PA;1984;p0p90;29824.1;;0.63639998;0.63639998
;US-PA;1984;p0p99;37539.5;;0.8811;0.8811
;US-PA;1984;p99.5p100;756684.81;;0.089699998;0.089699998
;US-PA;1983;p0p100;221115.41;2.28489084634e+11;1.0;1.0
;US-PA;1983;p99p100;434414.5;;0.1048;0.1048
;US-PA;1983;p99.9p100;1664716.6;;0.040199999;0.040199999
;US-PA;1983;p99.99p100;6849111.5;;0.0165;0.0165
;US-PA;1983;p90p100;143563.7;;0.34630001;0.34630001
;US-PA;1983;p90p95;94067.703;;0.1135;0.1135
;US-PA;1983;p95p99;132682.09;;0.12800001;0.12800001
;US-PA;1983;p99.5p99.9;382016.0;;0.036899999;0.036899999
;US-PA;1983;p99.9p99.99;1085853.3;;0.023600001;0.023600001
;US-PA;1983;p99p99.5;229309.8;;0.0277;0.0277
;US-PA;1983;p95p100;193093.41;;0.23289999;0.23289999
;US-PA;1983;p0p90;30120.301;;0.65390003;0.65390003
;US-PA;1983;p0p99;37486.5;;0.89520001;0.89520001
;US-PA;1983;p99.5p100;639179.88;;0.077100001;0.077100001
;US-PA;1982;p0p100;231070.8;2.29002057545e+11;1.0;1.0
;US-PA;1982;p99p100;451243.91;;0.1086;0.1086
;US-PA;1982;p99.9p100;1745392.6;;0.041999999;0.041999999
;US-PA;1982;p99.99p100;7246926.0;;0.0174;0.0174
;US-PA;1982;p90p100;144647.3;;0.34810001;0.34810001
;US-PA;1982;p90p95;92946.102;;0.1119;0.1119
;US-PA;1982;p95p99;132720.2;;0.1278;0.1278
;US-PA;1982;p99.5p99.9;395960.5;;0.0381;0.0381
;US-PA;1982;p99.9p99.99;1134111.1;;0.024599999;0.024599999
;US-PA;1982;p99p99.5;236640.8;;0.0285;0.0285
;US-PA;1982;p95p100;196166.41;;0.2361;0.2361
;US-PA;1982;p0p90;30089.199;;0.65179998;0.65179998
;US-PA;1982;p0p99;37410.5;;0.89139998;0.89139998
;US-PA;1982;p99.5p100;665846.88;;0.0801;0.0801
;US-PA;1981;p0p100;261561.59;2.31603841222e+11;1.0;1.0
;US-PA;1981;p99p100;399190.0;;0.095399998;0.095399998
;US-PA;1981;p99.9p100;1354506.3;;0.032400001;0.032400001
;US-PA;1981;p99.99p100;4984891.5;;0.0119;0.0119
;US-PA;1981;p90p100;146703.41;;0.35069999;0.35069999
;US-PA;1981;p90p95;106435.2;;0.12720001;0.12720001
;US-PA;1981;p95p99;134372.8;;0.1285;0.1285
;US-PA;1981;p99.5p99.9;370445.69;;0.035399999;0.035399999
;US-PA;1981;p99.9p99.99;950809.63;;0.020500001;0.020500001
;US-PA;1981;p99p99.5;230650.8;;0.0276;0.0276
;US-PA;1981;p95p100;187376.09;;0.22400001;0.22400001
;US-PA;1981;p0p90;30160.699;;0.64889997;0.64889997
;US-PA;1981;p0p99;38220.801;;0.90460002;0.90460002
;US-PA;1981;p99.5p100;567605.69;;0.0678;0.0678
;US-PA;1980;p0p100;320189.5;2.33505251952e+11;1.0;1.0
;US-PA;1980;p99p100;405449.81;;0.094999999;0.094999999
;US-PA;1980;p99.9p100;1288220.0;;0.030200001;0.030200001
;US-PA;1980;p99.99p100;4401261.0;;0.0103;0.0103
;US-PA;1980;p90p100;145580.91;;0.34099999;0.34099999
;US-PA;1980;p90p95;100100.6;;0.1172;0.1172
;US-PA;1980;p95p99;137387.3;;0.1287;0.1287
;US-PA;1980;p99.5p99.9;392153.19;;0.036699999;0.036699999
;US-PA;1980;p99.9p99.99;941889.13;;0.0199;0.0199
;US-PA;1980;p99p99.5;239299.8;;0.028000001;0.028000001
;US-PA;1980;p95p100;191013.7;;0.2237;0.2237
;US-PA;1980;p0p90;31264.199;;0.6591;0.6591
;US-PA;1980;p0p99;39027.102;;0.90499997;0.90499997
;US-PA;1980;p99.5p100;571582.88;;0.0669;0.0669
;US-PA;1979;p0p100;400333.69;2.34619575428e+11;1.0;1.0
;US-PA;1979;p99p100;406269.31;;0.093999997;0.093999997
;US-PA;1979;p99.9p100;1305492.3;;0.030200001;0.030200001
;US-PA;1979;p99.99p100;4941986.0;;0.0114;0.0114
;US-PA;1979;p90p100;145462.91;;0.3364;0.3364
;US-PA;1979;p90p95;100155.2;;0.1158;0.1158
;US-PA;1979;p95p99;136726.41;;0.1265;0.1265
;US-PA;1979;p99.5p99.9;383322.81;;0.035500001;0.035500001
;US-PA;1979;p99.9p99.99;901244.13;;0.0188;0.0188
;US-PA;1979;p99p99.5;244854.91;;0.0283;0.0283
;US-PA;1979;p95p100;190629.3;;0.22040001;0.22040001
;US-PA;1979;p0p90;31892.5;;0.6638;0.6638
;US-PA;1979;p0p99;39576.0;;0.90600002;0.90600002
;US-PA;1979;p99.5p100;567886.81;;0.065700002;0.065700002
;US-PA;1978;p0p100;475430.5;2.26460949568e+11;1.0;1.0
;US-PA;1978;p99p100;370852.09;;0.0867;0.0867
;US-PA;1978;p99.9p100;1073401.6;;0.0251;0.0251
;US-PA;1978;p99.99p100;3486165.5;;0.0082;0.0082
;US-PA;1978;p90p100;140696.91;;0.329;0.329
;US-PA;1978;p90p95;95855.5;;0.1121;0.1121
;US-PA;1978;p95p99;139267.09;;0.1303;0.1303
;US-PA;1978;p99.5p99.9;366275.59;;0.034299999;0.034299999
;US-PA;1978;p99.9p99.99;805331.81;;0.016899999;0.016899999
;US-PA;1978;p99p99.5;233974.41;;0.0274;0.0274
;US-PA;1978;p95p100;185553.41;;0.21690001;0.21690001
;US-PA;1978;p0p90;31885.699;;0.671;0.671
;US-PA;1978;p0p99;39455.0;;0.91329998;0.91329998
;US-PA;1978;p99.5p100;507753.81;;0.0594;0.0594
;US-PA;1977;p0p100;544310.13;2.20339688876e+11;1.0;1.0
;US-PA;1977;p99p100;370017.0;;0.087499999;0.087499999
;US-PA;1977;p99.9p100;1084389.8;;0.025599999;0.025599999
;US-PA;1977;p99.99p100;3666919.3;;0.0087000001;0.0087000001
;US-PA;1977;p90p100;139615.3;;0.3301;0.3301
;US-PA;1977;p90p95;96751.602;;0.1144;0.1144
;US-PA;1977;p95p99;135598.0;;0.12819999;0.12819999
;US-PA;1977;p99.5p99.9;361296.69;;0.034200002;0.034200002
;US-PA;1977;p99.9p99.99;797397.81;;0.017000001;0.017000001
;US-PA;1977;p99p99.5;234099.3;;0.0277;0.0277
;US-PA;1977;p95p100;182483.91;;0.2157;0.2157
;US-PA;1977;p0p90;31487.0;;0.6699;0.6699
;US-PA;1977;p0p99;38989.5;;0.91250002;0.91250002
;US-PA;1977;p99.5p100;505958.0;;0.059799999;0.059799999
;US-PA;1976;p0p100;608651.63;2.1382161301e+11;1.0;1.0
;US-PA;1976;p99p100;358039.09;;0.085900001;0.085900001
;US-PA;1976;p99.9p100;1022796.0;;0.024499999;0.024499999
;US-PA;1976;p99.99p100;3288359.0;;0.0078999996;0.0078999996
;US-PA;1976;p90p100;138042.59;;0.331;0.331
;US-PA;1976;p90p95;95078.602;;0.114;0.114
;US-PA;1976;p95p99;136753.3;;0.1312;0.1312
;US-PA;1976;p99.5p99.9;351093.69;;0.0337;0.0337
;US-PA;1976;p99.9p99.99;771105.31;;0.0166;0.0166
;US-PA;1976;p99p99.5;230581.7;;0.0276;0.0276
;US-PA;1976;p95p100;181009.8;;0.21699999;0.21699999
;US-PA;1976;p0p90;30995.801;;0.66900003;0.66900003
;US-PA;1976;p0p99;38505.0;;0.91409999;0.91409999
;US-PA;1976;p99.5p100;485481.31;;0.058200002;0.058200002
;US-PA;1975;p0p100;661625.13;2.04676598708e+11;1.0;1.0
;US-PA;1975;p99p100;357193.19;;0.088100001;0.088100001
;US-PA;1975;p99.9p100;1027273.9;;0.0253;0.0253
;US-PA;1975;p99.99p100;3478169.8;;0.0086000003;0.0086000003
;US-PA;1975;p90p100;134181.5;;0.33109999;0.33109999
;US-PA;1975;p90p95;92418.898;;0.114;0.114
;US-PA;1975;p95p99;130636.9;;0.12890001;0.12890001
;US-PA;1975;p99.5p99.9;349671.31;;0.034499999;0.034499999
;US-PA;1975;p99.9p99.99;754850.81;;0.016799999;0.016799999
;US-PA;1975;p99p99.5;229163.91;;0.0283;0.0283
;US-PA;1975;p95p100;175948.7;;0.21709999;0.21709999
;US-PA;1975;p0p90;30118.801;;0.66890001;0.66890001
;US-PA;1975;p0p99;37326.398;;0.91189998;0.91189998
;US-PA;1975;p99.5p100;485183.69;;0.059900001;0.059900001
;US-PA;1974;p0p100;829904.19;2.12287333221e+11;1.0;1.0
;US-PA;1974;p99p100;362361.09;;0.084899999;0.084899999
;US-PA;1974;p99.9p100;1024710.9;;0.024;0.024
;US-PA;1974;p99.99p100;3128186.3;;0.0073000002;0.0073000002
;US-PA;1974;p90p100;139986.7;;0.32800001;0.32800001
;US-PA;1974;p90p95;97206.203;;0.1139;0.1139
;US-PA;1974;p95p99;137566.09;;0.12890001;0.12890001
;US-PA;1974;p99.5p99.9;358220.41;;0.033599999;0.033599999
;US-PA;1974;p99.9p99.99;787160.88;;0.0166;0.0166
;US-PA;1974;p99p99.5;231261.91;;0.027100001;0.027100001
;US-PA;1974;p95p100;182786.7;;0.2141;0.2141
;US-PA;1974;p0p90;31901.0;;0.67259997;0.67259997
;US-PA;1974;p0p99;39455.301;;0.91509998;0.91509998
;US-PA;1974;p99.5p100;492673.19;;0.057700001;0.057700001
;US-PA;1973;p0p100;1036198.8;2.11869380742e+11;1.0;1.0
;US-PA;1973;p99p100;388312.41;;0.0898;0.0898
;US-PA;1973;p99.9p100;1150949.9;;0.0266;0.0266
;US-PA;1973;p99.99p100;3940522.3;;0.0091000004;0.0091000004
;US-PA;1973;p90p100;141562.3;;0.32749999;0.32749999
;US-PA;1973;p90p95;95713.398;;0.1107;0.1107
;US-PA;1973;p95p99;137191.8;;0.1269;0.1269
;US-PA;1973;p99.5p99.9;384524.09;;0.035599999;0.035599999
;US-PA;1973;p99.9p99.99;841009.38;;0.0175;0.0175
;US-PA;1973;p99p99.5;238900.2;;0.0276;0.0276
;US-PA;1973;p95p100;187415.59;;0.2168;0.2168
;US-PA;1973;p0p90;32300.199;;0.67250001;0.67250001
;US-PA;1973;p0p99;39741.398;;0.9102;0.9102
;US-PA;1973;p99.5p100;537806.31;;0.062199999;0.062199999
;US-PA;1972;p0p100;1154503.9;2.06119137577e+11;1.0;1.0
;US-PA;1972;p99p100;408759.81;;0.095799997;0.095799997
;US-PA;1972;p99.9p100;1322854.8;;0.030999999;0.030999999
;US-PA;1972;p99.99p100;5194822.0;;0.0122;0.0122
;US-PA;1972;p90p100;140173.8;;0.32839999;0.32839999
;US-PA;1972;p90p95;92079.797;;0.1079;0.1079
;US-PA;1972;p95p99;133144.3;;0.1248;0.1248
;US-PA;1972;p99.5p99.9;387236.0;;0.0363;0.0363
;US-PA;1972;p99.9p99.99;892689.13;;0.0188;0.0188
;US-PA;1972;p99p99.5;243156.59;;0.0285;0.0285
;US-PA;1972;p95p100;188266.8;;0.22050001;0.22050001
;US-PA;1972;p0p90;31855.0;;0.67159998;0.67159998
;US-PA;1972;p0p99;38989.199;;0.90420002;0.90420002
;US-PA;1972;p99.5p100;574362.88;;0.067299999;0.067299999
;US-PA;1971;p0p100;1190891.5;1.96421168306e+11;1.0;1.0
;US-PA;1971;p99p100;387327.41;;0.093699999;0.093699999
;US-PA;1971;p99.9p100;1220915.9;;0.0295;0.0295
;US-PA;1971;p99.99p100;4563904.5;;0.011;0.011
;US-PA;1971;p90p100;136897.3;;0.3312;0.3312
;US-PA;1971;p90p95;90255.602;;0.1092;0.1092
;US-PA;1971;p95p99;132585.41;;0.1283;0.1283
;US-PA;1971;p99.5p99.9;370762.0;;0.0359;0.0359
;US-PA;1971;p99.9p99.99;849467.63;;0.0185;0.0185
;US-PA;1971;p99p99.5;233836.3;;0.0283;0.0283
;US-PA;1971;p95p100;183533.8;;0.222;0.222
;US-PA;1971;p0p90;30718.6;;0.6688;0.6688
;US-PA;1971;p0p99;37841.199;;0.90630001;0.90630001
;US-PA;1971;p99.5p100;540817.5;;0.065399997;0.065399997
;US-PA;1970;p0p100;1317487.6;1.95902670961e+11;1.0;1.0
;US-PA;1970;p99p100;380310.31;;0.090599999;0.090599999
;US-PA;1970;p99.9p100;1168219.3;;0.027799999;0.027799999
;US-PA;1970;p99.99p100;4257607.0;;0.0101;0.0101
;US-PA;1970;p90p100;135553.91;;0.32300001;0.32300001
;US-PA;1970;p90p95;90630.0;;0.108;0.108
;US-PA;1970;p95p99;130508.7;;0.1244;0.1244
;US-PA;1970;p99.5p99.9;367249.0;;0.035;0.035
;US-PA;1970;p99.9p99.99;825012.5;;0.0177;0.0177
;US-PA;1970;p99p99.5;233176.0;;0.027799999;0.027799999
;US-PA;1970;p95p100;180473.09;;0.215;0.215
;US-PA;1970;p0p90;31574.1;;0.67699999;0.67699999
;US-PA;1970;p0p99;38554.199;;0.90939999;0.90939999
;US-PA;1970;p99.5p100;527449.69;;0.062799998;0.062799998
;US-PA;1969;p0p100;1490349.4;1.97063945772e+11;1.0;1.0
;US-PA;1969;p99p100;431044.91;;0.1015;0.1015
;US-PA;1969;p99.9p100;1516131.1;;0.035700001;0.035700001
;US-PA;1969;p99.99p100;6319569.5;;0.0149;0.0149
;US-PA;1969;p90p100;141307.7;;0.33270001;0.33270001
;US-PA;1969;p90p95;90105.703;;0.1061;0.1061
;US-PA;1969;p95p99;132875.41;;0.1251;0.1251
;US-PA;1969;p99.5p99.9;389954.41;;0.036699999;0.036699999
;US-PA;1969;p99.9p99.99;982589.5;;0.0208;0.0208
;US-PA;1969;p99p99.5;246914.2;;0.029100001;0.029100001
;US-PA;1969;p95p100;192508.7;;0.22660001;0.22660001
;US-PA;1969;p0p90;31497.0;;0.66729999;0.66729999
;US-PA;1969;p0p99;38553.398;;0.89850003;0.89850003
;US-PA;1969;p99.5p100;615204.13;;0.072400004;0.072400004
;US-PA;1968;p0p100;1658809.1;1.96380162265e+11;1.0;1.0
;US-PA;1968;p99p100;469651.69;;0.1105;0.1105
;US-PA;1968;p99.9p100;1734674.8;;0.040800001;0.040800001
;US-PA;1968;p99.99p100;7397147.5;;0.0174;0.0174
;US-PA;1968;p90p100;143979.3;;0.3387;0.3387
;US-PA;1968;p90p95;87014.602;;0.1023;0.1023
;US-PA;1968;p95p99;133779.59;;0.1259;0.1259
;US-PA;1968;p99.5p99.9;425208.0;;0.039999999;0.039999999
;US-PA;1968;p99.9p99.99;1104005.0;;0.023399999;0.023399999
;US-PA;1968;p99p99.5;252189.7;;0.0297;0.0297
;US-PA;1968;p95p100;200952.7;;0.23639999;0.23639999
;US-PA;1968;p0p90;31237.801;;0.6613;0.6613
;US-PA;1968;p0p99;38196.5;;0.88950002;0.88950002
;US-PA;1968;p99.5p100;687139.0;;0.080799997;0.080799997
;US-PA;1967;p0p100;1730112.4;1.87826332285e+11;1.0;1.0
;US-PA;1967;p99p100;432049.09;;0.1058;0.1058
;US-PA;1967;p99.9p100;1477002.3;;0.036200002;0.036200002
;US-PA;1967;p99.99p100;5786215.5;;0.0142;0.0142
;US-PA;1967;p90p100;136524.7;;0.33430001;0.33430001
;US-PA;1967;p90p95;83242.898;;0.1019;0.1019
;US-PA;1967;p95p99;129214.3;;0.1265;0.1265
;US-PA;1967;p99.5p99.9;402795.81;;0.0394;0.0394
;US-PA;1967;p99.9p99.99;998125.5;;0.022;0.022
;US-PA;1967;p99p99.5;246460.5;;0.030200001;0.030200001
;US-PA;1967;p95p100;189784.2;;0.2323;0.2323
;US-PA;1967;p0p90;30212.801;;0.66579998;0.66579998
;US-PA;1967;p0p99;36891.102;;0.89420003;0.89420003
;US-PA;1967;p99.5p100;617637.69;;0.075599998;0.075599998
;US-PA;1966;p0p100;1760159.4;1.78841706245e+11;1.0;1.0
;US-PA;1966;p99p100;405015.59;;0.1036;0.1036
;US-PA;1966;p99.9p100;1387322.4;;0.035500001;0.035500001
;US-PA;1966;p99.99p100;5606475.5;;0.0143;0.0143
;US-PA;1966;p90p100;131078.41;;0.33520001;0.33520001
;US-PA;1966;p90p95;81645.398;;0.1044;0.1044
;US-PA;1966;p95p99;124277.4;;0.12710001;0.12710001
;US-PA;1966;p99.5p99.9;377464.31;;0.038600001;0.038600001
;US-PA;1966;p99.9p99.99;918360.88;;0.0211;0.0211
;US-PA;1966;p99p99.5;230796.5;;0.0295;0.0295
;US-PA;1966;p95p100;180429.5;;0.2307;0.2307
;US-PA;1966;p0p90;28885.199;;0.6649;0.6649
;US-PA;1966;p0p99;35405.0;;0.89639997;0.89639997
;US-PA;1966;p99.5p100;579290.13;;0.074100003;0.074100003
;US-PA;1965;p0p100;1790276.8;1.70883735057e+11;1.0;1.0
;US-PA;1965;p99p100;410494.41;;0.1092;0.1092
;US-PA;1965;p99.9p100;1373861.8;;0.036499999;0.036499999
;US-PA;1965;p99.99p100;5649298.5;;0.015;0.015
;US-PA;1965;p90p100;129239.2;;0.34380001;0.34380001
;US-PA;1965;p90p95;80847.898;;0.1075;0.1075
;US-PA;1965;p95p99;119417.4;;0.12710001;0.12710001
;US-PA;1965;p99.5p99.9;385097.59;;0.041000001;0.041000001
;US-PA;1965;p99.9p99.99;898877.81;;0.021500001;0.021500001
;US-PA;1965;p99p99.5;238133.41;;0.0317;0.0317
;US-PA;1965;p95p100;177630.8;;0.23630001;0.23630001
;US-PA;1965;p0p90;27408.1;;0.65619999;0.65619999
;US-PA;1965;p0p99;33824.699;;0.8908;0.8908
;US-PA;1965;p99.5p100;582858.0;;0.077500001;0.077500001
;US-PA;1964;p0p100;1763827.3;1.61898016336e+11;1.0;1.0
;US-PA;1964;p99p100;382981.5;;0.1068;0.1068
;US-PA;1964;p99.9p100;1295894.3;;0.0361;0.0361
;US-PA;1964;p99.99p100;5507935.0;;0.0154;0.0154
;US-PA;1964;p90p100;122330.1;;0.34099999;0.34099999
;US-PA;1964;p90p95;77166.5;;0.1076;0.1076
;US-PA;1964;p95p99;113604.1;;0.1267;0.1267
;US-PA;1964;p99.5p99.9;355926.0;;0.039700001;0.039700001
;US-PA;1964;p99.9p99.99;828144.0;;0.0208;0.0208
;US-PA;1964;p99p99.5;222157.3;;0.030999999;0.030999999
;US-PA;1964;p95p100;167496.8;;0.2335;0.2335
;US-PA;1964;p0p90;26262.699;;0.65899998;0.65899998
;US-PA;1964;p0p99;32363.4;;0.89319998;0.89319998
;US-PA;1964;p99.5p100;543870.38;;0.075800002;0.075800002
;US-PA;1963;p0p100;1709113.1;1.51551075376e+11;1.0;1.0
;US-PA;1963;p99p100;343122.41;;0.1013;0.1013
;US-PA;1963;p99.9p100;1139099.3;;0.033599999;0.033599999
;US-PA;1963;p99.99p100;4679664.5;;0.0138;0.0138
;US-PA;1963;p90p100;113778.1;;0.336;0.336
;US-PA;1963;p90p95;72849.797;;0.1076;0.1076
;US-PA;1963;p95p99;107602.4;;0.12710001;0.12710001
;US-PA;1963;p99.5p99.9;324860.19;;0.038400002;0.038400002
;US-PA;1963;p99.9p99.99;744877.81;;0.0198;0.0198
;US-PA;1963;p99p99.5;198667.41;;0.029300001;0.029300001
;US-PA;1963;p95p100;154706.41;;0.22840001;0.22840001
;US-PA;1963;p0p90;24986.699;;0.66399997;0.66399997
;US-PA;1963;p0p99;30741.9;;0.8987;0.8987
;US-PA;1963;p99.5p100;487578.91;;0.071999997;0.071999997
;US-PA;1962;p0p100;1713953.5;1.46692251537e+11;1.0;1.0
;US-PA;1962;p99p100;327202.59;;0.098899998;0.098899998
;US-PA;1962;p99.9p100;1056004.1;;0.0319;0.0319
;US-PA;1962;p99.99p100;3867064.5;;0.0117;0.0117
;US-PA;1962;p90p100;109032.4;;0.32960001;0.32960001
;US-PA;1962;p90p95;70221.398;;0.1061;0.1061
;US-PA;1962;p95p99;103003.6;;0.1246;0.1246
;US-PA;1962;p99.5p99.9;325548.91;;0.0394;0.0394
;US-PA;1962;p99.9p99.99;743588.38;;0.020199999;0.020199999
;US-PA;1962;p99p99.5;182714.41;;0.0276;0.0276
;US-PA;1962;p95p100;147843.41;;0.2235;0.2235
;US-PA;1962;p0p90;24640.699;;0.67040002;0.67040002
;US-PA;1962;p0p99;30108.6;;0.90109998;0.90109998
;US-PA;1962;p99.5p100;471694.41;;0.0713;0.0713
;US-PA;1961;p0p100;1731518.3;1.43803269211e+11;1.0;1.0
;US-PA;1961;p99p100;336407.09;;0.1027;0.1027
;US-PA;1961;p99.9p100;1105091.9;;0.0337;0.0337
;US-PA;1961;p99.99p100;3888285.8;;0.0119;0.0119
;US-PA;1961;p90p100;108657.8;;0.3317;0.3317
;US-PA;1961;p90p95;68631.398;;0.1048;0.1048
;US-PA;1961;p95p99;101753.7;;0.1242;0.1242
;US-PA;1961;p99.5p99.9;331066.69;;0.040399998;0.040399998
;US-PA;1961;p99.9p99.99;796061.63;;0.0219;0.0219
;US-PA;1961;p99p99.5;186890.7;;0.0285;0.0285
;US-PA;1961;p95p100;148684.3;;0.2269;0.2269
;US-PA;1961;p0p90;24324.699;;0.66829997;0.66829997
;US-PA;1961;p0p99;29690.699;;0.8973;0.8973
;US-PA;1961;p99.5p100;485923.0;;0.074199997;0.074199997
;US-PA;1960;p0p100;1758016.0;1.41472406309e+11;1.0;1.0
;US-PA;1960;p99p100;317933.31;;0.097499996;0.097499996
;US-PA;1960;p99.9p100;1096493.9;;0.033599999;0.033599999
;US-PA;1960;p99.99p100;4389763.5;;0.0135;0.0135
;US-PA;1960;p90p100;105197.9;;0.32269999;0.32269999
;US-PA;1960;p90p95;67723.797;;0.1039;0.1039
;US-PA;1960;p95p99;98856.703;;0.1213;0.1213
;US-PA;1960;p99.5p99.9;301171.31;;0.037;0.037
;US-PA;1960;p99.9p99.99;729499.88;;0.020099999;0.020099999
;US-PA;1960;p99p99.5;175855.2;;0.027000001;0.027000001
;US-PA;1960;p95p100;142672.09;;0.2189;0.2189
;US-PA;1960;p0p90;24528.0;;0.67729998;0.67729998
;US-PA;1960;p0p99;29712.9;;0.90249997;0.90249997
;US-PA;1960;p99.5p100;460014.81;;0.070600003;0.070600003
;US-PA;1959;p0p100;1805704.5;1.40423818375e+11;1.0;1.0
;US-PA;1959;p99p100;358304.09;;0.1107;0.1107
;US-PA;1959;p99.9p100;1136138.0;;0.035100002;0.035100002
;US-PA;1959;p99.99p100;3661398.8;;0.0113;0.0113
;US-PA;1959;p90p100;109418.2;;0.3382;0.3382
;US-PA;1959;p90p95;66137.703;;0.1022;0.1022
;US-PA;1959;p95p99;101295.0;;0.1252;0.1252
;US-PA;1959;p99.5p99.9;379070.09;;0.0469;0.0469
;US-PA;1959;p99.9p99.99;855863.13;;0.023800001;0.023800001
;US-PA;1959;p99p99.5;186019.59;;0.0287;0.0287
;US-PA;1959;p95p100;152698.0;;0.236;0.236
;US-PA;1959;p0p90;23795.9;;0.66189998;0.66189998
;US-PA;1959;p0p99;29065.4;;0.88929999;0.88929999
;US-PA;1959;p99.5p100;530583.88;;0.082000002;0.082000002
;US-PA;1958;p0p100;1732513.3;1.32722806476e+11;1.0;1.0
;US-PA;1958;p99p100;334559.31;;0.1093;0.1093
;US-PA;1958;p99.9p100;1053341.3;;0.034400001;0.034400001
;US-PA;1958;p99.99p100;3746719.0;;0.0122;0.0122
;US-PA;1958;p90p100;102909.9;;0.33610001;0.33610001
;US-PA;1958;p90p95;63296.102;;0.1034;0.1034
;US-PA;1958;p95p99;94513.398;;0.1235;0.1235
;US-PA;1958;p99.5p99.9;343963.81;;0.0449;0.0449
;US-PA;1958;p99.9p99.99;753684.19;;0.0222;0.0222
;US-PA;1958;p99p99.5;183197.7;;0.029899999;0.029899999
;US-PA;1958;p95p100;142523.09;;0.23270001;0.23270001
;US-PA;1958;p0p90;22589.801;;0.66399997;0.66399997
;US-PA;1958;p0p99;27550.9;;0.89069998;0.89069998
;US-PA;1958;p99.5p100;485922.09;;0.079300001;0.079300001
;US-PA;1957;p0p100;1910704.5;1.38499724733e+11;1.0;1.0
;US-PA;1957;p99p100;345263.31;;0.1079;0.1079
;US-PA;1957;p99.9p100;1096282.8;;0.034299999;0.034299999
;US-PA;1957;p99.99p100;3683698.3;;0.0115;0.0115
;US-PA;1957;p90p100;104875.9;;0.32769999;0.32769999
;US-PA;1957;p90p95;63888.398;;0.099799998;0.099799998
;US-PA;1957;p95p99;96011.602;;0.12;0.12
;US-PA;1957;p99.5p99.9;356953.0;;0.044599999;0.044599999
;US-PA;1957;p99.9p99.99;808712.0;;0.022700001;0.022700001
;US-PA;1957;p99p99.5;185670.09;;0.028999999;0.028999999
;US-PA;1957;p95p100;145862.91;;0.2279;0.2279
;US-PA;1957;p0p90;23903.5;;0.67229998;0.67229998
;US-PA;1957;p0p99;28836.1;;0.89209998;0.89209998
;US-PA;1957;p99.5p100;504858.91;;0.078900002;0.078900002
;US-PA;1956;p0p100;2048043.0;1.37994488964e+11;1.0;1.0
;US-PA;1956;p99p100;366181.0;;0.1145;0.1145
;US-PA;1956;p99.9p100;1261412.5;;0.0394;0.0394
;US-PA;1956;p99.99p100;4579384.5;;0.0143;0.0143
;US-PA;1956;p90p100;104560.4;;0.32690001;0.32690001
;US-PA;1956;p90p95;59848.699;;0.093599997;0.093599997
;US-PA;1956;p95p99;94730.797;;0.1185;0.1185
;US-PA;1956;p99.5p99.9;364628.69;;0.045600001;0.045600001
;US-PA;1956;p99.9p99.99;892179.19;;0.0251;0.0251
;US-PA;1956;p99p99.5;188518.91;;0.0295;0.0295
;US-PA;1956;p95p100;149020.3;;0.233;0.233
;US-PA;1956;p0p90;23930.6;;0.67339998;0.67339998
;US-PA;1956;p0p99;28605.4;;0.88550001;0.88550001
;US-PA;1956;p99.5p100;543846.5;;0.085000001;0.085000001
;US-PA;1955;p0p100;2016088.8;1.31477179276e+11;1.0;1.0
;US-PA;1955;p99p100;337695.69;;0.1105;0.1105
;US-PA;1955;p99.9p100;1152750.1;;0.037700001;0.037700001
;US-PA;1955;p99.99p100;4222651.0;;0.0138;0.0138
;US-PA;1955;p90p100;99855.297;;0.3267;0.3267
;US-PA;1955;p90p95;58647.0;;0.096000001;0.096000001
;US-PA;1955;p95p99;91674.797;;0.12;0.12
;US-PA;1955;p99.5p99.9;326286.5;;0.0427;0.0427
;US-PA;1955;p99.9p99.99;811630.88;;0.0239;0.0239
;US-PA;1955;p99p99.5;183811.8;;0.030099999;0.030099999
;US-PA;1955;p95p100;140884.3;;0.2305;0.2305
;US-PA;1955;p0p90;22871.699;;0.67360002;0.67360002
;US-PA;1955;p0p99;27458.5;;0.88950002;0.88950002
;US-PA;1955;p99.5p100;491579.5;;0.080399998;0.080399998
;US-PA;1954;p0p100;1896685.5;1.24233804721e+11;1.0;1.0
;US-PA;1954;p99p100;313743.09;;0.1083;0.1083
;US-PA;1954;p99.9p100;1029589.1;;0.035500001;0.035500001
;US-PA;1954;p99.99p100;3507291.5;;0.0121;0.0121
;US-PA;1954;p90p100;93368.5;;0.32229999;0.32229999
;US-PA;1954;p90p95;55167.301;;0.095200002;0.095200002
;US-PA;1954;p95p99;85702.398;;0.1183;0.1183
;US-PA;1954;p99.5p99.9;310550.5;;0.0429;0.0429
;US-PA;1954;p99.9p99.99;754286.13;;0.023399999;0.023399999
;US-PA;1954;p99p99.5;173127.8;;0.029899999;0.029899999
;US-PA;1954;p95p100;131329.09;;0.22669999;0.22669999
;US-PA;1954;p0p90;21825.0;;0.67809999;0.67809999
;US-PA;1954;p0p99;26089.801;;0.89170003;0.89170003
;US-PA;1954;p99.5p100;454358.19;;0.078400001;0.078400001
;US-PA;1953;p0p100;1995056.6;1.28965923196e+11;1.0;1.0
;US-PA;1953;p99p100;294272.91;;0.097499996;0.097499996
;US-PA;1953;p99.9p100;926062.5;;0.0307;0.0307
;US-PA;1953;p99.99p100;3023825.5;;0.0099999998;0.0099999998
;US-PA;1953;p90p100;92333.297;;0.30610001;0.30610001
;US-PA;1953;p90p95;56842.0;;0.0942;0.0942
;US-PA;1953;p95p99;85901.602;;0.1139;0.1139
;US-PA;1953;p99.5p99.9;291548.41;;0.038699999;0.038699999
;US-PA;1953;p99.9p99.99;692731.69;;0.0207;0.0207
;US-PA;1953;p99p99.5;170067.59;;0.028200001;0.028200001
;US-PA;1953;p95p100;127596.0;;0.2115;0.2115
;US-PA;1953;p0p90;23273.4;;0.6943;0.6943
;US-PA;1953;p0p99;27498.9;;0.90249997;0.90249997
;US-PA;1953;p99.5p100;418474.41;;0.069399998;0.069399998
;US-PA;1952;p0p100;1915797.0;1.21700375304e+11;1.0;1.0
;US-PA;1952;p99p100;317379.09;;0.1112;0.1112
;US-PA;1952;p99.9p100;1080409.8;;0.037900001;0.037900001
;US-PA;1952;p99.99p100;3590599.5;;0.0126;0.0126
;US-PA;1952;p90p100;91566.5;;0.32089999;0.32089999
;US-PA;1952;p90p95;52844.602;;0.092600003;0.092600003
;US-PA;1952;p95p99;82979.703;;0.1163;0.1163
;US-PA;1952;p99.5p99.9;312905.19;;0.043900002;0.043900002
;US-PA;1952;p99.9p99.99;801031.69;;0.0253;0.0253
;US-PA;1952;p99p99.5;168231.3;;0.0295;0.0295
;US-PA;1952;p95p100;129909.9;;0.22759999;0.22759999
;US-PA;1952;p0p90;21557.4;;0.67989999;0.67989999
;US-PA;1952;p0p99;25618.199;;0.88880002;0.88880002
;US-PA;1952;p99.5p100;466483.69;;0.081699997;0.081699997
;US-PA;1951;p0p100;2000529.0;1.21320122289e+11;1.0;1.0
;US-PA;1951;p99p100;355780.91;;0.1247;0.1247
;US-PA;1951;p99.9p100;1258327.9;;0.044100001;0.044100001
;US-PA;1951;p99.99p100;3672851.8;;0.0129;0.0129
;US-PA;1951;p90p100;95900.797;;0.33610001;0.33610001
;US-PA;1951;p90p95;53475.602;;0.093699999;0.093699999
;US-PA;1951;p95p99;84256.102;;0.1181;0.1181
;US-PA;1951;p99.5p99.9;342879.41;;0.048099998;0.048099998
;US-PA;1951;p99.9p99.99;987963.0;;0.031199999;0.031199999
;US-PA;1951;p99p99.5;186739.3;;0.032699998;0.032699998
;US-PA;1951;p95p100;138401.59;;0.24250001;0.24250001
;US-PA;1951;p0p99;19122.699;;0.66339999;0.66339999
;US-PA;1951;p99.5p100;525284.13;;0.092;0.092
;US-PA;1950;p0p100;2195978.3;1.14005327789e+11;1.0;1.0
;US-PA;1950;p99p100;340970.09;;0.1267;0.1267
;US-PA;1950;p99.9p100;1209689.3;;0.045000002;0.045000002
;US-PA;1950;p99.99p100;3530500.5;;0.0131;0.0131
;US-PA;1950;p90p100;92625.703;;0.3443;0.3443
;US-PA;1950;p90p95;52097.199;;0.096799999;0.096799999
;US-PA;1950;p95p99;81169.297;;0.1207;0.1207
;US-PA;1950;p99.5p99.9;326504.5;;0.048500001;0.048500001
;US-PA;1950;p99.9p99.99;944790.31;;0.031599998;0.031599998
;US-PA;1950;p99p99.5;178712.91;;0.033199999;0.033199999
;US-PA;1950;p95p100;133158.5;;0.2475;0.2475
;US-PA;1950;p0p90;19609.699;;0.65600002;0.65600002
;US-PA;1950;p0p99;23730.9;;0.87330002;0.87330002
;US-PA;1950;p99.5p100;503204.19;;0.093500003;0.093500003
;US-PA;1949;p0p100;2050708.3;1.0353357502e+11;1.0;1.0
;US-PA;1949;p99p100;288403.31;;0.1171;0.1171
;US-PA;1949;p99.9p100;979952.88;;0.039799999;0.039799999
;US-PA;1949;p99.99p100;3339421.5;;0.0136;0.0136
;US-PA;1949;p90p100;82903.602;;0.33649999;0.33649999
;US-PA;1949;p90p95;48935.102;;0.099299997;0.099299997
;US-PA;1949;p95p99;73949.0;;0.1201;0.1201
;US-PA;1949;p99.5p99.9;283324.81;;0.046;0.046
;US-PA;1949;p99.9p99.99;717780.38;;0.0262;0.0262
;US-PA;1949;p99p99.5;154157.91;;0.031300001;0.031300001
;US-PA;1949;p95p100;116870.5;;0.23720001;0.23720001
;US-PA;1949;p0p90;18165.9;;0.66360003;0.66360003
;US-PA;1949;p0p99;21973.801;;0.8829;0.8829
;US-PA;1949;p99.5p100;422650.31;;0.0858;0.0858
;US-PA;1948;p0p100;2068917.5;1.05932359579e+11;1.0;1.0
;US-PA;1948;p99p100;307767.09;;0.1214;0.1214
;US-PA;1948;p99.9p100;1086989.0;;0.0429;0.0429
;US-PA;1948;p99.99p100;3891347.8;;0.0154;0.0154
;US-PA;1948;p90p100;84901.0;;0.33500001;0.33500001
;US-PA;1948;p90p95;49504.801;;0.0977;0.0977
;US-PA;1948;p95p99;73393.0;;0.1158;0.1158
;US-PA;1948;p99.5p99.9;299134.0;;0.047200002;0.047200002
;US-PA;1948;p99.9p99.99;775369.81;;0.0275;0.0275
;US-PA;1948;p99p99.5;158824.3;;0.031300001;0.031300001
;US-PA;1948;p95p100;120285.2;;0.23729999;0.23729999
;US-PA;1948;p0p90;18731.199;;0.66509998;0.66509998
;US-PA;1948;p0p99;22493.9;;0.8786;0.8786
;US-PA;1948;p99.5p100;456706.69;;0.090099998;0.090099998
;US-PA;1947;p0p100;2392243.8;1.04866185292e+11;1.0;1.0
;US-PA;1947;p99p100;301050.91;;0.1193;0.1193
;US-PA;1947;p99.9p100;1037293.3;;0.041099999;0.041099999
;US-PA;1947;p99.99p100;3705238.0;;0.0147;0.0147
;US-PA;1947;p90p100;82717.602;;0.32780001;0.32780001
;US-PA;1947;p90p95;46092.398;;0.091300003;0.091300003
;US-PA;1947;p95p99;73904.898;;0.1172;0.1172
;US-PA;1947;p99.5p99.9;292125.81;;0.046300001;0.046300001
;US-PA;1947;p99.9p99.99;740811.38;;0.0264;0.0264
;US-PA;1947;p99p99.5;160954.59;;0.0319;0.0319
;US-PA;1947;p95p100;119342.4;;0.23649999;0.23649999
;US-PA;1947;p0p90;18846.0;;0.67220002;0.67220002
;US-PA;1947;p0p99;22446.699;;0.88069999;0.88069999
;US-PA;1947;p99.5p100;441160.19;;0.087399997;0.087399997
;US-PA;1946;p0p100;3091502.5;1.02821859755e+11;1.0;1.0
;US-PA;1946;p99p100;332319.59;;0.13330001;0.13330001
;US-PA;1946;p99.9p100;1148714.8;;0.046100002;0.046100002
;US-PA;1946;p99.99p100;4107253.3;;0.0165;0.0165
;US-PA;1946;p90p100;88966.602;;0.35679999;0.35679999
;US-PA;1946;p90p95;48184.898;;0.096600004;0.096600004
;US-PA;1946;p95p99;79100.297;;0.1269;0.1269
;US-PA;1946;p99.5p99.9;324136.91;;0.052000001;0.052000001
;US-PA;1946;p99.9p99.99;819970.38;;0.0296;0.0296
;US-PA;1946;p99p99.5;175606.7;;0.0352;0.0352
;US-PA;1946;p95p100;129748.3;;0.26019999;0.26019999
;US-PA;1946;p0p90;17819.1;;0.64319998;0.64319998
;US-PA;1946;p0p99;21828.9;;0.86669999;0.86669999
;US-PA;1946;p99.5p100;489052.81;;0.098099999;0.098099999
;US-PA;1945;p0p100;3696481.3;1.04454053032e+11;1.0;1.0
;US-PA;1945;p99p100;322287.91;;0.12729999;0.12729999
;US-PA;1945;p99.9p100;1104620.4;;0.0436;0.0436
;US-PA;1945;p99.99p100;3483997.0;;0.0138;0.0138
;US-PA;1945;p90p100;86750.602;;0.34279999;0.34279999
;US-PA;1945;p90p95;48074.5;;0.094999999;0.094999999
;US-PA;1945;p95p99;76205.602;;0.1204;0.1204
;US-PA;1945;p99.5p99.9;317844.0;;0.0502;0.0502
;US-PA;1945;p99.9p99.99;839260.19;;0.0298;0.0298
;US-PA;1945;p99p99.5;169382.41;;0.033500001;0.033500001
;US-PA;1945;p95p100;125426.2;;0.24779999;0.24779999
;US-PA;1945;p0p90;18483.199;;0.6573;0.6573
;US-PA;1945;p0p99;22309.1;;0.87269998;0.87269998
;US-PA;1945;p99.5p100;475208.69;;0.093900003;0.093900003
;US-PA;1944;p0p100;3922823.8;1.0596878053e+11;1.0;1.0
;US-PA;1944;p99p100;299476.19;;0.1166;0.1166
;US-PA;1944;p99.9p100;1037360.8;;0.040399998;0.040399998
;US-PA;1944;p99.99p100;3277763.5;;0.0128;0.0128
;US-PA;1944;p90p100;82841.102;;0.32260001;0.32260001
;US-PA;1944;p90p95;48064.102;;0.093599997;0.093599997
;US-PA;1944;p95p99;71519.5;;0.1114;0.1114
;US-PA;1944;p99.5p99.9;296716.19;;0.0462;0.0462
;US-PA;1944;p99.9p99.99;788330.5;;0.0276;0.0276
;US-PA;1944;p99p99.5;154028.91;;0.029999999;0.029999999
;US-PA;1944;p95p100;117229.2;;0.22830001;0.22830001
;US-PA;1944;p0p90;19353.0;;0.67839998;0.67839998
;US-PA;1944;p0p99;22910.301;;0.88340002;0.88340002
;US-PA;1944;p99.5p100;444819.59;;0.086599998;0.086599998
;US-PA;1943;p0p100;4117007.5;1.07313554632e+11;1.0;1.0
;US-PA;1943;p99p100;329484.09;;0.1266;0.1266
;US-PA;1943;p99.9p100;1200017.3;;0.046100002;0.046100002
;US-PA;1943;p99.99p100;3637015.8;;0.014;0.014
;US-PA;1943;p90p100;86598.703;;0.3326;0.3326
;US-PA;1943;p90p95;49033.699;;0.0942;0.0942
;US-PA;1943;p95p99;72854.297;;0.1119;0.1119
;US-PA;1943;p99.5p99.9;325192.5;;0.050000001;0.050000001
;US-PA;1943;p99.9p99.99;927143.81;;0.032099999;0.032099999
;US-PA;1943;p99p99.5;158852.0;;0.0305;0.0305
;US-PA;1943;p95p100;124165.5;;0.2385;0.2385
;US-PA;1943;p0p90;19306.0;;0.6674;0.6674
;US-PA;1943;p0p99;22969.301;;0.87339997;0.87339997
;US-PA;1943;p99.5p100;500137.41;;0.096100003;0.096100003
;US-PA;1942;p0p100;4063505.3;93701689402.0;1.0;1.0
;US-PA;1942;p99p100;317530.19;;0.1392;0.1392
;US-PA;1942;p99.9p100;1189978.4;;0.052200001;0.052200001
;US-PA;1942;p99.99p100;4052907.3;;0.0178;0.0178
;US-PA;1942;p90p100;81948.398;;0.35929999;0.35929999
;US-PA;1942;p90p95;45986.699;;0.1008;0.1008
;US-PA;1942;p95p99;68025.5;;0.1193;0.1193
;US-PA;1942;p99.5p99.9;306400.59;;0.0537;0.0537
;US-PA;1942;p99.9p99.99;872159.0;;0.034400001;0.034400001
;US-PA;1942;p99p99.5;151999.5;;0.033300001;0.033300001
;US-PA;1942;p95p100;117911.1;;0.25850001;0.25850001
;US-PA;1942;p0p90;16233.0;;0.64060003;0.64060003
;US-PA;1942;p0p99;19828.9;;0.86080003;0.86080003
;US-PA;1942;p99.5p100;483084.31;;0.1059;0.1059
;US-PA;1941;p0p100;4464600.5;84037229547.0;1.0;1.0
;US-PA;1941;p99p100;321577.5;;0.15719999;0.15719999
;US-PA;1941;p99.9p100;1223834.3;;0.059799999;0.059799999
;US-PA;1941;p99.99p100;4285868.0;;0.0209;0.0209
;US-PA;1941;p90p100;82019.297;;0.40079999;0.40079999
;US-PA;1941;p90p95;45855.801;;0.112;0.112
;US-PA;1941;p95p99;67334.898;;0.13160001;0.13160001
;US-PA;1941;p99.5p99.9;305396.31;;0.059700001;0.059700001
;US-PA;1941;p99.9p99.99;883823.5;;0.038899999;0.038899999
;US-PA;1941;p99p99.5;154171.59;;0.037700001;0.037700001
;US-PA;1941;p95p100;118157.2;;0.28870001;0.28870001
;US-PA;1941;p0p90;13622.5;;0.59909999;0.59909999
;US-PA;1941;p0p99;17421.301;;0.84280002;0.84280002
;US-PA;1941;p99.5p100;489031.31;;0.1195;0.1195
;US-PA;1940;p0p100;4361847.0;74513623538.0;1.0;1.0
;US-PA;1940;p99p100;296192.69;;0.16329999;0.16329999
;US-PA;1940;p99.9p100;1137583.6;;0.062700003;0.062700003
;US-PA;1940;p99.99p100;4306320.0;;0.023700001;0.023700001
;US-PA;1940;p90p100;77314.797;;0.42640001;0.42640001
;US-PA;1940;p90p95;42594.699;;0.1174;0.1174
;US-PA;1940;p95p99;66049.102;;0.14569999;0.14569999
;US-PA;1940;p99.5p99.9;277918.69;;0.061299998;0.061299998
;US-PA;1940;p99.9p99.99;786272.5;;0.039000001;0.039000001
;US-PA;1940;p99p99.5;142688.7;;0.039299998;0.039299998
;US-PA;1940;p95p100;112053.0;;0.30899999;0.30899999
;US-PA;1940;p0p90;11553.5;;0.57340002;0.57340002
;US-PA;1940;p0p99;15324.6;;0.83670002;0.83670002
;US-PA;1940;p99.5p100;449764.31;;0.124;0.124
;US-PA;1939;p0p100;4191277.0;69347357213.0;1.0;1.0
;US-PA;1939;p99p100;272544.31;;0.1594;0.1594
;US-PA;1939;p99.9p100;1035830.3;;0.060600001;0.060600001
;US-PA;1939;p99.99p100;3850824.8;;0.022500001;0.022500001
;US-PA;1939;p90p100;72923.898;;0.42660001;0.42660001
;US-PA;1939;p90p95;41078.0;;0.1202;0.1202
;US-PA;1939;p95p99;62685.102;;0.14669999;0.14669999
;US-PA;1939;p99.5p99.9;255837.8;;0.059900001;0.059900001
;US-PA;1939;p99.9p99.99;723382.5;;0.0381;0.0381
;US-PA;1939;p99p99.5;133357.09;;0.039000001;0.039000001
;US-PA;1939;p95p100;104629.5;;0.30599999;0.30599999
;US-PA;1939;p0p90;10895.9;;0.57370001;0.57370001
;US-PA;1939;p0p99;14513.5;;0.84060001;0.84060001
;US-PA;1939;p99.5p100;411781.59;;0.1204;0.1204
;US-PA;1938;p0p100;3829145.0;64455770635.0;1.0;1.0
;US-PA;1938;p99p100;238989.09;;0.1487;0.1487
;US-PA;1938;p99.9p100;893372.38;;0.055599999;0.055599999
;US-PA;1938;p99.99p100;3277501.3;;0.020400001;0.020400001
;US-PA;1938;p90p100;69685.797;;0.43360001;0.43360001
;US-PA;1938;p90p95;45923.0;;0.1429;0.1429
;US-PA;1938;p95p99;58836.699;;0.1464;0.1464
;US-PA;1938;p99.5p99.9;224628.59;;0.0559;0.0559
;US-PA;1938;p99.9p99.99;628280.88;;0.0352;0.0352
;US-PA;1938;p99p99.5;119609.8;;0.0372;0.0372
;US-PA;1938;p95p100;94865.398;;0.29519999;0.29519999
;US-PA;1938;p0p90;10034.7;;0.56199998;0.56199998
;US-PA;1938;p0p99;13818.9;;0.8513;0.8513
;US-PA;1938;p99.5p100;358385.0;;0.1115;0.1115
;US-PA;1937;p0p100;4102766.3;70918594746.0;1.0;1.0
;US-PA;1937;p99p100;290911.81;;0.1627;0.1627
;US-PA;1937;p99.9p100;1099534.0;;0.061500002;0.061500002
;US-PA;1937;p99.99p100;3671847.3;;0.020500001;0.020500001
;US-PA;1937;p90p100;77725.297;;0.4348;0.4348
;US-PA;1937;p90p95;47800.301;;0.1337;0.1337
;US-PA;1937;p95p99;63427.5;;0.1419;0.1419
;US-PA;1937;p99.5p99.9;278402.0;;0.0623;0.0623
;US-PA;1937;p99.9p99.99;813722.5;;0.041000001;0.041000001
;US-PA;1937;p99p99.5;139195.0;;0.038899999;0.038899999
;US-PA;1937;p95p100;108925.0;;0.3046;0.3046
;US-PA;1937;p0p90;11157.6;;0.56169999;0.56169999
;US-PA;1937;p0p99;15120.1;;0.8373;0.8373
;US-PA;1937;p99.5p100;442628.31;;0.1238;0.1238
;US-PA;1936;p0p100;4355259.0;69475922531.0;1.0;1.0
;US-PA;1936;p99p100;318445.59;;0.18009999;0.18009999
;US-PA;1936;p99.9p100;1262781.8;;0.071400002;0.071400002
;US-PA;1936;p99.99p100;4362580.0;;0.024700001;0.024700001
;US-PA;1936;p90p100;76443.703;;0.43239999;0.43239999
;US-PA;1936;p90p95;41848.301;;0.1184;0.1184
;US-PA;1936;p95p99;60214.301;;0.1363;0.1363
;US-PA;1936;p99.5p99.9;299825.91;;0.0678;0.0678
;US-PA;1936;p99.9p99.99;918349.31;;0.046799999;0.046799999
;US-PA;1936;p99p99.5;144472.91;;0.040899999;0.040899999
;US-PA;1936;p95p100;111856.7;;0.31639999;0.31639999
;US-PA;1936;p0p90;11102.1;;0.56519997;0.56519997
;US-PA;1936;p0p99;14639.3;;0.81989998;0.81989998
;US-PA;1936;p99.5p100;492417.41;;0.1393;0.1393
;US-PA;1935;p0p100;3844703.0;59585723248.0;1.0;1.0
;US-PA;1935;p99p100;247752.0;;0.1619;0.1619
;US-PA;1935;p99.9p100;958764.81;;0.062600002;0.062600002
;US-PA;1935;p99.99p100;3273317.8;;0.021400001;0.021400001
;US-PA;1935;p90p100;67134.102;;0.4386;0.4386
;US-PA;1935;p90p95;39499.0;;0.12899999;0.12899999
;US-PA;1935;p95p99;57769.5;;0.15099999;0.15099999
;US-PA;1935;p99.5p99.9;233051.41;;0.060899999;0.060899999
;US-PA;1935;p99.9p99.99;701592.88;;0.041299999;0.041299999
;US-PA;1935;p99p99.5;117307.5;;0.0383;0.0383
;US-PA;1935;p95p100;95768.602;;0.31290001;0.31290001
;US-PA;1935;p0p90;9491.5996;;0.55809999;0.55809999
;US-PA;1935;p0p99;12957.8;;0.83810002;0.83810002
;US-PA;1935;p99.5p100;378194.31;;0.1235;0.1235
;US-PA;1934;p0p100;3882440.0;56703142231.0;1.0;1.0
;US-PA;1934;p99p100;225389.8;;0.1532;0.1532
;US-PA;1934;p99.9p100;853789.38;;0.057999998;0.057999998
;US-PA;1934;p99.99p100;2823792.5;;0.019200001;0.019200001
;US-PA;1934;p90p100;61768.301;;0.41980001;0.41980001
;US-PA;1934;p90p95;32925.898;;0.1119;0.1119
;US-PA;1934;p95p99;56933.301;;0.1548;0.1548
;US-PA;1934;p99.5p99.9;213026.5;;0.0579;0.0579
;US-PA;1934;p99.9p99.99;634906.19;;0.038800001;0.038800001
;US-PA;1934;p99p99.5;109604.4;;0.0372;0.0372
;US-PA;1934;p95p100;90736.297;;0.30840001;0.30840001
;US-PA;1934;p0p90;9483.7998;;0.5801;0.5801
;US-PA;1934;p0p99;12584.9;;0.84680003;0.84680003
;US-PA;1934;p99.5p100;341179.5;;0.1159;0.1159
;US-PA;1933;p0p100;3810574.0;51613325140.0;1.0;1.0
;US-PA;1933;p99p100;212351.8;;0.15710001;0.15710001
;US-PA;1933;p99.9p100;840639.63;;0.062199999;0.062199999
;US-PA;1933;p99.99p100;2787670.0;;0.0206;0.0206
;US-PA;1933;p90p100;59171.102;;0.4377;0.4377
;US-PA;1933;p90p95;34260.898;;0.1267;0.1267
;US-PA;1933;p95p99;52967.5;;0.1567;0.1567
;US-PA;1933;p99.5p99.9;194249.8;;0.057500001;0.057500001
;US-PA;1933;p99.9p99.99;624302.88;;0.0416;0.0416
;US-PA;1933;p99p99.5;101175.7;;0.0374;0.0374
;US-PA;1933;p95p100;84875.797;;0.31389999;0.31389999
;US-PA;1933;p0p90;8404.7002;;0.55949998;0.55949998
;US-PA;1933;p0p99;11511.1;;0.84289998;0.84289998
;US-PA;1933;p99.5p100;323527.81;;0.1197;0.1197
;US-PA;1932;p0p100;3590100.5;53548917027.0;1.0;1.0
;US-PA;1932;p99p100;213859.0;;0.15109999;0.15109999
;US-PA;1932;p99.9p100;836729.81;;0.059099998;0.059099998
;US-PA;1932;p99.99p100;2718707.0;;0.019200001;0.019200001
;US-PA;1932;p90p100;62294.301;;0.44010001;0.44010001
;US-PA;1932;p90p95;38630.5;;0.1365;0.1365
;US-PA;1932;p95p99;54792.801;;0.1549;0.1549
;US-PA;1932;p99.5p99.9;196033.0;;0.055399999;0.055399999
;US-PA;1932;p99.9p99.99;627621.19;;0.039900001;0.039900001
;US-PA;1932;p99p99.5;103545.6;;0.036600001;0.036600001
;US-PA;1932;p95p100;86744.797;;0.3064;0.3064
;US-PA;1932;p0p90;8768.4004;;0.55760002;0.55760002
;US-PA;1932;p0p99;12136.1;;0.84890002;0.84890002
;US-PA;1932;p99.5p100;324172.41;;0.1145;0.1145
;US-PA;1931;p0p100;3446388.0;63293850446.0;1.0;1.0
;US-PA;1931;p99p100;256406.59;;0.15180001;0.15180001
;US-PA;1931;p99.9p100;1014741.5;;0.0601;0.0601
;US-PA;1931;p99.99p100;3978300.3;;0.023600001;0.023600001
;US-PA;1931;p90p100;71652.297;;0.42429999;0.42429999
;US-PA;1931;p90p95;44592.398;;0.132;0.132
;US-PA;1931;p95p99;60291.301;;0.1428;0.1428
;US-PA;1931;p99.5p99.9;231702.91;;0.054900002;0.054900002
;US-PA;1931;p99.9p99.99;685457.19;;0.036499999;0.036499999
;US-PA;1931;p99p99.5;124502.7;;0.036899999;0.036899999
;US-PA;1931;p95p100;99741.297;;0.29530001;0.29530001
;US-PA;1931;p0p90;10759.5;;0.57340002;0.57340002
;US-PA;1931;p0p99;14469.5;;0.84820002;0.84820002
;US-PA;1931;p99.5p100;388310.59;;0.115;0.115
;US-PA;1930;p0p100;3170200.8;69245142393.0;1.0;1.0
;US-PA;1930;p99p100;313649.19;;0.1679;0.1679
;US-PA;1930;p99.9p100;1308362.5;;0.07;0.07
;US-PA;1930;p99.99p100;5284775.5;;0.0283;0.0283
;US-PA;1930;p90p100;78752.602;;0.42160001;0.42160001
;US-PA;1930;p90p95;45513.102;;0.1218;0.1218
;US-PA;1930;p95p99;63421.801;;0.1358;0.1358
;US-PA;1930;p99.5p99.9;279425.0;;0.059799999;0.059799999
;US-PA;1930;p99.9p99.99;866538.88;;0.0418;0.0418
;US-PA;1930;p99p99.5;142086.0;;0.037999999;0.037999999
;US-PA;1930;p95p100;113597.6;;0.30410001;0.30410001
;US-PA;1930;p0p90;11921.2;;0.57440001;0.57440001
;US-PA;1930;p0p99;15698.6;;0.83209997;0.83209997
;US-PA;1930;p99.5p100;485212.5;;0.12989999;0.12989999
;US-PA;1929;p0p100;3347821.0;76405002406.0;1.0;1.0
;US-PA;1929;p99p100;454640.69;;0.219;0.219
;US-PA;1929;p99.9p100;2173199.0;;0.1047;0.1047
;US-PA;1929;p99.99p100;9794225.0;;0.047200002;0.047200002
;US-PA;1929;p90p100;95425.602;;0.4596;0.4596
;US-PA;1929;p90p95;47128.199;;0.1135;0.1135
;US-PA;1929;p95p99;68879.0;;0.1327;0.1327
;US-PA;1929;p99.5p99.9;374956.19;;0.0722;0.0722
;US-PA;1929;p99.9p99.99;1326418.4;;0.057500001;0.057500001
;US-PA;1929;p99p99.5;174676.7;;0.042100001;0.042100001
;US-PA;1929;p95p100;146077.7;;0.35179999;0.35179999
;US-PA;1929;p0p90;12339.6;;0.53490001;0.53490001
;US-PA;1929;p0p99;16381.1;;0.78100002;0.78100002
;US-PA;1929;p99.5p100;734604.81;;0.1769;0.1769
;US-PA;1928;p0p100;3263466.8;73941713951.0;1.0;1.0
;US-PA;1928;p99p100;453496.81;;0.22409999;0.22409999
;US-PA;1928;p99.9p100;2094378.1;;0.1035;0.1035
;US-PA;1928;p99.99p100;8701939.0;;0.043000001;0.043000001
;US-PA;1928;p90p100;95417.602;;0.47139999;0.47139999
;US-PA;1928;p90p95;47973.0;;0.1185;0.1185
;US-PA;1928;p95p99;68640.0;;0.1356;0.1356
;US-PA;1928;p99.5p99.9;387944.91;;0.076700002;0.076700002
;US-PA;1928;p99.9p99.99;1360204.8;;0.0605;0.0605
;US-PA;1928;p99p99.5;177762.0;;0.043900002;0.043900002
;US-PA;1928;p95p100;145621.09;;0.35969999;0.35969999
;US-PA;1928;p0p90;11734.7;;0.52179998;0.52179998
;US-PA;1928;p0p99;15864.1;;0.77590001;0.77590001
;US-PA;1928;p99.5p100;729231.5;;0.18009999;0.18009999
;US-PA;1927;p0p100;3040463.8;70127969151.0;1.0;1.0
;US-PA;1927;p99p100;402711.69;;0.2078;0.2078
;US-PA;1927;p99.9p100;1781700.6;;0.092;0.092
;US-PA;1927;p99.99p100;7307802.0;;0.037700001;0.037700001
;US-PA;1927;p90p100;90180.0;;0.46540001;0.46540001
;US-PA;1927;p90p95;49422.5;;0.1275;0.1275
;US-PA;1927;p95p99;66565.898;;0.1374;0.1374
;US-PA;1927;p99.5p99.9;353110.0;;0.072899997;0.072899997
;US-PA;1927;p99.9p99.99;1167689.4;;0.054200001;0.054200001
;US-PA;1927;p99p99.5;166595.3;;0.043000001;0.043000001
;US-PA;1927;p95p100;133855.09;;0.34540001;0.34540001
;US-PA;1927;p0p90;11349.6;;0.52719998;0.52719998
;US-PA;1927;p0p99;15503.4;;0.79220003;0.79220003
;US-PA;1927;p99.5p100;638828.13;;0.1649;0.1649
;US-PA;1926;p0p100;2889557.0;68482254283.0;1.0;1.0
;US-PA;1926;p99p100;392004.41;;0.2049;0.2049
;US-PA;1926;p99.9p100;1760716.5;;0.092;0.092
;US-PA;1926;p99.99p100;7756763.0;;0.0405;0.0405
;US-PA;1926;p90p100;90210.5;;0.4716;0.4716
;US-PA;1926;p90p95;51937.0;;0.1358;0.1358
;US-PA;1926;p95p99;66537.0;;0.1391;0.1391
;US-PA;1926;p99.5p99.9;337317.09;;0.070500001;0.070500001
;US-PA;1926;p99.9p99.99;1094489.1;;0.0515;0.0515
;US-PA;1926;p99p99.5;162011.91;;0.042300001;0.042300001
;US-PA;1926;p95p100;131712.0;;0.3443;0.3443
;US-PA;1926;p0p90;11056.1;;0.52020001;0.52020001
;US-PA;1926;p0p99;15362.5;;0.79509997;0.79509997
;US-PA;1926;p99.5p100;621997.0;;0.1626;0.1626
;US-PA;1925;p0p100;2940700.3;67662413115.0;1.0;1.0
;US-PA;1925;p99p100;383600.19;;0.2008;0.2008
;US-PA;1925;p99.9p100;1652041.8;;0.086499996;0.086499996
;US-PA;1925;p99.99p100;6609138.0;;0.034600001;0.034600001
;US-PA;1925;p90p100;87464.602;;0.45789999;0.45789999
;US-PA;1925;p90p95;48309.898;;0.1265;0.1265
;US-PA;1925;p95p99;64901.0;;0.13590001;0.13590001
;US-PA;1925;p99.5p99.9;344667.5;;0.0722;0.0722
;US-PA;1925;p99.9p99.99;1101253.3;;0.051899999;0.051899999
;US-PA;1925;p99p99.5;161058.0;;0.042199999;0.042199999
;US-PA;1925;p95p100;128712.4;;0.3369;0.3369
;US-PA;1925;p0p90;11393.7;;0.53680003;0.53680003
;US-PA;1925;p0p99;15420.1;;0.7992;0.7992
;US-PA;1925;p99.5p100;606142.31;;0.1587;0.1587
;US-PA;1924;p0p100;2961870.0;64027283926.0;1.0;1.0
;US-PA;1924;p99p100;328003.31;;0.1793;0.1793
;US-PA;1924;p99.9p100;1278925.3;;0.069899999;0.069899999
;US-PA;1924;p99.99p100;4316084.0;;0.023600001;0.023600001
;US-PA;1924;p90p100;79570.0;;0.4348;0.4348
;US-PA;1924;p90p95;44129.602;;0.1206;0.1206
;US-PA;1924;p95p99;61769.398;;0.13500001;0.13500001
;US-PA;1924;p99.5p99.9;313742.41;;0.068599999;0.068599999
;US-PA;1924;p99.9p99.99;941463.31;;0.046300001;0.046300001
;US-PA;1924;p99p99.5;149227.59;;0.040800001;0.040800001
;US-PA;1924;p95p100;115016.2;;0.3143;0.3143
;US-PA;1924;p0p90;11490.1;;0.56510001;0.56510001
;US-PA;1924;p0p99;15170.0;;0.82069999;0.82069999
;US-PA;1924;p99.5p100;506779.0;;0.13850001;0.13850001
;US-PA;1923;p0p100;2989503.8;63318057433.0;1.0;1.0
;US-PA;1923;p99p100;303325.59;;0.1649;0.1649
;US-PA;1923;p99.9p100;1169379.8;;0.063600004;0.063600004
;US-PA;1923;p99.99p100;3982626.3;;0.021600001;0.021600001
;US-PA;1923;p90p100;74254.5;;0.40360001;0.40360001
;US-PA;1923;p90p95;39750.301;;0.108;0.108
;US-PA;1923;p95p99;59999.602;;0.1305;0.1305
;US-PA;1923;p99.5p99.9;289915.59;;0.063000001;0.063000001
;US-PA;1923;p99.9p99.99;856796.63;;0.041900001;0.041900001
;US-PA;1923;p99p99.5;140842.59;;0.0383;0.0383
;US-PA;1923;p95p100;108664.8;;0.29530001;0.29530001
;US-PA;1923;p0p90;12195.9;;0.5966;0.5966
;US-PA;1923;p0p99;15519.0;;0.8351;0.8351
;US-PA;1923;p99.5p100;465808.5;;0.1266;0.1266
;US-PA;1922;p0p100;2817988.8;56767426982.0;1.0;1.0
;US-PA;1922;p99p100;294769.81;;0.1761;0.1761
;US-PA;1922;p99.9p100;1167960.8;;0.069799997;0.069799997
;US-PA;1922;p99.99p100;3888865.5;;0.0232;0.0232
;US-PA;1922;p90p100;70844.297;;0.4233;0.4233
;US-PA;1922;p90p95;36281.0;;0.1084;0.1084
;US-PA;1922;p95p99;57935.301;;0.13850001;0.13850001
;US-PA;1922;p99.5p99.9;278814.69;;0.066600002;0.066600002
;US-PA;1922;p99.9p99.99;865638.13;;0.046599999;0.046599999
;US-PA;1922;p99p99.5;132895.7;;0.039700001;0.039700001
;US-PA;1922;p95p100;105302.2;;0.31459999;0.31459999
;US-PA;1922;p0p90;10729.9;;0.57700002;0.57700002
;US-PA;1922;p0p99;13927.6;;0.82389998;0.82389998
;US-PA;1922;p99.5p100;456644.0;;0.1364;0.1364
;US-PA;1921;p0p100;2151457.0;48849570237.0;1.0;1.0
;US-PA;1921;p99p100;235525.59;;0.1617;0.1617
;US-PA;1921;p99.9p100;894875.88;;0.0614;0.0614
;US-PA;1921;p99.99p100;2843104.8;;0.0195;0.0195
;US-PA;1921;p90p100;60879.0;;0.4179;0.4179
;US-PA;1921;p90p95;33503.898;;0.115;0.115
;US-PA;1921;p95p99;51335.199;;0.141;0.141
;US-PA;1921;p99.5p99.9;225760.59;;0.061999999;0.061999999
;US-PA;1921;p99.9p99.99;678406.13;;0.041900001;0.041900001
;US-PA;1921;p99p99.5;111467.6;;0.0383;0.0383
;US-PA;1921;p95p100;88173.297;;0.3026;0.3026
;US-PA;1921;p0p90;9425.7002;;0.58240002;0.58240002
;US-PA;1921;p0p99;12335.1;;0.83829999;0.83829999
;US-PA;1921;p99.5p100;359583.59;;0.1234;0.1234
;US-PA;1920;p0p100;1938185.0;54214314014.0;1.0;1.0
;US-PA;1920;p99p100;246713.8;;0.15000001;0.15000001
;US-PA;1920;p99.9p100;945870.31;;0.057500001;0.057500001
;US-PA;1920;p99.99p100;2981459.0;;0.018100001;0.018100001
;US-PA;1920;p90p100;58757.199;;0.35730001;0.35730001
;US-PA;1920;p90p95;29960.301;;0.0911;0.0911
;US-PA;1920;p95p99;47616.898;;0.1158;0.1158
;US-PA;1920;p99.5p99.9;237981.8;;0.0579;0.0579
;US-PA;1920;p99.9p99.99;719693.81;;0.0394;0.0394
;US-PA;1920;p99p99.5;113868.2;;0.034600001;0.034600001
;US-PA;1920;p95p100;87436.297;;0.26589999;0.26589999
;US-PA;1920;p0p90;11748.9;;0.64300001;0.64300001
;US-PA;1920;p0p99;14117.9;;0.85000002;0.85000002
;US-PA;1920;p99.5p100;379559.5;;0.1154;0.1154
;US-PA;1919;p0p100;2689471.3;55051395448.0;1.0;1.0
;US-PA;1919;p99p100;285238.81;;0.16769999;0.16769999
;US-PA;1919;p99.9p100;1218081.3;;0.071599998;0.071599998
;US-PA;1919;p99.99p100;4229645.5;;0.024900001;0.024900001
;US-PA;1919;p90p100;65216.398;;0.38350001;0.38350001
;US-PA;1919;p90p95;31804.6;;0.093500003;0.093500003
;US-PA;1919;p95p99;51874.5;;0.122;0.122
;US-PA;1919;p99.5p99.9;256773.3;;0.060400002;0.060400002
;US-PA;1919;p99.9p99.99;883420.63;;0.046700001;0.046700001
;US-PA;1919;p99p99.5;121588.7;;0.035700001;0.035700001
;US-PA;1919;p95p100;98547.398;;0.2897;0.2897
;US-PA;1919;p0p90;11654.4;;0.61669999;0.61669999
;US-PA;1919;p0p99;14297.8;;0.83230001;0.83230001
;US-PA;1919;p99.5p100;448888.91;;0.132;0.132
;US-PA;1918;p0p100;3575179.5;54783246790.0;1.0;1.0
;US-PA;1918;p99p100;306930.0;;0.17910001;0.17910001
;US-PA;1918;p99.9p100;1393939.1;;0.081299998;0.081299998
;US-PA;1918;p99.99p100;5120156.5;;0.029899999;0.029899999
;US-PA;1918;p90p100;73498.297;;0.4289;0.4289
;US-PA;1918;p90p95;40434.199;;0.118;0.118
;US-PA;1918;p95p99;56730.0;;0.13240001;0.13240001
;US-PA;1918;p99.5p99.9;268256.41;;0.062600002;0.062600002
;US-PA;1918;p99.9p99.99;979914.5;;0.0515;0.0515
;US-PA;1918;p99p99.5;120465.9;;0.035100002;0.035100002
;US-PA;1918;p95p100;106770.1;;0.31150001;0.31150001
;US-PA;1918;p0p90;10864.1;;0.57050002;0.57050002
;US-PA;1918;p0p99;14210.7;;0.82090002;0.82090002
;US-PA;1918;p99.5p100;493393.59;;0.14390001;0.14390001
;US-PA;1917;p0p100;5252983.5;58385950154.0;1.0;1.0
;US-PA;1917;p99p100;369923.91;;0.2026;0.2026
;US-PA;1917;p99.9p100;1802122.0;;0.098700002;0.098700002
;US-PA;1917;p99.99p100;6839964.5;;0.037500001;0.037500001
;US-PA;1917;p90p100;78330.5;;0.42910001;0.42910001
;US-PA;1917;p90p95;37250.898;;0.102;0.102
