Variable Name;.;.;.;Fiscal income  | tax unit | Average | Adults | constant 2015 local currency;Fiscal income  | tax unit | Total | Adults | constant 2015 local currency;Fiscal income  | tax unit | Share | Adults | share of total (ratio);Pre-tax national income  | tax unit | Share | Adults | share of total (ratio)
Variable Category;.;.;.;Income inequality;Income inequality;Income inequality;Income inequality
Variable Description;.;.;.;Average Fiscal income within a given percentile group. Fiscal income is defined as the sum of all income items reported on income tax returns, before any deduction. It includes labour income, capital income and mixed income. The concept of fiscal income varies with national tax legislations, so in order to make international comparisons it is preferable to use the concept of national income. The population is comprised of individuals over age 20. The base unit is the tax unit defined by national fiscal administrations to measure personal income taxes.;Total Fiscal income  within a given percentile group. Fiscal income is defined as the sum of all income items reported on income tax returns, before any deduction. It includes labour income, capital income and mixed income. The concept of fiscal income varies with national tax legislations, so in order to make international comparisons it is preferable to use the concept of national income. The population is comprised of individuals over age 20.;Fiscal income share held by a given percentile group. Fiscal income is defined as the sum of all income items reported on income tax returns, before any deduction. It includes labour income, capital income and mixed income. The concept of fiscal income varies with national tax legislations, so in order to make international comparisons it is preferable to use the concept of national income. The population is comprised of individuals over age 20. The base unit is the tax unit defined by national fiscal administrations to measure personal income taxes.;Pre-tax national income share held by a given percentile group. Pre-tax national income  is the sum of all pre-tax personal income flows accruing to the owners of the production factors, labor and capital, before taking into account the operation of the tax/transfer system, but after taking into account the operation of pension system. The central difference between personal factor income and pre-tax income is the treatment of pensions, which are counted on a contribution basis by factor income and on a distribution basis by pre-tax income. The population is comprised of individuals over age 20. The base unit is the tax unit defined by national fiscal administrations to measure personal income taxes.
Variable Decomposition;.;.;.;[Fiscal income ]=[Fiscal labour income ]+[Fiscal capital income ];[Fiscal income ]=[Fiscal labour income ]+[Fiscal capital income ];[Fiscal income ]=[Fiscal labour income ]+[Fiscal capital income ];Pre-tax national income =Pre-tax labor income [total pre-tax income ranking]+Pre-tax capital income [total pre-tax income ranking]
Variable Unit;.;.;.;"USD; United States dollar | local currency | market";"USD; United States dollar | local currency | market";share;share
Methodological Notes;.;.;.;;;;Assuming the same distribution as fiscal income.
Sources;.;.;.;Frank, Sommeiller, Price & Saez (2015);Frank, Sommeiller, Price & Saez (2015);Frank, Sommeiller, Price & Saez (2015);WID.world computations using: Frank, Sommeiller, Price & Saez (2015)
Variable Code;country;year;perc;afiinc992t;mfiinc992t;sfiinc992t;sptinc992t
;US-UT;2015;p0p100;67046.0;86850504843.0;1.0;1.0
;US-UT;2015;p99p100;1169166.8;;0.1744;0.1744
;US-UT;2015;p99.9p100;5324050.0;;0.079400003;0.079400003
;US-UT;2015;p99.99p100;22985682.0;;0.034299999;0.034299999
;US-UT;2015;p90p100;290007.09;;0.4325;0.4325
;US-UT;2015;p90p95;148928.8;;0.1111;0.1111
;US-UT;2015;p95p99;245825.0;;0.14669999;0.14669999
;US-UT;2015;p99.5p99.9;966081.5;;0.057599999;0.057599999
;US-UT;2015;p99.9p99.99;3389570.5;;0.045499999;0.045499999
;US-UT;2015;p99p99.5;499567.91;;0.037300002;0.037300002
;US-UT;2015;p95p100;430707.91;;0.32120001;0.32120001
;US-UT;2015;p0p90;42283.5;;0.56760001;0.56760001
;US-UT;2015;p0p99;55913.398;;0.82560003;0.82560003
;US-UT;2015;p99.5p100;1837776.8;;0.1371;0.1371
;US-UT;2014;p0p100;62694.102;81020715634.0;1.0;1.0
;US-UT;2014;p99p100;1075844.8;;0.17200001;0.17200001
;US-UT;2014;p99.9p100;5020050.0;;0.080300003;0.080300003
;US-UT;2014;p99.99p100;22997634.0;;0.036800001;0.036800001
;US-UT;2014;p90p100;269942.0;;0.4316;0.4316
;US-UT;2014;p90p95;141884.0;;0.1134;0.1134
;US-UT;2014;p95p99;228374.3;;0.1461;0.1461
;US-UT;2014;p99.5p99.9;870598.19;;0.0557;0.0557
;US-UT;2014;p99.9p99.99;3031391.3;;0.0436;0.0436
;US-UT;2014;p99p99.5;451596.09;;0.0361;0.0361
;US-UT;2014;p95p100;397832.91;;0.31799999;0.31799999
;US-UT;2014;p0p90;39497.801;;0.56840003;0.56840003
;US-UT;2014;p0p99;52310.199;;0.82800001;0.82800001
;US-UT;2014;p99.5p100;1700070.1;;0.13590001;0.13590001
;US-UT;2013;p0p100;64905.602;76394953590.0;1.0;1.0
;US-UT;2013;p99p100;988926.13;;0.1577;0.1577
;US-UT;2013;p99.9p100;4473592.0;;0.0713;0.0713
;US-UT;2013;p99.99p100;20299474.0;;0.032400001;0.032400001
;US-UT;2013;p90p100;258384.91;;0.41209999;0.41209999
;US-UT;2013;p90p95;140269.7;;0.1119;0.1119
;US-UT;2013;p95p99;223062.7;;0.14229999;0.14229999
;US-UT;2013;p99.5p99.9;811852.31;;0.051800001;0.051800001
;US-UT;2013;p99.9p99.99;2717675.8;;0.039000001;0.039000001
;US-UT;2013;p99p99.5;433734.09;;0.034600001;0.034600001
;US-UT;2013;p95p100;376269.31;;0.3001;0.3001
;US-UT;2013;p0p90;40970.102;;0.58810002;0.58810002
;US-UT;2013;p0p99;53345.199;;0.8423;0.8423
;US-UT;2013;p99.5p100;1544253.1;;0.1231;0.1231
;US-UT;2012;p0p100;66932.898;76025425400.0;1.0;1.0
;US-UT;2012;p99p100;1223173.6;;0.1948;0.1948
;US-UT;2012;p99.9p100;6113376.5;;0.0973;0.0973
;US-UT;2012;p99.99p100;29422400.0;;0.046799999;0.046799999
;US-UT;2012;p90p100;281088.59;;0.44760001;0.44760001
;US-UT;2012;p90p95;140939.7;;0.1122;0.1122
;US-UT;2012;p95p99;220434.41;;0.14040001;0.14040001
;US-UT;2012;p99.5p99.9;946911.13;;0.0603;0.0603
;US-UT;2012;p99.9p99.99;3532886.3;;0.0506;0.0506
;US-UT;2012;p99p99.5;466296.31;;0.037099998;0.037099998
;US-UT;2012;p95p100;420970.59;;0.3351;0.3351
;US-UT;2012;p0p90;38556.398;;0.55250001;0.55250001
;US-UT;2012;p0p99;51085.199;;0.80519998;0.80519998
;US-UT;2012;p99.5p100;1980085.8;;0.1576;0.1576
;US-UT;2011;p0p100;61146.0;69462863191.0;1.0;1.0
;US-UT;2011;p99p100;850985.19;;0.15449999;0.15449999
;US-UT;2011;p99.9p100;3584571.0;;0.065099999;0.065099999
;US-UT;2011;p99.99p100;14995862.0;;0.0272;0.0272
;US-UT;2011;p90p100;233500.91;;0.42399999;0.42399999
;US-UT;2011;p90p95;134827.5;;0.1224;0.1224
;US-UT;2011;p95p99;201833.91;;0.14659999;0.14659999
;US-UT;2011;p99.5p99.9;733098.69;;0.053199999;0.053199999
;US-UT;2011;p99.9p99.99;2325247.3;;0.037999999;0.037999999
;US-UT;2011;p99p99.5;398404.31;;0.036200002;0.036200002
;US-UT;2011;p95p100;331627.59;;0.30109999;0.30109999
;US-UT;2011;p0p90;35268.398;;0.57639998;0.57639998
;US-UT;2011;p0p99;47033.5;;0.84549999;0.84549999
;US-UT;2011;p99.5p100;1303959.4;;0.1184;0.1184
;US-UT;2010;p0p100;64431.0;67415138337.0;1.0;1.0
;US-UT;2010;p99p100;867827.19;;0.1591;0.1591
;US-UT;2010;p99.9p100;3885526.3;;0.071199998;0.071199998
;US-UT;2010;p99.99p100;17589718.0;;0.032299999;0.032299999
;US-UT;2010;p90p100;233962.09;;0.42899999;0.42899999
;US-UT;2010;p90p95;135165.5;;0.1239;0.1239
;US-UT;2010;p95p99;198077.8;;0.1453;0.1453
;US-UT;2010;p99.5p99.9;719827.31;;0.0528;0.0528
;US-UT;2010;p99.9p99.99;2361494.3;;0.039000001;0.039000001
;US-UT;2010;p99p99.5;382346.91;;0.035100002;0.035100002
;US-UT;2010;p95p100;331996.81;;0.3044;0.3044
;US-UT;2010;p0p90;34642.102;;0.57169998;0.57169998
;US-UT;2010;p0p99;46319.5;;0.8409;0.8409
;US-UT;2010;p99.5p100;1353787.8;;0.1241;0.1241
;US-UT;2009;p0p100;66537.797;65814785944.0;1.0;1.0
;US-UT;2009;p99p100;865164.13;;0.1587;0.1587
;US-UT;2009;p99.9p100;3947800.5;;0.072400004;0.072400004
;US-UT;2009;p99.99p100;18471804.0;;0.0339;0.0339
;US-UT;2009;p90p100;231518.41;;0.42469999;0.42469999
;US-UT;2009;p90p95;135898.8;;0.1246;0.1246
;US-UT;2009;p95p99;191849.59;;0.1408;0.1408
;US-UT;2009;p99.5p99.9;700250.63;;0.051399998;0.051399998
;US-UT;2009;p99.9p99.99;2332335.5;;0.0385;0.0385
;US-UT;2009;p99p99.5;380014.41;;0.034899998;0.034899998
;US-UT;2009;p95p100;326520.5;;0.29949999;0.29949999
;US-UT;2009;p0p90;34887.199;;0.57599998;0.57599998
;US-UT;2009;p0p99;46326.398;;0.84130001;0.84130001
;US-UT;2009;p99.5p100;1350153.0;;0.1238;0.1238
;US-UT;2008;p0p100;75761.5;73273340839.0;1.0;1.0
;US-UT;2008;p99p100;1088512.1;;0.1741;0.1741
;US-UT;2008;p99.9p100;5282054.5;;0.0845;0.0845
;US-UT;2008;p99.99p100;24987346.0;;0.039999999;0.039999999
;US-UT;2008;p90p100;263759.81;;0.4219;0.4219
;US-UT;2008;p90p95;140994.59;;0.1128;0.1128
;US-UT;2008;p95p99;209634.5;;0.13410001;0.13410001
;US-UT;2008;p99.5p99.9;850751.63;;0.054400001;0.054400001
;US-UT;2008;p99.9p99.99;3079387.3;;0.044300001;0.044300001
;US-UT;2008;p99p99.5;433952.5;;0.034699999;0.034699999
;US-UT;2008;p95p100;385706.09;;0.30849999;0.30849999
;US-UT;2008;p0p90;40264.199;;0.57969999;0.57969999
;US-UT;2008;p0p99;52152.199;;0.82590002;0.82590002
;US-UT;2008;p99.5p100;1741008.8;;0.1392;0.1392
;US-UT;2007;p0p100;90350.797;77448654079.0;1.0;1.0
;US-UT;2007;p99p100;1435719.8;;0.2076;0.2076
;US-UT;2007;p99.9p100;7385033.5;;0.1068;0.1068
;US-UT;2007;p99.99p100;35765544.0;;0.0517;0.0517
;US-UT;2007;p90p100;312182.81;;0.4515;0.4515
;US-UT;2007;p90p95;146410.0;;0.1059;0.1059
;US-UT;2007;p95p99;237524.59;;0.1374;0.1374
;US-UT;2007;p99.5p99.9;1085829.9;;0.062799998;0.062799998
;US-UT;2007;p99.9p99.99;4224554.0;;0.055;0.055
;US-UT;2007;p99p99.5;520700.91;;0.037700001;0.037700001
;US-UT;2007;p95p100;477476.5;;0.34529999;0.34529999
;US-UT;2007;p0p90;42217.699;;0.54949999;0.54949999
;US-UT;2007;p0p99;55339.102;;0.7924;0.7924
;US-UT;2007;p99.5p100;2348860.0;;0.1699;0.1699
;US-UT;2006;p0p100;91956.203;71345604610.0;1.0;1.0
;US-UT;2006;p99p100;1338475.3;;0.20110001;0.20110001
;US-UT;2006;p99.9p100;6631959.5;;0.099699996;0.099699996
;US-UT;2006;p99.99p100;30494518.0;;0.0458;0.0458
;US-UT;2006;p90p100;299083.91;;0.44949999;0.44949999
;US-UT;2006;p90p95;143353.0;;0.1077;0.1077
;US-UT;2006;p95p99;232934.8;;0.14;0.14
;US-UT;2006;p99.5p99.9;1046756.2;;0.062899999;0.062899999
;US-UT;2006;p99.9p99.99;3976989.5;;0.053800002;0.053800002
;US-UT;2006;p99p99.5;507303.59;;0.0381;0.0381
;US-UT;2006;p95p100;454371.19;;0.3414;0.3414
;US-UT;2006;p0p90;40783.5;;0.55159998;0.55159998
;US-UT;2006;p0p99;53694.602;;0.79890001;0.79890001
;US-UT;2006;p99.5p100;2167397.0;;0.1629;0.1629
;US-UT;2005;p0p100;94033.0;65572541881.0;1.0;1.0
;US-UT;2005;p99p100;1210097.4;;0.18970001;0.18970001
;US-UT;2005;p99.9p100;5933332.0;;0.093000002;0.093000002
;US-UT;2005;p99.99p100;27099748.0;;0.0425;0.0425
;US-UT;2005;p90p100;277285.59;;0.43470001;0.43470001
;US-UT;2005;p90p95;137162.41;;0.1075;0.1075
;US-UT;2005;p95p99;218125.5;;0.13680001;0.13680001
;US-UT;2005;p99.5p99.9;950151.63;;0.059599999;0.059599999
;US-UT;2005;p99.9p99.99;3579008.0;;0.050500002;0.050500002
;US-UT;2005;p99p99.5;469073.69;;0.036800001;0.036800001
;US-UT;2005;p95p100;416685.0;;0.32659999;0.32659999
;US-UT;2005;p0p90;40148.199;;0.56639999;0.56639999
;US-UT;2005;p0p99;52214.699;;0.81029999;0.81029999
;US-UT;2005;p99.5p100;1949551.9;;0.15279999;0.15279999
;US-UT;2004;p0p100;91502.297;59497064033.0;1.0;1.0
;US-UT;2004;p99p100;942823.13;;0.1622;0.1622
;US-UT;2004;p99.9p100;4282830.0;;0.073700003;0.073700003
;US-UT;2004;p99.99p100;18625722.0;;0.032000002;0.032000002
;US-UT;2004;p90p100;239853.59;;0.4127;0.4127
;US-UT;2004;p90p95;124159.6;;0.1068;0.1068
;US-UT;2004;p95p99;207711.2;;0.14300001;0.14300001
;US-UT;2004;p99.5p99.9;771391.88;;0.053100001;0.053100001
;US-UT;2004;p99.9p99.99;2679166.0;;0.041499998;0.041499998
;US-UT;2004;p99p99.5;404394.0;;0.0348;0.0348
;US-UT;2004;p95p100;354999.31;;0.30540001;0.30540001
;US-UT;2004;p0p90;38018.801;;0.58880001;0.58880001
;US-UT;2004;p0p99;49178.301;;0.83780003;0.83780003
;US-UT;2004;p99.5p100;1478792.1;;0.12720001;0.12720001
;US-UT;2003;p0p100;92190.5;55423960839.0;1.0;1.0
;US-UT;2003;p99p100;811896.0;;0.1463;0.1463
;US-UT;2003;p99.9p100;3481697.3;;0.062700003;0.062700003
;US-UT;2003;p99.99p100;14766241.0;;0.0266;0.0266
;US-UT;2003;p90p100;222281.59;;0.40040001;0.40040001
;US-UT;2003;p90p95;125518.2;;0.1131;0.1131
;US-UT;2003;p95p99;195093.41;;0.1406;0.1406
;US-UT;2003;p99.5p99.9;686881.88;;0.0495;0.0495
;US-UT;2003;p99.9p99.99;2217683.5;;0.035999998;0.035999998
;US-UT;2003;p99p99.5;373070.19;;0.033599999;0.033599999
;US-UT;2003;p95p100;318729.91;;0.28709999;0.28709999
;US-UT;2003;p0p90;37050.602;;0.60070002;0.60070002
;US-UT;2003;p0p99;47870.398;;0.85369998;0.85369998
;US-UT;2003;p99.5p100;1249229.1;;0.1125;0.1125
;US-UT;2002;p0p100;98996.297;54867928279.0;1.0;1.0
;US-UT;2002;p99p100;777677.13;;0.1364;0.1364
;US-UT;2002;p99.9p100;3189453.0;;0.0559;0.0559
;US-UT;2002;p99.99p100;12862200.0;;0.022600001;0.022600001
;US-UT;2002;p90p100;220865.7;;0.38730001;0.38730001
;US-UT;2002;p90p95;128004.9;;0.1122;0.1122
;US-UT;2002;p95p99;197099.5;;0.1382;0.1382
;US-UT;2002;p99.5p99.9;674641.81;;0.0473;0.0473
;US-UT;2002;p99.9p99.99;2105926.3;;0.033199999;0.033199999
;US-UT;2002;p99p99.5;372822.69;;0.032699998;0.032699998
;US-UT;2002;p95p100;313444.91;;0.2748;0.2748
;US-UT;2002;p0p90;38893.898;;0.61379999;0.61379999
;US-UT;2002;p0p99;49753.699;;0.86360002;0.86360002
;US-UT;2002;p99.5p100;1181059.3;;0.1035;0.1035
;US-UT;2001;p0p100;106734.1;56128517957.0;1.0;1.0
;US-UT;2001;p99p100;814833.5;;0.13680001;0.13680001
;US-UT;2001;p99.9p100;3384031.0;;0.0568;0.0568
;US-UT;2001;p99.99p100;13473496.0;;0.022600001;0.022600001
;US-UT;2001;p90p100;229740.41;;0.3858;0.3858
;US-UT;2001;p90p95;131182.09;;0.1101;0.1101
;US-UT;2001;p95p99;205808.8;;0.1382;0.1382
;US-UT;2001;p99.5p99.9;691606.5;;0.046500001;0.046500001
;US-UT;2001;p99.9p99.99;2269749.3;;0.034299999;0.034299999
;US-UT;2001;p99p99.5;398757.41;;0.033500001;0.033500001
;US-UT;2001;p95p100;327879.09;;0.2753;0.2753
;US-UT;2001;p0p90;40677.199;;0.61479998;0.61479998
;US-UT;2001;p0p99;51922.199;;0.86320001;0.86320001
;US-UT;2001;p99.5p100;1231561.5;;0.1034;0.1034
;US-UT;2000;p0p100;119495.6;58609728164.0;1.0;1.0
;US-UT;2000;p99p100;1071768.8;;0.1699;0.1699
;US-UT;2000;p99.9p100;5191172.5;;0.0823;0.0823
;US-UT;2000;p99.99p100;23439806.0;;0.0372;0.0372
;US-UT;2000;p90p100;261439.8;;0.4145;0.4145
;US-UT;2000;p90p95;133526.3;;0.1058;0.1058
;US-UT;2000;p95p99;217315.5;;0.13779999;0.13779999
;US-UT;2000;p99.5p99.9;828598.13;;0.052499998;0.052499998
;US-UT;2000;p99.9p99.99;3169147.3;;0.045200001;0.045200001
;US-UT;2000;p99p99.5;439456.0;;0.0348;0.0348
;US-UT;2000;p95p100;388754.41;;0.30809999;0.30809999
;US-UT;2000;p0p90;41114.398;;0.58660001;0.58660001
;US-UT;2000;p0p99;52891.0;;0.8301;0.8301
;US-UT;2000;p99.5p100;1702947.5;;0.13500001;0.13500001
;US-UT;1999;p0p100;128436.1;56461095164.0;1.0;1.0
;US-UT;1999;p99p100;1019179.4;;0.16060001;0.16060001
;US-UT;1999;p99.9p100;4728362.5;;0.074500002;0.074500002
;US-UT;1999;p99.99p100;20168392.0;;0.031800002;0.031800002
;US-UT;1999;p90p100;256826.7;;0.40459999;0.40459999
;US-UT;1999;p90p95;134309.5;;0.1058;0.1058
;US-UT;1999;p95p99;218908.7;;0.138;0.138
;US-UT;1999;p99.5p99.9;816569.19;;0.0515;0.0515
;US-UT;1999;p99.9p99.99;3021116.5;;0.042800002;0.042800002
;US-UT;1999;p99p99.5;438976.19;;0.034600001;0.034600001
;US-UT;1999;p95p100;379080.5;;0.29859999;0.29859999
;US-UT;1999;p0p90;42005.801;;0.59560001;0.59560001
;US-UT;1999;p0p99;53820.398;;0.83939999;0.83939999
;US-UT;1999;p99.5p100;1599324.8;;0.126;0.126
;US-UT;1998;p0p100;129379.9;53203338610.0;1.0;1.0
;US-UT;1998;p99p100;934118.13;;0.1523;0.1523
;US-UT;1998;p99.9p100;4135100.5;;0.067400001;0.067400001
;US-UT;1998;p99.99p100;16772060.0;;0.0273;0.0273
;US-UT;1998;p90p100;242580.8;;0.39539999;0.39539999
;US-UT;1998;p90p95;130592.3;;0.1064;0.1064
;US-UT;1998;p95p99;209101.3;;0.1363;0.1363
;US-UT;1998;p99.5p99.9;774408.0;;0.050500002;0.050500002
;US-UT;1998;p99.9p99.99;2746726.5;;0.0403;0.0403
;US-UT;1998;p99p99.5;420869.0;;0.034299999;0.034299999
;US-UT;1998;p95p100;354312.91;;0.28870001;0.28870001
;US-UT;1998;p0p90;41232.5;;0.60479999;0.60479999
;US-UT;1998;p0p99;52538.301;;0.8477;0.8477
;US-UT;1998;p99.5p100;1447298.6;;0.1179;0.1179
;US-UT;1997;p0p100;129243.1;49794607400.0;1.0;1.0
;US-UT;1997;p99p100;936469.19;;0.15710001;0.15710001
;US-UT;1997;p99.9p100;4383281.5;;0.0735;0.0735
;US-UT;1997;p99.99p100;20169178.0;;0.033799998;0.033799998
;US-UT;1997;p90p100;238230.41;;0.3996;0.3996
;US-UT;1997;p90p95;127159.7;;0.1067;0.1067
;US-UT;1997;p95p99;202391.5;;0.1358;0.1358
;US-UT;1997;p99.5p99.9;739092.38;;0.049600001;0.049600001
;US-UT;1997;p99.9p99.99;2619534.5;;0.039500002;0.039500002
;US-UT;1997;p99p99.5;405554.91;;0.034000002;0.034000002
;US-UT;1997;p95p100;349229.31;;0.2929;0.2929
;US-UT;1997;p0p90;39778.898;;0.6006;0.6006
;US-UT;1997;p0p99;50756.199;;0.84289998;0.84289998
;US-UT;1997;p99.5p100;1467349.4;;0.1231;0.1231
;US-UT;1996;p0p100;129167.3;45564848672.0;1.0;1.0
;US-UT;1996;p99p100;878503.0;;0.1539;0.1539
;US-UT;1996;p99.9p100;3861826.0;;0.067699999;0.067699999
;US-UT;1996;p99.99p100;16526494.0;;0.028999999;0.028999999
;US-UT;1996;p90p100;228271.7;;0.39989999;0.39989999
;US-UT;1996;p90p95;124330.9;;0.1089;0.1089
;US-UT;1996;p95p99;195630.2;;0.1371;0.1371
;US-UT;1996;p99.5p99.9;740599.13;;0.051899999;0.051899999
;US-UT;1996;p99.9p99.99;2455038.8;;0.038699999;0.038699999
;US-UT;1996;p99p99.5;392761.81;;0.034400001;0.034400001
;US-UT;1996;p95p100;332199.59;;0.29100001;0.29100001
;US-UT;1996;p0p90;38060.699;;0.60009998;0.60009998
;US-UT;1996;p0p99;48787.602;;0.84609997;0.84609997
;US-UT;1996;p99.5p100;1364372.3;;0.1195;0.1195
;US-UT;1995;p0p100;128515.5;41881627867.0;1.0;1.0
;US-UT;1995;p99p100;772779.13;;0.1434;0.1434
;US-UT;1995;p99.9p100;3249829.5;;0.0603;0.0603
;US-UT;1995;p99.99p100;13314370.0;;0.024700001;0.024700001
;US-UT;1995;p90p100;211012.59;;0.39160001;0.39160001
;US-UT;1995;p90p95;119889.8;;0.1112;0.1112
;US-UT;1995;p95p99;184459.2;;0.13689999;0.13689999
;US-UT;1995;p99.5p99.9;669744.0;;0.049699999;0.049699999
;US-UT;1995;p99.9p99.99;2131394.8;;0.035599999;0.035599999
;US-UT;1995;p99p99.5;360556.69;;0.033500001;0.033500001
;US-UT;1995;p95p100;302129.59;;0.28029999;0.28029999
;US-UT;1995;p0p90;36428.0;;0.60839999;0.60839999
;US-UT;1995;p0p99;46628.0;;0.85659999;0.85659999
;US-UT;1995;p99.5p100;1185117.0;;0.11;0.11
;US-UT;1994;p0p100;127271.5;38710944379.0;1.0;1.0
;US-UT;1994;p99p100;674199.88;;0.13249999;0.13249999
;US-UT;1994;p99.9p100;2745244.5;;0.0539;0.0539
;US-UT;1994;p99.99p100;11220514.0;;0.022;0.022
;US-UT;1994;p90p100;193577.91;;0.3804;0.3804
;US-UT;1994;p90p95;113429.1;;0.1115;0.1115
;US-UT;1994;p95p99;173604.09;;0.1365;0.1365
;US-UT;1994;p99.5p99.9;591476.38;;0.046500001;0.046500001
;US-UT;1994;p99.9p99.99;1804671.5;;0.0319;0.0319
;US-UT;1994;p99p99.5;326583.5;;0.032099999;0.032099999
;US-UT;1994;p95p100;273723.31;;0.26890001;0.26890001
;US-UT;1994;p0p90;35029.898;;0.61949998;0.61949998
;US-UT;1994;p0p99;44591.5;;0.86750001;0.86750001
;US-UT;1994;p99.5p100;1021871.3;;0.1004;0.1004
;US-UT;1993;p0p100;130651.2;36372450694.0;1.0;1.0
;US-UT;1993;p99p100;623345.63;;0.1245;0.1245
;US-UT;1993;p99.9p100;2467413.5;;0.0493;0.0493
;US-UT;1993;p99.99p100;9814648.0;;0.0196;0.0196
;US-UT;1993;p90p100;184542.91;;0.36849999;0.36849999
;US-UT;1993;p90p95;108886.4;;0.1087;0.1087
;US-UT;1993;p95p99;169420.7;;0.1353;0.1353
;US-UT;1993;p99.5p99.9;556440.88;;0.044399999;0.044399999
;US-UT;1993;p99.9p99.99;1650008.5;;0.0297;0.0297
;US-UT;1993;p99p99.5;307661.0;;0.0307;0.0307
;US-UT;1993;p95p100;260188.59;;0.25979999;0.25979999
;US-UT;1993;p0p90;35140.602;;0.63150001;0.63150001
;US-UT;1993;p0p99;44287.602;;0.87550002;0.87550002
;US-UT;1993;p99.5p100;938941.69;;0.093699999;0.093699999
;US-UT;1992;p0p100;135593.09;35022210194.0;1.0;1.0
;US-UT;1992;p99p100;623236.69;;0.1259;0.1259
;US-UT;1992;p99.9p100;2513299.0;;0.050799999;0.050799999
;US-UT;1992;p99.99p100;10067414.0;;0.020300001;0.020300001
;US-UT;1992;p90p100;181471.41;;0.36660001;0.36660001
;US-UT;1992;p90p95;106608.4;;0.1077;0.1077
;US-UT;1992;p95p99;164623.91;;0.133;0.133
;US-UT;1992;p99.5p99.9;553949.38;;0.044799998;0.044799998
;US-UT;1992;p99.9p99.99;1673708.3;;0.030400001;0.030400001
;US-UT;1992;p99p99.5;300446.0;;0.030400001;0.030400001
;US-UT;1992;p95p100;256352.59;;0.259;0.259
;US-UT;1992;p0p90;34831.102;;0.63340002;0.63340002
;US-UT;1992;p0p99;43699.102;;0.87410003;0.87410003
;US-UT;1992;p99.5p100;945990.88;;0.095600002;0.095600002
;US-UT;1991;p0p100;141729.8;33623942068.0;1.0;1.0
;US-UT;1991;p99p100;575561.88;;0.117;0.117
;US-UT;1991;p99.9p100;2293579.5;;0.046599999;0.046599999
;US-UT;1991;p99.99p100;9106328.0;;0.0185;0.0185
;US-UT;1991;p90p100;176546.5;;0.35879999;0.35879999
;US-UT;1991;p90p95;111110.2;;0.1129;0.1129
;US-UT;1991;p95p99;158739.3;;0.12899999;0.12899999
;US-UT;1991;p99.5p99.9;514832.19;;0.0418;0.0418
;US-UT;1991;p99.9p99.99;1536870.5;;0.028100001;0.028100001
;US-UT;1991;p99p99.5;280735.09;;0.0285;0.0285
;US-UT;1991;p95p100;242099.2;;0.24600001;0.24600001
;US-UT;1991;p0p90;35050.898;;0.64109999;0.64109999
;US-UT;1991;p0p99;43891.0;;0.88300002;0.88300002
;US-UT;1991;p99.5p100;870380.31;;0.088399999;0.088399999
;US-UT;1990;p0p100;152246.8;32854777324.0;1.0;1.0
;US-UT;1990;p99p100;600199.81;;0.1218;0.1218
;US-UT;1990;p99.9p100;2524363.0;;0.051199999;0.051199999
;US-UT;1990;p99.99p100;10464928.0;;0.021199999;0.021199999
;US-UT;1990;p90p100;176836.3;;0.359;0.359
;US-UT;1990;p90p95;108922.1;;0.1106;0.1106
;US-UT;1990;p95p99;155886.3;;0.1266;0.1266
;US-UT;1990;p99.5p99.9;526781.81;;0.042800002;0.042800002
;US-UT;1990;p99.9p99.99;1641333.5;;0.029999999;0.029999999
;US-UT;1990;p99p99.5;274216.91;;0.027799999;0.027799999
;US-UT;1990;p95p100;244760.91;;0.2484;0.2484
;US-UT;1990;p0p90;35088.199;;0.64099997;0.64099997
;US-UT;1990;p0p99;43697.801;;0.87819999;0.87819999
;US-UT;1990;p99.5p100;926279.81;;0.093999997;0.093999997
;US-UT;1989;p0p100;168496.59;31711495434.0;1.0;1.0
;US-UT;1989;p99p100;529447.5;;0.107;0.107
;US-UT;1989;p99.9p100;1889293.6;;0.038199998;0.038199998
;US-UT;1989;p99.99p100;6660682.0;;0.0135;0.0135
;US-UT;1989;p90p100;170022.59;;0.34369999;0.34369999
;US-UT;1989;p90p95;107853.5;;0.109;0.109
;US-UT;1989;p95p99;153469.7;;0.1241;0.1241
;US-UT;1989;p99.5p99.9;477692.41;;0.038600001;0.038600001
;US-UT;1989;p99.9p99.99;1315629.8;;0.0239;0.0239
;US-UT;1989;p99p99.5;274488.19;;0.0277;0.0277
;US-UT;1989;p95p100;231561.3;;0.2341;0.2341
;US-UT;1989;p0p90;36446.898;;0.6631;0.6631
;US-UT;1989;p0p99;44618.699;;0.89300001;0.89300001
;US-UT;1989;p99.5p100;774321.19;;0.078299999;0.078299999
;US-UT;1988;p0p100;188494.09;31572445251.0;1.0;1.0
;US-UT;1988;p99p100;569804.13;;0.112;0.112
;US-UT;1988;p99.9p100;2158187.0;;0.042399999;0.042399999
;US-UT;1988;p99.99p100;7842592.5;;0.0154;0.0154
;US-UT;1988;p90p100;173122.09;;0.34040001;0.34040001
;US-UT;1988;p90p95;106675.5;;0.1049;0.1049
;US-UT;1988;p95p99;151616.59;;0.1193;0.1193
;US-UT;1988;p99.5p99.9;502005.69;;0.039500002;0.039500002
;US-UT;1988;p99.9p99.99;1475359.4;;0.0261;0.0261
;US-UT;1988;p99p99.5;276221.19;;0.0272;0.0272
;US-UT;1988;p95p100;238787.7;;0.2348;0.2348
;US-UT;1988;p0p90;37728.398;;0.66769999;0.66769999
;US-UT;1988;p0p99;45613.301;;0.88800001;0.88800001
;US-UT;1988;p99.5p100;850828.19;;0.083700001;0.083700001
;US-UT;1987;p0p100;191382.09;30010861792.0;1.0;1.0
;US-UT;1987;p99p100;448738.5;;0.093400002;0.093400002
;US-UT;1987;p99.9p100;1501023.5;;0.031199999;0.031199999
;US-UT;1987;p99.99p100;5053614.5;;0.0105;0.0105
;US-UT;1987;p90p100;156775.2;;0.3263;0.3263
;US-UT;1987;p90p95;104915.0;;0.1092;0.1092
;US-UT;1987;p95p99;145456.09;;0.1211;0.1211
;US-UT;1987;p99.5p99.9;412276.41;;0.034299999;0.034299999
;US-UT;1987;p99.9p99.99;1073106.4;;0.020099999;0.020099999
;US-UT;1987;p99p99.5;249000.0;;0.025900001;0.025900001
;US-UT;1987;p95p100;208247.3;;0.2167;0.2167
;US-UT;1987;p0p90;36238.102;;0.67879999;0.67879999
;US-UT;1987;p0p99;43996.102;;0.9066;0.9066
;US-UT;1987;p99.5p100;640983.63;;0.066699997;0.066699997
;US-UT;1986;p0p100;217604.8;31350406094.0;1.0;1.0
;US-UT;1986;p99p100;606681.88;;0.1187;0.1187
;US-UT;1986;p99.9p100;2502080.8;;0.048999999;0.048999999
;US-UT;1986;p99.99p100;10021392.0;;0.0196;0.0196
;US-UT;1986;p90p100;175855.09;;0.34400001;0.34400001
;US-UT;1986;p90p95;105485.7;;0.1032;0.1032
;US-UT;1986;p95p99;151553.8;;0.1186;0.1186
;US-UT;1986;p99.5p99.9;513732.59;;0.040199999;0.040199999
;US-UT;1986;p99.9p99.99;1601438.6;;0.028200001;0.028200001
;US-UT;1986;p99p99.5;274694.59;;0.026900001;0.026900001
;US-UT;1986;p95p100;245486.59;;0.2401;0.2401
;US-UT;1986;p0p90;37673.0;;0.66329998;0.66329998
;US-UT;1986;p0p99;45502.199;;0.88129997;0.88129997
;US-UT;1986;p99.5p100;927319.13;;0.090700001;0.090700001
;US-UT;1985;p0p100;205705.2;29194275740.0;1.0;1.0
;US-UT;1985;p99p100;454365.59;;0.097499996;0.097499996
;US-UT;1985;p99.9p100;1686678.9;;0.036200002;0.036200002
;US-UT;1985;p99.99p100;6174162.5;;0.0132;0.0132
;US-UT;1985;p90p100;153335.8;;0.32890001;0.32890001
;US-UT;1985;p90p95;101267.4;;0.1086;0.1086
;US-UT;1985;p95p99;139989.7;;0.1201;0.1201
;US-UT;1985;p99.5p99.9;392247.41;;0.0337;0.0337
;US-UT;1985;p99.9p99.99;1122131.4;;0.0217;0.0217
;US-UT;1985;p99p99.5;235631.91;;0.0253;0.0253
;US-UT;1985;p95p100;204948.09;;0.2198;0.2198
;US-UT;1985;p0p90;35086.801;;0.67739999;0.67739999
;US-UT;1985;p0p99;42496.898;;0.90249997;0.90249997
;US-UT;1985;p99.5p100;664720.81;;0.0713;0.0713
;US-UT;1984;p0p100;218722.8;27978344298.0;1.0;1.0
;US-UT;1984;p99p100;428091.19;;0.092399999;0.092399999
;US-UT;1984;p99.9p100;1588421.4;;0.034299999;0.034299999
;US-UT;1984;p99.99p100;6046776.0;;0.0131;0.0131
;US-UT;1984;p90p100;147862.3;;0.31920001;0.31920001
;US-UT;1984;p90p95;99334.398;;0.1072;0.1072
;US-UT;1984;p95p99;136364.41;;0.1177;0.1177
;US-UT;1984;p99.5p99.9;367988.81;;0.031800002;0.031800002
;US-UT;1984;p99.9p99.99;1033756.3;;0.020099999;0.020099999
;US-UT;1984;p99p99.5;226327.3;;0.0244;0.0244
;US-UT;1984;p95p100;196273.59;;0.21179999;0.21179999
;US-UT;1984;p0p90;35299.801;;0.6857;0.6857
;US-UT;1984;p0p99;42473.602;;0.90759999;0.90759999
;US-UT;1984;p99.5p100;623368.38;;0.067299999;0.067299999
;US-UT;1983;p0p100;244911.91;26586385032.0;1.0;1.0
;US-UT;1983;p99p100;391306.0;;0.085199997;0.085199997
;US-UT;1983;p99.9p100;1366117.3;;0.0298;0.0298
;US-UT;1983;p99.99p100;5129702.0;;0.0112;0.0112
;US-UT;1983;p90p100;142502.8;;0.31029999;0.31029999
;US-UT;1983;p90p95;99237.703;;0.1081;0.1081
;US-UT;1983;p95p99;134006.0;;0.1167;0.1167
;US-UT;1983;p99.5p99.9;350568.81;;0.0305;0.0305
;US-UT;1983;p99.9p99.99;923603.63;;0.018100001;0.018100001
;US-UT;1983;p99p99.5;219801.59;;0.0239;0.0239
;US-UT;1983;p95p100;186129.59;;0.2027;0.2027
;US-UT;1983;p0p90;35277.398;;0.69150001;0.69150001
;US-UT;1983;p0p99;42428.5;;0.91479999;0.91479999
;US-UT;1983;p99.5p100;559496.88;;0.060899999;0.060899999
;US-UT;1982;p0p100;249880.7;26015358601.0;1.0;1.0
;US-UT;1982;p99p100;394152.5;;0.087700002;0.087700002
;US-UT;1982;p99.9p100;1524565.5;;0.0339;0.0339
;US-UT;1982;p99.99p100;6330045.0;;0.0141;0.0141
;US-UT;1982;p90p100;139145.3;;0.30970001;0.30970001
;US-UT;1982;p90p95;93250.602;;0.1038;0.1038
;US-UT;1982;p95p99;132046.5;;0.1176;0.1176
;US-UT;1982;p99.5p99.9;345863.59;;0.0308;0.0308
;US-UT;1982;p99.9p99.99;990623.31;;0.0198;0.0198
;US-UT;1982;p99p99.5;206701.0;;0.023;0.023
;US-UT;1982;p95p100;185435.7;;0.20640001;0.20640001
;US-UT;1982;p0p90;34494.602;;0.69099998;0.69099998
;US-UT;1982;p0p99;41403.5;;0.91229999;0.91229999
;US-UT;1982;p99.5p100;581604.0;;0.0647;0.0647
;US-UT;1981;p0p100;296906.0;25676863924.0;1.0;1.0
;US-UT;1981;p99p100;379883.31;;0.079999998;0.079999998
;US-UT;1981;p99.9p100;1272379.9;;0.026799999;0.026799999
;US-UT;1981;p99.99p100;4492290.0;;0.0094999997;0.0094999997
;US-UT;1981;p90p100;143431.2;;0.3021;0.3021
;US-UT;1981;p90p95;99809.297;;0.1051;0.1051
;US-UT;1981;p95p99;138927.2;;0.117;0.117
;US-UT;1981;p99.5p99.9;363439.59;;0.0306;0.0306
;US-UT;1981;p99.9p99.99;914010.19;;0.0173;0.0173
;US-UT;1981;p99p99.5;213931.09;;0.022500001;0.022500001
;US-UT;1981;p95p100;187250.91;;0.1972;0.1972
;US-UT;1981;p0p90;36822.5;;0.6979;0.6979
;US-UT;1981;p0p99;44125.5;;0.92000002;0.92000002
;US-UT;1981;p99.5p100;545796.19;;0.057500001;0.057500001
;US-UT;1980;p0p100;360106.09;25350330909.0;1.0;1.0
;US-UT;1980;p99p100;387936.09;;0.080799997;0.080799997
;US-UT;1980;p99.9p100;1209681.1;;0.0252;0.0252
;US-UT;1980;p99.99p100;3932892.8;;0.0082;0.0082
;US-UT;1980;p90p100;146770.0;;0.3057;0.3057
;US-UT;1980;p90p95;104995.0;;0.1093;0.1093
;US-UT;1980;p95p99;138527.59;;0.1154;0.1154
;US-UT;1980;p99.5p99.9;376121.69;;0.031300001;0.031300001
;US-UT;1980;p99.9p99.99;906483.69;;0.017000001;0.017000001
;US-UT;1980;p99p99.5;232766.09;;0.0242;0.0242
;US-UT;1980;p95p100;188444.8;;0.1962;0.1962
;US-UT;1980;p0p90;37050.102;;0.69450003;0.69450003
;US-UT;1980;p0p99;44579.801;;0.9192;0.9192
;US-UT;1980;p99.5p100;543080.63;;0.056600001;0.056600001
;US-UT;1979;p0p100;452068.09;24824108283.0;1.0;1.0
;US-UT;1979;p99p100;394143.91;;0.080700003;0.080700003
;US-UT;1979;p99.9p100;1273338.9;;0.0261;0.0261
;US-UT;1979;p99.99p100;4650982.5;;0.0094999997;0.0094999997
;US-UT;1979;p90p100;148282.09;;0.3037;0.3037
;US-UT;1979;p90p95;105655.6;;0.1082;0.1082
;US-UT;1979;p95p99;139789.2;;0.1145;0.1145
;US-UT;1979;p99.5p99.9;371327.31;;0.030400001;0.030400001
;US-UT;1979;p99.9p99.99;897735.0;;0.0165;0.0165
;US-UT;1979;p99p99.5;236622.7;;0.0242;0.0242
;US-UT;1979;p95p100;190645.5;;0.1952;0.1952
;US-UT;1979;p0p90;37794.801;;0.69660002;0.69660002
;US-UT;1979;p0p99;45343.102;;0.91930002;0.91930002
;US-UT;1979;p99.5p100;551847.13;;0.056499999;0.056499999
;US-UT;1978;p0p100;528141.5;23412310342.0;1.0;1.0
;US-UT;1978;p99p100;368083.09;;0.077500001;0.077500001
;US-UT;1978;p99.9p100;1074408.8;;0.022600001;0.022600001
;US-UT;1978;p99.99p100;3537125.5;;0.0074;0.0074
;US-UT;1978;p90p100;143758.41;;0.3026;0.3026
;US-UT;1978;p90p95;100218.8;;0.1055;0.1055
;US-UT;1978;p95p99;142080.2;;0.1196;0.1196
;US-UT;1978;p99.5p99.9;357273.19;;0.030099999;0.030099999
;US-UT;1978;p99.9p99.99;800837.38;;0.0152;0.0152
;US-UT;1978;p99p99.5;235512.91;;0.024800001;0.024800001
;US-UT;1978;p95p100;187218.59;;0.197;0.197
;US-UT;1978;p0p90;36817.199;;0.69739997;0.69739997
;US-UT;1978;p0p99;44272.699;;0.92250001;0.92250001
;US-UT;1978;p99.5p100;500704.91;;0.052700002;0.052700002
;US-UT;1977;p0p100;591777.63;21890444691.0;1.0;1.0
;US-UT;1977;p99p100;363990.09;;0.079099998;0.079099998
;US-UT;1977;p99.9p100;1048578.0;;0.0228;0.0228
;US-UT;1977;p99.99p100;3415326.5;;0.0074;0.0074
;US-UT;1977;p90p100;141995.59;;0.30880001;0.30880001
;US-UT;1977;p90p95;100721.2;;0.1095;0.1095
;US-UT;1977;p95p99;138094.0;;0.1201;0.1201
;US-UT;1977;p99.5p99.9;345675.5;;0.030099999;0.030099999
;US-UT;1977;p99.9p99.99;785382.0;;0.0154;0.0154
;US-UT;1977;p99p99.5;241791.2;;0.0263;0.0263
;US-UT;1977;p95p100;183282.41;;0.19930001;0.19930001
;US-UT;1977;p0p90;35320.898;;0.69120002;0.69120002
;US-UT;1977;p0p99;42776.5;;0.92089999;0.92089999
;US-UT;1977;p99.5p100;486281.5;;0.052900001;0.052900001
;US-UT;1976;p0p100;654336.0;20625063777.0;1.0;1.0
;US-UT;1976;p99p100;326382.19;;0.072800003;0.072800003
;US-UT;1976;p99.9p100;896692.63;;0.02;0.02
;US-UT;1976;p99.99p100;2674001.5;;0.0060000001;0.0060000001
;US-UT;1976;p90p100;133650.7;;0.29809999;0.29809999
;US-UT;1976;p90p95;94885.797;;0.1058;0.1058
;US-UT;1976;p95p99;133950.7;;0.1195;0.1195
;US-UT;1976;p99.5p99.9;325152.19;;0.028999999;0.028999999
;US-UT;1976;p99.9p99.99;699327.13;;0.014;0.014
;US-UT;1976;p99p99.5;213146.3;;0.023800001;0.023800001
;US-UT;1976;p95p100;172435.2;;0.19230001;0.19230001
;US-UT;1976;p0p90;34961.0;;0.70190001;0.70190001
;US-UT;1976;p0p99;41986.398;;0.92720002;0.92720002
;US-UT;1976;p99.5p100;439595.31;;0.048999999;0.048999999
;US-UT;1975;p0p100;694301.31;18922472957.0;1.0;1.0
;US-UT;1975;p99p100;332259.69;;0.078100003;0.078100003
;US-UT;1975;p99.9p100;1011960.5;;0.023800001;0.023800001
;US-UT;1975;p99.99p100;3554470.5;;0.0083999997;0.0083999997
;US-UT;1975;p90p100;129102.7;;0.30360001;0.30360001
;US-UT;1975;p90p95;92508.203;;0.1088;0.1088
;US-UT;1975;p95p99;124104.0;;0.1167;0.1167
;US-UT;1975;p99.5p99.9;318341.31;;0.029899999;0.029899999
;US-UT;1975;p99.9p99.99;729210.38;;0.0154;0.0154
;US-UT;1975;p99p99.5;207671.2;;0.0244;0.0244
;US-UT;1975;p95p100;165734.59;;0.19490001;0.19490001
;US-UT;1975;p0p90;32903.801;;0.69639999;0.69639999
;US-UT;1975;p0p99;39599.898;;0.92189997;0.92189997
;US-UT;1975;p99.5p100;456876.0;;0.0537;0.0537
;US-UT;1974;p0p100;859114.0;19010023453.0;1.0;1.0
;US-UT;1974;p99p100;327988.09;;0.074199997;0.074199997
;US-UT;1974;p99.9p100;885335.69;;0.02;0.02
;US-UT;1974;p99.99p100;2584515.5;;0.0057999999;0.0057999999
;US-UT;1974;p90p100;132789.5;;0.30050001;0.30050001
;US-UT;1974;p90p95;94648.0;;0.1071;0.1071
;US-UT;1974;p95p99;131158.09;;0.1187;0.1187
;US-UT;1974;p99.5p99.9;326019.31;;0.0295;0.0295
;US-UT;1974;p99.9p99.99;690607.5;;0.0141;0.0141
;US-UT;1974;p99p99.5;214940.8;;0.0243;0.0243
;US-UT;1974;p95p100;170964.91;;0.1935;0.1935
;US-UT;1974;p0p90;34388.0;;0.70039999;0.70039999
;US-UT;1974;p0p99;41320.0;;0.92580003;0.92580003
;US-UT;1974;p99.5p100;439739.91;;0.049800001;0.049800001
;US-UT;1973;p0p100;1065330.8;18501516387.0;1.0;1.0
;US-UT;1973;p99p100;338228.19;;0.076099999;0.076099999
;US-UT;1973;p99.9p100;880362.19;;0.0198;0.0198
;US-UT;1973;p99.99p100;2430552.0;;0.0055;0.0055
;US-UT;1973;p90p100;133362.0;;0.3001;0.3001
;US-UT;1973;p90p95;95746.898;;0.1077;0.1077
;US-UT;1973;p95p99;129190.2;;0.1163;0.1163
;US-UT;1973;p99.5p99.9;348369.69;;0.031399999;0.031399999
;US-UT;1973;p99.9p99.99;707658.88;;0.0143;0.0143
;US-UT;1973;p99p99.5;221450.7;;0.024900001;0.024900001
;US-UT;1973;p95p100;171000.5;;0.19239999;0.19239999
;US-UT;1973;p0p90;34563.0;;0.69989997;0.69989997
;US-UT;1973;p0p99;41474.801;;0.92390001;0.92390001
;US-UT;1973;p99.5p100;454755.41;;0.051199999;0.051199999
;US-UT;1972;p0p100;1193739.5;17774290011.0;1.0;1.0
;US-UT;1972;p99p100;321964.31;;0.072899997;0.072899997
;US-UT;1972;p99.9p100;907036.81;;0.0206;0.0206
;US-UT;1972;p99.99p100;2595504.5;;0.0059000002;0.0059000002
;US-UT;1972;p90p100;129058.2;;0.2924;0.2924
;US-UT;1972;p90p95;92585.297;;0.1049;0.1049
;US-UT;1972;p95p99;126453.1;;0.1146;0.1146
;US-UT;1972;p99.5p99.9;319401.5;;0.028899999;0.028899999
;US-UT;1972;p99.9p99.99;719220.63;;0.0147;0.0147
;US-UT;1972;p99p99.5;206721.91;;0.023399999;0.023399999
;US-UT;1972;p95p100;165558.5;;0.1875;0.1875
;US-UT;1972;p0p90;34702.398;;0.7076;0.7076
;US-UT;1972;p0p99;41331.301;;0.9271;0.9271
;US-UT;1972;p99.5p100;437206.59;;0.0495;0.0495
;US-UT;1971;p0p100;1221889.4;16503260745.0;1.0;1.0
;US-UT;1971;p99p100;316326.59;;0.074600004;0.074600004
;US-UT;1971;p99.9p100;825324.13;;0.0195;0.0195
;US-UT;1971;p99.99p100;2262606.8;;0.0052999998;0.0052999998
;US-UT;1971;p90p100;126915.4;;0.2992;0.2992
;US-UT;1971;p90p95;88309.5;;0.1041;0.1041
;US-UT;1971;p95p99;127864.8;;0.1206;0.1206
;US-UT;1971;p99.5p99.9;316868.69;;0.029899999;0.029899999
;US-UT;1971;p99.9p99.99;665949.31;;0.0141;0.0141
;US-UT;1971;p99p99.5;213638.7;;0.0252;0.0252
;US-UT;1971;p95p100;165549.2;;0.1952;0.1952
;US-UT;1971;p0p90;33022.898;;0.7008;0.7008
;US-UT;1971;p0p99;39645.199;;0.92540002;0.92540002
;US-UT;1971;p99.5p100;418878.69;;0.049400002;0.049400002
;US-UT;1970;p0p100;1294523.0;15477021918.0;1.0;1.0
;US-UT;1970;p99p100;289899.91;;0.070299998;0.070299998
;US-UT;1970;p99.9p100;764855.88;;0.0185;0.0185
;US-UT;1970;p99.99p100;2092830.5;;0.0051000002;0.0051000002
;US-UT;1970;p90p100;121806.7;;0.29539999;0.29539999
;US-UT;1970;p90p95;89899.297;;0.109;0.109
;US-UT;1970;p95p99;119800.5;;0.1162;0.1162
;US-UT;1970;p99.5p99.9;303426.91;;0.0294;0.0294
;US-UT;1970;p99.9p99.99;616705.5;;0.0135;0.0135
;US-UT;1970;p99p99.5;183756.09;;0.022299999;0.022299999
;US-UT;1970;p95p100;153791.7;;0.1865;0.1865
;US-UT;1970;p0p90;32284.801;;0.70459998;0.70459998
;US-UT;1970;p0p99;38728.398;;0.92970002;0.92970002
;US-UT;1970;p99.5p100;395998.41;;0.048;0.048
;US-UT;1969;p0p100;1419912.1;14932003570.0;1.0;1.0
;US-UT;1969;p99p100;315296.31;;0.0779;0.0779
;US-UT;1969;p99.9p100;897875.13;;0.0222;0.0222
;US-UT;1969;p99.99p100;2434675.0;;0.0060000001;0.0060000001
;US-UT;1969;p90p100;123916.5;;0.3062;0.3062
;US-UT;1969;p90p95;90005.203;;0.1112;0.1112
;US-UT;1969;p95p99;118573.9;;0.1172;0.1172
;US-UT;1969;p99.5p99.9;320159.5;;0.031599998;0.031599998
;US-UT;1969;p99.9p99.99;730207.63;;0.0162;0.0162
;US-UT;1969;p99p99.5;194724.0;;0.0241;0.0241
;US-UT;1969;p95p100;157877.09;;0.19509999;0.19509999
;US-UT;1969;p0p90;31191.699;;0.69370002;0.69370002
;US-UT;1969;p0p99;37694.699;;0.92210001;0.92210001
;US-UT;1969;p99.5p100;435970.81;;0.0539;0.0539
;US-UT;1968;p0p100;1584893.8;14760212497.0;1.0;1.0
;US-UT;1968;p99p100;334101.31;;0.0823;0.0823
;US-UT;1968;p99.9p100;1012797.2;;0.024900001;0.024900001
;US-UT;1968;p99.99p100;2965951.3;;0.0073000002;0.0073000002
;US-UT;1968;p90p100;127401.5;;0.31369999;0.31369999
;US-UT;1968;p90p95;88133.102;;0.1085;0.1085
;US-UT;1968;p95p99;124705.7;;0.1228;0.1228
;US-UT;1968;p99.5p99.9;338067.31;;0.033300001;0.033300001
;US-UT;1968;p99.9p99.99;799601.19;;0.0177;0.0177
;US-UT;1968;p99p99.5;195291.91;;0.024;0.024
;US-UT;1968;p95p100;166607.2;;0.2051;0.2051
;US-UT;1968;p0p90;30974.4;;0.68629998;0.68629998
;US-UT;1968;p0p99;37652.301;;0.91769999;0.91769999
;US-UT;1968;p99.5p100;472852.69;;0.058200002;0.058200002
;US-UT;1967;p0p100;1690593.1;14281250871.0;1.0;1.0
;US-UT;1967;p99p100;315655.59;;0.079099998;0.079099998
;US-UT;1967;p99.9p100;893485.31;;0.022399999;0.022399999
;US-UT;1967;p99.99p100;2444086.8;;0.0060999999;0.0060999999
;US-UT;1967;p90p100;119440.4;;0.29929999;0.29929999
;US-UT;1967;p90p95;81883.203;;0.1026;0.1026
;US-UT;1967;p95p99;117508.7;;0.1178;0.1178
;US-UT;1967;p99.5p99.9;311506.81;;0.031199999;0.031199999
;US-UT;1967;p99.9p99.99;721969.63;;0.0163;0.0163
;US-UT;1967;p99p99.5;203445.5;;0.0255;0.0255
;US-UT;1967;p95p100;157083.59;;0.19679999;0.19679999
;US-UT;1967;p0p90;31064.199;;0.70050001;0.70050001
;US-UT;1967;p0p99;37124.398;;0.92089999;0.92089999
;US-UT;1967;p99.5p100;427934.0;;0.053599998;0.053599998
;US-UT;1966;p0p100;1759921.0;13762860870.0;1.0;1.0
;US-UT;1966;p99p100;289000.41;;0.073899999;0.073899999
;US-UT;1966;p99.9p100;781839.81;;0.02;0.02
;US-UT;1966;p99.99p100;1951609.8;;0.0049999999;0.0049999999
;US-UT;1966;p90p100;112758.2;;0.28839999;0.28839999
;US-UT;1966;p90p95;78792.297;;0.1008;0.1008
;US-UT;1966;p95p99;111537.7;;0.1141;0.1141
;US-UT;1966;p99.5p99.9;295461.81;;0.030200001;0.030200001
;US-UT;1966;p99.9p99.99;652399.81;;0.015;0.015
;US-UT;1966;p99p99.5;184357.7;;0.023600001;0.023600001
;US-UT;1966;p95p100;146993.5;;0.18799999;0.18799999
;US-UT;1966;p0p90;30898.6;;0.71130002;0.71130002
;US-UT;1966;p0p99;36571.5;;0.92610002;0.92610002
;US-UT;1966;p99.5p100;393443.69;;0.050299998;0.050299998
;US-UT;1965;p0p100;1831670.3;13310069845.0;1.0;1.0
;US-UT;1965;p99p100;329384.91;;0.085600004;0.085600004
;US-UT;1965;p99.9p100;927230.81;;0.0241;0.0241
;US-UT;1965;p99.99p100;3624019.5;;0.0093999999;0.0093999999
;US-UT;1965;p90p100;119002.7;;0.30939999;0.30939999
;US-UT;1965;p90p95;83150.102;;0.1081;0.1081
;US-UT;1965;p95p99;111194.7;;0.1156;0.1156
;US-UT;1965;p99.5p99.9;306595.41;;0.0319;0.0319
;US-UT;1965;p99.9p99.99;627393.19;;0.0147;0.0147
;US-UT;1965;p99p99.5;227737.7;;0.0296;0.0296
;US-UT;1965;p95p100;154841.3;;0.2013;0.2013
;US-UT;1965;p0p90;29514.6;;0.69069999;0.69069999
;US-UT;1965;p0p99;35521.898;;0.91439998;0.91439998
;US-UT;1965;p99.5p100;430861.41;;0.056000002;0.056000002
;US-UT;1964;p0p100;1852299.9;12802741237.0;1.0;1.0
;US-UT;1964;p99p100;315334.19;;0.083700001;0.083700001
;US-UT;1964;p99.9p100;709753.31;;0.0188;0.0188
;US-UT;1964;p99.99p100;1916157.5;;0.0051000002;0.0051000002
;US-UT;1964;p90p100;115582.7;;0.30680001;0.30680001
;US-UT;1964;p90p95;78397.602;;0.1041;0.1041
;US-UT;1964;p95p99;112141.0;;0.1191;0.1191
;US-UT;1964;p99.5p99.9;347285.0;;0.036899999;0.036899999
;US-UT;1964;p99.9p99.99;575292.88;;0.0137;0.0137
;US-UT;1964;p99p99.5;210271.91;;0.027899999;0.027899999
;US-UT;1964;p95p100;152734.3;;0.2027;0.2027
;US-UT;1964;p0p90;29014.9;;0.69319999;0.69319999
;US-UT;1964;p0p99;34864.102;;0.9163;0.9163
;US-UT;1964;p99.5p100;420005.41;;0.0557;0.0557
;US-UT;1963;p0p100;1855692.8;12256154149.0;1.0;1.0
;US-UT;1963;p99p100;270154.5;;0.0735;0.0735
;US-UT;1963;p99.9p100;659408.13;;0.017899999;0.017899999
;US-UT;1963;p99.99p100;1517839.3;;0.0041;0.0041
;US-UT;1963;p90p100;107785.6;;0.2931;0.2931
;US-UT;1963;p90p95;76504.898;;0.104;0.104
;US-UT;1963;p95p99;106295.4;;0.1156;0.1156
;US-UT;1963;p99.5p99.9;283621.0;;0.0309;0.0309
;US-UT;1963;p99.9p99.99;565407.31;;0.0138;0.0138
;US-UT;1963;p99p99.5;181078.0;;0.024599999;0.024599999
;US-UT;1963;p95p100;139067.2;;0.1891;0.1891
;US-UT;1963;p0p90;28880.699;;0.7069;0.7069
;US-UT;1963;p0p99;34412.801;;0.92650002;0.92650002
;US-UT;1963;p99.5p100;359221.5;;0.048799999;0.048799999
;US-UT;1962;p0p100;1880214.5;11855754595.0;1.0;1.0
;US-UT;1962;p99p100;262514.69;;0.072300002;0.072300002
;US-UT;1962;p99.9p100;705985.88;;0.0195;0.0195
;US-UT;1962;p99.99p100;1712594.8;;0.0046999999;0.0046999999
;US-UT;1962;p90p100;103579.6;;0.2854;0.2854
;US-UT;1962;p90p95;73698.102;;0.1015;0.1015
;US-UT;1962;p95p99;101198.6;;0.1115;0.1115
;US-UT;1962;p99.5p99.9;275792.5;;0.030400001;0.030400001
;US-UT;1962;p99.9p99.99;596309.88;;0.0148;0.0148
;US-UT;1962;p99p99.5;162663.3;;0.022399999;0.022399999
;US-UT;1962;p95p100;133462.0;;0.1839;0.1839
;US-UT;1962;p0p90;28812.4;;0.71460003;0.71460003
;US-UT;1962;p0p99;34003.301;;0.92769998;0.92769998
;US-UT;1962;p99.5p100;362361.31;;0.049899999;0.049899999
;US-UT;1961;p0p100;1846409.5;11174732374.0;1.0;1.0
;US-UT;1961;p99p100;273391.91;;0.078299999;0.078299999
;US-UT;1961;p99.9p100;753903.81;;0.021600001;0.021600001
;US-UT;1961;p99.99p100;1847139.6;;0.0052999998;0.0052999998
;US-UT;1961;p90p100;104131.2;;0.29809999;0.29809999
;US-UT;1961;p90p95;72850.703;;0.1043;0.1043
;US-UT;1961;p95p99;100924.2;;0.1156;0.1156
;US-UT;1961;p99.5p99.9;284865.0;;0.032600001;0.032600001
;US-UT;1961;p99.9p99.99;633160.69;;0.0163;0.0163
;US-UT;1961;p99p99.5;167972.59;;0.024;0.024
;US-UT;1961;p95p100;135414.2;;0.1938;0.1938
;US-UT;1961;p0p90;27242.301;;0.70190001;0.70190001
;US-UT;1961;p0p99;32522.801;;0.9217;0.9217
;US-UT;1961;p99.5p100;378815.41;;0.054200001;0.054200001
;US-UT;1960;p0p100;1796963.9;10423399457.0;1.0;1.0
;US-UT;1960;p99p100;260700.41;;0.078199998;0.078199998
;US-UT;1960;p99.9p100;696671.19;;0.0209;0.0209
;US-UT;1960;p99.99p100;1814091.3;;0.0054000001;0.0054000001
;US-UT;1960;p90p100;98669.0;;0.29609999;0.29609999
;US-UT;1960;p90p95;69070.203;;0.1037;0.1037
;US-UT;1960;p95p99;95160.797;;0.1142;0.1142
;US-UT;1960;p99.5p99.9;269305.81;;0.032299999;0.032299999
;US-UT;1960;p99.9p99.99;574299.13;;0.0155;0.0155
;US-UT;1960;p99p99.5;166098.8;;0.024900001;0.024900001
;US-UT;1960;p95p100;128267.2;;0.1925;0.1925
;US-UT;1960;p0p90;26057.0;;0.70389998;0.70389998
;US-UT;1960;p0p99;31020.5;;0.92180002;0.92180002
;US-UT;1960;p99.5p100;355295.91;;0.053300001;0.053300001
;US-UT;1959;p0p100;1805831.5;10009415633.0;1.0;1.0
;US-UT;1959;p99p100;291304.09;;0.090000004;0.090000004
;US-UT;1959;p99.9p100;946192.19;;0.029200001;0.029200001
;US-UT;1959;p99.99p100;1938518.0;;0.0060000001;0.0060000001
;US-UT;1959;p90p100;102058.1;;0.3154;0.3154
;US-UT;1959;p90p95;67960.0;;0.105;0.105
;US-UT;1959;p95p99;97373.5;;0.1204;0.1204
;US-UT;1959;p99.5p99.9;277962.69;;0.034400001;0.034400001
;US-UT;1959;p99.9p99.99;837459.69;;0.0233;0.0233
;US-UT;1959;p99p99.5;171056.41;;0.0264;0.0264
;US-UT;1959;p95p100;136157.59;;0.2104;0.2104
;US-UT;1959;p0p90;24613.9;;0.6846;0.6846
;US-UT;1959;p0p99;29744.5;;0.91000003;0.91000003
;US-UT;1959;p99.5p100;411556.31;;0.063600004;0.063600004
;US-UT;1958;p0p100;1713037.8;9248889405.0;1.0;1.0
;US-UT;1958;p99p100;229271.41;;0.0757;0.0757
;US-UT;1958;p99.9p100;688638.13;;0.022700001;0.022700001
;US-UT;1958;p99.99p100;1980104.4;;0.0065000001;0.0065000001
;US-UT;1958;p90p100;90692.602;;0.29949999;0.29949999
;US-UT;1958;p90p95;64527.699;;0.1066;0.1066
;US-UT;1958;p95p99;88757.898;;0.1173;0.1173
;US-UT;1958;p99.5p99.9;225666.59;;0.0298;0.0298
;US-UT;1958;p99.9p99.99;545774.69;;0.0162;0.0162
;US-UT;1958;p99p99.5;140221.59;;0.0232;0.0232
;US-UT;1958;p95p100;116859.7;;0.193;0.193
;US-UT;1958;p0p90;23563.4;;0.70039999;0.70039999
;US-UT;1958;p0p99;28266.699;;0.92430001;0.92430001
;US-UT;1958;p99.5p100;318320.31;;0.0526;0.0526
;US-UT;1957;p0p100;1835132.4;9270277420.0;1.0;1.0
;US-UT;1957;p99p100;252125.8;;0.082000002;0.082000002
;US-UT;1957;p99.9p100;658781.5;;0.021400001;0.021400001
;US-UT;1957;p99.99p100;1748081.0;;0.0057000001;0.0057000001
;US-UT;1957;p90p100;96055.898;;0.3125;0.3125
;US-UT;1957;p90p95;59538.102;;0.096900001;0.096900001
;US-UT;1957;p95p99;102688.6;;0.1336;0.1336
;US-UT;1957;p99.5p99.9;255536.41;;0.033300001;0.033300001
;US-UT;1957;p99.9p99.99;538346.31;;0.015799999;0.015799999
;US-UT;1957;p99p99.5;167848.59;;0.0273;0.0273
;US-UT;1957;p95p100;132573.59;;0.2157;0.2157
;US-UT;1957;p0p90;23477.301;;0.6875;0.6875
;US-UT;1957;p0p99;28498.4;;0.91799998;0.91799998
;US-UT;1957;p99.5p100;336399.0;;0.054699998;0.054699998
;US-UT;1956;p0p100;1925879.3;8942068061.0;1.0;1.0
;US-UT;1956;p99p100;255947.0;;0.085100003;0.085100003
;US-UT;1956;p99.9p100;791074.69;;0.0263;0.0263
;US-UT;1956;p99.99p100;2732498.5;;0.0091000004;0.0091000004
;US-UT;1956;p90p100;89665.797;;0.29820001;0.29820001
;US-UT;1956;p90p95;58780.898;;0.0977;0.0977
;US-UT;1956;p95p99;86926.203;;0.1156;0.1156
;US-UT;1956;p99.5p99.9;247886.09;;0.033;0.033
;US-UT;1956;p99.9p99.99;575326.19;;0.017200001;0.017200001
;US-UT;1956;p99p99.5;155296.5;;0.025800001;0.025800001
;US-UT;1956;p95p100;120730.9;;0.2007;0.2007
;US-UT;1956;p0p90;23442.6;;0.70160002;0.70160002
;US-UT;1956;p0p99;27792.0;;0.9149;0.9149
;US-UT;1956;p99.5p100;356594.81;;0.059300002;0.059300002
;US-UT;1955;p0p100;1903675.8;8459335114.0;1.0;1.0
;US-UT;1955;p99p100;235551.41;;0.081600003;0.081600003
;US-UT;1955;p99.9p100;628407.0;;0.0218;0.0218
;US-UT;1955;p99.99p100;1893795.9;;0.0066;0.0066
;US-UT;1955;p90p100;85355.5;;0.2958;0.2958
;US-UT;1955;p90p95;57559.301;;0.099699996;0.099699996
;US-UT;1955;p95p99;83140.398;;0.1152;0.1152
;US-UT;1955;p99.5p99.9;238149.2;;0.033;0.033
;US-UT;1955;p99.9p99.99;487854.41;;0.0152;0.0152
;US-UT;1955;p99p99.5;154906.41;;0.026799999;0.026799999
;US-UT;1955;p95p100;113601.4;;0.19679999;0.19679999
;US-UT;1955;p0p90;22553.0;;0.70340002;0.70340002
;US-UT;1955;p0p99;26769.0;;0.91839999;0.91839999
;US-UT;1955;p99.5p100;316196.91;;0.0548;0.0548
;US-UT;1954;p0p100;1736270.4;7662678488.0;1.0;1.0
;US-UT;1954;p99p100;226736.41;;0.085500002;0.085500002
;US-UT;1954;p99.9p100;593648.81;;0.022399999;0.022399999
;US-UT;1954;p99.99p100;1281887.9;;0.0048000002;0.0048000002
;US-UT;1954;p90p100;80754.398;;0.30450001;0.30450001
;US-UT;1954;p90p95;53995.699;;0.1018;0.1018
;US-UT;1954;p95p99;78347.602;;0.1182;0.1182
;US-UT;1954;p99.5p99.9;233254.09;;0.0352;0.0352
;US-UT;1954;p99.9p99.99;517210.09;;0.0176;0.0176
;US-UT;1954;p99p99.5;148142.3;;0.027899999;0.027899999
;US-UT;1954;p95p100;107983.2;;0.2036;0.2036
;US-UT;1954;p0p90;20461.5;;0.69450003;0.69450003
;US-UT;1954;p0p99;24494.1;;0.9145;0.9145
;US-UT;1954;p99.5p100;305331.59;;0.057599999;0.057599999
;US-UT;1953;p0p100;1797828.9;7742891571.0;1.0;1.0
;US-UT;1953;p99p100;205984.91;;0.075800002;0.075800002
;US-UT;1953;p99.9p100;552413.31;;0.020300001;0.020300001
;US-UT;1953;p99.99p100;1321330.0;;0.0049000001;0.0049000001
;US-UT;1953;p90p100;78161.602;;0.28749999;0.28749999
;US-UT;1953;p90p95;54972.199;;0.1011;0.1011
;US-UT;1953;p95p99;76011.602;;0.1118;0.1118
;US-UT;1953;p99.5p99.9;212853.09;;0.031300001;0.031300001
;US-UT;1953;p99.9p99.99;468101.5;;0.0155;0.0155
;US-UT;1953;p99p99.5;131330.0;;0.0242;0.0242
;US-UT;1953;p95p100;101941.9;;0.1875;0.1875
;US-UT;1953;p0p90;21482.1;;0.7112;0.7112
;US-UT;1953;p0p99;25378.4;;0.9242;0.9242
;US-UT;1953;p99.5p100;280679.31;;0.051600002;0.051600002
;US-UT;1952;p0p100;1837666.5;7690604590.0;1.0;1.0
;US-UT;1952;p99p100;236030.7;;0.086199999;0.086199999
;US-UT;1952;p99.9p100;650121.88;;0.023800001;0.023800001
;US-UT;1952;p99.99p100;1551337.3;;0.0057000001;0.0057000001
;US-UT;1952;p90p100;81794.5;;0.29879999;0.29879999
;US-UT;1952;p90p95;55222.5;;0.1009;0.1009
;US-UT;1952;p95p99;77346.602;;0.113;0.113
;US-UT;1952;p99.5p99.9;256802.8;;0.037500001;0.037500001
;US-UT;1952;p99.9p99.99;551485.31;;0.018100001;0.018100001
;US-UT;1952;p99p99.5;136760.3;;0.025;0.025
;US-UT;1952;p95p100;109013.1;;0.1991;0.1991
;US-UT;1952;p0p90;21282.9;;0.69980001;0.69980001
;US-UT;1952;p0p99;25264.4;;0.9138;0.9138
;US-UT;1952;p99.5p100;335312.91;;0.061299998;0.061299998
;US-UT;1951;p0p100;1871643.9;7393989423.0;1.0;1.0
;US-UT;1951;p99p100;258040.3;;0.096600004;0.096600004
;US-UT;1951;p99.9p100;697938.31;;0.0261;0.0261
;US-UT;1951;p99.99p100;1492293.5;;0.0055999998;0.0055999998
;US-UT;1951;p90p100;83863.602;;0.3141;0.3141
;US-UT;1951;p90p95;52142.0;;0.097599998;0.097599998
;US-UT;1951;p95p99;78500.102;;0.1176;0.1176
;US-UT;1951;p99.5p99.9;265276.09;;0.039700001;0.039700001
;US-UT;1951;p99.9p99.99;614942.0;;0.0207;0.0207
;US-UT;1951;p99p99.5;158991.91;;0.0298;0.0298
;US-UT;1951;p95p100;114993.4;;0.2154;0.2154
;US-UT;1951;p0p99;18578.6;;0.68889999;0.68889999
;US-UT;1951;p99.5p100;355127.41;;0.066500001;0.066500001
;US-UT;1950;p0p100;2042246.3;6829503132.0;1.0;1.0
;US-UT;1950;p99p100;231319.59;;0.092500001;0.092500001
;US-UT;1950;p99.9p100;634281.81;;0.0254;0.0254
;US-UT;1950;p99.99p100;1203951.0;;0.0048000002;0.0048000002
;US-UT;1950;p90p100;76100.703;;0.30419999;0.30419999
;US-UT;1950;p90p95;46796.301;;0.093500003;0.093500003
;US-UT;1950;p95p99;73965.5;;0.1183;0.1183
;US-UT;1950;p99.5p99.9;251505.0;;0.040199999;0.040199999
;US-UT;1950;p99.9p99.99;594121.81;;0.021400001;0.021400001
;US-UT;1950;p99p99.5;134901.8;;0.027000001;0.027000001
;US-UT;1950;p95p100;105293.1;;0.2104;0.2104
;US-UT;1950;p0p90;19317.6;;0.69489998;0.69489998
;US-UT;1950;p0p99;22936.1;;0.90750003;0.90750003
;US-UT;1950;p99.5p100;327787.5;;0.065499999;0.065499999
;US-UT;1949;p0p100;1903926.4;6099630597.0;1.0;1.0
;US-UT;1949;p99p100;199610.41;;0.087300003;0.087300003
;US-UT;1949;p99.9p100;538251.88;;0.023499999;0.023499999
;US-UT;1949;p99.99p100;1377064.9;;0.0060000001;0.0060000001
;US-UT;1949;p90p100;68263.703;;0.29840001;0.29840001
;US-UT;1949;p90p95;43897.102;;0.096000001;0.096000001
;US-UT;1949;p95p99;65848.398;;0.1151;0.1151
;US-UT;1949;p99.5p99.9;206871.0;;0.036200002;0.036200002
;US-UT;1949;p99.9p99.99;445071.59;;0.0175;0.0175
;US-UT;1949;p99p99.5;126069.1;;0.0276;0.0276
;US-UT;1949;p95p100;92524.602;;0.2022;0.2022
;US-UT;1949;p0p90;17833.0;;0.70160002;0.70160002
;US-UT;1949;p0p99;21089.4;;0.9127;0.9127
;US-UT;1949;p99.5p100;273147.5;;0.059700001;0.059700001
;US-UT;1948;p0p100;1837841.3;5882495779.0;1.0;1.0
;US-UT;1948;p99p100;205355.2;;0.091200002;0.091200002
;US-UT;1948;p99.9p100;538316.81;;0.0239;0.0239
;US-UT;1948;p99.99p100;1305945.3;;0.0057999999;0.0057999999
;US-UT;1948;p90p100;69671.102;;0.30939999;0.30939999
;US-UT;1948;p90p95;44723.699;;0.099299997;0.099299997
;US-UT;1948;p95p99;66911.602;;0.1189;0.1189
;US-UT;1948;p99.5p99.9;211908.2;;0.037599999;0.037599999
;US-UT;1948;p99.9p99.99;453050.69;;0.018100001;0.018100001
;US-UT;1948;p99p99.5;133531.3;;0.0297;0.0297
;US-UT;1948;p95p100;94568.203;;0.20999999;0.20999999
;US-UT;1948;p0p90;17277.1;;0.69059998;0.69059998
;US-UT;1948;p0p99;20668.801;;0.90880001;0.90880001
;US-UT;1948;p99.5p100;277186.59;;0.0616;0.0616
;US-UT;1947;p0p100;2073685.0;5598002922.0;1.0;1.0
;US-UT;1947;p99p100;207171.7;;0.094700001;0.094700001
;US-UT;1947;p99.9p100;559847.19;;0.025599999;0.025599999
;US-UT;1947;p99.99p100;1367126.0;;0.0063;0.0063
;US-UT;1947;p90p100;68767.898;;0.31439999;0.31439999
;US-UT;1947;p90p95;43914.301;;0.1004;0.1004
;US-UT;1947;p95p99;65256.301;;0.1193;0.1193
;US-UT;1947;p99.5p99.9;217431.3;;0.039799999;0.039799999
;US-UT;1947;p99.9p99.99;470234.41;;0.019300001;0.019300001
;US-UT;1947;p99p99.5;128408.9;;0.0294;0.0294
;US-UT;1947;p95p100;93625.797;;0.214;0.214
;US-UT;1947;p0p90;16661.1;;0.68559998;0.68559998
;US-UT;1947;p0p99;20001.0;;0.90530002;0.90530002
;US-UT;1947;p99.5p100;285912.09;;0.065399997;0.065399997
;US-UT;1946;p0p100;2805763.5;5661341682.0;1.0;1.0
;US-UT;1946;p99p100;229589.8;;0.1015;0.1015
;US-UT;1946;p99.9p100;629894.81;;0.027799999;0.027799999
;US-UT;1946;p99.99p100;1638640.3;;0.0071999999;0.0071999999
;US-UT;1946;p90p100;73752.703;;0.32589999;0.32589999
;US-UT;1946;p90p95;45431.898;;0.1004;0.1004
;US-UT;1946;p95p99;70208.5;;0.1241;0.1241
;US-UT;1946;p99.5p99.9;238318.7;;0.042100001;0.042100001
;US-UT;1946;p99.9p99.99;517844.91;;0.0206;0.0206
;US-UT;1946;p99p99.5;142505.8;;0.031500001;0.031500001
;US-UT;1946;p95p100;102075.6;;0.2255;0.2255
;US-UT;1946;p0p90;16948.4;;0.67409998;0.67409998
;US-UT;1946;p0p99;20538.699;;0.89850003;0.89850003
;US-UT;1946;p99.5p100;316632.91;;0.07;0.07
;US-UT;1945;p0p100;3535360.5;5970559966.0;1.0;1.0
;US-UT;1945;p99p100;213420.8;;0.088200003;0.088200003
;US-UT;1945;p99.9p100;627903.38;;0.025900001;0.025900001
;US-UT;1945;p99.99p100;1674148.1;;0.0068999999;0.0068999999
;US-UT;1945;p90p100;69995.797;;0.28920001;0.28920001
;US-UT;1945;p90p95;46259.102;;0.095600002;0.095600002
;US-UT;1945;p95p99;63838.301;;0.1055;0.1055
;US-UT;1945;p99.5p99.9;222492.5;;0.036800001;0.036800001
;US-UT;1945;p99.9p99.99;513439.81;;0.019099999;0.019099999
;US-UT;1945;p99p99.5;123265.7;;0.0255;0.0255
;US-UT;1945;p95p100;93737.898;;0.1936;0.1936
;US-UT;1945;p0p90;19114.9;;0.71069998;0.71069998
;US-UT;1945;p0p99;22294.5;;0.91180003;0.91180003
;US-UT;1945;p99.5p100;303549.0;;0.062700003;0.062700003
;US-UT;1944;p0p100;3744813.5;5955881373.0;1.0;1.0
;US-UT;1944;p99p100;199959.59;;0.081600003;0.081600003
;US-UT;1944;p99.9p100;596922.69;;0.0244;0.0244
;US-UT;1944;p99.99p100;1546922.5;;0.0063;0.0063
;US-UT;1944;p90p100;64683.602;;0.26390001;0.26390001
;US-UT;1944;p90p95;42710.199;;0.087099999;0.087099999
;US-UT;1944;p95p99;59798.398;;0.097599998;0.097599998
;US-UT;1944;p99.5p99.9;207671.59;;0.0339;0.0339
;US-UT;1944;p99.9p99.99;491840.91;;0.018100001;0.018100001
;US-UT;1944;p99p99.5;114461.8;;0.0233;0.0233
;US-UT;1944;p95p100;87606.203;;0.1787;0.1787
;US-UT;1944;p0p90;19981.199;;0.73369998;0.73369998
;US-UT;1944;p0p99;22738.6;;0.91839999;0.91839999
;US-UT;1944;p99.5p100;285573.69;;0.0583;0.0583
;US-UT;1943;p0p100;4707499.0;7116919239.0;1.0;1.0
;US-UT;1943;p99p100;243532.09;;0.081799999;0.081799999
;US-UT;1943;p99.9p100;750195.19;;0.0252;0.0252
;US-UT;1943;p99.99p100;1749255.8;;0.0059000002;0.0059000002
;US-UT;1943;p90p100;76056.203;;0.25549999;0.25549999
;US-UT;1943;p90p95;48708.699;;0.081799999;0.081799999
;US-UT;1943;p95p99;68307.5;;0.091799997;0.091799997
;US-UT;1943;p99.5p99.9;253440.09;;0.0341;0.0341
;US-UT;1943;p99.9p99.99;644743.88;;0.0195;0.0195
;US-UT;1943;p99p99.5;134213.09;;0.022500001;0.022500001
;US-UT;1943;p95p100;103377.6;;0.1736;0.1736
;US-UT;1943;p0p90;24623.0;;0.74440002;0.74440002
;US-UT;1943;p0p99;27609.199;;0.91820002;0.91820002
;US-UT;1943;p99.5p100;352832.69;;0.059300002;0.059300002
;US-UT;1942;p0p100;3990714.0;5257971182.0;1.0;1.0
;US-UT;1942;p99p100;221304.3;;0.098800004;0.098800004
;US-UT;1942;p99.9p100;698569.69;;0.031199999;0.031199999
;US-UT;1942;p99.99p100;1720856.3;;0.0077;0.0077
;US-UT;1942;p90p100;66125.5;;0.29519999;0.29519999
;US-UT;1942;p90p95;41839.699;;0.093400002;0.093400002
;US-UT;1942;p95p99;57656.801;;0.103;0.103
;US-UT;1942;p99.5p99.9;227741.91;;0.0407;0.0407
;US-UT;1942;p99.9p99.99;584336.38;;0.023499999;0.023499999
;US-UT;1942;p99p99.5;120604.6;;0.026900001;0.026900001
;US-UT;1942;p95p100;90406.297;;0.2018;0.2018
;US-UT;1942;p0p90;17541.301;;0.70490003;0.70490003
;US-UT;1942;p0p99;20388.199;;0.9012;0.9012
;US-UT;1942;p99.5p100;321971.19;;0.071900003;0.071900003
;US-UT;1941;p0p100;3319963.0;3517511062.0;1.0;1.0
;US-UT;1941;p99p100;197668.7;;0.12989999;0.12989999
;US-UT;1941;p99.9p100;645737.19;;0.042399999;0.042399999
;US-UT;1941;p99.99p100;1937851.0;;0.0127;0.0127
;US-UT;1941;p90p100;59831.301;;0.39320001;0.39320001
;US-UT;1941;p90p95;36628.102;;0.1204;0.1204
;US-UT;1941;p95p99;54407.102;;0.14300001;0.14300001
;US-UT;1941;p99.5p99.9;197198.2;;0.051800001;0.051800001
;US-UT;1941;p99.9p99.99;501695.41;;0.0297;0.0297
;US-UT;1941;p99p99.5;108236.4;;0.035599999;0.035599999
;US-UT;1941;p95p100;83111.398;;0.27309999;0.27309999
;US-UT;1941;p0p90;10259.6;;0.60680002;0.60680002
;US-UT;1941;p0p99;13373.6;;0.87010002;0.87010002
;US-UT;1941;p99.5p100;287017.0;;0.094300002;0.094300002
;US-UT;1940;p0p100;3189400.0;3021200318.0;1.0;1.0
;US-UT;1940;p99p100;169915.0;;0.12809999;0.12809999
;US-UT;1940;p99.9p100;505392.0;;0.0381;0.0381
;US-UT;1940;p99.99p100;1164636.9;;0.0088;0.0088
;US-UT;1940;p90p100;56257.699;;0.42429999;0.42429999
;US-UT;1940;p90p95;36775.398;;0.13869999;0.13869999
;US-UT;1940;p95p99;52072.398;;0.15710001;0.15710001
;US-UT;1940;p99.5p99.9;173305.0;;0.052299999;0.052299999
;US-UT;1940;p99.9p99.99;431158.81;;0.029300001;0.029300001
;US-UT;1940;p99p99.5;99793.297;;0.037599999;0.037599999
;US-UT;1940;p95p100;75701.5;;0.28549999;0.28549999
;US-UT;1940;p0p90;8489.7002;;0.57630002;0.57630002
;US-UT;1940;p0p99;11676.7;;0.87190002;0.87190002
;US-UT;1940;p99.5p100;239883.59;;0.090499997;0.090499997
;US-UT;1939;p0p100;3139114.8;2860800106.0;1.0;1.0
;US-UT;1939;p99p100;163596.0;;0.1278;0.1278
;US-UT;1939;p99.9p100;488603.41;;0.038199998;0.038199998
;US-UT;1939;p99.99p100;1109056.5;;0.0087000001;0.0087000001
;US-UT;1939;p90p100;50908.898;;0.3976;0.3976
;US-UT;1939;p90p95;28167.301;;0.11;0.11
;US-UT;1939;p95p99;50907.199;;0.1591;0.1591
;US-UT;1939;p99.5p99.9;167786.3;;0.0524;0.0524
;US-UT;1939;p99.9p99.99;419217.59;;0.0295;0.0295
;US-UT;1939;p99p99.5;95007.797;;0.037099998;0.037099998
;US-UT;1939;p95p100;73499.297;;0.287;0.287
;US-UT;1939;p0p90;8581.7998;;0.60329998;0.60329998
;US-UT;1939;p0p99;11279.5;;0.87220001;0.87220001
;US-UT;1939;p99.5p100;232075.7;;0.090599999;0.090599999
;US-UT;1938;p0p100;2934358.5;2702473363.0;1.0;1.0
;US-UT;1938;p99p100;155282.91;;0.1261;0.1261
;US-UT;1938;p99.9p100;482957.41;;0.0392;0.0392
;US-UT;1938;p99.99p100;1295265.8;;0.0105;0.0105
;US-UT;1938;p90p100;48530.5;;0.39410001;0.39410001
;US-UT;1938;p90p95;27200.1;;0.1104;0.1104
;US-UT;1938;p95p99;48171.602;;0.1565;0.1565
;US-UT;1938;p99.5p99.9;156418.09;;0.050799999;0.050799999
;US-UT;1938;p99.9p99.99;390953.31;;0.0286;0.0286
;US-UT;1938;p99p99.5;88412.5;;0.0359;0.0359
;US-UT;1938;p95p100;69652.398;;0.28279999;0.28279999
;US-UT;1938;p0p90;8310.2998;;0.60729998;0.60729998
;US-UT;1938;p0p99;10871.2;;0.8739;0.8739
;US-UT;1938;p99.5p100;222003.2;;0.090099998;0.090099998
;US-UT;1937;p0p100;2813381.0;2642966745.0;1.0;1.0
;US-UT;1937;p99p100;176698.7;;0.1441;0.1441
;US-UT;1937;p99.9p100;568952.0;;0.046399999;0.046399999
;US-UT;1937;p99.99p100;1463794.9;;0.0119;0.0119
;US-UT;1937;p90p100;51833.5;;0.4228;0.4228
;US-UT;1937;p90p95;28372.6;;0.1157;0.1157
;US-UT;1937;p95p99;50049.398;;0.16329999;0.16329999
;US-UT;1937;p99.5p99.9;176691.7;;0.057700001;0.057700001
;US-UT;1937;p99.9p99.99;469574.09;;0.034499999;0.034499999
;US-UT;1937;p99p99.5;98258.398;;0.040100001;0.040100001
;US-UT;1937;p95p100;75368.602;;0.30739999;0.30739999
;US-UT;1937;p0p90;7857.6001;;0.57679999;0.57679999
;US-UT;1937;p0p99;10598.5;;0.85589999;0.85589999
;US-UT;1937;p99.5p100;255142.91;;0.1041;0.1041
;US-UT;1936;p0p100;3290723.5;2833890176.0;1.0;1.0
;US-UT;1936;p99p100;184470.91;;0.1381;0.1381
;US-UT;1936;p99.9p100;600160.13;;0.0449;0.0449
;US-UT;1936;p99.99p100;1313830.8;;0.0098000001;0.0098000001
;US-UT;1936;p90p100;50822.898;;0.38049999;0.38049999
;US-UT;1936;p90p95;26333.199;;0.0986;0.0986
;US-UT;1936;p95p99;48104.199;;0.1441;0.1441
;US-UT;1936;p99.5p99.9;188586.0;;0.056499999;0.056499999
;US-UT;1936;p99.9p99.99;520920.81;;0.035100002;0.035100002
;US-UT;1936;p99p99.5;98050.5;;0.036699999;0.036699999
;US-UT;1936;p95p100;75391.5;;0.28220001;0.28220001
;US-UT;1936;p0p90;9189.9004;;0.61919999;0.61919999
;US-UT;1936;p0p99;11628.1;;0.86189997;0.86189997
;US-UT;1936;p99.5p100;270897.91;;0.1014;0.1014
;US-UT;1935;p0p100;2896167.5;2406943475.0;1.0;1.0
;US-UT;1935;p99p100;142621.3;;0.1237;0.1237
;US-UT;1935;p99.9p100;431294.09;;0.0374;0.0374
;US-UT;1935;p99.99p100;1042839.3;;0.0089999996;0.0089999996
;US-UT;1935;p90p100;44435.102;;0.3854;0.3854
;US-UT;1935;p90p95;25805.801;;0.1119;0.1119
;US-UT;1935;p95p99;44007.898;;0.15270001;0.15270001
;US-UT;1935;p99.5p99.9;145170.59;;0.0504;0.0504
;US-UT;1935;p99.9p99.99;363378.91;;0.0284;0.0284
;US-UT;1935;p99p99.5;82866.5;;0.0359;0.0359
;US-UT;1935;p95p100;63598.5;;0.27579999;0.27579999
;US-UT;1935;p0p90;7836.2998;;0.6117;0.6117
;US-UT;1935;p0p99;10205.4;;0.87629998;0.87629998
;US-UT;1935;p99.5p100;202386.91;;0.087800004;0.087800004
;US-UT;1934;p0p100;2490499.3;1937506036.0;1.0;1.0
;US-UT;1934;p99p100;127621.1;;0.13519999;0.13519999
;US-UT;1934;p99.9p100;374109.5;;0.0396;0.0396
;US-UT;1934;p99.99p100;900174.69;;0.0094999997;0.0094999997
;US-UT;1934;p90p100;40482.898;;0.4289;0.4289
;US-UT;1934;p90p95;22152.801;;0.1174;0.1174
;US-UT;1934;p95p99;42440.102;;0.17990001;0.17990001
;US-UT;1934;p99.5p99.9;129218.9;;0.0548;0.0548
;US-UT;1934;p99.9p99.99;315692.0;;0.030099999;0.030099999
;US-UT;1934;p99p99.5;77037.102;;0.040800001;0.040800001
;US-UT;1934;p95p100;59096.801;;0.31310001;0.31310001
;US-UT;1934;p0p90;5951.7998;;0.56760001;0.56760001
;US-UT;1934;p0p99;8244.2998;;0.86479998;0.86479998
;US-UT;1934;p99.5p100;178187.7;;0.094400004;0.094400004
;US-UT;1933;p0p100;2679077.3;1920005546.0;1.0;1.0
;US-UT;1933;p99p100;113669.1;;0.1196;0.1196
;US-UT;1933;p99.9p100;347753.69;;0.036600001;0.036600001
;US-UT;1933;p99.99p100;1139279.8;;0.012;0.012
;US-UT;1933;p90p100;36990.301;;0.3892;0.3892
;US-UT;1933;p90p95;22915.301;;0.1205;0.1205
;US-UT;1933;p95p99;37092.801;;0.1561;0.1561
;US-UT;1933;p99.5p99.9;111011.2;;0.046700001;0.046700001
;US-UT;1933;p99.9p99.99;259806.41;;0.024599999;0.024599999
;US-UT;1933;p99p99.5;68978.398;;0.0363;0.0363
;US-UT;1933;p95p100;52144.602;;0.27430001;0.27430001
;US-UT;1933;p0p90;6376.6001;;0.6038;0.6038
;US-UT;1933;p0p99;8452.9004;;0.8804;0.8804
;US-UT;1933;p99.5p100;158359.7;;0.083300002;0.083300002
;US-UT;1932;p0p100;2400087.0;1881517929.0;1.0;1.0
;US-UT;1932;p99p100;111659.7;;0.118;0.118
;US-UT;1932;p99.9p100;355861.19;;0.037599999;0.037599999
;US-UT;1932;p99.99p100;1165595.4;;0.0123;0.0123
;US-UT;1932;p90p100;37769.5;;0.39919999;0.39919999
;US-UT;1932;p90p95;24233.801;;0.12809999;0.12809999
;US-UT;1932;p95p99;37547.801;;0.1587;0.1587
;US-UT;1932;p99.5p99.9;103745.1;;0.043900002;0.043900002
;US-UT;1932;p99.9p99.99;265890.69;;0.0253;0.0253
;US-UT;1932;p99p99.5;69151.102;;0.036499999;0.036499999
;US-UT;1932;p95p100;52134.0;;0.2755;0.2755
;US-UT;1932;p0p90;6257.5;;0.5952;0.5952
;US-UT;1932;p0p99;8429.5996;;0.88200003;0.88200003
;US-UT;1932;p99.5p100;154168.3;;0.081500001;0.081500001
;US-UT;1931;p0p100;2120477.5;2033105080.0;1.0;1.0
;US-UT;1931;p99p100;129736.3;;0.1249;0.1249
;US-UT;1931;p99.9p100;363461.19;;0.035;0.035
;US-UT;1931;p99.99p100;1028543.4;;0.0098999999;0.0098999999
;US-UT;1931;p90p100;41392.801;;0.39829999;0.39829999
;US-UT;1931;p90p95;27729.199;;0.13339999;0.13339999
;US-UT;1931;p95p99;38920.898;;0.1498;0.1498
;US-UT;1931;p99.5p99.9;132443.09;;0.050999999;0.050999999
;US-UT;1931;p99.9p99.99;289563.09;;0.0251;0.0251
;US-UT;1931;p99p99.5;80825.797;;0.038899999;0.038899999
;US-UT;1931;p95p100;56799.199;;0.27329999;0.27329999
;US-UT;1931;p0p90;6834.1001;;0.59189999;0.59189999
;US-UT;1931;p0p99;9185.7998;;0.87510002;0.87510002
;US-UT;1931;p99.5p100;178646.7;;0.086000003;0.086000003
;US-UT;1930;p0p100;2220898.3;2515657658.0;1.0;1.0
;US-UT;1930;p99p100;160819.41;;0.1229;0.1229
;US-UT;1930;p99.9p100;483786.41;;0.037;0.037
;US-UT;1930;p99.99p100;1277342.3;;0.0098000001;0.0098000001
;US-UT;1930;p90p100;46645.199;;0.3565;0.3565
;US-UT;1930;p90p95;25081.301;;0.095799997;0.095799997
;US-UT;1930;p95p99;45470.199;;0.139;0.139
;US-UT;1930;p99.5p99.9;162416.91;;0.049600001;0.049600001
;US-UT;1930;p99.9p99.99;395613.5;;0.0272;0.0272
;US-UT;1930;p99p99.5;94948.0;;0.0363;0.0363
;US-UT;1930;p95p100;68199.203;;0.2606;0.2606
;US-UT;1930;p0p90;9337.7998;;0.64230001;0.64230001
;US-UT;1930;p0p99;11592.8;;0.87709999;0.87709999
;US-UT;1930;p99.5p100;226690.8;;0.086599998;0.086599998
;US-UT;1929;p0p100;2381677.5;2815000949.0;1.0;1.0
;US-UT;1929;p99p100;209825.41;;0.142;0.142
;US-UT;1929;p99.9p100;727989.38;;0.0493;0.0493
;US-UT;1929;p99.99p100;2198543.3;;0.0149;0.0149
;US-UT;1929;p90p100;53109.0;;0.35949999;0.35949999
;US-UT;1929;p90p95;26847.1;;0.090899996;0.090899996
;US-UT;1929;p95p99;49045.898;;0.1328;0.1328
;US-UT;1929;p99.5p99.9;202131.3;;0.054699998;0.054699998
;US-UT;1929;p99.9p99.99;564594.81;;0.034400001;0.034400001
;US-UT;1929;p99p99.5;112347.9;;0.037999999;0.037999999
;US-UT;1929;p95p100;80953.797;;0.27399999;0.27399999
;US-UT;1929;p0p90;10410.1;;0.63429999;0.63429999
;US-UT;1929;p0p99;12801.3;;0.85799998;0.85799998
;US-UT;1929;p99.5p100;307302.91;;0.104;0.104
;US-UT;1928;p0p100;2327438.5;2727346482.0;1.0;1.0
;US-UT;1928;p99p100;212698.3;;0.1473;0.1473
;US-UT;1928;p99.9p100;763389.31;;0.052900001;0.052900001
;US-UT;1928;p99.99p100;2247896.0;;0.0156;0.0156
;US-UT;1928;p90p100;52828.699;;0.366;0.366
;US-UT;1928;p90p95;25965.1;;0.089900002;0.089900002
;US-UT;1928;p95p99;48348.199;;0.134;0.134
;US-UT;1928;p99.5p99.9;202883.09;;0.056200001;0.056200001
;US-UT;1928;p99.9p99.99;598444.19;;0.037300002;0.037300002
;US-UT;1928;p99p99.5;110412.2;;0.038199998;0.038199998
;US-UT;1928;p95p100;80965.102;;0.28040001;0.28040001
;US-UT;1928;p0p90;10084.4;;0.62870002;0.62870002
;US-UT;1928;p0p99;12432.4;;0.8527;0.8527
;US-UT;1928;p99.5p100;314984.41;;0.1091;0.1091
;US-UT;1927;p0p100;2173788.0;2589620428.0;1.0;1.0
;US-UT;1927;p99p100;191339.5;;0.1381;0.1381
;US-UT;1927;p99.9p100;681064.63;;0.049199998;0.049199998
;US-UT;1927;p99.99p100;2249583.5;;0.0162;0.0162
;US-UT;1927;p90p100;49014.898;;0.3538;0.3538
;US-UT;1927;p90p95;24570.9;;0.088699996;0.088699996
;US-UT;1927;p95p99;45015.5;;0.13;0.13
;US-UT;1927;p99.5p99.9;182357.3;;0.052700002;0.052700002
;US-UT;1927;p99.9p99.99;506784.69;;0.032900002;0.032900002
;US-UT;1927;p99p99.5;100580.3;;0.0363;0.0363
;US-UT;1927;p95p100;74089.297;;0.2674;0.2674
;US-UT;1927;p0p90;9900.0;;0.64319998;0.64319998
;US-UT;1927;p0p99;12059.8;;0.86189997;0.86189997
;US-UT;1927;p99.5p100;282098.69;;0.1018;0.1018
;US-UT;1926;p0p100;2071032.8;2531727431.0;1.0;1.0
;US-UT;1926;p99p100;173462.2;;0.1265;0.1265
;US-UT;1926;p99.9p100;549071.81;;0.039999999;0.039999999
;US-UT;1926;p99.99p100;1376771.0;;0.0099999998;0.0099999998
;US-UT;1926;p90p100;48186.699;;0.3515;0.3515
;US-UT;1926;p90p95;25668.301;;0.093599997;0.093599997
;US-UT;1926;p95p99;46392.898;;0.1354;0.1354
;US-UT;1926;p99.5p99.9;173675.0;;0.050700001;0.050700001
;US-UT;1926;p99.9p99.99;457105.31;;0.029999999;0.029999999
;US-UT;1926;p99p99.5;98170.102;;0.035799999;0.035799999
;US-UT;1926;p95p100;71606.602;;0.26109999;0.26109999
;US-UT;1926;p0p90;9818.2998;;0.64450002;0.64450002
;US-UT;1926;p0p99;12096.6;;0.87349999;0.87349999
;US-UT;1926;p99.5p100;248754.41;;0.090700001;0.090700001
;US-UT;1925;p0p100;2112928.3;2504265847.0;1.0;1.0
;US-UT;1925;p99p100;174428.09;;0.12710001;0.12710001
;US-UT;1925;p99.9p100;567114.81;;0.041299999;0.041299999
;US-UT;1925;p99.99p100;1454010.3;;0.0106;0.0106
;US-UT;1925;p90p100;53388.102;;0.389;0.389
;US-UT;1925;p90p95;32809.699;;0.1195;0.1195
;US-UT;1925;p95p99;52394.102;;0.15270001;0.15270001
;US-UT;1925;p99.5p99.9;172117.8;;0.0502;0.0502
;US-UT;1925;p99.9p99.99;468570.91;;0.0307;0.0307
;US-UT;1925;p99p99.5;97739.0;;0.035599999;0.035599999
;US-UT;1925;p95p100;76508.5;;0.27869999;0.27869999
;US-UT;1925;p0p90;9160.4004;;0.60070002;0.60070002
;US-UT;1925;p0p99;12101.7;;0.87290001;0.87290001
;US-UT;1925;p99.5p100;251117.2;;0.091499999;0.091499999
;US-UT;1924;p0p100;2133429.5;2372422731.0;1.0;1.0
;US-UT;1924;p99p100;150772.3;;0.1144;0.1144
;US-UT;1924;p99.9p100;421642.0;;0.032000002;0.032000002
;US-UT;1924;p99.99p100;840671.0;;0.0063999998;0.0063999998
;US-UT;1924;p90p100;53172.801;;0.4034;0.4034
;US-UT;1924;p90p95;35412.0;;0.13429999;0.13429999
;US-UT;1924;p95p99;51606.199;;0.1566;0.1566
;US-UT;1924;p99.5p99.9;158321.0;;0.048;0.048
;US-UT;1924;p99.9p99.99;375083.31;;0.025599999;0.025599999
;US-UT;1924;p99p99.5;90559.398;;0.034400001;0.034400001
;US-UT;1924;p95p100;71439.5;;0.271;0.271
;US-UT;1924;p0p90;8708.5996;;0.59469998;0.59469998
;US-UT;1924;p0p99;11790.5;;0.88559997;0.88559997
;US-UT;1924;p99.5p100;210985.2;;0.079999998;0.079999998
;US-UT;1923;p0p100;2158687.5;2348814011.0;1.0;1.0
;US-UT;1923;p99p100;136683.91;;0.1029;0.1029
;US-UT;1923;p99.9p100;401327.31;;0.030200001;0.030200001
;US-UT;1923;p99.99p100;931974.63;;0.0070000002;0.0070000002
;US-UT;1923;p90p100;49872.0;;0.37540001;0.37540001
;US-UT;1923;p90p95;33519.102;;0.12620001;0.12620001
;US-UT;1923;p95p99;48912.301;;0.1473;0.1473
;US-UT;1923;p99.5p99.9;142151.0;;0.042800002;0.042800002
;US-UT;1923;p99.9p99.99;342368.81;;0.0232;0.0232
;US-UT;1923;p99p99.5;79381.797;;0.029899999;0.029899999
;US-UT;1923;p95p100;66466.602;;0.2502;0.2502
;US-UT;1923;p0p90;9205.5996;;0.62370002;0.62370002
;US-UT;1923;p0p99;12037.8;;0.89709997;0.89709997
;US-UT;1923;p99.5p100;193986.0;;0.072999999;0.072999999
;US-UT;1922;p0p100;2039897.0;2108212119.0;1.0;1.0
;US-UT;1922;p99p100;134590.2;;0.1111;0.1111
;US-UT;1922;p99.9p100;417531.0;;0.034499999;0.034499999
;US-UT;1922;p99.99p100;1056793.8;;0.0087000001;0.0087000001
;US-UT;1922;p90p100;46082.5;;0.3804;0.3804
;US-UT;1922;p90p95;31201.1;;0.1288;0.1288
;US-UT;1922;p95p99;43003.898;;0.142;0.142
;US-UT;1922;p99.5p99.9;135711.7;;0.044799998;0.044799998
;US-UT;1922;p99.9p99.99;346501.81;;0.025699999;0.025699999
;US-UT;1922;p99p99.5;77104.898;;0.031800002;0.031800002
;US-UT;1922;p95p100;61321.199;;0.25310001;0.25310001
;US-UT;1922;p0p90;8321.0;;0.61809999;0.61809999
;US-UT;1922;p0p99;10877.8;;0.88889998;0.88889998
;US-UT;1922;p99.5p100;192075.59;;0.079300001;0.079300001
;US-UT;1921;p0p100;1561277.3;1816226014.0;1.0;1.0
;US-UT;1921;p99p100;112816.4;;0.1067;0.1067
;US-UT;1921;p99.9p100;300339.41;;0.0284;0.0284
;US-UT;1921;p99.99p100;627233.19;;0.0059000002;0.0059000002
;US-UT;1921;p90p100;41166.898;;0.38940001;0.38940001
;US-UT;1921;p90p95;28531.801;;0.13500001;0.13500001
;US-UT;1921;p95p99;39405.0;;0.14910001;0.14910001
;US-UT;1921;p99.5p99.9;118838.1;;0.045000002;0.045000002
;US-UT;1921;p99.9p99.99;264017.81;;0.022500001;0.022500001
;US-UT;1921;p99p99.5;70494.5;;0.033300001;0.033300001
;US-UT;1921;p95p100;54087.301;;0.25580001;0.25580001
;US-UT;1921;p0p90;7155.6001;;0.6092;0.6092
;US-UT;1921;p0p99;9538.2002;;0.8933;0.8933
;US-UT;1921;p99.5p100;155138.3;;0.073399998;0.073399998
;US-UT;1920;p0p100;1409374.8;2017078467.0;1.0;1.0
;US-UT;1920;p99p100;117651.7;;0.098399997;0.098399997
;US-UT;1920;p99.9p100;329652.09;;0.0276;0.0276
;US-UT;1920;p99.99p100;668690.5;;0.0055999998;0.0055999998
;US-UT;1920;p90p100;41331.5;;0.3457;0.3457
;US-UT;1920;p90p95;28572.1;;0.1195;0.1195
;US-UT;1920;p95p99;38590.0;;0.12909999;0.12909999
;US-UT;1920;p99.5p99.9;122632.2;;0.041000001;0.041000001
;US-UT;1920;p99.9p99.99;291981.09;;0.022;0.022
;US-UT;1920;p99p99.5;71267.203;;0.0298;0.0298
;US-UT;1920;p95p100;54402.398;;0.22750001;0.22750001
;US-UT;1920;p0p90;8676.2998;;0.653;0.653
;US-UT;1920;p0p99;10889.8;;0.9016;0.9016
;US-UT;1920;p99.5p100;164036.2;;0.068599999;0.068599999
;US-UT;1919;p0p100;2206697.0;2293656136.0;1.0;1.0
;US-UT;1919;p99p100;133905.59;;0.096000001;0.096000001
;US-UT;1919;p99.9p100;371456.81;;0.0266;0.0266
;US-UT;1919;p99.99p100;852147.63;;0.0060999999;0.0060999999
;US-UT;1919;p90p100;46382.102;;0.33239999;0.33239999
;US-UT;1919;p90p95;30079.6;;0.1078;0.1078
;US-UT;1919;p95p99;45541.398;;0.1305;0.1305
;US-UT;1919;p99.5p99.9;135672.09;;0.038899999;0.038899999
;US-UT;1919;p99.9p99.99;318681.41;;0.0206;0.0206
;US-UT;1919;p99p99.5;84590.703;;0.030300001;0.030300001
;US-UT;1919;p95p100;63214.301;;0.2265;0.2265
;US-UT;1919;p0p90;10323.4;;0.66579998;0.66579998
;US-UT;1919;p0p99;12742.7;;0.90399998;0.90399998
;US-UT;1919;p99.5p100;183220.5;;0.065700002;0.065700002
;US-UT;1918;p0p100;2916208.3;2251952552.0;1.0;1.0
;US-UT;1918;p99p100;144748.09;;0.1035;0.1035
;US-UT;1918;p99.9p100;414717.91;;0.0297;0.0297
;US-UT;1918;p99.99p100;994993.63;;0.0071;0.0071
;US-UT;1918;p90p100;48810.0;;0.34920001;0.34920001
;US-UT;1918;p90p95;32136.9;;0.1149;0.1149
;US-UT;1918;p95p99;46734.102;;0.1337;0.1337
;US-UT;1918;p99.5p99.9;147773.7;;0.042300001;0.042300001
;US-UT;1918;p99.9p99.99;350251.91;;0.022500001;0.022500001
;US-UT;1918;p99p99.5;88335.797;;0.031599998;0.031599998
;US-UT;1918;p95p100;66336.797;;0.23729999;0.23729999
;US-UT;1918;p0p90;10061.5;;0.64780003;0.64780003
;US-UT;1918;p0p99;12658.2;;0.89649999;0.89649999
;US-UT;1918;p99.5p100;201161.09;;0.071999997;0.071999997
;US-UT;1917;p0p100;4259627.5;2367943367.0;1.0;1.0
;US-UT;1917;p99p100;191783.2;;0.1296;0.1296
;US-UT;1917;p99.9p100;740964.31;;0.050099999;0.050099999
;US-UT;1917;p99.99p100;2471521.0;;0.0167;0.0167
;US-UT;1917;p90p100;53914.801;;0.3642;0.3642
;US-UT;1917;p90p95;33235.0;;0.1123;0.1123
