Variable Name;.;.;.;PPP conversion factor, LCU per EUR | individuals | Exchange rates | All Ages | local currency per foreign currency;Market exchange rate, LCU per EUR | individuals | Exchange rates | All Ages | local currency per foreign currency;PPP conversion factor, LCU per USD | individuals | Exchange rates | All Ages | local currency per foreign currency;Market exchange rate, LCU per USD | individuals | Exchange rates | All Ages | local currency per foreign currency;PPP conversion factor, LCU per CNY | individuals | Exchange rates | All Ages | local currency per foreign currency;Market exchange rate, LCU per CNY | individuals | Exchange rates | All Ages | local currency per foreign currency
Variable Category;.;.;.;Other macro;Other macro;Other macro;Other macro;Other macro;Other macro
Variable Description;.;.;.;PPP conversion factor of curent local currency to current PPP EUR.;Official exchange rate of the local currency to EUR.;PPP conversion factor of current local currency to current USD.;Official exchange rate of the local currency to USD.;PPP conversion factor of current local currency to current PPP CNY.;Official exchange rate of the local currency to CNY.
Variable Decomposition;.;.;.;;;;;;
Variable Unit;.;.;.;local currency per foreign currency;local currency per foreign currency;local currency per foreign currency;local currency per foreign currency;local currency per foreign currency;local currency per foreign currency
Methodological Notes;.;.;.;Using the evolution of the price index relative to the reference country, we extrapolate the PPP from the 2011 ICP.;;Using the evolution of the price index relative to the reference country, we extrapolate the PPP from the 2011 ICP.;;Using the evolution of the price index relative to the reference country, we extrapolate the PPP from the 2011 ICP.;
Sources;.;.;.;WID.world computations using:  http://data.worldbank.org/ (World Bank);;WID.world computations using:  http://data.worldbank.org/ (World Bank);;WID.world computations using:  http://data.worldbank.org/ (World Bank);
Variable Code;country;year;perc;xlceup999i;xlceux999i;xlcusp999i;xlcusx999i;xlcyup999i;xlcyux999i
;VU;2018;p0p100;140.10725;127.91466;105.67135;104.34981;33.344707;16.347879
;VU;2017;p0p100;139.05858;119.64764;105.78866;106.175;32.446945;15.709254
;VU;2016;p0p100;136.17012;119.9898;104.45685;108.475;31.249649;16.325586
;VU;2015;p0p100;134.88385;120.87627;103.68427;108.98917;30.496414;17.501303
;VU;2014;p0p100;130.89781;128.78825;100.32347;97.071663;29.007498;15.800879
;VU;2013;p0p100;129.48663;125.52792;100.0453;94.542503;28.567497;15.259231
;VU;2012;p0p100;127.68441;119.02641;99.041435;92.637497;28.366119;14.675636
;VU;2011;p0p100;128.79607;124.37411;100.51104;89.46917;28.672089;13.846584
;VU;2010;p0p100;126.18829;128.34445;99.599785;96.90583;30.05567;14.313438
;VU;2009;p0p100;123.78065;148.28342;98.613319;106.74084;31.313396;15.624994
;VU;2008;p0p100;122.14835;148.43698;97.494362;101.33417;30.16785;14.583278
;VU;2007;p0p100;116.15384;140.20291;92.679466;102.4375;30.303802;13.465273
;VU;2006;p0p100;112.83128;138.79709;90.280106;110.64083;30.891066;13.876176
;VU;2005;p0p100;110.75968;135.85762;89.492233;109.24583;30.74844;13.331903
;VU;2004;p0p100;112.40945;138.80663;91.835281;111.79;31.919365;13.506426
;VU;2003;p0p100;112.1791;137.9057;92.442558;122.18916;33.3293;14.762428
;VU;2002;p0p100;112.64275;131.00383;92.82296;139.19833;33.874462;16.817572
;VU;2001;p0p100;114.31663;130.03239;93.566971;145.3125;33.567158;17.556036
;VU;2000;p0p100;112.92667;126.81336;92.487923;137.64333;32.946697;16.626593
;VU;1999;p0p100;113.01017;137.51465;93.411224;129.075;34.708492;15.592064
;VU;1998;p0p100;112.12509;;92.640945;127.5175;34.273731;15.402602
;VU;1997;p0p100;115.45221;;95.626709;115.87334;35.177017;13.977792
;VU;1996;p0p100;112.93861;;95.566223;111.71917;36.720745;13.437193
;VU;1995;p0p100;114.75372;;96.60096;112.11166;40.161785;13.424269
;VU;1994;p0p100;;;94.520851;116.405;46.109188;13.50603
;VU;1993;p0p100;;;94.36161;121.58083;57.06601;21.100611
;VU;1992;p0p100;;;91.58712;113.39167;68.545158;20.562115
;VU;1991;p0p100;;;88.080887;111.675;70.378136;20.978168
;VU;1990;p0p100;;;90.034157;117.06125;72.022324;24.473373
;VU;1989;p0p100;;;89.619949;116.04166;78.103752;30.820272
;VU;1988;p0p100;;;88.579163;104.42583;87.868652;28.055622
;VU;1987;p0p100;;;82.433586;109.84917;91.252693;29.512686
;VU;1986;p0p100;;;77.180069;106.07584;89.087921;30.72176
;VU;1985;p0p100;;;79.409798;106.03167;94.779961;36.106232
;VU;1984;p0p100;;;81.804451;99.23333;96.551483;42.772221
;VU;1983;p0p100;;;74.705345;99.367661;83.77813;50.295551
;VU;1982;p0p100;;;93.383759;96.207497;101.39114;50.835075
;VU;1981;p0p100;;;100.72521;87.825928;104.4912;51.524658
;VU;1980;p0p100;;;102.48;68.292122;98.585213;45.577122
;VU;1979;p0p100;;;104.60023;68.758247;98.282776;44.219261
;VU;1978;p0p100;;;94.7425;72.938988;86.24324;43.323502
;VU;1977;p0p100;;;106.23336;79.411316;92.633537;42.744278
;VU;1976;p0p100;;;103.60447;77.236229;86.284637;39.783466
;VU;1975;p0p100;;;103.43401;69.272591;85.083305;37.246864
;VU;1974;p0p100;;;99.80867;77.80323;76.274956;39.673115
;VU;1973;p0p100;;;135.48488;72.044716;96.077293;36.214012
;VU;1972;p0p100;;;155.15622;81.610909;106.32166;36.351223
;VU;1971;p0p100;;;154.52676;100.68945;101.72535;40.900597
;VU;1970;p0p100;;;154.67012;100.985;100.03851;41.020649
;VU;1969;p0p100;;;;94.440002;;38.362038
;VU;1968;p0p100;;;;89.764999;;36.463024
