Variable Name;.;.;.;PPP conversion factor, LCU per EUR | individuals | Exchange rates | All Ages | local currency per foreign currency;Market exchange rate, LCU per EUR | individuals | Exchange rates | All Ages | local currency per foreign currency;PPP conversion factor, LCU per USD | individuals | Exchange rates | All Ages | local currency per foreign currency;Market exchange rate, LCU per USD | individuals | Exchange rates | All Ages | local currency per foreign currency;PPP conversion factor, LCU per CNY | individuals | Exchange rates | All Ages | local currency per foreign currency;Market exchange rate, LCU per CNY | individuals | Exchange rates | All Ages | local currency per foreign currency
Variable Category;.;.;.;Other macro;Other macro;Other macro;Other macro;Other macro;Other macro
Variable Description;.;.;.;PPP conversion factor of curent local currency to current PPP EUR.;Official exchange rate of the local currency to EUR.;PPP conversion factor of current local currency to current USD.;Official exchange rate of the local currency to USD.;PPP conversion factor of current local currency to current PPP CNY.;Official exchange rate of the local currency to CNY.
Variable Decomposition;.;.;.;;;;;;
Variable Unit;.;.;.;local currency per foreign currency;local currency per foreign currency;local currency per foreign currency;local currency per foreign currency;local currency per foreign currency;local currency per foreign currency
Methodological Notes;.;.;.;Using the evolution of the price index relative to the reference country, we extrapolate the PPP from the 2011 ICP.;;Using the evolution of the price index relative to the reference country, we extrapolate the PPP from the 2011 ICP.;;Using the evolution of the price index relative to the reference country, we extrapolate the PPP from the 2011 ICP.;
Sources;.;.;.;WID.world computations using:  http://data.worldbank.org/ (World Bank);;WID.world computations using:  http://data.worldbank.org/ (World Bank);;WID.world computations using:  http://data.worldbank.org/ (World Bank);
Variable Code;country;year;perc;xlceup999i;xlceux999i;xlcusp999i;xlcusx999i;xlcyup999i;xlcyux999i
;VG;2018;p0p100;1.4590679;1.2258255;1.1004546;1.0;0.34724963;0.15666421
;VG;2017;p0p100;1.4507461;;1.1036534;;0.33850685;
;VG;2016;p0p100;1.4379039;;1.1030239;;0.32998422;
;VG;2015;p0p100;1.4305182;;1.0996293;;0.3234314;
;VG;2014;p0p100;1.4287397;;1.095023;;0.31661463;
;VG;2013;p0p100;1.3973968;;1.0796713;;0.30829537;
;VG;2012;p0p100;1.446894;;1.1223177;;0.32143918;
;VG;2011;p0p100;1.3782667;;1.0755842;;0.30682445;
;VG;2010;p0p100;1.4118814;;1.114391;;0.33628353;
;VG;2009;p0p100;1.3910673;;1.1082326;;0.35190508;
;VG;2008;p0p100;1.5615354;;1.2463607;;0.38566357;
;VG;2007;p0p100;1.609903;;1.284546;;0.42001352;
;VG;2006;p0p100;1.5224571;;1.2181692;;0.4168199;
;VG;2005;p0p100;1.4163367;;1.1443797;;0.39319491;
;VG;2004;p0p100;1.4292055;;1.1676197;;0.40583181;
;VG;2003;p0p100;1.4059328;;1.1585761;;0.41771376;
;VG;2002;p0p100;1.4312437;;1.1794126;;0.43041041;
;VG;2001;p0p100;1.4224696;;1.1642766;;0.41768432;
;VG;2000;p0p100;1.4175873;;1.1610163;;0.41358539;
;VG;1999;p0p100;1.4053921;;1.16166;;0.43163404;
;VG;1998;p0p100;1.3975792;;1.1547197;;0.42720366;
;VG;1997;p0p100;1.3536608;;1.1212096;;0.41244557;
;VG;1996;p0p100;1.2840588;;1.086543;;0.41749758;
;VG;1995;p0p100;1.2558634;;1.0571998;;0.43953016;
;VG;1994;p0p100;;;1.0355401;;0.50515747;
;VG;1993;p0p100;;;1.0314394;;0.62377203;
;VG;1992;p0p100;;;1.0247389;;0.76692981;
;VG;1991;p0p100;;;0.98821259;;0.78959876;
;VG;1990;p0p100;;;0.9832564;;0.78655052;
;VG;1989;p0p100;;;0.98233354;;0.8561033;
;VG;1988;p0p100;;;0.93295187;;0.92546844;
;VG;1987;p0p100;;;0.95667571;;1.059025;
;VG;1986;p0p100;;;0.94393152;;1.0895674;
;VG;1985;p0p100;;;0.91885293;;1.0967015;
;VG;1984;p0p100;;;0.92567837;;1.0925521;
;VG;1983;p0p100;;;0.9242605;;1.0365098;
;VG;1982;p0p100;;;0.90655798;;0.98429263;
;VG;1981;p0p100;;;0.83586574;;0.8671177;
;VG;1980;p0p100;;;0.84136301;;0.80938673;
;VG;1979;p0p100;;;0.83732033;;0.78674936;
;VG;1978;p0p100;;;0.8106634;;0.7379396;
