Variable Name;.;.;.;Fiscal income  | tax unit | Average | Adults | constant 2015 local currency;Fiscal income  | tax unit | Total | Adults | constant 2015 local currency;Fiscal income  | tax unit | Share | Adults | share of total (ratio);Pre-tax national income  | tax unit | Share | Adults | share of total (ratio)
Variable Category;.;.;.;Income inequality;Income inequality;Income inequality;Income inequality
Variable Description;.;.;.;Average Fiscal income within a given percentile group. Fiscal income is defined as the sum of all income items reported on income tax returns, before any deduction. It includes labour income, capital income and mixed income. The concept of fiscal income varies with national tax legislations, so in order to make international comparisons it is preferable to use the concept of national income. The population is comprised of individuals over age 20. The base unit is the tax unit defined by national fiscal administrations to measure personal income taxes.;Total Fiscal income  within a given percentile group. Fiscal income is defined as the sum of all income items reported on income tax returns, before any deduction. It includes labour income, capital income and mixed income. The concept of fiscal income varies with national tax legislations, so in order to make international comparisons it is preferable to use the concept of national income. The population is comprised of individuals over age 20.;Fiscal income share held by a given percentile group. Fiscal income is defined as the sum of all income items reported on income tax returns, before any deduction. It includes labour income, capital income and mixed income. The concept of fiscal income varies with national tax legislations, so in order to make international comparisons it is preferable to use the concept of national income. The population is comprised of individuals over age 20. The base unit is the tax unit defined by national fiscal administrations to measure personal income taxes.;Pre-tax national income share held by a given percentile group. Pre-tax national income  is the sum of all pre-tax personal income flows accruing to the owners of the production factors, labor and capital, before taking into account the operation of the tax/transfer system, but after taking into account the operation of pension system. The central difference between personal factor income and pre-tax income is the treatment of pensions, which are counted on a contribution basis by factor income and on a distribution basis by pre-tax income. The population is comprised of individuals over age 20. The base unit is the tax unit defined by national fiscal administrations to measure personal income taxes.
Variable Decomposition;.;.;.;[Fiscal income ]=[Fiscal labour income ]+[Fiscal capital income ];[Fiscal income ]=[Fiscal labour income ]+[Fiscal capital income ];[Fiscal income ]=[Fiscal labour income ]+[Fiscal capital income ];Pre-tax national income =Pre-tax labor income [total pre-tax income ranking]+Pre-tax capital income [total pre-tax income ranking]
Variable Unit;.;.;.;"USD; United States dollar | local currency | market";"USD; United States dollar | local currency | market";share;share
Methodological Notes;.;.;.;;;;Assuming the same distribution as fiscal income.
Sources;.;.;.;Frank, Sommeiller, Price & Saez (2015);Frank, Sommeiller, Price & Saez (2015);Frank, Sommeiller, Price & Saez (2015);WID.world computations using: Frank, Sommeiller, Price & Saez (2015)
Variable Code;country;year;perc;afiinc992t;mfiinc992t;sfiinc992t;sptinc992t
;US-TX;2015;p0p100;72153.203;9.3856542734e+11;1.0;1.0
;US-TX;2015;p99p100;1486416.1;;0.206;0.206
;US-TX;2015;p99.9p100;7182227.0;;0.0995;0.0995
;US-TX;2015;p99.99p100;32711982.0;;0.045299999;0.045299999
;US-TX;2015;p90p100;340050.31;;0.47130001;0.47130001
;US-TX;2015;p90p95;158985.7;;0.1102;0.1102
;US-TX;2015;p95p99;279848.81;;0.1551;0.1551
;US-TX;2015;p99.5p99.9;1181364.1;;0.065499999;0.065499999
;US-TX;2015;p99.9p99.99;4358996.0;;0.054400001;0.054400001
;US-TX;2015;p99p99.5;591046.5;;0.041000001;0.041000001
;US-TX;2015;p95p100;521172.59;;0.3612;0.3612
;US-TX;2015;p0p90;42372.199;;0.52850002;0.52850002
;US-TX;2015;p0p99;57867.699;;0.79400003;0.79400003
;US-TX;2015;p99.5p100;2381581.0;;0.16500001;0.16500001
;US-TX;2014;p0p100;68882.797;8.93900611789e+11;1.0;1.0
;US-TX;2014;p99p100;1546678.8;;0.2251;0.2251
;US-TX;2014;p99.9p100;7744137.0;;0.1127;0.1127
;US-TX;2014;p99.99p100;37855416.0;;0.055100001;0.055100001
;US-TX;2014;p90p100;341782.59;;0.49739999;0.49739999
;US-TX;2014;p90p95;154907.91;;0.1127;0.1127
;US-TX;2014;p95p99;274278.91;;0.15970001;0.15970001
;US-TX;2014;p99.5p99.9;1193819.4;;0.069499999;0.069499999
;US-TX;2014;p99.9p99.99;4393173.5;;0.057500001;0.057500001
;US-TX;2014;p99p99.5;589235.88;;0.0429;0.0429
;US-TX;2014;p95p100;528797.63;;0.38479999;0.38479999
;US-TX;2014;p0p90;38380.199;;0.50269997;0.50269997
;US-TX;2014;p0p99;53790.699;;0.77490002;0.77490002
;US-TX;2014;p99.5p100;2504148.5;;0.1822;0.1822
;US-TX;2013;p0p100;67109.398;8.30885477485e+11;1.0;1.0
;US-TX;2013;p99p100;1368402.0;;0.2111;0.2111
;US-TX;2013;p99.9p100;6592720.0;;0.1017;0.1017
;US-TX;2013;p99.99p100;31694502.0;;0.048900001;0.048900001
;US-TX;2013;p90p100;317420.09;;0.4896;0.4896
;US-TX;2013;p90p95;151005.3;;0.1165;0.1165
;US-TX;2013;p95p99;262951.41;;0.1622;0.1622
;US-TX;2013;p99.5p99.9;1074399.5;;0.066299997;0.066299997
;US-TX;2013;p99.9p99.99;3802283.0;;0.0528;0.0528
;US-TX;2013;p99p99.5;558664.0;;0.043099999;0.043099999
;US-TX;2013;p95p100;484010.81;;0.37329999;0.37329999
;US-TX;2013;p0p90;36754.699;;0.51020002;0.51020002
;US-TX;2013;p0p99;51662.602;;0.78890002;0.78890002
;US-TX;2013;p99.5p100;2178025.8;;0.168;0.168
;US-TX;2012;p0p100;71664.297;8.37053159172e+11;1.0;1.0
;US-TX;2012;p99p100;1642032.4;;0.24420001;0.24420001
;US-TX;2012;p99.9p100;8619582.0;;0.12819999;0.12819999
;US-TX;2012;p99.99p100;43473644.0;;0.064599998;0.064599998
;US-TX;2012;p90p100;343750.0;;0.51120001;0.51120001
;US-TX;2012;p90p95;149177.0;;0.1109;0.1109
;US-TX;2012;p95p99;262700.41;;0.15629999;0.15629999
;US-TX;2012;p99.5p99.9;1222979.3;;0.072700001;0.072700001
;US-TX;2012;p99.9p99.99;4739602.0;;0.0634;0.0634
;US-TX;2012;p99p99.5;581581.69;;0.043200001;0.043200001
;US-TX;2012;p95p100;538613.31;;0.4005;0.4005
;US-TX;2012;p0p90;36517.801;;0.4887;0.4887
;US-TX;2012;p0p99;51338.801;;0.75580001;0.75580001
;US-TX;2012;p99.5p100;2702401.0;;0.2009;0.2009
;US-TX;2011;p0p100;69597.102;7.6009987222e+11;1.0;1.0
;US-TX;2011;p99p100;1322868.0;;0.211;0.211
;US-TX;2011;p99.9p100;6466043.5;;0.1032;0.1032
;US-TX;2011;p99.99p100;31160578.0;;0.049699999;0.049699999
;US-TX;2011;p90p100;305211.59;;0.4869;0.4869
;US-TX;2011;p90p95;145908.7;;0.1164;0.1164
;US-TX;2011;p95p99;250285.41;;0.15970001;0.15970001
;US-TX;2011;p99.5p99.9;1029167.5;;0.065700002;0.065700002
;US-TX;2011;p99.9p99.99;3717216.0;;0.053399999;0.053399999
;US-TX;2011;p99p99.5;529285.69;;0.042199999;0.042199999
;US-TX;2011;p95p100;464834.31;;0.37079999;0.37079999
;US-TX;2011;p0p90;35725.801;;0.51289999;0.51289999
;US-TX;2011;p0p99;49955.602;;0.78899997;0.78899997
;US-TX;2011;p99.5p100;2116242.5;;0.1688;0.1688
;US-TX;2010;p0p100;72508.0;7.25478734218e+11;1.0;1.0
;US-TX;2010;p99p100;1263994.8;;0.206;0.206
;US-TX;2010;p99.9p100;6177962.5;;0.1007;0.1007
;US-TX;2010;p99.99p100;30651312.0;;0.049899999;0.049899999
;US-TX;2010;p90p100;295282.5;;0.48109999;0.48109999
;US-TX;2010;p90p95;143688.0;;0.1171;0.1171
;US-TX;2010;p95p99;242936.41;;0.1583;0.1583
;US-TX;2010;p99.5p99.9;977334.88;;0.063699998;0.063699998
;US-TX;2010;p99.9p99.99;3458768.0;;0.050700001;0.050700001
;US-TX;2010;p99p99.5;510562.0;;0.0416;0.0416
;US-TX;2010;p95p100;447163.19;;0.36430001;0.36430001
;US-TX;2010;p0p90;35365.5;;0.51859999;0.51859999
;US-TX;2010;p0p99;49223.301;;0.79400003;0.79400003
;US-TX;2010;p99.5p100;2017381.6;;0.1644;0.1644
;US-TX;2009;p0p100;72404.0;6.85242664746e+11;1.0;1.0
;US-TX;2009;p99p100;1097306.9;;0.185;0.185
;US-TX;2009;p99.9p100;5100190.5;;0.086000003;0.086000003
;US-TX;2009;p99.99p100;24307602.0;;0.041000001;0.041000001
;US-TX;2009;p90p100;275563.0;;0.46450001;0.46450001
;US-TX;2009;p90p95;142504.8;;0.1201;0.1201
;US-TX;2009;p95p99;236774.8;;0.15970001;0.15970001
;US-TX;2009;p99.5p99.9;880298.13;;0.0594;0.0594
;US-TX;2009;p99.9p99.99;2976181.5;;0.045200001;0.045200001
;US-TX;2009;p99p99.5;473604.59;;0.039900001;0.039900001
;US-TX;2009;p95p100;408834.19;;0.34459999;0.34459999
;US-TX;2009;p0p90;35251.301;;0.53479999;0.53479999
;US-TX;2009;p0p99;48836.199;;0.815;0.815
;US-TX;2009;p99.5p100;1721953.1;;0.1451;0.1451
;US-TX;2008;p0p100;81085.102;7.69188567977e+11;1.0;1.0
;US-TX;2008;p99p100;1627115.1;;0.2432;0.2432
;US-TX;2008;p99.9p100;8804524.0;;0.13160001;0.13160001
;US-TX;2008;p99.99p100;46445224.0;;0.069399998;0.069399998
;US-TX;2008;p90p100;342006.31;;0.51120001;0.51120001
;US-TX;2008;p90p95;150706.2;;0.1126;0.1126
;US-TX;2008;p95p99;263066.5;;0.1573;0.1573
;US-TX;2008;p99.5p99.9;1190483.8;;0.071199998;0.071199998
;US-TX;2008;p99.9p99.99;4709304.5;;0.063299999;0.063299999
;US-TX;2008;p99p99.5;576740.5;;0.043099999;0.043099999
;US-TX;2008;p95p100;534278.5;;0.39930001;0.39930001
;US-TX;2008;p0p90;35913.5;;0.4831;0.4831
;US-TX;2008;p0p99;51149.0;;0.7568;0.7568
;US-TX;2008;p99.5p100;2689243.3;;0.20100001;0.20100001
;US-TX;2007;p0p100;90595.703;7.7255140145e+11;1.0;1.0
;US-TX;2007;p99p100;1587315.8;;0.2289;0.2289
;US-TX;2007;p99.9p100;8276291.0;;0.1194;0.1194
;US-TX;2007;p99.99p100;40629148.0;;0.058600001;0.058600001
;US-TX;2007;p90p100;337000.31;;0.48609999;0.48609999
;US-TX;2007;p90p95;151024.09;;0.1089;0.1089
;US-TX;2007;p95p99;256764.41;;0.1481;0.1481
;US-TX;2007;p99.5p99.9;1189810.3;;0.068599999;0.068599999
;US-TX;2007;p99.9p99.99;4680651.5;;0.060800001;0.060800001
;US-TX;2007;p99p99.5;566906.38;;0.040899999;0.040899999
;US-TX;2007;p95p100;522912.41;;0.37709999;0.37709999
;US-TX;2007;p0p90;39599.199;;0.51410002;0.51410002
;US-TX;2007;p0p99;53997.102;;0.77109998;0.77109998
;US-TX;2007;p99.5p100;2607496.5;;0.18799999;0.18799999
;US-TX;2006;p0p100;93419.703;7.28755941766e+11;1.0;1.0
;US-TX;2006;p99p100;1592397.9;;0.23559999;0.23559999
;US-TX;2006;p99.9p100;8340803.5;;0.1234;0.1234
;US-TX;2006;p99.99p100;40542692.0;;0.059999999;0.059999999
;US-TX;2006;p90p100;334205.09;;0.49439999;0.49439999
;US-TX;2006;p90p95;148654.8;;0.1099;0.1099
;US-TX;2006;p95p99;252490.5;;0.1494;0.1494
;US-TX;2006;p99.5p99.9;1199446.9;;0.071000002;0.071000002
;US-TX;2006;p99.9p99.99;4768709.5;;0.063500002;0.063500002
;US-TX;2006;p99p99.5;566181.31;;0.041900001;0.041900001
;US-TX;2006;p95p100;519983.5;;0.38460001;0.38460001
;US-TX;2006;p0p90;37882.602;;0.5043;0.5043
;US-TX;2006;p0p99;52199.5;;0.76440001;0.76440001
;US-TX;2006;p99.5p100;2622056.3;;0.1939;0.1939
;US-TX;2005;p0p100;94893.102;6.805182417e+11;1.0;1.0
;US-TX;2005;p99p100;1430367.4;;0.22220001;0.22220001
;US-TX;2005;p99.9p100;7351831.5;;0.1142;0.1142
;US-TX;2005;p99.99p100;35199116.0;;0.054699998;0.054699998
;US-TX;2005;p90p100;309579.0;;0.48089999;0.48089999
;US-TX;2005;p90p95;142629.41;;0.1108;0.1108
;US-TX;2005;p95p99;238397.7;;0.1481;0.1481
;US-TX;2005;p99.5p99.9;1088574.8;;0.067599997;0.067599997
;US-TX;2005;p99.9p99.99;4261336.0;;0.059599999;0.059599999
;US-TX;2005;p99p99.5;525531.13;;0.040800001;0.040800001
;US-TX;2005;p95p100;476570.91;;0.37009999;0.37009999
;US-TX;2005;p0p90;37080.699;;0.51840001;0.51840001
;US-TX;2005;p0p99;50579.199;;0.77780002;0.77780002
;US-TX;2005;p99.5p100;2337351.5;;0.1815;0.1815
;US-TX;2004;p0p100;94230.797;6.20518082095e+11;1.0;1.0
;US-TX;2004;p99p100;1141527.8;;0.19069999;0.19069999
;US-TX;2004;p99.9p100;5442442.0;;0.090899996;0.090899996
;US-TX;2004;p99.99p100;24841784.0;;0.041499998;0.041499998
;US-TX;2004;p90p100;272474.09;;0.4553;0.4553
;US-TX;2004;p90p95;139133.7;;0.1162;0.1162
;US-TX;2004;p95p99;221311.91;;0.1479;0.1479
;US-TX;2004;p99.5p99.9;909533.63;;0.060800001;0.060800001
;US-TX;2004;p99.9p99.99;3285734.5;;0.049400002;0.049400002
;US-TX;2004;p99p99.5;466057.59;;0.038899999;0.038899999
;US-TX;2004;p95p100;405372.69;;0.3387;0.3387
;US-TX;2004;p0p90;36254.102;;0.54519999;0.54519999
;US-TX;2004;p0p99;48921.5;;0.80930001;0.80930001
;US-TX;2004;p99.5p100;1816716.0;;0.15180001;0.15180001
;US-TX;2003;p0p100;96828.602;5.92858503485e+11;1.0;1.0
;US-TX;2003;p99p100;986140.63;;0.1691;0.1691
;US-TX;2003;p99.9p100;4432443.0;;0.075999998;0.075999998
;US-TX;2003;p99.99p100;19703154.0;;0.033799998;0.033799998
;US-TX;2003;p90p100;252763.41;;0.43349999;0.43349999
;US-TX;2003;p90p95;134228.2;;0.1151;0.1151
;US-TX;2003;p95p99;217495.41;;0.14920001;0.14920001
;US-TX;2003;p99.5p99.9;815749.81;;0.056000002;0.056000002
;US-TX;2003;p99.9p99.99;2736117.8;;0.042199999;0.042199999
;US-TX;2003;p99p99.5;433385.0;;0.0372;0.0372
;US-TX;2003;p95p100;371271.59;;0.3184;0.3184
;US-TX;2003;p0p90;36699.301;;0.56650001;0.56650001
;US-TX;2003;p0p99;48931.301;;0.83090001;0.83090001
;US-TX;2003;p99.5p100;1538954.0;;0.132;0.132
;US-TX;2002;p0p100;105131.2;5.89194643949e+11;1.0;1.0
;US-TX;2002;p99p100;959307.31;;0.1584;0.1584
;US-TX;2002;p99.9p100;4138618.0;;0.068300001;0.068300001
;US-TX;2002;p99.99p100;17556382.0;;0.028999999;0.028999999
;US-TX;2002;p90p100;253309.91;;0.41819999;0.41819999
;US-TX;2002;p90p95;137348.5;;0.1134;0.1134
;US-TX;2002;p95p99;221635.91;;0.1464;0.1464
;US-TX;2002;p99.5p99.9;813606.69;;0.0537;0.0537
;US-TX;2002;p99.9p99.99;2646006.5;;0.039299998;0.039299998
;US-TX;2002;p99p99.5;439072.09;;0.036200002;0.036200002
;US-TX;2002;p95p100;369227.41;;0.3048;0.3048
;US-TX;2002;p0p90;39164.0;;0.58200002;0.58200002
;US-TX;2002;p0p99;51489.102;;0.8416;0.8416
;US-TX;2002;p99.5p100;1479268.5;;0.1221;0.1221
;US-TX;2001;p0p100;115031.6;6.16404602954e+11;1.0;1.0
;US-TX;2001;p99p100;1114552.5;;0.1737;0.1737
;US-TX;2001;p99.9p100;5085701.0;;0.0792;0.0792
;US-TX;2001;p99.99p100;22401124.0;;0.034899998;0.034899998
;US-TX;2001;p90p100;276809.69;;0.43130001;0.43130001
;US-TX;2001;p90p95;142980.0;;0.1114;0.1114
;US-TX;2001;p95p99;234581.8;;0.1462;0.1462
;US-TX;2001;p99.5p99.9;914340.88;;0.057;0.057
;US-TX;2001;p99.9p99.99;3162143.3;;0.044300001;0.044300001
;US-TX;2001;p99p99.5;480382.09;;0.0374;0.0374
;US-TX;2001;p95p100;410598.69;;0.31990001;0.31990001
;US-TX;2001;p0p90;40559.102;;0.56879997;0.56879997
;US-TX;2001;p0p99;53571.0;;0.82630002;0.82630002
;US-TX;2001;p99.5p100;1748771.3;;0.1362;0.1362
;US-TX;2000;p0p100;128291.3;6.31736130269e+11;1.0;1.0
;US-TX;2000;p99p100;1393641.1;;0.2058;0.2058
;US-TX;2000;p99.9p100;6972102.0;;0.103;0.103
;US-TX;2000;p99.99p100;32176722.0;;0.047499999;0.047499999
;US-TX;2000;p90p100;312252.81;;0.46110001;0.46110001
;US-TX;2000;p90p95;146057.91;;0.1078;0.1078
;US-TX;2000;p95p99;249425.41;;0.1473;0.1473
;US-TX;2000;p99.5p99.9;1073647.8;;0.0634;0.0634
;US-TX;2000;p99.9p99.99;4174063.5;;0.055500001;0.055500001
;US-TX;2000;p99p99.5;532916.88;;0.039299998;0.039299998
;US-TX;2000;p95p100;478365.31;;0.35319999;0.35319999
;US-TX;2000;p0p90;40566.199;;0.53909999;0.53909999
;US-TX;2000;p0p99;54329.898;;0.7942;0.7942
;US-TX;2000;p99.5p100;2254157.8;;0.1664;0.1664
;US-TX;1999;p0p100;130946.9;5.94814500777e+11;1.0;1.0
;US-TX;1999;p99p100;1242770.3;;0.192;0.192
;US-TX;1999;p99.9p100;5968463.5;;0.092200004;0.092200004
;US-TX;1999;p99.99p100;26168940.0;;0.040399998;0.040399998
;US-TX;1999;p90p100;292367.81;;0.45179999;0.45179999
;US-TX;1999;p90p95;142963.0;;0.1105;0.1105
;US-TX;1999;p95p99;241442.3;;0.14920001;0.14920001
;US-TX;1999;p99.5p99.9;993577.5;;0.0614;0.0614
;US-TX;1999;p99.9p99.99;3723507.5;;0.051800001;0.051800001
;US-TX;1999;p99p99.5;497000.69;;0.038400002;0.038400002
;US-TX;1999;p95p100;441736.19;;0.34130001;0.34130001
;US-TX;1999;p0p90;39424.102;;0.54830003;0.54830003
;US-TX;1999;p0p99;52815.398;;0.80800003;0.80800003
;US-TX;1999;p99.5p100;1988539.9;;0.15360001;0.15360001
;US-TX;1998;p0p100;129779.2;5.57283378563e+11;1.0;1.0
;US-TX;1998;p99p100;1191683.4;;0.1936;0.1936
;US-TX;1998;p99.9p100;5839002.5;;0.094899997;0.094899997
;US-TX;1998;p99.99p100;26661786.0;;0.043299999;0.043299999
;US-TX;1998;p90p100;278639.0;;0.45280001;0.45280001
;US-TX;1998;p90p95;137125.0;;0.1114;0.1114
;US-TX;1998;p95p99;227390.91;;0.1478;0.1478
;US-TX;1998;p99.5p99.9;934717.0;;0.060800001;0.060800001
;US-TX;1998;p99.9p99.99;3510394.8;;0.0513;0.0513
;US-TX;1998;p99p99.5;468634.81;;0.0381;0.0381
;US-TX;1998;p95p100;420193.59;;0.3414;0.3414
;US-TX;1998;p0p90;37426.699;;0.54729998;0.54729998
;US-TX;1998;p0p99;50127.898;;0.8064;0.8064
;US-TX;1998;p99.5p100;1914766.8;;0.1556;0.1556
;US-TX;1997;p0p100;123654.8;5.08474778195e+11;1.0;1.0
;US-TX;1997;p99p100;1038169.3;;0.182;0.182
;US-TX;1997;p99.9p100;4786652.0;;0.083899997;0.083899997
;US-TX;1997;p99.99p100;20922336.0;;0.036699999;0.036699999
;US-TX;1997;p90p100;255421.8;;0.44780001;0.44780001
;US-TX;1997;p90p95;130943.7;;0.1148;0.1148
;US-TX;1997;p95p99;215358.8;;0.15099999;0.15099999
;US-TX;1997;p99.5p99.9;853242.13;;0.059799999;0.059799999
;US-TX;1997;p99.9p99.99;2991507.5;;0.047200002;0.047200002
;US-TX;1997;p99p99.5;436664.31;;0.0383;0.0383
;US-TX;1997;p95p100;379911.09;;0.333;0.333
;US-TX;1997;p0p90;34992.602;;0.55220002;0.55220002
;US-TX;1997;p0p99;47125.301;;0.81800002;0.81800002
;US-TX;1997;p99.5p100;1639731.1;;0.1437;0.1437
;US-TX;1996;p0p100;120371.0;4.61231579961e+11;1.0;1.0
;US-TX;1996;p99p100;881027.38;;0.1656;0.1656
;US-TX;1996;p99.9p100;3821705.0;;0.071800001;0.071800001
;US-TX;1996;p99.99p100;16138515.0;;0.030300001;0.030300001
;US-TX;1996;p90p100;231471.8;;0.43509999;0.43509999
;US-TX;1996;p90p95;125533.1;;0.118;0.118
;US-TX;1996;p95p99;201490.91;;0.1515;0.1515
;US-TX;1996;p99.5p99.9;748089.5;;0.056299999;0.056299999
;US-TX;1996;p99.9p99.99;2453164.5;;0.041499998;0.041499998
;US-TX;1996;p99p99.5;399232.41;;0.037500001;0.037500001
;US-TX;1996;p95p100;337403.19;;0.31709999;0.31709999
;US-TX;1996;p0p90;33389.801;;0.56489998;0.56489998
;US-TX;1996;p0p99;44835.398;;0.8344;0.8344
;US-TX;1996;p99.5p100;1362820.3;;0.12809999;0.12809999
;US-TX;1995;p0p100;120444.4;4.30414479837e+11;1.0;1.0
;US-TX;1995;p99p100;768128.31;;0.1521;0.1521
;US-TX;1995;p99.9p100;3146029.5;;0.0623;0.0623
;US-TX;1995;p99.99p100;12552973.0;;0.024900001;0.024900001
;US-TX;1995;p90p100;213722.8;;0.42320001;0.42320001
;US-TX;1995;p90p95;121389.0;;0.1202;0.1202
;US-TX;1995;p95p99;190534.09;;0.15090001;0.15090001
;US-TX;1995;p99.5p99.9;674439.63;;0.053399999;0.053399999
;US-TX;1995;p99.9p99.99;2100789.0;;0.0374;0.0374
;US-TX;1995;p99p99.5;367624.69;;0.036400001;0.036400001
;US-TX;1995;p95p100;306051.19;;0.303;0.303
;US-TX;1995;p0p90;32369.4;;0.57679999;0.57679999
;US-TX;1995;p0p99;43256.398;;0.84789997;0.84789997
;US-TX;1995;p99.5p100;1168651.3;;0.1157;0.1157
;US-TX;1994;p0p100;121393.4;4.06596999519e+11;1.0;1.0
;US-TX;1994;p99p100;696133.69;;0.1434;0.1434
;US-TX;1994;p99.9p100;2800541.3;;0.057700001;0.057700001
;US-TX;1994;p99.99p100;11309169.0;;0.0233;0.0233
;US-TX;1994;p90p100;200256.91;;0.41260001;0.41260001
;US-TX;1994;p90p95;117070.2;;0.1206;0.1206
;US-TX;1994;p95p99;180270.2;;0.1486;0.1486
;US-TX;1994;p99.5p99.9;614084.19;;0.0506;0.0506
;US-TX;1994;p99.9p99.99;1855408.9;;0.034400001;0.034400001
;US-TX;1994;p99p99.5;340992.5;;0.035100002;0.035100002
;US-TX;1994;p95p100;283441.81;;0.292;0.292
;US-TX;1994;p0p90;31678.9;;0.58740002;0.58740002
;US-TX;1994;p0p99;41996.0;;0.85659999;0.85659999
;US-TX;1994;p99.5p100;1051288.3;;0.1083;0.1083
;US-TX;1993;p0p100;125531.3;3.95521697145e+11;1.0;1.0
;US-TX;1993;p99p100;689801.81;;0.1434;0.1434
;US-TX;1993;p99.9p100;2769851.0;;0.057599999;0.057599999
;US-TX;1993;p99.99p100;11176563.0;;0.0232;0.0232
;US-TX;1993;p90p100;198318.3;;0.4122;0.4122
;US-TX;1993;p90p95;114739.3;;0.1192;0.1192
;US-TX;1993;p95p99;179936.09;;0.1496;0.1496
;US-TX;1993;p99.5p99.9;611891.13;;0.050900001;0.050900001
;US-TX;1993;p99.9p99.99;1835599.8;;0.034299999;0.034299999
;US-TX;1993;p99p99.5;336056.41;;0.034899998;0.034899998
;US-TX;1993;p95p100;281903.69;;0.2929;0.2929
;US-TX;1993;p0p90;31426.5;;0.58780003;0.58780003
;US-TX;1993;p0p99;41634.102;;0.85659999;0.85659999
;US-TX;1993;p99.5p100;1043532.9;;0.1084;0.1084
;US-TX;1992;p0p100;132525.41;3.89021968315e+11;1.0;1.0
;US-TX;1992;p99p100;726390.88;;0.15019999;0.15019999
;US-TX;1992;p99.9p100;3013370.8;;0.0623;0.0623
;US-TX;1992;p99.99p100;12417021.0;;0.025699999;0.025699999
;US-TX;1992;p90p100;201677.59;;0.41690001;0.41690001
;US-TX;1992;p90p95;115487.3;;0.1194;0.1194
;US-TX;1992;p95p99;178229.41;;0.14740001;0.14740001
;US-TX;1992;p99.5p99.9;636774.63;;0.052700002;0.052700002
;US-TX;1992;p99.9p99.99;1968659.6;;0.036600001;0.036600001
;US-TX;1992;p99p99.5;340803.09;;0.0352;0.0352
;US-TX;1992;p95p100;287861.81;;0.29750001;0.29750001
;US-TX;1992;p0p90;31340.6;;0.58310002;0.58310002
;US-TX;1992;p0p99;41526.102;;0.84979999;0.84979999
;US-TX;1992;p99.5p100;1111998.8;;0.1149;0.1149
;US-TX;1991;p0p100;137622.5;3.77406432982e+11;1.0;1.0
;US-TX;1991;p99p100;664158.31;;0.139;0.139
;US-TX;1991;p99.9p100;2581040.5;;0.054000001;0.054000001
;US-TX;1991;p99.99p100;9993686.0;;0.0209;0.0209
;US-TX;1991;p90p100;196126.91;;0.41049999;0.41049999
;US-TX;1991;p90p95;118545.6;;0.124;0.124
;US-TX;1991;p95p99;176125.91;;0.14740001;0.14740001
;US-TX;1991;p99.5p99.9;600839.13;;0.050299998;0.050299998
;US-TX;1991;p99.9p99.99;1757515.1;;0.033100002;0.033100002
;US-TX;1991;p99p99.5;331513.69;;0.034699999;0.034699999
;US-TX;1991;p95p100;273735.0;;0.28639999;0.28639999
;US-TX;1991;p0p90;31297.0;;0.58950001;0.58950001
;US-TX;1991;p0p99;41555.699;;0.861;0.861
;US-TX;1991;p99.5p100;996799.63;;0.1043;0.1043
;US-TX;1990;p0p100;151403.0;3.79662138535e+11;1.0;1.0
;US-TX;1990;p99p100;736679.81;;0.1504;0.1504
;US-TX;1990;p99.9p100;3084136.5;;0.063000001;0.063000001
;US-TX;1990;p99.99p100;12726733.0;;0.026000001;0.026000001
;US-TX;1990;p90p100;202736.2;;0.4138;0.4138
;US-TX;1990;p90p95;116632.1;;0.119;0.119
;US-TX;1990;p95p99;176886.09;;0.1444;0.1444
;US-TX;1990;p99.5p99.9;648154.38;;0.052900001;0.052900001
;US-TX;1990;p99.9p99.99;2011951.9;;0.037;0.037
;US-TX;1990;p99p99.5;338131.09;;0.034499999;0.034499999
;US-TX;1990;p95p100;288839.19;;0.29480001;0.29480001
;US-TX;1990;p0p90;31906.801;;0.5862;0.5862
;US-TX;1990;p0p99;42043.5;;0.84960002;0.84960002
;US-TX;1990;p99.5p100;1135331.5;;0.1159;0.1159
;US-TX;1989;p0p100;172311.7;3.69215986776e+11;1.0;1.0
;US-TX;1989;p99p100;741820.13;;0.14659999;0.14659999
;US-TX;1989;p99.9p100;3087254.5;;0.061000001;0.061000001
;US-TX;1989;p99.99p100;12693720.0;;0.0251;0.0251
;US-TX;1989;p90p100;204260.91;;0.40380001;0.40380001
;US-TX;1989;p90p95;117172.1;;0.1158;0.1158
;US-TX;1989;p95p99;178921.91;;0.1415;0.1415
;US-TX;1989;p99.5p99.9;649510.81;;0.051399998;0.051399998
;US-TX;1989;p99.9p99.99;2022392.8;;0.035999998;0.035999998
;US-TX;1989;p99p99.5;347784.91;;0.034400001;0.034400001
;US-TX;1989;p95p100;291375.09;;0.28799999;0.28799999
;US-TX;1989;p0p90;33494.5;;0.5959;0.5959
;US-TX;1989;p0p99;43604.898;;0.85339999;0.85339999
;US-TX;1989;p99.5p100;1136331.1;;0.1123;0.1123
;US-TX;1988;p0p100;189579.09;3.69421316503e+11;1.0;1.0
;US-TX;1988;p99p100;787488.88;;0.154;0.154
;US-TX;1988;p99.9p100;3448568.3;;0.067400001;0.067400001
;US-TX;1988;p99.99p100;14489065.0;;0.0283;0.0283
;US-TX;1988;p90p100;206938.0;;0.40459999;0.40459999
;US-TX;1988;p90p95;115685.6;;0.1131;0.1131
;US-TX;1988;p95p99;175766.59;;0.1375;0.1375
;US-TX;1988;p99.5p99.9;672867.0;;0.0526;0.0526
;US-TX;1988;p99.9p99.99;2220598.3;;0.039099999;0.039099999
;US-TX;1988;p99p99.5;346339.69;;0.0339;0.0339
;US-TX;1988;p95p100;298177.0;;0.2915;0.2915
;US-TX;1988;p0p90;33847.102;;0.59560001;0.59560001
;US-TX;1988;p0p99;43710.199;;0.84600002;0.84600002
;US-TX;1988;p99.5p100;1228386.3;;0.1201;0.1201
;US-TX;1987;p0p100;191540.41;3.52234158528e+11;1.0;1.0
;US-TX;1987;p99p100;601251.19;;0.125;0.125
;US-TX;1987;p99.9p100;2293819.0;;0.047699999;0.047699999
;US-TX;1987;p99.99p100;8808111.0;;0.018300001;0.018300001
;US-TX;1987;p90p100;184175.2;;0.38299999;0.38299999
;US-TX;1987;p90p95;113784.0;;0.1183;0.1183
;US-TX;1987;p95p99;167509.7;;0.1393;0.1393
;US-TX;1987;p99.5p99.9;541508.69;;0.045000002;0.045000002
;US-TX;1987;p99.9p99.99;1564787.3;;0.029300001;0.029300001
;US-TX;1987;p99p99.5;308000.91;;0.032000002;0.032000002
;US-TX;1987;p95p100;254521.41;;0.2647;0.2647
;US-TX;1987;p0p90;32998.398;;0.61760002;0.61760002
;US-TX;1987;p0p99;42495.801;;0.875;0.875
;US-TX;1987;p99.5p100;893513.31;;0.092900001;0.092900001
;US-TX;1986;p0p100;225494.5;3.77715155012e+11;1.0;1.0
;US-TX;1986;p99p100;833544.88;;0.1574;0.1574
;US-TX;1986;p99.9p100;3872645.0;;0.073100001;0.073100001
;US-TX;1986;p99.99p100;17500758.0;;0.033;0.033
;US-TX;1986;p90p100;212852.41;;0.40189999;0.40189999
;US-TX;1986;p90p95;116773.8;;0.1102;0.1102
;US-TX;1986;p95p99;177758.59;;0.13420001;0.13420001
;US-TX;1986;p99.5p99.9;684025.69;;0.0517;0.0517
;US-TX;1986;p99.9p99.99;2358064.8;;0.040100001;0.040100001
;US-TX;1986;p99p99.5;345213.31;;0.032600001;0.032600001
;US-TX;1986;p95p100;308928.09;;0.29159999;0.29159999
;US-TX;1986;p0p90;35204.102;;0.59820002;0.59820002
;US-TX;1986;p0p99;45082.602;;0.84259999;0.84259999
;US-TX;1986;p99.5p100;1321825.5;;0.1248;0.1248
;US-TX;1985;p0p100;229414.8;3.61984521554e+11;1.0;1.0
;US-TX;1985;p99p100;715073.81;;0.1375;0.1375
;US-TX;1985;p99.9p100;3146474.5;;0.0605;0.0605
;US-TX;1985;p99.99p100;13952507.0;;0.026799999;0.026799999
;US-TX;1985;p90p100;201739.91;;0.38800001;0.38800001
;US-TX;1985;p90p95;118867.0;;0.1143;0.1143
;US-TX;1985;p95p99;178768.2;;0.1375;0.1375
;US-TX;1985;p99.5p99.9;602880.13;;0.046399999;0.046399999
;US-TX;1985;p99.9p99.99;1997645.6;;0.034600001;0.034600001
;US-TX;1985;p99p99.5;332895.59;;0.032000002;0.032000002
;US-TX;1985;p95p100;284849.5;;0.27399999;0.27399999
;US-TX;1985;p0p90;35139.199;;0.60829997;0.60829997
;US-TX;1985;p0p99;45290.699;;0.86250001;0.86250001
;US-TX;1985;p99.5p100;1102436.9;;0.106;0.106
;US-TX;1984;p0p100;236441.0;3.45229867859e+11;1.0;1.0
;US-TX;1984;p99p100;707192.81;;0.14120001;0.14120001
;US-TX;1984;p99.9p100;3191155.0;;0.063699998;0.063699998
;US-TX;1984;p99.99p100;15146743.0;;0.030200001;0.030200001
;US-TX;1984;p90p100;198537.2;;0.3964;0.3964
;US-TX;1984;p90p95;116492.5;;0.1163;0.1163
;US-TX;1984;p95p99;176269.3;;0.1408;0.1408
;US-TX;1984;p99.5p99.9;588904.88;;0.046999998;0.046999998
;US-TX;1984;p99.9p99.99;1960300.6;;0.0352;0.0352
;US-TX;1984;p99p99.5;328592.09;;0.0328;0.0328
;US-TX;1984;p95p100;280700.09;;0.2802;0.2802
;US-TX;1984;p0p90;33255.5;;0.59759998;0.59759998
;US-TX;1984;p0p99;43445.398;;0.85879999;0.85879999
;US-TX;1984;p99.5p100;1093852.3;;0.1092;0.1092
;US-TX;1983;p0p100;277302.91;3.31607363861e+11;1.0;1.0
;US-TX;1983;p99p100;627757.88;;0.1207;0.1207
;US-TX;1983;p99.9p100;2621354.0;;0.0504;0.0504
;US-TX;1983;p99.99p100;11734266.0;;0.022600001;0.022600001
;US-TX;1983;p90p100;189669.41;;0.36480001;0.36480001
;US-TX;1983;p90p95;116856.1;;0.1124;0.1124
;US-TX;1983;p95p99;171632.59;;0.1321;0.1321
;US-TX;1983;p99.5p99.9;539926.13;;0.041499998;0.041499998
;US-TX;1983;p99.9p99.99;1646958.0;;0.0285;0.0285
;US-TX;1983;p99p99.5;311224.69;;0.029899999;0.029899999
;US-TX;1983;p95p100;262111.8;;0.25209999;0.25209999
;US-TX;1983;p0p90;36567.199;;0.63300002;0.63300002
;US-TX;1983;p0p99;46174.199;;0.8793;0.8793
;US-TX;1983;p99.5p100;948374.5;;0.091200002;0.091200002
;US-TX;1982;p0p100;285603.91;3.27553058052e+11;1.0;1.0
;US-TX;1982;p99p100;568655.5;;0.1107;0.1107
;US-TX;1982;p99.9p100;2199536.0;;0.042800002;0.042800002
;US-TX;1982;p99.99p100;9132544.0;;0.0178;0.0178
;US-TX;1982;p90p100;180208.0;;0.35089999;0.35089999
;US-TX;1982;p90p95;115646.2;;0.1126;0.1126
;US-TX;1982;p95p99;164178.8;;0.1279;0.1279
;US-TX;1982;p99.5p99.9;498987.69;;0.038899999;0.038899999
;US-TX;1982;p99.9p99.99;1429201.8;;0.025;0.025
;US-TX;1982;p99p99.5;298213.69;;0.028999999;0.028999999
;US-TX;1982;p95p100;244520.7;;0.23810001;0.23810001
;US-TX;1982;p0p90;37020.5;;0.64880002;0.64880002
;US-TX;1982;p0p99;46129.199;;0.88929999;0.88929999
;US-TX;1982;p99.5p100;839097.31;;0.081699997;0.081699997
;US-TX;1981;p0p100;336689.5;3.18740720072e+11;1.0;1.0
;US-TX;1981;p99p100;651401.31;;0.121;0.121
;US-TX;1981;p99.9p100;2709912.8;;0.050299998;0.050299998
;US-TX;1981;p99.99p100;12135357.0;;0.022500001;0.022500001
;US-TX;1981;p90p100;193628.41;;0.35960001;0.35960001
;US-TX;1981;p90p95;118830.2;;0.1103;0.1103
;US-TX;1981;p95p99;172509.7;;0.12819999;0.12819999
;US-TX;1981;p99.5p99.9;566988.63;;0.042100001;0.042100001
;US-TX;1981;p99.9p99.99;1665416.0;;0.027799999;0.027799999
;US-TX;1981;p99p99.5;309990.19;;0.0288;0.0288
;US-TX;1981;p95p100;267953.31;;0.24879999;0.24879999
;US-TX;1981;p0p90;38303.602;;0.64020002;0.64020002
;US-TX;1981;p0p99;47809.5;;0.87900001;0.87900001
;US-TX;1981;p99.5p100;993544.69;;0.092299998;0.092299998
;US-TX;1980;p0p100;389380.0;2.9947790681e+11;1.0;1.0
;US-TX;1980;p99p100;619759.69;;0.1194;0.1194
;US-TX;1980;p99.9p100;2453438.0;;0.0473;0.0473
;US-TX;1980;p99.99p100;10233368.0;;0.0197;0.0197
;US-TX;1980;p90p100;186180.2;;0.35859999;0.35859999
;US-TX;1980;p90p95;113656.8;;0.1095;0.1095
;US-TX;1980;p95p99;168729.3;;0.13;0.13
;US-TX;1980;p99.5p99.9;537732.88;;0.0414;0.0414
;US-TX;1980;p99.9p99.99;1590088.8;;0.0276;0.0276
;US-TX;1980;p99p99.5;319483.41;;0.0308;0.0308
;US-TX;1980;p95p100;258826.8;;0.2493;0.2493
;US-TX;1980;p0p90;36979.699;;0.64109999;0.64109999
;US-TX;1980;p0p99;46180.801;;0.88059998;0.88059998
;US-TX;1980;p99.5p100;920123.63;;0.088600002;0.088600002
;US-TX;1979;p0p100;477108.31;2.85503970952e+11;1.0;1.0
;US-TX;1979;p99p100;612380.5;;0.1188;0.1188
;US-TX;1979;p99.9p100;2484933.0;;0.0482;0.0482
;US-TX;1979;p99.99p100;11882685.0;;0.0231;0.0231
;US-TX;1979;p90p100;183614.41;;0.3563;0.3563
;US-TX;1979;p90p95;111381.3;;0.1081;0.1081
;US-TX;1979;p95p99;167068.09;;0.12970001;0.12970001
;US-TX;1979;p99.5p99.9;525249.5;;0.040800001;0.040800001
;US-TX;1979;p99.9p99.99;1442148.8;;0.0252;0.0252
;US-TX;1979;p99p99.5;307376.69;;0.0298;0.0298
;US-TX;1979;p95p100;256172.2;;0.2485;0.2485
;US-TX;1979;p0p90;36844.5;;0.64340001;0.64340001
;US-TX;1979;p0p99;45870.801;;0.88120002;0.88120002
;US-TX;1979;p99.5p100;916676.69;;0.0889;0.0889
;US-TX;1978;p0p100;538461.81;2.63593766437e+11;1.0;1.0
;US-TX;1978;p99p100;498435.19;;0.1029;0.1029
;US-TX;1978;p99.9p100;1648230.8;;0.034000002;0.034000002
;US-TX;1978;p99.99p100;5870863.5;;0.0121;0.0121
;US-TX;1978;p90p100;167174.91;;0.34509999;0.34509999
;US-TX;1978;p90p95;108524.6;;0.112;0.112
;US-TX;1978;p95p99;157722.5;;0.1302;0.1302
;US-TX;1978;p99.5p99.9;475237.31;;0.0392;0.0392
;US-TX;1978;p99.9p99.99;1179603.6;;0.0219;0.0219
;US-TX;1978;p99p99.5;287206.09;;0.0296;0.0296
;US-TX;1978;p95p100;226066.5;;0.2334;0.2334
;US-TX;1978;p0p90;35242.602;;0.6548;0.6548
;US-TX;1978;p0p99;43893.801;;0.89709997;0.89709997
;US-TX;1978;p99.5p100;709465.81;;0.073200002;0.073200002
;US-TX;1977;p0p100;596850.63;2.45116285977e+11;1.0;1.0
;US-TX;1977;p99p100;496680.19;;0.1071;0.1071
;US-TX;1977;p99.9p100;1757209.6;;0.037900001;0.037900001
;US-TX;1977;p99.99p100;6816893.0;;0.0147;0.0147
;US-TX;1977;p90p100;164059.41;;0.35370001;0.35370001
;US-TX;1977;p90p95;105013.8;;0.1132;0.1132
;US-TX;1977;p95p99;154731.59;;0.13339999;0.13339999
;US-TX;1977;p99.5p99.9;459740.81;;0.0396;0.0396
;US-TX;1977;p99.9p99.99;1196166.3;;0.0232;0.0232
;US-TX;1977;p99p99.5;274384.31;;0.0296;0.0296
;US-TX;1977;p95p100;223082.59;;0.2405;0.2405
;US-TX;1977;p0p90;33304.199;;0.6462;0.6462
;US-TX;1977;p0p99;41834.398;;0.89289999;0.89289999
;US-TX;1977;p99.5p100;718766.19;;0.077500001;0.077500001
;US-TX;1976;p0p100;665564.63;2.34163607829e+11;1.0;1.0
;US-TX;1976;p99p100;487596.0;;0.1069;0.1069
;US-TX;1976;p99.9p100;1774617.4;;0.038899999;0.038899999
;US-TX;1976;p99.99p100;7509095.0;;0.0165;0.0165
;US-TX;1976;p90p100;159233.7;;0.34920001;0.34920001
;US-TX;1976;p90p95;101835.2;;0.1117;0.1117
;US-TX;1976;p95p99;148833.59;;0.13060001;0.13060001
;US-TX;1976;p99.5p99.9;445222.09;;0.039099999;0.039099999
;US-TX;1976;p99.9p99.99;1136834.1;;0.022399999;0.022399999
;US-TX;1976;p99p99.5;265023.91;;0.029100001;0.029100001
;US-TX;1976;p95p100;216590.5;;0.2375;0.2375
;US-TX;1976;p0p90;32971.602;;0.65079999;0.65079999
;US-TX;1976;p0p99;41135.0;;0.89310002;0.89310002
;US-TX;1976;p99.5p100;710297.63;;0.0779;0.0779
;US-TX;1975;p0p100;705542.63;2.15780405467e+11;1.0;1.0
;US-TX;1975;p99p100;449885.19;;0.1041;0.1041
;US-TX;1975;p99.9p100;1497351.1;;0.034600001;0.034600001
;US-TX;1975;p99.99p100;5462293.0;;0.0126;0.0126
;US-TX;1975;p90p100;150978.7;;0.34940001;0.34940001
;US-TX;1975;p90p95;97326.898;;0.1126;0.1126
;US-TX;1975;p95p99;143234.91;;0.13259999;0.13259999
;US-TX;1975;p99.5p99.9;426992.09;;0.039500002;0.039500002
;US-TX;1975;p99.9p99.99;1056197.4;;0.022;0.022
;US-TX;1975;p99p99.5;259580.7;;0.029999999;0.029999999
;US-TX;1975;p95p100;204574.41;;0.2367;0.2367
;US-TX;1975;p0p90;31240.699;;0.65060002;0.65060002
;US-TX;1975;p0p99;39107.199;;0.89590001;0.89590001
;US-TX;1975;p99.5p100;640478.69;;0.074100003;0.074100003
;US-TX;1974;p0p100;848956.5;2.11933828244e+11;1.0;1.0
;US-TX;1974;p99p100;449429.91;;0.1029;0.1029
;US-TX;1974;p99.9p100;1438315.4;;0.032900002;0.032900002
;US-TX;1974;p99.99p100;4944554.0;;0.0113;0.0113
;US-TX;1974;p90p100;153271.41;;0.35100001;0.35100001
;US-TX;1974;p90p95;98748.203;;0.1131;0.1131
;US-TX;1974;p95p99;147822.41;;0.1354;0.1354
;US-TX;1974;p99.5p99.9;435560.91;;0.039900001;0.039900001
;US-TX;1974;p99.9p99.99;1055635.5;;0.0218;0.0218
;US-TX;1974;p99p99.5;265830.19;;0.030400001;0.030400001
;US-TX;1974;p95p100;207768.0;;0.2379;0.2379
;US-TX;1974;p0p90;31442.301;;0.64810002;0.64810002
;US-TX;1974;p0p99;39565.602;;0.89709997;0.89709997
;US-TX;1974;p99.5p100;634233.5;;0.0726;0.0726
;US-TX;1973;p0p100;1042648.6;2.05384654892e+11;1.0;1.0
;US-TX;1973;p99p100;480469.81;;0.1105;0.1105
;US-TX;1973;p99.9p100;1632062.9;;0.037500001;0.037500001
;US-TX;1973;p99.99p100;6252252.5;;0.0144;0.0144
;US-TX;1973;p90p100;155173.0;;0.35679999;0.35679999
;US-TX;1973;p90p95;97361.703;;0.1119;0.1119
;US-TX;1973;p95p99;146096.09;;0.1344;0.1344
;US-TX;1973;p99.5p99.9;448419.09;;0.041200001;0.041200001
;US-TX;1973;p99.9p99.99;1119259.8;;0.0232;0.0232
;US-TX;1973;p99p99.5;276341.41;;0.031800002;0.031800002
;US-TX;1973;p95p100;212963.09;;0.2448;0.2448
;US-TX;1973;p0p90;31084.699;;0.64319998;0.64319998
;US-TX;1973;p0p99;39082.301;;0.88950002;0.88950002
;US-TX;1973;p99.5p100;685162.5;;0.0788;0.0788
;US-TX;1972;p0p100;1137790.9;1.93186374011e+11;1.0;1.0
;US-TX;1972;p99p100;485236.91;;0.1153;0.1153
;US-TX;1972;p99.9p100;1752235.3;;0.041700002;0.041700002
;US-TX;1972;p99.99p100;7929688.5;;0.0188;0.0188
;US-TX;1972;p90p100;151175.5;;0.3594;0.3594
;US-TX;1972;p90p95;93268.898;;0.1109;0.1109
;US-TX;1972;p95p99;140019.09;;0.1331;0.1331
;US-TX;1972;p99.5p99.9;446375.0;;0.042399999;0.042399999
;US-TX;1972;p99.9p99.99;1066187.6;;0.0228;0.0228
;US-TX;1972;p99p99.5;263263.31;;0.031300001;0.031300001
;US-TX;1972;p95p100;209058.91;;0.2485;0.2485
;US-TX;1972;p0p90;29944.9;;0.64060003;0.64060003
;US-TX;1972;p0p99;37592.5;;0.8847;0.8847
;US-TX;1972;p99.5p100;707210.63;;0.084100001;0.084100001
;US-TX;1971;p0p100;1165267.9;1.80434343459e+11;1.0;1.0
;US-TX;1971;p99p100;443365.19;;0.1096;0.1096
;US-TX;1971;p99.9p100;1628281.8;;0.0403;0.0403
;US-TX;1971;p99.99p100;7531661.0;;0.0186;0.0186
;US-TX;1971;p90p100;142510.5;;0.35229999;0.35229999
;US-TX;1971;p90p95;90039.797;;0.1113;0.1113
;US-TX;1971;p95p99;132834.2;;0.1314;0.1314
;US-TX;1971;p99.5p99.9;396828.59;;0.0392;0.0392
;US-TX;1971;p99.9p99.99;971770.0;;0.021600001;0.021600001
;US-TX;1971;p99p99.5;244162.5;;0.030200001;0.030200001
;US-TX;1971;p95p100;194948.0;;0.241;0.241
;US-TX;1971;p0p90;29106.0;;0.64770001;0.64770001
;US-TX;1971;p0p99;36376.801;;0.89039999;0.89039999
;US-TX;1971;p99.5p100;642706.88;;0.079499997;0.079499997
;US-TX;1970;p0p100;1269344.5;1.7491894372e+11;1.0;1.0
;US-TX;1970;p99p100;401776.59;;0.099399999;0.099399999
;US-TX;1970;p99.9p100;1365924.1;;0.033799998;0.033799998
;US-TX;1970;p99.99p100;5591237.5;;0.0138;0.0138
;US-TX;1970;p90p100;137619.2;;0.34029999;0.34029999
;US-TX;1970;p90p95;90324.797;;0.1117;0.1117
;US-TX;1970;p95p99;130651.9;;0.1292;0.1292
;US-TX;1970;p99.5p99.9;373965.5;;0.037;0.037
;US-TX;1970;p99.9p99.99;897074.69;;0.02;0.02
;US-TX;1970;p99p99.5;231562.0;;0.0286;0.0286
;US-TX;1970;p95p100;184892.5;;0.2286;0.2286
;US-TX;1970;p0p90;29639.5;;0.65969998;0.65969998
;US-TX;1970;p0p99;36788.102;;0.90060002;0.90060002
;US-TX;1970;p99.5p100;572117.5;;0.070699997;0.070699997
;US-TX;1969;p0p100;1407131.0;1.70522015117e+11;1.0;1.0
;US-TX;1969;p99p100;445981.0;;0.1112;0.1112
;US-TX;1969;p99.9p100;1665550.8;;0.041499998;0.041499998
;US-TX;1969;p99.99p100;7184905.5;;0.017899999;0.017899999
;US-TX;1969;p90p100;141303.5;;0.35229999;0.35229999
;US-TX;1969;p90p95;89682.797;;0.1118;0.1118
;US-TX;1969;p95p99;129638.5;;0.1293;0.1293
;US-TX;1969;p99.5p99.9;396721.09;;0.0396;0.0396
;US-TX;1969;p99.9p99.99;1051926.8;;0.023600001;0.023600001
;US-TX;1969;p99p99.5;241500.2;;0.030099999;0.030099999
;US-TX;1969;p95p100;192921.3;;0.2405;0.2405
;US-TX;1969;p0p90;28863.4;;0.64770001;0.64770001
;US-TX;1969;p0p99;36006.602;;0.88880002;0.88880002
;US-TX;1969;p99.5p100;650410.69;;0.081100002;0.081100002
;US-TX;1968;p0p100;1541874.1;1.65439912319e+11;1.0;1.0
;US-TX;1968;p99p100;478973.19;;0.1212;0.1212
;US-TX;1968;p99.9p100;1814753.1;;0.045899998;0.045899998
;US-TX;1968;p99.99p100;7875883.5;;0.0199;0.0199
;US-TX;1968;p90p100;144636.59;;0.366;0.366
;US-TX;1968;p90p95;87535.898;;0.1108;0.1108
;US-TX;1968;p95p99;132444.0;;0.13410001;0.13410001
;US-TX;1968;p99.5p99.9;427844.19;;0.043299999;0.043299999
;US-TX;1968;p99.9p99.99;1139241.8;;0.025900001;0.025900001
;US-TX;1968;p99p99.5;252693.91;;0.032000002;0.032000002
;US-TX;1968;p95p100;201745.3;;0.25529999;0.25529999
;US-TX;1968;p0p90;27835.5;;0.634;0.634
;US-TX;1968;p0p99;35075.301;;0.87879997;0.87879997
;US-TX;1968;p99.5p100;705299.88;;0.089199997;0.089199997
;US-TX;1967;p0p100;1587012.5;1.54424433445e+11;1.0;1.0
;US-TX;1967;p99p100;426131.5;;0.1137;0.1137
;US-TX;1967;p99.9p100;1557925.3;;0.0416;0.0416
;US-TX;1967;p99.99p100;6624269.0;;0.0177;0.0177
;US-TX;1967;p90p100;134674.59;;0.35949999;0.35949999
;US-TX;1967;p90p95;82269.297;;0.1098;0.1098
;US-TX;1967;p95p99;127287.6;;0.13590001;0.13590001
;US-TX;1967;p99.5p99.9;387635.31;;0.0414;0.0414
;US-TX;1967;p99.9p99.99;994514.88;;0.0239;0.0239
;US-TX;1967;p99p99.5;230549.5;;0.0308;0.0308
;US-TX;1967;p95p100;187059.7;;0.24959999;0.24959999
;US-TX;1967;p0p90;26665.301;;0.64060003;0.64060003
;US-TX;1967;p0p99;33538.602;;0.88630003;0.88630003
;US-TX;1967;p99.5p100;621676.81;;0.082999997;0.082999997
;US-TX;1966;p0p100;1596503.3;1.43781652595e+11;1.0;1.0
;US-TX;1966;p99p100;382962.81;;0.108;0.108
;US-TX;1966;p99.9p100;1323528.0;;0.037300002;0.037300002
;US-TX;1966;p99.99p100;5315455.5;;0.015;0.015
;US-TX;1966;p90p100;128850.4;;0.3633;0.3633
;US-TX;1966;p90p95;83556.602;;0.1178;0.1178
;US-TX;1966;p95p99;122007.2;;0.1376;0.1376
;US-TX;1966;p99.5p99.9;356518.31;;0.040199999;0.040199999
;US-TX;1966;p99.9p99.99;879838.69;;0.022299999;0.022299999
;US-TX;1966;p99p99.5;216255.0;;0.0305;0.0305
;US-TX;1966;p95p100;174194.7;;0.2456;0.2456
;US-TX;1966;p0p90;25085.199;;0.63660002;0.63660002
;US-TX;1966;p0p99;31955.5;;0.89200002;0.89200002
;US-TX;1966;p99.5p100;549747.0;;0.077500001;0.077500001
;US-TX;1965;p0p100;1616401.6;1.35241511952e+11;1.0;1.0
;US-TX;1965;p99p100;381139.41;;0.1123;0.1123
;US-TX;1965;p99.9p100;1334689.1;;0.039299998;0.039299998
;US-TX;1965;p99.99p100;5459265.5;;0.016100001;0.016100001
;US-TX;1965;p90p100;123039.2;;0.36250001;0.36250001
;US-TX;1965;p90p95;78618.5;;0.1158;0.1158
;US-TX;1965;p95p99;114036.7;;0.1344;0.1344
;US-TX;1965;p99.5p99.9;347627.19;;0.041000001;0.041000001
;US-TX;1965;p99.9p99.99;876429.13;;0.0232;0.0232
;US-TX;1965;p99p99.5;217327.91;;0.032000002;0.032000002
;US-TX;1965;p95p100;167457.5;;0.2467;0.2467
;US-TX;1965;p0p90;24040.199;;0.63749999;0.63749999
;US-TX;1965;p0p99;30433.4;;0.88770002;0.88770002
;US-TX;1965;p99.5p100;544971.13;;0.080300003;0.080300003
;US-TX;1964;p0p100;1608492.5;1.27981742779e+11;1.0;1.0
;US-TX;1964;p99p100;364578.31;;0.1115;0.1115
;US-TX;1964;p99.9p100;1224564.5;;0.0374;0.0374
;US-TX;1964;p99.99p100;4913958.0;;0.015;0.015
;US-TX;1964;p90p100;118795.9;;0.36320001;0.36320001
;US-TX;1964;p90p95;75622.797;;0.1156;0.1156
;US-TX;1964;p95p99;111306.9;;0.13609999;0.13609999
;US-TX;1964;p99.5p99.9;338108.19;;0.041299999;0.041299999
;US-TX;1964;p99.9p99.99;814725.5;;0.022399999;0.022399999
;US-TX;1964;p99p99.5;213824.3;;0.032699998;0.032699998
;US-TX;1964;p95p100;161967.41;;0.2476;0.2476
;US-TX;1964;p0p90;23145.6;;0.63679999;0.63679999
;US-TX;1964;p0p99;29358.5;;0.88849998;0.88849998
;US-TX;1964;p99.5p100;515355.91;;0.0788;0.0788
;US-TX;1963;p0p100;1577297.1;1.19897064243e+11;1.0;1.0
;US-TX;1963;p99p100;331122.09;;0.1059;0.1059
;US-TX;1963;p99.9p100;1109247.6;;0.035500001;0.035500001
;US-TX;1963;p99.99p100;4324371.0;;0.0138;0.0138
;US-TX;1963;p90p100;110905.7;;0.3549;0.3549
;US-TX;1963;p90p95;71552.898;;0.1145;0.1145
;US-TX;1963;p95p99;105042.5;;0.1344;0.1344
;US-TX;1963;p99.5p99.9;312222.5;;0.039999999;0.039999999
;US-TX;1963;p99.9p99.99;751570.88;;0.021600001;0.021600001
;US-TX;1963;p99p99.5;190766.59;;0.0305;0.0305
;US-TX;1963;p95p100;150258.5;;0.2404;0.2404
;US-TX;1963;p0p90;22403.199;;0.6451;0.6451
;US-TX;1963;p0p99;28224.9;;0.89410001;0.89410001
;US-TX;1963;p99.5p100;471479.5;;0.075400002;0.075400002
;US-TX;1962;p0p100;1592925.3;1.15577611594e+11;1.0;1.0
;US-TX;1962;p99p100;323325.81;;0.1052;0.1052
;US-TX;1962;p99.9p100;1100211.4;;0.035799999;0.035799999
;US-TX;1962;p99.99p100;4276399.5;;0.0139;0.0139
;US-TX;1962;p90p100;108132.9;;0.35170001;0.35170001
;US-TX;1962;p90p95;69233.0;;0.1126;0.1126
;US-TX;1962;p95p99;102959.3;;0.134;0.134
;US-TX;1962;p99.5p99.9;308670.5;;0.040199999;0.040199999
;US-TX;1962;p99.9p99.99;746593.31;;0.0219;0.0219
;US-TX;1962;p99p99.5;179879.2;;0.029300001;0.029300001
;US-TX;1962;p95p100;147032.59;;0.23909999;0.23909999
;US-TX;1962;p0p90;22144.5;;0.64829999;0.64829999
;US-TX;1962;p0p99;27788.301;;0.89480001;0.89480001
;US-TX;1962;p99.5p100;466776.31;;0.075900003;0.075900003
;US-TX;1961;p0p100;1627108.8;1.13290047961e+11;1.0;1.0
;US-TX;1961;p99p100;333184.81;;0.1082;0.1082
;US-TX;1961;p99.9p100;1103556.3;;0.035799999;0.035799999
;US-TX;1961;p99.99p100;4000170.0;;0.013;0.013
;US-TX;1961;p90p100;108578.4;;0.3527;0.3527
;US-TX;1961;p90p95;68265.5;;0.1109;0.1109
;US-TX;1961;p95p99;102818.4;;0.1336;0.1336
;US-TX;1961;p99.5p99.9;324420.0;;0.042199999;0.042199999
;US-TX;1961;p99.9p99.99;781838.69;;0.0229;0.0229
;US-TX;1961;p99p99.5;186082.2;;0.030200001;0.030200001
;US-TX;1961;p95p100;148891.3;;0.2418;0.2418
;US-TX;1961;p0p90;22138.699;;0.6473;0.6473
;US-TX;1961;p0p99;27728.1;;0.89179999;0.89179999
;US-TX;1961;p99.5p100;480287.09;;0.078000002;0.078000002
;US-TX;1960;p0p100;1605441.3;1.07112495351e+11;1.0;1.0
;US-TX;1960;p99p100;314915.41;;0.1058;0.1058
;US-TX;1960;p99.9p100;1011261.0;;0.034000002;0.034000002
;US-TX;1960;p99.99p100;3476996.5;;0.0117;0.0117
;US-TX;1960;p90p100;102965.8;;0.3459;0.3459
;US-TX;1960;p90p95;65272.602;;0.1096;0.1096
;US-TX;1960;p95p99;97095.102;;0.1305;0.1305
;US-TX;1960;p99.5p99.9;313615.59;;0.042100001;0.042100001
;US-TX;1960;p99.9p99.99;737746.0;;0.022299999;0.022299999
;US-TX;1960;p99p99.5;176589.8;;0.0297;0.0297
;US-TX;1960;p95p100;140659.3;;0.23630001;0.23630001
;US-TX;1960;p0p90;21633.1;;0.6541;0.6541
;US-TX;1960;p0p99;26886.0;;0.89420003;0.89420003
;US-TX;1960;p99.5p100;453243.31;;0.076099999;0.076099999
;US-TX;1959;p0p100;1682093.8;1.07382267691e+11;1.0;1.0
;US-TX;1959;p99p100;323236.31;;0.1072;0.1072
;US-TX;1959;p99.9p100;1031441.6;;0.034200002;0.034200002
;US-TX;1959;p99.99p100;3510573.0;;0.0116;0.0116
;US-TX;1959;p90p100;104439.9;;0.34650001;0.34650001
;US-TX;1959;p90p95;64819.699;;0.1075;0.1075
;US-TX;1959;p95p99;99266.602;;0.13169999;0.13169999
;US-TX;1959;p99.5p99.9;324794.31;;0.043099999;0.043099999
;US-TX;1959;p99.9p99.99;756050.69;;0.022600001;0.022600001
;US-TX;1959;p99p99.5;180328.5;;0.029899999;0.029899999
;US-TX;1959;p95p100;144060.09;;0.23899999;0.23899999
;US-TX;1959;p0p90;21887.5;;0.65350002;0.65350002
;US-TX;1959;p0p99;27182.199;;0.89279997;0.89279997
;US-TX;1959;p99.5p100;466145.09;;0.077299997;0.077299997
;US-TX;1958;p0p100;1621252.9;1.00948419618e+11;1.0;1.0
;US-TX;1958;p99p100;299869.41;;0.1046;0.1046
;US-TX;1958;p99.9p100;988959.63;;0.034499999;0.034499999
;US-TX;1958;p99.99p100;3550394.8;;0.0124;0.0124
;US-TX;1958;p90p100;98943.102;;0.34529999;0.34529999
;US-TX;1958;p90p95;62047.801;;0.1083;0.1083
;US-TX;1958;p95p99;94830.398;;0.13240001;0.13240001
;US-TX;1958;p99.5p99.9;286416.0;;0.039999999;0.039999999
;US-TX;1958;p99.9p99.99;703924.81;;0.0221;0.0221
;US-TX;1958;p99p99.5;172976.3;;0.030200001;0.030200001
;US-TX;1958;p95p100;135838.09;;0.237;0.237
;US-TX;1958;p0p90;20844.199;;0.65469998;0.65469998
;US-TX;1958;p0p99;25915.0;;0.89539999;0.89539999
;US-TX;1958;p99.5p100;426762.5;;0.074500002;0.074500002
;US-TX;1957;p0p100;1740334.0;1.0152177942e+11;1.0;1.0
;US-TX;1957;p99p100;312443.19;;0.1072;0.1072
;US-TX;1957;p99.9p100;1009618.9;;0.034600001;0.034600001
;US-TX;1957;p99.99p100;3673029.0;;0.0126;0.0126
;US-TX;1957;p90p100;100086.3;;0.3434;0.3434
;US-TX;1957;p90p95;62760.102;;0.1077;0.1077
;US-TX;1957;p95p99;93654.5;;0.1285;0.1285
;US-TX;1957;p99.5p99.9;304113.69;;0.041700002;0.041700002
;US-TX;1957;p99.9p99.99;713221.13;;0.022;0.022
;US-TX;1957;p99p99.5;179748.8;;0.0308;0.0308
;US-TX;1957;p95p100;137412.41;;0.2357;0.2357
;US-TX;1957;p0p90;21264.9;;0.6566;0.6566
;US-TX;1957;p0p99;26285.5;;0.89279997;0.89279997
;US-TX;1957;p99.5p100;445137.69;;0.076399997;0.076399997
;US-TX;1956;p0p100;1850878.8;99371852692.0;1.0;1.0
;US-TX;1956;p99p100;317343.69;;0.1098;0.1098
;US-TX;1956;p99.9p100;1082851.9;;0.037500001;0.037500001
;US-TX;1956;p99.99p100;3867260.3;;0.0134;0.0134
;US-TX;1956;p90p100;98765.5;;0.34169999;0.34169999
;US-TX;1956;p90p95;60157.398;;0.1041;0.1041
;US-TX;1956;p95p99;92324.602;;0.1278;0.1278
;US-TX;1956;p99.5p99.9;304488.31;;0.042100001;0.042100001
;US-TX;1956;p99.9p99.99;773132.0;;0.0241;0.0241
;US-TX;1956;p99p99.5;174716.09;;0.030200001;0.030200001
;US-TX;1956;p95p100;137328.41;;0.2376;0.2376
;US-TX;1956;p0p90;21141.6;;0.65829998;0.65829998
;US-TX;1956;p0p99;25988.801;;0.89020002;0.89020002
;US-TX;1956;p99.5p100;459971.59;;0.079599999;0.079599999
;US-TX;1955;p0p100;1864412.9;95926153880.0;1.0;1.0
;US-TX;1955;p99p100;339569.5;;0.1202;0.1202
;US-TX;1955;p99.9p100;1243420.8;;0.044;0.044
;US-TX;1955;p99.99p100;5169555.5;;0.018300001;0.018300001
;US-TX;1955;p90p100;98267.0;;0.3477;0.3477
;US-TX;1955;p90p95;57095.699;;0.101;0.101
;US-TX;1955;p95p99;89110.5;;0.1261;0.1261
;US-TX;1955;p99.5p99.9;315071.59;;0.044599999;0.044599999
;US-TX;1955;p99.9p99.99;807077.88;;0.025699999;0.025699999
;US-TX;1955;p99p99.5;178394.7;;0.031599998;0.031599998
;US-TX;1955;p95p100;139211.59;;0.2463;0.2463
;US-TX;1955;p0p90;20496.5;;0.65270001;0.65270001
;US-TX;1955;p0p99;25117.1;;0.87980002;0.87980002
;US-TX;1955;p99.5p100;500744.09;;0.088600002;0.088600002
;US-TX;1954;p0p100;1747357.6;89407083524.0;1.0;1.0
;US-TX;1954;p99p100;322281.19;;0.1208;0.1208
;US-TX;1954;p99.9p100;1104264.5;;0.0414;0.0414
;US-TX;1954;p99.99p100;4139131.5;;0.0155;0.0155
;US-TX;1954;p90p100;95817.797;;0.35910001;0.35910001
;US-TX;1954;p90p95;56208.301;;0.1053;0.1053
;US-TX;1954;p95p99;88327.703;;0.13240001;0.13240001
;US-TX;1954;p99.5p99.9;306881.31;;0.046;0.046
;US-TX;1954;p99.9p99.99;767036.81;;0.025900001;0.025900001
;US-TX;1954;p99p99.5;178203.5;;0.033399999;0.033399999
;US-TX;1954;p95p100;135136.5;;0.25319999;0.25319999
;US-TX;1954;p0p90;19021.699;;0.6415;0.6415
;US-TX;1954;p0p99;23700.0;;0.87919998;0.87919998
;US-TX;1954;p99.5p100;466358.69;;0.087399997;0.087399997
;US-TX;1953;p0p100;1742414.1;87118075145.0;1.0;1.0
;US-TX;1953;p99p100;289463.31;;0.1099;0.1099
;US-TX;1953;p99.9p100;970497.81;;0.036800001;0.036800001
;US-TX;1953;p99.99p100;3461309.3;;0.0131;0.0131
;US-TX;1953;p90p100;90724.297;;0.34439999;0.34439999
;US-TX;1953;p90p95;56169.301;;0.1066;0.1066
;US-TX;1953;p95p99;83969.797;;0.1275;0.1275
;US-TX;1953;p99.5p99.9;279033.19;;0.042399999;0.042399999
;US-TX;1953;p99.9p99.99;692713.38;;0.023700001;0.023700001
;US-TX;1953;p99p99.5;161484.59;;0.0306;0.0306
;US-TX;1953;p95p100;125091.0;;0.2374;0.2374
;US-TX;1953;p0p90;19206.801;;0.65609998;0.65609998
;US-TX;1953;p0p99;23688.801;;0.8901;0.8901
;US-TX;1953;p99.5p100;417418.31;;0.0792;0.0792
;US-TX;1952;p0p100;1778207.8;86507462887.0;1.0;1.0
;US-TX;1952;p99p100;320151.91;;0.1209;0.1209
;US-TX;1952;p99.9p100;1090257.4;;0.041200001;0.041200001
;US-TX;1952;p99.99p100;3877370.5;;0.0146;0.0146
;US-TX;1952;p90p100;95805.602;;0.3617;0.3617
;US-TX;1952;p90p95;61452.801;;0.116;0.116
;US-TX;1952;p95p99;83041.703;;0.12540001;0.12540001
;US-TX;1952;p99.5p99.9;315628.0;;0.047699999;0.047699999
;US-TX;1952;p99.9p99.99;779363.38;;0.0265;0.0265
;US-TX;1952;p99p99.5;169627.41;;0.032000002;0.032000002
;US-TX;1952;p95p100;130519.1;;0.2464;0.2464
;US-TX;1952;p0p90;18769.199;;0.63779998;0.63779998
;US-TX;1952;p0p99;23520.1;;0.87910002;0.87910002
;US-TX;1952;p99.5p100;470632.59;;0.088799998;0.088799998
;US-TX;1951;p0p100;1774829.0;81613989124.0;1.0;1.0
;US-TX;1951;p99p100;367913.59;;0.1453;0.1453
;US-TX;1951;p99.9p100;1301696.3;;0.051399998;0.051399998
;US-TX;1951;p99.99p100;3640268.5;;0.0144;0.0144
;US-TX;1951;p90p100;97140.297;;0.38370001;0.38370001
;US-TX;1951;p90p95;53053.898;;0.1048;0.1048
;US-TX;1951;p95p99;85127.797;;0.1345;0.1345
;US-TX;1951;p99.5p99.9;356111.59;;0.056299999;0.056299999
;US-TX;1951;p99.9p99.99;1041574.3;;0.037;0.037
;US-TX;1951;p99p99.5;191838.59;;0.037900001;0.037900001
;US-TX;1951;p95p100;141439.41;;0.2793;0.2793
;US-TX;1951;p0p99;15732.0;;0.61519998;0.61519998
;US-TX;1951;p99.5p100;544589.63;;0.1076;0.1076
;US-TX;1950;p0p100;1977763.3;77087323799.0;1.0;1.0
;US-TX;1950;p99p100;368904.31;;0.1523;0.1523
;US-TX;1950;p99.9p100;1327854.9;;0.0548;0.0548
;US-TX;1950;p99.99p100;4004237.5;;0.0165;0.0165
;US-TX;1950;p90p100;96186.898;;0.39700001;0.39700001
;US-TX;1950;p90p95;50306.398;;0.1038;0.1038
;US-TX;1950;p95p99;85436.0;;0.141;0.141
;US-TX;1950;p99.5p99.9;351015.41;;0.0579;0.0579
;US-TX;1950;p99.9p99.99;1017420.2;;0.037799999;0.037799999
;US-TX;1950;p99p99.5;191293.41;;0.039500002;0.039500002
;US-TX;1950;p95p100;142181.7;;0.29339999;0.29339999
;US-TX;1950;p0p90;16245.0;;0.60339999;0.60339999
;US-TX;1950;p0p99;20748.301;;0.8477;0.8477
;US-TX;1950;p99.5p100;546480.31;;0.1128;0.1128
;US-TX;1949;p0p100;1914665.0;71722787350.0;1.0;1.0
;US-TX;1949;p99p100;297416.09;;0.1293;0.1293
;US-TX;1949;p99.9p100;1001676.9;;0.043499999;0.043499999
;US-TX;1949;p99.99p100;3385536.0;;0.0147;0.0147
;US-TX;1949;p90p100;82032.5;;0.35659999;0.35659999
;US-TX;1949;p90p95;45835.102;;0.099600002;0.099600002
;US-TX;1949;p95p99;73462.602;;0.1277;0.1277
;US-TX;1949;p99.5p99.9;295256.41;;0.0513;0.0513
;US-TX;1949;p99.9p99.99;736795.88;;0.0288;0.0288
;US-TX;1949;p99p99.5;158293.59;;0.034400001;0.034400001
;US-TX;1949;p95p100;118303.6;;0.25709999;0.25709999
;US-TX;1949;p0p90;16443.5;;0.6433;0.6433
;US-TX;1949;p0p99;20231.801;;0.8707;0.8707
;US-TX;1949;p99.5p100;436540.41;;0.094899997;0.094899997
;US-TX;1948;p0p100;1759311.5;66052713444.0;1.0;1.0
;US-TX;1948;p99p100;327758.31;;0.1521;0.1521
;US-TX;1948;p99.9p100;1185156.6;;0.055;0.055
;US-TX;1948;p99.99p100;4137001.3;;0.019200001;0.019200001
;US-TX;1948;p90p100;83984.203;;0.3897;0.3897
;US-TX;1948;p90p95;43491.602;;0.1009;0.1009
;US-TX;1948;p95p99;73672.5;;0.1367;0.1367
;US-TX;1948;p99.5p99.9;316472.59;;0.058699999;0.058699999
;US-TX;1948;p99.9p99.99;857154.31;;0.035799999;0.035799999
;US-TX;1948;p99p99.5;165300.0;;0.0383;0.0383
;US-TX;1948;p95p100;124519.1;;0.28889999;0.28889999
;US-TX;1948;p0p90;14616.2;;0.6103;0.6103
;US-TX;1948;p0p99;18460.6;;0.84789997;0.84789997
;US-TX;1948;p99.5p100;490211.91;;0.1137;0.1137
;US-TX;1947;p0p100;1989105.6;63186713643.0;1.0;1.0
;US-TX;1947;p99p100;262614.09;;0.1252;0.1252
;US-TX;1947;p99.9p100;907771.5;;0.043299999;0.043299999
;US-TX;1947;p99.99p100;3290929.0;;0.015699999;0.015699999
;US-TX;1947;p90p100;71895.898;;0.3427;0.3427
;US-TX;1947;p90p95;40273.0;;0.096000001;0.096000001
;US-TX;1947;p95p99;63734.5;;0.1215;0.1215
;US-TX;1947;p99.5p99.9;252878.59;;0.0482;0.0482
;US-TX;1947;p99.9p99.99;642929.81;;0.0276;0.0276
;US-TX;1947;p99p99.5;141379.7;;0.0337;0.0337
;US-TX;1947;p95p100;103518.7;;0.2467;0.2467
;US-TX;1947;p0p90;15323.7;;0.6573;0.6573
;US-TX;1947;p0p99;18539.801;;0.87480003;0.87480003
;US-TX;1947;p99.5p100;383858.09;;0.091499999;0.091499999
;US-TX;1946;p0p100;2563321.0;61056540761.0;1.0;1.0
;US-TX;1946;p99p100;287136.09;;0.1389;0.1389
;US-TX;1946;p99.9p100;1042975.8;;0.0504;0.0504
;US-TX;1946;p99.99p100;4269868.0;;0.0207;0.0207
;US-TX;1946;p90p100;75921.703;;0.36719999;0.36719999
;US-TX;1946;p90p95;41105.0;;0.099399999;0.099399999
;US-TX;1946;p95p99;66633.0;;0.12890001;0.12890001
;US-TX;1946;p99.5p99.9;266364.09;;0.0515;0.0515
;US-TX;1946;p99.9p99.99;684378.63;;0.0298;0.0298
;US-TX;1946;p99p99.5;152600.3;;0.036899999;0.036899999
;US-TX;1946;p95p100;110738.5;;0.2678;0.2678
;US-TX;1946;p0p90;14535.4;;0.63279998;0.63279998
;US-TX;1946;p0p99;17982.301;;0.86110002;0.86110002
;US-TX;1946;p99.5p100;421687.31;;0.102;0.102
;US-TX;1945;p0p100;3225893.0;64517203117.0;1.0;1.0
;US-TX;1945;p99p100;257483.2;;0.1166;0.1166
;US-TX;1945;p99.9p100;875407.13;;0.0396;0.0396
;US-TX;1945;p99.99p100;2792332.3;;0.0126;0.0126
;US-TX;1945;p90p100;71027.203;;0.32159999;0.32159999
;US-TX;1945;p90p95;41628.398;;0.0942;0.0942
;US-TX;1945;p95p99;61159.898;;0.1108;0.1108
;US-TX;1945;p99.5p99.9;254014.5;;0.046;0.046
;US-TX;1945;p99.9p99.99;661395.19;;0.027000001;0.027000001
;US-TX;1945;p99p99.5;136675.09;;0.0309;0.0309
;US-TX;1945;p95p100;100427.5;;0.2273;0.2273
;US-TX;1945;p0p90;16650.1;;0.6785;0.6785
;US-TX;1945;p0p99;19709.1;;0.88340002;0.88340002
;US-TX;1945;p99.5p100;378298.91;;0.085600004;0.085600004
;US-TX;1944;p0p100;3504482.0;66216646406.0;1.0;1.0
;US-TX;1944;p99p100;242445.41;;0.1057;0.1057
;US-TX;1944;p99.9p100;853972.0;;0.0372;0.0372
;US-TX;1944;p99.99p100;3000057.0;;0.0131;0.0131
;US-TX;1944;p90p100;65184.602;;0.28420001;0.28420001
;US-TX;1944;p90p95;36548.398;;0.079700001;0.079700001
;US-TX;1944;p95p99;55709.102;;0.097099997;0.097099997
;US-TX;1944;p99.5p99.9;235002.7;;0.041000001;0.041000001
;US-TX;1944;p99.9p99.99;614967.63;;0.0241;0.0241
;US-TX;1944;p99p99.5;126069.7;;0.0275;0.0275
;US-TX;1944;p95p100;93207.297;;0.2032;0.2032
;US-TX;1944;p0p90;18286.9;;0.71749997;0.71749997
;US-TX;1944;p0p99;20720.6;;0.89429998;0.89429998
;US-TX;1944;p99.5p100;358758.91;;0.078199998;0.078199998
;US-TX;1943;p0p100;3655244.5;65861105734.0;1.0;1.0
;US-TX;1943;p99p100;284273.41;;0.123;0.123
;US-TX;1943;p99.9p100;1073836.6;;0.046500001;0.046500001
;US-TX;1943;p99.99p100;3739022.0;;0.0162;0.0162
;US-TX;1943;p90p100;72366.5;;0.31310001;0.31310001
;US-TX;1943;p90p95;39856.199;;0.086199999;0.086199999
;US-TX;1943;p95p99;60061.102;;0.1039;0.1039
;US-TX;1943;p99.5p99.9;270219.09;;0.046799999;0.046799999
;US-TX;1943;p99.9p99.99;769487.63;;0.029999999;0.029999999
;US-TX;1943;p99p99.5;137661.59;;0.0298;0.0298
;US-TX;1943;p95p100;104883.8;;0.2269;0.2269
;US-TX;1943;p0p90;17648.4;;0.68720001;0.68720001
;US-TX;1943;p0p99;20476.4;;0.87699997;0.87699997
;US-TX;1943;p99.5p100;430902.19;;0.093199998;0.093199998
;US-TX;1942;p0p100;3194612.5;50324547906.0;1.0;1.0
;US-TX;1942;p99p100;254262.3;;0.1418;0.1418
;US-TX;1942;p99.9p100;1020286.9;;0.056899998;0.056899998
;US-TX;1942;p99.99p100;4084397.8;;0.0228;0.0228
;US-TX;1942;p90p100;64625.898;;0.36039999;0.36039999
;US-TX;1942;p90p95;35824.0;;0.0999;0.0999
;US-TX;1942;p95p99;53241.0;;0.1188;0.1188
;US-TX;1942;p99.5p99.9;234941.0;;0.0524;0.0524
;US-TX;1942;p99.9p99.99;680825.63;;0.034200002;0.034200002
;US-TX;1942;p99p99.5;116625.4;;0.032499999;0.032499999
;US-TX;1942;p95p100;93429.203;;0.26050001;0.26050001
;US-TX;1942;p0p90;12738.3;;0.63940001;0.63940001
;US-TX;1942;p0p99;15542.1;;0.85820001;0.85820001
;US-TX;1942;p99.5p100;391935.0;;0.1093;0.1093
;US-TX;1941;p0p100;3030869.0;38516498155.0;1.0;1.0
;US-TX;1941;p99p100;236494.59;;0.17020001;0.17020001
;US-TX;1941;p99.9p100;937599.13;;0.067500003;0.067500003
;US-TX;1941;p99.99p100;3671346.3;;0.0264;0.0264
;US-TX;1941;p90p100;63898.301;;0.46000001;0.46000001
;US-TX;1941;p90p95;36732.801;;0.1322;0.1322
;US-TX;1941;p95p99;54709.301;;0.1575;0.1575
;US-TX;1941;p99.5p99.9;218657.5;;0.063000001;0.063000001
;US-TX;1941;p99.9p99.99;634718.31;;0.041099999;0.041099999
;US-TX;1941;p99p99.5;110700.4;;0.039799999;0.039799999
;US-TX;1941;p95p100;91074.203;;0.32780001;0.32780001
;US-TX;1941;p0p90;8333.4004;;0.5399;0.5399
;US-TX;1941;p0p99;11643.0;;0.82980001;0.82980001
;US-TX;1941;p99.5p100;362346.59;;0.1304;0.1304
;US-TX;1940;p0p100;2857629.5;32571454255.0;1.0;1.0
;US-TX;1940;p99p100;196534.8;;0.1654;0.1654
;US-TX;1940;p99.9p100;678655.19;;0.057100002;0.057100002
;US-TX;1940;p99.99p100;1881820.9;;0.015799999;0.015799999
;US-TX;1940;p90p100;60699.199;;0.51090002;0.51090002
;US-TX;1940;p90p95;37069.898;;0.156;0.156
;US-TX;1940;p95p99;56193.102;;0.1892;0.1892
;US-TX;1940;p99.5p99.9;190071.59;;0.064000003;0.064000003
;US-TX;1940;p99.9p99.99;544212.38;;0.041200001;0.041200001
;US-TX;1940;p99p99.5;105168.6;;0.044300001;0.044300001
;US-TX;1940;p95p100;84310.203;;0.35479999;0.35479999
;US-TX;1940;p0p90;6460.6001;;0.4894;0.4894
;US-TX;1940;p0p99;10014.7;;0.83459997;0.83459997
;US-TX;1940;p99.5p100;287833.59;;0.1211;0.1211
;US-TX;1939;p0p100;2831711.0;31018655340.0;1.0;1.0
;US-TX;1939;p99p100;185531.0;;0.16060001;0.16060001
;US-TX;1939;p99.9p100;624422.88;;0.054099999;0.054099999
;US-TX;1939;p99.99p100;1695647.8;;0.0147;0.0147
;US-TX;1939;p90p100;53675.0;;0.4648;0.4648
;US-TX;1939;p90p95;25260.4;;0.1094;0.1094
;US-TX;1939;p95p99;55389.301;;0.1918;0.1918
;US-TX;1939;p99.5p99.9;177241.59;;0.0614;0.0614
;US-TX;1939;p99.9p99.99;505064.0;;0.0394;0.0394
;US-TX;1939;p99p99.5;104252.3;;0.0451;0.0451
;US-TX;1939;p95p100;81466.797;;0.3527;0.3527
;US-TX;1939;p0p90;6906.7002;;0.53820002;0.53820002
;US-TX;1939;p0p99;9791.5;;0.83939999;0.83939999
;US-TX;1939;p99.5p100;266719.0;;0.1155;0.1155
;US-TX;1938;p0p100;2663981.5;29458202385.0;1.0;1.0
;US-TX;1938;p99p100;193197.91;;0.1728;0.1728
;US-TX;1938;p99.9p100;728449.13;;0.065200001;0.065200001
;US-TX;1938;p99.99p100;2658461.3;;0.023800001;0.023800001
;US-TX;1938;p90p100;53977.301;;0.48280001;0.48280001
;US-TX;1938;p90p95;26085.0;;0.1167;0.1167
;US-TX;1938;p95p99;52410.898;;0.1875;0.1875
;US-TX;1938;p99.5p99.9;174547.41;;0.062399998;0.062399998
;US-TX;1938;p99.9p99.99;513801.5;;0.0414;0.0414
;US-TX;1938;p99p99.5;101076.5;;0.045200001;0.045200001
;US-TX;1938;p95p100;80596.0;;0.36039999;0.36039999
;US-TX;1938;p0p90;6497.7998;;0.52310002;0.52310002
;US-TX;1938;p0p99;9342.0;;0.8272;0.8272
;US-TX;1938;p99.5p100;285266.69;;0.1276;0.1276
;US-TX;1937;p0p100;2621355.0;29535800783.0;1.0;1.0
;US-TX;1937;p99p100;206798.8;;0.18099999;0.18099999
;US-TX;1937;p99.9p100;740504.69;;0.064800002;0.064800002
;US-TX;1937;p99.99p100;2157303.3;;0.0189;0.0189
;US-TX;1937;p90p100;55242.898;;0.48359999;0.48359999
;US-TX;1937;p90p95;24396.5;;0.1068;0.1068
;US-TX;1937;p95p99;54404.602;;0.19050001;0.19050001
;US-TX;1937;p99.5p99.9;198253.7;;0.069399998;0.069399998
;US-TX;1937;p99.9p99.99;583118.5;;0.045899998;0.045899998
;US-TX;1937;p99p99.5;106896.3;;0.046799999;0.046799999
;US-TX;1937;p95p100;84875.0;;0.37149999;0.37149999
;US-TX;1937;p0p90;6620.7002;;0.52170002;0.52170002
;US-TX;1937;p0p99;9449.2002;;0.81900001;0.81900001
;US-TX;1937;p99.5p100;306703.5;;0.13429999;0.13429999
;US-TX;1936;p0p100;2602066.0;26847430823.0;1.0;1.0
;US-TX;1936;p99p100;198797.91;;0.1882;0.1882
;US-TX;1936;p99.9p100;712021.88;;0.067400001;0.067400001
;US-TX;1936;p99.99p100;2100277.3;;0.0199;0.0199
;US-TX;1936;p90p100;49854.602;;0.472;0.472
;US-TX;1936;p90p95;21344.301;;0.101;0.101
;US-TX;1936;p95p99;46592.602;;0.17649999;0.17649999
;US-TX;1936;p99.5p99.9;189513.09;;0.071800001;0.071800001
;US-TX;1936;p99.9p99.99;557794.88;;0.047499999;0.047499999
;US-TX;1936;p99p99.5;103588.2;;0.048999999;0.048999999
;US-TX;1936;p95p100;77042.297;;0.36469999;0.36469999
;US-TX;1936;p0p90;6269.3999;;0.53430003;0.53430003
;US-TX;1936;p0p99;8660.0;;0.8118;0.8118
;US-TX;1936;p99.5p100;294013.69;;0.1392;0.1392
;US-TX;1935;p0p100;2371951.0;23592488095.0;1.0;1.0
;US-TX;1935;p99p100;160660.59;;0.1701;0.1701
;US-TX;1935;p99.9p100;595652.31;;0.063100003;0.063100003
;US-TX;1935;p99.99p100;2291643.5;;0.0243;0.0243
;US-TX;1935;p90p100;43194.699;;0.45739999;0.45739999
;US-TX;1935;p90p95;20835.4;;0.1103;0.1103
;US-TX;1935;p95p99;40472.102;;0.1714;0.1714
;US-TX;1935;p99.5p99.9;143881.41;;0.060899999;0.060899999
;US-TX;1935;p99.9p99.99;407188.91;;0.038800001;0.038800001
;US-TX;1935;p99p99.5;87092.703;;0.046100002;0.046100002
;US-TX;1935;p95p100;64474.102;;0.3414;0.3414
;US-TX;1935;p0p90;5750.5;;0.54809999;0.54809999
;US-TX;1935;p0p99;7915.2002;;0.82990003;0.82990003
;US-TX;1935;p99.5p100;234235.91;;0.124;0.124
;US-TX;1934;p0p100;2271401.8;21125621521.0;1.0;1.0
;US-TX;1934;p99p100;140918.0;;0.1637;0.1637
;US-TX;1934;p99.9p100;468892.5;;0.054499999;0.054499999
;US-TX;1934;p99.99p100;1406724.6;;0.0163;0.0163
;US-TX;1934;p90p100;39847.0;;0.46290001;0.46290001
;US-TX;1934;p90p95;19864.9;;0.1154;0.1154
;US-TX;1934;p95p99;39160.102;;0.182;0.182
;US-TX;1934;p99.5p99.9;133689.5;;0.062100001;0.062100001
;US-TX;1934;p99.9p99.99;364705.69;;0.0381;0.0381
;US-TX;1934;p99p99.5;81096.102;;0.0471;0.0471
;US-TX;1934;p95p100;59426.801;;0.3452;0.3452
;US-TX;1934;p0p90;5154.3999;;0.53890002;0.53890002
;US-TX;1934;p0p99;7271.2998;;0.83630002;0.83630002
;US-TX;1934;p99.5p100;200725.91;;0.1166;0.1166
;US-TX;1933;p0p100;2245313.5;19217022554.0;1.0;1.0
;US-TX;1933;p99p100;121749.9;;0.15279999;0.15279999
;US-TX;1933;p99.9p100;393967.59;;0.0495;0.0495
;US-TX;1933;p99.99p100;1346838.8;;0.016899999;0.016899999
;US-TX;1933;p90p100;35865.5;;0.45019999;0.45019999
;US-TX;1933;p90p95;20290.6;;0.1274;0.1274
;US-TX;1933;p95p99;34371.398;;0.1726;0.1726
;US-TX;1933;p99.5p99.9;112509.3;;0.056499999;0.056499999
;US-TX;1933;p99.9p99.99;288093.09;;0.032499999;0.032499999
;US-TX;1933;p99p99.5;74698.898;;0.0469;0.0469
;US-TX;1933;p95p100;51736.801;;0.3247;0.3247
;US-TX;1933;p0p90;4843.6001;;0.54720002;0.54720002
;US-TX;1933;p0p99;6816.7998;;0.84719998;0.84719998
;US-TX;1933;p99.5p100;168801.0;;0.1059;0.1059
;US-TX;1932;p0p100;2007350.4;18772819948.0;1.0;1.0
;US-TX;1932;p99p100;110871.8;;0.1401;0.1401
;US-TX;1932;p99.9p100;347354.41;;0.043900002;0.043900002
;US-TX;1932;p99.99p100;1185070.8;;0.015;0.015
;US-TX;1932;p90p100;34645.301;;0.43779999;0.43779999
;US-TX;1932;p90p95;21314.5;;0.1347;0.1347
;US-TX;1932;p95p99;32806.898;;0.16580001;0.16580001
;US-TX;1932;p99.5p99.9;103491.8;;0.052299999;0.052299999
;US-TX;1932;p99.9p99.99;254274.8;;0.028899999;0.028899999
;US-TX;1932;p99p99.5;69479.297;;0.043900002;0.043900002
;US-TX;1932;p95p100;48340.0;;0.30540001;0.30540001
;US-TX;1932;p0p90;4918.7998;;0.55940002;0.55940002
;US-TX;1932;p0p99;6873.7002;;0.8599;0.8599
;US-TX;1932;p99.5p100;152264.41;;0.096199997;0.096199997
;US-TX;1931;p0p100;1905976.3;21777177762.0;1.0;1.0
;US-TX;1931;p99p100;133750.59;;0.1432;0.1432
;US-TX;1931;p99.9p100;446418.41;;0.047800001;0.047800001
;US-TX;1931;p99.99p100;1592135.1;;0.017000001;0.017000001
;US-TX;1931;p90p100;38203.102;;0.40900001;0.40900001
;US-TX;1931;p90p95;23133.1;;0.1238;0.1238
;US-TX;1931;p95p99;33335.0;;0.1428;0.1428
;US-TX;1931;p99.5p99.9;123754.3;;0.052999999;0.052999999
;US-TX;1931;p99.9p99.99;319116.59;;0.0307;0.0307
;US-TX;1931;p99p99.5;79214.102;;0.042399999;0.042399999
;US-TX;1931;p95p100;53447.0;;0.2861;0.2861
;US-TX;1931;p0p90;6125.1001;;0.59020001;0.59020001
;US-TX;1931;p0p99;8083.5;;0.85680002;0.85680002
;US-TX;1931;p99.5p100;188287.09;;0.1008;0.1008
;US-TX;1930;p0p100;1766462.3;23818708302.0;1.0;1.0
;US-TX;1930;p99p100;154766.3;;0.1487;0.1487
;US-TX;1930;p99.9p100;565883.69;;0.054400001;0.054400001
;US-TX;1930;p99.99p100;2300444.5;;0.0221;0.0221
;US-TX;1930;p90p100;40953.102;;0.3935;0.3935
;US-TX;1930;p90p95;19911.301;;0.095700003;0.095700003
;US-TX;1930;p95p99;37609.102;;0.1445;0.1445
;US-TX;1930;p99.5p99.9;139183.41;;0.0535;0.0535
;US-TX;1930;p99.9p99.99;373154.69;;0.032299999;0.032299999
;US-TX;1930;p99p99.5;85009.203;;0.040800001;0.040800001
;US-TX;1930;p95p100;60906.102;;0.29260001;0.29260001
;US-TX;1930;p0p90;7066.7002;;0.61110002;0.61110002
;US-TX;1930;p0p99;8949.4004;;0.8513;0.8513
;US-TX;1930;p99.5p100;224523.5;;0.1079;0.1079
;US-TX;1929;p0p100;1991748.9;27632879518.0;1.0;1.0
;US-TX;1929;p99p100;200511.09;;0.16230001;0.16230001
;US-TX;1929;p99.9p100;774185.63;;0.062700003;0.062700003
;US-TX;1929;p99.99p100;3164550.5;;0.025599999;0.025599999
;US-TX;1929;p90p100;47355.301;;0.38330001;0.38330001
;US-TX;1929;p90p95;17694.199;;0.071599998;0.071599998
;US-TX;1929;p95p99;44721.602;;0.14480001;0.14480001
;US-TX;1929;p99.5p99.9;178255.59;;0.057700001;0.057700001
;US-TX;1929;p99.9p99.99;508589.59;;0.037099998;0.037099998
;US-TX;1929;p99p99.5;103580.7;;0.041900001;0.041900001
;US-TX;1929;p95p100;75676.0;;0.30630001;0.30630001
;US-TX;1929;p0p90;8527.0996;;0.62129998;0.62129998
;US-TX;1929;p0p99;10452.5;;0.83770001;0.83770001
;US-TX;1929;p99.5p100;297441.59;;0.1204;0.1204
;US-TX;1928;p0p100;1977796.0;26825293762.0;1.0;1.0
;US-TX;1928;p99p100;198762.0;;0.162;0.162
;US-TX;1928;p99.9p100;754951.88;;0.061500002;0.061500002
;US-TX;1928;p99.99p100;2849730.3;;0.0232;0.0232
;US-TX;1928;p90p100;47331.699;;0.38589999;0.38589999
;US-TX;1928;p90p95;17649.9;;0.071900003;0.071900003
;US-TX;1928;p95p99;45297.301;;0.1477;0.1477
;US-TX;1928;p99.5p99.9;179593.0;;0.058600001;0.058600001
;US-TX;1928;p99.9p99.99;522198.81;;0.0383;0.0383
;US-TX;1928;p99p99.5;102859.2;;0.041900001;0.041900001
;US-TX;1928;p95p100;75751.898;;0.30880001;0.30880001
;US-TX;1928;p0p90;8427.2998;;0.61830002;0.61830002
;US-TX;1928;p0p99;10382.8;;0.838;0.838
;US-TX;1928;p99.5p100;294664.81;;0.1201;0.1201
;US-TX;1927;p0p100;1877033.8;25520951332.0;1.0;1.0
;US-TX;1927;p99p100;189061.09;;0.15809999;0.15809999
;US-TX;1927;p99.9p100;705972.31;;0.059;0.059
;US-TX;1927;p99.99p100;2633590.5;;0.022;0.022
;US-TX;1927;p90p100;46696.801;;0.39039999;0.39039999
;US-TX;1927;p90p95;17861.1;;0.074699998;0.074699998
;US-TX;1927;p95p99;45262.0;;0.1514;0.1514
;US-TX;1927;p99.5p99.9;172471.2;;0.057700001;0.057700001
;US-TX;1927;p99.9p99.99;491792.5;;0.037;0.037
;US-TX;1927;p99p99.5;98950.703;;0.0414;0.0414
;US-TX;1927;p95p100;73820.203;;0.30860001;0.30860001
;US-TX;1927;p0p90;8185.8999;;0.61589998;0.61589998
;US-TX;1927;p0p99;10172.6;;0.84189999;0.84189999
;US-TX;1927;p99.5p100;279171.41;;0.1167;0.1167
;US-TX;1926;p0p100;1817161.3;24999669580.0;1.0;1.0
;US-TX;1926;p99p100;189054.0;;0.15719999;0.15719999
;US-TX;1926;p99.9p100;718300.0;;0.059700001;0.059700001
;US-TX;1926;p99.99p100;2587182.5;;0.021500001;0.021500001
;US-TX;1926;p90p100;45891.0;;0.38150001;0.38150001
;US-TX;1926;p90p95;16892.5;;0.070200004;0.070200004
;US-TX;1926;p95p99;43832.0;;0.14569999;0.14569999
;US-TX;1926;p99.5p99.9;171268.7;;0.056899998;0.056899998
;US-TX;1926;p99.9p99.99;510646.41;;0.038199998;0.038199998
;US-TX;1926;p99p99.5;97433.102;;0.0405;0.0405
;US-TX;1926;p95p100;72752.102;;0.30239999;0.30239999
;US-TX;1926;p0p90;8379.0996;;0.62690002;0.62690002
;US-TX;1926;p0p99;10241.5;;0.84280002;0.84280002
;US-TX;1926;p99.5p100;280675.0;;0.1167;0.1167
;US-TX;1925;p0p100;1883835.0;24777319832.0;1.0;1.0
;US-TX;1925;p99p100;166603.09;;0.13609999;0.13609999
;US-TX;1925;p99.9p100;605026.31;;0.049400002;0.049400002
;US-TX;1925;p99.99p100;1911968.8;;0.0156;0.0156
;US-TX;1925;p90p100;43099.602;;0.3522;0.3522
;US-TX;1925;p90p95;16790.6;;0.068599999;0.068599999
;US-TX;1925;p95p99;43290.5;;0.1415;0.1415
;US-TX;1925;p99.5p99.9;156039.7;;0.050999999;0.050999999
;US-TX;1925;p99.9p99.99;459810.5;;0.033799998;0.033799998
;US-TX;1925;p99p99.5;87369.297;;0.035700001;0.035700001
;US-TX;1925;p95p100;67769.703;;0.27689999;0.27689999
;US-TX;1925;p0p90;8888.5;;0.65369999;0.65369999
;US-TX;1925;p0p99;10677.6;;0.86390001;0.86390001
;US-TX;1925;p99.5p100;245837.0;;0.1004;0.1004
;US-TX;1924;p0p100;1932805.0;23519200112.0;1.0;1.0
;US-TX;1924;p99p100;150780.91;;0.12630001;0.12630001
;US-TX;1924;p99.9p100;511453.09;;0.042800002;0.042800002
;US-TX;1924;p99.99p100;1464358.3;;0.0123;0.0123
;US-TX;1924;p90p100;46522.699;;0.38960001;0.38960001
;US-TX;1924;p90p95;24840.199;;0.104;0.104
;US-TX;1924;p95p99;47463.602;;0.15899999;0.15899999
;US-TX;1924;p99.5p99.9;143781.2;;0.0482;0.0482
;US-TX;1924;p99.9p99.99;405574.81;;0.0306;0.0306
;US-TX;1924;p99p99.5;84246.297;;0.035300002;0.035300002
;US-TX;1924;p95p100;68127.102;;0.28529999;0.28529999
;US-TX;1924;p0p90;8102.7002;;0.61070001;0.61070001
;US-TX;1924;p0p99;10538.4;;0.87370002;0.87370002
;US-TX;1924;p99.5p100;217315.59;;0.090999998;0.090999998
;US-TX;1923;p0p100;1987243.6;23331124664.0;1.0;1.0
;US-TX;1923;p99p100;136169.8;;0.1113;0.1113
;US-TX;1923;p99.9p100;457478.59;;0.0374;0.0374
;US-TX;1923;p99.99p100;1275407.0;;0.0104;0.0104
;US-TX;1923;p90p100;44642.102;;0.36500001;0.36500001
;US-TX;1923;p90p95;25364.199;;0.1037;0.1037
;US-TX;1923;p95p99;45868.898;;0.15000001;0.15000001
;US-TX;1923;p99.5p99.9;131181.3;;0.0429;0.0429
;US-TX;1923;p99.9p99.99;366599.09;;0.027000001;0.027000001
;US-TX;1923;p99p99.5;75899.102;;0.030999999;0.030999999
;US-TX;1923;p95p100;63929.102;;0.26140001;0.26140001
;US-TX;1923;p0p90;8627.2998;;0.63489997;0.63489997
;US-TX;1923;p0p99;10977.3;;0.88870001;0.88870001
;US-TX;1923;p99.5p100;196440.59;;0.080300003;0.080300003
;US-TX;1922;p0p100;1908188.3;20982533515.0;1.0;1.0
;US-TX;1922;p99p100;136263.8;;0.1202;0.1202
;US-TX;1922;p99.9p100;495783.69;;0.043699998;0.043699998
;US-TX;1922;p99.99p100;1791544.6;;0.015799999;0.015799999
;US-TX;1922;p90p100;42904.699;;0.3786;0.3786
;US-TX;1922;p90p95;23477.801;;0.1036;0.1036
;US-TX;1922;p95p99;43874.0;;0.1549;0.1549
;US-TX;1922;p99.5p99.9;123002.9;;0.043400001;0.043400001
;US-TX;1922;p99.9p99.99;351810.19;;0.027899999;0.027899999
;US-TX;1922;p99p99.5;74968.5;;0.033100002;0.033100002
;US-TX;1922;p95p100;62351.898;;0.27509999;0.27509999
;US-TX;1922;p0p90;7823.6001;;0.62129998;0.62129998
;US-TX;1922;p0p99;10070.8;;0.87980002;0.87980002
;US-TX;1922;p99.5p100;197559.0;;0.087200001;0.087200001
;US-TX;1921;p0p100;1484036.5;18112153344.0;1.0;1.0
;US-TX;1921;p99p100;112897.2;;0.1124;0.1124
;US-TX;1921;p99.9p100;369295.59;;0.036800001;0.036800001
;US-TX;1921;p99.99p100;1070895.1;;0.0107;0.0107
;US-TX;1921;p90p100;39315.102;;0.39129999;0.39129999
;US-TX;1921;p90p95;23919.801;;0.119;0.119
;US-TX;1921;p95p99;40263.602;;0.1603;0.1603
;US-TX;1921;p99.5p99.9;105996.8;;0.042199999;0.042199999
;US-TX;1921;p99.9p99.99;291340.0;;0.0261;0.0261
;US-TX;1921;p99p99.5;67137.898;;0.033399999;0.033399999
;US-TX;1921;p95p100;54790.301;;0.2726;0.2726
;US-TX;1921;p0p90;6791.7002;;0.60829997;0.60829997
;US-TX;1921;p0p99;9009.0996;;0.8876;0.8876
;US-TX;1921;p99.5p100;158656.5;;0.078900002;0.078900002
;US-TX;1920;p0p100;1388703.3;20561099363.0;1.0;1.0
;US-TX;1920;p99p100;137537.09;;0.1167;0.1167
;US-TX;1920;p99.9p100;470694.41;;0.039999999;0.039999999
;US-TX;1920;p99.99p100;1308538.8;;0.0111;0.0111
;US-TX;1920;p90p100;43559.602;;0.36970001;0.36970001
;US-TX;1920;p90p95;26754.5;;0.1135;0.1135
;US-TX;1920;p95p99;41261.199;;0.1401;0.1401
;US-TX;1920;p99.5p99.9;133437.0;;0.045299999;0.045299999
;US-TX;1920;p99.9p99.99;377600.5;;0.0288;0.0288
;US-TX;1920;p99p99.5;74185.797;;0.031500001;0.031500001
;US-TX;1920;p95p100;60516.398;;0.2568;0.2568
;US-TX;1920;p0p90;8242.7002;;0.62959999;0.62959999
;US-TX;1920;p0p99;10511.7;;0.88330001;0.88330001
;US-TX;1920;p99.5p100;200888.5;;0.085299999;0.085299999
;US-TX;1919;p0p100;2127405.8;22871047806.0;1.0;1.0
;US-TX;1919;p99p100;192119.09;;0.1428;0.1428
;US-TX;1919;p99.9p100;678452.13;;0.0504;0.0504
;US-TX;1919;p99.99p100;2112842.0;;0.015699999;0.015699999
;US-TX;1919;p90p100;51130.199;;0.38010001;0.38010001
;US-TX;1919;p90p95;25654.801;;0.095399998;0.095399998
;US-TX;1919;p95p99;47718.898;;0.1419;0.1419
;US-TX;1919;p99.5p99.9;183946.41;;0.054699998;0.054699998
;US-TX;1919;p99.9p99.99;519411.41;;0.034699999;0.034699999
;US-TX;1919;p99p99.5;101161.0;;0.037599999;0.037599999
;US-TX;1919;p95p100;76598.898;;0.28470001;0.28470001
;US-TX;1919;p0p90;9267.9004;;0.62;0.62
;US-TX;1919;p0p99;11648.2;;0.85720003;0.85720003
;US-TX;1919;p99.5p100;283077.19;;0.1052;0.1052
;US-TX;1918;p0p100;2783838.5;22230254179.0;1.0;1.0
;US-TX;1918;p99p100;165101.91;;0.1237;0.1237
;US-TX;1918;p99.9p100;591526.19;;0.044300001;0.044300001
;US-TX;1918;p99.99p100;1862077.6;;0.014;0.014
;US-TX;1918;p90p100;41769.0;;0.31299999;0.31299999
;US-TX;1918;p90p95;18162.5;;0.068099998;0.068099998
;US-TX;1918;p95p99;39776.102;;0.1192;0.1192
;US-TX;1918;p99.5p99.9;159200.2;;0.047699999;0.047699999
;US-TX;1918;p99.9p99.99;450359.09;;0.030400001;0.030400001
;US-TX;1918;p99p99.5;84539.602;;0.0317;0.0317
;US-TX;1918;p95p100;64841.199;;0.243;0.243
;US-TX;1918;p0p90;10215.9;;0.68900001;0.68900001
;US-TX;1918;p0p99;11811.6;;0.87629998;0.87629998
;US-TX;1918;p99.5p100;245664.59;;0.092;0.092
;US-TX;1917;p0p100;4026382.3;23141097068.0;1.0;1.0
;US-TX;1917;p99p100;176791.7;;0.12639999;0.12639999
;US-TX;1917;p99.9p100;683724.5;;0.048900001;0.048900001
;US-TX;1917;p99.99p100;2472725.8;;0.0177;0.0177
;US-TX;1917;p90p100;45716.898;;0.3267;0.3267
;US-TX;1917;p90p95;20605.301;;0.073600002;0.073600002
