Variable Name;.;.;.;Fiscal income  | tax unit | Average | Adults | constant 2015 local currency;Fiscal income  | tax unit | Total | Adults | constant 2015 local currency;Fiscal income  | tax unit | Share | Adults | share of total (ratio);Pre-tax national income  | tax unit | Share | Adults | share of total (ratio)
Variable Category;.;.;.;Income inequality;Income inequality;Income inequality;Income inequality
Variable Description;.;.;.;Average Fiscal income within a given percentile group. Fiscal income is defined as the sum of all income items reported on income tax returns, before any deduction. It includes labour income, capital income and mixed income. The concept of fiscal income varies with national tax legislations, so in order to make international comparisons it is preferable to use the concept of national income. The population is comprised of individuals over age 20. The base unit is the tax unit defined by national fiscal administrations to measure personal income taxes.;Total Fiscal income  within a given percentile group. Fiscal income is defined as the sum of all income items reported on income tax returns, before any deduction. It includes labour income, capital income and mixed income. The concept of fiscal income varies with national tax legislations, so in order to make international comparisons it is preferable to use the concept of national income. The population is comprised of individuals over age 20.;Fiscal income share held by a given percentile group. Fiscal income is defined as the sum of all income items reported on income tax returns, before any deduction. It includes labour income, capital income and mixed income. The concept of fiscal income varies with national tax legislations, so in order to make international comparisons it is preferable to use the concept of national income. The population is comprised of individuals over age 20. The base unit is the tax unit defined by national fiscal administrations to measure personal income taxes.;Pre-tax national income share held by a given percentile group. Pre-tax national income  is the sum of all pre-tax personal income flows accruing to the owners of the production factors, labor and capital, before taking into account the operation of the tax/transfer system, but after taking into account the operation of pension system. The central difference between personal factor income and pre-tax income is the treatment of pensions, which are counted on a contribution basis by factor income and on a distribution basis by pre-tax income. The population is comprised of individuals over age 20. The base unit is the tax unit defined by national fiscal administrations to measure personal income taxes.
Variable Decomposition;.;.;.;[Fiscal income ]=[Fiscal labour income ]+[Fiscal capital income ];[Fiscal income ]=[Fiscal labour income ]+[Fiscal capital income ];[Fiscal income ]=[Fiscal labour income ]+[Fiscal capital income ];Pre-tax national income =Pre-tax labor income [total pre-tax income ranking]+Pre-tax capital income [total pre-tax income ranking]
Variable Unit;.;.;.;"USD; United States dollar | local currency | market";"USD; United States dollar | local currency | market";share;share
Methodological Notes;.;.;.;;;;Assuming the same distribution as fiscal income.
Sources;.;.;.;Frank, Sommeiller, Price & Saez (2015);Frank, Sommeiller, Price & Saez (2015);Frank, Sommeiller, Price & Saez (2015);WID.world computations using: Frank, Sommeiller, Price & Saez (2015)
Variable Code;country;year;perc;afiinc992t;mfiinc992t;sfiinc992t;sptinc992t
;US-IN;2015;p0p100;56965.898;1.90427962278e+11;1.0;1.0
;US-IN;2015;p99p100;889567.31;;0.15620001;0.15620001
;US-IN;2015;p99.9p100;3639667.5;;0.063900001;0.063900001
;US-IN;2015;p99.99p100;13993326.0;;0.024599999;0.024599999
;US-IN;2015;p90p100;243132.8;;0.42680001;0.42680001
;US-IN;2015;p90p95;138270.8;;0.1214;0.1214
;US-IN;2015;p95p99;211223.09;;0.14830001;0.14830001
;US-IN;2015;p99.5p99.9;790416.13;;0.055500001;0.055500001
;US-IN;2015;p99.9p99.99;2532845.0;;0.039999999;0.039999999
;US-IN;2015;p99p99.5;417065.41;;0.036600001;0.036600001
;US-IN;2015;p95p100;347249.5;;0.3048;0.3048
;US-IN;2015;p0p90;36308.398;;0.57359999;0.57359999
;US-IN;2015;p0p99;48555.801;;0.84380001;0.84380001
;US-IN;2015;p99.5p100;1360434.5;;0.1194;0.1194
;US-IN;2014;p0p100;54638.398;1.82214675902e+11;1.0;1.0
;US-IN;2014;p99p100;803938.81;;0.14749999;0.14749999
;US-IN;2014;p99.9p100;3225420.0;;0.0592;0.0592
;US-IN;2014;p99.99p100;12702784.0;;0.0233;0.0233
;US-IN;2014;p90p100;227501.7;;0.4174;0.4174
;US-IN;2014;p90p95;133436.09;;0.1224;0.1224
;US-IN;2014;p95p99;200647.59;;0.1472;0.1472
;US-IN;2014;p99.5p99.9;719745.19;;0.0528;0.0528
;US-IN;2014;p99.9p99.99;2194559.8;;0.036200002;0.036200002
;US-IN;2014;p99p99.5;388176.81;;0.035599999;0.035599999
;US-IN;2014;p95p100;321229.5;;0.2947;0.2947
;US-IN;2014;p0p90;35273.301;;0.58240002;0.58240002
;US-IN;2014;p0p99;46938.898;;0.85250002;0.85250002
;US-IN;2014;p99.5p100;1219631.9;;0.1119;0.1119
;US-IN;2013;p0p100;56926.699;1.76379568472e+11;1.0;1.0
;US-IN;2013;p99p100;754511.81;;0.1372;0.1372
;US-IN;2013;p99.9p100;2933968.5;;0.053399999;0.053399999
;US-IN;2013;p99.99p100;11478991.0;;0.0209;0.0209
;US-IN;2013;p90p100;219338.59;;0.39879999;0.39879999
;US-IN;2013;p90p95;131291.0;;0.1194;0.1194
;US-IN;2013;p95p99;194945.8;;0.1418;0.1418
;US-IN;2013;p99.5p99.9;680522.19;;0.0495;0.0495
;US-IN;2013;p99.9p99.99;1991384.6;;0.032600001;0.032600001
;US-IN;2013;p99p99.5;378081.69;;0.034400001;0.034400001
;US-IN;2013;p95p100;306927.09;;0.2791;0.2791
;US-IN;2013;p0p90;36753.5;;0.60149997;0.60149997
;US-IN;2013;p0p99;47927.301;;0.8628;0.8628
;US-IN;2013;p99.5p100;1131386.5;;0.1029;0.1029
;US-IN;2012;p0p100;58003.801;1.78283259419e+11;1.0;1.0
;US-IN;2012;p99p100;849075.19;;0.156;0.156
;US-IN;2012;p99.9p100;3555468.8;;0.065300003;0.065300003
;US-IN;2012;p99.99p100;14370486.0;;0.0264;0.0264
;US-IN;2012;p90p100;229558.0;;0.42179999;0.42179999
;US-IN;2012;p90p95;133405.2;;0.1226;0.1226
;US-IN;2012;p95p99;194094.8;;0.1426;0.1426
;US-IN;2012;p99.5p99.9;743634.0;;0.054699998;0.054699998
;US-IN;2012;p99.9p99.99;2387601.5;;0.039500002;0.039500002
;US-IN;2012;p99p99.5;392905.09;;0.0361;0.0361
;US-IN;2012;p95p100;325006.0;;0.29859999;0.29859999
;US-IN;2012;p0p90;34965.0;;0.57819998;0.57819998
;US-IN;2012;p0p99;46400.699;;0.84399998;0.84399998
;US-IN;2012;p99.5p100;1305470.8;;0.1199;0.1199
;US-IN;2011;p0p100;57655.301;1.68271881232e+11;1.0;1.0
;US-IN;2011;p99p100;725990.81;;0.1398;0.1398
;US-IN;2011;p99.9p100;2870176.5;;0.055300001;0.055300001
;US-IN;2011;p99.99p100;11440782.0;;0.022;0.022
;US-IN;2011;p90p100;213533.0;;0.41119999;0.41119999
;US-IN;2011;p90p95;131334.7;;0.1265;0.1265
;US-IN;2011;p95p99;187264.2;;0.1442;0.1442
;US-IN;2011;p99.5p99.9;647588.63;;0.049899999;0.049899999
;US-IN;2011;p99.9p99.99;1927596.3;;0.033399999;0.033399999
;US-IN;2011;p99p99.5;359664.41;;0.034600001;0.034600001
;US-IN;2011;p95p100;294957.09;;0.28400001;0.28400001
;US-IN;2011;p0p90;34004.5;;0.58929998;0.58929998
;US-IN;2011;p0p99;45120.301;;0.86019999;0.86019999
;US-IN;2011;p99.5p100;1092832.6;;0.1052;0.1052
;US-IN;2010;p0p100;61219.699;1.63980332292e+11;1.0;1.0
;US-IN;2010;p99p100;722853.63;;0.13950001;0.13950001
;US-IN;2010;p99.9p100;2841040.0;;0.0548;0.0548
;US-IN;2010;p99.99p100;11393550.0;;0.022;0.022
;US-IN;2010;p90p100;212049.91;;0.40920001;0.40920001
;US-IN;2010;p90p95;130762.1;;0.12620001;0.12620001
;US-IN;2010;p95p99;184681.3;;0.1426;0.1426
;US-IN;2010;p99.5p99.9;643456.38;;0.049699999;0.049699999
;US-IN;2010;p99.9p99.99;1888573.1;;0.0328;0.0328
;US-IN;2010;p99p99.5;362269.41;;0.035;0.035
;US-IN;2010;p95p100;292264.19;;0.28200001;0.28200001
;US-IN;2010;p0p90;34074.398;;0.59179997;0.59179997
;US-IN;2010;p0p99;45038.398;;0.86049998;0.86049998
;US-IN;2010;p99.5p100;1084542.4;;0.1047;0.1047
;US-IN;2009;p0p100;61197.301;1.57072032114e+11;1.0;1.0
;US-IN;2009;p99p100;674552.13;;0.1345;0.1345
;US-IN;2009;p99.9p100;2722511.0;;0.054299999;0.054299999
;US-IN;2009;p99.99p100;11267335.0;;0.022500001;0.022500001
;US-IN;2009;p90p100;204138.59;;0.40709999;0.40709999
;US-IN;2009;p90p95;129853.2;;0.1295;0.1295
;US-IN;2009;p95p99;177778.59;;0.1418;0.1418
;US-IN;2009;p99.5p99.9;573944.19;;0.0458;0.0458
;US-IN;2009;p99.9p99.99;1731050.6;;0.031099999;0.031099999
;US-IN;2009;p99p99.5;329871.41;;0.032900002;0.032900002
;US-IN;2009;p95p100;277385.91;;0.2766;0.2766
;US-IN;2009;p0p90;33228.398;;0.59649998;0.59649998
;US-IN;2009;p0p99;43832.0;;0.86549997;0.86549997
;US-IN;2009;p99.5p100;1014505.2;;0.1012;0.1012
;US-IN;2008;p0p100;66718.0;1.71927964493e+11;1.0;1.0
;US-IN;2008;p99p100;798888.5;;0.1451;0.1451
;US-IN;2008;p99.9p100;3378228.0;;0.0614;0.0614
;US-IN;2008;p99.99p100;13926416.0;;0.0253;0.0253
;US-IN;2008;p90p100;224520.5;;0.40779999;0.40779999
;US-IN;2008;p90p95;135688.7;;0.1232;0.1232
;US-IN;2008;p95p99;187860.2;;0.1365;0.1365
;US-IN;2008;p99.5p99.9;664367.13;;0.048300002;0.048300002
;US-IN;2008;p99.9p99.99;2151029.8;;0.0352;0.0352
;US-IN;2008;p99p99.5;361476.19;;0.0328;0.0328
;US-IN;2008;p95p100;311662.59;;0.28310001;0.28310001
;US-IN;2008;p0p90;36623.5;;0.59869999;0.59869999
;US-IN;2008;p0p99;47540.0;;0.8549;0.8549
;US-IN;2008;p99.5p100;1225920.4;;0.1113;0.1113
;US-IN;2007;p0p100;78345.0;1.83836849211e+11;1.0;1.0
;US-IN;2007;p99p100;1003054.0;;0.1673;0.1673
;US-IN;2007;p99.9p100;4630451.0;;0.077200003;0.077200003
;US-IN;2007;p99.99p100;20125736.0;;0.033599999;0.033599999
;US-IN;2007;p90p100;251194.2;;0.419;0.419
;US-IN;2007;p90p95;140735.5;;0.1174;0.1174
;US-IN;2007;p95p99;196672.0;;0.1312;0.1312
;US-IN;2007;p99.5p99.9;806885.5;;0.053800002;0.053800002
;US-IN;2007;p99.9p99.99;2874612.3;;0.043200001;0.043200001
;US-IN;2007;p99p99.5;407215.69;;0.034000002;0.034000002
;US-IN;2007;p95p100;359788.19;;0.30000001;0.30000001
;US-IN;2007;p0p90;39098.0;;0.5869;0.5869
;US-IN;2007;p0p99;50428.898;;0.83270001;0.83270001
;US-IN;2007;p99.5p100;1588430.6;;0.13249999;0.13249999
;US-IN;2006;p0p100;79931.297;1.78077819957e+11;1.0;1.0
;US-IN;2006;p99p100;956300.63;;0.1653;0.1653
;US-IN;2006;p99.9p100;4353605.0;;0.075300001;0.075300001
;US-IN;2006;p99.99p100;18392978.0;;0.031800002;0.031800002
;US-IN;2006;p90p100;242488.8;;0.4192;0.4192
;US-IN;2006;p90p95;138773.2;;0.12;0.12
;US-IN;2006;p95p99;190112.41;;0.13150001;0.13150001
;US-IN;2006;p99.5p99.9;784954.69;;0.054299999;0.054299999
;US-IN;2006;p99.9p99.99;2783619.8;;0.043299999;0.043299999
;US-IN;2006;p99p99.5;395945.0;;0.034200002;0.034200002
;US-IN;2006;p95p100;344429.91;;0.29769999;0.29769999
;US-IN;2006;p0p90;37592.898;;0.58490002;0.58490002
;US-IN;2006;p0p99;48765.5;;0.83469999;0.83469999
;US-IN;2006;p99.5p100;1509564.3;;0.1305;0.1305
;US-IN;2005;p0p100;83699.398;1.72406787993e+11;1.0;1.0
;US-IN;2005;p99p100;894621.88;;0.1576;0.1576
;US-IN;2005;p99.9p100;4019909.8;;0.070799999;0.070799999
;US-IN;2005;p99.99p100;16826018.0;;0.0296;0.0296
;US-IN;2005;p90p100;232661.8;;0.40970001;0.40970001
;US-IN;2005;p90p95;126059.4;;0.111;0.111
;US-IN;2005;p95p99;197435.09;;0.1391;0.1391
;US-IN;2005;p99.5p99.9;737906.88;;0.052000001;0.052000001
;US-IN;2005;p99.9p99.99;2588928.5;;0.041000001;0.041000001
;US-IN;2005;p99p99.5;379614.09;;0.033399999;0.033399999
;US-IN;2005;p95p100;337769.0;;0.2974;0.2974
;US-IN;2005;p0p90;37467.0;;0.59380001;0.59380001
;US-IN;2005;p0p99;48320.0;;0.84240001;0.84240001
;US-IN;2005;p99.5p100;1403927.0;;0.1236;0.1236
;US-IN;2004;p0p100;87608.102;1.68575128596e+11;1.0;1.0
;US-IN;2004;p99p100;807735.88;;0.1452;0.1452
;US-IN;2004;p99.9p100;3497680.8;;0.062899999;0.062899999
;US-IN;2004;p99.99p100;14500155.0;;0.0261;0.0261
;US-IN;2004;p90p100;221936.0;;0.3989;0.3989
;US-IN;2004;p90p95;122895.7;;0.1104;0.1104
;US-IN;2004;p95p99;197177.59;;0.1417;0.1417
;US-IN;2004;p99.5p99.9;676494.69;;0.048599999;0.048599999
;US-IN;2004;p99.9p99.99;2260041.5;;0.036600001;0.036600001
;US-IN;2004;p99p99.5;362717.19;;0.032600001;0.032600001
;US-IN;2004;p95p100;319710.59;;0.28729999;0.28729999
;US-IN;2004;p0p90;37339.898;;0.60399997;0.60399997
;US-IN;2004;p0p99;48044.5;;0.85479999;0.85479999
;US-IN;2004;p99.5p100;1248785.6;;0.1122;0.1122
;US-IN;2003;p0p100;90324.398;1.61231882768e+11;1.0;1.0
;US-IN;2003;p99p100;736211.13;;0.1354;0.1354
;US-IN;2003;p99.9p100;3083941.5;;0.056699999;0.056699999
;US-IN;2003;p99.99p100;12776098.0;;0.023499999;0.023499999
;US-IN;2003;p90p100;212420.41;;0.3906;0.3906
;US-IN;2003;p90p95;125832.5;;0.1157;0.1157
;US-IN;2003;p95p99;188516.91;;0.13860001;0.13860001
;US-IN;2003;p99.5p99.9;629298.69;;0.046300001;0.046300001
;US-IN;2003;p99.9p99.99;1993539.5;;0.033;0.033
;US-IN;2003;p99p99.5;345573.31;;0.031800002;0.031800002
;US-IN;2003;p95p100;298477.81;;0.2744;0.2744
;US-IN;2003;p0p90;36930.898;;0.61110002;0.61110002
;US-IN;2003;p0p99;47499.898;;0.8646;0.8646
;US-IN;2003;p99.5p100;1124805.6;;0.1034;0.1034
;US-IN;2002;p0p100;92778.797;1.61955488363e+11;1.0;1.0
;US-IN;2002;p99p100;697810.19;;0.13060001;0.13060001
;US-IN;2002;p99.9p100;2792900.5;;0.052299999;0.052299999
;US-IN;2002;p99.99p100;10991468.0;;0.0206;0.0206
;US-IN;2002;p90p100;207741.8;;0.38870001;0.38870001
;US-IN;2002;p90p95;125150.2;;0.1171;0.1171
;US-IN;2002;p95p99;187559.2;;0.14040001;0.14040001
;US-IN;2002;p99.5p99.9;611406.5;;0.0458;0.0458
;US-IN;2002;p99.9p99.99;1871241.3;;0.031500001;0.031500001
;US-IN;2002;p99p99.5;341756.31;;0.032000002;0.032000002
;US-IN;2002;p95p100;289928.31;;0.2712;0.2712
;US-IN;2002;p0p90;36392.602;;0.6128;0.6128
;US-IN;2002;p0p99;46942.199;;0.86940002;0.86940002
;US-IN;2002;p99.5p100;1052008.3;;0.098399997;0.098399997
;US-IN;2001;p0p100;102423.7;1.68455366416e+11;1.0;1.0
;US-IN;2001;p99p100;743037.19;;0.13;0.13
;US-IN;2001;p99.9p100;2910919.0;;0.050900001;0.050900001
;US-IN;2001;p99.99p100;11366699.0;;0.0199;0.0199
;US-IN;2001;p90p100;216843.0;;0.3795;0.3795
;US-IN;2001;p90p95;128307.0;;0.1123;0.1123
;US-IN;2001;p95p99;194927.91;;0.1364;0.1364
;US-IN;2001;p99.5p99.9;654639.88;;0.0458;0.0458
;US-IN;2001;p99.9p99.99;1978226.8;;0.031199999;0.031199999
;US-IN;2001;p99p99.5;378724.69;;0.033100002;0.033100002
;US-IN;2001;p95p100;304844.31;;0.2667;0.2667
;US-IN;2001;p0p90;39449.5;;0.62129998;0.62129998
;US-IN;2001;p0p99;50218.102;;0.87;0.87
;US-IN;2001;p99.5p100;1108140.0;;0.097000003;0.097000003
;US-IN;2000;p0p100;118784.6;1.80363387702e+11;1.0;1.0
;US-IN;2000;p99p100;878497.5;;0.1401;0.1401
;US-IN;2000;p99.9p100;3619332.0;;0.057700001;0.057700001
;US-IN;2000;p99.99p100;13722199.0;;0.0219;0.0219
;US-IN;2000;p90p100;238405.3;;0.3802;0.3802
;US-IN;2000;p90p95;133023.09;;0.1061;0.1061
;US-IN;2000;p95p99;207519.0;;0.13240001;0.13240001
;US-IN;2000;p99.5p99.9;758874.5;;0.0484;0.0484
;US-IN;2000;p99.9p99.99;2519714.0;;0.036200002;0.036200002
;US-IN;2000;p99p99.5;414438.31;;0.033;0.033
;US-IN;2000;p95p100;342710.41;;0.27329999;0.27329999
;US-IN;2000;p0p90;43338.801;;0.62199998;0.62199998
;US-IN;2000;p0p99;54464.199;;0.8599;0.8599
;US-IN;2000;p99.5p100;1339843.3;;0.1068;0.1068
;US-IN;1999;p0p100;124497.0;1.74132917182e+11;1.0;1.0
;US-IN;1999;p99p100;899875.69;;0.1463;0.1463
;US-IN;1999;p99.9p100;3773294.8;;0.061299998;0.061299998
;US-IN;1999;p99.99p100;14627649.0;;0.023800001;0.023800001
;US-IN;1999;p90p100;241158.2;;0.39199999;0.39199999
;US-IN;1999;p90p95;134278.2;;0.1091;0.1091
;US-IN;1999;p95p99;209279.09;;0.13609999;0.13609999
;US-IN;1999;p99.5p99.9;777679.63;;0.0506;0.0506
;US-IN;1999;p99.9p99.99;2596484.8;;0.037999999;0.037999999
;US-IN;1999;p99p99.5;420770.0;;0.034200002;0.034200002
;US-IN;1999;p95p100;347574.5;;0.2825;0.2825
;US-IN;1999;p0p90;41586.699;;0.60829997;0.60829997
;US-IN;1999;p0p99;53059.102;;0.85369998;0.85369998
;US-IN;1999;p99.5p100;1378869.5;;0.1121;0.1121
;US-IN;1998;p0p100;123960.5;1.65793188503e+11;1.0;1.0
;US-IN;1998;p99p100;897031.31;;0.15260001;0.15260001
;US-IN;1998;p99.9p100;3910064.0;;0.066500001;0.066500001
;US-IN;1998;p99.99p100;16009704.0;;0.0272;0.0272
;US-IN;1998;p90p100;234347.2;;0.3987;0.3987
;US-IN;1998;p90p95;129572.6;;0.1102;0.1102
;US-IN;1998;p95p99;198992.3;;0.1354;0.1354
;US-IN;1998;p99.5p99.9;759252.88;;0.0517;0.0517
;US-IN;1998;p99.9p99.99;2578658.8;;0.039500002;0.039500002
;US-IN;1998;p99p99.5;403553.69;;0.034299999;0.034299999
;US-IN;1998;p95p100;338785.31;;0.28819999;0.28819999
;US-IN;1998;p0p90;39299.199;;0.60170001;0.60170001
;US-IN;1998;p0p99;50317.0;;0.84740001;0.84740001
;US-IN;1998;p99.5p100;1390444.0;;0.1183;0.1183
;US-IN;1997;p0p100;118197.5;1.53162826257e+11;1.0;1.0
;US-IN;1997;p99p100;771455.88;;0.1415;0.1415
;US-IN;1997;p99.9p100;3100599.3;;0.056899998;0.056899998
;US-IN;1997;p99.99p100;12111345.0;;0.0222;0.0222
;US-IN;1997;p90p100;214929.0;;0.3942;0.3942
;US-IN;1997;p90p95;124928.6;;0.1146;0.1146
;US-IN;1997;p95p99;187884.3;;0.13779999;0.13779999
;US-IN;1997;p99.5p99.9;689807.0;;0.0506;0.0506
;US-IN;1997;p99.9p99.99;2108854.0;;0.0348;0.0348
;US-IN;1997;p99p99.5;369473.19;;0.0339;0.0339
;US-IN;1997;p95p100;304697.81;;0.27939999;0.27939999
;US-IN;1997;p0p90;36712.301;;0.60610002;0.60610002
;US-IN;1997;p0p99;47276.699;;0.8585;0.8585
;US-IN;1997;p99.5p100;1173152.3;;0.1076;0.1076
;US-IN;1996;p0p100;116691.7;1.4418303782e+11;1.0;1.0
;US-IN;1996;p99p100;692618.31;;0.13429999;0.13429999
;US-IN;1996;p99.9p100;2784689.0;;0.054000001;0.054000001
;US-IN;1996;p99.99p100;10899286.0;;0.0211;0.0211
;US-IN;1996;p90p100;201543.5;;0.3908;0.3908
;US-IN;1996;p90p95;121931.8;;0.1182;0.1182
;US-IN;1996;p95p99;178059.5;;0.1381;0.1381
;US-IN;1996;p99.5p99.9;610226.69;;0.0473;0.0473
;US-IN;1996;p99.9p99.99;1881469.8;;0.0328;0.0328
;US-IN;1996;p99p99.5;337496.0;;0.032699998;0.032699998
;US-IN;1996;p95p100;281013.09;;0.27250001;0.27250001
;US-IN;1996;p0p90;34934.0;;0.60970002;0.60970002
;US-IN;1996;p0p99;45096.0;;0.86570001;0.86570001
;US-IN;1996;p99.5p100;1047161.4;;0.1015;0.1015
;US-IN;1995;p0p100;118385.8;1.36973056437e+11;1.0;1.0
;US-IN;1995;p99p100;638276.38;;0.1286;0.1286
;US-IN;1995;p99.9p100;2478822.5;;0.049899999;0.049899999
;US-IN;1995;p99.99p100;9378575.0;;0.0189;0.0189
;US-IN;1995;p90p100;192464.09;;0.38769999;0.38769999
;US-IN;1995;p90p95;120113.7;;0.121;0.121
;US-IN;1995;p95p99;171359.0;;0.1381;0.1381
;US-IN;1995;p99.5p99.9;573933.63;;0.0462;0.0462
;US-IN;1995;p99.9p99.99;1712351.3;;0.030999999;0.030999999
;US-IN;1995;p99p99.5;320740.09;;0.032299999;0.032299999
;US-IN;1995;p95p100;264726.19;;0.26660001;0.26660001
;US-IN;1995;p0p90;33781.602;;0.61250001;0.61250001
;US-IN;1995;p0p99;43696.102;;0.8714;0.8714
;US-IN;1995;p99.5p100;955671.13;;0.096299998;0.096299998
;US-IN;1994;p0p100;119871.9;1.31673755243e+11;1.0;1.0
;US-IN;1994;p99p100;607670.31;;0.1268;0.1268
;US-IN;1994;p99.9p100;2450560.3;;0.051100001;0.051100001
;US-IN;1994;p99.99p100;9919782.0;;0.0207;0.0207
;US-IN;1994;p90p100;183441.5;;0.3827;0.3827
;US-IN;1994;p90p95;113276.2;;0.1182;0.1182
;US-IN;1994;p95p99;165054.5;;0.13770001;0.13770001
;US-IN;1994;p99.5p99.9;535465.88;;0.0447;0.0447
;US-IN;1994;p99.9p99.99;1621036.0;;0.030400001;0.030400001
;US-IN;1994;p99p99.5;297000.41;;0.030999999;0.030999999
;US-IN;1994;p95p100;253567.7;;0.26449999;0.26449999
;US-IN;1994;p0p90;32872.5;;0.61729997;0.61729997
;US-IN;1994;p0p99;42275.102;;0.8732;0.8732
;US-IN;1994;p99.5p100;918359.38;;0.095799997;0.095799997
;US-IN;1993;p0p100;121871.6;1.26726422761e+11;1.0;1.0
;US-IN;1993;p99p100;581363.88;;0.1245;0.1245
;US-IN;1993;p99.9p100;2289855.3;;0.048999999;0.048999999
;US-IN;1993;p99.99p100;9063329.0;;0.019400001;0.019400001
;US-IN;1993;p90p100;176839.0;;0.3786;0.3786
;US-IN;1993;p90p95;108082.7;;0.1157;0.1157
;US-IN;1993;p95p99;161630.7;;0.1384;0.1384
;US-IN;1993;p99.5p99.9;520073.81;;0.044500001;0.044500001
;US-IN;1993;p99.9p99.99;1535992.8;;0.0296;0.0296
;US-IN;1993;p99p99.5;288221.91;;0.0309;0.0309
;US-IN;1993;p95p100;245555.09;;0.26280001;0.26280001
;US-IN;1993;p0p90;32259.5;;0.62150002;0.62150002
;US-IN;1993;p0p99;41312.5;;0.87550002;0.87550002
;US-IN;1993;p99.5p100;874399.0;;0.093599997;0.093599997
;US-IN;1992;p0p100;126869.0;1.24880630057e+11;1.0;1.0
;US-IN;1992;p99p100;575996.31;;0.1244;0.1244
;US-IN;1992;p99.9p100;2245322.8;;0.048500001;0.048500001
;US-IN;1992;p99.99p100;8694018.0;;0.0188;0.0188
;US-IN;1992;p90p100;173735.41;;0.3752;0.3752
;US-IN;1992;p90p95;106184.9;;0.1146;0.1146
;US-IN;1992;p95p99;157664.59;;0.1362;0.1362
;US-IN;1992;p99.5p99.9;519889.31;;0.0449;0.0449
;US-IN;1992;p99.9p99.99;1528208.4;;0.0297;0.0297
;US-IN;1992;p99p99.5;286496.0;;0.0309;0.0309
;US-IN;1992;p95p100;241339.5;;0.2606;0.2606
;US-IN;1992;p0p90;32152.6;;0.62489998;0.62489998
;US-IN;1992;p0p99;40959.699;;0.87559998;0.87559998
;US-IN;1992;p99.5p100;865403.88;;0.093400002;0.093400002
;US-IN;1991;p0p100;129489.1;1.20484595922e+11;1.0;1.0
;US-IN;1991;p99p100;508438.81;;0.1131;0.1131
;US-IN;1991;p99.9p100;1818338.6;;0.040399998;0.040399998
;US-IN;1991;p99.99p100;6479157.0;;0.0144;0.0144
;US-IN;1991;p90p100;167901.5;;0.37349999;0.37349999
;US-IN;1991;p90p95;111440.3;;0.1239;0.1239
;US-IN;1991;p95p99;153657.59;;0.1367;0.1367
;US-IN;1991;p99.5p99.9;475338.0;;0.042300001;0.042300001
;US-IN;1991;p99.9p99.99;1300113.1;;0.026000001;0.026000001
;US-IN;1991;p99p99.5;272653.0;;0.030300001;0.030300001
;US-IN;1991;p95p100;224594.59;;0.2498;0.2498
;US-IN;1991;p0p90;31285.4;;0.62629998;0.62629998
;US-IN;1991;p0p99;40276.199;;0.88690001;0.88690001
;US-IN;1991;p99.5p100;744237.63;;0.082800001;0.082800001
;US-IN;1990;p0p100;144693.8;1.23588196667e+11;1.0;1.0
;US-IN;1990;p99p100;543392.81;;0.1161;0.1161
;US-IN;1990;p99.9p100;2026782.1;;0.043299999;0.043299999
;US-IN;1990;p99.99p100;7451243.0;;0.015900001;0.015900001
;US-IN;1990;p90p100;170977.91;;0.36520001;0.36520001
;US-IN;1990;p90p95;110459.3;;0.118;0.118
;US-IN;1990;p95p99;153510.2;;0.1312;0.1312
;US-IN;1990;p99.5p99.9;504294.69;;0.043099999;0.043099999
;US-IN;1990;p99.9p99.99;1425481.6;;0.0274;0.0274
;US-IN;1990;p99p99.5;277737.91;;0.0297;0.0297
;US-IN;1990;p95p100;231514.91;;0.2472;0.2472
;US-IN;1990;p0p90;33024.0;;0.63480002;0.63480002
;US-IN;1990;p0p99;41803.0;;0.88389999;0.88389999
;US-IN;1990;p99.5p100;808830.69;;0.086400002;0.086400002
;US-IN;1989;p0p100;158977.09;1.23067108534e+11;1.0;1.0
;US-IN;1989;p99p100;520243.5;;0.1115;0.1115
;US-IN;1989;p99.9p100;1828018.6;;0.0392;0.0392
;US-IN;1989;p99.99p100;6345959.0;;0.0136;0.0136
;US-IN;1989;p90p100;169665.3;;0.3635;0.3635
;US-IN;1989;p90p95;108634.4;;0.1164;0.1164
;US-IN;1989;p95p99;153496.3;;0.13160001;0.13160001
;US-IN;1989;p99.5p99.9;470457.91;;0.0403;0.0403
;US-IN;1989;p99.9p99.99;1279911.5;;0.024700001;0.024700001
;US-IN;1989;p99p99.5;272241.19;;0.029200001;0.029200001
;US-IN;1989;p95p100;230003.59;;0.2464;0.2464
;US-IN;1989;p0p90;33412.398;;0.64429998;0.64429998
;US-IN;1989;p0p99;41888.699;;0.88849998;0.88849998
;US-IN;1989;p99.5p100;757333.63;;0.081100002;0.081100002
;US-IN;1988;p0p100;170662.8;1.203915529e+11;1.0;1.0
;US-IN;1988;p99p100;560940.38;;0.1218;0.1218
;US-IN;1988;p99.9p100;2097920.0;;0.045600001;0.045600001
;US-IN;1988;p99.99p100;7527803.0;;0.0163;0.0163
;US-IN;1988;p90p100;172597.59;;0.37490001;0.37490001
;US-IN;1988;p90p95;107191.6;;0.1164;0.1164
;US-IN;1988;p95p99;151471.8;;0.13160001;0.13160001
;US-IN;1988;p99.5p99.9;495224.81;;0.043000001;0.043000001
;US-IN;1988;p99.9p99.99;1440858.8;;0.028200001;0.028200001
;US-IN;1988;p99p99.5;274070.0;;0.0298;0.0298
;US-IN;1988;p95p100;237160.0;;0.25749999;0.25749999
;US-IN;1988;p0p90;32472.4;;0.6347;0.6347
;US-IN;1988;p0p99;40843.398;;0.87819999;0.87819999
;US-IN;1988;p99.5p100;834411.0;;0.090599999;0.090599999
;US-IN;1987;p0p100;178256.5;1.13812497279e+11;1.0;1.0
;US-IN;1987;p99p100;453461.0;;0.1013;0.1013
;US-IN;1987;p99.9p100;1517642.8;;0.0339;0.0339
;US-IN;1987;p99.99p100;5112339.0;;0.0114;0.0114
;US-IN;1987;p90p100;158339.3;;0.3538;0.3538
;US-IN;1987;p90p95;105928.7;;0.1184;0.1184
;US-IN;1987;p95p99;146897.8;;0.1313;0.1313
;US-IN;1987;p99.5p99.9;416588.41;;0.0372;0.0372
;US-IN;1987;p99.9p99.99;1084796.0;;0.0218;0.0218
;US-IN;1987;p99p99.5;251542.3;;0.028100001;0.028100001
;US-IN;1987;p95p100;210359.09;;0.235;0.235
;US-IN;1987;p0p90;32405.1;;0.65170002;0.65170002
;US-IN;1987;p0p99;40620.199;;0.8987;0.8987
;US-IN;1987;p99.5p100;647835.0;;0.072400004;0.072400004
;US-IN;1986;p0p100;195946.8;1.16210419878e+11;1.0;1.0
;US-IN;1986;p99p100;612007.88;;0.133;0.133
;US-IN;1986;p99.9p100;2553655.0;;0.055500001;0.055500001
;US-IN;1986;p99.99p100;10349300.0;;0.022500001;0.022500001
;US-IN;1986;p90p100;175213.41;;0.38069999;0.38069999
;US-IN;1986;p90p95;104239.3;;0.1132;0.1132
;US-IN;1986;p95p99;150607.5;;0.1309;0.1309
;US-IN;1986;p99.5p99.9;516879.81;;0.0449;0.0449
;US-IN;1986;p99.9p99.99;1627094.9;;0.031800002;0.031800002
;US-IN;1986;p99p99.5;274830.0;;0.029899999;0.029899999
;US-IN;1986;p95p100;245522.7;;0.2667;0.2667
;US-IN;1986;p0p90;32054.9;;0.6268;0.6268
;US-IN;1986;p0p99;40309.699;;0.86699998;0.86699998
;US-IN;1986;p99.5p100;938834.81;;0.102;0.102
;US-IN;1985;p0p100;191845.59;1.07353238708e+11;1.0;1.0
;US-IN;1985;p99p100;461547.91;;0.1062;0.1062
;US-IN;1985;p99.9p100;1729935.3;;0.039799999;0.039799999
;US-IN;1985;p99.99p100;6401754.5;;0.0147;0.0147
;US-IN;1985;p90p100;154186.09;;0.3547;0.3547
;US-IN;1985;p90p95;101223.1;;0.1164;0.1164
;US-IN;1985;p95p99;140591.09;;0.1294;0.1294
;US-IN;1985;p99.5p99.9;398065.5;;0.036600001;0.036600001
;US-IN;1985;p99.9p99.99;1148188.3;;0.023800001;0.023800001
;US-IN;1985;p99p99.5;238001.8;;0.0274;0.0274
;US-IN;1985;p95p100;206725.59;;0.2378;0.2378
;US-IN;1985;p0p90;31482.5;;0.65170002;0.65170002
;US-IN;1985;p0p99;39251.898;;0.89380002;0.89380002
;US-IN;1985;p99.5p100;677239.13;;0.0779;0.0779
;US-IN;1984;p0p100;204782.91;1.04379909905e+11;1.0;1.0
;US-IN;1984;p99p100;434696.91;;0.1002;0.1002
;US-IN;1984;p99.9p100;1631386.1;;0.037599999;0.037599999
;US-IN;1984;p99.99p100;6290550.0;;0.0145;0.0145
;US-IN;1984;p90p100;148346.09;;0.34200001;0.34200001
;US-IN;1984;p90p95;98948.602;;0.1141;0.1141
;US-IN;1984;p95p99;136595.59;;0.126;0.126
;US-IN;1984;p99.5p99.9;373183.5;;0.034400001;0.034400001
;US-IN;1984;p99.9p99.99;1058600.9;;0.022;0.022
;US-IN;1984;p99p99.5;228245.41;;0.0263;0.0263
;US-IN;1984;p95p100;197638.09;;0.2278;0.2278
;US-IN;1984;p0p90;31944.4;;0.66280001;0.66280001
;US-IN;1984;p0p99;39424.301;;0.8998;0.8998
;US-IN;1984;p99.5p100;635214.13;;0.073200002;0.073200002
;US-IN;1983;p0p100;220520.41;98458209677.0;1.0;1.0
;US-IN;1983;p99p100;389472.41;;0.0942;0.0942
;US-IN;1983;p99.9p100;1387334.3;;0.033599999;0.033599999
;US-IN;1983;p99.99p100;5313100.5;;0.0129;0.0129
;US-IN;1983;p90p100;138896.3;;0.336;0.336
;US-IN;1983;p90p95;95508.102;;0.1155;0.1155
;US-IN;1983;p95p99;130184.3;;0.126;0.126
;US-IN;1983;p99.5p99.9;347680.09;;0.033599999;0.033599999
;US-IN;1983;p99.9p99.99;931076.31;;0.020300001;0.020300001
;US-IN;1983;p99p99.5;215958.59;;0.0261;0.0261
;US-IN;1983;p95p100;182569.0;;0.2208;0.2208
;US-IN;1983;p0p90;30579.6;;0.66570002;0.66570002
;US-IN;1983;p0p99;37827.801;;0.90579998;0.90579998
;US-IN;1983;p99.5p100;560326.88;;0.0678;0.0678
;US-IN;1982;p0p100;230029.91;98499802234.0;1.0;1.0
;US-IN;1982;p99p100;402229.69;;0.097199999;0.097199999
;US-IN;1982;p99.9p100;1555807.8;;0.037599999;0.037599999
;US-IN;1982;p99.99p100;6459763.5;;0.0156;0.0156
;US-IN;1982;p90p100;135793.59;;0.3283;0.3283
;US-IN;1982;p90p95;89257.203;;0.1079;0.1079
;US-IN;1982;p95p99;126996.5;;0.1228;0.1228
;US-IN;1982;p99.5p99.9;352951.19;;0.0341;0.0341
;US-IN;1982;p99.9p99.99;1010923.7;;0.022;0.022
;US-IN;1982;p99p99.5;210936.8;;0.0255;0.0255
;US-IN;1982;p95p100;182456.5;;0.22059999;0.22059999
;US-IN;1982;p0p90;30885.199;;0.67199999;0.67199999
;US-IN;1982;p0p99;37716.5;;0.90280002;0.90280002
;US-IN;1982;p99.5p100;593522.5;;0.071699999;0.071699999
;US-IN;1981;p0p100;265515.09;1.02581726797e+11;1.0;1.0
;US-IN;1981;p99p100;359089.09;;0.084600002;0.084600002
;US-IN;1981;p99.9p100;1088587.4;;0.025599999;0.025599999
;US-IN;1981;p99.99p100;3546097.5;;0.0083999997;0.0083999997
;US-IN;1981;p90p100;143827.8;;0.3387;0.3387
;US-IN;1981;p90p95;111113.1;;0.13079999;0.13079999
;US-IN;1981;p95p99;131635.0;;0.124;0.124
;US-IN;1981;p99.5p99.9;348494.81;;0.0328;0.0328
;US-IN;1981;p99.9p99.99;814546.13;;0.0173;0.0173
;US-IN;1981;p99p99.5;220299.41;;0.025900001;0.025900001
;US-IN;1981;p95p100;177253.7;;0.2087;0.2087
;US-IN;1981;p0p90;31176.199;;0.66079998;0.66079998
;US-IN;1981;p0p99;39264.602;;0.91540003;0.91540003
;US-IN;1981;p99.5p100;497587.31;;0.058600001;0.058600001
;US-IN;1980;p0p100;324235.81;1.03949519867e+11;1.0;1.0
;US-IN;1980;p99p100;373473.19;;0.086400002;0.086400002
;US-IN;1980;p99.9p100;1112981.5;;0.025699999;0.025699999
;US-IN;1980;p99.99p100;3517125.5;;0.0081000002;0.0081000002
;US-IN;1980;p90p100;145739.2;;0.3371;0.3371
;US-IN;1980;p90p95;108064.9;;0.125;0.125
;US-IN;1980;p95p99;135661.7;;0.12549999;0.12549999
;US-IN;1980;p99.5p99.9;359203.31;;0.033199999;0.033199999
;US-IN;1980;p99.9p99.99;845180.31;;0.0176;0.0176
;US-IN;1980;p99p99.5;236631.91;;0.0274;0.0274
;US-IN;1980;p95p100;183265.41;;0.212;0.212
;US-IN;1980;p0p90;31854.1;;0.66320002;0.66320002
;US-IN;1980;p0p99;39895.0;;0.91360003;0.91360003
;US-IN;1980;p99.5p100;510259.31;;0.059;0.059
;US-IN;1979;p0p100;423773.69;1.07658325494e+11;1.0;1.0
;US-IN;1979;p99p100;402783.41;;0.088;0.088
;US-IN;1979;p99.9p100;1197020.3;;0.0262;0.0262
;US-IN;1979;p99.99p100;3812270.5;;0.0082999999;0.0082999999
;US-IN;1979;p90p100;149690.59;;0.32699999;0.32699999
;US-IN;1979;p90p95;108632.6;;0.1187;0.1187
;US-IN;1979;p95p99;137335.2;;0.12;0.12
;US-IN;1979;p99.5p99.9;393321.41;;0.034400001;0.034400001
;US-IN;1979;p99.9p99.99;905743.13;;0.0178;0.0178
;US-IN;1979;p99p99.5;251577.8;;0.0275;0.0275
;US-IN;1979;p95p100;190417.0;;0.208;0.208
;US-IN;1979;p0p90;34246.898;;0.67330003;0.67330003
;US-IN;1979;p0p99;42168.699;;0.912;0.912
;US-IN;1979;p99.5p100;554335.5;;0.060600001;0.060600001
;US-IN;1978;p0p100;500269.41;1.04505333521e+11;1.0;1.0
;US-IN;1978;p99p100;373896.31;;0.083099999;0.083099999
;US-IN;1978;p99.9p100;998711.88;;0.0222;0.0222
;US-IN;1978;p99.99p100;2814955.0;;0.0063;0.0063
;US-IN;1978;p90p100;147186.3;;0.32710001;0.32710001
;US-IN;1978;p90p95;109218.5;;0.1213;0.1213
;US-IN;1978;p95p99;137532.41;;0.1222;0.1222
;US-IN;1978;p99.5p99.9;388074.69;;0.034499999;0.034499999
;US-IN;1978;p99.9p99.99;796481.5;;0.015900001;0.015900001
;US-IN;1978;p99p99.5;237332.59;;0.0264;0.0264
;US-IN;1978;p95p100;184797.91;;0.2053;0.2053
;US-IN;1978;p0p90;33671.102;;0.67339998;0.67339998
;US-IN;1978;p0p99;41681.301;;0.91689998;0.91689998
;US-IN;1978;p99.5p100;510496.31;;0.056699999;0.056699999
;US-IN;1977;p0p100;568147.19;1.00742703407e+11;1.0;1.0
;US-IN;1977;p99p100;363407.69;;0.0823;0.0823
;US-IN;1977;p99.9p100;1000549.7;;0.022700001;0.022700001
;US-IN;1977;p99.99p100;2841252.8;;0.0063999998;0.0063999998
;US-IN;1977;p90p100;143342.41;;0.3247;0.3247
;US-IN;1977;p90p95;102562.7;;0.1161;0.1161
;US-IN;1977;p95p99;139305.5;;0.12620001;0.12620001
;US-IN;1977;p99.5p99.9;376688.5;;0.0341;0.0341
;US-IN;1977;p99.9p99.99;795233.38;;0.0162;0.0162
;US-IN;1977;p99p99.5;225123.91;;0.0255;0.0255
;US-IN;1977;p95p100;184137.3;;0.2085;0.2085
;US-IN;1977;p0p90;33133.0;;0.67540002;0.67540002
;US-IN;1977;p0p99;40927.5;;0.91769999;0.91769999
;US-IN;1977;p99.5p100;501685.5;;0.0568;0.0568
;US-IN;1976;p0p100;630190.38;96858778941.0;1.0;1.0
;US-IN;1976;p99p100;358514.59;;0.082999997;0.082999997
;US-IN;1976;p99.9p100;939323.0;;0.0218;0.0218
;US-IN;1976;p99.99p100;2789813.3;;0.0065000001;0.0065000001
;US-IN;1976;p90p100;138934.59;;0.32179999;0.32179999
;US-IN;1976;p90p95;98128.898;;0.1136;0.1136
;US-IN;1976;p95p99;135068.91;;0.1251;0.1251
;US-IN;1976;p99.5p99.9;372241.0;;0.034499999;0.034499999
;US-IN;1976;p99.9p99.99;733835.88;;0.0153;0.0153
;US-IN;1976;p99p99.5;231043.91;;0.026799999;0.026799999
;US-IN;1976;p95p100;179757.7;;0.20819999;0.20819999
;US-IN;1976;p0p90;32536.9;;0.67820001;0.67820001
;US-IN;1976;p0p99;39990.801;;0.917;0.917
;US-IN;1976;p99.5p100;485969.69;;0.056299999;0.056299999
;US-IN;1975;p0p100;666460.63;90093451798.0;1.0;1.0
;US-IN;1975;p99p100;349457.59;;0.085600004;0.085600004
;US-IN;1975;p99.9p100;953972.88;;0.023399999;0.023399999
;US-IN;1975;p99.99p100;2830865.5;;0.0068999999;0.0068999999
;US-IN;1975;p90p100;134406.59;;0.32929999;0.32929999
;US-IN;1975;p90p95;95425.703;;0.1169;0.1169
;US-IN;1975;p95p99;129408.6;;0.1268;0.1268
;US-IN;1975;p99.5p99.9;359716.09;;0.0352;0.0352
;US-IN;1975;p99.9p99.99;745799.81;;0.0164;0.0164
;US-IN;1975;p99p99.5;220122.2;;0.027000001;0.027000001
;US-IN;1975;p95p100;173418.2;;0.2124;0.2124
;US-IN;1975;p0p90;30422.0;;0.67070001;0.67070001
;US-IN;1975;p0p99;37703.699;;0.91439998;0.91439998
;US-IN;1975;p99.5p100;478802.59;;0.058600001;0.058600001
;US-IN;1974;p0p100;843575.81;94180472105.0;1.0;1.0
;US-IN;1974;p99p100;360015.09;;0.082999997;0.082999997
;US-IN;1974;p99.9p100;997520.69;;0.023;0.023
;US-IN;1974;p99.99p100;2986088.8;;0.0068999999;0.0068999999
;US-IN;1974;p90p100;141968.3;;0.3272;0.3272
;US-IN;1974;p90p95;99730.102;;0.1149;0.1149
;US-IN;1974;p95p99;139841.7;;0.12890001;0.12890001
;US-IN;1974;p99.5p99.9;356800.19;;0.032900002;0.032900002
;US-IN;1974;p99.9p99.99;771529.5;;0.016000001;0.016000001
;US-IN;1974;p99p99.5;232477.59;;0.026799999;0.026799999
;US-IN;1974;p95p100;184233.5;;0.2123;0.2123
;US-IN;1974;p0p90;32472.0;;0.67360002;0.67360002
;US-IN;1974;p0p99;40189.301;;0.917;0.917
;US-IN;1974;p99.5p100;486489.0;;0.0561;0.0561
;US-IN;1973;p0p100;1084300.6;96648151950.0;1.0;1.0
;US-IN;1973;p99p100;373701.41;;0.082599998;0.082599998
;US-IN;1973;p99.9p100;1062898.5;;0.023499999;0.023499999
;US-IN;1973;p99.99p100;2938468.5;;0.0065000001;0.0065000001
;US-IN;1973;p90p100;142229.59;;0.31439999;0.31439999
;US-IN;1973;p90p95;99157.398;;0.1096;0.1096
;US-IN;1973;p95p99;138218.41;;0.1222;0.1222
;US-IN;1973;p99.5p99.9;381898.59;;0.033799998;0.033799998
;US-IN;1973;p99.9p99.99;853949.69;;0.017000001;0.017000001
;US-IN;1973;p99p99.5;229403.0;;0.0254;0.0254
;US-IN;1973;p95p100;185316.59;;0.20479999;0.20479999
;US-IN;1973;p0p90;34455.699;;0.68559998;0.68559998
;US-IN;1973;p0p99;41915.898;;0.9174;0.9174
;US-IN;1973;p99.5p100;518090.69;;0.057300001;0.057300001
;US-IN;1972;p0p100;1155065.8;89789689068.0;1.0;1.0
;US-IN;1972;p99p100;386719.59;;0.090599999;0.090599999
;US-IN;1972;p99.9p100;1198031.4;;0.028100001;0.028100001
;US-IN;1972;p99.99p100;4218406.0;;0.0098999999;0.0098999999
;US-IN;1972;p90p100;140083.59;;0.32800001;0.32800001
;US-IN;1972;p90p95;95670.602;;0.112;0.112
;US-IN;1972;p95p99;133955.0;;0.12549999;0.12549999
;US-IN;1972;p99.5p99.9;373702.81;;0.035;0.035
;US-IN;1972;p99.9p99.99;862358.88;;0.018200001;0.018200001
;US-IN;1972;p99p99.5;234750.0;;0.0275;0.0275
;US-IN;1972;p95p100;184508.7;;0.21600001;0.21600001
;US-IN;1972;p0p90;31888.301;;0.67199999;0.67199999
;US-IN;1972;p0p99;39232.801;;0.90939999;0.90939999
;US-IN;1972;p99.5p100;538689.13;;0.063100003;0.063100003
;US-IN;1971;p0p100;1185119.3;85006698373.0;1.0;1.0
;US-IN;1971;p99p100;357535.91;;0.086900003;0.086900003
;US-IN;1971;p99.9p100;1044945.4;;0.0254;0.0254
;US-IN;1971;p99.99p100;3579032.0;;0.0087000001;0.0087000001
;US-IN;1971;p90p100;133268.2;;0.324;0.324
;US-IN;1971;p90p95;91994.703;;0.1118;0.1118
;US-IN;1971;p95p99;128826.7;;0.12530001;0.12530001
;US-IN;1971;p99.5p99.9;352250.31;;0.034299999;0.034299999
;US-IN;1971;p99.9p99.99;763505.81;;0.0167;0.0167
;US-IN;1971;p99p99.5;224052.2;;0.0272;0.0272
;US-IN;1971;p95p100;174565.91;;0.2122;0.2122
;US-IN;1971;p0p90;30898.4;;0.676;0.676
;US-IN;1971;p0p99;37939.699;;0.9131;0.9131
;US-IN;1971;p99.5p100;490969.91;;0.059700001;0.059700001
;US-IN;1970;p0p100;1275236.6;82364045048.0;1.0;1.0
;US-IN;1970;p99p100;340412.0;;0.083800003;0.083800003
;US-IN;1970;p99.9p100;985284.5;;0.0243;0.0243
;US-IN;1970;p99.99p100;3313326.0;;0.0082;0.0082
;US-IN;1970;p90p100;128207.1;;0.31560001;0.31560001
;US-IN;1970;p90p95;90009.898;;0.1108;0.1108
;US-IN;1970;p95p99;122956.1;;0.1211;0.1211
;US-IN;1970;p99.5p99.9;336644.19;;0.033100002;0.033100002
;US-IN;1970;p99.9p99.99;726408.5;;0.016100001;0.016100001
;US-IN;1970;p99p99.5;214285.0;;0.0264;0.0264
;US-IN;1970;p95p100;166441.41;;0.20479999;0.20479999
;US-IN;1970;p0p90;30893.199;;0.68440002;0.68440002
;US-IN;1970;p0p99;37597.602;;0.91619998;0.91619998
;US-IN;1970;p99.5p100;466498.0;;0.057399999;0.057399999
;US-IN;1969;p0p100;1493020.4;85343883350.0;1.0;1.0
;US-IN;1969;p99p100;384205.31;;0.090300001;0.090300001
;US-IN;1969;p99.9p100;1241515.8;;0.029200001;0.029200001
;US-IN;1969;p99.99p100;4857498.0;;0.0114;0.0114
;US-IN;1969;p90p100;135504.5;;0.3184;0.3184
;US-IN;1969;p90p95;93473.703;;0.1098;0.1098
;US-IN;1969;p95p99;125925.5;;0.1184;0.1184
;US-IN;1969;p99.5p99.9;364805.69;;0.034299999;0.034299999
;US-IN;1969;p99.9p99.99;840606.69;;0.0178;0.0178
;US-IN;1969;p99p99.5;228190.91;;0.026799999;0.026799999
;US-IN;1969;p95p100;177566.59;;0.2086;0.2086
;US-IN;1969;p0p90;32223.6;;0.68150002;0.68150002
;US-IN;1969;p0p99;39103.398;;0.90969998;0.90969998
;US-IN;1969;p99.5p100;540291.81;;0.063500002;0.063500002
;US-IN;1968;p0p100;1638140.6;83440021806.0;1.0;1.0
;US-IN;1968;p99p100;407241.31;;0.097000003;0.097000003
;US-IN;1968;p99.9p100;1298881.3;;0.0309;0.0309
;US-IN;1968;p99.99p100;4878896.5;;0.0116;0.0116
;US-IN;1968;p90p100;135506.5;;0.32280001;0.32280001
;US-IN;1968;p90p95;88941.602;;0.1059;0.1059
;US-IN;1968;p95p99;125725.4;;0.1198;0.1198
;US-IN;1968;p99.5p99.9;396087.5;;0.037700001;0.037700001
;US-IN;1968;p99.9p99.99;902266.69;;0.019300001;0.019300001
;US-IN;1968;p99p99.5;237896.09;;0.0283;0.0283
;US-IN;1968;p95p100;182035.09;;0.2168;0.2168
;US-IN;1968;p0p90;31590.6;;0.67720002;0.67720002
;US-IN;1968;p0p99;38291.898;;0.903;0.903
;US-IN;1968;p99.5p100;576516.5;;0.068700001;0.068700001
;US-IN;1967;p0p100;1718081.9;79869780331.0;1.0;1.0
;US-IN;1967;p99p100;382452.69;;0.094300002;0.094300002
;US-IN;1967;p99.9p100;1140383.1;;0.028100001;0.028100001
;US-IN;1967;p99.99p100;4061501.8;;0.0099999998;0.0099999998
;US-IN;1967;p90p100;129056.4;;0.31819999;0.31819999
;US-IN;1967;p90p95;84115.703;;0.1037;0.1037
;US-IN;1967;p95p99;121956.0;;0.1203;0.1203
;US-IN;1967;p99.5p99.9;371699.59;;0.036699999;0.036699999
;US-IN;1967;p99.9p99.99;816071.0;;0.018100001;0.018100001
;US-IN;1967;p99p99.5;239503.09;;0.0295;0.0295
;US-IN;1967;p95p100;174039.41;;0.2146;0.2146
;US-IN;1967;p0p90;30721.9;;0.68169999;0.68169999
;US-IN;1967;p0p99;37105.199;;0.90570003;0.90570003
;US-IN;1967;p99.5p100;525464.63;;0.064800002;0.064800002
;US-IN;1966;p0p100;1791063.3;77556585031.0;1.0;1.0
;US-IN;1966;p99p100;357281.09;;0.0898;0.0898
;US-IN;1966;p99.9p100;974696.38;;0.024499999;0.024499999
;US-IN;1966;p99.99p100;3152068.3;;0.0078999996;0.0078999996
;US-IN;1966;p90p100;123373.6;;0.31009999;0.31009999
;US-IN;1966;p90p95;81914.102;;0.1029;0.1029
;US-IN;1966;p95p99;116887.3;;0.1175;0.1175
;US-IN;1966;p99.5p99.9;358089.19;;0.035999998;0.035999998
;US-IN;1966;p99.9p99.99;733058.5;;0.0166;0.0166
;US-IN;1966;p99p99.5;232071.5;;0.029200001;0.029200001
;US-IN;1966;p95p100;164957.3;;0.20730001;0.20730001
;US-IN;1966;p0p90;30498.6;;0.68989998;0.68989998
;US-IN;1966;p0p99;36580.602;;0.9102;0.9102
;US-IN;1966;p99.5p100;482193.41;;0.060600001;0.060600001
;US-IN;1965;p0p100;1826501.8;73947937600.0;1.0;1.0
;US-IN;1965;p99p100;356981.0;;0.093099996;0.093099996
;US-IN;1965;p99.9p100;1021741.0;;0.0266;0.0266
;US-IN;1965;p99.99p100;3913810.5;;0.0102;0.0102
;US-IN;1965;p90p100;123485.7;;0.322;0.322
;US-IN;1965;p90p95;82897.5;;0.1081;0.1081
;US-IN;1965;p95p99;115828.1;;0.1208;0.1208
;US-IN;1965;p99.5p99.9;356868.19;;0.0372;0.0372
;US-IN;1965;p99.9p99.99;700085.19;;0.0164;0.0164
;US-IN;1965;p99p99.5;223835.09;;0.029200001;0.029200001
;US-IN;1965;p95p100;164064.91;;0.2139;0.2139
;US-IN;1965;p0p90;28895.4;;0.67809999;0.67809999
;US-IN;1965;p0p99;35133.5;;0.90689999;0.90689999
;US-IN;1965;p99.5p100;490050.31;;0.063900001;0.063900001
;US-IN;1964;p0p100;1753790.0;67955237750.0;1.0;1.0
;US-IN;1964;p99p100;328865.81;;0.092200004;0.092200004
;US-IN;1964;p99.9p100;983029.0;;0.0276;0.0276
;US-IN;1964;p99.99p100;4395389.5;;0.0123;0.0123
;US-IN;1964;p90p100;115305.4;;0.3233;0.3233
;US-IN;1964;p90p95;79243.203;;0.1111;0.1111
;US-IN;1964;p95p99;106961.7;;0.12;0.12
;US-IN;1964;p99.5p99.9;329242.59;;0.036899999;0.036899999
;US-IN;1964;p99.9p99.99;604180.19;;0.0152;0.0152
;US-IN;1964;p99p99.5;197614.7;;0.0277;0.0277
;US-IN;1964;p95p100;151327.2;;0.2121;0.2121
;US-IN;1964;p0p90;26818.301;;0.6767;0.6767
;US-IN;1964;p0p99;32703.801;;0.90780002;0.90780002
;US-IN;1964;p99.5p100;460061.19;;0.064499997;0.064499997
;US-IN;1963;p0p100;1720754.6;64106415233.0;1.0;1.0
;US-IN;1963;p99p100;288104.69;;0.0845;0.0845
;US-IN;1963;p99.9p100;835971.81;;0.024499999;0.024499999
;US-IN;1963;p99.99p100;2557786.8;;0.0074999998;0.0074999998
;US-IN;1963;p90p100;107821.0;;0.31619999;0.31619999
;US-IN;1963;p90p95;74723.898;;0.1096;0.1096
;US-IN;1963;p95p99;104122.3;;0.1222;0.1222
;US-IN;1963;p99.5p99.9;288916.31;;0.0339;0.0339
;US-IN;1963;p99.9p99.99;645420.81;;0.017000001;0.017000001
;US-IN;1963;p99p99.5;177699.7;;0.0261;0.0261
;US-IN;1963;p95p100;140918.7;;0.2066;0.2066
;US-IN;1963;p0p90;25905.0;;0.68379998;0.68379998
;US-IN;1963;p0p99;31530.699;;0.91549999;0.91549999
;US-IN;1963;p99.5p100;398506.31;;0.058400001;0.058400001
;US-IN;1962;p0p100;1711198.3;61240297559.0;1.0;1.0
;US-IN;1962;p99p100;279968.59;;0.084799998;0.084799998
;US-IN;1962;p99.9p100;859160.38;;0.026000001;0.026000001
;US-IN;1962;p99.99p100;2891582.8;;0.0088;0.0088
;US-IN;1962;p90p100;104564.8;;0.31659999;0.31659999
;US-IN;1962;p90p95;72234.797;;0.1094;0.1094
;US-IN;1962;p95p99;101126.9;;0.1225;0.1225
;US-IN;1962;p99.5p99.9;275267.5;;0.033300001;0.033300001
;US-IN;1962;p99.9p99.99;633921.88;;0.0173;0.0173
;US-IN;1962;p99p99.5;167756.2;;0.0254;0.0254
;US-IN;1962;p95p100;136895.41;;0.20730001;0.20730001
;US-IN;1962;p0p90;25077.801;;0.68339998;0.68339998
;US-IN;1962;p0p99;30532.0;;0.9152;0.9152
;US-IN;1962;p99.5p100;392178.69;;0.0594;0.0594
;US-IN;1961;p0p100;1692815.0;58507896254.0;1.0;1.0
;US-IN;1961;p99p100;281380.69;;0.087899998;0.087899998
;US-IN;1961;p99.9p100;839033.69;;0.0262;0.0262
;US-IN;1961;p99.99p100;2726260.3;;0.0085000005;0.0085000005
;US-IN;1961;p90p100;101509.2;;0.317;0.317
;US-IN;1961;p90p95;69713.602;;0.1088;0.1088
;US-IN;1961;p95p99;96291.102;;0.1203;0.1203
;US-IN;1961;p99.5p99.9;286565.31;;0.035799999;0.035799999
;US-IN;1961;p99.9p99.99;629667.13;;0.0177;0.0177
;US-IN;1961;p99p99.5;165601.59;;0.025900001;0.025900001
;US-IN;1961;p95p100;133306.91;;0.20810001;0.20810001
;US-IN;1961;p0p90;24305.301;;0.68300003;0.68300003
;US-IN;1961;p0p99;29507.0;;0.91210002;0.91210002
;US-IN;1961;p99.5p100;397162.19;;0.061999999;0.061999999
;US-IN;1960;p0p100;1708949.1;56960759435.0;1.0;1.0
;US-IN;1960;p99p100;270149.59;;0.085299999;0.085299999
;US-IN;1960;p99.9p100;823503.81;;0.026000001;0.026000001
;US-IN;1960;p99.99p100;2616801.0;;0.0082999999;0.0082999999
;US-IN;1960;p90p100;99520.297;;0.3141;0.3141
;US-IN;1960;p90p95;68683.0;;0.1084;0.1084
;US-IN;1960;p95p99;95410.602;;0.1204;0.1204
;US-IN;1960;p99.5p99.9;265685.81;;0.033500001;0.033500001
;US-IN;1960;p99.9p99.99;625163.13;;0.0178;0.0178
;US-IN;1960;p99p99.5;162880.09;;0.025699999;0.025699999
;US-IN;1960;p95p100;130357.2;;0.2057;0.2057
;US-IN;1960;p0p90;24148.199;;0.68589997;0.68589997
;US-IN;1960;p0p99;29276.699;;0.91469997;0.91469997
;US-IN;1960;p99.5p100;377416.5;;0.059599999;0.059599999
;US-IN;1959;p0p100;1734885.6;55698599851.0;1.0;1.0
;US-IN;1959;p99p100;272937.09;;0.087800004;0.087800004
;US-IN;1959;p99.9p100;821325.81;;0.0264;0.0264
;US-IN;1959;p99.99p100;2520179.5;;0.0081000002;0.0081000002
;US-IN;1959;p90p100;98331.102;;0.3163;0.3163
;US-IN;1959;p90p95;66626.102;;0.1072;0.1072
;US-IN;1959;p95p99;94315.797;;0.1214;0.1214
;US-IN;1959;p99.5p99.9;275067.09;;0.035399999;0.035399999
;US-IN;1959;p99.9p99.99;632932.81;;0.018300001;0.018300001
;US-IN;1959;p99p99.5;161483.8;;0.026000001;0.026000001
;US-IN;1959;p95p100;130037.6;;0.20909999;0.20909999
;US-IN;1959;p0p90;23617.199;;0.68370003;0.68370003
;US-IN;1959;p0p99;28645.9;;0.91219997;0.91219997
;US-IN;1959;p99.5p100;384395.0;;0.061799999;0.061799999
;US-IN;1958;p0p100;1641868.0;51756889002.0;1.0;1.0
;US-IN;1958;p99p100;251422.2;;0.086599998;0.086599998
;US-IN;1958;p99.9p100;747371.0;;0.025800001;0.025800001
;US-IN;1958;p99.99p100;2331104.3;;0.0080000004;0.0080000004
;US-IN;1958;p90p100;91596.5;;0.31560001;0.31560001
;US-IN;1958;p90p95;62927.0;;0.1084;0.1084
;US-IN;1958;p95p99;87479.602;;0.1206;0.1206
;US-IN;1958;p99.5p99.9;251434.5;;0.034699999;0.034699999
;US-IN;1958;p99.9p99.99;571742.19;;0.0177;0.0177
;US-IN;1958;p99p99.5;152114.5;;0.0262;0.0262
;US-IN;1958;p95p100;120267.6;;0.20720001;0.20720001
;US-IN;1958;p0p90;22066.0;;0.68440002;0.68440002
;US-IN;1958;p0p99;26772.4;;0.91339999;0.91339999
;US-IN;1958;p99.5p100;350729.0;;0.060400002;0.060400002
;US-IN;1957;p0p100;1817146.8;54024146719.0;1.0;1.0
;US-IN;1957;p99p100;269890.0;;0.088699996;0.088699996
;US-IN;1957;p99.9p100;767366.19;;0.0252;0.0252
;US-IN;1957;p99.99p100;2203813.8;;0.0071999999;0.0071999999
;US-IN;1957;p90p100;95222.0;;0.31290001;0.31290001
;US-IN;1957;p90p95;64645.699;;0.1062;0.1062
;US-IN;1957;p95p99;89777.5;;0.118;0.118
;US-IN;1957;p99.5p99.9;281333.09;;0.037;0.037
;US-IN;1957;p99.9p99.99;608224.81;;0.017999999;0.017999999
;US-IN;1957;p99p99.5;161066.09;;0.0265;0.0265
;US-IN;1957;p95p100;125799.4;;0.2067;0.2067
;US-IN;1957;p0p90;23235.199;;0.68709999;0.68709999
;US-IN;1957;p0p99;28014.699;;0.9113;0.9113
;US-IN;1957;p99.5p100;378713.0;;0.062199999;0.062199999
;US-IN;1956;p0p100;1994522.6;54939639272.0;1.0;1.0
;US-IN;1956;p99p100;283577.19;;0.090999998;0.090999998
;US-IN;1956;p99.9p100;885413.5;;0.0284;0.0284
;US-IN;1956;p99.99p100;2644268.0;;0.0085000005;0.0085000005
;US-IN;1956;p90p100;94477.398;;0.30329999;0.30329999
;US-IN;1956;p90p95;61590.898;;0.098899998;0.098899998
;US-IN;1956;p95p99;88524.703;;0.1137;0.1137
;US-IN;1956;p99.5p99.9;286360.09;;0.036800001;0.036800001
;US-IN;1956;p99.9p99.99;690904.63;;0.02;0.02
;US-IN;1956;p99p99.5;160830.0;;0.025800001;0.025800001
;US-IN;1956;p95p100;127535.5;;0.20469999;0.20469999
;US-IN;1956;p0p90;24099.0;;0.69639999;0.69639999
;US-IN;1956;p0p99;28595.6;;0.90899998;0.90899998
;US-IN;1956;p99.5p100;406323.59;;0.065200001;0.065200001
;US-IN;1955;p0p100;1984583.3;52737045816.0;1.0;1.0
;US-IN;1955;p99p100;267429.69;;0.0889;0.0889
;US-IN;1955;p99.9p100;786828.63;;0.0262;0.0262
;US-IN;1955;p99.99p100;2378290.0;;0.0078999996;0.0078999996
;US-IN;1955;p90p100;92391.0;;0.3071;0.3071
;US-IN;1955;p90p95;61436.898;;0.1021;0.1021
;US-IN;1955;p95p99;87863.898;;0.1168;0.1168
;US-IN;1955;p99.5p99.9;269715.31;;0.0359;0.0359
;US-IN;1955;p99.9p99.99;610056.38;;0.018300001;0.018300001
;US-IN;1955;p99p99.5;161724.59;;0.026900001;0.026900001
;US-IN;1955;p95p100;123761.4;;0.2057;0.2057
;US-IN;1955;p0p90;23136.1;;0.69220001;0.69220001
;US-IN;1955;p0p99;27685.801;;0.91109997;0.91109997
;US-IN;1955;p99.5p100;373135.0;;0.061999999;0.061999999
;US-IN;1954;p0p100;1838003.4;48896541494.0;1.0;1.0
;US-IN;1954;p99p100;248144.2;;0.088399999;0.088399999
;US-IN;1954;p99.9p100;725835.0;;0.025900001;0.025900001
;US-IN;1954;p99.99p100;2018310.3;;0.0071999999;0.0071999999
;US-IN;1954;p90p100;83811.102;;0.29859999;0.29859999
;US-IN;1954;p90p95;54420.801;;0.096900001;0.096900001
;US-IN;1954;p95p99;79890.0;;0.1138;0.1138
;US-IN;1954;p99.5p99.9;248984.3;;0.035500001;0.035500001
;US-IN;1954;p99.9p99.99;582245.5;;0.0187;0.0187
;US-IN;1954;p99p99.5;151935.41;;0.027100001;0.027100001
;US-IN;1954;p95p100;113514.5;;0.2022;0.2022
;US-IN;1954;p0p90;21857.801;;0.7008;0.7008
;US-IN;1954;p0p99;25847.199;;0.91159999;0.91159999
;US-IN;1954;p99.5p100;344353.59;;0.061299998;0.061299998
;US-IN;1953;p0p100;1979965.9;51813918476.0;1.0;1.0
;US-IN;1953;p99p100;239724.2;;0.0801;0.0801
;US-IN;1953;p99.9p100;664881.31;;0.0222;0.0222
;US-IN;1953;p99.99p100;1723877.4;;0.0057999999;0.0057999999
;US-IN;1953;p90p100;84693.297;;0.28290001;0.28290001
;US-IN;1953;p90p95;57065.102;;0.095299996;0.095299996
;US-IN;1953;p95p99;80960.602;;0.1082;0.1082
;US-IN;1953;p99.5p99.9;247839.09;;0.033100002;0.033100002
;US-IN;1953;p99.9p99.99;548215.63;;0.0165;0.0165
;US-IN;1953;p99p99.5;148313.09;;0.024800001;0.024800001
;US-IN;1953;p95p100;112675.5;;0.1882;0.1882
;US-IN;1953;p0p90;23831.199;;0.71640003;0.71640003
;US-IN;1953;p0p99;27819.4;;0.9199;0.9199
;US-IN;1953;p99.5p100;331165.69;;0.055300001;0.055300001
;US-IN;1952;p0p100;1873141.5;48013528066.0;1.0;1.0
;US-IN;1952;p99p100;237491.59;;0.085100003;0.085100003
;US-IN;1952;p99.9p100;696224.63;;0.025;0.025
;US-IN;1952;p99.99p100;1963610.3;;0.0070000002;0.0070000002
;US-IN;1952;p90p100;84209.203;;0.30180001;0.30180001
;US-IN;1952;p90p95;57282.199;;0.1027;0.1027
;US-IN;1952;p95p99;80557.203;;0.1155;0.1155
;US-IN;1952;p99.5p99.9;239360.91;;0.034299999;0.034299999
;US-IN;1952;p99.9p99.99;556125.63;;0.017899999;0.017899999
;US-IN;1952;p99p99.5;144347.2;;0.025900001;0.025900001
;US-IN;1952;p95p100;111854.5;;0.2005;0.2005
;US-IN;1952;p0p90;21597.801;;0.69669998;0.69669998
;US-IN;1952;p0p99;25783.4;;0.9149;0.9149
;US-IN;1952;p99.5p100;330673.31;;0.059300002;0.059300002
;US-IN;1951;p0p100;1943207.9;47395755500.0;1.0;1.0
;US-IN;1951;p99p100;282984.91;;0.1021;0.1021
;US-IN;1951;p99.9p100;925377.38;;0.033399999;0.033399999
;US-IN;1951;p99.99p100;2437031.3;;0.0088;0.0088
;US-IN;1951;p90p100;88150.703;;0.31799999;0.31799999
;US-IN;1951;p90p95;56465.0;;0.1019;0.1019
;US-IN;1951;p95p99;77641.602;;0.112;0.112
;US-IN;1951;p99.5p99.9;282086.41;;0.0407;0.0407
;US-IN;1951;p99.9p99.99;758994.19;;0.024599999;0.024599999
;US-IN;1951;p99p99.5;154080.7;;0.027799999;0.027799999
;US-IN;1951;p95p100;119011.7;;0.2147;0.2147
;US-IN;1951;p0p99;19156.6;;0.68419999;0.68419999
;US-IN;1951;p99.5p100;411715.09;;0.074299999;0.074299999
;US-IN;1950;p0p100;2109113.5;43894577706.0;1.0;1.0
;US-IN;1950;p99p100;264705.69;;0.1024;0.1024
;US-IN;1950;p99.9p100;853113.13;;0.033;0.033
;US-IN;1950;p99.99p100;2161655.8;;0.0083999997;0.0083999997
;US-IN;1950;p90p100;81704.398;;0.31619999;0.31619999
;US-IN;1950;p90p95;52829.398;;0.1022;0.1022
;US-IN;1950;p95p99;71870.898;;0.1113;0.1113
;US-IN;1950;p99.5p99.9;263579.69;;0.040800001;0.040800001
;US-IN;1950;p99.9p99.99;716361.69;;0.025;0.025
;US-IN;1950;p99p99.5;148034.3;;0.0286;0.0286
;US-IN;1950;p95p100;110384.1;;0.21359999;0.21359999
;US-IN;1950;p0p90;19630.4;;0.68370003;0.68370003
;US-IN;1950;p0p99;23426.301;;0.8976;0.8976
;US-IN;1950;p99.5p100;381403.81;;0.073799998;0.073799998
;US-IN;1949;p0p100;1924140.4;38757746569.0;1.0;1.0
;US-IN;1949;p99p100;230367.41;;0.099699996;0.099699996
;US-IN;1949;p99.9p100;679831.19;;0.0294;0.0294
;US-IN;1949;p99.99p100;1871051.5;;0.0081000002;0.0081000002
;US-IN;1949;p90p100;76081.297;;0.32910001;0.32910001
;US-IN;1949;p90p95;48180.801;;0.1042;0.1042
;US-IN;1949;p95p99;72344.703;;0.1252;0.1252
;US-IN;1949;p99.5p99.9;232373.91;;0.040199999;0.040199999
;US-IN;1949;p99.9p99.99;547492.5;;0.021299999;0.021299999
;US-IN;1949;p99p99.5;138866.2;;0.029999999;0.029999999
;US-IN;1949;p95p100;103885.5;;0.2247;0.2247
;US-IN;1949;p0p90;17234.4;;0.671;0.671
;US-IN;1949;p0p99;21024.0;;0.90030003;0.90030003
;US-IN;1949;p99.5p100;321865.59;;0.069600001;0.069600001
;US-IN;1948;p0p100;1999776.3;40657617741.0;1.0;1.0
;US-IN;1948;p99p100;240376.59;;0.098099999;0.098099999
;US-IN;1948;p99.9p100;739619.81;;0.030200001;0.030200001
;US-IN;1948;p99.99p100;2077641.6;;0.0085000005;0.0085000005
;US-IN;1948;p90p100;76895.297;;0.31389999;0.31389999
;US-IN;1948;p90p95;49476.0;;0.101;0.101
;US-IN;1948;p95p99;70250.703;;0.1147;0.1147
;US-IN;1948;p99.5p99.9;242364.91;;0.0396;0.0396
;US-IN;1948;p99.9p99.99;590969.19;;0.0217;0.0217
;US-IN;1948;p99p99.5;138941.41;;0.0284;0.0284
;US-IN;1948;p95p100;104258.0;;0.2128;0.2128
;US-IN;1948;p0p90;18679.9;;0.68620002;0.68620002
;US-IN;1948;p0p99;22319.0;;0.90189999;0.90189999
;US-IN;1948;p99.5p100;341814.5;;0.069799997;0.069799997
;US-IN;1947;p0p100;2167968.8;37556808439.0;1.0;1.0
;US-IN;1947;p99p100;233698.41;;0.1022;0.1022
;US-IN;1947;p99.9p100;725277.38;;0.0317;0.0317
;US-IN;1947;p99.99p100;2255196.5;;0.0098999999;0.0098999999
;US-IN;1947;p90p100;73199.203;;0.32010001;0.32010001
;US-IN;1947;p90p95;45093.801;;0.0986;0.0986
;US-IN;1947;p95p99;68220.203;;0.1193;0.1193
;US-IN;1947;p99.5p99.9;233671.0;;0.040899999;0.040899999
;US-IN;1947;p99.9p99.99;555313.38;;0.0219;0.0219
;US-IN;1947;p99p99.5;135396.91;;0.0296;0.0296
;US-IN;1947;p95p100;101307.7;;0.22149999;0.22149999
;US-IN;1947;p0p90;17274.1;;0.67989999;0.67989999
;US-IN;1947;p0p99;20737.5;;0.89780003;0.89780003
;US-IN;1947;p99.5p100;331991.5;;0.0726;0.0726
;US-IN;1946;p0p100;2777139.5;36328695517.0;1.0;1.0
;US-IN;1946;p99p100;253018.91;;0.113;0.113
;US-IN;1946;p99.9p100;802367.5;;0.035799999;0.035799999
;US-IN;1946;p99.99p100;2537060.5;;0.0113;0.0113
;US-IN;1946;p90p100;77280.5;;0.345;0.345
;US-IN;1946;p90p95;46118.102;;0.1029;0.1029
;US-IN;1946;p95p99;72308.602;;0.12909999;0.12909999
;US-IN;1946;p99.5p99.9;252673.09;;0.0451;0.0451
;US-IN;1946;p99.9p99.99;609634.5;;0.024499999;0.024499999
;US-IN;1946;p99p99.5;143416.3;;0.032000002;0.032000002
;US-IN;1946;p95p100;108444.4;;0.2421;0.2421
;US-IN;1946;p0p90;16300.0;;0.65499997;0.65499997
;US-IN;1946;p0p99;20068.9;;0.88700002;0.88700002
;US-IN;1946;p99.5p100;362611.69;;0.080899999;0.080899999
;US-IN;1945;p0p100;3426237.5;37898418957.0;1.0;1.0
;US-IN;1945;p99p100;242595.2;;0.1034;0.1034
;US-IN;1945;p99.9p100;789152.69;;0.033599999;0.033599999
;US-IN;1945;p99.99p100;2428680.0;;0.0104;0.0104
;US-IN;1945;p90p100;74718.602;;0.31850001;0.31850001
;US-IN;1945;p90p95;46821.5;;0.099799998;0.099799998
;US-IN;1945;p95p99;67640.602;;0.1153;0.1153
;US-IN;1945;p99.5p99.9;241161.41;;0.041099999;0.041099999
;US-IN;1945;p99.9p99.99;606741.31;;0.0233;0.0233
;US-IN;1945;p99p99.5;134422.8;;0.0287;0.0287
;US-IN;1945;p95p100;102619.5;;0.21870001;0.21870001
;US-IN;1945;p0p90;17762.4;;0.68150002;0.68150002
;US-IN;1945;p0p99;21245.1;;0.89660001;0.89660001
;US-IN;1945;p99.5p100;350755.91;;0.0748;0.0748
;US-IN;1944;p0p100;3560983.0;37475418842.0;1.0;1.0
;US-IN;1944;p99p100;221255.7;;0.094899997;0.094899997
;US-IN;1944;p99.9p100;725181.81;;0.031099999;0.031099999
;US-IN;1944;p99.99p100;2203985.0;;0.0094999997;0.0094999997
;US-IN;1944;p90p100;69662.102;;0.29890001;0.29890001
;US-IN;1944;p90p95;45306.199;;0.097199999;0.097199999
;US-IN;1944;p95p99;63504.0;;0.109;0.109
;US-IN;1944;p99.5p99.9;218670.59;;0.037500001;0.037500001
;US-IN;1944;p99.9p99.99;560939.13;;0.0217;0.0217
;US-IN;1944;p99p99.5;122600.0;;0.0263;0.0263
;US-IN;1944;p95p100;94873.102;;0.2035;0.2035
;US-IN;1944;p0p90;18099.1;;0.69889998;0.69889998
;US-IN;1944;p0p99;21308.1;;0.90509999;0.90509999
;US-IN;1944;p99.5p100;319975.19;;0.068599999;0.068599999
;US-IN;1943;p0p100;3825371.0;38661133364.0;1.0;1.0
;US-IN;1943;p99p100;242421.91;;0.1002;0.1002
;US-IN;1943;p99.9p100;824542.13;;0.0341;0.0341
;US-IN;1943;p99.99p100;2322336.5;;0.0096000005;0.0096000005
;US-IN;1943;p90p100;75986.5;;0.3141;0.3141
;US-IN;1943;p90p95;49003.398;;0.1013;0.1013
;US-IN;1943;p95p99;68040.297;;0.1125;0.1125
;US-IN;1943;p99.5p99.9;241130.41;;0.039900001;0.039900001
;US-IN;1943;p99.9p99.99;658993.63;;0.024499999;0.024499999
;US-IN;1943;p99p99.5;127020.8;;0.0263;0.0263
;US-IN;1943;p95p100;102941.8;;0.2128;0.2128
;US-IN;1943;p0p90;18437.199;;0.68599999;0.68599999
;US-IN;1943;p0p99;21985.9;;0.8998;0.8998
;US-IN;1943;p99.5p100;357818.09;;0.074000001;0.074000001
;US-IN;1942;p0p100;3628337.0;32285901903.0;1.0;1.0
;US-IN;1942;p99p100;232112.5;;0.114;0.114
;US-IN;1942;p99.9p100;815380.69;;0.039999999;0.039999999
;US-IN;1942;p99.99p100;2579562.3;;0.0127;0.0127
;US-IN;1942;p90p100;69626.703;;0.34189999;0.34189999
;US-IN;1942;p90p95;43764.199;;0.1075;0.1075
;US-IN;1942;p95p99;61297.801;;0.1204;0.1204
;US-IN;1942;p99.5p99.9;227325.7;;0.0447;0.0447
;US-IN;1942;p99.9p99.99;619311.19;;0.0274;0.0274
;US-IN;1942;p99p99.5;119270.1;;0.029300001;0.029300001
;US-IN;1942;p95p100;95484.203;;0.2344;0.2344
;US-IN;1942;p0p90;14891.6;;0.65820003;0.65820003
;US-IN;1942;p0p99;18224.699;;0.88599998;0.88599998
;US-IN;1942;p99.5p100;344944.69;;0.084700003;0.084700003
;US-IN;1941;p0p100;3777832.8;27309964629.0;1.0;1.0
;US-IN;1941;p99p100;230154.0;;0.1329;0.1329
;US-IN;1941;p99.9p100;810693.19;;0.046799999;0.046799999
;US-IN;1941;p99.99p100;2549688.5;;0.0147;0.0147
;US-IN;1941;p90p100;66831.398;;0.38600001;0.38600001
;US-IN;1941;p90p95;41683.5;;0.1204;0.1204
;US-IN;1941;p95p99;57534.5;;0.1329;0.1329
;US-IN;1941;p99.5p99.9;225380.7;;0.052099999;0.052099999
;US-IN;1941;p99.9p99.99;617088.88;;0.032099999;0.032099999
;US-IN;1941;p99p99.5;117782.4;;0.034000002;0.034000002
;US-IN;1941;p95p100;92088.5;;0.26589999;0.26589999
;US-IN;1941;p0p90;11809.8;;0.61379999;0.61379999
;US-IN;1941;p0p99;15165.3;;0.8671;0.8671
;US-IN;1941;p99.5p100;342497.19;;0.098899998;0.098899998
;US-IN;1940;p0p100;3325937.3;21716971228.0;1.0;1.0
;US-IN;1940;p99p100;202722.8;;0.14659999;0.14659999
;US-IN;1940;p99.9p100;707643.19;;0.051199999;0.051199999
;US-IN;1940;p99.99p100;2156530.5;;0.0156;0.0156
;US-IN;1940;p90p100;60999.199;;0.44119999;0.44119999
;US-IN;1940;p90p95;38491.199;;0.1392;0.1392
;US-IN;1940;p95p99;53632.102;;0.1552;0.1552
;US-IN;1940;p99.5p99.9;198440.5;;0.057399999;0.057399999
;US-IN;1940;p99.9p99.99;546209.88;;0.035599999;0.035599999
;US-IN;1940;p99p99.5;105083.2;;0.037999999;0.037999999
;US-IN;1940;p95p100;83477.703;;0.3019;0.3019
;US-IN;1940;p0p90;8589.4004;;0.55909997;0.55909997
;US-IN;1940;p0p99;11918.7;;0.85339999;0.85339999
;US-IN;1940;p99.5p100;300329.31;;0.1086;0.1086
;US-IN;1939;p0p100;3231138.0;20406727015.0;1.0;1.0
;US-IN;1939;p99p100;188008.09;;0.1427;0.1427
;US-IN;1939;p99.9p100;666631.5;;0.0506;0.0506
;US-IN;1939;p99.99p100;2159221.5;;0.0164;0.0164
;US-IN;1939;p90p100;53436.602;;0.40549999;0.40549999
;US-IN;1939;p90p95;27360.699;;0.1038;0.1038
;US-IN;1939;p95p99;51868.699;;0.1574;0.1574
;US-IN;1939;p99.5p99.9;181095.3;;0.055;0.055
;US-IN;1939;p99.9p99.99;500728.69;;0.034200002;0.034200002
;US-IN;1939;p99p99.5;97776.797;;0.037099998;0.037099998
;US-IN;1939;p95p100;79123.602;;0.30019999;0.30019999
;US-IN;1939;p0p90;8728.2002;;0.59609997;0.59609997
;US-IN;1939;p0p99;11412.0;;0.85729998;0.85729998
;US-IN;1939;p99.5p100;278220.31;;0.1056;0.1056
;US-IN;1938;p0p100;2839074.3;18217357423.0;1.0;1.0
;US-IN;1938;p99p100;164771.3;;0.1383;0.1383
;US-IN;1938;p99.9p100;576483.31;;0.0484;0.0484
;US-IN;1938;p99.99p100;1899301.8;;0.015900001;0.015900001
;US-IN;1938;p90p100;46809.5;;0.3928;0.3928
;US-IN;1938;p90p95;23840.4;;0.1;0.1
;US-IN;1938;p95p99;44999.0;;0.15109999;0.15109999
;US-IN;1938;p99.5p99.9;160326.7;;0.053800002;0.053800002
;US-IN;1938;p99.9p99.99;428637.31;;0.032400001;0.032400001
;US-IN;1938;p99p99.5;85820.703;;0.035999998;0.035999998
;US-IN;1938;p95p100;68979.0;;0.2895;0.2895
;US-IN;1938;p0p90;8085.8999;;0.61070001;0.61070001
;US-IN;1938;p0p99;10371.4;;0.8617;0.8617
;US-IN;1938;p99.5p100;243683.0;;0.1023;0.1023
;US-IN;1937;p0p100;3160758.8;20798772678.0;1.0;1.0
;US-IN;1937;p99p100;188593.3;;0.13689999;0.13689999
;US-IN;1937;p99.9p100;675639.0;;0.0491;0.0491
;US-IN;1937;p99.99p100;2100070.3;;0.0152;0.0152
;US-IN;1937;p90p100;50805.301;;0.3689;0.3689
;US-IN;1937;p90p95;25811.6;;0.093699999;0.093699999
;US-IN;1937;p95p99;47145.199;;0.13689999;0.13689999
;US-IN;1937;p99.5p99.9;184195.0;;0.0535;0.0535
;US-IN;1937;p99.9p99.99;517386.91;;0.033799998;0.033799998
;US-IN;1937;p99p99.5;94704.398;;0.034400001;0.034400001
;US-IN;1937;p95p100;75429.398;;0.27379999;0.27379999
;US-IN;1937;p0p90;9678.7002;;0.63239998;0.63239998
;US-IN;1937;p0p99;12007.3;;0.86309999;0.86309999
;US-IN;1937;p99.5p100;282483.41;;0.1025;0.1025
;US-IN;1936;p0p100;3100153.8;18800999670.0;1.0;1.0
;US-IN;1936;p99p100;195211.7;;0.1551;0.1551
;US-IN;1936;p99.9p100;742368.0;;0.059;0.059
;US-IN;1936;p99.99p100;2774421.0;;0.022;0.022
;US-IN;1936;p90p100;48623.602;;0.38640001;0.38640001
;US-IN;1936;p90p95;23802.199;;0.094599999;0.094599999
;US-IN;1936;p95p99;42549.398;;0.1353;0.1353
;US-IN;1936;p99.5p99.9;186152.2;;0.0592;0.0592
;US-IN;1936;p99.9p99.99;516560.91;;0.036899999;0.036899999
;US-IN;1936;p99p99.5;93030.102;;0.037;0.037
;US-IN;1936;p95p100;73086.398;;0.2904;0.2904
;US-IN;1936;p0p90;8598.7002;;0.61500001;0.61500001
;US-IN;1936;p0p99;10738.3;;0.84490001;0.84490001
;US-IN;1936;p99.5p100;297394.91;;0.1182;0.1182
;US-IN;1935;p0p100;2804907.5;16504017703.0;1.0;1.0
;US-IN;1935;p99p100;149476.0;;0.1339;0.1339
;US-IN;1935;p99.9p100;544432.0;;0.048799999;0.048799999
;US-IN;1935;p99.99p100;1968500.4;;0.0176;0.0176
;US-IN;1935;p90p100;40997.801;;0.36719999;0.36719999
;US-IN;1935;p90p95;22028.6;;0.0986;0.0986
;US-IN;1935;p95p99;37405.898;;0.134;0.134
;US-IN;1935;p99.5p99.9;140725.0;;0.0504;0.0504
;US-IN;1935;p99.9p99.99;386193.81;;0.031099999;0.031099999
;US-IN;1935;p99p99.5;77491.297;;0.034699999;0.034699999
;US-IN;1935;p95p100;59789.699;;0.26769999;0.26769999
;US-IN;1935;p0p90;7859.7998;;0.63349998;0.63349998
;US-IN;1935;p0p99;9769.2002;;0.86610001;0.86610001
;US-IN;1935;p99.5p100;221464.7;;0.099200003;0.099200003
;US-IN;1934;p0p100;2555527.3;14151060988.0;1.0;1.0
;US-IN;1934;p99p100;132834.3;;0.1372;0.1372
;US-IN;1934;p99.9p100;481817.91;;0.049800001;0.049800001
;US-IN;1934;p99.99p100;1850708.3;;0.019099999;0.019099999
;US-IN;1934;p90p100;37203.801;;0.38420001;0.38420001
;US-IN;1934;p90p95;20285.0;;0.1047;0.1047
;US-IN;1934;p95p99;34719.199;;0.1434;0.1434
;US-IN;1934;p99.5p99.9;123489.0;;0.050999999;0.050999999
;US-IN;1934;p99.9p99.99;329698.31;;0.0306;0.0306
;US-IN;1934;p99p99.5;70509.102;;0.036400001;0.036400001
;US-IN;1934;p95p100;54357.5;;0.28060001;0.28060001
;US-IN;1934;p0p90;6614.6001;;0.61470002;0.61470002
;US-IN;1934;p0p99;8440.5;;0.8628;0.8628
;US-IN;1934;p99.5p100;195154.2;;0.1008;0.1008
;US-IN;1933;p0p100;2347584.8;12039631032.0;1.0;1.0
;US-IN;1933;p99p100;113535.0;;0.1363;0.1363
;US-IN;1933;p99.9p100;396786.91;;0.047600001;0.047600001
;US-IN;1933;p99.99p100;1469565.5;;0.0176;0.0176
;US-IN;1933;p90p100;33341.5;;0.4003;0.4003
;US-IN;1933;p90p95;20310.699;;0.1219;0.1219
;US-IN;1933;p95p99;30705.0;;0.14749999;0.14749999
;US-IN;1933;p99.5p99.9;104805.3;;0.050299998;0.050299998
;US-IN;1933;p99.9p99.99;277589.31;;0.029999999;0.029999999
;US-IN;1933;p99p99.5;63868.301;;0.0383;0.0383
;US-IN;1933;p95p100;47211.301;;0.2834;0.2834
;US-IN;1933;p0p90;5499.8999;;0.59429997;0.59429997
;US-IN;1933;p0p99;7266.2998;;0.86369997;0.86369997
;US-IN;1933;p99.5p100;163201.59;;0.097999997;0.097999997
;US-IN;1932;p0p100;2132009.5;12024529098.0;1.0;1.0
;US-IN;1932;p99p100;110848.7;;0.1319;0.1319
;US-IN;1932;p99.9p100;364540.59;;0.043400001;0.043400001
;US-IN;1932;p99.99p100;1235816.6;;0.0147;0.0147
;US-IN;1932;p90p100;34697.398;;0.41280001;0.41280001
;US-IN;1932;p90p95;22284.1;;0.13259999;0.13259999
;US-IN;1932;p95p99;32214.199;;0.1533;0.1533
;US-IN;1932;p99.5p99.9;105011.4;;0.050000001;0.050000001
;US-IN;1932;p99.9p99.99;267732.09;;0.0287;0.0287
;US-IN;1932;p99p99.5;64780.199;;0.0385;0.0385
;US-IN;1932;p95p100;47881.398;;0.28479999;0.28479999
;US-IN;1932;p0p90;5437.6001;;0.58219999;0.58219999
;US-IN;1932;p0p99;7370.2998;;0.86809999;0.86809999
;US-IN;1932;p99.5p100;156917.2;;0.0933;0.0933
;US-IN;1931;p0p100;2166562.5;15025113896.0;1.0;1.0
;US-IN;1931;p99p100;137025.3;;0.12909999;0.12909999
;US-IN;1931;p99.9p100;459794.31;;0.043299999;0.043299999
;US-IN;1931;p99.99p100;1547559.4;;0.0146;0.0146
;US-IN;1931;p90p100;38514.102;;0.3628;0.3628
;US-IN;1931;p90p95;23560.199;;0.111;0.111
;US-IN;1931;p95p99;32858.398;;0.1238;0.1238
;US-IN;1931;p99.5p99.9;131206.7;;0.049400002;0.049400002
;US-IN;1931;p99.9p99.99;338931.5;;0.0287;0.0287
;US-IN;1931;p99p99.5;77126.398;;0.0363;0.0363
;US-IN;1931;p95p100;53782.699;;0.25330001;0.25330001
;US-IN;1931;p0p90;7505.0;;0.63620001;0.63620001
;US-IN;1931;p0p99;9340.2998;;0.87089998;0.87089998
;US-IN;1931;p99.5p100;196924.2;;0.092699997;0.092699997
;US-IN;1930;p0p100;2000613.5;16478942871.0;1.0;1.0
;US-IN;1930;p99p100;164967.41;;0.14;0.14
;US-IN;1930;p99.9p100;616152.81;;0.052299999;0.052299999
;US-IN;1930;p99.99p100;2259858.5;;0.019200001;0.019200001
;US-IN;1930;p90p100;41845.699;;0.35499999;0.35499999
;US-IN;1930;p90p95;20633.1;;0.087499999;0.087499999
;US-IN;1930;p95p99;36408.898;;0.1236;0.1236
;US-IN;1930;p99.5p99.9;152816.3;;0.051899999;0.051899999
;US-IN;1930;p99.9p99.99;433518.81;;0.033100002;0.033100002
;US-IN;1930;p99p99.5;84451.297;;0.035799999;0.035799999
;US-IN;1930;p95p100;62093.102;;0.26339999;0.26339999
;US-IN;1930;p0p90;8499.4004;;0.64899999;0.64899999
;US-IN;1930;p0p99;10239.9;;0.86000001;0.86000001
;US-IN;1930;p99.5p100;245483.59;;0.1041;0.1041
;US-IN;1929;p0p100;2274193.8;19607161817.0;1.0;1.0
;US-IN;1929;p99p100;207006.91;;0.1468;0.1468
;US-IN;1929;p99.9p100;857123.81;;0.060800001;0.060800001
;US-IN;1929;p99.99p100;3633115.3;;0.025800001;0.025800001
;US-IN;1929;p90p100;47009.699;;0.33329999;0.33329999
;US-IN;1929;p90p95;19236.1;;0.0682;0.0682
;US-IN;1929;p95p99;41149.199;;0.1167;0.1167
;US-IN;1929;p99.5p99.9;182076.91;;0.051600002;0.051600002
;US-IN;1929;p99.9p99.99;548680.38;;0.035;0.035
;US-IN;1929;p99p99.5;96927.5;;0.034400001;0.034400001
;US-IN;1929;p95p100;74189.0;;0.26300001;0.26300001
;US-IN;1929;p0p90;10474.5;;0.66839999;0.66839999
;US-IN;1929;p0p99;12156.4;;0.85320002;0.85320002
;US-IN;1929;p99.5p100;317086.19;;0.1124;0.1124
;US-IN;1928;p0p100;2200979.0;18872005290.0;1.0;1.0
;US-IN;1928;p99p100;209505.3;;0.15350001;0.15350001
;US-IN;1928;p99.9p100;888213.81;;0.065099999;0.065099999
;US-IN;1928;p99.99p100;3590551.5;;0.0263;0.0263
;US-IN;1928;p90p100;47071.102;;0.3448;0.3448
;US-IN;1928;p90p95;18695.1;;0.068499997;0.068499997
;US-IN;1928;p95p99;41158.0;;0.1206;0.1206
;US-IN;1928;p99.5p99.9;184159.5;;0.054000001;0.054000001
;US-IN;1928;p99.9p99.99;587954.0;;0.038800001;0.038800001
;US-IN;1928;p99p99.5;94040.203;;0.034400001;0.034400001
;US-IN;1928;p95p100;74681.297;;0.2735;0.2735
;US-IN;1928;p0p90;9971.7998;;0.65740001;0.65740001
;US-IN;1928;p0p99;11672.4;;0.84649998;0.84649998
;US-IN;1928;p99.5p100;324970.31;;0.119;0.119
;US-IN;1927;p0p100;2035860.5;17801450696.0;1.0;1.0
;US-IN;1927;p99p100;196401.2;;0.1514;0.1514
;US-IN;1927;p99.9p100;813030.13;;0.062700003;0.062700003
;US-IN;1927;p99.99p100;3297075.5;;0.0254;0.0254
;US-IN;1927;p90p100;45398.801;;0.34990001;0.34990001
;US-IN;1927;p90p95;18548.699;;0.071500003;0.071500003
;US-IN;1927;p95p99;39862.0;;0.1229;0.1229
;US-IN;1927;p99.5p99.9;174637.09;;0.053800002;0.053800002
;US-IN;1927;p99.9p99.99;537025.0;;0.037300002;0.037300002
;US-IN;1927;p99p99.5;90486.703;;0.034899998;0.034899998
;US-IN;1927;p95p100;71077.797;;0.2739;0.2739
;US-IN;1927;p0p90;9430.7998;;0.65420002;0.65420002
;US-IN;1927;p0p99;11120.8;;0.84859997;0.84859997
;US-IN;1927;p99.5p100;302315.69;;0.1165;0.1165
;US-IN;1926;p0p100;1920927.4;17289314665.0;1.0;1.0
;US-IN;1926;p99p100;200996.8;;0.15809999;0.15809999
;US-IN;1926;p99.9p100;872219.88;;0.068599999;0.068599999
;US-IN;1926;p99.99p100;4074391.5;;0.032000002;0.032000002
;US-IN;1926;p90p100;45817.199;;0.3603;0.3603
;US-IN;1926;p90p95;17793.5;;0.07;0.07
;US-IN;1926;p95p99;39893.0;;0.12549999;0.12549999
;US-IN;1926;p99.5p99.9;171877.0;;0.054099999;0.054099999
;US-IN;1926;p99.9p99.99;516423.0;;0.036499999;0.036499999
;US-IN;1926;p99p99.5;90048.0;;0.035399999;0.035399999
;US-IN;1926;p95p100;72075.0;;0.2834;0.2834
;US-IN;1926;p0p90;9134.7002;;0.64649999;0.64649999
;US-IN;1926;p0p99;10814.7;;0.84189999;0.84189999
;US-IN;1926;p99.5p100;311945.59;;0.1227;0.1227
;US-IN;1925;p0p100;1940894.4;16989586546.0;1.0;1.0
;US-IN;1925;p99p100;181367.5;;0.14390001;0.14390001
;US-IN;1925;p99.9p100;725427.38;;0.057500001;0.057500001
;US-IN;1925;p99.99p100;2778165.8;;0.022;0.022
;US-IN;1925;p90p100;44316.898;;0.3515;0.3515
;US-IN;1925;p90p95;18228.199;;0.072300002;0.072300002
;US-IN;1925;p95p99;41160.398;;0.13060001;0.13060001
;US-IN;1925;p99.5p99.9;167431.8;;0.053100001;0.053100001
;US-IN;1925;p99.9p99.99;497345.41;;0.035500001;0.035500001
;US-IN;1925;p99p99.5;83704.203;;0.033199999;0.033199999
;US-IN;1925;p95p100;69087.0;;0.27399999;0.27399999
;US-IN;1925;p0p90;9151.0996;;0.65329999;0.65329999
;US-IN;1925;p0p99;10902.8;;0.85610002;0.85610002
;US-IN;1925;p99.5p100;279030.91;;0.1107;0.1107
;US-IN;1924;p0p100;1940835.0;15989541259.0;1.0;1.0
;US-IN;1924;p99p100;157936.91;;0.13169999;0.13169999
;US-IN;1924;p99.9p100;537984.69;;0.0449;0.0449
;US-IN;1924;p99.99p100;1503134.8;;0.0125;0.0125
;US-IN;1924;p90p100;46902.0;;0.39120001;0.39120001
;US-IN;1924;p90p95;27257.1;;0.1137;0.1137
;US-IN;1924;p95p99;43835.699;;0.1462;0.1462
;US-IN;1924;p99.5p99.9;156348.59;;0.052200001;0.052200001
;US-IN;1924;p99.9p99.99;430745.81;;0.032299999;0.032299999
;US-IN;1924;p99p99.5;83198.0;;0.034699999;0.034699999
;US-IN;1924;p95p100;66656.0;;0.278;0.278
;US-IN;1924;p0p90;8105.2998;;0.60839999;0.60839999
;US-IN;1924;p0p99;10516.2;;0.86830002;0.86830002
;US-IN;1924;p99.5p100;232675.8;;0.097000003;0.097000003
;US-IN;1923;p0p100;1944881.8;15726573330.0;1.0;1.0
;US-IN;1923;p99p100;150581.5;;0.1258;0.1258
;US-IN;1923;p99.9p100;514967.91;;0.043000001;0.043000001
;US-IN;1923;p99.99p100;1487112.8;;0.0124;0.0124
;US-IN;1923;p90p100;48564.801;;0.40580001;0.40580001
;US-IN;1923;p90p95;31429.801;;0.1313;0.1313
;US-IN;1923;p95p99;44705.898;;0.1494;0.1494
;US-IN;1923;p99.5p99.9;148553.59;;0.049600001;0.049600001
;US-IN;1923;p99.9p99.99;406953.19;;0.0306;0.0306
;US-IN;1923;p99p99.5;79326.703;;0.033100002;0.033100002
;US-IN;1923;p95p100;65881.0;;0.27520001;0.27520001
;US-IN;1923;p0p90;7892.2002;;0.59350002;0.59350002
;US-IN;1923;p0p99;10568.4;;0.87419999;0.87419999
;US-IN;1923;p99.5p100;221836.3;;0.092699997;0.092699997
;US-IN;1922;p0p100;1820140.3;14023012752.0;1.0;1.0
;US-IN;1922;p99p100;145362.8;;0.1345;0.1345
;US-IN;1922;p99.9p100;490695.5;;0.045400001;0.045400001
;US-IN;1922;p99.99p100;1347045.0;;0.0125;0.0125
;US-IN;1922;p90p100;45269.602;;0.4188;0.4188
;US-IN;1922;p90p95;27441.699;;0.1269;0.1269
;US-IN;1922;p95p99;42745.102;;0.1582;0.1582
;US-IN;1922;p99.5p99.9;141933.5;;0.052499998;0.052499998
;US-IN;1922;p99.9p99.99;395545.59;;0.032900002;0.032900002
;US-IN;1922;p99p99.5;79039.602;;0.036600001;0.036600001
;US-IN;1922;p95p100;63268.602;;0.29260001;0.29260001
;US-IN;1922;p0p90;6971.5;;0.58039999;0.58039999
;US-IN;1922;p0p99;9450.7002;;0.86549997;0.86549997
;US-IN;1922;p99.5p100;211685.91;;0.097900003;0.097900003
;US-IN;1921;p0p100;1379652.8;12001581076.0;1.0;1.0
;US-IN;1921;p99p100;123989.7;;0.1327;0.1327
;US-IN;1921;p99.9p100;398674.31;;0.0427;0.0427
;US-IN;1921;p99.99p100;1048823.5;;0.0112;0.0112
;US-IN;1921;p90p100;40556.301;;0.43419999;0.43419999
;US-IN;1921;p90p95;25443.199;;0.1362;0.1362
;US-IN;1921;p95p99;38747.898;;0.16590001;0.16590001
;US-IN;1921;p99.5p99.9;122991.6;;0.052700002;0.052700002
;US-IN;1921;p99.9p99.99;326435.5;;0.031500001;0.031500001
;US-IN;1921;p99p99.5;69851.203;;0.0374;0.0374
;US-IN;1921;p95p100;55796.301;;0.2987;0.2987
;US-IN;1921;p0p90;5865.8999;;0.56519997;0.56519997
;US-IN;1921;p0p99;8183.2002;;0.86729997;0.86729997
;US-IN;1921;p99.5p100;178128.09;;0.095299996;0.095299996
;US-IN;1920;p0p100;1335186.1;14333930735.0;1.0;1.0
;US-IN;1920;p99p100;133965.3;;0.1183;0.1183
;US-IN;1920;p99.9p100;441762.19;;0.039000001;0.039000001
;US-IN;1920;p99.99p100;1133628.4;;0.0099999998;0.0099999998
;US-IN;1920;p90p100;42570.699;;0.37580001;0.37580001
;US-IN;1920;p90p95;27193.199;;0.12;0.12
;US-IN;1920;p95p99;39197.898;;0.1384;0.1384
;US-IN;1920;p99.5p99.9;133690.09;;0.047200002;0.047200002
;US-IN;1920;p99.9p99.99;364888.09;;0.028999999;0.028999999
;US-IN;1920;p99p99.5;72626.102;;0.032099999;0.032099999
;US-IN;1920;p95p100;58151.398;;0.25670001;0.25670001
;US-IN;1920;p0p90;7845.2002;;0.62330002;0.62330002
;US-IN;1920;p0p99;10089.2;;0.88169998;0.88169998
;US-IN;1920;p99.5p100;195304.5;;0.086199999;0.086199999
;US-IN;1919;p0p100;1946316.9;15359981831.0;1.0;1.0
;US-IN;1919;p99p100;146034.3;;0.1187;0.1187
;US-IN;1919;p99.9p100;494697.09;;0.040199999;0.040199999
;US-IN;1919;p99.99p100;1375273.9;;0.0112;0.0112
;US-IN;1919;p90p100;44870.0;;0.3646;0.3646
;US-IN;1919;p90p95;25783.5;;0.1047;0.1047
;US-IN;1919;p95p99;43751.301;;0.14219999;0.14219999
;US-IN;1919;p99.5p99.9;141521.3;;0.046;0.046
;US-IN;1919;p99.9p99.99;397344.81;;0.029100001;0.029100001
;US-IN;1919;p99p99.5;79688.398;;0.032400001;0.032400001
;US-IN;1919;p95p100;64207.898;;0.2608;0.2608
;US-IN;1919;p0p90;8676.5;;0.63450003;0.63450003
;US-IN;1919;p0p99;10957.0;;0.88129997;0.88129997
;US-IN;1919;p99.5p100;212380.09;;0.086300001;0.086300001
;US-IN;1918;p0p100;2580667.5;15315409869.0;1.0;1.0
;US-IN;1918;p99p100;137168.09;;0.1109;0.1109
;US-IN;1918;p99.9p100;459537.09;;0.037099998;0.037099998
;US-IN;1918;p99.99p100;1332988.0;;0.0108;0.0108
;US-IN;1918;p90p100;43781.199;;0.35389999;0.35389999
;US-IN;1918;p90p95;24999.6;;0.101;0.101
;US-IN;1918;p95p99;44221.199;;0.14300001;0.14300001
;US-IN;1918;p99.5p99.9;130159.6;;0.042100001;0.042100001
;US-IN;1918;p99.9p99.99;362493.09;;0.0264;0.0264
;US-IN;1918;p99p99.5;78302.398;;0.031599998;0.031599998
;US-IN;1918;p95p100;62810.398;;0.25389999;0.25389999
;US-IN;1918;p0p90;8866.7998;;0.6451;0.6451
;US-IN;1918;p0p99;11110.1;;0.88910002;0.88910002
;US-IN;1918;p99.5p100;196034.3;;0.0792;0.0792
;US-IN;1917;p0p100;3782054.8;16354892527.0;1.0;1.0
;US-IN;1917;p99p100;151594.0;;0.1153;0.1153
;US-IN;1917;p99.9p100;587080.13;;0.0447;0.0447
;US-IN;1917;p99.99p100;1812461.9;;0.0138;0.0138
;US-IN;1917;p90p100;44229.398;;0.33649999;0.33649999
;US-IN;1917;p90p95;24729.5;;0.094099998;0.094099998
