Variable Name;.;.;.;Fiscal income  | tax unit | Average | Adults | constant 2015 local currency;Fiscal income  | tax unit | Total | Adults | constant 2015 local currency;Fiscal income  | tax unit | Share | Adults | share of total (ratio);Pre-tax national income  | tax unit | Share | Adults | share of total (ratio)
Variable Category;.;.;.;Income inequality;Income inequality;Income inequality;Income inequality
Variable Description;.;.;.;Average Fiscal income within a given percentile group. Fiscal income is defined as the sum of all income items reported on income tax returns, before any deduction. It includes labour income, capital income and mixed income. The concept of fiscal income varies with national tax legislations, so in order to make international comparisons it is preferable to use the concept of national income. The population is comprised of individuals over age 20. The base unit is the tax unit defined by national fiscal administrations to measure personal income taxes.;Total Fiscal income  within a given percentile group. Fiscal income is defined as the sum of all income items reported on income tax returns, before any deduction. It includes labour income, capital income and mixed income. The concept of fiscal income varies with national tax legislations, so in order to make international comparisons it is preferable to use the concept of national income. The population is comprised of individuals over age 20.;Fiscal income share held by a given percentile group. Fiscal income is defined as the sum of all income items reported on income tax returns, before any deduction. It includes labour income, capital income and mixed income. The concept of fiscal income varies with national tax legislations, so in order to make international comparisons it is preferable to use the concept of national income. The population is comprised of individuals over age 20. The base unit is the tax unit defined by national fiscal administrations to measure personal income taxes.;Pre-tax national income share held by a given percentile group. Pre-tax national income  is the sum of all pre-tax personal income flows accruing to the owners of the production factors, labor and capital, before taking into account the operation of the tax/transfer system, but after taking into account the operation of pension system. The central difference between personal factor income and pre-tax income is the treatment of pensions, which are counted on a contribution basis by factor income and on a distribution basis by pre-tax income. The population is comprised of individuals over age 20. The base unit is the tax unit defined by national fiscal administrations to measure personal income taxes.
Variable Decomposition;.;.;.;[Fiscal income ]=[Fiscal labour income ]+[Fiscal capital income ];[Fiscal income ]=[Fiscal labour income ]+[Fiscal capital income ];[Fiscal income ]=[Fiscal labour income ]+[Fiscal capital income ];Pre-tax national income =Pre-tax labor income [total pre-tax income ranking]+Pre-tax capital income [total pre-tax income ranking]
Variable Unit;.;.;.;"USD; United States dollar | local currency | market";"USD; United States dollar | local currency | market";share;share
Methodological Notes;.;.;.;;;;Assuming the same distribution as fiscal income.
Sources;.;.;.;Frank, Sommeiller, Price & Saez (2015);Frank, Sommeiller, Price & Saez (2015);Frank, Sommeiller, Price & Saez (2015);WID.world computations using: Frank, Sommeiller, Price & Saez (2015)
Variable Code;country;year;perc;afiinc992t;mfiinc992t;sfiinc992t;sptinc992t
;US-OK;2015;p0p100;64607.0;1.25472167406e+11;1.0;1.0
;US-OK;2015;p99p100;1031412.7;;0.1596;0.1596
;US-OK;2015;p99.9p100;4698871.0;;0.072700001;0.072700001
;US-OK;2015;p99.99p100;20715872.0;;0.032099999;0.032099999
;US-OK;2015;p90p100;259995.59;;0.40239999;0.40239999
;US-OK;2015;p90p95;136208.8;;0.1054;0.1054
;US-OK;2015;p95p99;221065.41;;0.13689999;0.13689999
;US-OK;2015;p99.5p99.9;847529.5;;0.052499998;0.052499998
;US-OK;2015;p99.9p99.99;2937736.5;;0.040899999;0.040899999
;US-OK;2015;p99p99.5;443991.41;;0.034400001;0.034400001
;US-OK;2015;p95p100;383357.91;;0.2967;0.2967
;US-OK;2015;p0p90;42920.398;;0.59789997;0.59789997
;US-OK;2015;p0p99;54841.301;;0.84039998;0.84039998
;US-OK;2015;p99.5p100;1617883.5;;0.1252;0.1252
;US-OK;2014;p0p100;63265.0;1.22574690115e+11;1.0;1.0
;US-OK;2014;p99p100;1052692.8;;0.16680001;0.16680001
;US-OK;2014;p99.9p100;4759443.0;;0.075400002;0.075400002
;US-OK;2014;p99.99p100;21128180.0;;0.033500001;0.033500001
;US-OK;2014;p90p100;259908.41;;0.4118;0.4118
;US-OK;2014;p90p95;133921.41;;0.1061;0.1061
;US-OK;2014;p95p99;219077.2;;0.1388;0.1388
;US-OK;2014;p99.5p99.9;877709.88;;0.055599999;0.055599999
;US-OK;2014;p99.9p99.99;2954460.0;;0.042100001;0.042100001
;US-OK;2014;p99p99.5;452012.09;;0.035799999;0.035799999
;US-OK;2014;p95p100;385772.81;;0.30559999;0.30559999
;US-OK;2014;p0p90;41236.898;;0.588;0.588
;US-OK;2014;p0p99;53119.301;;0.83319998;0.83319998
;US-OK;2014;p99.5p100;1653340.4;;0.131;0.131
;US-OK;2013;p0p100;61394.801;1.14690186063e+11;1.0;1.0
;US-OK;2013;p99p100;977928.19;;0.1649;0.1649
;US-OK;2013;p99.9p100;4426433.0;;0.074600004;0.074600004
;US-OK;2013;p99.99p100;19998728.0;;0.0337;0.0337
;US-OK;2013;p90p100;246195.8;;0.41510001;0.41510001
;US-OK;2013;p90p95;130349.4;;0.1099;0.1099
;US-OK;2013;p95p99;207870.0;;0.1402;0.1402
;US-OK;2013;p99.5p99.9;809475.19;;0.0546;0.0546
;US-OK;2013;p99.9p99.99;2698913.3;;0.041000001;0.041000001
;US-OK;2013;p99p99.5;423022.19;;0.035700001;0.035700001
;US-OK;2013;p95p100;361893.59;;0.30509999;0.30509999
;US-OK;2013;p0p90;38550.301;;0.58499998;0.58499998
;US-OK;2013;p0p99;50030.5;;0.8351;0.8351
;US-OK;2013;p99.5p100;1532924.9;;0.1292;0.1292
;US-OK;2012;p0p100;62293.199;1.11573537114e+11;1.0;1.0
;US-OK;2012;p99p100;1210246.1;;0.207;0.207
;US-OK;2012;p99.9p100;6117622.5;;0.1047;0.1047
;US-OK;2012;p99.99p100;29730088.0;;0.050900001;0.050900001
;US-OK;2012;p90p100;269747.5;;0.46149999;0.46149999
;US-OK;2012;p90p95;131377.2;;0.1124;0.1124
;US-OK;2012;p95p99;207384.0;;0.1419;0.1419
;US-OK;2012;p99.5p99.9;932460.81;;0.0638;0.0638
;US-OK;2012;p99.9p99.99;3500454.5;;0.0539;0.0539
;US-OK;2012;p99p99.5;451086.19;;0.038600001;0.038600001
;US-OK;2012;p95p100;407964.91;;0.34900001;0.34900001
;US-OK;2012;p0p90;34977.301;;0.53850001;0.53850001
;US-OK;2012;p0p99;46818.199;;0.79299998;0.79299998
;US-OK;2012;p99.5p100;1969410.8;;0.16850001;0.16850001
;US-OK;2011;p0p100;62066.102;1.0123625139e+11;1.0;1.0
;US-OK;2011;p99p100;985795.81;;0.1763;0.1763
;US-OK;2011;p99.9p100;4398787.0;;0.078699999;0.078699999
;US-OK;2011;p99.99p100;19293340.0;;0.034499999;0.034499999
;US-OK;2011;p90p100;244584.91;;0.4375;0.4375
;US-OK;2011;p90p95;129859.4;;0.1161;0.1161
;US-OK;2011;p95p99;202455.59;;0.14489999;0.14489999
;US-OK;2011;p99.5p99.9;824183.81;;0.059;0.059
;US-OK;2011;p99.9p99.99;2749942.0;;0.044300001;0.044300001
;US-OK;2011;p99p99.5;432322.31;;0.038699999;0.038699999
;US-OK;2011;p95p100;359125.41;;0.32120001;0.32120001
;US-OK;2011;p0p90;34942.102;;0.56260002;0.56260002
;US-OK;2011;p0p99;46508.801;;0.82370001;0.82370001
;US-OK;2011;p99.5p100;1539459.3;;0.13770001;0.13770001
;US-OK;2010;p0p100;66118.898;97570486933.0;1.0;1.0
;US-OK;2010;p99p100;915896.69;;0.1637;0.1637
;US-OK;2010;p99.9p100;4036266.8;;0.072099999;0.072099999
;US-OK;2010;p99.99p100;17924852.0;;0.032000002;0.032000002
;US-OK;2010;p90p100;234984.3;;0.4199;0.4199
;US-OK;2010;p90p95;128849.2;;0.1151;0.1151
;US-OK;2010;p95p99;196889.5;;0.1407;0.1407
;US-OK;2010;p99.5p99.9;768371.0;;0.054900002;0.054900002
;US-OK;2010;p99.9p99.99;2491409.3;;0.040100001;0.040100001
;US-OK;2010;p99p99.5;409421.91;;0.036600001;0.036600001
;US-OK;2010;p95p100;340674.41;;0.3044;0.3044
;US-OK;2010;p0p90;36099.801;;0.58060002;0.58060002
;US-OK;2010;p0p99;47277.0;;0.83630002;0.83630002
;US-OK;2010;p99.5p100;1422973.3;;0.12710001;0.12710001
;US-OK;2009;p0p100;64625.602;92749170619.0;1.0;1.0
;US-OK;2009;p99p100;870174.13;;0.16429999;0.16429999
;US-OK;2009;p99.9p100;4085246.3;;0.077200003;0.077200003
;US-OK;2009;p99.99p100;19666530.0;;0.037099998;0.037099998
;US-OK;2009;p90p100;224765.59;;0.42449999;0.42449999
;US-OK;2009;p90p95;127218.8;;0.1201;0.1201
;US-OK;2009;p95p99;184965.3;;0.1397;0.1397
;US-OK;2009;p99.5p99.9;694605.63;;0.052499998;0.052499998
;US-OK;2009;p99.9p99.99;2367570.3;;0.040199999;0.040199999
;US-OK;2009;p99p99.5;371942.91;;0.035100002;0.035100002
;US-OK;2009;p95p100;321945.31;;0.30399999;0.30399999
;US-OK;2009;p0p90;33836.602;;0.5751;0.5751
;US-OK;2009;p0p99;44693.199;;0.83569998;0.83569998
;US-OK;2009;p99.5p100;1369651.1;;0.1293;0.1293
;US-OK;2008;p0p100;76009.203;1.09300077001e+11;1.0;1.0
;US-OK;2008;p99p100;1180028.3;;0.1881;0.1881
;US-OK;2008;p99.9p100;6139915.0;;0.097900003;0.097900003
;US-OK;2008;p99.99p100;31144400.0;;0.049699999;0.049699999
;US-OK;2008;p90p100;265482.5;;0.4233;0.4233
;US-OK;2008;p90p95;132504.3;;0.1056;0.1056
;US-OK;2008;p95p99;203582.8;;0.12980001;0.12980001
;US-OK;2008;p99.5p99.9;885893.38;;0.056499999;0.056499999
;US-OK;2008;p99.9p99.99;3394052.5;;0.048700001;0.048700001
;US-OK;2008;p99p99.5;437227.5;;0.034899998;0.034899998
;US-OK;2008;p95p100;398232.41;;0.3175;0.3175
;US-OK;2008;p0p90;40058.801;;0.57480001;0.57480001
;US-OK;2008;p0p99;51434.301;;0.81190002;0.81190002
;US-OK;2008;p99.5p100;1927442.3;;0.15369999;0.15369999
;US-OK;2007;p0p100;83360.203;1.08184224775e+11;1.0;1.0
;US-OK;2007;p99p100;1334621.8;;0.20919999;0.20919999
;US-OK;2007;p99.9p100;7210584.0;;0.113;0.113
;US-OK;2007;p99.99p100;36678556.0;;0.057500001;0.057500001
;US-OK;2007;p90p100;282456.41;;0.44279999;0.44279999
;US-OK;2007;p90p95;135413.2;;0.1061;0.1061
;US-OK;2007;p95p99;203234.59;;0.1274;0.1274
;US-OK;2007;p99.5p99.9;975843.88;;0.0612;0.0612
;US-OK;2007;p99.9p99.99;3952144.3;;0.055799998;0.055799998
;US-OK;2007;p99p99.5;457172.81;;0.035799999;0.035799999
;US-OK;2007;p95p100;428876.19;;0.33610001;0.33610001
;US-OK;2007;p0p90;39421.199;;0.55620003;0.55620003
;US-OK;2007;p0p99;50956.5;;0.79079998;0.79079998
;US-OK;2007;p99.5p100;2215983.3;;0.1737;0.1737
;US-OK;2006;p0p100;84787.703;1.04420063088e+11;1.0;1.0
;US-OK;2006;p99p100;1227093.3;;0.2;0.2
;US-OK;2006;p99.9p100;6485518.0;;0.1057;0.1057
;US-OK;2006;p99.99p100;31809746.0;;0.051800001;0.051800001
;US-OK;2006;p90p100;264347.91;;0.43079999;0.43079999
;US-OK;2006;p90p95;122786.2;;0.1001;0.1001
;US-OK;2006;p95p99;200631.09;;0.13079999;0.13079999
;US-OK;2006;p99.5p99.9;918227.0;;0.059900001;0.059900001
;US-OK;2006;p99.9p99.99;3677650.0;;0.0539;0.0539
;US-OK;2006;p99p99.5;431583.31;;0.0352;0.0352
;US-OK;2006;p95p100;405763.5;;0.33070001;0.33070001
;US-OK;2006;p0p90;38743.199;;0.56830001;0.56830001
;US-OK;2006;p0p99;49580.0;;0.80000001;0.80000001
;US-OK;2006;p99.5p100;2026026.9;;0.16509999;0.16509999
;US-OK;2005;p0p100;83145.0;96304915735.0;1.0;1.0
;US-OK;2005;p99p100;1004592.6;;0.1781;0.1781
;US-OK;2005;p99.9p100;5008048.0;;0.088799998;0.088799998
;US-OK;2005;p99.99p100;23256012.0;;0.041200001;0.041200001
;US-OK;2005;p90p100;233842.91;;0.41460001;0.41460001
;US-OK;2005;p90p95;114032.8;;0.1011;0.1011
;US-OK;2005;p95p99;189913.5;;0.1347;0.1347
;US-OK;2005;p99.5p99.9;780489.88;;0.055300001;0.055300001
;US-OK;2005;p99.9p99.99;2979978.0;;0.047499999;0.047499999
;US-OK;2005;p99p99.5;382300.0;;0.0339;0.0339
;US-OK;2005;p95p100;353175.41;;0.31310001;0.31310001
;US-OK;2005;p0p90;36741.898;;0.5862;0.5862
;US-OK;2005;p0p99;46829.301;;0.82190001;0.82190001
;US-OK;2005;p99.5p100;1626567.0;;0.1442;0.1442
;US-OK;2004;p0p100;81432.398;87561478981.0;1.0;1.0
;US-OK;2004;p99p100;864490.63;;0.1672;0.1672
;US-OK;2004;p99.9p100;4207070.0;;0.081299998;0.081299998
;US-OK;2004;p99.99p100;19601116.0;;0.037900001;0.037900001
;US-OK;2004;p90p100;214156.59;;0.41409999;0.41409999
;US-OK;2004;p90p95;109353.2;;0.1057;0.1057
;US-OK;2004;p95p99;181946.09;;0.1407;0.1407
;US-OK;2004;p99.5p99.9;680440.13;;0.0526;0.0526
;US-OK;2004;p99.9p99.99;2499574.8;;0.043499999;0.043499999
;US-OK;2004;p99p99.5;345300.31;;0.033399999;0.033399999
;US-OK;2004;p95p100;318613.0;;0.308;0.308
;US-OK;2004;p0p90;33684.0;;0.5862;0.5862
;US-OK;2004;p0p99;43509.301;;0.83279997;0.83279997
;US-OK;2004;p99.5p100;1384342.8;;0.1338;0.1338
;US-OK;2003;p0p100;81734.5;80430502743.0;1.0;1.0
;US-OK;2003;p99p100;722712.5;;0.1468;0.1468
;US-OK;2003;p99.9p100;3189122.0;;0.064800002;0.064800002
;US-OK;2003;p99.99p100;13917619.0;;0.0283;0.0283
;US-OK;2003;p90p100;198010.3;;0.4023;0.4023
;US-OK;2003;p90p95;112157.6;;0.1139;0.1139
;US-OK;2003;p95p99;173479.2;;0.141;0.141
;US-OK;2003;p99.5p99.9;603311.5;;0.048999999;0.048999999
;US-OK;2003;p99.9p99.99;1993544.6;;0.036499999;0.036499999
;US-OK;2003;p99p99.5;323311.09;;0.0328;0.0328
;US-OK;2003;p95p100;283568.91;;0.2881;0.2881
;US-OK;2003;p0p90;32724.4;;0.5984;0.5984
;US-OK;2003;p0p99;42411.801;;0.85320002;0.85320002
;US-OK;2003;p99.5p100;1121616.9;;0.114;0.114
;US-OK;2002;p0p100;83693.898;79025303650.0;1.0;1.0
;US-OK;2002;p99p100;663538.5;;0.1376;0.1376
;US-OK;2002;p99.9p100;2751006.5;;0.057100002;0.057100002
;US-OK;2002;p99.99p100;11214998.0;;0.0233;0.0233
;US-OK;2002;p90p100;192088.5;;0.39840001;0.39840001
;US-OK;2002;p90p95;112942.5;;0.1171;0.1171
;US-OK;2002;p95p99;172490.7;;0.14309999;0.14309999
;US-OK;2002;p99.5p99.9;572977.13;;0.047499999;0.047499999
;US-OK;2002;p99.9p99.99;1804337.8;;0.0337;0.0337
;US-OK;2002;p99p99.5;315036.81;;0.032699998;0.032699998
;US-OK;2002;p95p100;270941.91;;0.28099999;0.28099999
;US-OK;2002;p0p90;32286.4;;0.60259998;0.60259998
;US-OK;2002;p0p99;42001.699;;0.8624;0.8624
;US-OK;2002;p99.5p100;1011011.2;;0.1048;0.1048
;US-OK;2001;p0p100;91306.297;81838803410.0;1.0;1.0
;US-OK;2001;p99p100;739054.38;;0.1451;0.1451
;US-OK;2001;p99.9p100;3078328.0;;0.060400002;0.060400002
;US-OK;2001;p99.99p100;12388395.0;;0.0243;0.0243
;US-OK;2001;p90p100;205028.59;;0.4025;0.4025
;US-OK;2001;p90p95;116580.8;;0.1144;0.1144
;US-OK;2001;p95p99;181379.7;;0.1424;0.1424
;US-OK;2001;p99.5p99.9;630023.88;;0.0495;0.0495
;US-OK;2001;p99.9p99.99;2049433.5;;0.036200002;0.036200002
;US-OK;2001;p99p99.5;357610.69;;0.035100002;0.035100002
;US-OK;2001;p95p100;293117.0;;0.2877;0.2877
;US-OK;2001;p0p90;33853.102;;0.59810001;0.59810001
;US-OK;2001;p0p99;43992.801;;0.8549;0.8549
;US-OK;2001;p99.5p100;1121036.8;;0.11;0.11
;US-OK;2000;p0p100;101829.8;84339021861.0;1.0;1.0
;US-OK;2000;p99p100;818861.5;;0.1523;0.1523
;US-OK;2000;p99.9p100;3524797.8;;0.0656;0.0656
;US-OK;2000;p99.99p100;14237154.0;;0.0265;0.0265
;US-OK;2000;p90p100;217378.91;;0.40439999;0.40439999
;US-OK;2000;p90p95;118224.2;;0.11;0.11
;US-OK;2000;p95p99;188851.0;;0.14049999;0.14049999
;US-OK;2000;p99.5p99.9;685899.5;;0.050999999;0.050999999
;US-OK;2000;p99.9p99.99;2350521.3;;0.0394;0.0394
;US-OK;2000;p99p99.5;375455.41;;0.034899998;0.034899998
;US-OK;2000;p95p100;315696.0;;0.29359999;0.29359999
;US-OK;2000;p0p90;35698.898;;0.5977;0.5977
;US-OK;2000;p0p99;46026.0;;0.8477;0.8477
;US-OK;2000;p99.5p100;1260095.3;;0.1172;0.1172
;US-OK;1999;p0p100;103925.2;79957043380.0;1.0;1.0
;US-OK;1999;p99p100;750457.63;;0.1461;0.1461
;US-OK;1999;p99.9p100;3118269.5;;0.060699999;0.060699999
;US-OK;1999;p99.99p100;12067862.0;;0.023499999;0.023499999
;US-OK;1999;p90p100;207926.8;;0.4048;0.4048
;US-OK;1999;p90p95;117300.4;;0.1142;0.1142
;US-OK;1999;p95p99;184785.41;;0.14390001;0.14390001
;US-OK;1999;p99.5p99.9;636673.13;;0.049600001;0.049600001
;US-OK;1999;p99.9p99.99;2148341.3;;0.037599999;0.037599999
;US-OK;1999;p99p99.5;366176.81;;0.035599999;0.035599999
;US-OK;1999;p95p100;298113.09;;0.2902;0.2902
;US-OK;1999;p0p90;33984.699;;0.59549999;0.59549999
;US-OK;1999;p0p99;44299.0;;0.85390002;0.85390002
;US-OK;1999;p99.5p100;1134617.0;;0.1105;0.1105
;US-OK;1998;p0p100;105581.1;77475155889.0;1.0;1.0
;US-OK;1998;p99p100;737674.88;;0.1473;0.1473
;US-OK;1998;p99.9p100;3156537.5;;0.063000001;0.063000001
;US-OK;1998;p99.99p100;12460871.0;;0.024900001;0.024900001
;US-OK;1998;p90p100;200990.2;;0.4014;0.4014
;US-OK;1998;p90p95;113822.0;;0.1137;0.1137
;US-OK;1998;p95p99;175024.41;;0.1398;0.1398
;US-OK;1998;p99.5p99.9;615871.38;;0.049199998;0.049199998
;US-OK;1998;p99.9p99.99;2139002.8;;0.038400002;0.038400002
;US-OK;1998;p99p99.5;350393.41;;0.035;0.035
;US-OK;1998;p95p100;287799.69;;0.28740001;0.28740001
;US-OK;1998;p0p90;33321.801;;0.59899998;0.59899998
;US-OK;1998;p0p99;43122.801;;0.8527;0.8527
;US-OK;1998;p99.5p100;1124869.8;;0.1123;0.1123
;US-OK;1997;p0p100;103915.0;73417548710.0;1.0;1.0
;US-OK;1997;p99p100;685072.19;;0.1429;0.1429
;US-OK;1997;p99.9p100;2859824.8;;0.059700001;0.059700001
;US-OK;1997;p99.99p100;11534628.0;;0.0241;0.0241
;US-OK;1997;p90p100;191184.0;;0.3989;0.3989
;US-OK;1997;p90p95;110534.0;;0.1153;0.1153
;US-OK;1997;p95p99;168162.7;;0.14030001;0.14030001
;US-OK;1997;p99.5p99.9;589406.81;;0.049199998;0.049199998
;US-OK;1997;p99.9p99.99;1901913.1;;0.035700001;0.035700001
;US-OK;1997;p99p99.5;325770.09;;0.034000002;0.034000002
;US-OK;1997;p95p100;271637.69;;0.2834;0.2834
;US-OK;1997;p0p90;32028.699;;0.60140002;0.60140002
;US-OK;1997;p0p99;41495.0;;0.85710001;0.85710001
;US-OK;1997;p99.5p100;1044136.9;;0.1089;0.1089
;US-OK;1996;p0p100;104089.9;68784225095.0;1.0;1.0
;US-OK;1996;p99p100;601893.69;;0.13079999;0.13079999
;US-OK;1996;p99.9p100;2367601.5;;0.0515;0.0515
;US-OK;1996;p99.99p100;9066425.0;;0.0197;0.0197
;US-OK;1996;p90p100;177908.7;;0.3867;0.3867
;US-OK;1996;p90p95;105386.3;;0.1145;0.1145
;US-OK;1996;p95p99;162375.0;;0.14120001;0.14120001
;US-OK;1996;p99.5p99.9;535318.63;;0.046500001;0.046500001
;US-OK;1996;p99.9p99.99;1621559.0;;0.0317;0.0317
;US-OK;1996;p99p99.5;299114.59;;0.032499999;0.032499999
;US-OK;1996;p95p100;250329.91;;0.2721;0.2721
;US-OK;1996;p0p90;31371.9;;0.61379999;0.61379999
;US-OK;1996;p0p99;40386.898;;0.86919999;0.86919999
;US-OK;1996;p99.5p100;904027.31;;0.098300003;0.098300003
;US-OK;1995;p0p100;106359.0;65098477664.0;1.0;1.0
;US-OK;1995;p99p100;532599.38;;0.1194;0.1194
;US-OK;1995;p99.9p100;1929215.0;;0.043299999;0.043299999
;US-OK;1995;p99.99p100;6807935.0;;0.0153;0.0153
;US-OK;1995;p90p100;168770.2;;0.3784;0.3784
;US-OK;1995;p90p95;105359.6;;0.1181;0.1181
;US-OK;1995;p95p99;157015.8;;0.1408;0.1408
;US-OK;1995;p99.5p99.9;491952.59;;0.044100001;0.044100001
;US-OK;1995;p99.9p99.99;1387445.6;;0.028000001;0.028000001
;US-OK;1995;p99p99.5;284017.19;;0.031800002;0.031800002
;US-OK;1995;p95p100;232103.0;;0.26019999;0.26019999
;US-OK;1995;p0p90;30814.199;;0.62180001;0.62180001
;US-OK;1995;p0p99;39669.5;;0.88059998;0.88059998
;US-OK;1995;p99.5p100;780894.19;;0.087499999;0.087499999
;US-OK;1994;p0p100;108523.9;63325871035.0;1.0;1.0
;US-OK;1994;p99p100;535692.13;;0.1235;0.1235
;US-OK;1994;p99.9p100;2113954.3;;0.048700001;0.048700001
;US-OK;1994;p99.99p100;8373659.5;;0.019300001;0.019300001
;US-OK;1994;p90p100;165386.0;;0.3811;0.3811
;US-OK;1994;p90p95;102240.4;;0.1178;0.1178
;US-OK;1994;p95p99;151716.3;;0.1399;0.1399
;US-OK;1994;p99.5p99.9;476560.91;;0.043900002;0.043900002
;US-OK;1994;p99.9p99.99;1417597.4;;0.0294;0.0294
;US-OK;1994;p99p99.5;267028.59;;0.0308;0.0308
;US-OK;1994;p95p100;228495.5;;0.2633;0.2633
;US-OK;1994;p0p90;29840.5;;0.6189;0.6189
;US-OK;1994;p0p99;38418.898;;0.87650001;0.87650001
;US-OK;1994;p99.5p100;804313.13;;0.092699997;0.092699997
;US-OK;1993;p0p100;112544.9;62379637660.0;1.0;1.0
;US-OK;1993;p99p100;514820.0;;0.1193;0.1193
;US-OK;1993;p99.9p100;1943221.5;;0.045000002;0.045000002
;US-OK;1993;p99.99p100;7370704.0;;0.017100001;0.017100001
;US-OK;1993;p90p100;161635.91;;0.37470001;0.37470001
;US-OK;1993;p90p95;101013.9;;0.1171;0.1171
;US-OK;1993;p95p99;149087.3;;0.1382;0.1382
;US-OK;1993;p99.5p99.9;468583.09;;0.043400001;0.043400001
;US-OK;1993;p99.9p99.99;1337082.3;;0.027899999;0.027899999
;US-OK;1993;p99p99.5;264909.59;;0.0307;0.0307
;US-OK;1993;p95p100;222203.7;;0.25749999;0.25749999
;US-OK;1993;p0p90;29982.9;;0.62550002;0.62550002
;US-OK;1993;p0p99;38373.699;;0.88069999;0.88069999
;US-OK;1993;p99.5p100;764451.63;;0.088600002;0.088600002
;US-OK;1992;p0p100;119804.8;62467809836.0;1.0;1.0
;US-OK;1992;p99p100;542386.38;;0.124;0.124
;US-OK;1992;p99.9p100;2109958.5;;0.0482;0.0482
;US-OK;1992;p99.99p100;8153080.0;;0.0186;0.0186
;US-OK;1992;p90p100;165567.41;;0.3786;0.3786
;US-OK;1992;p90p95;103369.3;;0.1182;0.1182
;US-OK;1992;p95p99;149187.5;;0.1365;0.1365
;US-OK;1992;p99.5p99.9;489990.41;;0.044799998;0.044799998
;US-OK;1992;p99.9p99.99;1437922.8;;0.0296;0.0296
;US-OK;1992;p99p99.5;270280.19;;0.0309;0.0309
;US-OK;1992;p95p100;227835.7;;0.26050001;0.26050001
;US-OK;1992;p0p90;30194.1;;0.6214;0.6214
;US-OK;1992;p0p99;38694.5;;0.87599999;0.87599999
;US-OK;1992;p99.5p100;814402.0;;0.093099996;0.093099996
;US-OK;1991;p0p100;124579.1;61339534755.0;1.0;1.0
;US-OK;1991;p99p100;497733.5;;0.1151;0.1151
;US-OK;1991;p99.9p100;1781354.4;;0.041200001;0.041200001
;US-OK;1991;p99.99p100;6352014.5;;0.0147;0.0147
;US-OK;1991;p90p100;161149.3;;0.37259999;0.37259999
;US-OK;1991;p90p95;104966.2;;0.1213;0.1213
;US-OK;1991;p95p99;147477.41;;0.1364;0.1364
;US-OK;1991;p99.5p99.9;465208.31;;0.043000001;0.043000001
;US-OK;1991;p99.9p99.99;1273157.3;;0.0265;0.0265
;US-OK;1991;p99p99.5;266751.81;;0.0308;0.0308
;US-OK;1991;p95p100;217513.09;;0.25139999;0.25139999
;US-OK;1991;p0p90;30144.5;;0.62720001;0.62720001
;US-OK;1991;p0p99;38662.398;;0.88489997;0.88489997
;US-OK;1991;p99.5p100;728727.81;;0.084200002;0.084200002
;US-OK;1990;p0p100;137269.59;62870980131.0;1.0;1.0
;US-OK;1990;p99p100;536464.0;;0.1208;0.1208
;US-OK;1990;p99.9p100;2022763.0;;0.045499999;0.045499999
;US-OK;1990;p99.99p100;7517577.5;;0.016899999;0.016899999
;US-OK;1990;p90p100;164828.91;;0.37110001;0.37110001
;US-OK;1990;p90p95;104374.0;;0.1175;0.1175
;US-OK;1990;p95p99;147479.0;;0.1328;0.1328
;US-OK;1990;p99.5p99.9;495678.81;;0.044599999;0.044599999
;US-OK;1990;p99.9p99.99;1413470.8;;0.0286;0.0286
;US-OK;1990;p99p99.5;271611.31;;0.0306;0.0306
;US-OK;1990;p95p100;225298.09;;0.2536;0.2536
;US-OK;1990;p0p90;31037.9;;0.62889999;0.62889999
;US-OK;1990;p0p99;39446.5;;0.87919998;0.87919998
;US-OK;1990;p99.5p100;801129.19;;0.0902;0.0902
;US-OK;1989;p0p100;149380.5;62635846029.0;1.0;1.0
;US-OK;1989;p99p100;514841.19;;0.1174;0.1174
;US-OK;1989;p99.9p100;1896113.3;;0.043200001;0.043200001
;US-OK;1989;p99.99p100;6899187.5;;0.015699999;0.015699999
;US-OK;1989;p90p100;160192.7;;0.3653;0.3653
;US-OK;1989;p90p95;99657.797;;0.1136;0.1136
;US-OK;1989;p95p99;143868.7;;0.1312;0.1312
;US-OK;1989;p99.5p99.9;462174.81;;0.042199999;0.042199999
;US-OK;1989;p99.9p99.99;1305274.5;;0.026799999;0.026799999
;US-OK;1989;p99p99.5;261767.09;;0.0298;0.0298
;US-OK;1989;p95p100;220257.41;;0.2511;0.2511
;US-OK;1989;p0p90;31216.801;;0.64060003;0.64060003
;US-OK;1989;p0p99;39097.5;;0.88260001;0.88260001
;US-OK;1989;p99.5p100;760151.31;;0.0867;0.0867
;US-OK;1988;p0p100;163885.09;62642055049.0;1.0;1.0
;US-OK;1988;p99p100;540125.69;;0.1222;0.1222
;US-OK;1988;p99.9p100;2082485.8;;0.0471;0.0471
;US-OK;1988;p99.99p100;7703292.0;;0.0174;0.0174
;US-OK;1988;p90p100;161212.2;;0.3646;0.3646
;US-OK;1988;p90p95;98229.398;;0.1111;0.1111
;US-OK;1988;p95p99;140753.2;;0.12729999;0.12729999
;US-OK;1988;p99.5p99.9;474399.0;;0.0429;0.0429
;US-OK;1988;p99.9p99.99;1414113.8;;0.0288;0.0288
;US-OK;1988;p99p99.5;258915.0;;0.029300001;0.029300001
;US-OK;1988;p95p100;223554.09;;0.25279999;0.25279999
;US-OK;1988;p0p90;31598.9;;0.64319998;0.64319998
;US-OK;1988;p0p99;39206.602;;0.87779999;0.87779999
;US-OK;1988;p99.5p100;810842.0;;0.091700003;0.091700003
;US-OK;1987;p0p100;170740.0;60947731194.0;1.0;1.0
;US-OK;1987;p99p100;453358.91;;0.1058;0.1058
;US-OK;1987;p99.9p100;1587095.4;;0.037;0.037
;US-OK;1987;p99.99p100;5592221.0;;0.013;0.013
;US-OK;1987;p90p100;151342.09;;0.3531;0.3531
;US-OK;1987;p90p95;98621.203;;0.115;0.115
;US-OK;1987;p95p99;139591.59;;0.1303;0.1303
;US-OK;1987;p99.5p99.9;414078.41;;0.038600001;0.038600001
;US-OK;1987;p99.9p99.99;1117422.9;;0.023499999;0.023499999
;US-OK;1987;p99p99.5;244962.0;;0.0286;0.0286
;US-OK;1987;p95p100;203803.59;;0.2377;0.2377
;US-OK;1987;p0p90;31001.0;;0.65100002;0.65100002
;US-OK;1987;p0p99;38715.199;;0.89420003;0.89420003
;US-OK;1987;p99.5p100;656517.19;;0.0766;0.0766
;US-OK;1986;p0p100;198965.7;67162581556.0;1.0;1.0
;US-OK;1986;p99p100;636474.63;;0.1362;0.1362
;US-OK;1986;p99.9p100;2764668.0;;0.0592;0.0592
;US-OK;1986;p99.99p100;11669758.0;;0.025;0.025
;US-OK;1986;p90p100;174593.8;;0.37360001;0.37360001
;US-OK;1986;p90p95;100883.9;;0.1079;0.1079
;US-OK;1986;p95p99;148620.41;;0.12720001;0.12720001
;US-OK;1986;p99.5p99.9;532313.38;;0.045600001;0.045600001
;US-OK;1986;p99.9p99.99;1733348.3;;0.033399999;0.033399999
;US-OK;1986;p99p99.5;277592.59;;0.0297;0.0297
;US-OK;1986;p95p100;247885.09;;0.26519999;0.26519999
;US-OK;1986;p0p90;32780.602;;0.63129997;0.63129997
;US-OK;1986;p0p99;40778.801;;0.86379999;0.86379999
;US-OK;1986;p99.5p100;988561.69;;0.1058;0.1058
;US-OK;1985;p0p100;204895.59;65641228085.0;1.0;1.0
;US-OK;1985;p99p100;586927.38;;0.12639999;0.12639999
;US-OK;1985;p99.9p100;2495163.0;;0.0537;0.0537
;US-OK;1985;p99.99p100;10650008.0;;0.0229;0.0229
;US-OK;1985;p90p100;171726.0;;0.3698;0.3698
;US-OK;1985;p90p95;103726.3;;0.1117;0.1117
;US-OK;1985;p95p99;153318.7;;0.1321;0.1321
;US-OK;1985;p99.5p99.9;497812.41;;0.0429;0.0429
;US-OK;1985;p99.9p99.99;1600421.6;;0.030999999;0.030999999
;US-OK;1985;p99p99.5;279687.59;;0.030099999;0.030099999
;US-OK;1985;p95p100;239779.0;;0.25819999;0.25819999
;US-OK;1985;p0p90;32464.4;;0.6293;0.6293
;US-OK;1985;p0p99;40972.602;;0.87360001;0.87360001
;US-OK;1985;p99.5p100;895300.13;;0.0964;0.0964
;US-OK;1984;p0p100;208846.7;64927015593.0;1.0;1.0
;US-OK;1984;p99p100;572698.31;;0.1295;0.1295
;US-OK;1984;p99.9p100;2475341.0;;0.056000002;0.056000002
;US-OK;1984;p99.99p100;11199398.0;;0.0253;0.0253
;US-OK;1984;p90p100;168303.0;;0.38049999;0.38049999
;US-OK;1984;p90p95;101993.6;;0.1153;0.1153
;US-OK;1984;p95p99;151011.3;;0.1365;0.1365
;US-OK;1984;p99.5p99.9;481132.31;;0.043499999;0.043499999
;US-OK;1984;p99.9p99.99;1541944.8;;0.031399999;0.031399999
;US-OK;1984;p99p99.5;274369.0;;0.030999999;0.030999999
;US-OK;1984;p95p100;234659.91;;0.26519999;0.26519999
;US-OK;1984;p0p90;30326.199;;0.61699998;0.61699998
;US-OK;1984;p0p99;38899.801;;0.87050003;0.87050003
;US-OK;1984;p99.5p100;874126.31;;0.098800004;0.098800004
;US-OK;1983;p0p100;247206.8;63666969790.0;1.0;1.0
;US-OK;1983;p99p100;542604.69;;0.1171;0.1171
;US-OK;1983;p99.9p100;2229084.3;;0.048099998;0.048099998
;US-OK;1983;p99.99p100;9819411.0;;0.021199999;0.021199999
;US-OK;1983;p90p100;166760.5;;0.35980001;0.35980001
;US-OK;1983;p90p95;103996.8;;0.1122;0.1122
;US-OK;1983;p95p99;151572.09;;0.13079999;0.13079999
;US-OK;1983;p99.5p99.9;468852.0;;0.0405;0.0405
;US-OK;1983;p99.9p99.99;1411026.6;;0.0274;0.0274
;US-OK;1983;p99p99.5;272353.69;;0.0294;0.0294
;US-OK;1983;p95p100;229268.41;;0.2473;0.2473
;US-OK;1983;p0p90;32884.102;;0.63859999;0.63859999
;US-OK;1983;p0p99;41334.801;;0.8829;0.8829
;US-OK;1983;p99.5p100;815625.63;;0.088;0.088
;US-OK;1982;p0p100;265644.69;65614939679.0;1.0;1.0
;US-OK;1982;p99p100;532615.88;;0.1115;0.1115
;US-OK;1982;p99.9p100;2060136.3;;0.043099999;0.043099999
;US-OK;1982;p99.99p100;8553752.0;;0.017899999;0.017899999
;US-OK;1982;p90p100;164326.09;;0.34400001;0.34400001
;US-OK;1982;p90p95;103640.6;;0.1085;0.1085
;US-OK;1982;p95p99;148615.09;;0.1245;0.1245
;US-OK;1982;p99.5p99.9;467363.41;;0.039099999;0.039099999
;US-OK;1982;p99.9p99.99;1338623.4;;0.0252;0.0252
;US-OK;1982;p99p99.5;279313.81;;0.029200001;0.029200001
;US-OK;1982;p95p100;224514.8;;0.235;0.235
;US-OK;1982;p0p90;34792.0;;0.65560001;0.65560001
;US-OK;1982;p0p99;42868.102;;0.88849998;0.88849998
;US-OK;1982;p99.5p100;785918.0;;0.0823;0.0823
;US-OK;1981;p0p100;297205.0;62700399031.0;1.0;1.0
;US-OK;1981;p99p100;526958.63;;0.1109;0.1109
;US-OK;1981;p99.9p100;1922087.3;;0.040399998;0.040399998
;US-OK;1981;p99.99p100;6467549.0;;0.0136;0.0136
;US-OK;1981;p90p100;169424.3;;0.3565;0.3565
;US-OK;1981;p90p95;106697.2;;0.1122;0.1122
;US-OK;1981;p95p99;158229.09;;0.1332;0.1332
;US-OK;1981;p99.5p99.9;471861.59;;0.039700001;0.039700001
;US-OK;1981;p99.9p99.99;1415623.3;;0.026799999;0.026799999
;US-OK;1981;p99p99.5;292366.09;;0.0308;0.0308
;US-OK;1981;p95p100;231863.91;;0.2439;0.2439
;US-OK;1981;p0p90;33996.398;;0.6437;0.6437
;US-OK;1981;p0p99;42688.102;;0.88910002;0.88910002
;US-OK;1981;p99.5p100;761558.38;;0.0801;0.0801
;US-OK;1980;p0p100;342555.91;59295430931.0;1.0;1.0
;US-OK;1980;p99p100;520779.5;;0.114;0.114
;US-OK;1980;p99.9p100;1914338.0;;0.041900001;0.041900001
;US-OK;1980;p99.99p100;7742125.0;;0.017000001;0.017000001
;US-OK;1980;p90p100;163896.7;;0.35879999;0.35879999
;US-OK;1980;p90p95;104163.2;;0.114;0.114
;US-OK;1980;p95p99;149496.5;;0.1309;0.1309
;US-OK;1980;p99.5p99.9;471458.09;;0.041299999;0.041299999
;US-OK;1980;p99.9p99.99;1267402.8;;0.025;0.025
;US-OK;1980;p99p99.5;281862.91;;0.0309;0.0309
;US-OK;1980;p95p100;223686.09;;0.2449;0.2449
;US-OK;1980;p0p90;32528.199;;0.64099997;0.64099997
;US-OK;1980;p0p99;40874.398;;0.88599998;0.88599998
;US-OK;1980;p99.5p100;759736.88;;0.0832;0.0832
;US-OK;1979;p0p100;405935.0;56279618673.0;1.0;1.0
;US-OK;1979;p99p100;462254.5;;0.1054;0.1054
;US-OK;1979;p99.9p100;1610135.3;;0.036699999;0.036699999
;US-OK;1979;p99.99p100;6323771.5;;0.0144;0.0144
;US-OK;1979;p90p100;153755.7;;0.35069999;0.35069999
;US-OK;1979;p90p95;100014.2;;0.114;0.114
;US-OK;1979;p95p99;143854.8;;0.1312;0.1312
;US-OK;1979;p99.5p99.9;432133.0;;0.0394;0.0394
;US-OK;1979;p99.9p99.99;1086323.8;;0.022299999;0.022299999
;US-OK;1979;p99p99.5;256635.91;;0.029300001;0.029300001
;US-OK;1979;p95p100;207543.3;;0.2367;0.2367
;US-OK;1979;p0p90;31634.801;;0.64929998;0.64929998
;US-OK;1979;p0p99;39621.602;;0.89459997;0.89459997
;US-OK;1979;p99.5p100;667743.38;;0.076099999;0.076099999
;US-OK;1978;p0p100;459102.59;51562588243.0;1.0;1.0
;US-OK;1978;p99p100;392926.5;;0.095100001;0.095100001
;US-OK;1978;p99.9p100;1110242.4;;0.026900001;0.026900001
;US-OK;1978;p99.99p100;3241996.0;;0.0077999998;0.0077999998
;US-OK;1978;p90p100;144961.91;;0.35100001;0.35100001
;US-OK;1978;p90p95;95503.602;;0.1156;0.1156
;US-OK;1978;p95p99;144996.8;;0.14040001;0.14040001
;US-OK;1978;p99.5p99.9;393056.81;;0.0381;0.0381
;US-OK;1978;p99.9p99.99;873023.31;;0.018999999;0.018999999
;US-OK;1978;p99p99.5;249267.7;;0.030200001;0.030200001
;US-OK;1978;p95p100;194571.3;;0.23559999;0.23559999
;US-OK;1978;p0p90;29774.0;;0.64880002;0.64880002
;US-OK;1978;p0p99;37748.398;;0.90490001;0.90490001
;US-OK;1978;p99.5p100;536622.31;;0.064999998;0.064999998
;US-OK;1977;p0p100;510820.59;48595126552.0;1.0;1.0
;US-OK;1977;p99p100;399419.59;;0.1006;0.1006
;US-OK;1977;p99.9p100;1261965.8;;0.031800002;0.031800002
;US-OK;1977;p99.99p100;4291539.0;;0.0108;0.0108
;US-OK;1977;p90p100;140364.3;;0.3536;0.3536
;US-OK;1977;p90p95;92222.398;;0.1162;0.1162
;US-OK;1977;p95p99;135780.8;;0.13680001;0.13680001
;US-OK;1977;p99.5p99.9;391626.81;;0.039500002;0.039500002
;US-OK;1977;p99.9p99.99;925328.69;;0.021;0.021
;US-OK;1977;p99p99.5;233125.0;;0.0294;0.0294
;US-OK;1977;p95p100;188494.59;;0.2374;0.2374
;US-OK;1977;p0p90;28512.0;;0.64639997;0.64639997
;US-OK;1977;p0p99;36063.699;;0.8994;0.8994
;US-OK;1977;p99.5p100;565621.0;;0.071199998;0.071199998
;US-OK;1976;p0p100;565165.38;46504562974.0;1.0;1.0
;US-OK;1976;p99p100;386111.19;;0.099699996;0.099699996
;US-OK;1976;p99.9p100;1230620.3;;0.031800002;0.031800002
;US-OK;1976;p99.99p100;3971142.8;;0.0103;0.0103
;US-OK;1976;p90p100;135791.2;;0.35069999;0.35069999
;US-OK;1976;p90p95;89973.898;;0.1162;0.1162
;US-OK;1976;p95p99;130458.9;;0.1348;0.1348
;US-OK;1976;p99.5p99.9;375754.5;;0.038800001;0.038800001
;US-OK;1976;p99.9p99.99;926158.5;;0.021500001;0.021500001
;US-OK;1976;p99p99.5;225743.91;;0.029200001;0.029200001
;US-OK;1976;p95p100;181591.09;;0.23450001;0.23450001
;US-OK;1976;p0p90;27935.1;;0.64929998;0.64929998
;US-OK;1976;p0p99;35212.0;;0.90030003;0.90030003
;US-OK;1976;p99.5p100;546532.31;;0.070600003;0.070600003
;US-OK;1975;p0p100;608995.31;43981152077.0;1.0;1.0
;US-OK;1975;p99p100;366671.41;;0.098300003;0.098300003
;US-OK;1975;p99.9p100;1132629.1;;0.030400001;0.030400001
;US-OK;1975;p99.99p100;3466561.5;;0.0093;0.0093
;US-OK;1975;p90p100;130109.5;;0.3488;0.3488
;US-OK;1975;p90p95;86916.703;;0.1165;0.1165
;US-OK;1975;p95p99;124929.2;;0.134;0.134
;US-OK;1975;p99.5p99.9;358693.5;;0.0385;0.0385
;US-OK;1975;p99.9p99.99;873620.5;;0.0211;0.0211
;US-OK;1975;p99p99.5;220192.5;;0.0295;0.0295
;US-OK;1975;p95p100;173282.0;;0.2323;0.2323
;US-OK;1975;p0p90;26988.6;;0.6512;0.6512
;US-OK;1975;p0p99;33974.398;;0.90170002;0.90170002
;US-OK;1975;p99.5p100;513285.59;;0.068800002;0.068800002
;US-OK;1974;p0p100;741992.38;44162261465.0;1.0;1.0
;US-OK;1974;p99p100;365571.0;;0.095799997;0.095799997
;US-OK;1974;p99.9p100;1103579.8;;0.028899999;0.028899999
;US-OK;1974;p99.99p100;3587065.0;;0.0093999999;0.0093999999
;US-OK;1974;p90p100;132229.59;;0.34650001;0.34650001
;US-OK;1974;p90p95;88351.102;;0.1158;0.1158
;US-OK;1974;p95p99;128792.4;;0.13500001;0.13500001
;US-OK;1974;p99.5p99.9;357989.5;;0.037500001;0.037500001
;US-OK;1974;p99.9p99.99;828348.13;;0.0195;0.0195
;US-OK;1974;p99p99.5;224371.5;;0.0294;0.0294
;US-OK;1974;p95p100;176105.0;;0.2307;0.2307
;US-OK;1974;p0p90;27706.1;;0.6534;0.6534
;US-OK;1974;p0p99;34855.602;;0.90420002;0.90420002
;US-OK;1974;p99.5p100;506904.59;;0.066399999;0.066399999
;US-OK;1973;p0p100;916758.63;43470543610.0;1.0;1.0
;US-OK;1973;p99p100;366055.19;;0.095700003;0.095700003
;US-OK;1973;p99.9p100;1050325.5;;0.0275;0.0275
;US-OK;1973;p99.99p100;2954099.0;;0.0077;0.0077
;US-OK;1973;p90p100;134375.7;;0.35139999;0.35139999
;US-OK;1973;p90p95;88470.5;;0.1157;0.1157
;US-OK;1973;p95p99;133830.7;;0.14;0.14
;US-OK;1973;p99.5p99.9;368383.69;;0.0385;0.0385
;US-OK;1973;p99.9p99.99;838290.0;;0.0197;0.0197
;US-OK;1973;p99p99.5;227369.41;;0.0297;0.0297
;US-OK;1973;p95p100;180276.7;;0.2357;0.2357
;US-OK;1973;p0p90;27563.801;;0.6487;0.6487
;US-OK;1973;p0p99;34933.199;;0.90429997;0.90429997
;US-OK;1973;p99.5p100;504766.0;;0.066;0.066
;US-OK;1972;p0p100;987312.0;40742865239.0;1.0;1.0
;US-OK;1972;p99p100;365918.69;;0.1002;0.1002
;US-OK;1972;p99.9p100;1112395.1;;0.0305;0.0305
;US-OK;1972;p99.99p100;3569943.0;;0.0098000001;0.0098000001
;US-OK;1972;p90p100;128381.5;;0.35170001;0.35170001
;US-OK;1972;p90p95;85047.203;;0.1165;0.1165
;US-OK;1972;p95p99;123166.8;;0.13500001;0.13500001
;US-OK;1972;p99.5p99.9;366748.69;;0.040199999;0.040199999
;US-OK;1972;p99.9p99.99;839176.31;;0.0207;0.0207
;US-OK;1972;p99p99.5;215746.3;;0.0296;0.0296
;US-OK;1972;p95p100;171717.3;;0.2352;0.2352
;US-OK;1972;p0p90;26297.9;;0.64840001;0.64840001
;US-OK;1972;p0p99;33177.699;;0.8998;0.8998
;US-OK;1972;p99.5p100;516091.09;;0.070699997;0.070699997
;US-OK;1971;p0p100;1011867.3;38447946697.0;1.0;1.0
;US-OK;1971;p99p100;331861.81;;0.094499998;0.094499998
;US-OK;1971;p99.9p100;973840.38;;0.0277;0.0277
;US-OK;1971;p99.99p100;3138129.5;;0.0088999998;0.0088999998
;US-OK;1971;p90p100;120656.8;;0.34349999;0.34349999
;US-OK;1971;p90p95;82094.203;;0.1169;0.1169
;US-OK;1971;p95p99;116077.0;;0.1322;0.1322
;US-OK;1971;p99.5p99.9;332008.59;;0.037799999;0.037799999
;US-OK;1971;p99.9p99.99;733559.19;;0.0188;0.0188
;US-OK;1971;p99p99.5;203145.91;;0.028899999;0.028899999
;US-OK;1971;p95p100;159232.91;;0.22669999;0.22669999
;US-OK;1971;p0p90;25618.4;;0.65649998;0.65649998
;US-OK;1971;p0p99;32124.699;;0.90549999;0.90549999
;US-OK;1971;p99.5p100;460560.19;;0.0656;0.0656
;US-OK;1970;p0p100;1087773.6;37138563274.0;1.0;1.0
;US-OK;1970;p99p100;317147.31;;0.091499999;0.091499999
;US-OK;1970;p99.9p100;902259.63;;0.026000001;0.026000001
;US-OK;1970;p99.99p100;2722157.3;;0.0078999996;0.0078999996
;US-OK;1970;p90p100;117876.0;;0.34020001;0.34020001
;US-OK;1970;p90p95;81802.203;;0.118;0.118
;US-OK;1970;p95p99;113185.8;;0.13060001;0.13060001
;US-OK;1970;p99.5p99.9;325089.59;;0.037500001;0.037500001
;US-OK;1970;p99.9p99.99;699575.69;;0.018200001;0.018200001
;US-OK;1970;p99p99.5;193592.0;;0.027899999;0.027899999
;US-OK;1970;p95p100;153974.7;;0.22220001;0.22220001
;US-OK;1970;p0p90;25406.6;;0.65979999;0.65979999
;US-OK;1970;p0p99;31800.199;;0.90850002;0.90850002
;US-OK;1970;p99.5p100;440713.91;;0.063600004;0.063600004
;US-OK;1969;p0p100;1195401.8;36125656826.0;1.0;1.0
;US-OK;1969;p99p100;353339.81;;0.1037;0.1037
;US-OK;1969;p99.9p100;1151291.1;;0.033799998;0.033799998
;US-OK;1969;p99.99p100;4245718.0;;0.0125;0.0125
;US-OK;1969;p90p100;120303.7;;0.3531;0.3531
;US-OK;1969;p90p95;78293.898;;0.1149;0.1149
;US-OK;1969;p95p99;114578.9;;0.1345;0.1345
;US-OK;1969;p99.5p99.9;339036.31;;0.039799999;0.039799999
;US-OK;1969;p99.9p99.99;808860.38;;0.021400001;0.021400001
;US-OK;1969;p99p99.5;205095.41;;0.030099999;0.030099999
;US-OK;1969;p95p100;162319.8;;0.23819999;0.23819999
;US-OK;1969;p0p90;24488.4;;0.6469;0.6469
;US-OK;1969;p0p99;30846.699;;0.89630002;0.89630002
;US-OK;1969;p99.5p100;501623.09;;0.073600002;0.073600002
;US-OK;1968;p0p100;1296091.0;34906760471.0;1.0;1.0
;US-OK;1968;p99p100;370858.31;;0.1117;0.1117
;US-OK;1968;p99.9p100;1242360.1;;0.0374;0.0374
;US-OK;1968;p99.99p100;4743737.0;;0.0143;0.0143
;US-OK;1968;p90p100;122449.3;;0.3687;0.3687
;US-OK;1968;p90p95;77103.703;;0.1161;0.1161
;US-OK;1968;p95p99;117003.9;;0.1409;0.1409
;US-OK;1968;p99.5p99.9;349303.59;;0.042100001;0.042100001
;US-OK;1968;p99.9p99.99;854164.38;;0.0231;0.0231
;US-OK;1968;p99p99.5;213815.59;;0.032200001;0.032200001
;US-OK;1968;p95p100;167782.7;;0.25260001;0.25260001
;US-OK;1968;p0p90;23300.801;;0.63139999;0.63139999
;US-OK;1968;p0p99;29805.0;;0.8883;0.8883
;US-OK;1968;p99.5p100;527850.81;;0.079499997;0.079499997
;US-OK;1967;p0p100;1345422.8;33075300687.0;1.0;1.0
;US-OK;1967;p99p100;348053.09;;0.1096;0.1096
;US-OK;1967;p99.9p100;1057179.3;;0.033300001;0.033300001
;US-OK;1967;p99.99p100;3634483.5;;0.0114;0.0114
;US-OK;1967;p90p100;116715.7;;0.36750001;0.36750001
;US-OK;1967;p90p95;76725.797;;0.1208;0.1208
;US-OK;1967;p95p99;108937.8;;0.1372;0.1372
;US-OK;1967;p99.5p99.9;337832.5;;0.0425;0.0425
;US-OK;1967;p99.9p99.99;771151.5;;0.0219;0.0219
;US-OK;1967;p99p99.5;214427.5;;0.033799998;0.033799998
;US-OK;1967;p95p100;156751.3;;0.24680001;0.24680001
;US-OK;1967;p0p90;22318.4;;0.63239998;0.63239998
;US-OK;1967;p0p99;28566.4;;0.89039999;0.89039999
;US-OK;1967;p99.5p100;481725.0;;0.075800002;0.075800002
;US-OK;1966;p0p100;1349227.9;30899756252.0;1.0;1.0
;US-OK;1966;p99p100;310948.91;;0.1037;0.1037
;US-OK;1966;p99.9p100;920763.69;;0.0307;0.0307
;US-OK;1966;p99.99p100;2950956.3;;0.0098000001;0.0098000001
;US-OK;1966;p90p100;110628.0;;0.3691;0.3691
;US-OK;1966;p90p95;76273.0;;0.12720001;0.12720001
;US-OK;1966;p95p99;103784.6;;0.13850001;0.13850001
;US-OK;1966;p99.5p99.9;317464.0;;0.042399999;0.042399999
;US-OK;1966;p99.9p99.99;695476.69;;0.0209;0.0209
;US-OK;1966;p99p99.5;183202.2;;0.0306;0.0306
;US-OK;1966;p95p100;145206.3;;0.2422;0.2422
;US-OK;1966;p0p90;21000.6;;0.63059998;0.63059998
;US-OK;1966;p0p99;27134.301;;0.89630002;0.89630002
;US-OK;1966;p99.5p100;438665.09;;0.073200002;0.073200002
;US-OK;1965;p0p100;1389717.4;29761174134.0;1.0;1.0
;US-OK;1965;p99p100;331472.69;;0.1136;0.1136
;US-OK;1965;p99.9p100;1034899.3;;0.035500001;0.035500001
;US-OK;1965;p99.99p100;4093601.3;;0.014;0.014
;US-OK;1965;p90p100;110811.7;;0.37970001;0.37970001
;US-OK;1965;p90p95;73592.5;;0.1261;0.1261
;US-OK;1965;p95p99;102159.4;;0.14;0.14
;US-OK;1965;p99.5p99.9;310065.41;;0.0425;0.0425
;US-OK;1965;p99.9p99.99;694888.0;;0.021400001;0.021400001
;US-OK;1965;p99p99.5;207779.41;;0.035599999;0.035599999
;US-OK;1965;p95p100;148024.3;;0.2536;0.2536
;US-OK;1965;p0p90;20111.9;;0.62029999;0.62029999
;US-OK;1965;p0p99;26127.199;;0.88639998;0.88639998
;US-OK;1965;p99.5p100;455095.19;;0.078000002;0.078000002
;US-OK;1964;p0p100;1378382.3;28254537750.0;1.0;1.0
;US-OK;1964;p99p100;310133.09;;0.1106;0.1106
;US-OK;1964;p99.9p100;984476.19;;0.035100002;0.035100002
;US-OK;1964;p99.99p100;4105122.5;;0.0146;0.0146
;US-OK;1964;p90p100;107537.8;;0.3836;0.3836
;US-OK;1964;p90p95;71825.398;;0.12809999;0.12809999
;US-OK;1964;p95p99;101520.5;;0.14489999;0.14489999
;US-OK;1964;p99.5p99.9;285150.81;;0.0407;0.0407
;US-OK;1964;p99.9p99.99;637890.88;;0.020500001;0.020500001
;US-OK;1964;p99p99.5;195069.2;;0.0348;0.0348
;US-OK;1964;p95p100;143226.5;;0.25549999;0.25549999
;US-OK;1964;p0p90;19198.301;;0.6164;0.6164
;US-OK;1964;p0p99;25181.6;;0.88940001;0.88940001
;US-OK;1964;p99.5p100;425003.0;;0.075800002;0.075800002
;US-OK;1963;p0p100;1342960.9;26471263820.0;1.0;1.0
;US-OK;1963;p99p100;289433.91;;0.1088;0.1088
;US-OK;1963;p99.9p100;945854.88;;0.035500001;0.035500001
;US-OK;1963;p99.99p100;3508977.8;;0.0132;0.0132
;US-OK;1963;p90p100;99414.5;;0.37360001;0.37360001
;US-OK;1963;p90p95;65748.5;;0.1235;0.1235
;US-OK;1963;p95p99;93992.398;;0.14129999;0.14129999
;US-OK;1963;p99.5p99.9;276932.81;;0.0416;0.0416
;US-OK;1963;p99.9p99.99;660966.0;;0.022399999;0.022399999
;US-OK;1963;p99p99.5;168219.8;;0.031599998;0.031599998
;US-OK;1963;p95p100;133080.7;;0.25009999;0.25009999
;US-OK;1963;p0p90;18520.9;;0.62639999;0.62639999
;US-OK;1963;p0p99;23955.699;;0.89120001;0.89120001
;US-OK;1963;p99.5p100;410649.0;;0.077200003;0.077200003
;US-OK;1962;p0p100;1361934.0;25791544244.0;1.0;1.0
;US-OK;1962;p99p100;280128.91;;0.1066;0.1066
;US-OK;1962;p99.9p100;894806.5;;0.034000002;0.034000002
;US-OK;1962;p99.99p100;2943423.8;;0.0112;0.0112
;US-OK;1962;p90p100;96632.203;;0.36759999;0.36759999
;US-OK;1962;p90p95;63189.801;;0.1202;0.1202
;US-OK;1962;p95p99;92561.102;;0.1409;0.1409
;US-OK;1962;p99.5p99.9;273186.19;;0.0416;0.0416
;US-OK;1962;p99.9p99.99;667966.13;;0.0229;0.0229
;US-OK;1962;p99p99.5;162724.2;;0.030999999;0.030999999
;US-OK;1962;p95p100;130074.7;;0.2474;0.2474
;US-OK;1962;p0p90;18468.6;;0.63239998;0.63239998
;US-OK;1962;p0p99;23721.5;;0.89340001;0.89340001
;US-OK;1962;p99.5p100;397533.81;;0.075599998;0.075599998
;US-OK;1961;p0p100;1390741.1;25438481429.0;1.0;1.0
;US-OK;1961;p99p100;298809.41;;0.1136;0.1136
;US-OK;1961;p99.9p100;1068481.5;;0.040600002;0.040600002
;US-OK;1961;p99.99p100;4257451.0;;0.0162;0.0162
;US-OK;1961;p90p100;97804.203;;0.37169999;0.37169999
;US-OK;1961;p90p95;62311.801;;0.1184;0.1184
;US-OK;1961;p95p99;91919.102;;0.1397;0.1397
;US-OK;1961;p99.5p99.9;278568.31;;0.042399999;0.042399999
;US-OK;1961;p99.9p99.99;713998.13;;0.0244;0.0244
;US-OK;1961;p99p99.5;161092.3;;0.0306;0.0306
;US-OK;1961;p95p100;133296.91;;0.25330001;0.25330001
;US-OK;1961;p0p90;18367.199;;0.62830001;0.62830001
;US-OK;1961;p0p99;23558.4;;0.88639998;0.88639998
;US-OK;1961;p99.5p100;436524.5;;0.082999997;0.082999997
;US-OK;1960;p0p100;1396419.8;24635315246.0;1.0;1.0
;US-OK;1960;p99p100;265342.5;;0.1025;0.1025
;US-OK;1960;p99.9p100;829957.0;;0.032099999;0.032099999
;US-OK;1960;p99.99p100;2684113.5;;0.0104;0.0104
;US-OK;1960;p90p100;92332.898;;0.35659999;0.35659999
;US-OK;1960;p90p95;60349.699;;0.1165;0.1165
;US-OK;1960;p95p99;89060.203;;0.1376;0.1376
;US-OK;1960;p99.5p99.9;259828.2;;0.040100001;0.040100001
;US-OK;1960;p99.9p99.99;624742.81;;0.0217;0.0217
;US-OK;1960;p99p99.5;156728.41;;0.030300001;0.030300001
;US-OK;1960;p95p100;124316.0;;0.2401;0.2401
;US-OK;1960;p0p90;18508.1;;0.64340001;0.64340001
;US-OK;1960;p0p99;23472.1;;0.89749998;0.89749998
;US-OK;1960;p99.5p100;373955.41;;0.0722;0.0722
;US-OK;1959;p0p100;1410478.9;24135276143.0;1.0;1.0
;US-OK;1959;p99p100;268930.19;;0.1064;0.1064
;US-OK;1959;p99.9p100;849309.63;;0.033599999;0.033599999
;US-OK;1959;p99.99p100;2805212.3;;0.0111;0.0111
;US-OK;1959;p90p100;91550.602;;0.36219999;0.36219999
;US-OK;1959;p90p95;58791.398;;0.1163;0.1163
;US-OK;1959;p95p99;88157.203;;0.13950001;0.13950001
;US-OK;1959;p99.5p99.9;262179.31;;0.041499998;0.041499998
;US-OK;1959;p99.9p99.99;632140.69;;0.022500001;0.022500001
;US-OK;1959;p99p99.5;158260.7;;0.031300001;0.031300001
;US-OK;1959;p95p100;124310.3;;0.24590001;0.24590001
;US-OK;1959;p0p90;17911.301;;0.63779998;0.63779998
;US-OK;1959;p0p99;22814.301;;0.89359999;0.89359999
;US-OK;1959;p99.5p100;379604.0;;0.075099997;0.075099997
;US-OK;1958;p0p100;1362028.3;23043321506.0;1.0;1.0
;US-OK;1958;p99p100;249276.2;;0.1036;0.1036
;US-OK;1958;p99.9p100;846019.38;;0.035100002;0.035100002
;US-OK;1958;p99.99p100;3014061.3;;0.0125;0.0125
;US-OK;1958;p90p100;85877.0;;0.3567;0.3567
;US-OK;1958;p90p95;56138.602;;0.1166;0.1166
;US-OK;1958;p95p99;82201.203;;0.1366;0.1366
;US-OK;1958;p99.5p99.9;236225.2;;0.039299998;0.039299998
;US-OK;1958;p99.9p99.99;604801.19;;0.022600001;0.022600001
;US-OK;1958;p99p99.5;140565.09;;0.029200001;0.029200001
;US-OK;1958;p95p100;115615.9;;0.2401;0.2401
;US-OK;1958;p0p90;17205.0;;0.64319998;0.64319998
;US-OK;1958;p0p99;21798.1;;0.89639997;0.89639997
;US-OK;1958;p99.5p100;357987.59;;0.0744;0.0744
;US-OK;1957;p0p100;1375696.5;22103770603.0;1.0;1.0
;US-OK;1957;p99p100;289076.69;;0.12549999;0.12549999
;US-OK;1957;p99.9p100;983396.19;;0.0427;0.0427
;US-OK;1957;p99.99p100;2752493.5;;0.0119;0.0119
;US-OK;1957;p90p100;88172.5;;0.3827;0.3827
;US-OK;1957;p90p95;54088.301;;0.1174;0.1174
;US-OK;1957;p95p99;80550.297;;0.1398;0.1398
;US-OK;1957;p99.5p99.9;278938.31;;0.0484;0.0484
;US-OK;1957;p99.9p99.99;787524.0;;0.0308;0.0308
;US-OK;1957;p99p99.5;158479.91;;0.034400001;0.034400001
;US-OK;1957;p95p100;122256.4;;0.26530001;0.26530001
;US-OK;1957;p0p90;15801.7;;0.61729997;0.61729997
;US-OK;1957;p0p99;20352.9;;0.87449998;0.87449998
;US-OK;1957;p99.5p100;419675.0;;0.0911;0.0911
;US-OK;1956;p0p100;1477434.3;22147136964.0;1.0;1.0
;US-OK;1956;p99p100;264868.69;;0.1148;0.1148
;US-OK;1956;p99.9p100;879333.19;;0.0381;0.0381
;US-OK;1956;p99.99p100;2945822.5;;0.0128;0.0128
;US-OK;1956;p90p100;85167.0;;0.36919999;0.36919999
;US-OK;1956;p90p95;52935.199;;0.1147;0.1147
;US-OK;1956;p95p99;80552.703;;0.1397;0.1397
;US-OK;1956;p99.5p99.9;258002.91;;0.0447;0.0447
;US-OK;1956;p99.9p99.99;649896.5;;0.0254;0.0254
;US-OK;1956;p99p99.5;147533.8;;0.032000002;0.032000002
;US-OK;1956;p95p100;117416.1;;0.2545;0.2545
;US-OK;1956;p0p90;16169.8;;0.63080001;0.63080001
;US-OK;1956;p0p99;20628.5;;0.88520002;0.88520002
;US-OK;1956;p99.5p100;382203.5;;0.082800001;0.082800001
;US-OK;1955;p0p100;1475634.9;21488433033.0;1.0;1.0
;US-OK;1955;p99p100;265863.41;;0.1189;0.1189
;US-OK;1955;p99.9p100;859928.31;;0.038400002;0.038400002
;US-OK;1955;p99.99p100;3118600.8;;0.0139;0.0139
;US-OK;1955;p90p100;87333.297;;0.39039999;0.39039999
;US-OK;1955;p90p95;61706.398;;0.13789999;0.13789999
;US-OK;1955;p95p99;75595.203;;0.13519999;0.13519999
;US-OK;1955;p99.5p99.9;263458.19;;0.0471;0.0471
;US-OK;1955;p99.9p99.99;608954.81;;0.024499999;0.024499999
;US-OK;1955;p99p99.5;148975.7;;0.033300001;0.033300001
;US-OK;1955;p95p100;113648.6;;0.25400001;0.25400001
;US-OK;1955;p0p90;15111.8;;0.60799998;0.60799998
;US-OK;1955;p0p99;19908.801;;0.8811;0.8811
;US-OK;1955;p99.5p100;382751.0;;0.085600004;0.085600004
;US-OK;1954;p0p100;1394068.1;20465008951.0;1.0;1.0
;US-OK;1954;p99p100;264203.0;;0.1241;0.1241
;US-OK;1954;p99.9p100;951260.88;;0.0447;0.0447
;US-OK;1954;p99.99p100;3988990.0;;0.0187;0.0187
;US-OK;1954;p90p100;85261.102;;0.4005;0.4005
;US-OK;1954;p90p95;60629.898;;0.1424;0.1424
;US-OK;1954;p95p99;72405.0;;0.13600001;0.13600001
;US-OK;1954;p99.5p99.9;241902.2;;0.045400001;0.045400001
;US-OK;1954;p99.9p99.99;613698.63;;0.025900001;0.025900001
;US-OK;1954;p99p99.5;144630.59;;0.034000002;0.034000002
;US-OK;1954;p95p100;110779.5;;0.26019999;0.26019999
;US-OK;1954;p0p90;14134.1;;0.59750003;0.59750003
;US-OK;1954;p0p99;18836.699;;0.87589997;0.87589997
;US-OK;1954;p99.5p100;383775.19;;0.090099998;0.090099998
;US-OK;1953;p0p100;1407298.8;20463877413.0;1.0;1.0
;US-OK;1953;p99p100;245762.0;;0.1155;0.1155
;US-OK;1953;p99.9p100;787807.38;;0.037;0.037
;US-OK;1953;p99.99p100;2325851.5;;0.0109;0.0109
;US-OK;1953;p90p100;82358.102;;0.38699999;0.38699999
;US-OK;1953;p90p95;59641.699;;0.1401;0.1401
;US-OK;1953;p95p99;70900.297;;0.13330001;0.13330001
;US-OK;1953;p99.5p99.9;242807.41;;0.045600001;0.045600001
;US-OK;1953;p99.9p99.99;617353.38;;0.0261;0.0261
;US-OK;1953;p99p99.5;139672.3;;0.0328;0.0328
;US-OK;1953;p95p100;105893.6;;0.24879999;0.24879999
;US-OK;1953;p0p90;14448.3;;0.61110002;0.61110002
;US-OK;1953;p0p99;19011.801;;0.88450003;0.88450003
;US-OK;1953;p99.5p100;351840.5;;0.082699999;0.082699999
;US-OK;1952;p0p100;1403458.3;20128997229.0;1.0;1.0
;US-OK;1952;p99p100;242666.59;;0.1161;0.1161
;US-OK;1952;p99.9p100;800799.31;;0.0383;0.0383
;US-OK;1952;p99.99p100;2639464.5;;0.0126;0.0126
;US-OK;1952;p90p100;81761.203;;0.39109999;0.39109999
;US-OK;1952;p90p95;61358.0;;0.1468;0.1468
;US-OK;1952;p95p99;68789.898;;0.13160001;0.13160001
;US-OK;1952;p99.5p99.9;242105.8;;0.046300001;0.046300001
;US-OK;1952;p99.9p99.99;596220.19;;0.025699999;0.025699999
;US-OK;1952;p99p99.5;131438.59;;0.031399999;0.031399999
;US-OK;1952;p95p100;103566.9;;0.24770001;0.24770001
;US-OK;1952;p0p90;14065.4;;0.6056;0.6056
;US-OK;1952;p0p99;18664.5;;0.88389999;0.88389999
;US-OK;1952;p99.5p100;353872.19;;0.084600002;0.084600002
;US-OK;1951;p0p100;1407332.5;19340304363.0;1.0;1.0
;US-OK;1951;p99p100;286292.5;;0.1426;0.1426
;US-OK;1951;p99.9p100;1055996.4;;0.0526;0.0526
;US-OK;1951;p99.99p100;3481881.0;;0.0173;0.0173
;US-OK;1951;p90p100;81169.797;;0.4043;0.4043
;US-OK;1951;p90p95;49311.199;;0.1228;0.1228
;US-OK;1951;p95p99;69260.102;;0.138;0.138
;US-OK;1951;p99.5p99.9;270524.81;;0.0539;0.0539
;US-OK;1951;p99.9p99.99;779994.81;;0.035;0.035
;US-OK;1951;p99p99.5;147071.7;;0.036600001;0.036600001
;US-OK;1951;p95p100;112597.1;;0.28040001;0.28040001
;US-OK;1951;p0p99;12092.6;;0.59630001;0.59630001
;US-OK;1951;p99.5p100;426196.09;;0.1061;0.1061
;US-OK;1950;p0p100;1519888.9;17946754606.0;1.0;1.0
;US-OK;1950;p99p100;278214.19;;0.1494;0.1494
;US-OK;1950;p99.9p100;949666.69;;0.050999999;0.050999999
;US-OK;1950;p99.99p100;2756542.8;;0.0148;0.0148
;US-OK;1950;p90p100;78760.797;;0.42300001;0.42300001
;US-OK;1950;p90p95;44230.602;;0.1188;0.1188
;US-OK;1950;p95p99;72100.898;;0.1549;0.1549
;US-OK;1950;p99.5p99.9;270189.5;;0.057999998;0.057999998
;US-OK;1950;p99.9p99.99;744007.69;;0.035999998;0.035999998
;US-OK;1950;p99p99.5;150350.09;;0.040399998;0.040399998
;US-OK;1950;p95p100;113296.6;;0.30419999;0.30419999
;US-OK;1950;p0p90;11941.2;;0.5772;0.5772
;US-OK;1950;p0p99;15998.2;;0.8506;0.8506
;US-OK;1950;p99.5p100;406081.41;;0.109;0.109
;US-OK;1949;p0p100;1484779.8;17160623174.0;1.0;1.0
;US-OK;1949;p99p100;236697.8;;0.1327;0.1327
;US-OK;1949;p99.9p100;772552.69;;0.043299999;0.043299999
;US-OK;1949;p99.99p100;2599941.5;;0.0146;0.0146
;US-OK;1949;p90p100;70212.102;;0.39359999;0.39359999
;US-OK;1949;p90p95;39899.801;;0.1118;0.1118
;US-OK;1949;p95p99;66552.898;;0.14920001;0.14920001
;US-OK;1949;p99.5p99.9;234428.09;;0.0526;0.0526
;US-OK;1949;p99.9p99.99;569504.13;;0.0287;0.0287
;US-OK;1949;p99p99.5;131342.5;;0.036800001;0.036800001
;US-OK;1949;p95p100;100568.1;;0.28189999;0.28189999
;US-OK;1949;p0p90;12016.3;;0.60619998;0.60619998
;US-OK;1949;p0p99;15628.1;;0.86729997;0.86729997
;US-OK;1949;p99.5p100;342053.0;;0.095899999;0.095899999
;US-OK;1948;p0p100;1397627.3;16488728990.0;1.0;1.0
;US-OK;1948;p99p100;250744.3;;0.1464;0.1464
;US-OK;1948;p99.9p100;866300.63;;0.0506;0.0506
;US-OK;1948;p99.99p100;2902085.0;;0.016899999;0.016899999
;US-OK;1948;p90p100;71328.203;;0.41659999;0.41659999
;US-OK;1948;p90p95;40898.301;;0.1194;0.1194
;US-OK;1948;p95p99;64504.199;;0.1507;0.1507
;US-OK;1948;p99.5p99.9;246465.41;;0.057599999;0.057599999
;US-OK;1948;p99.9p99.99;640095.38;;0.033599999;0.033599999
;US-OK;1948;p99p99.5;131053.3;;0.0383;0.0383
;US-OK;1948;p95p100;101754.9;;0.29710001;0.29710001
;US-OK;1948;p0p90;11100.1;;0.58340001;0.58340001
;US-OK;1948;p0p99;14762.7;;0.85360003;0.85360003
;US-OK;1948;p99.5p100;370433.19;;0.1082;0.1082
;US-OK;1947;p0p100;1550774.3;15765422852.0;1.0;1.0
;US-OK;1947;p99p100;180926.41;;0.1106;0.1106
;US-OK;1947;p99.9p100;579193.63;;0.035399999;0.035399999
;US-OK;1947;p99.99p100;1811257.1;;0.0111;0.0111
;US-OK;1947;p90p100;57439.398;;0.35120001;0.35120001
;US-OK;1947;p90p95;36358.801;;0.1111;0.1111
;US-OK;1947;p95p99;52930.301;;0.1294;0.1294
;US-OK;1947;p99.5p99.9;180390.8;;0.044100001;0.044100001
;US-OK;1947;p99.9p99.99;442317.5;;0.0243;0.0243
;US-OK;1947;p99p99.5;101700.7;;0.031099999;0.031099999
;US-OK;1947;p95p100;78523.102;;0.23999999;0.23999999
;US-OK;1947;p0p90;11791.9;;0.64880002;0.64880002
;US-OK;1947;p0p99;14694.8;;0.88940001;0.88940001
;US-OK;1947;p99.5p100;260151.0;;0.079499997;0.079499997
;US-OK;1946;p0p100;2038511.1;15826052215.0;1.0;1.0
;US-OK;1946;p99p100;189432.0;;0.1152;0.1152
;US-OK;1946;p99.9p100;685221.13;;0.041700002;0.041700002
;US-OK;1946;p99.99p100;2705330.3;;0.0165;0.0165
;US-OK;1946;p90p100;59948.199;;0.3646;0.3646
;US-OK;1946;p90p95;38205.898;;0.1162;0.1162
;US-OK;1946;p95p99;54764.199;;0.1332;0.1332
;US-OK;1946;p99.5p99.9;178660.0;;0.043499999;0.043499999
;US-OK;1946;p99.9p99.99;460736.19;;0.0252;0.0252
;US-OK;1946;p99p99.5;98906.102;;0.030099999;0.030099999
;US-OK;1946;p95p100;81692.602;;0.2484;0.2484
;US-OK;1946;p0p90;11606.5;;0.6354;0.6354
;US-OK;1946;p0p99;14693.7;;0.88480002;0.88480002
;US-OK;1946;p99.5p100;279972.69;;0.085100003;0.085100003
;US-OK;1945;p0p100;2596090.5;17235223639.0;1.0;1.0
;US-OK;1945;p99p100;187821.7;;0.1057;0.1057
;US-OK;1945;p99.9p100;609504.38;;0.034299999;0.034299999
;US-OK;1945;p99.99p100;1845767.1;;0.0104;0.0104
;US-OK;1945;p90p100;60798.398;;0.34200001;0.34200001
;US-OK;1945;p90p95;39436.5;;0.1109;0.1109
;US-OK;1945;p95p99;55768.102;;0.12549999;0.12549999
;US-OK;1945;p99.5p99.9;187447.59;;0.042199999;0.042199999
;US-OK;1945;p99.9p99.99;472185.31;;0.0239;0.0239
;US-OK;1945;p99p99.5;103780.3;;0.029200001;0.029200001
;US-OK;1945;p95p100;82164.5;;0.23109999;0.23109999
;US-OK;1945;p0p90;12993.3;;0.65789998;0.65789998
;US-OK;1945;p0p99;16057.1;;0.89429998;0.89429998
;US-OK;1945;p99.5p100;271855.19;;0.076499999;0.076499999
;US-OK;1944;p0p100;2777950.3;17745188102.0;1.0;1.0
;US-OK;1944;p99p100;172574.09;;0.094899997;0.094899997
;US-OK;1944;p99.9p100;591214.81;;0.032499999;0.032499999
;US-OK;1944;p99.99p100;1823182.8;;0.0099999998;0.0099999998
;US-OK;1944;p90p100;52369.301;;0.28799999;0.28799999
;US-OK;1944;p90p95;32256.9;;0.088699996;0.088699996
;US-OK;1944;p95p99;47840.801;;0.1052;0.1052
;US-OK;1944;p99.5p99.9;172572.3;;0.037999999;0.037999999
;US-OK;1944;p99.9p99.99;454344.5;;0.022500001;0.022500001
;US-OK;1944;p99p99.5;88796.398;;0.0244;0.0244
;US-OK;1944;p95p100;72688.703;;0.1999;0.1999
;US-OK;1944;p0p90;14367.2;;0.7112;0.7112
;US-OK;1944;p0p99;16622.9;;0.90509999;0.90509999
;US-OK;1944;p99.5p100;256292.5;;0.070500001;0.070500001
;US-OK;1943;p0p100;2758510.5;17113595521.0;1.0;1.0
;US-OK;1943;p99p100;199825.41;;0.1146;0.1146
;US-OK;1943;p99.9p100;710616.81;;0.0407;0.0407
;US-OK;1943;p99.99p100;2034069.3;;0.0117;0.0117
;US-OK;1943;p90p100;60964.898;;0.3495;0.3495
;US-OK;1943;p90p95;37296.102;;0.1069;0.1069
;US-OK;1943;p95p99;55795.301;;0.1279;0.1279
;US-OK;1943;p99.5p99.9;192578.5;;0.044199999;0.044199999
;US-OK;1943;p99.9p99.99;563892.13;;0.029100001;0.029100001
;US-OK;1943;p99p99.5;103474.9;;0.0297;0.0297
;US-OK;1943;p95p100;84621.297;;0.24259999;0.24259999
;US-OK;1943;p0p90;12609.5;;0.65060002;0.65060002
;US-OK;1943;p0p99;15601.6;;0.8854;0.8854
;US-OK;1943;p99.5p100;296174.31;;0.084899999;0.084899999
;US-OK;1942;p0p100;2553018.8;14102982268.0;1.0;1.0
;US-OK;1942;p99p100;184925.41;;0.12909999;0.12909999
;US-OK;1942;p99.9p100;671106.38;;0.046799999;0.046799999
;US-OK;1942;p99.99p100;2162196.0;;0.0151;0.0151
;US-OK;1942;p90p100;51207.801;;0.3574;0.3574
;US-OK;1942;p90p95;29527.0;;0.103;0.103
;US-OK;1942;p95p99;44870.5;;0.12530001;0.12530001
;US-OK;1942;p99.5p99.9;176495.5;;0.0493;0.0493
;US-OK;1942;p99.9p99.99;505437.41;;0.0317;0.0317
;US-OK;1942;p99p99.5;94438.602;;0.033;0.033
;US-OK;1942;p95p100;72888.203;;0.2543;0.2543
;US-OK;1942;p0p90;10231.1;;0.6426;0.6426
;US-OK;1942;p0p99;12605.3;;0.87089998;0.87089998
;US-OK;1942;p99.5p100;275406.0;;0.096100003;0.096100003
;US-OK;1941;p0p100;2314668.0;10505212609.0;1.0;1.0
;US-OK;1941;p99p100;183150.8;;0.1726;0.1726
;US-OK;1941;p99.9p100;708673.69;;0.066799998;0.066799998
;US-OK;1941;p99.99p100;2726525.0;;0.025699999;0.025699999
;US-OK;1941;p90p100;53355.102;;0.5029;0.5029
;US-OK;1941;p90p95;32358.5;;0.1525;0.1525
;US-OK;1941;p95p99;47187.102;;0.1779;0.1779
;US-OK;1941;p99.5p99.9;167070.0;;0.063000001;0.063000001
;US-OK;1941;p99.9p99.99;485036.81;;0.041099999;0.041099999
;US-OK;1941;p99p99.5;90979.398;;0.0429;0.0429
;US-OK;1941;p95p100;74411.102;;0.35069999;0.35069999
;US-OK;1941;p0p90;5856.8999;;0.49689999;0.49689999
;US-OK;1941;p0p99;8866.0996;;0.82740003;0.82740003
;US-OK;1941;p99.5p100;275322.69;;0.12980001;0.12980001
;US-OK;1940;p0p100;2378645.5;9861402579.0;1.0;1.0
;US-OK;1940;p99p100;155728.2;;0.1575;0.1575
;US-OK;1940;p99.9p100;521443.5;;0.052700002;0.052700002
;US-OK;1940;p99.99p100;1579884.4;;0.016000001;0.016000001
;US-OK;1940;p90p100;47306.102;;0.47839999;0.47839999
;US-OK;1940;p90p95;26475.5;;0.1339;0.1339
;US-OK;1940;p95p99;46188.602;;0.1868;0.1868
;US-OK;1940;p99.5p99.9;151311.7;;0.0612;0.0612
;US-OK;1940;p99.9p99.99;403494.09;;0.036699999;0.036699999
;US-OK;1940;p99p99.5;85980.797;;0.043499999;0.043499999
;US-OK;1940;p95p100;68144.0;;0.34459999;0.34459999
;US-OK;1940;p0p90;5734.3999;;0.5219;0.5219
;US-OK;1940;p0p99;8415.5;;0.84249997;0.84249997
;US-OK;1940;p99.5p100;225394.0;;0.114;0.114
;US-OK;1939;p0p100;2312591.0;9322286634.0;1.0;1.0
;US-OK;1939;p99p100;147366.0;;0.15620001;0.15620001
;US-OK;1939;p99.9p100;467348.09;;0.049600001;0.049600001
;US-OK;1939;p99.99p100;1320916.5;;0.014;0.014
;US-OK;1939;p90p100;40449.699;;0.4289;0.4289
;US-OK;1939;p90p95;16578.801;;0.087899998;0.087899998
;US-OK;1939;p95p99;42612.102;;0.1807;0.1807
;US-OK;1939;p99.5p99.9;144971.2;;0.061500002;0.061500002
;US-OK;1939;p99.9p99.99;372301.41;;0.035500001;0.035500001
;US-OK;1939;p99p99.5;85121.398;;0.0451;0.0451
;US-OK;1939;p95p100;63594.5;;0.3371;0.3371
;US-OK;1939;p0p90;6028.5;;0.57529998;0.57529998
;US-OK;1939;p0p99;8038.5;;0.84380001;0.84380001
;US-OK;1939;p99.5p100;209517.0;;0.1111;0.1111
;US-OK;1938;p0p100;2229885.0;9180765341.0;1.0;1.0
;US-OK;1938;p99p100;151084.8;;0.16140001;0.16140001
;US-OK;1938;p99.9p100;523813.19;;0.056000002;0.056000002
;US-OK;1938;p99.99p100;1659843.6;;0.0177;0.0177
;US-OK;1938;p90p100;39646.199;;0.42359999;0.42359999
;US-OK;1938;p90p95;17775.6;;0.094999999;0.094999999
;US-OK;1938;p95p99;37522.0;;0.1604;0.1604
;US-OK;1938;p99.5p99.9;146080.7;;0.062399998;0.062399998
;US-OK;1938;p99.9p99.99;396572.91;;0.0381;0.0381
;US-OK;1938;p99p99.5;80364.797;;0.0429;0.0429
;US-OK;1938;p95p100;60235.5;;0.32179999;0.32179999
;US-OK;1938;p0p90;6066.6001;;0.58340001;0.58340001
;US-OK;1938;p0p99;7927.1001;;0.83859998;0.83859998
;US-OK;1938;p99.5p100;221743.91;;0.1185;0.1185
;US-OK;1937;p0p100;2299588.8;9760370419.0;1.0;1.0
;US-OK;1937;p99p100;171962.2;;0.1716;0.1716
;US-OK;1937;p99.9p100;628386.81;;0.062700003;0.062700003
;US-OK;1937;p99.99p100;1868391.9;;0.0186;0.0186
;US-OK;1937;p90p100;42029.5;;0.41940001;0.41940001
;US-OK;1937;p90p95;16596.699;;0.082800001;0.082800001
;US-OK;1937;p95p99;39641.0;;0.1582;0.1582
;US-OK;1937;p99.5p99.9;164267.09;;0.0656;0.0656
;US-OK;1937;p99.9p99.99;490634.59;;0.044100001;0.044100001
;US-OK;1937;p99p99.5;86834.703;;0.043299999;0.043299999
;US-OK;1937;p95p100;66103.5;;0.32980001;0.32980001
;US-OK;1937;p0p90;6539.3999;;0.5873;0.5873
;US-OK;1937;p0p99;8384.7998;;0.82840002;0.82840002
;US-OK;1937;p99.5p100;257090.91;;0.1283;0.1283
;US-OK;1936;p0p100;2220940.3;8733460776.0;1.0;1.0
;US-OK;1936;p99p100;168706.41;;0.18719999;0.18719999
;US-OK;1936;p99.9p100;604693.63;;0.067100003;0.067100003
;US-OK;1936;p99.99p100;1669441.8;;0.0185;0.0185
;US-OK;1936;p90p100;41404.199;;0.45930001;0.45930001
;US-OK;1936;p90p95;18301.9;;0.1015;0.1015
;US-OK;1936;p95p99;37302.199;;0.1655;0.1655
;US-OK;1936;p99.5p99.9;163440.41;;0.072499998;0.072499998
;US-OK;1936;p99.9p99.99;486417.69;;0.048599999;0.048599999
;US-OK;1936;p99p99.5;85726.898;;0.047499999;0.047499999
;US-OK;1936;p95p100;63587.602;;0.3527;0.3527
;US-OK;1936;p0p90;5466.7998;;0.54579997;0.54579997
;US-OK;1936;p0p99;7401.3999;;0.81279999;0.81279999
;US-OK;1936;p99.5p100;251689.91;;0.13959999;0.13959999
;US-OK;1935;p0p100;2187721.5;8390676383.0;1.0;1.0
;US-OK;1935;p99p100;137235.7;;0.1576;0.1576
;US-OK;1935;p99.9p100;448374.91;;0.0515;0.0515
;US-OK;1935;p99.99p100;1172378.8;;0.0135;0.0135
;US-OK;1935;p90p100;37246.5;;0.42770001;0.42770001
;US-OK;1935;p90p95;19080.301;;0.1095;0.1095
;US-OK;1935;p95p99;34351.699;;0.1578;0.1578
;US-OK;1935;p99.5p99.9;134198.41;;0.0616;0.0616
;US-OK;1935;p99.9p99.99;367958.59;;0.037999999;0.037999999
;US-OK;1935;p99p99.5;77451.602;;0.044500001;0.044500001
;US-OK;1935;p95p100;54900.699;;0.3152;0.3152
;US-OK;1935;p0p90;5565.2998;;0.5751;0.5751
;US-OK;1935;p0p99;7411.0;;0.84240001;0.84240001
;US-OK;1935;p99.5p100;197028.5;;0.1131;0.1131
;US-OK;1934;p0p100;1973073.3;7159248749.0;1.0;1.0
;US-OK;1934;p99p100;126645.2;;0.16940001;0.16940001
;US-OK;1934;p99.9p100;403818.5;;0.054000001;0.054000001
;US-OK;1934;p99.99p100;994449.69;;0.0133;0.0133
;US-OK;1934;p90p100;35292.801;;0.472;0.472
;US-OK;1934;p90p95;17906.801;;0.1197;0.1197
;US-OK;1934;p95p99;33904.398;;0.1814;0.1814
;US-OK;1934;p99.5p99.9;124265.3;;0.066500001;0.066500001
;US-OK;1934;p99.9p99.99;338227.5;;0.0407;0.0407
;US-OK;1934;p99p99.5;73107.703;;0.048900001;0.048900001
;US-OK;1934;p95p100;52432.199;;0.3506;0.3506
;US-OK;1934;p0p90;4399.1001;;0.52950001;0.52950001
;US-OK;1934;p0p99;6273.5;;0.83060002;0.83060002
;US-OK;1934;p99.5p100;180169.91;;0.1205;0.1205
;US-OK;1933;p0p100;1937223.8;6544394436.0;1.0;1.0
;US-OK;1933;p99p100;105375.1;;0.1533;0.1533
;US-OK;1933;p99.9p100;323047.41;;0.046999998;0.046999998
;US-OK;1933;p99.99p100;809529.69;;0.0118;0.0118
;US-OK;1933;p90p100;29809.801;;0.4337;0.4337
;US-OK;1933;p90p95;17329.199;;0.1261;0.1261
;US-OK;1933;p95p99;27064.801;;0.1575;0.1575
;US-OK;1933;p99.5p99.9;102568.4;;0.059700001;0.059700001
;US-OK;1933;p99.9p99.99;268993.81;;0.0352;0.0352
;US-OK;1933;p99p99.5;64085.898;;0.046599999;0.046599999
;US-OK;1933;p95p100;42717.398;;0.31079999;0.31079999
;US-OK;1933;p0p90;4300.2998;;0.56309998;0.56309998
;US-OK;1933;p0p99;5878.1001;;0.84670001;0.84670001
;US-OK;1933;p99.5p100;146664.2;;0.1067;0.1067
;US-OK;1932;p0p100;1624957.5;6068770689.0;1.0;1.0
;US-OK;1932;p99p100;94735.703;;0.1479;0.1479
;US-OK;1932;p99.9p100;276726.31;;0.043200001;0.043200001
;US-OK;1932;p99.99p100;714332.81;;0.0112;0.0112
;US-OK;1932;p90p100;28553.699;;0.44569999;0.44569999
;US-OK;1932;p90p95;17951.0;;0.1401;0.1401
;US-OK;1932;p95p99;25835.0;;0.1613;0.1613
;US-OK;1932;p99.5p99.9;91993.5;;0.057399999;0.057399999
;US-OK;1932;p99.9p99.99;228103.3;;0.032000002;0.032000002
;US-OK;1932;p99p99.5;60531.301;;0.047200002;0.047200002
;US-OK;1932;p95p100;39622.699;;0.30930001;0.30930001
;US-OK;1932;p0p90;3919.8;;0.55070001;0.55070001
;US-OK;1932;p0p99;5513.8999;;0.85210001;0.85210001
;US-OK;1932;p99.5p100;128940.1;;0.1006;0.1006
;US-OK;1931;p0p100;1613035.8;7446502418.0;1.0;1.0
;US-OK;1931;p99p100;107837.8;;0.1364;0.1364
;US-OK;1931;p99.9p100;339311.91;;0.0429;0.0429
;US-OK;1931;p99.99p100;911829.63;;0.0115;0.0115
;US-OK;1931;p90p100;29189.4;;0.36930001;0.36930001
;US-OK;1931;p90p95;19183.301;;0.1213;0.1213
;US-OK;1931;p95p99;23044.301;;0.1166;0.1166
;US-OK;1931;p99.5p99.9;104988.4;;0.053100001;0.053100001
;US-OK;1931;p99.9p99.99;275698.69;;0.031399999;0.031399999
;US-OK;1931;p99p99.5;63822.602;;0.040399998;0.040399998
;US-OK;1931;p95p100;40208.199;;0.2543;0.2543
;US-OK;1931;p0p90;5494.7998;;0.62559998;0.62559998
;US-OK;1931;p0p99;6895.2002;;0.86360002;0.86360002
;US-OK;1931;p99.5p100;151853.09;;0.096100003;0.096100003
;US-OK;1930;p0p100;1581570.4;8717630578.0;1.0;1.0
;US-OK;1930;p99p100;159823.91;;0.1715;0.1715
;US-OK;1930;p99.9p100;604675.31;;0.064900003;0.064900003
;US-OK;1930;p99.99p100;2074422.5;;0.022299999;0.022299999
;US-OK;1930;p90p100;36539.5;;0.39210001;0.39210001
;US-OK;1930;p90p95;15809.0;;0.084799998;0.084799998
;US-OK;1930;p95p99;28949.4;;0.1243;0.1243
;US-OK;1930;p99.5p99.9;148324.09;;0.063699998;0.063699998
;US-OK;1930;p99.9p99.99;441370.0;;0.042599998;0.042599998
;US-OK;1930;p99p99.5;80053.5;;0.043000001;0.043000001
;US-OK;1930;p95p100;55296.699;;0.2967;0.2967
;US-OK;1930;p0p90;6412.8999;;0.61940002;0.61940002
;US-OK;1930;p0p99;7798.0;;0.82849997;0.82849997
;US-OK;1930;p99.5p100;239594.3;;0.1286;0.1286
;US-OK;1929;p0p100;1884153.6;10757072966.0;1.0;1.0
;US-OK;1929;p99p100;213068.41;;0.1823;0.1823
;US-OK;1929;p99.9p100;840954.38;;0.071999997;0.071999997
;US-OK;1929;p99.99p100;3153429.3;;0.027000001;0.027000001
;US-OK;1929;p90p100;43315.5;;0.3707;0.3707
;US-OK;1929;p90p95;14514.7;;0.062100001;0.062100001
;US-OK;1929;p95p99;34440.801;;0.1179;0.1179
;US-OK;1929;p99.5p99.9;196711.3;;0.067299999;0.067299999
;US-OK;1929;p99.9p99.99;584012.88;;0.045000002;0.045000002
;US-OK;1929;p99p99.5;100576.9;;0.043000001;0.043000001
;US-OK;1929;p95p100;70154.297;;0.30019999;0.30019999
;US-OK;1929;p0p90;8279.7002;;0.63770002;0.63770002
;US-OK;1929;p0p99;9651.5996;;0.81770003;0.81770003
;US-OK;1929;p99.5p100;325559.91;;0.1393;0.1393
;US-OK;1928;p0p100;1845787.3;10371010449.0;1.0;1.0
;US-OK;1928;p99p100;208245.0;;0.18189999;0.18189999
;US-OK;1928;p99.9p100;813520.31;;0.071099997;0.071099997
;US-OK;1928;p99.99p100;2844229.0;;0.024800001;0.024800001
;US-OK;1928;p90p100;42897.398;;0.37470001;0.37470001
;US-OK;1928;p90p95;14502.4;;0.063299999;0.063299999
;US-OK;1928;p95p99;34887.602;;0.1219;0.1219
;US-OK;1928;p99.5p99.9;193779.3;;0.067699999;0.067699999
;US-OK;1928;p99.9p99.99;587886.13;;0.0462;0.0462
;US-OK;1928;p99p99.5;98762.602;;0.043099999;0.043099999
;US-OK;1928;p95p100;69509.797;;0.30360001;0.30360001
;US-OK;1928;p0p90;8049.7002;;0.63279998;0.63279998
;US-OK;1928;p0p99;9460.0;;0.81809998;0.81809998
;US-OK;1928;p99.5p100;317727.5;;0.1388;0.1388
;US-OK;1927;p0p100;1728186.6;9799006794.0;1.0;1.0
;US-OK;1927;p99p100;201077.09;;0.18260001;0.18260001
;US-OK;1927;p99.9p100;772012.19;;0.070100002;0.070100002
;US-OK;1927;p99.99p100;2805669.5;;0.0255;0.0255
;US-OK;1927;p90p100;43596.801;;0.39590001;0.39590001
;US-OK;1927;p90p95;15253.7;;0.069300003;0.069300003
;US-OK;1927;p95p99;36955.102;;0.13420001;0.13420001
;US-OK;1927;p99.5p99.9;187931.3;;0.068300001;0.068300001
;US-OK;1927;p99.9p99.99;546050.19;;0.044599999;0.044599999
;US-OK;1927;p99p99.5;97406.703;;0.044199999;0.044199999
;US-OK;1927;p95p100;69748.5;;0.31670001;0.31670001
;US-OK;1927;p0p90;7512.6001;;0.61390001;0.61390001
;US-OK;1927;p0p99;9093.0996;;0.81739998;0.81739998
;US-OK;1927;p99.5p100;304747.5;;0.1384;0.1384
;US-OK;1926;p0p100;1650556.8;9532966839.0;1.0;1.0
;US-OK;1926;p99p100;218253.2;;0.1997;0.1997
;US-OK;1926;p99.9p100;941103.19;;0.086099997;0.086099997
;US-OK;1926;p99.99p100;4310732.5;;0.039500002;0.039500002
;US-OK;1926;p90p100;45399.699;;0.41549999;0.41549999
;US-OK;1926;p90p95;13855.9;;0.0634;0.0634
;US-OK;1926;p95p99;37508.398;;0.1373;0.1373
;US-OK;1926;p99.5p99.9;187382.59;;0.068599999;0.068599999
;US-OK;1926;p99.9p99.99;566699.88;;0.046700001;0.046700001
;US-OK;1926;p99p99.5;98379.797;;0.045000002;0.045000002
;US-OK;1926;p95p100;73696.203;;0.33719999;0.33719999
;US-OK;1926;p0p90;7278.8999;;0.5995;0.5995
;US-OK;1926;p0p99;8832.5;;0.8003;0.8003
;US-OK;1926;p99.5p100;338126.69;;0.1547;0.1547
;US-OK;1925;p0p100;1688100.5;9383324912.0;1.0;1.0
;US-OK;1925;p99p100;213303.59;;0.1945;0.1945
;US-OK;1925;p99.9p100;936190.0;;0.0854;0.0854
;US-OK;1925;p99.99p100;4953624.5;;0.045200001;0.045200001
;US-OK;1925;p90p100;45488.199;;0.41479999;0.41479999
;US-OK;1925;p90p95;14915.3;;0.068000004;0.068000004
;US-OK;1925;p95p99;38241.398;;0.13950001;0.13950001
;US-OK;1925;p99.5p99.9;178123.09;;0.064999998;0.064999998
;US-OK;1925;p99.9p99.99;489808.41;;0.040199999;0.040199999
;US-OK;1925;p99p99.5;96870.703;;0.044199999;0.044199999
;US-OK;1925;p95p100;73263.102;;0.33410001;0.33410001
;US-OK;1925;p0p90;7285.5;;0.59799999;0.59799999
;US-OK;1925;p0p99;8921.5996;;0.80549997;0.80549997
;US-OK;1925;p99.5p100;329736.5;;0.1504;0.1504
;US-OK;1924;p0p100;1708684.6;8845728170.0;1.0;1.0
;US-OK;1924;p99p100;142101.8;;0.1346;0.1346
;US-OK;1924;p99.9p100;514120.31;;0.048700001;0.048700001
;US-OK;1924;p99.99p100;1623981.1;;0.0154;0.0154
;US-OK;1924;p90p100;39136.801;;0.3707;0.3707
;US-OK;1924;p90p95;16927.301;;0.080200002;0.080200002
;US-OK;1924;p95p99;40654.898;;0.1541;0.1541
;US-OK;1924;p99.5p99.9;136337.41;;0.0517;0.0517
;US-OK;1924;p99.9p99.99;390802.41;;0.033300001;0.033300001
;US-OK;1924;p99p99.5;72309.703;;0.034200002;0.034200002
;US-OK;1924;p95p100;60944.301;;0.28870001;0.28870001
;US-OK;1924;p0p90;7402.8999;;0.63120002;0.63120002
;US-OK;1924;p0p99;9227.5;;0.86540002;0.86540002
;US-OK;1924;p99.5p100;211894.0;;0.1004;0.1004
;US-OK;1923;p0p100;1733178.9;8714757976.0;1.0;1.0
;US-OK;1923;p99p100;137871.8;;0.1293;0.1293
;US-OK;1923;p99.9p100;421288.81;;0.039500002;0.039500002
;US-OK;1923;p99.99p100;1263738.8;;0.0118;0.0118
;US-OK;1923;p90p100;40153.102;;0.37650001;0.37650001
;US-OK;1923;p90p95;19552.0;;0.091700003;0.091700003
;US-OK;1923;p95p99;41303.0;;0.1549;0.1549
;US-OK;1923;p99.5p99.9;140767.59;;0.0528;0.0528
;US-OK;1923;p99.9p99.99;327684.09;;0.0277;0.0277
;US-OK;1923;p99p99.5;78872.203;;0.037;0.037
;US-OK;1923;p95p100;60616.801;;0.28420001;0.28420001
;US-OK;1923;p0p90;7397.0;;0.62419999;0.62419999
;US-OK;1923;p0p99;9380.9004;;0.8707;0.8707
;US-OK;1923;p99.5p100;196871.59;;0.092299998;0.092299998
;US-OK;1922;p0p100;1641844.1;7783701917.0;1.0;1.0
;US-OK;1922;p99p100;155504.5;;0.1595;0.1595
;US-OK;1922;p99.9p100;556337.81;;0.057100002;0.057100002
;US-OK;1922;p99.99p100;2186297.0;;0.022399999;0.022399999
;US-OK;1922;p90p100;41439.301;;0.42500001;0.42500001
;US-OK;1922;p90p95;19892.699;;0.102;0.102
;US-OK;1922;p95p99;39686.0;;0.1628;0.1628
;US-OK;1922;p99.5p99.9;146485.2;;0.0601;0.0601
;US-OK;1922;p99.9p99.99;375231.31;;0.034600001;0.034600001
;US-OK;1922;p99p99.5;82553.297;;0.042300001;0.042300001
;US-OK;1922;p95p100;62849.699;;0.32229999;0.32229999
;US-OK;1922;p0p90;6237.6001;;0.57569999;0.57569999
;US-OK;1922;p0p99;8278.7002;;0.8405;0.8405
;US-OK;1922;p99.5p100;228455.7;;0.1171;0.1171
;US-OK;1921;p0p100;1259719.1;6672782529.0;1.0;1.0
;US-OK;1921;p99p100;110988.8;;0.1301;0.1301
;US-OK;1921;p99.9p100;336235.41;;0.0394;0.0394
;US-OK;1921;p99.99p100;829381.0;;0.0097000003;0.0097000003
;US-OK;1921;p90p100;34833.301;;0.4084;0.4084
;US-OK;1921;p90p95;19037.801;;0.1116;0.1116
;US-OK;1921;p95p99;35471.5;;0.1664;0.1664
;US-OK;1921;p99.5p99.9;111657.4;;0.0524;0.0524
;US-OK;1921;p99.9p99.99;281441.41;;0.0297;0.0297
;US-OK;1921;p99p99.5;65404.602;;0.0383;0.0383
;US-OK;1921;p95p100;50575.0;;0.2965;0.2965
;US-OK;1921;p0p90;5609.6001;;0.59189999;0.59189999
;US-OK;1921;p0p99;7494.2998;;0.86989999;0.86989999
;US-OK;1921;p99.5p100;156573.0;;0.091799997;0.091799997
;US-OK;1920;p0p100;1318528.8;8529515995.0;1.0;1.0
;US-OK;1920;p99p100;161413.7;;0.1443;0.1443
;US-OK;1920;p99.9p100;569009.38;;0.050900001;0.050900001
;US-OK;1920;p99.99p100;1733041.3;;0.0155;0.0155
;US-OK;1920;p90p100;44703.301;;0.3996;0.3996
;US-OK;1920;p90p95;24154.6;;0.108;0.108
;US-OK;1920;p95p99;41188.898;;0.1473;0.1473
;US-OK;1920;p99.5p99.9;154057.2;;0.055100001;0.055100001
;US-OK;1920;p99.9p99.99;439672.5;;0.035399999;0.035399999
;US-OK;1920;p99p99.5;85779.703;;0.0383;0.0383
;US-OK;1920;p95p100;65233.801;;0.29159999;0.29159999
;US-OK;1920;p0p90;7463.5;;0.60049999;0.60049999
;US-OK;1920;p0p99;9669.2002;;0.85570002;0.85570002
;US-OK;1920;p99.5p100;237047.59;;0.106;0.106
;US-OK;1919;p0p100;2114089.3;9936766875.0;1.0;1.0
;US-OK;1919;p99p100;172519.8;;0.12899999;0.12899999
;US-OK;1919;p99.9p100;604902.5;;0.045200001;0.045200001
;US-OK;1919;p99.99p100;2049624.8;;0.0153;0.0153
;US-OK;1919;p90p100;46682.398;;0.34920001;0.34920001
;US-OK;1919;p90p95;20683.301;;0.077399999;0.077399999
;US-OK;1919;p95p99;47444.602;;0.142;0.142
;US-OK;1919;p99.5p99.9;163117.0;;0.048799999;0.048799999
;US-OK;1919;p99.9p99.99;444432.0;;0.029899999;0.029899999
;US-OK;1919;p99p99.5;93367.5;;0.034899998;0.034899998
;US-OK;1919;p95p100;72459.703;;0.271;0.271
;US-OK;1919;p0p90;9680.5996;;0.65170002;0.65170002
;US-OK;1919;p0p99;11761.1;;0.87099999;0.87099999
;US-OK;1919;p99.5p100;251672.09;;0.094099998;0.094099998
;US-OK;1918;p0p100;2663623.5;9305664097.0;1.0;1.0
;US-OK;1918;p99p100;144090.0;;0.1128;0.1128
;US-OK;1918;p99.9p100;487933.31;;0.038199998;0.038199998
;US-OK;1918;p99.99p100;1571464.3;;0.0123;0.0123
;US-OK;1918;p90p100;40353.301;;0.31600001;0.31600001
;US-OK;1918;p90p95;17239.6;;0.067500003;0.067500003
;US-OK;1918;p95p99;42614.199;;0.13349999;0.13349999
;US-OK;1918;p99.5p99.9;136924.5;;0.0429;0.0429
;US-OK;1918;p99.9p99.99;367544.59;;0.025900001;0.025900001
;US-OK;1918;p99p99.5;81055.203;;0.0317;0.0317
;US-OK;1918;p95p100;62909.301;;0.2463;0.2463
;US-OK;1918;p0p90;9734.2998;;0.68610001;0.68610001
;US-OK;1918;p0p99;11441.8;;0.8872;0.8872
;US-OK;1918;p99.5p100;207125.41;;0.081100002;0.081100002
;US-OK;1917;p0p100;3709365.3;9333204715.0;1.0;1.0
;US-OK;1917;p99p100;183781.3;;0.1426;0.1426
;US-OK;1917;p99.9p100;756168.13;;0.058699999;0.058699999
;US-OK;1917;p99.99p100;3002967.8;;0.0233;0.0233
;US-OK;1917;p90p100;49079.0;;0.38069999;0.38069999
;US-OK;1917;p90p95;24468.9;;0.094899997;0.094899997
