Variable Name;.;.;.;PPP conversion factor, LCU per EUR | individuals | Exchange rates | All Ages | local currency per foreign currency;Market exchange rate, LCU per EUR | individuals | Exchange rates | All Ages | local currency per foreign currency;PPP conversion factor, LCU per USD | individuals | Exchange rates | All Ages | local currency per foreign currency;Market exchange rate, LCU per USD | individuals | Exchange rates | All Ages | local currency per foreign currency;PPP conversion factor, LCU per CNY | individuals | Exchange rates | All Ages | local currency per foreign currency;Market exchange rate, LCU per CNY | individuals | Exchange rates | All Ages | local currency per foreign currency
Variable Category;.;.;.;Other macro;Other macro;Other macro;Other macro;Other macro;Other macro
Variable Description;.;.;.;PPP conversion factor of curent local currency to current PPP EUR.;Official exchange rate of the local currency to EUR.;PPP conversion factor of current local currency to current USD.;Official exchange rate of the local currency to USD.;PPP conversion factor of current local currency to current PPP CNY.;Official exchange rate of the local currency to CNY.
Variable Decomposition;.;.;.;;;;;;
Variable Unit;.;.;.;local currency per foreign currency;local currency per foreign currency;local currency per foreign currency;local currency per foreign currency;local currency per foreign currency;local currency per foreign currency
Methodological Notes;.;.;.;Using the evolution of the price index relative to the reference country, we extrapolate the PPP from the 2011 ICP.;;Using the evolution of the price index relative to the reference country, we extrapolate the PPP from the 2011 ICP.;;Using the evolution of the price index relative to the reference country, we extrapolate the PPP from the 2011 ICP.;
Sources;.;.;.;WID.world computations using:  http://data.worldbank.org/ (World Bank);;WID.world computations using:  http://data.worldbank.org/ (World Bank);;WID.world computations using:  http://data.worldbank.org/ (World Bank);
Variable Code;country;year;perc;xlceup999i;xlceux999i;xlcusp999i;xlcusx999i;xlcyup999i;xlcyux999i
;WS;2018;p0p100;2.2180774;3.0775106;1.6729128;2.5105617;0.52788943;0.39331517
;WS;2017;p0p100;2.1580462;2.8513563;1.6417311;2.5302861;0.50354326;0.37437162
;WS;2016;p0p100;2.1171446;2.8372216;1.6240731;2.5649481;0.485863;0.38602704
;WS;2015;p0p100;2.1383708;2.8401799;1.6437505;2.5608737;0.48347253;0.41122094
;WS;2014;p0p100;2.1639841;3.0936363;1.6585333;2.3317688;0.47954783;0.37955463
;WS;2013;p0p100;2.1522696;3.0682757;1.6629089;2.3109;0.47483632;0.37298098
;WS;2012;p0p100;2.1607358;2.9453049;1.6760259;2.2923119;0.48002487;0.36314815
;WS;2011;p0p100;2.1278722;3.221596;1.6605681;2.317472;0.47369877;0.35866064
;WS;2010;p0p100;2.0591078;3.29074;1.6252434;2.4846566;0.49044061;0.36699525
;WS;2009;p0p100;2.0335155;3.7935731;1.620057;2.7307785;0.51442832;0.39973828
;WS;2008;p0p100;2.155268;3.8732595;1.7202564;2.6441762;0.53230196;0.38053066
;WS;2007;p0p100;2.105099;3.5812182;1.6796643;2.6165724;0.54920703;0.34394494
;WS;2006;p0p100;1.7030131;3.4865785;1.3626381;2.779294;0.46625268;0.34856907
;WS;2005;p0p100;1.6417592;3.3705626;1.3265178;2.7103367;0.45577532;0.33075809
;WS;2004;p0p100;1.5980512;3.452749;1.3055618;2.7807233;0.45377663;0.33596596
;WS;2003;p0p100;1.5192494;3.3556693;1.2519561;2.9732378;0.45138106;0.35921526
;WS;2002;p0p100;1.5299537;3.1775002;1.2607543;3.3762581;0.46009496;0.40791053
;WS;2001;p0p100;1.5102731;3.1123123;1.2361429;3.47804;0.44346637;0.42020193
;WS;2000;p0p100;1.5244597;3.027786;1.2485458;3.2863615;0.44476575;0.39697525
;WS;1999;p0p100;1.5082978;3.2101686;1.2467191;3.0131519;0.46323919;0.36398417
;WS;1998;p0p100;1.5158522;;1.2524403;2.9476869;0.46335667;0.35604563
;WS;1997;p0p100;1.4510394;;1.2018664;2.5593717;0.44211578;0.30873683
;WS;1996;p0p100;1.2972885;;1.0977377;2.462173;0.42179906;0.29614159
;WS;1995;p0p100;1.2772031;;1.0751637;2.4734042;0.44699863;0.29616582
;WS;1994;p0p100;;;1.2062773;2.5350373;0.5884465;0.29413074
;WS;1993;p0p100;;;0.72855753;2.5686035;0.44060153;0.44578657
;WS;1992;p0p100;;;0.74212807;2.4663084;0.55541968;0.44723317
;WS;1991;p0p100;;;0.70139688;2.3996224;0.56042808;0.45076948
;WS;1990;p0p100;;;0.68465084;2.3098516;0.54768264;0.48290843
;WS;1989;p0p100;;;0.65322053;2.2701917;0.56928146;0.60295522
;WS;1988;p0p100;;;0.69971955;2.0804367;0.69410694;0.55894166
;WS;1987;p0p100;;;0.61238194;2.1217484;0.67789721;0.5700407
;WS;1986;p0p100;;;0.60117614;2.23576;0.69392955;0.64752239
;WS;1985;p0p100;;;0.61540705;2.2452734;0.73452216;0.76456743
;WS;1984;p0p100;;;0.62728298;1.8623059;0.74036437;0.80270362
;WS;1983;p0p100;;;0.56246305;1.5491308;0.63077283;0.78410202
;WS;1982;p0p100;;;0.49814466;1.2073325;0.5408591;0.63794237
;WS;1981;p0p100;;;0.43697518;1.034085;0.45331314;0.60666454
;WS;1980;p0p100;;;0.41108793;0.9193067;0.39546439;0.61353129
;WS;1979;p0p100;;;0.36798057;0.82615834;0.34575593;0.53131241
;WS;1978;p0p100;;;0.35418838;0.73633283;0.32241449;0.43735889
;WS;1977;p0p100;;;0.39010319;0.7860775;0.34016281;0.42311746
;WS;1976;p0p100;;;0.35921636;0.79536551;0.29916522;0.40968335
;WS;1975;p0p100;;;0.36234912;0.6327886;0.29806313;0.34024122
;WS;1974;p0p100;;;0.36422026;0.60658002;0.27834141;0.30930489
;WS;1973;p0p100;;;0.31583199;0.6149525;0.22396804;0.30911216
;WS;1972;p0p100;;;0.29783127;0.67543;0.20409054;0.30085078
;WS;1971;p0p100;;;0.2886804;0.71895975;0.19003902;0.2920453
;WS;1970;p0p100;;;0.29051635;0.72106999;0.18790197;0.2929025
;WS;1969;p0p100;;;0.29780251;0.72106999;0.18669562;0.2929025
;WS;1968;p0p100;;;0.30014941;0.72106999;0.17863795;0.2929025
