Variable Name;.;.;.;Fiscal income  | tax unit | Average | Adults | constant 2015 local currency;Fiscal income  | tax unit | Total | Adults | constant 2015 local currency;Fiscal income  | tax unit | Share | Adults | share of total (ratio);Pre-tax national income  | tax unit | Share | Adults | share of total (ratio)
Variable Category;.;.;.;Income inequality;Income inequality;Income inequality;Income inequality
Variable Description;.;.;.;Average Fiscal income within a given percentile group. Fiscal income is defined as the sum of all income items reported on income tax returns, before any deduction. It includes labour income, capital income and mixed income. The concept of fiscal income varies with national tax legislations, so in order to make international comparisons it is preferable to use the concept of national income. The population is comprised of individuals over age 20. The base unit is the tax unit defined by national fiscal administrations to measure personal income taxes.;Total Fiscal income  within a given percentile group. Fiscal income is defined as the sum of all income items reported on income tax returns, before any deduction. It includes labour income, capital income and mixed income. The concept of fiscal income varies with national tax legislations, so in order to make international comparisons it is preferable to use the concept of national income. The population is comprised of individuals over age 20.;Fiscal income share held by a given percentile group. Fiscal income is defined as the sum of all income items reported on income tax returns, before any deduction. It includes labour income, capital income and mixed income. The concept of fiscal income varies with national tax legislations, so in order to make international comparisons it is preferable to use the concept of national income. The population is comprised of individuals over age 20. The base unit is the tax unit defined by national fiscal administrations to measure personal income taxes.;Pre-tax national income share held by a given percentile group. Pre-tax national income  is the sum of all pre-tax personal income flows accruing to the owners of the production factors, labor and capital, before taking into account the operation of the tax/transfer system, but after taking into account the operation of pension system. The central difference between personal factor income and pre-tax income is the treatment of pensions, which are counted on a contribution basis by factor income and on a distribution basis by pre-tax income. The population is comprised of individuals over age 20. The base unit is the tax unit defined by national fiscal administrations to measure personal income taxes.
Variable Decomposition;.;.;.;[Fiscal income ]=[Fiscal labour income ]+[Fiscal capital income ];[Fiscal income ]=[Fiscal labour income ]+[Fiscal capital income ];[Fiscal income ]=[Fiscal labour income ]+[Fiscal capital income ];Pre-tax national income =Pre-tax labor income [total pre-tax income ranking]+Pre-tax capital income [total pre-tax income ranking]
Variable Unit;.;.;.;"USD; United States dollar | local currency | market";"USD; United States dollar | local currency | market";share;share
Methodological Notes;.;.;.;;;;Assuming the same distribution as fiscal income.
Sources;.;.;.;Frank, Sommeiller, Price & Saez (2015);Frank, Sommeiller, Price & Saez (2015);Frank, Sommeiller, Price & Saez (2015);WID.world computations using: Frank, Sommeiller, Price & Saez (2015)
Variable Code;country;year;perc;afiinc992t;mfiinc992t;sfiinc992t;sptinc992t
;US-LA;2015;p0p100;55569.0;1.36379504612e+11;1.0;1.0
;US-LA;2015;p99p100;900751.63;;0.1621;0.1621
;US-LA;2015;p99.9p100;3719558.3;;0.0669;0.0669
;US-LA;2015;p99.99p100;14502270.0;;0.0261;0.0261
;US-LA;2015;p90p100;244839.5;;0.44060001;0.44060001
;US-LA;2015;p90p95;136797.7;;0.1231;0.1231
;US-LA;2015;p95p99;214613.41;;0.15449999;0.15449999
;US-LA;2015;p99.5p99.9;795272.0;;0.0572;0.0572
;US-LA;2015;p99.9p99.99;2563146.8;;0.041499998;0.041499998
;US-LA;2015;p99p99.5;419620.59;;0.037799999;0.037799999
;US-LA;2015;p95p100;352209.0;;0.31690001;0.31690001
;US-LA;2015;p0p90;34564.801;;0.55980003;0.55980003
;US-LA;2015;p0p99;47031.801;;0.83789998;0.83789998
;US-LA;2015;p99.5p100;1380291.6;;0.1242;0.1242
;US-LA;2014;p0p100;54429.801;1.33266954044e+11;1.0;1.0
;US-LA;2014;p99p100;986561.31;;0.18170001;0.18170001
;US-LA;2014;p99.9p100;4530106.5;;0.083400004;0.083400004
;US-LA;2014;p99.99p100;20599164.0;;0.037900001;0.037900001
;US-LA;2014;p90p100;251624.0;;0.46340001;0.46340001
;US-LA;2014;p90p95;135207.41;;0.1245;0.1245
;US-LA;2014;p95p99;213212.0;;0.15710001;0.15710001
;US-LA;2014;p99.5p99.9;811108.63;;0.059700001;0.059700001
;US-LA;2014;p99.9p99.99;2753867.3;;0.045600001;0.045600001
;US-LA;2014;p99p99.5;418721.41;;0.038600001;0.038600001
;US-LA;2014;p95p100;367843.0;;0.3387;0.3387
;US-LA;2014;p0p90;32372.801;;0.53659999;0.53659999
;US-LA;2014;p0p99;44884.0;;0.81830001;0.81830001
;US-LA;2014;p99.5p100;1554375.0;;0.14309999;0.14309999
;US-LA;2013;p0p100;53663.602;1.26241181645e+11;1.0;1.0
;US-LA;2013;p99p100;903724.13;;0.1743;0.1743
;US-LA;2013;p99.9p100;3799665.5;;0.073299997;0.073299997
;US-LA;2013;p99.99p100;15852745.0;;0.0306;0.0306
;US-LA;2013;p90p100;240183.91;;0.46329999;0.46329999
;US-LA;2013;p90p95;133136.0;;0.1284;0.1284
;US-LA;2013;p95p99;207719.5;;0.1603;0.1603
;US-LA;2013;p99.5p99.9;785498.31;;0.060600001;0.060600001
;US-LA;2013;p99.9p99.99;2466517.8;;0.042800002;0.042800002
;US-LA;2013;p99p99.5;419269.69;;0.040399998;0.040399998
;US-LA;2013;p95p100;346958.0;;0.3346;0.3346
;US-LA;2013;p0p90;30924.199;;0.53689998;0.53689998
;US-LA;2013;p0p99;43236.0;;0.82569999;0.82569999
;US-LA;2013;p99.5p100;1388467.6;;0.1339;0.1339
;US-LA;2012;p0p100;58318.801;1.29366809536e+11;1.0;1.0
;US-LA;2012;p99p100;1066677.4;;0.19490001;0.19490001
;US-LA;2012;p99.9p100;4733733.0;;0.086499996;0.086499996
;US-LA;2012;p99.99p100;19982080.0;;0.036499999;0.036499999
;US-LA;2012;p90p100;259161.3;;0.4736;0.4736
;US-LA;2012;p90p95;134324.91;;0.1227;0.1227
;US-LA;2012;p95p99;212935.8;;0.1556;0.1556
;US-LA;2012;p99.5p99.9;911385.38;;0.066600002;0.066600002
;US-LA;2012;p99.9p99.99;3075697.0;;0.0506;0.0506
;US-LA;2012;p99p99.5;458197.91;;0.041900001;0.041900001
;US-LA;2012;p95p100;383635.31;;0.35049999;0.35049999
;US-LA;2012;p0p90;31985.1;;0.52600002;0.52600002
;US-LA;2012;p0p99;44501.301;;0.80510002;0.80510002
;US-LA;2012;p99.5p100;1675337.1;;0.1531;0.1531
;US-LA;2011;p0p100;58370.102;1.20172188899e+11;1.0;1.0
;US-LA;2011;p99p100;787337.38;;0.1498;0.1498
;US-LA;2011;p99.9p100;3061115.0;;0.058200002;0.058200002
;US-LA;2011;p99.99p100;11543141.0;;0.022;0.022
;US-LA;2011;p90p100;221432.3;;0.42120001;0.42120001
;US-LA;2011;p90p95;130106.9;;0.1237;0.1237
;US-LA;2011;p95p99;193422.8;;0.1472;0.1472
;US-LA;2011;p99.5p99.9;713139.0;;0.054299999;0.054299999
;US-LA;2011;p99.9p99.99;2132308.0;;0.036499999;0.036499999
;US-LA;2011;p99p99.5;391638.0;;0.0372;0.0372
;US-LA;2011;p95p100;312162.5;;0.2969;0.2969
;US-LA;2011;p0p90;33829.398;;0.57910001;0.57910001
;US-LA;2011;p0p99;45150.898;;0.8502;0.8502
;US-LA;2011;p99.5p100;1183610.3;;0.1126;0.1126
;US-LA;2010;p0p100;66152.602;1.22445598652e+11;1.0;1.0
;US-LA;2010;p99p100;920817.38;;0.1645;0.1645
;US-LA;2010;p99.9p100;4017261.0;;0.071699999;0.071699999
;US-LA;2010;p99.99p100;17675458.0;;0.031599998;0.031599998
;US-LA;2010;p90p100;239912.8;;0.4285;0.4285
;US-LA;2010;p90p95;132979.59;;0.1187;0.1187
;US-LA;2010;p95p99;202731.2;;0.14480001;0.14480001
;US-LA;2010;p99.5p99.9;776427.5;;0.055500001;0.055500001
;US-LA;2010;p99.9p99.99;2497874.5;;0.040199999;0.040199999
;US-LA;2010;p99p99.5;416611.0;;0.0372;0.0372
;US-LA;2010;p95p100;346325.5;;0.30930001;0.30930001
;US-LA;2010;p0p90;35587.898;;0.57200003;0.57200003
;US-LA;2010;p0p99;47256.102;;0.8355;0.8355
;US-LA;2010;p99.5p100;1425709.0;;0.12729999;0.12729999
;US-LA;2009;p0p100;64564.398;1.16856766491e+11;1.0;1.0
;US-LA;2009;p99p100;856591.0;;0.1619;0.1619
;US-LA;2009;p99.9p100;3853883.8;;0.072899997;0.072899997
;US-LA;2009;p99.99p100;17779564.0;;0.033599999;0.033599999
;US-LA;2009;p90p100;228891.5;;0.43270001;0.43270001
;US-LA;2009;p90p95;130854.0;;0.1237;0.1237
;US-LA;2009;p95p99;193912.8;;0.14659999;0.14659999
;US-LA;2009;p99.5p99.9;697858.88;;0.0528;0.0528
;US-LA;2009;p99.9p99.99;2297916.5;;0.039099999;0.039099999
;US-LA;2009;p99p99.5;381234.81;;0.035999998;0.035999998
;US-LA;2009;p95p100;326491.09;;0.30860001;0.30860001
;US-LA;2009;p0p90;33394.5;;0.56819999;0.56819999
;US-LA;2009;p0p99;44779.801;;0.83810002;0.83810002
;US-LA;2009;p99.5p100;1331104.6;;0.1258;0.1258
;US-LA;2008;p0p100;72021.898;1.27157847374e+11;1.0;1.0
;US-LA;2008;p99p100;1414178.6;;0.23800001;0.23800001
;US-LA;2008;p99.9p100;7752315.0;;0.1304;0.1304
;US-LA;2008;p99.99p100;41429164.0;;0.069700003;0.069700003
;US-LA;2008;p90p100;299670.69;;0.50419998;0.50419998
;US-LA;2008;p90p95;139554.8;;0.1174;0.1174
;US-LA;2008;p95p99;223648.09;;0.1505;0.1505
;US-LA;2008;p99.5p99.9;1025327.9;;0.068999998;0.068999998
;US-LA;2008;p99.9p99.99;4099276.0;;0.062100001;0.062100001
;US-LA;2008;p99p99.5;493674.69;;0.041499998;0.041499998
;US-LA;2008;p95p100;460163.09;;0.38710001;0.38710001
;US-LA;2008;p0p90;32338.199;;0.48969999;0.48969999
;US-LA;2008;p0p99;45745.699;;0.76200002;0.76200002
;US-LA;2008;p99.5p100;2346463.3;;0.1974;0.1974
;US-LA;2007;p0p100;81607.297;1.3233700194e+11;1.0;1.0
;US-LA;2007;p99p100;987686.88;;0.1582;0.1582
;US-LA;2007;p99.9p100;4537205.5;;0.072700001;0.072700001
;US-LA;2007;p99.99p100;19623982.0;;0.031399999;0.031399999
;US-LA;2007;p90p100;246133.5;;0.39410001;0.39410001
;US-LA;2007;p90p95;135126.3;;0.1082;0.1082
;US-LA;2007;p95p99;195085.5;;0.125;0.125
;US-LA;2007;p99.5p99.9;796460.88;;0.050999999;0.050999999
;US-LA;2007;p99.9p99.99;2826198.5;;0.0407;0.0407
;US-LA;2007;p99p99.5;402883.0;;0.032299999;0.032299999
;US-LA;2007;p95p100;355492.69;;0.28459999;0.28459999
;US-LA;2007;p0p90;42428.602;;0.61140001;0.61140001
;US-LA;2007;p0p99;53105.898;;0.84179997;0.84179997
;US-LA;2007;p99.5p100;1561788.1;;0.125;0.125
;US-LA;2006;p0p100;79547.297;1.20104647009e+11;1.0;1.0
;US-LA;2006;p99p100;1262682.3;;0.2194;0.2194
;US-LA;2006;p99.9p100;6427769.5;;0.1117;0.1117
;US-LA;2006;p99.99p100;30365114.0;;0.0528;0.0528
;US-LA;2006;p90p100;277059.19;;0.4813;0.4813
;US-LA;2006;p90p95;133068.2;;0.1156;0.1156
;US-LA;2006;p95p99;210148.2;;0.146;0.146
;US-LA;2006;p99.5p99.9;970223.19;;0.067400001;0.067400001
;US-LA;2006;p99.9p99.99;3768439.0;;0.058899999;0.058899999
;US-LA;2006;p99p99.5;464227.69;;0.0403;0.0403
;US-LA;2006;p95p100;420622.31;;0.36539999;0.36539999
;US-LA;2006;p0p90;33192.801;;0.51899999;0.51899999
;US-LA;2006;p0p99;45390.102;;0.78060001;0.78060001
;US-LA;2006;p99.5p100;2061364.0;;0.17910001;0.17910001
;US-LA;2005;p0p100;74846.797;1.12044870903e+11;1.0;1.0
;US-LA;2005;p99p100;894265.13;;0.1761;0.1761
;US-LA;2005;p99.9p100;4163801.5;;0.082000002;0.082000002
;US-LA;2005;p99.99p100;18059346.0;;0.035599999;0.035599999
;US-LA;2005;p90p100;221938.8;;0.43709999;0.43709999
;US-LA;2005;p90p95;113188.3;;0.1115;0.1115
;US-LA;2005;p95p99;187860.8;;0.148;0.148
;US-LA;2005;p99.5p99.9;723848.63;;0.057;0.057
;US-LA;2005;p99.9p99.99;2614109.0;;0.046300001;0.046300001
;US-LA;2005;p99p99.5;366192.31;;0.0361;0.0361
;US-LA;2005;p95p100;329834.5;;0.32480001;0.32480001
;US-LA;2005;p0p90;31909.4;;0.56559998;0.56559998
;US-LA;2005;p0p99;42257.301;;0.82389998;0.82389998
;US-LA;2005;p99.5p100;1418473.6;;0.1397;0.1397
;US-LA;2004;p0p100;75777.0;1.05681010721e+11;1.0;1.0
;US-LA;2004;p99p100;680531.88;;0.14139999;0.14139999
;US-LA;2004;p99.9p100;2761738.8;;0.057399999;0.057399999
;US-LA;2004;p99.99p100;10729966.0;;0.022299999;0.022299999
;US-LA;2004;p90p100;196156.91;;0.40759999;0.40759999
;US-LA;2004;p90p95;109666.4;;0.1139;0.1139
;US-LA;2004;p95p99;181023.0;;0.1505;0.1505
;US-LA;2004;p99.5p99.9;585938.38;;0.048700001;0.048700001
;US-LA;2004;p99.9p99.99;1857376.1;;0.034699999;0.034699999
;US-LA;2004;p99p99.5;323855.5;;0.033599999;0.033599999
;US-LA;2004;p95p100;281429.91;;0.2924;0.2924
;US-LA;2004;p0p90;31883.801;;0.59619999;0.59619999
;US-LA;2004;p0p99;41739.398;;0.85860002;0.85860002
;US-LA;2004;p99.5p100;1031775.0;;0.1072;0.1072
;US-LA;2003;p0p100;78493.5;1.0188956991e+11;1.0;1.0
;US-LA;2003;p99p100;649018.19;;0.1373;0.1373
;US-LA;2003;p99.9p100;2531082.8;;0.053599998;0.053599998
;US-LA;2003;p99.99p100;9762119.0;;0.0207;0.0207
;US-LA;2003;p90p100;192856.41;;0.40799999;0.40799999
;US-LA;2003;p90p95;113563.7;;0.1201;0.1201
;US-LA;2003;p95p99;176703.09;;0.1495;0.1495
;US-LA;2003;p99.5p99.9;570513.0;;0.048300002;0.048300002
;US-LA;2003;p99.9p99.99;1705860.3;;0.032499999;0.032499999
;US-LA;2003;p99p99.5;323934.5;;0.034299999;0.034299999
;US-LA;2003;p95p100;271693.91;;0.28740001;0.28740001
;US-LA;2003;p0p90;31226.4;;0.59460002;0.59460002
;US-LA;2003;p0p99;41185.0;;0.86269999;0.86269999
;US-LA;2003;p99.5p100;970473.69;;0.1027;0.1027
;US-LA;2002;p0p100;84351.898;1.00745790119e+11;1.0;1.0
;US-LA;2002;p99p100;681612.5;;0.14030001;0.14030001
;US-LA;2002;p99.9p100;2683888.5;;0.055199999;0.055199999
;US-LA;2002;p99.99p100;10391386.0;;0.021400001;0.021400001
;US-LA;2002;p90p100;198673.91;;0.40880001;0.40880001
;US-LA;2002;p90p95;115825.7;;0.1192;0.1192
;US-LA;2002;p95p99;180800.0;;0.1488;0.1488
;US-LA;2002;p99.5p99.9;601005.88;;0.0495;0.0495
;US-LA;2002;p99.9p99.99;1815307.3;;0.033599999;0.033599999
;US-LA;2002;p99p99.5;338514.59;;0.0348;0.0348
;US-LA;2002;p95p100;281248.69;;0.28940001;0.28940001
;US-LA;2002;p0p90;32003.699;;0.5927;0.5927
;US-LA;2002;p0p99;42202.0;;0.85970002;0.85970002
;US-LA;2002;p99.5p100;1022550.5;;0.1052;0.1052
;US-LA;2001;p0p100;89415.5;1.03115474859e+11;1.0;1.0
;US-LA;2001;p99p100;732419.81;;0.1468;0.1468
;US-LA;2001;p99.9p100;2800331.3;;0.0561;0.0561
;US-LA;2001;p99.99p100;10218341.0;;0.020500001;0.020500001
;US-LA;2001;p90p100;205824.59;;0.41260001;0.41260001
;US-LA;2001;p90p95;116875.5;;0.1171;0.1171
;US-LA;2001;p95p99;184622.5;;0.148;0.148
;US-LA;2001;p99.5p99.9;664674.19;;0.053300001;0.053300001
;US-LA;2001;p99.9p99.99;1985947.8;;0.035799999;0.035799999
;US-LA;2001;p99p99.5;371052.09;;0.0372;0.0372
;US-LA;2001;p95p100;294417.81;;0.2951;0.2951
;US-LA;2001;p0p90;32596.301;;0.588;0.588
;US-LA;2001;p0p99;42994.199;;0.85320002;0.85320002
;US-LA;2001;p99.5p100;1094537.1;;0.1097;0.1097
;US-LA;2000;p0p100;98657.0;1.06267000261e+11;1.0;1.0
;US-LA;2000;p99p100;802629.38;;0.1541;0.1541
;US-LA;2000;p99.9p100;3152067.0;;0.0605;0.0605
;US-LA;2000;p99.99p100;11179820.0;;0.021500001;0.021500001
;US-LA;2000;p90p100;217170.2;;0.417;0.417
;US-LA;2000;p90p95;118507.1;;0.1138;0.1138
;US-LA;2000;p95p99;191875.0;;0.14740001;0.14740001
;US-LA;2000;p99.5p99.9;715778.31;;0.055;0.055
;US-LA;2000;p99.9p99.99;2285652.8;;0.039500002;0.039500002
;US-LA;2000;p99p99.5;389358.59;;0.0374;0.0374
;US-LA;2000;p95p100;314977.81;;0.30239999;0.30239999
;US-LA;2000;p0p90;33882.398;;0.5855;0.5855
;US-LA;2000;p0p99;44498.102;;0.8459;0.8459
;US-LA;2000;p99.5p100;1213068.8;;0.1165;0.1165
;US-LA;1999;p0p100;100196.0;1.02986791144e+11;1.0;1.0
;US-LA;1999;p99p100;752617.5;;0.152;0.152
;US-LA;1999;p99.9p100;2842788.8;;0.057399999;0.057399999
;US-LA;1999;p99.99p100;9523823.0;;0.019200001;0.019200001
;US-LA;1999;p90p100;209880.3;;0.42379999;0.42379999
;US-LA;1999;p90p95;117586.7;;0.1187;0.1187
;US-LA;1999;p95p99;188772.8;;0.1525;0.1525
;US-LA;1999;p99.5p99.9;693354.63;;0.056000002;0.056000002
;US-LA;1999;p99.9p99.99;2145525.0;;0.039000001;0.039000001
;US-LA;1999;p99p99.5;378801.41;;0.038199998;0.038199998
;US-LA;1999;p95p100;301751.09;;0.30469999;0.30469999
;US-LA;1999;p0p90;31707.301;;0.57630002;0.57630002
;US-LA;1999;p0p99;42415.602;;0.84799999;0.84799999
;US-LA;1999;p99.5p100;1126290.5;;0.1137;0.1137
;US-LA;1998;p0p100;100574.6;99857407423.0;1.0;1.0
;US-LA;1998;p99p100;768913.38;;0.1612;0.1612
;US-LA;1998;p99.9p100;3056646.5;;0.064099997;0.064099997
;US-LA;1998;p99.99p100;11137575.0;;0.023399999;0.023399999
;US-LA;1998;p90p100;207455.91;;0.435;0.435
;US-LA;1998;p90p95;115183.1;;0.1208;0.1208
;US-LA;1998;p95p99;181732.2;;0.1524;0.1524
;US-LA;1998;p99.5p99.9;694438.31;;0.058200002;0.058200002
;US-LA;1998;p99.9p99.99;2186126.3;;0.041299999;0.041299999
;US-LA;1998;p99p99.5;368858.0;;0.038699999;0.038699999
;US-LA;1998;p95p100;299418.31;;0.31389999;0.31389999
;US-LA;1998;p0p90;29958.301;;0.56529999;0.56529999
;US-LA;1998;p0p99;40409.102;;0.83880001;0.83880001
;US-LA;1998;p99.5p100;1168872.1;;0.1225;0.1225
;US-LA;1997;p0p100;100272.4;95018166832.0;1.0;1.0
;US-LA;1997;p99p100;762957.81;;0.16500001;0.16500001
;US-LA;1997;p99.9p100;3171476.3;;0.068599999;0.068599999
;US-LA;1997;p99.99p100;12780750.0;;0.0276;0.0276
;US-LA;1997;p90p100;203617.8;;0.4402;0.4402
;US-LA;1997;p90p95;112872.2;;0.122;0.122
;US-LA;1997;p95p99;176972.2;;0.1531;0.1531
;US-LA;1997;p99.5p99.9;662447.5;;0.057300001;0.057300001
;US-LA;1997;p99.9p99.99;2110466.0;;0.041099999;0.041099999
;US-LA;1997;p99p99.5;360612.69;;0.039000001;0.039000001
;US-LA;1997;p95p100;294233.59;;0.31810001;0.31810001
;US-LA;1997;p0p90;28775.199;;0.55989999;0.55989999
;US-LA;1997;p0p99;39011.102;;0.83499998;0.83499998
;US-LA;1997;p99.5p100;1165054.5;;0.126;0.126
;US-LA;1996;p0p100;97219.398;89113655597.0;1.0;1.0
;US-LA;1996;p99p100;670314.0;;0.156;0.156
;US-LA;1996;p99.9p100;2725796.8;;0.0634;0.0634
;US-LA;1996;p99.99p100;10790641.0;;0.0251;0.0251
;US-LA;1996;p90p100;187471.91;;0.43630001;0.43630001
;US-LA;1996;p90p95;106634.3;;0.1241;0.1241
;US-LA;1996;p95p99;167694.8;;0.1561;0.1561
;US-LA;1996;p99.5p99.9;587571.38;;0.054699998;0.054699998
;US-LA;1996;p99.9p99.99;1828365.3;;0.0383;0.0383
;US-LA;1996;p99p99.5;323239.69;;0.037599999;0.037599999
;US-LA;1996;p95p100;268250.31;;0.31220001;0.31220001
;US-LA;1996;p0p90;26927.801;;0.56410003;0.56410003
;US-LA;1996;p0p99;36628.699;;0.84399998;0.84399998
;US-LA;1996;p99.5p100;1016910.7;;0.1183;0.1183
;US-LA;1995;p0p100;101409.2;85213597941.0;1.0;1.0
;US-LA;1995;p99p100;584572.63;;0.1375;0.1375
;US-LA;1995;p99.9p100;2144180.0;;0.0504;0.0504
;US-LA;1995;p99.99p100;7661941.0;;0.017999999;0.017999999
;US-LA;1995;p90p100;177334.5;;0.417;0.417
;US-LA;1995;p90p95;107263.0;;0.1261;0.1261
;US-LA;1995;p95p99;163073.0;;0.1534;0.1534
;US-LA;1995;p99.5p99.9;537536.0;;0.0506;0.0506
;US-LA;1995;p99.9p99.99;1531405.8;;0.032400001;0.032400001
;US-LA;1995;p99p99.5;308526.31;;0.0363;0.0363
;US-LA;1995;p95p100;247351.0;;0.29080001;0.29080001
;US-LA;1995;p0p90;27555.5;;0.58319998;0.58319998
;US-LA;1995;p0p99;37048.0;;0.86250001;0.86250001
;US-LA;1995;p99.5p100;860336.69;;0.1012;0.1012
;US-LA;1994;p0p100;103505.2;81237956286.0;1.0;1.0
;US-LA;1994;p99p100;553250.31;;0.1337;0.1337
;US-LA;1994;p99.9p100;2044056.3;;0.049400002;0.049400002
;US-LA;1994;p99.99p100;7580596.5;;0.018300001;0.018300001
;US-LA;1994;p90p100;169528.3;;0.40959999;0.40959999
;US-LA;1994;p90p95;103472.6;;0.125;0.125
;US-LA;1994;p95p99;156151.41;;0.15090001;0.15090001
;US-LA;1994;p99.5p99.9;505167.09;;0.048799999;0.048799999
;US-LA;1994;p99.9p99.99;1424788.6;;0.030999999;0.030999999
;US-LA;1994;p99p99.5;291906.81;;0.035300002;0.035300002
;US-LA;1994;p95p100;235555.3;;0.28459999;0.28459999
;US-LA;1994;p0p90;27160.9;;0.59069997;0.59069997
;US-LA;1994;p0p99;36214.699;;0.86629999;0.86629999
;US-LA;1994;p99.5p100;814365.5;;0.098399997;0.098399997
;US-LA;1993;p0p100;105170.7;78890464582.0;1.0;1.0
;US-LA;1993;p99p100;535393.63;;0.1328;0.1328
;US-LA;1993;p99.9p100;1964700.8;;0.048700001;0.048700001
;US-LA;1993;p99.99p100;7245016.5;;0.017999999;0.017999999
;US-LA;1993;p90p100;164953.09;;0.40920001;0.40920001
;US-LA;1993;p90p95;101063.1;;0.12540001;0.12540001
;US-LA;1993;p95p99;152189.09;;0.15099999;0.15099999
;US-LA;1993;p99.5p99.9;492450.81;;0.048900001;0.048900001
;US-LA;1993;p99.9p99.99;1373573.4;;0.0307;0.0307
;US-LA;1993;p99p99.5;282089.09;;0.035;0.035
;US-LA;1993;p95p100;228803.59;;0.28380001;0.28380001
;US-LA;1993;p0p90;26477.699;;0.59109998;0.59109998
;US-LA;1993;p0p99;35310.801;;0.86720002;0.86720002
;US-LA;1993;p99.5p100;788282.81;;0.097800002;0.097800002
;US-LA;1992;p0p100;112293.2;78925131851.0;1.0;1.0
;US-LA;1992;p99p100;543404.31;;0.13259999;0.13259999
;US-LA;1992;p99.9p100;1976451.4;;0.0482;0.0482
;US-LA;1992;p99.99p100;7140553.5;;0.0174;0.0174
;US-LA;1992;p90p100;166096.0;;0.4052;0.4052
;US-LA;1992;p90p95;103308.1;;0.126;0.126
;US-LA;1992;p95p99;150326.41;;0.14669999;0.14669999
;US-LA;1992;p99.5p99.9;504252.5;;0.049199998;0.049199998
;US-LA;1992;p99.9p99.99;1401501.5;;0.0308;0.0308
;US-LA;1992;p99p99.5;287028.31;;0.035;0.035
;US-LA;1992;p95p100;228950.91;;0.2793;0.2793
;US-LA;1992;p0p90;27092.801;;0.59490001;0.59490001
;US-LA;1992;p0p99;35914.602;;0.86739999;0.86739999
;US-LA;1992;p99.5p100;799580.88;;0.097499996;0.097499996
;US-LA;1991;p0p100;116851.2;77439713146.0;1.0;1.0
;US-LA;1991;p99p100;514298.59;;0.1268;0.1268
;US-LA;1991;p99.9p100;1824617.3;;0.045000002;0.045000002
;US-LA;1991;p99.99p100;6449647.0;;0.015900001;0.015900001
;US-LA;1991;p90p100;162518.41;;0.40059999;0.40059999
;US-LA;1991;p90p95;104284.8;;0.1285;0.1285
;US-LA;1991;p95p99;147565.2;;0.1455;0.1455
;US-LA;1991;p99.5p99.9;482177.41;;0.047499999;0.047499999
;US-LA;1991;p99.9p99.99;1310327.5;;0.029100001;0.029100001
;US-LA;1991;p99p99.5;277610.41;;0.034200002;0.034200002
;US-LA;1991;p95p100;220901.3;;0.27219999;0.27219999
;US-LA;1991;p0p90;27013.5;;0.59930003;0.59930003
;US-LA;1991;p0p99;35784.898;;0.8732;0.8732
;US-LA;1991;p99.5p100;751001.5;;0.092600003;0.092600003
;US-LA;1990;p0p100;129007.6;78003800019.0;1.0;1.0
;US-LA;1990;p99p100;532570.38;;0.1276;0.1276
;US-LA;1990;p99.9p100;1912548.0;;0.0458;0.0458
;US-LA;1990;p99.99p100;6769804.5;;0.0162;0.0162
;US-LA;1990;p90p100;163383.7;;0.39140001;0.39140001
;US-LA;1990;p90p95;103268.8;;0.1237;0.1237
;US-LA;1990;p95p99;146220.91;;0.1401;0.1401
;US-LA;1990;p99.5p99.9;501459.09;;0.048099998;0.048099998
;US-LA;1990;p99.9p99.99;1374744.4;;0.0296;0.0296
;US-LA;1990;p99p99.5;281106.09;;0.0337;0.0337
;US-LA;1990;p95p100;223512.5;;0.26769999;0.26769999
;US-LA;1990;p0p90;28228.199;;0.60860002;0.60860002
;US-LA;1990;p0p99;36785.398;;0.87239999;0.87239999
;US-LA;1990;p99.5p100;783730.0;;0.093900003;0.093900003
;US-LA;1989;p0p100;134479.8;76120828708.0;1.0;1.0
;US-LA;1989;p99p100;522953.5;;0.13249999;0.13249999
;US-LA;1989;p99.9p100;1990874.9;;0.0504;0.0504
;US-LA;1989;p99.99p100;7488028.5;;0.018999999;0.018999999
;US-LA;1989;p90p100;157413.7;;0.3987;0.3987
;US-LA;1989;p90p95;95888.203;;0.1214;0.1214
;US-LA;1989;p95p99;140543.3;;0.1424;0.1424
;US-LA;1989;p99.5p99.9;466702.19;;0.0473;0.0473
;US-LA;1989;p99.9p99.99;1353320.4;;0.0309;0.0309
;US-LA;1989;p99p99.5;260350.7;;0.033;0.033
;US-LA;1989;p95p100;218606.09;;0.27689999;0.27689999
;US-LA;1989;p0p90;26587.699;;0.60610002;0.60610002
;US-LA;1989;p0p99;34596.801;;0.86750001;0.86750001
;US-LA;1989;p99.5p100;779868.88;;0.098800004;0.098800004
;US-LA;1988;p0p100;146354.5;76805031251.0;1.0;1.0
;US-LA;1988;p99p100;530308.88;;0.13429999;0.13429999
;US-LA;1988;p99.9p100;2065453.5;;0.052299999;0.052299999
;US-LA;1988;p99.99p100;7718077.0;;0.0195;0.0195
;US-LA;1988;p90p100;156686.91;;0.39680001;0.39680001
;US-LA;1988;p90p95;94856.297;;0.1201;0.1201
;US-LA;1988;p95p99;136552.2;;0.1383;0.1383
;US-LA;1988;p99.5p99.9;464925.59;;0.0471;0.0471
;US-LA;1988;p99.9p99.99;1397108.3;;0.031800002;0.031800002
;US-LA;1988;p99p99.5;252569.8;;0.032000002;0.032000002
;US-LA;1988;p95p100;217942.3;;0.27599999;0.27599999
;US-LA;1988;p0p90;26810.5;;0.61110002;0.61110002
;US-LA;1988;p0p99;34528.301;;0.86570001;0.86570001
;US-LA;1988;p99.5p100;798536.19;;0.1011;0.1011
;US-LA;1987;p0p100;150718.91;73631400074.0;1.0;1.0
;US-LA;1987;p99p100;444300.41;;0.1174;0.1174
;US-LA;1987;p99.9p100;1569120.6;;0.041499998;0.041499998
;US-LA;1987;p99.99p100;5577715.5;;0.0147;0.0147
;US-LA;1987;p90p100;147019.7;;0.38859999;0.38859999
;US-LA;1987;p90p95;95301.602;;0.1259;0.1259
;US-LA;1987;p95p99;135434.8;;0.1432;0.1432
;US-LA;1987;p99.5p99.9;405296.0;;0.042800002;0.042800002
;US-LA;1987;p99.9p99.99;1101388.5;;0.0262;0.0262
;US-LA;1987;p99p99.5;238807.3;;0.031599998;0.031599998
;US-LA;1987;p95p100;198507.59;;0.26230001;0.26230001
;US-LA;1987;p0p90;25876.6;;0.61549997;0.61549997
;US-LA;1987;p0p99;33730.0;;0.88260001;0.88260001
;US-LA;1987;p99.5p100;645104.69;;0.085299999;0.085299999
;US-LA;1986;p0p100;177502.8;80110487272.0;1.0;1.0
;US-LA;1986;p99p100;632453.5;;0.1517;0.1517
;US-LA;1986;p99.9p100;2778060.5;;0.066600002;0.066600002
;US-LA;1986;p99.99p100;11859780.0;;0.0284;0.0284
;US-LA;1986;p90p100;171441.8;;0.41119999;0.41119999
;US-LA;1986;p90p95;98240.102;;0.1178;0.1178
;US-LA;1986;p95p99;145511.59;;0.13959999;0.13959999
;US-LA;1986;p99.5p99.9;527409.19;;0.0506;0.0506
;US-LA;1986;p99.9p99.99;1733655.1;;0.0374;0.0374
;US-LA;1986;p99p99.5;273549.81;;0.0328;0.0328
;US-LA;1986;p95p100;244299.5;;0.29300001;0.29300001
;US-LA;1986;p0p90;27486.801;;0.59329998;0.59329998
;US-LA;1986;p0p99;35727.0;;0.84829998;0.84829998
;US-LA;1986;p99.5p100;985710.19;;0.1182;0.1182
;US-LA;1985;p0p100;183011.91;79168564931.0;1.0;1.0
;US-LA;1985;p99p100;539318.19;;0.13;0.13
;US-LA;1985;p99.9p100;2216355.5;;0.053399999;0.053399999
;US-LA;1985;p99.99p100;9103425.0;;0.022;0.022
;US-LA;1985;p90p100;163526.0;;0.39430001;0.39430001
;US-LA;1985;p90p95;101117.8;;0.1219;0.1219
;US-LA;1985;p95p99;146965.41;;0.1417;0.1417
;US-LA;1985;p99.5p99.9;459860.31;;0.044399999;0.044399999
;US-LA;1985;p99.9p99.99;1435603.1;;0.031199999;0.031199999
;US-LA;1985;p99p99.5;262757.91;;0.0317;0.0317
;US-LA;1985;p95p100;225848.41;;0.2723;0.2723
;US-LA;1985;p0p90;27981.0;;0.60720003;0.60720003
;US-LA;1985;p0p99;36444.199;;0.87;0.87
;US-LA;1985;p99.5p100;814131.63;;0.098200001;0.098200001
;US-LA;1984;p0p100;193899.3;78490494347.0;1.0;1.0
;US-LA;1984;p99p100;525338.0;;0.1279;0.1279
;US-LA;1984;p99.9p100;2187766.3;;0.053300001;0.053300001
;US-LA;1984;p99.99p100;9489673.0;;0.0231;0.0231
;US-LA;1984;p90p100;160579.2;;0.391;0.391
;US-LA;1984;p90p95;99935.398;;0.1217;0.1217
;US-LA;1984;p95p99;145243.59;;0.1415;0.1415
;US-LA;1984;p99.5p99.9;444336.81;;0.043299999;0.043299999
;US-LA;1984;p99.9p99.99;1378686.8;;0.030200001;0.030200001
;US-LA;1984;p99p99.5;258136.8;;0.031399999;0.031399999
;US-LA;1984;p95p100;221225.5;;0.26930001;0.26930001
;US-LA;1984;p0p90;27785.9;;0.60890001;0.60890001
;US-LA;1984;p0p99;36180.102;;0.8721;0.8721
;US-LA;1984;p99.5p100;792704.81;;0.096500002;0.096500002
;US-LA;1983;p0p100;222769.7;77657785884.0;1.0;1.0
;US-LA;1983;p99p100;499687.91;;0.1196;0.1196
;US-LA;1983;p99.9p100;1977005.5;;0.0473;0.0473
;US-LA;1983;p99.99p100;8393029.0;;0.020099999;0.020099999
;US-LA;1983;p90p100;159720.8;;0.38240001;0.38240001
;US-LA;1983;p90p95;102350.8;;0.1225;0.1225
;US-LA;1983;p95p99;146550.8;;0.14040001;0.14040001
;US-LA;1983;p99.5p99.9;436070.41;;0.0418;0.0418
;US-LA;1983;p99.9p99.99;1272388.8;;0.0274;0.0274
;US-LA;1983;p99p99.5;257850.7;;0.0309;0.0309
;US-LA;1983;p95p100;216999.41;;0.25979999;0.25979999
;US-LA;1983;p0p90;28631.5;;0.61699998;0.61699998
;US-LA;1983;p0p99;37140.398;;0.8804;0.8804
;US-LA;1983;p99.5p100;742477.69;;0.0889;0.0889
;US-LA;1982;p0p100;235752.7;78819425209.0;1.0;1.0
;US-LA;1982;p99p100;513907.09;;0.1212;0.1212
;US-LA;1982;p99.9p100;1987771.3;;0.0469;0.0469
;US-LA;1982;p99.99p100;8253290.0;;0.0195;0.0195
;US-LA;1982;p90p100;163036.2;;0.38460001;0.38460001
;US-LA;1982;p90p95;104456.5;;0.1232;0.1232
;US-LA;1982;p95p99;148814.09;;0.14040001;0.14040001
;US-LA;1982;p99.5p99.9;450946.69;;0.042599998;0.042599998
;US-LA;1982;p99.9p99.99;1291602.5;;0.0274;0.0274
;US-LA;1982;p99p99.5;269502.59;;0.031800002;0.031800002
;US-LA;1982;p95p100;221365.3;;0.26109999;0.26109999
;US-LA;1982;p0p90;28973.6;;0.61510003;0.61510003
;US-LA;1982;p0p99;37627.898;;0.87879997;0.87879997
;US-LA;1982;p99.5p100;758311.63;;0.089400001;0.089400001
;US-LA;1981;p0p100;281195.5;78930782184.0;1.0;1.0
;US-LA;1981;p99p100;496842.09;;0.1105;0.1105
;US-LA;1981;p99.9p100;1721895.6;;0.0383;0.0383
;US-LA;1981;p99.99p100;5453443.5;;0.0121;0.0121
;US-LA;1981;p90p100;162070.7;;0.36039999;0.36039999
;US-LA;1981;p90p95;105641.1;;0.1175;0.1175
;US-LA;1981;p95p99;148912.7;;0.13249999;0.13249999
;US-LA;1981;p99.5p99.9;469035.91;;0.041700002;0.041700002
;US-LA;1981;p99.9p99.99;1305475.8;;0.0261;0.0261
;US-LA;1981;p99p99.5;273698.09;;0.030400001;0.030400001
;US-LA;1981;p95p100;218391.5;;0.2428;0.2428
;US-LA;1981;p0p90;31963.4;;0.6397;0.6397
;US-LA;1981;p0p99;40406.199;;0.88950002;0.88950002
;US-LA;1981;p99.5p100;720020.5;;0.0801;0.0801
;US-LA;1980;p0p100;334388.91;75582525366.0;1.0;1.0
;US-LA;1980;p99p100;497664.0;;0.1116;0.1116
;US-LA;1980;p99.9p100;1629872.3;;0.036600001;0.036600001
;US-LA;1980;p99.99p100;5353854.0;;0.012;0.012
;US-LA;1980;p90p100;162285.5;;0.36399999;0.36399999
;US-LA;1980;p90p95;104393.6;;0.1171;0.1171
;US-LA;1980;p95p99;150903.3;;0.1354;0.1354
;US-LA;1980;p99.5p99.9;480133.69;;0.043099999;0.043099999
;US-LA;1980;p99.9p99.99;1215320.3;;0.024499999;0.024499999
;US-LA;1980;p99p99.5;285062.31;;0.032000002;0.032000002
;US-LA;1980;p95p100;220216.7;;0.24699999;0.24699999
;US-LA;1980;p0p90;31504.1;;0.63599998;0.63599998
;US-LA;1980;p0p99;40007.898;;0.88840002;0.88840002
;US-LA;1980;p99.5p100;710266.13;;0.079700001;0.079700001
;US-LA;1979;p0p100;396169.19;72136565486.0;1.0;1.0
;US-LA;1979;p99p100;462543.81;;0.1081;0.1081
;US-LA;1979;p99.9p100;1519063.3;;0.035500001;0.035500001
;US-LA;1979;p99.99p100;5397084.5;;0.0126;0.0126
;US-LA;1979;p90p100;154243.3;;0.36039999;0.36039999
;US-LA;1979;p90p95;103109.9;;0.1205;0.1205
;US-LA;1979;p95p99;141011.41;;0.1318;0.1318
;US-LA;1979;p99.5p99.9;433429.59;;0.0405;0.0405
;US-LA;1979;p99.9p99.99;1087693.3;;0.0229;0.0229
;US-LA;1979;p99p99.5;274589.19;;0.032099999;0.032099999
;US-LA;1979;p95p100;205330.2;;0.23989999;0.23989999
;US-LA;1979;p0p90;30413.199;;0.63959998;0.63959998
;US-LA;1979;p0p99;38553.199;;0.8919;0.8919
;US-LA;1979;p99.5p100;650661.0;;0.075999998;0.075999998
;US-LA;1978;p0p100;466468.0;67669223723.0;1.0;1.0
;US-LA;1978;p99p100;421585.59;;0.1005;0.1005
;US-LA;1978;p99.9p100;1219098.6;;0.029100001;0.029100001
;US-LA;1978;p99.99p100;3473032.3;;0.0082999999;0.0082999999
;US-LA;1978;p90p100;148586.59;;0.35409999;0.35409999
;US-LA;1978;p90p95;96800.703;;0.1153;0.1153
;US-LA;1978;p95p99;145228.3;;0.1384;0.1384
;US-LA;1978;p99.5p99.9;418512.91;;0.039900001;0.039900001
;US-LA;1978;p99.9p99.99;968179.81;;0.0208;0.0208
;US-LA;1978;p99p99.5;264482.59;;0.031500001;0.031500001
;US-LA;1978;p95p100;200572.7;;0.23899999;0.23899999
;US-LA;1978;p0p90;30109.4;;0.64579999;0.64579999
;US-LA;1978;p0p99;38128.199;;0.89950001;0.89950001
;US-LA;1978;p99.5p100;578703.31;;0.068999998;0.068999998
;US-LA;1977;p0p100;517823.41;63282342108.0;1.0;1.0
;US-LA;1977;p99p100;416587.91;;0.1035;0.1035
;US-LA;1977;p99.9p100;1225060.9;;0.030400001;0.030400001
;US-LA;1977;p99.99p100;3922737.8;;0.0097000003;0.0097000003
;US-LA;1977;p90p100;145124.59;;0.36059999;0.36059999
;US-LA;1977;p90p95;95923.102;;0.1192;0.1192
;US-LA;1977;p95p99;138771.59;;0.13789999;0.13789999
;US-LA;1977;p99.5p99.9;409959.91;;0.040800001;0.040800001
;US-LA;1977;p99.9p99.99;924963.88;;0.0207;0.0207
;US-LA;1977;p99p99.5;260145.3;;0.032299999;0.032299999
;US-LA;1977;p95p100;194316.0;;0.2414;0.2414
;US-LA;1977;p0p90;28587.9;;0.63940001;0.63940001
;US-LA;1977;p0p99;36440.0;;0.89649999;0.89649999
;US-LA;1977;p99.5p100;573036.13;;0.071199998;0.071199998
;US-LA;1976;p0p100;574361.5;60382927981.0;1.0;1.0
;US-LA;1976;p99p100;390040.31;;0.099100001;0.099100001
;US-LA;1976;p99.9p100;1088948.8;;0.0277;0.0277
;US-LA;1976;p99.99p100;3060782.0;;0.0077999998;0.0077999998
;US-LA;1976;p90p100;141531.91;;0.35969999;0.35969999
;US-LA;1976;p90p95;96322.398;;0.1224;0.1224
;US-LA;1976;p95p99;135911.09;;0.1382;0.1382
;US-LA;1976;p99.5p99.9;388091.41;;0.0394;0.0394
;US-LA;1976;p99.9p99.99;870064.69;;0.0199;0.0199
;US-LA;1976;p99p99.5;251672.3;;0.032000002;0.032000002
;US-LA;1976;p95p100;186738.09;;0.23729999;0.23729999
;US-LA;1976;p0p90;27998.5;;0.64039999;0.64039999
;US-LA;1976;p0p99;35808.801;;0.90090001;0.90090001
;US-LA;1976;p99.5p100;528390.19;;0.067100003;0.067100003
;US-LA;1975;p0p100;605905.13;55603024278.0;1.0;1.0
;US-LA;1975;p99p100;375113.09;;0.1011;0.1011
;US-LA;1975;p99.9p100;1096244.3;;0.0295;0.0295
;US-LA;1975;p99.99p100;3344527.5;;0.0089999996;0.0089999996
;US-LA;1975;p90p100;133939.8;;0.36090001;0.36090001
;US-LA;1975;p90p95;88559.797;;0.1193;0.1193
;US-LA;1975;p95p99;130330.4;;0.14049999;0.14049999
;US-LA;1975;p99.5p99.9;383735.19;;0.0414;0.0414
;US-LA;1975;p99.9p99.99;846754.38;;0.020500001;0.020500001
;US-LA;1975;p99p99.5;224076.5;;0.030200001;0.030200001
;US-LA;1975;p95p100;179290.41;;0.24160001;0.24160001
;US-LA;1975;p0p90;26354.5;;0.63910002;0.63910002
;US-LA;1975;p0p99;33698.0;;0.89889997;0.89889997
;US-LA;1975;p99.5p100;526301.69;;0.070900001;0.070900001
;US-LA;1974;p0p100;737030.88;55438428689.0;1.0;1.0
;US-LA;1974;p99p100;380170.31;;0.1003;0.1003
;US-LA;1974;p99.9p100;1158761.3;;0.0306;0.0306
;US-LA;1974;p99.99p100;3801413.3;;0.0099999998;0.0099999998
;US-LA;1974;p90p100;136181.59;;0.3592;0.3592
;US-LA;1974;p90p95;90458.797;;0.1193;0.1193
;US-LA;1974;p95p99;132443.2;;0.1398;0.1398
;US-LA;1974;p99.5p99.9;371697.09;;0.0392;0.0392
;US-LA;1974;p99.9p99.99;866655.81;;0.0206;0.0206
;US-LA;1974;p99p99.5;231945.2;;0.0306;0.0306
;US-LA;1974;p95p100;181898.0;;0.23989999;0.23989999
;US-LA;1974;p0p90;26978.1;;0.64050001;0.64050001
;US-LA;1974;p0p99;34450.398;;0.89969999;0.89969999
;US-LA;1974;p99.5p100;528678.63;;0.069700003;0.069700003
;US-LA;1973;p0p100;892818.19;53211898694.0;1.0;1.0
;US-LA;1973;p99p100;384381.59;;0.1032;0.1032
;US-LA;1973;p99.9p100;1078404.8;;0.028999999;0.028999999
;US-LA;1973;p99.99p100;3031630.3;;0.0081000002;0.0081000002
;US-LA;1973;p90p100;132153.41;;0.35479999;0.35479999
;US-LA;1973;p90p95;87372.102;;0.1173;0.1173
;US-LA;1973;p95p99;125074.2;;0.13429999;0.13429999
;US-LA;1973;p99.5p99.9;393995.5;;0.042300001;0.042300001
;US-LA;1973;p99.9p99.99;860859.88;;0.0208;0.0208
;US-LA;1973;p99p99.5;237941.0;;0.0319;0.0319
;US-LA;1973;p95p100;176932.0;;0.2375;0.2375
;US-LA;1973;p0p90;26700.5;;0.64520001;0.64520001
;US-LA;1973;p0p99;33739.199;;0.89679998;0.89679998
;US-LA;1973;p99.5p100;530868.0;;0.0713;0.0713
;US-LA;1972;p0p100;987740.13;50953932775.0;1.0;1.0
;US-LA;1972;p99p100;387499.19;;0.1061;0.1061
;US-LA;1972;p99.9p100;1208269.3;;0.033100002;0.033100002
;US-LA;1972;p99.99p100;4232505.5;;0.0116;0.0116
;US-LA;1972;p90p100;131300.59;;0.35949999;0.35949999
;US-LA;1972;p90p95;85633.898;;0.1172;0.1172
;US-LA;1972;p95p99;124331.4;;0.1362;0.1362
;US-LA;1972;p99.5p99.9;373095.5;;0.040899999;0.040899999
;US-LA;1972;p99.9p99.99;872161.38;;0.021500001;0.021500001
;US-LA;1972;p99p99.5;234766.0;;0.032099999;0.032099999
;US-LA;1972;p95p100;176964.09;;0.2423;0.2423
;US-LA;1972;p0p90;25990.699;;0.64050001;0.64050001
;US-LA;1972;p0p99;32975.699;;0.89389998;0.89389998
;US-LA;1972;p99.5p100;540232.38;;0.074000001;0.074000001
;US-LA;1971;p0p100;1021657.6;48264198595.0;1.0;1.0
;US-LA;1971;p99p100;364332.81;;0.1027;0.1027
;US-LA;1971;p99.9p100;1094367.3;;0.0309;0.0309
;US-LA;1971;p99.99p100;3442405.0;;0.0097000003;0.0097000003
;US-LA;1971;p90p100;127351.1;;0.35910001;0.35910001
;US-LA;1971;p90p95;84456.203;;0.1191;0.1191
;US-LA;1971;p95p99;121721.1;;0.1373;0.1373
;US-LA;1971;p99.5p99.9;356106.81;;0.040199999;0.040199999
;US-LA;1971;p99.9p99.99;833727.13;;0.021199999;0.021199999
;US-LA;1971;p99p99.5;224746.59;;0.0317;0.0317
;US-LA;1971;p95p100;170244.59;;0.23999999;0.23999999
;US-LA;1971;p0p90;25252.801;;0.64090002;0.64090002
;US-LA;1971;p0p99;32140.0;;0.8973;0.8973
;US-LA;1971;p99.5p100;503889.5;;0.071000002;0.071000002
;US-LA;1970;p0p100;1102505.5;46544647611.0;1.0;1.0
;US-LA;1970;p99p100;336980.0;;0.095899999;0.095899999
;US-LA;1970;p99.9p100;984588.69;;0.028000001;0.028000001
;US-LA;1970;p99.99p100;3118040.0;;0.0088999998;0.0088999998
;US-LA;1970;p90p100;120669.0;;0.3436;0.3436
;US-LA;1970;p90p95;80790.602;;0.115;0.115
;US-LA;1970;p95p99;116432.4;;0.13259999;0.13259999
;US-LA;1970;p99.5p99.9;341842.81;;0.038899999;0.038899999
;US-LA;1970;p99.9p99.99;747157.38;;0.019099999;0.019099999
;US-LA;1970;p99p99.5;203448.5;;0.028999999;0.028999999
;US-LA;1970;p95p100;160544.3;;0.22849999;0.22849999
;US-LA;1970;p0p90;25619.199;;0.65649998;0.65649998
;US-LA;1970;p0p99;32073.9;;0.9041;0.9041
;US-LA;1970;p99.5p100;470541.91;;0.067000002;0.067000002
;US-LA;1969;p0p100;1244290.1;46414563142.0;1.0;1.0
;US-LA;1969;p99p100;380205.19;;0.1072;0.1072
;US-LA;1969;p99.9p100;1201300.9;;0.0339;0.0339
;US-LA;1969;p99.99p100;4359177.5;;0.0123;0.0123
;US-LA;1969;p90p100;126352.1;;0.3563;0.3563
;US-LA;1969;p90p95;81797.203;;0.1153;0.1153
;US-LA;1969;p95p99;118592.4;;0.1338;0.1338
;US-LA;1969;p99.5p99.9;369787.31;;0.041700002;0.041700002
;US-LA;1969;p99.9p99.99;852042.69;;0.021600001;0.021600001
;US-LA;1969;p99p99.5;224194.0;;0.031599998;0.031599998
;US-LA;1969;p95p100;170911.7;;0.241;0.241
;US-LA;1969;p0p90;25365.1;;0.6437;0.6437
;US-LA;1969;p0p99;31982.801;;0.89279997;0.89279997
;US-LA;1969;p99.5p100;536278.31;;0.075599998;0.075599998
;US-LA;1968;p0p100;1431137.5;47491341973.0;1.0;1.0
;US-LA;1968;p99p100;388277.81;;0.1059;0.1059
;US-LA;1968;p99.9p100;1252621.3;;0.034200002;0.034200002
;US-LA;1968;p99.99p100;4396941.5;;0.012;0.012
;US-LA;1968;p90p100;128101.5;;0.3493;0.3493
;US-LA;1968;p90p95;80934.703;;0.1103;0.1103
;US-LA;1968;p95p99;121988.0;;0.133;0.133
;US-LA;1968;p99.5p99.9;393089.31;;0.0429;0.0429
;US-LA;1968;p99.9p99.99;905446.63;;0.0222;0.0222
;US-LA;1968;p99p99.5;211713.2;;0.028899999;0.028899999
;US-LA;1968;p95p100;175253.91;;0.23890001;0.23890001
;US-LA;1968;p0p90;26516.199;;0.65069997;0.65069997
;US-LA;1968;p0p99;33124.898;;0.89410001;0.89410001
;US-LA;1968;p99.5p100;564848.0;;0.077;0.077
;US-LA;1967;p0p100;1488547.8;45008562719.0;1.0;1.0
;US-LA;1967;p99p100;382182.31;;0.1088;0.1088
;US-LA;1967;p99.9p100;1161175.3;;0.033;0.033
;US-LA;1967;p99.99p100;3788452.5;;0.0108;0.0108
;US-LA;1967;p90p100;126138.4;;0.359;0.359
;US-LA;1967;p90p95;81444.0;;0.1159;0.1159
;US-LA;1967;p95p99;118043.9;;0.1344;0.1344
;US-LA;1967;p99.5p99.9;372302.19;;0.042399999;0.042399999
;US-LA;1967;p99.9p99.99;869786.0;;0.022299999;0.022299999
;US-LA;1967;p99p99.5;234309.3;;0.033300001;0.033300001
;US-LA;1967;p95p100;170865.0;;0.2431;0.2431
;US-LA;1967;p0p90;25026.301;;0.64099997;0.64099997
;US-LA;1967;p0p99;31634.6;;0.89120001;0.89120001
;US-LA;1967;p99.5p100;530102.88;;0.075400002;0.075400002
;US-LA;1966;p0p100;1483746.3;41720073771.0;1.0;1.0
;US-LA;1966;p99p100;368403.59;;0.1118;0.1118
;US-LA;1966;p99.9p100;1153264.6;;0.035;0.035
;US-LA;1966;p99.99p100;3882910.8;;0.0118;0.0118
;US-LA;1966;p90p100;121960.9;;0.37;0.37
;US-LA;1966;p90p95;78568.703;;0.1192;0.1192
;US-LA;1966;p95p99;114622.6;;0.1391;0.1391
;US-LA;1966;p99.5p99.9;354318.0;;0.043000001;0.043000001
;US-LA;1966;p99.9p99.99;850236.5;;0.0232;0.0232
;US-LA;1966;p99p99.5;222334.5;;0.0337;0.0337
;US-LA;1966;p95p100;165380.09;;0.2509;0.2509
;US-LA;1966;p0p90;23072.1;;0.63;0.63
;US-LA;1966;p0p99;29572.4;;0.88819999;0.88819999
;US-LA;1966;p99.5p100;514372.41;;0.078000002;0.078000002
;US-LA;1965;p0p100;1475498.9;38726337594.0;1.0;1.0
;US-LA;1965;p99p100;361347.0;;0.1166;0.1166
;US-LA;1965;p99.9p100;1124033.1;;0.0363;0.0363
;US-LA;1965;p99.99p100;3392543.8;;0.011;0.011
;US-LA;1965;p90p100;116671.5;;0.3766;0.3766
;US-LA;1965;p90p95;74451.102;;0.1202;0.1202
;US-LA;1965;p95p99;108275.1;;0.1398;0.1398
;US-LA;1965;p99.5p99.9;359857.31;;0.046500001;0.046500001
;US-LA;1965;p99.9p99.99;870478.13;;0.0253;0.0253
;US-LA;1965;p99p99.5;209868.2;;0.0339;0.0339
;US-LA;1965;p95p100;158889.91;;0.25639999;0.25639999
;US-LA;1965;p0p90;21463.1;;0.62349999;0.62349999
;US-LA;1965;p0p99;27644.801;;0.88340002;0.88340002
;US-LA;1965;p99.5p100;512827.0;;0.082800001;0.082800001
;US-LA;1964;p0p100;1448960.8;36336862847.0;1.0;1.0
;US-LA;1964;p99p100;326975.41;;0.111;0.111
;US-LA;1964;p99.9p100;941845.0;;0.032000002;0.032000002
;US-LA;1964;p99.99p100;3308514.8;;0.0112;0.0112
;US-LA;1964;p90p100;109292.4;;0.37090001;0.37090001
;US-LA;1964;p90p95;70639.898;;0.1199;0.1199
;US-LA;1964;p95p99;103183.1;;0.1401;0.1401
;US-LA;1964;p99.5p99.9;333468.81;;0.045299999;0.045299999
;US-LA;1964;p99.9p99.99;678716.38;;0.0207;0.0207
;US-LA;1964;p99p99.5;198627.8;;0.0337;0.0337
;US-LA;1964;p95p100;147936.41;;0.25099999;0.25099999
;US-LA;1964;p0p90;20598.199;;0.62910002;0.62910002
;US-LA;1964;p0p99;26461.199;;0.889;0.889
;US-LA;1964;p99.5p100;455232.81;;0.077200003;0.077200003
;US-LA;1963;p0p100;1417182.9;34114403525.0;1.0;1.0
;US-LA;1963;p99p100;290296.69;;0.1034;0.1034
;US-LA;1963;p99.9p100;844783.13;;0.030099999;0.030099999
;US-LA;1963;p99.99p100;2231672.0;;0.0078999996;0.0078999996
;US-LA;1963;p90p100;101630.8;;0.3619;0.3619
;US-LA;1963;p90p95;66290.602;;0.118;0.118
;US-LA;1963;p95p99;98639.797;;0.14049999;0.14049999
;US-LA;1963;p99.5p99.9;290922.69;;0.0414;0.0414
;US-LA;1963;p99.9p99.99;692004.88;;0.0222;0.0222
;US-LA;1963;p99p99.5;178720.09;;0.031800002;0.031800002
;US-LA;1963;p95p100;136971.09;;0.2439;0.2439
;US-LA;1963;p0p90;19908.699;;0.63810003;0.63810003
;US-LA;1963;p0p99;25432.6;;0.89660001;0.89660001
;US-LA;1963;p99.5p100;401869.91;;0.071599998;0.071599998
;US-LA;1962;p0p100;1390972.8;32112106369.0;1.0;1.0
;US-LA;1962;p99p100;285475.5;;0.1063;0.1063
;US-LA;1962;p99.9p100;900868.63;;0.033599999;0.033599999
;US-LA;1962;p99.99p100;2920133.0;;0.0109;0.0109
;US-LA;1962;p90p100;97678.297;;0.36379999;0.36379999
;US-LA;1962;p90p95;62773.602;;0.1169;0.1169
;US-LA;1962;p95p99;94359.797;;0.1406;0.1406
;US-LA;1962;p99.5p99.9;279897.59;;0.041700002;0.041700002
;US-LA;1962;p99.9p99.99;677405.0;;0.022700001;0.022700001
;US-LA;1962;p99p99.5;166794.09;;0.031099999;0.031099999
;US-LA;1962;p95p100;132583.0;;0.24690001;0.24690001
;US-LA;1962;p0p90;18975.199;;0.63609999;0.63609999
;US-LA;1962;p0p99;24233.6;;0.8937;0.8937
;US-LA;1962;p99.5p100;404156.69;;0.075300001;0.075300001
;US-LA;1961;p0p100;1398385.1;31126399860.0;1.0;1.0
;US-LA;1961;p99p100;284686.41;;0.1076;0.1076
;US-LA;1961;p99.9p100;857152.5;;0.032400001;0.032400001
;US-LA;1961;p99.99p100;2562550.0;;0.0097000003;0.0097000003
;US-LA;1961;p90p100;96548.203;;0.36489999;0.36489999
;US-LA;1961;p90p95;62238.5;;0.1176;0.1176
;US-LA;1961;p95p99;92403.203;;0.1397;0.1397
;US-LA;1961;p99.5p99.9;289359.19;;0.0438;0.0438
;US-LA;1961;p99.9p99.99;668157.0;;0.022700001;0.022700001
;US-LA;1961;p99p99.5;166357.59;;0.031399999;0.031399999
;US-LA;1961;p95p100;130858.6;;0.2473;0.2473
;US-LA;1961;p0p90;18667.4;;0.63510001;0.63510001
;US-LA;1961;p0p99;23847.1;;0.89240003;0.89240003
;US-LA;1961;p99.5p100;403017.0;;0.076200001;0.076200001
;US-LA;1960;p0p100;1398592.3;29972210874.0;1.0;1.0
;US-LA;1960;p99p100;283434.69;;0.1093;0.1093
;US-LA;1960;p99.9p100;830968.63;;0.032000002;0.032000002
;US-LA;1960;p99.99p100;2598007.5;;0.0099999998;0.0099999998
;US-LA;1960;p90p100;94534.0;;0.3646;0.3646
;US-LA;1960;p90p95;59372.398;;0.1145;0.1145
;US-LA;1960;p95p99;91261.398;;0.1408;0.1408
;US-LA;1960;p99.5p99.9;286445.31;;0.044199999;0.044199999
;US-LA;1960;p99.9p99.99;635661.38;;0.0221;0.0221
;US-LA;1960;p99p99.5;171193.09;;0.033;0.033
;US-LA;1960;p95p100;129695.7;;0.25009999;0.25009999
;US-LA;1960;p0p90;18309.301;;0.63550001;0.63550001
;US-LA;1960;p0p99;23330.1;;0.89069998;0.89069998
;US-LA;1960;p99.5p100;395673.41;;0.076300003;0.076300003
;US-LA;1959;p0p100;1479406.5;30428184061.0;1.0;1.0
;US-LA;1959;p99p100;341822.41;;0.12890001;0.12890001
;US-LA;1959;p99.9p100;1011464.6;;0.038199998;0.038199998
;US-LA;1959;p99.99p100;2649323.0;;0.0099999998;0.0099999998
;US-LA;1959;p90p100;101908.4;;0.38440001;0.38440001
;US-LA;1959;p90p95;60002.398;;0.1132;0.1132
;US-LA;1959;p95p99;94309.297;;0.14229999;0.14229999
;US-LA;1959;p99.5p99.9;371858.41;;0.0561;0.0561
;US-LA;1959;p99.9p99.99;830452.69;;0.028200001;0.028200001
;US-LA;1959;p99p99.5;183650.41;;0.034600001;0.034600001
;US-LA;1959;p95p100;143813.5;;0.2712;0.2712
;US-LA;1959;p0p90;18133.5;;0.61559999;0.61559999
;US-LA;1959;p0p99;23325.699;;0.87110001;0.87110001
;US-LA;1959;p99.5p100;499992.59;;0.094300002;0.094300002
;US-LA;1958;p0p100;1441418.3;29004749803.0;1.0;1.0
;US-LA;1958;p99p100;261512.7;;0.1027;0.1027
;US-LA;1958;p99.9p100;786180.81;;0.0309;0.0309
;US-LA;1958;p99.99p100;2069634.5;;0.0081000002;0.0081000002
;US-LA;1958;p90p100;89232.0;;0.35030001;0.35030001
;US-LA;1958;p90p95;57735.301;;0.1133;0.1133
;US-LA;1958;p95p99;85533.5;;0.13429999;0.13429999
;US-LA;1958;p99.5p99.9;263259.31;;0.041299999;0.041299999
;US-LA;1958;p99.9p99.99;644659.31;;0.0228;0.0228
;US-LA;1958;p99p99.5;155076.59;;0.030400001;0.030400001
;US-LA;1958;p95p100;120729.1;;0.2369;0.2369
;US-LA;1958;p0p90;18391.5;;0.64969999;0.64969999
;US-LA;1958;p0p99;23091.9;;0.8973;0.8973
;US-LA;1958;p99.5p100;367948.31;;0.0722;0.0722
;US-LA;1957;p0p100;1556739.4;29437240739.0;1.0;1.0
;US-LA;1957;p99p100;278083.31;;0.1067;0.1067
;US-LA;1957;p99.9p100;818493.13;;0.031399999;0.031399999
;US-LA;1957;p99.99p100;2342941.8;;0.0089999996;0.0089999996
;US-LA;1957;p90p100;92871.797;;0.35620001;0.35620001
;US-LA;1957;p90p95;59269.301;;0.1137;0.1137
;US-LA;1957;p95p99;88572.797;;0.13590001;0.13590001
;US-LA;1957;p99.5p99.9;281516.5;;0.043200001;0.043200001
;US-LA;1957;p99.9p99.99;649615.38;;0.022399999;0.022399999
;US-LA;1957;p99p99.5;167154.5;;0.032099999;0.032099999
;US-LA;1957;p95p100;126474.6;;0.24250001;0.24250001
;US-LA;1957;p0p90;18650.0;;0.64380002;0.64380002
;US-LA;1957;p0p99;23526.6;;0.8933;0.8933
;US-LA;1957;p99.5p100;389010.91;;0.074600004;0.074600004
;US-LA;1956;p0p100;1594611.3;27836777001.0;1.0;1.0
;US-LA;1956;p99p100;290933.69;;0.1168;0.1168
;US-LA;1956;p99.9p100;931138.31;;0.0374;0.0374
;US-LA;1956;p99.99p100;2857595.3;;0.0115;0.0115
;US-LA;1956;p90p100;90008.797;;0.36149999;0.36149999
;US-LA;1956;p90p95;54047.301;;0.1085;0.1085
;US-LA;1956;p95p99;84626.297;;0.13590001;0.13590001
;US-LA;1956;p99.5p99.9;296339.19;;0.047600001;0.047600001
;US-LA;1956;p99.9p99.99;717876.81;;0.025900001;0.025900001
;US-LA;1956;p99p99.5;158448.0;;0.031800002;0.031800002
;US-LA;1956;p95p100;125887.8;;0.25279999;0.25279999
;US-LA;1956;p0p90;17670.9;;0.63870001;0.63870001
;US-LA;1956;p0p99;22213.4;;0.88319999;0.88319999
;US-LA;1956;p99.5p100;423420.19;;0.085000001;0.085000001
;US-LA;1955;p0p100;1536889.8;25789363004.0;1.0;1.0
;US-LA;1955;p99p100;282396.41;;0.1212;0.1212
;US-LA;1955;p99.9p100;857758.63;;0.036800001;0.036800001
;US-LA;1955;p99.99p100;2343764.0;;0.0101;0.0101
;US-LA;1955;p90p100;86853.0;;0.37279999;0.37279999
;US-LA;1955;p90p95;52110.602;;0.1118;0.1118
;US-LA;1955;p95p99;81313.703;;0.13959999;0.13959999
;US-LA;1955;p99.5p99.9;283948.41;;0.048799999;0.048799999
;US-LA;1955;p99.9p99.99;692743.19;;0.026799999;0.026799999
;US-LA;1955;p99p99.5;166085.09;;0.035599999;0.035599999
;US-LA;1955;p95p100;121528.6;;0.2608;0.2608
;US-LA;1955;p0p90;16238.6;;0.62730002;0.62730002
;US-LA;1955;p0p99;20679.699;;0.87879997;0.87879997
;US-LA;1955;p99.5p100;398707.91;;0.085600004;0.085600004
;US-LA;1954;p0p100;1456066.4;24372410126.0;1.0;1.0
;US-LA;1954;p99p100;260869.09;;0.1173;0.1173
;US-LA;1954;p99.9p100;827418.88;;0.0372;0.0372
;US-LA;1954;p99.99p100;2358871.0;;0.0106;0.0106
;US-LA;1954;p90p100;86325.898;;0.38820001;0.38820001
;US-LA;1954;p90p95;59312.602;;0.13339999;0.13339999
;US-LA;1954;p95p99;77306.102;;0.1391;0.1391
;US-LA;1954;p99.5p99.9;259813.3;;0.046700001;0.046700001
;US-LA;1954;p99.9p99.99;657276.38;;0.0266;0.0266
;US-LA;1954;p99p99.5;148404.0;;0.033399999;0.033399999
;US-LA;1954;p95p100;114013.6;;0.25639999;0.25639999
;US-LA;1954;p0p90;15078.4;;0.6103;0.6103
;US-LA;1954;p0p99;19826.801;;0.88270003;0.88270003
;US-LA;1954;p99.5p100;373334.19;;0.083899997;0.083899997
;US-LA;1953;p0p100;1494249.3;24514966431.0;1.0;1.0
;US-LA;1953;p99p100;238984.91;;0.1058;0.1058
;US-LA;1953;p99.9p100;672141.13;;0.0297;0.0297
;US-LA;1953;p99.99p100;1622522.8;;0.0071999999;0.0071999999
;US-LA;1953;p90p100;83080.703;;0.36770001;0.36770001
;US-LA;1953;p90p95;60900.301;;0.1348;0.1348
;US-LA;1953;p95p99;72967.5;;0.1292;0.1292
;US-LA;1953;p99.5p99.9;248366.09;;0.044;0.044
;US-LA;1953;p99.9p99.99;567871.0;;0.022600001;0.022600001
;US-LA;1953;p99p99.5;144946.41;;0.032099999;0.032099999
;US-LA;1953;p95p100;106171.5;;0.235;0.235
;US-LA;1953;p0p90;15820.9;;0.63020003;0.63020003
;US-LA;1953;p0p99;20408.301;;0.89420003;0.89420003
;US-LA;1953;p99.5p100;333043.91;;0.073700003;0.073700003
;US-LA;1952;p0p100;1459001.8;23361593303.0;1.0;1.0
;US-LA;1952;p99p100;262026.8;;0.1206;0.1206
;US-LA;1952;p99.9p100;804053.31;;0.037;0.037
;US-LA;1952;p99.99p100;2315436.3;;0.0107;0.0107
;US-LA;1952;p90p100;83825.297;;0.38569999;0.38569999
;US-LA;1952;p90p95;56778.199;;0.13060001;0.13060001
;US-LA;1952;p95p99;73934.898;;0.13609999;0.13609999
;US-LA;1952;p99.5p99.9;266701.5;;0.0491;0.0491
;US-LA;1952;p99.9p99.99;636815.81;;0.0264;0.0264
;US-LA;1952;p99p99.5;149928.91;;0.034499999;0.034499999
;US-LA;1952;p95p100;111557.4;;0.25670001;0.25670001
;US-LA;1952;p0p90;14793.8;;0.61269999;0.61269999
;US-LA;1952;p0p99;19304.6;;0.87940001;0.87940001
;US-LA;1952;p99.5p100;374130.69;;0.086099997;0.086099997
;US-LA;1951;p0p100;1493858.0;22678649227.0;1.0;1.0
;US-LA;1951;p99p100;288353.69;;0.1353;0.1353
;US-LA;1951;p99.9p100;944257.69;;0.044300001;0.044300001
;US-LA;1951;p99.99p100;2258831.0;;0.0106;0.0106
;US-LA;1951;p90p100;81047.297;;0.38029999;0.38029999
;US-LA;1951;p90p95;47905.0;;0.1124;0.1124
;US-LA;1951;p95p99;70370.398;;0.1321;0.1321
;US-LA;1951;p99.5p99.9;289234.19;;0.054299999;0.054299999
;US-LA;1951;p99.9p99.99;802490.69;;0.0339;0.0339
;US-LA;1951;p99p99.5;155389.7;;0.036499999;0.036499999
;US-LA;1951;p95p100;113921.8;;0.26730001;0.26730001
;US-LA;1951;p0p99;13351.0;;0.62029999;0.62029999
;US-LA;1951;p99.5p100;421297.81;;0.098899998;0.098899998
;US-LA;1950;p0p100;1613093.8;20820554416.0;1.0;1.0
;US-LA;1950;p99p100;278080.19;;0.1407;0.1407
;US-LA;1950;p99.9p100;892280.69;;0.045200001;0.045200001
;US-LA;1950;p99.99p100;2145523.8;;0.0109;0.0109
;US-LA;1950;p90p100;77643.102;;0.39289999;0.39289999
;US-LA;1950;p90p95;42651.699;;0.1079;0.1079
;US-LA;1950;p95p99;71340.203;;0.1444;0.1444
;US-LA;1950;p99.5p99.9;280420.59;;0.0568;0.0568
;US-LA;1950;p99.9p99.99;766852.19;;0.034899998;0.034899998
;US-LA;1950;p99p99.5;153490.7;;0.038800001;0.038800001
;US-LA;1950;p95p100;112667.6;;0.28510001;0.28510001
;US-LA;1950;p0p90;13313.6;;0.6063;0.6063
;US-LA;1950;p0p99;17153.0;;0.85930002;0.85930002
;US-LA;1950;p99.5p100;402688.19;;0.1019;0.1019
;US-LA;1949;p0p100;1533089.6;19139691213.0;1.0;1.0
;US-LA;1949;p99p100;242297.59;;0.13150001;0.13150001
;US-LA;1949;p99.9p100;793208.31;;0.043099999;0.043099999
;US-LA;1949;p99.99p100;2440350.3;;0.0132;0.0132
;US-LA;1949;p90p100;71435.0;;0.38780001;0.38780001
;US-LA;1949;p90p95;42332.0;;0.1149;0.1149
;US-LA;1949;p95p99;65082.898;;0.14129999;0.14129999
;US-LA;1949;p99.5p99.9;248854.41;;0.054000001;0.054000001
;US-LA;1949;p99.9p99.99;610200.13;;0.0298;0.0298
;US-LA;1949;p99p99.5;126872.0;;0.034400001;0.034400001
;US-LA;1949;p95p100;100532.0;;0.27289999;0.27289999
;US-LA;1949;p0p90;12529.2;;0.61220002;0.61220002
;US-LA;1949;p0p99;16157.8;;0.86849999;0.86849999
;US-LA;1949;p99.5p100;357725.19;;0.097099997;0.097099997
;US-LA;1948;p0p100;1471030.1;18524715866.0;1.0;1.0
;US-LA;1948;p99p100;263723.5;;0.1463;0.1463
;US-LA;1948;p99.9p100;876276.69;;0.048599999;0.048599999
;US-LA;1948;p99.99p100;2714814.0;;0.0151;0.0151
;US-LA;1948;p90p100;72196.898;;0.40059999;0.40059999
;US-LA;1948;p90p95;40638.898;;0.1127;0.1127
;US-LA;1948;p95p99;63752.0;;0.1415;0.1415
;US-LA;1948;p99.5p99.9;262059.2;;0.058200002;0.058200002
;US-LA;1948;p99.9p99.99;672001.31;;0.033599999;0.033599999
;US-LA;1948;p99p99.5;142543.8;;0.039500002;0.039500002
;US-LA;1948;p95p100;103759.1;;0.2879;0.2879
;US-LA;1948;p0p90;12002.8;;0.59939998;0.59939998
;US-LA;1948;p0p99;15540.0;;0.85369998;0.85369998
;US-LA;1948;p99.5p100;384902.59;;0.1068;0.1068
;US-LA;1947;p0p100;1572862.9;16866303648.0;1.0;1.0
;US-LA;1947;p99p100;213569.91;;0.1287;0.1287
;US-LA;1947;p99.9p100;681842.81;;0.041099999;0.041099999
;US-LA;1947;p99.99p100;2179994.3;;0.0131;0.0131
;US-LA;1947;p90p100;62077.5;;0.37419999;0.37419999
;US-LA;1947;p90p95;38017.898;;0.1146;0.1146
;US-LA;1947;p95p99;54277.801;;0.1309;0.1309
;US-LA;1947;p99.5p99.9;216484.41;;0.052200001;0.052200001
;US-LA;1947;p99.9p99.99;515396.59;;0.028000001;0.028000001
;US-LA;1947;p99p99.5;117587.6;;0.035399999;0.035399999
;US-LA;1947;p95p100;86139.602;;0.25960001;0.25960001
;US-LA;1947;p0p90;11536.0;;0.62580001;0.62580001
;US-LA;1947;p0p99;14600.4;;0.87129998;0.87129998
;US-LA;1947;p99.5p100;309555.5;;0.0933;0.0933
;US-LA;1946;p0p100;2101115.0;17002750853.0;1.0;1.0
;US-LA;1946;p99p100;235253.91;;0.1388;0.1388
;US-LA;1946;p99.9p100;784152.69;;0.046300001;0.046300001
;US-LA;1946;p99.99p100;2492737.5;;0.0147;0.0147
;US-LA;1946;p90p100;66916.602;;0.39489999;0.39489999
;US-LA;1946;p90p95;39045.301;;0.1152;0.1152
;US-LA;1946;p95p99;59672.602;;0.1409;0.1409
;US-LA;1946;p99.5p99.9;232716.8;;0.054900002;0.054900002
;US-LA;1946;p99.9p99.99;594319.38;;0.031599998;0.031599998
;US-LA;1946;p99p99.5;127510.0;;0.037599999;0.037599999
;US-LA;1946;p95p100;94788.898;;0.27970001;0.27970001
;US-LA;1946;p0p90;11393.7;;0.60509998;0.60509998
;US-LA;1946;p0p99;14740.9;;0.86119998;0.86119998
;US-LA;1946;p99.5p100;343004.0;;0.1012;0.1012
;US-LA;1945;p0p100;2794597.5;19110146798.0;1.0;1.0
;US-LA;1945;p99p100;229032.2;;0.1197;0.1197
;US-LA;1945;p99.9p100;772201.19;;0.040399998;0.040399998
;US-LA;1945;p99.99p100;2143277.3;;0.0112;0.0112
;US-LA;1945;p90p100;65808.297;;0.3439;0.3439
;US-LA;1945;p90p95;39556.699;;0.1034;0.1034
;US-LA;1945;p95p99;57822.5;;0.1209;0.1209
;US-LA;1945;p99.5p99.9;229798.41;;0.048;0.048
;US-LA;1945;p99.9p99.99;621409.19;;0.029200001;0.029200001
;US-LA;1945;p99p99.5;119797.2;;0.031300001;0.031300001
;US-LA;1945;p95p100;92062.0;;0.2406;0.2406
;US-LA;1945;p0p90;13946.0;;0.65600002;0.65600002
;US-LA;1945;p0p99;17013.699;;0.88029999;0.88029999
;US-LA;1945;p99.5p100;338279.91;;0.088399999;0.088399999
;US-LA;1944;p0p100;3082495.3;20042136607.0;1.0;1.0
;US-LA;1944;p99p100;210621.2;;0.1044;0.1044
;US-LA;1944;p99.9p100;719800.0;;0.035700001;0.035700001
;US-LA;1944;p99.99p100;2047667.6;;0.0101;0.0101
;US-LA;1944;p90p100;58924.5;;0.29210001;0.29210001
;US-LA;1944;p90p95;34327.699;;0.085100003;0.085100003
;US-LA;1944;p95p99;51372.699;;0.1019;0.1019
;US-LA;1944;p99.5p99.9;208027.0;;0.041200001;0.041200001
;US-LA;1944;p99.9p99.99;572545.88;;0.0255;0.0255
;US-LA;1944;p99p99.5;110841.9;;0.0275;0.0275
;US-LA;1944;p95p100;83278.602;;0.20640001;0.20640001
;US-LA;1944;p0p90;15886.8;;0.7087;0.7087
;US-LA;1944;p0p99;18252.1;;0.89560002;0.89560002
;US-LA;1944;p99.5p100;310367.69;;0.076899998;0.076899998
;US-LA;1943;p0p100;3248411.8;20270335784.0;1.0;1.0
;US-LA;1943;p99p100;241928.59;;0.1178;0.1178
;US-LA;1943;p99.9p100;856328.31;;0.041700002;0.041700002
;US-LA;1943;p99.99p100;2328992.8;;0.0113;0.0113
;US-LA;1943;p90p100;65529.398;;0.31900001;0.31900001
;US-LA;1943;p90p95;37495.301;;0.091300003;0.091300003
;US-LA;1943;p95p99;56475.801;;0.11;0.11
;US-LA;1943;p99.5p99.9;237958.59;;0.046300001;0.046300001
;US-LA;1943;p99.9p99.99;694690.5;;0.030400001;0.030400001
;US-LA;1943;p99p99.5;122236.8;;0.0298;0.0298
;US-LA;1943;p95p100;93562.898;;0.2277;0.2277
;US-LA;1943;p0p90;15540.9;;0.68089998;0.68089998
;US-LA;1943;p0p99;18305.5;;0.8822;0.8822
;US-LA;1943;p99.5p100;361624.5;;0.088;0.088
;US-LA;1942;p0p100;2857197.3;15687663894.0;1.0;1.0
;US-LA;1942;p99p100;205040.8;;0.1279;0.1279
;US-LA;1942;p99.9p100;702612.88;;0.0438;0.0438
;US-LA;1942;p99.99p100;1982546.5;;0.0124;0.0124
;US-LA;1942;p90p100;57663.398;;0.35960001;0.35960001
;US-LA;1942;p90p95;32357.199;;0.1009;0.1009
;US-LA;1942;p95p99;52433.301;;0.13079999;0.13079999
;US-LA;1942;p99.5p99.9;206083.5;;0.051399998;0.051399998
;US-LA;1942;p99.9p99.99;560059.0;;0.031399999;0.031399999
;US-LA;1942;p99p99.5;104661.1;;0.032600001;0.032600001
;US-LA;1942;p95p100;82970.297;;0.25870001;0.25870001
;US-LA;1942;p0p90;11411.7;;0.64050001;0.64050001
;US-LA;1942;p0p99;14126.5;;0.8721;0.8721
;US-LA;1942;p99.5p100;305413.81;;0.095200002;0.095200002
;US-LA;1941;p0p100;2807922.5;12516997315.0;1.0;1.0
;US-LA;1941;p99p100;201924.0;;0.1569;0.1569
;US-LA;1941;p99.9p100;729016.38;;0.056600001;0.056600001
;US-LA;1941;p99.99p100;2294192.3;;0.0178;0.0178
;US-LA;1941;p90p100;56624.301;;0.44;0.44
;US-LA;1941;p90p95;31115.4;;0.1209;0.1209
;US-LA;1941;p95p99;52099.5;;0.1619;0.1619
;US-LA;1941;p99.5p99.9;195311.5;;0.060699999;0.060699999
;US-LA;1941;p99.9p99.99;554766.38;;0.038800001;0.038800001
;US-LA;1941;p99p99.5;101763.7;;0.039500002;0.039500002
;US-LA;1941;p95p100;82099.203;;0.31900001;0.31900001
;US-LA;1941;p0p90;8012.3999;;0.56029999;0.56029999
;US-LA;1941;p0p99;10960.1;;0.84310001;0.84310001
;US-LA;1941;p99.5p100;302072.69;;0.1174;0.1174
;US-LA;1940;p0p100;2459667.0;9897419935.0;1.0;1.0
;US-LA;1940;p99p100;177661.5;;0.1737;0.1737
;US-LA;1940;p99.9p100;601957.13;;0.058899999;0.058899999
;US-LA;1940;p99.99p100;1805544.3;;0.0177;0.0177
;US-LA;1940;p90p100;53985.602;;0.528;0.528
;US-LA;1940;p90p95;30920.5;;0.1512;0.1512
;US-LA;1940;p95p99;51838.5;;0.20280001;0.20280001
;US-LA;1940;p99.5p99.9;168744.7;;0.066;0.066
;US-LA;1940;p99.9p99.99;467794.81;;0.041200001;0.041200001
;US-LA;1940;p99p99.5;99783.797;;0.048799999;0.048799999
;US-LA;1940;p95p100;77052.703;;0.3768;0.3768
;US-LA;1940;p0p90;5367.1001;;0.47240001;0.47240001
;US-LA;1940;p0p99;8534.2002;;0.82630002;0.82630002
;US-LA;1940;p99.5p100;255428.0;;0.1249;0.1249
;US-LA;1939;p0p100;2523358.0;9754424229.0;1.0;1.0
;US-LA;1939;p99p100;176567.41;;0.1716;0.1716
;US-LA;1939;p99.9p100;585639.31;;0.056899998;0.056899998
;US-LA;1939;p99.99p100;1732097.8;;0.016799999;0.016799999
;US-LA;1939;p90p100;48783.199;;0.47400001;0.47400001
;US-LA;1939;p90p95;19984.301;;0.097099997;0.097099997
;US-LA;1939;p95p99;51688.398;;0.2009;0.2009
;US-LA;1939;p99.5p99.9;167812.5;;0.065200001;0.065200001
;US-LA;1939;p99.9p99.99;458062.5;;0.040100001;0.040100001
;US-LA;1939;p99p99.5;101604.9;;0.049400002;0.049400002
;US-LA;1939;p95p100;76705.5;;0.37270001;0.37270001
;US-LA;1939;p0p90;6066.5;;0.53049999;0.53049999
;US-LA;1939;p0p99;8611.7998;;0.82840002;0.82840002
;US-LA;1939;p99.5p100;251421.5;;0.1222;0.1222
;US-LA;1938;p0p100;2347560.3;9157455251.0;1.0;1.0
;US-LA;1938;p99p100;164456.7;;0.16689999;0.16689999
;US-LA;1938;p99.9p100;562123.31;;0.057100002;0.057100002
;US-LA;1938;p99.99p100;1712234.1;;0.0174;0.0174
;US-LA;1938;p90p100;45562.102;;0.46239999;0.46239999
;US-LA;1938;p90p95;19761.4;;0.1003;0.1003
;US-LA;1938;p95p99;46000.398;;0.1868;0.1868
;US-LA;1938;p99.5p99.9;154125.8;;0.062600002;0.062600002
;US-LA;1938;p99.9p99.99;433005.91;;0.0396;0.0396
;US-LA;1938;p99p99.5;92935.102;;0.047200002;0.047200002
;US-LA;1938;p95p100;69723.602;;0.3538;0.3538
;US-LA;1938;p0p90;5980.3999;;0.54629999;0.54629999
;US-LA;1938;p0p99;8290.9004;;0.83310002;0.83310002
;US-LA;1938;p99.5p100;235829.91;;0.1197;0.1197
;US-LA;1937;p0p100;2259282.0;8976575871.0;1.0;1.0
;US-LA;1937;p99p100;173248.59;;0.176;0.176
;US-LA;1937;p99.9p100;600089.5;;0.061000001;0.061000001
;US-LA;1937;p99.99p100;1765897.8;;0.017899999;0.017899999
;US-LA;1937;p90p100;44341.898;;0.45039999;0.45039999
;US-LA;1937;p90p95;17536.1;;0.089100003;0.089100003
;US-LA;1937;p95p99;43844.602;;0.1781;0.1781
;US-LA;1937;p99.5p99.9;164868.8;;0.067000002;0.067000002
;US-LA;1937;p99.9p99.99;470582.31;;0.043000001;0.043000001
;US-LA;1937;p99p99.5;94587.898;;0.048;0.048
;US-LA;1937;p95p100;69719.898;;0.35409999;0.35409999
;US-LA;1937;p0p90;6090.8999;;0.55680001;0.55680001
;US-LA;1937;p0p99;8194.4004;;0.824;0.824
;US-LA;1937;p99.5p100;251912.5;;0.1279;0.1279
;US-LA;1936;p0p100;2355765.5;8567775756.0;1.0;1.0
;US-LA;1936;p99p100;181636.3;;0.19;0.19
;US-LA;1936;p99.9p100;676675.69;;0.070799999;0.070799999
;US-LA;1936;p99.99p100;2102019.5;;0.022;0.022
;US-LA;1936;p90p100;42326.199;;0.4427;0.4427
;US-LA;1936;p90p95;17562.699;;0.091799997;0.091799997
;US-LA;1936;p95p99;36830.699;;0.1541;0.1541
;US-LA;1936;p99.5p99.9;166062.2;;0.069499999;0.069499999
;US-LA;1936;p99.9p99.99;518317.91;;0.048799999;0.048799999
;US-LA;1936;p99p99.5;95093.703;;0.049699999;0.049699999
;US-LA;1936;p95p100;65792.602;;0.34400001;0.34400001
;US-LA;1936;p0p90;5993.2998;;0.56410003;0.56410003
;US-LA;1936;p0p99;7823.6001;;0.81;0.81
;US-LA;1936;p99.5p100;268184.69;;0.1402;0.1402
;US-LA;1935;p0p100;2181338.5;7644991367.0;1.0;1.0
;US-LA;1935;p99p100;130939.8;;0.1508;0.1508
;US-LA;1935;p99.9p100;409298.09;;0.0471;0.0471
;US-LA;1935;p99.99p100;1129405.4;;0.013;0.013
;US-LA;1935;p90p100;36290.5;;0.4179;0.4179
;US-LA;1935;p90p95;19052.0;;0.1097;0.1097
;US-LA;1935;p95p99;33819.0;;0.1558;0.1558
;US-LA;1935;p99.5p99.9;126763.2;;0.058400001;0.058400001
;US-LA;1935;p99.9p99.99;329307.69;;0.0341;0.0341
;US-LA;1935;p99p99.5;78627.0;;0.045299999;0.045299999
;US-LA;1935;p95p100;53203.699;;0.30630001;0.30630001
;US-LA;1935;p0p90;5632.2002;;0.5837;0.5837
;US-LA;1935;p0p99;7449.0;;0.84920001;0.84920001
;US-LA;1935;p99.5p100;183264.5;;0.1055;0.1055
;US-LA;1934;p0p100;2117549.5;6936961923.0;1.0;1.0
;US-LA;1934;p99p100;119236.1;;0.1486;0.1486
;US-LA;1934;p99.9p100;357489.81;;0.044500001;0.044500001
;US-LA;1934;p99.99p100;950987.13;;0.0119;0.0119
;US-LA;1934;p90p100;34670.301;;0.43200001;0.43200001
;US-LA;1934;p90p95;18668.301;;0.1163;0.1163
;US-LA;1934;p95p99;33829.102;;0.16859999;0.16859999
;US-LA;1934;p99.5p99.9;117299.0;;0.058499999;0.058499999
;US-LA;1934;p99.9p99.99;291569.69;;0.032699998;0.032699998
;US-LA;1934;p99p99.5;73124.5;;0.045600001;0.045600001
;US-LA;1934;p95p100;50808.602;;0.31659999;0.31659999
;US-LA;1934;p0p90;5050.8999;;0.56650001;0.56650001
;US-LA;1934;p0p99;6901.3999;;0.85140002;0.85140002
;US-LA;1934;p99.5p100;165329.91;;0.103;0.103
;US-LA;1933;p0p100;2042315.6;6154410740.0;1.0;1.0
;US-LA;1933;p99p100;102328.9;;0.14120001;0.14120001
;US-LA;1933;p99.9p100;295596.81;;0.040800001;0.040800001
;US-LA;1933;p99.99p100;923141.63;;0.0127;0.0127
;US-LA;1933;p90p100;31371.4;;0.433;0.433
;US-LA;1933;p90p95;18958.0;;0.13079999;0.13079999
;US-LA;1933;p95p99;30231.0;;0.16689999;0.16689999
;US-LA;1933;p99.5p99.9;98837.398;;0.0546;0.0546
;US-LA;1933;p99.9p99.99;225869.59;;0.028100001;0.028100001
;US-LA;1933;p99p99.5;66468.602;;0.045899998;0.045899998
;US-LA;1933;p95p100;44514.801;;0.30720001;0.30720001
;US-LA;1933;p0p90;4517.2002;;0.56110001;0.56110001
;US-LA;1933;p0p99;6285.5;;0.85879999;0.85879999
;US-LA;1933;p99.5p100;138189.3;;0.095399998;0.095399998
;US-LA;1932;p0p100;1870488.8;6156731478.0;1.0;1.0
;US-LA;1932;p99p100;106520.3;;0.1445;0.1445
;US-LA;1932;p99.9p100;317948.91;;0.043099999;0.043099999
;US-LA;1932;p99.99p100;1022373.2;;0.0139;0.0139
;US-LA;1932;p90p100;33297.602;;0.4515;0.4515
;US-LA;1932;p90p95;20981.4;;0.14229999;0.14229999
;US-LA;1932;p95p99;31174.0;;0.1691;0.1691
;US-LA;1932;p99.5p99.9;101932.8;;0.055300001;0.055300001
;US-LA;1932;p99.9p99.99;239679.5;;0.029300001;0.029300001
;US-LA;1932;p99p99.5;67904.602;;0.046;0.046
;US-LA;1932;p95p100;46178.398;;0.31310001;0.31310001
;US-LA;1932;p0p90;4458.7002;;0.5442;0.5442
;US-LA;1932;p0p99;6372.6001;;0.85549998;0.85549998
;US-LA;1932;p99.5p100;145136.0;;0.098399997;0.098399997
;US-LA;1931;p0p100;1774377.1;7132686318.0;1.0;1.0
;US-LA;1931;p99p100;123657.8;;0.14219999;0.14219999
;US-LA;1931;p99.9p100;361527.09;;0.0416;0.0416
;US-LA;1931;p99.99p100;900292.69;;0.0104;0.0104
;US-LA;1931;p90p100;35862.398;;0.41240001;0.41240001
;US-LA;1931;p90p95;22057.5;;0.1268;0.1268
;US-LA;1931;p95p99;31638.199;;0.1455;0.1455
;US-LA;1931;p99.5p99.9;121042.5;;0.0557;0.0557
;US-LA;1931;p99.9p99.99;301664.09;;0.031199999;0.031199999
;US-LA;1931;p99p99.5;78176.102;;0.045000002;0.045000002
;US-LA;1931;p95p100;50029.898;;0.2877;0.2877
;US-LA;1931;p0p90;5655.8999;;0.58539999;0.58539999
;US-LA;1931;p0p99;7534.0;;0.85780001;0.85780001
;US-LA;1931;p99.5p100;169139.41;;0.0973;0.0973
;US-LA;1930;p0p100;1564912.0;7420978272.0;1.0;1.0
;US-LA;1930;p99p100;137484.2;;0.14910001;0.14910001
;US-LA;1930;p99.9p100;425986.91;;0.0462;0.0462
;US-LA;1930;p99.99p100;1192905.0;;0.0129;0.0129
;US-LA;1930;p90p100;37074.398;;0.4021;0.4021
;US-LA;1930;p90p95;18479.6;;0.1002;0.1002
;US-LA;1930;p95p99;34464.699;;0.1495;0.1495
;US-LA;1930;p99.5p99.9;134014.2;;0.0581;0.0581
;US-LA;1930;p99.9p99.99;340773.81;;0.033300001;0.033300001
;US-LA;1930;p99p99.5;82559.703;;0.044799998;0.044799998
;US-LA;1930;p95p100;54915.898;;0.2978;0.2978
;US-LA;1930;p0p90;6158.6001;;0.60119998;0.60119998
;US-LA;1930;p0p99;7924.5;;0.85089999;0.85089999
;US-LA;1930;p99.5p100;192408.7;;0.1043;0.1043
;US-LA;1929;p0p100;1752449.8;8624338866.0;1.0;1.0
;US-LA;1929;p99p100;169514.41;;0.156;0.156
;US-LA;1929;p99.9p100;604430.81;;0.055599999;0.055599999
;US-LA;1929;p99.99p100;2085771.4;;0.019200001;0.019200001
;US-LA;1929;p90p100;39889.301;;0.36700001;0.36700001
;US-LA;1929;p90p95;15905.0;;0.073200002;0.073200002
;US-LA;1929;p95p99;36798.5;;0.1354;0.1354
;US-LA;1929;p99.5p99.9;155755.41;;0.057300001;0.057300001
;US-LA;1929;p99.9p99.99;439837.59;;0.036400001;0.036400001
;US-LA;1929;p99p99.5;93538.297;;0.043000001;0.043000001
;US-LA;1929;p95p100;63185.398;;0.29069999;0.29069999
;US-LA;1929;p0p90;7674.0;;0.6354;0.6354
;US-LA;1929;p0p99;9266.5;;0.84399998;0.84399998
;US-LA;1929;p99.5p100;245490.5;;0.1129;0.1129
;US-LA;1928;p0p100;1723789.3;8365023279.0;1.0;1.0
;US-LA;1928;p99p100;185635.09;;0.1736;0.1736
;US-LA;1928;p99.9p100;713759.13;;0.066799998;0.066799998
;US-LA;1928;p99.99p100;2308020.0;;0.021600001;0.021600001
;US-LA;1928;p90p100;42890.5;;0.4012;0.4012
;US-LA;1928;p90p95;16515.0;;0.077200003;0.077200003
;US-LA;1928;p95p99;39240.602;;0.1468;0.1468
;US-LA;1928;p99.5p99.9;167347.5;;0.062600002;0.062600002
;US-LA;1928;p99.9p99.99;536619.0;;0.045200001;0.045200001
;US-LA;1928;p99p99.5;94640.5;;0.044300001;0.044300001
;US-LA;1928;p95p100;68345.797;;0.31959999;0.31959999
;US-LA;1928;p0p90;7154.8999;;0.60229999;0.60229999
;US-LA;1928;p0p99;8924.0996;;0.82639998;0.82639998
;US-LA;1928;p99.5p100;276629.81;;0.1294;0.1294
;US-LA;1927;p0p100;1620564.9;7951380292.0;1.0;1.0
;US-LA;1927;p99p100;171045.91;;0.1656;0.1656
;US-LA;1927;p99.9p100;588219.19;;0.057;0.057
;US-LA;1927;p99.99p100;1643836.8;;0.015900001;0.015900001
;US-LA;1927;p90p100;41578.5;;0.40259999;0.40259999
;US-LA;1927;p90p95;16513.301;;0.079999998;0.079999998
;US-LA;1927;p95p99;39146.199;;0.1516;0.1516
;US-LA;1927;p99.5p99.9;163024.0;;0.063100003;0.063100003
;US-LA;1927;p99.9p99.99;470928.41;;0.041000001;0.041000001
;US-LA;1927;p99p99.5;94028.797;;0.045499999;0.045499999
;US-LA;1927;p95p100;65373.398;;0.31650001;0.31650001
;US-LA;1927;p0p90;6916.7998;;0.60280001;0.60280001
;US-LA;1927;p0p99;8703.7002;;0.8344;0.8344
;US-LA;1927;p99.5p100;248063.09;;0.1201;0.1201
;US-LA;1926;p0p100;1554102.0;7782209764.0;1.0;1.0
;US-LA;1926;p99p100;173762.2;;0.1689;0.1689
;US-LA;1926;p99.9p100;582218.0;;0.056600001;0.056600001
;US-LA;1926;p99.99p100;1534744.8;;0.0149;0.0149
;US-LA;1926;p90p100;43191.0;;0.41980001;0.41980001
;US-LA;1926;p90p95;16369.7;;0.079599999;0.079599999
;US-LA;1926;p95p99;41965.801;;0.16320001;0.16320001
;US-LA;1926;p99.5p99.9;168582.59;;0.065499999;0.065499999
;US-LA;1926;p99.9p99.99;476381.59;;0.041700002;0.041700002
;US-LA;1926;p99p99.5;96214.703;;0.046799999;0.046799999
;US-LA;1926;p95p100;68187.398;;0.33140001;0.33140001
;US-LA;1926;p0p90;6726.0;;0.58840001;0.58840001
;US-LA;1926;p0p99;8636.9004;;0.83109999;0.83109999
;US-LA;1926;p99.5p100;251309.7;;0.1221;0.1221
;US-LA;1925;p0p100;1595954.9;7706301376.0;1.0;1.0
;US-LA;1925;p99p100;184026.59;;0.17749999;0.17749999
;US-LA;1925;p99.9p100;656405.38;;0.063299999;0.063299999
;US-LA;1925;p99.99p100;1768094.1;;0.017100001;0.017100001
;US-LA;1925;p90p100;45808.602;;0.44190001;0.44190001
;US-LA;1925;p90p95;16901.301;;0.081500001;0.081500001
;US-LA;1925;p95p99;44963.602;;0.1735;0.1735
;US-LA;1925;p99.5p99.9;173987.3;;0.067100003;0.067100003
;US-LA;1925;p99.9p99.99;532884.38;;0.046300001;0.046300001
;US-LA;1925;p99p99.5;97582.297;;0.0471;0.0471
;US-LA;1925;p95p100;72614.203;;0.3502;0.3502
;US-LA;1925;p0p90;6536.6001;;0.5675;0.5675
;US-LA;1925;p0p99;8612.7002;;0.82249999;0.82249999
;US-LA;1925;p99.5p100;270470.91;;0.1305;0.1305
;US-LA;1924;p0p100;1622024.8;7308650730.0;1.0;1.0
;US-LA;1924;p99p100;156701.8;;0.1564;0.1564
;US-LA;1924;p99.9p100;523106.81;;0.052200001;0.052200001
;US-LA;1924;p99.99p100;1403090.9;;0.014;0.014
;US-LA;1924;p90p100;44339.102;;0.4425;0.4425
;US-LA;1924;p90p95;20857.4;;0.1041;0.1041
;US-LA;1924;p95p99;45209.199;;0.1805;0.1805
;US-LA;1924;p99.5p99.9;153685.09;;0.061299998;0.061299998
;US-LA;1924;p99.9p99.99;425330.81;;0.038199998;0.038199998
;US-LA;1924;p99p99.5;85834.297;;0.042800002;0.042800002
;US-LA;1924;p95p100;67507.797;;0.33680001;0.33680001
;US-LA;1924;p0p90;6225.1001;;0.55909997;0.55909997
;US-LA;1924;p0p99;8539.2002;;0.84359998;0.84359998
;US-LA;1924;p99.5p100;227569.41;;0.1135;0.1135
;US-LA;1923;p0p100;1652008.4;7243914795.0;1.0;1.0
;US-LA;1923;p99p100;146494.7;;0.1441;0.1441
;US-LA;1923;p99.9p100;509495.09;;0.050099999;0.050099999
;US-LA;1923;p99.99p100;1417257.6;;0.0139;0.0139
;US-LA;1923;p90p100;43119.801;;0.42410001;0.42410001
;US-LA;1923;p90p95;21560.199;;0.106;0.106
;US-LA;1923;p95p99;44072.5;;0.1734;0.1734
;US-LA;1923;p99.5p99.9;144234.3;;0.0568;0.0568
;US-LA;1923;p99.9p99.99;408634.19;;0.036200002;0.036200002
;US-LA;1923;p99p99.5;75703.102;;0.0372;0.0372
;US-LA;1923;p95p100;64556.898;;0.3175;0.3175
;US-LA;1923;p0p90;6511.5;;0.5765;0.5765
;US-LA;1923;p0p99;8789.2002;;0.85589999;0.85589999
;US-LA;1923;p99.5p100;217286.41;;0.1069;0.1069
;US-LA;1922;p0p100;1571354.0;6509064618.0;1.0;1.0
;US-LA;1922;p99p100;145142.2;;0.15549999;0.15549999
;US-LA;1922;p99.9p100;497964.59;;0.053399999;0.053399999
;US-LA;1922;p99.99p100;1323696.8;;0.0142;0.0142
;US-LA;1922;p90p100;43185.898;;0.4628;0.4628
;US-LA;1922;p90p95;22527.699;;0.1207;0.1207
;US-LA;1922;p95p99;43467.898;;0.18629999;0.18629999
;US-LA;1922;p99.5p99.9;140510.09;;0.060199998;0.060199998
;US-LA;1922;p99.9p99.99;406216.59;;0.0392;0.0392
;US-LA;1922;p99p99.5;78283.297;;0.041900001;0.041900001
;US-LA;1922;p95p100;63802.801;;0.3418;0.3418
;US-LA;1922;p0p90;5573.1001;;0.53750002;0.53750002
;US-LA;1922;p0p99;7960.5;;0.84450001;0.84450001
;US-LA;1922;p99.5p100;212001.0;;0.1136;0.1136
;US-LA;1921;p0p100;1210567.8;5613758715.0;1.0;1.0
;US-LA;1921;p99p100;125937.0;;0.15360001;0.15360001
;US-LA;1921;p99.9p100;409021.69;;0.049899999;0.049899999
;US-LA;1921;p99.99p100;1069185.3;;0.013;0.013
;US-LA;1921;p90p100;39519.699;;0.4822;0.4822
;US-LA;1921;p90p95;21295.699;;0.12989999;0.12989999
;US-LA;1921;p95p99;40597.102;;0.1981;0.1981
;US-LA;1921;p99.5p99.9;124398.4;;0.060699999;0.060699999
;US-LA;1921;p99.9p99.99;335670.09;;0.036899999;0.036899999
;US-LA;1921;p99p99.5;70550.898;;0.043000001;0.043000001
;US-LA;1921;p95p100;57665.102;;0.35179999;0.35179999
;US-LA;1921;p0p90;4720.5;;0.5183;0.5183
;US-LA;1921;p0p99;7007.1001;;0.84640002;0.84640002
;US-LA;1921;p99.5p100;181323.0;;0.1106;0.1106
;US-LA;1920;p0p100;1074898.8;6099227415.0;1.0;1.0
;US-LA;1920;p99p100;147904.3;;0.1622;0.1622
;US-LA;1920;p99.9p100;502903.31;;0.055100001;0.055100001
;US-LA;1920;p99.99p100;1349358.9;;0.0148;0.0148
;US-LA;1920;p90p100;41214.301;;0.45190001;0.45190001
;US-LA;1920;p90p95;21236.301;;0.1164;0.1164
;US-LA;1920;p95p99;39425.5;;0.17290001;0.17290001
;US-LA;1920;p99.5p99.9;146948.7;;0.064499997;0.064499997
;US-LA;1920;p99.9p99.99;408852.69;;0.0403;0.0403
;US-LA;1920;p99p99.5;77669.0;;0.042599998;0.042599998
;US-LA;1920;p95p100;61121.301;;0.3351;0.3351
;US-LA;1920;p0p90;5557.5;;0.5485;0.5485
;US-LA;1920;p0p99;7717.7998;;0.83780003;0.83780003
;US-LA;1920;p99.5p100;218139.59;;0.1196;0.1196
;US-LA;1919;p0p100;1700762.1;7090114488.0;1.0;1.0
;US-LA;1919;p99p100;203182.5;;0.18889999;0.18889999
;US-LA;1919;p99.9p100;774216.63;;0.071999997;0.071999997
;US-LA;1919;p99.99p100;2270869.0;;0.0211;0.0211
;US-LA;1919;p90p100;44558.301;;0.41429999;0.41429999
;US-LA;1919;p90p95;16890.801;;0.078500003;0.078500003
;US-LA;1919;p95p99;38941.398;;0.14480001;0.14480001
;US-LA;1919;p99.5p99.9;194391.2;;0.072300002;0.072300002
;US-LA;1919;p99.9p99.99;608512.81;;0.050900001;0.050900001
;US-LA;1919;p99p99.5;95864.602;;0.044599999;0.044599999
;US-LA;1919;p95p100;71789.602;;0.33379999;0.33379999
;US-LA;1919;p0p90;7023.5;;0.58770001;0.58770001
;US-LA;1919;p0p99;8811.2998;;0.81110001;0.81110001
;US-LA;1919;p99.5p100;310500.41;;0.1444;0.1444
;US-LA;1918;p0p100;2235386.0;7003746093.0;1.0;1.0
;US-LA;1918;p99p100;182406.91;;0.17020001;0.17020001
;US-LA;1918;p99.9p100;671222.13;;0.062600002;0.062600002
;US-LA;1918;p99.99p100;1898174.3;;0.0177;0.0177
;US-LA;1918;p90p100;39457.398;;0.3682;0.3682
;US-LA;1918;p90p95;13111.0;;0.0612;0.0612
;US-LA;1918;p95p99;35337.301;;0.1319;0.1319
;US-LA;1918;p99.5p99.9;178304.8;;0.066600002;0.066600002
;US-LA;1918;p99.9p99.99;534903.81;;0.0449;0.0449
;US-LA;1918;p99p99.5;87926.602;;0.041000001;0.041000001
;US-LA;1918;p95p100;64751.199;;0.3021;0.3021
;US-LA;1918;p0p90;7580.3999;;0.63669997;0.63669997
;US-LA;1918;p0p99;8981.2002;;0.82980001;0.82980001
;US-LA;1918;p99.5p100;276887.41;;0.1292;0.1292
;US-LA;1917;p0p100;3247422.5;7409496329.0;1.0;1.0
;US-LA;1917;p99p100;198626.7;;0.176;0.176
;US-LA;1917;p99.9p100;776090.69;;0.068800002;0.068800002
;US-LA;1917;p99.99p100;2234404.3;;0.0198;0.0198
;US-LA;1917;p90p100;45002.898;;0.39879999;0.39879999
;US-LA;1917;p90p95;18140.199;;0.080399998;0.080399998
