Reporter Name,Partner Name,Trade Flow,Product Group,Indicator,1988,1989,1990,1991,1992,1993,1994,1995,1996,1997,1998,1999,2000,2001,2002,2003,2004,2005,2006,2007,2008,2009,2010,2011,2012,2013,2014,2015,2016,2017
Afghanistan, World,Import,  All Products,Import (US$ Thousand),,,,,,,,,,,,,,,,,,,,,3019860.129,3336434.781,5154249.867,6390310.947,6204984.101,8554413.749,7697178.17,7722865.049,6534140.413,
Albania, World,Import,  All Products,Import (US$ Thousand),,,,,,,,,938481.792,629026.304,841256.184,1154351.169,1089467.879,1330631.066,1503685.206,1864328.86,2300168.341,2614347.012,3057408.426,4200864.046,5250490.022,4548287.875,4602774.967,5395853.069,4879829.648,4880593.254,5229972.238,4320219.367,4669289.913,5717083.28
Algeria, World,Import,  All Products,Import (US$ Thousand),,,,,8647816.192,8785274.88,9598673.92,10782432.26,9105595.392,8688356.352,9403430.912,9161845.368,9152077.226,9945719.404,12009774.69,13545429.53,18303023.34,20356879.69,21455854.55,27631203.95,39474721.57,39258326.94,40999891.12,47219730.32,50369390.59,54909973.27,58618080.19,51803071.09,47090683.59,46053015.99
Andorra, World,Import,  All Products,Import (US$ Thousand),,,,,,,,1025480.576,1061358.4,1061291.648,1064134.784,1078680.594,1011959.615,1042065.997,1199570.945,1513115.27,1761745.343,,1787807.655,1925764.487,1939929.69,1610110.578,1540506.337,1617690.977,1417733.795,1487194.105,1556048.54,,,
Angola, World,Import,  All Products,Import (US$ Thousand),,,,,,,,,,,,,,,,,,,,11094843.41,,23918854.36,18143268.91,20790996.04,28722984.06,26756062.99,28753499.33,16757790.05,,
Anguila, World,Import,  All Products,Import (US$ Thousand),,,,,,,,,,,,,94514.171,77704.66,69893.421,76776.651,102438.551,,174899.062,247904.776,271744.4,,,,,,,,,
Antigua and Barbuda, World,Import,  All Products,Import (US$ Thousand),,,,,,,,,,,,356003.488,338187.415,,,,,525205.964,670748.045,573078.069,,699056.325,501230.695,471410.407,339511.614,343109.397,551751.293,465127.071,490525.305,629819.1719
Argentina, World,Import,  All Products,Import (US$ Thousand),,,,,,16772908.03,21581053.95,20121640.96,23761555.46,30349402.11,31377246.21,25507944.03,25280463.49,20321127.1,8989546,13850774,22445246.58,28688637.65,34153541.76,44707041.81,57461774.37,38786161.79,56792378.21,73960656.1,67973971.89,74441745.28,65229691.99,59756514.26,55609517.49,66899299.59
Armenia, World,Import,  All Products,Import (US$ Thousand),,,,,,,,,,754439.68,,810846.494,840307.429,837467.564,962930.979,1236583.577,1349761.91,1691542.087,2194358.169,3052565.547,4101217.006,3174631.229,3781767.406,3979934.781,4266895.65,4256217.854,4159517.448,3256964.792,3218457.706,3893454.903
Aruba, World,Import,  All Products,Import (US$ Thousand),,,,,,,,,,,,,835229.439,836234.454,842875.655,846620.627,876171.743,1030046.306,1041334.001,1113876.882,1112619.693,1149199.674,1071033.527,1284948.78,1259804.184,1303316.843,1284149.421,1165014.285,1116855.39,1188584.683
Australia, World,Import,  All Products,Import (US$ Thousand),33025740.13,39839624.98,38632769.85,38456377.34,40598173,42366602.46,49918035.76,57422799.12,61400054.06,61833388.14,60774215.64,65198357.22,71555125.64,64319977.35,73025896.96,89065101.56,109482715.2,125221245.3,139354165,165471525.3,200617274.5,165601136.4,201703333.7,234205823.2,250464794.4,232481271.3,227544231.3,200113780,189406027.9,228441736.9
Austria, World,Import,  All Products,Import (US$ Thousand),,,,,,,55290413.06,66405670.91,67283750.91,63630995.46,67098177.54,66003473.39,68373911.91,70491571.06,72796195.96,91595357.83,111261147.2,119950092,134356314.4,156055652.7,175025754.1,136418429.2,150592664.1,182349824,169663240.6,173357539.4,172447474,147935123.9,149987386.1,166475081
Azerbaijan, World,Import,  All Products,Import (US$ Thousand),,,,,,,,,960603.264,794337.92,1076489.216,1035652.323,1172038.21,1430877.454,1665564.219,2626427.367,3515861.062,4211207.311,5266743.705,5712178.288,7161847.499,6119060.204,6596796.766,9732869.048,9641723.771,10763391.51,9178588.183,9211125.764,8515807.069,8766505.242
"Bahamas, The", World,Import,  All Products,Import (US$ Thousand),,,,,,,,,,1621739.008,1815543.296,1750850.304,2002171.986,1927317.261,1838254.314,1873809.029,1976138.649,2566676.925,2984310.381,3102601.552,3229968.663,2698526.468,2861948.147,3410316.267,3646505.184,3365293.982,3790365.67,3161314.272,,
Bahrain, World,Import,  All Products,Import (US$ Thousand),,,,,,,,,,,,,4633587.88,4296168.301,5010859.566,5657241.32,6583640.187,9339254.009,8956853.532,11515148.86,18414553.28,11993377.02,16001647.09,17643318.34,14249140.95,18617509.37,20073673.08,16377620.95,14748539.85,
Bangladesh, World,Import,  All Products,Import (US$ Thousand),,2954929.92,3431776.512,3136684.032,3467048.704,3525707.264,,5438407.68,6225296.384,6784461.312,7017968.128,,7611261.55,8041198.469,9215132.571,10145692.75,11372744.85,12630526.3,15688545.07,17622872.86,24334108.17,23245039.2,30503835.5,41221651.78,36356219.41,35493348.06,,48058710.04,,
Barbados, World,Import,  All Products,Import (US$ Thousand),,,,,,,,,,995204.672,1022074.176,1067336.896,1155540.249,1068112.867,996557.878,1194985.296,1093753.542,1671864.185,1628554.708,1298657.111,1744262.693,1340712.876,1196231.948,1775403.402,1767767.063,1768742.476,1740471.483,1617853.172,1621269.759,1599597.495
Belarus, World,Import,  All Products,Import (US$ Thousand),,,,,,,,,,,8549278.208,6673728.512,8646200,8286374.6,9092341.1,11558019.7,16345466.8,16698737,22323210.5,28693112.6,39381251.5,28568991.6,34884450.9,45759076.5,46404389.2,43022675,40502359.8,30291492.8,27609883.7,34230713.1
Belgium, World,Import,  All Products,Import (US$ Thousand),,,,,,,,,,,,164603473,176990651.5,178697512.4,198094630.6,234922194.4,286478238,319085461.3,353093659.6,413035800.3,466338013.9,354586368.5,391255897.3,466348604.4,437882665.7,488527196.8,452772540.9,371025046.7,372712712.5,406412281.1
Belgium-Luxembourg, World,Import,  All Products,Import (US$ Thousand),,,,,,,,153388335.1,157996204,159458607.1,166721634.3,,,,,,,,,,,,,,,,,,,
Belize, World,Import,  All Products,Import (US$ Thousand),,,,,274148.544,280908.832,259937.888,258509.296,255553.44,286067.648,292261.248,284586.88,446932.894,519539.688,527036.654,551637.759,514023.591,438583.684,660343.069,684342.489,836543.793,665094.704,699951.307,835541.768,843065.697,906091.369,962112.036,995560.655,952493.786,913130.4529
Benin, World,Import,  All Products,Import (US$ Thousand),,,,,,,,,,,807020.032,690955.008,547076.221,601510.182,725028.594,891974.145,893819.934,898695.761,1003250.25,1630866.027,1713643.054,1548967.817,2133551.198,2070012.091,2316427.344,2940678.607,3703725.329,2474735.519,2630157.599,
Bermuda, World,Import,  All Products,Import (US$ Thousand),,,,,,,,633307.52,,587153.344,,,,,,,,987514.148,1070973.876,1133147.087,1146777.916,1028090.585,969629.106,880766.921,866904.652,994572.258,961075.407,928900.937,971429.41,1078213.785
Bhutan, World,Import,  All Products,Import (US$ Thousand),,,,,,90792.72,91066.448,,,,134496.432,182077.408,,,,,,387010.762,418909.981,498139.703,543270.693,529407.504,853803.672,1051747.355,991702.621,,,,,
Bolivia, World,Import,  All Products,Import (US$ Thousand),,,,,1128597.248,1176929.92,1196333.44,1396248.576,1643040,1909178.24,2350150.4,1835407.742,1848731.517,1707551.64,1769357.3,1684499.931,1887075.565,2343292.514,2824839.298,3521958.528,5005960.93,4408975.779,5603873.653,7935744.415,8590084.89,9352970.99,10492100.64,9766442.452,8426932.948,9302385.888
Bosnia and Herzegovina, World,Import,  All Products,Import (US$ Thousand),,,,,,,,,,,,,,,,4823652.527,5980462.683,7053770.509,7559256.431,9720056.196,12188608.53,8363714.09,9222973.961,11050575.36,10019077.12,10295187.46,10990420.32,8993966.16,9141880.413,10444465.63
Botswana, World,Import,  All Products,Import (US$ Thousand),,,,,,,,,,,,,2078935.789,1810782.92,3373769.081,3964049.894,3235331.368,3162337.148,3053297.737,3986915.81,5211097.372,4728028.513,5656806.368,7272011.432,8025287.848,7433499.256,7830451.253,7626168.261,6102721.575,5284230.565
Brazil, World,Import,  All Products,Import (US$ Thousand),,19860207.62,22458519.55,22976327.68,22345572.35,27299446.78,35508473.86,53734285.31,56729460.74,65074597.89,60793118.72,51747393.44,55850546.4,55601756.87,47242654.09,48325649.66,62835613.54,73600375.46,91342783.55,120617439.7,172984767.6,127722340.4,181768424.1,226246755.8,223183474.7,239747516,229154460.9,171446211.7,137552002.5,150749452.4
Brunei, World,Import,  All Products,Import (US$ Thousand),,,,,1475652.608,1820530.944,1873626.752,,,2110429.184,1565943.168,,,1100281.216,1498850.176,1243570.432,1427096.589,,1676185.388,2101094.663,2571625.908,2395646.046,2538787.691,3601394.752,3572226.691,3612434.588,3598739.678,3229077.312,2678505.864,3084533.9
Bulgaria, World,Import,  All Products,Import (US$ Thousand),,,,,,,,,5073922.048,4931953.664,4995096.064,5409527.038,6504688.325,7278158.957,7987045.94,10886579.89,14467100.66,18162452.72,23268729.35,30085387.54,37015366.39,23340811.55,25359886.22,32493611.42,32743133.7,34316572.91,34740042.45,29265116.18,28958139.91,68297287.06
Burkina Faso, World,Import,  All Products,Import (US$ Thousand),,,,,,,,483809.088,580572.736,726500.736,796083.663,781773.73,723595.863,788427.905,582013.919,785968.408,995361.532,1160682.932,,1559794.466,1870147.459,1870280.752,2048216.351,2406395.702,3567956.52,4365430.825,3575097.344,2979784.874,3342727.115,
Burundi, World,Import,  All Products,Import (US$ Thousand),,,,,,221209.6,203344.832,270489.664,139802.224,120567.432,162234.928,131972.128,150219.354,138898.12,128838.553,144650.753,172728.958,258152.953,433635.513,422995.874,315157.397,344795.673,404052.006,1127649.727,1003121.113,721660.45,672578.787,560585.346,625328.492,725154.4151
Cambodia, World,Import,  All Products,Import (US$ Thousand),,,,,,,,,,,,,1438774.687,1506907.504,1667231.535,1774692.299,2062692.658,2551964.35,2989223.904,3554841.166,4416653.317,3905714.341,4902523.729,6143333.188,7466708.038,8231539.701,9702422.207,10668923.43,12371008.44,
Cameroon, World,Import,  All Products,Import (US$ Thousand),,,,,,,,1078532.608,1204333.696,1496454.528,1495135.419,1315739.392,1483629.578,1848351.263,1868039.098,2163400.366,2406302.522,2800069.293,3149361.25,3265622.486,4137863.424,3788598.514,5133282.796,5074397.807,6515067.54,6657200.199,7561138.52,6036814.82,4898887.03,10368581.74
Canada, World,Import,  All Products,Import (US$ Thousand),,113908351,116508713,118093692.9,122440171.5,131331088.4,148185448.4,164370972.7,170605559.8,197010898.9,201372549.1,215554883.6,240088243.7,221623728.7,222440059.1,240376249.5,273873699.6,314444419,350257149.9,380646622,408762167.6,321227567.7,392108702.5,450579509.1,462366181.4,461785073.5,463088976.8,419693466.5,402966133.7,432405190.7
Cape Verde, World,Import,  All Products,Import (US$ Thousand),,,,,,,,,,260961.152,231102.352,262204.816,237260.889,247531.264,293055.713,354832.804,429233.6,438178.205,538196.285,736992.206,824159.136,671026.523,730765.791,946557.158,754756.852,726366.551,768743.196,606295.342,672160.14,793599.0195
Cayman Islands, World,Import,  All Products,Import (US$ Thousand),,,,,,,,,,,,,,,,,,,,,,,,,,929345.169,,915454.381,,
Central African Republic, World,Import,  All Products,Import (US$ Thousand),,,,,,143520.432,154160.288,265497.568,179940.576,106862.248,117097.784,95346.416,71044.851,67981.924,59974.62,100377.318,179151.501,185285.914,140441.569,197763.982,185016.281,211713.557,209945.572,214703.27,217528.639,129726.502,308030.08,456596.903,401319.71,
Chad, World,Import,  All Products,Import (US$ Thousand),,,,,,,,215168.272,,,,,,,,,,,,,,,,,,,,,,
Chile, World,Import,  All Products,Import (US$ Thousand),,,7022278.656,7452625.408,9455495.168,10541861.89,11149066.24,14903049.22,16809973.76,18110803.97,17082405.89,13891477.55,16619725.99,16136155.35,15383398.15,19245178.15,24714537.86,32926774.85,58829357.1,47596989.54,62793573.8,42844129.28,59007357.61,74848006.65,80085756.91,79347345.89,72849513.58,62386716.96,58760906.36,65061731.1
China, World,Import,  All Products,Import (US$ Thousand),,,,,80585302.02,103958937.6,115613605.9,132083499,138832740.4,142370324.5,140236767.2,165699066.6,225093731,243552880.6,295170104.1,412759796.4,561228748,659952762.1,791460867.9,956115447.6,1132562161,1005555225,1396001565,1743394866,1818199228,1949992315,1959234625,1679564325,1587920688,1843792939
Colombia, World,Import,  All Products,Import (US$ Thousand),,,,4966978.048,6683928.064,9829160.96,11934947.33,13883488.26,13680470.02,15378803.71,14677125.12,10659186.69,11757001.45,12820352.19,12689965.01,13880612.94,17099536.99,21204162.07,26162439.96,32897045.33,39668840.24,32897671.47,40682507.65,54674822.11,58087854.46,59381196.54,64027609.81,54035533.65,44831142.87,46050188.81
Comoros, World,Import,  All Products,Import (US$ Thousand),,,,,,,,62392.852,56641,55029.108,46949.896,79851.136,36281.201,35137.014,37133.344,45860.675,64955.218,85149.984,101386.037,120485.986,119105.257,144457.317,181243.833,184120.81,125805.231,115238.031,,,,
"Congo, Rep.", World,Import,  All Products,Import (US$ Thousand),,,,,,347060.768,395159.616,555904.448,,,,,,,,,,,,3928834.277,3539647.608,4447112.56,4369417.122,7012525.239,7348554.335,8371623.127,3347657.927,,,4553448.297
Cook Islands, World,Import,  All Products,Import (US$ Thousand),,,,,,,,,,,,,,46879.292,47418.199,71149.081,75947.907,81272.945,,103209.43,,81557.386,90628.915,109316.111,,,,,,
Costa Rica, World,Import,  All Products,Import (US$ Thousand),,,,,,,3024326.4,3205464.832,3560994.56,4510893.568,6237100.032,5986504.619,6028858.249,6272271.371,6894261.958,7388170.418,8003129.239,9173270.268,11070461.48,12757849,15289400.23,11550460.95,13920243.83,18263804.97,18355992.79,18124469.25,17184912.68,15504422.76,15321512.29,
Cote d'Ivoire, World,Import,  All Products,Import (US$ Thousand),,,,,,,,2472055.552,2615644.416,2750775.808,2999738.88,2897644.544,2484751.717,2547863.503,2593681.14,3278553.742,4714732.603,5864962.365,5820429.127,6683116.67,7883679.372,6959933.735,7849330.823,6719987.403,9769657.073,12482984.12,11177660.09,9532205.632,,
Croatia, World,Import,  All Products,Import (US$ Thousand),,,,,4460712.96,4666346.496,5229113.856,7509185.024,7787760.128,9122318.336,8383010.304,7777378.559,7886511.618,9147129.932,10722045.13,14209034.61,16589172.48,18560366.87,21502493.97,25829460.93,30726986.74,21204851.21,20067004.56,22714694,20834262.29,21931993.51,22906873.37,20580470.84,21829864.97,24512646.92
Cuba, World,Import,  All Products,Import (US$ Thousand),,,,,,,,,,,,4391241.802,4843261.214,4845781.878,4176548.454,4661954.476,5609561.088,8084336.299,10173591.46,,,,,,,,,,,
Cyprus, World,Import,  All Products,Import (US$ Thousand),,2280303.104,2563593.472,2620282.624,3300408.832,2535929.856,3014050.816,3693766.4,3981867.52,3698056.448,3686276.608,3617947.136,3846316.785,3924683.234,4083302.536,4466429.464,5730420.745,6382106.088,7045698.86,8748906.634,10849019.02,7933397.121,8644721.987,8788557.849,7376933.504,6418215.727,6828600.812,5699349.689,6604059.335,9291609.597
Czech Republic, World,Import,  All Products,Import (US$ Thousand),,,,,,12703873.02,14950940.67,25303402.5,27717294.08,27183540.22,30524192.77,28837311.77,32242586.51,36476653.55,48230794.21,51239343.42,66705681.86,76527310.25,93429474.46,116822197.5,141833836,104849536.2,125690657.8,150813415.5,139726823.8,142525808.1,153225461.5,140716185.6,142327655.9,162898931.6
Denmark, World,Import,  All Products,Import (US$ Thousand),,26618134.53,31575709.7,32169422.85,33590321.15,30535712.77,35436449.79,43141529.6,43126353.92,44492341.25,45700681.73,44316614.71,44533303.7,44625173.8,49284928.74,56227253.87,66845208.98,72715727.01,84187118.38,97445155.58,109166094.7,80096730.48,82724280.37,96008493.22,91325521.62,97251542.76,99567827.97,85327361.28,85132609.26,92248435.7
Djibouti, World,Import,  All Products,Import (US$ Thousand),,,,,,,,,,,,,,,,,,,,,,647615.351,,,,,,,,
Dominica, World,Import,  All Products,Import (US$ Thousand),,,,,,93785.76,96311.68,117265.424,129939.28,133222.512,,132828.32,148167.404,131050.626,115667.93,127018.269,145138.009,165342.102,166895.925,195733.908,232374.66,222155.644,224597.229,,211867.612,,,,,
Dominican Republic, World,Import,  All Products,Import (US$ Thousand),,,,,,,,,,,,,,5496743.936,5329777.973,4208657.312,4703853.988,6804051.605,8421973.135,10594387.08,12167109.73,12054439.22,15138222.51,18156132.54,17430206.2,17844950.99,17751694.86,17347815.27,17788807.96,19524253.47
East Timor, World,Import,  All Products,Import (US$ Thousand),,,,,,,,,,,,,,,,,113488.86,101613.157,,,,,,,,513738.509,,,,588047.3024
Ecuador, World,Import,  All Products,Import (US$ Thousand),,,,2327865.088,2501299.712,2552716.288,3622003.968,4195143.424,3733027.328,4510621.184,5575400.448,3017166.537,3445927.694,5362914.097,6431064.882,6534347.692,7861034.225,9608701.206,12113558.39,13565297.22,18851930.3,15089885.15,20590848.48,24286061.05,25196517.28,27064498.73,27518177.87,21387292.07,16188692.76,19844932.84
"Egypt, Arab Rep.", World,Import,  All Products,Import (US$ Thousand),,,,,,,9586666.496,11738950.66,13019580.42,13168464.9,16478605.31,15962046.46,13963711.32,12720437.11,12496060.02,10892868.79,12841089.23,19811938.05,20593990.81,27031270.99,52751022.27,44912462.53,53003406.06,62282016.83,69865551.87,66666448.66,71337744.44,74361266.95,58052631.65,66338776.35
El Salvador, World,Import,  All Products,Import (US$ Thousand),,,,,,,2255781.632,2627658.752,2670085.888,2961483.008,3108029.184,3128087.329,4947706.935,5026519.683,5184498.082,5754222.82,6328971.076,6809106.545,7762676.028,8820612.384,9817654.3,7325362.175,8416163.087,9964507.544,10257426.89,10747532.93,10514175.66,10293395.31,9829302.035,10592788.53
Eritrea, World,Import,  All Products,Import (US$ Thousand),,,,,,,,,,,,,,,,432846.623,,,,,,,,,,,,,,
Estonia, World,Import,  All Products,Import (US$ Thousand),,,,,,,,2546270.976,3223890.944,4437264.896,4786737.664,4109452.226,5051531.691,5207843.491,5864475.519,7944175.48,9064122.23,11017581.23,14640717.08,16665173.9,17334620.51,11359986.31,13196568.16,18963366.16,20070375.62,20186202.05,20184649.52,15731849.16,14167179.59,17320421.7
Ethiopia(excludes Eritrea), World,Import,  All Products,Import (US$ Thousand),,,,,,,,1141000.448,,1113276.032,1458664.576,1385755.264,1260576.339,1811176.726,1593527.682,2683046.355,2873782.901,4094775.345,5207320.202,5808649.615,8680325.967,7973879.979,8601769.23,8896288.284,11912931.8,14899146.95,21914373.65,25815264.21,19120743.25,
European Union, World,Import,  All Products,Import (US$ Thousand),,,,,,,,,,,,,913277729.3,876782383.5,917510603.8,1082281698,1301923938,1515272767,1786694983,2020311759,2386983874,1757279443,2034310564,2413811621,2354197805,2242512009,2247834686,1918103658,1920740582,2095737183
Faeroe Islands, World,Import,  All Products,Import (US$ Thousand),,,,,,,,,370150.528,350133.024,378312.224,477465.03,532820.288,499838.537,495688.932,739888.997,628549.861,746636.147,783239.856,1015836.717,988075.789,783439.826,,,,,,,,
Fiji, World,Import,  All Products,Import (US$ Thousand),,,,,,,,,,,,,772274.302,737241.741,795263.124,1079933.328,1271955.248,1607296.081,1803873.354,1779736.173,2263879.602,1437019.307,1808458.769,2181871.998,2252597.634,2825730.405,3250463.58,2080875.215,2316409.857,2419936.788
Finland, World,Import,  All Products,Import (US$ Thousand),20920432.64,24613038.08,27004112.9,21788467.2,21176002.56,18032754.69,23357644.8,29519845.38,30859608.06,31001018.37,32394584.06,31614075.34,33886398.31,33267927.18,33440047.1,41593247.97,50678021.64,58472542.34,69427442.56,81576271.86,92189842.88,60830316.84,68767143.78,83861658.17,76089021.01,77587001.77,76773254.67,60174387.73,60501949.55,70100319.88
Fm Sudan, World,Import,  All Products,Import (US$ Thousand),,,,,,,,1184930.816,1072805.888,1633988.224,2058598.784,992804.928,1860144.782,1957821.241,2492749.877,2897851.946,4034778.228,7366847.668,8844472.038,9853565.681,16416725.97,8589876.66,11874755.64,9546265.054,,,,,,
France, World,Import,  All Products,Import (US$ Thousand),,,,,,,228281548.8,273387339.8,274913755.1,266575347.7,286035836.9,286592827.4,303757850.6,293865640.5,303831441.9,362517303.5,434241853,475856799.5,529902263.1,611364435.5,695004283.3,540502282.9,599171506.1,713675253.8,666675231,671253553.3,659872076.4,563398247.6,560554862.7,613132639.7
French Guiana, World,Import,  All Products,Import (US$ Thousand),,,,,,,675630.656,783246.976,,,,,,,,,,,,,,,,,,,,,,
French Polynesia, World,Import,  All Products,Import (US$ Thousand),,,,,,,,,1015206.784,935016.96,1107377.024,927005.761,976563.653,1016677.283,1267479.325,1564178.581,1479656.518,1701510.974,1546772.809,1598157.123,2237107.551,1717055.934,1725757.321,1627726.957,1706270.016,1814846.584,1761698.488,1526806.046,,
Gabon, World,Import,  All Products,Import (US$ Thousand),,,,,,774905.152,707508.032,,898120.32,986852.282,1209275.733,899443.356,951688.753,1001078.714,744375.692,833694.509,963415.293,1451090.861,1725735.33,2110233.043,2563071.485,2500862.251,,,,,,,,
"Gambia, The", World,Import,  All Products,Import (US$ Thousand),,,,,,,,214548.672,219176.944,256046.064,257190.352,192156.944,190386.151,134411.82,159658.415,158190.608,236726.26,259747.057,259288.349,320964.804,322210.955,303616.213,283687.083,340661.762,380028.404,350246.491,387202.313,,384337.736,
Georgia, World,Import,  All Products,Import (US$ Thousand),,,,,,,,,686782.72,941718.016,880380.288,603134.08,709376.222,753227.816,795539.063,1141164.677,1845554.935,2489951.668,3674472.79,5214130.644,6055674.849,4475317.732,5235753.083,7071608.599,8053871.503,8022261.386,8601807.241,7730081.504,7235769.557,7979433.599
Germany, World,Import,  All Products,Import (US$ Thousand),250293231,269575910,342483041,388915818,408307127,342558712,381538916,464145333,458699728.7,445495672.8,471226318.8,473500680.2,500830026,486022068,490450056,601761022,718150018,779819058,922213393,1059307813,1204209307,938363080,1066816752,1260297537,1161213213,1187314564,1214955667,1057616386,1060672017,1173627519
Ghana, World,Import,  All Products,Import (US$ Thousand),,,,,,,,,2480808.448,3352422.912,2911292.416,3003758.336,2900560.53,3153813.464,2708252.3,3210187.242,4073953.957,4878389.271,5328824.601,7278290.001,9057687.377,6464802.527,8057140.728,12602676.33,13578112.62,12787233.4,,,11361004.4,12718141.84
Greece, World,Import,  All Products,Import (US$ Thousand),12254952.45,16127107.07,19777003.52,,23451555.84,22004453.38,21491556.86,25926758.4,28418924.54,26970617.86,30266642.43,30434422.78,29486860.11,28434455.94,31299036.01,44854519.86,52810385.2,54893897.32,63738963.86,76099246.07,94347055.93,71538438.05,66452642.92,66692056.02,62504427.05,61148119.84,62180636.37,47263979.67,47595035.42,55300597.55
Greenland, World,Import,  All Products,Import (US$ Thousand),,,,,,,391619.2,421105.536,466543.936,374071.104,397319.328,418303.313,364494.856,343889.923,417475.36,525693.938,593033.393,699512.589,682204.068,773090.993,926858.081,766287.536,854105.974,997562.722,862941.333,822141.072,768345.104,586223.824,592889.652,
Grenada, World,Import,  All Products,Import (US$ Thousand),,,,,,125228.256,119072.192,128901.864,151361.984,167667.6,200001.152,202215.44,238790.622,212155.786,198821.724,253596.774,250481.548,334034.364,298907.572,365125.245,363304.298,281828.217,,,,,,,,
Guadeloupe, World,Import,  All Products,Import (US$ Thousand),,,,,,,1539207.552,1901305.728,,,,,,,,,,,,,,,,,,,,,,
Guatemala, World,Import,  All Products,Import (US$ Thousand),,,,,,2668101.888,2647192.064,3292444.928,3146201.856,3851918.336,4650830.336,4554308.306,,5597373.901,6300633.464,6721524.007,7811604.776,10499537.31,9539736.283,13544300.94,14521501.22,11521363.09,13830314.12,16610813.63,16978685.97,17503977.54,18263243.84,17637088.55,16978677.83,
Guinea, World,Import,  All Products,Import (US$ Thousand),,,,,,,,818508.544,647662.144,619702.464,536579.328,555924.928,616365.05,597420.096,667967.156,,955010.071,1647816.12,1063903.656,1281496.275,1835483.106,,,,,2401047.295,2509210.143,2138647.793,,
Guinea-Bissau, World,Import,  All Products,Import (US$ Thousand),,,,,,,,,,,,,,,,63867.748,57146.685,111684.811,,,,,,,,,,,,
Guyana, World,Import,  All Products,Import (US$ Thousand),,,,205776.096,366383.36,,,,,602336,539803,479928.992,573430.525,586479.659,564504.99,558394.956,661289.454,778141.255,892927.369,1028778.44,1345929.842,1175348.589,1451561.694,1768554.675,1997073.829,1866255.08,1783310.843,2185743.674,1624985.848,1761552.833
Honduras, World,Import,  All Products,Import (US$ Thousand),,,,,,,1334593.664,1727514.24,1840109.312,2147369.856,2533953.792,2673677.312,2826107.236,2926704.801,2875097.593,3142436.676,3685247.043,4419363.283,4920567.258,6530362.643,,5922937.552,6895088.284,8541778.594,8646775.792,,7983626.391,8380670.716,7912040.654,8612241.192
"Hong Kong, China", World,Import,  All Products,Import (US$ Thousand),,,,,,141307559.9,165877530.6,196071751.7,201283977.2,213300002.8,186759282.7,180710621.2,214068411.6,202008928,207969014.6,233249013.9,272957200.6,300160445.7,335753795.7,370132465.7,392962349.9,352240745.2,441369197.5,510854737.7,553486468.7,621416867.6,600613065.8,559305500.1,547124448.1,589317440.3
Hungary, World,Import,  All Products,Import (US$ Thousand),,,,,10873580.54,11376082.94,14553612,15185560.58,16042644.48,21234012.16,25706391.55,28008226,32080002,33681734,37611572,47674542,60248602,65919579,76978511,94659727,108784724,77272443,87432095,101369997,94300664.57,99295902.34,104178438,90760850.88,92044319.52,104283798.6
Iceland, World,Import,  All Products,Import (US$ Thousand),1666559.616,1400624.64,1659348.864,1739029.504,1679946.88,1349401.344,1472370.56,1751334.528,2041528.704,2019473.792,2482828.032,2315481.856,2582983.029,2279336.835,2273536.948,2826527.967,3712831.691,4978892.568,5991114.989,6689690.644,6165928.277,3603988.709,3914349.444,4845760.241,4771916.219,5019243.432,5371918.875,5285373.474,5703240.191,6970762.505
India, World,Import,  All Products,Import (US$ Thousand),19350896.64,21718194.18,23799150.59,19509415.94,24452408.03,23304073.22,28654737.41,36592062.46,39112814.39,41429430.27,42424950.78,50010898.63,52940251.41,50671105.81,57453468.56,72430524.38,98981129.47,140861666.9,178212440.3,218645293.9,315712105.6,266401552.9,350029386.9,462402790.8,488976378.5,466045567.3,459369463.6,390744731.4,356704792.1,444052353.8
Indonesia, World,Import,  All Products,Import (US$ Thousand),,16359556.1,21837031.42,25868822.53,27279595.52,28327737.34,31983470.59,40628703.23,42928463.87,41679745.02,27336828.93,24003249.54,33514804.83,30962141.08,31288842.01,32550681.48,46524531.36,57700880.92,61065465.23,74473428.73,129244050.3,96829162.58,135663280.2,177435550.3,191690908.1,186628630.6,178179340.2,142694802.2,135652799.8,157388168.5
"Iran, Islamic Rep.", World,Import,  All Products,Import (US$ Thousand),,,,,,,,,,14180701.64,14285524.76,12621764.57,13626007.04,16173077.89,20335748.6,25638123.3,32997068.84,38674659.92,40685758.84,,,,54697235.52,68319000,,,,,,
Iraq, World,Import,  All Products,Import (US$ Thousand),,,,,,,,,,,,,,,,,,,,,,,,,,,37064476.5,,,
Ireland, World,Import,  All Products,Import (US$ Thousand),,,,,22482694.14,21662992.38,25763815.42,32321019.9,35764649.98,39232667.65,44378009.6,47207837.7,50648770.77,51375643.59,52214415.07,53781899.3,62344522,70283642.09,76620719.43,87045335.18,84953475.32,62566426.4,64600595.24,73781587.36,72218451.77,74089274.56,82595130.51,77795266.46,82028942.31,88828357.46
Israel, World,Import,  All Products,Import (US$ Thousand),,,,,,,,28344295.42,29948534.78,29022650.37,27468924.93,31085575,35742024,33303113,33105904,34210938,40969518,45032350,47834446,56619379,65170546,47362724,59193894,73526105,73112080,71995022,72331780,62067788,65802693,69115976
Italy, World,Import,  All Products,Import (US$ Thousand),,,,,,,167975026.7,200319909.9,208116039.7,208317104.1,215590076.4,220056096.2,238068541.5,236126622.4,246609477,297402799,355266852.8,384835560.6,442565102.8,511822513.7,560960371,414783638.3,486984371.9,558831981.5,489104116.1,479336353.4,474082558.9,410933264.5,404577979.4,451415534.8
Jamaica, World,Import,  All Products,Import (US$ Thousand),,,,1828246.656,1773839.488,2189235.968,,,2916349.952,3112902.144,2985440.512,2903630.592,3191649.483,3402566.396,3543112.996,3616831.732,3933098.906,4884830.77,5041379.298,6747629.131,8465405.058,5064255.567,5225226.738,6436591.867,6580358.184,6216155.431,5835517.278,4993029.814,4767089.174,5818098.181
Japan, World,Import,  All Products,Import (US$ Thousand),187353661.4,210846597.1,234798612.5,236736708.6,233021535.4,240670179.3,274741936.1,336094167,349186097.2,338842353.7,280633835.5,309994471.7,379708376.3,349291914.3,337613132.8,383465329.9,455253886.2,515866387.7,579063944.6,622243336.4,762533921.1,551984750.9,694059160,855380474.2,886031094.5,833166060.7,812184751.8,625568420.7,606924046.8,671474306.1
Jordan, World,Import,  All Products,Import (US$ Thousand),,,,,,,3382302.72,3696379.904,,3842759.936,3828449.28,3676804.864,4538913.12,4871335.641,5019698.847,5653164.044,8143592.157,10454580.11,11446909.88,13531100.49,16871597.63,14075297.13,15262001.38,18301082.25,20691383.7,21549015.74,22740257.84,20474908.86,19207038.41,20407329.34
Kazakhstan, World,Import,  All Products,Import (US$ Thousand),,,,,,,,3805116.965,4238591.469,4298612.927,4293188.824,3639171.771,4987038.9,6280202,6581124.8,8401999.5,12773473.44,17333158.55,23660993.44,32686612.8,37815371.78,28408679.84,24023626.74,38010237.47,44538070.82,48804580.08,41295455.97,30567159.49,25174778.83,29345935.36
Kenya, World,Import,  All Products,Import (US$ Thousand),,,,,1793030.272,,,,,3278425.088,3301758.976,2785610.955,2891517.265,4007964.729,3327264.967,3475176.733,4563489.23,5846168.469,7232946.743,8989261.774,11127817.24,10202000.87,12092926.25,,,16394469.34,,,,16690197.05
Kiribati, World,Import,  All Products,Import (US$ Thousand),,,,,,,,34049.98,38038.492,38944.756,32577.468,40968.212,,,,,57307.841,74048.956,62071.549,70130.448,75160.594,67004.674,73093.437,91746.983,108558.458,97105.975,116475.1623,110729.0358,117408.35,
"Korea, Rep.", World,Import,  All Products,Import (US$ Thousand),51807522.82,61455781.71,69839520.99,81519706.11,81758330.88,83793960.96,102342533.1,135112900.6,150334292,144614211.6,93280911.36,119751244.4,160479262.8,141097086,152124371.6,178825838.2,224460924.2,261235582.8,309379478.9,356841033,435271383.1,323081674.8,425208007.1,524405223.8,519575597.3,515572970.4,525556978,436486934.6,406181944.1,478469167.6
Kuwait, World,Import,  All Products,Import (US$ Thousand),,,,,,,,,,,,,7156496.202,7869465.038,9007315.385,10991765.43,12630613.7,,17239735.17,21362495.24,24839591.04,,22691403.87,25141991.71,,29645607.31,31488655.17,31907177.44,30820178.69,33589651.94
Kyrgyz Republic, World,Import,  All Products,Import (US$ Thousand),,,,,,,,522362.688,837931.84,,,,554113.511,467244.87,579360.285,716959.769,940930.063,1107818.074,1718196.677,2416987.376,4072327.843,2973866.766,3222635.177,4260687.274,5373176.213,5983024.298,,4068083.799,3844473.299,4487291.617
Lao PDR, World,Import,  All Products,Import (US$ Thousand),,,,,,,,,,,,,,,,,,,,,,,1836634.47,2582095.4,2597521.432,3552279.81,4452378.889,3778389.213,4107068.454,
Latvia, World,Import,  All Products,Import (US$ Thousand),,,,,,,1241478.784,1818007.68,2319496.96,2720941.056,3191363.072,2946780.984,3190830.191,3504416.986,4053715.628,5244011.345,7311043.724,8770450.014,11427301.26,15185449.48,15775195.75,9336920.239,11143287.7,15430778.74,16082387.66,16778948.56,16798358.93,13854046.92,13593141.73,15848165.57
Lebanon, World,Import,  All Products,Import (US$ Thousand),,,,,,,,,,7437826.048,7053862.912,6205816.832,6226795.136,7290372.448,6443840.727,7167481.673,9385039,9326988,9395085.285,11814556.54,16136466.07,16231585.21,17969734.78,20162637.39,21146549.42,21234205.99,20487427.6,,18702745.74,
Lesotho, World,Import,  All Products,Import (US$ Thousand),,,,,,,,,,,,,613297.962,598231.303,800172.044,1115026.999,1399392.992,,,,1066151.578,1356077.14,1276595.164,1459720.096,1594249.361,,,,,
Libya, World,Import,  All Products,Import (US$ Thousand),,,,,,,,,,,,,,,,,,,,6748809.55,9116481.95,12859378.72,17674367.92,,,,,,,
Lithuania, World,Import,  All Products,Import (US$ Thousand),,,,,,,2588999.986,3648539.392,4558530.048,5643365.888,5793748.992,4834490.072,5456480.316,6353270.743,7709309.67,9803635.901,12379200.84,15704432.3,19388425.41,24445067.46,31294662.54,18340632.91,23378047.39,31801287.87,32237640.02,34813224.76,35217366.88,28176441.6,27349062.9,30978718.2
Luxembourg, World,Import,  All Products,Import (US$ Thousand),,,,,,,,,,,,10346585.82,10592383.58,11187657.22,11528844.48,13646402.94,16771715.41,17585502.5,19640455.31,22288700.59,25498095.37,18770617.98,20399987.74,25971633.9,24284889.96,23934080.17,23850012.35,19296337.66,19123618.19,21070831.56
Macao, World,Import,  All Products,Import (US$ Thousand),,,,1839269.504,1948183.936,1996407.552,2089227.264,2025300.224,1991975.04,2076626.176,1947667.072,2035867.008,2625222.775,2823500.76,3009120.801,3232323.238,4093754.028,4514271.152,5235525.558,6044742.086,5879854.928,4750943.462,5629450.361,7926842.084,8982053.067,,11395934.96,10602579.55,8924463.347,
"Macedonia, FYR", World,Import,  All Products,Import (US$ Thousand),,,,,,,1484081.664,1718889.856,1626900.864,1778488.832,1914646.016,1776133.248,2093872.193,1687599.755,1995155.655,2299920.732,2903435.331,3227998.287,3762715.288,5227575.519,6851673,5043114.724,5474484.811,7027162.087,6522387.659,6619586.359,7301343.253,6399822.864,6757023.458,7719128.131
Madagascar, World,Import,  All Products,Import (US$ Thousand),,,569311.04,406321.728,391342.912,468596.32,431707.968,549520.064,602119.488,573047.296,556789.568,505340.536,990665.147,920189.643,601944.6,1318061.479,1651903.048,1685896.747,1760262.53,2445478.414,3850615.003,3159330.78,2546194.911,2730468.599,2658986.872,2699414.641,3354796.022,2960905.154,2971710.042,3654467.201
Malawi, World,Import,  All Products,Import (US$ Thousand),,,579631.296,647395.968,,,539274.688,500404.224,,,,645381.248,532072.949,561593.386,694997.507,785375.762,928658.47,1165191.991,1206696.04,1377845.298,2203688.434,2021672.009,2173037.656,2427696.418,2330367.872,2844625.505,2774368.038,2311614.378,,
Malaysia, World,Import,  All Products,Import (US$ Thousand),,22480953.34,29245597.7,36581322.75,39788384.26,45389967.36,59085991.94,77045596.16,77904683.01,78433583.1,57759420.42,64939219.36,81957250.04,73846608.85,86136022.73,83613981.63,105156808.1,114289820.5,131127047.8,146104307.1,155660819.4,123575279.3,164586273.4,187573009.4,196196618.7,205813524.8,208823428.6,176174598.2,168375228.2,193855940.7
Maldives, World,Import,  All Products,Import (US$ Thousand),,,,,,,,267906.544,301655.456,348840.832,353963.52,402151.232,388585.928,387885.184,391722.229,470783.245,641816.856,744864.586,926525.089,1096290.117,1387508.929,966136.18,1095116.285,1411701.092,1554501.652,1733283.812,1992748.786,1896850.04,2127968.569,
Mali, World,Import,  All Products,Import (US$ Thousand),,,,,,,,,790290.88,680801.472,834329.344,827144.704,707498.61,987956.836,927153.814,1271095.915,1364422.211,1543598.939,1819763.04,2184847.362,3338925.05,,4703502.882,3351538.885,3462655.072,,,,3845404.761,4336565.282
Malta, World,Import,  All Products,Import (US$ Thousand),,,,,,,2440715.008,2941744.384,2802324.992,2553495.296,2666498.816,2840153.6,3399959.136,2725032.393,2839178.669,3402368.654,4153374.583,3865229.252,4395512.725,4947024.161,5140832.421,4034116.625,5732174.585,7395938.428,7896220.752,7525360.716,8445208.701,6788000.921,7181978.806,
Martinique, World,Import,  All Products,Import (US$ Thousand),,,,,,,1642258.048,1969808.128,,,,,,,,,,,,,,,,,,,,,,
Mauritania, World,Import,  All Products,Import (US$ Thousand),,,,,,,,,,,,,353643.891,374066.252,355393.412,386406.015,1339968.925,1342035.638,1073326.144,1430418.276,1637617.34,1337081.449,1707736.604,2452705.805,2970620.182,3978492.178,3641758.272,,2173837.838,3522418.198
Mauritius, World,Import,  All Products,Import (US$ Thousand),,,,,,1919115.264,1923841.92,2000460.544,2276909.824,2230989.824,2182512.896,2275922.616,2082724.336,1994806.239,2168970.329,2389800.269,2777440.319,3160116.999,3643329.747,3900897.165,4669746.93,3725099.04,4402331.731,5158618.169,5772006.384,5395450.448,5607223.157,4458341.503,4654906.199,5269484.338
Mayotte, World,Import,  All Products,Import (US$ Thousand),,,,,,,,,,,,,138722.553,160118.277,181953.592,215649.391,226384.223,249243.911,365149.295,499362.083,606266.802,501924.607,,,,,,,,
Mexico, World,Import,  All Products,Import (US$ Thousand),,,29559513.09,38073315.33,61924225.02,65271992.32,79334973.44,72452988.93,89355034.62,111983247.4,125323755.5,141955596.3,179403617.6,168376890.8,168650540.8,170545787.1,196808374.8,221818979.8,256085920.3,281926513.2,308583119.9,234384531.9,301481733.9,350842805.6,370751407.5,381210149.5,399976864.2,395232221.2,387064351.3,420369113.3
"Micronesia, Fed. Sts.", World,Import,  All Products,Import (US$ Thousand),,,,,,,,,,,,,,,104290,104997.539,132527.887,128306.349,137993.165,145707.441,160482.791,171004.775,167892.724,188080.842,193645.159,187692.299,,,,
Moldova, World,Import,  All Products,Import (US$ Thousand),,,,,,,659268.672,840707.392,1072267.52,746783.37,1023449.92,586569.984,776993.793,892475.652,1038367.696,1402442.035,1768533.736,2292292.371,2693162.63,3689868.312,4898762.524,3278270.205,3855288.845,5191271.351,5212928.364,5492393.273,5316959.167,3986820.641,4020359.283,4831414.613
Mongolia, World,Import,  All Products,Import (US$ Thousand),,,,,,,,,450924.416,467845.248,488870.432,510288.928,614507.473,630122.42,,801010.994,1021145.584,1182558.833,1485599.162,2117033.711,,,,,,6357821.461,5131455.44,3796591.418,3339603.834,
Montenegro, World,Import,  All Products,Import (US$ Thousand),,,,,,,,,,,,,,,,,,,1841505.244,2867309.516,3731167.872,2313139.288,2181940.294,2544044.492,2336353.472,2348872.515,2366751.42,2050169.682,2262764.282,2610535.972
Montserrat, World,Import,  All Products,Import (US$ Thousand),,,,,,,,,,,,21886.272,21610.662,19372.737,25423.296,28417.005,28723.848,29757.43,30199.083,29620.691,38048.032,29604.827,,90226.319,36941.7,42075.118,41909.444,,,
Morocco, World,Import,  All Products,Import (US$ Thousand),,,,,,6658842.112,7193677.312,8540476.416,8253436.928,7877528.576,10287315.97,10787588.1,11533382.66,11036685.31,11878152.73,14230607.67,17824640.77,20803176.77,23298468.12,31650391.54,42321963.17,32882050.03,35378881.79,44262937.49,44789781.63,45186368.25,46191742.59,37545666.09,41696101.72,
Mozambique, World,Import,  All Products,Import (US$ Thousand),,,,,,,544015,726980,782642,760048.567,,,1162278.102,1063107.906,1542963.471,1752997.456,2034671.767,2408195.31,2869326.549,3049746.128,4007763.192,3764206.586,3564229.509,6305647,6177209.677,10099147.18,8743074.259,7907621.73,5295312.574,5701705.181
Myanmar, World,Import,  All Products,Import (US$ Thousand),,,,,618432.384,,,,,,,,,2896279.34,,,,,,,,,4164318.252,8571168.203,7849397.741,12009121.61,16220180.23,16906774.51,15695737.69,19253455.1
Namibia, World,Import,  All Products,Import (US$ Thousand),,,,,,,,,,,,,1418673.303,1500564.135,1301160.167,1414798.054,2421797.181,2525155.747,2798541.114,4025998.874,4688570.014,6208418.827,5979722.908,6457277.385,7132032.336,7574548.144,8530994.35,7697157.051,6721043.529,6778202.854
Nepal, World,Import,  All Products,Import (US$ Thousand),,,,,,,1111044.096,,,,1313165.952,1347482.24,1557922.304,,,1801620.791,,,,,,3754388.923,5115880.475,5915922.972,6017473.926,6451694.909,7590089.89,6612094.198,8878502.225,10037840.17
Netherlands, World,Import,  All Products,Import (US$ Thousand),,,,,134469935.1,115667623.9,130511691.8,157929373.7,160895811.6,162359656.4,156727885.8,167875451.2,198926887.7,195562207.7,194114787.5,233996688.7,284014019.4,310591343.9,358509533.5,421367715.8,494936571.1,382190421.8,439986633,492837632.2,500605323.5,506162309.1,508032877.3,424851377.7,398336339.3,450075697.5
Netherlands Antilles, World,Import,  All Products,Import (US$ Thousand),,,,,,,,,,,,,,,,,,894251.685,1016717.352,1151735.237,1436995.908,,,,,,,,,
New Caledonia, World,Import,  All Products,Import (US$ Thousand),,,,,,,,,,,,1008075.264,1017362.24,,1006070.303,1540434.916,1635768.061,1773617.982,1997697.476,2427276.006,3268557.549,2507243.131,3303178.426,3696876.341,3245038.558,3236953.212,3315243.795,2529498.893,,
New Zealand, World,Import,  All Products,Import (US$ Thousand),,8774995.968,9483473.92,8496770.56,9204969.472,9654729.728,11901384.7,13957637.12,14724176.81,14518500.35,11334582.27,14318347.19,13904403.11,13306946.34,15044156.67,18557422.6,23192565.06,26232048.83,26424356.47,30890414.94,34367334.8,25565851.01,30157848.08,36111256.85,38242730.52,39619181.51,42497740.15,36528298.39,36213017.54,40128439.16
Nicaragua, World,Import,  All Products,Import (US$ Thousand),,,,,,755111.104,852457.856,1009202.688,1076145.152,1469732.48,1532107.904,1723042.302,1720595.943,1773378.962,1788094.157,1904588.247,2249686.33,2535550.33,2740660.904,3537990.7,4744430.01,3478610.703,4190756.091,5047259.701,6029659.805,5498843.855,5746417.782,5866297.865,7475805.835,7703836.558
Niger, World,Import,  All Products,Import (US$ Thousand),,,,,,,,344552.704,365478.304,345074.112,419976.896,394766.272,325924.521,383748.353,432040.376,565554.828,667174.012,735569.652,860189.925,955684.601,1208338.95,1627150.459,2290039.353,1917173.453,1687485.503,1714075.682,2151091.965,2458340.984,1860691.131,
Nigeria, World,Import,  All Products,Import (US$ Thousand),,,,,,,,,5335465.045,6363504.76,5764245.504,4482496.512,5817035.398,7958202.243,8758472.458,14891746.23,,,22903337.7,32357346.94,28193597.34,33906281.58,44235268.67,63971541.9,35872509.44,44598201.12,46532265.38,,35194301.01,31270090.27
Norway, World,Import,  All Products,Import (US$ Thousand),,,,,,24021241.25,27294892.03,32705843.2,34309140.48,35768274.94,37477687.3,34172692.48,34351025.3,32951419.17,34872582.62,39849089.55,48511585.27,55488201.98,64265915.04,80297682.39,90581252.05,68968818.05,77330164.61,90783500.92,87307781.58,89807226.95,89439400.93,77193217.99,72809787.77,85525862.98
Occ.Pal.Terr, World,Import,  All Products,Import (US$ Thousand),,,,,,,,,,,,,,,,,,,,3141279.29,3568673.594,3600785.374,3958511.516,4737646.994,4697355.942,5163897.459,5683199.332,5225466.656,5363768.017,
Oman, World,Import,  All Products,Import (US$ Thousand),,2257338.88,2681227.008,3193966.336,3769155.584,4114037.248,3915029.248,4248550.4,4577818.624,5025955.328,5681500.672,4673690.112,5039254.818,5797973.543,6005160.73,6801039.7,8795529.677,8969944.901,11038363.2,16024705.82,22924680.54,17851473.9,19774505.52,23619397.68,28117622.53,34331193.37,29303100.26,29007052.71,23260012.44,26434873.45
"Other Asia, nes", World,Import,  All Products,Import (US$ Thousand),,,,,,,,,,114363883.5,104652357.6,110946459.6,139990983.3,107228253,112521871.9,128004224.3,168685711.6,181591670.9,202685778.1,219666560.5,230339849.3,174942558.8,251315168.4,281315583.2,270863152.6,269256098.7,273844886.8,228508285.7,230930098.3,
Pakistan, World,Import,  All Products,Import (US$ Thousand),,,,,,,,,,,,,,,,13048609.49,15420356.45,25096575.3,29825753.51,32593936.07,42326567.15,31583717.82,37537025.24,43578259.22,43813262.46,43775183.19,47544888.94,43989644.71,46998269.11,57440012.5
Palau, World,Import,  All Products,Import (US$ Thousand),,,,,,,,,,,,,,,,,,,,116018.876,130093.379,89858.672,107189.566,129180.409,141897.239,168551.05,164988.625,150315.857,153508.45,157813.2568
Panama, World,Import,  All Products,Import (US$ Thousand),,,,,,,,2510697.984,2779702.016,2991000.32,3397274.624,3515188.117,3404646.36,2986386.767,3034532.422,3120980.389,3590296.958,4152485.854,10774926.46,13268934.58,15736508.94,13876550.27,16737103.36,21801598.46,14585177.18,12684825.3,11065904.12,10374517.1,9238038.728,
Papua New Guinea, World,Import,  All Products,Import (US$ Thousand),,,,,,,,,,,1360059.904,,1036267.542,1309488.311,1183687.178,1302405.426,1567153.423,,,,,,,6105503.673,8340687.556,,,,,
Paraguay, World,Import,  All Products,Import (US$ Thousand),,758320,1348617.6,1460301.184,1420424.448,1688025.472,2424589.056,3135867.904,3107341.568,3403352.32,2896688.384,1905851.232,2260221.137,2181926.698,1661292.975,1920591.732,2671557.989,3273773.305,4757639.744,5859421.197,9061828.536,6961625.845,10033465.85,12366125.66,11555136.36,12142040.14,12168557.59,10291213.12,9752559.414,11873407.13
Peru, World,Import,  All Products,Import (US$ Thousand),,,,,3964246.528,,5626270.208,7584036.864,7947168.768,8558284.288,8220255.744,6822840.67,7414903.057,7315939.125,7493004.117,8414051.393,10101027.45,12501829.89,15311558.83,20368278.18,29952802.81,21813514.04,29965750.15,37891035.25,42162927.44,43321707.17,42177197.9,38026358.88,36147726.69,39763913.9
Philippines, World,Import,  All Products,Import (US$ Thousand),,,,,,,,,34701185.02,38580924.42,31529863.17,32568125.44,37007401.77,34943391.3,41091962.44,42575743.28,46102141.04,49487422.03,54077989.75,57995660.91,60419667.3,45877737.35,58467803.68,63692684.21,65349780.52,65705431.24,67718868.52,70153466.33,85908572.12,101889432
Poland, World,Import,  All Products,Import (US$ Thousand),,,,,,,21433480,29019476,37094949,42257501.91,47003859,45876120,48127384,49447434,54266342,67146113,88154396.61,101538809,125645308.5,164172482.4,210478513.1,149569835.6,174127590.3,209191546.4,191430111.7,205613792.7,216687292.3,189696473.8,188517818.9,217978575.7
Portugal, World,Import,  All Products,Import (US$ Thousand),17889021.95,19070269.44,25410539.52,26420817.92,30610466.82,24244244.48,27065057.28,33565130.75,34121867.26,34440638.46,37048459.26,39828577.38,39878842.4,39456360.07,40032082.33,47166165.43,68222019.74,63903733.55,70707161.37,82267209.95,94553785.72,71810896.68,77682426.21,82923617.6,72506492.41,75713900.5,78395890.97,66870945.68,67952834.14,77833792.15
Qatar, World,Import,  All Products,Import (US$ Thousand),,,,,,,,,,,,,3252249.6,3757831.424,4052046.336,4897430.598,6004565.954,10060887.12,16440097.18,23429162.84,27900040.52,,23239545.24,,30787000,27034102.98,30447655.95,32610463.58,32060069.58,
Reunion, World,Import,  All Products,Import (US$ Thousand),,,,,,,2358358.784,2711079.68,,,,,,,,,,,,,,,,,,,,,,
Romania, World,Import,  All Products,Import (US$ Thousand),,8437671.936,9088603.136,5793350.656,6259609.088,6521681.92,7109047.808,10277897.22,11435274.24,11279739.9,11835426.82,10395266.05,13054494.72,15551616,17861681.15,24003123.2,32663737.84,40462893.58,51106038.52,69946195.08,82964978.91,54256269.46,62006624.4,76365284.69,70259718.63,73452191.66,77889070.91,69857682.41,74604616.83,85318177.45
Russian Federation, World,Import,  All Products,Import (US$ Thousand),,,,,,,,,61147000,67619000,43711339.49,40428953.87,33880091.84,41865361.96,46176985.04,57345988.01,75569014.53,98707255.77,137811059.9,199725954.5,267051243.5,170826590.3,228911658.1,306091490.3,316192918,314945095,286648776.9,182781964.8,182257213.9,228212750
Rwanda, World,Import,  All Products,Import (US$ Thousand),,,,,,,,,234100.08,285468.864,293061.184,251019.696,,278683.655,252816.697,261653.637,310142.471,374278.186,567132.28,627850.822,1070038.173,1112015.455,1405159.404,1508304.553,1831958.002,1989145.469,1954209.56,1858091.101,1778279.113,
Samoa, World,Import,  All Products,Import (US$ Thousand),,,,,,,,,,,,,,136000.192,132315.218,150420.686,209891.669,238644.814,275100.282,265606.784,287905.445,230538.859,309847.819,345905.72,345515.175,366588.279,388023.853,370582.374,349840.565,356189.8449
Sao Tome and Principe, World,Import,  All Products,Import (US$ Thousand),,,,,,,,,,,,38008.344,29767.743,28525.365,31105.281,40833.591,41433.788,49860.404,71135.517,79418.25,114045.081,113736.909,112152.144,133712.481,141253.97,152093.663,169715.687,141847.245,139352.022,147049.5793
Saudi Arabia, World,Import,  All Products,Import (US$ Thousand),,,,29073801.24,33272639.49,28201402.37,23042631.68,28085112.83,27764922.37,,30012264.45,28031635.61,28398740.3,29154366.31,30466326.35,39569489.73,44944407.65,57232567.93,67681047.98,87816600.6,112273148.1,92457155.43,103621530.1,127962726.6,151260012.5,163013498.7,168239638.2,163820952.5,129795970.5,
Senegal, World,Import,  All Products,Import (US$ Thousand),,,,,,,,,2134253.44,1706332.928,1573858.432,1604359.11,1546910.031,1724459.999,1970434.597,2398641.404,2839133.202,3497700.592,3670993.458,4871391.682,6527603.49,4712899.438,4776840.465,5908917.003,6434215.834,6552182.262,6502674.171,5595354.746,5477912.19,6728671.863
"Serbia, FR(Serbia/Montenegro)", World,Import,  All Products,Import (US$ Thousand),,,,,3859204.096,,,,4101850.88,4799141.888,4849333.76,3295209.984,3710596,4837039.151,6320071.258,,11366466.33,10461284.87,13172329.67,18553606.22,22999175.54,16047433.28,16734435.02,19861908.14,18924891.22,20550989.94,20608584.77,18210171.28,19230912.78,22146377.22
Seychelles, World,Import,  All Products,Import (US$ Thousand),,,,,,,206488.384,254654.816,346715.232,340064.857,383657.01,429447.856,342441.262,476133.362,419795.922,412721.438,496646.552,674896.497,757439.969,859172.43,1021916.329,,1180307.192,1720932.845,1279816.316,924711.414,1075327.066,975247.806,1647989.714,1348462.645
Sierra Leone, World,Import,  All Products,Import (US$ Thousand),,,,,,,,,,,,,151688.951,,351962.848,,,,,,,,,,,,2056845.874,1759408.505,957927.386,1073617.079
Singapore, World,Import,  All Products,Import (US$ Thousand),,49689128.96,60790210.56,66093694.98,72173641.73,85230485.5,102669287.4,124503449.6,131339984.9,132441677.8,101731541,111060869.1,134545794.2,116002509.9,116440933.2,136696920.9,173581211.2,200724436.3,239919888.5,264766012.2,323019797,247216196.6,310791133.6,365770490.7,379722888.5,373015739.8,366247321.7,296744588.5,291908368.8,327709713.2
Slovak Republic, World,Import,  All Products,Import (US$ Thousand),,,,,,,6610932.736,8161863.68,9409979.392,11726973.95,13070530.56,11130500.28,12774126.85,14769682.31,16627735.55,22600764.72,29456675.92,34225828.87,44758621.59,59207793.37,72611558.38,55159944.86,64381971.19,76690264.09,76859351.79,81295109.25,81354166.83,72957682.45,75144978.38,82976622.32
Slovenia, World,Import,  All Products,Import (US$ Thousand),,,,,,,7303908.864,9491651.584,9420645.376,9365660.672,10110369.79,10081416.84,10114677.69,10146304.38,10932233.22,13852408.35,17569445.22,19626300.22,23013428.11,29476189.62,33985543.85,23901831.22,26591707.91,31236842.61,28382568.38,29375441.11,30049305.59,25870229.47,26690370.22,28192003.15
Solomon Islands, World,Import,  All Products,Import (US$ Thousand),,,,,,,,,162916.223,,,,,,57853.812,93823.082,121417.275,138837.708,232259.801,284992.585,306613.51,213505.027,327876.714,448378.713,493384.227,580241.01,499619.432,465830.232,453853.633,571770.0247
South Africa, World,Import,  All Products,Import (US$ Thousand),,,,,18373402.62,18026516.48,21109549.06,26744547.33,26872406.02,30878982.14,26624038.91,24092430.34,26770731.39,25595222.83,26220644.49,34414478.46,47603274.06,55032638.72,68469125.12,79872587.2,87593067.65,63766057.98,83099781.13,102793028.5,104180411.5,103309077.5,99794452.59,85509769.91,74744010.29,83030756.6
Spain, World,Import,  All Products,Import (US$ Thousand),,71430823.94,87703183.36,93328449.54,99756941.31,79749464.06,92502409.22,113398595.6,123182899.2,124417654.8,134522634.2,147865871.3,152898168.8,154992565.3,165919564.9,208548695.6,259264826.3,289610794.9,329975826.5,391236947.6,418728299.5,287501636.2,315547199.3,362834518.5,325835176.4,332266845.9,350977773,305266032.3,302538874.3,350921561.7
Sri Lanka, World,Import,  All Products,Import (US$ Thousand),,,2634112.512,3089681.92,3419230.976,3742900.736,4483340.8,,,,,5338225.152,6177815.058,5417779.168,6038677.07,6514295.591,7852070.73,8307067.738,9773149.992,11385744.14,13629062.68,9431850.987,12353707.84,19696479.84,17884922.01,17930809.14,19244461.19,18967230.64,19500757.05,21316199.95
St. Kitts and Nevis, World,Import,  All Products,Import (US$ Thousand),,,,,,117918.8,127136.032,132256.944,145850.24,147167.824,,152771.968,195731.485,189071.199,201307.838,199375.181,182680.799,210241.064,249531.329,271670.421,324785.527,295754.201,269821.94,246655.292,224279.868,248788.181,267961.678,297068.6698,333779.2558,308946.8495
St. Lucia, World,Import,  All Products,Import (US$ Thousand),,,,,303263.296,299192.288,301765.44,306020.288,313504.864,332204,328167.36,354544.192,355056.465,275834.024,314986.937,407686.872,421582.451,485774.644,592368.19,613907.538,655737.373,617089.351,646866.188,705014.389,656005.922,887549.998,642099.093,583428.558,668503.69,
St. Vincent and the Grenadines, World,Import,  All Products,Import (US$ Thousand),,,,,,133719.856,130004.184,134407.776,,182020.336,192106.912,200717.984,161577.642,186471.804,177688.293,201236.836,225256.445,240433.824,271318.516,326687.511,373180.796,333490.161,379498.171,383476.91,403242.335,369910.1538,361551.8966,333671.1113,334767.4331,329952.4367
Sudan, World,Import,  All Products,Import (US$ Thousand),,,,,,,,,,,,,,,,,,,,,,,,,6580642.961,,,8413439.462,,10276864.99
Suriname, World,Import,  All Products,Import (US$ Thousand),,,,,,,542561.088,582819.008,455923.52,,,505790.016,526447.788,456560.895,501842.865,703863.751,739765.174,1049926.271,1013148.607,1044268.725,1304331.985,1390097.805,1397499.693,1637825.758,1732784.865,2308497.856,1826727.942,,1174215.974,1208805.024
Swaziland, World,Import,  All Products,Import (US$ Thousand),,,,,,,,,,,,,1097226.202,948817.855,1063661.769,1457472.194,1770276.683,1656124.486,1242438.344,1270083.232,,,,,,,,,,
Sweden, World,Import,  All Products,Import (US$ Thousand),,,,,49849364.48,42634072.06,51762065.41,61646684.16,64431443.97,63168258.05,68606316.54,63989285.56,72766525.03,63536271.62,67120675.77,84199455.58,100832516.8,111351341.7,127100924.5,152822698.8,168981675.4,119948706.6,148788238.6,176944637.7,164542408.8,160588787.8,162257051.1,138360516.9,141101222.7,153856465.4
Switzerland, World,Import,  All Products,Import (US$ Thousand),56371367.94,58206724.1,69691252.74,66502262.78,65743835.14,60828139.52,67997339.65,80152002.56,78272651.26,75900354.56,80094044.16,79857074.18,82486613.1,84101794.02,87326868.12,100351750,115969060.3,126573682.4,141399527.9,161346787.5,183515525.4,155572596.9,176280625.6,208219897.6,295071061.3,321050462,275053992.6,253152460.2,269157232.2,267501495.9
Syrian Arab Republic, World,Import,  All Products,Import (US$ Thousand),,,,,,,,,,,,,,18761324.96,18490453.18,21056881.14,29042640.22,7897929.801,11488278.73,14655130.25,18104749.27,15442769.57,17561575.59,,,,,,,
Tajikistan, World,Import,  All Products,Import (US$ Thousand),,,,,,,,,,,,,643966,,,,,,,,,,,,,,,,,
Tanzania, World,Import,  All Products,Import (US$ Thousand),,,,,,,,1652983.168,1252660.096,1301926.528,1670766.464,1588020.09,1612984.833,1728924.816,1691192.746,2164320.375,2556444.82,3246825.669,4526727.744,5919021.594,8087734.648,6530823.093,8012873.966,11184220.77,11715589.14,12525411.04,12691109.57,14705968.73,7876086.602,7765411.242
Thailand, World,Import,  All Products,Import (US$ Thousand),20283013.12,25762676.74,33371353.09,37588312.06,40686780.42,46239289.34,54437122.05,70780755.97,72316149.76,62461685.76,42370057.56,50309073.34,61921361.22,61960580.58,64645215.52,75824142.24,94402609.5,118164338.3,128584476,143761449.8,178613109.3,133769638.8,182393379.9,228483302.3,247575852.4,250708238.3,227931507.4,202019428,195714246.2,
Togo, World,Import,  All Products,Import (US$ Thousand),,,,,,,221338.112,556332.48,667376.96,631696.32,686900.672,668242.112,323927.531,354964.44,405330.377,568376.618,557827.349,592615.81,,787098.47,1171663.381,1171226.555,1204782.038,1755910.771,1661990.415,1967339.825,1753249.689,1730889.087,1715643.924,1614920.873
Tonga, World,Import,  All Products,Import (US$ Thousand),,,,,,,,,,,,,69463.56,72657.478,89002.221,93016.27,104749.241,120327.971,116510.145,142563.265,165923.361,144620.894,158777.385,192928.675,199169.459,198026.763,218185.76,,,
Trinidad and Tobago, World,Import,  All Products,Import (US$ Thousand),,,,1674476.416,1376723.072,1462865.92,1133733.12,1723649.536,2204458.752,3059441.408,3011492.608,2743761.466,3308350.12,3938985.342,3661026.401,3942188.837,4869582.116,5693909.496,6477696.077,7662830.444,9591397.375,6955437.321,6479599.285,9553307.717,11615579.58,12395843.34,11411688.22,9297808.59,,
Tunisia, World,Import,  All Products,Import (US$ Thousand),,,,5188116.992,6431543.808,6213943.808,6483873.792,7903050.467,7698143.744,7946986.496,8347290.112,8336881.152,8565540.019,9526901.548,9522562.986,10951391.16,12736541.51,13174322.62,15007295.77,19099373.22,24638377.46,19096173.95,22215362.06,23952125.05,24470606.06,24266395.36,24793340.08,20222503.11,19487207.66,20618072.73
Turkey, World,Import,  All Products,Import (US$ Thousand),,15759744,22300672,21046996.99,22871025.66,29429301.25,23267977.22,35707437.06,42930274.3,48585060.35,45908185.09,40686710.78,54149795.28,41399079.44,51270195.62,69339692.06,97539765.97,116774150.9,139576174.1,170062714.5,201963574.1,140928421.2,185544331.9,240841676.3,236545140.9,251661250.1,242177117.1,207206508.9,198618235,233799651.2
Turkmenistan, World,Import,  All Products,Import (US$ Thousand),,,,,,,,,,1183429.466,1007479.556,1478246.016,1785540.35,,,,,,,,,,,,,,,,,
Turks and Caicos Isl., World,Import,  All Products,Import (US$ Thousand),,,,,,,,,,,,147365.683,148673.146,156808.733,177336.17,168860.299,220603.914,303720.394,497760.088,580593.758,591251.785,375393.512,,260185.322,268531.134,,,,,
Tuvalu, World,Import,  All Products,Import (US$ Thousand),,,,,,,,,,6735.53,10235.74,8090.058,,3509.661,11156.811,,11480.612,12901.871,12708.703,,26395.142,,,,,,,,,
Uganda, World,Import,  All Products,Import (US$ Thousand),,,,,,,681020.032,1037641.088,952745.344,795344.768,1105467.776,1015226.176,953923.987,1005478.653,1073752.953,1375106.363,1720214.887,2054137.255,2557307.353,3493354.095,4525858.559,4247371.346,4664338.469,5630874.738,6044147.372,5817510.222,6073527.802,5528117.117,4829459.128,5595903.639
Ukraine, World,Import,  All Products,Import (US$ Thousand),,,,,,,,,17602879.49,17124859.9,14675974.14,11846114.3,13956027.19,15775092.66,16975884.13,23020437.66,28996784.33,36121997.44,45021620.6,60600580.94,85448380.85,45412943.89,60737134.59,82607537.26,84656666.98,76986012.5,54381409.09,37516153.22,39249626.35,49439155.77
United Arab Emirates, World,Import,  All Products,Import (US$ Thousand),,,,4284482.56,5188946.944,5506344.96,,,,,,25911556.94,27192313.66,30544757.67,42652100,52074000,72072000,80814015.85,97863600,127001504.7,175485699.2,164251000,187001000,210945000,261022920.2,294966918.3,298611277.4,287024847.5,270882074.4,
United Kingdom, World,Import,  All Products,Import (US$ Thousand),,,,,,195956785.2,223955009.5,261456478.2,282720141.3,305135405.2,311879512.4,315333083.1,374702690.6,358702944.8,372059498.5,425369491,502886191.6,528460952.1,614811651.3,679917917.6,705344160.8,552042034.6,627617523.1,717606233.2,689137011.3,657222527.9,694344323.3,630251057.5,636367936.2,641332435.9
United States, World,Import,  All Products,Import (US$ Thousand),,,,508944023.6,553496477.7,603153563.6,689029906.4,770821455.9,817627136,898025455.6,944350101.5,1059220095,1217932974,1140900159,1200095834,1302833508,1525304217,1734849142,1918997094,2017120776,2164834031,1601895815,1968259901,2263619063,2274461871,2265911268,2410855476,2313424569,2248208943,2407390189
Uruguay, World,Import,  All Products,Import (US$ Thousand),,,,,,,2707172.864,2865744.896,3322374.912,3715532.288,3807613.952,3356244.992,3465809.103,3060842.699,1966843.51,2190369.569,3118631.405,3878882.321,4806055.547,5627662.83,9069360.168,6906724.905,8621757.641,10726377.52,11652107.82,11642380.1,10762296.79,9489416.542,8136629.138,8457876.668
Vanuatu, World,Import,  All Products,Import (US$ Thousand),,,,,,73518.919,83255.464,,,,,,86738.083,,,,,,159110.672,201713.524,,277511.435,276007.294,280646.739,,,,,,
Venezuela, World,Import,  All Products,Import (US$ Thousand),,,,,,,8036687.872,10791265.28,8902211.584,13158796.29,14250360.83,13553948.67,14584193.89,16435588.34,11673375.65,8357731.503,14697160.95,21848134.45,30559000,41911000,47450066.63,38676637.47,32342886.99,48725656.52,59073186.15,44951787.13,,,,
Vietnam, World,Import,  All Products,Import (US$ Thousand),,,,,,,,,,,,,15636528,16217930.6,19745553.64,25255777.88,31968819.73,36761116.34,44891115.73,62764687.71,80713829.09,69948810,84838552.67,106749853.5,113780430.9,132032531.2,147839047.6,165775857.8,174978350.3,
Wallis and Futura Isl., World,Import,  All Products,Import (US$ Thousand),,,,,,,,,,,,,36792.886,32586.898,37984.253,41684.482,52613.665,50778.367,57200.285,,,,,,,,,,,
Yemen, World,Import,  All Products,Import (US$ Thousand),,,,,,,,,,,,,,,,,3987422.348,5399865.157,6080883.262,8510708.299,10546160.17,9184846.734,9255368.349,10033590.11,11259564.18,13272928.41,12041580.99,6572822.909,,
Zambia, World,Import,  All Products,Import (US$ Thousand),,,,,,,,708202.56,798927.009,1000681.995,1099536.256,822126.464,887956.96,1081841.812,1102477.513,1573829.425,2152072.292,2558009.808,3074261.462,4006980.371,5060482.666,3792642.675,5320834.326,7177788.168,8805152.737,10161842.69,9539024.07,8419753.552,,8773916.648
Zimbabwe, World,Import,  All Products,Import (US$ Thousand),,,,,,,,2658853.376,,,,,,1714827.164,2466744.555,,2198550.659,2072259.499,2576556.054,3441651.351,2831813.705,3526779.92,5852266.737,8599250.917,7362538.677,7704177.972,6379758.045,6002231.852,5211576.649,
