"rank","name","density","densityMi","pop2019","area"
1,"Macau","21348.1667","55291.7517","640.4450",30
2,"Monaco","19289.1089","49958.7921","38.9640","2.0200"
3,"Singapore","8175.1225","21173.5674","5804.3370",710
4,"Hong Kong","6735.6467","17445.3251","7436.1540",1104
5,"Gibraltar","5616.8333","14547.5983","33.7010",6
6,"Bahrain","2145.3229","5556.3862","1641.1720",765
7,"Vatican City","1815.9091","4703.2045","0.7990","0.4400"
8,"Maldives","1769.8433","4583.8942","530.9530",300
9,"Malta","1393.5823","3609.3781","440.3720",316
10,"Sint Maarten","1246.7059","3228.9682","42.3880",34
11,"Bermuda","1157.5185","2997.9730","62.5060",54
12,"Bangladesh","1104.8734","2861.6220","163046.1610",147570
13,"Palestine","800.8714","2074.2569","4981.4200",6220
14,"Saint Martin","717.0189","1857.0789","38.0020",53
15,"Mayotte","711.6310","1843.1243","266.1500",374
16,"Barbados","667.5000","1728.8250","287.0250",430
17,"Taiwan","656.8639","1701.2776","23773.8760",36193
18,"Lebanon","655.9236","1698.8420","6855.7130",10452
19,"Mauritius","622.3863","1611.9805","1269.6680",2040
20,"Aruba","590.6333","1529.7403","106.3140",180
21,"San Marino","555.0820","1437.6623","33.8600",61
22,"Nauru","512.1905","1326.5733","10.7560",21
23,"South Korea","511.1796","1323.9552","51225.3080",100210
24,"Rwanda","479.4195","1241.6964","12626.9500",26338
25,"Saint Barth√©lemy","468.9048","1214.4633","9.8470",21
26,"Comoros","456.9742","1183.5632","850.8860",1862
27,"Tuvalu","447.9231","1160.1208","11.6460",26
28,"India","415.6290","1076.4791","1366417.7540",3287590
29,"Burundi","414.2624","1072.9396","11530.5800",27834
30,"Israel","410.1770","1062.3585","8519.3770",20770
31,"Netherlands","408.5336","1058.1020","17097.1300",41850
32,"Haiti","405.8766","1051.2205","11263.0770",27750
33,"Belgium","377.9916","978.9983","11539.3280",30528
34,"Curacao","368.0721","953.3067","163.4240",444
35,"Reunion","354.0131","916.8940","888.9270",2511
36,"Japan","335.6714","869.3890","126860.3010",377930
37,"Martinique","332.9379","862.3093","375.5540",1128
38,"Puerto Rico","330.7112","856.5419","2933.4080",8870
39,"Grenada","325.5901","843.2784","112.0030",344
40,"Sri Lanka","325.0074","841.7691","21323.7330",65610
41,"Marshall Islands","324.8122","841.2635","58.7910",181
42,"Philippines","315.8045","817.9336","108116.6150",342353
43,"El Salvador","306.7132","794.3873","6453.5530",21041
44,"Guam","304.7250","789.2376","167.2940",549
45,"United States Virgin Islands","301.3775","780.5678","104.5780",347
46,"Saint Lucia","296.7370","768.5489","182.7900",616
47,"Vietnam","291.2398","754.3110","96462.1060",331212
48,"Saint Vincent and the Grenadines","284.2905","736.3124","110.5890",389
49,"United Kingdom","278.0164","720.0624","67530.1720",242900
50,"American Samoa","277.9497","719.8898","55.3120",199
51,"Trinidad and Tobago","271.9246","704.2846","1394.9730",5130
52,"Jamaica","268.2448","694.7541","2948.2790",10991
53,"Cayman Islands","246.0152","637.1792","64.9480",264
54,"Guadeloupe","245.7346","636.4527","400.0560",1628
55,"Pakistan","245.5634","636.0092","216565.3180",881912
56,"Qatar","244.4387","633.0963","2832.0670",11586
57,"Luxembourg","238.1009","616.6814","615.7290",2586
58,"Liechtenstein","237.6188","615.4326","38.0190",160
59,"Kuwait","236.1142","611.5358","4207.0830",17818
60,"Germany","233.8666","605.7146","83517.0450",357114
61,"Sao Tome and Principe","223.0871","577.7957","215.0560",964
62,"Dominican Republic","220.6439","571.4676","10738.9580",48671
63,"Antigua and Barbuda","219.7240","569.0851","97.1180",442
64,"Gambia","219.6376","568.8613","2347.7060",10689
65,"Nigeria","217.5477","563.4485","200963.5990",923768
66,"Seychelles","216.2367","560.0531","97.7390",452
67,"North Korea","212.9300","551.4888","25666.1610",120538
68,"Switzerland","208.1040","538.9893","8591.3650",41284
69,"Saint Kitts and Nevis","202.3870","524.1823","52.8230",261
70,"Italy","200.9387","520.4313","60550.0750",301336
71,"British Virgin Islands","198.8742","515.0841","30.0300",151
72,"Nepal","194.3777","503.4383","28608.7100",147181
73,"Uganda","183.2730","474.6771","44269.5940",241550
74,"Andorra","164.8333","426.9183","77.1420",468
75,"Anguilla","163.3956","423.1946","14.8690",91
76,"Micronesia","162.1296","419.9157","113.8150",702
77,"Guatemala","161.4623","418.1874","17581.4720",108889
78,"Malawi","157.2258","407.2149","18628.7470",118484
79,"Isle of Man","147.8741","382.9940","84.5840",572
80,"China","147.7068","382.5605","1433783.6860",9706961
81,"Kiribati","145.0136","375.5851","117.6060",811
82,"Togo","142.3328","368.6419","8082.3660",56785
83,"Indonesia","142.0928","368.0204","270625.5680",1904569
84,"Tonga","139.8849","362.3018","104.4940",747
85,"Cape Verde","136.3588","353.1693","549.9350",4033
86,"Thailand","135.6906","351.4388","69625.5820",513120
87,"Czech Republic","135.5381","351.0436","10689.2090",78865
88,"Denmark","133.9369","346.8965","5771.8760",43094
89,"Cyprus","129.5617","335.5647","1198.5750",9251
90,"Ghana","127.5205","330.2782","30417.8560",238533
91,"Northern Mariana Islands","123.3103","319.3738","57.2160",464
92,"Poland","121.1715","313.8341","37887.7680",312679
93,"Moldova","119.4606","309.4029","4043.2630",33846
94,"France","118.0539","305.7595","65129.7280",551695
95,"United Arab Emirates","116.8724","302.6994","9770.5290",83600
96,"Azerbaijan","116.0245","300.5033","10047.7180",86600
97,"Jordan","113.0677","292.8453","10101.6940",89342
98,"Tokelau","111.6667","289.2167","1.3400",12
99,"Slovakia","111.2836","288.2245","5457.0130",49037
100,"Portugal","111.0456","287.6080","10226.1870",92090
101,"Sierra Leone","108.9102","282.0773","7813.2150",71740
102,"Austria","106.7723","276.5403","8955.1020",83871
103,"Turkey","106.4748","275.7698","83429.6150",783562
104,"Benin","104.7855","271.3944","11801.1510",112622
105,"Hungary","104.1050","269.6319","9684.6790",93028
106,"Cuba","103.1404","267.1337","11333.4830",109884
107,"Slovenia","102.5331","265.5608","2078.6540",20273
108,"Ethiopia","101.4930","262.8669","112078.7300",1104300
109,"Albania","100.2128","259.5511","2880.9170",28748
110,"Egypt","100.1427","259.3697","100388.0730",1002450
111,"Armenia","99.4429","257.5572","2957.7310",29743
112,"Serbia","99.2772","257.1280","8772.2350",88361
113,"Costa Rica","98.7781","255.8353","5047.5610",51100
114,"Malaysia","96.5825","250.1486","31949.7770",330803
115,"Dominica","95.6165","247.6468","71.8080",751
116,"Spain","92.3666","239.2296","46736.7760",505992
117,"Syria","92.1813","238.7496","17070.1350",185180
118,"Cambodia","91.0683","235.8668","16486.5420",181035
119,"Kenya","90.5875","234.6215","52573.9730",580367
120,"Iraq","89.6835","232.2801","39309.7830",438317
121,"Timor-Leste","86.9382","225.1700","1293.1190",14874
122,"Honduras","86.6383","224.3932","9746.1170",112492
123,"Senegal","82.8396","214.5545","16296.3640",196722
124,"Morocco","81.6745","211.5371","36471.7690",446550
125,"Romania","81.2302","210.3863","19364.5570",238391
126,"Macedonia","81.0275","209.8611","2083.4590",25713
127,"Wallis and Futuna","80.5070","208.5132","11.4320",142
128,"Myanmar","79.8805","206.8906","54045.4200",676578
129,"Ivory Coast","79.7504","206.5535","25716.5440",322463
130,"Greece","79.3504","205.5175","10473.4550",131990
131,"Brunei","75.1578","194.6588","433.2850",5765
132,"Burkina Faso","74.4463","192.8159","20321.3780",272967
133,"Cook Islands","74.3559","192.5819","17.5480",236
134,"Uzbekistan","73.7186","190.9313","32981.7160",447400
135,"Croatia","72.9813","189.0216","4130.3040",56594
136,"Ukraine","72.8975","188.8045","43993.6380",603500
137,"Tunisia","71.4792","185.1312","11694.7190",163610
138,"Lesotho","70.0138","181.3357","2125.2680",30355
139,"Ireland","69.4790","179.9505","4882.4950",70273
140,"Samoa","69.3515","179.6204","197.0970",2842
141,"French Polynesia","67.0235","173.5909","279.2870",4167
142,"Swaziland","66.1213","171.2541","1148.1300",17364
143,"Tajikistan","65.1364","168.7033","9321.0180",143100
144,"Mexico","64.9446","168.2065","127575.5290",1964375
145,"Bosnia and Herzegovina","64.4613","166.9548",3301,51209
146,"Bulgaria","63.1330","163.5144","7000.1190",110879
147,"Ecuador","62.7568","162.5402","17373.6620",276841
148,"Tanzania","61.3758","158.9633","58005.4630",945087
149,"Afghanistan","58.3257","151.0635","38041.7540",652230
150,"Georgia","57.3424","148.5168","3996.7650",69700
151,"Panama","56.3061","145.8329","4246.4390",75417
152,"Yemen","55.2343","143.0567","29161.9220",527968
153,"Cameroon","54.4259","140.9632","25876.3800",475442
154,"Guinea-Bissau","53.1743","137.7215","1920.9220",36125
155,"Guinea","51.9458","134.5397","12771.2460",245857
156,"Iran","50.3059","130.2922","82913.9060",1648195
157,"Nicaragua","50.2060","130.0334","6545.5020",130373
158,"Montserrat","48.9118","126.6815","4.9890",102
159,"Fiji","48.7058","126.1481","889.9530",18272
160,"Equatorial Guinea","48.3400","125.2007","1355.9860",28051
161,"South Africa","47.9578","124.2107","58558.2700",1221037
162,"Madagascar","45.9411","118.9874","26969.3070",587041
163,"Belarus","45.5318","117.9275","9452.4110",207600
164,"Montenegro","45.4668","117.7589","627.9870",13812
165,"Liberia","44.3335","114.8237","4937.3740",111369
166,"Colombia","44.0898","114.1926","50339.4430",1141748
167,"Lithuania","42.2608","109.4553","2759.6270",65300
168,"Djibouti","41.9638","108.6862","973.5600",23200
169,"Turks and Caicos Islands","40.2859","104.3404","38.1910",948
170,"Palau","39.2331","101.6138","18.0080",459
171,"Mozambique","37.8823","98.1150","30366.0360",801590
172,"Zimbabwe","37.4797","97.0725","14645.4680",390757
173,"DR Congo","37.0131","95.8640","86790.5670",2344858
174,"United States","35.1092","90.9328","329064.9170",9372610
175,"Faroe Islands","34.9447","90.5068","48.6780",1393
176,"Kyrgyzstan","32.0871","83.1056","6415.8500",199951
177,"Venezuela","31.1157","80.5897","28515.8290",916445
178,"Laos","30.2764","78.4159","7169.4550",236800
179,"Eritrea","29.7374","77.0198","3497.1170",117600
180,"Latvia","29.5349","76.4954","1906.7430",64559
181,"Estonia","29.3110","75.9155","1325.6480",45227
182,"Bahamas","27.9339","72.3487","389.4820",13943
183,"Angola","25.5276","66.1166","31825.2950",1246700
184,"Peru","25.2957","65.5159","32510.4530",1285216
185,"Chile","25.0655","64.9195","18952.0380",756102
186,"Brazil","24.7834","64.1890","211049.5270",8515767
187,"Vanuatu","24.6027","63.7209","299.8820",12189
188,"Somalia","24.2182","62.7251","15442.9050",637657
189,"Saint Pierre and Miquelon","24.0579","62.3098","5.8220",242
190,"Zambia","23.7321","61.4660","17861.0300",752612
191,"Solomon Islands","23.1805","60.0374","669.8230",28896
192,"Sudan","22.6997","58.7923","42813.2380",1886068
193,"Sweden","22.2885","57.7271","10036.3790",450295
194,"Bhutan","19.8753","51.4770","763.0920",38394
195,"Uruguay","19.1220","49.5260","3461.7340",181034
196,"Papua New Guinea","18.9614","49.1101","8776.1090",462840
197,"Niger","18.3984","47.6517","23310.7150",1267000
198,"Algeria","18.0763","46.8176","43053.0540",2381741
199,"South Sudan","17.8495","46.2301","11062.1130",619745
200,"New Zealand","17.6845","45.8028","4783.0630",270467
201,"Paraguay","17.3192","44.8568","7044.6360",406752
202,"Belize","16.9970","44.0222","390.3530",22966
203,"Norway","16.6116","43.0239","5378.8570",323802
204,"Finland","16.3468","42.3383","5532.1560",338424
205,"Argentina","16.1058","41.7141","44780.6770",2780400
206,"Oman","16.0743","41.6324","4974.9860",309500
207,"Saudi Arabia","15.9411","41.2876","34268.5280",2149690
208,"Mali","15.8508","41.0536","19658.0310",1240192
209,"Republic of the Congo","15.7325","40.7471","5380.5080",342000
210,"New Caledonia","15.2221","39.4252","282.7500",18575
211,"Chad","12.4197","32.1670","15946.8760",1284000
212,"Turkmenistan","12.1739","31.5304","5942.0890",488100
213,"Bolivia","10.4800","27.1431","11513.1000",1098581
214,"Russia","8.5314","22.0964","145872.2560",17098242
215,"Gabon","8.1167","21.0222","2172.5790",267668
216,"Central African Republic","7.6169","19.7277","4745.1850",622984
217,"Kazakhstan","6.8081","17.6330","18551.4270",2724900
218,"Niue","6.2115","16.0879","1.6150",260
219,"Mauritania","4.3909","11.3724","4525.6960",1030700
220,"Botswana","3.9582","10.2518","2303.6970",582000
221,"Libya","3.8518","9.9762","6777.4520",1759540
222,"Canada","3.7468","9.7043","37411.0470",9984670
223,"Guyana","3.6413","9.4310","782.7660",214969
224,"Suriname","3.5488","9.1915","581.3720",163820
225,"French Guiana","3.4816","9.0173","290.8320",83534
226,"Iceland","3.2916","8.5251","339.0310",103000
227,"Australia","3.2765","8.4862","25203.1980",7692024
228,"Namibia","3.0214","7.8255","2494.5300",825615
229,"Western Sahara","2.1897","5.6714","582.4630",266000
230,"Mongolia","2.0620","5.3405","3225.1670",1564110
231,"Falkland Islands","0.2774","0.7185","3.3770",12173
232,"Greenland","0.0262","0.0678","56.6720",2166086