Variable Name;.;.;.;PPP conversion factor, LCU per EUR | individuals | Exchange rates | All Ages | local currency per foreign currency;Market exchange rate, LCU per EUR | individuals | Exchange rates | All Ages | local currency per foreign currency;PPP conversion factor, LCU per USD | individuals | Exchange rates | All Ages | local currency per foreign currency;Market exchange rate, LCU per USD | individuals | Exchange rates | All Ages | local currency per foreign currency;PPP conversion factor, LCU per CNY | individuals | Exchange rates | All Ages | local currency per foreign currency;Market exchange rate, LCU per CNY | individuals | Exchange rates | All Ages | local currency per foreign currency
Variable Category;.;.;.;Other macro;Other macro;Other macro;Other macro;Other macro;Other macro
Variable Description;.;.;.;PPP conversion factor of curent local currency to current PPP EUR.;Official exchange rate of the local currency to EUR.;PPP conversion factor of current local currency to current USD.;Official exchange rate of the local currency to USD.;PPP conversion factor of current local currency to current PPP CNY.;Official exchange rate of the local currency to CNY.
Variable Decomposition;.;.;.;;;;;;
Variable Unit;.;.;.;local currency per foreign currency;local currency per foreign currency;local currency per foreign currency;local currency per foreign currency;local currency per foreign currency;local currency per foreign currency
Methodological Notes;.;.;.;;;;;;
Sources;.;.;.;;;;;;
Variable Code;country;year;perc;xlceup999i;xlceux999i;xlcusp999i;xlcusx999i;xlcyup999i;xlcyux999i
;XL;2018;p0p100;1.0;1.6428334;0.75421751;1.3401853;0.23799415;0.20995906
;XL;2016;p0p100;;;;;;
;XL;2015;p0p100;;;;;;
;XL;2014;p0p100;;;;;;
;XL;2013;p0p100;;;;;;
;XL;2012;p0p100;;;;;;
;XL;2011;p0p100;;;;;;
;XL;2010;p0p100;;;;;;
;XL;2009;p0p100;;;;;;
;XL;2008;p0p100;;;;;;
;XL;2007;p0p100;;;;;;
;XL;2006;p0p100;;;;;;
;XL;2005;p0p100;;;;;;
;XL;2004;p0p100;;;;;;
;XL;2003;p0p100;;;;;;
;XL;2002;p0p100;;;;;;
;XL;2001;p0p100;;;;;;
;XL;2000;p0p100;;;;;;
;XL;1999;p0p100;;;;;;
;XL;1998;p0p100;;;;;;
;XL;1997;p0p100;;;;;;
;XL;1996;p0p100;;;;;;
;XL;1995;p0p100;;;;;;
;XL;1994;p0p100;;;;;;
;XL;1993;p0p100;;;;;;
;XL;1992;p0p100;;;;;;
;XL;1991;p0p100;;;;;;
;XL;1990;p0p100;;;;;;
;XL;1989;p0p100;;;;;;
;XL;1988;p0p100;;;;;;
