Variable Name;.;.;.;Fiscal income  | tax unit | Average | Adults | constant 2015 local currency;Fiscal income  | tax unit | Total | Adults | constant 2015 local currency;Fiscal income  | tax unit | Share | Adults | share of total (ratio);Pre-tax national income  | tax unit | Share | Adults | share of total (ratio)
Variable Category;.;.;.;Income inequality;Income inequality;Income inequality;Income inequality
Variable Description;.;.;.;Average Fiscal income within a given percentile group. Fiscal income is defined as the sum of all income items reported on income tax returns, before any deduction. It includes labour income, capital income and mixed income. The concept of fiscal income varies with national tax legislations, so in order to make international comparisons it is preferable to use the concept of national income. The population is comprised of individuals over age 20. The base unit is the tax unit defined by national fiscal administrations to measure personal income taxes.;Total Fiscal income  within a given percentile group. Fiscal income is defined as the sum of all income items reported on income tax returns, before any deduction. It includes labour income, capital income and mixed income. The concept of fiscal income varies with national tax legislations, so in order to make international comparisons it is preferable to use the concept of national income. The population is comprised of individuals over age 20.;Fiscal income share held by a given percentile group. Fiscal income is defined as the sum of all income items reported on income tax returns, before any deduction. It includes labour income, capital income and mixed income. The concept of fiscal income varies with national tax legislations, so in order to make international comparisons it is preferable to use the concept of national income. The population is comprised of individuals over age 20. The base unit is the tax unit defined by national fiscal administrations to measure personal income taxes.;Pre-tax national income share held by a given percentile group. Pre-tax national income  is the sum of all pre-tax personal income flows accruing to the owners of the production factors, labor and capital, before taking into account the operation of the tax/transfer system, but after taking into account the operation of pension system. The central difference between personal factor income and pre-tax income is the treatment of pensions, which are counted on a contribution basis by factor income and on a distribution basis by pre-tax income. The population is comprised of individuals over age 20. The base unit is the tax unit defined by national fiscal administrations to measure personal income taxes.
Variable Decomposition;.;.;.;[Fiscal income ]=[Fiscal labour income ]+[Fiscal capital income ];[Fiscal income ]=[Fiscal labour income ]+[Fiscal capital income ];[Fiscal income ]=[Fiscal labour income ]+[Fiscal capital income ];Pre-tax national income =Pre-tax labor income [total pre-tax income ranking]+Pre-tax capital income [total pre-tax income ranking]
Variable Unit;.;.;.;"USD; United States dollar | local currency | market";"USD; United States dollar | local currency | market";share;share
Methodological Notes;.;.;.;;;;Assuming the same distribution as fiscal income.
Sources;.;.;.;Frank, Sommeiller, Price & Saez (2015);Frank, Sommeiller, Price & Saez (2015);Frank, Sommeiller, Price & Saez (2015);WID.world computations using: Frank, Sommeiller, Price & Saez (2015)
Variable Code;country;year;perc;afiinc992t;mfiinc992t;sfiinc992t;sptinc992t
;US-WA;2015;p0p100;74117.797;2.69496963034e+11;1.0;1.0
;US-WA;2015;p99p100;1529912.9;;0.20640001;0.20640001
;US-WA;2015;p99.9p100;7656425.0;;0.1033;0.1033
;US-WA;2015;p99.99p100;36677912.0;;0.0495;0.0495
;US-WA;2015;p90p100;359793.91;;0.48539999;0.48539999
;US-WA;2015;p90p95;171656.09;;0.1158;0.1158
;US-WA;2015;p95p99;302219.69;;0.1631;0.1631
;US-WA;2015;p99.5p99.9;1149406.5;;0.061999999;0.061999999
;US-WA;2015;p99.9p99.99;4420392.5;;0.0537;0.0537
;US-WA;2015;p99p99.5;608829.5;;0.041099999;0.041099999
;US-WA;2015;p95p100;547882.88;;0.3696;0.3696
;US-WA;2015;p0p90;42398.102;;0.51480001;0.51480001
;US-WA;2015;p0p99;59412.801;;0.79360002;0.79360002
;US-WA;2015;p99.5p100;2450774.0;;0.1653;0.1653
;US-WA;2014;p0p100;70077.0;2.5420071509e+11;1.0;1.0
;US-WA;2014;p99p100;1381906.9;;0.19769999;0.19769999
;US-WA;2014;p99.9p100;6887424.5;;0.098499998;0.098499998
;US-WA;2014;p99.99p100;34094156.0;;0.048799999;0.048799999
;US-WA;2014;p90p100;329671.0;;0.4716;0.4716
;US-WA;2014;p90p95;158815.2;;0.1136;0.1136
;US-WA;2014;p95p99;280213.59;;0.1603;0.1603
;US-WA;2014;p99.5p99.9;1037170.6;;0.059300002;0.059300002
;US-WA;2014;p99.9p99.99;3856378.0;;0.049600001;0.049600001
;US-WA;2014;p99p99.5;556200.0;;0.039799999;0.039799999
;US-WA;2014;p95p100;500528.41;;0.35800001;0.35800001
;US-WA;2014;p0p90;41057.602;;0.52859998;0.52859998
;US-WA;2014;p0p99;56658.5;;0.80229998;0.80229998
;US-WA;2014;p99.5p100;2207607.8;;0.15790001;0.15790001
;US-WA;2013;p0p100;68110.703;2.39503283824e+11;1.0;1.0
;US-WA;2013;p99p100;1156634.5;;0.1758;0.1758
;US-WA;2013;p99.9p100;5346857.5;;0.081299998;0.081299998
;US-WA;2013;p99.99p100;25162548.0;;0.038199998;0.038199998
;US-WA;2013;p90p100;296137.41;;0.4501;0.4501
;US-WA;2013;p90p95;150184.0;;0.1141;0.1141
;US-WA;2013;p95p99;263354.41;;0.1601;0.1601
;US-WA;2013;p99.5p99.9;924525.88;;0.056200001;0.056200001
;US-WA;2013;p99.9p99.99;3145561.0;;0.043000001;0.043000001
;US-WA;2013;p99p99.5;504393.69;;0.0383;0.0383
;US-WA;2013;p95p100;442054.41;;0.33590001;0.33590001
;US-WA;2013;p0p90;40207.199;;0.55000001;0.55000001
;US-WA;2013;p0p99;54778.699;;0.82419997;0.82419997
;US-WA;2013;p99.5p100;1809012.0;;0.1375;0.1375
;US-WA;2012;p0p100;71966.0;2.40452763749e+11;1.0;1.0
;US-WA;2012;p99p100;1392837.8;;0.20630001;0.20630001
;US-WA;2012;p99.9p100;7208643.5;;0.1067;0.1067
;US-WA;2012;p99.99p100;36468884.0;;0.054000001;0.054000001
;US-WA;2012;p90p100;323121.09;;0.47850001;0.47850001
;US-WA;2012;p90p95;157875.3;;0.1169;0.1169
;US-WA;2012;p95p99;262045.7;;0.1552;0.1552
;US-WA;2012;p99.5p99.9;1029383.1;;0.061000001;0.061000001
;US-WA;2012;p99.9p99.99;3950243.0;;0.0526;0.0526
;US-WA;2012;p99p99.5;520380.59;;0.0385;0.0385
;US-WA;2012;p95p100;488170.31;;0.36149999;0.36149999
;US-WA;2012;p0p90;39146.398;;0.52170002;0.52170002
;US-WA;2012;p0p99;54141.898;;0.79369998;0.79369998
;US-WA;2012;p99.5p100;2265304.0;;0.16769999;0.16769999
;US-WA;2011;p0p100;68879.102;2.16623748766e+11;1.0;1.0
;US-WA;2011;p99p100;1085419.6;;0.175;0.175
;US-WA;2011;p99.9p100;5104645.5;;0.0823;0.0823
;US-WA;2011;p99.99p100;24102060.0;;0.038899999;0.038899999
;US-WA;2011;p90p100;285216.19;;0.45969999;0.45969999
;US-WA;2011;p90p95;154591.3;;0.1246;0.1246
;US-WA;2011;p95p99;248084.2;;0.16;0.16
;US-WA;2011;p99.5p99.9;860753.63;;0.055500001;0.055500001
;US-WA;2011;p99.9p99.99;2992365.0;;0.043400001;0.043400001
;US-WA;2011;p99p99.5;461402.81;;0.0372;0.0372
;US-WA;2011;p95p100;415517.69;;0.33489999;0.33489999
;US-WA;2011;p0p90;37257.398;;0.54049999;0.54049999
;US-WA;2011;p0p99;51700.801;;0.82499999;0.82499999
;US-WA;2011;p99.5p100;1709512.6;;0.13779999;0.13779999
;US-WA;2010;p0p100;73636.0;2.13064041443e+11;1.0;1.0
;US-WA;2010;p99p100;1047034.2;;0.168;0.168
;US-WA;2010;p99.9p100;4800471.0;;0.077;0.077
;US-WA;2010;p99.99p100;22512124.0;;0.0361;0.0361
;US-WA;2010;p90p100;278351.41;;0.44659999;0.44659999
;US-WA;2010;p90p95;152493.59;;0.1223;0.1223
;US-WA;2010;p95p99;242904.8;;0.1559;0.1559
;US-WA;2010;p99.5p99.9;846753.63;;0.054299999;0.054299999
;US-WA;2010;p99.9p99.99;2831489.8;;0.040899999;0.040899999
;US-WA;2010;p99p99.5;456410.59;;0.036600001;0.036600001
;US-WA;2010;p95p100;403688.31;;0.32390001;0.32390001
;US-WA;2010;p0p90;38351.398;;0.55379999;0.55379999
;US-WA;2010;p0p99;52379.199;;0.83200002;0.83200002
;US-WA;2010;p99.5p100;1638158.6;;0.1314;0.1314
;US-WA;2009;p0p100;75909.0;2.08616382598e+11;1.0;1.0
;US-WA;2009;p99p100;963959.88;;0.155;0.155
;US-WA;2009;p99.9p100;4070738.5;;0.065499999;0.065499999
;US-WA;2009;p99.99p100;17627260.0;;0.0283;0.0283
;US-WA;2009;p90p100;268090.31;;0.43110001;0.43110001
;US-WA;2009;p90p95;151696.2;;0.122;0.122
;US-WA;2009;p95p99;238786.2;;0.15360001;0.15360001
;US-WA;2009;p99.5p99.9;806602.0;;0.051899999;0.051899999
;US-WA;2009;p99.9p99.99;2523278.8;;0.036499999;0.036499999
;US-WA;2009;p99p99.5;453904.31;;0.036499999;0.036499999
;US-WA;2009;p95p100;384048.5;;0.30880001;0.30880001
;US-WA;2009;p0p90;39474.102;;0.57120001;0.57120001
;US-WA;2009;p0p99;53083.801;;0.84500003;0.84500003
;US-WA;2009;p99.5p100;1469657.3;;0.1182;0.1182
;US-WA;2008;p0p100;85831.102;2.3488626998e+11;1.0;1.0
;US-WA;2008;p99p100;1268725.3;;0.17910001;0.17910001
;US-WA;2008;p99.9p100;5966087.5;;0.084200002;0.084200002
;US-WA;2008;p99.99p100;27350122.0;;0.038600001;0.038600001
;US-WA;2008;p90p100;309008.81;;0.43630001;0.43630001
;US-WA;2008;p90p95;157967.8;;0.1115;0.1115
;US-WA;2008;p95p99;256219.0;;0.14470001;0.14470001
;US-WA;2008;p99.5p99.9;1007636.3;;0.056899998;0.056899998
;US-WA;2008;p99.9p99.99;3555322.8;;0.045200001;0.045200001
;US-WA;2008;p99p99.5;521636.19;;0.036800001;0.036800001
;US-WA;2008;p95p100;459547.19;;0.32440001;0.32440001
;US-WA;2008;p0p90;44560.199;;0.56620002;0.56620002
;US-WA;2008;p0p99;58724.898;;0.82090002;0.82090002
;US-WA;2008;p99.5p100;2010143.0;;0.1419;0.1419
;US-WA;2007;p0p100;100050.8;2.48685677548e+11;1.0;1.0
;US-WA;2007;p99p100;1672301.8;;0.2184;0.2184
;US-WA;2007;p99.9p100;8460216.0;;0.1105;0.1105
;US-WA;2007;p99.99p100;40297464.0;;0.0526;0.0526
;US-WA;2007;p90p100;363363.69;;0.47459999;0.47459999
;US-WA;2007;p90p95;163934.5;;0.1071;0.1071
;US-WA;2007;p95p99;284283.09;;0.1485;0.1485
;US-WA;2007;p99.5p99.9;1278168.6;;0.066799998;0.066799998
;US-WA;2007;p99.9p99.99;4905902.5;;0.057700001;0.057700001
;US-WA;2007;p99p99.5;617778.63;;0.0403;0.0403
;US-WA;2007;p95p100;562653.19;;0.36739999;0.36739999
;US-WA;2007;p0p90;44834.898;;0.52700001;0.52700001
;US-WA;2007;p0p99;60447.5;;0.7816;0.7816
;US-WA;2007;p99.5p100;2722261.8;;0.1778;0.1778
;US-WA;2006;p0p100;100031.0;2.2963828316e+11;1.0;1.0
;US-WA;2006;p99p100;1500132.8;;0.20720001;0.20720001
;US-WA;2006;p99.9p100;7273335.0;;0.1005;0.1005
;US-WA;2006;p99.99p100;32725472.0;;0.045200001;0.045200001
;US-WA;2006;p90p100;338716.41;;0.46790001;0.46790001
;US-WA;2006;p90p95;160040.7;;0.1105;0.1105
;US-WA;2006;p95p99;270384.69;;0.1494;0.1494
;US-WA;2006;p99.5p99.9;1188955.8;;0.065700002;0.065700002
;US-WA;2006;p99.9p99.99;4437993.5;;0.055199999;0.055199999
;US-WA;2006;p99p99.5;582170.13;;0.040199999;0.040199999
;US-WA;2006;p95p100;517034.81;;0.35710001;0.35710001
;US-WA;2006;p0p90;42927.5;;0.53369999;0.53369999
;US-WA;2006;p0p99;57963.898;;0.79280001;0.79280001
;US-WA;2006;p99.5p100;2413347.0;;0.16670001;0.16670001
;US-WA;2005;p0p100;103094.3;2.16118784218e+11;1.0;1.0
;US-WA;2005;p99p100;1371449.1;;0.1961;0.1961
;US-WA;2005;p99.9p100;6573559.5;;0.093999997;0.093999997
;US-WA;2005;p99.99p100;29350112.0;;0.041999999;0.041999999
;US-WA;2005;p90p100;316854.09;;0.45300001;0.45300001
;US-WA;2005;p90p95;153357.8;;0.1096;0.1096
;US-WA;2005;p95p99;256403.7;;0.14659999;0.14659999
;US-WA;2005;p99.5p99.9;1091825.6;;0.062399998;0.062399998
;US-WA;2005;p99.9p99.99;4037257.0;;0.052000001;0.052000001
;US-WA;2005;p99p99.5;544835.38;;0.038899999;0.038899999
;US-WA;2005;p95p100;479796.69;;0.34299999;0.34299999
;US-WA;2005;p0p90;42618.602;;0.54839998;0.54839998
;US-WA;2005;p0p99;56794.301;;0.8039;0.8039
;US-WA;2005;p99.5p100;2194455.5;;0.1569;0.1569
;US-WA;2004;p0p100;105984.6;2.0626524541e+11;1.0;1.0
;US-WA;2004;p99p100;1212408.1;;0.18009999;0.18009999
;US-WA;2004;p99.9p100;5655426.5;;0.083999999;0.083999999
;US-WA;2004;p99.99p100;25255942.0;;0.037500001;0.037500001
;US-WA;2004;p90p100;292947.59;;0.43520001;0.43520001
;US-WA;2004;p90p95;148365.59;;0.1102;0.1102
;US-WA;2004;p95p99;243234.3;;0.1445;0.1445
;US-WA;2004;p99.5p99.9;978020.88;;0.0581;0.0581
;US-WA;2004;p99.9p99.99;3470850.5;;0.046399999;0.046399999
;US-WA;2004;p99p99.5;506348.91;;0.037599999;0.037599999
;US-WA;2004;p95p100;437170.31;;0.3247;0.3247
;US-WA;2004;p0p90;42302.0;;0.56559998;0.56559998
;US-WA;2004;p0p99;55746.0;;0.81989998;0.81989998
;US-WA;2004;p99.5p100;1916868.6;;0.1424;0.1424
;US-WA;2003;p0p100;104765.3;1.88926086145e+11;1.0;1.0
;US-WA;2003;p99p100;1058303.1;;0.16779999;0.16779999
;US-WA;2003;p99.9p100;4765416.0;;0.075499997;0.075499997
;US-WA;2003;p99.99p100;21221686.0;;0.033599999;0.033599999
;US-WA;2003;p90p100;270130.59;;0.42820001;0.42820001
;US-WA;2003;p90p95;151738.2;;0.1203;0.1203
;US-WA;2003;p95p99;220808.09;;0.14;0.14
;US-WA;2003;p99.5p99.9;874640.38;;0.055500001;0.055500001
;US-WA;2003;p99.9p99.99;2937961.5;;0.041900001;0.041900001
;US-WA;2003;p99p99.5;464276.09;;0.036800001;0.036800001
;US-WA;2003;p95p100;388171.19;;0.30770001;0.30770001
;US-WA;2003;p0p90;40085.301;;0.57190001;0.57190001
;US-WA;2003;p0p99;53029.602;;0.83219999;0.83219999
;US-WA;2003;p99.5p100;1652470.1;;0.131;0.131
;US-WA;2002;p0p100;108559.4;1.86762241093e+11;1.0;1.0
;US-WA;2002;p99p100;1025637.3;;0.164;0.164
;US-WA;2002;p99.9p100;4589220.5;;0.073399998;0.073399998
;US-WA;2002;p99.99p100;20191386.0;;0.032299999;0.032299999
;US-WA;2002;p90p100;264870.19;;0.4235;0.4235
;US-WA;2002;p90p95;153727.8;;0.1229;0.1229
;US-WA;2002;p95p99;213409.7;;0.1365;0.1365
;US-WA;2002;p99.5p99.9;854261.19;;0.0546;0.0546
;US-WA;2002;p99.9p99.99;2861757.0;;0.041200001;0.041200001
;US-WA;2002;p99p99.5;453166.81;;0.036200002;0.036200002
;US-WA;2002;p95p100;375668.31;;0.3003;0.3003
;US-WA;2002;p0p90;40046.602;;0.57630002;0.57630002
;US-WA;2002;p0p99;52814.102;;0.83600003;0.83600003
;US-WA;2002;p99.5p100;1599019.0;;0.1278;0.1278
;US-WA;2001;p0p100;117991.9;1.92284234916e+11;1.0;1.0
;US-WA;2001;p99p100;1150091.4;;0.17470001;0.17470001
;US-WA;2001;p99.9p100;5376775.5;;0.081699997;0.081699997
;US-WA;2001;p99.99p100;23665744.0;;0.0359;0.0359
;US-WA;2001;p90p100;283691.09;;0.43090001;0.43090001
;US-WA;2001;p90p95;148879.0;;0.1131;0.1131
;US-WA;2001;p95p99;235493.8;;0.14309999;0.14309999
;US-WA;2001;p99.5p99.9;936368.5;;0.056899998;0.056899998
;US-WA;2001;p99.9p99.99;3345147.5;;0.045699999;0.045699999
;US-WA;2001;p99p99.5;475855.31;;0.0361;0.0361
;US-WA;2001;p95p100;418389.19;;0.31779999;0.31779999
;US-WA;2001;p0p90;41629.801;;0.56910002;0.56910002
;US-WA;2001;p0p99;54880.301;;0.82529998;0.82529998
;US-WA;2001;p99.5p100;1824120.3;;0.13850001;0.13850001
;US-WA;2000;p0p100;137896.8;2.06700862421e+11;1.0;1.0
;US-WA;2000;p99p100;1769629.4;;0.2431;0.2431
;US-WA;2000;p99.9p100;9718473.0;;0.13349999;0.13349999
;US-WA;2000;p99.99p100;48525104.0;;0.066699997;0.066699997
;US-WA;2000;p90p100;359074.0;;0.49329999;0.49329999
;US-WA;2000;p90p95;154760.8;;0.1063;0.1063
;US-WA;2000;p95p99;263567.19;;0.14480001;0.14480001
;US-WA;2000;p99.5p99.9;1277976.3;;0.070200004;0.070200004
;US-WA;2000;p99.9p99.99;5383410.5;;0.066600002;0.066600002
;US-WA;2000;p99p99.5;583994.81;;0.040100001;0.040100001
;US-WA;2000;p95p100;563914.88;;0.38730001;0.38730001
;US-WA;2000;p0p90;40870.398;;0.50529999;0.50529999
;US-WA;2000;p0p99;55653.801;;0.75690001;0.75690001
;US-WA;2000;p99.5p100;2958049.5;;0.2032;0.2032
;US-WA;1999;p0p100;143971.59;1.98889680985e+11;1.0;1.0
;US-WA;1999;p99p100;1890724.8;;0.26570001;0.26570001
;US-WA;1999;p99.9p100;10834394.0;;0.1523;0.1523
;US-WA;1999;p99.99p100;55727580.0;;0.078299999;0.078299999
;US-WA;1999;p90p100;367777.41;;0.5169;0.5169
;US-WA;1999;p90p95;152911.2;;0.1075;0.1075
;US-WA;1999;p95p99;257027.59;;0.1445;0.1445
;US-WA;1999;p99.5p99.9;1309579.9;;0.073600002;0.073600002
;US-WA;1999;p99.9p99.99;5718761.0;;0.072300002;0.072300002
;US-WA;1999;p99p99.5;574127.38;;0.0403;0.0403
;US-WA;1999;p95p100;583311.63;;0.40990001;0.40990001
;US-WA;1999;p0p90;38218.301;;0.48339999;0.48339999
;US-WA;1999;p0p99;52772.199;;0.73430002;0.73430002
;US-WA;1999;p99.5p100;3207656.8;;0.2254;0.2254
;US-WA;1998;p0p100;141189.3;1.84369123354e+11;1.0;1.0
;US-WA;1998;p99p100;1442366.1;;0.2154;0.2154
;US-WA;1998;p99.9p100;7606178.0;;0.1136;0.1136
;US-WA;1998;p99.99p100;36315440.0;;0.054200001;0.054200001
;US-WA;1998;p90p100;310290.59;;0.46340001;0.46340001
;US-WA;1998;p90p95;143009.0;;0.1068;0.1068
;US-WA;1998;p95p99;237217.8;;0.1417;0.1417
;US-WA;1998;p99.5p99.9;1082436.8;;0.0647;0.0647
;US-WA;1998;p99.9p99.99;4376988.0;;0.058800001;0.058800001
;US-WA;1998;p99p99.5;500352.19;;0.0374;0.0374
;US-WA;1998;p95p100;477869.5;;0.35690001;0.35690001
;US-WA;1998;p0p90;39903.199;;0.53640002;0.53640002
;US-WA;1998;p0p99;53061.301;;0.78460002;0.78460002
;US-WA;1998;p99.5p100;2384542.0;;0.1781;0.1781
;US-WA;1997;p0p100;134403.09;1.67611983659e+11;1.0;1.0
;US-WA;1997;p99p100;1085789.0;;0.1751;0.1751
;US-WA;1997;p99.9p100;5040472.5;;0.081299998;0.081299998
;US-WA;1997;p99.99p100;21337330.0;;0.034400001;0.034400001
;US-WA;1997;p90p100;266916.5;;0.43059999;0.43059999
;US-WA;1997;p90p95;138701.7;;0.1119;0.1119
;US-WA;1997;p95p99;222469.41;;0.1435;0.1435
;US-WA;1997;p99.5p99.9;897715.88;;0.0579;0.0579
;US-WA;1997;p99.9p99.99;3232566.0;;0.0469;0.0469
;US-WA;1997;p99p99.5;445661.19;;0.0359;0.0359
;US-WA;1997;p95p100;395112.5;;0.31869999;0.31869999
;US-WA;1997;p0p90;39219.199;;0.56940001;0.56940001
;US-WA;1997;p0p99;51652.0;;0.82489997;0.82489997
;US-WA;1997;p99.5p100;1726056.8;;0.1392;0.1392
;US-WA;1996;p0p100;130702.1;1.53597844639e+11;1.0;1.0
;US-WA;1996;p99p100;912227.63;;0.15790001;0.15790001
;US-WA;1996;p99.9p100;3996314.5;;0.069200002;0.069200002
;US-WA;1996;p99.99p100;17043340.0;;0.0295;0.0295
;US-WA;1996;p90p100;240391.3;;0.41620001;0.41620001
;US-WA;1996;p90p95;132741.59;;0.1149;0.1149
;US-WA;1996;p95p99;206950.5;;0.1433;0.1433
;US-WA;1996;p99.5p99.9;770476.63;;0.053399999;0.053399999
;US-WA;1996;p99.9p99.99;2546948.3;;0.039700001;0.039700001
;US-WA;1996;p99p99.5;409269.81;;0.035399999;0.035399999
;US-WA;1996;p95p100;348007.81;;0.3012;0.3012
;US-WA;1996;p0p90;37470.102;;0.58380002;0.58380002
;US-WA;1996;p0p99;49132.102;;0.84210002;0.84210002
;US-WA;1996;p99.5p100;1415283.4;;0.1225;0.1225
;US-WA;1995;p0p100;131023.1;1.42827911282e+11;1.0;1.0
;US-WA;1995;p99p100;779550.63;;0.1419;0.1419
;US-WA;1995;p99.9p100;3180768.8;;0.0579;0.0579
;US-WA;1995;p99.99p100;12643716.0;;0.023;0.023
;US-WA;1995;p90p100;220402.7;;0.4012;0.4012
;US-WA;1995;p90p95;128261.2;;0.1167;0.1167
;US-WA;1995;p95p99;195761.41;;0.1425;0.1425
;US-WA;1995;p99.5p99.9;685698.81;;0.049899999;0.049899999
;US-WA;1995;p99.9p99.99;2129323.0;;0.034899998;0.034899998
;US-WA;1995;p99p99.5;374426.0;;0.0341;0.0341
;US-WA;1995;p95p100;312514.69;;0.28439999;0.28439999
;US-WA;1995;p0p90;36557.602;;0.59890002;0.59890002
;US-WA;1995;p0p99;47621.699;;0.8581;0.8581
;US-WA;1995;p99.5p100;1184681.0;;0.1078;0.1078
;US-WA;1994;p0p100;134156.5;1.36517295039e+11;1.0;1.0
;US-WA;1994;p99p100;702342.19;;0.1309;0.1309
;US-WA;1994;p99.9p100;2809973.8;;0.0524;0.0524
;US-WA;1994;p99.99p100;11284832.0;;0.021;0.021
;US-WA;1994;p90p100;206795.7;;0.38550001;0.38550001
;US-WA;1994;p90p95;124226.4;;0.1158;0.1158
;US-WA;1994;p95p99;186100.09;;0.1388;0.1388
;US-WA;1994;p99.5p99.9;621085.88;;0.046300001;0.046300001
;US-WA;1994;p99.9p99.99;1868196.5;;0.031300001;0.031300001
;US-WA;1994;p99p99.5;345773.69;;0.032200001;0.032200001
;US-WA;1994;p95p100;289342.41;;0.26969999;0.26969999
;US-WA;1994;p0p90;36624.602;;0.61449999;0.61449999
;US-WA;1994;p0p99;47088.0;;0.86909997;0.86909997
;US-WA;1994;p99.5p100;1058904.4;;0.098700002;0.098700002
;US-WA;1993;p0p100;138322.59;1.33173597335e+11;1.0;1.0
;US-WA;1993;p99p100;666246.13;;0.1257;0.1257
;US-WA;1993;p99.9p100;2562048.8;;0.048300002;0.048300002
;US-WA;1993;p99.99p100;9900562.0;;0.0187;0.0187
;US-WA;1993;p90p100;201818.91;;0.38069999;0.38069999
;US-WA;1993;p90p95;123127.8;;0.1161;0.1161
;US-WA;1993;p95p99;184050.3;;0.1389;0.1389
;US-WA;1993;p99.5p99.9;601972.38;;0.045400001;0.045400001
;US-WA;1993;p99.9p99.99;1743741.4;;0.0296;0.0296
;US-WA;1993;p99p99.5;337372.0;;0.031800002;0.031800002
;US-WA;1993;p95p100;280466.0;;0.26449999;0.26449999
;US-WA;1993;p0p90;36495.602;;0.61949998;0.61949998
;US-WA;1993;p0p99;46824.398;;0.8743;0.8743
;US-WA;1993;p99.5p100;994863.19;;0.093800001;0.093800001
;US-WA;1992;p0p100;148154.5;1.32040005817e+11;1.0;1.0
;US-WA;1992;p99p100;758084.81;;0.1402;0.1402
;US-WA;1992;p99.9p100;3152864.5;;0.0583;0.0583
;US-WA;1992;p99.99p100;13024932.0;;0.0241;0.0241
;US-WA;1992;p90p100;213028.7;;0.39390001;0.39390001
;US-WA;1992;p90p95;126731.2;;0.1172;0.1172
;US-WA;1992;p95p99;184681.59;;0.1366;0.1366
;US-WA;1992;p99.5p99.9;663702.0;;0.0491;0.0491
;US-WA;1992;p99.9p99.99;2056154.5;;0.034200002;0.034200002
;US-WA;1992;p99p99.5;354789.41;;0.0328;0.0328
;US-WA;1992;p95p100;299361.59;;0.27680001;0.27680001
;US-WA;1992;p0p90;36415.699;;0.60600001;0.60600001
;US-WA;1992;p0p99;46968.5;;0.85979998;0.85979998
;US-WA;1992;p99.5p100;1161407.0;;0.1074;0.1074
;US-WA;1991;p0p100;152958.5;1.27163899517e+11;1.0;1.0
;US-WA;1991;p99p100;669620.81;;0.1261;0.1261
;US-WA;1991;p99.9p100;2615511.5;;0.0493;0.0493
;US-WA;1991;p99.99p100;10178694.0;;0.019200001;0.019200001
;US-WA;1991;p90p100;200317.3;;0.37720001;0.37720001
;US-WA;1991;p90p95;122134.8;;0.115;0.115
;US-WA;1991;p95p99;180782.7;;0.1362;0.1362
;US-WA;1991;p99.5p99.9;604429.5;;0.045499999;0.045499999
;US-WA;1991;p99.9p99.99;1775300.8;;0.030099999;0.030099999
;US-WA;1991;p99p99.5;332702.09;;0.031300001;0.031300001
;US-WA;1991;p95p100;278549.31;;0.26230001;0.26230001
;US-WA;1991;p0p90;36746.0;;0.62269998;0.62269998
;US-WA;1991;p0p99;46878.898;;0.8739;0.8739
;US-WA;1991;p99.5p100;1006534.8;;0.094800003;0.094800003
;US-WA;1990;p0p100;167437.2;1.25137707397e+11;1.0;1.0
;US-WA;1990;p99p100;729564.13;;0.1347;0.1347
;US-WA;1990;p99.9p100;2985449.0;;0.055100001;0.055100001
;US-WA;1990;p99.99p100;12041604.0;;0.0222;0.0222
;US-WA;1990;p90p100;205752.7;;0.37979999;0.37979999
;US-WA;1990;p90p95;118988.9;;0.1098;0.1098
;US-WA;1990;p95p99;183247.3;;0.1353;0.1353
;US-WA;1990;p99.5p99.9;649479.69;;0.048;0.048
;US-WA;1990;p99.9p99.99;1979038.4;;0.032900002;0.032900002
;US-WA;1990;p99p99.5;342482.09;;0.031599998;0.031599998
;US-WA;1990;p95p100;292516.41;;0.27000001;0.27000001
;US-WA;1990;p0p90;37336.801;;0.62019998;0.62019998
;US-WA;1990;p0p99;47356.0;;0.8653;0.8653
;US-WA;1990;p99.5p100;1116669.3;;0.1031;0.1031
;US-WA;1989;p0p100;188730.5;1.19208928904e+11;1.0;1.0
;US-WA;1989;p99p100;676231.81;;0.122;0.122
;US-WA;1989;p99.9p100;2576220.5;;0.046500001;0.046500001
;US-WA;1989;p99.99p100;9696458.0;;0.0175;0.0175
;US-WA;1989;p90p100;203408.2;;0.3671;0.3671
;US-WA;1989;p90p95;123849.2;;0.1118;0.1118
;US-WA;1989;p95p99;181584.41;;0.1311;0.1311
;US-WA;1989;p99.5p99.9;603413.38;;0.0436;0.0436
;US-WA;1989;p99.9p99.99;1750734.0;;0.0284;0.0284
;US-WA;1989;p99p99.5;336506.41;;0.030400001;0.030400001
;US-WA;1989;p95p100;282540.31;;0.255;0.255
;US-WA;1989;p0p90;39233.199;;0.63730001;0.63730001
;US-WA;1989;p0p99;49136.301;;0.87800002;0.87800002
;US-WA;1989;p99.5p100;1008663.7;;0.090999998;0.090999998
;US-WA;1988;p0p100;201962.41;1.14809590898e+11;1.0;1.0
;US-WA;1988;p99p100;678303.63;;0.1245;0.1245
;US-WA;1988;p99.9p100;2676735.5;;0.0491;0.0491
;US-WA;1988;p99.99p100;10134305.0;;0.0186;0.0186
;US-WA;1988;p90p100;197803.09;;0.36300001;0.36300001
;US-WA;1988;p90p95;118737.9;;0.109;0.109
;US-WA;1988;p95p99;171962.09;;0.12620001;0.12620001
;US-WA;1988;p99.5p99.9;593215.38;;0.043499999;0.043499999
;US-WA;1988;p99.9p99.99;1801357.6;;0.0298;0.0298
;US-WA;1988;p99p99.5;320331.31;;0.0294;0.0294
;US-WA;1988;p95p100;276220.81;;0.25350001;0.25350001
;US-WA;1988;p0p90;38960.398;;0.64349997;0.64349997
;US-WA;1988;p0p99;48187.801;;0.87550002;0.87550002
;US-WA;1988;p99.5p100;1025425.6;;0.094099998;0.094099998
;US-WA;1987;p0p100;210717.8;1.06794368155e+11;1.0;1.0
;US-WA;1987;p99p100;518642.69;;0.097999997;0.097999997
;US-WA;1987;p99.9p100;1775837.1;;0.033599999;0.033599999
;US-WA;1987;p99.99p100;6120099.0;;0.0116;0.0116
;US-WA;1987;p90p100;177015.7;;0.3346;0.3346
;US-WA;1987;p90p95;116870.5;;0.1105;0.1105
;US-WA;1987;p95p99;163760.91;;0.1238;0.1238
;US-WA;1987;p99.5p99.9;475124.5;;0.0359;0.0359
;US-WA;1987;p99.9p99.99;1259801.3;;0.021400001;0.021400001
;US-WA;1987;p99p99.5;283927.41;;0.026799999;0.026799999
;US-WA;1987;p95p100;236791.5;;0.2238;0.2238
;US-WA;1987;p0p90;39375.102;;0.6699;0.6699
;US-WA;1987;p0p99;48193.0;;0.90200001;0.90200001
;US-WA;1987;p99.5p100;746061.31;;0.070500001;0.070500001
;US-WA;1986;p0p100;233560.5;1.09585331458e+11;1.0;1.0
;US-WA;1986;p99p100;661943.13;;0.1207;0.1207
;US-WA;1986;p99.9p100;2722746.5;;0.049600001;0.049600001
;US-WA;1986;p99.99p100;10875932.0;;0.0198;0.0198
;US-WA;1986;p90p100;192415.3;;0.35069999;0.35069999
;US-WA;1986;p90p95;115633.9;;0.1054;0.1054
;US-WA;1986;p95p99;165922.0;;0.121;0.121
;US-WA;1986;p99.5p99.9;560856.81;;0.040899999;0.040899999
;US-WA;1986;p99.9p99.99;1744448.3;;0.0286;0.0286
;US-WA;1986;p99p99.5;300275.31;;0.0274;0.0274
;US-WA;1986;p95p100;268371.91;;0.2446;0.2446
;US-WA;1986;p0p90;40045.398;;0.65689999;0.65689999
;US-WA;1986;p0p99;48729.699;;0.8793;0.8793
;US-WA;1986;p99.5p100;1010956.9;;0.092100002;0.092100002
;US-WA;1985;p0p100;224186.0;99587080768.0;1.0;1.0
;US-WA;1985;p99p100;499200.5;;0.098300003;0.098300003
;US-WA;1985;p99.9p100;1865203.6;;0.036699999;0.036699999
;US-WA;1985;p99.99p100;6875244.0;;0.0135;0.0135
;US-WA;1985;p90p100;167305.2;;0.32929999;0.32929999
;US-WA;1985;p90p95;110045.0;;0.1083;0.1083
;US-WA;1985;p95p99;152615.59;;0.1202;0.1202
;US-WA;1985;p99.5p99.9;430683.41;;0.0339;0.0339
;US-WA;1985;p99.9p99.99;1239032.3;;0.0219;0.0219
;US-WA;1985;p99p99.5;257889.5;;0.0254;0.0254
;US-WA;1985;p95p100;224093.8;;0.22050001;0.22050001
;US-WA;1985;p0p90;38202.102;;0.67680001;0.67680001
;US-WA;1985;p0p99;46274.301;;0.90170002;0.90170002
;US-WA;1985;p99.5p100;731787.5;;0.071999997;0.071999997
;US-WA;1984;p0p100;239286.8;96427065470.0;1.0;1.0
;US-WA;1984;p99p100;471860.0;;0.093099996;0.093099996
;US-WA;1984;p99.9p100;1743187.4;;0.034400001;0.034400001
;US-WA;1984;p99.99p100;6600133.5;;0.013;0.013
;US-WA;1984;p90p100;163722.09;;0.32300001;0.32300001
;US-WA;1984;p90p95;110282.9;;0.1088;0.1088
;US-WA;1984;p95p99;151079.0;;0.1192;0.1192
;US-WA;1984;p99.5p99.9;405816.91;;0.032000002;0.032000002
;US-WA;1984;p99.9p99.99;1135870.5;;0.020199999;0.020199999
;US-WA;1984;p99p99.5;250115.59;;0.024700001;0.024700001
;US-WA;1984;p95p100;217027.3;;0.2141;0.2141
;US-WA;1984;p0p90;38413.5;;0.6821;0.6821
;US-WA;1984;p0p99;46431.301;;0.90689999;0.90689999
;US-WA;1984;p99.5p100;686185.63;;0.067699999;0.067699999
;US-WA;1983;p0p100;272948.41;94644708041.0;1.0;1.0
;US-WA;1983;p99p100;414411.59;;0.081;0.081
;US-WA;1983;p99.9p100;1399410.8;;0.0273;0.0273
;US-WA;1983;p99.99p100;5086009.5;;0.0098999999;0.0098999999
;US-WA;1983;p90p100;156237.7;;0.3053;0.3053
;US-WA;1983;p90p95;111050.6;;0.1085;0.1085
;US-WA;1983;p95p99;147653.09;;0.1154;0.1154
;US-WA;1983;p99.5p99.9;373290.09;;0.029200001;0.029200001
;US-WA;1983;p99.9p99.99;957288.81;;0.016799999;0.016799999
;US-WA;1983;p99p99.5;237694.5;;0.0232;0.0232
;US-WA;1983;p95p100;201947.09;;0.1973;0.1973
;US-WA;1983;p0p90;39625.801;;0.69690001;0.69690001
;US-WA;1983;p0p99;47504.602;;0.91900003;0.91900003
;US-WA;1983;p99.5p100;586503.69;;0.057300001;0.057300001
;US-WA;1982;p0p100;280043.31;93129800060.0;1.0;1.0
;US-WA;1982;p99p100;428521.0;;0.085100003;0.085100003
;US-WA;1982;p99.9p100;1657501.4;;0.032900002;0.032900002
;US-WA;1982;p99.99p100;6881999.0;;0.0137;0.0137
;US-WA;1982;p90p100;156871.0;;0.31150001;0.31150001
;US-WA;1982;p90p95;107131.0;;0.1064;0.1064
;US-WA;1982;p95p99;150138.41;;0.1193;0.1193
;US-WA;1982;p99.5p99.9;376021.5;;0.029899999;0.029899999
;US-WA;1982;p99.9p99.99;1077001.6;;0.019200001;0.019200001
;US-WA;1982;p99p99.5;224724.5;;0.022299999;0.022299999
;US-WA;1982;p95p100;207354.41;;0.2059;0.2059
;US-WA;1982;p0p90;38563.602;;0.6893;0.6893
;US-WA;1982;p0p99;46534.699;;0.9149;0.9149
;US-WA;1982;p99.5p100;632317.5;;0.062799998;0.062799998
;US-WA;1981;p0p100;321730.41;94425240254.0;1.0;1.0
;US-WA;1981;p99p100;400640.81;;0.0779;0.0779
;US-WA;1981;p99.9p100;1225312.8;;0.023800001;0.023800001
;US-WA;1981;p99.99p100;3963386.5;;0.0077;0.0077
;US-WA;1981;p90p100;160189.2;;0.31130001;0.31130001
;US-WA;1981;p90p95;116708.1;;0.1134;0.1134
;US-WA;1981;p95p99;154745.8;;0.1203;0.1203
;US-WA;1981;p99.5p99.9;392423.41;;0.0305;0.0305
;US-WA;1981;p99.9p99.99;919929.63;;0.016100001;0.016100001
;US-WA;1981;p99p99.5;240813.8;;0.023399999;0.023399999
;US-WA;1981;p95p100;204134.8;;0.19840001;0.19840001
;US-WA;1981;p0p90;39366.5;;0.6886;0.6886
;US-WA;1981;p0p99;47926.0;;0.92210001;0.92210001
;US-WA;1981;p99.5p100;560212.63;;0.054400001;0.054400001
;US-WA;1980;p0p100;390798.19;94258604790.0;1.0;1.0
;US-WA;1980;p99p100;433621.69;;0.0832;0.0832
;US-WA;1980;p99.9p100;1329272.4;;0.0255;0.0255
;US-WA;1980;p99.99p100;4622131.0;;0.0088999998;0.0088999998
;US-WA;1980;p90p100;160493.59;;0.308;0.308
;US-WA;1980;p90p95;107034.2;;0.1027;0.1027
;US-WA;1980;p95p99;158957.8;;0.122;0.122
;US-WA;1980;p99.5p99.9;421849.59;;0.032400001;0.032400001
;US-WA;1980;p99.9p99.99;963031.38;;0.0166;0.0166
;US-WA;1980;p99p99.5;263553.69;;0.0253;0.0253
;US-WA;1980;p95p100;213943.2;;0.2053;0.2053
;US-WA;1980;p0p90;40068.301;;0.69209999;0.69209999
;US-WA;1980;p0p99;48251.898;;0.91680002;0.91680002
;US-WA;1980;p99.5p100;603653.0;;0.0579;0.0579
;US-WA;1979;p0p100;505137.69;91668414289.0;1.0;1.0
;US-WA;1979;p99p100;448566.81;;0.082199998;0.082199998
;US-WA;1979;p99.9p100;1483022.6;;0.0272;0.0272
;US-WA;1979;p99.99p100;6123638.5;;0.0112;0.0112
;US-WA;1979;p90p100;166803.3;;0.3057;0.3057
;US-WA;1979;p90p95;113029.0;;0.1036;0.1036
;US-WA;1979;p95p99;163481.5;;0.1198;0.1198
;US-WA;1979;p99.5p99.9;417386.81;;0.0306;0.0306
;US-WA;1979;p99.9p99.99;967545.0;;0.016000001;0.016000001
;US-WA;1979;p99p99.5;266703.19;;0.0244;0.0244
;US-WA;1979;p95p100;220476.3;;0.20200001;0.20200001
;US-WA;1979;p0p90;42096.301;;0.69440001;0.69440001
;US-WA;1979;p0p99;50583.699;;0.91780001;0.91780001
;US-WA;1979;p99.5p100;630594.81;;0.057799999;0.057799999
;US-WA;1978;p0p100;549317.38;84774281126.0;1.0;1.0
;US-WA;1978;p99p100;390666.5;;0.079099998;0.079099998
;US-WA;1978;p99.9p100;1095161.3;;0.0222;0.0222
;US-WA;1978;p99.99p100;3251897.8;;0.0066;0.0066
;US-WA;1978;p90p100;159210.91;;0.3222;0.3222
;US-WA;1978;p90p95;113246.2;;0.1146;0.1146
;US-WA;1978;p95p99;158740.2;;0.1285;0.1285
;US-WA;1978;p99.5p99.9;382759.59;;0.030999999;0.030999999
;US-WA;1978;p99.9p99.99;855226.5;;0.0156;0.0156
;US-WA;1978;p99p99.5;256098.91;;0.025900001;0.025900001
;US-WA;1978;p95p100;204994.0;;0.20739999;0.20739999
;US-WA;1978;p0p90;37219.301;;0.67790002;0.67790002
;US-WA;1978;p0p99;45968.801;;0.92089999;0.92089999
;US-WA;1978;p99.5p100;525340.88;;0.053199999;0.053199999
;US-WA;1977;p0p100;599393.63;77807372419.0;1.0;1.0
;US-WA;1977;p99p100;369421.91;;0.079300001;0.079300001
;US-WA;1977;p99.9p100;1022914.1;;0.022;0.022
;US-WA;1977;p99.99p100;2910199.0;;0.0062000002;0.0062000002
;US-WA;1977;p90p100;150137.91;;0.32229999;0.32229999
;US-WA;1977;p90p95;107251.6;;0.1151;0.1151
;US-WA;1977;p95p99;148915.8;;0.1279;0.1279
;US-WA;1977;p99.5p99.9;371018.31;;0.0319;0.0319
;US-WA;1977;p99.9p99.99;812411.81;;0.015699999;0.015699999
;US-WA;1977;p99p99.5;237322.0;;0.0255;0.0255
;US-WA;1977;p95p100;193039.59;;0.20720001;0.20720001
;US-WA;1977;p0p90;35076.0;;0.67769998;0.67769998
;US-WA;1977;p0p99;43319.5;;0.92070001;0.92070001
;US-WA;1977;p99.5p100;501566.91;;0.053800002;0.053800002
;US-WA;1976;p0p100;668135.38;74496746140.0;1.0;1.0
;US-WA;1976;p99p100;356395.31;;0.0779;0.0779
;US-WA;1976;p99.9p100;925992.13;;0.020199999;0.020199999
;US-WA;1976;p99.99p100;2600415.0;;0.0057000001;0.0057000001
;US-WA;1976;p90p100;148658.7;;0.32480001;0.32480001
;US-WA;1976;p90p95;106776.7;;0.1166;0.1166
;US-WA;1976;p95p99;149116.09;;0.1303;0.1303
;US-WA;1976;p99.5p99.9;354334.5;;0.030999999;0.030999999
;US-WA;1976;p99.9p99.99;740123.31;;0.0146;0.0146
;US-WA;1976;p99p99.5;243825.91;;0.0266;0.0266
;US-WA;1976;p95p100;190569.5;;0.20819999;0.20819999
;US-WA;1976;p0p90;34344.102;;0.67519999;0.67519999
;US-WA;1976;p0p99;42638.199;;0.92210001;0.92210001
;US-WA;1976;p99.5p100;468905.69;;0.051199999;0.051199999
;US-WA;1975;p0p100;718019.0;69776622053.0;1.0;1.0
;US-WA;1975;p99p100;349651.59;;0.079499997;0.079499997
;US-WA;1975;p99.9p100;923211.19;;0.021;0.021
;US-WA;1975;p99.99p100;2656466.0;;0.0060000001;0.0060000001
;US-WA;1975;p90p100;144917.7;;0.32949999;0.32949999
;US-WA;1975;p90p95;103863.1;;0.1181;0.1181
;US-WA;1975;p95p99;145113.3;;0.132;0.132
;US-WA;1975;p99.5p99.9;347304.69;;0.031599998;0.031599998
;US-WA;1975;p99.9p99.99;731082.81;;0.015;0.015
;US-WA;1975;p99p99.5;236416.7;;0.026900001;0.026900001
;US-WA;1975;p95p100;186014.41;;0.2115;0.2115
;US-WA;1975;p0p90;32762.9;;0.67049998;0.67049998
;US-WA;1975;p0p99;40891.602;;0.92049998;0.92049998
;US-WA;1975;p99.5p100;462707.91;;0.0526;0.0526
;US-WA;1974;p0p100;868414.5;69066700067.0;1.0;1.0
;US-WA;1974;p99p100;382057.5;;0.085500002;0.085500002
;US-WA;1974;p99.9p100;1096805.0;;0.024599999;0.024599999
;US-WA;1974;p99.99p100;3397056.5;;0.0076000001;0.0076000001
;US-WA;1974;p90p100;145372.8;;0.32550001;0.32550001
;US-WA;1974;p90p95;100073.8;;0.112;0.112
;US-WA;1974;p95p99;142593.3;;0.1277;0.1277
;US-WA;1974;p99.5p99.9;376940.5;;0.033799998;0.033799998
;US-WA;1974;p99.9p99.99;838203.13;;0.016899999;0.016899999
;US-WA;1974;p99p99.5;241695.0;;0.027100001;0.027100001
;US-WA;1974;p95p100;190686.7;;0.21349999;0.21349999
;US-WA;1974;p0p90;33497.0;;0.67500001;0.67500001
;US-WA;1974;p0p99;41257.0;;0.9145;0.9145
;US-WA;1974;p99.5p100;521812.0;;0.058400001;0.058400001
;US-WA;1973;p0p100;1055430.8;66409184544.0;1.0;1.0
;US-WA;1973;p99p100;367274.91;;0.083400004;0.083400004
;US-WA;1973;p99.9p100;1017422.5;;0.0231;0.0231
;US-WA;1973;p99.99p100;3430219.5;;0.0077999998;0.0077999998
;US-WA;1973;p90p100;144533.59;;0.3283;0.3283
;US-WA;1973;p90p95;100950.0;;0.1146;0.1146
;US-WA;1973;p95p99;143342.59;;0.1302;0.1302
;US-WA;1973;p99.5p99.9;369339.09;;0.033599999;0.033599999
;US-WA;1973;p99.9p99.99;749301.88;;0.0153;0.0153
;US-WA;1973;p99p99.5;235451.3;;0.026699999;0.026699999
;US-WA;1973;p95p100;188133.0;;0.21359999;0.21359999
;US-WA;1973;p0p90;32862.398;;0.6717;0.6717
;US-WA;1973;p0p99;40764.301;;0.91659999;0.91659999
;US-WA;1973;p99.5p100;498947.5;;0.056699999;0.056699999
;US-WA;1972;p0p100;1152874.1;62691099766.0;1.0;1.0
;US-WA;1972;p99p100;346162.41;;0.081200004;0.081200004
;US-WA;1972;p99.9p100;1025303.5;;0.0241;0.0241
;US-WA;1972;p99.99p100;3532720.3;;0.0082999999;0.0082999999
;US-WA;1972;p90p100;138927.59;;0.32589999;0.32589999
;US-WA;1972;p90p95;96447.797;;0.1131;0.1131
;US-WA;1972;p95p99;140235.59;;0.13160001;0.13160001
;US-WA;1972;p99.5p99.9;333502.91;;0.031300001;0.031300001
;US-WA;1972;p99.9p99.99;746617.5;;0.015799999;0.015799999
;US-WA;1972;p99p99.5;220288.5;;0.025800001;0.025800001
;US-WA;1972;p95p100;181425.2;;0.2128;0.2128
;US-WA;1972;p0p90;31926.801;;0.67409998;0.67409998
;US-WA;1972;p0p99;39560.602;;0.9188;0.9188
;US-WA;1972;p99.5p100;472036.19;;0.055399999;0.055399999
;US-WA;1971;p0p100;1209211.9;60123932993.0;1.0;1.0
;US-WA;1971;p99p100;330931.19;;0.0788;0.0788
;US-WA;1971;p99.9p100;935954.88;;0.022299999;0.022299999
;US-WA;1971;p99.99p100;2952788.8;;0.0070000002;0.0070000002
;US-WA;1971;p90p100;133723.91;;0.3186;0.3186
;US-WA;1971;p90p95;95691.0;;0.114;0.114
;US-WA;1971;p95p99;132033.0;;0.1258;0.1258
;US-WA;1971;p99.5p99.9;324338.19;;0.0309;0.0309
;US-WA;1971;p99.9p99.99;712075.19;;0.0153;0.0153
;US-WA;1971;p99p99.5;214908.0;;0.025599999;0.025599999
;US-WA;1971;p95p100;171805.0;;0.20469999;0.20469999
;US-WA;1971;p0p90;31775.6;;0.6814;0.6814
;US-WA;1971;p0p99;39053.199;;0.92119998;0.92119998
;US-WA;1971;p99.5p100;446863.59;;0.053199999;0.053199999
;US-WA;1970;p0p100;1360726.3;60370009124.0;1.0;1.0
;US-WA;1970;p99p100;318431.41;;0.0735;0.0735
;US-WA;1970;p99.9p100;873260.69;;0.020099999;0.020099999
;US-WA;1970;p99.99p100;2631840.8;;0.0060999999;0.0060999999
;US-WA;1970;p90p100;132046.0;;0.3046;0.3046
;US-WA;1970;p90p95;95999.102;;0.1107;0.1107
;US-WA;1970;p95p99;130633.4;;0.1205;0.1205
;US-WA;1970;p99.5p99.9;317988.0;;0.029300001;0.029300001
;US-WA;1970;p99.9p99.99;677402.38;;0.0141;0.0141
;US-WA;1970;p99p99.5;207524.91;;0.0239;0.0239
;US-WA;1970;p95p100;168163.0;;0.19400001;0.19400001
;US-WA;1970;p0p90;33490.5;;0.69529998;0.69529998
;US-WA;1970;p0p99;40570.602;;0.92650002;0.92650002
;US-WA;1970;p99.5p100;429241.59;;0.0495;0.0495
;US-WA;1969;p0p100;1600861.8;62456908923.0;1.0;1.0
;US-WA;1969;p99p100;372919.91;;0.081699997;0.081699997
;US-WA;1969;p99.9p100;1180355.1;;0.025900001;0.025900001
;US-WA;1969;p99.99p100;4443258.0;;0.0097000003;0.0097000003
;US-WA;1969;p90p100;142277.41;;0.3118;0.3118
;US-WA;1969;p90p95;97679.898;;0.107;0.107
;US-WA;1969;p95p99;140463.7;;0.1231;0.1231
;US-WA;1969;p99.5p99.9;341452.59;;0.029899999;0.029899999
;US-WA;1969;p99.9p99.99;819033.69;;0.0162;0.0162
;US-WA;1969;p99p99.5;236642.8;;0.025900001;0.025900001
;US-WA;1969;p95p100;186905.7;;0.20479999;0.20479999
;US-WA;1969;p0p90;34883.5;;0.68809998;0.68809998
;US-WA;1969;p0p99;42322.199;;0.91829997;0.91829997
;US-WA;1969;p99.5p100;509354.41;;0.055799998;0.055799998
;US-WA;1968;p0p100;1790612.9;61853085561.0;1.0;1.0
;US-WA;1968;p99p100;405382.69;;0.088299997;0.088299997
;US-WA;1968;p99.9p100;1268316.8;;0.0276;0.0276
;US-WA;1968;p99.99p100;4356534.5;;0.0094999997;0.0094999997
;US-WA;1968;p90p100;146261.5;;0.31869999;0.31869999
;US-WA;1968;p90p95;98005.602;;0.1068;0.1068
;US-WA;1968;p95p99;141711.91;;0.1235;0.1235
;US-WA;1968;p99.5p99.9;380324.81;;0.033199999;0.033199999
;US-WA;1968;p99.9p99.99;927735.0;;0.018200001;0.018200001
;US-WA;1968;p99p99.5;252809.41;;0.0275;0.0275
;US-WA;1968;p95p100;194465.59;;0.2119;0.2119
;US-WA;1968;p0p90;34737.898;;0.68129998;0.68129998
;US-WA;1968;p0p99;42257.602;;0.91170001;0.91170001
;US-WA;1968;p99.5p100;557809.63;;0.060800001;0.060800001
;US-WA;1967;p0p100;1838564.5;57593086764.0;1.0;1.0
;US-WA;1967;p99p100;375188.0;;0.086400002;0.086400002
;US-WA;1967;p99.9p100;1090721.3;;0.0251;0.0251
;US-WA;1967;p99.99p100;3406568.0;;0.0077999998;0.0077999998
;US-WA;1967;p90p100;138429.8;;0.31889999;0.31889999
;US-WA;1967;p90p95;95763.203;;0.1103;0.1103
;US-WA;1967;p95p99;132770.41;;0.1224;0.1224
;US-WA;1967;p99.5p99.9;368253.59;;0.0339;0.0339
;US-WA;1967;p99.9p99.99;834021.13;;0.0173;0.0173
;US-WA;1967;p99p99.5;237665.09;;0.0274;0.0274
;US-WA;1967;p95p100;181206.09;;0.2087;0.2087
;US-WA;1967;p0p90;32834.801;;0.68089998;0.68089998
;US-WA;1967;p0p99;40051.5;;0.91360003;0.91360003
;US-WA;1967;p99.5p100;512780.09;;0.059099998;0.059099998
;US-WA;1966;p0p100;1844783.9;53483833762.0;1.0;1.0
;US-WA;1966;p99p100;341373.69;;0.083300002;0.083300002
;US-WA;1966;p99.9p100;978769.38;;0.0239;0.0239
;US-WA;1966;p99.99p100;3034518.5;;0.0074;0.0074
;US-WA;1966;p90p100;129167.7;;0.3152;0.3152
;US-WA;1966;p90p95;90602.703;;0.1105;0.1105
;US-WA;1966;p95p99;124764.4;;0.1218;0.1218
;US-WA;1966;p99.5p99.9;335192.31;;0.032699998;0.032699998
;US-WA;1966;p99.9p99.99;750714.31;;0.0165;0.0165
;US-WA;1966;p99p99.5;218046.91;;0.0266;0.0266
;US-WA;1966;p95p100;168055.0;;0.205;0.205
;US-WA;1966;p0p90;31166.9;;0.68449998;0.68449998
;US-WA;1966;p0p99;37946.699;;0.91670001;0.91670001
;US-WA;1966;p99.5p100;464461.31;;0.056699999;0.056699999
;US-WA;1965;p0p100;1797399.3;48410127904.0;1.0;1.0
;US-WA;1965;p99p100;331501.31;;0.087800004;0.087800004
;US-WA;1965;p99.9p100;939775.0;;0.024900001;0.024900001
;US-WA;1965;p99.99p100;2999896.0;;0.0078999996;0.0078999996
;US-WA;1965;p90p100;122774.4;;0.32530001;0.32530001
;US-WA;1965;p90p95;84898.703;;0.1125;0.1125
;US-WA;1965;p95p99;117905.4;;0.125;0.125
;US-WA;1965;p99.5p99.9;333176.5;;0.035300002;0.035300002
;US-WA;1965;p99.9p99.99;709826.31;;0.016899999;0.016899999
;US-WA;1965;p99p99.5;208228.5;;0.0276;0.0276
;US-WA;1965;p95p100;160637.2;;0.2128;0.2128
;US-WA;1965;p0p90;28296.801;;0.67479998;0.67479998
;US-WA;1965;p0p99;34773.602;;0.91219997;0.91219997
;US-WA;1965;p99.5p100;454701.31;;0.060199998;0.060199998
;US-WA;1964;p0p100;1780075.9;45591722542.0;1.0;1.0
;US-WA;1964;p99p100;319391.5;;0.088200003;0.088200003
;US-WA;1964;p99.9p100;856932.5;;0.023700001;0.023700001
;US-WA;1964;p99.99p100;2806633.5;;0.0077999998;0.0077999998
;US-WA;1964;p90p100;118178.3;;0.3265;0.3265
;US-WA;1964;p90p95;81855.398;;0.1131;0.1131
;US-WA;1964;p95p99;113278.1;;0.1252;0.1252
;US-WA;1964;p99.5p99.9;328520.91;;0.0363;0.0363
;US-WA;1964;p99.9p99.99;640045.88;;0.015900001;0.015900001
;US-WA;1964;p99p99.5;204203.59;;0.028200001;0.028200001
;US-WA;1964;p95p100;154455.8;;0.2133;0.2133
;US-WA;1964;p0p90;27093.699;;0.67360002;0.67360002
;US-WA;1964;p0p99;33339.5;;0.91180003;0.91180003
;US-WA;1964;p99.5p100;434325.81;;0.059999999;0.059999999
;US-WA;1963;p0p100;1790757.5;43816519164.0;1.0;1.0
;US-WA;1963;p99p100;286500.69;;0.080700003;0.080700003
;US-WA;1963;p99.9p100;808993.38;;0.0228;0.0228
;US-WA;1963;p99.99p100;2426413.3;;0.0068000001;0.0068000001
;US-WA;1963;p90p100;111411.5;;0.31400001;0.31400001
;US-WA;1963;p90p95;78110.398;;0.1101;0.1101
;US-WA;1963;p95p99;109266.7;;0.1232;0.1232
;US-WA;1963;p99.5p99.9;282973.0;;0.0319;0.0319
;US-WA;1963;p99.9p99.99;630093.38;;0.016000001;0.016000001
;US-WA;1963;p99p99.5;184626.09;;0.026000001;0.026000001
;US-WA;1963;p95p100;144713.5;;0.20389999;0.20389999
;US-WA;1963;p0p90;27047.301;;0.68599999;0.68599999
;US-WA;1963;p0p99;32948.0;;0.91930002;0.91930002
;US-WA;1963;p99.5p100;388368.5;;0.054699998;0.054699998
;US-WA;1962;p0p100;1844712.9;43082482306.0;1.0;1.0
;US-WA;1962;p99p100;279786.59;;0.078599997;0.078599997
;US-WA;1962;p99.9p100;775340.81;;0.0218;0.0218
;US-WA;1962;p99.99p100;2092488.1;;0.0059000002;0.0059000002
;US-WA;1962;p90p100;109794.0;;0.30840001;0.30840001
;US-WA;1962;p90p95;77713.898;;0.1091;0.1091
;US-WA;1962;p95p99;107396.9;;0.1207;0.1207
;US-WA;1962;p99.5p99.9;277870.41;;0.031199999;0.031199999
;US-WA;1962;p99.9p99.99;630835.19;;0.015900001;0.015900001
;US-WA;1962;p99p99.5;181829.91;;0.0255;0.0255
;US-WA;1962;p95p100;141875.09;;0.1992;0.1992
;US-WA;1962;p0p90;27360.0;;0.69160002;0.69160002
;US-WA;1962;p0p99;33136.699;;0.92140001;0.92140001
;US-WA;1962;p99.5p100;377734.31;;0.052999999;0.052999999
;US-WA;1961;p0p100;1819674.1;40780260609.0;1.0;1.0
;US-WA;1961;p99p100;286296.09;;0.0832;0.0832
;US-WA;1961;p99.9p100;814846.13;;0.023700001;0.023700001
;US-WA;1961;p99.99p100;2240234.0;;0.0065000001;0.0065000001
;US-WA;1961;p90p100;109275.8;;0.31740001;0.31740001
;US-WA;1961;p90p95;75434.203;;0.1096;0.1096
;US-WA;1961;p95p99;107330.7;;0.1247;0.1247
;US-WA;1961;p99.5p99.9;283146.41;;0.032900002;0.032900002
;US-WA;1961;p99.9p99.99;657079.88;;0.017200001;0.017200001
;US-WA;1961;p99p99.5;183003.3;;0.0266;0.0266
;US-WA;1961;p95p100;143119.8;;0.2079;0.2079
;US-WA;1961;p0p90;26108.6;;0.68260002;0.68260002
;US-WA;1961;p0p99;31881.6;;0.91680002;0.91680002
;US-WA;1961;p99.5p100;389595.31;;0.056600001;0.056600001
;US-WA;1960;p0p100;1805502.5;38771496605.0;1.0;1.0
;US-WA;1960;p99p100;261784.3;;0.078199998;0.078199998
;US-WA;1960;p99.9p100;738023.19;;0.022;0.022
;US-WA;1960;p99.99p100;2286880.5;;0.0068000001;0.0068000001
;US-WA;1960;p90p100;102550.5;;0.30630001;0.30630001
;US-WA;1960;p90p95;74207.797;;0.1108;0.1108
;US-WA;1960;p95p99;98171.703;;0.1173;0.1173
;US-WA;1960;p99.5p99.9;258951.0;;0.0309;0.0309
;US-WA;1960;p99.9p99.99;566895.19;;0.0152;0.0152
;US-WA;1960;p99p99.5;168470.7;;0.0252;0.0252
;US-WA;1960;p95p100;130892.3;;0.1955;0.1955
;US-WA;1960;p0p90;25801.4;;0.69370002;0.69370002
;US-WA;1960;p0p99;31169.4;;0.92180002;0.92180002
;US-WA;1960;p99.5p100;355091.09;;0.052999999;0.052999999
;US-WA;1959;p0p100;1867443.1;38536859230.0;1.0;1.0
;US-WA;1959;p99p100;288732.69;;0.086300001;0.086300001
;US-WA;1959;p99.9p100;853112.13;;0.0255;0.0255
;US-WA;1959;p99.99p100;2538281.3;;0.0076000001;0.0076000001
;US-WA;1959;p90p100;104787.7;;0.31310001;0.31310001
;US-WA;1959;p90p95;71571.203;;0.1069;0.1069
;US-WA;1959;p95p99;100327.6;;0.1199;0.1199
;US-WA;1959;p99.5p99.9;291380.59;;0.0348;0.0348
;US-WA;1959;p99.9p99.99;666344.5;;0.017899999;0.017899999
;US-WA;1959;p99p99.5;173645.2;;0.025900001;0.025900001
;US-WA;1959;p95p100;138005.91;;0.2062;0.2062
;US-WA;1959;p0p90;25539.1;;0.68690002;0.68690002
;US-WA;1959;p0p99;30885.699;;0.91369998;0.91369998
;US-WA;1959;p99.5p100;403826.41;;0.0603;0.0603
;US-WA;1958;p0p100;1780124.8;35985170959.0;1.0;1.0
;US-WA;1958;p99p100;274070.59;;0.087099999;0.087099999
;US-WA;1958;p99.9p100;768524.13;;0.0244;0.0244
;US-WA;1958;p99.99p100;1906085.0;;0.0060999999;0.0060999999
;US-WA;1958;p90p100;100259.6;;0.31869999;0.31869999
;US-WA;1958;p90p95;68285.797;;0.1085;0.1085
;US-WA;1958;p95p99;96776.797;;0.123;0.123
;US-WA;1958;p99.5p99.9;278840.81;;0.035500001;0.035500001
;US-WA;1958;p99.9p99.99;643410.31;;0.0184;0.0184
;US-WA;1958;p99p99.5;171118.5;;0.0272;0.0272
;US-WA;1958;p95p100;132234.91;;0.2101;0.2101
;US-WA;1958;p0p90;23818.301;;0.68129998;0.68129998
;US-WA;1958;p0p99;29011.9;;0.91289997;0.91289997
;US-WA;1958;p99.5p100;377020.91;;0.059900001;0.059900001
;US-WA;1957;p0p100;1930653.1;36722567911.0;1.0;1.0
;US-WA;1957;p99p100;266028.19;;0.0823;0.0823
;US-WA;1957;p99.9p100;708171.88;;0.0219;0.0219
;US-WA;1957;p99.99p100;1769554.3;;0.0055;0.0055
;US-WA;1957;p90p100;98044.203;;0.30320001;0.30320001
;US-WA;1957;p90p95;66634.898;;0.103;0.103
;US-WA;1957;p95p99;95312.703;;0.1179;0.1179
;US-WA;1957;p99.5p99.9;274247.5;;0.0339;0.0339
;US-WA;1957;p99.9p99.99;591035.5;;0.0165;0.0165
;US-WA;1957;p99p99.5;170793.5;;0.0264;0.0264
;US-WA;1957;p95p100;129454.5;;0.20020001;0.20020001
;US-WA;1957;p0p90;25033.801;;0.69679999;0.69679999
;US-WA;1957;p0p99;29974.0;;0.91769999;0.91769999
;US-WA;1957;p99.5p100;361259.91;;0.0559;0.0559
;US-WA;1956;p0p100;2056724.4;36161086879.0;1.0;1.0
;US-WA;1956;p99p100;270682.91;;0.084299996;0.084299996
;US-WA;1956;p99.9p100;842156.63;;0.0262;0.0262
;US-WA;1956;p99.99p100;2663268.5;;0.0082999999;0.0082999999
;US-WA;1956;p90p100;98129.898;;0.3055;0.3055
;US-WA;1956;p90p95;66714.398;;0.1039;0.1039
;US-WA;1956;p95p99;94665.0;;0.1179;0.1179
;US-WA;1956;p99.5p99.9;261680.91;;0.032600001;0.032600001
;US-WA;1956;p99.9p99.99;640342.38;;0.017899999;0.017899999
;US-WA;1956;p99p99.5;163529.59;;0.0255;0.0255
;US-WA;1956;p95p100;129869.3;;0.2022;0.2022
;US-WA;1956;p0p90;24763.801;;0.69400001;0.69400001
;US-WA;1956;p0p99;29707.0;;0.91570002;0.91570002
;US-WA;1956;p99.5p100;377833.41;;0.058800001;0.058800001
;US-WA;1955;p0p100;2102756.0;35582918695.0;1.0;1.0
;US-WA;1955;p99p100;286094.19;;0.0898;0.0898
;US-WA;1955;p99.9p100;867964.81;;0.0272;0.0272
;US-WA;1955;p99.99p100;2756113.3;;0.0086000003;0.0086000003
;US-WA;1955;p90p100;97847.203;;0.30700001;0.30700001
;US-WA;1955;p90p95;65190.602;;0.1023;0.1023
;US-WA;1955;p95p99;92188.102;;0.1157;0.1157
;US-WA;1955;p99.5p99.9;288747.41;;0.036200002;0.036200002
;US-WA;1955;p99.9p99.99;658214.81;;0.0186;0.0186
;US-WA;1955;p99p99.5;167600.41;;0.0263;0.0263
;US-WA;1955;p95p100;130954.9;;0.2054;0.2054
;US-WA;1955;p0p90;24518.4;;0.69230002;0.69230002
;US-WA;1955;p0p99;29306.699;;0.9102;0.9102
;US-WA;1955;p99.5p100;404588.09;;0.063500002;0.063500002
;US-WA;1954;p0p100;2144041.5;38019031979.0;1.0;1.0
;US-WA;1954;p99p100;256459.7;;0.078299999;0.078299999
;US-WA;1954;p99.9p100;763791.19;;0.0233;0.0233
;US-WA;1954;p99.99p100;2802517.8;;0.0086000003;0.0086000003
;US-WA;1954;p90p100;96089.602;;0.29350001;0.29350001
;US-WA;1954;p90p95;67297.203;;0.1028;0.1028
;US-WA;1954;p95p99;93176.898;;0.1138;0.1138
;US-WA;1954;p99.5p99.9;248185.91;;0.030300001;0.030300001
;US-WA;1954;p99.9p99.99;537254.69;;0.0148;0.0148
;US-WA;1954;p99p99.5;161613.8;;0.024700001;0.024700001
;US-WA;1954;p95p100;125770.3;;0.1921;0.1921
;US-WA;1954;p0p90;25652.699;;0.7051;0.7051
;US-WA;1954;p0p99;30484.199;;0.9217;0.9217
;US-WA;1954;p99.5p100;351306.5;;0.053599998;0.053599998
;US-WA;1953;p0p100;2156933.5;37460338475.0;1.0;1.0
;US-WA;1953;p99p100;249276.8;;0.076399997;0.076399997
;US-WA;1953;p99.9p100;676716.31;;0.0207;0.0207
;US-WA;1953;p99.99p100;1890130.9;;0.0057999999;0.0057999999
;US-WA;1953;p90p100;92940.797;;0.285;0.285
;US-WA;1953;p90p95;64800.699;;0.099299997;0.099299997
;US-WA;1953;p95p99;89913.898;;0.1103;0.1103
;US-WA;1953;p99.5p99.9;255431.0;;0.031300001;0.031300001
;US-WA;1953;p99.9p99.99;542553.81;;0.015;0.015
;US-WA;1953;p99p99.5;159005.2;;0.0244;0.0244
;US-WA;1953;p95p100;121718.8;;0.1866;0.1866
;US-WA;1953;p0p90;25870.801;;0.71390003;0.71390003
;US-WA;1953;p0p99;30425.801;;0.92360002;0.92360002
;US-WA;1953;p99.5p100;339596.5;;0.052099999;0.052099999
;US-WA;1952;p0p100;2130699.8;36091742803.0;1.0;1.0
;US-WA;1952;p99p100;266311.69;;0.083899997;0.083899997
;US-WA;1952;p99.9p100;733362.63;;0.0231;0.0231
;US-WA;1952;p99.99p100;2041116.8;;0.0063999998;0.0063999998
;US-WA;1952;p90p100;93515.602;;0.2947;0.2947
;US-WA;1952;p90p95;63302.801;;0.099699996;0.099699996
;US-WA;1952;p95p99;89147.297;;0.1124;0.1124
;US-WA;1952;p99.5p99.9;272472.31;;0.034299999;0.034299999
;US-WA;1952;p99.9p99.99;588896.19;;0.0167;0.0167
;US-WA;1952;p99p99.5;168161.7;;0.0265;0.0265
;US-WA;1952;p95p100;124487.9;;0.1961;0.1961
;US-WA;1952;p0p90;24823.301;;0.70389998;0.70389998
;US-WA;1952;p0p99;29367.4;;0.91610003;0.91610003
;US-WA;1952;p99.5p100;364527.31;;0.057399999;0.057399999
;US-WA;1951;p0p100;1999221.8;30763667413.0;1.0;1.0
;US-WA;1951;p99p100;321804.69;;0.1128;0.1128
;US-WA;1951;p99.9p100;1013953.3;;0.035599999;0.035599999
;US-WA;1951;p99.99p100;2708232.0;;0.0094999997;0.0094999997
;US-WA;1951;p90p100;94052.602;;0.32980001;0.32980001
;US-WA;1951;p90p95;51091.699;;0.089599997;0.089599997
;US-WA;1951;p95p99;90572.0;;0.127;0.127
;US-WA;1951;p99.5p99.9;320550.59;;0.045000002;0.045000002
;US-WA;1951;p99.9p99.99;826982.5;;0.0261;0.0261
;US-WA;1951;p99p99.5;181900.8;;0.0319;0.0319
;US-WA;1951;p95p100;137253.09;;0.2406;0.2406
;US-WA;1951;p0p99;19327.5;;0.67089999;0.67089999
;US-WA;1951;p99.5p100;460859.19;;0.080799997;0.080799997
;US-WA;1950;p0p100;2389605.5;32593056243.0;1.0;1.0
;US-WA;1950;p99p100;292377.09;;0.0999;0.0999
;US-WA;1950;p99.9p100;906160.69;;0.030999999;0.030999999
;US-WA;1950;p99.99p100;2184951.0;;0.0074999998;0.0074999998
;US-WA;1950;p90p100;90167.602;;0.308;0.308
;US-WA;1950;p90p95;54957.5;;0.093900003;0.093900003
;US-WA;1950;p95p99;83599.203;;0.1142;0.1142
;US-WA;1950;p99.5p99.9;294913.31;;0.0403;0.0403
;US-WA;1950;p99.9p99.99;777857.81;;0.0239;0.0239
;US-WA;1950;p99p99.5;167786.3;;0.0287;0.0287
;US-WA;1950;p95p100;125259.1;;0.2139;0.2139
;US-WA;1950;p0p90;22496.0;;0.69160002;0.69160002
;US-WA;1950;p0p99;26617.801;;0.90009999;0.90009999
;US-WA;1950;p99.5p100;417018.19;;0.071199998;0.071199998
;US-WA;1949;p0p100;2262171.5;29511482197.0;1.0;1.0
;US-WA;1949;p99p100;236986.2;;0.087200001;0.087200001
;US-WA;1949;p99.9p100;688709.13;;0.0253;0.0253
;US-WA;1949;p99.99p100;1806343.8;;0.0066;0.0066
;US-WA;1949;p90p100;80093.797;;0.2947;0.2947
;US-WA;1949;p90p95;53396.301;;0.098200001;0.098200001
;US-WA;1949;p95p99;74098.0;;0.1091;0.1091
;US-WA;1949;p99.5p99.9;244223.8;;0.0359;0.0359
;US-WA;1949;p99.9p99.99;564551.88;;0.0187;0.0187
;US-WA;1949;p99p99.5;140848.7;;0.025900001;0.025900001
;US-WA;1949;p95p100;106612.2;;0.1961;0.1961
;US-WA;1949;p0p90;21305.699;;0.70550001;0.70550001
;US-WA;1949;p0p99;25059.4;;0.91280001;0.91280001
;US-WA;1949;p99.5p100;333121.09;;0.061299998;0.061299998
;US-WA;1948;p0p100;2281204.3;29684119189.0;1.0;1.0
;US-WA;1948;p99p100;280034.59;;0.1002;0.1002
;US-WA;1948;p99.9p100;853397.19;;0.0305;0.0305
;US-WA;1948;p99.99p100;2360362.3;;0.0083999997;0.0083999997
;US-WA;1948;p90p100;85208.5;;0.30489999;0.30489999
;US-WA;1948;p90p95;50762.0;;0.090800002;0.090800002
;US-WA;1948;p95p99;79550.898;;0.1139;0.1139
;US-WA;1948;p99.5p99.9;283711.31;;0.040600002;0.040600002
;US-WA;1948;p99.9p99.99;685980.19;;0.0221;0.0221
;US-WA;1948;p99p99.5;162425.91;;0.029100001;0.029100001
;US-WA;1948;p95p100;119632.4;;0.214;0.214
;US-WA;1948;p0p90;21585.4;;0.69510001;0.69510001
;US-WA;1948;p0p99;25401.1;;0.8998;0.8998
;US-WA;1948;p99.5p100;397646.59;;0.071099997;0.071099997
;US-WA;1947;p0p100;2562186.0;28073827837.0;1.0;1.0
;US-WA;1947;p99p100;239534.0;;0.088600002;0.088600002
;US-WA;1947;p99.9p100;719279.5;;0.0266;0.0266
;US-WA;1947;p99.99p100;2204978.8;;0.0082;0.0082
;US-WA;1947;p90p100;73814.5;;0.27309999;0.27309999
;US-WA;1947;p90p95;43916.699;;0.081299998;0.081299998
;US-WA;1947;p95p99;69769.297;;0.1033;0.1033
;US-WA;1947;p99.5p99.9;239082.59;;0.035399999;0.035399999
;US-WA;1947;p99.9p99.99;554234.0;;0.0185;0.0185
;US-WA;1947;p99p99.5;143929.41;;0.0266;0.0266
;US-WA;1947;p95p100;103714.1;;0.1919;0.1919
;US-WA;1947;p0p90;21825.9;;0.72689998;0.72689998
;US-WA;1947;p0p99;24878.699;;0.91140002;0.91140002
;US-WA;1947;p99.5p100;335120.81;;0.061999999;0.061999999
;US-WA;1946;p0p100;3565871.3;29156062380.0;1.0;1.0
;US-WA;1946;p99p100;258473.0;;0.089900002;0.089900002
;US-WA;1946;p99.9p100;772604.31;;0.026900001;0.026900001
;US-WA;1946;p99.99p100;2113585.5;;0.0073000002;0.0073000002
;US-WA;1946;p90p100;77933.297;;0.271;0.271
;US-WA;1946;p90p95;45752.5;;0.079499997;0.079499997
;US-WA;1946;p95p99;73033.203;;0.1016;0.1016
;US-WA;1946;p99.5p99.9;261388.09;;0.036400001;0.036400001
;US-WA;1946;p99.9p99.99;623639.63;;0.0195;0.0195
;US-WA;1946;p99p99.5;153287.8;;0.0266;0.0266
;US-WA;1946;p95p100;110115.4;;0.19140001;0.19140001
;US-WA;1946;p0p90;23295.699;;0.72899997;0.72899997
;US-WA;1946;p0p99;26439.301;;0.91009998;0.91009998
;US-WA;1946;p99.5p100;363630.69;;0.063199997;0.063199997
;US-WA;1945;p0p100;4575219.5;31259535707.0;1.0;1.0
;US-WA;1945;p99p100;249938.5;;0.079800002;0.079800002
;US-WA;1945;p99.9p100;735300.81;;0.023499999;0.023499999
;US-WA;1945;p99.99p100;1776264.4;;0.0057000001;0.0057000001
;US-WA;1945;p90p100;77273.797;;0.2467;0.2467
;US-WA;1945;p90p95;48526.602;;0.077500001;0.077500001
;US-WA;1945;p95p99;70062.898;;0.089500003;0.089500003
;US-WA;1945;p99.5p99.9;256626.59;;0.0328;0.0328
;US-WA;1945;p99.9p99.99;623140.38;;0.017899999;0.017899999
;US-WA;1945;p99p99.5;147500.7;;0.023499999;0.023499999
;US-WA;1945;p95p100;106025.1;;0.1692;0.1692
;US-WA;1945;p0p90;26215.6;;0.75319999;0.75319999
;US-WA;1945;p0p99;29117.199;;0.92019999;0.92019999
;US-WA;1945;p99.5p100;352334.19;;0.056200001;0.056200001
;US-WA;1944;p0p100;5124841.5;32921517146.0;1.0;1.0
;US-WA;1944;p99p100;244349.3;;0.072800003;0.072800003
;US-WA;1944;p99.9p100;756403.13;;0.022500001;0.022500001
;US-WA;1944;p99.99p100;1945801.9;;0.0057999999;0.0057999999
;US-WA;1944;p90p100;74735.898;;0.2228;0.2228
;US-WA;1944;p90p95;45906.898;;0.068400003;0.068400003
;US-WA;1944;p95p99;68911.297;;0.082199998;0.082199998
;US-WA;1944;p99.5p99.9;245428.59;;0.029300001;0.029300001
;US-WA;1944;p99.9p99.99;624870.38;;0.016799999;0.016799999
;US-WA;1944;p99p99.5;141204.7;;0.021;0.021
;US-WA;1944;p95p100;103829.5;;0.1548;0.1548
;US-WA;1944;p0p90;28941.1;;0.77649999;0.77649999
;US-WA;1944;p0p99;31414.1;;0.92720002;0.92720002
;US-WA;1944;p99.5p100;347657.31;;0.051800001;0.051800001
;US-WA;1943;p0p100;5356230.5;32654195161.0;1.0;1.0
;US-WA;1943;p99p100;303326.19;;0.089599997;0.089599997
;US-WA;1943;p99.9p100;981754.31;;0.028999999;0.028999999
;US-WA;1943;p99.99p100;2466165.3;;0.0073000002;0.0073000002
;US-WA;1943;p90p100;85821.703;;0.2534;0.2534
;US-WA;1943;p90p95;47464.602;;0.070100002;0.070100002
;US-WA;1943;p95p99;79379.703;;0.093699999;0.093699999
;US-WA;1943;p99.5p99.9;305785.5;;0.0361;0.0361
;US-WA;1943;p99.9p99.99;821773.13;;0.0218;0.0218
;US-WA;1943;p99p99.5;165626.8;;0.0244;0.0244
;US-WA;1943;p95p100;124186.1;;0.1833;0.1833
;US-WA;1943;p0p90;28094.301;;0.74650002;0.74650002
;US-WA;1943;p0p99;31149.0;;0.91039997;0.91039997
;US-WA;1943;p99.5p100;441005.69;;0.065099999;0.065099999
;US-WA;1942;p0p100;4597030.5;23410479797.0;1.0;1.0
;US-WA;1942;p99p100;264592.91;;0.1026;0.1026
;US-WA;1942;p99.9p100;879935.81;;0.0341;0.0341
;US-WA;1942;p99.99p100;2639733.0;;0.0102;0.0102
;US-WA;1942;p90p100;76264.602;;0.2956;0.2956
;US-WA;1942;p90p95;46236.5;;0.089599997;0.089599997
;US-WA;1942;p95p99;66692.102;;0.1034;0.1034
;US-WA;1942;p99.5p99.9;263623.5;;0.040899999;0.040899999
;US-WA;1942;p99.9p99.99;684171.81;;0.0239;0.0239
;US-WA;1942;p99p99.5;142226.91;;0.0276;0.0276
;US-WA;1942;p95p100;106289.4;;0.206;0.206
;US-WA;1942;p0p90;20194.9;;0.70450002;0.70450002
;US-WA;1942;p0p99;23388.199;;0.89740002;0.89740002
;US-WA;1942;p99.5p100;386926.09;;0.075000003;0.075000003
;US-WA;1941;p0p100;4158289.3;17000280869.0;1.0;1.0
;US-WA;1941;p99p100;228266.3;;0.1198;0.1198
;US-WA;1941;p99.9p100;779279.13;;0.040899999;0.040899999
;US-WA;1941;p99.99p100;2455187.3;;0.0129;0.0129
;US-WA;1941;p90p100;69782.898;;0.36610001;0.36610001
;US-WA;1941;p90p95;44299.102;;0.1162;0.1162
;US-WA;1941;p95p99;62118.0;;0.1304;0.1304
;US-WA;1941;p99.5p99.9;223078.41;;0.046799999;0.046799999
;US-WA;1941;p99.9p99.99;592707.13;;0.028000001;0.028000001
;US-WA;1941;p99p99.5;122065.1;;0.032000002;0.032000002
;US-WA;1941;p95p100;95403.898;;0.25029999;0.25029999
;US-WA;1941;p0p90;13419.6;;0.63370001;0.63370001
;US-WA;1941;p0p99;16945.699;;0.88020003;0.88020003
;US-WA;1941;p99.5p100;334395.09;;0.087700002;0.087700002
;US-WA;1940;p0p100;3619418.8;13207553686.0;1.0;1.0
;US-WA;1940;p99p100;184264.5;;0.1225;0.1225
;US-WA;1940;p99.9p100;579599.38;;0.0385;0.0385
;US-WA;1940;p99.99p100;1674819.3;;0.0111;0.0111
;US-WA;1940;p90p100;62946.898;;0.4183;0.4183
;US-WA;1940;p90p95;41459.801;;0.13779999;0.13779999
;US-WA;1940;p95p99;59317.898;;0.1577;0.1577
;US-WA;1940;p99.5p99.9;181085.41;;0.048099998;0.048099998
;US-WA;1940;p99.9p99.99;457381.0;;0.0274;0.0274
;US-WA;1940;p99p99.5;107468.8;;0.035700001;0.035700001
;US-WA;1940;p95p100;84387.898;;0.28040001;0.28040001
;US-WA;1940;p0p90;9733.5996;;0.58219999;0.58219999
;US-WA;1940;p0p99;13337.5;;0.8775;0.8775
;US-WA;1940;p99.5p100;260902.2;;0.0867;0.0867
;US-WA;1939;p0p100;3500492.3;12224997904.0;1.0;1.0
;US-WA;1939;p99p100;163237.0;;0.1143;0.1143
;US-WA;1939;p99.9p100;493237.09;;0.034499999;0.034499999
;US-WA;1939;p99.99p100;1376076.9;;0.0096000005;0.0096000005
;US-WA;1939;p90p100;59675.102;;0.41800001;0.41800001
;US-WA;1939;p90p95;40298.199;;0.1411;0.1411
;US-WA;1939;p95p99;58614.801;;0.16419999;0.16419999
;US-WA;1939;p99.5p99.9;155967.3;;0.043699998;0.043699998
;US-WA;1939;p99.9p99.99;394911.31;;0.024900001;0.024900001
;US-WA;1939;p99p99.5;102786.5;;0.035999998;0.035999998
;US-WA;1939;p95p100;79635.102;;0.2789;0.2789
;US-WA;1939;p0p90;9206.9004;;0.58039999;0.58039999
;US-WA;1939;p0p99;12771.9;;0.88569999;0.88569999
;US-WA;1939;p99.5p100;223505.2;;0.078299999;0.078299999
;US-WA;1938;p0p100;3537256.3;12945641281.0;1.0;1.0
;US-WA;1938;p99p100;149607.41;;0.1008;0.1008
;US-WA;1938;p99.9p100;440561.59;;0.0297;0.0297
;US-WA;1938;p99.99p100;1312343.6;;0.0088;0.0088
;US-WA;1938;p90p100;55982.301;;0.37709999;0.37709999
;US-WA;1938;p90p95;39203.602;;0.132;0.132
;US-WA;1938;p95p99;55555.102;;0.1497;0.1497
;US-WA;1938;p99.5p99.9;143112.3;;0.038600001;0.038600001
;US-WA;1938;p99.9p99.99;342554.41;;0.0208;0.0208
;US-WA;1938;p99p99.5;96048.203;;0.032299999;0.032299999
;US-WA;1938;p95p100;74476.898;;0.25080001;0.25080001
;US-WA;1938;p0p90;10190.0;;0.6178;0.6178
;US-WA;1938;p0p99;13484.4;;0.89920002;0.89920002
;US-WA;1938;p99.5p100;202858.41;;0.068300001;0.068300001
;US-WA;1937;p0p100;3494114.3;12980296694.0;1.0;1.0
;US-WA;1937;p99p100;179332.5;;0.1178;0.1178
;US-WA;1937;p99.9p100;575054.0;;0.037799999;0.037799999
;US-WA;1937;p99.99p100;1648305.1;;0.0108;0.0108
;US-WA;1937;p90p100;58843.0;;0.3865;0.3865
;US-WA;1937;p90p95;37291.898;;0.1225;0.1225
;US-WA;1937;p95p99;57192.602;;0.1503;0.1503
;US-WA;1937;p99.5p99.9;173479.8;;0.045600001;0.045600001
;US-WA;1937;p99.9p99.99;455834.69;;0.026900001;0.026900001
;US-WA;1937;p99p99.5;104876.5;;0.034400001;0.034400001
;US-WA;1937;p95p100;81603.602;;0.26800001;0.26800001
;US-WA;1937;p0p90;10311.3;;0.60949999;0.60949999
;US-WA;1937;p0p99;13568.2;;0.8822;0.8822
;US-WA;1937;p99.5p100;253793.91;;0.083300002;0.083300002
;US-WA;1936;p0p100;3702513.5;12547275933.0;1.0;1.0
;US-WA;1936;p99p100;187628.7;;0.1249;0.1249
;US-WA;1936;p99.9p100;611060.31;;0.0407;0.0407
;US-WA;1936;p99.99p100;1687131.1;;0.0112;0.0112
;US-WA;1936;p90p100;59203.398;;0.39399999;0.39399999
;US-WA;1936;p90p95;36966.398;;0.123;0.123
;US-WA;1936;p95p99;57430.898;;0.1529;0.1529
;US-WA;1936;p99.5p99.9;181259.41;;0.0482;0.0482
;US-WA;1936;p99.9p99.99;491526.59;;0.0294;0.0294
;US-WA;1936;p99p99.5;108051.0;;0.035999998;0.035999998
;US-WA;1936;p95p100;83495.0;;0.27779999;0.27779999
;US-WA;1936;p0p90;10006.7;;0.59930003;0.59930003
;US-WA;1936;p0p99;13284.5;;0.87510002;0.87510002
;US-WA;1936;p99.5p100;267217.31;;0.0889;0.0889
;US-WA;1935;p0p100;3323741.3;10817045552.0;1.0;1.0
;US-WA;1935;p99p100;146548.41;;0.1108;0.1108
;US-WA;1935;p99.9p100;432250.41;;0.032699998;0.032699998
;US-WA;1935;p99.99p100;1176827.8;;0.0088999998;0.0088999998
;US-WA;1935;p90p100;51789.898;;0.39140001;0.39140001
;US-WA;1935;p90p95;34453.898;;0.1302;0.1302
;US-WA;1935;p95p99;52895.898;;0.15989999;0.15989999
;US-WA;1935;p99.5p99.9;141265.7;;0.0427;0.0427
;US-WA;1935;p99.9p99.99;349543.59;;0.023800001;0.023800001
;US-WA;1935;p99p99.5;93659.602;;0.035399999;0.035399999
;US-WA;1935;p95p100;71395.398;;0.26980001;0.26980001
;US-WA;1935;p0p90;8808.4004;;0.59909999;0.59909999
;US-WA;1935;p0p99;11885.1;;0.88919997;0.88919997
;US-WA;1935;p99.5p100;199455.09;;0.075400002;0.075400002
;US-WA;1934;p0p100;3224301.5;9774866276.0;1.0;1.0
;US-WA;1934;p99p100;128900.9;;0.1055;0.1055
;US-WA;1934;p99.9p100;367182.69;;0.030099999;0.030099999
;US-WA;1934;p99.99p100;950059.5;;0.0077999998;0.0077999998
;US-WA;1934;p90p100;45484.301;;0.37220001;0.37220001
;US-WA;1934;p90p95;28823.1;;0.1179;0.1179
;US-WA;1934;p95p99;48359.301;;0.1583;0.1583
;US-WA;1934;p99.5p99.9;124414.3;;0.0407;0.0407
;US-WA;1934;p99.9p99.99;302445.91;;0.022299999;0.022299999
;US-WA;1934;p99p99.5;84815.398;;0.034699999;0.034699999
;US-WA;1934;p95p100;63845.898;;0.2613;0.2613
;US-WA;1934;p0p90;8393.7998;;0.61830002;0.61830002
;US-WA;1934;p0p99;11040.3;;0.89450002;0.89450002
;US-WA;1934;p99.5p100;172959.5;;0.070799999;0.070799999
;US-WA;1933;p0p100;3102314.0;8621880620.0;1.0;1.0
;US-WA;1933;p99p100;109281.5;;0.099299997;0.099299997
;US-WA;1933;p99.9p100;300539.19;;0.0273;0.0273
;US-WA;1933;p99.99p100;884499.31;;0.0080000004;0.0080000004
;US-WA;1933;p90p100;42567.0;;0.3867;0.3867
;US-WA;1933;p90p95;28579.6;;0.12980001;0.12980001
;US-WA;1933;p95p99;46761.0;;0.1699;0.1699
;US-WA;1933;p99.5p99.9;106971.6;;0.038899999;0.038899999
;US-WA;1933;p99.9p99.99;235654.7;;0.019300001;0.019300001
;US-WA;1933;p99p99.5;72877.898;;0.033100002;0.033100002
;US-WA;1933;p95p100;58656.0;;0.2665;0.2665
;US-WA;1933;p0p90;7349.3999;;0.60089999;0.60089999
;US-WA;1933;p0p99;10014.0;;0.90069997;0.90069997
;US-WA;1933;p99.5p100;145685.2;;0.066200003;0.066200003
;US-WA;1932;p0p100;2923410.8;8844066266.0;1.0;1.0
;US-WA;1932;p99p100;108107.1;;0.093800001;0.093800001
;US-WA;1932;p99.9p100;290337.31;;0.0252;0.0252
;US-WA;1932;p99.99p100;874743.88;;0.0076000001;0.0076000001
;US-WA;1932;p90p100;43492.602;;0.37740001;0.37740001
;US-WA;1932;p90p95;30354.0;;0.13169999;0.13169999
;US-WA;1932;p95p99;47027.602;;0.16320001;0.16320001
;US-WA;1932;p99.5p99.9;104478.9;;0.0363;0.0363
;US-WA;1932;p99.9p99.99;225403.2;;0.0176;0.0176
;US-WA;1932;p99p99.5;74563.602;;0.032299999;0.032299999
;US-WA;1932;p95p100;58646.398;;0.25440001;0.25440001
;US-WA;1932;p0p90;7828.0;;0.61129999;0.61129999
;US-WA;1932;p0p99;10549.5;;0.90619999;0.90619999
;US-WA;1932;p99.5p100;141650.59;;0.061500002;0.061500002
;US-WA;1931;p0p100;2832829.8;10430626564.0;1.0;1.0
;US-WA;1931;p99p100;138336.0;;0.099699996;0.099699996
;US-WA;1931;p99.9p100;390474.91;;0.028100001;0.028100001
;US-WA;1931;p99.99p100;1277431.3;;0.0092000002;0.0092000002
;US-WA;1931;p90p100;53755.102;;0.3872;0.3872
;US-WA;1931;p90p95;41147.801;;0.14820001;0.14820001
;US-WA;1931;p95p99;56196.0;;0.1619;0.1619
;US-WA;1931;p99.5p99.9;134603.91;;0.038800001;0.038800001
;US-WA;1931;p99.9p99.99;291924.19;;0.0189;0.0189
;US-WA;1931;p99p99.5;90893.898;;0.032699998;0.032699998
;US-WA;1931;p95p100;71622.602;;0.25799999;0.25799999
;US-WA;1931;p0p90;9104.0;;0.59020001;0.59020001
;US-WA;1931;p0p99;12625.0;;0.90030003;0.90030003
;US-WA;1931;p99.5p100;185778.09;;0.0669;0.0669
;US-WA;1930;p0p100;2731762.5;11825345499.0;1.0;1.0
;US-WA;1930;p99p100;170490.09;;0.1059;0.1059
;US-WA;1930;p99.9p100;576416.38;;0.035799999;0.035799999
;US-WA;1930;p99.99p100;2202029.3;;0.0137;0.0137
;US-WA;1930;p90p100;58778.199;;0.36520001;0.36520001
;US-WA;1930;p90p95;43400.398;;0.1348;0.1348
;US-WA;1930;p95p99;58462.5;;0.1453;0.1453
;US-WA;1930;p99.5p99.9;155805.2;;0.038699999;0.038699999
;US-WA;1930;p99.9p99.99;395792.81;;0.0221;0.0221
;US-WA;1930;p99p99.5;101052.8;;0.031399999;0.031399999
;US-WA;1930;p95p100;80183.797;;0.2491;0.2491
;US-WA;1930;p0p90;10979.5;;0.61400002;0.61400002
;US-WA;1930;p0p99;14535.4;;0.89410001;0.89410001
;US-WA;1930;p99.5p100;239927.41;;0.074500002;0.074500002
;US-WA;1929;p0p100;2970726.5;13353050423.0;1.0;1.0
;US-WA;1929;p99p100;238295.09;;0.1293;0.1293
;US-WA;1929;p99.9p100;1025897.3;;0.0557;0.0557
;US-WA;1929;p99.99p100;5029201.0;;0.0273;0.0273
;US-WA;1929;p90p100;66818.297;;0.36269999;0.36269999
;US-WA;1929;p90p95;42671.898;;0.1158;0.1158
;US-WA;1929;p95p99;61996.0;;0.1346;0.1346
;US-WA;1929;p99.5p99.9;194205.5;;0.042199999;0.042199999
;US-WA;1929;p99.9p99.99;581085.69;;0.0284;0.0284
;US-WA;1929;p99p99.5;116046.4;;0.031500001;0.031500001
;US-WA;1929;p95p100;96875.797;;0.26289999;0.26289999
;US-WA;1929;p0p90;12698.3;;0.62029999;0.62029999
;US-WA;1929;p0p99;16203.9;;0.8707;0.8707
;US-WA;1929;p99.5p100;360543.81;;0.097800002;0.097800002
;US-WA;1928;p0p100;2943856.0;13054944119.0;1.0;1.0
;US-WA;1928;p99p100;206086.5;;0.1129;0.1129
;US-WA;1928;p99.9p100;736813.81;;0.040399998;0.040399998
;US-WA;1928;p99.99p100;2492205.3;;0.0136;0.0136
;US-WA;1928;p90p100;60845.0;;0.33320001;0.33320001
;US-WA;1928;p90p95;40068.602;;0.1097;0.1097
;US-WA;1928;p95p99;58308.5;;0.1277;0.1277
;US-WA;1928;p99.5p99.9;189974.0;;0.0416;0.0416
;US-WA;1928;p99.9p99.99;541770.38;;0.026699999;0.026699999
;US-WA;1928;p99p99.5;112831.0;;0.0309;0.0309
;US-WA;1928;p95p100;87436.0;;0.2394;0.2394
;US-WA;1928;p0p90;13179.5;;0.64969999;0.64969999
;US-WA;1928;p0p99;16360.9;;0.88709998;0.88709998
;US-WA;1928;p99.5p100;299341.91;;0.082000002;0.082000002
;US-WA;1927;p0p100;2788354.3;12509427836.0;1.0;1.0
;US-WA;1927;p99p100;174653.09;;0.098300003;0.098300003
;US-WA;1927;p99.9p100;559541.63;;0.031500001;0.031500001
;US-WA;1927;p99.99p100;1741739.3;;0.0098000001;0.0098000001
;US-WA;1927;p90p100;57529.602;;0.3238;0.3238
;US-WA;1927;p90p95;38513.5;;0.1084;0.1084
;US-WA;1927;p95p99;58561.5;;0.1318;0.1318
;US-WA;1927;p99.5p99.9;166269.59;;0.0374;0.0374
;US-WA;1927;p99.9p99.99;428186.31;;0.0217;0.0217
;US-WA;1927;p99p99.5;104382.2;;0.0294;0.0294
;US-WA;1927;p95p100;81319.0;;0.2288;0.2288
;US-WA;1927;p0p90;13060.3;;0.66149998;0.66149998
;US-WA;1927;p0p99;16184.2;;0.90170002;0.90170002
;US-WA;1927;p99.5p100;244924.0;;0.068899997;0.068899997
;US-WA;1926;p0p100;2694281.5;12342914788.0;1.0;1.0
;US-WA;1926;p99p100;169115.59;;0.094800003;0.094800003
;US-WA;1926;p99.9p100;534052.69;;0.029899999;0.029899999
;US-WA;1926;p99.99p100;1643407.3;;0.0092000002;0.0092000002
;US-WA;1926;p90p100;55616.199;;0.3118;0.3118
;US-WA;1926;p90p95;36847.5;;0.1033;0.1033
;US-WA;1926;p95p99;56015.301;;0.1256;0.1256
;US-WA;1926;p99.5p99.9;162149.41;;0.036400001;0.036400001
;US-WA;1926;p99.9p99.99;410791.09;;0.0207;0.0207
;US-WA;1926;p99p99.5;101701.1;;0.0285;0.0285
;US-WA;1926;p95p100;78289.898;;0.21950001;0.21950001
;US-WA;1926;p0p90;13402.2;;0.67629999;0.67629999
;US-WA;1926;p0p99;16308.1;;0.9052;0.9052
;US-WA;1926;p99.5p100;236530.09;;0.066299997;0.066299997
;US-WA;1925;p0p100;2788032.3;12322886999.0;1.0;1.0
;US-WA;1925;p99p100;169158.0;;0.093400002;0.093400002
;US-WA;1925;p99.9p100;530560.31;;0.029300001;0.029300001
;US-WA;1925;p99.99p100;1534150.6;;0.0085000005;0.0085000005
;US-WA;1925;p90p100;58778.301;;0.32460001;0.32460001
;US-WA;1925;p90p95;45083.301;;0.1245;0.1245
;US-WA;1925;p95p99;56520.301;;0.1248;0.1248
;US-WA;1925;p99.5p99.9;163557.8;;0.0361;0.0361
;US-WA;1925;p99.9p99.99;419050.31;;0.0208;0.0208
;US-WA;1925;p99p99.5;101357.7;;0.028000001;0.028000001
;US-WA;1925;p95p100;78683.297;;0.2172;0.2172
;US-WA;1925;p0p90;13226.3;;0.6573;0.6573
;US-WA;1925;p0p99;16584.5;;0.9066;0.9066
;US-WA;1925;p99.5p100;236958.3;;0.065399997;0.065399997
;US-WA;1924;p0p100;2855480.3;11783822211.0;1.0;1.0
;US-WA;1924;p99p100;151115.3;;0.085699998;0.085699998
;US-WA;1924;p99.9p100;460880.59;;0.0261;0.0261
;US-WA;1924;p99.99p100;1210800.8;;0.0068999999;0.0068999999
;US-WA;1924;p90p100;59518.801;;0.33739999;0.33739999
;US-WA;1924;p90p95;44296.801;;0.12549999;0.12549999
;US-WA;1924;p95p99;56848.398;;0.12890001;0.12890001
;US-WA;1924;p99.5p99.9;147724.8;;0.033500001;0.033500001
;US-WA;1924;p99.9p99.99;377556.19;;0.019300001;0.019300001
;US-WA;1924;p99p99.5;91874.602;;0.026000001;0.026000001
;US-WA;1924;p95p100;75701.703;;0.2146;0.2146
;US-WA;1924;p0p90;12934.6;;0.65990001;0.65990001
;US-WA;1924;p0p99;16292.9;;0.91430002;0.91430002
;US-WA;1924;p99.5p100;210355.91;;0.059599999;0.059599999
;US-WA;1923;p0p100;2930949.5;11776999865.0;1.0;1.0
;US-WA;1923;p99p100;136753.59;;0.075800002;0.075800002
;US-WA;1923;p99.9p100;443039.09;;0.024599999;0.024599999
;US-WA;1923;p99.99p100;1132937.0;;0.0063;0.0063
;US-WA;1923;p90p100;52833.0;;0.2929;0.2929
;US-WA;1923;p90p95;37768.102;;0.1047;0.1047
;US-WA;1923;p95p99;51130.0;;0.1134;0.1134
;US-WA;1923;p99.5p99.9;133395.8;;0.0296;0.0296
;US-WA;1923;p99.9p99.99;366385.81;;0.018300001;0.018300001
;US-WA;1923;p99p99.5;78183.102;;0.0217;0.0217
;US-WA;1923;p95p100;68254.703;;0.1892;0.1892
;US-WA;1923;p0p90;14150.6;;0.70609999;0.70609999
;US-WA;1923;p0p99;16837.5;;0.9242;0.9242
;US-WA;1923;p99.5p100;195324.3;;0.054099999;0.054099999
;US-WA;1922;p0p100;2809787.0;10671395850.0;1.0;1.0
;US-WA;1922;p99p100;133980.8;;0.080300003;0.080300003
;US-WA;1922;p99.9p100;418283.5;;0.0251;0.0251
;US-WA;1922;p99.99p100;1181518.1;;0.0071;0.0071
;US-WA;1922;p90p100;49897.602;;0.29899999;0.29899999
;US-WA;1922;p90p95;33945.5;;0.1017;0.1017
;US-WA;1922;p95p99;49311.602;;0.1182;0.1182
;US-WA;1922;p99.5p99.9;129632.6;;0.031099999;0.031099999
;US-WA;1922;p99.9p99.99;333479.59;;0.017999999;0.017999999
;US-WA;1922;p99p99.5;80598.898;;0.0241;0.0241
;US-WA;1922;p95p100;66245.5;;0.19850001;0.19850001
;US-WA;1922;p0p90;12975.3;;0.69980001;0.69980001
;US-WA;1922;p0p99;15502.6;;0.91970003;0.91970003
;US-WA;1922;p99.5p100;187362.8;;0.0561;0.0561
;US-WA;1921;p0p100;2181824.8;9281662192.0;1.0;1.0
;US-WA;1921;p99p100;114693.0;;0.077600002;0.077600002
;US-WA;1921;p99.9p100;347455.09;;0.023499999;0.023499999
;US-WA;1921;p99.99p100;1031555.1;;0.0070000002;0.0070000002
;US-WA;1921;p90p100;44327.5;;0.3001;0.3001
;US-WA;1921;p90p95;29943.699;;0.1013;0.1013
;US-WA;1921;p95p99;45043.5;;0.122;0.122
;US-WA;1921;p99.5p99.9;111414.5;;0.030200001;0.030200001
;US-WA;1921;p99.9p99.99;271444.0;;0.0165;0.0165
;US-WA;1921;p99p99.5;70763.297;;0.024;0.024
;US-WA;1921;p95p100;58973.398;;0.1996;0.1996
;US-WA;1921;p0p90;11474.1;;0.699;0.699
;US-WA;1921;p0p99;13763.3;;0.9224;0.9224
;US-WA;1921;p99.5p100;158622.59;;0.0537;0.0537
;US-WA;1920;p0p100;1614235.3;8039369237.0;1.0;1.0
;US-WA;1920;p99p100;133410.8;;0.097400002;0.097400002
;US-WA;1920;p99.9p100;408568.91;;0.0298;0.0298
;US-WA;1920;p99.99p100;1241175.8;;0.0091000004;0.0091000004
;US-WA;1920;p90p100;45789.301;;0.33430001;0.33430001
;US-WA;1920;p90p95;30083.6;;0.1098;0.1098
;US-WA;1920;p95p99;43844.0;;0.12809999;0.12809999
;US-WA;1920;p99.5p99.9;131993.8;;0.038600001;0.038600001
;US-WA;1920;p99.9p99.99;316057.0;;0.0208;0.0208
;US-WA;1920;p99p99.5;79512.703;;0.028999999;0.028999999
;US-WA;1920;p95p100;61757.398;;0.2255;0.2255
;US-WA;1920;p0p90;10114.9;;0.66469997;0.66469997
;US-WA;1920;p0p99;12486.2;;0.90259999;0.90259999
;US-WA;1920;p99.5p100;187308.8;;0.068400003;0.068400003
;US-WA;1919;p0p100;2577635.5;9271963636.0;1.0;1.0
;US-WA;1919;p99p100;191480.3;;0.1175;0.1175
;US-WA;1919;p99.9p100;627081.81;;0.0385;0.0385
;US-WA;1919;p99.99p100;1995334.8;;0.0122;0.0122
;US-WA;1919;p90p100;57497.898;;0.3527;0.3527
;US-WA;1919;p90p95;33677.0;;0.1033;0.1033
;US-WA;1919;p95p99;54244.102;;0.1331;0.1331
;US-WA;1919;p99.5p99.9;184356.3;;0.045200001;0.045200001
;US-WA;1919;p99.9p99.99;475301.41;;0.0262;0.0262
;US-WA;1919;p99p99.5;109738.0;;0.0337;0.0337
;US-WA;1919;p95p100;81691.297;;0.25060001;0.25060001
;US-WA;1919;p0p90;11703.3;;0.6462;0.6462
;US-WA;1919;p0p99;14530.5;;0.88249999;0.88249999
;US-WA;1919;p99.5p100;273222.59;;0.083800003;0.083800003
;US-WA;1918;p0p100;3373055.5;8964676058.0;1.0;1.0
;US-WA;1918;p99p100;179017.91;;0.1107;0.1107
;US-WA;1918;p99.9p100;591179.31;;0.036600001;0.036600001
;US-WA;1918;p99.99p100;1906457.4;;0.0118;0.0118
;US-WA;1918;p90p100;58198.699;;0.3599;0.3599
;US-WA;1918;p90p95;39759.898;;0.123;0.123
;US-WA;1918;p95p99;52559.0;;0.13;0.13
;US-WA;1918;p99.5p99.9;174371.59;;0.043099999;0.043099999
;US-WA;1918;p99.9p99.99;445041.69;;0.024800001;0.024800001
;US-WA;1918;p99p99.5;100304.6;;0.030999999;0.030999999
;US-WA;1918;p95p100;77850.602;;0.24070001;0.24070001
;US-WA;1918;p0p90;11431.6;;0.63630003;0.63630003
;US-WA;1918;p0p99;14524.1;;0.88929999;0.88929999
;US-WA;1918;p99.5p100;257732.0;;0.079700001;0.079700001
;US-WA;1917;p0p100;4878684.5;9282792245.0;1.0;1.0
;US-WA;1917;p99p100;192419.7;;0.1135;0.1135
;US-WA;1917;p99.9p100;715658.13;;0.042199999;0.042199999
;US-WA;1917;p99.99p100;2379370.8;;0.014;0.014
;US-WA;1917;p90p100;57163.0;;0.33719999;0.33719999
;US-WA;1917;p90p95;37331.301;;0.1101;0.1101
