Variable Name;.;.;.;Fiscal income  | tax unit | Average | Adults | constant 2015 local currency;Fiscal income  | tax unit | Total | Adults | constant 2015 local currency;Fiscal income  | tax unit | Share | Adults | share of total (ratio);Pre-tax national income  | tax unit | Share | Adults | share of total (ratio)
Variable Category;.;.;.;Income inequality;Income inequality;Income inequality;Income inequality
Variable Description;.;.;.;Average Fiscal income within a given percentile group. Fiscal income is defined as the sum of all income items reported on income tax returns, before any deduction. It includes labour income, capital income and mixed income. The concept of fiscal income varies with national tax legislations, so in order to make international comparisons it is preferable to use the concept of national income. The population is comprised of individuals over age 20. The base unit is the tax unit defined by national fiscal administrations to measure personal income taxes.;Total Fiscal income  within a given percentile group. Fiscal income is defined as the sum of all income items reported on income tax returns, before any deduction. It includes labour income, capital income and mixed income. The concept of fiscal income varies with national tax legislations, so in order to make international comparisons it is preferable to use the concept of national income. The population is comprised of individuals over age 20.;Fiscal income share held by a given percentile group. Fiscal income is defined as the sum of all income items reported on income tax returns, before any deduction. It includes labour income, capital income and mixed income. The concept of fiscal income varies with national tax legislations, so in order to make international comparisons it is preferable to use the concept of national income. The population is comprised of individuals over age 20. The base unit is the tax unit defined by national fiscal administrations to measure personal income taxes.;Pre-tax national income share held by a given percentile group. Pre-tax national income  is the sum of all pre-tax personal income flows accruing to the owners of the production factors, labor and capital, before taking into account the operation of the tax/transfer system, but after taking into account the operation of pension system. The central difference between personal factor income and pre-tax income is the treatment of pensions, which are counted on a contribution basis by factor income and on a distribution basis by pre-tax income. The population is comprised of individuals over age 20. The base unit is the tax unit defined by national fiscal administrations to measure personal income taxes.
Variable Decomposition;.;.;.;[Fiscal income ]=[Fiscal labour income ]+[Fiscal capital income ];[Fiscal income ]=[Fiscal labour income ]+[Fiscal capital income ];[Fiscal income ]=[Fiscal labour income ]+[Fiscal capital income ];Pre-tax national income =Pre-tax labor income [total pre-tax income ranking]+Pre-tax capital income [total pre-tax income ranking]
Variable Unit;.;.;.;"USD; United States dollar | local currency | market";"USD; United States dollar | local currency | market";share;share
Methodological Notes;.;.;.;;;;Assuming the same distribution as fiscal income.
Sources;.;.;.;Frank, Sommeiller, Price & Saez (2015);Frank, Sommeiller, Price & Saez (2015);Frank, Sommeiller, Price & Saez (2015);WID.world computations using: Frank, Sommeiller, Price & Saez (2015)
Variable Code;country;year;perc;afiinc992t;mfiinc992t;sfiinc992t;sptinc992t
;US-VT;2015;p0p100;61039.199;20544499316.0;1.0;1.0
;US-VT;2015;p99p100;903177.0;;0.148;0.148
;US-VT;2015;p99.9p100;3752919.5;;0.061500002;0.061500002
;US-VT;2015;p99.99p100;14978363.0;;0.024499999;0.024499999
;US-VT;2015;p90p100;256992.91;;0.421;0.421
;US-VT;2015;p90p95;145214.8;;0.119;0.119
;US-VT;2015;p95p99;233576.41;;0.1531;0.1531
;US-VT;2015;p99.5p99.9;787601.31;;0.051600002;0.051600002
;US-VT;2015;p99.9p99.99;2542762.5;;0.037500001;0.037500001
;US-VT;2015;p99p99.5;423866.81;;0.034699999;0.034699999
;US-VT;2015;p95p100;368013.19;;0.30149999;0.30149999
;US-VT;2015;p0p90;39310.398;;0.57959998;0.57959998
;US-VT;2015;p0p99;52532.801;;0.852;0.852
;US-VT;2015;p99.5p100;1380817.5;;0.1131;0.1131
;US-VT;2014;p0p100;59247.5;19894184885.0;1.0;1.0
;US-VT;2014;p99p100;892665.81;;0.15099999;0.15099999
;US-VT;2014;p99.9p100;3648450.5;;0.061700001;0.061700001
;US-VT;2014;p99.99p100;14549934.0;;0.024599999;0.024599999
;US-VT;2014;p90p100;250303.8;;0.4235;0.4235
;US-VT;2014;p90p95;141227.5;;0.1195;0.1195
;US-VT;2014;p95p99;225805.5;;0.15279999;0.15279999
;US-VT;2014;p99.5p99.9;786025.13;;0.053199999;0.053199999
;US-VT;2014;p99.9p99.99;2460823.0;;0.037500001;0.037500001
;US-VT;2014;p99p99.5;427988.41;;0.036200002;0.036200002
;US-VT;2014;p95p100;359087.81;;0.30379999;0.30379999
;US-VT;2014;p0p90;37844.102;;0.57620001;0.57620001
;US-VT;2014;p0p99;50687.301;;0.84899998;0.84899998
;US-VT;2014;p99.5p100;1357270.0;;0.1148;0.1148
;US-VT;2013;p0p100;58848.602;19340399784.0;1.0;1.0
;US-VT;2013;p99p100;773349.81;;0.13600001;0.13600001
;US-VT;2013;p99.9p100;3082967.5;;0.054200001;0.054200001
;US-VT;2013;p99.99p100;12498670.0;;0.022;0.022
;US-VT;2013;p90p100;230857.7;;0.4061;0.4061
;US-VT;2013;p90p95;135825.8;;0.1195;0.1195
;US-VT;2013;p95p99;213368.09;;0.15009999;0.15009999
;US-VT;2013;p99.5p99.9;685159.63;;0.0482;0.0482
;US-VT;2013;p99.9p99.99;2042748.4;;0.032299999;0.032299999
;US-VT;2013;p99p99.5;382240.41;;0.033599999;0.033599999
;US-VT;2013;p95p100;325457.19;;0.28619999;0.28619999
;US-VT;2013;p0p90;37537.398;;0.59429997;0.59429997
;US-VT;2013;p0p99;49612.398;;0.86400002;0.86400002
;US-VT;2013;p99.5p100;1164876.8;;0.1025;0.1025
;US-VT;2012;p0p100;61563.0;19659206057.0;1.0;1.0
;US-VT;2012;p99p100;884361.88;;0.1531;0.1531
;US-VT;2012;p99.9p100;3815477.0;;0.066;0.066
;US-VT;2012;p99.99p100;16085307.0;;0.027799999;0.027799999
;US-VT;2012;p90p100;241962.59;;0.41890001;0.41890001
;US-VT;2012;p90p95;136107.2;;0.1178;0.1178
;US-VT;2012;p95p99;213039.2;;0.14749999;0.14749999
;US-VT;2012;p99.5p99.9;756370.13;;0.0524;0.0524
;US-VT;2012;p99.9p99.99;2481573.5;;0.038699999;0.038699999
;US-VT;2012;p99p99.5;401213.19;;0.034699999;0.034699999
;US-VT;2012;p95p100;347195.0;;0.30050001;0.30050001
;US-VT;2012;p0p90;37296.5;;0.58109999;0.58109999
;US-VT;2012;p0p99;49417.801;;0.84689999;0.84689999
;US-VT;2012;p99.5p100;1367722.0;;0.1184;0.1184
;US-VT;2011;p0p100;60990.801;18788951628.0;1.0;1.0
;US-VT;2011;p99p100;787426.38;;0.1433;0.1433
;US-VT;2011;p99.9p100;3514513.8;;0.064000003;0.064000003
;US-VT;2011;p99.99p100;16431270.0;;0.029899999;0.029899999
;US-VT;2011;p90p100;227775.3;;0.41460001;0.41460001
;US-VT;2011;p90p95;133638.41;;0.1216;0.1216
;US-VT;2011;p95p99;204850.91;;0.14920001;0.14920001
;US-VT;2011;p99.5p99.9;647692.19;;0.047200002;0.047200002
;US-VT;2011;p99.9p99.99;2079127.6;;0.0341;0.0341
;US-VT;2011;p99p99.5;353790.19;;0.032200001;0.032200001
;US-VT;2011;p95p100;321306.69;;0.29249999;0.29249999
;US-VT;2011;p0p90;35759.102;;0.58590001;0.58590001
;US-VT;2011;p0p99;47534.301;;0.8567;0.8567
;US-VT;2011;p99.5p100;1221291.3;;0.1112;0.1112
;US-VT;2010;p0p100;65191.602;18422485590.0;1.0;1.0
;US-VT;2010;p99p100;715357.69;;0.1296;0.1296
;US-VT;2010;p99.9p100;2817198.0;;0.051100001;0.051100001
;US-VT;2010;p99.99p100;11737891.0;;0.021299999;0.021299999
;US-VT;2010;p90p100;220160.2;;0.39899999;0.39899999
;US-VT;2010;p90p95;132715.7;;0.1203;0.1203
;US-VT;2010;p95p99;204549.7;;0.14830001;0.14830001
;US-VT;2010;p99.5p99.9;631453.63;;0.0458;0.0458
;US-VT;2010;p99.9p99.99;1824201.6;;0.0298;0.0298
;US-VT;2010;p99p99.5;361756.81;;0.0328;0.0328
;US-VT;2010;p95p100;306631.59;;0.27790001;0.27790001
;US-VT;2010;p0p90;36900.398;;0.60189998;0.60189998
;US-VT;2010;p0p99;48509.801;;0.87040001;0.87040001
;US-VT;2010;p99.5p100;1070104.0;;0.097000003;0.097000003
;US-VT;2009;p0p100;66445.102;17924202330.0;1.0;1.0
;US-VT;2009;p99p100;728618.69;;0.1338;0.1338
;US-VT;2009;p99.9p100;2916459.0;;0.053599998;0.053599998
;US-VT;2009;p99.99p100;11970404.0;;0.022;0.022
;US-VT;2009;p90p100;217828.59;;0.40009999;0.40009999
;US-VT;2009;p90p95;133442.3;;0.1226;0.1226
;US-VT;2009;p95p99;194179.91;;0.1427;0.1427
;US-VT;2009;p99.5p99.9;621721.19;;0.045699999;0.045699999
;US-VT;2009;p99.9p99.99;1862668.1;;0.0308;0.0308
;US-VT;2009;p99p99.5;358712.19;;0.032900002;0.032900002
;US-VT;2009;p95p100;301359.31;;0.27680001;0.27680001
;US-VT;2009;p0p90;36495.102;;0.60329998;0.60329998
;US-VT;2009;p0p99;47628.898;;0.86619997;0.86619997
;US-VT;2009;p99.5p100;1093089.8;;0.1004;0.1004
;US-VT;2008;p0p100;69921.203;19287884514.0;1.0;1.0
;US-VT;2008;p99p100;908610.31;;0.1575;0.1575
;US-VT;2008;p99.9p100;4004741.5;;0.069399998;0.069399998
;US-VT;2008;p99.99p100;17207548.0;;0.0298;0.0298
;US-VT;2008;p90p100;241496.3;;0.41859999;0.41859999
;US-VT;2008;p90p95;137369.5;;0.119;0.119
;US-VT;2008;p95p99;201624.09;;0.1398;0.1398
;US-VT;2008;p99.5p99.9;743206.81;;0.0515;0.0515
;US-VT;2008;p99.9p99.99;2488240.5;;0.038800001;0.038800001
;US-VT;2008;p99p99.5;396615.41;;0.034400001;0.034400001
;US-VT;2008;p95p100;344349.0;;0.29840001;0.29840001
;US-VT;2008;p0p90;37607.898;;0.58660001;0.58660001
;US-VT;2008;p0p99;49101.5;;0.84249997;0.84249997
;US-VT;2008;p99.5p100;1411791.3;;0.1223;0.1223
;US-VT;2007;p0p100;80896.297;20424553744.0;1.0;1.0
;US-VT;2007;p99p100;1143481.9;;0.1847;0.1847
;US-VT;2007;p99.9p100;5262030.5;;0.085000001;0.085000001
;US-VT;2007;p99.99p100;22798534.0;;0.036800001;0.036800001
;US-VT;2007;p90p100;276877.09;;0.4472;0.4472
;US-VT;2007;p90p95;141510.0;;0.1143;0.1143
;US-VT;2007;p95p99;225271.7;;0.14560001;0.14560001
;US-VT;2007;p99.5p99.9;921299.88;;0.059500001;0.059500001
;US-VT;2007;p99.9p99.99;3273799.5;;0.047600001;0.047600001
;US-VT;2007;p99p99.5;465650.91;;0.037599999;0.037599999
;US-VT;2007;p95p100;411067.41;;0.33199999;0.33199999
;US-VT;2007;p0p90;38424.0;;0.55860001;0.55860001
;US-VT;2007;p0p99;50982.699;;0.81529999;0.81529999
;US-VT;2007;p99.5p100;1809086.6;;0.1461;0.1461
;US-VT;2006;p0p100;81618.297;19636109085.0;1.0;1.0
;US-VT;2006;p99p100;1075256.9;;0.1821;0.1821
;US-VT;2006;p99.9p100;4882837.0;;0.082699999;0.082699999
;US-VT;2006;p99.99p100;20576930.0;;0.0348;0.0348
;US-VT;2006;p90p100;263331.41;;0.44589999;0.44589999
;US-VT;2006;p90p95;137600.7;;0.1165;0.1165
;US-VT;2006;p95p99;214578.0;;0.1453;0.1453
;US-VT;2006;p99.5p99.9;883740.63;;0.059900001;0.059900001
;US-VT;2006;p99.9p99.99;3127525.0;;0.047699999;0.047699999
;US-VT;2006;p99p99.5;446303.69;;0.037799999;0.037799999
;US-VT;2006;p95p100;387957.19;;0.32839999;0.32839999
;US-VT;2006;p0p90;36621.699;;0.55809999;0.55809999
;US-VT;2006;p0p99;48797.0;;0.8179;0.8179
;US-VT;2006;p99.5p100;1696054.8;;0.1436;0.1436
;US-VT;2005;p0p100;86210.898;18997788600.0;1.0;1.0
;US-VT;2005;p99p100;948849.5;;0.1622;0.1622
;US-VT;2005;p99.9p100;4028565.5;;0.068899997;0.068899997
;US-VT;2005;p99.99p100;15932788.0;;0.0272;0.0272
;US-VT;2005;p90p100;247881.8;;0.42379999;0.42379999
;US-VT;2005;p90p95;132962.5;;0.1137;0.1137
;US-VT;2005;p95p99;213144.91;;0.14579999;0.14579999
;US-VT;2005;p99.5p99.9;803963.19;;0.055;0.055
;US-VT;2005;p99.9p99.99;2693907.8;;0.041499998;0.041499998
;US-VT;2005;p99p99.5;424760.09;;0.0363;0.0363
;US-VT;2005;p95p100;361316.81;;0.3089;0.3089
;US-VT;2005;p0p90;37728.398;;0.58060002;0.58060002
;US-VT;2005;p0p99;49493.398;;0.83780003;0.83780003
;US-VT;2005;p99.5p100;1463827.4;;0.1251;0.1251
;US-VT;2004;p0p100;91455.797;18723256636.0;1.0;1.0
;US-VT;2004;p99p100;816708.81;;0.1406;0.1406
;US-VT;2004;p99.9p100;3284889.3;;0.056600001;0.056600001
;US-VT;2004;p99.99p100;12648992.0;;0.0218;0.0218
;US-VT;2004;p90p100;228878.91;;0.39399999;0.39399999
;US-VT;2004;p90p95;123945.1;;0.1067;0.1067
;US-VT;2004;p95p99;211107.5;;0.1454;0.1454
;US-VT;2004;p99.5p99.9;705635.19;;0.048599999;0.048599999
;US-VT;2004;p99.9p99.99;2220717.0;;0.034400001;0.034400001
;US-VT;2004;p99p99.5;391644.81;;0.0337;0.0337
;US-VT;2004;p95p100;332772.19;;0.28650001;0.28650001
;US-VT;2004;p0p90;39332.5;;0.60939997;0.60939997
;US-VT;2004;p0p99;50422.301;;0.85939997;0.85939997
;US-VT;2004;p99.5p100;1234910.8;;0.1063;0.1063
;US-VT;2003;p0p100;90445.703;17505434428.0;1.0;1.0
;US-VT;2003;p99p100;673658.81;;0.1237;0.1237
;US-VT;2003;p99.9p100;2453567.3;;0.0451;0.0451
;US-VT;2003;p99.99p100;8837801.0;;0.0162;0.0162
;US-VT;2003;p90p100;209075.59;;0.38389999;0.38389999
;US-VT;2003;p90p95;124543.1;;0.1143;0.1143
;US-VT;2003;p95p99;196973.41;;0.14470001;0.14470001
;US-VT;2003;p99.5p99.9;605624.63;;0.044500001;0.044500001
;US-VT;2003;p99.9p99.99;1713855.9;;0.0283;0.0283
;US-VT;2003;p99p99.5;354976.81;;0.032600001;0.032600001
;US-VT;2003;p95p100;293059.0;;0.26910001;0.26910001
;US-VT;2003;p0p90;37478.102;;0.61940002;0.61940002
;US-VT;2003;p0p99;48205.5;;0.87629998;0.87629998
;US-VT;2003;p99.5p100;986799.31;;0.090599999;0.090599999
;US-VT;2002;p0p100;91001.0;17269025231.0;1.0;1.0
;US-VT;2002;p99p100;683765.13;;0.1304;0.1304
;US-VT;2002;p99.9p100;2576149.8;;0.0491;0.0491
;US-VT;2002;p99.99p100;9543712.0;;0.018200001;0.018200001
;US-VT;2002;p90p100;207808.0;;0.3964;0.3964
;US-VT;2002;p90p95;123340.1;;0.1176;0.1176
;US-VT;2002;p95p99;193447.3;;0.1476;0.1476
;US-VT;2002;p99.5p99.9;612549.31;;0.046700001;0.046700001
;US-VT;2002;p99.9p99.99;1785482.6;;0.0307;0.0307
;US-VT;2002;p99p99.5;352185.5;;0.033599999;0.033599999
;US-VT;2002;p95p100;291925.19;;0.2784;0.2784
;US-VT;2002;p0p90;35277.102;;0.6056;0.6056
;US-VT;2002;p0p99;46049.602;;0.8696;0.8696
;US-VT;2002;p99.5p100;1012244.8;;0.096500002;0.096500002
;US-VT;2001;p0p100;100547.8;17751042021.0;1.0;1.0
;US-VT;2001;p99p100;734261.63;;0.1309;0.1309
;US-VT;2001;p99.9p100;2755709.8;;0.0491;0.0491
;US-VT;2001;p99.99p100;9638776.0;;0.017200001;0.017200001
;US-VT;2001;p90p100;219896.0;;0.39199999;0.39199999
;US-VT;2001;p90p95;128066.3;;0.1141;0.1141
;US-VT;2001;p95p99;205016.91;;0.1462;0.1462
;US-VT;2001;p99.5p99.9;653340.69;;0.046599999;0.046599999
;US-VT;2001;p99.9p99.99;2002504.3;;0.032099999;0.032099999
;US-VT;2001;p99p99.5;393057.69;;0.035;0.035
;US-VT;2001;p95p100;311246.81;;0.27739999;0.27739999
;US-VT;2001;p0p90;37945.398;;0.60879999;0.60879999
;US-VT;2001;p0p99;49249.602;;0.86909997;0.86909997
;US-VT;2001;p99.5p100;1076490.4;;0.095899999;0.095899999
;US-VT;2000;p0p100;113803.5;18280489980.0;1.0;1.0
;US-VT;2000;p99p100;947816.0;;0.1578;0.1578
;US-VT;2000;p99.9p100;4032804.0;;0.067100003;0.067100003
;US-VT;2000;p99.99p100;15905470.0;;0.0265;0.0265
;US-VT;2000;p90p100;251682.91;;0.41890001;0.41890001
;US-VT;2000;p90p95;133416.2;;0.111;0.111
;US-VT;2000;p95p99;223149.5;;0.1486;0.1486
;US-VT;2000;p99.5p99.9;789932.19;;0.0526;0.0526
;US-VT;2000;p99.9p99.99;2734692.0;;0.041000001;0.041000001
;US-VT;2000;p99p99.5;446656.0;;0.0372;0.0372
;US-VT;2000;p95p100;369143.19;;0.30720001;0.30720001
;US-VT;2000;p0p90;38926.102;;0.58319998;0.58319998
;US-VT;2000;p0p99;51108.0;;0.84219998;0.84219998
;US-VT;2000;p99.5p100;1446064.5;;0.1204;0.1204
;US-VT;1999;p0p100;117425.0;17401182036.0;1.0;1.0
;US-VT;1999;p99p100;841549.31;;0.145;0.145
;US-VT;1999;p99.9p100;3298123.3;;0.0568;0.0568
;US-VT;1999;p99.99p100;11679748.0;;0.020099999;0.020099999
;US-VT;1999;p90p100;236682.3;;0.40779999;0.40779999
;US-VT;1999;p90p95;130894.4;;0.1128;0.1128
;US-VT;1999;p95p99;216835.91;;0.1495;0.1495
;US-VT;1999;p99.5p99.9;735186.31;;0.050700001;0.050700001
;US-VT;1999;p99.9p99.99;2409413.0;;0.0374;0.0374
;US-VT;1999;p99p99.5;432572.09;;0.037300002;0.037300002
;US-VT;1999;p95p100;342038.81;;0.2947;0.2947
;US-VT;1999;p0p90;38193.398;;0.5923;0.5923
;US-VT;1999;p0p99;50117.898;;0.85500002;0.85500002
;US-VT;1999;p99.5p100;1250349.9;;0.1077;0.1077
;US-VT;1998;p0p100;115749.0;16204679898.0;1.0;1.0
;US-VT;1998;p99p100;814287.0;;0.14830001;0.14830001
;US-VT;1998;p99.9p100;3281122.8;;0.059799999;0.059799999
;US-VT;1998;p99.99p100;11751599.0;;0.021400001;0.021400001
;US-VT;1998;p90p100;225740.09;;0.4113;0.4113
;US-VT;1998;p90p95;126109.3;;0.1149;0.1149
;US-VT;1998;p95p99;202263.59;;0.14740001;0.14740001
;US-VT;1998;p99.5p99.9;713346.31;;0.052000001;0.052000001
;US-VT;1998;p99.9p99.99;2371873.8;;0.038899999;0.038899999
;US-VT;1998;p99p99.5;399792.91;;0.036400001;0.036400001
;US-VT;1998;p95p100;325013.0;;0.29609999;0.29609999
;US-VT;1998;p0p90;35924.398;;0.58899999;0.58899999
;US-VT;1998;p0p99;47219.5;;0.85170001;0.85170001
;US-VT;1998;p99.5p100;1228662.3;;0.1119;0.1119
;US-VT;1997;p0p100;110416.3;14999950776.0;1.0;1.0
;US-VT;1997;p99p100;713711.31;;0.1401;0.1401
;US-VT;1997;p99.9p100;2853912.8;;0.056000002;0.056000002
;US-VT;1997;p99.99p100;11200001.0;;0.022;0.022
;US-VT;1997;p90p100;207446.0;;0.4073;0.4073
;US-VT;1997;p90p95;120015.7;;0.1178;0.1178
;US-VT;1997;p95p99;189709.0;;0.149;0.149
;US-VT;1997;p99.5p99.9;601635.63;;0.0473;0.0473
;US-VT;1997;p99.9p99.99;1934870.1;;0.034200002;0.034200002
;US-VT;1997;p99p99.5;374057.19;;0.036699999;0.036699999
;US-VT;1997;p95p100;294662.0;;0.28929999;0.28929999
;US-VT;1997;p0p90;33557.898;;0.59299999;0.59299999
;US-VT;1997;p0p99;44234.699;;0.8599;0.8599
;US-VT;1997;p99.5p100;1052864.9;;0.1034;0.1034
;US-VT;1996;p0p100;110187.6;14146937141.0;1.0;1.0
;US-VT;1996;p99p100;607403.0;;0.1247;0.1247
;US-VT;1996;p99.9p100;2203221.3;;0.045200001;0.045200001
;US-VT;1996;p99.99p100;7779968.5;;0.016000001;0.016000001
;US-VT;1996;p90p100;189563.0;;0.38929999;0.38929999
;US-VT;1996;p90p95;115474.6;;0.1186;0.1186
;US-VT;1996;p95p99;177438.5;;0.14569999;0.14569999
;US-VT;1996;p99.5p99.9;557153.31;;0.0458;0.0458
;US-VT;1996;p99.9p99.99;1580757.1;;0.029200001;0.029200001
;US-VT;1996;p99p99.5;323322.41;;0.033199999;0.033199999
;US-VT;1996;p95p100;263509.31;;0.27059999;0.27059999
;US-VT;1996;p0p90;33088.5;;0.61150002;0.61150002
;US-VT;1996;p0p99;43053.301;;0.87529999;0.87529999
;US-VT;1996;p99.5p100;890307.69;;0.091399997;0.091399997
;US-VT;1995;p0p100;113762.8;13437974759.0;1.0;1.0
;US-VT;1995;p99p100;528590.0;;0.1108;0.1108
;US-VT;1995;p99.9p100;1759660.8;;0.036899999;0.036899999
;US-VT;1995;p99.99p100;5706815.5;;0.012;0.012
;US-VT;1995;p90p100;177123.09;;0.37130001;0.37130001
;US-VT;1995;p90p95;112242.1;;0.1176;0.1176
;US-VT;1995;p95p99;170296.8;;0.1428;0.1428
;US-VT;1995;p99.5p99.9;501533.59;;0.042100001;0.042100001
;US-VT;1995;p99.9p99.99;1321555.5;;0.024900001;0.024900001
;US-VT;1995;p99p99.5;301131.0;;0.031599998;0.031599998
;US-VT;1995;p95p100;241909.7;;0.2536;0.2536
;US-VT;1995;p0p90;33341.699;;0.62900001;0.62900001
;US-VT;1995;p0p99;42845.898;;0.88919997;0.88919997
;US-VT;1995;p99.5p100;755564.69;;0.0792;0.0792
;US-VT;1994;p0p100;115303.2;12917519009.0;1.0;1.0
;US-VT;1994;p99p100;487890.59;;0.1058;0.1058
;US-VT;1994;p99.9p100;1666936.6;;0.036200002;0.036200002
;US-VT;1994;p99.99p100;5716827.5;;0.0124;0.0124
;US-VT;1994;p90p100;167293.0;;0.36289999;0.36289999
;US-VT;1994;p90p95;107000.5;;0.116;0.116
;US-VT;1994;p95p99;162489.3;;0.141;0.141
;US-VT;1994;p99.5p99.9;457150.59;;0.039700001;0.039700001
;US-VT;1994;p99.9p99.99;1210643.0;;0.023600001;0.023600001
;US-VT;1994;p99p99.5;273947.19;;0.0297;0.0297
;US-VT;1994;p95p100;227526.8;;0.24680001;0.24680001
;US-VT;1994;p0p90;32659.0;;0.6376;0.6376
;US-VT;1994;p0p99;41639.801;;0.89420003;0.89420003
;US-VT;1994;p99.5p100;701443.63;;0.076099999;0.076099999
;US-VT;1993;p0p100;117526.5;12630615715.0;1.0;1.0
;US-VT;1993;p99p100;471213.59;;0.1046;0.1046
;US-VT;1993;p99.9p100;1626322.5;;0.0361;0.0361
;US-VT;1993;p99.99p100;5640469.5;;0.0125;0.0125
;US-VT;1993;p90p100;165517.0;;0.36739999;0.36739999
;US-VT;1993;p90p95;108013.6;;0.1199;0.1199
;US-VT;1993;p95p99;160945.59;;0.1429;0.1429
;US-VT;1993;p99.5p99.9;442360.19;;0.039299998;0.039299998
;US-VT;1993;p99.9p99.99;1174394.1;;0.023499999;0.023499999
;US-VT;1993;p99p99.5;260727.8;;0.028899999;0.028899999
;US-VT;1993;p95p100;222928.41;;0.2474;0.2474
;US-VT;1993;p0p90;31683.301;;0.63300002;0.63300002
;US-VT;1993;p0p99;40742.801;;0.89539999;0.89539999
;US-VT;1993;p99.5p100;681097.0;;0.075599998;0.075599998
;US-VT;1992;p0p100;125644.2;12658537167.0;1.0;1.0
;US-VT;1992;p99p100;474292.81;;0.1034;0.1034
;US-VT;1992;p99.9p100;1653903.5;;0.0361;0.0361
;US-VT;1992;p99.99p100;5728706.0;;0.0125;0.0125
;US-VT;1992;p90p100;166396.8;;0.3628;0.3628
;US-VT;1992;p90p95;110461.3;;0.1204;0.1204
;US-VT;1992;p95p99;159474.59;;0.1391;0.1391
;US-VT;1992;p99.5p99.9;446620.91;;0.039000001;0.039000001
;US-VT;1992;p99.9p99.99;1199868.8;;0.023499999;0.023499999
;US-VT;1992;p99p99.5;259261.2;;0.0283;0.0283
;US-VT;1992;p95p100;222460.7;;0.24250001;0.24250001
;US-VT;1992;p0p90;32472.6;;0.6372;0.6372
;US-VT;1992;p0p99;41535.398;;0.89660001;0.89660001
;US-VT;1992;p99.5p100;689091.88;;0.075099997;0.075099997
;US-VT;1991;p0p100;131161.2;12369240986.0;1.0;1.0
;US-VT;1991;p99p100;451508.09;;0.099100001;0.099100001
;US-VT;1991;p99.9p100;1508468.0;;0.033100002;0.033100002
;US-VT;1991;p99.99p100;5021279.0;;0.011;0.011
;US-VT;1991;p90p100;163303.91;;0.35859999;0.35859999
;US-VT;1991;p90p95;110689.3;;0.1215;0.1215
;US-VT;1991;p95p99;157414.3;;0.1383;0.1383
;US-VT;1991;p99.5p99.9;431626.19;;0.037900001;0.037900001
;US-VT;1991;p99.9p99.99;1117589.6;;0.0221;0.0221
;US-VT;1991;p99p99.5;255541.0;;0.028100001;0.028100001
;US-VT;1991;p95p100;216192.41;;0.2374;0.2374
;US-VT;1991;p0p90;32439.1;;0.64109999;0.64109999
;US-VT;1991;p0p99;41437.699;;0.90090001;0.90090001
;US-VT;1991;p99.5p100;647497.88;;0.071099997;0.071099997
;US-VT;1990;p0p100;146398.0;12848925373.0;1.0;1.0
;US-VT;1990;p99p100;493888.5;;0.1043;0.1043
;US-VT;1990;p99.9p100;1796938.3;;0.037900001;0.037900001
;US-VT;1990;p99.99p100;6444154.5;;0.0136;0.0136
;US-VT;1990;p90p100;168689.2;;0.35609999;0.35609999
;US-VT;1990;p90p95;110411.0;;0.1165;0.1165
;US-VT;1990;p95p99;160194.41;;0.1353;0.1353
;US-VT;1990;p99.5p99.9;462793.91;;0.039099999;0.039099999
;US-VT;1990;p99.9p99.99;1282181.0;;0.0244;0.0244
;US-VT;1990;p99p99.5;257856.3;;0.0272;0.0272
;US-VT;1990;p95p100;226987.91;;0.2396;0.2396
;US-VT;1990;p0p90;33892.398;;0.64389998;0.64389998
;US-VT;1990;p0p99;42860.102;;0.89569998;0.89569998
;US-VT;1990;p99.5p100;729667.19;;0.077;0.077
;US-VT;1989;p0p100;166331.09;13099021725.0;1.0;1.0
;US-VT;1989;p99p100;575269.5;;0.1178;0.1178
;US-VT;1989;p99.9p100;2131044.5;;0.0436;0.0436
;US-VT;1989;p99.99p100;7799311.5;;0.016000001;0.016000001
;US-VT;1989;p90p100;177955.2;;0.3644;0.3644
;US-VT;1989;p90p95;110304.1;;0.1129;0.1129
;US-VT;1989;p95p99;159662.91;;0.13079999;0.13079999
;US-VT;1989;p99.5p99.9;515910.31;;0.042300001;0.042300001
;US-VT;1989;p99.9p99.99;1463809.1;;0.027000001;0.027000001
;US-VT;1989;p99p99.5;291424.09;;0.0298;0.0298
;US-VT;1989;p95p100;245109.5;;0.25099999;0.25099999
;US-VT;1989;p0p90;34790.398;;0.64120001;0.64120001
;US-VT;1989;p0p99;43513.699;;0.8822;0.8822
;US-VT;1989;p99.5p100;850863.19;;0.087099999;0.087099999
;US-VT;1988;p0p100;177814.2;12610030715.0;1.0;1.0
;US-VT;1988;p99p100;657982.13;;0.1372;0.1372
;US-VT;1988;p99.9p100;2680330.0;;0.0559;0.0559
;US-VT;1988;p99.99p100;10475374.0;;0.0218;0.0218
;US-VT;1988;p90p100;185878.91;;0.38749999;0.38749999
;US-VT;1988;p90p95;109266.5;;0.1139;0.1139
;US-VT;1988;p95p99;160569.8;;0.1339;0.1339
;US-VT;1988;p99.5p99.9;571789.88;;0.047699999;0.047699999
;US-VT;1988;p99.9p99.99;1780877.0;;0.033399999;0.033399999
;US-VT;1988;p99p99.5;304291.41;;0.0317;0.0317
;US-VT;1988;p95p100;262062.91;;0.27309999;0.27309999
;US-VT;1988;p0p90;32920.801;;0.61760002;0.61760002
;US-VT;1988;p0p99;41812.102;;0.8628;0.8628
;US-VT;1988;p99.5p100;1004260.0;;0.1047;0.1047
;US-VT;1987;p0p100;178505.0;11625661877.0;1.0;1.0
;US-VT;1987;p99p100;483377.09;;0.1079;0.1079
;US-VT;1987;p99.9p100;1690708.3;;0.037700001;0.037700001
;US-VT;1987;p99.99p100;5952121.0;;0.0133;0.0133
;US-VT;1987;p90p100;161503.41;;0.36039999;0.36039999
;US-VT;1987;p90p95;105297.4;;0.1175;0.1175
;US-VT;1987;p95p99;148982.2;;0.133;0.133
;US-VT;1987;p99.5p99.9;441549.59;;0.0394;0.0394
;US-VT;1987;p99.9p99.99;1190732.3;;0.0239;0.0239
;US-VT;1987;p99p99.5;261317.2;;0.029200001;0.029200001
;US-VT;1987;p95p100;217430.3;;0.24259999;0.24259999
;US-VT;1987;p0p90;32052.4;;0.64380002;0.64380002
;US-VT;1987;p0p99;40381.0;;0.89209998;0.89209998
;US-VT;1987;p99.5p100;699803.5;;0.078100003;0.078100003
;US-VT;1986;p0p100;194020.91;11538989969.0;1.0;1.0
;US-VT;1986;p99p100;634293.38;;0.1392;0.1392
;US-VT;1986;p99.9p100;2750193.5;;0.0603;0.0603
;US-VT;1986;p99.99p100;11587324.0;;0.0254;0.0254
;US-VT;1986;p90p100;174332.0;;0.38249999;0.38249999
;US-VT;1986;p90p95;100868.3;;0.1107;0.1107
;US-VT;1986;p95p99;148466.59;;0.1303;0.1303
;US-VT;1986;p99.5p99.9;530736.38;;0.046599999;0.046599999
;US-VT;1986;p99.9p99.99;1725566.3;;0.0341;0.0341
;US-VT;1986;p99p99.5;277013.91;;0.030400001;0.030400001
;US-VT;1986;p95p100;247366.5;;0.2714;0.2714
;US-VT;1986;p0p90;31524.9;;0.62260002;0.62260002
;US-VT;1986;p0p99;39627.602;;0.86080003;0.86080003
;US-VT;1986;p99.5p100;984621.38;;0.108;0.108
;US-VT;1985;p0p100;183843.8;10352884344.0;1.0;1.0
;US-VT;1985;p99p100;441928.81;;0.1061;0.1061
;US-VT;1985;p99.9p100;1681041.3;;0.0403;0.0403
;US-VT;1985;p99.99p100;6327424.5;;0.0152;0.0152
;US-VT;1985;p90p100;145361.59;;0.34889999;0.34889999
;US-VT;1985;p90p95;94555.102;;0.1135;0.1135
;US-VT;1985;p95p99;132280.09;;0.127;0.127
;US-VT;1985;p99.5p99.9;380547.69;;0.036499999;0.036499999
;US-VT;1985;p99.9p99.99;1111547.3;;0.024;0.024
;US-VT;1985;p99p99.5;225894.59;;0.027100001;0.027100001
;US-VT;1985;p95p100;195819.91;;0.235;0.235
;US-VT;1985;p0p90;30397.5;;0.65670002;0.65670002
;US-VT;1985;p0p99;37618.398;;0.89389998;0.89389998
;US-VT;1985;p99.5p100;651405.81;;0.078199998;0.078199998
;US-VT;1984;p0p100;189447.09;9780110237.0;1.0;1.0
;US-VT;1984;p99p100;401351.31;;0.1;0.1
;US-VT;1984;p99.9p100;1509122.6;;0.037599999;0.037599999
;US-VT;1984;p99.99p100;5833836.0;;0.0145;0.0145
;US-VT;1984;p90p100;136699.09;;0.3407;0.3407
;US-VT;1984;p90p95;91074.297;;0.1135;0.1135
;US-VT;1984;p95p99;125837.3;;0.12540001;0.12540001
;US-VT;1984;p99.5p99.9;344473.41;;0.034299999;0.034299999
;US-VT;1984;p99.9p99.99;978692.31;;0.022;0.022
;US-VT;1984;p99p99.5;210496.7;;0.0262;0.0262
;US-VT;1984;p95p100;182228.41;;0.2271;0.2271
;US-VT;1984;p0p90;29607.6;;0.66399997;0.66399997
;US-VT;1984;p0p99;36479.898;;0.89999998;0.89999998
;US-VT;1984;p99.5p100;586826.19;;0.073100001;0.073100001
;US-VT;1983;p0p100;209275.0;9253752866.0;1.0;1.0
;US-VT;1983;p99p100;354578.41;;0.090400003;0.090400003
;US-VT;1983;p99.9p100;1234015.6;;0.031500001;0.031500001
;US-VT;1983;p99.99p100;4619440.5;;0.0118;0.0118
;US-VT;1983;p90p100;129550.5;;0.33019999;0.33019999
;US-VT;1983;p90p95;90394.602;;0.1152;0.1152
;US-VT;1983;p95p99;121886.2;;0.1243;0.1243
;US-VT;1983;p99.5p99.9;317835.59;;0.032400001;0.032400001
;US-VT;1983;p99.9p99.99;835234.88;;0.019200001;0.019200001
;US-VT;1983;p99p99.5;199569.5;;0.0254;0.0254
;US-VT;1983;p95p100;169045.09;;0.2154;0.2154
;US-VT;1983;p0p90;29286.5;;0.67180002;0.67180002
;US-VT;1983;p0p99;36050.602;;0.90960002;0.90960002
;US-VT;1983;p99.5p100;506494.31;;0.064499997;0.064499997
;US-VT;1982;p0p100;213549.3;9056207524.0;1.0;1.0
;US-VT;1982;p99p100;343457.5;;0.089400001;0.089400001
;US-VT;1982;p99.9p100;1328479.5;;0.034600001;0.034600001
;US-VT;1982;p99.99p100;5515889.5;;0.0144;0.0144
;US-VT;1982;p90p100;123787.1;;0.3224;0.3224
;US-VT;1982;p90p95;83270.898;;0.1084;0.1084
;US-VT;1982;p95p99;118628.4;;0.1236;0.1236
;US-VT;1982;p99.5p99.9;301379.5;;0.031399999;0.031399999
;US-VT;1982;p99.9p99.99;863211.69;;0.020199999;0.020199999
;US-VT;1982;p99p99.5;180115.59;;0.023499999;0.023499999
;US-VT;1982;p95p100;164701.7;;0.2145;0.2145
;US-VT;1982;p0p90;28950.0;;0.6785;0.6785
;US-VT;1982;p0p99;35316.898;;0.91060001;0.91060001
;US-VT;1982;p99.5p100;506799.5;;0.066;0.066
;US-VT;1981;p0p100;242364.8;8966271427.0;1.0;1.0
;US-VT;1981;p99p100;288641.91;;0.074500002;0.074500002
;US-VT;1981;p99.9p100;795348.81;;0.020500001;0.020500001
;US-VT;1981;p99.99p100;2404219.5;;0.0062000002;0.0062000002
;US-VT;1981;p90p100;127445.3;;0.32879999;0.32879999
;US-VT;1981;p90p95;95875.703;;0.1237;0.1237
;US-VT;1981;p95p99;126892.1;;0.1309;0.1309
;US-VT;1981;p99.5p99.9;287563.19;;0.0297;0.0297
;US-VT;1981;p99.9p99.99;615571.19;;0.0143;0.0143
;US-VT;1981;p99p99.5;186496.5;;0.0241;0.0241
;US-VT;1981;p95p100;159525.09;;0.2058;0.2058
;US-VT;1981;p0p90;28904.301;;0.67110002;0.67110002
;US-VT;1981;p0p99;36236.398;;0.92549998;0.92549998
;US-VT;1981;p99.5p100;390420.5;;0.0504;0.0504
;US-VT;1980;p0p100;297650.5;8856825905.0;1.0;1.0
;US-VT;1980;p99p100;306307.69;;0.077200003;0.077200003
;US-VT;1980;p99.9p100;837424.38;;0.0211;0.0211
;US-VT;1980;p99.99p100;2442867.8;;0.0062000002;0.0062000002
;US-VT;1980;p90p100;129451.6;;0.32620001;0.32620001
;US-VT;1980;p90p95;94406.297;;0.1189;0.1189
;US-VT;1980;p95p99;128793.7;;0.12980001;0.12980001
;US-VT;1980;p99.5p99.9;303815.69;;0.0306;0.0306
;US-VT;1980;p99.9p99.99;658323.5;;0.0149;0.0149
;US-VT;1980;p99p99.5;201601.7;;0.0254;0.0254
;US-VT;1980;p95p100;164385.59;;0.2071;0.2071
;US-VT;1980;p0p90;29726.699;;0.67409998;0.67409998
;US-VT;1980;p0p99;36993.0;;0.9228;0.9228
;US-VT;1980;p99.5p100;410949.91;;0.051800001;0.051800001
;US-VT;1979;p0p100;374480.0;8683886000.0;1.0;1.0
;US-VT;1979;p99p100;311876.91;;0.077100001;0.077100001
;US-VT;1979;p99.9p100;829852.38;;0.020500001;0.020500001
;US-VT;1979;p99.99p100;2593414.8;;0.0063999998;0.0063999998
;US-VT;1979;p90p100;127010.6;;0.31400001;0.31400001
;US-VT;1979;p90p95;87002.703;;0.1075;0.1075
;US-VT;1979;p95p99;130715.0;;0.1293;0.1293
;US-VT;1979;p99.5p99.9;301655.5;;0.0298;0.0298
;US-VT;1979;p99.9p99.99;633384.5;;0.0141;0.0141
;US-VT;1979;p99p99.5;216791.0;;0.026799999;0.026799999
;US-VT;1979;p95p100;166910.0;;0.20630001;0.20630001
;US-VT;1979;p0p90;30835.1;;0.68610001;0.68610001
;US-VT;1979;p0p99;37708.602;;0.92290002;0.92290002
;US-VT;1979;p99.5p100;407592.41;;0.0504;0.0504
;US-VT;1978;p0p100;434750.91;8224401783.0;1.0;1.0
;US-VT;1978;p99p100;284567.41;;0.072800003;0.072800003
;US-VT;1978;p99.9p100;689770.63;;0.0176;0.0176
;US-VT;1978;p99.99p100;1961252.3;;0.0049999999;0.0049999999
;US-VT;1978;p90p100;125078.8;;0.31979999;0.31979999
;US-VT;1978;p90p95;87007.398;;0.1112;0.1112
;US-VT;1978;p95p99;133018.3;;0.13600001;0.13600001
;US-VT;1978;p99.5p99.9;295138.91;;0.030200001;0.030200001
;US-VT;1978;p99.9p99.99;548218.5;;0.0126;0.0126
;US-VT;1978;p99p99.5;194874.2;;0.024900001;0.024900001
;US-VT;1978;p95p100;163089.09;;0.2085;0.2085
;US-VT;1978;p0p90;29548.9;;0.68000001;0.68000001
;US-VT;1978;p0p99;36630.102;;0.92720002;0.92720002
;US-VT;1978;p99.5p100;374408.81;;0.047899999;0.047899999
;US-VT;1977;p0p100;480990.59;7629187360.0;1.0;1.0
;US-VT;1977;p99p100;281780.59;;0.075400002;0.075400002
;US-VT;1977;p99.9p100;639491.31;;0.017100001;0.017100001
;US-VT;1977;p99.99p100;1576609.4;;0.0041999999;0.0041999999
;US-VT;1977;p90p100;121767.5;;0.3258;0.3258
;US-VT;1977;p90p95;86689.203;;0.116;0.116
;US-VT;1977;p95p99;125582.4;;0.1344;0.1344
;US-VT;1977;p99.5p99.9;283680.81;;0.030400001;0.030400001
;US-VT;1977;p99.9p99.99;534527.19;;0.0129;0.0129
;US-VT;1977;p99p99.5;208592.41;;0.027899999;0.027899999
;US-VT;1977;p95p100;156857.41;;0.2098;0.2098
;US-VT;1977;p0p90;28005.4;;0.67430001;0.67430001
;US-VT;1977;p0p99;34910.398;;0.92460001;0.92460001
;US-VT;1977;p99.5p100;355170.0;;0.047499999;0.047499999
;US-VT;1976;p0p100;548845.81;7453603220.0;1.0;1.0
;US-VT;1976;p99p100;274006.31;;0.072899997;0.072899997
;US-VT;1976;p99.9p100;671031.69;;0.0178;0.0178
;US-VT;1976;p99.99p100;1825763.3;;0.0049000001;0.0049000001
;US-VT;1976;p90p100;118975.3;;0.31639999;0.31639999
;US-VT;1976;p90p95;87727.5;;0.1166;0.1166
;US-VT;1976;p95p99;119325.9;;0.1269;0.1269
;US-VT;1976;p99.5p99.9;275000.31;;0.029300001;0.029300001
;US-VT;1976;p99.9p99.99;542879.63;;0.013;0.013
;US-VT;1976;p99p99.5;193470.09;;0.025699999;0.025699999
;US-VT;1976;p95p100;150259.5;;0.1998;0.1998
;US-VT;1976;p0p90;28561.1;;0.68360001;0.68360001
;US-VT;1976;p0p99;35215.0;;0.9271;0.9271
;US-VT;1976;p99.5p100;354478.69;;0.0471;0.0471
;US-VT;1975;p0p100;588313.88;6941226993.0;1.0;1.0
;US-VT;1975;p99p100;274425.69;;0.076200001;0.076200001
;US-VT;1975;p99.9p100;670188.63;;0.0186;0.0186
;US-VT;1975;p99.99p100;1734588.8;;0.0048000002;0.0048000002
;US-VT;1975;p90p100;119319.3;;0.33109999;0.33109999
;US-VT;1975;p90p95;85651.398;;0.1188;0.1188
;US-VT;1975;p95p99;122683.5;;0.1362;0.1362
;US-VT;1975;p99.5p99.9;270062.69;;0.029999999;0.029999999
;US-VT;1975;p99.9p99.99;552478.19;;0.0138;0.0138
;US-VT;1975;p99p99.5;198190.8;;0.0275;0.0275
;US-VT;1975;p95p100;153023.2;;0.2123;0.2123
;US-VT;1975;p0p90;26780.9;;0.66890001;0.66890001
;US-VT;1975;p0p99;33626.699;;0.92379999;0.92379999
;US-VT;1975;p99.5p100;350373.41;;0.048599999;0.048599999
;US-VT;1974;p0p100;749760.81;7216516549.0;1.0;1.0
;US-VT;1974;p99p100;305301.81;;0.0792;0.0792
;US-VT;1974;p99.9p100;832358.19;;0.021600001;0.021600001
;US-VT;1974;p99.99p100;2453259.5;;0.0063999998;0.0063999998
;US-VT;1974;p90p100;122368.9;;0.31729999;0.31729999
;US-VT;1974;p90p95;86741.297;;0.1125;0.1125
;US-VT;1974;p95p99;120744.0;;0.1252;0.1252
;US-VT;1974;p99.5p99.9;303139.31;;0.031399999;0.031399999
;US-VT;1974;p99.9p99.99;647201.38;;0.0151;0.0151
;US-VT;1974;p99p99.5;198959.59;;0.025800001;0.025800001
;US-VT;1974;p95p100;158024.7;;0.2049;0.2049
;US-VT;1974;p0p90;29289.301;;0.68360001;0.68360001
;US-VT;1974;p0p99;35868.0;;0.92079997;0.92079997
;US-VT;1974;p99.5p100;410553.81;;0.053199999;0.053199999
;US-VT;1973;p0p100;970211.31;7364410405.0;1.0;1.0
;US-VT;1973;p99p100;320799.41;;0.079300001;0.079300001
;US-VT;1973;p99.9p100;848640.63;;0.021;0.021
;US-VT;1973;p99.99p100;2491628.0;;0.0062000002;0.0062000002
;US-VT;1973;p90p100;129364.7;;0.31959999;0.31959999
;US-VT;1973;p90p95;90481.203;;0.1118;0.1118
;US-VT;1973;p95p99;130122.3;;0.1286;0.1286
;US-VT;1973;p99.5p99.9;324998.91;;0.032099999;0.032099999
;US-VT;1973;p99.9p99.99;665762.63;;0.0148;0.0148
;US-VT;1973;p99p99.5;211606.8;;0.0261;0.0261
;US-VT;1973;p95p100;168262.7;;0.2079;0.2079
;US-VT;1973;p0p90;30598.801;;0.68040001;0.68040001
;US-VT;1973;p0p99;37642.699;;0.92070001;0.92070001
;US-VT;1973;p99.5p100;429717.0;;0.053100001;0.053100001
;US-VT;1972;p0p100;1096911.8;7172639406.0;1.0;1.0
;US-VT;1972;p99p100;317419.5;;0.078299999;0.078299999
;US-VT;1972;p99.9p100;1050752.3;;0.025900001;0.025900001
;US-VT;1972;p99.99p100;4167500.3;;0.0103;0.0103
;US-VT;1972;p90p100;123962.5;;0.30559999;0.30559999
;US-VT;1972;p90p95;86900.398;;0.1071;0.1071
;US-VT;1972;p95p99;121946.1;;0.1203;0.1203
;US-VT;1972;p99.5p99.9;291509.5;;0.0288;0.0288
;US-VT;1972;p99.9p99.99;704499.38;;0.0156;0.0156
;US-VT;1972;p99p99.5;191560.7;;0.023600001;0.023600001
;US-VT;1972;p95p100;161043.5;;0.19850001;0.19850001
;US-VT;1972;p0p90;31288.9;;0.6943;0.6943
;US-VT;1972;p0p99;37760.898;;0.9217;0.9217
;US-VT;1972;p99.5p100;443278.31;;0.0546;0.0546
;US-VT;1971;p0p100;1132222.8;6747922696.0;1.0;1.0
;US-VT;1971;p99p100;333711.31;;0.084899999;0.084899999
;US-VT;1971;p99.9p100;995497.5;;0.0253;0.0253
;US-VT;1971;p99.99p100;3767983.0;;0.0096000005;0.0096000005
;US-VT;1971;p90p100;126892.2;;0.3229;0.3229
;US-VT;1971;p90p95;89277.203;;0.1136;0.1136
;US-VT;1971;p95p99;122253.9;;0.1244;0.1244
;US-VT;1971;p99.5p99.9;334820.91;;0.0341;0.0341
;US-VT;1971;p99.9p99.99;687420.88;;0.015699999;0.015699999
;US-VT;1971;p99p99.5;200303.91;;0.0255;0.0255
;US-VT;1971;p95p100;164542.09;;0.2093;0.2093
;US-VT;1971;p0p90;29565.9;;0.6771;0.6771
;US-VT;1971;p0p99;36325.801;;0.91509998;0.91509998
;US-VT;1971;p99.5p100;467124.69;;0.0594;0.0594
;US-VT;1970;p0p100;1244144.0;6595146437.0;1.0;1.0
;US-VT;1970;p99p100;300719.41;;0.075900003;0.075900003
;US-VT;1970;p99.9p100;825603.13;;0.0208;0.0208
;US-VT;1970;p99.99p100;2833999.3;;0.0071999999;0.0071999999
;US-VT;1970;p90p100;126700.0;;0.3197;0.3197
;US-VT;1970;p90p95;89519.297;;0.1129;0.1129
;US-VT;1970;p95p99;129771.8;;0.131;0.131
;US-VT;1970;p99.5p99.9;288063.31;;0.029100001;0.029100001
;US-VT;1970;p99.9p99.99;602329.19;;0.0137;0.0137
;US-VT;1970;p99p99.5;205566.3;;0.025900001;0.025900001
;US-VT;1970;p95p100;163923.0;;0.2068;0.2068
;US-VT;1970;p0p90;29958.6;;0.6803;0.6803
;US-VT;1970;p0p99;36998.0;;0.92409998;0.92409998
;US-VT;1970;p99.5p100;395703.31;;0.049899999;0.049899999
;US-VT;1969;p0p100;1384088.1;6475133798.0;1.0;1.0
;US-VT;1969;p99p100;353650.5;;0.089599997;0.089599997
;US-VT;1969;p99.9p100;1154109.8;;0.029300001;0.029300001
;US-VT;1969;p99.99p100;4572953.5;;0.0116;0.0116
;US-VT;1969;p90p100;126963.4;;0.32179999;0.32179999
;US-VT;1969;p90p95;83815.0;;0.1062;0.1062
;US-VT;1969;p95p99;124279.2;;0.126;0.126
;US-VT;1969;p99.5p99.9;331156.5;;0.033599999;0.033599999
;US-VT;1969;p99.9p99.99;774912.88;;0.0177;0.0177
;US-VT;1969;p99p99.5;211517.91;;0.026799999;0.026799999
;US-VT;1969;p95p100;170123.91;;0.2156;0.2156
;US-VT;1969;p0p90;29723.1;;0.67809999;0.67809999
;US-VT;1969;p0p99;36275.898;;0.91039997;0.91039997
;US-VT;1969;p99.5p100;495857.91;;0.062799998;0.062799998
;US-VT;1968;p0p100;1539127.3;6398049735.0;1.0;1.0
;US-VT;1968;p99p100;372659.81;;0.094499998;0.094499998
;US-VT;1968;p99.9p100;1163916.0;;0.0295;0.0295
;US-VT;1968;p99.99p100;4806837.5;;0.0122;0.0122
;US-VT;1968;p90p100;127645.4;;0.32359999;0.32359999
;US-VT;1968;p90p95;80000.797;;0.1014;0.1014
;US-VT;1968;p95p99;125916.5;;0.1277;0.1277
;US-VT;1968;p99.5p99.9;367002.19;;0.0372;0.0372
;US-VT;1968;p99.9p99.99;758679.88;;0.0173;0.0173
;US-VT;1968;p99p99.5;219005.2;;0.027799999;0.027799999
;US-VT;1968;p95p100;175279.7;;0.22220001;0.22220001
;US-VT;1968;p0p90;29645.199;;0.67640001;0.67640001
;US-VT;1968;p0p99;36078.102;;0.90549999;0.90549999
;US-VT;1968;p99.5p100;526244.13;;0.066699997;0.066699997
;US-VT;1967;p0p100;1598898.8;6048963403.0;1.0;1.0
;US-VT;1967;p99p100;349807.09;;0.092699997;0.092699997
;US-VT;1967;p99.9p100;1165131.1;;0.0309;0.0309
;US-VT;1967;p99.99p100;5403708.0;;0.0143;0.0143
;US-VT;1967;p90p100;118885.7;;0.315;0.315
;US-VT;1967;p90p95;73156.703;;0.096900001;0.096900001
;US-VT;1967;p95p99;118341.2;;0.12540001;0.12540001
;US-VT;1967;p99.5p99.9;332415.81;;0.0352;0.0352
;US-VT;1967;p99.9p99.99;693468.13;;0.0165;0.0165
;US-VT;1967;p99p99.5;200651.3;;0.0266;0.0266
;US-VT;1967;p95p100;164603.09;;0.21799999;0.21799999
;US-VT;1967;p0p90;28729.1;;0.685;0.685
;US-VT;1967;p0p99;34593.0;;0.9073;0.9073
;US-VT;1967;p99.5p100;498966.0;;0.066100001;0.066100001
;US-VT;1966;p0p100;1624613.3;5708876185.0;1.0;1.0
;US-VT;1966;p99p100;326499.41;;0.090499997;0.090499997
;US-VT;1966;p99.9p100;1177981.6;;0.032600001;0.032600001
;US-VT;1966;p99.99p100;5867029.5;;0.0163;0.0163
;US-VT;1966;p90p100;112753.1;;0.31240001;0.31240001
;US-VT;1966;p90p95;73718.102;;0.1021;0.1021
;US-VT;1966;p95p99;108208.4;;0.1199;0.1199
;US-VT;1966;p99.5p99.9;308856.41;;0.034200002;0.034200002
;US-VT;1966;p99.9p99.99;656259.0;;0.0164;0.0164
;US-VT;1966;p99p99.5;170782.41;;0.023700001;0.023700001
;US-VT;1966;p95p100;151856.2;;0.2104;0.2104
;US-VT;1966;p0p90;27565.6;;0.68739998;0.68739998
;US-VT;1966;p0p99;33156.602;;0.9095;0.9095
;US-VT;1966;p99.5p100;482446.59;;0.066799998;0.066799998
;US-VT;1965;p0p100;1570803.8;5146266624.0;1.0;1.0
;US-VT;1965;p99p100;342085.41;;0.1037;0.1037
;US-VT;1965;p99.9p100;1132963.5;;0.034299999;0.034299999
;US-VT;1965;p99.99p100;4588362.0;;0.0139;0.0139
;US-VT;1965;p90p100;108073.4;;0.32769999;0.32769999
;US-VT;1965;p90p95;67176.203;;0.1018;0.1018
;US-VT;1965;p95p99;100694.0;;0.1221;0.1221
;US-VT;1965;p99.5p99.9;293709.31;;0.035599999;0.035599999
;US-VT;1965;p99.9p99.99;748994.81;;0.020400001;0.020400001
;US-VT;1965;p99p99.5;222561.2;;0.0337;0.0337
;US-VT;1965;p95p100;148971.5;;0.22579999;0.22579999
;US-VT;1965;p0p90;24639.801;;0.67229998;0.67229998
;US-VT;1965;p0p99;29860.699;;0.89630002;0.89630002
;US-VT;1965;p99.5p100;461498.09;;0.07;0.07
;US-VT;1964;p0p100;1521119.3;4756028748.0;1.0;1.0
;US-VT;1964;p99p100;316752.59;;0.1024;0.1024
;US-VT;1964;p99.9p100;958081.38;;0.030999999;0.030999999
;US-VT;1964;p99.99p100;5200623.0;;0.016799999;0.016799999
;US-VT;1964;p90p100;105511.4;;0.34110001;0.34110001
;US-VT;1964;p90p95;68430.102;;0.1106;0.1106
;US-VT;1964;p95p99;99043.203;;0.12809999;0.12809999
;US-VT;1964;p99.5p99.9;271270.91;;0.035100002;0.035100002
;US-VT;1964;p99.9p99.99;487444.59;;0.0142;0.0142
;US-VT;1964;p99p99.5;224289.91;;0.0363;0.0363
;US-VT;1964;p95p100;142583.0;;0.2305;0.2305
;US-VT;1964;p0p90;22650.301;;0.65899998;0.65899998
;US-VT;1964;p0p99;28046.801;;0.8976;0.8976
;US-VT;1964;p99.5p100;408610.19;;0.066;0.066
;US-VT;1963;p0p100;1485536.4;4453210288.0;1.0;1.0
;US-VT;1963;p99p100;274481.0;;0.093199998;0.093199998
;US-VT;1963;p99.9p100;993364.63;;0.0337;0.0337
;US-VT;1963;p99.99p100;4360763.0;;0.0148;0.0148
;US-VT;1963;p90p100;96979.0;;0.32949999;0.32949999
;US-VT;1963;p90p95;61371.898;;0.1042;0.1042
;US-VT;1963;p95p99;97112.102;;0.132;0.132
;US-VT;1963;p99.5p99.9;237904.2;;0.032299999;0.032299999
;US-VT;1963;p99.9p99.99;618053.13;;0.0189;0.0189
;US-VT;1963;p99p99.5;160324.7;;0.0272;0.0272
;US-VT;1963;p95p100;132585.91;;0.2252;0.2252
;US-VT;1963;p0p90;21930.0;;0.67049998;0.67049998
;US-VT;1963;p0p99;26960.4;;0.90679997;0.90679997
;US-VT;1963;p99.5p100;388637.81;;0.066;0.066
;US-VT;1962;p0p100;1506433.8;4325793959.0;1.0;1.0
;US-VT;1962;p99p100;253681.5;;0.087300003;0.087300003
;US-VT;1962;p99.9p100;786363.38;;0.027000001;0.027000001
;US-VT;1962;p99.99p100;2781960.0;;0.0096000005;0.0096000005
;US-VT;1962;p90p100;91572.398;;0.315;0.315
;US-VT;1962;p90p95;60392.102;;0.1039;0.1039
;US-VT;1962;p95p99;90020.5;;0.1238;0.1238
;US-VT;1962;p99.5p99.9;251612.2;;0.034600001;0.034600001
;US-VT;1962;p99.9p99.99;564822.63;;0.0175;0.0175
;US-VT;1962;p99p99.5;148681.41;;0.025599999;0.025599999
;US-VT;1962;p95p100;122752.8;;0.2111;0.2111
;US-VT;1962;p0p90;22130.6;;0.68510002;0.68510002
;US-VT;1962;p0p99;26805.6;;0.9127;0.9127
;US-VT;1962;p99.5p100;358681.0;;0.061700001;0.061700001
;US-VT;1961;p0p100;1528526.3;4226960690.0;1.0;1.0
;US-VT;1961;p99p100;241799.5;;0.0836;0.0836
;US-VT;1961;p99.9p100;788060.19;;0.0273;0.0273
;US-VT;1961;p99.99p100;3052258.3;;0.0106;0.0106
;US-VT;1961;p90p100;87494.203;;0.3026;0.3026
;US-VT;1961;p90p95;59781.801;;0.1034;0.1034
;US-VT;1961;p95p99;83562.898;;0.1156;0.1156
;US-VT;1961;p99.5p99.9;225501.8;;0.031199999;0.031199999
;US-VT;1961;p99.9p99.99;536432.88;;0.0167;0.0167
;US-VT;1961;p99p99.5;145571.3;;0.0252;0.0252
;US-VT;1961;p95p100;115208.2;;0.1992;0.1992
;US-VT;1961;p0p90;22409.0;;0.69739997;0.69739997
;US-VT;1961;p0p99;26767.301;;0.91640002;0.91640002
;US-VT;1961;p99.5p100;338030.59;;0.058400001;0.058400001
;US-VT;1960;p0p100;1530214.8;4069311106.0;1.0;1.0
;US-VT;1960;p99p100;219618.41;;0.077399999;0.077399999
;US-VT;1960;p99.9p100;554607.5;;0.0195;0.0195
;US-VT;1960;p99.99p100;2201355.5;;0.0077999998;0.0077999998
;US-VT;1960;p90p100;86314.602;;0.30419999;0.30419999
;US-VT;1960;p90p95;58158.398;;0.1025;0.1025
;US-VT;1960;p95p99;88186.5;;0.1243;0.1243
;US-VT;1960;p99.5p99.9;225948.5;;0.0319;0.0319
;US-VT;1960;p99.9p99.99;371139.81;;0.0118;0.0118
;US-VT;1960;p99p99.5;147039.09;;0.025900001;0.025900001
;US-VT;1960;p95p100;114470.6;;0.2017;0.2017
;US-VT;1960;p0p90;21936.699;;0.69590002;0.69590002
;US-VT;1960;p0p99;26439.699;;0.92259997;0.92259997
;US-VT;1960;p99.5p100;292189.5;;0.0515;0.0515
;US-VT;1959;p0p100;1532134.8;3965647429.0;1.0;1.0
;US-VT;1959;p99p100;220738.7;;0.080399998;0.080399998
;US-VT;1959;p99.9p100;712150.19;;0.025900001;0.025900001
;US-VT;1959;p99.99p100;2340448.8;;0.0085000005;0.0085000005
;US-VT;1959;p90p100;83476.797;;0.30399999;0.30399999
;US-VT;1959;p90p95;56374.0;;0.1027;0.1027
;US-VT;1959;p95p99;83045.5;;0.121;0.121
;US-VT;1959;p99.5p99.9;199237.09;;0.028999999;0.028999999
;US-VT;1959;p99.9p99.99;531370.38;;0.0174;0.0174
;US-VT;1959;p99p99.5;139740.59;;0.0254;0.0254
;US-VT;1959;p95p100;110580.8;;0.2014;0.2014
;US-VT;1959;p0p90;21230.1;;0.69590002;0.69590002
;US-VT;1959;p0p99;25503.199;;0.91960001;0.91960001
;US-VT;1959;p99.5p100;301744.41;;0.055;0.055
;US-VT;1958;p0p100;1424442.5;3657972176.0;1.0;1.0
;US-VT;1958;p99p100;230880.7;;0.091700003;0.091700003
;US-VT;1958;p99.9p100;596084.19;;0.023700001;0.023700001
;US-VT;1958;p99.99p100;1961733.3;;0.0077999998;0.0077999998
;US-VT;1958;p90p100;77894.203;;0.30939999;0.30939999
;US-VT;1958;p90p95;52075.398;;0.1034;0.1034
;US-VT;1958;p95p99;71922.0;;0.1143;0.1143
;US-VT;1958;p99.5p99.9;251642.0;;0.039999999;0.039999999
;US-VT;1958;p99.9p99.99;444423.59;;0.015900001;0.015900001
;US-VT;1958;p99p99.5;140808.8;;0.028000001;0.028000001
;US-VT;1958;p95p100;103713.8;;0.206;0.206
;US-VT;1958;p0p90;19320.699;;0.69069999;0.69069999
;US-VT;1958;p0p99;23098.199;;0.90829998;0.90829998
;US-VT;1958;p99.5p100;320951.59;;0.063699998;0.063699998
;US-VT;1957;p0p100;1527696.0;3738713909.0;1.0;1.0
;US-VT;1957;p99p100;229614.5;;0.089699998;0.089699998
;US-VT;1957;p99.9p100;637826.31;;0.024900001;0.024900001
;US-VT;1957;p99.99p100;1983876.6;;0.0077999998;0.0077999998
;US-VT;1957;p90p100;79939.602;;0.31240001;0.31240001
;US-VT;1957;p90p95;53738.5;;0.105;0.105
;US-VT;1957;p95p99;75273.703;;0.1177;0.1177
;US-VT;1957;p99.5p99.9;234442.5;;0.036699999;0.036699999
;US-VT;1957;p99.9p99.99;488439.69;;0.017200001;0.017200001
;US-VT;1957;p99p99.5;143960.8;;0.028100001;0.028100001
;US-VT;1957;p95p100;106141.4;;0.20739999;0.20739999
;US-VT;1957;p0p90;19547.1;;0.68760002;0.68760002
;US-VT;1957;p0p99;23524.9;;0.91030002;0.91030002
;US-VT;1957;p99.5p100;315266.09;;0.0616;0.0616
;US-VT;1956;p0p100;1655172.0;3792269553.0;1.0;1.0
;US-VT;1956;p99p100;258900.09;;0.1002;0.1002
;US-VT;1956;p99.9p100;742883.69;;0.0287;0.0287
;US-VT;1956;p99.99p100;2859346.3;;0.0111;0.0111
;US-VT;1956;p90p100;84721.297;;0.32780001;0.32780001
;US-VT;1956;p90p95;51632.398;;0.0999;0.0999
;US-VT;1956;p95p99;82490.797;;0.1277;0.1277
;US-VT;1956;p99.5p99.9;267833.41;;0.041499998;0.041499998
;US-VT;1956;p99.9p99.99;507009.81;;0.0177;0.0177
;US-VT;1956;p99p99.5;154599.41;;0.029899999;0.029899999
;US-VT;1956;p95p100;117773.0;;0.2278;0.2278
;US-VT;1956;p0p90;19309.4;;0.6724;0.6724
;US-VT;1956;p0p99;23492.199;;0.8998;0.8998
;US-VT;1956;p99.5p100;363198.59;;0.070299998;0.070299998
;US-VT;1955;p0p100;1593279.6;3558521185.0;1.0;1.0
;US-VT;1955;p99p100;249045.0;;0.1031;0.1031
;US-VT;1955;p99.9p100;839203.13;;0.034699999;0.034699999
;US-VT;1955;p99.99p100;2552101.8;;0.0106;0.0106
;US-VT;1955;p90p100;77747.297;;0.32190001;0.32190001
;US-VT;1955;p90p95;50464.801;;0.1045;0.1045
;US-VT;1955;p95p99;69336.703;;0.1148;0.1148
;US-VT;1955;p99.5p99.9;249069.5;;0.041299999;0.041299999
;US-VT;1955;p99.9p99.99;648939.5;;0.0242;0.0242
;US-VT;1955;p99p99.5;130994.3;;0.027100001;0.027100001
;US-VT;1955;p95p100;105280.0;;0.21799999;0.21799999
;US-VT;1955;p0p90;18182.699;;0.67760003;0.67760003
;US-VT;1955;p0p99;21880.0;;0.8969;0.8969
;US-VT;1955;p99.5p100;367095.59;;0.075999998;0.075999998
;US-VT;1954;p0p100;1522376.6;3439591260.0;1.0;1.0
;US-VT;1954;p99p100;213869.7;;0.092;0.092
;US-VT;1954;p99.9p100;676496.19;;0.029100001;0.029100001
;US-VT;1954;p99.99p100;2712712.5;;0.0117;0.0117
;US-VT;1954;p90p100;73583.0;;0.31650001;0.31650001
;US-VT;1954;p90p95;48633.199;;0.1046;0.1046
;US-VT;1954;p95p99;70191.398;;0.1208;0.1208
;US-VT;1954;p99.5p99.9;207501.41;;0.035700001;0.035700001
;US-VT;1954;p99.9p99.99;450229.41;;0.0174;0.0174
;US-VT;1954;p99p99.5;126439.5;;0.0272;0.0272
;US-VT;1954;p95p100;98899.797;;0.21269999;0.21269999
;US-VT;1954;p0p90;17635.4;;0.68269998;0.68269998
;US-VT;1954;p0p99;21324.4;;0.90799999;0.90799999
;US-VT;1954;p99.5p100;301300.19;;0.064800002;0.064800002
;US-VT;1953;p0p100;1525033.1;3424859434.0;1.0;1.0
;US-VT;1953;p99p100;206224.91;;0.089400001;0.089400001
;US-VT;1953;p99.9p100;664398.63;;0.0288;0.0288
;US-VT;1953;p99.99p100;2604626.3;;0.0113;0.0113
;US-VT;1953;p90p100;72981.602;;0.31650001;0.31650001
;US-VT;1953;p90p95;48559.699;;0.1053;0.1053
;US-VT;1953;p95p99;70537.703;;0.1224;0.1224
;US-VT;1953;p99.5p99.9;205250.0;;0.035599999;0.035599999
;US-VT;1953;p99.9p99.99;447495.5;;0.0175;0.0175
;US-VT;1953;p99p99.5;115327.5;;0.025;0.025
;US-VT;1953;p95p100;97638.203;;0.21170001;0.21170001
;US-VT;1953;p0p90;17499.1;;0.68300003;0.68300003
;US-VT;1953;p0p99;21209.4;;0.91060001;0.91060001
;US-VT;1953;p99.5p100;297106.41;;0.064400002;0.064400002
;US-VT;1952;p0p100;1495973.5;3325167337.0;1.0;1.0
;US-VT;1952;p99p100;208359.7;;0.093500003;0.093500003
;US-VT;1952;p99.9p100;667692.63;;0.029999999;0.029999999
;US-VT;1952;p99.99p100;2362877.8;;0.0106;0.0106
;US-VT;1952;p90p100;71293.797;;0.31999999;0.31999999
;US-VT;1952;p90p95;51103.398;;0.1147;0.1147
;US-VT;1952;p95p99;63461.699;;0.1139;0.1139
;US-VT;1952;p99.5p99.9;193715.09;;0.0348;0.0348
;US-VT;1952;p99.9p99.99;478629.0;;0.019300001;0.019300001
;US-VT;1952;p99p99.5;128200.5;;0.0288;0.0288
;US-VT;1952;p95p100;92412.398;;0.20739999;0.20739999
;US-VT;1952;p0p90;16784.4;;0.67790002;0.67790002
;US-VT;1952;p0p99;20403.0;;0.90649998;0.90649998
;US-VT;1952;p99.5p100;288557.59;;0.0647;0.0647
;US-VT;1951;p0p100;1587310.0;3392347732.0;1.0;1.0
;US-VT;1951;p99p100;231982.8;;0.1025;0.1025
;US-VT;1951;p99.9p100;792924.31;;0.035;0.035
;US-VT;1951;p99.99p100;2272119.3;;0.0099999998;0.0099999998
;US-VT;1951;p90p100;74552.297;;0.32929999;0.32929999
;US-VT;1951;p90p95;47710.699;;0.1054;0.1054
;US-VT;1951;p95p99;67384.297;;0.119;0.119
;US-VT;1951;p99.5p99.9;227812.41;;0.040199999;0.040199999
;US-VT;1951;p99.9p99.99;627754.31;;0.025;0.025
;US-VT;1951;p99p99.5;123149.3;;0.0272;0.0272
;US-VT;1951;p95p100;100701.7;;0.22239999;0.22239999
;US-VT;1951;p0p99;15396.5;;0.67320001;0.67320001
;US-VT;1951;p99.5p100;340981.81;;0.075300001;0.075300001
;US-VT;1950;p0p100;1704518.8;3140891686.0;1.0;1.0
;US-VT;1950;p99p100;233115.8;;0.1116;0.1116
;US-VT;1950;p99.9p100;835921.19;;0.039999999;0.039999999
;US-VT;1950;p99.99p100;2581577.5;;0.0124;0.0124
;US-VT;1950;p90p100;71626.602;;0.34299999;0.34299999
;US-VT;1950;p90p95;41575.199;;0.0995;0.0995
;US-VT;1950;p95p99;68895.602;;0.132;0.132
;US-VT;1950;p99.5p99.9;217656.3;;0.041700002;0.041700002
;US-VT;1950;p99.9p99.99;631218.63;;0.0272;0.0272
;US-VT;1950;p99p99.5;124845.6;;0.029899999;0.029899999
;US-VT;1950;p95p100;101644.0;;0.24339999;0.24339999
;US-VT;1950;p0p90;15251.8;;0.6573;0.6573
;US-VT;1950;p0p99;18738.6;;0.88840002;0.88840002
;US-VT;1950;p99.5p100;341383.0;;0.081699997;0.081699997
;US-VT;1949;p0p100;1630298.0;2931593826.0;1.0;1.0
;US-VT;1949;p99p100;189721.09;;0.096900001;0.096900001
;US-VT;1949;p99.9p100;633416.88;;0.032299999;0.032299999
;US-VT;1949;p99.99p100;2299906.8;;0.0117;0.0117
;US-VT;1949;p90p100;62798.5;;0.3206;0.3206
;US-VT;1949;p90p95;40311.0;;0.1029;0.1029
;US-VT;1949;p95p99;59119.801;;0.1207;0.1207
;US-VT;1949;p99.5p99.9;187677.7;;0.0383;0.0383
;US-VT;1949;p99.9p99.99;448237.31;;0.0206;0.0206
;US-VT;1949;p99p99.5;102617.4;;0.0262;0.0262
;US-VT;1949;p95p100;85190.703;;0.2175;0.2175
;US-VT;1949;p0p90;14788.4;;0.67949998;0.67949998
;US-VT;1949;p0p99;17868.6;;0.90310001;0.90310001
;US-VT;1949;p99.5p100;276825.5;;0.070699997;0.070699997
;US-VT;1948;p0p100;1676046.8;3067160184.0;1.0;1.0
;US-VT;1948;p99p100;203072.7;;0.098899998;0.098899998
;US-VT;1948;p99.9p100;598187.88;;0.029100001;0.029100001
;US-VT;1948;p99.99p100;1661591.1;;0.0081000002;0.0081000002
;US-VT;1948;p90p100;68583.102;;0.33399999;0.33399999
;US-VT;1948;p90p95;42737.699;;0.1041;0.1041
;US-VT;1948;p95p99;67264.5;;0.131;0.131
;US-VT;1948;p99.5p99.9;199268.91;;0.038800001;0.038800001
;US-VT;1948;p99.9p99.99;480048.09;;0.021;0.021
;US-VT;1948;p99p99.5;127099.7;;0.0309;0.0309
;US-VT;1948;p95p100;94391.703;;0.2298;0.2298
;US-VT;1948;p0p90;15194.8;;0.66600001;0.66600001
;US-VT;1948;p0p99;18689.699;;0.90109998;0.90109998
;US-VT;1948;p99.5p100;279051.31;;0.068000004;0.068000004
;US-VT;1947;p0p100;1898329.8;2984502283.0;1.0;1.0
;US-VT;1947;p99p100;200649.0;;0.1002;0.1002
;US-VT;1947;p99.9p100;640437.19;;0.032000002;0.032000002
;US-VT;1947;p99.99p100;2026186.1;;0.0101;0.0101
;US-VT;1947;p90p100;63948.699;;0.31940001;0.31940001
;US-VT;1947;p90p95;40397.801;;0.1009;0.1009
;US-VT;1947;p95p99;59226.301;;0.1183;0.1183
;US-VT;1947;p99.5p99.9;196643.41;;0.039299998;0.039299998
;US-VT;1947;p99.9p99.99;486483.0;;0.0219;0.0219
;US-VT;1947;p99p99.5;115889.5;;0.028899999;0.028899999
;US-VT;1947;p95p100;87503.0;;0.2185;0.2185
;US-VT;1947;p0p90;15141.8;;0.68059999;0.68059999
;US-VT;1947;p0p99;18198.6;;0.8998;0.8998
;US-VT;1947;p99.5p100;285402.0;;0.0713;0.0713
;US-VT;1946;p0p100;2513619.0;3008783447.0;1.0;1.0
;US-VT;1946;p99p100;223132.5;;0.1101;0.1101
;US-VT;1946;p99.9p100;700799.69;;0.034600001;0.034600001
;US-VT;1946;p99.99p100;2094182.3;;0.0103;0.0103
;US-VT;1946;p90p100;65412.0;;0.32269999;0.32269999
;US-VT;1946;p90p95;38528.199;;0.094999999;0.094999999
;US-VT;1946;p95p99;59590.801;;0.1176;0.1176
;US-VT;1946;p99.5p99.9;222863.0;;0.044;0.044
;US-VT;1946;p99.9p99.99;545997.19;;0.0242;0.0242
;US-VT;1946;p99p99.5;127802.8;;0.031500001;0.031500001
;US-VT;1946;p95p100;92296.898;;0.22759999;0.22759999
;US-VT;1946;p0p90;15257.4;;0.67729998;0.67729998
;US-VT;1946;p0p99;18223.9;;0.88990003;0.88990003
;US-VT;1946;p99.5p100;318450.09;;0.078500003;0.078500003
;US-VT;1945;p0p100;2798718.3;2856123549.0;1.0;1.0
;US-VT;1945;p99p100;207679.41;;0.1084;0.1084
;US-VT;1945;p99.9p100;669443.0;;0.034899998;0.034899998
;US-VT;1945;p99.99p100;1886641.1;;0.0098000001;0.0098000001
;US-VT;1945;p90p100;63872.898;;0.33329999;0.33329999
;US-VT;1945;p90p95;38572.898;;0.1006;0.1006
;US-VT;1945;p95p99;59564.898;;0.1243;0.1243
;US-VT;1945;p99.5p99.9;207795.2;;0.043400001;0.043400001
;US-VT;1945;p99.9p99.99;535323.63;;0.0251;0.0251
;US-VT;1945;p99p99.5;115229.1;;0.030099999;0.030099999
;US-VT;1945;p95p100;89175.102;;0.23270001;0.23270001
;US-VT;1945;p0p90;14192.3;;0.66659999;0.66659999
;US-VT;1945;p0p99;17257.9;;0.89160001;0.89160001
;US-VT;1945;p99.5p100;300119.19;;0.078299999;0.078299999
;US-VT;1944;p0p100;2769734.5;2711463088.0;1.0;1.0
;US-VT;1944;p99p100;182940.09;;0.1009;0.1009
;US-VT;1944;p99.9p100;605600.63;;0.033399999;0.033399999
;US-VT;1944;p99.99p100;1836803.5;;0.0101;0.0101
;US-VT;1944;p90p100;58087.898;;0.3204;0.3204
;US-VT;1944;p90p95;38075.801;;0.105;0.105
;US-VT;1944;p95p99;53076.199;;0.1171;0.1171
;US-VT;1944;p99.5p99.9;179459.8;;0.0396;0.0396
;US-VT;1944;p99.9p99.99;468863.5;;0.0233;0.0233
;US-VT;1944;p99p99.5;101246.8;;0.027899999;0.027899999
;US-VT;1944;p95p100;78884.797;;0.2176;0.2176
;US-VT;1944;p0p90;13635.7;;0.67690003;0.67690003
;US-VT;1944;p0p99;16463.9;;0.89910001;0.89910001
;US-VT;1944;p99.5p100;264684.31;;0.072999999;0.072999999
;US-VT;1943;p0p100;3152075.5;2987867641.0;1.0;1.0
;US-VT;1943;p99p100;204040.09;;0.1024;0.1024
;US-VT;1943;p99.9p100;714651.5;;0.0359;0.0359
;US-VT;1943;p99.99p100;2191841.0;;0.011;0.011
;US-VT;1943;p90p100;62616.102;;0.3141;0.3141
;US-VT;1943;p90p95;38505.5;;0.096600004;0.096600004
;US-VT;1943;p95p99;57354.5;;0.1151;0.1151
;US-VT;1943;p99.5p99.9;196190.59;;0.0394;0.0394
;US-VT;1943;p99.9p99.99;548932.63;;0.024800001;0.024800001
;US-VT;1943;p99p99.5;108199.7;;0.027100001;0.027100001
;US-VT;1943;p95p100;86713.0;;0.2175;0.2175
;US-VT;1943;p0p90;15193.5;;0.68599999;0.68599999
;US-VT;1943;p0p99;18072.9;;0.8976;0.8976
;US-VT;1943;p99.5p100;299873.5;;0.075199999;0.075199999
;US-VT;1942;p0p100;3207970.0;2699442550.0;1.0;1.0
;US-VT;1942;p99p100;194922.2;;0.1083;0.1083
;US-VT;1942;p99.9p100;699860.13;;0.038899999;0.038899999
;US-VT;1942;p99.99p100;2463773.8;;0.0137;0.0137
;US-VT;1942;p90p100;58880.398;;0.32699999;0.32699999
;US-VT;1942;p90p95;35569.199;;0.098800004;0.098800004
;US-VT;1942;p95p99;53972.102;;0.1199;0.1199
;US-VT;1942;p99.5p99.9;184037.2;;0.040899999;0.040899999
;US-VT;1942;p99.9p99.99;504135.5;;0.0252;0.0252
;US-VT;1942;p99p99.5;102637.8;;0.0285;0.0285
;US-VT;1942;p95p100;82189.297;;0.2282;0.2282
;US-VT;1942;p0p90;13463.9;;0.67299998;0.67299998
;US-VT;1942;p0p99;16217.3;;0.89170003;0.89170003
;US-VT;1942;p99.5p100;287189.59;;0.079800002;0.079800002
;US-VT;1941;p0p100;3547652.3;2445303330.0;1.0;1.0
;US-VT;1941;p99p100;196491.41;;0.1208;0.1208
;US-VT;1941;p99.9p100;664942.81;;0.040899999;0.040899999
;US-VT;1941;p99.99p100;1979512.8;;0.0122;0.0122
;US-VT;1941;p90p100;59645.602;;0.36680001;0.36680001
;US-VT;1941;p90p95;36800.5;;0.1132;0.1132
;US-VT;1941;p95p99;54032.898;;0.1329;0.1329
;US-VT;1941;p99.5p99.9;192464.2;;0.0473;0.0473
;US-VT;1941;p99.9p99.99;518362.69;;0.0287;0.0287
;US-VT;1941;p99p99.5;105880.3;;0.032600001;0.032600001
;US-VT;1941;p95p100;82576.0;;0.25389999;0.25389999
;US-VT;1941;p0p90;11439.0;;0.63309997;0.63309997
;US-VT;1941;p0p99;14439.6;;0.87919998;0.87919998
;US-VT;1941;p99.5p100;287033.41;;0.088299997;0.088299997
;US-VT;1940;p0p100;3445516.5;2162855852.0;1.0;1.0
;US-VT;1940;p99p100;195166.7;;0.1363;0.1363
;US-VT;1940;p99.9p100;666415.88;;0.046500001;0.046500001
;US-VT;1940;p99.99p100;1989988.1;;0.0139;0.0139
;US-VT;1940;p90p100;59932.199;;0.41839999;0.41839999
;US-VT;1940;p90p95;37678.0;;0.13150001;0.13150001
;US-VT;1940;p95p99;53858.898;;0.1504;0.1504
;US-VT;1940;p99.5p99.9;188881.8;;0.052700002;0.052700002
;US-VT;1940;p99.9p99.99;518860.0;;0.032600001;0.032600001
;US-VT;1940;p99p99.5;105809.8;;0.036899999;0.036899999
;US-VT;1940;p95p100;82158.703;;0.2868;0.2868
;US-VT;1940;p0p90;9261.2002;;0.5819;0.5819
;US-VT;1940;p0p99;12497.1;;0.86369997;0.86369997
;US-VT;1940;p99.5p100;284442.09;;0.099299997;0.099299997
;US-VT;1939;p0p100;3336146.8;2045063109.0;1.0;1.0
;US-VT;1939;p99p100;176195.8;;0.1295;0.1295
;US-VT;1939;p99.9p100;565275.31;;0.041499998;0.041499998
;US-VT;1939;p99.99p100;1687551.6;;0.0124;0.0124
;US-VT;1939;p90p100;53637.102;;0.3942;0.3942
;US-VT;1939;p90p95;28596.0;;0.1051;0.1051
;US-VT;1939;p95p99;53891.699;;0.1584;0.1584
;US-VT;1939;p99.5p99.9;174947.3;;0.051399998;0.051399998
;US-VT;1939;p99.9p99.99;440405.5;;0.029100001;0.029100001
;US-VT;1939;p99p99.5;99206.797;;0.036499999;0.036499999
;US-VT;1939;p95p100;78406.102;;0.2881;0.2881
;US-VT;1939;p0p90;9177.5996;;0.60710001;0.60710001
;US-VT;1939;p0p99;11963.9;;0.87050003;0.87050003
;US-VT;1939;p99.5p100;253096.91;;0.093000002;0.093000002
;US-VT;1938;p0p100;2972662.8;1869191139.0;1.0;1.0
;US-VT;1938;p99p100;152717.09;;0.1224;0.1224
;US-VT;1938;p99.9p100;447502.81;;0.0359;0.0359
;US-VT;1938;p99.99p100;1319838.1;;0.0106;0.0106
;US-VT;1938;p90p100;48121.102;;0.38569999;0.38569999
;US-VT;1938;p90p95;27321.801;;0.1095;0.1095
;US-VT;1938;p95p99;47747.699;;0.1531;0.1531
;US-VT;1938;p99.5p99.9;155852.7;;0.050000001;0.050000001
;US-VT;1938;p99.9p99.99;349370.59;;0.0252;0.0252
;US-VT;1938;p99p99.5;90705.203;;0.036400001;0.036400001
;US-VT;1938;p95p100;68801.398;;0.2757;0.2757
;US-VT;1938;p0p90;8529.7002;;0.6153;0.6153
;US-VT;1938;p0p99;11059.5;;0.87760001;0.87760001
;US-VT;1938;p99.5p100;214524.91;;0.086000003;0.086000003
;US-VT;1937;p0p100;2982554.0;1941734159.0;1.0;1.0
;US-VT;1937;p99p100;180994.5;;0.1393;0.1393
;US-VT;1937;p99.9p100;578935.5;;0.044500001;0.044500001
;US-VT;1937;p99.99p100;1504898.9;;0.0116;0.0116
;US-VT;1937;p90p100;50856.398;;0.39129999;0.39129999
;US-VT;1937;p90p95;26336.9;;0.1013;0.1013
;US-VT;1937;p95p99;48657.602;;0.1498;0.1498
;US-VT;1937;p99.5p99.9;184716.7;;0.056899998;0.056899998
;US-VT;1937;p99.9p99.99;476098.91;;0.033;0.033
;US-VT;1937;p99p99.5;98432.797;;0.037900001;0.037900001
;US-VT;1937;p95p100;75116.5;;0.289;0.289
;US-VT;1937;p0p90;8803.9004;;0.60970002;0.60970002
;US-VT;1937;p0p99;11299.7;;0.86070001;0.86070001
;US-VT;1937;p99.5p100;263559.41;;0.1014;0.1014
;US-VT;1936;p0p100;3225822.5;1954109693.0;1.0;1.0
;US-VT;1936;p99p100;185629.8;;0.1418;0.1418
;US-VT;1936;p99.9p100;595744.63;;0.045499999;0.045499999
;US-VT;1936;p99.99p100;1652554.8;;0.0126;0.0126
;US-VT;1936;p90p100;51656.301;;0.39449999;0.39449999
;US-VT;1936;p90p95;27824.801;;0.1063;0.1063
;US-VT;1936;p95p99;48448.301;;0.148;0.148
;US-VT;1936;p99.5p99.9;188938.59;;0.057700001;0.057700001
;US-VT;1936;p99.9p99.99;478349.69;;0.032900002;0.032900002
;US-VT;1936;p99p99.5;100970.7;;0.038600001;0.038600001
;US-VT;1936;p95p100;75898.703;;0.28979999;0.28979999
;US-VT;1936;p0p90;8786.2002;;0.60390002;0.60390002
;US-VT;1936;p0p99;11350.3;;0.85820001;0.85820001
;US-VT;1936;p99.5p100;270296.69;;0.1032;0.1032
;US-VT;1935;p0p100;2952727.3;1752108341.0;1.0;1.0
;US-VT;1935;p99p100;144777.59;;0.1232;0.1232
;US-VT;1935;p99.9p100;423953.91;;0.0361;0.0361
;US-VT;1935;p99.99p100;997536.31;;0.0085000005;0.0085000005
;US-VT;1935;p90p100;45985.301;;0.39120001;0.39120001
;US-VT;1935;p90p95;28315.4;;0.1204;0.1204
;US-VT;1935;p95p99;44995.199;;0.1531;0.1531
;US-VT;1935;p99.5p99.9;147440.7;;0.0502;0.0502
;US-VT;1935;p99.9p99.99;360258.41;;0.0276;0.0276
;US-VT;1935;p99p99.5;86834.203;;0.036899999;0.036899999
;US-VT;1935;p95p100;64813.602;;0.2757;0.2757
;US-VT;1935;p0p90;7879.2002;;0.60329998;0.60329998
;US-VT;1935;p0p99;10411.1;;0.8768;0.8768
;US-VT;1935;p99.5p100;202734.09;;0.086199999;0.086199999
;US-VT;1934;p0p100;2889434.5;1629083990.0;1.0;1.0
;US-VT;1934;p99p100;136555.0;;0.1247;0.1247
;US-VT;1934;p99.9p100;412135.19;;0.037599999;0.037599999
;US-VT;1934;p99.99p100;982249.88;;0.0089999996;0.0089999996
;US-VT;1934;p90p100;44079.5;;0.40259999;0.40259999
;US-VT;1934;p90p95;26294.301;;0.1201;0.1201
;US-VT;1934;p95p99;45018.898;;0.1645;0.1645
;US-VT;1934;p99.5p99.9;137400.91;;0.0502;0.0502
;US-VT;1934;p99.9p99.99;348827.59;;0.0287;0.0287
;US-VT;1934;p99p99.5;80754.602;;0.036899999;0.036899999
;US-VT;1934;p95p100;62937.0;;0.28740001;0.28740001
;US-VT;1934;p0p90;7187.6001;;0.59079999;0.59079999
;US-VT;1934;p0p99;9681.0996;;0.87529999;0.87529999
;US-VT;1934;p99.5p100;192338.8;;0.087800004;0.087800004
;US-VT;1933;p0p100;2850655.5;1502845964.0;1.0;1.0
;US-VT;1933;p99p100;124198.1;;0.1228;0.1228
;US-VT;1933;p99.9p100;384669.31;;0.037999999;0.037999999
;US-VT;1933;p99.99p100;1027348.5;;0.0102;0.0102
;US-VT;1933;p90p100;42063.102;;0.41589999;0.41589999
;US-VT;1933;p90p95;27854.9;;0.13770001;0.13770001
;US-VT;1933;p95p99;42121.102;;0.1666;0.1666
;US-VT;1933;p99.5p99.9;122142.6;;0.048300002;0.048300002
;US-VT;1933;p99.9p99.99;313260.5;;0.027899999;0.027899999
;US-VT;1933;p99p99.5;73748.297;;0.036499999;0.036499999
;US-VT;1933;p95p100;58197.699;;0.2877;0.2877
;US-VT;1933;p0p90;6438.0;;0.5729;0.5729
;US-VT;1933;p0p99;8961.4004;;0.87720001;0.87720001
;US-VT;1933;p99.5p100;174648.0;;0.086300001;0.086300001
;US-VT;1932;p0p100;2655869.0;1554601570.0;1.0;1.0
;US-VT;1932;p99p100;136129.0;;0.13;0.13
;US-VT;1932;p99.9p100;449191.81;;0.0429;0.0429
;US-VT;1932;p99.99p100;1294517.8;;0.0124;0.0124
;US-VT;1932;p90p100;46397.102;;0.44310001;0.44310001
;US-VT;1932;p90p95;30248.0;;0.1444;0.1444
;US-VT;1932;p95p99;46054.102;;0.1759;0.1759
;US-VT;1932;p99.5p99.9;130672.0;;0.049899999;0.049899999
;US-VT;1932;p99.9p99.99;355266.59;;0.0305;0.0305
;US-VT;1932;p99p99.5;77881.898;;0.0372;0.0372
;US-VT;1932;p95p100;63771.602;;0.30450001;0.30450001
;US-VT;1932;p0p90;6393.8999;;0.54960001;0.54960001
;US-VT;1932;p0p99;9201.0;;0.87;0.87
;US-VT;1932;p99.5p100;194376.0;;0.092799999;0.092799999
;US-VT;1931;p0p100;2488168.0;1808070813.0;1.0;1.0
;US-VT;1931;p99p100;156210.7;;0.12809999;0.12809999
;US-VT;1931;p99.9p100;482702.19;;0.0396;0.0396
;US-VT;1931;p99.99p100;1526654.5;;0.0125;0.0125
;US-VT;1931;p90p100;49400.602;;0.40509999;0.40509999
;US-VT;1931;p90p95;30610.0;;0.12549999;0.12549999
;US-VT;1931;p95p99;47437.898;;0.1556;0.1556
;US-VT;1931;p99.5p99.9;155005.41;;0.050799999;0.050799999
;US-VT;1931;p99.9p99.99;366707.5;;0.027100001;0.027100001
;US-VT;1931;p99p99.5;91876.703;;0.037700001;0.037700001
;US-VT;1931;p95p100;68822.297;;0.28220001;0.28220001
;US-VT;1931;p0p90;8003.3999;;0.59069997;0.59069997
;US-VT;1931;p0p99;10738.4;;0.87190002;0.87190002
;US-VT;1931;p99.5p100;220544.7;;0.090400003;0.090400003
;US-VT;1930;p0p100;2350239.3;2047967597.0;1.0;1.0
;US-VT;1930;p99p100;191074.59;;0.138;0.138
;US-VT;1930;p99.9p100;645285.38;;0.046599999;0.046599999
;US-VT;1930;p99.99p100;1949886.5;;0.0141;0.0141
;US-VT;1930;p90p100;52113.699;;0.37639999;0.37639999
;US-VT;1930;p90p95;26614.6;;0.096100003;0.096100003
;US-VT;1930;p95p99;48626.602;;0.14049999;0.14049999
;US-VT;1930;p99.5p99.9;186543.59;;0.0539;0.0539
;US-VT;1930;p99.9p99.99;500329.69;;0.032499999;0.032499999
;US-VT;1930;p99p99.5;103857.2;;0.037500001;0.037500001
;US-VT;1930;p95p100;76881.102;;0.27759999;0.27759999
;US-VT;1930;p0p90;9622.7998;;0.62540001;0.62540001
;US-VT;1930;p0p99;12056.9;;0.86199999;0.86199999
;US-VT;1930;p99.5p100;278292.0;;0.1005;0.1005
;US-VT;1929;p0p100;2470700.8;2274940996.0;1.0;1.0
;US-VT;1929;p99p100;240988.2;;0.1573;0.1573
;US-VT;1929;p99.9p100;862640.69;;0.056299999;0.056299999
;US-VT;1929;p99.99p100;2866883.0;;0.0187;0.0187
;US-VT;1929;p90p100;57467.801;;0.375;0.375
;US-VT;1929;p90p95;25723.199;;0.083899997;0.083899997
;US-VT;1929;p95p99;51845.102;;0.1353;0.1353
;US-VT;1929;p99.5p99.9;234469.2;;0.0612;0.0612
;US-VT;1929;p99.9p99.99;639947.38;;0.037599999;0.037599999
;US-VT;1929;p99p99.5;121872.9;;0.039799999;0.039799999
;US-VT;1929;p95p100;89458.898;;0.29190001;0.29190001
;US-VT;1929;p0p90;10615.3;;0.62349999;0.62349999
;US-VT;1929;p0p99;13044.2;;0.8427;0.8427
;US-VT;1929;p99.5p100;360103.5;;0.1175;0.1175
;US-VT;1928;p0p100;2405297.3;2223573540.0;1.0;1.0
;US-VT;1928;p99p100;232017.3;;0.15549999;0.15549999
;US-VT;1928;p99.9p100;833323.5;;0.0559;0.0559
;US-VT;1928;p99.99p100;2635849.5;;0.0177;0.0177
;US-VT;1928;p90p100;55401.199;;0.3714;0.3714
;US-VT;1928;p90p95;24443.4;;0.081900001;0.081900001
;US-VT;1928;p95p99;50421.5;;0.13519999;0.13519999
;US-VT;1928;p99.5p99.9;224304.91;;0.0601;0.0601
;US-VT;1928;p99.9p99.99;633042.88;;0.038199998;0.038199998
;US-VT;1928;p99p99.5;117926.0;;0.039500002;0.039500002
;US-VT;1928;p95p100;86501.602;;0.2899;0.2899
;US-VT;1928;p0p90;10398.6;;0.62730002;0.62730002
;US-VT;1928;p0p99;12725.1;;0.84450001;0.84450001
;US-VT;1928;p99.5p100;346108.59;;0.116;0.116
;US-VT;1927;p0p100;2238005.0;2129937635.0;1.0;1.0
;US-VT;1927;p99p100;205581.91;;0.1441;0.1441
;US-VT;1927;p99.9p100;717914.0;;0.050299998;0.050299998
;US-VT;1927;p99.99p100;2205349.0;;0.0155;0.0155
;US-VT;1927;p90p100;49376.301;;0.34619999;0.34619999
;US-VT;1927;p90p95;18504.1;;0.064900003;0.064900003
;US-VT;1927;p95p99;46674.699;;0.1309;0.1309
;US-VT;1927;p99.5p99.9;199974.5;;0.0561;0.0561
;US-VT;1927;p99.9p99.99;552643.5;;0.034899998;0.034899998
;US-VT;1927;p99p99.5;107601.5;;0.037700001;0.037700001
;US-VT;1927;p95p100;78278.703;;0.2744;0.2744
;US-VT;1927;p0p90;10459.8;;0.66009998;0.66009998
;US-VT;1927;p0p99;12329.3;;0.85589999;0.85589999
;US-VT;1927;p99.5p100;303562.41;;0.1064;0.1064
;US-VT;1926;p0p100;2124144.8;2100715858.0;1.0;1.0
;US-VT;1926;p99p100;198794.5;;0.14139999;0.14139999
;US-VT;1926;p99.9p100;702547.88;;0.050000001;0.050000001
;US-VT;1926;p99.99p100;2146444.5;;0.0153;0.0153
;US-VT;1926;p90p100;48502.699;;0.34490001;0.34490001
;US-VT;1926;p90p95;19519.199;;0.069399998;0.069399998
;US-VT;1926;p95p99;45310.898;;0.12890001;0.12890001
;US-VT;1926;p99.5p99.9;189304.7;;0.053800002;0.053800002
;US-VT;1926;p99.9p99.99;542114.88;;0.034699999;0.034699999
;US-VT;1926;p99p99.5;105635.6;;0.037599999;0.037599999
;US-VT;1926;p95p100;75887.703;;0.26980001;0.26980001
;US-VT;1926;p0p90;10317.2;;0.66030002;0.66030002
;US-VT;1926;p0p99;12195.9;;0.85860002;0.85860002
;US-VT;1926;p99.5p100;291953.31;;0.1038;0.1038
;US-VT;1925;p0p100;2158913.5;2096285301.0;1.0;1.0
;US-VT;1925;p99p100;210450.09;;0.15009999;0.15009999
;US-VT;1925;p99.9p100;766648.5;;0.054699998;0.054699998
;US-VT;1925;p99.99p100;2438595.8;;0.0174;0.0174
;US-VT;1925;p90p100;51769.5;;0.36919999;0.36919999
;US-VT;1925;p90p95;22183.0;;0.079099998;0.079099998
;US-VT;1925;p95p99;47746.602;;0.1362;0.1362
;US-VT;1925;p99.5p99.9;202000.5;;0.057599999;0.057599999
;US-VT;1925;p99.9p99.99;580876.63;;0.037300002;0.037300002
;US-VT;1925;p99p99.5;105970.2;;0.037799999;0.037799999
;US-VT;1925;p95p100;80154.203;;0.28580001;0.28580001
;US-VT;1925;p0p90;9889.0;;0.6347;0.6347
;US-VT;1925;p0p99;12039.5;;0.84990001;0.84990001
;US-VT;1925;p99.5p100;314930.09;;0.1123;0.1123
;US-VT;1924;p0p100;2171611.5;2003464386.0;1.0;1.0
;US-VT;1924;p99p100;184995.5;;0.13789999;0.13789999
;US-VT;1924;p99.9p100;656927.81;;0.048999999;0.048999999
;US-VT;1924;p99.99p100;2145125.0;;0.016000001;0.016000001
;US-VT;1924;p90p100;54757.398;;0.40810001;0.40810001
;US-VT;1924;p90p95;32699.801;;0.1219;0.1219
;US-VT;1924;p95p99;50021.602;;0.14910001;0.14910001
;US-VT;1924;p99.5p99.9;177442.09;;0.052900001;0.052900001
;US-VT;1924;p99.9p99.99;491572.59;;0.033;0.033
;US-VT;1924;p99p99.5;96651.797;;0.035999998;0.035999998
;US-VT;1924;p95p100;77016.398;;0.287;0.287
;US-VT;1924;p0p90;8811.5;;0.59109998;0.59109998
;US-VT;1924;p0p99;11683.1;;0.86210001;0.86210001
;US-VT;1924;p99.5p100;273339.19;;0.1019;0.1019
;US-VT;1923;p0p100;2189005.8;2001049219.0;1.0;1.0
;US-VT;1923;p99p100;190399.0;;0.14129999;0.14129999
;US-VT;1923;p99.9p100;745843.69;;0.055399999;0.055399999
;US-VT;1923;p99.99p100;3092488.5;;0.023;0.023
;US-VT;1923;p90p100;53678.699;;0.3985;0.3985
;US-VT;1923;p90p95;31559.199;;0.1171;0.1171
;US-VT;1923;p95p99;47220.801;;0.1402;0.1402
;US-VT;1923;p99.5p99.9;171044.91;;0.050799999;0.050799999
;US-VT;1923;p99.9p99.99;485102.31;;0.032400001;0.032400001
;US-VT;1923;p99p99.5;94793.203;;0.0352;0.0352
;US-VT;1923;p95p100;75856.398;;0.2816;0.2816
;US-VT;1923;p0p90;9000.0996;;0.6013;0.6013
;US-VT;1923;p0p99;11683.7;;0.85869998;0.85869998
;US-VT;1923;p99.5p100;286004.81;;0.1062;0.1062
;US-VT;1922;p0p100;2060718.6;1811936774.0;1.0;1.0
;US-VT;1922;p99p100;171409.91;;0.1401;0.1401
;US-VT;1922;p99.9p100;646613.88;;0.0528;0.0528
;US-VT;1922;p99.99p100;2285331.3;;0.0187;0.0187
;US-VT;1922;p90p100;48097.398;;0.39300001;0.39300001
;US-VT;1922;p90p95;25804.801;;0.1054;0.1054
;US-VT;1922;p95p99;45127.602;;0.14749999;0.14749999
;US-VT;1922;p99.5p99.9;158405.91;;0.051800001;0.051800001
;US-VT;1922;p99.9p99.99;464534.19;;0.034200002;0.034200002
;US-VT;1922;p99p99.5;86772.203;;0.035500001;0.035500001
;US-VT;1922;p95p100;70384.102;;0.28749999;0.28749999
;US-VT;1922;p0p90;8254.7002;;0.60699999;0.60699999
;US-VT;1922;p0p99;10630.8;;0.8599;0.8599
;US-VT;1922;p99.5p100;256047.5;;0.1046;0.1046
;US-VT;1921;p0p100;1571244.5;1574773933.0;1.0;1.0
;US-VT;1921;p99p100;136616.2;;0.1284;0.1284
;US-VT;1921;p99.9p100;453145.91;;0.042599998;0.042599998
;US-VT;1921;p99.99p100;1214326.3;;0.0114;0.0114
;US-VT;1921;p90p100;41104.801;;0.38640001;0.38640001
;US-VT;1921;p90p95;23266.301;;0.1093;0.1093
;US-VT;1921;p95p99;39503.602;;0.1485;0.1485
;US-VT;1921;p99.5p99.9;133933.7;;0.0504;0.0504
;US-VT;1921;p99.9p99.99;368570.31;;0.031199999;0.031199999
;US-VT;1921;p99p99.5;75456.203;;0.035500001;0.035500001
;US-VT;1921;p95p100;58926.102;;0.27689999;0.27689999
;US-VT;1921;p0p90;7254.2998;;0.61369997;0.61369997
;US-VT;1921;p0p99;9366.0;;0.87159997;0.87159997
;US-VT;1921;p99.5p100;197776.09;;0.093000002;0.093000002
;US-VT;1920;p0p100;1368473.4;1708769545.0;1.0;1.0
;US-VT;1920;p99p100;152724.41;;0.13150001;0.13150001
;US-VT;1920;p99.9p100;561218.19;;0.048300002;0.048300002
;US-VT;1920;p99.99p100;1720001.8;;0.0148;0.0148
;US-VT;1920;p90p100;43124.102;;0.3714;0.3714
;US-VT;1920;p90p95;24209.6;;0.1043;0.1043
;US-VT;1920;p95p99;39405.0;;0.1358;0.1358
;US-VT;1920;p99.5p99.9;145546.2;;0.050099999;0.050099999
;US-VT;1920;p99.9p99.99;432464.5;;0.033500001;0.033500001
;US-VT;1920;p99p99.5;76768.102;;0.033100002;0.033100002
;US-VT;1920;p95p100;62068.898;;0.26730001;0.26730001
;US-VT;1920;p0p90;8107.1001;;0.62840003;0.62840003
;US-VT;1920;p0p99;10185.0;;0.86849999;0.86849999
;US-VT;1920;p99.5p100;228680.59;;0.098499998;0.098499998
;US-VT;1919;p0p100;1857597.0;1724271896.0;1.0;1.0
;US-VT;1919;p99p100;173727.0;;0.1479;0.1479
;US-VT;1919;p99.9p100;663836.5;;0.056499999;0.056499999
;US-VT;1919;p99.99p100;1867975.1;;0.015900001;0.015900001
;US-VT;1919;p90p100;44056.301;;0.37509999;0.37509999
;US-VT;1919;p90p95;20122.699;;0.085699998;0.085699998
;US-VT;1919;p95p99;41353.398;;0.1408;0.1408
;US-VT;1919;p99.5p99.9;158438.7;;0.054000001;0.054000001
;US-VT;1919;p99.9p99.99;530667.0;;0.0407;0.0407
;US-VT;1919;p99p99.5;87874.797;;0.0374;0.0374
;US-VT;1919;p95p100;67828.102;;0.28870001;0.28870001
;US-VT;1919;p0p90;8165.5;;0.62559998;0.62559998
;US-VT;1919;p0p99;10110.6;;0.85210001;0.85210001
;US-VT;1919;p99.5p100;259579.2;;0.1105;0.1105
;US-VT;1918;p0p100;2467886.3;1742016532.0;1.0;1.0
;US-VT;1918;p99p100;167342.09;;0.1415;0.1415
;US-VT;1918;p99.9p100;670207.38;;0.056699999;0.056699999
;US-VT;1918;p99.99p100;2033419.9;;0.017200001;0.017200001
;US-VT;1918;p90p100;41200.898;;0.34830001;0.34830001
;US-VT;1918;p90p95;16879.1;;0.0713;0.0713
;US-VT;1918;p95p99;39233.801;;0.1327;0.1327
;US-VT;1918;p99.5p99.9;153173.5;;0.051800001;0.051800001
;US-VT;1918;p99.9p99.99;518746.59;;0.039500002;0.039500002
;US-VT;1918;p99p99.5;78104.398;;0.033;0.033
;US-VT;1918;p95p100;64855.398;;0.27410001;0.27410001
;US-VT;1918;p0p90;8603.5996;;0.65450001;0.65450001
;US-VT;1918;p0p99;10259.2;;0.8585;0.8585
;US-VT;1918;p99.5p100;256580.0;;0.1084;0.1084
;US-VT;1917;p0p100;3623898.3;1884863669.0;1.0;1.0
;US-VT;1917;p99p100;200005.0;;0.15880001;0.15880001
;US-VT;1917;p99.9p100;949490.31;;0.075400002;0.075400002
;US-VT;1917;p99.99p100;3914657.8;;0.031099999;0.031099999
;US-VT;1917;p90p100;43701.801;;0.347;0.347
;US-VT;1917;p90p95;17971.9;;0.071400002;0.071400002
